datetime,tower_id,x_m,y_m,temperature_degC,effective_users,coverage_radius_m,coverage_load,tx_power_W,power_consumption_W,battery_soc_percent
2026-05-15 00:00:00,12,534.21,-184.21,30.59,2.0,238.21,0.01,114.34,72.55,99.88
2026-05-15 00:05:00,12,534.21,-184.21,31.64,2.0,320.3,0.01,153.74,82.06,99.74
2026-05-15 00:10:00,12,534.21,-184.21,31.32,1.0,207.37,0.01,99.54,69.35,99.63
2026-05-15 00:15:00,12,534.21,-184.21,31.67,0.0,304.6,0.0,146.21,79.31,99.49
2026-05-15 00:20:00,12,534.21,-184.21,30.71,2.0,313.8,0.01,150.62,81.2,99.36
2026-05-15 00:25:00,12,534.21,-184.21,30.57,2.0,288.33,0.01,138.4,78.02,99.23
2026-05-15 00:30:00,12,534.21,-184.21,30.96,2.0,293.3,0.01,140.79,78.62,99.1
2026-05-15 00:35:00,12,534.21,-184.21,30.17,2.0,250.23,0.01,120.11,73.77,98.98
2026-05-15 00:40:00,12,534.21,-184.21,32.03,4.0,285.51,0.02,137.04,78.41,98.84
2026-05-15 00:45:00,12,534.21,-184.21,31.18,4.0,236.06,0.02,113.31,73.06,98.72
2026-05-15 00:50:00,12,534.21,-184.21,30.24,1.0,260.35,0.0,124.97,74.47,98.6
2026-05-15 00:55:00,12,534.21,-184.21,32.71,1.0,246.55,0.01,118.35,73.04,98.48
2026-05-15 01:00:00,12,534.21,-184.21,31.34,3.0,305.0,0.01,146.4,80.43,98.34
2026-05-15 01:05:00,12,534.21,-184.21,30.91,2.0,299.33,0.01,143.68,79.36,98.21
2026-05-15 01:10:00,12,534.21,-184.21,32.17,0.0,221.14,0.0,106.14,70.21,98.09
2026-05-15 01:15:00,12,534.21,-184.21,30.38,1.0,276.28,0.0,132.61,76.24,97.97
2026-05-15 01:20:00,12,534.21,-184.21,30.95,2.0,208.57,0.01,100.11,69.8,97.85
2026-05-15 01:25:00,12,534.21,-184.21,31.74,3.0,288.35,0.01,138.41,78.38,97.72
2026-05-15 01:30:00,12,534.21,-184.21,30.16,5.0,248.16,0.03,119.12,74.64,97.6
2026-05-15 01:35:00,12,534.21,-184.21,32.26,1.0,255.18,0.0,122.49,73.92,97.47
2026-05-15 01:40:00,12,534.21,-184.21,31.5,0.0,205.34,0.0,98.56,68.81,97.36
2026-05-15 01:45:00,12,534.21,-184.21,31.9,2.0,207.42,0.01,99.56,69.71,97.24
2026-05-15 01:50:00,12,534.21,-184.21,31.48,1.0,320.2,0.0,153.7,81.68,97.1
2026-05-15 01:55:00,12,534.21,-184.21,32.48,2.0,235.56,0.01,113.07,72.29,96.98
2026-05-15 02:00:00,12,534.21,-184.21,32.02,4.0,295.68,0.01,141.93,79.62,96.85
2026-05-15 02:05:00,12,534.21,-184.21,32.14,1.0,270.83,0.0,130.0,75.63,96.73
2026-05-15 02:10:00,12,534.21,-184.21,31.42,3.0,239.28,0.02,114.85,73.03,96.6
2026-05-15 02:15:00,12,534.21,-184.21,32.14,2.0,248.03,0.01,119.05,73.54,96.48
2026-05-15 02:20:00,12,534.21,-184.21,32.37,4.0,256.99,0.02,123.36,75.2,96.36
2026-05-15 02:25:00,12,534.21,-184.21,31.85,3.0,308.68,0.01,148.16,80.89,96.22
2026-05-15 02:30:00,12,534.21,-184.21,32.45,3.0,248.72,0.02,119.38,73.98,96.1
2026-05-15 02:35:00,12,534.21,-184.21,32.04,2.0,263.6,0.01,126.53,75.2,95.97
2026-05-15 02:40:00,12,534.21,-184.21,33.03,2.0,255.78,0.01,122.77,74.35,95.85
2026-05-15 02:45:00,12,534.21,-184.21,32.48,0.0,222.71,0.0,106.9,70.35,95.73
2026-05-15 02:50:00,12,534.21,-184.21,33.29,3.0,276.68,0.01,132.81,77.01,95.6
2026-05-15 02:55:00,12,534.21,-184.21,32.43,4.0,228.31,0.02,109.59,72.32,95.48
2026-05-15 03:00:00,12,534.21,-184.21,33.07,1.0,246.01,0.01,118.08,72.99,95.36
2026-05-15 03:05:00,12,534.21,-184.21,33.55,0.0,252.07,0.0,120.99,73.24,95.24
2026-05-15 03:10:00,12,534.21,-184.21,33.05,0.0,206.53,0.0,99.13,68.91,95.12
2026-05-15 03:15:00,12,534.21,-184.21,33.62,2.0,232.7,0.01,111.69,72.02,95.0
2026-05-15 03:20:00,12,534.21,-184.21,33.06,0.0,276.99,0.0,132.95,75.98,94.88
2026-05-15 03:25:00,12,534.21,-184.21,32.54,1.0,212.89,0.01,102.19,69.84,94.76
2026-05-15 03:30:00,12,534.21,-184.21,34.12,1.0,233.78,0.01,112.22,71.77,94.64
2026-05-15 03:35:00,12,534.21,-184.21,34.33,2.0,323.87,0.01,155.46,82.54,94.5
2026-05-15 03:40:00,12,534.21,-184.21,33.66,2.0,217.92,0.01,104.6,70.64,94.39
2026-05-15 03:45:00,12,534.21,-184.21,34.42,1.0,256.1,0.0,122.93,74.02,94.26
2026-05-15 03:50:00,12,534.21,-184.21,34.88,2.0,262.69,0.01,126.09,75.1,94.14
2026-05-15 03:55:00,12,534.21,-184.21,34.29,2.0,292.4,0.01,140.35,78.52,94.01
2026-05-15 04:00:00,12,534.21,-184.21,33.88,0.0,207.21,0.0,99.46,68.97,93.89
2026-05-15 04:05:00,12,534.21,-184.21,34.63,5.0,299.59,0.02,143.8,80.47,93.76
2026-05-15 04:10:00,12,534.21,-184.21,35.03,1.0,280.2,0.0,134.5,76.7,93.63
2026-05-15 04:15:00,12,534.21,-184.21,35.09,4.0,219.31,0.03,105.27,71.51,93.51
2026-05-15 04:20:00,12,534.21,-184.21,34.99,1.0,253.09,0.0,121.48,73.7,93.39
2026-05-15 04:25:00,12,534.21,-184.21,35.08,4.0,299.38,0.01,143.7,80.08,93.25
2026-05-15 04:30:00,12,534.21,-184.21,35.96,3.0,202.6,0.02,97.25,69.68,93.14
2026-05-15 04:35:00,12,534.21,-184.21,35.56,0.0,268.15,0.0,128.71,74.98,93.01
2026-05-15 04:40:00,12,534.21,-184.21,36.51,2.0,312.57,0.01,150.03,81.05,92.88
2026-05-15 04:45:00,12,534.21,-184.21,35.1,4.0,249.61,0.02,119.81,74.43,92.75
2026-05-15 04:50:00,12,534.21,-184.21,34.93,0.0,209.05,0.0,100.34,69.13,92.64
2026-05-15 04:55:00,12,534.21,-184.21,37.17,0.0,258.72,0.0,124.19,73.96,92.52
2026-05-15 05:00:00,12,534.21,-184.21,36.0,2.0,286.47,0.01,137.51,77.81,92.39
2026-05-15 05:05:00,12,534.21,-184.21,36.61,1.0,316.38,0.0,151.86,81.18,92.25
2026-05-15 05:10:00,12,534.21,-184.21,36.28,2.0,301.95,0.01,144.94,79.7,92.12
2026-05-15 05:15:00,12,534.21,-184.21,37.96,0.0,297.95,0.0,143.01,78.48,91.99
2026-05-15 05:20:00,12,534.21,-184.21,37.06,0.0,203.32,0.0,97.6,68.65,91.87
2026-05-15 05:25:00,12,534.21,-184.21,36.7,0.0,307.77,0.0,147.73,79.72,91.74
2026-05-15 05:30:00,12,534.21,-184.21,37.34,2.0,311.81,0.01,149.67,80.96,91.6
2026-05-15 05:35:00,12,534.21,-184.21,37.67,1.0,201.07,0.01,96.52,68.83,91.49
2026-05-15 05:40:00,12,534.21,-184.21,36.94,0.0,263.48,0.0,126.47,74.47,91.37
2026-05-15 05:45:00,12,534.21,-184.21,37.64,3.0,205.42,0.02,98.6,69.92,91.25
2026-05-15 05:50:00,12,534.21,-184.21,37.77,2.0,235.53,0.01,113.05,72.3,91.13
2026-05-15 05:55:00,12,534.21,-184.21,37.92,1.0,293.19,0.0,140.73,78.25,91.0
2026-05-15 06:00:00,12,534.21,-184.21,38.3,0.0,254.19,0.0,122.01,73.48,90.88
2026-05-15 06:05:00,12,534.21,-184.21,38.27,0.0,282.04,0.0,135.38,76.57,90.75
2026-05-15 06:10:00,12,534.21,-184.21,37.92,0.0,222.38,0.0,106.74,70.33,90.63
2026-05-15 06:15:00,12,534.21,-184.21,38.99,0.0,285.38,0.0,136.98,76.97,90.5
2026-05-15 06:20:00,12,534.21,-184.21,39.0,0.0,211.09,0.0,101.32,69.32,90.39
2026-05-15 06:25:00,12,534.21,-184.21,38.59,3.0,265.66,0.01,127.52,75.78,90.26
2026-05-15 06:30:00,12,534.21,-184.21,38.36,0.0,290.9,0.0,139.63,77.63,90.13
2026-05-15 06:35:00,12,534.21,-184.21,39.86,0.0,257.57,0.0,123.64,73.84,90.01
2026-05-15 06:40:00,12,534.21,-184.21,39.17,1.0,230.84,0.01,110.8,71.5,89.89
2026-05-15 06:45:00,12,534.21,-184.21,40.1,0.0,308.89,0.0,148.27,79.87,89.76
2026-05-15 06:50:00,12,534.21,-184.21,40.46,0.0,202.4,0.0,97.15,68.58,89.64
2026-05-15 06:55:00,12,534.21,-184.21,38.42,2.0,240.22,0.01,115.31,72.77,89.52
2026-05-15 07:00:00,12,534.21,-184.21,38.59,2.0,219.91,0.01,105.56,70.83,89.4
2026-05-15 07:05:00,12,534.21,-184.21,40.22,0.0,218.27,0.0,104.77,69.96,89.29
2026-05-15 07:10:00,12,534.21,-184.21,40.11,0.0,275.14,0.0,132.07,75.78,89.16
2026-05-15 07:15:00,12,534.21,-184.21,40.06,2.0,267.72,0.01,128.5,75.66,89.03
2026-05-15 07:20:00,12,534.21,-184.21,40.07,0.0,254.5,0.0,122.16,73.51,88.91
2026-05-15 07:25:00,12,534.21,-184.21,40.67,1.0,304.74,0.0,146.28,79.69,88.78
2026-05-15 07:30:00,12,534.21,-184.21,41.36,0.0,230.1,0.0,110.45,71.06,88.66
2026-05-15 07:35:00,12,534.21,-184.21,40.1,0.0,290.77,0.0,139.57,77.61,88.53
2026-05-15 07:40:00,12,534.21,-184.21,41.06,0.0,216.04,0.0,103.7,69.76,88.41
2026-05-15 07:45:00,12,534.21,-184.21,40.89,3.0,269.75,0.01,129.48,76.24,88.29
2026-05-15 07:50:00,12,534.21,-184.21,40.9,1.0,230.92,0.01,110.84,71.51,88.17
2026-05-15 07:55:00,12,534.21,-184.21,41.74,0.0,323.09,0.0,155.08,81.73,88.03
2026-05-15 08:00:00,12,534.21,-184.21,41.37,1.0,288.99,0.0,138.72,77.75,87.9
2026-05-15 08:05:00,12,534.21,-184.21,41.63,1.0,251.09,0.01,120.52,73.53,87.78
2026-05-15 08:10:00,12,534.21,-184.21,42.01,0.0,302.66,0.0,145.28,79.08,87.65
2026-05-15 08:15:00,12,534.21,-184.21,41.96,0.0,275.41,0.0,132.2,75.81,87.52
2026-05-15 08:20:00,12,534.21,-184.21,41.71,0.0,228.06,0.0,109.47,70.87,87.4
2026-05-15 08:25:00,12,534.21,-184.21,41.89,0.0,324.02,0.0,155.53,81.86,87.27
2026-05-15 08:30:00,12,534.21,-184.21,41.65,1.0,288.82,0.0,138.63,77.73,87.14
2026-05-15 08:35:00,12,534.21,-184.21,42.87,0.0,281.13,0.0,134.94,76.48,87.01
2026-05-15 08:40:00,12,534.21,-184.21,41.21,0.0,324.39,0.0,155.71,81.91,86.87
2026-05-15 08:45:00,12,534.21,-184.21,42.32,1.0,241.88,0.01,116.1,72.59,86.75
2026-05-15 08:50:00,12,534.21,-184.21,42.76,3.0,283.65,0.01,136.15,77.84,86.62
2026-05-15 08:55:00,12,534.21,-184.21,42.89,0.0,302.28,0.0,145.09,79.03,86.49
2026-05-15 09:00:00,12,534.21,-184.21,43.63,0.0,232.93,0.0,111.8,71.34,86.37
2026-05-15 09:05:00,12,534.21,-184.21,42.36,0.0,278.6,0.0,133.73,76.18,86.25
2026-05-15 09:10:00,12,534.21,-184.21,43.08,0.0,230.77,0.0,110.77,71.13,86.13
2026-05-15 09:15:00,12,534.21,-184.21,42.53,1.0,235.23,0.01,112.91,71.93,86.01
2026-05-15 09:20:00,12,534.21,-184.21,42.41,0.0,252.65,0.0,121.27,73.32,85.88
2026-05-15 09:25:00,12,534.21,-184.21,43.62,1.0,300.19,0.0,144.09,79.13,85.75
2026-05-15 09:30:00,12,534.21,-184.21,45.08,0.0,215.54,0.0,103.46,69.73,85.64
2026-05-15 09:35:00,12,534.21,-184.21,44.1,0.0,230.36,0.0,110.57,71.09,85.52
2026-05-15 09:40:00,12,534.21,-184.21,44.0,0.0,206.37,0.0,99.06,68.92,85.4
2026-05-15 09:45:00,12,534.21,-184.21,43.95,0.0,266.12,0.0,127.74,74.78,85.28
2026-05-15 09:50:00,12,534.21,-184.21,44.04,1.0,245.06,0.01,117.63,72.91,85.16
2026-05-15 09:55:00,12,534.21,-184.21,43.76,0.0,311.18,0.0,149.37,80.17,85.02
2026-05-15 10:00:00,12,534.21,-184.21,44.04,0.0,240.97,0.0,115.67,72.13,84.9
2026-05-15 10:05:00,12,534.21,-184.21,42.39,1.0,311.25,0.0,149.4,80.52,84.77
2026-05-15 10:10:00,12,534.21,-184.21,44.68,1.0,304.06,0.0,145.95,79.61,84.64
2026-05-15 10:15:00,12,534.21,-184.21,45.05,0.0,324.95,0.0,155.98,81.99,84.5
2026-05-15 10:20:00,12,534.21,-184.21,44.32,0.0,316.53,0.0,151.94,80.87,84.36
2026-05-15 10:25:00,12,534.21,-184.21,44.42,0.0,285.59,0.0,137.08,77.0,84.24
2026-05-15 10:30:00,12,534.21,-184.21,44.74,0.0,226.16,0.0,108.56,70.7,84.12
2026-05-15 10:35:00,12,534.21,-184.21,43.94,0.0,215.94,0.0,103.65,69.76,84.0
2026-05-15 10:40:00,12,534.21,-184.21,44.19,2.0,293.71,0.01,140.98,78.7,83.87
2026-05-15 10:45:00,12,534.21,-184.21,45.13,2.0,292.97,0.01,140.63,78.61,83.74
2026-05-15 10:50:00,12,534.21,-184.21,44.32,2.0,205.02,0.02,98.41,69.55,83.62
2026-05-15 10:55:00,12,534.21,-184.21,44.89,0.0,278.04,0.0,133.46,76.12,83.5
2026-05-15 11:00:00,12,534.21,-184.21,44.41,0.0,222.56,0.0,106.83,70.36,83.38
2026-05-15 11:05:00,12,534.21,-184.21,44.34,2.0,220.79,0.01,105.98,70.92,83.26
2026-05-15 11:10:00,12,534.21,-184.21,44.73,1.0,219.67,0.01,105.44,70.47,83.14
2026-05-15 11:15:00,12,534.21,-184.21,44.8,0.0,253.82,0.0,121.83,73.45,83.02
2026-05-15 11:20:00,12,534.21,-184.21,44.98,1.0,216.05,0.01,103.71,70.14,82.91
2026-05-15 11:25:00,12,534.21,-184.21,44.32,3.0,301.78,0.01,144.85,80.04,82.77
2026-05-15 11:30:00,12,534.21,-184.21,44.82,5.0,261.38,0.02,125.46,76.05,82.64
2026-05-15 11:35:00,12,534.21,-184.21,45.62,1.0,305.93,0.0,146.84,79.85,82.51
2026-05-15 11:40:00,12,534.21,-184.21,45.05,2.0,259.03,0.01,124.34,74.73,82.39
2026-05-15 11:45:00,12,534.21,-184.21,45.02,3.0,265.49,0.01,127.44,75.78,82.26
2026-05-15 11:50:00,12,534.21,-184.21,43.99,0.0,311.87,0.0,149.7,80.26,82.13
2026-05-15 11:55:00,12,534.21,-184.21,44.09,5.0,321.63,0.02,154.38,83.33,81.99
2026-05-15 12:00:00,12,534.21,-184.21,45.41,2.0,214.03,0.01,102.73,70.31,81.87
2026-05-15 12:05:00,12,534.21,-184.21,44.94,1.0,273.82,0.0,131.43,75.99,81.74
2026-05-15 12:10:00,12,534.21,-184.21,45.49,0.0,200.36,0.0,96.17,68.42,81.63
2026-05-15 12:15:00,12,534.21,-184.21,44.57,1.0,258.44,0.0,124.05,74.29,81.51
2026-05-15 12:20:00,12,534.21,-184.21,44.97,3.0,274.28,0.01,131.66,76.76,81.38
2026-05-15 12:25:00,12,534.21,-184.21,44.32,1.0,208.81,0.01,100.23,69.5,81.26
2026-05-15 12:30:00,12,534.21,-184.21,45.11,3.0,223.9,0.02,107.47,71.58,81.14
2026-05-15 12:35:00,12,534.21,-184.21,44.86,3.0,264.75,0.01,127.08,75.7,81.02
2026-05-15 12:40:00,12,534.21,-184.21,44.87,1.0,213.95,0.01,102.69,69.95,80.9
2026-05-15 12:45:00,12,534.21,-184.21,45.14,1.0,205.26,0.01,98.52,69.2,80.79
2026-05-15 12:50:00,12,534.21,-184.21,44.73,7.0,272.63,0.03,130.86,78.01,80.66
2026-05-15 12:55:00,12,534.21,-184.21,44.58,2.0,273.68,0.01,131.37,76.34,80.53
2026-05-15 13:00:00,12,534.21,-184.21,45.53,10.0,312.81,0.03,150.15,83.94,80.39
2026-05-15 13:05:00,12,534.21,-184.21,44.83,0.0,234.74,0.0,112.67,71.52,80.27
2026-05-15 13:10:00,12,534.21,-184.21,44.87,2.0,212.34,0.01,101.92,70.16,80.15
2026-05-15 13:15:00,12,534.21,-184.21,43.39,0.0,273.03,0.0,131.06,75.55,80.03
2026-05-15 13:20:00,12,534.21,-184.21,44.58,1.0,236.01,0.01,113.29,72.01,79.91
2026-05-15 13:25:00,12,534.21,-184.21,44.86,1.0,252.49,0.0,121.2,73.66,79.78
2026-05-15 13:30:00,12,534.21,-184.21,44.18,1.0,298.67,0.0,143.36,78.94,79.65
2026-05-15 13:35:00,12,534.21,-184.21,43.9,1.0,223.85,0.01,107.45,70.85,79.53
2026-05-15 13:40:00,12,534.21,-184.21,45.02,2.0,318.71,0.01,152.98,81.88,79.4
2026-05-15 13:45:00,12,534.21,-184.21,44.04,4.0,270.04,0.02,129.62,76.65,79.27
2026-05-15 13:50:00,12,534.21,-184.21,44.67,2.0,309.08,0.01,148.36,80.62,79.14
2026-05-15 13:55:00,12,534.21,-184.21,44.39,2.0,235.5,0.01,113.04,72.31,79.01
2026-05-15 14:00:00,12,534.21,-184.21,43.98,5.0,216.64,0.03,103.99,71.63,78.9
2026-05-15 14:05:00,12,534.21,-184.21,44.06,4.0,252.42,0.02,121.16,74.74,78.77
2026-05-15 14:10:00,12,534.21,-184.21,44.22,2.0,299.39,0.01,143.71,79.4,78.64
2026-05-15 14:15:00,12,534.21,-184.21,44.0,2.0,313.16,0.01,150.32,81.15,78.5
2026-05-15 14:20:00,12,534.21,-184.21,43.08,3.0,205.88,0.02,98.82,69.97,78.39
2026-05-15 14:25:00,12,534.21,-184.21,43.15,8.0,291.06,0.03,139.71,80.52,78.25
2026-05-15 14:30:00,12,534.21,-184.21,43.89,1.0,283.81,0.0,136.23,77.14,78.12
2026-05-15 14:35:00,12,534.21,-184.21,44.08,6.0,301.49,0.02,144.72,81.08,77.99
2026-05-15 14:40:00,12,534.21,-184.21,44.09,1.0,201.96,0.01,96.94,68.92,77.87
2026-05-15 14:45:00,12,534.21,-184.21,43.56,2.0,228.97,0.01,109.91,71.68,77.75
2026-05-15 14:50:00,12,534.21,-184.21,43.73,2.0,274.24,0.01,131.63,76.4,77.63
2026-05-15 14:55:00,12,534.21,-184.21,43.8,0.0,301.56,0.0,144.75,78.95,77.5
2026-05-15 15:00:00,12,534.21,-184.21,43.37,6.0,285.35,0.02,136.97,79.11,77.36
2026-05-15 15:05:00,12,534.21,-184.21,42.92,1.0,265.47,0.0,127.43,75.05,77.24
2026-05-15 15:10:00,12,534.21,-184.21,43.47,2.0,217.25,0.01,104.28,70.6,77.12
2026-05-15 15:15:00,12,534.21,-184.21,42.33,1.0,210.25,0.01,100.92,69.62,77.0
2026-05-15 15:20:00,12,534.21,-184.21,41.95,1.0,285.26,0.0,136.93,77.31,76.88
2026-05-15 15:25:00,12,534.21,-184.21,42.5,2.0,318.14,0.01,152.71,81.8,76.74
2026-05-15 15:30:00,12,534.21,-184.21,42.31,1.0,279.6,0.0,134.21,76.65,76.61
2026-05-15 15:35:00,12,534.21,-184.21,40.97,2.0,258.49,0.01,124.07,74.66,76.49
2026-05-15 15:40:00,12,534.21,-184.21,42.31,3.0,253.35,0.01,121.61,74.47,76.36
2026-05-15 15:45:00,12,534.21,-184.21,42.46,5.0,240.19,0.03,115.29,73.86,76.24
2026-05-15 15:50:00,12,534.21,-184.21,41.08,3.0,321.99,0.01,154.55,82.65,76.1
2026-05-15 15:55:00,12,534.21,-184.21,43.11,1.0,202.95,0.01,97.41,69.0,75.99
2026-05-15 16:00:00,12,534.21,-184.21,41.45,2.0,323.17,0.01,155.12,82.46,75.85
2026-05-15 16:05:00,12,534.21,-184.21,41.93,2.0,232.62,0.01,111.66,72.03,75.73
2026-05-15 16:10:00,12,534.21,-184.21,41.5,1.0,205.85,0.01,98.81,69.24,75.61
2026-05-15 16:15:00,12,534.21,-184.21,41.77,1.0,227.91,0.01,109.4,71.23,75.5
2026-05-15 16:20:00,12,534.21,-184.21,40.58,2.0,314.17,0.01,150.8,81.27,75.36
2026-05-15 16:25:00,12,534.21,-184.21,40.62,2.0,282.0,0.01,135.36,77.29,75.23
2026-05-15 16:30:00,12,534.21,-184.21,40.06,1.0,211.63,0.01,101.58,69.74,75.12
2026-05-15 16:35:00,12,534.21,-184.21,40.39,2.0,233.18,0.01,111.93,72.08,75.0
2026-05-15 16:40:00,12,534.21,-184.21,39.91,2.0,301.37,0.01,144.66,79.64,74.86
2026-05-15 16:45:00,12,534.21,-184.21,41.4,4.0,317.95,0.01,152.61,82.47,74.73
2026-05-15 16:50:00,12,534.21,-184.21,40.28,2.0,278.29,0.01,133.58,76.86,74.6
2026-05-15 16:55:00,12,534.21,-184.21,39.38,2.0,313.29,0.01,150.38,81.15,74.46
2026-05-15 17:00:00,12,534.21,-184.21,39.99,2.0,283.61,0.01,136.13,77.48,74.33
2026-05-15 17:05:00,12,534.21,-184.21,40.57,1.0,254.21,0.0,122.02,73.83,74.21
2026-05-15 17:10:00,12,534.21,-184.21,39.42,1.0,211.23,0.01,101.39,69.7,74.09
2026-05-15 17:15:00,12,534.21,-184.21,40.27,2.0,289.22,0.01,138.83,78.15,73.96
2026-05-15 17:20:00,12,534.21,-184.21,39.89,3.0,299.23,0.01,143.63,79.72,73.83
2026-05-15 17:25:00,12,534.21,-184.21,38.04,3.0,236.34,0.02,113.44,72.75,73.71
2026-05-15 17:30:00,12,534.21,-184.21,39.47,1.0,307.27,0.0,147.49,80.01,73.58
2026-05-15 17:35:00,12,534.21,-184.21,38.93,1.0,273.86,0.0,131.45,75.98,73.45
2026-05-15 17:40:00,12,534.21,-184.21,38.05,1.0,296.05,0.0,142.11,78.6,73.32
2026-05-15 17:45:00,12,534.21,-184.21,38.15,1.0,252.53,0.0,121.22,73.65,73.2
2026-05-15 17:50:00,12,534.21,-184.21,38.32,2.0,296.18,0.01,142.17,78.99,73.06
2026-05-15 17:55:00,12,534.21,-184.21,38.36,2.0,280.14,0.01,134.47,77.07,72.94
2026-05-15 18:00:00,12,534.21,-184.21,37.7,0.0,253.61,0.0,121.73,73.41,72.81
2026-05-15 18:05:00,12,534.21,-184.21,38.23,0.0,298.05,0.0,143.06,78.5,72.68
2026-05-15 18:10:00,12,534.21,-184.21,37.66,1.0,261.24,0.0,125.4,74.58,72.56
2026-05-15 18:15:00,12,534.21,-184.21,37.33,3.0,245.06,0.02,117.63,73.62,72.44
2026-05-15 18:20:00,12,534.21,-184.21,37.28,1.0,307.4,0.0,147.55,80.02,72.3
2026-05-15 18:25:00,12,534.21,-184.21,37.48,0.0,219.76,0.0,105.49,70.09,72.18
2026-05-15 18:30:00,12,534.21,-184.21,36.66,0.0,209.21,0.0,100.42,69.15,72.07
2026-05-15 18:35:00,12,534.21,-184.21,37.3,0.0,301.16,0.0,144.56,78.88,71.94
2026-05-15 18:40:00,12,534.21,-184.21,35.67,0.0,301.21,0.0,144.58,78.89,71.81
2026-05-15 18:45:00,12,534.21,-184.21,36.45,0.0,290.43,0.0,139.4,77.56,71.68
2026-05-15 18:50:00,12,534.21,-184.21,36.89,0.0,266.14,0.0,127.75,74.76,71.55
2026-05-15 18:55:00,12,534.21,-184.21,35.43,0.0,312.62,0.0,150.06,80.34,71.42
2026-05-15 19:00:00,12,534.21,-184.21,35.77,2.0,293.67,0.01,140.96,78.68,71.29
2026-05-15 19:05:00,12,534.21,-184.21,36.04,0.0,231.98,0.0,111.35,71.23,71.17
2026-05-15 19:10:00,12,534.21,-184.21,36.03,1.0,207.27,0.01,99.49,69.35,71.05
2026-05-15 19:15:00,12,534.21,-184.21,36.04,0.0,208.77,0.0,100.21,69.11,70.94
2026-05-15 19:20:00,12,534.21,-184.21,35.73,1.0,200.46,0.01,96.22,68.78,70.82
2026-05-15 19:25:00,12,534.21,-184.21,35.49,0.0,273.91,0.0,131.48,75.63,70.7
2026-05-15 19:30:00,12,534.21,-184.21,35.34,0.0,307.47,0.0,147.59,79.68,70.56
2026-05-15 19:35:00,12,534.21,-184.21,35.19,0.0,302.26,0.0,145.08,79.02,70.43
2026-05-15 19:40:00,12,534.21,-184.21,35.1,0.0,265.31,0.0,127.35,74.67,70.31
2026-05-15 19:45:00,12,534.21,-184.21,34.6,1.0,302.22,0.0,145.07,79.36,70.18
2026-05-15 19:50:00,12,534.21,-184.21,34.71,0.0,235.81,0.0,113.19,71.6,70.06
2026-05-15 19:55:00,12,534.21,-184.21,34.01,1.0,319.53,0.0,153.38,81.59,69.92
2026-05-15 20:00:00,12,534.21,-184.21,33.69,1.0,235.9,0.01,113.23,71.98,69.8
2026-05-15 20:05:00,12,534.21,-184.21,34.53,2.0,240.13,0.01,115.26,72.75,69.68
2026-05-15 20:10:00,12,534.21,-184.21,33.74,0.0,309.28,0.0,148.45,79.9,69.55
2026-05-15 20:15:00,12,534.21,-184.21,33.91,0.0,211.81,0.0,101.67,69.37,69.43
2026-05-15 20:20:00,12,534.21,-184.21,34.66,0.0,305.56,0.0,146.67,79.43,69.3
2026-05-15 20:25:00,12,534.21,-184.21,34.72,1.0,212.66,0.01,102.08,69.82,69.18
2026-05-15 20:30:00,12,534.21,-184.21,33.01,1.0,218.62,0.01,104.94,70.35,69.07
2026-05-15 20:35:00,12,534.21,-184.21,33.69,0.0,201.61,0.0,96.78,68.5,68.95
2026-05-15 20:40:00,12,534.21,-184.21,33.7,2.0,285.22,0.01,136.9,77.66,68.82
2026-05-15 20:45:00,12,534.21,-184.21,34.38,0.0,238.15,0.0,114.31,71.83,68.7
2026-05-15 20:50:00,12,534.21,-184.21,33.11,2.0,301.38,0.01,144.66,79.62,68.57
2026-05-15 20:55:00,12,534.21,-184.21,33.43,0.0,214.97,0.0,103.19,69.65,68.45
2026-05-15 21:00:00,12,534.21,-184.21,32.83,1.0,277.26,0.0,133.08,76.36,68.33
2026-05-15 21:05:00,12,534.21,-184.21,32.99,1.0,293.29,0.0,140.78,78.26,68.2
2026-05-15 21:10:00,12,534.21,-184.21,32.32,0.0,248.29,0.0,119.18,72.85,68.07
2026-05-15 21:15:00,12,534.21,-184.21,33.37,2.0,203.45,0.02,97.66,69.39,67.96
2026-05-15 21:20:00,12,534.21,-184.21,33.04,1.0,291.87,0.0,140.1,78.08,67.83
2026-05-15 21:25:00,12,534.21,-184.21,31.63,0.0,317.01,0.0,152.17,80.91,67.69
2026-05-15 21:30:00,12,534.21,-184.21,33.01,2.0,250.41,0.01,120.19,73.79,67.57
2026-05-15 21:35:00,12,534.21,-184.21,32.18,2.0,286.17,0.01,137.36,77.77,67.44
2026-05-15 21:40:00,12,534.21,-184.21,31.92,0.0,218.59,0.0,104.92,69.97,67.32
2026-05-15 21:45:00,12,534.21,-184.21,32.43,5.0,271.04,0.02,130.1,77.09,67.2
2026-05-15 21:50:00,12,534.21,-184.21,31.85,2.0,301.7,0.01,144.82,79.66,67.06
2026-05-15 21:55:00,12,534.21,-184.21,32.49,3.0,298.56,0.01,143.31,79.62,66.93
2026-05-15 22:00:00,12,534.21,-184.21,31.88,2.0,294.29,0.01,141.26,78.75,66.8
2026-05-15 22:05:00,12,534.21,-184.21,32.73,1.0,252.99,0.0,121.44,73.69,66.68
2026-05-15 22:10:00,12,534.21,-184.21,31.45,1.0,218.51,0.01,104.88,70.34,66.56
2026-05-15 22:15:00,12,534.21,-184.21,32.06,0.0,211.57,0.0,101.55,69.35,66.44
2026-05-15 22:20:00,12,534.21,-184.21,32.14,3.0,321.27,0.01,154.21,82.54,66.31
2026-05-15 22:25:00,12,534.21,-184.21,31.86,0.0,245.78,0.0,117.98,72.59,66.18
2026-05-15 22:30:00,12,534.21,-184.21,31.25,3.0,276.93,0.01,132.93,77.04,66.06
2026-05-15 22:35:00,12,534.21,-184.21,31.19,0.0,324.54,0.0,155.78,81.91,65.92
2026-05-15 22:40:00,12,534.21,-184.21,32.41,1.0,212.76,0.01,102.13,69.82,65.8
2026-05-15 22:45:00,12,534.21,-184.21,31.01,3.0,267.13,0.01,128.22,75.93,65.68
2026-05-15 22:50:00,12,534.21,-184.21,30.6,1.0,228.74,0.01,109.8,71.28,65.56
2026-05-15 22:55:00,12,534.21,-184.21,30.75,1.0,261.05,0.0,125.31,74.55,65.43
2026-05-15 23:00:00,12,534.21,-184.21,31.11,3.0,231.29,0.02,111.02,72.25,65.31
2026-05-15 23:05:00,12,534.21,-184.21,30.56,1.0,258.87,0.0,124.26,74.31,65.19
2026-05-15 23:10:00,12,534.21,-184.21,32.17,0.0,287.19,0.0,137.85,77.17,65.06
2026-05-15 23:15:00,12,534.21,-184.21,30.12,0.0,270.83,0.0,130.0,75.27,64.94
2026-05-15 23:20:00,12,534.21,-184.21,30.81,0.0,298.21,0.0,143.14,78.5,64.8
2026-05-15 23:25:00,12,534.21,-184.21,30.99,0.0,231.12,0.0,110.94,71.14,64.69
2026-05-15 23:30:00,12,534.21,-184.21,30.83,3.0,315.06,0.01,151.23,81.72,64.55
2026-05-15 23:35:00,12,534.21,-184.21,30.87,1.0,291.44,0.0,139.89,78.03,64.42
2026-05-15 23:40:00,12,534.21,-184.21,30.24,4.0,226.86,0.02,108.89,72.18,64.3
2026-05-15 23:45:00,12,534.21,-184.21,31.6,4.0,321.3,0.01,154.23,82.89,64.16
2026-05-15 23:50:00,12,534.21,-184.21,31.45,1.0,214.81,0.01,103.11,70.0,64.04
2026-05-15 23:55:00,12,534.21,-184.21,31.09,2.0,283.08,0.01,135.88,77.4,63.92
2026-05-16 00:00:00,12,534.21,-184.21,31.9,4.0,239.66,0.02,115.04,73.42,63.79
2026-05-16 00:05:00,12,534.21,-184.21,30.45,2.0,291.21,0.01,139.78,78.37,63.66
2026-05-16 00:10:00,12,534.21,-184.21,30.39,2.0,232.67,0.01,111.68,72.01,63.54
2026-05-16 00:15:00,12,534.21,-184.21,31.85,0.0,262.41,0.0,125.96,74.35,63.42
2026-05-16 00:20:00,12,534.21,-184.21,31.81,2.0,239.63,0.01,115.02,72.69,63.3
2026-05-16 00:25:00,12,534.21,-184.21,30.3,1.0,206.47,0.01,99.1,69.27,63.18
2026-05-16 00:30:00,12,534.21,-184.21,31.31,4.0,324.78,0.01,155.89,83.36,63.04
2026-05-16 00:35:00,12,534.21,-184.21,31.15,3.0,256.55,0.01,123.15,74.78,62.92
2026-05-16 00:40:00,12,534.21,-184.21,30.97,1.0,248.54,0.01,119.3,73.24,62.8
2026-05-16 00:45:00,12,534.21,-184.21,31.44,1.0,219.9,0.01,105.55,70.46,62.68
2026-05-16 00:50:00,12,534.21,-184.21,30.97,2.0,255.03,0.01,122.41,74.27,62.56
2026-05-16 00:55:00,12,534.21,-184.21,31.27,1.0,251.89,0.01,120.91,73.59,62.43
2026-05-16 01:00:00,12,534.21,-184.21,31.84,1.0,274.66,0.0,131.84,76.06,62.31
2026-05-16 01:05:00,12,534.21,-184.21,31.43,2.0,318.98,0.01,153.11,81.88,62.17
2026-05-16 01:10:00,12,534.21,-184.21,31.75,1.0,232.28,0.01,111.49,71.62,62.05
2026-05-16 01:15:00,12,534.21,-184.21,31.96,0.0,265.13,0.0,127.26,74.64,61.93
2026-05-16 01:20:00,12,534.21,-184.21,31.22,2.0,236.96,0.01,113.74,72.43,61.8
2026-05-16 01:25:00,12,534.21,-184.21,31.83,2.0,290.91,0.01,139.64,78.34,61.67
2026-05-16 01:30:00,12,534.21,-184.21,31.9,4.0,276.74,0.02,132.84,77.39,61.55
2026-05-16 01:35:00,12,534.21,-184.21,31.01,4.0,317.6,0.01,152.45,82.4,61.41
2026-05-16 01:40:00,12,534.21,-184.21,31.94,4.0,268.05,0.02,128.66,76.4,61.28
2026-05-16 01:45:00,12,534.21,-184.21,32.01,1.0,287.36,0.0,137.93,77.54,61.15
2026-05-16 01:50:00,12,534.21,-184.21,31.88,4.0,286.78,0.02,137.65,78.56,61.02
2026-05-16 01:55:00,12,534.21,-184.21,31.72,2.0,267.3,0.01,128.31,75.6,60.89
2026-05-16 02:00:00,12,534.21,-184.21,32.35,4.0,297.78,0.01,142.93,79.87,60.76
2026-05-16 02:05:00,12,534.21,-184.21,32.29,6.0,284.55,0.02,136.58,79.0,60.63
2026-05-16 02:10:00,12,534.21,-184.21,31.64,2.0,240.37,0.01,115.38,72.77,60.51
2026-05-16 02:15:00,12,534.21,-184.21,32.54,2.0,242.13,0.01,116.22,72.94,60.39
2026-05-16 02:20:00,12,534.21,-184.21,32.11,0.0,243.08,0.0,116.68,72.32,60.27
2026-05-16 02:25:00,12,534.21,-184.21,33.12,3.0,227.21,0.02,109.06,71.86,60.15
2026-05-16 02:30:00,12,534.21,-184.21,31.55,1.0,259.45,0.0,124.54,74.38,60.02
2026-05-16 02:35:00,12,534.21,-184.21,33.22,4.0,301.59,0.01,144.76,80.35,59.89
2026-05-16 02:40:00,12,534.21,-184.21,32.17,6.0,231.31,0.04,111.03,73.34,59.77
2026-05-16 02:45:00,12,534.21,-184.21,32.05,2.0,247.0,0.01,118.56,73.44,59.64
2026-05-16 02:50:00,12,534.21,-184.21,33.11,1.0,222.55,0.01,106.82,70.71,59.53
2026-05-16 02:55:00,12,534.21,-184.21,34.39,2.0,237.53,0.01,114.01,72.49,59.41
2026-05-16 03:00:00,12,534.21,-184.21,32.76,2.0,305.89,0.01,146.83,80.19,59.27
2026-05-16 03:05:00,12,534.21,-184.21,33.21,1.0,289.77,0.0,139.09,77.83,59.14
2026-05-16 03:10:00,12,534.21,-184.21,33.94,0.0,264.45,0.0,126.94,74.57,59.02
2026-05-16 03:15:00,12,534.21,-184.21,33.22,5.0,243.08,0.03,116.68,74.13,58.89
2026-05-16 03:20:00,12,534.21,-184.21,34.05,1.0,220.24,0.01,105.71,70.5,58.78
2026-05-16 03:25:00,12,534.21,-184.21,33.13,0.0,234.73,0.0,112.67,71.49,58.66
2026-05-16 03:30:00,12,534.21,-184.21,34.06,4.0,276.57,0.02,132.75,77.37,58.53
2026-05-16 03:35:00,12,534.21,-184.21,33.69,0.0,222.69,0.0,106.89,70.35,58.41
2026-05-16 03:40:00,12,534.21,-184.21,34.44,0.0,298.0,0.0,143.04,78.49,58.28
2026-05-16 03:45:00,12,534.21,-184.21,34.47,0.0,289.3,0.0,138.87,77.43,58.15
2026-05-16 03:50:00,12,534.21,-184.21,34.2,2.0,271.63,0.01,130.38,76.09,58.02
2026-05-16 03:55:00,12,534.21,-184.21,34.18,0.0,216.4,0.0,103.87,69.78,57.91
2026-05-16 04:00:00,12,534.21,-184.21,34.74,0.0,301.64,0.0,144.79,78.94,57.78
2026-05-16 04:05:00,12,534.21,-184.21,34.21,2.0,268.4,0.01,128.83,75.73,57.65
2026-05-16 04:10:00,12,534.21,-184.21,34.31,0.0,211.57,0.0,101.56,69.35,57.53
2026-05-16 04:15:00,12,534.21,-184.21,35.07,1.0,209.63,0.01,100.62,69.55,57.42
2026-05-16 04:20:00,12,534.21,-184.21,35.28,1.0,278.25,0.0,133.56,76.48,57.29
2026-05-16 04:25:00,12,534.21,-184.21,35.11,1.0,250.53,0.01,120.25,73.46,57.17
2026-05-16 04:30:00,12,534.21,-184.21,35.4,1.0,287.4,0.0,137.95,77.55,57.04
2026-05-16 04:35:00,12,534.21,-184.21,34.7,3.0,226.36,0.02,108.65,71.79,56.92
2026-05-16 04:40:00,12,534.21,-184.21,35.88,0.0,249.25,0.0,119.64,72.96,56.8
2026-05-16 04:45:00,12,534.21,-184.21,35.78,0.0,201.49,0.0,96.72,68.49,56.68
2026-05-16 04:50:00,12,534.21,-184.21,36.42,2.0,227.72,0.01,109.3,71.55,56.57
2026-05-16 04:55:00,12,534.21,-184.21,35.81,7.0,323.0,0.02,155.04,84.2,56.42
2026-05-16 05:00:00,12,534.21,-184.21,35.56,2.0,237.82,0.01,114.16,72.52,56.3
2026-05-16 05:05:00,12,534.21,-184.21,36.48,2.0,220.7,0.01,105.93,70.89,56.19
2026-05-16 05:10:00,12,534.21,-184.21,37.25,0.0,291.43,0.0,139.89,77.69,56.06
2026-05-16 05:15:00,12,534.21,-184.21,36.84,5.0,311.63,0.02,149.58,82.0,55.92
2026-05-16 05:20:00,12,534.21,-184.21,38.04,0.0,320.15,0.0,153.67,81.33,55.78
2026-05-16 05:25:00,12,534.21,-184.21,37.47,2.0,267.0,0.01,128.16,75.58,55.66
2026-05-16 05:30:00,12,534.21,-184.21,37.23,0.0,267.01,0.0,128.16,74.86,55.53
2026-05-16 05:35:00,12,534.21,-184.21,36.58,1.0,308.53,0.0,148.09,80.16,55.4
2026-05-16 05:40:00,12,534.21,-184.21,38.42,2.0,292.47,0.01,140.38,78.53,55.27
2026-05-16 05:45:00,12,534.21,-184.21,38.42,1.0,303.75,0.0,145.8,79.56,55.14
2026-05-16 05:50:00,12,534.21,-184.21,37.25,0.0,319.39,0.0,153.31,81.23,55.0
2026-05-16 05:55:00,12,534.21,-184.21,37.58,2.0,288.44,0.01,138.45,78.05,54.87
2026-05-16 06:00:00,12,534.21,-184.21,38.46,3.0,243.4,0.02,116.83,73.45,54.75
2026-05-16 06:05:00,12,534.21,-184.21,38.07,1.0,264.53,0.0,126.97,74.94,54.62
2026-05-16 06:10:00,12,534.21,-184.21,38.81,0.0,244.78,0.0,117.5,72.5,54.5
2026-05-16 06:15:00,12,534.21,-184.21,38.32,1.0,280.08,0.0,134.44,76.69,54.37
2026-05-16 06:20:00,12,534.21,-184.21,38.51,0.0,291.02,0.0,139.69,77.64,54.25
2026-05-16 06:25:00,12,534.21,-184.21,38.59,0.0,262.05,0.0,125.78,74.32,54.12
2026-05-16 06:30:00,12,534.21,-184.21,39.26,0.0,262.48,0.0,125.99,74.37,54.0
2026-05-16 06:35:00,12,534.21,-184.21,39.45,1.0,277.11,0.0,133.01,76.35,53.87
2026-05-16 06:40:00,12,534.21,-184.21,39.1,0.0,260.68,0.0,125.13,74.17,53.75
2026-05-16 06:45:00,12,534.21,-184.21,39.06,0.0,320.13,0.0,153.66,81.33,53.61
2026-05-16 06:50:00,12,534.21,-184.21,39.95,0.0,279.45,0.0,134.14,76.28,53.48
2026-05-16 06:55:00,12,534.21,-184.21,39.84,0.0,264.74,0.0,127.08,74.62,53.36
2026-05-16 07:00:00,12,534.21,-184.21,39.31,2.0,302.29,0.01,145.1,79.75,53.23
2026-05-16 07:05:00,12,534.21,-184.21,39.74,0.0,203.35,0.0,97.61,68.66,53.11
2026-05-16 07:10:00,12,534.21,-184.21,40.35,1.0,318.44,0.0,152.85,81.46,52.98
2026-05-16 07:15:00,12,534.21,-184.21,41.34,0.0,280.45,0.0,134.61,76.39,52.85
2026-05-16 07:20:00,12,534.21,-184.21,39.98,0.0,228.99,0.0,109.91,70.95,52.73
2026-05-16 07:25:00,12,534.21,-184.21,40.66,1.0,204.58,0.01,98.2,69.13,52.62
2026-05-16 07:30:00,12,534.21,-184.21,39.73,1.0,286.09,0.0,137.32,77.4,52.49
2026-05-16 07:35:00,12,534.21,-184.21,41.42,0.0,261.78,0.0,125.65,74.29,52.36
2026-05-16 07:40:00,12,534.21,-184.21,41.13,1.0,206.55,0.01,99.14,69.3,52.25
2026-05-16 07:45:00,12,534.21,-184.21,40.85,0.0,276.44,0.0,132.69,75.93,52.12
2026-05-16 07:50:00,12,534.21,-184.21,41.89,1.0,316.28,0.0,151.81,81.18,51.99
2026-05-16 07:55:00,12,534.21,-184.21,40.84,0.0,234.31,0.0,112.47,71.47,51.87
2026-05-16 08:00:00,12,534.21,-184.21,41.49,0.0,243.96,0.0,117.1,72.43,51.75
2026-05-16 08:05:00,12,534.21,-184.21,42.4,0.0,234.62,0.0,112.62,71.5,51.63
2026-05-16 08:10:00,12,534.21,-184.21,42.19,0.0,270.92,0.0,130.04,75.31,51.5
2026-05-16 08:15:00,12,534.21,-184.21,41.32,0.0,221.38,0.0,106.26,70.25,51.38
2026-05-16 08:20:00,12,534.21,-184.21,41.78,2.0,286.05,0.01,137.3,77.77,51.25
2026-05-16 08:25:00,12,534.21,-184.21,41.96,0.0,283.85,0.0,136.25,76.79,51.13
2026-05-16 08:30:00,12,534.21,-184.21,42.4,1.0,261.57,0.0,125.56,74.63,51.0
2026-05-16 08:35:00,12,534.21,-184.21,42.84,2.0,244.82,0.01,117.52,73.24,50.88
2026-05-16 08:40:00,12,534.21,-184.21,42.28,0.0,315.32,0.0,151.35,80.7,50.75
2026-05-16 08:45:00,12,534.21,-184.21,42.87,1.0,292.49,0.0,140.39,78.18,50.62
2026-05-16 08:50:00,12,534.21,-184.21,42.39,1.0,324.63,0.0,155.82,82.29,50.48
2026-05-16 08:55:00,12,534.21,-184.21,41.5,0.0,201.64,0.0,96.79,68.52,50.36
2026-05-16 09:00:00,12,534.21,-184.21,42.79,2.0,299.46,0.01,143.74,79.4,50.23
2026-05-16 09:05:00,12,534.21,-184.21,42.73,2.0,270.14,0.01,129.67,75.94,50.11
2026-05-16 09:10:00,12,534.21,-184.21,42.16,1.0,294.58,0.0,141.4,78.43,49.97
2026-05-16 09:15:00,12,534.21,-184.21,43.59,1.0,287.02,0.0,137.77,77.52,49.85
2026-05-16 09:20:00,12,534.21,-184.21,43.77,1.0,254.45,0.0,122.13,73.86,49.72
2026-05-16 09:25:00,12,534.21,-184.21,43.17,0.0,207.11,0.0,99.41,68.98,49.61
2026-05-16 09:30:00,12,534.21,-184.21,43.35,1.0,302.2,0.0,145.06,79.38,49.47
2026-05-16 09:35:00,12,534.21,-184.21,44.3,0.0,208.52,0.0,100.09,69.11,49.36
2026-05-16 09:40:00,12,534.21,-184.21,43.92,2.0,266.64,0.01,127.99,75.55,49.23
2026-05-16 09:45:00,12,534.21,-184.21,44.47,0.0,268.25,0.0,128.76,75.01,49.11
2026-05-16 09:50:00,12,534.21,-184.21,44.02,1.0,307.7,0.0,147.7,80.07,48.98
2026-05-16 09:55:00,12,534.21,-184.21,43.16,1.0,219.99,0.01,105.59,70.49,48.86
2026-05-16 10:00:00,12,534.21,-184.21,43.27,1.0,221.27,0.01,106.21,70.61,48.74
2026-05-16 10:05:00,12,534.21,-184.21,45.03,0.0,253.36,0.0,121.61,73.4,48.62
2026-05-16 10:10:00,12,534.21,-184.21,43.39,2.0,211.89,0.01,101.71,70.12,48.5
2026-05-16 10:15:00,12,534.21,-184.21,44.44,2.0,290.34,0.01,139.36,78.29,48.37
2026-05-16 10:20:00,12,534.21,-184.21,44.17,1.0,311.87,0.0,149.7,80.61,48.24
2026-05-16 10:25:00,12,534.21,-184.21,44.46,0.0,231.94,0.0,111.33,71.25,48.12
2026-05-16 10:30:00,12,534.21,-184.21,44.57,1.0,243.95,0.01,117.09,72.8,48.0
2026-05-16 10:35:00,12,534.21,-184.21,44.63,0.0,209.0,0.0,100.32,69.15,47.88
2026-05-16 10:40:00,12,534.21,-184.21,43.6,0.0,290.73,0.0,139.55,77.62,47.75
2026-05-16 10:45:00,12,534.21,-184.21,44.3,1.0,227.37,0.01,109.14,71.18,47.63
2026-05-16 10:50:00,12,534.21,-184.21,44.16,3.0,291.62,0.01,139.98,78.8,47.5
2026-05-16 10:55:00,12,534.21,-184.21,45.26,1.0,271.47,0.0,130.3,75.72,47.38
2026-05-16 11:00:00,12,534.21,-184.21,44.74,0.0,255.93,0.0,122.84,73.67,47.25
2026-05-16 11:05:00,12,534.21,-184.21,43.29,3.0,267.54,0.01,128.42,76.0,47.13
2026-05-16 11:10:00,12,534.21,-184.21,44.92,3.0,251.94,0.02,120.93,74.34,47.0
2026-05-16 11:15:00,12,534.21,-184.21,44.82,0.0,227.81,0.0,109.35,70.85,46.88
2026-05-16 11:20:00,12,534.21,-184.21,45.6,2.0,265.22,0.01,127.31,75.4,46.76
2026-05-16 11:25:00,12,534.21,-184.21,44.85,3.0,235.02,0.02,112.81,72.64,46.64
2026-05-16 11:30:00,12,534.21,-184.21,45.1,2.0,244.26,0.01,117.24,73.18,46.52
2026-05-16 11:35:00,12,534.21,-184.21,44.84,4.0,304.03,0.01,145.93,80.68,46.38
2026-05-16 11:40:00,12,534.21,-184.21,45.83,1.0,316.71,0.0,152.02,81.24,46.25
2026-05-16 11:45:00,12,534.21,-184.21,45.27,1.0,306.91,0.0,147.32,79.98,46.11
2026-05-16 11:50:00,12,534.21,-184.21,44.64,0.0,288.01,0.0,138.25,77.29,45.98
2026-05-16 11:55:00,12,534.21,-184.21,44.23,2.0,207.14,0.01,99.43,69.71,45.87
2026-05-16 12:00:00,12,534.21,-184.21,45.32,2.0,284.71,0.01,136.66,77.62,45.74
2026-05-16 12:05:00,12,534.21,-184.21,44.75,2.0,248.06,0.01,119.07,73.57,45.61
2026-05-16 12:10:00,12,534.21,-184.21,44.76,1.0,310.97,0.0,149.26,80.49,45.48
2026-05-16 12:15:00,12,534.21,-184.21,45.98,1.0,231.18,0.01,110.97,71.55,45.36
2026-05-16 12:20:00,12,534.21,-184.21,45.06,2.0,266.25,0.01,127.8,75.51,45.24
2026-05-16 12:25:00,12,534.21,-184.21,45.21,5.0,298.8,0.02,143.42,80.4,45.1
2026-05-16 12:30:00,12,534.21,-184.21,45.11,0.0,312.57,0.0,150.03,80.35,44.97
2026-05-16 12:35:00,12,534.21,-184.21,45.23,4.0,300.99,0.01,144.47,80.3,44.83
2026-05-16 12:40:00,12,534.21,-184.21,45.24,2.0,224.47,0.01,107.75,71.26,44.72
2026-05-16 12:45:00,12,534.21,-184.21,45.68,2.0,268.24,0.01,128.75,75.73,44.59
2026-05-16 12:50:00,12,534.21,-184.21,44.95,1.0,279.49,0.0,134.16,76.64,44.46
2026-05-16 12:55:00,12,534.21,-184.21,44.31,1.0,310.02,0.0,148.81,80.37,44.33
2026-05-16 13:00:00,12,534.21,-184.21,44.63,1.0,274.61,0.0,131.81,76.08,44.2
2026-05-16 13:05:00,12,534.21,-184.21,44.89,0.0,201.09,0.0,96.52,68.48,44.09
2026-05-16 13:10:00,12,534.21,-184.21,44.98,0.0,279.21,0.0,134.02,76.26,43.96
2026-05-16 13:15:00,12,534.21,-184.21,44.8,2.0,284.32,0.01,136.47,77.57,43.83
2026-05-16 13:20:00,12,534.21,-184.21,43.99,2.0,244.1,0.01,117.17,73.17,43.71
2026-05-16 13:25:00,12,534.21,-184.21,44.92,2.0,237.07,0.01,113.79,72.47,43.59
2026-05-16 13:30:00,12,534.21,-184.21,43.64,1.0,205.66,0.01,98.72,69.23,43.47
2026-05-16 13:35:00,12,534.21,-184.21,44.3,2.0,306.77,0.01,147.25,80.33,43.34
2026-05-16 13:40:00,12,534.21,-184.21,43.84,0.0,236.38,0.0,113.46,71.68,43.22
2026-05-16 13:45:00,12,534.21,-184.21,45.14,3.0,267.06,0.01,128.19,75.95,43.09
2026-05-16 13:50:00,12,534.21,-184.21,44.3,3.0,299.95,0.01,143.98,79.82,42.96
2026-05-16 13:55:00,12,534.21,-184.21,43.84,4.0,296.76,0.01,142.45,79.77,42.83
2026-05-16 14:00:00,12,534.21,-184.21,43.88,0.0,204.06,0.0,97.95,68.72,42.71
2026-05-16 14:05:00,12,534.21,-184.21,44.53,2.0,214.21,0.01,102.82,70.33,42.59
2026-05-16 14:10:00,12,534.21,-184.21,43.4,4.0,307.81,0.01,147.75,81.16,42.46
2026-05-16 14:15:00,12,534.21,-184.21,44.17,1.0,216.11,0.01,103.73,70.14,42.34
2026-05-16 14:20:00,12,534.21,-184.21,43.22,2.0,287.9,0.01,138.19,78.0,42.21
2026-05-16 14:25:00,12,534.21,-184.21,44.17,2.0,241.13,0.01,115.74,72.87,42.09
2026-05-16 14:30:00,12,534.21,-184.21,43.35,5.0,318.23,0.02,152.75,82.88,41.95
2026-05-16 14:35:00,12,534.21,-184.21,42.49,1.0,309.06,0.0,148.35,80.24,41.82
2026-05-16 14:40:00,12,534.21,-184.21,43.38,0.0,271.92,0.0,130.52,75.42,41.69
2026-05-16 14:45:00,12,534.21,-184.21,44.24,5.0,274.97,0.02,131.98,77.56,41.56
2026-05-16 14:50:00,12,534.21,-184.21,43.28,2.0,304.11,0.01,145.98,79.99,41.43
2026-05-16 14:55:00,12,534.21,-184.21,41.84,2.0,248.87,0.01,119.46,73.65,41.31
2026-05-16 15:00:00,12,534.21,-184.21,43.01,2.0,273.36,0.01,131.21,76.3,41.18
2026-05-16 15:05:00,12,534.21,-184.21,42.43,1.0,293.99,0.0,141.11,78.36,41.05
2026-05-16 15:10:00,12,534.21,-184.21,42.31,0.0,229.64,0.0,110.23,71.02,40.93
2026-05-16 15:15:00,12,534.21,-184.21,42.62,1.0,277.22,0.0,133.07,76.37,40.8
2026-05-16 15:20:00,12,534.21,-184.21,42.64,0.0,267.22,0.0,128.26,74.89,40.68
2026-05-16 15:25:00,12,534.21,-184.21,42.98,4.0,241.77,0.02,116.05,73.65,40.56
2026-05-16 15:30:00,12,534.21,-184.21,42.29,0.0,274.23,0.0,131.63,75.68,40.43
2026-05-16 15:35:00,12,534.21,-184.21,42.68,1.0,245.66,0.01,117.92,72.97,40.31
2026-05-16 15:40:00,12,534.21,-184.21,41.93,0.0,280.2,0.0,134.49,76.36,40.18
2026-05-16 15:45:00,12,534.21,-184.21,41.53,2.0,242.38,0.01,116.34,72.99,40.06
2026-05-16 15:50:00,12,534.21,-184.21,42.78,2.0,277.04,0.01,132.98,76.72,39.93
2026-05-16 15:55:00,12,534.21,-184.21,41.72,2.0,304.68,0.01,146.25,80.06,39.8
2026-05-16 16:00:00,12,534.21,-184.21,42.43,1.0,292.78,0.0,140.54,78.21,39.67
2026-05-16 16:05:00,12,534.21,-184.21,41.38,3.0,324.13,0.01,155.58,82.94,39.53
2026-05-16 16:10:00,12,534.21,-184.21,42.28,0.0,217.8,0.0,104.54,69.92,39.41
2026-05-16 16:15:00,12,534.21,-184.21,41.59,1.0,227.74,0.01,109.31,71.21,39.29
2026-05-16 16:20:00,12,534.21,-184.21,41.12,2.0,308.17,0.01,147.92,80.5,39.16
2026-05-16 16:25:00,12,534.21,-184.21,40.08,1.0,305.96,0.0,146.86,79.84,39.03
2026-05-16 16:30:00,12,534.21,-184.21,40.61,1.0,238.0,0.01,114.24,72.2,38.91
2026-05-16 16:35:00,12,534.21,-184.21,40.63,2.0,224.56,0.01,107.79,71.26,38.79
2026-05-16 16:40:00,12,534.21,-184.21,40.5,2.0,214.52,0.01,102.97,70.35,38.67
2026-05-16 16:45:00,12,534.21,-184.21,39.92,0.0,201.91,0.0,96.92,68.54,38.56
2026-05-16 16:50:00,12,534.21,-184.21,39.43,0.0,322.2,0.0,154.66,81.61,38.42
2026-05-16 16:55:00,12,534.21,-184.21,39.32,1.0,231.46,0.01,111.1,71.56,38.3
2026-05-16 17:00:00,12,534.21,-184.21,39.54,0.0,206.94,0.0,99.33,68.96,38.19
2026-05-16 17:05:00,12,534.21,-184.21,39.77,1.0,312.76,0.0,150.13,80.72,38.05
2026-05-16 17:10:00,12,534.21,-184.21,39.6,1.0,256.55,0.0,123.14,74.08,37.93
2026-05-16 17:15:00,12,534.21,-184.21,39.31,1.0,302.08,0.0,145.0,79.35,37.8
2026-05-16 17:20:00,12,534.21,-184.21,38.59,4.0,309.39,0.01,148.51,81.35,37.66
2026-05-16 17:25:00,12,534.21,-184.21,38.65,3.0,267.38,0.01,128.34,75.97,37.53
2026-05-16 17:30:00,12,534.21,-184.21,38.72,1.0,276.87,0.0,132.9,76.33,37.41
2026-05-16 17:35:00,12,534.21,-184.21,38.0,0.0,319.12,0.0,153.18,81.2,37.27
2026-05-16 17:40:00,12,534.21,-184.21,37.98,2.0,235.0,0.01,112.8,72.25,37.15
2026-05-16 17:45:00,12,534.21,-184.21,39.37,1.0,285.63,0.0,137.1,77.35,37.02
2026-05-16 17:50:00,12,534.21,-184.21,38.59,1.0,319.38,0.0,153.3,81.58,36.89
2026-05-16 17:55:00,12,534.21,-184.21,37.48,0.0,272.03,0.0,130.57,75.42,36.76
2026-05-16 18:00:00,12,534.21,-184.21,37.56,0.0,275.89,0.0,132.43,75.86,36.63
2026-05-16 18:05:00,12,534.21,-184.21,38.27,2.0,307.71,0.01,147.7,80.43,36.5
2026-05-16 18:10:00,12,534.21,-184.21,38.0,1.0,270.91,0.0,130.04,75.65,36.37
2026-05-16 18:15:00,12,534.21,-184.21,37.76,1.0,209.34,0.01,100.48,69.53,36.26
2026-05-16 18:20:00,12,534.21,-184.21,37.39,0.0,293.3,0.0,140.78,77.91,36.13
2026-05-16 18:25:00,12,534.21,-184.21,36.9,0.0,280.75,0.0,134.76,76.42,36.0
2026-05-16 18:30:00,12,534.21,-184.21,36.9,0.0,302.69,0.0,145.29,79.07,35.87
2026-05-16 18:35:00,12,534.21,-184.21,36.75,1.0,217.51,0.01,104.4,70.25,35.75
2026-05-16 18:40:00,12,534.21,-184.21,37.13,1.0,219.62,0.01,105.42,70.45,35.63
2026-05-16 18:45:00,12,534.21,-184.21,36.6,0.0,316.47,0.0,151.9,80.84,35.5
2026-05-16 18:50:00,12,534.21,-184.21,36.18,2.0,256.68,0.01,123.21,74.46,35.38
2026-05-16 18:55:00,12,534.21,-184.21,36.32,0.0,205.67,0.0,98.72,68.85,35.26
2026-05-16 19:00:00,12,534.21,-184.21,37.37,2.0,252.2,0.01,121.06,73.99,35.14
2026-05-16 19:05:00,12,534.21,-184.21,35.84,4.0,263.63,0.02,126.54,75.92,35.01
2026-05-16 19:10:00,12,534.21,-184.21,35.51,0.0,292.56,0.0,140.43,77.82,34.88
2026-05-16 19:15:00,12,534.21,-184.21,35.94,0.0,312.51,0.0,150.01,80.33,34.75
2026-05-16 19:20:00,12,534.21,-184.21,35.85,0.0,209.5,0.0,100.56,69.17,34.63
2026-05-16 19:25:00,12,534.21,-184.21,35.13,1.0,270.3,0.0,129.75,75.57,34.51
2026-05-16 19:30:00,12,534.21,-184.21,34.86,0.0,267.5,0.0,128.4,74.91,34.38
2026-05-16 19:35:00,12,534.21,-184.21,35.16,0.0,234.47,0.0,112.55,71.47,34.26
2026-05-16 19:40:00,12,534.21,-184.21,35.36,0.0,309.78,0.0,148.69,79.97,34.13
2026-05-16 19:45:00,12,534.21,-184.21,34.52,0.0,284.82,0.0,136.71,76.89,34.0
2026-05-16 19:50:00,12,534.21,-184.21,34.92,0.0,262.93,0.0,126.21,74.41,33.88
2026-05-16 19:55:00,12,534.21,-184.21,34.99,1.0,302.83,0.0,145.36,79.44,33.74
2026-05-16 20:00:00,12,534.21,-184.21,34.22,0.0,261.01,0.0,125.29,74.2,33.62
2026-05-16 20:05:00,12,534.21,-184.21,35.28,1.0,240.27,0.01,115.33,72.41,33.5
2026-05-16 20:10:00,12,534.21,-184.21,33.99,0.0,202.3,0.0,97.11,68.56,33.39
2026-05-16 20:15:00,12,534.21,-184.21,34.03,1.0,264.16,0.0,126.8,74.89,33.26
2026-05-16 20:20:00,12,534.21,-184.21,34.15,0.0,239.6,0.0,115.01,71.98,33.14
2026-05-16 20:25:00,12,534.21,-184.21,34.31,1.0,274.59,0.0,131.8,76.05,33.01
2026-05-16 20:30:00,12,534.21,-184.21,34.35,0.0,203.51,0.0,97.68,68.66,32.9
2026-05-16 20:35:00,12,534.21,-184.21,33.61,0.0,274.52,0.0,131.77,75.7,32.77
2026-05-16 20:40:00,12,534.21,-184.21,33.96,4.0,276.45,0.02,132.7,77.36,32.65
2026-05-16 20:45:00,12,534.21,-184.21,33.41,1.0,308.32,0.0,147.99,80.13,32.51
2026-05-16 20:50:00,12,534.21,-184.21,33.08,0.0,285.32,0.0,136.95,76.95,32.38
2026-05-16 20:55:00,12,534.21,-184.21,34.16,2.0,222.13,0.01,106.62,71.02,32.26
2026-05-16 21:00:00,12,534.21,-184.21,32.72,1.0,287.94,0.0,138.21,77.61,32.14
2026-05-16 21:05:00,12,534.21,-184.21,32.87,0.0,238.98,0.0,114.71,71.91,32.02
2026-05-16 21:10:00,12,534.21,-184.21,33.09,0.0,285.07,0.0,136.83,76.92,31.89
2026-05-16 21:15:00,12,534.21,-184.21,33.39,0.0,244.92,0.0,117.56,72.51,31.77
2026-05-16 21:20:00,12,534.21,-184.21,32.03,1.0,308.51,0.0,148.08,80.15,31.63
2026-05-16 21:25:00,12,534.21,-184.21,33.03,1.0,209.81,0.01,100.71,69.57,31.52
2026-05-16 21:30:00,12,534.21,-184.21,32.28,0.0,226.11,0.0,108.53,70.67,31.4
2026-05-16 21:35:00,12,534.21,-184.21,32.47,1.0,269.77,0.0,129.49,75.51,31.27
2026-05-16 21:40:00,12,534.21,-184.21,32.99,3.0,290.05,0.01,139.22,78.58,31.14
2026-05-16 21:45:00,12,534.21,-184.21,31.6,3.0,266.77,0.01,128.05,75.89,31.02
2026-05-16 21:50:00,12,534.21,-184.21,32.25,1.0,276.68,0.0,132.81,76.29,30.89
2026-05-16 21:55:00,12,534.21,-184.21,32.31,0.0,279.18,0.0,134.01,76.23,30.76
2026-05-16 22:00:00,12,534.21,-184.21,31.75,2.0,242.89,0.01,116.59,73.02,30.64
2026-05-16 22:05:00,12,534.21,-184.21,32.14,1.0,231.45,0.01,111.09,71.54,30.52
2026-05-16 22:10:00,12,534.21,-184.21,31.39,2.0,215.91,0.01,103.64,70.45,30.4
2026-05-16 22:15:00,12,534.21,-184.21,32.01,3.0,317.62,0.01,152.46,82.06,30.27
2026-05-16 22:20:00,12,534.21,-184.21,31.35,1.0,257.4,0.0,123.55,74.15,30.14
2026-05-16 22:25:00,12,534.21,-184.21,31.82,1.0,302.52,0.0,145.21,79.39,30.01
2026-05-16 22:30:00,12,534.21,-184.21,31.24,2.0,223.19,0.01,107.13,71.11,29.89
2026-05-16 22:35:00,12,534.21,-184.21,30.47,1.0,256.52,0.0,123.13,74.06,29.77
2026-05-16 22:40:00,12,534.21,-184.21,31.48,2.0,261.2,0.01,125.38,74.93,29.64
2026-05-16 22:45:00,12,534.21,-184.21,31.28,0.0,240.86,0.0,115.61,72.09,29.52
2026-05-16 22:50:00,12,534.21,-184.21,31.95,0.0,310.49,0.0,149.04,80.06,29.39
2026-05-16 22:55:00,12,534.21,-184.21,31.53,0.0,295.51,0.0,141.85,78.18,29.26
2026-05-16 23:00:00,12,534.21,-184.21,32.15,4.0,225.46,0.03,108.22,72.07,29.14
2026-05-16 23:05:00,12,534.21,-184.21,30.85,2.0,247.66,0.01,118.88,73.5,29.02
2026-05-16 23:10:00,12,534.21,-184.21,31.47,1.0,282.43,0.0,135.56,76.95,28.89
2026-05-16 23:15:00,12,534.21,-184.21,31.4,3.0,268.4,0.01,128.83,76.07,28.76
2026-05-16 23:20:00,12,534.21,-184.21,31.07,2.0,254.17,0.01,122.0,74.18,28.64
2026-05-16 23:25:00,12,534.21,-184.21,31.15,1.0,225.13,0.01,108.06,70.94,28.52
2026-05-16 23:30:00,12,534.21,-184.21,30.81,4.0,311.19,0.01,149.37,81.57,28.38
2026-05-16 23:35:00,12,534.21,-184.21,30.42,2.0,232.81,0.01,111.75,72.02,28.26
2026-05-16 23:40:00,12,534.21,-184.21,30.48,1.0,251.03,0.01,120.49,73.5,28.14
2026-05-16 23:45:00,12,534.21,-184.21,31.27,1.0,301.2,0.0,144.57,79.23,28.01
2026-05-16 23:50:00,12,534.21,-184.21,30.46,0.0,310.2,0.0,148.89,80.02,27.88
2026-05-16 23:55:00,12,534.21,-184.21,30.6,2.0,222.37,0.01,106.74,71.04,27.76
2026-05-17 00:00:00,12,534.21,-184.21,30.75,2.0,275.56,0.01,132.27,76.53,27.63
2026-05-17 00:05:00,12,534.21,-184.21,30.84,1.0,223.32,0.01,107.19,70.78,27.51
2026-05-17 00:10:00,12,534.21,-184.21,30.66,3.0,217.84,0.02,104.56,70.99,27.39
2026-05-17 00:15:00,12,534.21,-184.21,31.13,0.0,204.32,0.0,98.08,68.72,27.28
2026-05-17 00:20:00,12,534.21,-184.21,31.11,0.0,217.1,0.0,104.21,69.84,27.16
2026-05-17 00:25:00,12,534.21,-184.21,31.35,2.0,238.61,0.01,114.53,72.59,27.04
2026-05-17 00:30:00,12,534.21,-184.21,31.19,1.0,201.74,0.01,96.84,68.88,26.93
2026-05-17 00:35:00,12,534.21,-184.21,31.68,4.0,249.97,0.02,119.99,74.46,26.8
2026-05-17 00:40:00,12,534.21,-184.21,31.13,4.0,291.71,0.01,140.02,79.13,26.67
2026-05-17 00:45:00,12,534.21,-184.21,30.68,2.0,285.84,0.01,137.2,77.73,26.54
2026-05-17 00:50:00,12,534.21,-184.21,30.73,1.0,274.86,0.0,131.93,76.08,26.42
2026-05-17 00:55:00,12,534.21,-184.21,31.42,3.0,241.97,0.02,116.15,73.3,26.29
2026-05-17 01:00:00,12,534.21,-184.21,31.15,1.0,300.71,0.0,144.34,79.17,26.16
2026-05-17 01:05:00,12,534.21,-184.21,30.33,1.0,211.55,0.01,101.54,69.71,26.05
2026-05-17 01:10:00,12,534.21,-184.21,31.0,2.0,285.8,0.01,137.19,77.72,25.92
2026-05-17 01:15:00,12,534.21,-184.21,32.05,3.0,200.05,0.02,96.03,69.46,25.8
2026-05-17 01:20:00,12,534.21,-184.21,30.9,1.0,222.6,0.01,106.85,70.71,25.68
2026-05-17 01:25:00,12,534.21,-184.21,30.41,3.0,247.52,0.02,118.81,73.86,25.56
2026-05-17 01:30:00,12,534.21,-184.21,31.36,0.0,227.68,0.0,109.29,70.82,25.44
2026-05-17 01:35:00,12,534.21,-184.21,30.83,3.0,244.02,0.02,117.13,73.5,25.32
2026-05-17 01:40:00,12,534.21,-184.21,31.61,4.0,239.9,0.02,115.15,73.44,25.2
2026-05-17 01:45:00,12,534.21,-184.21,32.5,4.0,256.31,0.02,123.03,75.13,25.07
2026-05-17 01:50:00,12,534.21,-184.21,31.67,3.0,269.4,0.01,129.31,76.19,24.94
2026-05-17 01:55:00,12,534.21,-184.21,31.33,2.0,221.17,0.01,106.16,70.93,24.83
2026-05-17 02:00:00,12,534.21,-184.21,32.02,6.0,251.03,0.03,120.5,75.3,24.7
2026-05-17 02:05:00,12,534.21,-184.21,32.42,1.0,264.55,0.0,126.99,74.93,24.58
2026-05-17 02:10:00,12,534.21,-184.21,32.11,6.0,239.01,0.03,114.73,74.07,24.45
2026-05-17 02:15:00,12,534.21,-184.21,33.43,2.0,232.17,0.01,111.44,71.97,24.33
2026-05-17 02:20:00,12,534.21,-184.21,32.38,1.0,211.98,0.01,101.75,69.76,24.22
2026-05-17 02:25:00,12,534.21,-184.21,32.8,3.0,265.72,0.01,127.55,75.78,24.09
2026-05-17 02:30:00,12,534.21,-184.21,32.49,2.0,269.78,0.01,129.5,75.88,23.96
2026-05-17 02:35:00,12,534.21,-184.21,32.54,4.0,302.75,0.01,145.32,80.49,23.83
2026-05-17 02:40:00,12,534.21,-184.21,32.14,1.0,244.85,0.01,117.53,72.87,23.71
2026-05-17 02:45:00,12,534.21,-184.21,32.84,2.0,273.81,0.01,131.43,76.33,23.58
2026-05-17 02:50:00,12,534.21,-184.21,32.14,0.0,204.89,0.0,98.35,68.77,23.47
2026-05-17 02:55:00,12,534.21,-184.21,32.86,2.0,319.44,0.01,153.33,81.95,23.33
2026-05-17 03:00:00,12,534.21,-184.21,33.02,0.0,283.44,0.0,136.05,76.73,23.2
2026-05-17 03:05:00,12,534.21,-184.21,32.67,2.0,221.26,0.01,106.2,70.94,23.08
2026-05-17 03:10:00,12,534.21,-184.21,33.35,3.0,216.69,0.02,104.01,70.9,22.96
2026-05-17 03:15:00,12,534.21,-184.21,34.0,1.0,259.08,0.0,124.36,74.34,22.84
2026-05-17 03:20:00,12,534.21,-184.21,33.28,2.0,257.87,0.01,123.78,74.58,22.72
2026-05-17 03:25:00,12,534.21,-184.21,33.27,4.0,243.04,0.02,116.66,73.76,22.59
2026-05-17 03:30:00,12,534.21,-184.21,33.27,1.0,275.29,0.0,132.14,76.13,22.47
2026-05-17 03:35:00,12,534.21,-184.21,33.18,3.0,253.4,0.01,121.63,74.45,22.34
2026-05-17 03:40:00,12,534.21,-184.21,33.66,2.0,236.54,0.01,113.54,72.39,22.22
2026-05-17 03:45:00,12,534.21,-184.21,33.91,1.0,256.07,0.0,122.91,74.02,22.1
2026-05-17 03:50:00,12,534.21,-184.21,34.94,2.0,270.01,0.01,129.6,75.91,21.97
2026-05-17 03:55:00,12,534.21,-184.21,34.38,2.0,233.82,0.01,112.24,72.13,21.85
2026-05-17 04:00:00,12,534.21,-184.21,34.37,1.0,242.13,0.01,116.22,72.6,21.73
2026-05-17 04:05:00,12,534.21,-184.21,34.76,3.0,218.67,0.02,104.96,71.08,21.61
2026-05-17 04:10:00,12,534.21,-184.21,34.72,2.0,271.42,0.01,130.28,76.07,21.49
2026-05-17 04:15:00,12,534.21,-184.21,34.66,3.0,300.87,0.01,144.42,79.91,21.35
2026-05-17 04:20:00,12,534.21,-184.21,35.04,2.0,235.86,0.01,113.21,72.33,21.23
2026-05-17 04:25:00,12,534.21,-184.21,35.47,3.0,217.15,0.02,104.23,70.94,21.11
2026-05-17 04:30:00,12,534.21,-184.21,35.36,2.0,265.59,0.01,127.48,75.42,20.99
2026-05-17 04:35:00,12,534.21,-184.21,35.13,1.0,216.57,0.01,103.95,70.17,20.87
2026-05-17 04:40:00,12,534.21,-184.21,36.23,1.0,225.91,0.01,108.44,71.03,20.75
2026-05-17 04:45:00,12,534.21,-184.21,36.62,0.0,206.05,0.0,98.91,68.88,20.64
2026-05-17 04:50:00,12,534.21,-184.21,36.81,2.0,319.07,0.01,153.15,81.9,20.5
2026-05-17 04:55:00,12,534.21,-184.21,36.04,1.0,265.38,0.0,127.38,75.03,20.38
2026-05-17 05:00:00,12,534.21,-184.21,36.63,0.0,202.46,0.0,97.18,68.57,20.26
2026-05-17 05:05:00,12,534.21,-184.21,35.59,1.0,324.33,0.0,155.68,82.24,20.12
2026-05-17 05:10:00,12,534.21,-184.21,36.0,2.0,304.54,0.01,146.18,80.03,19.99
2026-05-17 05:15:00,12,534.21,-184.21,36.08,2.0,263.1,0.01,126.29,75.15,19.87
2026-05-17 05:20:00,12,534.21,-184.21,36.38,1.0,217.19,0.01,104.25,70.23,19.75
2026-05-17 05:25:00,12,534.21,-184.21,37.19,1.0,224.26,0.01,107.65,70.88,19.63
2026-05-17 05:30:00,12,534.21,-184.21,37.33,1.0,288.95,0.0,138.7,77.74,19.5
2026-05-17 05:35:00,12,534.21,-184.21,37.65,0.0,236.31,0.0,113.43,71.66,19.38
2026-05-17 05:40:00,12,534.21,-184.21,37.73,0.0,250.5,0.0,120.24,73.09,19.26
2026-05-17 05:45:00,12,534.21,-184.21,36.45,1.0,291.45,0.0,139.9,78.04,19.13
2026-05-17 05:50:00,12,534.21,-184.21,37.11,0.0,208.16,0.0,99.92,69.06,19.01
2026-05-17 05:55:00,12,534.21,-184.21,37.89,0.0,247.78,0.0,118.94,72.81,18.89
2026-05-17 06:00:00,12,534.21,-184.21,38.12,3.0,282.01,0.01,135.36,77.64,18.76
2026-05-17 06:05:00,12,534.21,-184.21,38.23,1.0,277.75,0.0,133.32,76.42,18.64
2026-05-17 06:10:00,12,534.21,-184.21,38.52,1.0,307.85,0.0,147.77,80.08,18.5
2026-05-17 06:15:00,12,534.21,-184.21,38.38,2.0,241.16,0.01,115.76,72.86,18.38
2026-05-17 06:20:00,12,534.21,-184.21,38.18,2.0,308.65,0.01,148.15,80.55,18.25
2026-05-17 06:25:00,12,534.21,-184.21,39.48,0.0,302.42,0.0,145.16,79.04,18.12
2026-05-17 06:30:00,12,534.21,-184.21,38.74,1.0,284.08,0.0,136.36,77.16,17.99
2026-05-17 06:35:00,12,534.21,-184.21,39.39,1.0,252.08,0.01,121.0,73.63,17.86
2026-05-17 06:40:00,12,534.21,-184.21,39.16,0.0,246.45,0.0,118.3,72.68,17.74
2026-05-17 06:45:00,12,534.21,-184.21,39.37,1.0,225.76,0.01,108.36,71.02,17.62
2026-05-17 06:50:00,12,534.21,-184.21,39.79,1.0,279.48,0.0,134.15,76.63,17.5
2026-05-17 06:55:00,12,534.21,-184.21,39.41,1.0,240.01,0.01,115.2,72.39,17.38
2026-05-17 07:00:00,12,534.21,-184.21,40.51,0.0,266.13,0.0,127.74,74.77,17.25
2026-05-17 07:05:00,12,534.21,-184.21,39.15,3.0,287.28,0.01,137.9,78.26,17.12
2026-05-17 07:10:00,12,534.21,-184.21,39.95,1.0,240.07,0.01,115.23,72.4,17.0
2026-05-17 07:15:00,12,534.21,-184.21,40.13,1.0,296.94,0.0,142.53,78.72,16.87
2026-05-17 07:20:00,12,534.21,-184.21,39.63,0.0,319.71,0.0,153.46,81.28,16.73
2026-05-17 07:25:00,12,534.21,-184.21,40.06,2.0,270.9,0.01,130.03,76.02,16.61
2026-05-17 07:30:00,12,534.21,-184.21,41.76,0.0,254.38,0.0,122.1,73.5,16.49
2026-05-17 07:35:00,12,534.21,-184.21,40.48,0.0,299.96,0.0,143.98,78.74,16.35
2026-05-17 07:40:00,12,534.21,-184.21,41.39,0.0,311.55,0.0,149.54,80.21,16.22
2026-05-17 07:45:00,12,534.21,-184.21,41.29,0.0,272.88,0.0,130.98,75.52,16.09
2026-05-17 07:50:00,12,534.21,-184.21,40.94,2.0,311.7,0.01,149.62,80.95,15.96
2026-05-17 07:55:00,12,534.21,-184.21,40.81,0.0,324.68,0.0,155.84,81.94,15.82
2026-05-17 08:00:00,12,534.21,-184.21,41.42,0.0,256.94,0.0,123.33,73.77,15.7
2026-05-17 08:05:00,12,534.21,-184.21,41.01,2.0,273.18,0.01,131.13,76.28,15.57
2026-05-17 08:10:00,12,534.21,-184.21,41.65,3.0,211.29,0.02,101.42,70.43,15.46
2026-05-17 08:15:00,12,534.21,-184.21,41.74,0.0,202.86,0.0,97.37,68.62,15.34
2026-05-17 08:20:00,12,534.21,-184.21,41.99,2.0,281.03,0.01,134.9,77.18,15.21
2026-05-17 08:25:00,12,534.21,-184.21,41.76,1.0,233.9,0.01,112.27,71.8,15.09
2026-05-17 08:30:00,12,534.21,-184.21,42.04,0.0,281.05,0.0,134.9,76.46,14.97
2026-05-17 08:35:00,12,534.21,-184.21,42.43,1.0,217.85,0.01,104.57,70.3,14.85
2026-05-17 08:40:00,12,534.21,-184.21,42.41,1.0,254.21,0.0,122.02,73.84,14.72
2026-05-17 08:45:00,12,534.21,-184.21,42.68,0.0,252.22,0.0,121.07,73.28,14.6
2026-05-17 08:50:00,12,534.21,-184.21,43.46,1.0,202.46,0.01,97.18,68.96,14.49
2026-05-17 08:55:00,12,534.21,-184.21,42.63,2.0,320.72,0.01,153.94,82.13,14.35
2026-05-17 09:00:00,12,534.21,-184.21,43.88,3.0,211.76,0.02,101.65,70.48,14.23
2026-05-17 09:05:00,12,534.21,-184.21,42.56,0.0,218.28,0.0,104.77,69.97,14.12
2026-05-17 09:10:00,12,534.21,-184.21,42.72,1.0,273.2,0.0,131.14,75.92,13.99
2026-05-17 09:15:00,12,534.21,-184.21,43.86,1.0,290.74,0.0,139.55,77.97,13.86
2026-05-17 09:20:00,12,534.21,-184.21,44.22,1.0,225.41,0.01,108.2,71.0,13.74
2026-05-17 09:25:00,12,534.21,-184.21,42.93,0.0,242.79,0.0,116.54,72.31,13.62
2026-05-17 09:30:00,12,534.21,-184.21,43.24,2.0,253.41,0.01,121.64,74.13,13.5
2026-05-17 09:35:00,12,534.21,-184.21,43.51,0.0,211.58,0.0,101.56,69.37,13.38
2026-05-17 09:40:00,12,534.21,-184.21,43.28,1.0,267.99,0.0,128.64,75.33,13.26
2026-05-17 09:45:00,12,534.21,-184.21,43.75,0.0,206.69,0.0,99.21,68.95,13.14
2026-05-17 09:50:00,12,534.21,-184.21,43.21,0.0,259.71,0.0,124.66,74.07,13.02
2026-05-17 09:55:00,12,534.21,-184.21,44.74,0.0,321.22,0.0,154.19,81.49,12.88
2026-05-17 10:00:00,12,534.21,-184.21,42.99,0.0,235.47,0.0,113.02,71.58,12.76
2026-05-17 10:05:00,12,534.21,-184.21,44.6,1.0,214.68,0.01,103.05,70.02,12.65
2026-05-17 10:10:00,12,534.21,-184.21,44.52,0.0,277.05,0.0,132.99,76.01,12.52
2026-05-17 10:15:00,12,534.21,-184.21,44.0,0.0,221.56,0.0,106.35,70.27,12.4
2026-05-17 10:20:00,12,534.21,-184.21,43.92,0.0,242.24,0.0,116.28,72.26,12.28
2026-05-17 10:25:00,12,534.21,-184.21,44.54,1.0,243.96,0.01,117.1,72.8,12.16
2026-05-17 10:30:00,12,534.21,-184.21,44.22,1.0,264.15,0.0,126.79,74.91,12.04
2026-05-17 10:35:00,12,534.21,-184.21,44.58,0.0,217.99,0.0,104.63,69.94,11.92
2026-05-17 10:40:00,12,534.21,-184.21,44.37,1.0,223.69,0.01,107.37,70.84,11.8
2026-05-17 10:45:00,12,534.21,-184.21,44.65,2.0,285.56,0.01,137.07,77.72,11.67
2026-05-17 10:50:00,12,534.21,-184.21,44.62,1.0,280.68,0.0,134.73,76.78,11.54
2026-05-17 10:55:00,12,534.21,-184.21,45.16,2.0,237.66,0.01,114.07,72.52,11.42
2026-05-17 11:00:00,12,534.21,-184.21,44.38,1.0,276.71,0.0,132.82,76.32,11.3
2026-05-17 11:05:00,12,534.21,-184.21,44.68,1.0,257.73,0.0,123.71,74.22,11.17
2026-05-17 11:10:00,12,534.21,-184.21,43.96,0.0,300.72,0.0,144.34,78.84,11.04
2026-05-17 11:15:00,12,534.21,-184.21,44.71,2.0,313.98,0.01,150.71,81.25,10.91
2026-05-17 11:20:00,12,534.21,-184.21,46.02,3.0,249.03,0.02,119.53,74.04,10.78
2026-05-17 11:25:00,12,534.21,-184.21,45.16,1.0,318.48,0.0,152.87,81.48,10.65
2026-05-17 11:30:00,12,534.21,-184.21,45.74,4.0,238.69,0.02,114.57,73.35,10.52
2026-05-17 11:35:00,12,534.21,-184.21,44.86,0.0,211.69,0.0,101.61,69.38,10.41
2026-05-17 11:40:00,12,534.21,-184.21,44.71,2.0,218.78,0.01,105.02,70.74,10.29
2026-05-17 11:45:00,12,534.21,-184.21,45.36,1.0,294.09,0.0,141.16,78.38,10.16
2026-05-17 11:50:00,12,534.21,-184.21,44.61,1.0,308.02,0.0,147.85,80.12,10.03
2026-05-17 11:55:00,12,534.21,-184.21,45.51,1.0,227.79,0.01,109.34,71.22,9.91
2026-05-17 12:00:00,12,534.21,-184.21,45.56,1.0,214.77,0.01,103.09,70.03,9.79
2026-05-17 12:05:00,12,534.21,-184.21,45.33,3.0,291.33,0.01,139.84,78.76,9.66
2026-05-17 12:10:00,12,534.21,-184.21,45.14,3.0,313.78,0.01,150.62,81.58,9.52
2026-05-17 12:15:00,12,534.21,-184.21,45.01,0.0,209.93,0.0,100.77,69.23,9.41
2026-05-17 12:20:00,12,534.21,-184.21,44.71,3.0,249.57,0.02,119.79,74.1,9.28
2026-05-17 12:25:00,12,534.21,-184.21,44.84,2.0,307.96,0.01,147.82,80.48,9.15
2026-05-17 12:30:00,12,534.21,-184.21,45.05,0.0,256.78,0.0,123.26,73.77,9.03
2026-05-17 12:35:00,12,534.21,-184.21,44.46,3.0,273.67,0.01,131.36,76.69,8.9
2026-05-17 12:40:00,12,534.21,-184.21,44.33,1.0,247.95,0.01,119.01,73.21,8.78
2026-05-17 12:45:00,12,534.21,-184.21,44.33,4.0,292.99,0.01,140.64,79.31,8.65
2026-05-17 12:50:00,12,534.21,-184.21,44.67,2.0,208.91,0.01,100.28,69.86,8.53
2026-05-17 12:55:00,12,534.21,-184.21,45.3,4.0,292.94,0.01,140.61,79.31,8.4
2026-05-17 13:00:00,12,534.21,-184.21,44.65,1.0,294.22,0.0,141.22,78.39,8.27
2026-05-17 13:05:00,12,534.21,-184.21,45.1,1.0,232.1,0.01,111.41,71.63,8.15
2026-05-17 13:10:00,12,534.21,-184.21,44.15,0.0,299.12,0.0,143.58,78.64,8.02
2026-05-17 13:15:00,12,534.21,-184.21,44.03,4.0,245.11,0.02,117.65,73.99,7.89
2026-05-17 13:20:00,12,534.21,-184.21,44.31,1.0,203.25,0.01,97.56,69.03,7.78
2026-05-17 13:25:00,12,534.21,-184.21,44.59,5.0,267.74,0.02,128.52,76.75,7.65
2026-05-17 13:30:00,12,534.21,-184.21,45.27,2.0,227.02,0.01,108.97,71.5,7.53
2026-05-17 13:35:00,12,534.21,-184.21,44.46,0.0,220.6,0.0,105.89,70.18,7.41
2026-05-17 13:40:00,12,534.21,-184.21,44.54,2.0,318.52,0.01,152.89,81.85,7.28
2026-05-17 13:45:00,12,534.21,-184.21,43.34,0.0,200.73,0.0,96.35,68.44,7.16
2026-05-17 13:50:00,12,534.21,-184.21,43.49,3.0,287.07,0.01,137.79,78.25,7.03
2026-05-17 13:55:00,12,534.21,-184.21,43.95,2.0,200.07,0.02,96.03,69.13,6.92
2026-05-17 14:00:00,12,534.21,-184.21,43.42,2.0,201.97,0.02,96.95,69.29,6.8
2026-05-17 14:05:00,12,534.21,-184.21,43.76,5.0,275.99,0.02,132.48,77.68,6.67
2026-05-17 14:10:00,12,534.21,-184.21,43.29,4.0,321.89,0.01,154.51,82.99,6.53
2026-05-17 14:15:00,12,534.21,-184.21,43.59,0.0,237.41,0.0,113.96,71.78,6.41
2026-05-17 14:20:00,12,534.21,-184.21,43.58,0.0,299.32,0.0,143.68,78.67,6.28
2026-05-17 14:25:00,12,534.21,-184.21,42.77,4.0,238.54,0.02,114.5,73.33,6.16
2026-05-17 14:30:00,12,534.21,-184.21,43.34,2.0,226.02,0.01,108.49,71.4,6.04
2026-05-17 14:35:00,12,534.21,-184.21,43.28,5.0,287.31,0.02,137.91,79.0,5.91
2026-05-17 14:40:00,12,534.21,-184.21,43.59,3.0,278.76,0.01,133.8,77.27,5.78
2026-05-17 14:45:00,12,534.21,-184.21,44.45,3.0,236.42,0.02,113.48,72.77,5.66
2026-05-17 14:50:00,12,534.21,-184.21,42.98,2.0,209.3,0.01,100.46,69.89,5.54
2026-05-17 14:55:00,12,534.21,-184.21,43.9,1.0,250.91,0.01,120.44,73.52,5.42
2026-05-17 15:00:00,12,534.21,-184.21,43.26,1.0,321.12,0.0,154.14,81.82,5.29
2026-05-17 15:05:00,12,534.21,-184.21,43.56,1.0,207.24,0.01,99.47,69.36,5.17
2026-05-17 15:10:00,12,534.21,-184.21,41.78,5.0,298.78,0.02,143.41,80.39,5.04
2026-05-17 15:15:00,12,534.21,-184.21,43.54,4.0,297.77,0.01,142.93,79.9,4.9
2026-05-17 15:20:00,12,534.21,-184.21,42.79,4.0,271.49,0.02,130.31,76.81,4.77
2026-05-17 15:25:00,12,534.21,-184.21,43.23,1.0,280.93,0.0,134.84,76.8,4.65
2026-05-17 15:30:00,12,534.21,-184.21,42.35,1.0,276.78,0.0,132.85,76.32,4.52
2026-05-17 15:35:00,12,534.21,-184.21,42.7,1.0,200.95,0.01,96.45,68.83,4.4
2026-05-17 15:40:00,12,534.21,-184.21,42.1,1.0,256.19,0.0,122.97,74.05,4.28
2026-05-17 15:45:00,12,534.21,-184.21,41.31,2.0,241.4,0.01,115.87,72.89,4.16
2026-05-17 15:50:00,12,534.21,-184.21,41.92,0.0,238.58,0.0,114.52,71.89,4.04
2026-05-17 15:55:00,12,534.21,-184.21,42.83,1.0,203.2,0.01,97.54,69.02,3.92
2026-05-17 16:00:00,12,534.21,-184.21,40.98,2.0,258.65,0.01,124.15,74.68,3.8
2026-05-17 16:05:00,12,534.21,-184.21,41.37,0.0,224.12,0.0,107.58,70.5,3.68
2026-05-17 16:10:00,12,534.21,-184.21,41.27,1.0,300.75,0.0,144.36,79.19,3.55
2026-05-17 16:15:00,12,534.21,-184.21,41.21,1.0,314.64,0.0,151.03,80.96,3.42
2026-05-17 16:20:00,12,534.21,-184.21,41.13,2.0,223.05,0.01,107.06,71.12,3.3
2026-05-17 16:25:00,12,534.21,-184.21,40.36,3.0,283.15,0.01,135.91,77.78,3.17
2026-05-17 16:30:00,12,534.21,-184.21,41.12,1.0,223.31,0.01,107.19,70.79,3.05
2026-05-17 16:35:00,12,534.21,-184.21,40.81,0.0,220.56,0.0,105.87,70.17,2.93
2026-05-17 16:40:00,12,534.21,-184.21,40.39,1.0,253.76,0.0,121.81,73.79,2.81
2026-05-17 16:45:00,12,534.21,-184.21,39.52,1.0,234.73,0.01,112.67,71.88,2.69
2026-05-17 16:50:00,12,534.21,-184.21,40.06,3.0,319.86,0.01,153.53,82.37,2.55
2026-05-17 16:55:00,12,534.21,-184.21,40.71,1.0,250.23,0.01,120.11,73.44,2.43
2026-05-17 17:00:00,12,534.21,-184.21,39.19,3.0,223.28,0.02,107.17,71.51,2.31
2026-05-17 17:05:00,12,534.21,-184.21,39.67,0.0,228.37,0.0,109.62,70.9,2.19
2026-05-17 17:10:00,12,534.21,-184.21,39.68,2.0,232.84,0.01,111.76,72.04,2.07
2026-05-17 17:15:00,12,534.21,-184.21,39.64,4.0,322.42,0.01,154.76,83.06,1.93
2026-05-17 17:20:00,12,534.21,-184.21,39.5,1.0,201.19,0.01,96.57,68.84,1.82
2026-05-17 17:25:00,12,534.21,-184.21,38.62,1.0,268.64,0.0,128.95,75.39,1.69
2026-05-17 17:30:00,12,534.21,-184.21,39.04,2.0,245.79,0.01,117.98,73.33,1.57
2026-05-17 17:35:00,12,534.21,-184.21,38.41,3.0,273.02,0.01,131.05,76.61,1.44
2026-05-17 17:40:00,12,534.21,-184.21,37.78,1.0,275.09,0.0,132.05,76.12,1.32
2026-05-17 17:45:00,12,534.21,-184.21,39.09,2.0,316.59,0.01,151.96,81.58,1.18
2026-05-17 17:50:00,12,534.21,-184.21,37.69,2.0,246.11,0.01,118.13,73.36,1.06
2026-05-17 17:55:00,12,534.21,-184.21,37.89,3.0,243.24,0.02,116.76,73.44,0.94
2026-05-17 18:00:00,12,534.21,-184.21,38.77,0.0,264.38,0.0,126.9,74.57,0.81
2026-05-17 18:05:00,12,534.21,-184.21,37.85,2.0,209.73,0.01,100.67,69.92,0.7
2026-05-17 18:10:00,12,534.21,-184.21,38.11,0.0,217.17,0.0,104.24,69.86,0.58
2026-05-17 18:15:00,12,534.21,-184.21,38.37,1.0,217.43,0.01,104.37,70.25,0.46
2026-05-17 18:20:00,12,534.21,-184.21,36.87,2.0,319.47,0.01,153.35,81.96,0.33
2026-05-17 18:25:00,12,534.21,-184.21,37.74,0.0,203.29,0.0,97.58,68.65,0.21
2026-05-17 18:30:00,12,534.21,-184.21,38.09,0.0,272.82,0.0,130.95,75.51,0.09
2026-05-17 18:35:00,12,534.21,-184.21,37.06,1.0,278.65,0.0,133.75,76.53,0.0
2026-05-17 18:40:00,12,534.21,-184.21,37.04,0.0,243.78,0.0,117.01,72.4,0.0
2026-05-17 18:45:00,12,534.21,-184.21,37.38,0.0,320.0,0.0,153.6,81.31,0.0
2026-05-17 18:50:00,12,534.21,-184.21,35.96,0.0,288.22,0.0,138.35,77.3,0.0
2026-05-17 18:55:00,12,534.21,-184.21,36.57,1.0,273.55,0.0,131.3,75.94,0.0
2026-05-17 19:00:00,12,534.21,-184.21,36.13,0.0,233.47,0.0,112.07,71.38,0.0
2026-05-17 19:05:00,12,534.21,-184.21,35.9,0.0,217.95,0.0,104.62,69.92,0.0
2026-05-17 19:10:00,12,534.21,-184.21,35.61,0.0,211.48,0.0,101.51,69.35,0.0
2026-05-17 19:15:00,12,534.21,-184.21,35.34,2.0,282.03,0.01,135.37,77.29,0.0
2026-05-17 19:20:00,12,534.21,-184.21,35.02,0.0,217.01,0.0,104.16,69.84,0.0
2026-05-17 19:25:00,12,534.21,-184.21,35.27,0.0,288.51,0.0,138.49,77.33,0.0
2026-05-17 19:30:00,12,534.21,-184.21,34.51,0.0,230.15,0.0,110.47,71.05,0.0
2026-05-17 19:35:00,12,534.21,-184.21,34.7,0.0,288.96,0.0,138.7,77.39,0.0
2026-05-17 19:40:00,12,534.21,-184.21,36.36,0.0,264.07,0.0,126.75,74.53,0.0
2026-05-17 19:45:00,12,534.21,-184.21,34.98,0.0,319.84,0.0,153.52,81.28,0.0
2026-05-17 19:50:00,12,534.21,-184.21,35.44,2.0,271.77,0.01,130.45,76.11,0.0
2026-05-17 19:55:00,12,534.21,-184.21,34.66,1.0,205.04,0.01,98.42,69.16,0.0
2026-05-17 20:00:00,12,534.21,-184.21,34.53,1.0,230.25,0.01,110.52,71.43,0.0
2026-05-17 20:05:00,12,534.21,-184.21,34.12,0.0,289.45,0.0,138.94,77.44,0.0
2026-05-17 20:10:00,12,534.21,-184.21,35.06,0.0,288.09,0.0,138.28,77.28,0.0
2026-05-17 20:15:00,12,534.21,-184.21,33.09,0.0,293.53,0.0,140.89,77.93,0.0
2026-05-17 20:20:00,12,534.21,-184.21,33.93,1.0,256.96,0.0,123.34,74.11,0.0
2026-05-17 20:25:00,12,534.21,-184.21,33.64,0.0,274.37,0.0,131.7,75.68,0.0
2026-05-17 20:30:00,12,534.21,-184.21,34.04,0.0,264.02,0.0,126.73,74.52,0.0
2026-05-17 20:35:00,12,534.21,-184.21,33.01,1.0,209.73,0.01,100.67,69.56,0.0
2026-05-17 20:40:00,12,534.21,-184.21,32.22,2.0,316.25,0.01,151.8,81.53,0.0
2026-05-17 20:45:00,12,534.21,-184.21,32.87,0.0,207.39,0.0,99.55,68.99,0.0
2026-05-17 20:50:00,12,534.21,-184.21,33.37,0.0,299.01,0.0,143.52,78.61,0.0
2026-05-17 20:55:00,12,534.21,-184.21,33.43,0.0,248.11,0.0,119.09,72.83,0.0
2026-05-17 21:00:00,12,534.21,-184.21,33.48,1.0,306.18,0.0,146.96,79.86,0.0
2026-05-17 21:05:00,12,534.21,-184.21,31.98,0.0,205.81,0.0,98.79,68.85,0.0
2026-05-17 21:10:00,12,534.21,-184.21,33.02,2.0,286.56,0.01,137.55,77.82,0.0
2026-05-17 21:15:00,12,534.21,-184.21,33.84,0.0,277.76,0.0,133.33,76.07,0.0
2026-05-17 21:20:00,12,534.21,-184.21,32.61,1.0,286.62,0.0,137.58,77.45,0.0
2026-05-17 21:25:00,12,534.21,-184.21,31.71,2.0,215.7,0.01,103.54,70.43,0.0
2026-05-17 21:30:00,12,534.21,-184.21,32.03,1.0,256.07,0.0,122.91,74.01,0.0
2026-05-17 21:35:00,12,534.21,-184.21,33.05,1.0,245.11,0.01,117.65,72.9,0.0
2026-05-17 21:40:00,12,534.21,-184.21,32.27,0.0,306.21,0.0,146.98,79.51,0.0
2026-05-17 21:45:00,12,534.21,-184.21,32.92,0.0,273.28,0.0,131.18,75.56,0.0
2026-05-17 21:50:00,12,534.21,-184.21,32.35,1.0,250.21,0.01,120.1,73.42,0.0
2026-05-17 21:55:00,12,534.21,-184.21,32.19,1.0,235.68,0.01,113.13,71.96,0.0
2026-05-17 22:00:00,12,534.21,-184.21,32.21,1.0,295.4,0.0,141.79,78.51,0.0
2026-05-17 22:05:00,12,534.21,-184.21,32.75,2.0,268.28,0.01,128.77,75.71,0.0
2026-05-17 22:10:00,12,534.21,-184.21,31.85,0.0,221.04,0.0,106.1,70.2,0.0
2026-05-17 22:15:00,12,534.21,-184.21,32.18,0.0,314.33,0.0,150.88,80.56,0.0
2026-05-17 22:20:00,12,534.21,-184.21,32.13,3.0,262.68,0.01,126.09,75.45,0.0
2026-05-17 22:25:00,12,534.21,-184.21,31.08,1.0,229.48,0.01,110.15,71.35,0.0
2026-05-17 22:30:00,12,534.21,-184.21,31.15,1.0,259.24,0.0,124.44,74.35,0.0
2026-05-17 22:35:00,12,534.21,-184.21,31.92,1.0,240.89,0.01,115.63,72.47,0.0
2026-05-17 22:40:00,12,534.21,-184.21,30.2,1.0,308.7,0.0,148.18,80.18,0.0
2026-05-17 22:45:00,12,534.21,-184.21,32.13,0.0,258.43,0.0,124.04,73.91,0.0
2026-05-17 22:50:00,12,534.21,-184.21,31.62,1.0,286.48,0.0,137.51,77.43,0.0
2026-05-17 22:55:00,12,534.21,-184.21,31.63,1.0,243.81,0.01,117.03,72.76,0.0
2026-05-17 23:00:00,12,534.21,-184.21,31.21,2.0,280.74,0.01,134.75,77.13,0.0
2026-05-17 23:05:00,12,534.21,-184.21,30.81,0.0,219.78,0.0,105.49,70.08,0.0
2026-05-17 23:10:00,12,534.21,-184.21,29.95,1.0,221.85,0.01,106.49,70.64,0.0
2026-05-17 23:15:00,12,534.21,-184.21,30.41,4.0,231.74,0.02,111.24,72.64,0.0
2026-05-17 23:20:00,12,534.21,-184.21,30.94,0.0,285.46,0.0,137.02,76.96,0.0
2026-05-17 23:25:00,12,534.21,-184.21,30.82,1.0,244.82,0.01,117.51,72.86,0.0
2026-05-17 23:30:00,12,534.21,-184.21,31.62,2.0,302.07,0.01,144.99,79.71,0.0
2026-05-17 23:35:00,12,534.21,-184.21,30.64,1.0,253.07,0.0,121.47,73.69,100.0
2026-05-17 23:40:00,12,534.21,-184.21,29.94,1.0,304.9,0.0,146.35,79.69,99.87
2026-05-17 23:45:00,12,534.21,-184.21,30.9,4.0,269.46,0.02,129.34,76.56,99.74
2026-05-17 23:50:00,12,534.21,-184.21,30.9,0.0,261.58,0.0,125.56,74.25,99.62
2026-05-17 23:55:00,12,534.21,-184.21,30.9,1.0,207.37,0.01,99.54,69.35,99.5
2026-05-18 00:00:00,12,534.21,-184.21,31.24,0.0,218.59,0.0,104.92,69.97,99.38
2026-05-18 00:05:00,12,534.21,-184.21,31.0,1.0,271.97,0.0,130.54,75.75,99.26
2026-05-18 00:10:00,12,534.21,-184.21,31.23,1.0,252.04,0.01,120.98,73.61,99.13
2026-05-18 00:15:00,12,534.21,-184.21,32.08,0.0,242.71,0.0,116.5,72.28,99.01
2026-05-18 00:20:00,12,534.21,-184.21,30.88,5.0,259.7,0.02,124.66,75.84,98.89
2026-05-18 00:25:00,12,534.21,-184.21,31.17,1.0,215.93,0.01,103.65,70.1,98.77
2026-05-18 00:30:00,12,534.21,-184.21,30.43,1.0,205.17,0.01,98.48,69.16,98.66
2026-05-18 00:35:00,12,534.21,-184.21,30.35,0.0,278.0,0.0,133.44,76.09,98.53
2026-05-18 00:40:00,12,534.21,-184.21,31.18,2.0,202.53,0.02,97.22,69.31,98.41
2026-05-18 00:45:00,12,534.21,-184.21,31.02,1.0,212.31,0.01,101.91,69.78,98.3
2026-05-18 00:50:00,12,534.21,-184.21,30.79,4.0,277.85,0.02,133.37,77.51,98.17
2026-05-18 00:55:00,12,534.21,-184.21,31.28,2.0,202.41,0.02,97.16,69.3,98.05
2026-05-18 01:00:00,12,534.21,-184.21,31.11,2.0,250.3,0.01,120.15,73.78,97.93
2026-05-18 01:05:00,12,534.21,-184.21,31.61,1.0,220.63,0.01,105.9,70.53,97.81
2026-05-18 01:10:00,12,534.21,-184.21,30.11,2.0,218.74,0.01,105.0,70.71,97.69
2026-05-18 01:15:00,12,534.21,-184.21,31.99,3.0,226.97,0.02,108.94,71.84,97.57
2026-05-18 01:20:00,12,534.21,-184.21,31.63,1.0,260.43,0.0,125.01,74.48,97.45
2026-05-18 01:25:00,12,534.21,-184.21,32.58,4.0,323.06,0.01,155.07,83.13,97.31
2026-05-18 01:30:00,12,534.21,-184.21,31.71,6.0,266.9,0.03,128.11,77.0,97.18
2026-05-18 01:35:00,12,534.21,-184.21,31.58,2.0,243.27,0.01,116.77,73.06,97.06
2026-05-18 01:40:00,12,534.21,-184.21,31.3,3.0,252.93,0.01,121.4,74.4,96.94
2026-05-18 01:45:00,12,534.21,-184.21,31.78,1.0,323.01,0.0,155.04,82.05,96.8
2026-05-18 01:50:00,12,534.21,-184.21,30.8,4.0,242.96,0.02,116.62,73.74,96.68
2026-05-18 01:55:00,12,534.21,-184.21,31.87,1.0,213.16,0.01,102.32,69.86,96.56
2026-05-18 02:00:00,12,534.21,-184.21,31.59,1.0,298.85,0.0,143.45,78.94,96.43
2026-05-18 02:05:00,12,534.21,-184.21,31.79,1.0,202.76,0.01,97.33,68.96,96.31
2026-05-18 02:10:00,12,534.21,-184.21,32.05,5.0,221.92,0.03,106.52,72.09,96.19
2026-05-18 02:15:00,12,534.21,-184.21,31.34,7.0,290.54,0.03,139.46,80.08,96.06
2026-05-18 02:20:00,12,534.21,-184.21,32.82,3.0,260.82,0.01,125.2,75.25,95.94
2026-05-18 02:25:00,12,534.21,-184.21,32.36,4.0,253.33,0.02,121.6,74.82,95.81
2026-05-18 02:30:00,12,534.21,-184.21,33.13,2.0,251.69,0.01,120.81,73.92,95.69
2026-05-18 02:35:00,12,534.21,-184.21,32.76,1.0,245.0,0.01,117.6,72.88,95.57
2026-05-18 02:40:00,12,534.21,-184.21,32.5,3.0,309.51,0.01,148.57,81.0,95.43
2026-05-18 02:45:00,12,534.21,-184.21,32.05,2.0,317.09,0.01,152.2,81.64,95.3
2026-05-18 02:50:00,12,534.21,-184.21,33.34,4.0,243.45,0.02,116.86,73.8,95.17
2026-05-18 02:55:00,12,534.21,-184.21,32.2,1.0,276.3,0.0,132.62,76.25,95.05
2026-05-18 03:00:00,12,534.21,-184.21,32.68,1.0,253.0,0.0,121.44,73.69,94.92
2026-05-18 03:05:00,12,534.21,-184.21,33.01,0.0,282.45,0.0,135.58,76.61,94.79
2026-05-18 03:10:00,12,534.21,-184.21,33.4,4.0,312.95,0.01,150.21,81.8,94.66
2026-05-18 03:15:00,12,534.21,-184.21,33.47,1.0,209.12,0.01,100.38,69.51,94.54
2026-05-18 03:20:00,12,534.21,-184.21,33.33,3.0,259.85,0.01,124.73,75.14,94.42
2026-05-18 03:25:00,12,534.21,-184.21,33.46,1.0,313.05,0.0,150.26,80.74,94.28
2026-05-18 03:30:00,12,534.21,-184.21,33.07,1.0,317.39,0.0,152.35,81.31,94.15
2026-05-18 03:35:00,12,534.21,-184.21,33.85,0.0,259.08,0.0,124.36,73.99,94.02
2026-05-18 03:40:00,12,534.21,-184.21,34.67,5.0,246.78,0.03,118.46,74.51,93.9
2026-05-18 03:45:00,12,534.21,-184.21,33.43,1.0,306.31,0.0,147.03,79.88,93.77
2026-05-18 03:50:00,12,534.21,-184.21,34.45,5.0,316.28,0.02,151.81,82.6,93.63
2026-05-18 03:55:00,12,534.21,-184.21,34.95,5.0,255.22,0.02,122.51,75.37,93.5
2026-05-18 04:00:00,12,534.21,-184.21,35.12,1.0,231.48,0.01,111.11,71.55,93.38
2026-05-18 04:05:00,12,534.21,-184.21,34.87,1.0,206.0,0.01,98.88,69.24,93.27
2026-05-18 04:10:00,12,534.21,-184.21,34.8,3.0,253.47,0.01,121.66,74.46,93.14
2026-05-18 04:15:00,12,534.21,-184.21,35.56,1.0,222.34,0.01,106.72,70.69,93.03
2026-05-18 04:20:00,12,534.21,-184.21,33.68,0.0,245.43,0.0,117.81,72.56,92.91
2026-05-18 04:25:00,12,534.21,-184.21,34.99,6.0,277.59,0.02,133.24,78.19,92.78
2026-05-18 04:30:00,12,534.21,-184.21,35.59,0.0,305.4,0.0,146.59,79.41,92.64
2026-05-18 04:35:00,12,534.21,-184.21,35.34,1.0,310.99,0.0,149.28,80.48,92.51
2026-05-18 04:40:00,12,534.21,-184.21,35.49,3.0,247.58,0.02,118.84,73.87,92.39
2026-05-18 04:45:00,12,534.21,-184.21,36.3,1.0,231.84,0.01,111.28,71.59,92.27
2026-05-18 04:50:00,12,534.21,-184.21,35.74,0.0,208.72,0.0,100.19,69.11,92.15
2026-05-18 04:55:00,12,534.21,-184.21,35.99,0.0,266.67,0.0,128.0,74.82,92.03
2026-05-18 05:00:00,12,534.21,-184.21,35.77,1.0,275.75,0.0,132.36,76.19,91.9
2026-05-18 05:05:00,12,534.21,-184.21,35.67,3.0,303.9,0.01,145.87,80.29,91.77
2026-05-18 05:10:00,12,534.21,-184.21,35.96,1.0,271.74,0.0,130.43,75.73,91.64
2026-05-18 05:15:00,12,534.21,-184.21,36.51,1.0,307.16,0.0,147.44,79.99,91.51
2026-05-18 05:20:00,12,534.21,-184.21,36.18,2.0,230.53,0.01,110.66,71.82,91.39
2026-05-18 05:25:00,12,534.21,-184.21,36.33,0.0,234.99,0.0,112.79,71.52,91.27
2026-05-18 05:30:00,12,534.21,-184.21,37.42,4.0,235.85,0.02,113.21,73.05,91.15
2026-05-18 05:35:00,12,534.21,-184.21,37.34,2.0,285.41,0.01,137.0,77.69,91.02
2026-05-18 05:40:00,12,534.21,-184.21,38.0,4.0,256.83,0.02,123.28,75.2,90.89
2026-05-18 05:45:00,12,534.21,-184.21,36.7,0.0,279.52,0.0,134.17,76.28,90.76
2026-05-18 05:50:00,12,534.21,-184.21,37.88,3.0,321.09,0.01,154.12,82.53,90.63
2026-05-18 05:55:00,12,534.21,-184.21,37.68,1.0,285.63,0.0,137.1,77.34,90.5
2026-05-18 06:00:00,12,534.21,-184.21,38.48,1.0,253.94,0.0,121.89,73.8,90.37
2026-05-18 06:05:00,12,534.21,-184.21,38.01,2.0,321.96,0.01,154.54,82.29,90.24
2026-05-18 06:10:00,12,534.21,-184.21,38.46,0.0,299.13,0.0,143.58,78.63,90.11
2026-05-18 06:15:00,12,534.21,-184.21,37.95,0.0,218.71,0.0,104.98,70.0,89.99
2026-05-18 06:20:00,12,534.21,-184.21,38.9,1.0,322.42,0.0,154.76,81.98,89.85
2026-05-18 06:25:00,12,534.21,-184.21,39.33,1.0,299.41,0.0,143.72,79.02,89.72
2026-05-18 06:30:00,12,534.21,-184.21,39.01,1.0,219.23,0.01,105.23,70.42,89.6
2026-05-18 06:35:00,12,534.21,-184.21,39.51,3.0,279.29,0.01,134.06,77.33,89.48
2026-05-18 06:40:00,12,534.21,-184.21,39.77,0.0,290.53,0.0,139.46,77.59,89.35
2026-05-18 06:45:00,12,534.21,-184.21,38.96,0.0,241.17,0.0,115.76,72.14,89.23
2026-05-18 06:50:00,12,534.21,-184.21,39.48,1.0,238.34,0.01,114.4,72.23,89.11
2026-05-18 06:55:00,12,534.21,-184.21,40.26,0.0,223.14,0.0,107.11,70.41,88.99
2026-05-18 07:00:00,12,534.21,-184.21,40.37,2.0,264.23,0.01,126.83,75.28,88.86
2026-05-18 07:05:00,12,534.21,-184.21,40.41,0.0,251.54,0.0,120.74,73.2,88.74
2026-05-18 07:10:00,12,534.21,-184.21,40.48,0.0,277.17,0.0,133.04,76.01,88.61
2026-05-18 07:15:00,12,534.21,-184.21,40.95,0.0,251.4,0.0,120.67,73.19,88.49
2026-05-18 07:20:00,12,534.21,-184.21,40.54,1.0,253.35,0.0,121.61,73.74,88.37
2026-05-18 07:25:00,12,534.21,-184.21,40.9,1.0,319.86,0.0,153.53,81.65,88.23
2026-05-18 07:30:00,12,534.21,-184.21,41.05,0.0,262.93,0.0,126.21,74.42,88.11
2026-05-18 07:35:00,12,534.21,-184.21,40.13,0.0,279.45,0.0,134.13,76.27,87.98
2026-05-18 07:40:00,12,534.21,-184.21,40.46,0.0,239.6,0.0,115.01,71.99,87.86
2026-05-18 07:45:00,12,534.21,-184.21,40.73,0.0,260.66,0.0,125.12,74.17,87.74
2026-05-18 07:50:00,12,534.21,-184.21,41.13,2.0,295.7,0.01,141.94,78.94,87.61
2026-05-18 07:55:00,12,534.21,-184.21,41.75,1.0,305.69,0.0,146.73,79.81,87.47
2026-05-18 08:00:00,12,534.21,-184.21,41.44,0.0,205.66,0.0,98.72,68.86,87.36
2026-05-18 08:05:00,12,534.21,-184.21,42.24,0.0,220.86,0.0,106.01,70.2,87.24
2026-05-18 08:10:00,12,534.21,-184.21,41.04,0.0,263.02,0.0,126.25,74.43,87.12
2026-05-18 08:15:00,12,534.21,-184.21,42.22,3.0,313.89,0.01,150.67,81.59,86.98
2026-05-18 08:20:00,12,534.21,-184.21,42.11,0.0,226.99,0.0,108.96,70.77,86.86
2026-05-18 08:25:00,12,534.21,-184.21,41.59,0.0,319.34,0.0,153.28,81.23,86.73
2026-05-18 08:30:00,12,534.21,-184.21,43.12,0.0,296.39,0.0,142.27,78.3,86.6
2026-05-18 08:35:00,12,534.21,-184.21,42.2,0.0,225.04,0.0,108.02,70.59,86.48
2026-05-18 08:40:00,12,534.21,-184.21,43.12,0.0,255.74,0.0,122.76,73.65,86.36
2026-05-18 08:45:00,12,534.21,-184.21,41.48,1.0,209.5,0.01,100.56,69.56,86.24
2026-05-18 08:50:00,12,534.21,-184.21,41.84,2.0,260.42,0.01,125.0,74.87,86.12
2026-05-18 08:55:00,12,534.21,-184.21,42.65,1.0,255.06,0.0,122.43,73.93,85.99
2026-05-18 09:00:00,12,534.21,-184.21,43.07,1.0,245.63,0.01,117.9,72.97,85.87
2026-05-18 09:05:00,12,534.21,-184.21,42.9,0.0,206.72,0.0,99.23,68.95,85.76
2026-05-18 09:10:00,12,534.21,-184.21,43.0,0.0,319.18,0.0,153.21,81.21,85.62
2026-05-18 09:15:00,12,534.21,-184.21,43.15,0.0,248.06,0.0,119.07,72.85,85.5
2026-05-18 09:20:00,12,534.21,-184.21,43.78,0.0,242.1,0.0,116.21,72.24,85.38
2026-05-18 09:25:00,12,534.21,-184.21,42.64,1.0,280.08,0.0,134.44,76.7,85.25
2026-05-18 09:30:00,12,534.21,-184.21,42.26,1.0,245.03,0.01,117.61,72.91,85.13
2026-05-18 09:35:00,12,534.21,-184.21,44.28,1.0,239.93,0.01,115.17,72.4,85.01
2026-05-18 09:40:00,12,534.21,-184.21,44.17,1.0,207.62,0.01,99.66,69.4,84.89
2026-05-18 09:45:00,12,534.21,-184.21,44.72,0.0,298.02,0.0,143.05,78.51,84.76
2026-05-18 09:50:00,12,534.21,-184.21,43.53,1.0,215.46,0.01,103.42,70.09,84.65
2026-05-18 09:55:00,12,534.21,-184.21,43.93,3.0,269.78,0.01,129.49,76.25,84.52
2026-05-18 10:00:00,12,534.21,-184.21,43.04,0.0,288.2,0.0,138.34,77.31,84.39
2026-05-18 10:05:00,12,534.21,-184.21,43.66,1.0,212.69,0.01,102.09,69.84,84.27
2026-05-18 10:10:00,12,534.21,-184.21,43.74,0.0,247.24,0.0,118.67,72.76,84.15
2026-05-18 10:15:00,12,534.21,-184.21,44.4,0.0,292.41,0.0,140.36,77.82,84.02
2026-05-18 10:20:00,12,534.21,-184.21,44.53,4.0,311.94,0.01,149.73,81.69,83.89
2026-05-18 10:25:00,12,534.21,-184.21,44.18,0.0,291.33,0.0,139.84,77.69,83.76
2026-05-18 10:30:00,12,534.21,-184.21,45.42,0.0,320.86,0.0,154.01,81.44,83.62
2026-05-18 10:35:00,12,534.21,-184.21,44.78,0.0,235.01,0.0,112.81,71.55,83.5
2026-05-18 10:40:00,12,534.21,-184.21,44.39,0.0,272.33,0.0,130.72,75.47,83.38
2026-05-18 10:45:00,12,534.21,-184.21,44.74,2.0,322.37,0.01,154.74,82.36,83.24
2026-05-18 10:50:00,12,534.21,-184.21,45.38,2.0,249.72,0.01,119.86,73.74,83.12
2026-05-18 10:55:00,12,534.21,-184.21,44.9,0.0,260.59,0.0,125.08,74.17,82.99
2026-05-18 11:00:00,12,534.21,-184.21,44.2,1.0,267.83,0.0,128.56,75.32,82.87
2026-05-18 11:05:00,12,534.21,-184.21,45.24,0.0,203.78,0.0,97.81,68.7,82.75
2026-05-18 11:10:00,12,534.21,-184.21,45.11,2.0,267.64,0.01,128.47,75.67,82.63
2026-05-18 11:15:00,12,534.21,-184.21,43.92,4.0,223.94,0.03,107.49,71.95,82.51
2026-05-18 11:20:00,12,534.21,-184.21,44.78,1.0,228.82,0.01,109.83,71.32,82.39
2026-05-18 11:25:00,12,534.21,-184.21,45.21,2.0,229.68,0.01,110.25,71.75,82.27
2026-05-18 11:30:00,12,534.21,-184.21,45.19,0.0,228.26,0.0,109.56,70.9,82.15
2026-05-18 11:35:00,12,534.21,-184.21,44.61,2.0,212.47,0.01,101.99,70.17,82.03
2026-05-18 11:40:00,12,534.21,-184.21,45.21,2.0,219.93,0.01,105.56,70.84,81.92
2026-05-18 11:45:00,12,534.21,-184.21,45.47,0.0,260.78,0.0,125.17,74.19,81.79
2026-05-18 11:50:00,12,534.21,-184.21,45.66,2.0,303.61,0.01,145.73,79.93,81.66
2026-05-18 11:55:00,12,534.21,-184.21,44.71,2.0,289.57,0.01,138.99,78.2,81.53
2026-05-18 12:00:00,12,534.21,-184.21,44.96,1.0,237.53,0.01,114.02,72.16,81.41
2026-05-18 12:05:00,12,534.21,-184.21,45.71,2.0,290.99,0.01,139.68,78.37,81.28
2026-05-18 12:10:00,12,534.21,-184.21,45.78,1.0,316.23,0.0,151.79,81.18,81.14
2026-05-18 12:15:00,12,534.21,-184.21,45.22,2.0,223.9,0.01,107.47,71.21,81.02
2026-05-18 12:20:00,12,534.21,-184.21,44.87,2.0,230.4,0.01,110.59,71.82,80.9
2026-05-18 12:25:00,12,534.21,-184.21,45.23,3.0,324.0,0.01,155.52,82.93,80.77
2026-05-18 12:30:00,12,534.21,-184.21,45.79,3.0,317.55,0.01,152.42,82.07,80.63
2026-05-18 12:35:00,12,534.21,-184.21,44.49,3.0,280.19,0.01,134.49,77.44,80.5
2026-05-18 12:40:00,12,534.21,-184.21,45.66,4.0,239.03,0.02,114.74,73.38,80.38
2026-05-18 12:45:00,12,534.21,-184.21,44.2,1.0,214.34,0.01,102.88,69.99,80.26
2026-05-18 12:50:00,12,534.21,-184.21,45.99,1.0,226.7,0.01,108.81,71.12,80.14
2026-05-18 12:55:00,12,534.21,-184.21,45.54,0.0,202.4,0.0,97.15,68.59,80.03
2026-05-18 13:00:00,12,534.21,-184.21,45.19,0.0,225.18,0.0,108.08,70.61,79.91
2026-05-18 13:05:00,12,534.21,-184.21,44.96,3.0,221.64,0.02,106.39,71.37,79.79
2026-05-18 13:10:00,12,534.21,-184.21,43.5,3.0,258.09,0.01,123.88,74.97,79.67
2026-05-18 13:15:00,12,534.21,-184.21,44.92,3.0,218.11,0.02,104.69,71.05,79.55
2026-05-18 13:20:00,12,534.21,-184.21,45.29,4.0,306.92,0.01,147.32,81.05,79.41
2026-05-18 13:25:00,12,534.21,-184.21,44.59,2.0,266.98,0.01,128.15,75.59,79.29
2026-05-18 13:30:00,12,534.21,-184.21,44.59,0.0,206.49,0.0,99.11,68.93,79.17
2026-05-18 13:35:00,12,534.21,-184.21,45.4,1.0,262.75,0.0,126.12,74.76,79.05
2026-05-18 13:40:00,12,534.21,-184.21,44.81,3.0,250.68,0.02,120.32,74.21,78.92
2026-05-18 13:45:00,12,534.21,-184.21,43.97,2.0,227.63,0.01,109.26,71.55,78.8
2026-05-18 13:50:00,12,534.21,-184.21,44.7,5.0,279.38,0.02,134.1,78.07,78.67
2026-05-18 13:55:00,12,534.21,-184.21,44.47,3.0,208.9,0.02,100.27,70.23,78.56
2026-05-18 14:00:00,12,534.21,-184.21,44.3,2.0,277.28,0.01,133.09,76.75,78.43
2026-05-18 14:05:00,12,534.21,-184.21,44.02,6.0,315.81,0.02,151.59,82.91,78.29
2026-05-18 14:10:00,12,534.21,-184.21,44.16,1.0,235.63,0.01,113.1,71.97,78.17
2026-05-18 14:15:00,12,534.21,-184.21,43.81,1.0,276.89,0.0,132.91,76.34,78.04
2026-05-18 14:20:00,12,534.21,-184.21,43.32,3.0,303.3,0.01,145.58,80.23,77.91
2026-05-18 14:25:00,12,534.21,-184.21,43.89,3.0,243.48,0.02,116.87,73.47,77.79
2026-05-18 14:30:00,12,534.21,-184.21,42.86,5.0,273.36,0.02,131.21,77.37,77.66
2026-05-18 14:35:00,12,534.21,-184.21,43.68,1.0,253.0,0.0,121.44,73.71,77.54
2026-05-18 14:40:00,12,534.21,-184.21,43.4,2.0,322.39,0.01,154.74,82.36,77.4
2026-05-18 14:45:00,12,534.21,-184.21,44.0,2.0,255.38,0.01,122.58,74.33,77.27
2026-05-18 14:50:00,12,534.21,-184.21,42.82,2.0,268.18,0.01,128.73,75.72,77.15
2026-05-18 14:55:00,12,534.21,-184.21,43.26,3.0,311.11,0.01,149.33,81.23,77.01
2026-05-18 15:00:00,12,534.21,-184.21,43.51,3.0,281.96,0.01,135.34,77.64,76.88
2026-05-18 15:05:00,12,534.21,-184.21,43.35,3.0,308.3,0.01,147.99,80.87,76.75
2026-05-18 15:10:00,12,534.21,-184.21,43.04,2.0,254.84,0.01,122.32,74.27,76.62
2026-05-18 15:15:00,12,534.21,-184.21,43.02,2.0,220.4,0.01,105.79,70.88,76.51
2026-05-18 15:20:00,12,534.21,-184.21,43.04,0.0,268.27,0.0,128.77,75.01,76.38
2026-05-18 15:25:00,12,534.21,-184.21,41.74,1.0,229.29,0.01,110.06,71.36,76.26
2026-05-18 15:30:00,12,534.21,-184.21,42.78,5.0,282.39,0.02,135.55,78.41,76.13
2026-05-18 15:35:00,12,534.21,-184.21,42.04,2.0,219.06,0.01,105.15,70.76,76.01
2026-05-18 15:40:00,12,534.21,-184.21,43.02,1.0,210.12,0.01,100.86,69.61,75.9
2026-05-18 15:45:00,12,534.21,-184.21,41.0,0.0,222.83,0.0,106.96,70.38,75.78
2026-05-18 15:50:00,12,534.21,-184.21,41.69,0.0,262.15,0.0,125.83,74.33,75.66
2026-05-18 15:55:00,12,534.21,-184.21,42.19,0.0,230.73,0.0,110.75,71.13,75.54
2026-05-18 16:00:00,12,534.21,-184.21,41.0,2.0,304.38,0.01,146.1,80.01,75.41
2026-05-18 16:05:00,12,534.21,-184.21,41.54,0.0,288.63,0.0,138.54,77.36,75.28
2026-05-18 16:10:00,12,534.21,-184.21,41.16,3.0,250.36,0.02,120.18,74.17,75.15
2026-05-18 16:15:00,12,534.21,-184.21,40.6,1.0,278.93,0.0,133.88,76.56,75.02
2026-05-18 16:20:00,12,534.21,-184.21,40.8,4.0,297.63,0.01,142.86,79.87,74.89
2026-05-18 16:25:00,12,534.21,-184.21,40.59,2.0,277.61,0.01,133.25,76.78,74.76
2026-05-18 16:30:00,12,534.21,-184.21,40.81,0.0,208.06,0.0,99.87,69.06,74.65
2026-05-18 16:35:00,12,534.21,-184.21,39.85,1.0,295.85,0.0,142.01,78.58,74.52
2026-05-18 16:40:00,12,534.21,-184.21,39.42,2.0,228.0,0.01,109.44,71.58,74.4
2026-05-18 16:45:00,12,534.21,-184.21,40.2,0.0,272.89,0.0,130.99,75.52,74.27
2026-05-18 16:50:00,12,534.21,-184.21,40.32,2.0,271.52,0.01,130.33,76.09,74.15
2026-05-18 16:55:00,12,534.21,-184.21,40.45,0.0,243.23,0.0,116.75,72.35,74.03
2026-05-18 17:00:00,12,534.21,-184.21,39.92,2.0,269.74,0.01,129.48,75.89,73.9
2026-05-18 17:05:00,12,534.21,-184.21,39.12,2.0,237.66,0.01,114.08,72.51,73.78
2026-05-18 17:10:00,12,534.21,-184.21,39.68,2.0,221.98,0.01,106.55,71.02,73.66
2026-05-18 17:15:00,12,534.21,-184.21,39.11,0.0,232.29,0.0,111.5,71.27,73.54
2026-05-18 17:20:00,12,534.21,-184.21,39.02,0.0,242.95,0.0,116.62,72.32,73.42
2026-05-18 17:25:00,12,534.21,-184.21,39.47,1.0,214.38,0.01,102.9,69.98,73.3
2026-05-18 17:30:00,12,534.21,-184.21,39.1,1.0,273.41,0.0,131.24,75.93,73.18
2026-05-18 17:35:00,12,534.21,-184.21,39.17,1.0,230.66,0.01,110.72,71.48,73.06
2026-05-18 17:40:00,12,534.21,-184.21,38.01,1.0,308.79,0.0,148.22,80.2,72.92
2026-05-18 17:45:00,12,534.21,-184.21,38.6,0.0,281.18,0.0,134.97,76.47,72.8
2026-05-18 17:50:00,12,534.21,-184.21,38.01,1.0,211.53,0.01,101.54,69.73,72.68
2026-05-18 17:55:00,12,534.21,-184.21,37.6,0.0,262.6,0.0,126.05,74.38,72.56
2026-05-18 18:00:00,12,534.21,-184.21,39.19,0.0,287.78,0.0,138.13,77.25,72.43
2026-05-18 18:05:00,12,534.21,-184.21,37.6,0.0,320.81,0.0,153.99,81.42,72.29
2026-05-18 18:10:00,12,534.21,-184.21,38.09,1.0,316.01,0.0,151.68,81.13,72.16
2026-05-18 18:15:00,12,534.21,-184.21,37.11,0.0,260.16,0.0,124.88,74.11,72.03
2026-05-18 18:20:00,12,534.21,-184.21,38.2,1.0,283.39,0.0,136.03,77.08,71.9
2026-05-18 18:25:00,12,534.21,-184.21,36.95,0.0,314.15,0.0,150.79,80.54,71.77
2026-05-18 18:30:00,12,534.21,-184.21,37.16,1.0,221.22,0.01,106.19,70.59,71.65
2026-05-18 18:35:00,12,534.21,-184.21,36.81,1.0,201.0,0.01,96.48,68.82,71.54
2026-05-18 18:40:00,12,534.21,-184.21,36.37,2.0,265.25,0.01,127.32,75.38,71.41
2026-05-18 18:45:00,12,534.21,-184.21,36.57,1.0,298.32,0.0,143.19,78.88,71.28
2026-05-18 18:50:00,12,534.21,-184.21,37.18,1.0,285.25,0.0,136.92,77.3,71.15
2026-05-18 18:55:00,12,534.21,-184.21,36.46,1.0,234.83,0.01,112.72,71.88,71.03
2026-05-18 19:00:00,12,534.21,-184.21,36.73,0.0,260.16,0.0,124.88,74.11,70.91
2026-05-18 19:05:00,12,534.21,-184.21,36.44,0.0,294.43,0.0,141.32,78.05,70.78
2026-05-18 19:10:00,12,534.21,-184.21,36.85,1.0,211.68,0.01,101.61,69.74,70.66
2026-05-18 19:15:00,12,534.21,-184.21,36.13,3.0,291.18,0.01,139.77,78.73,70.53
2026-05-18 19:20:00,12,534.21,-184.21,35.65,0.0,250.55,0.0,120.27,73.09,70.41
2026-05-18 19:25:00,12,534.21,-184.21,35.68,0.0,286.24,0.0,137.39,77.06,70.28
2026-05-18 19:30:00,12,534.21,-184.21,35.36,4.0,243.28,0.02,116.77,73.78,70.16
2026-05-18 19:35:00,12,534.21,-184.21,35.6,1.0,254.74,0.0,122.28,73.88,70.04
2026-05-18 19:40:00,12,534.21,-184.21,34.76,2.0,225.71,0.01,108.34,71.36,69.92
2026-05-18 19:45:00,12,534.21,-184.21,34.71,0.0,208.44,0.0,100.05,69.08,69.8
2026-05-18 19:50:00,12,534.21,-184.21,34.0,2.0,321.63,0.01,154.38,82.24,69.66
2026-05-18 19:55:00,12,534.21,-184.21,34.22,1.0,230.12,0.01,110.46,71.42,69.55
2026-05-18 20:00:00,12,534.21,-184.21,34.69,1.0,319.04,0.0,153.14,81.53,69.41
2026-05-18 20:05:00,12,534.21,-184.21,34.51,2.0,316.96,0.01,152.14,81.62,69.27
2026-05-18 20:10:00,12,534.21,-184.21,33.57,0.0,234.29,0.0,112.46,71.45,69.15
2026-05-18 20:15:00,12,534.21,-184.21,34.24,0.0,200.15,0.0,96.07,68.38,69.04
2026-05-18 20:20:00,12,534.21,-184.21,34.02,0.0,247.97,0.0,119.03,72.82,68.92
2026-05-18 20:25:00,12,534.21,-184.21,33.73,3.0,213.99,0.02,102.71,70.65,68.8
2026-05-18 20:30:00,12,534.21,-184.21,33.98,2.0,267.47,0.01,128.39,75.63,68.67
2026-05-18 20:35:00,12,534.21,-184.21,33.44,0.0,261.95,0.0,125.74,74.3,68.55
2026-05-18 20:40:00,12,534.21,-184.21,33.83,0.0,268.26,0.0,128.76,74.99,68.43
2026-05-18 20:45:00,12,534.21,-184.21,32.77,2.0,261.6,0.01,125.57,74.98,68.3
2026-05-18 20:50:00,12,534.21,-184.21,33.01,0.0,292.44,0.0,140.37,77.8,68.17
2026-05-18 20:55:00,12,534.21,-184.21,33.1,1.0,230.47,0.01,110.62,71.45,68.05
2026-05-18 21:00:00,12,534.21,-184.21,33.44,0.0,283.85,0.0,136.25,76.78,67.92
2026-05-18 21:05:00,12,534.21,-184.21,33.75,1.0,282.41,0.0,135.56,76.96,67.8
2026-05-18 21:10:00,12,534.21,-184.21,32.8,1.0,223.69,0.01,107.37,70.81,67.68
2026-05-18 21:15:00,12,534.21,-184.21,33.31,1.0,201.69,0.01,96.81,68.87,67.56
2026-05-18 21:20:00,12,534.21,-184.21,32.04,0.0,248.16,0.0,119.12,72.84,67.44
2026-05-18 21:25:00,12,534.21,-184.21,32.02,0.0,273.46,0.0,131.26,75.57,67.32
2026-05-18 21:30:00,12,534.21,-184.21,33.34,1.0,323.63,0.0,155.34,82.14,67.18
2026-05-18 21:35:00,12,534.21,-184.21,32.75,0.0,206.8,0.0,99.26,68.94,67.06
2026-05-18 21:40:00,12,534.21,-184.21,32.95,0.0,255.98,0.0,122.87,73.66,66.94
2026-05-18 21:45:00,12,534.21,-184.21,33.21,0.0,222.94,0.0,107.01,70.37,66.82
2026-05-18 21:50:00,12,534.21,-184.21,31.95,0.0,213.78,0.0,102.62,69.54,66.71
2026-05-18 21:55:00,12,534.21,-184.21,32.27,1.0,264.55,0.0,126.99,74.93,66.58
2026-05-18 22:00:00,12,534.21,-184.21,31.76,1.0,272.08,0.0,130.6,75.77,66.46
2026-05-18 22:05:00,12,534.21,-184.21,31.73,1.0,300.09,0.0,144.04,79.09,66.33
2026-05-18 22:10:00,12,534.21,-184.21,31.63,2.0,229.33,0.01,110.08,71.69,66.21
2026-05-18 22:15:00,12,534.21,-184.21,32.31,1.0,200.91,0.01,96.43,68.81,66.09
2026-05-18 22:20:00,12,534.21,-184.21,32.25,2.0,271.91,0.01,130.52,76.12,65.96
2026-05-18 22:25:00,12,534.21,-184.21,31.19,0.0,227.19,0.0,109.05,70.77,65.85
2026-05-18 22:30:00,12,534.21,-184.21,32.62,0.0,249.63,0.0,119.82,72.99,65.72
2026-05-18 22:35:00,12,534.21,-184.21,32.16,2.0,200.9,0.02,96.43,69.18,65.61
2026-05-18 22:40:00,12,534.21,-184.21,31.0,0.0,323.42,0.0,155.24,81.75,65.47
2026-05-18 22:45:00,12,534.21,-184.21,31.02,6.0,321.14,0.02,154.15,83.59,65.33
2026-05-18 22:50:00,12,534.21,-184.21,31.39,0.0,256.54,0.0,123.14,73.71,65.21
2026-05-18 22:55:00,12,534.21,-184.21,30.9,0.0,246.7,0.0,118.42,72.69,65.09
2026-05-18 23:00:00,12,534.21,-184.21,31.09,1.0,318.73,0.0,152.99,81.48,64.95
2026-05-18 23:05:00,12,534.21,-184.21,31.19,3.0,307.48,0.01,147.59,80.74,64.82
2026-05-18 23:10:00,12,534.21,-184.21,31.42,4.0,285.04,0.02,136.82,78.35,64.69
2026-05-18 23:15:00,12,534.21,-184.21,31.5,0.0,255.37,0.0,122.58,73.59,64.57
2026-05-18 23:20:00,12,534.21,-184.21,30.76,2.0,211.66,0.01,101.6,70.08,64.45
2026-05-18 23:25:00,12,534.21,-184.21,31.03,3.0,205.48,0.02,98.63,69.91,64.33
2026-05-18 23:30:00,12,534.21,-184.21,30.64,1.0,219.13,0.01,105.18,70.39,64.22
2026-05-18 23:35:00,12,534.21,-184.21,30.54,2.0,313.57,0.01,150.51,81.17,64.08
2026-05-18 23:40:00,12,534.21,-184.21,31.0,2.0,293.41,0.01,140.83,78.63,63.95
2026-05-18 23:45:00,12,534.21,-184.21,31.11,4.0,256.98,0.02,123.35,75.2,63.82
2026-05-18 23:50:00,12,534.21,-184.21,31.29,3.0,264.44,0.01,126.93,75.64,63.7
2026-05-18 23:55:00,12,534.21,-184.21,30.13,2.0,265.28,0.01,127.33,75.38,63.57
2026-05-19 00:00:00,12,534.21,-184.21,31.45,1.0,211.89,0.01,101.71,69.75,63.46
2026-05-19 00:05:00,12,534.21,-184.21,30.63,3.0,242.79,0.02,116.54,73.38,63.33
2026-05-19 00:10:00,12,534.21,-184.21,31.16,1.0,215.22,0.01,103.31,70.04,63.22
2026-05-19 00:15:00,12,534.21,-184.21,31.12,2.0,236.68,0.01,113.61,72.4,63.1
2026-05-19 00:20:00,12,534.21,-184.21,31.65,4.0,251.03,0.02,120.49,74.57,62.97
2026-05-19 00:25:00,12,534.21,-184.21,31.21,2.0,218.19,0.01,104.73,70.66,62.85
2026-05-19 00:30:00,12,534.21,-184.21,31.39,2.0,250.75,0.01,120.36,73.82,62.73
2026-05-19 00:35:00,12,534.21,-184.21,31.35,0.0,313.7,0.0,150.58,80.47,62.6
2026-05-19 00:40:00,12,534.21,-184.21,31.09,2.0,270.09,0.01,129.65,75.91,62.47
2026-05-19 00:45:00,12,534.21,-184.21,31.43,3.0,229.92,0.02,110.36,72.12,62.35
2026-05-19 00:50:00,12,534.21,-184.21,31.37,2.0,254.24,0.01,122.04,74.19,62.23
2026-05-19 00:55:00,12,534.21,-184.21,31.09,1.0,201.3,0.01,96.62,68.84,62.11
2026-05-19 01:00:00,12,534.21,-184.21,31.58,2.0,218.69,0.01,104.97,70.7,61.99
2026-05-19 01:05:00,12,534.21,-184.21,31.25,2.0,245.92,0.01,118.04,73.33,61.87
2026-05-19 01:10:00,12,534.21,-184.21,30.95,5.0,299.3,0.02,143.66,80.43,61.74
2026-05-19 01:15:00,12,534.21,-184.21,30.49,4.0,273.34,0.02,131.2,77.0,61.61
2026-05-19 01:20:00,12,534.21,-184.21,31.44,6.0,251.61,0.03,120.77,75.35,61.48
2026-05-19 01:25:00,12,534.21,-184.21,32.02,6.0,234.09,0.03,112.36,73.59,61.36
2026-05-19 01:30:00,12,534.21,-184.21,32.44,3.0,232.3,0.02,111.51,72.35,61.24
2026-05-19 01:35:00,12,534.21,-184.21,31.84,2.0,284.57,0.01,136.59,77.58,61.11
2026-05-19 01:40:00,12,534.21,-184.21,31.52,0.0,302.64,0.0,145.27,79.06,60.98
2026-05-19 01:45:00,12,534.21,-184.21,31.9,4.0,292.08,0.01,140.2,79.18,60.85
2026-05-19 01:50:00,12,534.21,-184.21,32.15,2.0,306.27,0.01,147.01,80.24,60.71
2026-05-19 01:55:00,12,534.21,-184.21,31.75,2.0,201.04,0.02,96.5,69.19,60.6
2026-05-19 02:00:00,12,534.21,-184.21,31.79,3.0,239.68,0.02,115.05,73.07,60.48
2026-05-19 02:05:00,12,534.21,-184.21,32.05,2.0,261.51,0.01,125.53,74.97,60.35
2026-05-19 02:10:00,12,534.21,-184.21,33.09,1.0,265.53,0.0,127.46,75.04,60.23
2026-05-19 02:15:00,12,534.21,-184.21,32.56,8.0,257.6,0.04,123.65,76.71,60.1
2026-05-19 02:20:00,12,534.21,-184.21,32.34,2.0,321.66,0.01,154.4,82.24,59.96
2026-05-19 02:25:00,12,534.21,-184.21,32.61,3.0,258.0,0.01,123.84,74.94,59.84
2026-05-19 02:30:00,12,534.21,-184.21,32.49,0.0,209.88,0.0,100.74,69.2,59.72
2026-05-19 02:35:00,12,534.21,-184.21,32.3,0.0,225.59,0.0,108.28,70.62,59.6
2026-05-19 02:40:00,12,534.21,-184.21,32.28,1.0,310.19,0.0,148.89,80.37,59.47
2026-05-19 02:45:00,12,534.21,-184.21,31.67,4.0,241.95,0.02,116.14,73.65,59.35
2026-05-19 02:50:00,12,534.21,-184.21,33.23,0.0,248.47,0.0,119.27,72.87,59.23
2026-05-19 02:55:00,12,534.21,-184.21,32.25,2.0,286.23,0.01,137.39,77.78,59.1
2026-05-19 03:00:00,12,534.21,-184.21,32.67,3.0,248.4,0.02,119.23,73.95,58.97
2026-05-19 03:05:00,12,534.21,-184.21,32.87,5.0,304.18,0.02,146.01,81.05,58.84
2026-05-19 03:10:00,12,534.21,-184.21,33.5,2.0,283.41,0.01,136.04,77.45,58.71
2026-05-19 03:15:00,12,534.21,-184.21,33.27,3.0,317.89,0.01,152.59,82.09,58.57
2026-05-19 03:20:00,12,534.21,-184.21,33.69,7.0,283.01,0.03,135.84,79.19,58.44
2026-05-19 03:25:00,12,534.21,-184.21,32.91,1.0,236.28,0.01,113.42,72.02,58.32
2026-05-19 03:30:00,12,534.21,-184.21,33.76,2.0,315.25,0.01,151.32,81.4,58.18
2026-05-19 03:35:00,12,534.21,-184.21,33.65,4.0,238.82,0.02,114.63,73.34,58.06
2026-05-19 03:40:00,12,534.21,-184.21,34.34,2.0,298.25,0.01,143.16,79.24,57.93
2026-05-19 03:45:00,12,534.21,-184.21,33.14,2.0,275.47,0.01,132.22,76.52,57.8
2026-05-19 03:50:00,12,534.21,-184.21,33.83,1.0,322.72,0.0,154.91,82.02,57.67
2026-05-19 03:55:00,12,534.21,-184.21,35.07,3.0,313.83,0.01,150.64,81.57,57.53
2026-05-19 04:00:00,12,534.21,-184.21,34.53,4.0,272.09,0.02,130.6,76.86,57.4
2026-05-19 04:05:00,12,534.21,-184.21,34.87,4.0,265.66,0.02,127.52,76.15,57.27
2026-05-19 04:10:00,12,534.21,-184.21,34.32,7.0,300.34,0.02,144.16,81.26,57.14
2026-05-19 04:15:00,12,534.21,-184.21,35.43,1.0,301.43,0.0,144.68,79.26,57.01
2026-05-19 04:20:00,12,534.21,-184.21,35.2,0.0,247.78,0.0,118.93,72.8,56.89
2026-05-19 04:25:00,12,534.21,-184.21,34.52,2.0,295.14,0.01,141.67,78.85,56.75
2026-05-19 04:30:00,12,534.21,-184.21,35.3,1.0,239.88,0.01,115.14,72.37,56.63
2026-05-19 04:35:00,12,534.21,-184.21,36.15,3.0,211.77,0.02,101.65,70.46,56.52
2026-05-19 04:40:00,12,534.21,-184.21,34.61,1.0,301.05,0.0,144.5,79.21,56.38
2026-05-19 04:45:00,12,534.21,-184.21,36.05,0.0,313.74,0.0,150.6,80.49,56.25
2026-05-19 04:50:00,12,534.21,-184.21,36.11,6.0,312.14,0.02,149.83,82.42,56.11
2026-05-19 04:55:00,12,534.21,-184.21,36.07,1.0,211.77,0.01,101.65,69.74,56.0
2026-05-19 05:00:00,12,534.21,-184.21,36.35,4.0,265.12,0.02,127.26,76.09,55.87
2026-05-19 05:05:00,12,534.21,-184.21,36.04,2.0,275.77,0.01,132.37,76.56,55.74
2026-05-19 05:10:00,12,534.21,-184.21,36.94,1.0,276.4,0.0,132.67,76.27,55.62
2026-05-19 05:15:00,12,534.21,-184.21,36.37,0.0,311.28,0.0,149.42,80.17,55.48
2026-05-19 05:20:00,12,534.21,-184.21,36.06,2.0,276.41,0.01,132.68,76.64,55.35
2026-05-19 05:25:00,12,534.21,-184.21,36.51,1.0,270.37,0.0,129.78,75.58,55.23
2026-05-19 05:30:00,12,534.21,-184.21,36.93,1.0,277.58,0.0,133.24,76.4,55.1
2026-05-19 05:35:00,12,534.21,-184.21,37.89,1.0,255.2,0.0,122.5,73.93,54.98
2026-05-19 05:40:00,12,534.21,-184.21,37.68,3.0,317.76,0.01,152.52,82.08,54.84
2026-05-19 05:45:00,12,534.21,-184.21,37.32,1.0,267.39,0.0,128.35,75.25,54.72
2026-05-19 05:50:00,12,534.21,-184.21,38.25,1.0,305.14,0.0,146.47,79.74,54.58
2026-05-19 05:55:00,12,534.21,-184.21,37.48,2.0,235.0,0.01,112.8,72.25,54.46
2026-05-19 06:00:00,12,534.21,-184.21,38.43,1.0,217.65,0.01,104.47,70.27,54.34
2026-05-19 06:05:00,12,534.21,-184.21,36.82,1.0,309.13,0.0,148.38,80.24,54.21
2026-05-19 06:10:00,12,534.21,-184.21,38.9,0.0,229.54,0.0,110.18,71.01,54.09
2026-05-19 06:15:00,12,534.21,-184.21,38.74,0.0,201.78,0.0,96.86,68.52,53.98
2026-05-19 06:20:00,12,534.21,-184.21,38.1,0.0,276.25,0.0,132.6,75.9,53.85
2026-05-19 06:25:00,12,534.21,-184.21,39.2,0.0,238.78,0.0,114.61,71.9,53.73
2026-05-19 06:30:00,12,534.21,-184.21,39.23,1.0,237.9,0.01,114.19,72.19,53.61
2026-05-19 06:35:00,12,534.21,-184.21,38.83,1.0,276.47,0.0,132.7,76.28,53.48
2026-05-19 06:40:00,12,534.21,-184.21,39.71,1.0,292.59,0.0,140.44,78.18,53.35
2026-05-19 06:45:00,12,534.21,-184.21,39.07,0.0,291.65,0.0,139.99,77.72,53.22
2026-05-19 06:50:00,12,534.21,-184.21,39.85,1.0,298.46,0.0,143.26,78.9,53.09
2026-05-19 06:55:00,12,534.21,-184.21,40.46,0.0,211.15,0.0,101.35,69.33,52.98
2026-05-19 07:00:00,12,534.21,-184.21,38.97,0.0,289.25,0.0,138.84,77.43,52.85
2026-05-19 07:05:00,12,534.21,-184.21,40.87,0.0,247.38,0.0,118.74,72.77,52.73
2026-05-19 07:10:00,12,534.21,-184.21,40.33,2.0,260.33,0.01,124.96,74.86,52.6
2026-05-19 07:15:00,12,534.21,-184.21,40.49,0.0,279.69,0.0,134.25,76.3,52.48
2026-05-19 07:20:00,12,534.21,-184.21,40.5,1.0,235.59,0.01,113.08,71.96,52.36
2026-05-19 07:25:00,12,534.21,-184.21,39.6,0.0,306.94,0.0,147.33,79.62,52.22
2026-05-19 07:30:00,12,534.21,-184.21,40.63,0.0,257.73,0.0,123.71,73.86,52.1
2026-05-19 07:35:00,12,534.21,-184.21,40.4,0.0,244.68,0.0,117.45,72.5,51.98
2026-05-19 07:40:00,12,534.21,-184.21,39.82,0.0,214.61,0.0,103.01,69.63,51.86
2026-05-19 07:45:00,12,534.21,-184.21,41.12,1.0,267.44,0.0,128.37,75.26,51.74
2026-05-19 07:50:00,12,534.21,-184.21,40.92,1.0,287.71,0.0,138.1,77.6,51.61
2026-05-19 07:55:00,12,534.21,-184.21,39.71,0.0,208.73,0.0,100.19,69.12,51.49
2026-05-19 08:00:00,12,534.21,-184.21,41.82,0.0,262.3,0.0,125.9,74.35,51.37
2026-05-19 08:05:00,12,534.21,-184.21,41.16,0.0,205.62,0.0,98.7,68.85,51.25
2026-05-19 08:10:00,12,534.21,-184.21,42.11,1.0,304.89,0.0,146.35,79.71,51.12
2026-05-19 08:15:00,12,534.21,-184.21,41.33,1.0,315.54,0.0,151.46,81.08,50.99
2026-05-19 08:20:00,12,534.21,-184.21,42.12,0.0,272.0,0.0,130.56,75.43,50.86
2026-05-19 08:25:00,12,534.21,-184.21,42.66,0.0,208.7,0.0,100.18,69.12,50.75
2026-05-19 08:30:00,12,534.21,-184.21,43.24,0.0,286.6,0.0,137.57,77.12,50.62
2026-05-19 08:35:00,12,534.21,-184.21,41.45,1.0,256.15,0.0,122.95,74.04,50.49
2026-05-19 08:40:00,12,534.21,-184.21,42.03,0.0,254.83,0.0,122.32,73.55,50.37
2026-05-19 08:45:00,12,534.21,-184.21,43.2,1.0,236.86,0.01,113.69,72.09,50.25
2026-05-19 08:50:00,12,534.21,-184.21,42.7,1.0,251.31,0.01,120.63,73.55,50.13
2026-05-19 08:55:00,12,534.21,-184.21,42.31,1.0,318.09,0.0,152.68,81.42,49.99
2026-05-19 09:00:00,12,534.21,-184.21,42.36,1.0,298.98,0.0,143.51,78.97,49.86
2026-05-19 09:05:00,12,534.21,-184.21,42.92,2.0,244.1,0.01,117.17,73.16,49.74
2026-05-19 09:10:00,12,534.21,-184.21,43.97,0.0,205.28,0.0,98.53,68.83,49.62
2026-05-19 09:15:00,12,534.21,-184.21,43.68,0.0,267.46,0.0,128.38,74.92,49.5
2026-05-19 09:20:00,12,534.21,-184.21,43.92,0.0,321.86,0.0,154.5,81.57,49.36
2026-05-19 09:25:00,12,534.21,-184.21,42.8,0.0,304.48,0.0,146.15,79.31,49.23
2026-05-19 09:30:00,12,534.21,-184.21,43.38,2.0,301.96,0.01,144.94,79.72,49.1
2026-05-19 09:35:00,12,534.21,-184.21,43.87,0.0,231.17,0.0,110.96,71.17,48.98
2026-05-19 09:40:00,12,534.21,-184.21,43.89,2.0,272.75,0.01,130.92,76.24,48.85
2026-05-19 09:45:00,12,534.21,-184.21,43.37,1.0,253.23,0.0,121.55,73.74,48.73
2026-05-19 09:50:00,12,534.21,-184.21,42.92,1.0,252.32,0.0,121.11,73.64,48.61
2026-05-19 09:55:00,12,534.21,-184.21,43.58,0.0,255.28,0.0,122.53,73.6,48.48
2026-05-19 10:00:00,12,534.21,-184.21,43.52,1.0,273.38,0.0,131.22,75.94,48.36
2026-05-19 10:05:00,12,534.21,-184.21,44.31,2.0,281.37,0.01,135.06,77.23,48.23
2026-05-19 10:10:00,12,534.21,-184.21,43.76,1.0,271.2,0.0,130.18,75.69,48.1
2026-05-19 10:15:00,12,534.21,-184.21,43.83,4.0,228.3,0.02,109.58,72.34,47.98
2026-05-19 10:20:00,12,534.21,-184.21,43.74,2.0,274.53,0.01,131.77,76.44,47.85
2026-05-19 10:25:00,12,534.21,-184.21,44.42,0.0,251.78,0.0,120.86,73.24,47.73
2026-05-19 10:30:00,12,534.21,-184.21,44.59,1.0,316.09,0.0,151.72,81.16,47.6
2026-05-19 10:35:00,12,534.21,-184.21,44.49,0.0,204.17,0.0,98.0,68.73,47.48
2026-05-19 10:40:00,12,534.21,-184.21,45.1,0.0,210.93,0.0,101.24,69.32,47.37
2026-05-19 10:45:00,12,534.21,-184.21,45.1,1.0,314.45,0.0,150.94,80.95,47.23
2026-05-19 10:50:00,12,534.21,-184.21,44.78,2.0,315.29,0.01,151.34,81.43,47.1
2026-05-19 10:55:00,12,534.21,-184.21,44.25,2.0,293.4,0.01,140.83,78.66,46.97
2026-05-19 11:00:00,12,534.21,-184.21,45.09,0.0,288.44,0.0,138.45,77.34,46.84
2026-05-19 11:05:00,12,534.21,-184.21,44.77,3.0,313.46,0.01,150.46,81.54,46.7
2026-05-19 11:10:00,12,534.21,-184.21,44.77,0.0,250.33,0.0,120.16,73.09,46.58
2026-05-19 11:15:00,12,534.21,-184.21,44.96,2.0,214.92,0.01,103.16,70.39,46.46
2026-05-19 11:20:00,12,534.21,-184.21,45.17,0.0,308.38,0.0,148.02,79.81,46.33
2026-05-19 11:25:00,12,534.21,-184.21,44.88,1.0,256.99,0.0,123.35,74.14,46.21
2026-05-19 11:30:00,12,534.21,-184.21,45.72,0.0,271.66,0.0,130.4,75.4,46.08
2026-05-19 11:35:00,12,534.21,-184.21,44.22,3.0,317.4,0.01,152.35,82.05,45.94
2026-05-19 11:40:00,12,534.21,-184.21,45.41,2.0,246.57,0.01,118.35,73.42,45.82
2026-05-19 11:45:00,12,534.21,-184.21,45.48,1.0,200.81,0.01,96.39,68.83,45.71
2026-05-19 11:50:00,12,534.21,-184.21,44.62,1.0,236.58,0.01,113.56,72.07,45.59
2026-05-19 11:55:00,12,534.21,-184.21,44.87,3.0,318.97,0.01,153.11,82.26,45.45
2026-05-19 12:00:00,12,534.21,-184.21,44.63,0.0,300.24,0.0,144.12,78.79,45.32
2026-05-19 12:05:00,12,534.21,-184.21,44.14,6.0,324.94,0.02,155.97,84.12,45.18
2026-05-19 12:10:00,12,534.21,-184.21,45.2,2.0,209.03,0.01,100.33,69.87,45.06
2026-05-19 12:15:00,12,534.21,-184.21,44.4,2.0,248.3,0.01,119.18,73.59,44.94
2026-05-19 12:20:00,12,534.21,-184.21,45.18,2.0,238.99,0.01,114.71,72.66,44.82
2026-05-19 12:25:00,12,534.21,-184.21,44.21,1.0,214.94,0.01,103.17,70.04,44.7
2026-05-19 12:30:00,12,534.21,-184.21,44.43,3.0,239.95,0.02,115.18,73.12,44.58
2026-05-19 12:35:00,12,534.21,-184.21,45.1,4.0,282.3,0.02,135.5,78.06,44.45
2026-05-19 12:40:00,12,534.21,-184.21,43.81,1.0,271.17,0.0,130.16,75.69,44.32
2026-05-19 12:45:00,12,534.21,-184.21,44.57,0.0,230.32,0.0,110.55,71.09,44.2
2026-05-19 12:50:00,12,534.21,-184.21,44.55,0.0,309.45,0.0,148.54,79.95,44.07
2026-05-19 12:55:00,12,534.21,-184.21,45.63,0.0,291.15,0.0,139.75,77.67,43.94
2026-05-19 13:00:00,12,534.21,-184.21,44.29,2.0,254.52,0.01,122.17,74.24,43.82
2026-05-19 13:05:00,12,534.21,-184.21,45.25,1.0,298.59,0.0,143.32,78.93,43.69
2026-05-19 13:10:00,12,534.21,-184.21,44.4,1.0,244.84,0.01,117.52,72.89,43.56
2026-05-19 13:15:00,12,534.21,-184.21,44.65,3.0,285.72,0.01,137.15,78.09,43.43
2026-05-19 13:20:00,12,534.21,-184.21,45.0,3.0,305.07,0.01,146.43,80.46,43.3
2026-05-19 13:25:00,12,534.21,-184.21,43.97,0.0,240.96,0.0,115.66,72.13,43.18
2026-05-19 13:30:00,12,534.21,-184.21,44.1,3.0,277.31,0.01,133.11,77.11,43.05
2026-05-19 13:35:00,12,534.21,-184.21,44.31,1.0,208.27,0.01,99.97,69.46,42.94
2026-05-19 13:40:00,12,534.21,-184.21,44.72,0.0,219.11,0.0,105.17,70.05,42.82
2026-05-19 13:45:00,12,534.21,-184.21,45.08,4.0,322.88,0.01,154.98,83.13,42.68
2026-05-19 13:50:00,12,534.21,-184.21,44.51,6.0,279.0,0.02,133.92,78.37,42.55
2026-05-19 13:55:00,12,534.21,-184.21,44.81,5.0,233.05,0.03,111.87,73.17,42.43
2026-05-19 14:00:00,12,534.21,-184.21,44.25,0.0,224.36,0.0,107.69,70.53,42.31
2026-05-19 14:05:00,12,534.21,-184.21,44.42,6.0,289.71,0.02,139.06,79.63,42.18
2026-05-19 14:10:00,12,534.21,-184.21,44.56,2.0,233.26,0.01,111.96,72.09,42.06
2026-05-19 14:15:00,12,534.21,-184.21,43.3,3.0,320.02,0.01,153.61,82.39,41.92
2026-05-19 14:20:00,12,534.21,-184.21,44.25,2.0,206.22,0.01,98.98,69.63,41.8
2026-05-19 14:25:00,12,534.21,-184.21,43.33,3.0,324.59,0.01,155.8,83.0,41.67
2026-05-19 14:30:00,12,534.21,-184.21,42.93,1.0,271.05,0.0,130.1,75.67,41.54
2026-05-19 14:35:00,12,534.21,-184.21,44.34,1.0,282.32,0.0,135.51,76.97,41.41
2026-05-19 14:40:00,12,534.21,-184.21,43.53,1.0,211.08,0.01,101.32,69.7,41.29
2026-05-19 14:45:00,12,534.21,-184.21,42.66,4.0,283.43,0.02,136.05,78.19,41.16
2026-05-19 14:50:00,12,534.21,-184.21,42.9,4.0,256.18,0.02,122.97,75.14,41.04
2026-05-19 14:55:00,12,534.21,-184.21,42.65,3.0,227.81,0.02,109.35,71.94,40.92
2026-05-19 15:00:00,12,534.21,-184.21,43.3,0.0,234.25,0.0,112.44,71.47,40.8
2026-05-19 15:05:00,12,534.21,-184.21,42.65,2.0,215.69,0.01,103.53,70.45,40.68
2026-05-19 15:10:00,12,534.21,-184.21,41.99,3.0,271.1,0.01,130.13,76.4,40.56
2026-05-19 15:15:00,12,534.21,-184.21,41.66,1.0,262.83,0.0,126.16,74.76,40.43
2026-05-19 15:20:00,12,534.21,-184.21,42.8,3.0,295.52,0.01,141.85,79.27,40.3
2026-05-19 15:25:00,12,534.21,-184.21,42.13,2.0,209.7,0.01,100.66,69.93,40.18
2026-05-19 15:30:00,12,534.21,-184.21,42.34,4.0,316.49,0.01,151.92,82.28,40.04
2026-05-19 15:35:00,12,534.21,-184.21,42.51,3.0,292.28,0.01,140.3,78.87,39.91
2026-05-19 15:40:00,12,534.21,-184.21,42.28,0.0,200.21,0.0,96.1,68.4,39.8
2026-05-19 15:45:00,12,534.21,-184.21,41.46,3.0,271.98,0.01,130.55,76.49,39.67
2026-05-19 15:50:00,12,534.21,-184.21,42.55,0.0,207.56,0.0,99.63,69.02,39.56
2026-05-19 15:55:00,12,534.21,-184.21,41.28,2.0,275.79,0.01,132.38,76.58,39.43
2026-05-19 16:00:00,12,534.21,-184.21,41.2,3.0,317.51,0.01,152.41,82.06,39.29
2026-05-19 16:05:00,12,534.21,-184.21,41.08,2.0,241.38,0.01,115.86,72.88,39.17
2026-05-19 16:10:00,12,534.21,-184.21,41.3,0.0,322.73,0.0,154.91,81.68,39.03
2026-05-19 16:15:00,12,534.21,-184.21,41.07,2.0,274.14,0.01,131.59,76.39,38.91
2026-05-19 16:20:00,12,534.21,-184.21,41.11,0.0,312.87,0.0,150.18,80.38,38.77
2026-05-19 16:25:00,12,534.21,-184.21,40.57,1.0,320.9,0.0,154.03,81.79,38.64
2026-05-19 16:30:00,12,534.21,-184.21,41.14,3.0,269.61,0.01,129.41,76.23,38.51
2026-05-19 16:35:00,12,534.21,-184.21,41.64,1.0,215.7,0.01,103.53,70.1,38.39
2026-05-19 16:40:00,12,534.21,-184.21,40.65,1.0,307.76,0.0,147.73,80.07,38.26
2026-05-19 16:45:00,12,534.21,-184.21,40.64,7.0,288.7,0.03,138.58,79.88,38.13
2026-05-19 16:50:00,12,534.21,-184.21,39.88,2.0,225.58,0.01,108.28,71.35,38.01
2026-05-19 16:55:00,12,534.21,-184.21,40.06,0.0,227.76,0.0,109.33,70.84,37.89
2026-05-19 17:00:00,12,534.21,-184.21,39.73,5.0,274.03,0.02,131.53,77.44,37.76
2026-05-19 17:05:00,12,534.21,-184.21,39.26,0.0,224.99,0.0,107.99,70.58,37.64
2026-05-19 17:10:00,12,534.21,-184.21,39.63,3.0,317.2,0.01,152.25,82.01,37.51
2026-05-19 17:15:00,12,534.21,-184.21,39.33,2.0,322.76,0.01,154.92,82.4,37.37
2026-05-19 17:20:00,12,534.21,-184.21,40.08,0.0,279.13,0.0,133.98,76.24,37.24
2026-05-19 17:25:00,12,534.21,-184.21,38.61,1.0,278.03,0.0,133.46,76.46,37.11
2026-05-19 17:30:00,12,534.21,-184.21,38.21,4.0,315.62,0.01,151.5,82.16,36.98
2026-05-19 17:35:00,12,534.21,-184.21,39.07,2.0,243.19,0.01,116.73,73.06,36.86
2026-05-19 17:40:00,12,534.21,-184.21,39.7,1.0,267.28,0.0,128.29,75.24,36.73
2026-05-19 17:45:00,12,534.21,-184.21,38.73,2.0,254.28,0.01,122.06,74.21,36.61
2026-05-19 17:50:00,12,534.21,-184.21,38.3,0.0,204.07,0.0,97.95,68.71,36.49
2026-05-19 17:55:00,12,534.21,-184.21,38.3,1.0,308.5,0.0,148.08,80.16,36.36
2026-05-19 18:00:00,12,534.21,-184.21,38.01,1.0,232.98,0.01,111.83,71.7,36.24
2026-05-19 18:05:00,12,534.21,-184.21,37.9,0.0,232.58,0.0,111.64,71.29,36.12
2026-05-19 18:10:00,12,534.21,-184.21,37.95,0.0,283.31,0.0,135.99,76.72,35.99
2026-05-19 18:15:00,12,534.21,-184.21,37.79,0.0,228.0,0.0,109.44,70.86,35.87
2026-05-19 18:20:00,12,534.21,-184.21,37.18,1.0,216.04,0.01,103.7,70.12,35.76
2026-05-19 18:25:00,12,534.21,-184.21,36.43,2.0,280.0,0.01,134.4,77.05,35.63
2026-05-19 18:30:00,12,534.21,-184.21,36.59,1.0,314.04,0.0,150.74,80.88,35.49
2026-05-19 18:35:00,12,534.21,-184.21,36.94,2.0,300.85,0.01,144.41,79.56,35.36
2026-05-19 18:40:00,12,534.21,-184.21,37.36,0.0,314.97,0.0,151.19,80.65,35.23
2026-05-19 18:45:00,12,534.21,-184.21,35.98,0.0,269.49,0.0,129.36,75.13,35.1
2026-05-19 18:50:00,12,534.21,-184.21,37.03,0.0,257.18,0.0,123.45,73.79,34.98
2026-05-19 18:55:00,12,534.21,-184.21,36.55,0.0,240.92,0.0,115.64,72.11,34.86
2026-05-19 19:00:00,12,534.21,-184.21,36.35,1.0,276.82,0.0,132.87,76.31,34.73
2026-05-19 19:05:00,12,534.21,-184.21,36.2,0.0,223.44,0.0,107.25,70.43,34.61
2026-05-19 19:10:00,12,534.21,-184.21,35.31,0.0,261.91,0.0,125.72,74.3,34.49
2026-05-19 19:15:00,12,534.21,-184.21,36.28,0.0,284.74,0.0,136.67,76.89,34.36
2026-05-19 19:20:00,12,534.21,-184.21,35.45,1.0,260.48,0.0,125.03,74.49,34.24
2026-05-19 19:25:00,12,534.21,-184.21,36.09,0.0,236.02,0.0,113.29,71.63,34.12
2026-05-19 19:30:00,12,534.21,-184.21,35.72,1.0,254.58,0.0,122.2,73.86,34.0
2026-05-19 19:35:00,12,534.21,-184.21,34.43,0.0,258.0,0.0,123.84,73.87,33.87
2026-05-19 19:40:00,12,534.21,-184.21,35.42,1.0,285.01,0.0,136.81,77.27,33.74
2026-05-19 19:45:00,12,534.21,-184.21,35.39,2.0,264.67,0.01,127.04,75.32,33.62
2026-05-19 19:50:00,12,534.21,-184.21,34.98,1.0,211.43,0.01,101.49,69.71,33.5
2026-05-19 19:55:00,12,534.21,-184.21,34.5,0.0,252.41,0.0,121.16,73.28,33.38
2026-05-19 20:00:00,12,534.21,-184.21,35.9,0.0,241.7,0.0,116.02,72.19,33.26
2026-05-19 20:05:00,12,534.21,-184.21,33.8,0.0,254.42,0.0,122.12,73.49,33.14
2026-05-19 20:10:00,12,534.21,-184.21,34.19,1.0,280.07,0.0,134.43,76.68,33.01
2026-05-19 20:15:00,12,534.21,-184.21,34.53,1.0,322.91,0.0,155.0,82.04,32.87
2026-05-19 20:20:00,12,534.21,-184.21,34.45,0.0,207.94,0.0,99.81,69.04,32.76
2026-05-19 20:25:00,12,534.21,-184.21,34.57,0.0,201.94,0.0,96.93,68.53,32.64
2026-05-19 20:30:00,12,534.21,-184.21,33.77,0.0,271.14,0.0,130.15,75.31,32.52
2026-05-19 20:35:00,12,534.21,-184.21,32.61,0.0,256.26,0.0,123.01,73.69,32.4
2026-05-19 20:40:00,12,534.21,-184.21,33.94,0.0,201.88,0.0,96.9,68.52,32.28
2026-05-19 20:45:00,12,534.21,-184.21,33.19,1.0,251.86,0.01,120.89,73.59,32.16
2026-05-19 20:50:00,12,534.21,-184.21,33.39,1.0,214.36,0.01,102.89,69.97,32.04
2026-05-19 20:55:00,12,534.21,-184.21,33.82,0.0,301.59,0.0,144.76,78.93,31.91
2026-05-19 21:00:00,12,534.21,-184.21,33.79,2.0,278.9,0.01,133.87,76.92,31.78
2026-05-19 21:05:00,12,534.21,-184.21,33.13,0.0,240.83,0.0,115.6,72.1,31.66
2026-05-19 21:10:00,12,534.21,-184.21,32.74,0.0,209.83,0.0,100.72,69.2,31.55
2026-05-19 21:15:00,12,534.21,-184.21,32.77,0.0,316.89,0.0,152.11,80.89,31.41
2026-05-19 21:20:00,12,534.21,-184.21,32.84,1.0,310.68,0.0,149.13,80.43,31.28
2026-05-19 21:25:00,12,534.21,-184.21,33.1,3.0,278.61,0.01,133.73,77.23,31.15
2026-05-19 21:30:00,12,534.21,-184.21,31.8,1.0,208.9,0.01,100.27,69.49,31.03
2026-05-19 21:35:00,12,534.21,-184.21,31.64,1.0,203.0,0.01,97.44,68.98,30.92
2026-05-19 21:40:00,12,534.21,-184.21,32.55,0.0,228.59,0.0,109.73,70.9,30.8
2026-05-19 21:45:00,12,534.21,-184.21,32.99,0.0,270.89,0.0,130.03,75.29,30.67
2026-05-19 21:50:00,12,534.21,-184.21,31.21,1.0,321.2,0.0,154.18,81.81,30.54
2026-05-19 21:55:00,12,534.21,-184.21,32.65,2.0,225.94,0.01,108.45,71.37,30.42
2026-05-19 22:00:00,12,534.21,-184.21,31.28,1.0,226.49,0.01,108.72,71.07,30.3
2026-05-19 22:05:00,12,534.21,-184.21,31.66,0.0,319.4,0.0,153.31,81.22,30.17
2026-05-19 22:10:00,12,534.21,-184.21,32.12,1.0,284.98,0.0,136.79,77.26,30.04
2026-05-19 22:15:00,12,534.21,-184.21,31.63,1.0,321.5,0.0,154.32,81.85,29.9
2026-05-19 22:20:00,12,534.21,-184.21,29.81,1.0,304.13,0.0,145.98,79.59,29.77
2026-05-19 22:25:00,12,534.21,-184.21,30.61,1.0,220.32,0.01,105.75,70.5,29.65
2026-05-19 22:30:00,12,534.21,-184.21,32.09,4.0,288.58,0.02,138.52,78.78,29.52
2026-05-19 22:35:00,12,534.21,-184.21,31.16,5.0,225.78,0.03,108.38,72.45,29.4
2026-05-19 22:40:00,12,534.21,-184.21,31.8,3.0,286.18,0.01,137.37,78.12,29.27
2026-05-19 22:45:00,12,534.21,-184.21,31.79,1.0,239.33,0.01,114.88,72.31,29.15
2026-05-19 22:50:00,12,534.21,-184.21,31.69,2.0,220.73,0.01,105.95,70.89,29.03
2026-05-19 22:55:00,12,534.21,-184.21,31.0,1.0,223.95,0.01,107.5,70.84,28.91
2026-05-19 23:00:00,12,534.21,-184.21,31.47,0.0,247.76,0.0,118.93,72.8,28.79
2026-05-19 23:05:00,12,534.21,-184.21,32.0,0.0,234.14,0.0,112.39,71.44,28.67
2026-05-19 23:10:00,12,534.21,-184.21,31.69,0.0,209.24,0.0,100.44,69.15,28.56
2026-05-19 23:15:00,12,534.21,-184.21,31.17,0.0,218.49,0.0,104.88,69.97,28.44
2026-05-19 23:20:00,12,534.21,-184.21,30.77,4.0,264.36,0.02,126.89,76.0,28.31
2026-05-19 23:25:00,12,534.21,-184.21,31.2,1.0,305.02,0.0,146.41,79.71,28.18
2026-05-19 23:30:00,12,534.21,-184.21,31.55,0.0,214.95,0.0,103.18,69.65,28.06
2026-05-19 23:35:00,12,534.21,-184.21,31.49,1.0,246.89,0.01,118.51,73.08,27.94
2026-05-19 23:40:00,12,534.21,-184.21,30.52,2.0,265.51,0.01,127.44,75.4,27.82
2026-05-19 23:45:00,12,534.21,-184.21,31.05,1.0,291.98,0.0,140.15,78.09,27.69
2026-05-19 23:50:00,12,534.21,-184.21,31.85,2.0,220.33,0.01,105.76,70.85,27.57
2026-05-19 23:55:00,12,534.21,-184.21,31.1,0.0,210.05,0.0,100.83,69.22,27.45
2026-05-20 00:00:00,12,534.21,-184.21,30.75,4.0,222.97,0.03,107.03,71.83,27.33
2026-05-20 00:05:00,12,534.21,-184.21,31.47,0.0,208.74,0.0,100.19,69.1,27.22
2026-05-20 00:10:00,12,534.21,-184.21,32.5,3.0,255.04,0.01,122.42,74.63,27.09
2026-05-20 00:15:00,12,534.21,-184.21,31.11,0.0,200.48,0.0,96.23,68.4,26.98
2026-05-20 00:20:00,12,534.21,-184.21,30.65,4.0,268.69,0.02,128.97,76.47,26.85
2026-05-20 00:25:00,12,534.21,-184.21,31.17,3.0,221.3,0.02,106.22,71.31,26.73
2026-05-20 00:30:00,12,534.21,-184.21,31.71,0.0,282.97,0.0,135.83,76.67,26.6
2026-05-20 00:35:00,12,534.21,-184.21,31.18,1.0,301.75,0.0,144.84,79.3,26.47
2026-05-20 00:40:00,12,534.21,-184.21,30.6,2.0,277.02,0.01,132.97,76.7,26.34
2026-05-20 00:45:00,12,534.21,-184.21,31.15,3.0,322.51,0.01,154.8,82.7,26.21
2026-05-20 00:50:00,12,534.21,-184.21,31.61,1.0,265.9,0.0,127.63,75.08,26.08
2026-05-20 00:55:00,12,534.21,-184.21,31.11,3.0,206.73,0.02,99.23,70.02,25.96
2026-05-20 01:00:00,12,534.21,-184.21,31.16,4.0,263.88,0.02,126.66,75.94,25.84
2026-05-20 01:05:00,12,534.21,-184.21,30.95,3.0,310.65,0.01,149.11,81.15,25.7
2026-05-20 01:10:00,12,534.21,-184.21,32.35,1.0,203.07,0.01,97.47,68.99,25.59
2026-05-20 01:15:00,12,534.21,-184.21,31.95,4.0,252.52,0.02,121.21,74.73,25.46
2026-05-20 01:20:00,12,534.21,-184.21,31.7,3.0,236.8,0.02,113.66,72.78,25.34
2026-05-20 01:25:00,12,534.21,-184.21,30.57,0.0,202.58,0.0,97.24,68.57,25.23
2026-05-20 01:30:00,12,534.21,-184.21,31.78,3.0,283.07,0.01,135.88,77.75,25.1
2026-05-20 01:35:00,12,534.21,-184.21,31.51,0.0,229.08,0.0,109.96,70.95,24.98
2026-05-20 01:40:00,12,534.21,-184.21,31.98,6.0,284.43,0.02,136.52,78.98,24.85
2026-05-20 01:45:00,12,534.21,-184.21,32.3,2.0,314.51,0.01,150.96,81.3,24.71
2026-05-20 01:50:00,12,534.21,-184.21,32.26,1.0,221.71,0.01,106.42,70.63,24.6
2026-05-20 01:55:00,12,534.21,-184.21,31.42,0.0,238.7,0.0,114.58,71.88,24.48
2026-05-20 02:00:00,12,534.21,-184.21,32.06,3.0,218.18,0.02,104.73,71.03,24.36
2026-05-20 02:05:00,12,534.21,-184.21,31.18,2.0,297.62,0.01,142.86,79.15,24.23
2026-05-20 02:10:00,12,534.21,-184.21,32.17,1.0,206.42,0.01,99.08,69.27,24.11
2026-05-20 02:15:00,12,534.21,-184.21,31.79,4.0,237.39,0.02,113.95,73.19,23.99
2026-05-20 02:20:00,12,534.21,-184.21,31.85,1.0,239.02,0.01,114.73,72.28,23.87
2026-05-20 02:25:00,12,534.21,-184.21,32.34,1.0,202.24,0.01,97.08,68.92,23.75
2026-05-20 02:30:00,12,534.21,-184.21,32.52,3.0,286.75,0.01,137.64,78.19,23.62
2026-05-20 02:35:00,12,534.21,-184.21,32.23,3.0,287.03,0.01,137.77,78.22,23.49
2026-05-20 02:40:00,12,534.21,-184.21,32.65,2.0,315.79,0.01,151.58,81.47,23.36
2026-05-20 02:45:00,12,534.21,-184.21,32.45,6.0,316.27,0.02,151.81,82.95,23.22
2026-05-20 02:50:00,12,534.21,-184.21,33.36,3.0,307.44,0.01,147.57,80.74,23.08
2026-05-20 02:55:00,12,534.21,-184.21,32.61,8.0,322.76,0.02,154.92,84.51,22.94
2026-05-20 03:00:00,12,534.21,-184.21,32.44,3.0,201.42,0.02,96.68,69.57,22.83
2026-05-20 03:05:00,12,534.21,-184.21,33.25,2.0,215.14,0.01,103.27,70.39,22.71
2026-05-20 03:10:00,12,534.21,-184.21,33.45,1.0,228.49,0.01,109.67,71.26,22.59
2026-05-20 03:15:00,12,534.21,-184.21,33.08,1.0,226.85,0.01,108.89,71.11,22.47
2026-05-20 03:20:00,12,534.21,-184.21,33.26,2.0,295.46,0.01,141.82,78.89,22.34
2026-05-20 03:25:00,12,534.21,-184.21,33.89,5.0,318.27,0.02,152.77,82.86,22.2
2026-05-20 03:30:00,12,534.21,-184.21,34.09,5.0,259.86,0.02,124.73,75.86,22.08
2026-05-20 03:35:00,12,534.21,-184.21,33.89,3.0,226.38,0.02,108.66,71.79,21.96
2026-05-20 03:40:00,12,534.21,-184.21,33.83,1.0,220.3,0.01,105.74,70.5,21.84
2026-05-20 03:45:00,12,534.21,-184.21,33.52,1.0,255.54,0.0,122.66,73.96,21.72
2026-05-20 03:50:00,12,534.21,-184.21,34.61,2.0,226.37,0.01,108.66,71.42,21.6
2026-05-20 03:55:00,12,534.21,-184.21,33.61,5.0,243.57,0.03,116.92,74.18,21.47
2026-05-20 04:00:00,12,534.21,-184.21,35.1,0.0,311.25,0.0,149.4,80.16,21.34
2026-05-20 04:05:00,12,534.21,-184.21,34.15,0.0,280.37,0.0,134.58,76.37,21.21
2026-05-20 04:10:00,12,534.21,-184.21,33.76,6.0,305.23,0.02,146.51,81.53,21.08
2026-05-20 04:15:00,12,534.21,-184.21,34.96,2.0,287.75,0.01,138.12,77.96,20.95
2026-05-20 04:20:00,12,534.21,-184.21,35.25,1.0,227.05,0.01,108.99,71.13,20.83
2026-05-20 04:25:00,12,534.21,-184.21,35.23,3.0,299.77,0.01,143.89,79.78,20.69
2026-05-20 04:30:00,12,534.21,-184.21,34.73,0.0,318.61,0.0,152.93,81.12,20.56
2026-05-20 04:35:00,12,534.21,-184.21,35.81,1.0,202.01,0.01,96.97,68.91,20.44
2026-05-20 04:40:00,12,534.21,-184.21,35.83,3.0,307.59,0.01,147.65,80.76,20.31
2026-05-20 04:45:00,12,534.21,-184.21,35.59,0.0,208.66,0.0,100.16,69.1,20.19
2026-05-20 04:50:00,12,534.21,-184.21,36.2,1.0,232.92,0.01,111.8,71.69,20.08
2026-05-20 04:55:00,12,534.21,-184.21,37.23,0.0,202.6,0.0,97.25,68.59,19.96
2026-05-20 05:00:00,12,534.21,-184.21,36.29,0.0,259.99,0.0,124.8,74.09,19.84
2026-05-20 05:05:00,12,534.21,-184.21,36.86,0.0,306.78,0.0,147.25,79.59,19.7
2026-05-20 05:10:00,12,534.21,-184.21,37.49,2.0,213.4,0.01,102.43,70.24,19.59
2026-05-20 05:15:00,12,534.21,-184.21,36.92,1.0,272.77,0.0,130.93,75.85,19.46
2026-05-20 05:20:00,12,534.21,-184.21,37.69,2.0,246.08,0.01,118.12,73.35,19.34
2026-05-20 05:25:00,12,534.21,-184.21,35.72,5.0,261.17,0.02,125.36,76.01,19.21
2026-05-20 05:30:00,12,534.21,-184.21,36.95,0.0,204.31,0.0,98.07,68.73,19.1
2026-05-20 05:35:00,12,534.21,-184.21,37.51,2.0,272.69,0.01,130.89,76.22,18.97
2026-05-20 05:40:00,12,534.21,-184.21,37.07,3.0,286.06,0.01,137.31,78.11,18.84
2026-05-20 05:45:00,12,534.21,-184.21,37.32,2.0,222.97,0.01,107.03,71.11,18.72
2026-05-20 05:50:00,12,534.21,-184.21,37.96,4.0,281.61,0.02,135.17,77.96,18.59
2026-05-20 05:55:00,12,534.21,-184.21,38.23,3.0,303.77,0.01,145.81,80.28,18.46
2026-05-20 06:00:00,12,534.21,-184.21,37.46,1.0,261.55,0.0,125.55,74.61,18.33
2026-05-20 06:05:00,12,534.21,-184.21,36.95,1.0,286.72,0.0,137.63,77.47,18.2
2026-05-20 06:10:00,12,534.21,-184.21,38.55,2.0,264.29,0.01,126.86,75.28,18.08
2026-05-20 06:15:00,12,534.21,-184.21,38.09,0.0,257.95,0.0,123.82,73.88,17.96
2026-05-20 06:20:00,12,534.21,-184.21,38.8,0.0,214.35,0.0,102.89,69.61,17.84
2026-05-20 06:25:00,12,534.21,-184.21,38.73,1.0,280.79,0.0,134.78,76.78,17.71
2026-05-20 06:30:00,12,534.21,-184.21,38.55,1.0,212.15,0.01,101.83,69.78,17.6
2026-05-20 06:35:00,12,534.21,-184.21,38.38,0.0,243.63,0.0,116.94,72.39,17.48
2026-05-20 06:40:00,12,534.21,-184.21,39.2,1.0,281.96,0.0,135.34,76.92,17.35
2026-05-20 06:45:00,12,534.21,-184.21,39.65,1.0,206.41,0.01,99.08,69.29,17.23
2026-05-20 06:50:00,12,534.21,-184.21,39.11,0.0,316.06,0.0,151.71,80.79,17.1
2026-05-20 06:55:00,12,534.21,-184.21,39.29,0.0,258.67,0.0,124.16,73.95,16.97
2026-05-20 07:00:00,12,534.21,-184.21,39.8,0.0,282.73,0.0,135.71,76.66,16.85
2026-05-20 07:05:00,12,534.21,-184.21,40.42,1.0,290.84,0.0,139.6,77.97,16.72
2026-05-20 07:10:00,12,534.21,-184.21,40.4,0.0,204.76,0.0,98.28,68.78,16.6
2026-05-20 07:15:00,12,534.21,-184.21,40.0,3.0,313.42,0.01,150.44,81.52,16.47
2026-05-20 07:20:00,12,534.21,-184.21,40.77,0.0,282.27,0.0,135.49,76.6,16.34
2026-05-20 07:25:00,12,534.21,-184.21,40.82,0.0,201.05,0.0,96.5,68.46,16.22
2026-05-20 07:30:00,12,534.21,-184.21,41.57,0.0,227.68,0.0,109.29,70.83,16.11
2026-05-20 07:35:00,12,534.21,-184.21,40.87,1.0,252.2,0.01,121.06,73.64,15.98
2026-05-20 07:40:00,12,534.21,-184.21,39.81,0.0,241.06,0.0,115.71,72.13,15.86
2026-05-20 07:45:00,12,534.21,-184.21,41.05,0.0,241.61,0.0,115.97,72.19,15.74
2026-05-20 07:50:00,12,534.21,-184.21,41.74,0.0,322.23,0.0,154.67,81.62,15.61
2026-05-20 07:55:00,12,534.21,-184.21,41.68,0.0,272.58,0.0,130.84,75.49,15.48
2026-05-20 08:00:00,12,534.21,-184.21,41.11,0.0,212.58,0.0,102.04,69.45,15.36
2026-05-20 08:05:00,12,534.21,-184.21,41.9,0.0,229.11,0.0,109.97,70.97,15.25
2026-05-20 08:10:00,12,534.21,-184.21,41.64,2.0,299.18,0.01,143.61,79.37,15.11
2026-05-20 08:15:00,12,534.21,-184.21,40.63,0.0,240.52,0.0,115.45,72.08,14.99
2026-05-20 08:20:00,12,534.21,-184.21,41.25,0.0,300.79,0.0,144.38,78.85,14.86
2026-05-20 08:25:00,12,534.21,-184.21,42.48,0.0,314.94,0.0,151.17,80.65,14.73
2026-05-20 08:30:00,12,534.21,-184.21,41.82,1.0,258.06,0.0,123.87,74.24,14.6
2026-05-20 08:35:00,12,534.21,-184.21,42.28,1.0,262.45,0.0,125.98,74.72,14.48
2026-05-20 08:40:00,12,534.21,-184.21,42.05,2.0,308.1,0.01,147.89,80.49,14.35
2026-05-20 08:45:00,12,534.21,-184.21,42.89,2.0,282.29,0.01,135.5,77.33,14.22
2026-05-20 08:50:00,12,534.21,-184.21,42.65,0.0,258.5,0.0,124.08,73.94,14.09
2026-05-20 08:55:00,12,534.21,-184.21,43.38,1.0,267.76,0.0,128.52,75.3,13.97
2026-05-20 09:00:00,12,534.21,-184.21,43.57,0.0,293.19,0.0,140.73,77.91,13.84
2026-05-20 09:05:00,12,534.21,-184.21,43.07,3.0,292.53,0.01,140.42,78.9,13.71
2026-05-20 09:10:00,12,534.21,-184.21,42.58,0.0,204.08,0.0,97.96,68.72,13.59
2026-05-20 09:15:00,12,534.21,-184.21,44.14,2.0,232.63,0.01,111.66,72.03,13.47
2026-05-20 09:20:00,12,534.21,-184.21,44.2,0.0,257.9,0.0,123.79,73.88,13.35
2026-05-20 09:25:00,12,534.21,-184.21,43.25,1.0,246.57,0.01,118.35,73.06,13.23
2026-05-20 09:30:00,12,534.21,-184.21,43.19,1.0,319.62,0.0,153.42,81.62,13.09
2026-05-20 09:35:00,12,534.21,-184.21,43.81,0.0,313.2,0.0,150.34,80.43,12.96
2026-05-20 09:40:00,12,534.21,-184.21,43.27,1.0,259.11,0.0,124.37,74.36,12.83
2026-05-20 09:45:00,12,534.21,-184.21,43.86,0.0,241.4,0.0,115.87,72.17,12.71
2026-05-20 09:50:00,12,534.21,-184.21,43.44,0.0,262.7,0.0,126.1,74.4,12.59
2026-05-20 09:55:00,12,534.21,-184.21,43.36,1.0,202.8,0.01,97.34,68.99,12.47
2026-05-20 10:00:00,12,534.21,-184.21,44.04,0.0,212.59,0.0,102.04,69.46,12.36
2026-05-20 10:05:00,12,534.21,-184.21,44.05,2.0,286.92,0.01,137.72,77.88,12.23
2026-05-20 10:10:00,12,534.21,-184.21,44.77,1.0,229.45,0.01,110.14,71.38,12.11
2026-05-20 10:15:00,12,534.21,-184.21,44.15,2.0,314.43,0.01,150.93,81.31,11.97
2026-05-20 10:20:00,12,534.21,-184.21,43.43,1.0,252.6,0.0,121.25,73.67,11.85
2026-05-20 10:25:00,12,534.21,-184.21,45.01,2.0,281.22,0.01,134.98,77.21,11.72
2026-05-20 10:30:00,12,534.21,-184.21,44.54,0.0,238.07,0.0,114.27,71.84,11.6
2026-05-20 10:35:00,12,534.21,-184.21,44.3,1.0,247.0,0.01,118.56,73.11,11.48
2026-05-20 10:40:00,12,534.21,-184.21,44.63,2.0,242.93,0.01,116.6,73.05,11.36
2026-05-20 10:45:00,12,534.21,-184.21,44.47,2.0,271.09,0.01,130.12,76.05,11.23
2026-05-20 10:50:00,12,534.21,-184.21,44.06,1.0,284.2,0.0,136.41,77.19,11.1
2026-05-20 10:55:00,12,534.21,-184.21,45.07,0.0,261.74,0.0,125.63,74.3,10.98
2026-05-20 11:00:00,12,534.21,-184.21,44.29,1.0,274.76,0.0,131.88,76.09,10.85
2026-05-20 11:05:00,12,534.21,-184.21,44.99,1.0,267.97,0.0,128.63,75.33,10.73
2026-05-20 11:10:00,12,534.21,-184.21,44.73,0.0,277.82,0.0,133.36,76.1,10.6
2026-05-20 11:15:00,12,534.21,-184.21,45.75,3.0,266.0,0.01,127.68,75.84,10.47
2026-05-20 11:20:00,12,534.21,-184.21,45.38,1.0,239.79,0.01,115.1,72.39,10.35
2026-05-20 11:25:00,12,534.21,-184.21,44.85,2.0,239.65,0.01,115.03,72.72,10.23
2026-05-20 11:30:00,12,534.21,-184.21,45.04,4.0,310.84,0.01,149.2,81.55,10.1
2026-05-20 11:35:00,12,534.21,-184.21,45.18,3.0,260.23,0.01,124.91,75.21,9.97
2026-05-20 11:40:00,12,534.21,-184.21,43.54,2.0,254.09,0.01,121.96,74.2,9.85
2026-05-20 11:45:00,12,534.21,-184.21,45.95,1.0,247.79,0.01,118.94,73.2,9.73
2026-05-20 11:50:00,12,534.21,-184.21,44.6,5.0,285.75,0.02,137.16,78.81,9.59
2026-05-20 11:55:00,12,534.21,-184.21,45.26,0.0,207.71,0.0,99.7,69.04,9.48
2026-05-20 12:00:00,12,534.21,-184.21,44.65,1.0,254.41,0.0,122.12,73.86,9.36
2026-05-20 12:05:00,12,534.21,-184.21,44.66,0.0,203.13,0.0,97.5,68.65,9.24
2026-05-20 12:10:00,12,534.21,-184.21,45.27,2.0,218.84,0.01,105.04,70.74,9.12
2026-05-20 12:15:00,12,534.21,-184.21,45.28,1.0,313.94,0.0,150.69,80.88,8.99
2026-05-20 12:20:00,12,534.21,-184.21,44.99,0.0,319.52,0.0,153.37,81.26,8.85
2026-05-20 12:25:00,12,534.21,-184.21,44.62,2.0,304.11,0.01,145.97,79.99,8.72
2026-05-20 12:30:00,12,534.21,-184.21,44.88,2.0,319.6,0.01,153.41,81.99,8.58
2026-05-20 12:35:00,12,534.21,-184.21,44.46,2.0,265.74,0.01,127.55,75.45,8.46
2026-05-20 12:40:00,12,534.21,-184.21,44.76,1.0,310.53,0.0,149.06,80.44,8.32
2026-05-20 12:45:00,12,534.21,-184.21,44.37,5.0,319.94,0.02,153.57,83.11,8.19
2026-05-20 12:50:00,12,534.21,-184.21,45.13,2.0,292.03,0.01,140.18,78.5,8.05
2026-05-20 12:55:00,12,534.21,-184.21,43.63,5.0,239.0,0.03,114.72,73.74,7.93
2026-05-20 13:00:00,12,534.21,-184.21,44.61,0.0,230.76,0.0,110.77,71.13,7.81
2026-05-20 13:05:00,12,534.21,-184.21,44.12,1.0,262.58,0.0,126.04,74.74,7.69
2026-05-20 13:10:00,12,534.21,-184.21,44.55,2.0,290.75,0.01,139.56,78.34,7.56
2026-05-20 13:15:00,12,534.21,-184.21,45.0,3.0,246.3,0.02,118.22,73.76,7.43
2026-05-20 13:20:00,12,534.21,-184.21,44.71,1.0,216.11,0.01,103.73,70.15,7.32
2026-05-20 13:25:00,12,534.21,-184.21,44.48,1.0,223.38,0.01,107.22,70.81,7.2
2026-05-20 13:30:00,12,534.21,-184.21,43.42,3.0,304.87,0.01,146.34,80.43,7.07
2026-05-20 13:35:00,12,534.21,-184.21,43.28,5.0,310.51,0.02,149.04,81.87,6.93
2026-05-20 13:40:00,12,534.21,-184.21,45.49,3.0,208.39,0.02,100.03,70.19,6.81
2026-05-20 13:45:00,12,534.21,-184.21,44.53,4.0,292.4,0.01,140.35,79.24,6.68
2026-05-20 13:50:00,12,534.21,-184.21,43.74,5.0,303.96,0.02,145.9,81.04,6.55
2026-05-20 13:55:00,12,534.21,-184.21,43.94,2.0,235.98,0.01,113.27,72.36,6.42
2026-05-20 14:00:00,12,534.21,-184.21,44.22,2.0,268.52,0.01,128.89,75.76,6.3
2026-05-20 14:05:00,12,534.21,-184.21,42.25,2.0,270.69,0.01,129.93,76.0,6.17
2026-05-20 14:10:00,12,534.21,-184.21,43.41,0.0,220.6,0.0,105.89,70.18,6.05
2026-05-20 14:15:00,12,534.21,-184.21,43.92,0.0,214.1,0.0,102.77,69.6,5.94
2026-05-20 14:20:00,12,534.21,-184.21,44.73,1.0,230.69,0.01,110.73,71.5,5.82
2026-05-20 14:25:00,12,534.21,-184.21,43.2,3.0,289.38,0.01,138.9,78.52,5.69
2026-05-20 14:30:00,12,534.21,-184.21,43.82,2.0,213.99,0.01,102.72,70.31,5.57
2026-05-20 14:35:00,12,534.21,-184.21,42.95,2.0,230.47,0.01,110.62,71.82,5.45
2026-05-20 14:40:00,12,534.21,-184.21,43.59,2.0,217.97,0.01,104.63,70.66,5.33
2026-05-20 14:45:00,12,534.21,-184.21,43.62,1.0,213.93,0.01,102.68,69.95,5.22
2026-05-20 14:50:00,12,534.21,-184.21,42.46,1.0,322.47,0.0,154.78,82.0,5.08
2026-05-20 14:55:00,12,534.21,-184.21,43.74,5.0,262.53,0.02,126.02,76.17,4.95
2026-05-20 15:00:00,12,534.21,-184.21,43.3,1.0,261.43,0.0,125.49,74.61,4.83
2026-05-20 15:05:00,12,534.21,-184.21,43.25,0.0,214.52,0.0,102.97,69.63,4.71
2026-05-20 15:10:00,12,534.21,-184.21,42.49,2.0,230.34,0.01,110.56,71.81,4.59
2026-05-20 15:15:00,12,534.21,-184.21,42.07,1.0,217.81,0.01,104.55,70.29,4.48
2026-05-20 15:20:00,12,534.21,-184.21,42.27,3.0,203.45,0.02,97.66,69.76,4.36
2026-05-20 15:25:00,12,534.21,-184.21,41.75,4.0,265.65,0.02,127.51,76.16,4.23
2026-05-20 15:30:00,12,534.21,-184.21,42.15,0.0,226.58,0.0,108.76,70.73,4.12
2026-05-20 15:35:00,12,534.21,-184.21,43.14,2.0,215.66,0.01,103.52,70.45,4.0
2026-05-20 15:40:00,12,534.21,-184.21,42.2,1.0,296.9,0.0,142.51,78.71,3.87
2026-05-20 15:45:00,12,534.21,-184.21,41.49,3.0,251.3,0.02,120.63,74.27,3.74
2026-05-20 15:50:00,12,534.21,-184.21,41.02,1.0,220.91,0.01,106.04,70.57,3.63
2026-05-20 15:55:00,12,534.21,-184.21,42.79,1.0,292.44,0.0,140.37,78.17,3.5
2026-05-20 16:00:00,12,534.21,-184.21,40.88,1.0,213.01,0.01,102.24,69.86,3.38
2026-05-20 16:05:00,12,534.21,-184.21,42.14,1.0,309.31,0.0,148.47,80.28,3.25
2026-05-20 16:10:00,12,534.21,-184.21,41.79,3.0,207.92,0.02,99.8,70.14,3.13
2026-05-20 16:15:00,12,534.21,-184.21,41.26,3.0,249.43,0.02,119.73,74.08,3.0
2026-05-20 16:20:00,12,534.21,-184.21,40.54,1.0,263.07,0.0,126.27,74.78,2.88
2026-05-20 16:25:00,12,534.21,-184.21,41.0,1.0,230.11,0.01,110.45,71.43,2.76
2026-05-20 16:30:00,12,534.21,-184.21,40.38,2.0,223.57,0.01,107.31,71.17,2.64
2026-05-20 16:35:00,12,534.21,-184.21,40.48,2.0,274.85,0.01,131.93,76.47,2.52
2026-05-20 16:40:00,12,534.21,-184.21,40.57,2.0,217.46,0.01,104.38,70.61,2.4
2026-05-20 16:45:00,12,534.21,-184.21,39.79,2.0,252.55,0.01,121.22,74.03,2.27
2026-05-20 16:50:00,12,534.21,-184.21,40.44,6.0,298.37,0.02,143.22,80.68,2.14
2026-05-20 16:55:00,12,534.21,-184.21,39.39,3.0,251.84,0.02,120.88,74.32,2.02
2026-05-20 17:00:00,12,534.21,-184.21,40.07,1.0,324.28,0.0,155.65,82.24,1.88
2026-05-20 17:05:00,12,534.21,-184.21,39.81,1.0,206.36,0.01,99.05,69.28,1.76
2026-05-20 17:10:00,12,534.21,-184.21,39.4,2.0,314.84,0.01,151.12,81.35,1.63
2026-05-20 17:15:00,12,534.21,-184.21,39.97,0.0,245.76,0.0,117.96,72.6,1.51
2026-05-20 17:20:00,12,534.21,-184.21,39.01,0.0,251.12,0.0,120.54,73.16,1.38
2026-05-20 17:25:00,12,534.21,-184.21,38.49,0.0,280.42,0.0,134.6,76.38,1.26
2026-05-20 17:30:00,12,534.21,-184.21,38.98,2.0,322.62,0.01,154.86,82.38,1.12
2026-05-20 17:35:00,12,534.21,-184.21,39.69,0.0,212.07,0.0,101.79,69.41,1.0
2026-05-20 17:40:00,12,534.21,-184.21,39.41,0.0,238.51,0.0,114.48,71.88,0.88
2026-05-20 17:45:00,12,534.21,-184.21,38.5,0.0,214.89,0.0,103.14,69.65,0.77
2026-05-20 17:50:00,12,534.21,-184.21,38.74,0.0,233.13,0.0,111.9,71.35,0.65
2026-05-20 17:55:00,12,534.21,-184.21,37.24,1.0,230.62,0.01,110.7,71.48,0.53
2026-05-20 18:00:00,12,534.21,-184.21,36.83,1.0,200.34,0.01,96.16,68.77,0.42
2026-05-20 18:05:00,12,534.21,-184.21,38.19,1.0,316.74,0.0,152.03,81.23,0.28
2026-05-20 18:10:00,12,534.21,-184.21,38.2,1.0,205.03,0.01,98.41,69.16,0.17
2026-05-20 18:15:00,12,534.21,-184.21,38.23,0.0,320.02,0.0,153.61,81.31,0.03
2026-05-20 18:20:00,12,534.21,-184.21,37.2,2.0,320.74,0.01,153.96,82.13,0.0
2026-05-20 18:25:00,12,534.21,-184.21,37.02,2.0,221.07,0.01,106.11,70.93,0.0
2026-05-20 18:30:00,12,534.21,-184.21,38.16,1.0,219.84,0.01,105.52,70.47,0.0
2026-05-20 18:35:00,12,534.21,-184.21,36.94,0.0,242.58,0.0,116.44,72.28,0.0
2026-05-20 18:40:00,12,534.21,-184.21,36.43,4.0,309.56,0.01,148.59,81.37,0.0
2026-05-20 18:45:00,12,534.21,-184.21,36.01,1.0,297.62,0.0,142.86,78.79,0.0
2026-05-20 18:50:00,12,534.21,-184.21,36.41,1.0,274.79,0.0,131.9,76.08,0.0
2026-05-20 18:55:00,12,534.21,-184.21,36.08,1.0,252.91,0.0,121.39,73.69,0.0
2026-05-20 19:00:00,12,534.21,-184.21,35.85,0.0,306.1,0.0,146.93,79.5,0.0
2026-05-20 19:05:00,12,534.21,-184.21,36.2,2.0,222.96,0.01,107.02,71.1,0.0
2026-05-20 19:10:00,12,534.21,-184.21,36.21,0.0,217.22,0.0,104.27,69.86,0.0
2026-05-20 19:15:00,12,534.21,-184.21,35.65,1.0,236.73,0.01,113.63,72.06,0.0
2026-05-20 19:20:00,12,534.21,-184.21,35.88,0.0,289.2,0.0,138.81,77.41,0.0
2026-05-20 19:25:00,12,534.21,-184.21,35.83,0.0,305.29,0.0,146.54,79.4,0.0
2026-05-20 19:30:00,12,534.21,-184.21,34.68,1.0,297.97,0.0,143.03,78.83,0.0
2026-05-20 19:35:00,12,534.21,-184.21,36.06,1.0,318.68,0.0,152.97,81.48,0.0
2026-05-20 19:40:00,12,534.21,-184.21,35.45,0.0,274.51,0.0,131.76,75.7,0.0
2026-05-20 19:45:00,12,534.21,-184.21,34.27,0.0,266.54,0.0,127.94,74.8,0.0
2026-05-20 19:50:00,12,534.21,-184.21,35.02,1.0,301.88,0.0,144.9,79.32,0.0
2026-05-20 19:55:00,12,534.21,-184.21,34.32,1.0,312.12,0.0,149.82,80.62,0.0
2026-05-20 20:00:00,12,534.21,-184.21,34.02,0.0,234.68,0.0,112.65,71.49,0.0
2026-05-20 20:05:00,12,534.21,-184.21,34.89,0.0,301.99,0.0,144.95,78.98,0.0
2026-05-20 20:10:00,12,534.21,-184.21,34.71,0.0,218.69,0.0,104.97,69.99,0.0
2026-05-20 20:15:00,12,534.21,-184.21,34.26,0.0,314.58,0.0,151.0,80.59,0.0
2026-05-20 20:20:00,12,534.21,-184.21,34.83,2.0,260.69,0.01,125.13,74.88,0.0
2026-05-20 20:25:00,12,534.21,-184.21,33.46,0.0,238.47,0.0,114.46,71.86,0.0
2026-05-20 20:30:00,12,534.21,-184.21,34.21,1.0,244.67,0.01,117.44,72.85,0.0
2026-05-20 20:35:00,12,534.21,-184.21,33.82,0.0,200.08,0.0,96.04,68.37,0.0
2026-05-20 20:40:00,12,534.21,-184.21,33.64,2.0,242.24,0.01,116.27,72.96,0.0
2026-05-20 20:45:00,12,534.21,-184.21,32.88,1.0,309.39,0.0,148.51,80.27,0.0
2026-05-20 20:50:00,12,534.21,-184.21,33.39,0.0,260.8,0.0,125.18,74.17,0.0
2026-05-20 20:55:00,12,534.21,-184.21,33.03,1.0,253.18,0.0,121.53,73.71,0.0
2026-05-20 21:00:00,12,534.21,-184.21,32.55,2.0,278.2,0.01,133.54,76.84,0.0
2026-05-20 21:05:00,12,534.21,-184.21,32.35,0.0,209.24,0.0,100.43,69.14,0.0
2026-05-20 21:10:00,12,534.21,-184.21,33.25,2.0,236.17,0.01,113.36,72.35,0.0
2026-05-20 21:15:00,12,534.21,-184.21,32.94,0.0,313.1,0.0,150.29,80.4,0.0
2026-05-20 21:20:00,12,534.21,-184.21,32.5,1.0,292.21,0.0,140.26,78.12,0.0
2026-05-20 21:25:00,12,534.21,-184.21,33.03,0.0,245.31,0.0,117.75,72.55,0.0
2026-05-20 21:30:00,12,534.21,-184.21,32.26,1.0,307.37,0.0,147.54,80.01,0.0
2026-05-20 21:35:00,12,534.21,-184.21,33.23,1.0,219.15,0.01,105.19,70.4,0.0
2026-05-20 21:40:00,12,534.21,-184.21,31.58,0.0,250.72,0.0,120.34,73.1,0.0
2026-05-20 21:45:00,12,534.21,-184.21,32.46,1.0,315.47,0.0,151.43,81.06,0.0
2026-05-20 21:50:00,12,534.21,-184.21,31.33,2.0,301.09,0.01,144.53,79.59,0.0
2026-05-20 21:55:00,12,534.21,-184.21,31.15,2.0,251.76,0.01,120.84,73.93,0.0
2026-05-20 22:00:00,12,534.21,-184.21,31.67,0.0,229.74,0.0,110.28,71.01,0.0
2026-05-20 22:05:00,12,534.21,-184.21,31.54,1.0,242.81,0.01,116.55,72.66,0.0
2026-05-20 22:10:00,12,534.21,-184.21,31.99,0.0,288.13,0.0,138.3,77.28,0.0
2026-05-20 22:15:00,12,534.21,-184.21,32.08,0.0,235.27,0.0,112.93,71.54,0.0
2026-05-20 22:20:00,12,534.21,-184.21,32.08,2.0,225.99,0.01,108.47,71.38,0.0
2026-05-20 22:25:00,12,534.21,-184.21,31.56,0.0,296.7,0.0,142.41,78.32,0.0
2026-05-20 22:30:00,12,534.21,-184.21,32.08,2.0,310.77,0.01,149.17,80.81,0.0
2026-05-20 22:35:00,12,534.21,-184.21,31.91,2.0,234.76,0.01,112.68,72.21,0.0
2026-05-20 22:40:00,12,534.21,-184.21,31.44,1.0,201.15,0.01,96.55,68.83,0.0
2026-05-20 22:45:00,12,534.21,-184.21,31.82,3.0,200.79,0.02,96.38,69.52,0.0
2026-05-20 22:50:00,12,534.21,-184.21,30.32,0.0,211.3,0.0,101.43,69.32,0.0
2026-05-20 22:55:00,12,534.21,-184.21,30.51,2.0,306.23,0.01,146.99,80.23,0.0
2026-05-20 23:00:00,12,534.21,-184.21,31.54,0.0,272.87,0.0,130.98,75.51,0.0
2026-05-20 23:05:00,12,534.21,-184.21,31.11,3.0,264.67,0.01,127.04,75.66,0.0
2026-05-20 23:10:00,12,534.21,-184.21,31.7,1.0,221.58,0.01,106.36,70.62,0.0
2026-05-20 23:15:00,12,534.21,-184.21,31.18,0.0,269.14,0.0,129.19,75.09,0.0
2026-05-20 23:20:00,12,534.21,-184.21,31.63,1.0,249.59,0.01,119.8,73.35,100.0
2026-05-20 23:25:00,12,534.21,-184.21,30.56,0.0,251.25,0.0,120.6,73.15,99.88
2026-05-20 23:30:00,12,534.21,-184.21,30.63,1.0,284.23,0.0,136.43,77.17,99.75
2026-05-20 23:35:00,12,534.21,-184.21,30.96,2.0,288.8,0.01,138.62,78.08,99.62
2026-05-20 23:40:00,12,534.21,-184.21,31.68,2.0,252.01,0.01,120.97,73.96,99.5
2026-05-20 23:45:00,12,534.21,-184.21,31.41,3.0,205.78,0.02,98.78,69.94,99.38
2026-05-20 23:50:00,12,534.21,-184.21,31.17,1.0,215.75,0.01,103.56,70.09,99.26
2026-05-20 23:55:00,12,534.21,-184.21,30.19,2.0,279.64,0.01,134.23,77.0,99.13
2026-05-21 00:00:00,12,534.21,-184.21,30.09,1.0,279.64,0.0,134.23,76.63,99.01
2026-05-21 00:05:00,12,534.21,-184.21,31.73,6.0,284.05,0.02,136.34,78.94,98.88
2026-05-21 00:10:00,12,534.21,-184.21,31.5,0.0,233.15,0.0,111.91,71.34,98.76
2026-05-21 00:15:00,12,534.21,-184.21,31.16,2.0,262.14,0.01,125.83,75.04,98.63
2026-05-21 00:20:00,12,534.21,-184.21,31.29,0.0,200.36,0.0,96.17,68.39,98.52
2026-05-21 00:25:00,12,534.21,-184.21,30.62,3.0,272.19,0.01,130.65,76.5,98.39
2026-05-21 00:30:00,12,534.21,-184.21,30.89,0.0,253.53,0.0,121.69,73.39,98.27
2026-05-21 00:35:00,12,534.21,-184.21,30.48,1.0,320.11,0.0,153.65,81.66,98.13
2026-05-21 00:40:00,12,534.21,-184.21,30.99,2.0,320.53,0.01,153.85,82.09,97.99
2026-05-21 00:45:00,12,534.21,-184.21,31.13,1.0,244.74,0.01,117.48,72.86,97.87
2026-05-21 00:50:00,12,534.21,-184.21,30.79,1.0,260.59,0.0,125.08,74.5,97.75
2026-05-21 00:55:00,12,534.21,-184.21,31.56,4.0,304.56,0.01,146.19,80.72,97.61
2026-05-21 01:00:00,12,534.21,-184.21,31.5,2.0,209.89,0.01,100.75,69.92,97.5
2026-05-21 01:05:00,12,534.21,-184.21,31.56,1.0,209.54,0.01,100.58,69.54,97.38
2026-05-21 01:10:00,12,534.21,-184.21,30.73,3.0,296.87,0.01,142.5,79.41,97.25
2026-05-21 01:15:00,12,534.21,-184.21,31.47,3.0,292.96,0.01,140.62,78.93,97.12
2026-05-21 01:20:00,12,534.21,-184.21,31.33,4.0,228.22,0.02,109.55,72.31,97.0
2026-05-21 01:25:00,12,534.21,-184.21,31.87,4.0,258.91,0.02,124.28,75.41,96.87
2026-05-21 01:30:00,12,534.21,-184.21,31.36,2.0,203.63,0.02,97.74,69.4,96.76
2026-05-21 01:35:00,12,534.21,-184.21,31.99,1.0,226.52,0.01,108.73,71.08,96.64
2026-05-21 01:40:00,12,534.21,-184.21,31.71,4.0,304.77,0.01,146.29,80.75,96.5
2026-05-21 01:45:00,12,534.21,-184.21,32.22,5.0,275.8,0.02,132.38,77.63,96.37
2026-05-21 01:50:00,12,534.21,-184.21,32.58,3.0,314.93,0.01,151.16,81.7,96.24
2026-05-21 01:55:00,12,534.21,-184.21,32.3,1.0,317.13,0.0,152.22,81.27,96.1
2026-05-21 02:00:00,12,534.21,-184.21,32.09,2.0,319.05,0.01,153.14,81.89,95.97
2026-05-21 02:05:00,12,534.21,-184.21,32.79,3.0,298.98,0.01,143.51,79.67,95.83
2026-05-21 02:10:00,12,534.21,-184.21,32.42,3.0,208.67,0.02,100.16,70.19,95.72
2026-05-21 02:15:00,12,534.21,-184.21,32.25,1.0,235.76,0.01,113.17,71.96,95.6
2026-05-21 02:20:00,12,534.21,-184.21,32.35,1.0,200.44,0.01,96.21,68.77,95.48
2026-05-21 02:25:00,12,534.21,-184.21,33.35,2.0,251.09,0.01,120.52,73.86,95.36
2026-05-21 02:30:00,12,534.21,-184.21,32.49,4.0,302.14,0.01,145.03,80.42,95.22
2026-05-21 02:35:00,12,534.21,-184.21,33.62,3.0,292.01,0.01,140.16,78.82,95.09
2026-05-21 02:40:00,12,534.21,-184.21,32.56,2.0,254.79,0.01,122.3,74.25,94.97
2026-05-21 02:45:00,12,534.21,-184.21,32.42,1.0,247.47,0.01,118.78,73.14,94.85
2026-05-21 02:50:00,12,534.21,-184.21,32.61,4.0,314.96,0.01,151.18,82.06,94.71
2026-05-21 02:55:00,12,534.21,-184.21,32.99,0.0,257.94,0.0,123.81,73.86,94.59
2026-05-21 03:00:00,12,534.21,-184.21,33.14,5.0,219.57,0.03,105.39,71.88,94.47
2026-05-21 03:05:00,12,534.21,-184.21,32.76,0.0,305.2,0.0,146.5,79.38,94.34
2026-05-21 03:10:00,12,534.21,-184.21,33.32,4.0,282.99,0.02,135.84,78.12,94.2
2026-05-21 03:15:00,12,534.21,-184.21,32.78,3.0,272.55,0.01,130.82,76.54,94.08
2026-05-21 03:20:00,12,534.21,-184.21,33.11,2.0,224.58,0.01,107.8,71.25,93.96
2026-05-21 03:25:00,12,534.21,-184.21,33.66,0.0,316.6,0.0,151.97,80.85,93.82
2026-05-21 03:30:00,12,534.21,-184.21,33.64,3.0,260.71,0.01,125.14,75.23,93.7
2026-05-21 03:35:00,12,534.21,-184.21,34.17,1.0,216.88,0.01,104.1,70.19,93.58
2026-05-21 03:40:00,12,534.21,-184.21,33.98,0.0,302.5,0.0,145.2,79.04,93.45
2026-05-21 03:45:00,12,534.21,-184.21,34.08,3.0,214.18,0.02,102.81,70.67,93.33
2026-05-21 03:50:00,12,534.21,-184.21,33.95,2.0,279.85,0.01,134.33,77.03,93.2
2026-05-21 03:55:00,12,534.21,-184.21,35.04,5.0,272.78,0.02,130.93,77.29,93.07
2026-05-21 04:00:00,12,534.21,-184.21,34.11,2.0,315.12,0.01,151.26,81.38,92.94
2026-05-21 04:05:00,12,534.21,-184.21,34.75,0.0,258.75,0.0,124.2,73.95,92.82
2026-05-21 04:10:00,12,534.21,-184.21,35.37,2.0,252.16,0.01,121.04,73.98,92.69
2026-05-21 04:15:00,12,534.21,-184.21,34.72,1.0,232.89,0.01,111.79,71.69,92.57
2026-05-21 04:20:00,12,534.21,-184.21,34.93,0.0,240.32,0.0,115.35,72.05,92.45
2026-05-21 04:25:00,12,534.21,-184.21,35.08,2.0,316.72,0.01,152.03,81.59,92.32
2026-05-21 04:30:00,12,534.21,-184.21,35.33,1.0,212.93,0.01,102.2,69.84,92.2
2026-05-21 04:35:00,12,534.21,-184.21,35.51,3.0,269.67,0.01,129.44,76.22,92.07
2026-05-21 04:40:00,12,534.21,-184.21,35.48,1.0,287.15,0.0,137.83,77.52,91.94
2026-05-21 04:45:00,12,534.21,-184.21,35.21,1.0,216.56,0.01,103.95,70.17,91.83
2026-05-21 04:50:00,12,534.21,-184.21,35.47,3.0,266.86,0.01,128.09,75.91,91.7
2026-05-21 04:55:00,12,534.21,-184.21,36.41,1.0,291.22,0.0,139.79,78.01,91.57
2026-05-21 05:00:00,12,534.21,-184.21,36.98,1.0,300.85,0.0,144.41,79.19,91.44
2026-05-21 05:05:00,12,534.21,-184.21,36.4,1.0,286.87,0.0,137.7,77.49,91.31
2026-05-21 05:10:00,12,534.21,-184.21,36.78,2.0,298.3,0.01,143.18,79.25,91.18
2026-05-21 05:15:00,12,534.21,-184.21,37.5,1.0,296.82,0.0,142.47,78.69,91.05
2026-05-21 05:20:00,12,534.21,-184.21,35.91,3.0,320.74,0.01,153.96,82.48,90.91
2026-05-21 05:25:00,12,534.21,-184.21,36.63,2.0,243.62,0.01,116.94,73.1,90.79
2026-05-21 05:30:00,12,534.21,-184.21,36.54,2.0,314.5,0.01,150.96,81.3,90.65
2026-05-21 05:35:00,12,534.21,-184.21,37.3,1.0,310.55,0.0,149.07,80.43,90.52
2026-05-21 05:40:00,12,534.21,-184.21,37.38,1.0,297.63,0.0,142.86,78.79,90.39
2026-05-21 05:45:00,12,534.21,-184.21,37.6,2.0,241.42,0.01,115.88,72.88,90.26
2026-05-21 05:50:00,12,534.21,-184.21,37.66,2.0,204.01,0.02,97.93,69.45,90.15
2026-05-21 05:55:00,12,534.21,-184.21,38.25,0.0,202.05,0.0,96.98,68.54,90.03
2026-05-21 06:00:00,12,534.21,-184.21,37.74,1.0,255.61,0.0,122.69,73.97,89.91
2026-05-21 06:05:00,12,534.21,-184.21,37.56,2.0,310.16,0.01,148.88,80.75,89.78
2026-05-21 06:10:00,12,534.21,-184.21,38.53,0.0,301.26,0.0,144.61,78.9,89.65
2026-05-21 06:15:00,12,534.21,-184.21,38.94,1.0,313.9,0.0,150.67,80.86,89.51
2026-05-21 06:20:00,12,534.21,-184.21,38.8,2.0,218.26,0.01,104.77,70.68,89.39
2026-05-21 06:25:00,12,534.21,-184.21,38.67,0.0,213.27,0.0,102.37,69.51,89.28
2026-05-21 06:30:00,12,534.21,-184.21,39.07,0.0,264.7,0.0,127.06,74.61,89.15
2026-05-21 06:35:00,12,534.21,-184.21,37.99,2.0,280.58,0.01,134.68,77.12,89.02
2026-05-21 06:40:00,12,534.21,-184.21,40.17,0.0,238.21,0.0,114.34,71.85,88.9
2026-05-21 06:45:00,12,534.21,-184.21,39.52,0.0,261.07,0.0,125.31,74.21,88.78
2026-05-21 06:50:00,12,534.21,-184.21,40.47,2.0,294.24,0.01,141.23,78.75,88.65
2026-05-21 06:55:00,12,534.21,-184.21,39.86,1.0,296.92,0.0,142.52,78.71,88.52
2026-05-21 07:00:00,12,534.21,-184.21,39.5,0.0,276.22,0.0,132.59,75.9,88.39
2026-05-21 07:05:00,12,534.21,-184.21,39.71,2.0,308.01,0.01,147.84,80.47,88.26
2026-05-21 07:10:00,12,534.21,-184.21,40.43,0.0,234.71,0.0,112.66,71.51,88.14
2026-05-21 07:15:00,12,534.21,-184.21,40.54,2.0,320.19,0.01,153.69,82.06,88.0
2026-05-21 07:20:00,12,534.21,-184.21,40.02,3.0,220.97,0.02,106.06,71.3,87.88
2026-05-21 07:25:00,12,534.21,-184.21,40.86,0.0,218.16,0.0,104.72,69.95,87.77
2026-05-21 07:30:00,12,534.21,-184.21,39.8,1.0,244.38,0.01,117.3,72.83,87.65
2026-05-21 07:35:00,12,534.21,-184.21,40.14,0.0,228.78,0.0,109.82,70.94,87.53
2026-05-21 07:40:00,12,534.21,-184.21,40.84,2.0,308.72,0.01,148.19,80.57,87.39
2026-05-21 07:45:00,12,534.21,-184.21,41.02,0.0,205.18,0.0,98.49,68.81,87.28
2026-05-21 07:50:00,12,534.21,-184.21,41.14,2.0,221.5,0.01,106.32,70.98,87.16
2026-05-21 07:55:00,12,534.21,-184.21,41.23,0.0,290.94,0.0,139.65,77.64,87.03
2026-05-21 08:00:00,12,534.21,-184.21,41.64,0.0,267.17,0.0,128.24,74.89,86.91
2026-05-21 08:05:00,12,534.21,-184.21,41.66,1.0,231.44,0.01,111.09,71.56,86.79
2026-05-21 08:10:00,12,534.21,-184.21,40.94,0.0,212.29,0.0,101.9,69.43,86.67
2026-05-21 08:15:00,12,534.21,-184.21,42.21,1.0,307.28,0.0,147.49,80.01,86.54
2026-05-21 08:20:00,12,534.21,-184.21,42.3,1.0,310.3,0.0,148.94,80.4,86.4
2026-05-21 08:25:00,12,534.21,-184.21,41.14,0.0,225.32,0.0,108.15,70.61,86.29
2026-05-21 08:30:00,12,534.21,-184.21,41.25,0.0,215.48,0.0,103.43,69.71,86.17
2026-05-21 08:35:00,12,534.21,-184.21,43.04,4.0,276.09,0.02,132.53,77.34,86.04
2026-05-21 08:40:00,12,534.21,-184.21,42.21,0.0,305.82,0.0,146.79,79.48,85.91
2026-05-21 08:45:00,12,534.21,-184.21,42.28,0.0,313.88,0.0,150.66,80.51,85.77
2026-05-21 08:50:00,12,534.21,-184.21,43.6,0.0,214.08,0.0,102.76,69.59,85.66
2026-05-21 08:55:00,12,534.21,-184.21,43.27,1.0,281.23,0.0,134.99,76.84,85.53
2026-05-21 09:00:00,12,534.21,-184.21,43.53,0.0,213.52,0.0,102.49,69.54,85.41
2026-05-21 09:05:00,12,534.21,-184.21,43.49,0.0,283.82,0.0,136.23,76.79,85.29
2026-05-21 09:10:00,12,534.21,-184.21,44.01,2.0,310.38,0.01,148.98,80.79,85.15
2026-05-21 09:15:00,12,534.21,-184.21,43.64,0.0,257.97,0.0,123.83,73.89,85.03
2026-05-21 09:20:00,12,534.21,-184.21,43.41,2.0,200.61,0.02,96.29,69.17,84.91
2026-05-21 09:25:00,12,534.21,-184.21,43.57,1.0,277.07,0.0,132.99,76.36,84.79
2026-05-21 09:30:00,12,534.21,-184.21,43.33,0.0,295.25,0.0,141.72,78.16,84.65
2026-05-21 09:35:00,12,534.21,-184.21,43.44,1.0,308.81,0.0,148.23,80.21,84.52
2026-05-21 09:40:00,12,534.21,-184.21,43.11,0.0,269.89,0.0,129.55,75.19,84.4
2026-05-21 09:45:00,12,534.21,-184.21,43.17,1.0,314.54,0.0,150.98,80.95,84.26
2026-05-21 09:50:00,12,534.21,-184.21,44.33,1.0,203.38,0.01,97.62,69.04,84.15
2026-05-21 09:55:00,12,534.21,-184.21,44.48,0.0,211.71,0.0,101.62,69.39,84.03
2026-05-21 10:00:00,12,534.21,-184.21,45.07,3.0,267.07,0.01,128.2,75.95,83.9
2026-05-21 10:05:00,12,534.21,-184.21,43.53,0.0,284.72,0.0,136.67,76.9,83.78
2026-05-21 10:10:00,12,534.21,-184.21,43.86,0.0,288.93,0.0,138.69,77.4,83.65
2026-05-21 10:15:00,12,534.21,-184.21,45.16,2.0,305.07,0.01,146.43,80.11,83.51
2026-05-21 10:20:00,12,534.21,-184.21,43.63,1.0,252.8,0.0,121.34,73.69,83.39
2026-05-21 10:25:00,12,534.21,-184.21,44.63,2.0,296.93,0.01,142.53,79.09,83.26
2026-05-21 10:30:00,12,534.21,-184.21,43.25,3.0,239.55,0.02,114.99,73.08,83.14
2026-05-21 10:35:00,12,534.21,-184.21,44.14,2.0,275.83,0.01,132.4,76.59,83.01
2026-05-21 10:40:00,12,534.21,-184.21,45.57,0.0,259.56,0.0,124.59,74.06,82.89
2026-05-21 10:45:00,12,534.21,-184.21,43.83,0.0,292.44,0.0,140.37,77.82,82.76
2026-05-21 10:50:00,12,534.21,-184.21,43.38,0.0,286.93,0.0,137.73,77.16,82.63
2026-05-21 10:55:00,12,534.21,-184.21,45.03,0.0,248.84,0.0,119.44,72.93,82.51
2026-05-21 11:00:00,12,534.21,-184.21,46.1,1.0,246.07,0.01,118.12,73.02,82.38
2026-05-21 11:05:00,12,534.21,-184.21,43.99,2.0,291.39,0.01,139.87,78.42,82.25
2026-05-21 11:10:00,12,534.21,-184.21,44.74,3.0,263.07,0.01,126.28,75.51,82.13
2026-05-21 11:15:00,12,534.21,-184.21,45.49,6.0,306.41,0.02,147.08,81.7,81.99
2026-05-21 11:20:00,12,534.21,-184.21,44.41,2.0,310.85,0.01,149.21,80.85,81.86
2026-05-21 11:25:00,12,534.21,-184.21,45.91,1.0,265.94,0.0,127.65,75.11,81.73
2026-05-21 11:30:00,12,534.21,-184.21,45.38,0.0,215.16,0.0,103.28,69.69,81.62
2026-05-21 11:35:00,12,534.21,-184.21,44.43,1.0,223.33,0.01,107.2,70.8,81.5
2026-05-21 11:40:00,12,534.21,-184.21,44.93,3.0,293.31,0.01,140.79,79.0,81.37
2026-05-21 11:45:00,12,534.21,-184.21,45.47,3.0,244.55,0.02,117.38,73.58,81.24
2026-05-21 11:50:00,12,534.21,-184.21,45.25,1.0,239.73,0.01,115.07,72.38,81.12
2026-05-21 11:55:00,12,534.21,-184.21,44.61,2.0,250.56,0.01,120.27,73.83,81.0
2026-05-21 12:00:00,12,534.21,-184.21,45.44,1.0,244.97,0.01,117.58,72.91,80.88
2026-05-21 12:05:00,12,534.21,-184.21,45.54,0.0,222.67,0.0,106.88,70.37,80.76
2026-05-21 12:10:00,12,534.21,-184.21,44.77,0.0,206.81,0.0,99.27,68.96,80.65
2026-05-21 12:15:00,12,534.21,-184.21,44.25,2.0,233.75,0.01,112.2,72.14,80.53
2026-05-21 12:20:00,12,534.21,-184.21,45.29,1.0,244.85,0.01,117.53,72.9,80.4
2026-05-21 12:25:00,12,534.21,-184.21,45.01,1.0,308.04,0.0,147.86,80.12,80.27
2026-05-21 12:30:00,12,534.21,-184.21,45.15,2.0,312.77,0.01,150.13,81.1,80.14
2026-05-21 12:35:00,12,534.21,-184.21,45.75,2.0,269.42,0.01,129.32,75.87,80.01
2026-05-21 12:40:00,12,534.21,-184.21,45.36,0.0,205.27,0.0,98.53,68.83,79.89
2026-05-21 12:45:00,12,534.21,-184.21,45.44,3.0,258.61,0.01,124.13,75.03,79.77
2026-05-21 12:50:00,12,534.21,-184.21,44.41,2.0,310.34,0.01,148.96,80.78,79.63
2026-05-21 12:55:00,12,534.21,-184.21,45.33,3.0,257.92,0.01,123.8,74.96,79.51
2026-05-21 13:00:00,12,534.21,-184.21,44.15,0.0,246.87,0.0,118.5,72.73,79.39
2026-05-21 13:05:00,12,534.21,-184.21,44.15,2.0,253.25,0.01,121.56,74.11,79.26
2026-05-21 13:10:00,12,534.21,-184.21,45.09,4.0,302.54,0.01,145.22,80.49,79.13
2026-05-21 13:15:00,12,534.21,-184.21,44.48,2.0,221.3,0.01,106.23,70.97,79.01
2026-05-21 13:20:00,12,534.21,-184.21,44.86,1.0,261.45,0.0,125.49,74.62,78.89
2026-05-21 13:25:00,12,534.21,-184.21,43.98,3.0,297.38,0.01,142.74,79.5,78.76
2026-05-21 13:30:00,12,534.21,-184.21,43.93,4.0,299.91,0.01,143.95,80.16,78.62
2026-05-21 13:35:00,12,534.21,-184.21,44.69,2.0,318.94,0.01,153.09,81.9,78.49
2026-05-21 13:40:00,12,534.21,-184.21,43.94,1.0,303.78,0.0,145.81,79.57,78.35
2026-05-21 13:45:00,12,534.21,-184.21,45.06,3.0,233.08,0.02,111.88,72.45,78.23
2026-05-21 13:50:00,12,534.21,-184.21,44.73,2.0,270.57,0.01,129.88,75.99,78.11
2026-05-21 13:55:00,12,534.21,-184.21,44.81,6.0,307.31,0.02,147.51,81.82,77.97
2026-05-21 14:00:00,12,534.21,-184.21,43.49,1.0,265.38,0.0,127.38,75.04,77.84
2026-05-21 14:05:00,12,534.21,-184.21,45.03,3.0,296.17,0.01,142.16,79.35,77.71
2026-05-21 14:10:00,12,534.21,-184.21,43.97,2.0,260.41,0.01,125.0,74.87,77.59
2026-05-21 14:15:00,12,534.21,-184.21,43.51,3.0,278.43,0.01,133.64,77.23,77.46
2026-05-21 14:20:00,12,534.21,-184.21,43.51,2.0,214.41,0.01,102.92,70.34,77.34
2026-05-21 14:25:00,12,534.21,-184.21,43.2,0.0,200.4,0.0,96.19,68.42,77.23
2026-05-21 14:30:00,12,534.21,-184.21,43.32,2.0,305.46,0.01,146.62,80.16,77.09
2026-05-21 14:35:00,12,534.21,-184.21,42.92,4.0,238.58,0.02,114.52,73.33,76.97
2026-05-21 14:40:00,12,534.21,-184.21,43.27,0.0,214.3,0.0,102.87,69.61,76.85
2026-05-21 14:45:00,12,534.21,-184.21,43.66,1.0,220.87,0.01,106.02,70.58,76.74
2026-05-21 14:50:00,12,534.21,-184.21,43.84,0.0,292.75,0.0,140.52,77.86,76.61
2026-05-21 14:55:00,12,534.21,-184.21,43.31,3.0,227.99,0.02,109.44,71.96,76.49
2026-05-21 15:00:00,12,534.21,-184.21,43.43,0.0,254.25,0.0,122.04,73.49,76.37
2026-05-21 15:05:00,12,534.21,-184.21,42.98,6.0,296.51,0.02,142.32,80.46,76.23
2026-05-21 15:10:00,12,534.21,-184.21,43.29,3.0,269.23,0.01,129.23,76.19,76.1
2026-05-21 15:15:00,12,534.21,-184.21,43.65,1.0,272.9,0.0,130.99,75.88,75.98
2026-05-21 15:20:00,12,534.21,-184.21,43.53,1.0,218.55,0.01,104.9,70.36,75.86
2026-05-21 15:25:00,12,534.21,-184.21,42.13,2.0,259.6,0.01,124.61,74.78,75.74
2026-05-21 15:30:00,12,534.21,-184.21,42.67,4.0,289.26,0.02,138.85,78.88,75.6
2026-05-21 15:35:00,12,534.21,-184.21,41.52,3.0,287.72,0.01,138.11,78.32,75.47
2026-05-21 15:40:00,12,534.21,-184.21,42.72,1.0,268.07,0.0,128.67,75.34,75.35
2026-05-21 15:45:00,12,534.21,-184.21,41.49,2.0,246.61,0.01,118.37,73.41,75.23
2026-05-21 15:50:00,12,534.21,-184.21,41.55,0.0,216.46,0.0,103.9,69.8,75.11
2026-05-21 15:55:00,12,534.21,-184.21,41.59,4.0,307.16,0.01,147.43,81.07,74.97
2026-05-21 16:00:00,12,534.21,-184.21,42.07,0.0,324.62,0.0,155.82,81.94,74.84
2026-05-21 16:05:00,12,534.21,-184.21,41.41,0.0,204.43,0.0,98.13,68.75,74.72
2026-05-21 16:10:00,12,534.21,-184.21,41.18,2.0,319.8,0.01,153.5,82.01,74.59
2026-05-21 16:15:00,12,534.21,-184.21,40.92,0.0,202.44,0.0,97.17,68.58,74.47
2026-05-21 16:20:00,12,534.21,-184.21,40.67,2.0,291.22,0.01,139.79,78.39,74.34
2026-05-21 16:25:00,12,534.21,-184.21,41.31,1.0,249.95,0.01,119.98,73.41,74.22
2026-05-21 16:30:00,12,534.21,-184.21,40.52,2.0,268.0,0.01,128.64,75.7,74.09
2026-05-21 16:35:00,12,534.21,-184.21,41.13,1.0,306.78,0.0,147.25,79.95,73.96
2026-05-21 16:40:00,12,534.21,-184.21,41.74,1.0,296.07,0.0,142.11,78.61,73.83
2026-05-21 16:45:00,12,534.21,-184.21,40.15,1.0,226.07,0.01,108.52,71.05,73.71
2026-05-21 16:50:00,12,534.21,-184.21,40.29,3.0,312.37,0.01,149.94,81.39,73.57
2026-05-21 16:55:00,12,534.21,-184.21,39.92,3.0,261.12,0.01,125.34,75.29,73.45
2026-05-21 17:00:00,12,534.21,-184.21,40.19,0.0,204.58,0.0,98.2,68.76,73.33
2026-05-21 17:05:00,12,534.21,-184.21,39.32,0.0,268.66,0.0,128.95,75.05,73.21
2026-05-21 17:10:00,12,534.21,-184.21,39.54,0.0,217.57,0.0,104.43,69.9,73.09
2026-05-21 17:15:00,12,534.21,-184.21,39.96,1.0,243.5,0.01,116.88,72.75,72.97
2026-05-21 17:20:00,12,534.21,-184.21,39.06,2.0,253.11,0.01,121.49,74.08,72.85
2026-05-21 17:25:00,12,534.21,-184.21,38.96,0.0,281.18,0.0,134.97,76.47,72.72
2026-05-21 17:30:00,12,534.21,-184.21,39.98,6.0,311.06,0.02,149.31,82.29,72.58
2026-05-21 17:35:00,12,534.21,-184.21,38.43,2.0,310.52,0.01,149.05,80.79,72.45
2026-05-21 17:40:00,12,534.21,-184.21,39.12,4.0,231.67,0.02,111.2,72.65,72.33
2026-05-21 17:45:00,12,534.21,-184.21,38.32,0.0,314.37,0.0,150.9,80.57,72.19
2026-05-21 17:50:00,12,534.21,-184.21,38.27,0.0,200.81,0.0,96.39,68.44,72.08
2026-05-21 17:55:00,12,534.21,-184.21,38.63,0.0,205.81,0.0,98.79,68.86,71.96
2026-05-21 18:00:00,12,534.21,-184.21,37.81,1.0,253.47,0.0,121.66,73.75,71.84
2026-05-21 18:05:00,12,534.21,-184.21,37.39,1.0,226.57,0.01,108.76,71.09,71.72
2026-05-21 18:10:00,12,534.21,-184.21,38.68,0.0,206.88,0.0,99.3,68.95,71.61
2026-05-21 18:15:00,12,534.21,-184.21,38.04,1.0,260.45,0.0,125.02,74.49,71.48
2026-05-21 18:20:00,12,534.21,-184.21,36.98,0.0,247.57,0.0,118.83,72.78,71.36
2026-05-21 18:25:00,12,534.21,-184.21,37.5,0.0,206.99,0.0,99.35,68.96,71.25
2026-05-21 18:30:00,12,534.21,-184.21,36.57,2.0,268.8,0.01,129.02,75.78,71.12
2026-05-21 18:35:00,12,534.21,-184.21,37.21,1.0,215.99,0.01,103.68,70.12,71.0
2026-05-21 18:40:00,12,534.21,-184.21,36.84,1.0,225.25,0.01,108.12,70.97,70.89
2026-05-21 18:45:00,12,534.21,-184.21,36.54,2.0,256.45,0.01,123.1,74.43,70.76
2026-05-21 18:50:00,12,534.21,-184.21,36.44,0.0,299.26,0.0,143.65,78.65,70.63
2026-05-21 18:55:00,12,534.21,-184.21,36.58,0.0,258.79,0.0,124.22,73.96,70.51
2026-05-21 19:00:00,12,534.21,-184.21,35.53,0.0,288.28,0.0,138.37,77.3,70.38
2026-05-21 19:05:00,12,534.21,-184.21,35.23,0.0,241.4,0.0,115.87,72.16,70.26
2026-05-21 19:10:00,12,534.21,-184.21,35.74,1.0,235.94,0.01,113.25,71.99,70.14
2026-05-21 19:15:00,12,534.21,-184.21,36.52,0.0,237.09,0.0,113.8,71.73,70.02
2026-05-21 19:20:00,12,534.21,-184.21,35.32,0.0,227.83,0.0,109.36,70.84,69.9
2026-05-21 19:25:00,12,534.21,-184.21,36.01,0.0,293.88,0.0,141.06,77.98,69.77
2026-05-21 19:30:00,12,534.21,-184.21,35.14,0.0,204.99,0.0,98.4,68.79,69.66
2026-05-21 19:35:00,12,534.21,-184.21,35.98,1.0,281.11,0.0,134.93,76.81,69.53
2026-05-21 19:40:00,12,534.21,-184.21,34.86,1.0,285.28,0.0,136.94,77.3,69.4
2026-05-21 19:45:00,12,534.21,-184.21,34.92,0.0,200.16,0.0,96.08,68.38,69.29
2026-05-21 19:50:00,12,534.21,-184.21,34.42,2.0,237.38,0.01,113.94,72.48,69.17
2026-05-21 19:55:00,12,534.21,-184.21,35.13,0.0,203.9,0.0,97.87,68.69,69.05
2026-05-21 20:00:00,12,534.21,-184.21,34.44,2.0,264.43,0.01,126.93,75.29,68.93
2026-05-21 20:05:00,12,534.21,-184.21,34.15,1.0,219.65,0.01,105.43,70.44,68.81
2026-05-21 20:10:00,12,534.21,-184.21,33.76,1.0,204.62,0.01,98.22,69.12,68.69
2026-05-21 20:15:00,12,534.21,-184.21,32.73,1.0,306.63,0.0,147.18,79.91,68.56
2026-05-21 20:20:00,12,534.21,-184.21,34.23,0.0,211.11,0.0,101.33,69.31,68.44
2026-05-21 20:25:00,12,534.21,-184.21,34.08,1.0,245.75,0.01,117.96,72.96,68.32
2026-05-21 20:30:00,12,534.21,-184.21,34.23,1.0,285.33,0.0,136.96,77.3,68.19
2026-05-21 20:35:00,12,534.21,-184.21,33.63,2.0,315.06,0.01,151.23,81.37,68.06
2026-05-21 20:40:00,12,534.21,-184.21,33.79,0.0,250.92,0.0,120.44,73.13,67.94
2026-05-21 20:45:00,12,534.21,-184.21,33.45,0.0,202.65,0.0,97.27,68.58,67.82
2026-05-21 20:50:00,12,534.21,-184.21,33.66,2.0,254.92,0.01,122.36,74.26,67.7
2026-05-21 20:55:00,12,534.21,-184.21,34.26,1.0,238.34,0.01,114.4,72.22,67.58
2026-05-21 21:00:00,12,534.21,-184.21,33.19,0.0,223.07,0.0,107.07,70.39,67.46
2026-05-21 21:05:00,12,534.21,-184.21,32.62,0.0,213.53,0.0,102.49,69.52,67.34
2026-05-21 21:10:00,12,534.21,-184.21,33.22,3.0,240.88,0.02,115.62,73.19,67.22
2026-05-21 21:15:00,12,534.21,-184.21,32.85,1.0,322.42,0.0,154.76,81.97,67.09
2026-05-21 21:20:00,12,534.21,-184.21,32.92,0.0,304.87,0.0,146.34,79.34,66.95
2026-05-21 21:25:00,12,534.21,-184.21,33.06,0.0,250.36,0.0,120.17,73.07,66.83
2026-05-21 21:30:00,12,534.21,-184.21,31.66,0.0,250.99,0.0,120.48,73.13,66.71
2026-05-21 21:35:00,12,534.21,-184.21,32.59,1.0,310.91,0.0,149.23,80.46,66.58
2026-05-21 21:40:00,12,534.21,-184.21,32.37,0.0,247.46,0.0,118.78,72.77,66.45
2026-05-21 21:45:00,12,534.21,-184.21,31.98,0.0,218.92,0.0,105.08,70.0,66.34
2026-05-21 21:50:00,12,534.21,-184.21,31.95,1.0,299.82,0.0,143.91,79.06,66.21
2026-05-21 21:55:00,12,534.21,-184.21,31.99,1.0,229.03,0.01,109.93,71.31,66.09
2026-05-21 22:00:00,12,534.21,-184.21,31.76,1.0,244.55,0.01,117.38,72.84,65.97
2026-05-21 22:05:00,12,534.21,-184.21,31.05,1.0,294.61,0.0,141.41,78.41,65.84
2026-05-21 22:10:00,12,534.21,-184.21,32.13,2.0,272.36,0.01,130.73,76.17,65.71
2026-05-21 22:15:00,12,534.21,-184.21,32.01,1.0,233.99,0.01,112.31,71.79,65.59
2026-05-21 22:20:00,12,534.21,-184.21,31.12,1.0,211.91,0.01,101.72,69.75,65.47
2026-05-21 22:25:00,12,534.21,-184.21,31.55,0.0,202.88,0.0,97.38,68.6,65.36
2026-05-21 22:30:00,12,534.21,-184.21,30.99,2.0,306.41,0.01,147.08,80.25,65.22
2026-05-21 22:35:00,12,534.21,-184.21,31.28,0.0,278.99,0.0,133.91,76.2,65.1
2026-05-21 22:40:00,12,534.21,-184.21,31.85,3.0,252.83,0.01,121.36,74.39,64.97
2026-05-21 22:45:00,12,534.21,-184.21,31.44,3.0,299.67,0.01,143.84,79.76,64.84
2026-05-21 22:50:00,12,534.21,-184.21,31.14,4.0,293.17,0.01,140.72,79.31,64.71
2026-05-21 22:55:00,12,534.21,-184.21,31.52,1.0,308.51,0.0,148.09,80.15,64.57
2026-05-21 23:00:00,12,534.21,-184.21,31.33,0.0,212.07,0.0,101.79,69.39,64.46
2026-05-21 23:05:00,12,534.21,-184.21,30.12,2.0,214.87,0.01,103.14,70.36,64.34
2026-05-21 23:10:00,12,534.21,-184.21,30.52,11.0,316.0,0.04,151.68,84.7,64.2
2026-05-21 23:15:00,12,534.21,-184.21,31.54,1.0,284.51,0.0,136.57,77.2,64.07
2026-05-21 23:20:00,12,534.21,-184.21,31.39,2.0,208.91,0.01,100.28,69.84,63.96
2026-05-21 23:25:00,12,534.21,-184.21,31.51,1.0,232.33,0.01,111.52,71.63,63.84
2026-05-21 23:30:00,12,534.21,-184.21,30.67,3.0,279.6,0.01,134.21,77.35,63.71
2026-05-21 23:35:00,12,534.21,-184.21,30.72,0.0,216.97,0.0,104.15,69.83,63.59
2026-05-21 23:40:00,12,534.21,-184.21,30.23,1.0,253.94,0.0,121.89,73.79,63.47
2026-05-21 23:45:00,12,534.21,-184.21,30.92,1.0,265.31,0.0,127.35,75.01,63.34
2026-05-21 23:50:00,12,534.21,-184.21,31.13,3.0,279.53,0.01,134.17,77.34,63.21
2026-05-21 23:55:00,12,534.21,-184.21,31.05,0.0,208.07,0.0,99.87,69.04,63.1
2026-05-22 00:00:00,12,534.21,-184.21,31.3,2.0,288.75,0.01,138.6,78.07,62.97
2026-05-22 00:05:00,12,534.21,-184.21,31.75,0.0,219.26,0.0,105.24,70.03,62.85
2026-05-22 00:10:00,12,534.21,-184.21,31.08,2.0,278.71,0.01,133.78,76.89,62.72
2026-05-22 00:15:00,12,534.21,-184.21,30.61,6.0,312.01,0.02,149.77,82.39,62.59
2026-05-22 00:20:00,12,534.21,-184.21,30.7,1.0,221.3,0.01,106.23,70.59,62.47
2026-05-22 00:25:00,12,534.21,-184.21,31.37,1.0,223.2,0.01,107.14,70.77,62.35
2026-05-22 00:30:00,12,534.21,-184.21,30.26,0.0,221.02,0.0,106.09,70.19,62.23
2026-05-22 00:35:00,12,534.21,-184.21,31.54,1.0,254.32,0.0,122.07,73.83,62.11
2026-05-22 00:40:00,12,534.21,-184.21,31.56,1.0,311.74,0.0,149.63,80.57,61.98
2026-05-22 00:45:00,12,534.21,-184.21,30.77,2.0,221.49,0.01,106.31,70.96,61.86
2026-05-22 00:50:00,12,534.21,-184.21,31.89,1.0,200.74,0.01,96.36,68.79,61.74
2026-05-22 00:55:00,12,534.21,-184.21,31.36,3.0,285.31,0.01,136.95,78.02,61.61
2026-05-22 01:00:00,12,534.21,-184.21,31.28,4.0,280.17,0.02,134.48,77.78,61.48
2026-05-22 01:05:00,12,534.21,-184.21,31.7,2.0,247.98,0.01,119.03,73.54,61.36
2026-05-22 01:10:00,12,534.21,-184.21,31.57,1.0,296.37,0.0,142.26,78.63,61.23
2026-05-22 01:15:00,12,534.21,-184.21,30.76,2.0,222.54,0.01,106.82,71.05,61.11
2026-05-22 01:20:00,12,534.21,-184.21,31.41,0.0,264.2,0.0,126.81,74.54,60.99
2026-05-22 01:25:00,12,534.21,-184.21,30.78,2.0,216.66,0.01,104.0,70.52,60.87
2026-05-22 01:30:00,12,534.21,-184.21,30.94,5.0,295.46,0.02,141.82,79.96,60.74
2026-05-22 01:35:00,12,534.21,-184.21,32.31,4.0,266.54,0.02,127.94,76.24,60.61
2026-05-22 01:40:00,12,534.21,-184.21,31.22,0.0,202.29,0.0,97.1,68.55,60.5
2026-05-22 01:45:00,12,534.21,-184.21,31.69,2.0,270.66,0.01,129.92,75.98,60.37
2026-05-22 01:50:00,12,534.21,-184.21,32.23,1.0,279.0,0.0,133.92,76.56,60.24
2026-05-22 01:55:00,12,534.21,-184.21,31.16,3.0,273.1,0.01,131.09,76.6,60.11
2026-05-22 02:00:00,12,534.21,-184.21,31.7,2.0,282.7,0.01,135.7,77.36,59.98
2026-05-22 02:05:00,12,534.21,-184.21,31.51,2.0,254.12,0.01,121.98,74.18,59.86
2026-05-22 02:10:00,12,534.21,-184.21,31.98,9.0,312.6,0.03,150.05,83.54,59.72
2026-05-22 02:15:00,12,534.21,-184.21,32.45,1.0,269.07,0.0,129.16,75.43,59.6
2026-05-22 02:20:00,12,534.21,-184.21,32.35,2.0,224.46,0.01,107.74,71.23,59.48
2026-05-22 02:25:00,12,534.21,-184.21,32.71,1.0,225.74,0.01,108.36,71.01,59.36
2026-05-22 02:30:00,12,534.21,-184.21,32.01,4.0,228.76,0.02,109.81,72.36,59.24
2026-05-22 02:35:00,12,534.21,-184.21,32.75,5.0,272.84,0.02,130.96,77.29,59.11
2026-05-22 02:40:00,12,534.21,-184.21,32.25,1.0,249.47,0.01,119.74,73.34,58.99
2026-05-22 02:45:00,12,534.21,-184.21,32.34,2.0,289.91,0.01,139.16,78.22,58.86
2026-05-22 02:50:00,12,534.21,-184.21,32.09,4.0,241.51,0.02,115.92,73.6,58.73
2026-05-22 02:55:00,12,534.21,-184.21,32.24,4.0,239.64,0.02,115.03,73.42,58.61
2026-05-22 03:00:00,12,534.21,-184.21,32.79,1.0,243.63,0.01,116.94,72.75,58.49
2026-05-22 03:05:00,12,534.21,-184.21,33.47,1.0,204.5,0.01,98.16,69.11,58.38
2026-05-22 03:10:00,12,534.21,-184.21,32.55,3.0,318.17,0.01,152.72,82.13,58.24
2026-05-22 03:15:00,12,534.21,-184.21,33.17,1.0,208.13,0.01,99.9,69.42,58.12
2026-05-22 03:20:00,12,534.21,-184.21,34.01,0.0,211.04,0.0,101.3,69.31,58.01
2026-05-22 03:25:00,12,534.21,-184.21,34.29,3.0,323.8,0.01,155.42,82.88,57.87
2026-05-22 03:30:00,12,534.21,-184.21,33.43,2.0,246.06,0.01,118.11,73.34,57.75
2026-05-22 03:35:00,12,534.21,-184.21,33.14,1.0,216.15,0.01,103.75,70.13,57.63
2026-05-22 03:40:00,12,534.21,-184.21,34.39,4.0,284.51,0.02,136.57,78.3,57.5
2026-05-22 03:45:00,12,534.21,-184.21,34.29,3.0,210.19,0.02,100.89,70.32,57.38
2026-05-22 03:50:00,12,534.21,-184.21,34.58,2.0,298.46,0.01,143.26,79.26,57.25
2026-05-22 03:55:00,12,534.21,-184.21,33.97,2.0,254.51,0.01,122.16,74.22,57.13
2026-05-22 04:00:00,12,534.21,-184.21,34.98,2.0,266.8,0.01,128.06,75.55,57.0
2026-05-22 04:05:00,12,534.21,-184.21,35.0,2.0,230.11,0.01,110.45,71.77,56.88
2026-05-22 04:10:00,12,534.21,-184.21,35.14,0.0,264.77,0.0,127.09,74.61,56.76
2026-05-22 04:15:00,12,534.21,-184.21,34.92,0.0,236.66,0.0,113.6,71.69,56.64
2026-05-22 04:20:00,12,534.21,-184.21,35.2,1.0,239.69,0.01,115.05,72.36,56.52
2026-05-22 04:25:00,12,534.21,-184.21,35.48,0.0,234.81,0.0,112.71,71.51,56.4
2026-05-22 04:30:00,12,534.21,-184.21,35.21,1.0,318.87,0.0,153.06,81.51,56.26
2026-05-22 04:35:00,12,534.21,-184.21,35.76,3.0,303.73,0.01,145.79,80.27,56.13
2026-05-22 04:40:00,12,534.21,-184.21,35.76,1.0,321.27,0.0,154.21,81.83,55.99
2026-05-22 04:45:00,12,534.21,-184.21,36.06,1.0,266.22,0.0,127.79,75.12,55.87
2026-05-22 04:50:00,12,534.21,-184.21,36.3,0.0,262.12,0.0,125.82,74.32,55.74
2026-05-22 04:55:00,12,534.21,-184.21,35.34,0.0,201.25,0.0,96.6,68.47,55.63
2026-05-22 05:00:00,12,534.21,-184.21,35.26,4.0,235.69,0.02,113.13,73.03,55.51
2026-05-22 05:05:00,12,534.21,-184.21,36.59,0.0,308.24,0.0,147.96,79.78,55.37
2026-05-22 05:10:00,12,534.21,-184.21,36.58,2.0,318.27,0.01,152.77,81.8,55.24
2026-05-22 05:15:00,12,534.21,-184.21,37.62,3.0,249.9,0.02,119.95,74.12,55.11
2026-05-22 05:20:00,12,534.21,-184.21,36.91,1.0,319.46,0.0,153.34,81.59,54.98
2026-05-22 05:25:00,12,534.21,-184.21,37.22,3.0,321.31,0.01,154.23,82.55,54.84
2026-05-22 05:30:00,12,534.21,-184.21,36.64,0.0,266.1,0.0,127.73,74.76,54.72
2026-05-22 05:35:00,12,534.21,-184.21,37.57,2.0,272.23,0.01,130.67,76.16,54.59
2026-05-22 05:40:00,12,534.21,-184.21,36.27,0.0,298.71,0.0,143.38,78.58,54.46
2026-05-22 05:45:00,12,534.21,-184.21,37.75,1.0,300.6,0.0,144.29,79.16,54.33
2026-05-22 05:50:00,12,534.21,-184.21,37.24,0.0,202.12,0.0,97.02,68.55,54.21
2026-05-22 05:55:00,12,534.21,-184.21,37.93,2.0,276.51,0.01,132.73,76.65,54.08
2026-05-22 06:00:00,12,534.21,-184.21,38.58,1.0,320.16,0.0,153.68,81.68,53.95
2026-05-22 06:05:00,12,534.21,-184.21,38.77,1.0,208.96,0.01,100.3,69.5,53.83
2026-05-22 06:10:00,12,534.21,-184.21,37.93,0.0,223.5,0.0,107.28,70.44,53.71
2026-05-22 06:15:00,12,534.21,-184.21,37.86,1.0,237.67,0.01,114.08,72.16,53.59
2026-05-22 06:20:00,12,534.21,-184.21,38.21,0.0,320.94,0.0,154.05,81.44,53.46
2026-05-22 06:25:00,12,534.21,-184.21,38.43,1.0,230.39,0.01,110.58,71.45,53.34
2026-05-22 06:30:00,12,534.21,-184.21,39.93,0.0,248.96,0.0,119.5,72.93,53.22
2026-05-22 06:35:00,12,534.21,-184.21,39.04,1.0,281.82,0.0,135.28,76.9,53.09
2026-05-22 06:40:00,12,534.21,-184.21,38.92,1.0,222.31,0.01,106.71,70.7,52.97
2026-05-22 06:45:00,12,534.21,-184.21,40.04,0.0,269.35,0.0,129.29,75.13,52.85
2026-05-22 06:50:00,12,534.21,-184.21,40.19,0.0,225.53,0.0,108.25,70.63,52.73
2026-05-22 06:55:00,12,534.21,-184.21,39.78,1.0,204.23,0.01,98.03,69.1,52.61
2026-05-22 07:00:00,12,534.21,-184.21,39.09,1.0,297.31,0.0,142.71,78.76,52.48
2026-05-22 07:05:00,12,534.21,-184.21,40.21,1.0,215.53,0.01,103.45,70.08,52.37
2026-05-22 07:10:00,12,534.21,-184.21,41.01,0.0,248.28,0.0,119.17,72.86,52.24
2026-05-22 07:15:00,12,534.21,-184.21,39.87,0.0,211.32,0.0,101.43,69.34,52.13
2026-05-22 07:20:00,12,534.21,-184.21,40.18,0.0,273.66,0.0,131.36,75.61,52.0
2026-05-22 07:25:00,12,534.21,-184.21,40.89,0.0,241.71,0.0,116.02,72.2,51.88
2026-05-22 07:30:00,12,534.21,-184.21,41.35,1.0,216.14,0.01,103.75,70.14,51.77
2026-05-22 07:35:00,12,534.21,-184.21,41.05,1.0,264.87,0.0,127.14,74.98,51.64
2026-05-22 07:40:00,12,534.21,-184.21,40.61,1.0,273.4,0.0,131.23,75.93,51.51
2026-05-22 07:45:00,12,534.21,-184.21,40.94,1.0,212.16,0.01,101.84,69.79,51.4
2026-05-22 07:50:00,12,534.21,-184.21,41.06,2.0,282.55,0.01,135.62,77.36,51.27
2026-05-22 07:55:00,12,534.21,-184.21,42.21,0.0,275.39,0.0,132.19,75.81,51.14
2026-05-22 08:00:00,12,534.21,-184.21,42.24,3.0,261.24,0.01,125.4,75.31,51.02
2026-05-22 08:05:00,12,534.21,-184.21,42.22,0.0,279.39,0.0,134.11,76.27,50.89
2026-05-22 08:10:00,12,534.21,-184.21,42.01,1.0,319.34,0.0,153.28,81.58,50.75
2026-05-22 08:15:00,12,534.21,-184.21,41.1,0.0,217.77,0.0,104.53,69.92,50.64
2026-05-22 08:20:00,12,534.21,-184.21,41.85,1.0,312.43,0.0,149.97,80.68,50.5
2026-05-22 08:25:00,12,534.21,-184.21,42.03,1.0,296.89,0.0,142.51,78.71,50.37
2026-05-22 08:30:00,12,534.21,-184.21,42.64,1.0,310.97,0.0,149.27,80.49,50.24
2026-05-22 08:35:00,12,534.21,-184.21,42.53,0.0,256.57,0.0,123.15,73.74,50.11
2026-05-22 08:40:00,12,534.21,-184.21,42.44,1.0,278.64,0.0,133.75,76.54,49.99
2026-05-22 08:45:00,12,534.21,-184.21,42.55,3.0,275.02,0.01,132.01,76.84,49.86
2026-05-22 08:50:00,12,534.21,-184.21,42.43,1.0,298.96,0.0,143.5,78.97,49.73
2026-05-22 08:55:00,12,534.21,-184.21,42.54,0.0,291.74,0.0,140.04,77.74,49.6
2026-05-22 09:00:00,12,534.21,-184.21,42.81,0.0,281.62,0.0,135.18,76.53,49.47
2026-05-22 09:05:00,12,534.21,-184.21,43.19,0.0,294.69,0.0,141.45,78.1,49.34
2026-05-22 09:10:00,12,534.21,-184.21,43.36,2.0,300.79,0.01,144.38,79.57,49.21
2026-05-22 09:15:00,12,534.21,-184.21,43.36,0.0,267.29,0.0,128.3,74.9,49.08
2026-05-22 09:20:00,12,534.21,-184.21,43.45,0.0,303.2,0.0,145.54,79.15,48.95
2026-05-22 09:25:00,12,534.21,-184.21,43.22,2.0,320.16,0.01,153.68,82.06,48.81
2026-05-22 09:30:00,12,534.21,-184.21,43.93,0.0,203.07,0.0,97.47,68.64,48.7
2026-05-22 09:35:00,12,534.21,-184.21,42.3,0.0,278.65,0.0,133.75,76.19,48.57
2026-05-22 09:40:00,12,534.21,-184.21,43.91,0.0,220.13,0.0,105.66,70.14,48.46
2026-05-22 09:45:00,12,534.21,-184.21,44.27,0.0,287.38,0.0,137.94,77.22,48.33
2026-05-22 09:50:00,12,534.21,-184.21,43.52,0.0,204.89,0.0,98.35,68.79,48.21
2026-05-22 09:55:00,12,534.21,-184.21,44.39,1.0,218.33,0.01,104.8,70.35,48.09
2026-05-22 10:00:00,12,534.21,-184.21,44.39,0.0,279.29,0.0,134.06,76.27,47.97
2026-05-22 10:05:00,12,534.21,-184.21,43.75,0.0,242.36,0.0,116.33,72.27,47.85
2026-05-22 10:10:00,12,534.21,-184.21,43.59,1.0,301.59,0.0,144.76,79.3,47.72
2026-05-22 10:15:00,12,534.21,-184.21,44.77,3.0,319.71,0.01,153.46,82.36,47.58
2026-05-22 10:20:00,12,534.21,-184.21,45.23,1.0,282.41,0.0,135.56,76.98,47.45
2026-05-22 10:25:00,12,534.21,-184.21,44.0,3.0,272.2,0.01,130.66,76.52,47.32
2026-05-22 10:30:00,12,534.21,-184.21,43.12,4.0,260.7,0.02,125.14,75.62,47.2
2026-05-22 10:35:00,12,534.21,-184.21,44.41,3.0,311.36,0.01,149.45,81.26,47.06
2026-05-22 10:40:00,12,534.21,-184.21,44.76,1.0,321.87,0.0,154.5,81.93,46.92
2026-05-22 10:45:00,12,534.21,-184.21,44.16,2.0,253.58,0.01,121.72,74.14,46.8
2026-05-22 10:50:00,12,534.21,-184.21,44.38,1.0,247.32,0.01,118.71,73.14,46.68
2026-05-22 10:55:00,12,534.21,-184.21,43.92,2.0,315.32,0.01,151.35,81.43,46.54
2026-05-22 11:00:00,12,534.21,-184.21,45.63,1.0,225.99,0.01,108.47,71.05,46.42
2026-05-22 11:05:00,12,534.21,-184.21,43.92,3.0,305.46,0.01,146.62,80.51,46.29
2026-05-22 11:10:00,12,534.21,-184.21,44.12,2.0,253.06,0.01,121.47,74.09,46.17
2026-05-22 11:15:00,12,534.21,-184.21,44.09,2.0,304.3,0.01,146.07,80.01,46.03
2026-05-22 11:20:00,12,534.21,-184.21,45.38,0.0,229.77,0.0,110.29,71.04,45.92
2026-05-22 11:25:00,12,534.21,-184.21,44.95,1.0,222.29,0.01,106.7,70.71,45.8
2026-05-22 11:30:00,12,534.21,-184.21,44.5,4.0,284.18,0.02,136.41,78.28,45.67
2026-05-22 11:35:00,12,534.21,-184.21,45.39,1.0,210.57,0.01,101.07,69.66,45.55
2026-05-22 11:40:00,12,534.21,-184.21,43.98,1.0,269.94,0.0,129.57,75.55,45.42
2026-05-22 11:45:00,12,534.21,-184.21,44.64,2.0,318.86,0.01,153.05,81.89,45.29
2026-05-22 11:50:00,12,534.21,-184.21,44.79,3.0,258.81,0.01,124.23,75.05,45.16
2026-05-22 11:55:00,12,534.21,-184.21,45.09,2.0,304.1,0.01,145.97,79.99,45.03
2026-05-22 12:00:00,12,534.21,-184.21,44.95,1.0,219.68,0.01,105.44,70.47,44.91
2026-05-22 12:05:00,12,534.21,-184.21,45.42,7.0,323.07,0.02,155.07,84.23,44.77
2026-05-22 12:10:00,12,534.21,-184.21,45.03,0.0,302.82,0.0,145.35,79.11,44.64
2026-05-22 12:15:00,12,534.21,-184.21,44.53,2.0,305.92,0.01,146.84,80.22,44.51
2026-05-22 12:20:00,12,534.21,-184.21,45.35,3.0,272.18,0.01,130.65,76.53,44.38
2026-05-22 12:25:00,12,534.21,-184.21,44.89,0.0,249.9,0.0,119.95,73.04,44.26
2026-05-22 12:30:00,12,534.21,-184.21,44.45,0.0,212.97,0.0,102.23,69.5,44.14
2026-05-22 12:35:00,12,534.21,-184.21,44.68,6.0,275.48,0.03,132.23,77.99,44.01
2026-05-22 12:40:00,12,534.21,-184.21,44.41,2.0,271.84,0.01,130.48,76.13,43.88
2026-05-22 12:45:00,12,534.21,-184.21,44.47,6.0,251.11,0.03,120.53,75.33,43.76
2026-05-22 12:50:00,12,534.21,-184.21,44.81,2.0,213.46,0.01,102.46,70.26,43.64
2026-05-22 12:55:00,12,534.21,-184.21,43.95,2.0,296.26,0.01,142.21,79.01,43.51
2026-05-22 13:00:00,12,534.21,-184.21,44.89,5.0,289.14,0.02,138.79,79.22,43.38
2026-05-22 13:05:00,12,534.21,-184.21,43.06,1.0,304.24,0.0,146.03,79.63,43.25
2026-05-22 13:10:00,12,534.21,-184.21,44.23,3.0,303.77,0.01,145.81,80.3,43.11
2026-05-22 13:15:00,12,534.21,-184.21,45.46,0.0,280.41,0.0,134.6,76.4,42.98
2026-05-22 13:20:00,12,534.21,-184.21,44.5,2.0,306.87,0.01,147.3,80.34,42.85
2026-05-22 13:25:00,12,534.21,-184.21,44.28,1.0,315.08,0.0,151.24,81.03,42.72
2026-05-22 13:30:00,12,534.21,-184.21,44.1,2.0,241.5,0.01,115.92,72.9,42.59
2026-05-22 13:35:00,12,534.21,-184.21,43.69,5.0,271.72,0.02,130.42,77.19,42.47
2026-05-22 13:40:00,12,534.21,-184.21,44.57,3.0,207.3,0.02,99.51,70.09,42.35
2026-05-22 13:45:00,12,534.21,-184.21,43.64,1.0,235.55,0.01,113.06,71.96,42.23
2026-05-22 13:50:00,12,534.21,-184.21,44.72,1.0,215.82,0.01,103.59,70.12,42.11
2026-05-22 13:55:00,12,534.21,-184.21,44.1,6.0,219.22,0.04,105.23,72.24,41.99
2026-05-22 14:00:00,12,534.21,-184.21,43.6,0.0,204.77,0.0,98.29,68.78,41.88
2026-05-22 14:05:00,12,534.21,-184.21,44.1,2.0,316.94,0.01,152.13,81.64,41.74
2026-05-22 14:10:00,12,534.21,-184.21,44.44,1.0,237.8,0.01,114.14,72.19,41.62
2026-05-22 14:15:00,12,534.21,-184.21,42.81,0.0,206.87,0.0,99.3,68.96,41.51
2026-05-22 14:20:00,12,534.21,-184.21,44.25,3.0,237.83,0.02,114.16,72.91,41.38
2026-05-22 14:25:00,12,534.21,-184.21,42.82,3.0,294.35,0.01,141.29,79.12,41.25
2026-05-22 14:30:00,12,534.21,-184.21,43.31,3.0,233.64,0.02,112.15,72.5,41.13
2026-05-22 14:35:00,12,534.21,-184.21,44.23,3.0,285.81,0.01,137.19,78.1,41.0
2026-05-22 14:40:00,12,534.21,-184.21,43.69,2.0,239.39,0.01,114.91,72.69,40.88
2026-05-22 14:45:00,12,534.21,-184.21,42.71,0.0,219.43,0.0,105.33,70.07,40.76
2026-05-22 14:50:00,12,534.21,-184.21,43.12,1.0,300.23,0.0,144.11,79.13,40.63
2026-05-22 14:55:00,12,534.21,-184.21,42.84,0.0,244.12,0.0,117.18,72.45,40.51
2026-05-22 15:00:00,12,534.21,-184.21,42.86,2.0,225.29,0.01,108.14,71.33,40.39
2026-05-22 15:05:00,12,534.21,-184.21,41.48,2.0,254.81,0.01,122.31,74.27,40.27
2026-05-22 15:10:00,12,534.21,-184.21,43.2,0.0,203.45,0.0,97.66,68.67,40.15
2026-05-22 15:15:00,12,534.21,-184.21,43.2,2.0,219.86,0.01,105.53,70.83,40.04
2026-05-22 15:20:00,12,534.21,-184.21,42.65,1.0,224.75,0.01,107.88,70.93,39.92
2026-05-22 15:25:00,12,534.21,-184.21,42.6,1.0,231.25,0.01,111.0,71.55,39.8
2026-05-22 15:30:00,12,534.21,-184.21,42.45,2.0,318.5,0.01,152.88,81.84,39.66
2026-05-22 15:35:00,12,534.21,-184.21,41.99,1.0,302.6,0.0,145.25,79.42,39.53
2026-05-22 15:40:00,12,534.21,-184.21,41.99,3.0,242.24,0.02,116.28,73.34,39.41
2026-05-22 15:45:00,12,534.21,-184.21,42.23,0.0,272.32,0.0,130.71,75.46,39.28
2026-05-22 15:50:00,12,534.21,-184.21,41.53,2.0,284.32,0.01,136.47,77.57,39.15
2026-05-22 15:55:00,12,534.21,-184.21,43.0,3.0,221.3,0.02,106.23,71.33,39.03
2026-05-22 16:00:00,12,534.21,-184.21,41.76,4.0,231.7,0.02,111.22,72.66,38.91
2026-05-22 16:05:00,12,534.21,-184.21,40.67,2.0,250.77,0.01,120.37,73.84,38.79
2026-05-22 16:10:00,12,534.21,-184.21,41.88,0.0,205.23,0.0,98.51,68.82,38.67
2026-05-22 16:15:00,12,534.21,-184.21,41.26,1.0,218.06,0.01,104.67,70.31,38.56
2026-05-22 16:20:00,12,534.21,-184.21,41.64,1.0,320.55,0.0,153.86,81.74,38.42
2026-05-22 16:25:00,12,534.21,-184.21,40.8,6.0,298.73,0.02,143.39,80.73,38.29
2026-05-22 16:30:00,12,534.21,-184.21,40.82,1.0,269.23,0.0,129.23,75.46,38.16
2026-05-22 16:35:00,12,534.21,-184.21,40.64,1.0,271.57,0.0,130.35,75.72,38.03
2026-05-22 16:40:00,12,534.21,-184.21,40.63,4.0,277.61,0.02,133.25,77.5,37.9
2026-05-22 16:45:00,12,534.21,-184.21,40.07,0.0,206.73,0.0,99.23,68.94,37.79
2026-05-22 16:50:00,12,534.21,-184.21,40.65,1.0,308.61,0.0,148.13,80.18,37.66
2026-05-22 16:55:00,12,534.21,-184.21,39.56,1.0,307.88,0.0,147.78,80.09,37.52
2026-05-22 17:00:00,12,534.21,-184.21,39.18,2.0,272.67,0.01,130.88,76.22,37.4
2026-05-22 17:05:00,12,534.21,-184.21,39.92,1.0,255.82,0.0,122.79,74.0,37.27
2026-05-22 17:10:00,12,534.21,-184.21,39.62,2.0,299.04,0.01,143.54,79.34,37.14
2026-05-22 17:15:00,12,534.21,-184.21,38.92,1.0,306.83,0.0,147.28,79.95,37.01
2026-05-22 17:20:00,12,534.21,-184.21,38.92,2.0,237.06,0.01,113.79,72.45,36.89
2026-05-22 17:25:00,12,534.21,-184.21,39.38,0.0,255.53,0.0,122.66,73.62,36.76
2026-05-22 17:30:00,12,534.21,-184.21,39.78,3.0,252.87,0.01,121.38,74.41,36.64
2026-05-22 17:35:00,12,534.21,-184.21,38.56,1.0,313.1,0.0,150.29,80.76,36.5
2026-05-22 17:40:00,12,534.21,-184.21,38.85,2.0,208.64,0.01,100.15,69.83,36.39
2026-05-22 17:45:00,12,534.21,-184.21,37.71,0.0,222.58,0.0,106.84,70.35,36.27
2026-05-22 17:50:00,12,534.21,-184.21,38.08,1.0,297.46,0.0,142.78,78.78,36.14
2026-05-22 17:55:00,12,534.21,-184.21,38.96,0.0,270.75,0.0,129.96,75.28,36.01
2026-05-22 18:00:00,12,534.21,-184.21,38.76,0.0,303.14,0.0,145.51,79.13,35.88
2026-05-22 18:05:00,12,534.21,-184.21,37.08,4.0,310.58,0.01,149.08,81.5,35.75
2026-05-22 18:10:00,12,534.21,-184.21,37.7,1.0,269.57,0.0,129.39,75.49,35.62
2026-05-22 18:15:00,12,534.21,-184.21,37.75,2.0,246.19,0.01,118.17,73.36,35.5
2026-05-22 18:20:00,12,534.21,-184.21,36.55,2.0,300.78,0.01,144.37,79.55,35.37
2026-05-22 18:25:00,12,534.21,-184.21,37.13,1.0,211.1,0.01,101.33,69.69,35.25
2026-05-22 18:30:00,12,534.21,-184.21,37.13,0.0,254.24,0.0,122.03,73.48,35.13
2026-05-22 18:35:00,12,534.21,-184.21,37.7,0.0,245.12,0.0,117.66,72.54,35.01
2026-05-22 18:40:00,12,534.21,-184.21,37.57,0.0,234.39,0.0,112.51,71.47,34.89
2026-05-22 18:45:00,12,534.21,-184.21,36.98,0.0,248.0,0.0,119.04,72.83,34.77
2026-05-22 18:50:00,12,534.21,-184.21,36.41,1.0,223.1,0.01,107.09,70.77,34.65
2026-05-22 18:55:00,12,534.21,-184.21,35.79,1.0,276.41,0.0,132.68,76.27,34.52
2026-05-22 19:00:00,12,534.21,-184.21,36.46,1.0,246.32,0.01,118.24,73.03,34.4
2026-05-22 19:05:00,12,534.21,-184.21,36.08,0.0,293.51,0.0,140.88,77.94,34.27
2026-05-22 19:10:00,12,534.21,-184.21,36.83,0.0,225.53,0.0,108.25,70.62,34.15
2026-05-22 19:15:00,12,534.21,-184.21,35.8,1.0,233.76,0.01,112.2,71.77,34.03
2026-05-22 19:20:00,12,534.21,-184.21,36.05,1.0,268.51,0.0,128.88,75.37,33.91
2026-05-22 19:25:00,12,534.21,-184.21,34.91,1.0,282.93,0.0,135.81,77.02,33.78
2026-05-22 19:30:00,12,534.21,-184.21,35.05,0.0,268.31,0.0,128.79,75.0,33.65
2026-05-22 19:35:00,12,534.21,-184.21,34.24,0.0,308.49,0.0,148.07,79.8,33.52
2026-05-22 19:40:00,12,534.21,-184.21,34.32,0.0,213.8,0.0,102.62,69.55,33.4
2026-05-22 19:45:00,12,534.21,-184.21,35.34,2.0,256.62,0.01,123.18,74.45,33.28
2026-05-22 19:50:00,12,534.21,-184.21,34.83,0.0,283.92,0.0,136.28,76.79,33.15
2026-05-22 19:55:00,12,534.21,-184.21,34.39,2.0,279.35,0.01,134.09,76.97,33.02
2026-05-22 20:00:00,12,534.21,-184.21,34.66,2.0,240.89,0.01,115.63,72.82,32.9
2026-05-22 20:05:00,12,534.21,-184.21,33.87,0.0,239.68,0.0,115.05,71.98,32.78
2026-05-22 20:10:00,12,534.21,-184.21,34.68,1.0,278.81,0.0,133.83,76.54,32.65
2026-05-22 20:15:00,12,534.21,-184.21,34.58,0.0,212.48,0.0,101.99,69.43,32.54
2026-05-22 20:20:00,12,534.21,-184.21,34.3,0.0,276.19,0.0,132.57,75.89,32.41
2026-05-22 20:25:00,12,534.21,-184.21,34.51,0.0,207.81,0.0,99.75,69.03,32.3
2026-05-22 20:30:00,12,534.21,-184.21,33.44,0.0,257.07,0.0,123.39,73.77,32.17
2026-05-22 20:35:00,12,534.21,-184.21,33.05,1.0,323.3,0.0,155.19,82.09,32.04
2026-05-22 20:40:00,12,534.21,-184.21,33.99,2.0,257.54,0.01,123.62,74.54,31.91
2026-05-22 20:45:00,12,534.21,-184.21,33.13,0.0,314.17,0.0,150.8,80.54,31.78
2026-05-22 20:50:00,12,534.21,-184.21,32.38,2.0,273.05,0.01,131.06,76.25,31.65
2026-05-22 20:55:00,12,534.21,-184.21,33.58,0.0,253.42,0.0,121.64,73.39,31.53
2026-05-22 21:00:00,12,534.21,-184.21,32.88,1.0,273.51,0.0,131.28,75.93,31.4
2026-05-22 21:05:00,12,534.21,-184.21,32.2,1.0,236.4,0.01,113.47,72.02,31.28
2026-05-22 21:10:00,12,534.21,-184.21,32.55,0.0,283.22,0.0,135.94,76.7,31.16
2026-05-22 21:15:00,12,534.21,-184.21,33.12,3.0,296.22,0.01,142.19,79.33,31.02
2026-05-22 21:20:00,12,534.21,-184.21,32.68,2.0,274.96,0.01,131.98,76.46,30.9
2026-05-22 21:25:00,12,534.21,-184.21,32.97,5.0,324.1,0.02,155.57,83.64,30.76
2026-05-22 21:30:00,12,534.21,-184.21,32.16,0.0,315.36,0.0,151.37,80.69,30.62
2026-05-22 21:35:00,12,534.21,-184.21,32.39,1.0,231.57,0.01,111.15,71.56,30.5
2026-05-22 21:40:00,12,534.21,-184.21,32.12,1.0,256.7,0.0,123.22,74.08,30.38
2026-05-22 21:45:00,12,534.21,-184.21,31.8,1.0,227.15,0.01,109.03,71.14,30.26
2026-05-22 21:50:00,12,534.21,-184.21,32.19,1.0,299.52,0.0,143.77,79.02,30.13
2026-05-22 21:55:00,12,534.21,-184.21,31.56,2.0,267.59,0.01,128.44,75.63,30.0
2026-05-22 22:00:00,12,534.21,-184.21,31.26,0.0,294.69,0.0,141.45,78.07,29.87
2026-05-22 22:05:00,12,534.21,-184.21,31.65,1.0,203.5,0.01,97.68,69.02,29.76
2026-05-22 22:10:00,12,534.21,-184.21,31.52,0.0,288.48,0.0,138.47,77.32,29.63
2026-05-22 22:15:00,12,534.21,-184.21,32.23,3.0,242.35,0.02,116.33,73.34,29.51
2026-05-22 22:20:00,12,534.21,-184.21,31.69,2.0,220.6,0.01,105.89,70.88,29.39
2026-05-22 22:25:00,12,534.21,-184.21,31.71,0.0,321.75,0.0,154.44,81.53,29.25
2026-05-22 22:30:00,12,534.21,-184.21,31.16,2.0,309.39,0.01,148.51,80.64,29.12
2026-05-22 22:35:00,12,534.21,-184.21,31.27,2.0,306.49,0.01,147.12,80.27,28.98
2026-05-22 22:40:00,12,534.21,-184.21,31.74,0.0,308.62,0.0,148.14,79.82,28.85
2026-05-22 22:45:00,12,534.21,-184.21,30.96,4.0,276.53,0.02,132.74,77.36,28.72
2026-05-22 22:50:00,12,534.21,-184.21,31.25,0.0,309.05,0.0,148.34,79.87,28.59
2026-05-22 22:55:00,12,534.21,-184.21,31.42,0.0,301.97,0.0,144.94,78.97,28.46
2026-05-22 23:00:00,12,534.21,-184.21,31.25,1.0,246.09,0.01,118.12,72.99,28.34
2026-05-22 23:05:00,12,534.21,-184.21,30.47,2.0,323.19,0.01,155.13,82.44,28.2
2026-05-22 23:10:00,12,534.21,-184.21,30.72,1.0,218.59,0.01,104.92,70.34,28.08
2026-05-22 23:15:00,12,534.21,-184.21,31.2,3.0,306.07,0.01,146.91,80.56,27.95
2026-05-22 23:20:00,12,534.21,-184.21,30.37,1.0,304.15,0.0,145.99,79.6,27.81
2026-05-22 23:25:00,12,534.21,-184.21,31.61,3.0,301.48,0.01,144.71,79.98,27.68
2026-05-22 23:30:00,12,534.21,-184.21,31.42,2.0,256.47,0.01,123.1,74.42,27.56
2026-05-22 23:35:00,12,534.21,-184.21,31.28,2.0,268.8,0.01,129.02,75.77,27.43
2026-05-22 23:40:00,12,534.21,-184.21,32.01,1.0,278.91,0.0,133.88,76.55,27.3
2026-05-22 23:45:00,12,534.21,-184.21,30.85,1.0,213.41,0.01,102.44,69.88,27.19
2026-05-22 23:50:00,12,534.21,-184.21,30.99,3.0,271.11,0.01,130.13,76.38,27.06
2026-05-22 23:55:00,12,534.21,-184.21,31.38,4.0,304.83,0.01,146.32,80.75,26.93
2026-05-23 00:00:00,12,534.21,-184.21,30.53,1.0,239.09,0.01,114.76,72.29,26.8
2026-05-23 00:05:00,12,534.21,-184.21,30.18,1.0,223.3,0.01,107.18,70.77,26.69
2026-05-23 00:10:00,12,534.21,-184.21,31.22,2.0,225.47,0.01,108.22,71.33,26.57
2026-05-23 00:15:00,12,534.21,-184.21,30.85,3.0,208.2,0.02,99.94,70.14,26.45
2026-05-23 00:20:00,12,534.21,-184.21,31.02,5.0,254.85,0.02,122.33,75.32,26.33
2026-05-23 00:25:00,12,534.21,-184.21,30.64,4.0,271.43,0.02,130.29,76.78,26.2
2026-05-23 00:30:00,12,534.21,-184.21,30.76,3.0,260.46,0.01,125.02,75.2,26.07
2026-05-23 00:35:00,12,534.21,-184.21,31.89,4.0,223.04,0.03,107.06,71.84,25.95
2026-05-23 00:40:00,12,534.21,-184.21,30.0,1.0,236.64,0.01,113.59,72.05,25.83
2026-05-23 00:45:00,12,534.21,-184.21,30.85,2.0,244.45,0.01,117.34,73.18,25.71
2026-05-23 00:50:00,12,534.21,-184.21,31.42,2.0,269.65,0.01,129.43,75.86,25.58
2026-05-23 00:55:00,12,534.21,-184.21,31.45,1.0,211.43,0.01,101.49,69.71,25.47
2026-05-23 01:00:00,12,534.21,-184.21,32.55,3.0,235.8,0.02,113.18,72.69,25.35
2026-05-23 01:05:00,12,534.21,-184.21,31.11,0.0,214.9,0.0,103.15,69.64,25.23
2026-05-23 01:10:00,12,534.21,-184.21,31.24,3.0,209.88,0.02,100.74,70.29,25.11
2026-05-23 01:15:00,12,534.21,-184.21,31.09,1.0,221.59,0.01,106.36,70.62,25.0
2026-05-23 01:20:00,12,534.21,-184.21,31.6,4.0,214.34,0.03,102.88,71.05,24.88
2026-05-23 01:25:00,12,534.21,-184.21,30.89,3.0,208.75,0.02,100.2,70.19,24.76
2026-05-23 01:30:00,12,534.21,-184.21,31.69,2.0,221.93,0.01,106.53,71.0,24.64
2026-05-23 01:35:00,12,534.21,-184.21,31.61,1.0,295.18,0.0,141.69,78.48,24.51
2026-05-23 01:40:00,12,534.21,-184.21,31.41,4.0,305.32,0.01,146.55,80.82,24.38
2026-05-23 01:45:00,12,534.21,-184.21,31.82,2.0,305.32,0.01,146.55,80.12,24.24
2026-05-23 01:50:00,12,534.21,-184.21,31.14,2.0,296.16,0.01,142.15,78.97,24.11
2026-05-23 01:55:00,12,534.21,-184.21,31.55,3.0,245.91,0.02,118.04,73.7,23.99
2026-05-23 02:00:00,12,534.21,-184.21,32.13,2.0,205.78,0.02,98.77,69.59,23.87
2026-05-23 02:05:00,12,534.21,-184.21,31.58,2.0,297.03,0.01,142.58,79.08,23.74
2026-05-23 02:10:00,12,534.21,-184.21,32.46,0.0,235.98,0.0,113.27,71.61,23.62
2026-05-23 02:15:00,12,534.21,-184.21,32.78,0.0,258.98,0.0,124.31,73.98,23.5
2026-05-23 02:20:00,12,534.21,-184.21,31.64,2.0,253.67,0.01,121.76,74.13,23.37
2026-05-23 02:25:00,12,534.21,-184.21,32.32,2.0,215.39,0.01,103.39,70.41,23.26
2026-05-23 02:30:00,12,534.21,-184.21,32.2,1.0,317.37,0.0,152.34,81.3,23.12
2026-05-23 02:35:00,12,534.21,-184.21,31.43,2.0,215.89,0.01,103.62,70.45,23.0
2026-05-23 02:40:00,12,534.21,-184.21,32.38,0.0,201.85,0.0,96.89,68.52,22.89
2026-05-23 02:45:00,12,534.21,-184.21,31.5,2.0,308.52,0.01,148.09,80.52,22.76
2026-05-23 02:50:00,12,534.21,-184.21,32.95,4.0,282.47,0.02,135.59,78.05,22.63
2026-05-23 02:55:00,12,534.21,-184.21,33.2,3.0,290.38,0.01,139.38,78.62,22.49
2026-05-23 03:00:00,12,534.21,-184.21,32.87,6.0,314.02,0.02,150.73,82.66,22.36
2026-05-23 03:05:00,12,534.21,-184.21,32.81,1.0,249.31,0.01,119.67,73.33,22.23
2026-05-23 03:10:00,12,534.21,-184.21,33.16,4.0,289.01,0.02,138.72,78.83,22.1
2026-05-23 03:15:00,12,534.21,-184.21,33.93,0.0,259.81,0.0,124.71,74.07,21.98
2026-05-23 03:20:00,12,534.21,-184.21,32.75,2.0,222.2,0.01,106.65,71.02,21.86
2026-05-23 03:25:00,12,534.21,-184.21,34.05,1.0,295.91,0.0,142.04,78.58,21.73
2026-05-23 03:30:00,12,534.21,-184.21,33.6,2.0,231.41,0.01,111.08,71.89,21.61
2026-05-23 03:35:00,12,534.21,-184.21,33.58,1.0,241.52,0.01,115.93,72.54,21.49
2026-05-23 03:40:00,12,534.21,-184.21,33.88,2.0,279.9,0.01,134.35,77.03,21.36
2026-05-23 03:45:00,12,534.21,-184.21,33.6,0.0,215.42,0.0,103.4,69.69,21.25
2026-05-23 03:50:00,12,534.21,-184.21,33.95,0.0,222.77,0.0,106.93,70.36,21.13
2026-05-23 03:55:00,12,534.21,-184.21,33.54,1.0,306.46,0.0,147.1,79.89,20.99
2026-05-23 04:00:00,12,534.21,-184.21,34.54,0.0,252.21,0.0,121.06,73.26,20.87
2026-05-23 04:05:00,12,534.21,-184.21,34.24,1.0,229.15,0.01,109.99,71.33,20.75
2026-05-23 04:10:00,12,534.21,-184.21,34.53,1.0,294.78,0.0,141.5,78.44,20.62
2026-05-23 04:15:00,12,534.21,-184.21,34.15,1.0,255.79,0.0,122.78,73.99,20.5
2026-05-23 04:20:00,12,534.21,-184.21,35.49,1.0,234.29,0.01,112.46,71.83,20.38
2026-05-23 04:25:00,12,534.21,-184.21,34.79,3.0,284.87,0.01,136.74,77.97,20.25
2026-05-23 04:30:00,12,534.21,-184.21,34.3,2.0,291.92,0.01,140.12,78.46,20.12
2026-05-23 04:35:00,12,534.21,-184.21,35.88,1.0,321.53,0.0,154.34,81.86,19.98
2026-05-23 04:40:00,12,534.21,-184.21,36.06,1.0,286.0,0.0,137.28,77.39,19.85
2026-05-23 04:45:00,12,534.21,-184.21,35.58,0.0,306.35,0.0,147.05,79.53,19.72
2026-05-23 04:50:00,12,534.21,-184.21,35.66,4.0,264.7,0.02,127.06,76.04,19.59
2026-05-23 04:55:00,12,534.21,-184.21,35.28,3.0,263.04,0.01,126.26,75.49,19.47
2026-05-23 05:00:00,12,534.21,-184.21,36.64,0.0,238.08,0.0,114.28,71.83,19.35
2026-05-23 05:05:00,12,534.21,-184.21,36.8,0.0,203.66,0.0,97.76,68.68,19.23
2026-05-23 05:10:00,12,534.21,-184.21,36.66,0.0,201.33,0.0,96.64,68.48,19.12
2026-05-23 05:15:00,12,534.21,-184.21,35.85,0.0,298.82,0.0,143.43,78.59,18.99
2026-05-23 05:20:00,12,534.21,-184.21,36.57,1.0,309.7,0.0,148.66,80.31,18.86
2026-05-23 05:25:00,12,534.21,-184.21,36.4,0.0,243.25,0.0,116.76,72.34,18.74
2026-05-23 05:30:00,12,534.21,-184.21,37.3,2.0,242.28,0.01,116.29,72.97,18.61
2026-05-23 05:35:00,12,534.21,-184.21,37.52,0.0,264.99,0.0,127.2,74.64,18.49
2026-05-23 05:40:00,12,534.21,-184.21,37.52,0.0,215.44,0.0,103.41,69.7,18.37
2026-05-23 05:45:00,12,534.21,-184.21,38.07,1.0,234.55,0.01,112.58,71.85,18.25
2026-05-23 05:50:00,12,534.21,-184.21,38.21,0.0,227.3,0.0,109.11,70.79,18.14
2026-05-23 05:55:00,12,534.21,-184.21,37.78,0.0,219.82,0.0,105.51,70.1,18.02
2026-05-23 06:00:00,12,534.21,-184.21,37.42,1.0,271.34,0.0,130.24,75.69,17.89
2026-05-23 06:05:00,12,534.21,-184.21,38.32,2.0,273.9,0.01,131.47,76.35,17.76
2026-05-23 06:10:00,12,534.21,-184.21,38.67,0.0,307.28,0.0,147.49,79.66,17.63
2026-05-23 06:15:00,12,534.21,-184.21,38.29,2.0,291.9,0.01,140.11,78.47,17.5
2026-05-23 06:20:00,12,534.21,-184.21,37.81,0.0,214.38,0.0,102.9,69.61,17.39
2026-05-23 06:25:00,12,534.21,-184.21,39.15,0.0,235.59,0.0,113.09,71.59,17.27
2026-05-23 06:30:00,12,534.21,-184.21,38.9,1.0,230.73,0.01,110.75,71.49,17.15
2026-05-23 06:35:00,12,534.21,-184.21,38.64,0.0,315.3,0.0,151.34,80.69,17.01
2026-05-23 06:40:00,12,534.21,-184.21,39.67,2.0,296.03,0.01,142.1,78.97,16.88
2026-05-23 06:45:00,12,534.21,-184.21,38.35,0.0,258.83,0.0,124.24,73.97,16.76
2026-05-23 06:50:00,12,534.21,-184.21,39.35,1.0,229.51,0.01,110.16,71.37,16.64
2026-05-23 06:55:00,12,534.21,-184.21,39.43,0.0,272.99,0.0,131.04,75.53,16.51
2026-05-23 07:00:00,12,534.21,-184.21,39.54,1.0,251.4,0.01,120.67,73.56,16.39
2026-05-23 07:05:00,12,534.21,-184.21,41.07,0.0,243.35,0.0,116.81,72.36,16.27
2026-05-23 07:10:00,12,534.21,-184.21,39.99,2.0,313.56,0.01,150.51,81.19,16.13
2026-05-23 07:15:00,12,534.21,-184.21,40.63,1.0,249.54,0.01,119.78,73.37,16.01
2026-05-23 07:20:00,12,534.21,-184.21,40.91,0.0,321.06,0.0,154.11,81.46,15.88
2026-05-23 07:25:00,12,534.21,-184.21,41.18,1.0,303.44,0.0,145.65,79.53,15.74
2026-05-23 07:30:00,12,534.21,-184.21,40.38,1.0,273.72,0.0,131.38,75.97,15.62
2026-05-23 07:35:00,12,534.21,-184.21,41.21,0.0,306.84,0.0,147.28,79.61,15.48
2026-05-23 07:40:00,12,534.21,-184.21,42.0,0.0,226.76,0.0,108.85,70.75,15.37
2026-05-23 07:45:00,12,534.21,-184.21,41.64,0.0,321.03,0.0,154.1,81.46,15.23
2026-05-23 07:50:00,12,534.21,-184.21,41.33,0.0,206.16,0.0,98.96,68.9,15.12
2026-05-23 07:55:00,12,534.21,-184.21,41.74,0.0,312.35,0.0,149.93,80.32,14.98
2026-05-23 08:00:00,12,534.21,-184.21,41.96,0.0,204.51,0.0,98.16,68.76,14.87
2026-05-23 08:05:00,12,534.21,-184.21,41.74,0.0,290.2,0.0,139.29,77.55,14.74
2026-05-23 08:10:00,12,534.21,-184.21,41.77,0.0,281.48,0.0,135.11,76.51,14.61
2026-05-23 08:15:00,12,534.21,-184.21,41.91,0.0,267.37,0.0,128.34,74.91,14.49
2026-05-23 08:20:00,12,534.21,-184.21,41.7,2.0,273.85,0.01,131.45,76.36,14.36
2026-05-23 08:25:00,12,534.21,-184.21,41.83,0.0,255.78,0.0,122.78,73.65,14.24
2026-05-23 08:30:00,12,534.21,-184.21,42.12,0.0,223.48,0.0,107.27,70.44,14.12
2026-05-23 08:35:00,12,534.21,-184.21,42.82,1.0,227.34,0.01,109.13,71.18,14.0
2026-05-23 08:40:00,12,534.21,-184.21,42.91,0.0,297.29,0.0,142.7,78.41,13.87
2026-05-23 08:45:00,12,534.21,-184.21,42.69,0.0,206.81,0.0,99.27,68.96,13.75
2026-05-23 08:50:00,12,534.21,-184.21,42.72,1.0,232.5,0.01,111.6,71.67,13.63
2026-05-23 08:55:00,12,534.21,-184.21,42.52,1.0,297.78,0.0,142.94,78.83,13.5
2026-05-23 09:00:00,12,534.21,-184.21,43.4,1.0,209.47,0.01,100.54,69.56,13.39
2026-05-23 09:05:00,12,534.21,-184.21,43.38,1.0,308.2,0.0,147.94,80.14,13.25
2026-05-23 09:10:00,12,534.21,-184.21,42.65,1.0,220.04,0.01,105.62,70.5,13.14
2026-05-23 09:15:00,12,534.21,-184.21,43.07,0.0,240.49,0.0,115.44,72.08,13.02
2026-05-23 09:20:00,12,534.21,-184.21,43.14,5.0,297.61,0.02,142.85,80.24,12.88
2026-05-23 09:25:00,12,534.21,-184.21,43.34,1.0,200.6,0.01,96.29,68.8,12.77
2026-05-23 09:30:00,12,534.21,-184.21,43.48,0.0,320.14,0.0,153.66,81.34,12.63
2026-05-23 09:35:00,12,534.21,-184.21,43.27,0.0,233.61,0.0,112.13,71.4,12.51
2026-05-23 09:40:00,12,534.21,-184.21,42.68,0.0,210.06,0.0,100.83,69.24,12.4
2026-05-23 09:45:00,12,534.21,-184.21,43.45,1.0,298.63,0.0,143.34,78.93,12.27
2026-05-23 09:50:00,12,534.21,-184.21,43.94,2.0,260.44,0.01,125.01,74.87,12.14
2026-05-23 09:55:00,12,534.21,-184.21,43.82,1.0,245.84,0.01,118.0,72.99,12.02
2026-05-23 10:00:00,12,534.21,-184.21,44.29,0.0,257.8,0.0,123.74,73.87,11.9
2026-05-23 10:05:00,12,534.21,-184.21,43.75,0.0,314.31,0.0,150.87,80.58,11.76
2026-05-23 10:10:00,12,534.21,-184.21,43.09,0.0,258.3,0.0,123.98,73.92,11.64
2026-05-23 10:15:00,12,534.21,-184.21,44.98,2.0,320.26,0.01,153.72,82.08,11.5
2026-05-23 10:20:00,12,534.21,-184.21,44.72,0.0,213.26,0.0,102.37,69.52,11.39
2026-05-23 10:25:00,12,534.21,-184.21,44.24,0.0,249.36,0.0,119.7,72.99,11.26
2026-05-23 10:30:00,12,534.21,-184.21,45.55,1.0,284.55,0.0,136.58,77.23,11.14
2026-05-23 10:35:00,12,534.21,-184.21,43.49,0.0,264.98,0.0,127.19,74.65,11.01
2026-05-23 10:40:00,12,534.21,-184.21,45.32,0.0,272.34,0.0,130.72,75.47,10.89
2026-05-23 10:45:00,12,534.21,-184.21,45.0,1.0,238.64,0.01,114.55,72.27,10.77
2026-05-23 10:50:00,12,534.21,-184.21,45.2,1.0,257.88,0.0,123.78,74.23,10.64
2026-05-23 10:55:00,12,534.21,-184.21,44.38,1.0,270.12,0.0,129.66,75.57,10.52
2026-05-23 11:00:00,12,534.21,-184.21,44.07,3.0,302.48,0.01,145.19,80.13,10.38
2026-05-23 11:05:00,12,534.21,-184.21,45.29,2.0,322.44,0.01,154.77,82.37,10.24
2026-05-23 11:10:00,12,534.21,-184.21,44.57,4.0,288.71,0.02,138.58,78.82,10.11
2026-05-23 11:15:00,12,534.21,-184.21,45.15,2.0,256.51,0.01,123.13,74.46,9.99
2026-05-23 11:20:00,12,534.21,-184.21,44.84,1.0,288.24,0.0,138.35,77.67,9.86
2026-05-23 11:25:00,12,534.21,-184.21,45.25,1.0,275.63,0.0,132.3,76.2,9.73
2026-05-23 11:30:00,12,534.21,-184.21,45.04,1.0,257.65,0.0,123.67,74.21,9.61
2026-05-23 11:35:00,12,534.21,-184.21,45.02,0.0,221.63,0.0,106.38,70.28,9.49
2026-05-23 11:40:00,12,534.21,-184.21,45.49,0.0,202.65,0.0,97.27,68.61,9.38
2026-05-23 11:45:00,12,534.21,-184.21,45.2,0.0,201.23,0.0,96.59,68.49,9.26
2026-05-23 11:50:00,12,534.21,-184.21,45.4,3.0,221.96,0.02,106.54,71.4,9.14
2026-05-23 11:55:00,12,534.21,-184.21,45.83,3.0,262.17,0.01,125.84,75.42,9.02
2026-05-23 12:00:00,12,534.21,-184.21,45.86,2.0,206.21,0.01,98.98,69.63,8.9
2026-05-23 12:05:00,12,534.21,-184.21,45.28,0.0,231.81,0.0,111.27,71.24,8.78
2026-05-23 12:10:00,12,534.21,-184.21,45.09,3.0,276.26,0.01,132.6,76.99,8.66
2026-05-23 12:15:00,12,534.21,-184.21,45.37,3.0,238.64,0.02,114.54,72.99,8.53
2026-05-23 12:20:00,12,534.21,-184.21,44.18,3.0,247.27,0.02,118.69,73.86,8.41
2026-05-23 12:25:00,12,534.21,-184.21,45.15,0.0,200.36,0.0,96.17,68.42,8.3
2026-05-23 12:30:00,12,534.21,-184.21,44.82,5.0,313.17,0.02,150.32,82.22,8.16
2026-05-23 12:35:00,12,534.21,-184.21,44.42,1.0,223.34,0.01,107.2,70.8,8.04
2026-05-23 12:40:00,12,534.21,-184.21,45.48,0.0,200.35,0.0,96.17,68.42,7.93
2026-05-23 12:45:00,12,534.21,-184.21,45.12,0.0,214.23,0.0,102.83,69.61,7.81
2026-05-23 12:50:00,12,534.21,-184.21,44.91,2.0,275.08,0.01,132.04,76.5,7.68
2026-05-23 12:55:00,12,534.21,-184.21,44.81,1.0,300.77,0.0,144.37,79.2,7.55
2026-05-23 13:00:00,12,534.21,-184.21,44.97,2.0,301.17,0.01,144.56,79.62,7.42
2026-05-23 13:05:00,12,534.21,-184.21,44.93,4.0,241.57,0.02,115.95,73.63,7.3
2026-05-23 13:10:00,12,534.21,-184.21,44.34,0.0,237.7,0.0,114.09,71.81,7.18
2026-05-23 13:15:00,12,534.21,-184.21,44.4,3.0,205.91,0.02,98.84,69.97,7.06
2026-05-23 13:20:00,12,534.21,-184.21,43.99,1.0,202.27,0.01,97.09,68.94,6.95
2026-05-23 13:25:00,12,534.21,-184.21,44.57,3.0,225.82,0.02,108.39,71.75,6.83
2026-05-23 13:30:00,12,534.21,-184.21,44.58,2.0,254.0,0.01,121.92,74.19,6.7
2026-05-23 13:35:00,12,534.21,-184.21,44.02,3.0,258.94,0.01,124.29,75.06,6.58
2026-05-23 13:40:00,12,534.21,-184.21,43.42,2.0,216.92,0.01,104.12,70.57,6.46
2026-05-23 13:45:00,12,534.21,-184.21,43.31,4.0,270.48,0.02,129.83,76.7,6.33
2026-05-23 13:50:00,12,534.21,-184.21,44.81,4.0,284.76,0.02,136.69,78.35,6.2
2026-05-23 13:55:00,12,534.21,-184.21,43.85,0.0,211.72,0.0,101.63,69.39,6.09
2026-05-23 14:00:00,12,534.21,-184.21,44.87,3.0,234.7,0.02,112.65,72.6,5.96
2026-05-23 14:05:00,12,534.21,-184.21,43.72,3.0,279.28,0.01,134.05,77.33,5.84
2026-05-23 14:10:00,12,534.21,-184.21,43.79,1.0,307.37,0.0,147.54,80.03,5.7
2026-05-23 14:15:00,12,534.21,-184.21,43.52,1.0,247.56,0.01,118.83,73.17,5.58
2026-05-23 14:20:00,12,534.21,-184.21,43.32,1.0,229.4,0.01,110.11,71.37,5.46
2026-05-23 14:25:00,12,534.21,-184.21,43.27,2.0,312.36,0.01,149.93,81.04,5.33
2026-05-23 14:30:00,12,534.21,-184.21,42.83,1.0,207.35,0.01,99.53,69.37,5.21
2026-05-23 14:35:00,12,534.21,-184.21,43.0,4.0,248.66,0.02,119.36,74.35,5.09
2026-05-23 14:40:00,12,534.21,-184.21,42.98,0.0,262.23,0.0,125.87,74.35,4.96
2026-05-23 14:45:00,12,534.21,-184.21,43.73,4.0,293.46,0.01,140.86,79.37,4.83
2026-05-23 14:50:00,12,534.21,-184.21,42.78,3.0,254.08,0.01,121.96,74.54,4.71
2026-05-23 14:55:00,12,534.21,-184.21,43.2,1.0,237.19,0.01,113.85,72.12,4.59
2026-05-23 15:00:00,12,534.21,-184.21,41.83,2.0,233.9,0.01,112.27,72.15,4.47
2026-05-23 15:05:00,12,534.21,-184.21,42.7,2.0,318.16,0.01,152.72,81.8,4.33
2026-05-23 15:10:00,12,534.21,-184.21,42.21,1.0,210.72,0.01,101.14,69.66,4.21
2026-05-23 15:15:00,12,534.21,-184.21,42.96,2.0,233.8,0.01,112.22,72.14,4.09
2026-05-23 15:20:00,12,534.21,-184.21,41.73,2.0,280.42,0.01,134.6,77.11,3.96
2026-05-23 15:25:00,12,534.21,-184.21,42.47,2.0,324.31,0.01,155.67,82.62,3.83
2026-05-23 15:30:00,12,534.21,-184.21,42.86,2.0,306.44,0.01,147.09,80.28,3.69
2026-05-23 15:35:00,12,534.21,-184.21,41.41,2.0,311.79,0.01,149.66,80.96,3.56
2026-05-23 15:40:00,12,534.21,-184.21,42.11,2.0,282.93,0.01,135.8,77.4,3.43
2026-05-23 15:45:00,12,534.21,-184.21,41.89,0.0,215.48,0.0,103.43,69.71,3.31
2026-05-23 15:50:00,12,534.21,-184.21,41.56,1.0,272.49,0.0,130.79,75.83,3.19
2026-05-23 15:55:00,12,534.21,-184.21,40.74,4.0,307.41,0.01,147.56,81.1,3.05
2026-05-23 16:00:00,12,534.21,-184.21,41.4,1.0,219.56,0.01,105.39,70.45,2.93
2026-05-23 16:05:00,12,534.21,-184.21,41.88,2.0,207.07,0.01,99.39,69.7,2.82
2026-05-23 16:10:00,12,534.21,-184.21,41.35,1.0,200.87,0.01,96.42,68.82,2.7
2026-05-23 16:15:00,12,534.21,-184.21,40.54,0.0,249.76,0.0,119.88,73.02,2.58
2026-05-23 16:20:00,12,534.21,-184.21,41.38,2.0,293.59,0.01,140.92,78.68,2.45
2026-05-23 16:25:00,12,534.21,-184.21,40.32,2.0,210.07,0.01,100.83,69.95,2.33
2026-05-23 16:30:00,12,534.21,-184.21,40.25,1.0,281.26,0.0,135.0,76.83,2.21
2026-05-23 16:35:00,12,534.21,-184.21,39.79,1.0,246.99,0.01,118.56,73.1,2.08
2026-05-23 16:40:00,12,534.21,-184.21,41.16,4.0,243.11,0.02,116.69,73.78,1.96
2026-05-23 16:45:00,12,534.21,-184.21,40.07,1.0,252.55,0.0,121.22,73.66,1.84
2026-05-23 16:50:00,12,534.21,-184.21,39.47,0.0,259.28,0.0,124.46,74.02,1.72
2026-05-23 16:55:00,12,534.21,-184.21,40.0,4.0,264.22,0.02,126.82,76.0,1.59
2026-05-23 17:00:00,12,534.21,-184.21,39.03,1.0,228.42,0.01,109.64,71.27,1.47
2026-05-23 17:05:00,12,534.21,-184.21,39.24,0.0,262.77,0.0,126.13,74.4,1.35
2026-05-23 17:10:00,12,534.21,-184.21,40.32,5.0,313.39,0.02,150.43,82.24,1.21
2026-05-23 17:15:00,12,534.21,-184.21,39.94,1.0,275.72,0.0,132.34,76.19,1.08
2026-05-23 17:20:00,12,534.21,-184.21,39.19,1.0,289.97,0.0,139.19,77.87,0.95
2026-05-23 17:25:00,12,534.21,-184.21,39.37,0.0,317.59,0.0,152.45,81.0,0.82
2026-05-23 17:30:00,12,534.21,-184.21,39.36,0.0,233.44,0.0,112.05,71.38,0.7
2026-05-23 17:35:00,12,534.21,-184.21,39.06,0.0,249.82,0.0,119.91,73.02,0.58
2026-05-23 17:40:00,12,534.21,-184.21,39.02,1.0,226.6,0.01,108.77,71.1,0.46
2026-05-23 17:45:00,12,534.21,-184.21,38.58,4.0,317.64,0.01,152.47,82.42,0.32
2026-05-23 17:50:00,12,534.21,-184.21,38.21,0.0,211.68,0.0,101.61,69.37,0.2
2026-05-23 17:55:00,12,534.21,-184.21,38.51,1.0,251.78,0.01,120.85,73.59,0.08
2026-05-23 18:00:00,12,534.21,-184.21,38.35,0.0,285.22,0.0,136.91,76.95,0.0
2026-05-23 18:05:00,12,534.21,-184.21,37.24,1.0,297.39,0.0,142.75,78.77,0.0
2026-05-23 18:10:00,12,534.21,-184.21,38.49,0.0,301.76,0.0,144.85,78.96,0.0
2026-05-23 18:15:00,12,534.21,-184.21,37.46,3.0,311.7,0.01,149.61,81.29,0.0
2026-05-23 18:20:00,12,534.21,-184.21,38.06,0.0,247.2,0.0,118.66,72.75,0.0
2026-05-23 18:25:00,12,534.21,-184.21,36.7,1.0,236.84,0.01,113.68,72.08,0.0
2026-05-23 18:30:00,12,534.21,-184.21,36.82,0.0,250.35,0.0,120.17,73.07,0.0
2026-05-23 18:35:00,12,534.21,-184.21,37.07,2.0,324.22,0.01,155.63,82.59,0.0
2026-05-23 18:40:00,12,534.21,-184.21,36.53,0.0,216.07,0.0,103.71,69.75,0.0
2026-05-23 18:45:00,12,534.21,-184.21,36.52,0.0,200.4,0.0,96.19,68.4,0.0
2026-05-23 18:50:00,12,534.21,-184.21,36.38,0.0,298.86,0.0,143.45,78.59,0.0
2026-05-23 18:55:00,12,534.21,-184.21,36.3,1.0,291.96,0.0,140.14,78.1,0.0
2026-05-23 19:00:00,12,534.21,-184.21,35.76,0.0,210.79,0.0,101.18,69.29,0.0
2026-05-23 19:05:00,12,534.21,-184.21,36.2,0.0,209.05,0.0,100.34,69.14,0.0
2026-05-23 19:10:00,12,534.21,-184.21,36.35,1.0,291.61,0.0,139.97,78.06,0.0
2026-05-23 19:15:00,12,534.21,-184.21,35.21,1.0,296.82,0.0,142.47,78.69,0.0
2026-05-23 19:20:00,12,534.21,-184.21,36.0,1.0,237.67,0.01,114.08,72.16,0.0
2026-05-23 19:25:00,12,534.21,-184.21,35.26,0.0,203.45,0.0,97.66,68.66,0.0
2026-05-23 19:30:00,12,534.21,-184.21,35.49,0.0,249.31,0.0,119.67,72.96,0.0
2026-05-23 19:35:00,12,534.21,-184.21,34.75,5.0,265.32,0.02,127.35,76.46,0.0
2026-05-23 19:40:00,12,534.21,-184.21,36.19,2.0,322.25,0.01,154.68,82.33,0.0
2026-05-23 19:45:00,12,534.21,-184.21,34.69,1.0,312.37,0.0,149.94,80.66,0.0
2026-05-23 19:50:00,12,534.21,-184.21,34.85,1.0,223.43,0.01,107.24,70.79,0.0
2026-05-23 19:55:00,12,534.21,-184.21,34.54,0.0,203.1,0.0,97.49,68.63,0.0
2026-05-23 20:00:00,12,534.21,-184.21,35.53,0.0,253.88,0.0,121.86,73.44,0.0
2026-05-23 20:05:00,12,534.21,-184.21,35.34,1.0,247.63,0.01,118.86,73.16,0.0
2026-05-23 20:10:00,12,534.21,-184.21,34.48,0.0,217.86,0.0,104.57,69.91,0.0
2026-05-23 20:15:00,12,534.21,-184.21,33.85,1.0,285.25,0.0,136.92,77.29,0.0
2026-05-23 20:20:00,12,534.21,-184.21,34.36,1.0,286.29,0.0,137.42,77.42,0.0
2026-05-23 20:25:00,12,534.21,-184.21,33.95,0.0,317.91,0.0,152.59,81.03,0.0
2026-05-23 20:30:00,12,534.21,-184.21,33.8,2.0,302.45,0.01,145.17,79.76,0.0
2026-05-23 20:35:00,12,534.21,-184.21,32.99,1.0,323.4,0.0,155.23,82.11,0.0
2026-05-23 20:40:00,12,534.21,-184.21,32.61,2.0,250.72,0.01,120.35,73.82,0.0
2026-05-23 20:45:00,12,534.21,-184.21,33.12,0.0,252.91,0.0,121.4,73.33,0.0
2026-05-23 20:50:00,12,534.21,-184.21,33.63,2.0,307.85,0.01,147.77,80.44,0.0
2026-05-23 20:55:00,12,534.21,-184.21,34.04,1.0,246.21,0.01,118.18,73.01,0.0
2026-05-23 21:00:00,12,534.21,-184.21,33.07,1.0,251.23,0.01,120.59,73.53,0.0
2026-05-23 21:05:00,12,534.21,-184.21,33.85,0.0,291.42,0.0,139.88,77.68,0.0
2026-05-23 21:10:00,12,534.21,-184.21,33.22,0.0,245.56,0.0,117.87,72.57,0.0
2026-05-23 21:15:00,12,534.21,-184.21,31.9,0.0,269.81,0.0,129.51,75.16,0.0
2026-05-23 21:20:00,12,534.21,-184.21,32.0,1.0,249.29,0.01,119.66,73.32,0.0
2026-05-23 21:25:00,12,534.21,-184.21,32.45,2.0,282.24,0.01,135.47,77.3,0.0
2026-05-23 21:30:00,12,534.21,-184.21,32.21,0.0,318.01,0.0,152.64,81.04,0.0
2026-05-23 21:35:00,12,534.21,-184.21,31.94,0.0,304.93,0.0,146.37,79.35,0.0
2026-05-23 21:40:00,12,534.21,-184.21,32.71,0.0,295.14,0.0,141.67,78.13,0.0
2026-05-23 21:45:00,12,534.21,-184.21,33.13,0.0,252.77,0.0,121.33,73.32,0.0
2026-05-23 21:50:00,12,534.21,-184.21,32.58,0.0,278.8,0.0,133.83,76.19,0.0
2026-05-23 21:55:00,12,534.21,-184.21,33.04,0.0,251.88,0.0,120.9,73.22,0.0
2026-05-23 22:00:00,12,534.21,-184.21,32.66,1.0,292.23,0.0,140.27,78.13,0.0
2026-05-23 22:05:00,12,534.21,-184.21,32.05,2.0,220.19,0.01,105.69,70.84,0.0
2026-05-23 22:10:00,12,534.21,-184.21,31.48,2.0,281.47,0.01,135.1,77.21,0.0
2026-05-23 22:15:00,12,534.21,-184.21,31.62,0.0,205.01,0.0,98.4,68.78,0.0
2026-05-23 22:20:00,12,534.21,-184.21,31.43,2.0,303.87,0.01,145.86,79.93,0.0
2026-05-23 22:25:00,12,534.21,-184.21,31.5,2.0,304.59,0.01,146.2,80.02,0.0
2026-05-23 22:30:00,12,534.21,-184.21,31.06,0.0,232.42,0.0,111.56,71.27,0.0
2026-05-23 22:35:00,12,534.21,-184.21,31.17,1.0,202.74,0.01,97.31,68.96,0.0
2026-05-23 22:40:00,12,534.21,-184.21,31.78,2.0,249.01,0.01,119.52,73.64,0.0
2026-05-23 22:45:00,12,534.21,-184.21,31.28,1.0,322.97,0.0,155.03,82.05,0.0
2026-05-23 22:50:00,12,534.21,-184.21,31.05,1.0,264.47,0.0,126.95,74.92,0.0
2026-05-23 22:55:00,12,534.21,-184.21,30.82,1.0,232.2,0.01,111.45,71.61,0.0
2026-05-23 23:00:00,12,534.21,-184.21,30.36,1.0,263.42,0.0,126.44,74.8,100.0
2026-05-23 23:05:00,12,534.21,-184.21,31.06,1.0,296.71,0.0,142.42,78.67,99.87
2026-05-23 23:10:00,12,534.21,-184.21,31.54,1.0,231.43,0.01,111.09,71.54,99.75
2026-05-23 23:15:00,12,534.21,-184.21,30.0,1.0,200.93,0.01,96.45,68.81,99.63
2026-05-23 23:20:00,12,534.21,-184.21,30.86,1.0,210.63,0.01,101.1,69.63,99.52
2026-05-23 23:25:00,12,534.21,-184.21,30.53,1.0,251.94,0.01,120.93,73.6,99.4
2026-05-23 23:30:00,12,534.21,-184.21,32.38,0.0,211.1,0.0,101.33,69.31,99.28
2026-05-23 23:35:00,12,534.21,-184.21,30.96,2.0,273.79,0.01,131.42,76.33,99.15
2026-05-23 23:40:00,12,534.21,-184.21,30.65,2.0,315.12,0.01,151.26,81.38,99.02
2026-05-23 23:45:00,12,534.21,-184.21,31.44,1.0,255.58,0.0,122.68,73.96,98.89
2026-05-23 23:50:00,12,534.21,-184.21,31.3,1.0,246.49,0.01,118.32,73.04,98.77
2026-05-23 23:55:00,12,534.21,-184.21,31.13,1.0,208.25,0.01,99.96,69.43,98.66
2026-05-24 00:00:00,12,534.21,-184.21,31.21,1.0,314.54,0.0,150.98,80.93,98.52
2026-05-24 00:05:00,12,534.21,-184.21,30.16,3.0,242.18,0.02,116.25,73.32,98.4
2026-05-24 00:10:00,12,534.21,-184.21,30.64,2.0,243.41,0.01,116.83,73.07,98.28
2026-05-24 00:15:00,12,534.21,-184.21,31.3,4.0,219.74,0.03,105.48,71.54,98.16
2026-05-24 00:20:00,12,534.21,-184.21,31.62,0.0,219.93,0.0,105.57,70.1,98.04
2026-05-24 00:25:00,12,534.21,-184.21,31.01,0.0,307.9,0.0,147.79,79.72,97.91
2026-05-24 00:30:00,12,534.21,-184.21,31.72,1.0,248.89,0.01,119.47,73.28,97.79
2026-05-24 00:35:00,12,534.21,-184.21,31.91,1.0,315.54,0.0,151.46,81.06,97.65
2026-05-24 00:40:00,12,534.21,-184.21,31.16,1.0,288.76,0.0,138.61,77.71,97.52
2026-05-24 00:45:00,12,534.21,-184.21,31.66,0.0,210.88,0.0,101.22,69.29,97.41
2026-05-24 00:50:00,12,534.21,-184.21,31.07,2.0,312.24,0.01,149.88,81.0,97.27
2026-05-24 00:55:00,12,534.21,-184.21,30.85,1.0,317.04,0.0,152.18,81.26,97.14
2026-05-24 01:00:00,12,534.21,-184.21,30.87,2.0,271.76,0.01,130.44,76.1,97.01
2026-05-24 01:05:00,12,534.21,-184.21,31.13,1.0,319.11,0.0,153.17,81.53,96.87
2026-05-24 01:10:00,12,534.21,-184.21,30.85,9.0,312.67,0.03,150.08,83.55,96.73
2026-05-24 01:15:00,12,534.21,-184.21,31.67,1.0,276.53,0.0,132.74,76.27,96.61
2026-05-24 01:20:00,12,534.21,-184.21,31.19,3.0,219.28,0.02,105.25,71.13,96.49
2026-05-24 01:25:00,12,534.21,-184.21,30.56,0.0,227.41,0.0,109.16,70.79,96.37
2026-05-24 01:30:00,12,534.21,-184.21,31.53,3.0,234.57,0.02,112.59,72.56,96.25
2026-05-24 01:35:00,12,534.21,-184.21,31.15,2.0,274.71,0.01,131.86,76.43,96.12
2026-05-24 01:40:00,12,534.21,-184.21,31.66,2.0,231.19,0.01,110.97,71.87,96.0
2026-05-24 01:45:00,12,534.21,-184.21,31.47,5.0,245.77,0.03,117.97,74.4,95.88
2026-05-24 01:50:00,12,534.21,-184.21,31.61,0.0,231.91,0.0,111.32,71.22,95.76
2026-05-24 01:55:00,12,534.21,-184.21,31.54,0.0,205.16,0.0,98.48,68.79,95.65
2026-05-24 02:00:00,12,534.21,-184.21,31.85,1.0,221.26,0.01,106.2,70.59,95.53
2026-05-24 02:05:00,12,534.21,-184.21,31.49,3.0,208.49,0.02,100.08,70.17,95.41
2026-05-24 02:10:00,12,534.21,-184.21,31.87,2.0,315.15,0.01,151.27,81.38,95.28
2026-05-24 02:15:00,12,534.21,-184.21,32.85,0.0,310.4,0.0,148.99,80.05,95.14
2026-05-24 02:20:00,12,534.21,-184.21,32.04,2.0,237.11,0.01,113.81,72.44,95.02
2026-05-24 02:25:00,12,534.21,-184.21,32.59,5.0,225.94,0.03,108.45,72.46,94.9
2026-05-24 02:30:00,12,534.21,-184.21,32.64,2.0,209.32,0.01,100.47,69.87,94.78
2026-05-24 02:35:00,12,534.21,-184.21,32.59,2.0,292.13,0.01,140.22,78.48,94.65
2026-05-24 02:40:00,12,534.21,-184.21,32.43,0.0,229.36,0.0,110.09,70.98,94.53
2026-05-24 02:45:00,12,534.21,-184.21,33.07,0.0,215.03,0.0,103.21,69.66,94.42
2026-05-24 02:50:00,12,534.21,-184.21,34.09,4.0,276.33,0.02,132.64,77.34,94.29
2026-05-24 02:55:00,12,534.21,-184.21,33.11,1.0,233.8,0.01,112.22,71.77,94.17
2026-05-24 03:00:00,12,534.21,-184.21,32.53,3.0,257.69,0.01,123.69,74.91,94.05
2026-05-24 03:05:00,12,534.21,-184.21,33.74,2.0,289.8,0.01,139.1,78.2,93.92
2026-05-24 03:10:00,12,534.21,-184.21,33.62,0.0,208.56,0.0,100.11,69.09,93.8
2026-05-24 03:15:00,12,534.21,-184.21,32.06,0.0,281.67,0.0,135.2,76.52,93.67
2026-05-24 03:20:00,12,534.21,-184.21,32.61,2.0,320.26,0.01,153.72,82.05,93.54
2026-05-24 03:25:00,12,534.21,-184.21,33.64,1.0,257.46,0.0,123.58,74.16,93.41
2026-05-24 03:30:00,12,534.21,-184.21,33.49,2.0,252.57,0.01,121.23,74.02,93.29
2026-05-24 03:35:00,12,534.21,-184.21,34.31,2.0,299.1,0.01,143.57,79.34,93.16
2026-05-24 03:40:00,12,534.21,-184.21,33.51,2.0,216.02,0.01,103.69,70.47,93.04
2026-05-24 03:45:00,12,534.21,-184.21,33.02,5.0,228.77,0.03,109.81,72.73,92.92
2026-05-24 03:50:00,12,534.21,-184.21,33.65,3.0,213.61,0.02,102.53,70.62,92.8
2026-05-24 03:55:00,12,534.21,-184.21,34.1,1.0,300.62,0.0,144.3,79.16,92.67
2026-05-24 04:00:00,12,534.21,-184.21,34.38,2.0,209.97,0.01,100.79,69.93,92.55
2026-05-24 04:05:00,12,534.21,-184.21,34.55,1.0,291.53,0.0,139.93,78.04,92.42
2026-05-24 04:10:00,12,534.21,-184.21,34.62,1.0,316.47,0.0,151.9,81.19,92.29
2026-05-24 04:15:00,12,534.21,-184.21,34.84,1.0,253.46,0.0,121.66,73.74,92.16
2026-05-24 04:20:00,12,534.21,-184.21,35.72,1.0,223.52,0.01,107.29,70.8,92.05
2026-05-24 04:25:00,12,534.21,-184.21,35.68,3.0,294.32,0.01,141.28,79.11,91.91
2026-05-24 04:30:00,12,534.21,-184.21,34.86,3.0,232.25,0.02,111.48,72.35,91.79
2026-05-24 04:35:00,12,534.21,-184.21,36.3,1.0,240.95,0.01,115.65,72.48,91.67
2026-05-24 04:40:00,12,534.21,-184.21,35.43,1.0,239.01,0.01,114.72,72.29,91.55
2026-05-24 04:45:00,12,534.21,-184.21,34.93,2.0,213.77,0.01,102.61,70.27,91.43
2026-05-24 04:50:00,12,534.21,-184.21,36.61,2.0,319.1,0.01,153.17,81.91,91.3
2026-05-24 04:55:00,12,534.21,-184.21,36.45,3.0,260.1,0.01,124.85,75.17,91.17
2026-05-24 05:00:00,12,534.21,-184.21,35.45,2.0,297.69,0.01,142.89,79.17,91.04
2026-05-24 05:05:00,12,534.21,-184.21,36.79,3.0,316.07,0.01,151.72,81.86,90.9
2026-05-24 05:10:00,12,534.21,-184.21,36.19,2.0,227.49,0.01,109.2,71.53,90.79
2026-05-24 05:15:00,12,534.21,-184.21,35.79,1.0,250.26,0.01,120.12,73.43,90.66
2026-05-24 05:20:00,12,534.21,-184.21,37.14,1.0,236.45,0.01,113.49,72.04,90.54
2026-05-24 05:25:00,12,534.21,-184.21,36.86,2.0,238.47,0.01,114.47,72.59,90.42
2026-05-24 05:30:00,12,534.21,-184.21,37.29,1.0,311.74,0.0,149.64,80.58,90.29
2026-05-24 05:35:00,12,534.21,-184.21,37.89,1.0,314.79,0.0,151.1,80.98,90.15
2026-05-24 05:40:00,12,534.21,-184.21,37.26,1.0,303.69,0.0,145.77,79.55,90.02
2026-05-24 05:45:00,12,534.21,-184.21,36.88,0.0,254.8,0.0,122.3,73.54,89.9
2026-05-24 05:50:00,12,534.21,-184.21,37.02,2.0,322.45,0.01,154.78,82.36,89.76
2026-05-24 05:55:00,12,534.21,-184.21,37.75,2.0,293.71,0.01,140.98,78.68,89.63
2026-05-24 06:00:00,12,534.21,-184.21,38.33,0.0,228.18,0.0,109.53,70.88,89.51
2026-05-24 06:05:00,12,534.21,-184.21,38.06,0.0,296.02,0.0,142.09,78.25,89.38
2026-05-24 06:10:00,12,534.21,-184.21,37.62,2.0,312.61,0.01,150.05,81.06,89.25
2026-05-24 06:15:00,12,534.21,-184.21,38.2,0.0,292.7,0.0,140.49,77.84,89.12
2026-05-24 06:20:00,12,534.21,-184.21,39.03,0.0,248.13,0.0,119.1,72.85,88.99
2026-05-24 06:25:00,12,534.21,-184.21,37.56,4.0,296.22,0.01,142.18,79.69,88.86
2026-05-24 06:30:00,12,534.21,-184.21,38.69,1.0,222.6,0.01,106.85,70.72,88.74
2026-05-24 06:35:00,12,534.21,-184.21,39.07,0.0,202.06,0.0,96.99,68.55,88.63
2026-05-24 06:40:00,12,534.21,-184.21,38.66,1.0,209.36,0.01,100.49,69.54,88.51
2026-05-24 06:45:00,12,534.21,-184.21,40.11,1.0,233.09,0.01,111.89,71.72,88.39
2026-05-24 06:50:00,12,534.21,-184.21,39.64,2.0,295.12,0.01,141.66,78.86,88.26
2026-05-24 06:55:00,12,534.21,-184.21,40.08,2.0,266.21,0.01,127.78,75.5,88.14
2026-05-24 07:00:00,12,534.21,-184.21,40.72,2.0,260.77,0.01,125.17,74.9,88.01
2026-05-24 07:05:00,12,534.21,-184.21,39.64,1.0,287.51,0.0,138.01,77.57,87.88
2026-05-24 07:10:00,12,534.21,-184.21,41.29,0.0,315.76,0.0,151.57,80.76,87.75
2026-05-24 07:15:00,12,534.21,-184.21,39.31,1.0,323.66,0.0,155.36,82.15,87.61
2026-05-24 07:20:00,12,534.21,-184.21,41.26,1.0,322.97,0.0,155.03,82.07,87.47
2026-05-24 07:25:00,12,534.21,-184.21,41.38,0.0,277.72,0.0,133.31,76.08,87.35
2026-05-24 07:30:00,12,534.21,-184.21,40.87,2.0,297.57,0.01,142.83,79.16,87.22
2026-05-24 07:35:00,12,534.21,-184.21,40.12,1.0,272.69,0.0,130.89,75.85,87.09
2026-05-24 07:40:00,12,534.21,-184.21,41.18,0.0,317.78,0.0,152.54,81.03,86.95
2026-05-24 07:45:00,12,534.21,-184.21,41.37,1.0,218.06,0.01,104.67,70.31,86.84
2026-05-24 07:50:00,12,534.21,-184.21,41.57,0.0,224.14,0.0,107.59,70.5,86.72
2026-05-24 07:55:00,12,534.21,-184.21,41.51,0.0,282.61,0.0,135.65,76.65,86.59
2026-05-24 08:00:00,12,534.21,-184.21,41.87,1.0,238.98,0.01,114.71,72.3,86.47
2026-05-24 08:05:00,12,534.21,-184.21,41.46,0.0,318.58,0.0,152.92,81.13,86.34
2026-05-24 08:10:00,12,534.21,-184.21,41.41,2.0,250.44,0.01,120.21,73.81,86.21
2026-05-24 08:15:00,12,534.21,-184.21,41.58,1.0,209.75,0.01,100.68,69.58,86.1
2026-05-24 08:20:00,12,534.21,-184.21,42.55,2.0,298.05,0.01,143.06,79.23,85.96
2026-05-24 08:25:00,12,534.21,-184.21,42.56,3.0,266.25,0.01,127.8,75.86,85.84
2026-05-24 08:30:00,12,534.21,-184.21,43.06,0.0,264.17,0.0,126.8,74.56,85.71
2026-05-24 08:35:00,12,534.21,-184.21,42.53,0.0,286.64,0.0,137.59,77.12,85.59
2026-05-24 08:40:00,12,534.21,-184.21,42.86,0.0,311.45,0.0,149.49,80.2,85.45
2026-05-24 08:45:00,12,534.21,-184.21,42.79,1.0,310.73,0.0,149.15,80.46,85.32
2026-05-24 08:50:00,12,534.21,-184.21,43.54,2.0,235.41,0.01,113.0,72.3,85.2
2026-05-24 08:55:00,12,534.21,-184.21,42.38,2.0,324.39,0.01,155.71,82.63,85.06
2026-05-24 09:00:00,12,534.21,-184.21,43.63,2.0,301.64,0.01,144.79,79.68,84.93
2026-05-24 09:05:00,12,534.21,-184.21,42.71,1.0,207.39,0.01,99.55,69.38,84.81
2026-05-24 09:10:00,12,534.21,-184.21,43.23,0.0,243.6,0.0,116.93,72.39,84.69
2026-05-24 09:15:00,12,534.21,-184.21,43.83,1.0,273.46,0.0,131.26,75.95,84.56
2026-05-24 09:20:00,12,534.21,-184.21,43.18,0.0,203.79,0.0,97.82,68.7,84.45
2026-05-24 09:25:00,12,534.21,-184.21,42.97,2.0,283.49,0.01,136.07,77.47,84.32
2026-05-24 09:30:00,12,534.21,-184.21,44.02,3.0,265.56,0.01,127.47,75.78,84.19
2026-05-24 09:35:00,12,534.21,-184.21,43.42,1.0,243.78,0.01,117.02,72.78,84.07
2026-05-24 09:40:00,12,534.21,-184.21,44.24,0.0,267.32,0.0,128.31,74.91,83.95
2026-05-24 09:45:00,12,534.21,-184.21,43.38,0.0,234.86,0.0,112.73,71.53,83.83
2026-05-24 09:50:00,12,534.21,-184.21,44.88,1.0,245.31,0.01,117.75,72.94,83.71
2026-05-24 09:55:00,12,534.21,-184.21,43.81,0.0,210.94,0.0,101.25,69.32,83.59
2026-05-24 10:00:00,12,534.21,-184.21,43.94,1.0,303.2,0.0,145.54,79.5,83.46
2026-05-24 10:05:00,12,534.21,-184.21,44.21,1.0,314.56,0.0,150.99,80.96,83.32
2026-05-24 10:10:00,12,534.21,-184.21,44.06,1.0,217.87,0.01,104.58,70.3,83.21
2026-05-24 10:15:00,12,534.21,-184.21,44.0,1.0,281.67,0.0,135.2,76.89,83.08
2026-05-24 10:20:00,12,534.21,-184.21,45.08,1.0,281.61,0.0,135.18,76.89,82.95
2026-05-24 10:25:00,12,534.21,-184.21,45.43,1.0,277.85,0.0,133.37,76.45,82.82
2026-05-24 10:30:00,12,534.21,-184.21,44.3,0.0,216.85,0.0,104.09,69.84,82.71
2026-05-24 10:35:00,12,534.21,-184.21,44.51,0.0,203.51,0.0,97.69,68.68,82.59
2026-05-24 10:40:00,12,534.21,-184.21,44.8,2.0,251.44,0.01,120.69,73.92,82.47
2026-05-24 10:45:00,12,534.21,-184.21,43.77,2.0,253.76,0.01,121.8,74.16,82.35
2026-05-24 10:50:00,12,534.21,-184.21,44.64,3.0,316.53,0.01,151.94,81.94,82.21
2026-05-24 10:55:00,12,534.21,-184.21,44.87,0.0,259.12,0.0,124.38,74.02,82.09
2026-05-24 11:00:00,12,534.21,-184.21,44.31,0.0,262.8,0.0,126.14,74.41,81.96
2026-05-24 11:05:00,12,534.21,-184.21,44.41,0.0,257.79,0.0,123.74,73.87,81.84
2026-05-24 11:10:00,12,534.21,-184.21,44.55,0.0,226.62,0.0,108.78,70.74,81.72
2026-05-24 11:15:00,12,534.21,-184.21,44.11,1.0,202.58,0.01,97.24,68.97,81.61
2026-05-24 11:20:00,12,534.21,-184.21,45.1,4.0,228.82,0.02,109.83,72.39,81.48
2026-05-24 11:25:00,12,534.21,-184.21,44.53,0.0,217.42,0.0,104.36,69.89,81.37
2026-05-24 11:30:00,12,534.21,-184.21,44.76,1.0,311.3,0.0,149.42,80.54,81.23
2026-05-24 11:35:00,12,534.21,-184.21,44.07,1.0,297.71,0.0,142.9,78.82,81.1
2026-05-24 11:40:00,12,534.21,-184.21,44.44,0.0,293.44,0.0,140.85,77.95,80.97
2026-05-24 11:45:00,12,534.21,-184.21,45.35,0.0,265.17,0.0,127.28,74.67,80.85
2026-05-24 11:50:00,12,534.21,-184.21,44.21,0.0,219.11,0.0,105.17,70.05,80.73
2026-05-24 11:55:00,12,534.21,-184.21,45.21,2.0,298.93,0.01,143.49,79.34,80.6
2026-05-24 12:00:00,12,534.21,-184.21,44.59,2.0,205.46,0.02,98.62,69.58,80.48
2026-05-24 12:05:00,12,534.21,-184.21,44.67,2.0,259.09,0.01,124.36,74.73,80.36
2026-05-24 12:10:00,12,534.21,-184.21,45.2,3.0,310.57,0.01,149.07,81.16,80.22
2026-05-24 12:15:00,12,534.21,-184.21,44.98,1.0,254.58,0.0,122.2,73.88,80.1
2026-05-24 12:20:00,12,534.21,-184.21,44.96,6.0,235.41,0.03,112.99,73.74,79.98
2026-05-24 12:25:00,12,534.21,-184.21,44.25,0.0,316.02,0.0,151.69,80.8,79.84
2026-05-24 12:30:00,12,534.21,-184.21,45.4,3.0,281.72,0.01,135.23,77.62,79.71
2026-05-24 12:35:00,12,534.21,-184.21,44.9,0.0,202.68,0.0,97.28,68.61,79.6
2026-05-24 12:40:00,12,534.21,-184.21,45.04,1.0,224.41,0.01,107.72,70.91,79.48
2026-05-24 12:45:00,12,534.21,-184.21,44.65,1.0,213.88,0.01,102.66,69.95,79.36
2026-05-24 12:50:00,12,534.21,-184.21,44.44,2.0,204.03,0.02,97.93,69.46,79.25
2026-05-24 12:55:00,12,534.21,-184.21,44.43,3.0,296.21,0.01,142.18,79.35,79.12
2026-05-24 13:00:00,12,534.21,-184.21,44.45,4.0,304.12,0.01,145.98,80.69,78.98
2026-05-24 13:05:00,12,534.21,-184.21,45.2,0.0,266.3,0.0,127.82,74.8,78.86
2026-05-24 13:10:00,12,534.21,-184.21,45.01,3.0,266.6,0.01,127.97,75.9,78.73
2026-05-24 13:15:00,12,534.21,-184.21,44.68,3.0,252.52,0.01,121.21,74.38,78.61
2026-05-24 13:20:00,12,534.21,-184.21,44.57,1.0,281.77,0.0,135.25,76.9,78.48
2026-05-24 13:25:00,12,534.21,-184.21,45.02,6.0,210.85,0.04,101.21,71.49,78.36
2026-05-24 13:30:00,12,534.21,-184.21,44.83,0.0,209.95,0.0,100.78,69.23,78.24
2026-05-24 13:35:00,12,534.21,-184.21,43.88,3.0,210.89,0.02,101.22,70.4,78.13
2026-05-24 13:40:00,12,534.21,-184.21,44.33,2.0,220.05,0.01,105.63,70.85,78.01
2026-05-24 13:45:00,12,534.21,-184.21,44.01,0.0,262.22,0.0,125.86,74.35,77.88
2026-05-24 13:50:00,12,534.21,-184.21,44.6,1.0,269.74,0.0,129.48,75.53,77.76
2026-05-24 13:55:00,12,534.21,-184.21,44.46,4.0,302.02,0.01,144.97,80.43,77.62
2026-05-24 14:00:00,12,534.21,-184.21,43.1,2.0,313.62,0.01,150.54,81.2,77.49
2026-05-24 14:05:00,12,534.21,-184.21,43.91,2.0,272.58,0.01,130.84,76.22,77.36
2026-05-24 14:10:00,12,534.21,-184.21,43.43,3.0,264.99,0.01,127.2,75.72,77.24
2026-05-24 14:15:00,12,534.21,-184.21,43.29,1.0,203.42,0.01,97.64,69.04,77.12
2026-05-24 14:20:00,12,534.21,-184.21,43.95,4.0,292.88,0.01,140.58,79.3,76.99
2026-05-24 14:25:00,12,534.21,-184.21,44.0,0.0,237.73,0.0,114.11,71.81,76.87
2026-05-24 14:30:00,12,534.21,-184.21,44.18,2.0,255.51,0.01,122.65,74.35,76.75
2026-05-24 14:35:00,12,534.21,-184.21,43.87,1.0,308.17,0.0,147.92,80.13,76.61
2026-05-24 14:40:00,12,534.21,-184.21,43.99,1.0,270.5,0.0,129.84,75.61,76.49
2026-05-24 14:45:00,12,534.21,-184.21,43.37,3.0,267.18,0.01,128.25,75.96,76.36
2026-05-24 14:50:00,12,534.21,-184.21,43.64,3.0,270.99,0.01,130.07,76.39,76.23
2026-05-24 14:55:00,12,534.21,-184.21,42.93,2.0,304.72,0.01,146.27,80.06,76.1
2026-05-24 15:00:00,12,534.21,-184.21,42.79,3.0,302.24,0.01,145.08,80.1,75.97
2026-05-24 15:05:00,12,534.21,-184.21,42.84,1.0,317.54,0.0,152.42,81.35,75.83
2026-05-24 15:10:00,12,534.21,-184.21,43.08,3.0,219.94,0.02,105.57,71.21,75.71
2026-05-24 15:15:00,12,534.21,-184.21,42.76,3.0,293.07,0.01,140.67,78.97,75.58
2026-05-24 15:20:00,12,534.21,-184.21,43.27,9.0,307.9,0.03,147.79,82.96,75.44
2026-05-24 15:25:00,12,534.21,-184.21,42.83,2.0,238.19,0.01,114.33,72.57,75.32
2026-05-24 15:30:00,12,534.21,-184.21,41.96,4.0,286.46,0.02,137.5,78.54,75.19
2026-05-24 15:35:00,12,534.21,-184.21,41.67,0.0,222.5,0.0,106.8,70.35,75.07
2026-05-24 15:40:00,12,534.21,-184.21,41.84,2.0,219.1,0.01,105.17,70.76,74.95
2026-05-24 15:45:00,12,534.21,-184.21,42.77,3.0,255.1,0.01,122.45,74.65,74.83
2026-05-24 15:50:00,12,534.21,-184.21,41.8,0.0,281.51,0.0,135.13,76.52,74.7
2026-05-24 15:55:00,12,534.21,-184.21,42.11,2.0,275.16,0.01,132.08,76.51,74.57
2026-05-24 16:00:00,12,534.21,-184.21,41.48,1.0,206.53,0.01,99.14,69.3,74.46
2026-05-24 16:05:00,12,534.21,-184.21,41.53,2.0,303.87,0.01,145.86,79.95,74.33
2026-05-24 16:10:00,12,534.21,-184.21,41.21,7.0,315.02,0.02,151.21,83.15,74.19
2026-05-24 16:15:00,12,534.21,-184.21,40.59,3.0,249.77,0.02,119.89,74.11,74.06
2026-05-24 16:20:00,12,534.21,-184.21,40.7,2.0,274.01,0.01,131.52,76.37,73.94
2026-05-24 16:25:00,12,534.21,-184.21,40.87,4.0,320.62,0.01,153.9,82.82,73.8
2026-05-24 16:30:00,12,534.21,-184.21,41.27,2.0,243.2,0.01,116.73,73.07,73.68
2026-05-24 16:35:00,12,534.21,-184.21,40.51,1.0,203.69,0.01,97.77,69.06,73.56
2026-05-24 16:40:00,12,534.21,-184.21,40.58,3.0,220.65,0.02,105.91,71.27,73.44
2026-05-24 16:45:00,12,534.21,-184.21,41.48,4.0,223.19,0.03,107.13,71.87,73.32
2026-05-24 16:50:00,12,534.21,-184.21,40.39,1.0,217.66,0.01,104.48,70.28,73.21
2026-05-24 16:55:00,12,534.21,-184.21,40.62,0.0,224.72,0.0,107.87,70.56,73.09
2026-05-24 17:00:00,12,534.21,-184.21,39.69,7.0,275.38,0.03,132.18,78.32,72.96
2026-05-24 17:05:00,12,534.21,-184.21,40.14,2.0,293.75,0.01,141.0,78.69,72.83
2026-05-24 17:10:00,12,534.21,-184.21,38.97,1.0,251.12,0.01,120.54,73.53,72.7
2026-05-24 17:15:00,12,534.21,-184.21,39.62,1.0,306.36,0.0,147.05,79.89,72.57
2026-05-24 17:20:00,12,534.21,-184.21,39.97,0.0,277.92,0.0,133.4,76.1,72.44
2026-05-24 17:25:00,12,534.21,-184.21,39.04,2.0,225.3,0.01,108.15,71.33,72.32
2026-05-24 17:30:00,12,534.21,-184.21,38.75,1.0,213.22,0.01,102.35,69.88,72.21
2026-05-24 17:35:00,12,534.21,-184.21,39.15,1.0,239.67,0.01,115.04,72.36,72.09
2026-05-24 17:40:00,12,534.21,-184.21,38.59,0.0,251.82,0.0,120.88,73.23,71.97
2026-05-24 17:45:00,12,534.21,-184.21,38.78,1.0,265.68,0.0,127.53,75.07,71.84
2026-05-24 17:50:00,12,534.21,-184.21,38.55,2.0,205.84,0.02,98.8,69.6,71.72
2026-05-24 17:55:00,12,534.21,-184.21,37.36,2.0,319.37,0.01,153.3,81.95,71.59
2026-05-24 18:00:00,12,534.21,-184.21,38.16,4.0,246.77,0.02,118.45,74.15,71.46
2026-05-24 18:05:00,12,534.21,-184.21,38.09,1.0,242.97,0.01,116.62,72.69,71.34
2026-05-24 18:10:00,12,534.21,-184.21,37.67,1.0,233.4,0.01,112.03,71.74,71.22
2026-05-24 18:15:00,12,534.21,-184.21,37.69,0.0,219.74,0.0,105.47,70.09,71.11
2026-05-24 18:20:00,12,534.21,-184.21,37.84,0.0,316.54,0.0,151.94,80.85,70.97
2026-05-24 18:25:00,12,534.21,-184.21,37.8,1.0,289.05,0.0,138.74,77.75,70.84
2026-05-24 18:30:00,12,534.21,-184.21,37.43,0.0,260.35,0.0,124.97,74.13,70.72
2026-05-24 18:35:00,12,534.21,-184.21,36.61,0.0,240.45,0.0,115.42,72.06,70.6
2026-05-24 18:40:00,12,534.21,-184.21,36.85,1.0,242.04,0.01,116.18,72.59,70.48
2026-05-24 18:45:00,12,534.21,-184.21,36.81,0.0,240.52,0.0,115.45,72.07,70.36
2026-05-24 18:50:00,12,534.21,-184.21,36.36,0.0,259.0,0.0,124.32,73.98,70.23
2026-05-24 18:55:00,12,534.21,-184.21,37.55,0.0,232.77,0.0,111.73,71.31,70.12
2026-05-24 19:00:00,12,534.21,-184.21,34.79,2.0,259.45,0.01,124.53,74.75,69.99
2026-05-24 19:05:00,12,534.21,-184.21,36.27,0.0,273.31,0.0,131.19,75.56,69.87
2026-05-24 19:10:00,12,534.21,-184.21,35.76,1.0,280.4,0.0,134.59,76.73,69.74
2026-05-24 19:15:00,12,534.21,-184.21,35.61,1.0,313.12,0.0,150.3,80.75,69.6
2026-05-24 19:20:00,12,534.21,-184.21,35.43,0.0,214.2,0.0,102.82,69.59,69.49
2026-05-24 19:25:00,12,534.21,-184.21,35.49,3.0,301.46,0.01,144.7,79.99,69.35
2026-05-24 19:30:00,12,534.21,-184.21,36.26,0.0,265.67,0.0,127.52,74.71,69.23
2026-05-24 19:35:00,12,534.21,-184.21,35.51,2.0,247.59,0.01,118.85,73.51,69.11
2026-05-24 19:40:00,12,534.21,-184.21,34.11,0.0,244.69,0.0,117.45,72.49,68.99
2026-05-24 19:45:00,12,534.21,-184.21,33.89,1.0,200.67,0.01,96.32,68.79,68.87
2026-05-24 19:50:00,12,534.21,-184.21,34.58,0.0,270.35,0.0,129.77,75.23,68.75
2026-05-24 19:55:00,12,534.21,-184.21,34.24,1.0,319.73,0.0,153.47,81.62,68.61
2026-05-24 20:00:00,12,534.21,-184.21,34.48,0.0,229.53,0.0,110.17,70.99,68.49
2026-05-24 20:05:00,12,534.21,-184.21,34.71,1.0,227.04,0.01,108.98,71.13,68.37
2026-05-24 20:10:00,12,534.21,-184.21,33.8,0.0,209.61,0.0,100.61,69.18,68.26
2026-05-24 20:15:00,12,534.21,-184.21,34.21,1.0,298.4,0.0,143.23,78.88,68.13
2026-05-24 20:20:00,12,534.21,-184.21,33.8,1.0,242.34,0.01,116.33,72.62,68.0
2026-05-24 20:25:00,12,534.21,-184.21,34.26,0.0,234.82,0.0,112.71,71.5,67.89
2026-05-24 20:30:00,12,534.21,-184.21,34.69,1.0,316.41,0.0,151.88,81.18,67.75
2026-05-24 20:35:00,12,534.21,-184.21,33.33,0.0,227.8,0.0,109.35,70.83,67.63
2026-05-24 20:40:00,12,534.21,-184.21,33.97,1.0,286.17,0.0,137.36,77.4,67.5
2026-05-24 20:45:00,12,534.21,-184.21,33.68,0.0,282.51,0.0,135.61,76.62,67.38
2026-05-24 20:50:00,12,534.21,-184.21,33.08,1.0,296.66,0.0,142.4,78.67,67.24
2026-05-24 20:55:00,12,534.21,-184.21,33.72,0.0,298.34,0.0,143.2,78.53,67.11
2026-05-24 21:00:00,12,534.21,-184.21,33.13,0.0,310.22,0.0,148.91,80.03,66.98
2026-05-24 21:05:00,12,534.21,-184.21,32.5,1.0,223.17,0.01,107.12,70.76,66.86
2026-05-24 21:10:00,12,534.21,-184.21,33.31,0.0,233.45,0.0,112.06,71.37,66.74
2026-05-24 21:15:00,12,534.21,-184.21,32.99,1.0,285.54,0.0,137.06,77.33,66.61
2026-05-24 21:20:00,12,534.21,-184.21,32.66,0.0,306.48,0.0,147.11,79.55,66.48
2026-05-24 21:25:00,12,534.21,-184.21,32.47,1.0,241.68,0.01,116.01,72.55,66.36
2026-05-24 21:30:00,12,534.21,-184.21,32.7,1.0,271.84,0.0,130.48,75.74,66.23
2026-05-24 21:35:00,12,534.21,-184.21,32.99,1.0,228.36,0.01,109.61,71.25,66.12
2026-05-24 21:40:00,12,534.21,-184.21,32.34,1.0,222.95,0.01,107.02,70.75,66.0
2026-05-24 21:45:00,12,534.21,-184.21,32.29,0.0,215.61,0.0,103.49,69.71,65.88
2026-05-24 21:50:00,12,534.21,-184.21,31.59,0.0,241.45,0.0,115.9,72.16,65.76
2026-05-24 21:55:00,12,534.21,-184.21,32.56,0.0,228.22,0.0,109.54,70.87,65.64
2026-05-24 22:00:00,12,534.21,-184.21,32.19,1.0,295.75,0.0,141.96,78.55,65.51
2026-05-24 22:05:00,12,534.21,-184.21,32.12,0.0,211.78,0.0,101.65,69.37,65.4
2026-05-24 22:10:00,12,534.21,-184.21,32.21,3.0,241.07,0.02,115.72,73.21,65.27
2026-05-24 22:15:00,12,534.21,-184.21,31.93,0.0,250.33,0.0,120.16,73.06,65.15
2026-05-24 22:20:00,12,534.21,-184.21,30.9,0.0,279.31,0.0,134.07,76.24,65.03
2026-05-24 22:25:00,12,534.21,-184.21,32.01,7.0,317.06,0.02,152.19,83.4,64.89
2026-05-24 22:30:00,12,534.21,-184.21,30.67,1.0,233.97,0.01,112.31,71.79,64.77
2026-05-24 22:35:00,12,534.21,-184.21,31.04,1.0,302.6,0.0,145.25,79.4,64.64
2026-05-24 22:40:00,12,534.21,-184.21,31.03,0.0,227.91,0.0,109.4,70.84,64.52
2026-05-24 22:45:00,12,534.21,-184.21,31.92,1.0,292.3,0.0,140.3,78.13,64.39
2026-05-24 22:50:00,12,534.21,-184.21,32.29,1.0,310.36,0.0,148.97,80.39,64.25
2026-05-24 22:55:00,12,534.21,-184.21,31.33,2.0,242.63,0.01,116.46,72.99,64.13
2026-05-24 23:00:00,12,534.21,-184.21,31.02,0.0,235.08,0.0,112.84,71.52,64.01
2026-05-24 23:05:00,12,534.21,-184.21,31.64,5.0,255.01,0.02,122.4,75.34,63.89
2026-05-24 23:10:00,12,534.21,-184.21,31.38,0.0,295.47,0.0,141.83,78.17,63.76
2026-05-24 23:15:00,12,534.21,-184.21,31.38,1.0,223.67,0.01,107.36,70.81,63.64
2026-05-24 23:20:00,12,534.21,-184.21,31.46,1.0,261.79,0.0,125.66,74.63,63.51
2026-05-24 23:25:00,12,534.21,-184.21,31.45,2.0,270.36,0.01,129.77,75.94,63.39
2026-05-24 23:30:00,12,534.21,-184.21,31.83,2.0,235.42,0.01,113.0,72.28,63.27
2026-05-24 23:35:00,12,534.21,-184.21,31.77,3.0,208.72,0.02,100.18,70.19,63.15
2026-05-24 23:40:00,12,534.21,-184.21,30.53,3.0,276.2,0.01,132.58,76.95,63.02
2026-05-24 23:45:00,12,534.21,-184.21,30.87,1.0,268.25,0.0,128.76,75.34,62.9
2026-05-24 23:50:00,12,534.21,-184.21,30.99,2.0,246.46,0.01,118.3,73.38,62.77
2026-05-24 23:55:00,12,534.21,-184.21,30.89,3.0,232.77,0.02,111.73,72.39,62.65
2026-05-25 00:00:00,12,534.21,-184.21,30.98,1.0,209.96,0.01,100.78,69.58,62.54
2026-05-25 00:05:00,12,534.21,-184.21,31.2,4.0,223.08,0.03,107.08,71.84,62.42
2026-05-25 00:10:00,12,534.21,-184.21,30.68,0.0,235.63,0.0,113.1,71.58,62.3
2026-05-25 00:15:00,12,534.21,-184.21,31.02,2.0,289.77,0.01,139.09,78.2,62.17
2026-05-25 00:20:00,12,534.21,-184.21,31.35,6.0,251.51,0.03,120.72,75.34,62.04
2026-05-25 00:25:00,12,534.21,-184.21,30.95,4.0,307.88,0.01,147.78,81.14,61.91
2026-05-25 00:30:00,12,534.21,-184.21,31.73,5.0,318.67,0.02,152.96,82.91,61.77
2026-05-25 00:35:00,12,534.21,-184.21,31.14,2.0,262.19,0.01,125.85,75.04,61.64
2026-05-25 00:40:00,12,534.21,-184.21,31.15,1.0,296.82,0.0,142.48,78.69,61.51
2026-05-25 00:45:00,12,534.21,-184.21,31.74,3.0,272.06,0.01,130.59,76.48,61.39
2026-05-25 00:50:00,12,534.21,-184.21,30.62,5.0,247.96,0.03,119.02,74.62,61.26
2026-05-25 00:55:00,12,534.21,-184.21,31.52,2.0,210.14,0.01,100.87,69.94,61.14
2026-05-25 01:00:00,12,534.21,-184.21,31.78,2.0,319.06,0.01,153.15,81.9,61.01
2026-05-25 01:05:00,12,534.21,-184.21,30.68,1.0,200.95,0.01,96.46,68.81,60.89
2026-05-25 01:10:00,12,534.21,-184.21,32.25,3.0,227.73,0.02,109.31,71.91,60.77
2026-05-25 01:15:00,12,534.21,-184.21,31.46,3.0,220.27,0.02,105.73,71.22,60.65
2026-05-25 01:20:00,12,534.21,-184.21,31.32,2.0,283.19,0.01,135.93,77.41,60.53
2026-05-25 01:25:00,12,534.21,-184.21,30.96,2.0,270.08,0.01,129.64,75.91,60.4
2026-05-25 01:30:00,12,534.21,-184.21,31.46,4.0,287.33,0.02,137.92,78.63,60.27
2026-05-25 01:35:00,12,534.21,-184.21,32.2,5.0,323.12,0.02,155.1,83.51,60.13
2026-05-25 01:40:00,12,534.21,-184.21,31.64,4.0,305.74,0.01,146.75,80.87,59.99
2026-05-25 01:45:00,12,534.21,-184.21,31.37,3.0,203.2,0.02,97.54,69.72,59.88
2026-05-25 01:50:00,12,534.21,-184.21,30.82,1.0,209.85,0.01,100.73,69.57,59.76
2026-05-25 01:55:00,12,534.21,-184.21,32.79,2.0,302.46,0.01,145.18,79.76,59.63
2026-05-25 02:00:00,12,534.21,-184.21,31.6,3.0,225.58,0.02,108.28,71.71,59.51
2026-05-25 02:05:00,12,534.21,-184.21,32.68,2.0,249.25,0.01,119.64,73.67,59.39
2026-05-25 02:10:00,12,534.21,-184.21,32.64,3.0,218.03,0.02,104.66,71.02,59.27
2026-05-25 02:15:00,12,534.21,-184.21,32.92,2.0,210.35,0.01,100.97,69.96,59.15
2026-05-25 02:20:00,12,534.21,-184.21,32.1,4.0,262.87,0.02,126.18,75.84,59.03
2026-05-25 02:25:00,12,534.21,-184.21,31.84,3.0,226.85,0.02,108.89,71.83,58.91
2026-05-25 02:30:00,12,534.21,-184.21,32.15,1.0,257.17,0.0,123.44,74.13,58.78
2026-05-25 02:35:00,12,534.21,-184.21,32.01,4.0,316.3,0.01,151.82,82.23,58.64
2026-05-25 02:40:00,12,534.21,-184.21,32.09,1.0,256.56,0.0,123.15,74.07,58.52
2026-05-25 02:45:00,12,534.21,-184.21,32.92,4.0,245.07,0.02,117.63,73.96,58.4
2026-05-25 02:50:00,12,534.21,-184.21,33.35,2.0,244.5,0.01,117.36,73.19,58.28
2026-05-25 02:55:00,12,534.21,-184.21,33.62,3.0,284.55,0.01,136.58,77.93,58.15
2026-05-25 03:00:00,12,534.21,-184.21,33.48,2.0,269.51,0.01,129.36,75.85,58.02
2026-05-25 03:05:00,12,534.21,-184.21,32.45,3.0,234.58,0.02,112.6,72.57,57.9
2026-05-25 03:10:00,12,534.21,-184.21,32.43,2.0,230.47,0.01,110.63,71.8,57.78
2026-05-25 03:15:00,12,534.21,-184.21,33.37,2.0,234.09,0.01,112.36,72.15,57.66
2026-05-25 03:20:00,12,534.21,-184.21,33.36,0.0,284.53,0.0,136.58,76.86,57.53
2026-05-25 03:25:00,12,534.21,-184.21,33.61,2.0,252.77,0.01,121.33,74.04,57.41
2026-05-25 03:30:00,12,534.21,-184.21,33.25,5.0,241.36,0.03,115.85,73.96,57.28
2026-05-25 03:35:00,12,534.21,-184.21,34.47,1.0,303.04,0.0,145.46,79.46,57.15
2026-05-25 03:40:00,12,534.21,-184.21,33.88,2.0,256.89,0.01,123.31,74.47,57.03
2026-05-25 03:45:00,12,534.21,-184.21,34.24,0.0,220.76,0.0,105.97,70.18,56.91
2026-05-25 03:50:00,12,534.21,-184.21,34.74,2.0,285.92,0.01,137.24,77.74,56.78
2026-05-25 03:55:00,12,534.21,-184.21,34.39,0.0,287.12,0.0,137.82,77.17,56.65
2026-05-25 04:00:00,12,534.21,-184.21,33.89,5.0,299.36,0.02,143.69,80.44,56.52
2026-05-25 04:05:00,12,534.21,-184.21,34.88,3.0,264.57,0.01,127.0,75.66,56.39
2026-05-25 04:10:00,12,534.21,-184.21,34.28,3.0,302.47,0.01,145.18,80.11,56.26
2026-05-25 04:15:00,12,534.21,-184.21,35.56,4.0,273.12,0.02,131.1,76.98,56.13
2026-05-25 04:20:00,12,534.21,-184.21,35.92,4.0,223.46,0.03,107.26,71.89,56.01
2026-05-25 04:25:00,12,534.21,-184.21,34.99,1.0,288.05,0.0,138.26,77.63,55.88
2026-05-25 04:30:00,12,534.21,-184.21,35.09,1.0,205.56,0.01,98.67,69.2,55.77
2026-05-25 04:35:00,12,534.21,-184.21,35.99,3.0,274.86,0.01,131.93,76.81,55.64
2026-05-25 04:40:00,12,534.21,-184.21,34.68,0.0,274.68,0.0,131.84,75.71,55.51
2026-05-25 04:45:00,12,534.21,-184.21,35.18,4.0,314.66,0.01,151.04,82.02,55.37
2026-05-25 04:50:00,12,534.21,-184.21,36.23,0.0,313.03,0.0,150.26,80.39,55.24
2026-05-25 04:55:00,12,534.21,-184.21,36.64,0.0,244.56,0.0,117.39,72.48,55.12
2026-05-25 05:00:00,12,534.21,-184.21,35.64,0.0,285.11,0.0,136.85,76.93,54.99
2026-05-25 05:05:00,12,534.21,-184.21,36.63,4.0,313.39,0.01,150.43,81.86,54.86
2026-05-25 05:10:00,12,534.21,-184.21,36.18,0.0,222.75,0.0,106.92,70.36,54.74
2026-05-25 05:15:00,12,534.21,-184.21,36.2,0.0,223.73,0.0,107.39,70.45,54.62
2026-05-25 05:20:00,12,534.21,-184.21,36.66,2.0,281.04,0.01,134.9,77.17,54.49
2026-05-25 05:25:00,12,534.21,-184.21,37.01,1.0,284.54,0.0,136.58,77.21,54.36
2026-05-25 05:30:00,12,534.21,-184.21,36.88,0.0,212.64,0.0,102.07,69.45,54.25
2026-05-25 05:35:00,12,534.21,-184.21,37.55,0.0,324.17,0.0,155.6,81.87,54.11
2026-05-25 05:40:00,12,534.21,-184.21,37.04,0.0,217.99,0.0,104.63,69.93,53.99
2026-05-25 05:45:00,12,534.21,-184.21,37.33,0.0,321.7,0.0,154.41,81.53,53.86
2026-05-25 05:50:00,12,534.21,-184.21,37.86,1.0,279.13,0.0,133.98,76.58,53.73
2026-05-25 05:55:00,12,534.21,-184.21,38.02,1.0,313.3,0.0,150.38,80.78,53.6
2026-05-25 06:00:00,12,534.21,-184.21,37.66,2.0,309.69,0.01,148.65,80.68,53.46
2026-05-25 06:05:00,12,534.21,-184.21,38.28,2.0,277.74,0.01,133.32,76.79,53.33
2026-05-25 06:10:00,12,534.21,-184.21,38.07,1.0,240.09,0.01,115.24,72.4,53.21
2026-05-25 06:15:00,12,534.21,-184.21,39.02,0.0,259.09,0.0,124.36,74.0,53.09
2026-05-25 06:20:00,12,534.21,-184.21,38.2,0.0,251.14,0.0,120.55,73.16,52.97
2026-05-25 06:25:00,12,534.21,-184.21,38.38,1.0,230.7,0.01,110.74,71.49,52.85
2026-05-25 06:30:00,12,534.21,-184.21,38.21,1.0,239.72,0.01,115.07,72.36,52.73
2026-05-25 06:35:00,12,534.21,-184.21,38.81,1.0,247.47,0.01,118.78,73.15,52.61
2026-05-25 06:40:00,12,534.21,-184.21,38.65,2.0,211.66,0.01,101.6,70.09,52.49
2026-05-25 06:45:00,12,534.21,-184.21,39.19,2.0,271.45,0.01,130.3,76.08,52.36
2026-05-25 06:50:00,12,534.21,-184.21,39.87,3.0,317.68,0.01,152.49,82.08,52.23
2026-05-25 06:55:00,12,534.21,-184.21,39.65,0.0,263.9,0.0,126.67,74.52,52.1
2026-05-25 07:00:00,12,534.21,-184.21,39.04,0.0,220.6,0.0,105.89,70.17,51.99
2026-05-25 07:05:00,12,534.21,-184.21,39.76,0.0,286.61,0.0,137.57,77.11,51.86
2026-05-25 07:10:00,12,534.21,-184.21,39.38,2.0,297.93,0.01,143.01,79.21,51.72
2026-05-25 07:15:00,12,534.21,-184.21,39.85,0.0,270.81,0.0,129.99,75.29,51.6
2026-05-25 07:20:00,12,534.21,-184.21,40.73,1.0,240.33,0.01,115.36,72.43,51.48
2026-05-25 07:25:00,12,534.21,-184.21,40.81,0.0,210.35,0.0,100.97,69.26,51.36
2026-05-25 07:30:00,12,534.21,-184.21,41.17,0.0,265.43,0.0,127.41,74.69,51.24
2026-05-25 07:35:00,12,534.21,-184.21,41.2,1.0,219.89,0.01,105.55,70.48,51.12
2026-05-25 07:40:00,12,534.21,-184.21,40.93,0.0,264.33,0.0,126.88,74.57,51.0
2026-05-25 07:45:00,12,534.21,-184.21,40.93,1.0,302.02,0.0,144.97,79.35,50.86
2026-05-25 07:50:00,12,534.21,-184.21,40.85,0.0,318.12,0.0,152.7,81.07,50.73
2026-05-25 07:55:00,12,534.21,-184.21,40.93,1.0,291.77,0.0,140.05,78.09,50.6
2026-05-25 08:00:00,12,534.21,-184.21,41.77,0.0,228.45,0.0,109.66,70.91,50.48
2026-05-25 08:05:00,12,534.21,-184.21,41.95,1.0,318.41,0.0,152.84,81.46,50.35
2026-05-25 08:10:00,12,534.21,-184.21,42.49,0.0,205.53,0.0,98.65,68.85,50.23
2026-05-25 08:15:00,12,534.21,-184.21,42.18,3.0,297.8,0.01,142.95,79.55,50.1
2026-05-25 08:20:00,12,534.21,-184.21,42.01,2.0,270.18,0.01,129.68,75.94,49.97
2026-05-25 08:25:00,12,534.21,-184.21,40.98,1.0,245.99,0.01,118.07,73.0,49.85
2026-05-25 08:30:00,12,534.21,-184.21,41.99,2.0,287.48,0.01,137.99,77.94,49.72
2026-05-25 08:35:00,12,534.21,-184.21,41.46,1.0,270.1,0.0,129.65,75.56,49.59
2026-05-25 08:40:00,12,534.21,-184.21,42.88,0.0,322.98,0.0,155.03,81.72,49.46
2026-05-25 08:45:00,12,534.21,-184.21,43.29,0.0,300.54,0.0,144.26,78.82,49.33
2026-05-25 08:50:00,12,534.21,-184.21,43.7,1.0,223.93,0.01,107.49,70.86,49.21
2026-05-25 08:55:00,12,534.21,-184.21,43.24,0.0,301.37,0.0,144.66,78.92,49.08
2026-05-25 09:00:00,12,534.21,-184.21,43.65,0.0,307.64,0.0,147.67,79.72,48.94
2026-05-25 09:05:00,12,534.21,-184.21,43.07,1.0,278.62,0.0,133.74,76.54,48.82
2026-05-25 09:10:00,12,534.21,-184.21,41.77,0.0,248.75,0.0,119.4,72.92,48.69
2026-05-25 09:15:00,12,534.21,-184.21,43.3,1.0,300.78,0.0,144.37,79.2,48.56
2026-05-25 09:20:00,12,534.21,-184.21,42.99,1.0,222.87,0.01,106.98,70.76,48.44
2026-05-25 09:25:00,12,534.21,-184.21,43.67,0.0,313.72,0.0,150.59,80.5,48.31
2026-05-25 09:30:00,12,534.21,-184.21,43.87,1.0,214.67,0.01,103.04,70.02,48.19
2026-05-25 09:35:00,12,534.21,-184.21,43.31,5.0,284.38,0.02,136.5,78.65,48.06
2026-05-25 09:40:00,12,534.21,-184.21,43.49,0.0,278.79,0.0,133.82,76.21,47.94
2026-05-25 09:45:00,12,534.21,-184.21,44.54,0.0,296.16,0.0,142.15,78.28,47.81
2026-05-25 09:50:00,12,534.21,-184.21,44.39,1.0,239.07,0.01,114.75,72.31,47.68
2026-05-25 09:55:00,12,534.21,-184.21,43.76,2.0,304.99,0.01,146.4,80.1,47.55
2026-05-25 10:00:00,12,534.21,-184.21,44.33,1.0,320.51,0.0,153.84,81.74,47.42
2026-05-25 10:05:00,12,534.21,-184.21,44.41,1.0,225.07,0.01,108.03,70.96,47.3
2026-05-25 10:10:00,12,534.21,-184.21,44.11,2.0,297.47,0.01,142.78,79.16,47.16
2026-05-25 10:15:00,12,534.21,-184.21,44.89,0.0,259.39,0.0,124.51,74.04,47.04
2026-05-25 10:20:00,12,534.21,-184.21,44.36,0.0,285.28,0.0,136.93,76.97,46.91
2026-05-25 10:25:00,12,534.21,-184.21,44.18,1.0,320.14,0.0,153.67,81.69,46.78
2026-05-25 10:30:00,12,534.21,-184.21,43.78,0.0,291.1,0.0,139.73,77.66,46.65
2026-05-25 10:35:00,12,534.21,-184.21,44.47,2.0,288.31,0.01,138.39,78.05,46.52
2026-05-25 10:40:00,12,534.21,-184.21,44.9,2.0,302.58,0.01,145.24,79.8,46.38
2026-05-25 10:45:00,12,534.21,-184.21,44.1,0.0,220.62,0.0,105.9,70.18,46.27
2026-05-25 10:50:00,12,534.21,-184.21,44.61,1.0,299.11,0.0,143.58,79.0,46.14
2026-05-25 10:55:00,12,534.21,-184.21,45.46,0.0,220.04,0.0,105.62,70.13,46.02
2026-05-25 11:00:00,12,534.21,-184.21,45.08,1.0,261.59,0.0,125.56,74.63,45.89
2026-05-25 11:05:00,12,534.21,-184.21,44.62,0.0,289.63,0.0,139.02,77.49,45.77
2026-05-25 11:10:00,12,534.21,-184.21,44.27,1.0,240.24,0.01,115.32,72.43,45.64
2026-05-25 11:15:00,12,534.21,-184.21,44.96,0.0,300.36,0.0,144.17,78.8,45.51
2026-05-25 11:20:00,12,534.21,-184.21,45.12,0.0,258.65,0.0,124.15,73.96,45.39
2026-05-25 11:25:00,12,534.21,-184.21,45.29,1.0,229.13,0.01,109.98,71.35,45.27
2026-05-25 11:30:00,12,534.21,-184.21,44.56,0.0,200.68,0.0,96.33,68.44,45.16
2026-05-25 11:35:00,12,534.21,-184.21,44.32,2.0,241.94,0.01,116.13,72.95,45.04
2026-05-25 11:40:00,12,534.21,-184.21,44.68,0.0,283.74,0.0,136.19,76.78,44.91
2026-05-25 11:45:00,12,534.21,-184.21,45.29,1.0,208.78,0.01,100.21,69.5,44.79
2026-05-25 11:50:00,12,534.21,-184.21,45.0,2.0,234.45,0.01,112.54,72.21,44.67
2026-05-25 11:55:00,12,534.21,-184.21,45.05,1.0,298.94,0.0,143.49,78.97,44.54
2026-05-25 12:00:00,12,534.21,-184.21,44.79,3.0,263.04,0.01,126.26,75.51,44.41
2026-05-25 12:05:00,12,534.21,-184.21,44.83,1.0,244.5,0.01,117.36,72.86,44.29
2026-05-25 12:10:00,12,534.21,-184.21,46.05,3.0,229.94,0.02,110.37,72.15,44.17
2026-05-25 12:15:00,12,534.21,-184.21,45.4,5.0,308.83,0.02,148.24,81.66,44.04
2026-05-25 12:20:00,12,534.21,-184.21,45.87,4.0,277.72,0.02,133.3,77.53,43.91
2026-05-25 12:25:00,12,534.21,-184.21,45.13,4.0,279.97,0.02,134.38,77.78,43.78
2026-05-25 12:30:00,12,534.21,-184.21,45.66,2.0,290.26,0.01,139.32,78.28,43.65
2026-05-25 12:35:00,12,534.21,-184.21,45.52,4.0,316.85,0.01,152.09,82.33,43.51
2026-05-25 12:40:00,12,534.21,-184.21,45.22,0.0,233.44,0.0,112.05,71.39,43.39
2026-05-25 12:45:00,12,534.21,-184.21,45.01,3.0,306.3,0.01,147.03,80.62,43.26
2026-05-25 12:50:00,12,534.21,-184.21,45.32,4.0,295.78,0.01,141.97,79.65,43.12
2026-05-25 12:55:00,12,534.21,-184.21,44.88,1.0,319.52,0.0,153.37,81.61,42.99
2026-05-25 13:00:00,12,534.21,-184.21,45.76,4.0,231.04,0.02,110.9,72.6,42.87
2026-05-25 13:05:00,12,534.21,-184.21,45.23,1.0,213.08,0.01,102.28,69.88,42.75
2026-05-25 13:10:00,12,534.21,-184.21,43.9,2.0,249.62,0.01,119.82,73.73,42.63
2026-05-25 13:15:00,12,534.21,-184.21,44.34,5.0,269.84,0.02,129.52,76.98,42.5
2026-05-25 13:20:00,12,534.21,-184.21,44.16,1.0,293.75,0.0,141.0,78.33,42.37
2026-05-25 13:25:00,12,534.21,-184.21,43.99,3.0,317.79,0.01,152.54,82.1,42.23
2026-05-25 13:30:00,12,534.21,-184.21,44.35,0.0,231.48,0.0,111.11,71.2,42.11
2026-05-25 13:35:00,12,534.21,-184.21,44.18,0.0,207.39,0.0,99.55,69.01,42.0
2026-05-25 13:40:00,12,534.21,-184.21,43.78,2.0,244.6,0.01,117.41,73.22,41.88
2026-05-25 13:45:00,12,534.21,-184.21,44.09,6.0,277.28,0.02,133.09,78.17,41.75
2026-05-25 13:50:00,12,534.21,-184.21,43.25,2.0,288.93,0.01,138.69,78.12,41.62
2026-05-25 13:55:00,12,534.21,-184.21,44.54,2.0,242.45,0.01,116.37,73.0,41.49
2026-05-25 14:00:00,12,534.21,-184.21,44.3,1.0,205.79,0.01,98.78,69.24,41.38
2026-05-25 14:05:00,12,534.21,-184.21,44.12,3.0,252.47,0.01,121.19,74.38,41.25
2026-05-25 14:10:00,12,534.21,-184.21,43.96,1.0,308.51,0.0,148.09,80.18,41.12
2026-05-25 14:15:00,12,534.21,-184.21,43.96,0.0,282.74,0.0,135.71,76.67,40.99
2026-05-25 14:20:00,12,534.21,-184.21,43.32,0.0,211.93,0.0,101.72,69.4,40.88
2026-05-25 14:25:00,12,534.21,-184.21,43.14,3.0,221.53,0.02,106.34,71.36,40.76
2026-05-25 14:30:00,12,534.21,-184.21,44.32,3.0,305.94,0.01,146.85,80.57,40.62
2026-05-25 14:35:00,12,534.21,-184.21,43.9,2.0,247.49,0.01,118.8,73.51,40.5
2026-05-25 14:40:00,12,534.21,-184.21,43.62,2.0,240.62,0.01,115.5,72.82,40.38
2026-05-25 14:45:00,12,534.21,-184.21,43.28,3.0,266.94,0.01,128.13,75.93,40.25
2026-05-25 14:50:00,12,534.21,-184.21,43.27,2.0,309.0,0.01,148.32,80.61,40.12
2026-05-25 14:55:00,12,534.21,-184.21,42.75,2.0,286.58,0.01,137.56,77.84,39.99
2026-05-25 15:00:00,12,534.21,-184.21,43.13,4.0,280.77,0.02,134.77,77.87,39.86
2026-05-25 15:05:00,12,534.21,-184.21,43.9,2.0,265.98,0.01,127.67,75.48,39.73
2026-05-25 15:10:00,12,534.21,-184.21,42.14,1.0,232.62,0.01,111.66,71.68,39.61
2026-05-25 15:15:00,12,534.21,-184.21,42.59,1.0,298.92,0.0,143.48,78.96,39.48
2026-05-25 15:20:00,12,534.21,-184.21,42.41,1.0,238.24,0.01,114.36,72.23,39.36
2026-05-25 15:25:00,12,534.21,-184.21,42.35,4.0,314.6,0.01,151.01,82.03,39.23
2026-05-25 15:30:00,12,534.21,-184.21,41.36,0.0,216.17,0.0,103.76,69.77,39.11
2026-05-25 15:35:00,12,534.21,-184.21,41.96,2.0,253.94,0.01,121.89,74.18,38.99
2026-05-25 15:40:00,12,534.21,-184.21,42.35,1.0,267.05,0.0,128.18,75.22,38.86
2026-05-25 15:45:00,12,534.21,-184.21,41.43,0.0,246.79,0.0,118.46,72.71,38.74
2026-05-25 15:50:00,12,534.21,-184.21,42.04,3.0,300.89,0.01,144.43,79.93,38.61
2026-05-25 15:55:00,12,534.21,-184.21,41.57,2.0,275.09,0.01,132.04,76.5,38.48
2026-05-25 16:00:00,12,534.21,-184.21,41.99,4.0,301.38,0.01,144.66,80.34,38.34
2026-05-25 16:05:00,12,534.21,-184.21,41.94,3.0,321.2,0.01,154.18,82.55,38.21
2026-05-25 16:10:00,12,534.21,-184.21,41.66,3.0,252.51,0.01,121.2,74.38,38.08
2026-05-25 16:15:00,12,534.21,-184.21,40.78,0.0,207.22,0.0,99.47,68.99,37.97
2026-05-25 16:20:00,12,534.21,-184.21,41.24,5.0,216.45,0.03,103.9,71.61,37.85
2026-05-25 16:25:00,12,534.21,-184.21,40.34,0.0,259.92,0.0,124.76,74.09,37.73
2026-05-25 16:30:00,12,534.21,-184.21,40.75,0.0,243.91,0.0,117.07,72.42,37.6
2026-05-25 16:35:00,12,534.21,-184.21,40.93,1.0,292.14,0.0,140.23,78.13,37.47
2026-05-25 16:40:00,12,534.21,-184.21,40.27,2.0,279.39,0.01,134.11,76.99,37.35
2026-05-25 16:45:00,12,534.21,-184.21,40.97,5.0,275.57,0.02,132.27,77.62,37.22
2026-05-25 16:50:00,12,534.21,-184.21,40.05,0.0,204.38,0.0,98.1,68.74,37.1
2026-05-25 16:55:00,12,534.21,-184.21,40.29,2.0,228.54,0.01,109.7,71.63,36.98
2026-05-25 17:00:00,12,534.21,-184.21,40.65,1.0,234.97,0.01,112.79,71.9,36.86
2026-05-25 17:05:00,12,534.21,-184.21,39.53,0.0,229.09,0.0,109.96,70.96,36.74
2026-05-25 17:10:00,12,534.21,-184.21,39.94,0.0,208.29,0.0,99.98,69.08,36.63
2026-05-25 17:15:00,12,534.21,-184.21,39.87,1.0,216.45,0.01,103.89,70.17,36.51
2026-05-25 17:20:00,12,534.21,-184.21,38.87,0.0,272.09,0.0,130.6,75.43,36.39
2026-05-25 17:25:00,12,534.21,-184.21,38.78,1.0,270.2,0.0,129.7,75.57,36.26
2026-05-25 17:30:00,12,534.21,-184.21,39.3,2.0,214.92,0.01,103.16,70.38,36.14
2026-05-25 17:35:00,12,534.21,-184.21,39.47,1.0,245.1,0.01,117.65,72.91,36.02
2026-05-25 17:40:00,12,534.21,-184.21,38.04,1.0,287.05,0.0,137.79,77.52,35.89
2026-05-25 17:45:00,12,534.21,-184.21,38.11,0.0,253.75,0.0,121.8,73.43,35.77
2026-05-25 17:50:00,12,534.21,-184.21,37.7,0.0,236.86,0.0,113.7,71.71,35.65
2026-05-25 17:55:00,12,534.21,-184.21,37.44,0.0,298.47,0.0,143.26,78.55,35.52
2026-05-25 18:00:00,12,534.21,-184.21,37.97,2.0,262.88,0.01,126.18,75.13,35.39
2026-05-25 18:05:00,12,534.21,-184.21,38.55,3.0,267.84,0.01,128.57,76.03,35.27
2026-05-25 18:10:00,12,534.21,-184.21,38.24,1.0,258.61,0.0,124.13,74.3,35.14
2026-05-25 18:15:00,12,534.21,-184.21,37.76,2.0,261.71,0.01,125.62,75.0,35.02
2026-05-25 18:20:00,12,534.21,-184.21,37.41,0.0,236.37,0.0,113.46,71.66,34.9
2026-05-25 18:25:00,12,534.21,-184.21,38.1,0.0,316.35,0.0,151.85,80.83,34.77
2026-05-25 18:30:00,12,534.21,-184.21,37.47,3.0,245.72,0.02,117.95,73.69,34.64
2026-05-25 18:35:00,12,534.21,-184.21,36.74,0.0,248.51,0.0,119.29,72.88,34.52
2026-05-25 18:40:00,12,534.21,-184.21,37.14,2.0,309.47,0.01,148.54,80.65,34.39
2026-05-25 18:45:00,12,534.21,-184.21,36.35,1.0,289.18,0.0,138.81,77.77,34.26
2026-05-25 18:50:00,12,534.21,-184.21,35.44,0.0,201.39,0.0,96.67,68.48,34.14
2026-05-25 18:55:00,12,534.21,-184.21,36.54,0.0,310.35,0.0,148.97,80.05,34.01
2026-05-25 19:00:00,12,534.21,-184.21,35.49,1.0,225.37,0.01,108.18,70.98,33.89
2026-05-25 19:05:00,12,534.21,-184.21,35.94,0.0,298.1,0.0,143.09,78.5,33.76
2026-05-25 19:10:00,12,534.21,-184.21,36.99,1.0,284.38,0.0,136.5,77.19,33.63
2026-05-25 19:15:00,12,534.21,-184.21,35.36,0.0,263.48,0.0,126.47,74.47,33.51
2026-05-25 19:20:00,12,534.21,-184.21,35.42,1.0,293.55,0.0,140.9,78.29,33.38
2026-05-25 19:25:00,12,534.21,-184.21,35.09,0.0,239.6,0.0,115.01,71.98,33.26
2026-05-25 19:30:00,12,534.21,-184.21,35.79,0.0,312.93,0.0,150.21,80.38,33.12
2026-05-25 19:35:00,12,534.21,-184.21,35.54,1.0,323.56,0.0,155.31,82.13,32.99
2026-05-25 19:40:00,12,534.21,-184.21,34.77,0.0,253.41,0.0,121.64,73.39,32.86
2026-05-25 19:45:00,12,534.21,-184.21,34.86,1.0,238.81,0.01,114.63,72.27,32.74
2026-05-25 19:50:00,12,534.21,-184.21,33.8,0.0,264.75,0.0,127.08,74.6,32.62
2026-05-25 19:55:00,12,534.21,-184.21,35.2,2.0,303.3,0.01,145.58,79.87,32.49
2026-05-25 20:00:00,12,534.21,-184.21,34.66,0.0,237.16,0.0,113.84,71.73,32.37
2026-05-25 20:05:00,12,534.21,-184.21,33.61,2.0,259.57,0.01,124.59,74.76,32.24
2026-05-25 20:10:00,12,534.21,-184.21,35.69,0.0,262.39,0.0,125.95,74.35,32.12
2026-05-25 20:15:00,12,534.21,-184.21,32.69,1.0,291.62,0.0,139.98,78.05,31.99
2026-05-25 20:20:00,12,534.21,-184.21,34.82,1.0,306.14,0.0,146.95,79.86,31.85
2026-05-25 20:25:00,12,534.21,-184.21,34.16,0.0,234.6,0.0,112.61,71.48,31.74
2026-05-25 20:30:00,12,534.21,-184.21,33.76,0.0,200.63,0.0,96.3,68.42,31.62
2026-05-25 20:35:00,12,534.21,-184.21,33.91,3.0,207.58,0.02,99.64,70.1,31.5
2026-05-25 20:40:00,12,534.21,-184.21,33.51,1.0,315.26,0.0,151.33,81.03,31.37
2026-05-25 20:45:00,12,534.21,-184.21,33.98,0.0,230.12,0.0,110.46,71.05,31.25
2026-05-25 20:50:00,12,534.21,-184.21,33.04,0.0,249.98,0.0,119.99,73.03,31.13
2026-05-25 20:55:00,12,534.21,-184.21,33.48,0.0,203.6,0.0,97.73,68.67,31.01
2026-05-25 21:00:00,12,534.21,-184.21,33.35,0.0,296.08,0.0,142.12,78.25,30.88
2026-05-25 21:05:00,12,534.21,-184.21,33.75,0.0,295.96,0.0,142.06,78.23,30.75
2026-05-25 21:10:00,12,534.21,-184.21,33.14,0.0,272.69,0.0,130.89,75.49,30.63
2026-05-25 21:15:00,12,534.21,-184.21,33.03,1.0,212.68,0.01,102.09,69.82,30.51
2026-05-25 21:20:00,12,534.21,-184.21,32.8,0.0,233.2,0.0,111.94,71.35,30.39
2026-05-25 21:25:00,12,534.21,-184.21,32.68,0.0,255.19,0.0,122.49,73.57,30.27
2026-05-25 21:30:00,12,534.21,-184.21,32.01,1.0,301.01,0.0,144.48,79.2,30.14
2026-05-25 21:35:00,12,534.21,-184.21,32.35,1.0,324.83,0.0,155.92,82.3,30.0
2026-05-25 21:40:00,12,534.21,-184.21,31.58,0.0,216.73,0.0,104.03,69.81,29.88
2026-05-25 21:45:00,12,534.21,-184.21,31.94,1.0,277.8,0.0,133.35,76.42,29.76
2026-05-25 21:50:00,12,534.21,-184.21,31.6,3.0,247.29,0.02,118.7,73.84,29.63
2026-05-25 21:55:00,12,534.21,-184.21,32.53,3.0,317.36,0.01,152.33,82.02,29.5
2026-05-25 22:00:00,12,534.21,-184.21,32.34,2.0,263.91,0.01,126.68,75.23,29.37
2026-05-25 22:05:00,12,534.21,-184.21,31.51,2.0,223.56,0.01,107.31,71.15,29.25
2026-05-25 22:10:00,12,534.21,-184.21,31.99,0.0,294.81,0.0,141.51,78.09,29.12
2026-05-25 22:15:00,12,534.21,-184.21,31.88,1.0,244.08,0.01,117.16,72.79,29.0
2026-05-25 22:20:00,12,534.21,-184.21,30.69,1.0,292.49,0.0,140.39,78.15,28.87
2026-05-25 22:25:00,12,534.21,-184.21,30.47,2.0,212.7,0.01,102.1,70.17,28.76
2026-05-25 22:30:00,12,534.21,-184.21,32.08,1.0,219.69,0.01,105.45,70.44,28.64
2026-05-25 22:35:00,12,534.21,-184.21,31.58,3.0,249.09,0.02,119.56,74.02,28.51
2026-05-25 22:40:00,12,534.21,-184.21,31.06,1.0,273.67,0.0,131.36,75.95,28.39
2026-05-25 22:45:00,12,534.21,-184.21,31.45,1.0,238.31,0.01,114.39,72.21,28.27
2026-05-25 22:50:00,12,534.21,-184.21,31.51,1.0,287.17,0.0,137.84,77.52,28.14
2026-05-25 22:55:00,12,534.21,-184.21,30.13,0.0,266.98,0.0,128.15,74.84,28.01
2026-05-25 23:00:00,12,534.21,-184.21,31.22,0.0,249.6,0.0,119.81,72.98,27.89
2026-05-25 23:05:00,12,534.21,-184.21,30.61,4.0,274.4,0.02,131.71,77.12,27.76
2026-05-25 23:10:00,12,534.21,-184.21,30.8,2.0,282.29,0.01,135.5,77.31,27.63
2026-05-25 23:15:00,12,534.21,-184.21,30.42,1.0,271.2,0.0,130.18,75.67,27.51
2026-05-25 23:20:00,12,534.21,-184.21,31.29,4.0,238.6,0.02,114.53,73.31,27.39
2026-05-25 23:25:00,12,534.21,-184.21,30.38,1.0,290.82,0.0,139.6,77.95,27.26
2026-05-25 23:30:00,12,534.21,-184.21,31.25,3.0,274.79,0.01,131.9,76.79,27.13
2026-05-25 23:35:00,12,534.21,-184.21,31.15,2.0,232.4,0.01,111.55,71.98,27.01
2026-05-25 23:40:00,12,534.21,-184.21,30.66,2.0,274.44,0.01,131.73,76.4,26.88
2026-05-25 23:45:00,12,534.21,-184.21,30.45,2.0,219.42,0.01,105.32,70.77,26.76
2026-05-25 23:50:00,12,534.21,-184.21,31.15,3.0,324.21,0.01,155.62,82.93,26.62
2026-05-25 23:55:00,12,534.21,-184.21,31.87,0.0,261.52,0.0,125.53,74.25,26.5
2026-05-26 00:00:00,12,534.21,-184.21,31.72,1.0,315.15,0.0,151.27,81.01,26.37
2026-05-26 00:05:00,12,534.21,-184.21,31.05,1.0,262.24,0.0,125.87,74.67,26.24
2026-05-26 00:10:00,12,534.21,-184.21,31.36,2.0,294.62,0.01,141.42,78.79,26.11
2026-05-26 00:15:00,12,534.21,-184.21,31.23,2.0,220.64,0.01,105.91,70.88,25.99
2026-05-26 00:20:00,12,534.21,-184.21,31.27,0.0,205.76,0.0,98.77,68.85,25.88
2026-05-26 00:25:00,12,534.21,-184.21,30.67,3.0,267.05,0.01,128.18,75.92,25.75
2026-05-26 00:30:00,12,534.21,-184.21,31.62,1.0,258.57,0.0,124.11,74.28,25.63
2026-05-26 00:35:00,12,534.21,-184.21,31.27,3.0,209.94,0.02,100.77,70.29,25.51
2026-05-26 00:40:00,12,534.21,-184.21,30.94,3.0,289.74,0.01,139.07,78.54,25.38
2026-05-26 00:45:00,12,534.21,-184.21,32.11,1.0,255.95,0.0,122.86,74.0,25.26
2026-05-26 00:50:00,12,534.21,-184.21,30.66,4.0,219.47,0.03,105.35,71.51,25.14
2026-05-26 00:55:00,12,534.21,-184.21,31.26,1.0,301.96,0.0,144.94,79.32,25.0
2026-05-26 01:00:00,12,534.21,-184.21,31.02,1.0,322.54,0.0,154.82,81.99,24.87
2026-05-26 01:05:00,12,534.21,-184.21,31.27,1.0,202.16,0.01,97.04,68.91,24.75
2026-05-26 01:10:00,12,534.21,-184.21,31.31,3.0,313.33,0.01,150.4,81.49,24.62
2026-05-26 01:15:00,12,534.21,-184.21,30.9,1.0,279.57,0.0,134.19,76.62,24.49
2026-05-26 01:20:00,12,534.21,-184.21,31.91,2.0,240.11,0.01,115.25,72.74,24.37
2026-05-26 01:25:00,12,534.21,-184.21,31.19,2.0,315.79,0.01,151.58,81.46,24.23
2026-05-26 01:30:00,12,534.21,-184.21,31.69,4.0,255.06,0.02,122.43,75.0,24.11
2026-05-26 01:35:00,12,534.21,-184.21,31.64,3.0,237.56,0.02,114.03,72.86,23.99
2026-05-26 01:40:00,12,534.21,-184.21,32.01,4.0,232.02,0.02,111.37,72.67,23.86
2026-05-26 01:45:00,12,534.21,-184.21,31.28,2.0,230.83,0.01,110.8,71.83,23.74
2026-05-26 01:50:00,12,534.21,-184.21,31.36,4.0,314.5,0.01,150.96,82.0,23.61
2026-05-26 01:55:00,12,534.21,-184.21,32.21,1.0,247.47,0.01,118.79,73.14,23.49
2026-05-26 02:00:00,12,534.21,-184.21,31.53,2.0,312.84,0.01,150.16,81.08,23.35
2026-05-26 02:05:00,12,534.21,-184.21,32.12,4.0,324.33,0.01,155.68,83.3,23.21
2026-05-26 02:10:00,12,534.21,-184.21,31.88,3.0,278.56,0.01,133.71,77.23,23.08
2026-05-26 02:15:00,12,534.21,-184.21,32.01,7.0,263.46,0.03,126.46,76.97,22.96
2026-05-26 02:20:00,12,534.21,-184.21,32.6,2.0,300.36,0.01,144.17,79.49,22.82
2026-05-26 02:25:00,12,534.21,-184.21,33.21,2.0,298.16,0.01,143.12,79.22,22.69
2026-05-26 02:30:00,12,534.21,-184.21,32.62,4.0,266.2,0.02,127.77,76.2,22.56
2026-05-26 02:35:00,12,534.21,-184.21,31.92,2.0,264.15,0.01,126.79,75.25,22.44
2026-05-26 02:40:00,12,534.21,-184.21,33.22,1.0,303.32,0.0,145.6,79.5,22.31
2026-05-26 02:45:00,12,534.21,-184.21,32.93,3.0,258.57,0.01,124.12,75.0,22.18
2026-05-26 02:50:00,12,534.21,-184.21,34.32,4.0,311.32,0.01,149.43,81.59,22.05
2026-05-26 02:55:00,12,534.21,-184.21,32.08,2.0,217.42,0.01,104.36,70.59,21.93
2026-05-26 03:00:00,12,534.21,-184.21,32.82,5.0,320.94,0.02,154.05,83.22,21.79
2026-05-26 03:05:00,12,534.21,-184.21,32.86,0.0,221.27,0.0,106.21,70.22,21.67
2026-05-26 03:10:00,12,534.21,-184.21,33.59,2.0,217.91,0.01,104.6,70.64,21.55
2026-05-26 03:15:00,12,534.21,-184.21,34.01,6.0,322.42,0.02,154.76,83.77,21.41
2026-05-26 03:20:00,12,534.21,-184.21,33.45,1.0,245.6,0.01,117.89,72.95,21.29
2026-05-26 03:25:00,12,534.21,-184.21,33.36,1.0,239.46,0.01,114.94,72.33,21.17
2026-05-26 03:30:00,12,534.21,-184.21,33.65,3.0,236.53,0.02,113.53,72.76,21.05
2026-05-26 03:35:00,12,534.21,-184.21,33.67,0.0,249.2,0.0,119.62,72.95,20.93
2026-05-26 03:40:00,12,534.21,-184.21,34.63,1.0,260.15,0.0,124.87,74.45,20.81
2026-05-26 03:45:00,12,534.21,-184.21,33.61,3.0,285.01,0.01,136.8,77.98,20.68
2026-05-26 03:50:00,12,534.21,-184.21,34.36,4.0,281.79,0.02,135.26,77.98,20.55
2026-05-26 03:55:00,12,534.21,-184.21,33.79,3.0,322.26,0.01,154.68,82.67,20.41
2026-05-26 04:00:00,12,534.21,-184.21,33.94,2.0,244.12,0.01,117.18,73.15,20.29
2026-05-26 04:05:00,12,534.21,-184.21,34.58,6.0,296.96,0.02,142.54,80.5,20.15
2026-05-26 04:10:00,12,534.21,-184.21,34.2,2.0,233.11,0.01,111.9,72.06,20.03
2026-05-26 04:15:00,12,534.21,-184.21,34.09,0.0,293.54,0.0,140.9,77.94,19.9
2026-05-26 04:20:00,12,534.21,-184.21,34.58,1.0,289.15,0.0,138.79,77.76,19.77
2026-05-26 04:25:00,12,534.21,-184.21,35.5,4.0,276.14,0.02,132.55,77.33,19.64
2026-05-26 04:30:00,12,534.21,-184.21,35.79,2.0,212.78,0.01,102.14,70.18,19.53
2026-05-26 04:35:00,12,534.21,-184.21,36.27,1.0,245.22,0.01,117.7,72.91,19.4
2026-05-26 04:40:00,12,534.21,-184.21,35.81,4.0,314.61,0.01,151.01,82.02,19.27
2026-05-26 04:45:00,12,534.21,-184.21,35.85,2.0,320.46,0.01,153.82,82.09,19.13
2026-05-26 04:50:00,12,534.21,-184.21,35.51,3.0,228.57,0.02,109.71,72.0,19.01
2026-05-26 04:55:00,12,534.21,-184.21,36.24,1.0,307.27,0.0,147.49,80.0,18.88
2026-05-26 05:00:00,12,534.21,-184.21,36.95,2.0,280.1,0.01,134.45,77.06,18.75
2026-05-26 05:05:00,12,534.21,-184.21,35.98,2.0,258.23,0.01,123.95,74.62,18.62
2026-05-26 05:10:00,12,534.21,-184.21,36.03,1.0,246.8,0.01,118.47,73.08,18.5
2026-05-26 05:15:00,12,534.21,-184.21,36.83,1.0,302.32,0.0,145.11,79.38,18.37
2026-05-26 05:20:00,12,534.21,-184.21,37.0,1.0,266.03,0.0,127.69,75.1,18.25
2026-05-26 05:25:00,12,534.21,-184.21,35.95,2.0,286.46,0.01,137.5,77.81,18.12
2026-05-26 05:30:00,12,534.21,-184.21,36.72,0.0,214.97,0.0,103.18,69.66,18.0
2026-05-26 05:35:00,12,534.21,-184.21,36.74,2.0,251.13,0.01,120.54,73.87,17.88
2026-05-26 05:40:00,12,534.21,-184.21,37.81,0.0,238.17,0.0,114.32,71.84,17.76
2026-05-26 05:45:00,12,534.21,-184.21,36.54,0.0,293.47,0.0,140.87,77.93,17.63
2026-05-26 05:50:00,12,534.21,-184.21,37.6,2.0,235.38,0.01,112.98,72.28,17.51
2026-05-26 05:55:00,12,534.21,-184.21,37.62,0.0,307.94,0.0,147.81,79.74,17.37
2026-05-26 06:00:00,12,534.21,-184.21,37.92,0.0,287.54,0.0,138.02,77.22,17.24
2026-05-26 06:05:00,12,534.21,-184.21,37.69,1.0,218.84,0.01,105.04,70.38,17.13
2026-05-26 06:10:00,12,534.21,-184.21,37.84,1.0,293.79,0.0,141.02,78.33,17.0
2026-05-26 06:15:00,12,534.21,-184.21,39.77,0.0,280.25,0.0,134.52,76.37,16.87
2026-05-26 06:20:00,12,534.21,-184.21,38.6,2.0,297.17,0.01,142.64,79.11,16.74
2026-05-26 06:25:00,12,534.21,-184.21,38.83,0.0,253.0,0.0,121.44,73.35,16.62
2026-05-26 06:30:00,12,534.21,-184.21,39.02,0.0,271.55,0.0,130.34,75.37,16.49
2026-05-26 06:35:00,12,534.21,-184.21,39.55,0.0,236.9,0.0,113.71,71.72,16.37
2026-05-26 06:40:00,12,534.21,-184.21,39.71,0.0,279.97,0.0,134.39,76.34,16.24
2026-05-26 06:45:00,12,534.21,-184.21,39.37,2.0,282.32,0.01,135.51,77.33,16.11
2026-05-26 06:50:00,12,534.21,-184.21,39.85,1.0,209.44,0.01,100.53,69.55,16.0
2026-05-26 06:55:00,12,534.21,-184.21,39.14,0.0,207.82,0.0,99.75,69.03,15.88
2026-05-26 07:00:00,12,534.21,-184.21,39.33,1.0,207.34,0.01,99.52,69.36,15.77
2026-05-26 07:05:00,12,534.21,-184.21,39.87,0.0,268.43,0.0,128.85,75.02,15.64
2026-05-26 07:10:00,12,534.21,-184.21,40.35,1.0,282.37,0.0,135.54,76.97,15.51
2026-05-26 07:15:00,12,534.21,-184.21,40.97,1.0,297.34,0.0,142.72,78.77,15.38
2026-05-26 07:20:00,12,534.21,-184.21,41.03,0.0,244.91,0.0,117.56,72.52,15.26
2026-05-26 07:25:00,12,534.21,-184.21,39.98,0.0,307.28,0.0,147.5,79.66,15.13
2026-05-26 07:30:00,12,534.21,-184.21,40.53,2.0,283.46,0.01,136.06,77.46,15.0
2026-05-26 07:35:00,12,534.21,-184.21,39.96,0.0,266.24,0.0,127.8,74.78,14.88
2026-05-26 07:40:00,12,534.21,-184.21,40.87,2.0,307.51,0.01,147.61,80.41,14.74
2026-05-26 07:45:00,12,534.21,-184.21,41.25,1.0,246.63,0.01,118.38,73.07,14.62
2026-05-26 07:50:00,12,534.21,-184.21,40.24,0.0,323.15,0.0,155.11,81.74,14.48
2026-05-26 07:55:00,12,534.21,-184.21,41.05,1.0,200.45,0.01,96.21,68.78,14.37
2026-05-26 08:00:00,12,534.21,-184.21,41.18,1.0,264.19,0.0,126.81,74.91,14.24
2026-05-26 08:05:00,12,534.21,-184.21,41.15,1.0,291.07,0.0,139.72,78.0,14.11
2026-05-26 08:10:00,12,534.21,-184.21,42.23,0.0,227.54,0.0,109.22,70.82,14.0
2026-05-26 08:15:00,12,534.21,-184.21,41.95,0.0,269.59,0.0,129.4,75.16,13.87
2026-05-26 08:20:00,12,534.21,-184.21,41.52,0.0,306.8,0.0,147.26,79.6,13.74
2026-05-26 08:25:00,12,534.21,-184.21,42.18,1.0,299.58,0.0,143.8,79.05,13.61
2026-05-26 08:30:00,12,534.21,-184.21,41.73,1.0,254.31,0.0,122.07,73.85,13.48
2026-05-26 08:35:00,12,534.21,-184.21,42.33,0.0,295.09,0.0,141.64,78.14,13.35
2026-05-26 08:40:00,12,534.21,-184.21,43.31,0.0,228.51,0.0,109.68,70.92,13.24
2026-05-26 08:45:00,12,534.21,-184.21,42.73,2.0,218.77,0.01,105.01,70.73,13.12
2026-05-26 08:50:00,12,534.21,-184.21,42.93,0.0,208.64,0.0,100.14,69.11,13.0
2026-05-26 08:55:00,12,534.21,-184.21,42.8,1.0,235.62,0.01,113.1,71.97,12.88
2026-05-26 09:00:00,12,534.21,-184.21,43.08,0.0,264.63,0.0,127.02,74.61,12.76
2026-05-26 09:05:00,12,534.21,-184.21,43.0,3.0,268.87,0.01,129.06,76.15,12.63
2026-05-26 09:10:00,12,534.21,-184.21,43.04,1.0,252.78,0.0,121.34,73.69,12.51
2026-05-26 09:15:00,12,534.21,-184.21,42.65,0.0,323.67,0.0,155.36,81.81,12.37
2026-05-26 09:20:00,12,534.21,-184.21,43.77,0.0,219.71,0.0,105.46,70.1,12.25
2026-05-26 09:25:00,12,534.21,-184.21,42.84,2.0,274.1,0.01,131.57,76.39,12.13
2026-05-26 09:30:00,12,534.21,-184.21,43.68,1.0,212.34,0.01,101.92,69.81,12.01
2026-05-26 09:35:00,12,534.21,-184.21,43.65,2.0,265.13,0.01,127.26,75.38,11.89
2026-05-26 09:40:00,12,534.21,-184.21,43.75,1.0,269.56,0.0,129.39,75.51,11.76
2026-05-26 09:45:00,12,534.21,-184.21,43.91,2.0,299.96,0.01,143.98,79.47,11.63
2026-05-26 09:50:00,12,534.21,-184.21,44.0,0.0,257.5,0.0,123.6,73.84,11.5
2026-05-26 09:55:00,12,534.21,-184.21,43.9,2.0,304.71,0.01,146.26,80.06,11.37
2026-05-26 10:00:00,12,534.21,-184.21,43.81,1.0,205.85,0.01,98.81,69.25,11.26
2026-05-26 10:05:00,12,534.21,-184.21,44.16,0.0,294.13,0.0,141.18,78.03,11.13
2026-05-26 10:10:00,12,534.21,-184.21,43.84,2.0,203.73,0.02,97.79,69.44,11.01
2026-05-26 10:15:00,12,534.21,-184.21,44.15,0.0,219.21,0.0,105.22,70.05,10.89
2026-05-26 10:20:00,12,534.21,-184.21,45.01,2.0,303.38,0.01,145.62,79.9,10.76
2026-05-26 10:25:00,12,534.21,-184.21,43.99,1.0,318.18,0.0,152.73,81.43,10.62
2026-05-26 10:30:00,12,534.21,-184.21,44.76,1.0,300.34,0.0,144.17,79.15,10.49
2026-05-26 10:35:00,12,534.21,-184.21,45.12,2.0,283.91,0.01,136.28,77.53,10.36
2026-05-26 10:40:00,12,534.21,-184.21,44.84,1.0,309.96,0.0,148.78,80.36,10.23
2026-05-26 10:45:00,12,534.21,-184.21,43.46,2.0,206.34,0.01,99.05,69.64,10.11
2026-05-26 10:50:00,12,534.21,-184.21,44.86,1.0,323.05,0.0,155.07,82.08,9.98
2026-05-26 10:55:00,12,534.21,-184.21,44.72,1.0,309.11,0.0,148.37,80.25,9.84
2026-05-26 11:00:00,12,534.21,-184.21,44.45,2.0,279.3,0.01,134.06,76.99,9.71
2026-05-26 11:05:00,12,534.21,-184.21,44.78,2.0,233.57,0.01,112.11,72.12,9.59
2026-05-26 11:10:00,12,534.21,-184.21,43.87,2.0,274.1,0.01,131.57,76.39,9.47
2026-05-26 11:15:00,12,534.21,-184.21,44.26,2.0,213.32,0.01,102.39,70.25,9.35
2026-05-26 11:20:00,12,534.21,-184.21,44.86,3.0,212.17,0.02,101.84,70.52,9.23
2026-05-26 11:25:00,12,534.21,-184.21,44.62,2.0,219.33,0.01,105.28,70.79,9.11
2026-05-26 11:30:00,12,534.21,-184.21,43.83,2.0,287.28,0.01,137.9,77.92,8.98
2026-05-26 11:35:00,12,534.21,-184.21,45.52,5.0,297.19,0.02,142.65,80.2,8.85
2026-05-26 11:40:00,12,534.21,-184.21,43.9,3.0,320.33,0.01,153.76,82.44,8.71
2026-05-26 11:45:00,12,534.21,-184.21,44.58,3.0,242.29,0.02,116.3,73.35,8.59
2026-05-26 11:50:00,12,534.21,-184.21,45.48,0.0,264.06,0.0,126.75,74.55,8.47
2026-05-26 11:55:00,12,534.21,-184.21,45.12,0.0,227.59,0.0,109.24,70.83,8.35
2026-05-26 12:00:00,12,534.21,-184.21,45.14,3.0,275.18,0.01,132.09,76.87,8.22
2026-05-26 12:05:00,12,534.21,-184.21,44.62,2.0,217.95,0.01,104.62,70.66,8.1
2026-05-26 12:10:00,12,534.21,-184.21,44.27,1.0,259.0,0.0,124.32,74.35,7.98
2026-05-26 12:15:00,12,534.21,-184.21,45.34,1.0,264.19,0.0,126.81,74.92,7.85
2026-05-26 12:20:00,12,534.21,-184.21,44.27,4.0,236.55,0.02,113.54,73.13,7.73
2026-05-26 12:25:00,12,534.21,-184.21,44.77,5.0,295.19,0.02,141.69,79.95,7.6
2026-05-26 12:30:00,12,534.21,-184.21,45.0,4.0,291.66,0.01,140.0,79.15,7.47
2026-05-26 12:35:00,12,534.21,-184.21,44.93,0.0,246.04,0.0,118.1,72.65,7.35
2026-05-26 12:40:00,12,534.21,-184.21,44.62,2.0,291.99,0.01,140.15,78.49,7.21
2026-05-26 12:45:00,12,534.21,-184.21,44.68,4.0,300.19,0.01,144.09,80.2,7.08
2026-05-26 12:50:00,12,534.21,-184.21,44.92,1.0,278.13,0.0,133.5,76.48,6.95
2026-05-26 12:55:00,12,534.21,-184.21,44.23,2.0,302.72,0.01,145.31,79.81,6.82
2026-05-26 13:00:00,12,534.21,-184.21,44.9,0.0,261.71,0.0,125.62,74.29,6.7
2026-05-26 13:05:00,12,534.21,-184.21,44.99,1.0,301.46,0.0,144.7,79.29,6.56
2026-05-26 13:10:00,12,534.21,-184.21,44.71,5.0,297.56,0.02,142.83,80.24,6.43
2026-05-26 13:15:00,12,534.21,-184.21,46.12,2.0,285.05,0.01,136.82,77.66,6.3
2026-05-26 13:20:00,12,534.21,-184.21,44.47,2.0,274.67,0.01,131.84,76.45,6.17
2026-05-26 13:25:00,12,534.21,-184.21,44.48,3.0,277.83,0.01,133.36,77.17,6.05
2026-05-26 13:30:00,12,534.21,-184.21,45.15,0.0,265.92,0.0,127.64,74.76,5.92
2026-05-26 13:35:00,12,534.21,-184.21,45.39,6.0,293.46,0.02,140.86,80.09,5.79
2026-05-26 13:40:00,12,534.21,-184.21,44.75,4.0,269.34,0.02,129.28,76.57,5.66
2026-05-26 13:45:00,12,534.21,-184.21,44.72,1.0,203.43,0.01,97.65,69.04,5.54
2026-05-26 13:50:00,12,534.21,-184.21,45.07,2.0,318.65,0.01,152.95,81.87,5.41
2026-05-26 13:55:00,12,534.21,-184.21,43.74,2.0,225.04,0.01,108.02,71.31,5.29
2026-05-26 14:00:00,12,534.21,-184.21,43.38,1.0,205.0,0.01,98.4,69.17,5.17
2026-05-26 14:05:00,12,534.21,-184.21,44.08,7.0,306.24,0.02,147.0,82.03,5.04
2026-05-26 14:10:00,12,534.21,-184.21,44.4,0.0,224.82,0.0,107.91,70.57,4.92
2026-05-26 14:15:00,12,534.21,-184.21,43.94,0.0,278.13,0.0,133.5,76.13,4.79
2026-05-26 14:20:00,12,534.21,-184.21,44.03,3.0,213.32,0.02,102.39,70.62,4.68
2026-05-26 14:25:00,12,534.21,-184.21,43.23,6.0,297.48,0.02,142.79,80.58,4.54
2026-05-26 14:30:00,12,534.21,-184.21,43.21,6.0,304.69,0.02,146.25,81.48,4.41
2026-05-26 14:35:00,12,534.21,-184.21,43.18,1.0,200.07,0.01,96.03,68.76,4.29
2026-05-26 14:40:00,12,534.21,-184.21,43.57,1.0,291.45,0.0,139.9,78.05,4.16
2026-05-26 14:45:00,12,534.21,-184.21,43.27,2.0,225.24,0.01,108.11,71.33,4.04
2026-05-26 14:50:00,12,534.21,-184.21,42.75,0.0,217.46,0.0,104.38,69.89,3.92
2026-05-26 14:55:00,12,534.21,-184.21,43.49,2.0,208.05,0.01,99.86,69.78,3.81
2026-05-26 15:00:00,12,534.21,-184.21,43.28,2.0,321.78,0.01,154.45,82.28,3.67
2026-05-26 15:05:00,12,534.21,-184.21,42.16,2.0,265.79,0.01,127.58,75.46,3.55
2026-05-26 15:10:00,12,534.21,-184.21,42.82,3.0,238.75,0.02,114.6,73.0,3.42
2026-05-26 15:15:00,12,534.21,-184.21,43.27,0.0,267.41,0.0,128.36,74.92,3.3
2026-05-26 15:20:00,12,534.21,-184.21,43.24,2.0,320.53,0.01,153.85,82.11,3.16
2026-05-26 15:25:00,12,534.21,-184.21,42.88,0.0,200.43,0.0,96.2,68.42,3.05
2026-05-26 15:30:00,12,534.21,-184.21,42.52,2.0,254.73,0.01,122.27,74.26,2.92
2026-05-26 15:35:00,12,534.21,-184.21,41.69,3.0,231.4,0.02,111.07,72.28,2.8
2026-05-26 15:40:00,12,534.21,-184.21,42.26,2.0,208.15,0.01,99.91,69.79,2.69
2026-05-26 15:45:00,12,534.21,-184.21,41.47,2.0,257.08,0.01,123.4,74.51,2.56
2026-05-26 15:50:00,12,534.21,-184.21,41.92,2.0,324.32,0.01,155.67,82.62,2.43
2026-05-26 15:55:00,12,534.21,-184.21,42.14,10.0,263.68,0.05,126.56,78.1,2.3
2026-05-26 16:00:00,12,534.21,-184.21,40.86,3.0,296.17,0.01,142.16,79.34,2.16
2026-05-26 16:05:00,12,534.21,-184.21,41.12,3.0,226.64,0.02,108.79,71.83,2.04
2026-05-26 16:10:00,12,534.21,-184.21,41.11,1.0,263.66,0.0,126.55,74.85,1.92
2026-05-26 16:15:00,12,534.21,-184.21,41.31,1.0,307.96,0.0,147.82,80.1,1.79
2026-05-26 16:20:00,12,534.21,-184.21,41.47,2.0,321.76,0.01,154.44,82.27,1.65
2026-05-26 16:25:00,12,534.21,-184.21,40.73,4.0,321.18,0.01,154.17,82.89,1.51
2026-05-26 16:30:00,12,534.21,-184.21,40.89,3.0,233.9,0.02,112.27,72.52,1.39
2026-05-26 16:35:00,12,534.21,-184.21,40.46,4.0,299.73,0.01,143.87,80.13,1.26
2026-05-26 16:40:00,12,534.21,-184.21,40.09,1.0,203.69,0.01,97.77,69.05,1.14
2026-05-26 16:45:00,12,534.21,-184.21,39.85,0.0,274.74,0.0,131.87,75.73,1.01
2026-05-26 16:50:00,12,534.21,-184.21,39.89,3.0,308.95,0.01,148.3,80.94,0.88
2026-05-26 16:55:00,12,534.21,-184.21,40.42,2.0,222.44,0.01,106.77,71.06,0.76
2026-05-26 17:00:00,12,534.21,-184.21,39.63,2.0,268.52,0.01,128.89,75.75,0.64
2026-05-26 17:05:00,12,534.21,-184.21,40.34,1.0,286.44,0.0,137.49,77.45,0.51
2026-05-26 17:10:00,12,534.21,-184.21,38.76,2.0,276.41,0.01,132.68,76.64,0.38
2026-05-26 17:15:00,12,534.21,-184.21,38.75,0.0,237.88,0.0,114.18,71.81,0.26
2026-05-26 17:20:00,12,534.21,-184.21,39.72,1.0,267.13,0.0,128.22,75.23,0.13
2026-05-26 17:25:00,12,534.21,-184.21,39.18,3.0,303.93,0.01,145.89,80.31,0.0
2026-05-26 17:30:00,12,534.21,-184.21,38.71,0.0,206.07,0.0,98.91,68.88,0.0
2026-05-26 17:35:00,12,534.21,-184.21,38.25,2.0,309.89,0.01,148.75,80.71,0.0
2026-05-26 17:40:00,12,534.21,-184.21,38.29,2.0,263.04,0.01,126.26,75.15,0.0
2026-05-26 17:45:00,12,534.21,-184.21,39.3,1.0,314.79,0.0,151.1,80.98,0.0
2026-05-26 17:50:00,12,534.21,-184.21,39.0,2.0,247.9,0.01,118.99,73.54,0.0
2026-05-26 17:55:00,12,534.21,-184.21,38.88,1.0,219.27,0.01,105.25,70.42,0.0
2026-05-26 18:00:00,12,534.21,-184.21,37.61,1.0,239.14,0.01,114.79,72.31,0.0
2026-05-26 18:05:00,12,534.21,-184.21,37.47,0.0,295.78,0.0,141.97,78.22,0.0
2026-05-26 18:10:00,12,534.21,-184.21,37.02,0.0,314.41,0.0,150.92,80.57,0.0
2026-05-26 18:15:00,12,534.21,-184.21,36.75,1.0,322.34,0.0,154.72,81.97,0.0
2026-05-26 18:20:00,12,534.21,-184.21,37.72,0.0,287.32,0.0,137.91,77.19,0.0
2026-05-26 18:25:00,12,534.21,-184.21,37.29,1.0,219.33,0.01,105.28,70.42,0.0
2026-05-26 18:30:00,12,534.21,-184.21,37.26,1.0,239.13,0.01,114.78,72.3,0.0
2026-05-26 18:35:00,12,534.21,-184.21,36.74,0.0,269.49,0.0,129.35,75.13,0.0
2026-05-26 18:40:00,12,534.21,-184.21,36.89,0.0,276.95,0.0,132.93,75.98,0.0
2026-05-26 18:45:00,12,534.21,-184.21,37.62,0.0,278.53,0.0,133.69,76.16,0.0
2026-05-26 18:50:00,12,534.21,-184.21,37.0,0.0,214.59,0.0,103.0,69.62,0.0
2026-05-26 18:55:00,12,534.21,-184.21,36.46,1.0,235.65,0.01,113.11,71.96,0.0
2026-05-26 19:00:00,12,534.21,-184.21,35.78,0.0,318.02,0.0,152.65,81.05,0.0
2026-05-26 19:05:00,12,534.21,-184.21,35.99,0.0,225.46,0.0,108.22,70.61,0.0
2026-05-26 19:10:00,12,534.21,-184.21,35.27,2.0,267.65,0.01,128.47,75.65,0.0
2026-05-26 19:15:00,12,534.21,-184.21,35.65,2.0,276.97,0.01,132.95,76.7,0.0
2026-05-26 19:20:00,12,534.21,-184.21,35.42,2.0,201.64,0.02,96.79,69.24,0.0
2026-05-26 19:25:00,12,534.21,-184.21,36.58,1.0,222.96,0.01,107.02,70.75,0.0
2026-05-26 19:30:00,12,534.21,-184.21,35.08,0.0,293.19,0.0,140.73,77.9,0.0
2026-05-26 19:35:00,12,534.21,-184.21,35.65,0.0,245.09,0.0,117.64,72.53,0.0
2026-05-26 19:40:00,12,534.21,-184.21,35.71,0.0,296.71,0.0,142.42,78.33,0.0
2026-05-26 19:45:00,12,534.21,-184.21,35.03,0.0,273.87,0.0,131.46,75.63,0.0
2026-05-26 19:50:00,12,534.21,-184.21,34.85,0.0,223.34,0.0,107.2,70.41,0.0
2026-05-26 19:55:00,12,534.21,-184.21,34.49,3.0,262.07,0.01,125.79,75.38,0.0
2026-05-26 20:00:00,12,534.21,-184.21,34.21,0.0,279.29,0.0,134.06,76.25,0.0
2026-05-26 20:05:00,12,534.21,-184.21,34.22,1.0,321.58,0.0,154.36,81.86,0.0
2026-05-26 20:10:00,12,534.21,-184.21,33.74,2.0,289.47,0.01,138.95,78.17,0.0
2026-05-26 20:15:00,12,534.21,-184.21,33.82,1.0,229.11,0.01,109.97,71.32,0.0
2026-05-26 20:20:00,12,534.21,-184.21,32.94,1.0,314.6,0.0,151.01,80.94,0.0
2026-05-26 20:25:00,12,534.21,-184.21,34.6,0.0,223.62,0.0,107.34,70.44,0.0
2026-05-26 20:30:00,12,534.21,-184.21,33.65,2.0,324.54,0.01,155.78,82.63,0.0
2026-05-26 20:35:00,12,534.21,-184.21,33.88,0.0,271.6,0.0,130.37,75.37,0.0
2026-05-26 20:40:00,12,534.21,-184.21,33.71,0.0,297.44,0.0,142.77,78.41,0.0
2026-05-26 20:45:00,12,534.21,-184.21,33.2,0.0,322.45,0.0,154.78,81.63,0.0
2026-05-26 20:50:00,12,534.21,-184.21,33.34,0.0,272.97,0.0,131.03,75.52,0.0
2026-05-26 20:55:00,12,534.21,-184.21,33.55,1.0,314.13,0.0,150.78,80.88,0.0
2026-05-26 21:00:00,12,534.21,-184.21,32.94,0.0,272.48,0.0,130.79,75.46,0.0
2026-05-26 21:05:00,12,534.21,-184.21,32.92,0.0,274.78,0.0,131.9,75.73,0.0
2026-05-26 21:10:00,12,534.21,-184.21,33.33,0.0,273.49,0.0,131.28,75.58,0.0
2026-05-26 21:15:00,12,534.21,-184.21,32.14,0.0,255.81,0.0,122.79,73.64,0.0
2026-05-26 21:20:00,12,534.21,-184.21,32.46,1.0,308.89,0.0,148.27,80.2,0.0
2026-05-26 21:25:00,12,534.21,-184.21,32.1,1.0,250.85,0.01,120.41,73.49,0.0
2026-05-26 21:30:00,12,534.21,-184.21,32.58,0.0,277.43,0.0,133.17,76.03,0.0
2026-05-26 21:35:00,12,534.21,-184.21,32.73,1.0,242.29,0.01,116.3,72.61,0.0
2026-05-26 21:40:00,12,534.21,-184.21,32.97,1.0,244.83,0.01,117.52,72.87,0.0
2026-05-26 21:45:00,12,534.21,-184.21,31.31,0.0,204.85,0.0,98.33,68.77,0.0
2026-05-26 21:50:00,12,534.21,-184.21,32.27,1.0,256.71,0.0,123.22,74.08,0.0
2026-05-26 21:55:00,12,534.21,-184.21,31.51,0.0,293.31,0.0,140.79,77.91,0.0
2026-05-26 22:00:00,12,534.21,-184.21,31.5,1.0,208.46,0.01,100.06,69.45,0.0
2026-05-26 22:05:00,12,534.21,-184.21,32.42,4.0,226.51,0.02,108.73,72.15,0.0
2026-05-26 22:10:00,12,534.21,-184.21,31.78,1.0,279.48,0.0,134.15,76.61,0.0
2026-05-26 22:15:00,12,534.21,-184.21,32.09,2.0,302.87,0.01,145.38,79.81,0.0
2026-05-26 22:20:00,12,534.21,-184.21,32.71,1.0,289.33,0.0,138.88,77.78,0.0
2026-05-26 22:25:00,12,534.21,-184.21,31.36,0.0,217.78,0.0,104.53,69.9,100.0
2026-05-26 22:30:00,12,534.21,-184.21,32.46,1.0,296.92,0.0,142.52,78.7,99.87
2026-05-26 22:35:00,12,534.21,-184.21,30.87,2.0,317.28,0.01,152.29,81.66,99.73
2026-05-26 22:40:00,12,534.21,-184.21,31.21,0.0,282.39,0.0,135.55,76.6,99.61
2026-05-26 22:45:00,12,534.21,-184.21,31.3,1.0,283.36,0.0,136.01,77.06,99.48
2026-05-26 22:50:00,12,534.21,-184.21,31.69,0.0,235.97,0.0,113.26,71.61,99.36
2026-05-26 22:55:00,12,534.21,-184.21,30.09,0.0,315.24,0.0,151.31,80.67,99.22
2026-05-26 23:00:00,12,534.21,-184.21,31.31,3.0,266.29,0.01,127.82,75.84,99.1
2026-05-26 23:05:00,12,534.21,-184.21,30.69,0.0,258.96,0.0,124.3,73.97,98.97
2026-05-26 23:10:00,12,534.21,-184.21,30.99,1.0,279.09,0.0,133.96,76.57,98.85
2026-05-26 23:15:00,12,534.21,-184.21,31.11,1.0,249.12,0.01,119.58,73.3,98.72
2026-05-26 23:20:00,12,534.21,-184.21,30.72,3.0,307.11,0.01,147.41,80.69,98.59
2026-05-26 23:25:00,12,534.21,-184.21,30.83,0.0,222.31,0.0,106.71,70.31,98.47
2026-05-26 23:30:00,12,534.21,-184.21,31.06,1.0,311.77,0.0,149.65,80.57,98.34
2026-05-26 23:35:00,12,534.21,-184.21,30.47,2.0,297.81,0.01,142.95,79.18,98.21
2026-05-26 23:40:00,12,534.21,-184.21,30.16,1.0,301.09,0.0,144.52,79.21,98.07
2026-05-26 23:45:00,12,534.21,-184.21,31.5,3.0,256.64,0.01,123.19,74.79,97.95
2026-05-26 23:50:00,12,534.21,-184.21,31.27,1.0,298.01,0.0,143.04,78.83,97.82
2026-05-26 23:55:00,12,534.21,-184.21,30.49,3.0,235.43,0.02,113.01,72.65,97.7
2026-05-27 00:00:00,12,534.21,-184.21,30.55,2.0,285.97,0.01,137.26,77.74,97.57
2026-05-27 00:05:00,12,534.21,-184.21,31.88,1.0,278.73,0.0,133.79,76.53,97.44
2026-05-27 00:10:00,12,534.21,-184.21,30.83,3.0,262.96,0.01,126.22,75.47,97.31
2026-05-27 00:15:00,12,534.21,-184.21,30.45,1.0,206.62,0.01,99.18,69.29,97.2
2026-05-27 00:20:00,12,534.21,-184.21,31.05,1.0,228.33,0.01,109.6,71.25,97.08
2026-05-27 00:25:00,12,534.21,-184.21,30.91,2.0,224.76,0.01,107.88,71.26,96.96
2026-05-27 00:30:00,12,534.21,-184.21,31.14,0.0,210.01,0.0,100.8,69.21,96.85
2026-05-27 00:35:00,12,534.21,-184.21,31.04,0.0,205.74,0.0,98.75,68.84,96.73
2026-05-27 00:40:00,12,534.21,-184.21,31.01,4.0,306.33,0.01,147.04,80.94,96.6
2026-05-27 00:45:00,12,534.21,-184.21,30.6,4.0,294.29,0.01,141.26,79.44,96.46
2026-05-27 00:50:00,12,534.21,-184.21,31.96,2.0,305.67,0.01,146.72,80.16,96.33
2026-05-27 00:55:00,12,534.21,-184.21,30.53,2.0,232.71,0.01,111.7,72.01,96.21
2026-05-27 01:00:00,12,534.21,-184.21,31.08,1.0,238.89,0.01,114.67,72.27,96.09
2026-05-27 01:05:00,12,534.21,-184.21,31.33,2.0,230.41,0.01,110.6,71.79,95.97
2026-05-27 01:10:00,12,534.21,-184.21,31.53,3.0,229.54,0.02,110.18,72.08,95.85
2026-05-27 01:15:00,12,534.21,-184.21,30.69,2.0,307.65,0.01,147.67,80.41,95.72
2026-05-27 01:20:00,12,534.21,-184.21,31.56,7.0,302.13,0.02,145.02,81.48,95.58
2026-05-27 01:25:00,12,534.21,-184.21,32.01,4.0,324.52,0.01,155.77,83.32,95.44
2026-05-27 01:30:00,12,534.21,-184.21,32.28,5.0,288.0,0.02,138.24,79.06,95.31
2026-05-27 01:35:00,12,534.21,-184.21,31.07,3.0,271.63,0.01,130.38,76.43,95.18
2026-05-27 01:40:00,12,534.21,-184.21,31.62,0.0,203.5,0.0,97.68,68.65,95.07
2026-05-27 01:45:00,12,534.21,-184.21,31.11,4.0,216.93,0.03,104.13,71.28,94.95
2026-05-27 01:50:00,12,534.21,-184.21,31.77,4.0,273.11,0.02,131.09,76.97,94.82
2026-05-27 01:55:00,12,534.21,-184.21,32.08,0.0,207.89,0.0,99.79,69.03,94.7
2026-05-27 02:00:00,12,534.21,-184.21,31.61,2.0,273.61,0.01,131.33,76.31,94.58
2026-05-27 02:05:00,12,534.21,-184.21,32.37,3.0,280.2,0.01,134.5,77.42,94.45
2026-05-27 02:10:00,12,534.21,-184.21,31.65,3.0,322.21,0.01,154.66,82.66,94.31
2026-05-27 02:15:00,12,534.21,-184.21,33.29,1.0,251.89,0.01,120.9,73.59,94.19
2026-05-27 02:20:00,12,534.21,-184.21,31.89,1.0,316.94,0.0,152.13,81.25,94.05
2026-05-27 02:25:00,12,534.21,-184.21,32.33,2.0,248.93,0.01,119.49,73.64,93.93
2026-05-27 02:30:00,12,534.21,-184.21,32.34,2.0,282.25,0.01,135.48,77.31,93.8
2026-05-27 02:35:00,12,534.21,-184.21,32.7,4.0,238.7,0.02,114.57,73.32,93.68
2026-05-27 02:40:00,12,534.21,-184.21,31.78,0.0,288.97,0.0,138.7,77.38,93.55
2026-05-27 02:45:00,12,534.21,-184.21,33.21,0.0,212.66,0.0,102.08,69.45,93.43
2026-05-27 02:50:00,12,534.21,-184.21,33.11,2.0,220.05,0.01,105.62,70.83,93.32
2026-05-27 02:55:00,12,534.21,-184.21,32.79,3.0,282.91,0.01,135.8,77.74,93.19
2026-05-27 03:00:00,12,534.21,-184.21,32.37,2.0,243.26,0.01,116.76,73.06,93.06
2026-05-27 03:05:00,12,534.21,-184.21,32.73,5.0,284.38,0.02,136.5,78.63,92.93
2026-05-27 03:10:00,12,534.21,-184.21,33.13,2.0,320.03,0.01,153.61,82.03,92.8
2026-05-27 03:15:00,12,534.21,-184.21,33.37,2.0,213.18,0.01,102.33,70.21,92.68
2026-05-27 03:20:00,12,534.21,-184.21,33.13,2.0,210.87,0.01,101.22,70.01,92.56
2026-05-27 03:25:00,12,534.21,-184.21,34.54,1.0,281.76,0.0,135.25,76.88,92.44
2026-05-27 03:30:00,12,534.21,-184.21,33.15,2.0,244.07,0.01,117.16,73.14,92.31
2026-05-27 03:35:00,12,534.21,-184.21,34.09,1.0,276.19,0.0,132.57,76.24,92.19
2026-05-27 03:40:00,12,534.21,-184.21,34.16,4.0,299.81,0.01,143.91,80.13,92.05
2026-05-27 03:45:00,12,534.21,-184.21,34.26,2.0,307.65,0.01,147.67,80.42,91.92
2026-05-27 03:50:00,12,534.21,-184.21,33.93,0.0,273.82,0.0,131.43,75.62,91.79
2026-05-27 03:55:00,12,534.21,-184.21,34.98,0.0,253.1,0.0,121.49,73.36,91.67
2026-05-27 04:00:00,12,534.21,-184.21,34.75,3.0,223.65,0.02,107.35,71.53,91.55
2026-05-27 04:05:00,12,534.21,-184.21,35.41,2.0,294.83,0.01,141.52,78.82,91.42
2026-05-27 04:10:00,12,534.21,-184.21,35.34,0.0,207.46,0.0,99.58,69.0,91.3
2026-05-27 04:15:00,12,534.21,-184.21,34.46,0.0,230.96,0.0,110.86,71.13,91.19
2026-05-27 04:20:00,12,534.21,-184.21,35.29,0.0,269.71,0.0,129.46,75.16,91.06
2026-05-27 04:25:00,12,534.21,-184.21,35.79,0.0,262.4,0.0,125.95,74.35,90.94
2026-05-27 04:30:00,12,534.21,-184.21,34.97,0.0,219.46,0.0,105.34,70.06,90.82
2026-05-27 04:35:00,12,534.21,-184.21,36.33,0.0,234.41,0.0,112.52,71.47,90.7
2026-05-27 04:40:00,12,534.21,-184.21,35.42,1.0,200.48,0.01,96.23,68.78,90.59
2026-05-27 04:45:00,12,534.21,-184.21,35.82,0.0,317.22,0.0,152.27,80.94,90.45
2026-05-27 04:50:00,12,534.21,-184.21,36.01,3.0,225.98,0.02,108.47,71.75,90.33
2026-05-27 04:55:00,12,534.21,-184.21,36.36,1.0,297.83,0.0,142.96,78.82,90.2
2026-05-27 05:00:00,12,534.21,-184.21,36.41,2.0,247.95,0.01,119.01,73.54,90.08
2026-05-27 05:05:00,12,534.21,-184.21,35.45,1.0,222.72,0.01,106.91,70.73,89.96
2026-05-27 05:10:00,12,534.21,-184.21,35.99,3.0,311.52,0.01,149.53,81.27,89.82
2026-05-27 05:15:00,12,534.21,-184.21,36.68,2.0,317.7,0.01,152.49,81.72,89.69
2026-05-27 05:20:00,12,534.21,-184.21,36.39,1.0,264.84,0.0,127.12,74.97,89.56
2026-05-27 05:25:00,12,534.21,-184.21,37.82,2.0,204.19,0.02,98.01,69.46,89.45
2026-05-27 05:30:00,12,534.21,-184.21,36.53,1.0,242.17,0.01,116.24,72.61,89.33
2026-05-27 05:35:00,12,534.21,-184.21,37.62,0.0,208.29,0.0,99.98,69.07,89.21
2026-05-27 05:40:00,12,534.21,-184.21,37.45,2.0,255.09,0.01,122.44,74.29,89.09
2026-05-27 05:45:00,12,534.21,-184.21,37.47,0.0,295.38,0.0,141.78,78.17,88.96
2026-05-27 05:50:00,12,534.21,-184.21,38.47,0.0,240.69,0.0,115.53,72.09,88.84
2026-05-27 05:55:00,12,534.21,-184.21,37.94,1.0,281.87,0.0,135.3,76.9,88.71
2026-05-27 06:00:00,12,534.21,-184.21,38.05,0.0,205.46,0.0,98.62,68.83,88.59
2026-05-27 06:05:00,12,534.21,-184.21,38.15,0.0,205.44,0.0,98.61,68.83,88.48
2026-05-27 06:10:00,12,534.21,-184.21,39.43,1.0,287.11,0.0,137.81,77.52,88.35
2026-05-27 06:15:00,12,534.21,-184.21,37.99,0.0,291.61,0.0,139.97,77.71,88.22
2026-05-27 06:20:00,12,534.21,-184.21,38.41,1.0,274.47,0.0,131.74,76.05,88.09
2026-05-27 06:25:00,12,534.21,-184.21,39.56,1.0,286.71,0.0,137.62,77.48,87.97
2026-05-27 06:30:00,12,534.21,-184.21,39.78,1.0,284.31,0.0,136.47,77.19,87.84
2026-05-27 06:35:00,12,534.21,-184.21,39.04,0.0,201.56,0.0,96.75,68.5,87.72
2026-05-27 06:40:00,12,534.21,-184.21,39.07,0.0,219.55,0.0,105.38,70.07,87.61
2026-05-27 06:45:00,12,534.21,-184.21,38.75,1.0,262.67,0.0,126.08,74.74,87.48
2026-05-27 06:50:00,12,534.21,-184.21,40.13,2.0,242.24,0.01,116.28,72.97,87.36
2026-05-27 06:55:00,12,534.21,-184.21,39.42,0.0,237.57,0.0,114.03,71.78,87.24
2026-05-27 07:00:00,12,534.21,-184.21,39.8,0.0,284.27,0.0,136.45,76.84,87.11
2026-05-27 07:05:00,12,534.21,-184.21,39.81,1.0,296.08,0.0,142.12,78.61,86.98
2026-05-27 07:10:00,12,534.21,-184.21,39.58,0.0,319.42,0.0,153.32,81.24,86.85
2026-05-27 07:15:00,12,534.21,-184.21,40.32,0.0,302.43,0.0,145.17,79.05,86.71
2026-05-27 07:20:00,12,534.21,-184.21,41.2,1.0,237.79,0.01,114.14,72.18,86.59
2026-05-27 07:25:00,12,534.21,-184.21,40.91,0.0,222.09,0.0,106.6,70.31,86.48
2026-05-27 07:30:00,12,534.21,-184.21,41.59,0.0,324.51,0.0,155.77,81.92,86.34
2026-05-27 07:35:00,12,534.21,-184.21,40.59,0.0,217.53,0.0,104.41,69.89,86.22
2026-05-27 07:40:00,12,534.21,-184.21,41.29,0.0,283.19,0.0,135.93,76.71,86.1
2026-05-27 07:45:00,12,534.21,-184.21,40.68,4.0,317.93,0.01,152.6,82.46,85.96
2026-05-27 07:50:00,12,534.21,-184.21,41.05,1.0,306.64,0.0,147.19,79.93,85.82
2026-05-27 07:55:00,12,534.21,-184.21,41.41,1.0,212.56,0.01,102.03,69.82,85.71
2026-05-27 08:00:00,12,534.21,-184.21,40.61,1.0,200.56,0.01,96.27,68.79,85.59
2026-05-27 08:05:00,12,534.21,-184.21,41.56,0.0,290.66,0.0,139.52,77.6,85.46
2026-05-27 08:10:00,12,534.21,-184.21,41.54,0.0,295.1,0.0,141.65,78.14,85.33
2026-05-27 08:15:00,12,534.21,-184.21,41.67,0.0,231.39,0.0,111.07,71.19,85.22
2026-05-27 08:20:00,12,534.21,-184.21,42.03,1.0,217.57,0.01,104.44,70.27,85.1
2026-05-27 08:25:00,12,534.21,-184.21,42.38,1.0,285.07,0.0,136.83,77.29,84.97
2026-05-27 08:30:00,12,534.21,-184.21,42.0,0.0,311.68,0.0,149.61,80.23,84.84
2026-05-27 08:35:00,12,534.21,-184.21,42.51,1.0,264.36,0.0,126.89,74.93,84.71
2026-05-27 08:40:00,12,534.21,-184.21,43.04,0.0,323.84,0.0,155.44,81.83,84.57
2026-05-27 08:45:00,12,534.21,-184.21,43.48,1.0,253.25,0.0,121.56,73.74,84.45
2026-05-27 08:50:00,12,534.21,-184.21,42.97,1.0,225.33,0.01,108.16,70.99,84.33
2026-05-27 08:55:00,12,534.21,-184.21,42.87,4.0,217.01,0.03,104.16,71.31,84.21
2026-05-27 09:00:00,12,534.21,-184.21,43.74,0.0,212.51,0.0,102.01,69.45,84.1
2026-05-27 09:05:00,12,534.21,-184.21,43.95,0.0,295.81,0.0,141.99,78.24,83.97
2026-05-27 09:10:00,12,534.21,-184.21,42.98,1.0,256.41,0.0,123.08,74.07,83.84
2026-05-27 09:15:00,12,534.21,-184.21,43.95,0.0,308.49,0.0,148.07,79.82,83.71
2026-05-27 09:20:00,12,534.21,-184.21,43.85,2.0,236.86,0.01,113.69,72.44,83.59
2026-05-27 09:25:00,12,534.21,-184.21,43.21,0.0,306.25,0.0,147.0,79.54,83.46
2026-05-27 09:30:00,12,534.21,-184.21,43.55,1.0,249.33,0.01,119.68,73.35,83.34
2026-05-27 09:35:00,12,534.21,-184.21,43.36,0.0,312.05,0.0,149.78,80.28,83.2
2026-05-27 09:40:00,12,534.21,-184.21,43.19,1.0,289.74,0.0,139.08,77.85,83.07
2026-05-27 09:45:00,12,534.21,-184.21,44.2,1.0,271.85,0.0,130.49,75.77,82.95
2026-05-27 09:50:00,12,534.21,-184.21,43.81,3.0,312.26,0.01,149.89,81.38,82.81
2026-05-27 09:55:00,12,534.21,-184.21,44.34,1.0,264.93,0.0,127.16,74.99,82.69
2026-05-27 10:00:00,12,534.21,-184.21,43.74,1.0,201.65,0.01,96.79,68.89,82.57
2026-05-27 10:05:00,12,534.21,-184.21,45.21,1.0,271.22,0.0,130.19,75.7,82.44
2026-05-27 10:10:00,12,534.21,-184.21,44.11,0.0,296.54,0.0,142.34,78.32,82.31
2026-05-27 10:15:00,12,534.21,-184.21,44.71,1.0,202.78,0.01,97.33,68.99,82.2
2026-05-27 10:20:00,12,534.21,-184.21,44.87,2.0,237.04,0.01,113.78,72.46,82.08
2026-05-27 10:25:00,12,534.21,-184.21,44.03,0.0,215.07,0.0,103.23,69.68,81.96
2026-05-27 10:30:00,12,534.21,-184.21,44.35,0.0,200.13,0.0,96.06,68.4,81.85
2026-05-27 10:35:00,12,534.21,-184.21,44.5,1.0,319.68,0.0,153.45,81.63,81.71
2026-05-27 10:40:00,12,534.21,-184.21,44.53,0.0,239.83,0.0,115.12,72.02,81.59
2026-05-27 10:45:00,12,534.21,-184.21,44.37,1.0,248.84,0.01,119.45,73.3,81.47
2026-05-27 10:50:00,12,534.21,-184.21,44.96,2.0,207.53,0.01,99.62,69.74,81.35
2026-05-27 10:55:00,12,534.21,-184.21,43.83,2.0,311.75,0.01,149.64,80.96,81.22
2026-05-27 11:00:00,12,534.21,-184.21,44.68,1.0,231.85,0.01,111.29,71.61,81.1
2026-05-27 11:05:00,12,534.21,-184.21,45.23,0.0,239.12,0.0,114.78,71.95,80.98
2026-05-27 11:10:00,12,534.21,-184.21,43.65,0.0,236.72,0.0,113.62,71.71,80.86
2026-05-27 11:15:00,12,534.21,-184.21,44.3,0.0,210.45,0.0,101.02,69.28,80.74
2026-05-27 11:20:00,12,534.21,-184.21,45.13,1.0,302.42,0.0,145.16,79.41,80.61
2026-05-27 11:25:00,12,534.21,-184.21,44.34,1.0,242.35,0.01,116.33,72.64,80.49
2026-05-27 11:30:00,12,534.21,-184.21,45.35,2.0,222.65,0.01,106.87,71.09,80.37
2026-05-27 11:35:00,12,534.21,-184.21,45.02,2.0,319.06,0.01,153.15,81.92,80.24
2026-05-27 11:40:00,12,534.21,-184.21,45.0,2.0,297.13,0.01,142.62,79.12,80.1
2026-05-27 11:45:00,12,534.21,-184.21,44.52,1.0,288.68,0.0,138.56,77.72,79.97
2026-05-27 11:50:00,12,534.21,-184.21,44.65,1.0,263.71,0.0,126.58,74.86,79.85
2026-05-27 11:55:00,12,534.21,-184.21,45.18,1.0,301.74,0.0,144.84,79.32,79.72
2026-05-27 12:00:00,12,534.21,-184.21,45.44,0.0,224.31,0.0,107.67,70.53,79.6
2026-05-27 12:05:00,12,534.21,-184.21,45.91,3.0,226.94,0.02,108.93,71.86,79.48
2026-05-27 12:10:00,12,534.21,-184.21,44.56,2.0,262.57,0.01,126.04,75.11,79.36
2026-05-27 12:15:00,12,534.21,-184.21,44.56,2.0,299.95,0.01,143.98,79.47,79.22
2026-05-27 12:20:00,12,534.21,-184.21,45.21,1.0,287.33,0.0,137.92,77.56,79.09
2026-05-27 12:25:00,12,534.21,-184.21,44.33,0.0,310.54,0.0,149.06,80.09,78.96
2026-05-27 12:30:00,12,534.21,-184.21,45.39,3.0,299.65,0.01,143.83,79.78,78.83
2026-05-27 12:35:00,12,534.21,-184.21,45.17,0.0,204.13,0.0,97.98,68.73,78.71
2026-05-27 12:40:00,12,534.21,-184.21,45.42,8.0,277.37,0.03,133.14,78.91,78.58
2026-05-27 12:45:00,12,534.21,-184.21,45.53,2.0,300.82,0.01,144.4,79.58,78.45
2026-05-27 12:50:00,12,534.21,-184.21,44.17,0.0,230.96,0.0,110.86,71.15,78.33
2026-05-27 12:55:00,12,534.21,-184.21,45.47,1.0,248.56,0.01,119.31,73.27,78.21
2026-05-27 13:00:00,12,534.21,-184.21,45.33,2.0,309.75,0.01,148.68,80.71,78.07
2026-05-27 13:05:00,12,534.21,-184.21,43.83,6.0,252.3,0.03,121.1,75.45,77.95
2026-05-27 13:10:00,12,534.21,-184.21,44.32,1.0,293.78,0.0,141.02,78.34,77.82
2026-05-27 13:15:00,12,534.21,-184.21,45.53,2.0,220.25,0.01,105.72,70.87,77.7
2026-05-27 13:20:00,12,534.21,-184.21,45.05,1.0,234.45,0.01,112.54,71.86,77.58
2026-05-27 13:25:00,12,534.21,-184.21,44.95,3.0,202.17,0.02,97.04,69.66,77.46
2026-05-27 13:30:00,12,534.21,-184.21,45.29,2.0,322.9,0.01,154.99,82.43,77.33
2026-05-27 13:35:00,12,534.21,-184.21,45.06,0.0,323.62,0.0,155.34,81.81,77.19
2026-05-27 13:40:00,12,534.21,-184.21,44.97,5.0,276.63,0.02,132.78,77.75,77.06
2026-05-27 13:45:00,12,534.21,-184.21,44.39,3.0,228.19,0.02,109.53,71.98,76.94
2026-05-27 13:50:00,12,534.21,-184.21,44.28,4.0,283.12,0.02,135.9,78.15,76.81
2026-05-27 13:55:00,12,534.21,-184.21,43.87,1.0,234.79,0.01,112.7,71.89,76.69
2026-05-27 14:00:00,12,534.21,-184.21,43.81,0.0,299.65,0.0,143.83,78.71,76.56
2026-05-27 14:05:00,12,534.21,-184.21,45.05,8.0,243.92,0.04,117.08,75.31,76.43
2026-05-27 14:10:00,12,534.21,-184.21,44.91,3.0,227.7,0.02,109.3,71.93,76.31
2026-05-27 14:15:00,12,534.21,-184.21,43.64,1.0,288.87,0.0,138.66,77.74,76.18
2026-05-27 14:20:00,12,534.21,-184.21,44.0,1.0,229.83,0.01,110.32,71.41,76.06
2026-05-27 14:25:00,12,534.21,-184.21,44.47,0.0,302.74,0.0,145.32,79.1,75.93
2026-05-27 14:30:00,12,534.21,-184.21,43.27,3.0,251.94,0.02,120.93,74.34,75.81
2026-05-27 14:35:00,12,534.21,-184.21,43.82,1.0,243.62,0.01,116.94,72.77,75.69
2026-05-27 14:40:00,12,534.21,-184.21,42.94,6.0,302.71,0.02,145.3,81.23,75.55
2026-05-27 14:45:00,12,534.21,-184.21,42.46,3.0,252.58,0.01,121.24,74.39,75.43
2026-05-27 14:50:00,12,534.21,-184.21,43.02,3.0,297.67,0.01,142.88,79.53,75.3
2026-05-27 14:55:00,12,534.21,-184.21,42.34,2.0,290.58,0.01,139.48,78.32,75.17
2026-05-27 15:00:00,12,534.21,-184.21,41.99,5.0,247.17,0.03,118.64,74.56,75.04
2026-05-27 15:05:00,12,534.21,-184.21,43.03,3.0,297.01,0.01,142.56,79.45,74.91
2026-05-27 15:10:00,12,534.21,-184.21,42.2,4.0,231.05,0.02,110.9,72.6,74.79
2026-05-27 15:15:00,12,534.21,-184.21,42.55,1.0,204.55,0.01,98.18,69.13,74.67
2026-05-27 15:20:00,12,534.21,-184.21,42.73,2.0,257.77,0.01,123.73,74.59,74.55
2026-05-27 15:25:00,12,534.21,-184.21,42.21,2.0,261.31,0.01,125.43,74.97,74.42
2026-05-27 15:30:00,12,534.21,-184.21,41.92,4.0,220.51,0.03,105.85,71.63,74.3
2026-05-27 15:35:00,12,534.21,-184.21,42.27,1.0,300.24,0.0,144.11,79.13,74.17
2026-05-27 15:40:00,12,534.21,-184.21,42.01,1.0,232.71,0.01,111.7,71.68,74.05
2026-05-27 15:45:00,12,534.21,-184.21,41.68,2.0,222.36,0.01,106.73,71.06,73.93
2026-05-27 15:50:00,12,534.21,-184.21,41.53,2.0,222.38,0.01,106.74,71.06,73.82
2026-05-27 15:55:00,12,534.21,-184.21,42.47,2.0,223.8,0.01,107.42,71.19,73.7
2026-05-27 16:00:00,12,534.21,-184.21,41.85,1.0,200.48,0.01,96.23,68.79,73.58
2026-05-27 16:05:00,12,534.21,-184.21,40.93,2.0,257.88,0.01,123.78,74.59,73.46
2026-05-27 16:10:00,12,534.21,-184.21,40.75,0.0,315.54,0.0,151.46,80.73,73.32
2026-05-27 16:15:00,12,534.21,-184.21,41.13,0.0,201.99,0.0,96.96,68.55,73.21
2026-05-27 16:20:00,12,534.21,-184.21,40.99,1.0,254.4,0.0,122.11,73.85,73.09
2026-05-27 16:25:00,12,534.21,-184.21,40.63,0.0,290.32,0.0,139.36,77.56,72.96
2026-05-27 16:30:00,12,534.21,-184.21,40.24,4.0,257.94,0.02,123.81,75.32,72.83
2026-05-27 16:35:00,12,534.21,-184.21,40.68,1.0,294.37,0.0,141.3,78.4,72.7
2026-05-27 16:40:00,12,534.21,-184.21,40.57,5.0,324.5,0.02,155.76,83.71,72.56
2026-05-27 16:45:00,12,534.21,-184.21,39.93,2.0,280.54,0.01,134.66,77.12,72.43
2026-05-27 16:50:00,12,534.21,-184.21,40.09,2.0,280.11,0.01,134.45,77.07,72.3
2026-05-27 16:55:00,12,534.21,-184.21,40.9,2.0,279.42,0.01,134.12,76.99,72.18
2026-05-27 17:00:00,12,534.21,-184.21,39.58,2.0,297.76,0.01,142.92,79.18,72.04
2026-05-27 17:05:00,12,534.21,-184.21,39.82,1.0,292.51,0.0,140.41,78.17,71.91
2026-05-27 17:10:00,12,534.21,-184.21,39.59,0.0,253.93,0.0,121.89,73.45,71.79
2026-05-27 17:15:00,12,534.21,-184.21,39.36,7.0,284.97,0.03,136.79,79.43,71.66
2026-05-27 17:20:00,12,534.21,-184.21,39.5,1.0,202.54,0.01,97.22,68.96,71.54
2026-05-27 17:25:00,12,534.21,-184.21,39.04,0.0,203.65,0.0,97.75,68.68,71.43
2026-05-27 17:30:00,12,534.21,-184.21,38.87,2.0,205.92,0.02,98.84,69.61,71.31
2026-05-27 17:35:00,12,534.21,-184.21,38.25,2.0,217.56,0.01,104.43,70.61,71.2
2026-05-27 17:40:00,12,534.21,-184.21,38.48,1.0,251.98,0.01,120.95,73.61,71.07
2026-05-27 17:45:00,12,534.21,-184.21,38.13,0.0,207.37,0.0,99.54,69.0,70.96
2026-05-27 17:50:00,12,534.21,-184.21,38.73,4.0,297.92,0.01,143.0,79.9,70.82
2026-05-27 17:55:00,12,534.21,-184.21,38.98,4.0,319.52,0.01,153.37,82.67,70.69
2026-05-27 18:00:00,12,534.21,-184.21,38.55,1.0,271.84,0.0,130.48,75.75,70.56
2026-05-27 18:05:00,12,534.21,-184.21,37.76,2.0,256.18,0.01,122.97,74.41,70.44
2026-05-27 18:10:00,12,534.21,-184.21,36.93,2.0,227.2,0.01,109.06,71.5,70.32
2026-05-27 18:15:00,12,534.21,-184.21,36.9,0.0,204.71,0.0,98.26,68.76,70.2
2026-05-27 18:20:00,12,534.21,-184.21,37.16,1.0,222.15,0.01,106.63,70.68,70.08
2026-05-27 18:25:00,12,534.21,-184.21,37.91,2.0,228.32,0.01,109.6,71.61,69.97
2026-05-27 18:30:00,12,534.21,-184.21,36.59,1.0,291.34,0.0,139.85,78.03,69.84
2026-05-27 18:35:00,12,534.21,-184.21,36.63,1.0,290.43,0.0,139.4,77.91,69.71
2026-05-27 18:40:00,12,534.21,-184.21,37.67,2.0,317.73,0.01,152.51,81.73,69.57
2026-05-27 18:45:00,12,534.21,-184.21,36.19,0.0,301.48,0.0,144.71,78.92,69.44
2026-05-27 18:50:00,12,534.21,-184.21,36.77,2.0,289.33,0.01,138.88,78.15,69.31
2026-05-27 18:55:00,12,534.21,-184.21,36.74,1.0,260.44,0.0,125.01,74.49,69.18
2026-05-27 19:00:00,12,534.21,-184.21,36.38,3.0,242.29,0.02,116.3,73.34,69.06
2026-05-27 19:05:00,12,534.21,-184.21,36.5,0.0,206.14,0.0,98.95,68.89,68.95
2026-05-27 19:10:00,12,534.21,-184.21,36.49,1.0,286.08,0.0,137.32,77.4,68.82
2026-05-27 19:15:00,12,534.21,-184.21,35.75,0.0,204.95,0.0,98.38,68.78,68.7
2026-05-27 19:20:00,12,534.21,-184.21,36.37,1.0,213.08,0.01,102.28,69.86,68.59
2026-05-27 19:25:00,12,534.21,-184.21,34.41,1.0,228.39,0.01,109.63,71.26,68.47
2026-05-27 19:30:00,12,534.21,-184.21,34.6,0.0,218.63,0.0,104.94,69.98,68.35
2026-05-27 19:35:00,12,534.21,-184.21,35.24,2.0,218.03,0.01,104.66,70.65,68.23
2026-05-27 19:40:00,12,534.21,-184.21,35.93,0.0,209.6,0.0,100.61,69.18,68.12
2026-05-27 19:45:00,12,534.21,-184.21,34.5,1.0,309.72,0.0,148.67,80.31,67.98
2026-05-27 19:50:00,12,534.21,-184.21,34.56,1.0,207.99,0.01,99.84,69.41,67.87
2026-05-27 19:55:00,12,534.21,-184.21,34.78,0.0,204.35,0.0,98.09,68.73,67.75
2026-05-27 20:00:00,12,534.21,-184.21,34.24,1.0,281.36,0.0,135.05,76.84,67.63
2026-05-27 20:05:00,12,534.21,-184.21,34.87,0.0,217.23,0.0,104.27,69.86,67.51
2026-05-27 20:10:00,12,534.21,-184.21,33.89,0.0,309.1,0.0,148.37,79.88,67.38
2026-05-27 20:15:00,12,534.21,-184.21,33.56,0.0,221.92,0.0,106.52,70.28,67.26
2026-05-27 20:20:00,12,534.21,-184.21,33.99,1.0,232.81,0.01,111.75,71.68,67.14
2026-05-27 20:25:00,12,534.21,-184.21,33.84,0.0,251.6,0.0,120.77,73.2,67.02
2026-05-27 20:30:00,12,534.21,-184.21,32.88,0.0,222.71,0.0,106.9,70.35,66.9
2026-05-27 20:35:00,12,534.21,-184.21,33.94,0.0,295.89,0.0,142.03,78.23,66.77
2026-05-27 20:40:00,12,534.21,-184.21,32.92,0.0,247.68,0.0,118.89,72.79,66.65
2026-05-27 20:45:00,12,534.21,-184.21,34.41,3.0,310.68,0.01,149.13,81.16,66.51
2026-05-27 20:50:00,12,534.21,-184.21,32.64,0.0,282.13,0.0,135.42,76.57,66.39
2026-05-27 20:55:00,12,534.21,-184.21,33.02,0.0,202.72,0.0,97.31,68.59,66.27
2026-05-27 21:00:00,12,534.21,-184.21,33.0,0.0,239.65,0.0,115.03,71.98,66.15
2026-05-27 21:05:00,12,534.21,-184.21,31.91,0.0,273.74,0.0,131.4,75.61,66.03
2026-05-27 21:10:00,12,534.21,-184.21,32.54,1.0,261.69,0.0,125.61,74.62,65.9
2026-05-27 21:15:00,12,534.21,-184.21,33.53,0.0,241.81,0.0,116.07,72.19,65.78
2026-05-27 21:20:00,12,534.21,-184.21,32.99,2.0,295.26,0.01,141.72,78.86,65.65
2026-05-27 21:25:00,12,534.21,-184.21,32.87,0.0,236.48,0.0,113.51,71.66,65.53
2026-05-27 21:30:00,12,534.21,-184.21,32.78,0.0,323.66,0.0,155.36,81.79,65.39
2026-05-27 21:35:00,12,534.21,-184.21,32.35,1.0,202.24,0.01,97.07,68.92,65.28
2026-05-27 21:40:00,12,534.21,-184.21,32.77,2.0,265.32,0.01,127.35,75.38,65.15
2026-05-27 21:45:00,12,534.21,-184.21,32.26,0.0,222.68,0.0,106.89,70.35,65.04
2026-05-27 21:50:00,12,534.21,-184.21,31.98,2.0,218.68,0.01,104.97,70.7,64.92
2026-05-27 21:55:00,12,534.21,-184.21,32.12,0.0,223.2,0.0,107.14,70.4,64.8
2026-05-27 22:00:00,12,534.21,-184.21,30.7,2.0,303.15,0.01,145.51,79.84,64.67
2026-05-27 22:05:00,12,534.21,-184.21,30.98,3.0,295.92,0.01,142.04,79.29,64.54
2026-05-27 22:10:00,12,534.21,-184.21,32.0,3.0,268.35,0.01,128.81,76.07,64.41
2026-05-27 22:15:00,12,534.21,-184.21,30.8,2.0,255.1,0.01,122.45,74.28,64.28
2026-05-27 22:20:00,12,534.21,-184.21,31.19,3.0,275.04,0.01,132.02,76.82,64.16
2026-05-27 22:25:00,12,534.21,-184.21,31.58,1.0,208.79,0.01,100.22,69.48,64.04
2026-05-27 22:30:00,12,534.21,-184.21,31.6,1.0,266.77,0.0,128.05,75.17,63.92
2026-05-27 22:35:00,12,534.21,-184.21,32.02,0.0,233.5,0.0,112.08,71.37,63.8
2026-05-27 22:40:00,12,534.21,-184.21,31.86,1.0,322.53,0.0,154.81,81.99,63.66
2026-05-27 22:45:00,12,534.21,-184.21,32.17,2.0,278.0,0.01,133.44,76.81,63.53
2026-05-27 22:50:00,12,534.21,-184.21,30.34,1.0,309.29,0.0,148.46,80.25,63.4
2026-05-27 22:55:00,12,534.21,-184.21,31.46,1.0,308.83,0.0,148.24,80.19,63.26
2026-05-27 23:00:00,12,534.21,-184.21,31.51,0.0,295.5,0.0,141.84,78.17,63.13
2026-05-27 23:05:00,12,534.21,-184.21,31.01,1.0,244.19,0.01,117.21,72.8,63.01
2026-05-27 23:10:00,12,534.21,-184.21,31.04,1.0,230.63,0.01,110.7,71.46,62.89
2026-05-27 23:15:00,12,534.21,-184.21,31.77,1.0,299.94,0.0,143.97,79.07,62.76
2026-05-27 23:20:00,12,534.21,-184.21,30.74,1.0,297.62,0.0,142.86,78.78,62.63
2026-05-27 23:25:00,12,534.21,-184.21,31.39,1.0,231.01,0.01,110.88,71.5,62.51
2026-05-27 23:30:00,12,534.21,-184.21,31.35,4.0,322.7,0.01,154.9,83.08,62.37
2026-05-27 23:35:00,12,534.21,-184.21,31.18,1.0,257.43,0.0,123.57,74.16,62.25
2026-05-27 23:40:00,12,534.21,-184.21,31.4,1.0,309.21,0.0,148.42,80.24,62.12
2026-05-27 23:45:00,12,534.21,-184.21,31.38,3.0,251.48,0.02,120.71,74.27,61.99
2026-05-27 23:50:00,12,534.21,-184.21,30.44,2.0,324.89,0.01,155.95,82.67,61.85
2026-05-27 23:55:00,12,534.21,-184.21,30.34,1.0,262.77,0.0,126.13,74.73,61.73
2026-05-28 00:00:00,12,534.21,-184.21,31.31,2.0,294.12,0.01,141.18,78.72,61.6
2026-05-28 00:05:00,12,534.21,-184.21,31.69,0.0,227.07,0.0,108.99,70.76,61.48
2026-05-28 00:10:00,12,534.21,-184.21,30.55,1.0,234.73,0.01,112.67,71.86,61.36
2026-05-28 00:15:00,12,534.21,-184.21,31.44,6.0,310.62,0.02,149.1,82.21,61.22
2026-05-28 00:20:00,12,534.21,-184.21,31.42,3.0,320.61,0.01,153.89,82.45,61.09
2026-05-28 00:25:00,12,534.21,-184.21,31.21,2.0,250.73,0.01,120.35,73.82,60.96
2026-05-28 00:30:00,12,534.21,-184.21,30.67,0.0,214.93,0.0,103.17,69.64,60.85
2026-05-28 00:35:00,12,534.21,-184.21,31.44,3.0,312.43,0.01,149.97,81.38,60.71
2026-05-28 00:40:00,12,534.21,-184.21,30.47,2.0,304.06,0.01,145.95,79.96,60.58
2026-05-28 00:45:00,12,534.21,-184.21,31.07,1.0,262.51,0.0,126.0,74.7,60.45
2026-05-28 00:50:00,12,534.21,-184.21,31.36,1.0,294.2,0.0,141.22,78.36,60.32
2026-05-28 00:55:00,12,534.21,-184.21,31.56,7.0,269.24,0.03,129.24,77.61,60.19
2026-05-28 01:00:00,12,534.21,-184.21,31.79,3.0,323.46,0.01,155.26,82.83,60.06
2026-05-28 01:05:00,12,534.21,-184.21,30.86,5.0,323.97,0.02,155.51,83.62,59.92
2026-05-28 01:10:00,12,534.21,-184.21,31.02,3.0,233.26,0.02,111.96,72.44,59.8
2026-05-28 01:15:00,12,534.21,-184.21,31.95,3.0,233.58,0.02,112.12,72.47,59.68
2026-05-28 01:20:00,12,534.21,-184.21,31.1,3.0,296.07,0.01,142.11,79.31,59.54
2026-05-28 01:25:00,12,534.21,-184.21,31.24,3.0,296.14,0.01,142.15,79.32,59.41
2026-05-28 01:30:00,12,534.21,-184.21,31.99,1.0,204.12,0.01,97.98,69.08,59.3
2026-05-28 01:35:00,12,534.21,-184.21,32.37,2.0,271.15,0.01,130.15,76.03,59.17
2026-05-28 01:40:00,12,534.21,-184.21,31.34,3.0,319.63,0.01,153.42,82.32,59.03
2026-05-28 01:45:00,12,534.21,-184.21,32.01,3.0,246.79,0.02,118.46,73.79,58.91
2026-05-28 01:50:00,12,534.21,-184.21,31.41,3.0,242.52,0.02,116.41,73.35,58.79
2026-05-28 01:55:00,12,534.21,-184.21,32.56,0.0,207.19,0.0,99.45,68.97,58.67
2026-05-28 02:00:00,12,534.21,-184.21,31.76,2.0,237.63,0.01,114.06,72.5,58.55
2026-05-28 02:05:00,12,534.21,-184.21,32.49,1.0,245.66,0.01,117.92,72.95,58.43
2026-05-28 02:10:00,12,534.21,-184.21,31.26,0.0,203.42,0.0,97.64,68.65,58.31
2026-05-28 02:15:00,12,534.21,-184.21,32.26,0.0,207.88,0.0,99.78,69.03,58.2
2026-05-28 02:20:00,12,534.21,-184.21,31.99,3.0,275.83,0.01,132.4,76.91,58.07
2026-05-28 02:25:00,12,534.21,-184.21,31.63,1.0,241.83,0.01,116.08,72.56,57.95
2026-05-28 02:30:00,12,534.21,-184.21,32.25,2.0,215.31,0.01,103.35,70.4,57.83
2026-05-28 02:35:00,12,534.21,-184.21,32.31,0.0,250.38,0.0,120.18,73.07,57.71
2026-05-28 02:40:00,12,534.21,-184.21,33.26,4.0,265.06,0.02,127.23,76.08,57.58
2026-05-28 02:45:00,12,534.21,-184.21,33.23,0.0,213.25,0.0,102.36,69.5,57.47
2026-05-28 02:50:00,12,534.21,-184.21,33.09,1.0,233.47,0.01,112.07,71.74,57.35
2026-05-28 02:55:00,12,534.21,-184.21,32.51,2.0,319.93,0.01,153.56,82.01,57.21
2026-05-28 03:00:00,12,534.21,-184.21,32.58,1.0,252.69,0.0,121.29,73.66,57.09
2026-05-28 03:05:00,12,534.21,-184.21,33.12,3.0,273.06,0.01,131.07,76.6,56.96
2026-05-28 03:10:00,12,534.21,-184.21,32.8,4.0,240.44,0.02,115.41,73.5,56.84
2026-05-28 03:15:00,12,534.21,-184.21,33.07,0.0,217.62,0.0,104.46,69.89,56.72
2026-05-28 03:20:00,12,534.21,-184.21,33.98,4.0,317.91,0.01,152.59,82.45,56.59
2026-05-28 03:25:00,12,534.21,-184.21,32.77,0.0,205.29,0.0,98.54,68.81,56.47
2026-05-28 03:30:00,12,534.21,-184.21,34.3,3.0,210.88,0.02,101.22,70.38,56.35
2026-05-28 03:35:00,12,534.21,-184.21,33.63,0.0,266.21,0.0,127.78,74.76,56.23
2026-05-28 03:40:00,12,534.21,-184.21,34.14,0.0,235.22,0.0,112.91,71.54,56.11
2026-05-28 03:45:00,12,534.21,-184.21,33.78,2.0,216.81,0.01,104.07,70.54,55.99
2026-05-28 03:50:00,12,534.21,-184.21,34.53,2.0,200.99,0.02,96.48,69.19,55.88
2026-05-28 03:55:00,12,534.21,-184.21,34.53,2.0,302.11,0.01,145.01,79.72,55.74
2026-05-28 04:00:00,12,534.21,-184.21,33.9,0.0,236.24,0.0,113.4,71.64,55.62
2026-05-28 04:05:00,12,534.21,-184.21,34.4,2.0,242.29,0.01,116.3,72.96,55.5
2026-05-28 04:10:00,12,534.21,-184.21,33.78,3.0,263.23,0.01,126.35,75.51,55.38
2026-05-28 04:15:00,12,534.21,-184.21,36.02,1.0,202.19,0.01,97.05,68.92,55.26
2026-05-28 04:20:00,12,534.21,-184.21,35.78,3.0,267.35,0.01,128.33,75.97,55.14
2026-05-28 04:25:00,12,534.21,-184.21,34.7,0.0,229.44,0.0,110.13,70.99,55.02
2026-05-28 04:30:00,12,534.21,-184.21,35.71,2.0,258.4,0.01,124.03,74.64,54.89
2026-05-28 04:35:00,12,534.21,-184.21,36.15,2.0,265.27,0.01,127.33,75.39,54.77
2026-05-28 04:40:00,12,534.21,-184.21,36.08,1.0,235.1,0.01,112.85,71.91,54.65
2026-05-28 04:45:00,12,534.21,-184.21,35.84,3.0,265.08,0.01,127.24,75.71,54.52
2026-05-28 04:50:00,12,534.21,-184.21,35.51,1.0,285.19,0.0,136.89,77.29,54.39
2026-05-28 04:55:00,12,534.21,-184.21,35.39,1.0,224.19,0.01,107.61,70.86,54.27
2026-05-28 05:00:00,12,534.21,-184.21,35.33,4.0,229.3,0.02,110.06,72.41,54.15
2026-05-28 05:05:00,12,534.21,-184.21,36.4,0.0,305.85,0.0,146.81,79.47,54.02
2026-05-28 05:10:00,12,534.21,-184.21,38.29,4.0,309.48,0.01,148.55,81.36,53.89
2026-05-28 05:15:00,12,534.21,-184.21,35.94,1.0,226.4,0.01,108.67,71.07,53.77
2026-05-28 05:20:00,12,534.21,-184.21,36.76,3.0,322.52,0.01,154.81,82.71,53.63
2026-05-28 05:25:00,12,534.21,-184.21,36.74,0.0,243.15,0.0,116.71,72.33,53.51
2026-05-28 05:30:00,12,534.21,-184.21,37.07,1.0,250.82,0.01,120.39,73.49,53.39
2026-05-28 05:35:00,12,534.21,-184.21,37.78,1.0,267.87,0.0,128.58,75.31,53.26
2026-05-28 05:40:00,12,534.21,-184.21,37.06,2.0,219.27,0.01,105.25,70.77,53.14
2026-05-28 05:45:00,12,534.21,-184.21,37.82,3.0,274.97,0.01,131.99,76.83,53.01
2026-05-28 05:50:00,12,534.21,-184.21,37.88,1.0,230.73,0.01,110.75,71.49,52.9
2026-05-28 05:55:00,12,534.21,-184.21,37.48,0.0,207.22,0.0,99.47,68.98,52.78
2026-05-28 06:00:00,12,534.21,-184.21,37.44,0.0,276.42,0.0,132.68,75.92,52.65
2026-05-28 06:05:00,12,534.21,-184.21,38.16,1.0,306.23,0.0,146.99,79.87,52.52
2026-05-28 06:10:00,12,534.21,-184.21,38.18,1.0,204.85,0.01,98.33,69.15,52.41
2026-05-28 06:15:00,12,534.21,-184.21,38.46,0.0,295.68,0.0,141.93,78.21,52.28
2026-05-28 06:20:00,12,534.21,-184.21,38.04,1.0,272.13,0.0,130.62,75.78,52.15
2026-05-28 06:25:00,12,534.21,-184.21,38.69,0.0,246.36,0.0,118.25,72.66,52.03
2026-05-28 06:30:00,12,534.21,-184.21,39.16,1.0,213.65,0.01,102.55,69.91,51.91
2026-05-28 06:35:00,12,534.21,-184.21,38.89,2.0,224.11,0.01,107.57,71.21,51.79
2026-05-28 06:40:00,12,534.21,-184.21,39.1,1.0,280.88,0.0,134.82,76.79,51.66
2026-05-28 06:45:00,12,534.21,-184.21,38.7,0.0,274.68,0.0,131.85,75.72,51.54
2026-05-28 06:50:00,12,534.21,-184.21,39.66,1.0,309.04,0.0,148.34,80.24,51.41
2026-05-28 06:55:00,12,534.21,-184.21,39.82,1.0,303.75,0.0,145.8,79.56,51.27
2026-05-28 07:00:00,12,534.21,-184.21,39.65,0.0,302.39,0.0,145.15,79.04,51.14
2026-05-28 07:05:00,12,534.21,-184.21,38.99,2.0,222.48,0.01,106.79,71.06,51.02
2026-05-28 07:10:00,12,534.21,-184.21,40.08,0.0,259.38,0.0,124.5,74.03,50.9
2026-05-28 07:15:00,12,534.21,-184.21,40.56,1.0,282.45,0.0,135.58,76.98,50.77
2026-05-28 07:20:00,12,534.21,-184.21,40.44,0.0,277.78,0.0,133.34,76.08,50.64
2026-05-28 07:25:00,12,534.21,-184.21,40.06,1.0,235.22,0.01,112.91,71.93,50.52
2026-05-28 07:30:00,12,534.21,-184.21,40.32,2.0,248.4,0.01,119.23,73.6,50.4
2026-05-28 07:35:00,12,534.21,-184.21,40.87,0.0,304.84,0.0,146.32,79.35,50.27
2026-05-28 07:40:00,12,534.21,-184.21,41.32,0.0,267.2,0.0,128.26,74.89,50.14
2026-05-28 07:45:00,12,534.21,-184.21,40.57,0.0,282.1,0.0,135.41,76.59,50.02
2026-05-28 07:50:00,12,534.21,-184.21,41.54,0.0,322.58,0.0,154.84,81.66,49.88
2026-05-28 07:55:00,12,534.21,-184.21,41.61,0.0,274.48,0.0,131.75,75.71,49.75
2026-05-28 08:00:00,12,534.21,-184.21,41.51,0.0,287.1,0.0,137.81,77.18,49.63
2026-05-28 08:05:00,12,534.21,-184.21,41.38,0.0,207.18,0.0,99.45,68.99,49.51
2026-05-28 08:10:00,12,534.21,-184.21,41.39,1.0,240.59,0.01,115.48,72.46,49.39
2026-05-28 08:15:00,12,534.21,-184.21,42.24,1.0,243.64,0.01,116.95,72.77,49.27
2026-05-28 08:20:00,12,534.21,-184.21,41.91,0.0,286.25,0.0,137.4,77.08,49.14
2026-05-28 08:25:00,12,534.21,-184.21,42.55,0.0,265.01,0.0,127.2,74.65,49.02
2026-05-28 08:30:00,12,534.21,-184.21,41.56,1.0,249.47,0.01,119.75,73.36,48.89
2026-05-28 08:35:00,12,534.21,-184.21,42.66,3.0,265.37,0.01,127.38,75.76,48.77
2026-05-28 08:40:00,12,534.21,-184.21,42.76,1.0,302.3,0.0,145.1,79.39,48.63
2026-05-28 08:45:00,12,534.21,-184.21,42.68,0.0,296.74,0.0,142.44,78.35,48.5
2026-05-28 08:50:00,12,534.21,-184.21,43.04,2.0,312.06,0.01,149.79,81.0,48.37
2026-05-28 08:55:00,12,534.21,-184.21,43.61,0.0,219.96,0.0,105.58,70.12,48.25
2026-05-28 09:00:00,12,534.21,-184.21,41.98,1.0,296.45,0.0,142.3,78.66,48.12
2026-05-28 09:05:00,12,534.21,-184.21,42.65,0.0,255.4,0.0,122.59,73.61,48.0
2026-05-28 09:10:00,12,534.21,-184.21,43.54,0.0,271.69,0.0,130.41,75.4,47.87
2026-05-28 09:15:00,12,534.21,-184.21,43.66,4.0,271.39,0.02,130.27,76.8,47.74
2026-05-28 09:20:00,12,534.21,-184.21,42.95,0.0,280.46,0.0,134.62,76.4,47.62
2026-05-28 09:25:00,12,534.21,-184.21,43.9,0.0,222.49,0.0,106.79,70.35,47.5
2026-05-28 09:30:00,12,534.21,-184.21,44.42,1.0,266.09,0.0,127.72,75.12,47.38
2026-05-28 09:35:00,12,534.21,-184.21,44.19,1.0,222.13,0.01,106.62,70.69,47.26
2026-05-28 09:40:00,12,534.21,-184.21,44.16,1.0,298.58,0.0,143.32,78.93,47.13
2026-05-28 09:45:00,12,534.21,-184.21,44.55,1.0,289.8,0.0,139.1,77.86,47.0
2026-05-28 09:50:00,12,534.21,-184.21,44.25,2.0,219.3,0.01,105.27,70.78,46.88
2026-05-28 09:55:00,12,534.21,-184.21,44.14,3.0,323.1,0.01,155.09,82.81,46.74
2026-05-28 10:00:00,12,534.21,-184.21,44.61,1.0,237.98,0.01,114.23,72.21,46.62
2026-05-28 10:05:00,12,534.21,-184.21,43.77,1.0,213.59,0.01,102.53,69.92,46.5
2026-05-28 10:10:00,12,534.21,-184.21,45.0,1.0,278.13,0.0,133.5,76.48,46.38
2026-05-28 10:15:00,12,534.21,-184.21,43.61,0.0,207.66,0.0,99.68,69.03,46.26
2026-05-28 10:20:00,12,534.21,-184.21,44.86,2.0,282.02,0.01,135.37,77.3,46.13
2026-05-28 10:25:00,12,534.21,-184.21,44.35,1.0,293.19,0.0,140.73,78.27,46.0
2026-05-28 10:30:00,12,534.21,-184.21,45.63,2.0,296.31,0.01,142.23,79.02,45.87
2026-05-28 10:35:00,12,534.21,-184.21,44.52,0.0,247.67,0.0,118.88,72.81,45.75
2026-05-28 10:40:00,12,534.21,-184.21,44.03,2.0,268.94,0.01,129.09,75.81,45.62
2026-05-28 10:45:00,12,534.21,-184.21,44.66,0.0,293.12,0.0,140.7,77.91,45.49
2026-05-28 10:50:00,12,534.21,-184.21,44.73,1.0,208.46,0.01,100.06,69.47,45.38
2026-05-28 10:55:00,12,534.21,-184.21,45.44,1.0,245.52,0.01,117.85,72.96,45.25
2026-05-28 11:00:00,12,534.21,-184.21,44.9,5.0,319.61,0.02,153.41,83.06,45.12
2026-05-28 11:05:00,12,534.21,-184.21,44.97,2.0,245.42,0.01,117.8,73.3,44.99
2026-05-28 11:10:00,12,534.21,-184.21,45.38,1.0,242.29,0.01,116.3,72.64,44.87
2026-05-28 11:15:00,12,534.21,-184.21,45.15,0.0,245.24,0.0,117.71,72.56,44.75
2026-05-28 11:20:00,12,534.21,-184.21,45.1,2.0,292.63,0.01,140.46,78.57,44.62
2026-05-28 11:25:00,12,534.21,-184.21,45.99,0.0,264.18,0.0,126.8,74.57,44.5
2026-05-28 11:30:00,12,534.21,-184.21,45.16,0.0,274.84,0.0,131.92,75.76,44.37
2026-05-28 11:35:00,12,534.21,-184.21,44.42,3.0,308.19,0.01,147.93,80.86,44.24
2026-05-28 11:40:00,12,534.21,-184.21,44.44,0.0,210.04,0.0,100.82,69.24,44.12
2026-05-28 11:45:00,12,534.21,-184.21,44.93,0.0,241.48,0.0,115.91,72.18,44.0
2026-05-28 11:50:00,12,534.21,-184.21,44.82,3.0,267.07,0.01,128.19,75.95,43.87
2026-05-28 11:55:00,12,534.21,-184.21,45.48,0.0,209.66,0.0,100.64,69.21,43.76
2026-05-28 12:00:00,12,534.21,-184.21,45.73,0.0,307.18,0.0,147.45,79.66,43.63
2026-05-28 12:05:00,12,534.21,-184.21,45.76,1.0,237.29,0.01,113.9,72.14,43.51
2026-05-28 12:10:00,12,534.21,-184.21,44.61,2.0,302.74,0.01,145.31,79.82,43.37
2026-05-28 12:15:00,12,534.21,-184.21,44.88,1.0,293.0,0.0,140.64,78.24,43.24
2026-05-28 12:20:00,12,534.21,-184.21,44.91,5.0,306.22,0.02,146.99,81.33,43.11
2026-05-28 12:25:00,12,534.21,-184.21,45.33,3.0,246.5,0.02,118.32,73.78,42.98
2026-05-28 12:30:00,12,534.21,-184.21,44.68,1.0,241.27,0.01,115.81,72.53,42.86
2026-05-28 12:35:00,12,534.21,-184.21,45.23,1.0,221.74,0.01,106.44,70.66,42.74
2026-05-28 12:40:00,12,534.21,-184.21,44.87,3.0,221.37,0.02,106.26,71.34,42.63
2026-05-28 12:45:00,12,534.21,-184.21,44.65,4.0,265.01,0.02,127.2,76.09,42.5
2026-05-28 12:50:00,12,534.21,-184.21,44.31,2.0,221.58,0.01,106.36,70.99,42.38
2026-05-28 12:55:00,12,534.21,-184.21,44.76,2.0,218.81,0.01,105.03,70.74,42.26
2026-05-28 13:00:00,12,534.21,-184.21,43.96,4.0,304.83,0.01,146.32,80.78,42.13
2026-05-28 13:05:00,12,534.21,-184.21,44.85,0.0,232.93,0.0,111.8,71.34,42.01
2026-05-28 13:10:00,12,534.21,-184.21,45.29,3.0,277.12,0.01,133.02,77.09,41.88
2026-05-28 13:15:00,12,534.21,-184.21,45.06,1.0,213.49,0.01,102.48,69.91,41.76
2026-05-28 13:20:00,12,534.21,-184.21,44.86,5.0,282.59,0.02,135.64,78.44,41.63
2026-05-28 13:25:00,12,534.21,-184.21,44.06,2.0,259.21,0.01,124.42,74.74,41.51
2026-05-28 13:30:00,12,534.21,-184.21,43.92,3.0,267.32,0.01,128.31,75.98,41.38
2026-05-28 13:35:00,12,534.21,-184.21,44.44,2.0,225.44,0.01,108.21,71.35,41.26
2026-05-28 13:40:00,12,534.21,-184.21,44.36,4.0,236.77,0.02,113.65,73.16,41.14
2026-05-28 13:45:00,12,534.21,-184.21,43.75,2.0,253.05,0.01,121.46,74.09,41.02
2026-05-28 13:50:00,12,534.21,-184.21,43.85,2.0,253.3,0.01,121.58,74.11,40.89
2026-05-28 13:55:00,12,534.21,-184.21,44.39,2.0,234.68,0.01,112.65,72.23,40.77
2026-05-28 14:00:00,12,534.21,-184.21,44.91,2.0,310.85,0.01,149.21,80.85,40.64
2026-05-28 14:05:00,12,534.21,-184.21,44.11,4.0,310.73,0.01,149.15,81.53,40.5
2026-05-28 14:10:00,12,534.21,-184.21,43.98,1.0,259.63,0.0,124.62,74.42,40.38
2026-05-28 14:15:00,12,534.21,-184.21,43.89,6.0,299.9,0.02,143.95,80.88,40.24
2026-05-28 14:20:00,12,534.21,-184.21,44.3,1.0,294.0,0.0,141.12,78.36,40.11
2026-05-28 14:25:00,12,534.21,-184.21,44.1,7.0,318.89,0.02,153.07,83.67,39.97
2026-05-28 14:30:00,12,534.21,-184.21,42.77,6.0,212.88,0.04,102.18,71.66,39.86
2026-05-28 14:35:00,12,534.21,-184.21,43.56,1.0,239.98,0.01,115.19,72.4,39.73
2026-05-28 14:40:00,12,534.21,-184.21,42.83,4.0,301.91,0.01,144.92,80.41,39.6
2026-05-28 14:45:00,12,534.21,-184.21,43.11,0.0,297.25,0.0,142.68,78.41,39.47
2026-05-28 14:50:00,12,534.21,-184.21,42.41,0.0,228.75,0.0,109.8,70.94,39.35
2026-05-28 14:55:00,12,534.21,-184.21,43.86,2.0,267.86,0.01,128.57,75.69,39.23
2026-05-28 15:00:00,12,534.21,-184.21,42.94,1.0,318.31,0.0,152.79,81.45,39.09
2026-05-28 15:05:00,12,534.21,-184.21,43.13,7.0,324.98,0.02,155.99,84.48,38.95
2026-05-28 15:10:00,12,534.21,-184.21,42.8,2.0,255.51,0.01,122.64,74.34,38.82
2026-05-28 15:15:00,12,534.21,-184.21,42.19,1.0,322.61,0.0,154.85,82.02,38.69
2026-05-28 15:20:00,12,534.21,-184.21,41.77,3.0,272.66,0.01,130.88,76.57,38.56
2026-05-28 15:25:00,12,534.21,-184.21,43.16,0.0,300.45,0.0,144.21,78.81,38.43
2026-05-28 15:30:00,12,534.21,-184.21,42.74,4.0,296.49,0.01,142.32,79.74,38.3
2026-05-28 15:35:00,12,534.21,-184.21,41.84,2.0,252.93,0.01,121.41,74.07,38.17
2026-05-28 15:40:00,12,534.21,-184.21,42.08,3.0,302.61,0.01,145.25,80.14,38.04
2026-05-28 15:45:00,12,534.21,-184.21,41.96,4.0,262.8,0.02,126.14,75.85,37.91
2026-05-28 15:50:00,12,534.21,-184.21,40.55,1.0,200.15,0.01,96.07,68.76,37.8
2026-05-28 15:55:00,12,534.21,-184.21,41.69,1.0,274.58,0.0,131.8,76.07,37.67
2026-05-28 16:00:00,12,534.21,-184.21,41.78,4.0,271.0,0.02,130.08,76.75,37.54
2026-05-28 16:05:00,12,534.21,-184.21,41.57,1.0,241.24,0.01,115.79,72.52,37.42
2026-05-28 16:10:00,12,534.21,-184.21,41.22,4.0,314.26,0.01,150.85,81.98,37.29
2026-05-28 16:15:00,12,534.21,-184.21,41.43,1.0,252.95,0.0,121.42,73.7,37.16
2026-05-28 16:20:00,12,534.21,-184.21,41.32,4.0,248.33,0.02,119.2,74.31,37.04
2026-05-28 16:25:00,12,534.21,-184.21,40.43,1.0,261.69,0.0,125.61,74.63,36.91
2026-05-28 16:30:00,12,534.21,-184.21,40.48,0.0,202.63,0.0,97.26,68.6,36.8
2026-05-28 16:35:00,12,534.21,-184.21,40.91,2.0,290.68,0.01,139.53,78.33,36.67
2026-05-28 16:40:00,12,534.21,-184.21,41.09,4.0,281.67,0.02,135.2,77.97,36.54
2026-05-28 16:45:00,12,534.21,-184.21,40.59,2.0,310.46,0.01,149.02,80.79,36.41
2026-05-28 16:50:00,12,534.21,-184.21,40.21,1.0,282.57,0.0,135.64,76.99,36.28
2026-05-28 16:55:00,12,534.21,-184.21,39.93,0.0,224.85,0.0,107.93,70.57,36.16
2026-05-28 17:00:00,12,534.21,-184.21,39.82,0.0,247.19,0.0,118.65,72.75,36.04
2026-05-28 17:05:00,12,534.21,-184.21,38.88,0.0,218.94,0.0,105.09,70.02,35.92
2026-05-28 17:10:00,12,534.21,-184.21,39.09,0.0,208.39,0.0,100.03,69.09,35.81
2026-05-28 17:15:00,12,534.21,-184.21,39.56,0.0,265.27,0.0,127.33,74.67,35.68
2026-05-28 17:20:00,12,534.21,-184.21,39.17,3.0,220.21,0.02,105.7,71.23,35.56
2026-05-28 17:25:00,12,534.21,-184.21,38.57,1.0,268.5,0.0,128.88,75.38,35.44
2026-05-28 17:30:00,12,534.21,-184.21,39.25,3.0,300.77,0.01,144.37,79.91,35.3
2026-05-28 17:35:00,12,534.21,-184.21,39.57,0.0,205.4,0.0,98.59,68.83,35.19
2026-05-28 17:40:00,12,534.21,-184.21,38.5,2.0,300.05,0.01,144.02,79.47,35.06
2026-05-28 17:45:00,12,534.21,-184.21,39.23,3.0,296.53,0.01,142.34,79.38,34.93
2026-05-28 17:50:00,12,534.21,-184.21,38.02,1.0,268.14,0.0,128.71,75.34,34.8
2026-05-28 17:55:00,12,534.21,-184.21,37.56,0.0,247.51,0.0,118.8,72.78,34.68
2026-05-28 18:00:00,12,534.21,-184.21,38.16,1.0,303.3,0.0,145.59,79.5,34.55
2026-05-28 18:05:00,12,534.21,-184.21,38.33,2.0,299.75,0.01,143.88,79.43,34.41
2026-05-28 18:10:00,12,534.21,-184.21,38.16,0.0,229.01,0.0,109.92,70.95,34.3
2026-05-28 18:15:00,12,534.21,-184.21,38.51,0.0,232.11,0.0,111.41,71.25,34.18
2026-05-28 18:20:00,12,534.21,-184.21,37.08,0.0,216.16,0.0,103.76,69.77,34.06
2026-05-28 18:25:00,12,534.21,-184.21,37.51,3.0,314.41,0.01,150.92,81.65,33.92
2026-05-28 18:30:00,12,534.21,-184.21,35.74,0.0,308.26,0.0,147.96,79.78,33.79
2026-05-28 18:35:00,12,534.21,-184.21,37.31,0.0,248.37,0.0,119.22,72.87,33.67
2026-05-28 18:40:00,12,534.21,-184.21,36.77,2.0,260.8,0.01,125.18,74.9,33.54
2026-05-28 18:45:00,12,534.21,-184.21,37.02,0.0,290.39,0.0,139.39,77.56,33.42
2026-05-28 18:50:00,12,534.21,-184.21,36.21,1.0,261.11,0.0,125.33,74.56,33.29
2026-05-28 18:55:00,12,534.21,-184.21,36.33,0.0,259.04,0.0,124.34,73.99,33.17
2026-05-28 19:00:00,12,534.21,-184.21,36.7,1.0,304.64,0.0,146.23,79.67,33.04
2026-05-28 19:05:00,12,534.21,-184.21,36.49,1.0,220.56,0.01,105.87,70.53,32.92
2026-05-28 19:10:00,12,534.21,-184.21,35.48,0.0,202.34,0.0,97.12,68.56,32.8
2026-05-28 19:15:00,12,534.21,-184.21,36.13,0.0,254.75,0.0,122.28,73.53,32.68
2026-05-28 19:20:00,12,534.21,-184.21,35.66,1.0,323.67,0.0,155.36,82.15,32.54
2026-05-28 19:25:00,12,534.21,-184.21,36.24,0.0,245.4,0.0,117.79,72.56,32.42
2026-05-28 19:30:00,12,534.21,-184.21,34.62,3.0,284.09,0.01,136.36,77.88,32.29
2026-05-28 19:35:00,12,534.21,-184.21,35.28,0.0,296.91,0.0,142.52,78.35,32.16
2026-05-28 19:40:00,12,534.21,-184.21,34.28,0.0,287.87,0.0,138.18,77.26,32.03
2026-05-28 19:45:00,12,534.21,-184.21,34.75,1.0,319.94,0.0,153.57,81.65,31.9
2026-05-28 19:50:00,12,534.21,-184.21,35.07,2.0,280.82,0.01,134.79,77.14,31.77
2026-05-28 19:55:00,12,534.21,-184.21,35.08,1.0,287.37,0.0,137.94,77.55,31.64
2026-05-28 20:00:00,12,534.21,-184.21,34.44,0.0,276.52,0.0,132.73,75.93,31.51
2026-05-28 20:05:00,12,534.21,-184.21,34.56,0.0,279.86,0.0,134.33,76.31,31.39
2026-05-28 20:10:00,12,534.21,-184.21,33.67,0.0,201.64,0.0,96.79,68.5,31.27
2026-05-28 20:15:00,12,534.21,-184.21,34.79,0.0,275.61,0.0,132.29,75.82,31.15
2026-05-28 20:20:00,12,534.21,-184.21,34.56,3.0,296.26,0.01,142.2,79.34,31.01
2026-05-28 20:25:00,12,534.21,-184.21,33.28,0.0,271.08,0.0,130.12,75.31,30.89
2026-05-28 20:30:00,12,534.21,-184.21,33.96,2.0,248.61,0.01,119.33,73.61,30.77
2026-05-28 20:35:00,12,534.21,-184.21,33.91,1.0,276.63,0.0,132.78,76.29,30.64
2026-05-28 20:40:00,12,534.21,-184.21,33.25,1.0,234.04,0.01,112.34,71.8,30.52
2026-05-28 20:45:00,12,534.21,-184.21,33.17,1.0,289.55,0.0,138.98,77.8,30.39
2026-05-28 20:50:00,12,534.21,-184.21,34.04,2.0,291.9,0.01,140.11,78.46,30.26
2026-05-28 20:55:00,12,534.21,-184.21,32.71,0.0,247.82,0.0,118.95,72.8,30.14
2026-05-28 21:00:00,12,534.21,-184.21,32.65,3.0,247.24,0.02,118.67,73.83,30.01
2026-05-28 21:05:00,12,534.21,-184.21,31.92,2.0,300.77,0.01,144.37,79.55,29.88
2026-05-28 21:10:00,12,534.21,-184.21,32.93,1.0,242.82,0.01,116.55,72.66,29.76
2026-05-28 21:15:00,12,534.21,-184.21,32.09,1.0,258.14,0.0,123.91,74.24,29.64
2026-05-28 21:20:00,12,534.21,-184.21,32.33,0.0,204.06,0.0,97.95,68.7,29.52
2026-05-28 21:25:00,12,534.21,-184.21,32.37,0.0,293.62,0.0,140.94,77.95,29.39
2026-05-28 21:30:00,12,534.21,-184.21,32.53,1.0,300.06,0.0,144.03,79.09,29.26
2026-05-28 21:35:00,12,534.21,-184.21,31.87,0.0,320.75,0.0,153.96,81.4,29.12
2026-05-28 21:40:00,12,534.21,-184.21,32.1,2.0,266.27,0.01,127.81,75.49,29.0
2026-05-28 21:45:00,12,534.21,-184.21,32.08,2.0,298.75,0.01,143.4,79.29,28.87
2026-05-28 21:50:00,12,534.21,-184.21,33.05,1.0,249.31,0.01,119.67,73.33,28.74
2026-05-28 21:55:00,12,534.21,-184.21,32.01,0.0,278.83,0.0,133.84,76.19,28.62
2026-05-28 22:00:00,12,534.21,-184.21,31.62,0.0,306.62,0.0,147.18,79.56,28.48
2026-05-28 22:05:00,12,534.21,-184.21,31.5,0.0,318.5,0.0,152.88,81.1,28.35
2026-05-28 22:10:00,12,534.21,-184.21,32.48,0.0,217.48,0.0,104.39,69.88,28.23
2026-05-28 22:15:00,12,534.21,-184.21,32.58,0.0,229.32,0.0,110.07,70.97,28.11
2026-05-28 22:20:00,12,534.21,-184.21,32.04,5.0,297.69,0.02,142.89,80.23,27.98
2026-05-28 22:25:00,12,534.21,-184.21,31.8,0.0,267.79,0.0,128.54,74.94,27.86
2026-05-28 22:30:00,12,534.21,-184.21,32.33,0.0,213.53,0.0,102.49,69.52,27.74
2026-05-28 22:35:00,12,534.21,-184.21,30.24,2.0,308.53,0.01,148.09,80.52,27.61
2026-05-28 22:40:00,12,534.21,-184.21,31.6,0.0,229.03,0.0,109.93,70.94,27.49
2026-05-28 22:45:00,12,534.21,-184.21,31.19,2.0,246.49,0.01,118.31,73.38,27.37
2026-05-28 22:50:00,12,534.21,-184.21,32.6,4.0,267.84,0.02,128.56,76.38,27.24
2026-05-28 22:55:00,12,534.21,-184.21,32.23,0.0,237.84,0.0,114.16,71.8,27.12
2026-05-28 23:00:00,12,534.21,-184.21,30.86,3.0,234.32,0.02,112.47,72.54,27.0
2026-05-28 23:05:00,12,534.21,-184.21,30.73,2.0,276.48,0.01,132.71,76.64,26.87
2026-05-28 23:10:00,12,534.21,-184.21,31.58,2.0,214.64,0.01,103.03,70.34,26.75
2026-05-28 23:15:00,12,534.21,-184.21,30.33,0.0,297.91,0.0,143.0,78.47,26.62
2026-05-28 23:20:00,12,534.21,-184.21,30.98,1.0,250.23,0.01,120.11,73.42,26.5
2026-05-28 23:25:00,12,534.21,-184.21,31.11,3.0,290.99,0.01,139.68,78.69,26.37
2026-05-28 23:30:00,12,534.21,-184.21,30.88,2.0,281.05,0.01,134.91,77.17,26.24
2026-05-28 23:35:00,12,534.21,-184.21,31.1,0.0,210.95,0.0,101.26,69.29,26.12
2026-05-28 23:40:00,12,534.21,-184.21,32.03,4.0,310.42,0.01,149.0,81.47,25.99
2026-05-28 23:45:00,12,534.21,-184.21,30.93,0.0,271.69,0.0,130.41,75.37,25.86
2026-05-28 23:50:00,12,534.21,-184.21,30.97,0.0,273.12,0.0,131.1,75.53,25.74
2026-05-28 23:55:00,12,534.21,-184.21,30.66,3.0,320.12,0.01,153.66,82.38,25.6
2026-05-29 00:00:00,12,534.21,-184.21,30.33,3.0,213.71,0.02,102.58,70.62,25.48
2026-05-29 00:05:00,12,534.21,-184.21,29.9,3.0,251.13,0.02,120.54,74.23,25.36
2026-05-29 00:10:00,12,534.21,-184.21,30.77,4.0,279.13,0.02,133.98,77.66,25.23
2026-05-29 00:15:00,12,534.21,-184.21,31.54,1.0,219.03,0.01,105.14,70.38,25.11
2026-05-29 00:20:00,12,534.21,-184.21,30.85,0.0,221.46,0.0,106.3,70.23,24.99
2026-05-29 00:25:00,12,534.21,-184.21,30.18,0.0,229.72,0.0,110.26,71.01,24.88
2026-05-29 00:30:00,12,534.21,-184.21,31.87,0.0,218.94,0.0,105.09,70.01,24.76
2026-05-29 00:35:00,12,534.21,-184.21,31.75,4.0,299.55,0.01,143.78,80.09,24.63
2026-05-29 00:40:00,12,534.21,-184.21,31.21,1.0,282.75,0.0,135.72,76.99,24.5
2026-05-29 00:45:00,12,534.21,-184.21,29.49,1.0,223.7,0.01,107.38,70.81,24.38
2026-05-29 00:50:00,12,534.21,-184.21,31.36,0.0,287.9,0.0,138.19,77.25,24.25
2026-05-29 00:55:00,12,534.21,-184.21,30.68,2.0,219.72,0.01,105.47,70.8,24.13
2026-05-29 01:00:00,12,534.21,-184.21,31.39,0.0,296.08,0.0,142.12,78.24,24.0
2026-05-29 01:05:00,12,534.21,-184.21,30.9,1.0,255.93,0.0,122.85,74.0,23.88
2026-05-29 01:10:00,12,534.21,-184.21,30.77,2.0,207.01,0.01,99.37,69.67,23.76
2026-05-29 01:15:00,12,534.21,-184.21,31.48,2.0,264.61,0.01,127.01,75.3,23.64
2026-05-29 01:20:00,12,534.21,-184.21,31.12,5.0,276.83,0.02,132.88,77.75,23.51
2026-05-29 01:25:00,12,534.21,-184.21,30.73,3.0,273.01,0.01,131.04,76.59,23.38
2026-05-29 01:30:00,12,534.21,-184.21,31.83,1.0,293.98,0.0,141.11,78.34,23.25
2026-05-29 01:35:00,12,534.21,-184.21,31.37,3.0,300.39,0.01,144.19,79.85,23.12
2026-05-29 01:40:00,12,534.21,-184.21,31.19,0.0,298.75,0.0,143.4,78.57,22.99
2026-05-29 01:45:00,12,534.21,-184.21,30.95,6.0,276.8,0.02,132.87,78.09,22.86
2026-05-29 01:50:00,12,534.21,-184.21,31.88,1.0,211.5,0.01,101.52,69.71,22.74
2026-05-29 01:55:00,12,534.21,-184.21,32.14,0.0,320.51,0.0,153.85,81.37,22.6
2026-05-29 02:00:00,12,534.21,-184.21,32.59,0.0,246.53,0.0,118.34,72.67,22.48
2026-05-29 02:05:00,12,534.21,-184.21,32.01,6.0,293.46,0.02,140.86,80.06,22.35
2026-05-29 02:10:00,12,534.21,-184.21,33.49,2.0,317.92,0.01,152.6,81.75,22.21
2026-05-29 02:15:00,12,534.21,-184.21,32.15,4.0,319.35,0.01,153.29,82.64,22.07
2026-05-29 02:20:00,12,534.21,-184.21,32.52,1.0,265.68,0.0,127.53,75.06,21.95
2026-05-29 02:25:00,12,534.21,-184.21,31.44,3.0,200.72,0.02,96.35,69.51,21.83
2026-05-29 02:30:00,12,534.21,-184.21,32.86,2.0,311.19,0.01,149.37,80.87,21.7
2026-05-29 02:35:00,12,534.21,-184.21,32.4,3.0,294.78,0.01,141.5,79.16,21.57
2026-05-29 02:40:00,12,534.21,-184.21,33.33,1.0,252.04,0.01,120.98,73.61,21.44
2026-05-29 02:45:00,12,534.21,-184.21,33.01,0.0,311.3,0.0,149.42,80.16,21.31
2026-05-29 02:50:00,12,534.21,-184.21,32.58,0.0,283.25,0.0,135.96,76.7,21.18
2026-05-29 02:55:00,12,534.21,-184.21,32.64,3.0,234.02,0.02,112.33,72.51,21.06
2026-05-29 03:00:00,12,534.21,-184.21,33.24,1.0,265.69,0.0,127.53,75.06,20.94
2026-05-29 03:05:00,12,534.21,-184.21,32.69,5.0,252.19,0.03,121.05,75.07,20.81
2026-05-29 03:10:00,12,534.21,-184.21,32.87,5.0,305.86,0.02,146.81,81.26,20.68
2026-05-29 03:15:00,12,534.21,-184.21,33.1,3.0,253.17,0.01,121.52,74.43,20.55
2026-05-29 03:20:00,12,534.21,-184.21,33.88,5.0,256.7,0.02,123.21,75.52,20.43
2026-05-29 03:25:00,12,534.21,-184.21,34.66,1.0,286.65,0.0,137.59,77.46,20.3
2026-05-29 03:30:00,12,534.21,-184.21,33.62,4.0,298.74,0.01,143.39,79.99,20.16
2026-05-29 03:35:00,12,534.21,-184.21,33.91,0.0,208.83,0.0,100.24,69.11,20.05
2026-05-29 03:40:00,12,534.21,-184.21,33.68,0.0,277.68,0.0,133.29,76.06,19.92
2026-05-29 03:45:00,12,534.21,-184.21,34.46,3.0,299.05,0.01,143.54,79.68,19.79
2026-05-29 03:50:00,12,534.21,-184.21,35.38,0.0,284.31,0.0,136.47,76.83,19.66
2026-05-29 03:55:00,12,534.21,-184.21,34.74,5.0,232.83,0.03,111.76,73.12,19.54
2026-05-29 04:00:00,12,534.21,-184.21,33.91,1.0,320.15,0.0,153.67,81.67,19.4
2026-05-29 04:05:00,12,534.21,-184.21,34.48,4.0,231.75,0.02,111.24,72.65,19.28
2026-05-29 04:10:00,12,534.21,-184.21,35.53,2.0,293.21,0.01,140.74,78.62,19.15
2026-05-29 04:15:00,12,534.21,-184.21,34.17,2.0,283.87,0.01,136.26,77.5,19.02
2026-05-29 04:20:00,12,534.21,-184.21,35.31,1.0,201.18,0.01,96.57,68.84,18.91
2026-05-29 04:25:00,12,534.21,-184.21,35.5,2.0,258.6,0.01,124.13,74.66,18.78
2026-05-29 04:30:00,12,534.21,-184.21,35.13,2.0,273.37,0.01,131.22,76.29,18.66
2026-05-29 04:35:00,12,534.21,-184.21,35.46,3.0,210.27,0.02,100.93,70.33,18.54
2026-05-29 04:40:00,12,534.21,-184.21,35.21,1.0,210.25,0.01,100.92,69.61,18.42
2026-05-29 04:45:00,12,534.21,-184.21,35.72,3.0,313.05,0.01,150.27,81.47,18.29
2026-05-29 04:50:00,12,534.21,-184.21,35.68,4.0,265.0,0.02,127.2,76.08,18.16
2026-05-29 04:55:00,12,534.21,-184.21,35.78,4.0,256.11,0.02,122.93,75.11,18.03
2026-05-29 05:00:00,12,534.21,-184.21,36.95,2.0,239.24,0.01,114.84,72.66,17.91
2026-05-29 05:05:00,12,534.21,-184.21,36.7,0.0,279.56,0.0,134.19,76.28,17.79
2026-05-29 05:10:00,12,534.21,-184.21,35.9,1.0,292.88,0.0,140.58,78.21,17.66
2026-05-29 05:15:00,12,534.21,-184.21,36.85,0.0,267.21,0.0,128.26,74.88,17.53
2026-05-29 05:20:00,12,534.21,-184.21,36.16,1.0,259.9,0.0,124.75,74.43,17.41
2026-05-29 05:25:00,12,534.21,-184.21,37.81,1.0,315.56,0.0,151.47,81.08,17.27
2026-05-29 05:30:00,12,534.21,-184.21,37.33,1.0,315.08,0.0,151.24,81.01,17.14
2026-05-29 05:35:00,12,534.21,-184.21,37.63,0.0,303.68,0.0,145.77,79.2,17.01
2026-05-29 05:40:00,12,534.21,-184.21,37.23,1.0,288.97,0.0,138.7,77.74,16.88
2026-05-29 05:45:00,12,534.21,-184.21,37.23,0.0,315.59,0.0,151.48,80.73,16.74
2026-05-29 05:50:00,12,534.21,-184.21,37.62,4.0,208.29,0.03,99.98,70.53,16.62
2026-05-29 05:55:00,12,534.21,-184.21,37.17,1.0,260.86,0.0,125.21,74.54,16.5
2026-05-29 06:00:00,12,534.21,-184.21,37.91,0.0,250.09,0.0,120.04,73.05,16.38
2026-05-29 06:05:00,12,534.21,-184.21,37.69,0.0,271.09,0.0,130.12,75.32,16.25
2026-05-29 06:10:00,12,534.21,-184.21,38.0,1.0,236.01,0.01,113.28,72.0,16.13
2026-05-29 06:15:00,12,534.21,-184.21,37.57,1.0,224.59,0.01,107.8,70.91,16.01
2026-05-29 06:20:00,12,534.21,-184.21,38.71,1.0,258.19,0.0,123.93,74.25,15.89
2026-05-29 06:25:00,12,534.21,-184.21,38.45,3.0,300.38,0.01,144.18,79.86,15.76
2026-05-29 06:30:00,12,534.21,-184.21,39.37,2.0,322.01,0.01,154.57,82.3,15.62
2026-05-29 06:35:00,12,534.21,-184.21,39.3,1.0,288.78,0.0,138.61,77.72,15.49
2026-05-29 06:40:00,12,534.21,-184.21,38.9,1.0,243.65,0.01,116.95,72.76,15.37
2026-05-29 06:45:00,12,534.21,-184.21,39.34,0.0,277.24,0.0,133.08,76.02,15.24
2026-05-29 06:50:00,12,534.21,-184.21,39.79,0.0,308.76,0.0,148.2,79.85,15.11
2026-05-29 06:55:00,12,534.21,-184.21,39.27,1.0,298.6,0.0,143.33,78.92,14.98
2026-05-29 07:00:00,12,534.21,-184.21,40.33,0.0,263.56,0.0,126.51,74.49,14.85
2026-05-29 07:05:00,12,534.21,-184.21,40.04,0.0,216.87,0.0,104.1,69.83,14.74
2026-05-29 07:10:00,12,534.21,-184.21,40.04,0.0,208.31,0.0,99.99,69.08,14.62
2026-05-29 07:15:00,12,534.21,-184.21,40.36,0.0,282.38,0.0,135.54,76.62,14.49
2026-05-29 07:20:00,12,534.21,-184.21,40.38,1.0,294.71,0.0,141.46,78.44,14.36
2026-05-29 07:25:00,12,534.21,-184.21,40.36,0.0,318.15,0.0,152.71,81.07,14.23
2026-05-29 07:30:00,12,534.21,-184.21,40.85,2.0,242.72,0.01,116.51,73.02,14.11
2026-05-29 07:35:00,12,534.21,-184.21,40.31,0.0,217.81,0.0,104.55,69.92,13.99
2026-05-29 07:40:00,12,534.21,-184.21,41.0,1.0,201.9,0.01,96.91,68.91,13.88
2026-05-29 07:45:00,12,534.21,-184.21,40.97,0.0,315.07,0.0,151.23,80.67,13.74
2026-05-29 07:50:00,12,534.21,-184.21,41.26,2.0,323.04,0.01,155.06,82.44,13.6
2026-05-29 07:55:00,12,534.21,-184.21,41.16,1.0,243.03,0.01,116.66,72.7,13.48
2026-05-29 08:00:00,12,534.21,-184.21,41.55,1.0,225.25,0.01,108.12,70.98,13.36
2026-05-29 08:05:00,12,534.21,-184.21,42.65,0.0,224.06,0.0,107.55,70.5,13.25
2026-05-29 08:10:00,12,534.21,-184.21,41.62,0.0,229.43,0.0,110.12,71.0,13.13
2026-05-29 08:15:00,12,534.21,-184.21,41.25,2.0,301.24,0.01,144.59,79.62,13.0
2026-05-29 08:20:00,12,534.21,-184.21,42.82,2.0,229.24,0.01,110.04,71.71,12.88
2026-05-29 08:25:00,12,534.21,-184.21,42.47,0.0,303.41,0.0,145.63,79.17,12.74
2026-05-29 08:30:00,12,534.21,-184.21,43.31,1.0,315.78,0.0,151.57,81.11,12.61
2026-05-29 08:35:00,12,534.21,-184.21,42.2,0.0,317.42,0.0,152.36,80.98,12.47
2026-05-29 08:40:00,12,534.21,-184.21,42.76,2.0,316.58,0.01,151.96,81.59,12.34
2026-05-29 08:45:00,12,534.21,-184.21,42.62,0.0,309.52,0.0,148.57,79.95,12.2
2026-05-29 08:50:00,12,534.21,-184.21,42.29,2.0,266.25,0.01,127.8,75.51,12.08
2026-05-29 08:55:00,12,534.21,-184.21,42.66,0.0,309.97,0.0,148.78,80.01,11.95
2026-05-29 09:00:00,12,534.21,-184.21,42.38,1.0,303.58,0.0,145.72,79.55,11.81
2026-05-29 09:05:00,12,534.21,-184.21,43.18,1.0,296.79,0.0,142.46,78.7,11.68
2026-05-29 09:10:00,12,534.21,-184.21,43.19,2.0,313.2,0.01,150.34,81.15,11.55
2026-05-29 09:15:00,12,534.21,-184.21,43.09,0.0,260.26,0.0,124.93,74.13,11.42
2026-05-29 09:20:00,12,534.21,-184.21,43.05,1.0,319.5,0.0,153.36,81.61,11.29
2026-05-29 09:25:00,12,534.21,-184.21,43.82,0.0,248.39,0.0,119.23,72.88,11.17
2026-05-29 09:30:00,12,534.21,-184.21,43.8,0.0,260.18,0.0,124.88,74.13,11.04
2026-05-29 09:35:00,12,534.21,-184.21,44.09,0.0,242.11,0.0,116.21,72.24,10.92
2026-05-29 09:40:00,12,534.21,-184.21,43.83,2.0,314.14,0.01,150.79,81.27,10.79
2026-05-29 09:45:00,12,534.21,-184.21,44.74,1.0,271.17,0.0,130.16,75.69,10.66
2026-05-29 09:50:00,12,534.21,-184.21,43.42,1.0,322.62,0.0,154.86,82.02,10.52
2026-05-29 09:55:00,12,534.21,-184.21,43.86,0.0,291.8,0.0,140.06,77.74,10.39
2026-05-29 10:00:00,12,534.21,-184.21,44.06,1.0,313.37,0.0,150.42,80.8,10.26
2026-05-29 10:05:00,12,534.21,-184.21,43.9,1.0,263.26,0.0,126.36,74.81,10.13
2026-05-29 10:10:00,12,534.21,-184.21,44.18,1.0,223.42,0.01,107.24,70.81,10.02
2026-05-29 10:15:00,12,534.21,-184.21,44.22,1.0,286.53,0.0,137.54,77.47,9.89
2026-05-29 10:20:00,12,534.21,-184.21,44.35,1.0,319.68,0.0,153.45,81.63,9.75
2026-05-29 10:25:00,12,534.21,-184.21,44.38,1.0,236.44,0.01,113.49,72.05,9.63
2026-05-29 10:30:00,12,534.21,-184.21,44.34,1.0,240.9,0.01,115.63,72.49,9.51
2026-05-29 10:35:00,12,534.21,-184.21,44.14,0.0,307.03,0.0,147.37,79.64,9.38
2026-05-29 10:40:00,12,534.21,-184.21,45.01,0.0,206.37,0.0,99.06,68.92,9.26
2026-05-29 10:45:00,12,534.21,-184.21,44.79,3.0,286.74,0.01,137.63,78.21,9.13
2026-05-29 10:50:00,12,534.21,-184.21,44.5,2.0,222.18,0.01,106.65,71.05,9.01
2026-05-29 10:55:00,12,534.21,-184.21,44.47,1.0,227.92,0.01,109.4,71.23,8.9
2026-05-29 11:00:00,12,534.21,-184.21,45.23,5.0,320.62,0.02,153.9,83.2,8.76
2026-05-29 11:05:00,12,534.21,-184.21,44.54,2.0,250.59,0.01,120.29,73.83,8.63
2026-05-29 11:10:00,12,534.21,-184.21,44.77,0.0,273.4,0.0,131.23,75.59,8.51
2026-05-29 11:15:00,12,534.21,-184.21,45.16,0.0,299.45,0.0,143.73,78.69,8.38
2026-05-29 11:20:00,12,534.21,-184.21,44.92,0.0,218.69,0.0,104.97,70.01,8.26
2026-05-29 11:25:00,12,534.21,-184.21,45.72,4.0,308.07,0.01,147.87,81.19,8.12
2026-05-29 11:30:00,12,534.21,-184.21,45.34,2.0,292.25,0.01,140.28,78.52,7.99
2026-05-29 11:35:00,12,534.21,-184.21,44.39,3.0,287.45,0.01,137.98,78.3,7.86
2026-05-29 11:40:00,12,534.21,-184.21,44.97,0.0,302.95,0.0,145.42,79.12,7.73
2026-05-29 11:45:00,12,534.21,-184.21,44.34,2.0,267.42,0.01,128.36,75.64,7.61
2026-05-29 11:50:00,12,534.21,-184.21,45.08,1.0,302.36,0.0,145.13,79.4,7.47
2026-05-29 11:55:00,12,534.21,-184.21,45.13,2.0,226.77,0.01,108.85,71.48,7.35
2026-05-29 12:00:00,12,534.21,-184.21,44.89,5.0,231.28,0.03,111.01,72.99,7.23
2026-05-29 12:05:00,12,534.21,-184.21,45.38,5.0,256.03,0.02,122.89,75.48,7.11
2026-05-29 12:10:00,12,534.21,-184.21,44.91,1.0,302.24,0.0,145.08,79.39,6.97
2026-05-29 12:15:00,12,534.21,-184.21,45.37,8.0,294.46,0.03,141.34,80.93,6.84
2026-05-29 12:20:00,12,534.21,-184.21,44.36,1.0,215.5,0.01,103.44,70.09,6.72
2026-05-29 12:25:00,12,534.21,-184.21,45.1,0.0,205.7,0.0,98.73,68.87,6.61
2026-05-29 12:30:00,12,534.21,-184.21,44.78,0.0,211.66,0.0,101.59,69.38,6.49
2026-05-29 12:35:00,12,534.21,-184.21,45.97,3.0,323.11,0.01,155.09,82.81,6.35
2026-05-29 12:40:00,12,534.21,-184.21,44.71,4.0,300.26,0.01,144.13,80.21,6.22
2026-05-29 12:45:00,12,534.21,-184.21,45.07,2.0,212.21,0.01,101.86,70.15,6.1
2026-05-29 12:50:00,12,534.21,-184.21,44.16,3.0,284.05,0.01,136.34,77.89,5.97
2026-05-29 12:55:00,12,534.21,-184.21,44.73,0.0,293.2,0.0,140.73,77.92,5.84
2026-05-29 13:00:00,12,534.21,-184.21,44.74,0.0,239.25,0.0,114.84,71.96,5.72
2026-05-29 13:05:00,12,534.21,-184.21,44.6,6.0,240.27,0.03,115.33,74.22,5.6
2026-05-29 13:10:00,12,534.21,-184.21,45.59,4.0,311.78,0.01,149.65,81.67,5.46
2026-05-29 13:15:00,12,534.21,-184.21,44.66,1.0,202.94,0.01,97.41,69.0,5.35
2026-05-29 13:20:00,12,534.21,-184.21,45.24,1.0,280.16,0.0,134.48,76.72,5.22
2026-05-29 13:25:00,12,534.21,-184.21,44.35,1.0,201.77,0.01,96.85,68.9,5.11
2026-05-29 13:30:00,12,534.21,-184.21,44.46,2.0,203.08,0.02,97.48,69.38,4.99
2026-05-29 13:35:00,12,534.21,-184.21,44.53,3.0,225.73,0.02,108.35,71.75,4.87
2026-05-29 13:40:00,12,534.21,-184.21,44.09,1.0,274.58,0.0,131.8,76.07,4.74
2026-05-29 13:45:00,12,534.21,-184.21,44.42,0.0,220.33,0.0,105.76,70.16,4.63
2026-05-29 13:50:00,12,534.21,-184.21,43.5,1.0,208.2,0.01,99.94,69.45,4.51
2026-05-29 13:55:00,12,534.21,-184.21,43.99,3.0,250.01,0.02,120.01,74.14,4.39
2026-05-29 14:00:00,12,534.21,-184.21,44.26,4.0,322.17,0.01,154.64,83.03,4.25
2026-05-29 14:05:00,12,534.21,-184.21,43.61,2.0,237.24,0.01,113.87,72.48,4.13
2026-05-29 14:10:00,12,534.21,-184.21,44.24,2.0,232.0,0.01,111.36,71.97,4.01
2026-05-29 14:15:00,12,534.21,-184.21,44.67,0.0,304.58,0.0,146.2,79.33,3.88
2026-05-29 14:20:00,12,534.21,-184.21,44.07,1.0,225.33,0.01,108.16,70.99,3.76
2026-05-29 14:25:00,12,534.21,-184.21,43.62,3.0,249.51,0.02,119.76,74.09,3.63
2026-05-29 14:30:00,12,534.21,-184.21,43.61,6.0,247.38,0.03,118.74,74.94,3.51
2026-05-29 14:35:00,12,534.21,-184.21,43.92,2.0,233.44,0.01,112.05,72.11,3.39
2026-05-29 14:40:00,12,534.21,-184.21,44.3,3.0,284.31,0.01,136.47,77.92,3.26
2026-05-29 14:45:00,12,534.21,-184.21,43.32,1.0,287.73,0.0,138.11,77.61,3.13
2026-05-29 14:50:00,12,534.21,-184.21,43.16,4.0,299.07,0.01,143.55,80.05,3.0
2026-05-29 14:55:00,12,534.21,-184.21,42.9,2.0,315.91,0.01,151.64,81.5,2.86
2026-05-29 15:00:00,12,534.21,-184.21,43.4,3.0,208.51,0.02,100.08,70.19,2.74
2026-05-29 15:05:00,12,534.21,-184.21,43.23,4.0,280.66,0.02,134.71,77.86,2.61
2026-05-29 15:10:00,12,534.21,-184.21,42.62,1.0,220.5,0.01,105.84,70.54,2.5
2026-05-29 15:15:00,12,534.21,-184.21,43.33,2.0,300.36,0.01,144.17,79.52,2.36
2026-05-29 15:20:00,12,534.21,-184.21,41.79,9.0,263.98,0.04,126.71,77.77,2.23
2026-05-29 15:25:00,12,534.21,-184.21,42.76,3.0,250.96,0.02,120.46,74.24,2.11
2026-05-29 15:30:00,12,534.21,-184.21,42.98,2.0,202.97,0.02,97.42,69.37,2.0
2026-05-29 15:35:00,12,534.21,-184.21,43.32,2.0,208.73,0.01,100.19,69.84,1.88
2026-05-29 15:40:00,12,534.21,-184.21,42.84,4.0,323.34,0.01,155.2,83.19,1.74
2026-05-29 15:45:00,12,534.21,-184.21,42.77,4.0,280.17,0.02,134.48,77.8,1.61
2026-05-29 15:50:00,12,534.21,-184.21,41.67,2.0,264.16,0.01,126.8,75.28,1.49
2026-05-29 15:55:00,12,534.21,-184.21,40.95,5.0,314.95,0.02,151.18,82.44,1.35
2026-05-29 16:00:00,12,534.21,-184.21,41.34,1.0,214.49,0.01,102.96,70.0,1.23
2026-05-29 16:05:00,12,534.21,-184.21,41.75,0.0,200.69,0.0,96.33,68.44,1.12
2026-05-29 16:10:00,12,534.21,-184.21,41.26,3.0,292.57,0.01,140.43,78.9,0.99
2026-05-29 16:15:00,12,534.21,-184.21,41.49,1.0,282.51,0.0,135.6,76.98,0.86
2026-05-29 16:20:00,12,534.21,-184.21,39.81,3.0,233.39,0.02,112.03,72.47,0.74
2026-05-29 16:25:00,12,534.21,-184.21,41.44,2.0,208.24,0.01,99.96,69.8,0.62
2026-05-29 16:30:00,12,534.21,-184.21,41.29,0.0,243.11,0.0,116.69,72.34,0.5
2026-05-29 16:35:00,12,534.21,-184.21,40.56,0.0,266.41,0.0,127.88,74.8,0.37
2026-05-29 16:40:00,12,534.21,-184.21,40.37,2.0,273.32,0.01,131.19,76.29,0.25
2026-05-29 16:45:00,12,534.21,-184.21,40.73,0.0,318.98,0.0,153.11,81.18,0.11
2026-05-29 16:50:00,12,534.21,-184.21,39.85,2.0,240.43,0.01,115.41,72.79,0.0
2026-05-29 16:55:00,12,534.21,-184.21,39.41,0.0,284.94,0.0,136.77,76.92,0.0
2026-05-29 17:00:00,12,534.21,-184.21,39.09,1.0,273.83,0.0,131.44,75.98,0.0
2026-05-29 17:05:00,12,534.21,-184.21,39.32,0.0,217.09,0.0,104.2,69.85,0.0
2026-05-29 17:10:00,12,534.21,-184.21,38.56,1.0,257.87,0.0,123.78,74.22,0.0
2026-05-29 17:15:00,12,534.21,-184.21,39.23,0.0,269.37,0.0,129.3,75.13,0.0
2026-05-29 17:20:00,12,534.21,-184.21,39.26,0.0,293.78,0.0,141.02,77.98,0.0
2026-05-29 17:25:00,12,534.21,-184.21,38.42,0.0,204.08,0.0,97.96,68.71,0.0
2026-05-29 17:30:00,12,534.21,-184.21,38.87,0.0,202.59,0.0,97.24,68.59,0.0
2026-05-29 17:35:00,12,534.21,-184.21,37.92,5.0,291.64,0.02,139.99,79.5,0.0
2026-05-29 17:40:00,12,534.21,-184.21,38.77,0.0,241.06,0.0,115.71,72.13,0.0
2026-05-29 17:45:00,12,534.21,-184.21,37.9,0.0,270.08,0.0,129.64,75.2,0.0
2026-05-29 17:50:00,12,534.21,-184.21,37.08,1.0,280.12,0.0,134.46,76.7,0.0
2026-05-29 17:55:00,12,534.21,-184.21,38.48,0.0,223.08,0.0,107.08,70.4,0.0
2026-05-29 18:00:00,12,534.21,-184.21,37.14,0.0,284.36,0.0,136.49,76.84,0.0
2026-05-29 18:05:00,12,534.21,-184.21,39.02,1.0,214.12,0.01,102.78,69.96,0.0
2026-05-29 18:10:00,12,534.21,-184.21,37.62,1.0,229.17,0.01,110.0,71.34,0.0
2026-05-29 18:15:00,12,534.21,-184.21,37.83,2.0,274.3,0.01,131.66,76.4,0.0
2026-05-29 18:20:00,12,534.21,-184.21,36.27,1.0,272.5,0.0,130.8,75.82,0.0
2026-05-29 18:25:00,12,534.21,-184.21,37.18,1.0,242.74,0.01,116.51,72.66,0.0
2026-05-29 18:30:00,12,534.21,-184.21,37.13,0.0,276.73,0.0,132.83,75.96,0.0
2026-05-29 18:35:00,12,534.21,-184.21,37.12,0.0,285.15,0.0,136.87,76.94,0.0
2026-05-29 18:40:00,12,534.21,-184.21,36.68,0.0,264.31,0.0,126.87,74.56,0.0
2026-05-29 18:45:00,12,534.21,-184.21,36.73,1.0,211.97,0.01,101.74,69.76,0.0
2026-05-29 18:50:00,12,534.21,-184.21,35.6,2.0,271.66,0.01,130.4,76.1,0.0
2026-05-29 18:55:00,12,534.21,-184.21,36.62,0.0,231.13,0.0,110.94,71.15,0.0
2026-05-29 19:00:00,12,534.21,-184.21,36.53,1.0,312.44,0.0,149.97,80.67,0.0
2026-05-29 19:05:00,12,534.21,-184.21,35.81,0.0,224.76,0.0,107.88,70.55,0.0
2026-05-29 19:10:00,12,534.21,-184.21,35.45,1.0,302.07,0.0,144.99,79.34,0.0
2026-05-29 19:15:00,12,534.21,-184.21,35.9,1.0,219.06,0.01,105.15,70.39,0.0
2026-05-29 19:20:00,12,534.21,-184.21,35.73,0.0,229.2,0.0,110.02,70.97,0.0
2026-05-29 19:25:00,12,534.21,-184.21,35.59,0.0,206.97,0.0,99.34,68.95,0.0
2026-05-29 19:30:00,12,534.21,-184.21,34.97,0.0,301.71,0.0,144.82,78.95,0.0
2026-05-29 19:35:00,12,534.21,-184.21,34.7,1.0,288.09,0.0,138.28,77.63,0.0
2026-05-29 19:40:00,12,534.21,-184.21,35.11,0.0,294.28,0.0,141.26,78.03,0.0
2026-05-29 19:45:00,12,534.21,-184.21,34.82,0.0,226.55,0.0,108.74,70.71,0.0
2026-05-29 19:50:00,12,534.21,-184.21,34.66,0.0,272.2,0.0,130.66,75.44,0.0
2026-05-29 19:55:00,12,534.21,-184.21,34.8,0.0,238.28,0.0,114.37,71.84,0.0
2026-05-29 20:00:00,12,534.21,-184.21,33.59,0.0,247.43,0.0,118.77,72.77,0.0
2026-05-29 20:05:00,12,534.21,-184.21,34.55,0.0,299.96,0.0,143.98,78.73,0.0
2026-05-29 20:10:00,12,534.21,-184.21,33.57,0.0,256.37,0.0,123.06,73.7,0.0
2026-05-29 20:15:00,12,534.21,-184.21,33.97,1.0,219.9,0.01,105.55,70.47,0.0
2026-05-29 20:20:00,12,534.21,-184.21,34.04,2.0,215.69,0.01,103.53,70.44,0.0
2026-05-29 20:25:00,12,534.21,-184.21,33.5,0.0,250.55,0.0,120.26,73.09,0.0
2026-05-29 20:30:00,12,534.21,-184.21,33.54,0.0,268.58,0.0,128.92,75.03,0.0
2026-05-29 20:35:00,12,534.21,-184.21,33.93,0.0,239.51,0.0,114.97,71.97,0.0
2026-05-29 20:40:00,12,534.21,-184.21,33.73,1.0,292.41,0.0,140.35,78.15,0.0
2026-05-29 20:45:00,12,534.21,-184.21,32.58,0.0,290.81,0.0,139.59,77.6,0.0
2026-05-29 20:50:00,12,534.21,-184.21,33.12,0.0,262.86,0.0,126.17,74.4,0.0
2026-05-29 20:55:00,12,534.21,-184.21,32.58,0.0,285.55,0.0,137.06,76.97,0.0
2026-05-29 21:00:00,12,534.21,-184.21,33.43,1.0,323.27,0.0,155.17,82.09,0.0
2026-05-29 21:05:00,12,534.21,-184.21,33.13,0.0,248.08,0.0,119.08,72.83,0.0
2026-05-29 21:10:00,12,534.21,-184.21,32.57,1.0,200.8,0.01,96.39,68.8,0.0
2026-05-29 21:15:00,12,534.21,-184.21,32.33,1.0,221.39,0.01,106.27,70.6,0.0
2026-05-29 21:20:00,12,534.21,-184.21,32.13,0.0,302.85,0.0,145.37,79.09,0.0
2026-05-29 21:25:00,12,534.21,-184.21,32.35,0.0,292.29,0.0,140.3,77.78,0.0
2026-05-29 21:30:00,12,534.21,-184.21,32.68,0.0,273.29,0.0,131.18,75.56,0.0
2026-05-29 21:35:00,12,534.21,-184.21,32.64,1.0,224.91,0.01,107.95,70.93,0.0
2026-05-29 21:40:00,12,534.21,-184.21,32.21,1.0,319.91,0.0,153.56,81.64,0.0
2026-05-29 21:45:00,12,534.21,-184.21,32.48,0.0,312.26,0.0,149.89,80.29,0.0
2026-05-29 21:50:00,12,534.21,-184.21,32.24,1.0,287.52,0.0,138.01,77.56,100.0
2026-05-29 21:55:00,12,534.21,-184.21,31.58,0.0,298.02,0.0,143.05,78.48,99.87
2026-05-29 22:00:00,12,534.21,-184.21,32.28,1.0,282.27,0.0,135.49,76.94,99.74
2026-05-29 22:05:00,12,534.21,-184.21,32.39,3.0,218.87,0.02,105.06,71.09,99.62
2026-05-29 22:10:00,12,534.21,-184.21,32.31,1.0,289.07,0.0,138.75,77.74,99.49
2026-05-29 22:15:00,12,534.21,-184.21,31.59,0.0,227.98,0.0,109.43,70.84,99.37
2026-05-29 22:20:00,12,534.21,-184.21,30.88,2.0,275.52,0.01,132.25,76.53,99.25
2026-05-29 22:25:00,12,534.21,-184.21,31.5,0.0,310.07,0.0,148.84,80.0,99.11
2026-05-29 22:30:00,12,534.21,-184.21,31.46,1.0,213.33,0.01,102.4,69.87,99.0
2026-05-29 22:35:00,12,534.21,-184.21,32.17,3.0,275.32,0.01,132.15,76.85,98.87
2026-05-29 22:40:00,12,534.21,-184.21,30.9,0.0,274.12,0.0,131.58,75.65,98.74
2026-05-29 22:45:00,12,534.21,-184.21,32.3,3.0,301.08,0.01,144.52,79.93,98.61
2026-05-29 22:50:00,12,534.21,-184.21,31.43,2.0,282.18,0.01,135.44,77.3,98.48
2026-05-29 22:55:00,12,534.21,-184.21,31.17,1.0,283.51,0.0,136.09,77.08,98.35
2026-05-29 23:00:00,12,534.21,-184.21,31.66,1.0,208.42,0.01,100.04,69.44,98.24
2026-05-29 23:05:00,12,534.21,-184.21,32.12,0.0,207.19,0.0,99.45,68.97,98.12
2026-05-29 23:10:00,12,534.21,-184.21,31.74,2.0,308.42,0.01,148.04,80.51,97.99
2026-05-29 23:15:00,12,534.21,-184.21,31.48,2.0,301.14,0.01,144.55,79.59,97.86
2026-05-29 23:20:00,12,534.21,-184.21,31.02,1.0,249.84,0.01,119.92,73.38,97.73
2026-05-29 23:25:00,12,534.21,-184.21,30.69,1.0,292.65,0.0,140.47,78.17,97.6
2026-05-29 23:30:00,12,534.21,-184.21,30.46,1.0,230.63,0.01,110.7,71.46,97.48
2026-05-29 23:35:00,12,534.21,-184.21,30.99,0.0,273.75,0.0,131.4,75.6,97.36
2026-05-29 23:40:00,12,534.21,-184.21,31.14,0.0,221.27,0.0,106.21,70.22,97.24
2026-05-29 23:45:00,12,534.21,-184.21,31.51,1.0,320.98,0.0,154.07,81.78,97.1
2026-05-29 23:50:00,12,534.21,-184.21,31.2,3.0,272.52,0.01,130.81,76.54,96.98
2026-05-29 23:55:00,12,534.21,-184.21,31.05,2.0,219.56,0.01,105.39,70.78,96.86
2026-05-30 00:00:00,12,534.21,-184.21,31.48,4.0,250.46,0.02,120.22,74.51,96.73
2026-05-30 00:05:00,12,534.21,-184.21,30.51,4.0,290.79,0.02,139.58,79.04,96.6
2026-05-30 00:10:00,12,534.21,-184.21,30.48,1.0,255.3,0.0,122.54,73.93,96.48
2026-05-30 00:15:00,12,534.21,-184.21,31.34,2.0,221.32,0.01,106.23,70.94,96.36
2026-05-30 00:20:00,12,534.21,-184.21,31.13,4.0,264.03,0.02,126.73,75.96,96.23
2026-05-30 00:25:00,12,534.21,-184.21,31.25,1.0,210.19,0.01,100.89,69.6,96.12
2026-05-30 00:30:00,12,534.21,-184.21,31.22,1.0,263.97,0.0,126.7,74.86,95.99
2026-05-30 00:35:00,12,534.21,-184.21,30.41,2.0,283.07,0.01,135.87,77.4,95.87
2026-05-30 00:40:00,12,534.21,-184.21,31.39,1.0,209.39,0.01,100.51,69.53,95.75
2026-05-30 00:45:00,12,534.21,-184.21,30.65,3.0,229.77,0.02,110.29,72.1,95.63
2026-05-30 00:50:00,12,534.21,-184.21,31.67,0.0,324.49,0.0,155.75,81.9,95.49
2026-05-30 00:55:00,12,534.21,-184.21,30.96,3.0,310.33,0.01,148.96,81.11,95.36
2026-05-30 01:00:00,12,534.21,-184.21,31.07,2.0,254.24,0.01,122.03,74.19,95.23
2026-05-30 01:05:00,12,534.21,-184.21,30.85,1.0,308.27,0.0,147.97,80.12,95.1
2026-05-30 01:10:00,12,534.21,-184.21,32.0,1.0,208.79,0.01,100.22,69.48,94.98
2026-05-30 01:15:00,12,534.21,-184.21,31.52,0.0,206.57,0.0,99.15,68.91,94.87
2026-05-30 01:20:00,12,534.21,-184.21,31.79,6.0,246.36,0.03,118.25,74.81,94.74
2026-05-30 01:25:00,12,534.21,-184.21,32.06,1.0,312.65,0.0,150.07,80.69,94.61
2026-05-30 01:30:00,12,534.21,-184.21,32.47,2.0,213.51,0.01,102.49,70.24,94.49
2026-05-30 01:35:00,12,534.21,-184.21,31.23,4.0,305.45,0.01,146.62,80.83,94.36
2026-05-30 01:40:00,12,534.21,-184.21,31.61,5.0,271.13,0.02,130.14,77.1,94.23
2026-05-30 01:45:00,12,534.21,-184.21,31.97,0.0,289.72,0.0,139.07,77.47,94.1
2026-05-30 01:50:00,12,534.21,-184.21,31.78,1.0,279.38,0.0,134.1,76.6,93.97
2026-05-30 01:55:00,12,534.21,-184.21,31.19,2.0,212.5,0.01,102.0,70.15,93.86
2026-05-30 02:00:00,12,534.21,-184.21,31.81,2.0,307.3,0.01,147.5,80.37,93.72
2026-05-30 02:05:00,12,534.21,-184.21,32.17,3.0,318.87,0.01,153.06,82.22,93.59
2026-05-30 02:10:00,12,534.21,-184.21,31.66,2.0,275.98,0.01,132.47,76.58,93.46
2026-05-30 02:15:00,12,534.21,-184.21,32.18,3.0,309.27,0.01,148.45,80.97,93.32
2026-05-30 02:20:00,12,534.21,-184.21,32.02,0.0,251.81,0.0,120.87,73.22,93.2
2026-05-30 02:25:00,12,534.21,-184.21,32.69,0.0,203.61,0.0,97.73,68.66,93.09
2026-05-30 02:30:00,12,534.21,-184.21,31.96,3.0,216.61,0.02,103.97,70.89,92.97
2026-05-30 02:35:00,12,534.21,-184.21,32.41,2.0,219.33,0.01,105.28,70.76,92.85
2026-05-30 02:40:00,12,534.21,-184.21,32.96,0.0,212.37,0.0,101.94,69.42,92.73
2026-05-30 02:45:00,12,534.21,-184.21,33.65,4.0,269.69,0.02,129.45,76.59,92.61
2026-05-30 02:50:00,12,534.21,-184.21,31.62,0.0,254.54,0.0,122.18,73.5,92.48
2026-05-30 02:55:00,12,534.21,-184.21,32.24,1.0,263.8,0.0,126.63,74.85,92.36
2026-05-30 03:00:00,12,534.21,-184.21,32.52,2.0,273.44,0.01,131.25,76.29,92.23
2026-05-30 03:05:00,12,534.21,-184.21,33.58,1.0,262.89,0.0,126.19,74.75,92.11
2026-05-30 03:10:00,12,534.21,-184.21,34.24,1.0,208.14,0.01,99.91,69.42,91.99
2026-05-30 03:15:00,12,534.21,-184.21,33.84,3.0,257.41,0.01,123.56,74.88,91.87
2026-05-30 03:20:00,12,534.21,-184.21,33.04,2.0,264.68,0.01,127.05,75.32,91.74
2026-05-30 03:25:00,12,534.21,-184.21,33.78,0.0,207.7,0.0,99.69,69.01,91.63
2026-05-30 03:30:00,12,534.21,-184.21,33.81,1.0,218.0,0.01,104.64,70.29,91.51
2026-05-30 03:35:00,12,534.21,-184.21,34.07,1.0,244.34,0.01,117.28,72.82,91.39
2026-05-30 03:40:00,12,534.21,-184.21,34.19,1.0,309.22,0.0,148.43,80.25,91.25
2026-05-30 03:45:00,12,534.21,-184.21,34.26,1.0,275.76,0.0,132.37,76.19,91.13
2026-05-30 03:50:00,12,534.21,-184.21,34.49,0.0,282.46,0.0,135.58,76.61,91.0
2026-05-30 03:55:00,12,534.21,-184.21,33.96,1.0,244.85,0.01,117.53,72.87,90.88
2026-05-30 04:00:00,12,534.21,-184.21,35.49,2.0,243.91,0.01,117.08,73.13,90.76
2026-05-30 04:05:00,12,534.21,-184.21,34.59,3.0,221.25,0.02,106.2,71.31,90.64
2026-05-30 04:10:00,12,534.21,-184.21,35.42,0.0,247.2,0.0,118.66,72.74,90.52
2026-05-30 04:15:00,12,534.21,-184.21,34.09,4.0,316.0,0.01,151.68,82.2,90.38
2026-05-30 04:20:00,12,534.21,-184.21,35.38,1.0,225.76,0.01,108.37,71.01,90.26
2026-05-30 04:25:00,12,534.21,-184.21,35.21,2.0,305.28,0.01,146.53,80.12,90.13
2026-05-30 04:30:00,12,534.21,-184.21,35.42,0.0,286.9,0.0,137.71,77.14,90.0
2026-05-30 04:35:00,12,534.21,-184.21,35.62,0.0,257.69,0.0,123.69,73.84,89.88
2026-05-30 04:40:00,12,534.21,-184.21,35.83,1.0,290.56,0.0,139.47,77.93,89.75
2026-05-30 04:45:00,12,534.21,-184.21,34.37,0.0,238.71,0.0,114.58,71.89,89.63
2026-05-30 04:50:00,12,534.21,-184.21,36.07,3.0,320.69,0.01,153.93,82.47,89.49
2026-05-30 04:55:00,12,534.21,-184.21,35.94,0.0,213.88,0.0,102.66,69.56,89.37
2026-05-30 05:00:00,12,534.21,-184.21,36.44,2.0,247.7,0.01,118.9,73.52,89.25
2026-05-30 05:05:00,12,534.21,-184.21,36.09,2.0,306.19,0.01,146.97,80.23,89.12
2026-05-30 05:10:00,12,534.21,-184.21,37.25,1.0,249.18,0.01,119.61,73.32,88.99
2026-05-30 05:15:00,12,534.21,-184.21,37.02,3.0,305.84,0.01,146.8,80.54,88.86
2026-05-30 05:20:00,12,534.21,-184.21,37.48,3.0,238.2,0.02,114.34,72.93,88.74
2026-05-30 05:25:00,12,534.21,-184.21,36.06,1.0,241.63,0.01,115.98,72.55,88.62
2026-05-30 05:30:00,12,534.21,-184.21,37.23,0.0,266.5,0.0,127.92,74.8,88.49
2026-05-30 05:35:00,12,534.21,-184.21,36.8,0.0,225.45,0.0,108.22,70.62,88.38
2026-05-30 05:40:00,12,534.21,-184.21,38.25,0.0,215.79,0.0,103.58,69.73,88.26
2026-05-30 05:45:00,12,534.21,-184.21,36.86,3.0,251.11,0.02,120.53,74.24,88.14
2026-05-30 05:50:00,12,534.21,-184.21,37.65,0.0,240.51,0.0,115.44,72.07,88.02
2026-05-30 05:55:00,12,534.21,-184.21,38.47,2.0,226.49,0.01,108.72,71.44,87.9
2026-05-30 06:00:00,12,534.21,-184.21,38.51,0.0,234.25,0.0,112.44,71.46,87.78
2026-05-30 06:05:00,12,534.21,-184.21,38.1,3.0,288.23,0.01,138.35,78.37,87.65
2026-05-30 06:10:00,12,534.21,-184.21,38.52,2.0,290.12,0.01,139.26,78.25,87.52
2026-05-30 06:15:00,12,534.21,-184.21,37.47,0.0,200.18,0.0,96.09,68.39,87.4
2026-05-30 06:20:00,12,534.21,-184.21,37.55,0.0,204.08,0.0,97.96,68.71,87.29
2026-05-30 06:25:00,12,534.21,-184.21,38.78,0.0,231.03,0.0,110.89,71.15,87.17
2026-05-30 06:30:00,12,534.21,-184.21,39.13,2.0,230.23,0.01,110.51,71.79,87.05
2026-05-30 06:35:00,12,534.21,-184.21,39.66,2.0,245.52,0.01,117.85,73.3,86.93
2026-05-30 06:40:00,12,534.21,-184.21,37.76,1.0,227.7,0.01,109.29,71.2,86.81
2026-05-30 06:45:00,12,534.21,-184.21,39.73,2.0,230.7,0.01,110.73,71.84,86.69
2026-05-30 06:50:00,12,534.21,-184.21,39.57,0.0,303.85,0.0,145.85,79.23,86.56
2026-05-30 06:55:00,12,534.21,-184.21,39.87,1.0,259.83,0.0,124.72,74.43,86.43
2026-05-30 07:00:00,12,534.21,-184.21,41.12,0.0,200.64,0.0,96.31,68.43,86.32
2026-05-30 07:05:00,12,534.21,-184.21,38.82,0.0,292.58,0.0,140.44,77.83,86.19
2026-05-30 07:10:00,12,534.21,-184.21,39.84,0.0,218.97,0.0,105.11,70.02,86.07
2026-05-30 07:15:00,12,534.21,-184.21,40.0,0.0,224.65,0.0,107.83,70.55,85.95
2026-05-30 07:20:00,12,534.21,-184.21,39.98,0.0,308.04,0.0,147.86,79.76,85.82
2026-05-30 07:25:00,12,534.21,-184.21,40.7,0.0,296.82,0.0,142.48,78.35,85.69
2026-05-30 07:30:00,12,534.21,-184.21,40.01,0.0,298.37,0.0,143.22,78.54,85.56
2026-05-30 07:35:00,12,534.21,-184.21,40.46,0.0,249.85,0.0,119.93,73.03,85.44
2026-05-30 07:40:00,12,534.21,-184.21,40.76,1.0,283.73,0.0,136.19,77.13,85.31
2026-05-30 07:45:00,12,534.21,-184.21,40.66,0.0,261.84,0.0,125.68,74.3,85.19
2026-05-30 07:50:00,12,534.21,-184.21,41.75,1.0,321.35,0.0,154.25,81.85,85.05
2026-05-30 07:55:00,12,534.21,-184.21,41.01,3.0,305.72,0.01,146.75,80.54,84.92
2026-05-30 08:00:00,12,534.21,-184.21,41.35,1.0,239.15,0.01,114.79,72.31,84.79
2026-05-30 08:05:00,12,534.21,-184.21,40.71,0.0,217.53,0.0,104.42,69.9,84.68
2026-05-30 08:10:00,12,534.21,-184.21,41.62,0.0,215.76,0.0,103.57,69.74,84.56
2026-05-30 08:15:00,12,534.21,-184.21,42.18,0.0,238.27,0.0,114.37,71.86,84.44
2026-05-30 08:20:00,12,534.21,-184.21,41.77,2.0,290.77,0.01,139.57,78.34,84.31
2026-05-30 08:25:00,12,534.21,-184.21,42.07,0.0,289.25,0.0,138.84,77.43,84.18
2026-05-30 08:30:00,12,534.21,-184.21,41.99,0.0,209.84,0.0,100.72,69.22,84.07
2026-05-30 08:35:00,12,534.21,-184.21,41.94,1.0,313.47,0.0,150.47,80.81,83.93
2026-05-30 08:40:00,12,534.21,-184.21,43.58,1.0,276.13,0.0,132.54,76.25,83.81
2026-05-30 08:45:00,12,534.21,-184.21,43.44,0.0,324.94,0.0,155.97,81.98,83.67
2026-05-30 08:50:00,12,534.21,-184.21,42.63,0.0,268.61,0.0,128.93,75.05,83.54
2026-05-30 08:55:00,12,534.21,-184.21,43.93,0.0,211.36,0.0,101.45,69.35,83.43
2026-05-30 09:00:00,12,534.21,-184.21,42.64,0.0,263.72,0.0,126.59,74.51,83.3
2026-05-30 09:05:00,12,534.21,-184.21,42.95,2.0,228.19,0.01,109.53,71.6,83.18
2026-05-30 09:10:00,12,534.21,-184.21,44.05,0.0,262.3,0.0,125.9,74.36,83.06
2026-05-30 09:15:00,12,534.21,-184.21,43.78,0.0,279.96,0.0,134.38,76.34,82.93
2026-05-30 09:20:00,12,534.21,-184.21,43.58,1.0,257.3,0.0,123.5,74.17,82.81
2026-05-30 09:25:00,12,534.21,-184.21,43.11,1.0,251.84,0.01,120.88,73.61,82.69
2026-05-30 09:30:00,12,534.21,-184.21,43.71,1.0,250.35,0.01,120.17,73.46,82.56
2026-05-30 09:35:00,12,534.21,-184.21,44.14,0.0,200.99,0.0,96.48,68.47,82.45
2026-05-30 09:40:00,12,534.21,-184.21,43.05,0.0,323.47,0.0,155.27,81.79,82.31
2026-05-30 09:45:00,12,534.21,-184.21,42.91,1.0,236.83,0.01,113.68,72.09,82.19
2026-05-30 09:50:00,12,534.21,-184.21,43.98,0.0,217.43,0.0,104.37,69.89,82.08
2026-05-30 09:55:00,12,534.21,-184.21,44.52,2.0,258.85,0.01,124.25,74.71,81.95
2026-05-30 10:00:00,12,534.21,-184.21,44.28,0.0,205.23,0.0,98.51,68.82,81.84
2026-05-30 10:05:00,12,534.21,-184.21,43.97,0.0,205.46,0.0,98.62,68.84,81.72
2026-05-30 10:10:00,12,534.21,-184.21,43.83,0.0,204.27,0.0,98.05,68.74,81.61
2026-05-30 10:15:00,12,534.21,-184.21,44.24,2.0,316.15,0.01,151.75,81.54,81.47
2026-05-30 10:20:00,12,534.21,-184.21,44.64,2.0,322.22,0.01,154.66,82.34,81.34
2026-05-30 10:25:00,12,534.21,-184.21,43.77,1.0,317.82,0.0,152.55,81.38,81.2
2026-05-30 10:30:00,12,534.21,-184.21,44.2,1.0,249.72,0.01,119.86,73.39,81.08
2026-05-30 10:35:00,12,534.21,-184.21,44.89,0.0,254.28,0.0,122.05,73.5,80.96
2026-05-30 10:40:00,12,534.21,-184.21,44.56,0.0,292.2,0.0,140.26,77.8,80.83
2026-05-30 10:45:00,12,534.21,-184.21,44.71,1.0,257.64,0.0,123.67,74.21,80.7
2026-05-30 10:50:00,12,534.21,-184.21,44.17,1.0,209.92,0.01,100.76,69.6,80.59
2026-05-30 10:55:00,12,534.21,-184.21,43.97,1.0,305.69,0.0,146.73,79.82,80.45
2026-05-30 11:00:00,12,534.21,-184.21,44.61,1.0,279.99,0.0,134.4,76.7,80.33
2026-05-30 11:05:00,12,534.21,-184.21,44.53,0.0,270.56,0.0,129.87,75.27,80.2
2026-05-30 11:10:00,12,534.21,-184.21,44.84,1.0,302.06,0.0,144.99,79.36,80.07
2026-05-30 11:15:00,12,534.21,-184.21,44.06,0.0,235.32,0.0,112.95,71.57,79.95
2026-05-30 11:20:00,12,534.21,-184.21,45.55,1.0,302.6,0.0,145.25,79.43,79.82
2026-05-30 11:25:00,12,534.21,-184.21,46.09,3.0,297.17,0.01,142.64,79.48,79.68
2026-05-30 11:30:00,12,534.21,-184.21,45.58,0.0,282.84,0.0,135.76,76.68,79.56
2026-05-30 11:35:00,12,534.21,-184.21,45.51,3.0,242.4,0.02,116.35,73.37,79.43
2026-05-30 11:40:00,12,534.21,-184.21,44.88,0.0,260.98,0.0,125.27,74.22,79.31
2026-05-30 11:45:00,12,534.21,-184.21,44.97,1.0,218.37,0.01,104.82,70.35,79.19
2026-05-30 11:50:00,12,534.21,-184.21,45.3,2.0,291.3,0.01,139.82,78.41,79.06
2026-05-30 11:55:00,12,534.21,-184.21,45.08,2.0,304.36,0.01,146.09,80.02,78.93
2026-05-30 12:00:00,12,534.21,-184.21,45.16,4.0,284.35,0.02,136.49,78.3,78.8
2026-05-30 12:05:00,12,534.21,-184.21,45.54,5.0,283.17,0.02,135.92,78.51,78.67
2026-05-30 12:10:00,12,534.21,-184.21,45.21,1.0,268.85,0.0,129.05,75.43,78.54
2026-05-30 12:15:00,12,534.21,-184.21,45.2,1.0,264.53,0.0,126.97,74.95,78.42
2026-05-30 12:20:00,12,534.21,-184.21,44.37,1.0,318.45,0.0,152.86,81.47,78.28
2026-05-30 12:25:00,12,534.21,-184.21,45.11,1.0,238.71,0.01,114.58,72.28,78.16
2026-05-30 12:30:00,12,534.21,-184.21,45.03,2.0,212.18,0.01,101.85,70.15,78.04
2026-05-30 12:35:00,12,534.21,-184.21,44.47,2.0,269.42,0.01,129.32,75.86,77.92
2026-05-30 12:40:00,12,534.21,-184.21,44.79,0.0,231.8,0.0,111.26,71.23,77.8
2026-05-30 12:45:00,12,534.21,-184.21,45.43,2.0,320.62,0.01,153.9,82.13,77.66
2026-05-30 12:50:00,12,534.21,-184.21,43.81,1.0,207.36,0.01,99.54,69.38,77.55
2026-05-30 12:55:00,12,534.21,-184.21,44.84,2.0,281.86,0.01,135.29,77.29,77.42
2026-05-30 13:00:00,12,534.21,-184.21,44.47,1.0,232.58,0.01,111.64,71.68,77.3
2026-05-30 13:05:00,12,534.21,-184.21,44.65,1.0,201.01,0.01,96.49,68.84,77.18
2026-05-30 13:10:00,12,534.21,-184.21,44.44,1.0,241.73,0.01,116.03,72.58,77.06
2026-05-30 13:15:00,12,534.21,-184.21,44.32,1.0,204.51,0.01,98.17,69.13,76.95
2026-05-30 13:20:00,12,534.21,-184.21,45.19,1.0,260.6,0.0,125.09,74.53,76.82
2026-05-30 13:25:00,12,534.21,-184.21,44.54,1.0,244.31,0.01,117.27,72.84,76.7
2026-05-30 13:30:00,12,534.21,-184.21,43.95,4.0,253.64,0.02,121.75,74.87,76.58
2026-05-30 13:35:00,12,534.21,-184.21,44.12,2.0,267.83,0.01,128.56,75.69,76.45
2026-05-30 13:40:00,12,534.21,-184.21,44.79,0.0,297.32,0.0,142.72,78.42,76.32
2026-05-30 13:45:00,12,534.21,-184.21,44.38,2.0,255.77,0.01,122.77,74.38,76.2
2026-05-30 13:50:00,12,534.21,-184.21,44.78,3.0,284.23,0.01,136.43,77.91,76.07
2026-05-30 13:55:00,12,534.21,-184.21,43.74,1.0,235.78,0.01,113.18,71.99,75.95
2026-05-30 14:00:00,12,534.21,-184.21,43.38,6.0,284.75,0.02,136.68,79.04,75.81
2026-05-30 14:05:00,12,534.21,-184.21,43.41,2.0,276.09,0.01,132.52,76.61,75.69
2026-05-30 14:10:00,12,534.21,-184.21,44.03,1.0,260.05,0.0,124.82,74.46,75.56
2026-05-30 14:15:00,12,534.21,-184.21,43.22,2.0,302.81,0.01,145.35,79.82,75.43
2026-05-30 14:20:00,12,534.21,-184.21,43.95,2.0,263.68,0.01,126.57,75.23,75.3
2026-05-30 14:25:00,12,534.21,-184.21,43.82,1.0,254.24,0.0,122.03,73.84,75.18
2026-05-30 14:30:00,12,534.21,-184.21,43.76,2.0,297.61,0.01,142.85,79.18,75.05
2026-05-30 14:35:00,12,534.21,-184.21,42.7,1.0,241.31,0.01,115.83,72.53,74.93
2026-05-30 14:40:00,12,534.21,-184.21,43.22,3.0,298.36,0.01,143.21,79.62,74.8
2026-05-30 14:45:00,12,534.21,-184.21,43.82,4.0,304.59,0.01,146.2,80.75,74.66
2026-05-30 14:50:00,12,534.21,-184.21,42.92,0.0,201.82,0.0,96.87,68.53,74.55
2026-05-30 14:55:00,12,534.21,-184.21,42.91,0.0,207.45,0.0,99.58,69.01,74.43
2026-05-30 15:00:00,12,534.21,-184.21,43.07,1.0,246.07,0.01,118.11,73.01,74.31
2026-05-30 15:05:00,12,534.21,-184.21,42.65,3.0,254.75,0.01,122.28,74.61,74.19
2026-05-30 15:10:00,12,534.21,-184.21,42.38,4.0,259.87,0.02,124.74,75.53,74.06
2026-05-30 15:15:00,12,534.21,-184.21,43.61,0.0,323.42,0.0,155.24,81.78,73.92
2026-05-30 15:20:00,12,534.21,-184.21,41.85,3.0,322.9,0.01,154.99,82.78,73.79
2026-05-30 15:25:00,12,534.21,-184.21,41.82,9.0,291.32,0.03,139.83,80.89,73.65
2026-05-30 15:30:00,12,534.21,-184.21,43.35,1.0,269.05,0.0,129.15,75.45,73.52
2026-05-30 15:35:00,12,534.21,-184.21,41.87,1.0,255.62,0.0,122.7,73.99,73.4
2026-05-30 15:40:00,12,534.21,-184.21,41.69,6.0,269.07,0.03,129.15,77.26,73.27
2026-05-30 15:45:00,12,534.21,-184.21,42.26,2.0,241.51,0.01,115.93,72.9,73.15
2026-05-30 15:50:00,12,534.21,-184.21,42.29,6.0,268.64,0.03,128.95,77.21,73.02
2026-05-30 15:55:00,12,534.21,-184.21,41.64,0.0,221.81,0.0,106.47,70.29,72.91
2026-05-30 16:00:00,12,534.21,-184.21,42.03,4.0,257.18,0.02,123.44,75.24,72.78
2026-05-30 16:05:00,12,534.21,-184.21,40.93,3.0,235.77,0.02,113.17,72.7,72.66
2026-05-30 16:10:00,12,534.21,-184.21,41.52,3.0,310.39,0.01,148.99,81.13,72.52
2026-05-30 16:15:00,12,534.21,-184.21,41.59,2.0,273.57,0.01,131.31,76.32,72.4
2026-05-30 16:20:00,12,534.21,-184.21,41.33,4.0,256.65,0.02,123.19,75.18,72.27
2026-05-30 16:25:00,12,534.21,-184.21,40.65,2.0,251.45,0.01,120.7,73.91,72.15
2026-05-30 16:30:00,12,534.21,-184.21,40.22,4.0,296.17,0.01,142.16,79.69,72.01
2026-05-30 16:35:00,12,534.21,-184.21,40.42,2.0,268.25,0.01,128.76,75.72,71.89
2026-05-30 16:40:00,12,534.21,-184.21,40.73,0.0,206.09,0.0,98.92,68.89,71.77
2026-05-30 16:45:00,12,534.21,-184.21,40.68,0.0,290.23,0.0,139.31,77.55,71.64
2026-05-30 16:50:00,12,534.21,-184.21,40.13,1.0,324.82,0.0,155.91,82.31,71.51
2026-05-30 16:55:00,12,534.21,-184.21,39.87,0.0,253.48,0.0,121.67,73.4,71.39
2026-05-30 17:00:00,12,534.21,-184.21,40.13,0.0,290.03,0.0,139.22,77.53,71.26
2026-05-30 17:05:00,12,534.21,-184.21,38.8,2.0,252.25,0.01,121.08,73.99,71.13
2026-05-30 17:10:00,12,534.21,-184.21,39.76,1.0,220.9,0.01,106.03,70.57,71.01
2026-05-30 17:15:00,12,534.21,-184.21,39.17,0.0,205.69,0.0,98.73,68.85,70.9
2026-05-30 17:20:00,12,534.21,-184.21,39.86,0.0,313.86,0.0,150.65,80.51,70.77
2026-05-30 17:25:00,12,534.21,-184.21,39.68,0.0,290.16,0.0,139.28,77.54,70.64
2026-05-30 17:30:00,12,534.21,-184.21,39.83,1.0,265.16,0.0,127.28,75.01,70.51
2026-05-30 17:35:00,12,534.21,-184.21,38.58,1.0,251.45,0.01,120.7,73.56,70.39
2026-05-30 17:40:00,12,534.21,-184.21,39.68,4.0,261.75,0.02,125.64,75.73,70.26
2026-05-30 17:45:00,12,534.21,-184.21,37.45,2.0,312.08,0.01,149.8,80.99,70.13
2026-05-30 17:50:00,12,534.21,-184.21,37.66,1.0,312.38,0.0,149.94,80.66,69.99
2026-05-30 17:55:00,12,534.21,-184.21,37.14,2.0,275.11,0.01,132.05,76.49,69.87
2026-05-30 18:00:00,12,534.21,-184.21,38.13,0.0,200.22,0.0,96.11,68.39,69.75
2026-05-30 18:05:00,12,534.21,-184.21,38.56,1.0,284.28,0.0,136.45,77.19,69.62
2026-05-30 18:10:00,12,534.21,-184.21,37.35,0.0,222.69,0.0,106.89,70.36,69.51
2026-05-30 18:15:00,12,534.21,-184.21,37.39,0.0,290.85,0.0,139.61,77.62,69.38
2026-05-30 18:20:00,12,534.21,-184.21,37.19,1.0,232.27,0.01,111.49,71.63,69.26
2026-05-30 18:25:00,12,534.21,-184.21,36.6,0.0,219.25,0.0,105.24,70.04,69.14
2026-05-30 18:30:00,12,534.21,-184.21,37.46,0.0,204.13,0.0,97.98,68.72,69.03
2026-05-30 18:35:00,12,534.21,-184.21,36.49,1.0,308.25,0.0,147.96,80.13,68.89
2026-05-30 18:40:00,12,534.21,-184.21,37.73,1.0,251.43,0.01,120.69,73.56,68.77
2026-05-30 18:45:00,12,534.21,-184.21,36.47,2.0,210.47,0.01,101.03,69.98,68.65
2026-05-30 18:50:00,12,534.21,-184.21,36.45,3.0,307.12,0.01,147.42,80.7,68.52
2026-05-30 18:55:00,12,534.21,-184.21,35.8,0.0,208.38,0.0,100.02,69.08,68.4
2026-05-30 19:00:00,12,534.21,-184.21,36.19,2.0,256.41,0.01,123.08,74.43,68.28
2026-05-30 19:05:00,12,534.21,-184.21,36.19,1.0,294.52,0.0,141.37,78.41,68.15
2026-05-30 19:10:00,12,534.21,-184.21,36.0,0.0,210.52,0.0,101.05,69.26,68.03
2026-05-30 19:15:00,12,534.21,-184.21,36.15,0.0,214.37,0.0,102.9,69.6,67.92
2026-05-30 19:20:00,12,534.21,-184.21,35.63,1.0,317.34,0.0,152.33,81.31,67.78
2026-05-30 19:25:00,12,534.21,-184.21,34.73,0.0,218.08,0.0,104.68,69.93,67.67
2026-05-30 19:30:00,12,534.21,-184.21,35.1,1.0,222.13,0.01,106.62,70.67,67.55
2026-05-30 19:35:00,12,534.21,-184.21,35.57,0.0,280.89,0.0,134.82,76.43,67.42
2026-05-30 19:40:00,12,534.21,-184.21,35.71,2.0,269.39,0.01,129.31,75.84,67.29
2026-05-30 19:45:00,12,534.21,-184.21,34.12,3.0,319.48,0.01,153.35,82.31,67.16
2026-05-30 19:50:00,12,534.21,-184.21,34.06,4.0,321.77,0.01,154.45,82.96,67.02
2026-05-30 19:55:00,12,534.21,-184.21,34.39,1.0,294.89,0.0,141.55,78.45,66.89
2026-05-30 20:00:00,12,534.21,-184.21,35.61,0.0,317.44,0.0,152.37,80.97,66.75
2026-05-30 20:05:00,12,534.21,-184.21,34.3,1.0,290.27,0.0,139.33,77.89,66.62
2026-05-30 20:10:00,12,534.21,-184.21,35.0,0.0,284.54,0.0,136.58,76.86,66.49
2026-05-30 20:15:00,12,534.21,-184.21,33.64,1.0,263.91,0.0,126.68,74.86,66.37
2026-05-30 20:20:00,12,534.21,-184.21,34.25,1.0,256.84,0.0,123.28,74.1,66.25
2026-05-30 20:25:00,12,534.21,-184.21,34.41,0.0,296.98,0.0,142.55,78.36,66.12
2026-05-30 20:30:00,12,534.21,-184.21,33.88,1.0,211.68,0.01,101.61,69.73,66.0
2026-05-30 20:35:00,12,534.21,-184.21,33.5,2.0,313.44,0.01,150.45,81.16,65.86
2026-05-30 20:40:00,12,534.21,-184.21,34.08,0.0,262.49,0.0,125.99,74.36,65.74
2026-05-30 20:45:00,12,534.21,-184.21,33.11,0.0,227.24,0.0,109.08,70.78,65.62
2026-05-30 20:50:00,12,534.21,-184.21,33.69,0.0,287.5,0.0,138.0,77.21,65.49
2026-05-30 20:55:00,12,534.21,-184.21,33.17,0.0,223.97,0.0,107.51,70.47,65.38
2026-05-30 21:00:00,12,534.21,-184.21,32.86,0.0,292.54,0.0,140.42,77.81,65.25
2026-05-30 21:05:00,12,534.21,-184.21,32.71,1.0,311.68,0.0,149.61,80.56,65.11
2026-05-30 21:10:00,12,534.21,-184.21,32.35,2.0,245.6,0.01,117.89,73.3,64.99
2026-05-30 21:15:00,12,534.21,-184.21,32.12,2.0,274.39,0.01,131.71,76.4,64.86
2026-05-30 21:20:00,12,534.21,-184.21,32.51,1.0,237.43,0.01,113.96,72.13,64.74
2026-05-30 21:25:00,12,534.21,-184.21,33.03,3.0,300.49,0.01,144.23,79.86,64.61
2026-05-30 21:30:00,12,534.21,-184.21,31.97,0.0,247.9,0.0,118.99,72.81,64.49
2026-05-30 21:35:00,12,534.21,-184.21,32.67,2.0,224.25,0.01,107.64,71.22,64.37
2026-05-30 21:40:00,12,534.21,-184.21,32.41,3.0,298.21,0.01,143.14,79.58,64.24
2026-05-30 21:45:00,12,534.21,-184.21,32.51,1.0,316.9,0.0,152.11,81.24,64.1
2026-05-30 21:50:00,12,534.21,-184.21,32.13,0.0,229.69,0.0,110.25,71.01,63.98
2026-05-30 21:55:00,12,534.21,-184.21,31.78,0.0,316.35,0.0,151.85,80.82,63.85
2026-05-30 22:00:00,12,534.21,-184.21,32.73,0.0,261.12,0.0,125.34,74.21,63.72
2026-05-30 22:05:00,12,534.21,-184.21,32.1,0.0,311.38,0.0,149.46,80.17,63.59
2026-05-30 22:10:00,12,534.21,-184.21,32.41,1.0,274.71,0.0,131.86,76.07,63.46
2026-05-30 22:15:00,12,534.21,-184.21,31.42,3.0,232.86,0.02,111.77,72.4,63.34
2026-05-30 22:20:00,12,534.21,-184.21,31.46,2.0,252.18,0.01,121.05,73.97,63.22
2026-05-30 22:25:00,12,534.21,-184.21,30.95,2.0,308.6,0.01,148.13,80.53,63.09
2026-05-30 22:30:00,12,534.21,-184.21,30.89,1.0,310.65,0.0,149.11,80.43,62.95
2026-05-30 22:35:00,12,534.21,-184.21,32.1,2.0,256.62,0.01,123.18,74.44,62.83
2026-05-30 22:40:00,12,534.21,-184.21,30.97,4.0,257.18,0.02,123.45,75.22,62.7
2026-05-30 22:45:00,12,534.21,-184.21,31.71,2.0,321.72,0.01,154.43,82.25,62.57
2026-05-30 22:50:00,12,534.21,-184.21,31.79,1.0,227.4,0.01,109.15,71.16,62.45
2026-05-30 22:55:00,12,534.21,-184.21,31.58,0.0,218.1,0.0,104.69,69.93,62.33
2026-05-30 23:00:00,12,534.21,-184.21,30.49,1.0,207.72,0.01,99.7,69.38,62.21
2026-05-30 23:05:00,12,534.21,-184.21,30.73,5.0,308.66,0.02,148.15,81.61,62.08
2026-05-30 23:10:00,12,534.21,-184.21,31.98,1.0,304.13,0.0,145.98,79.6,61.95
2026-05-30 23:15:00,12,534.21,-184.21,30.49,1.0,257.46,0.0,123.58,74.16,61.82
2026-05-30 23:20:00,12,534.21,-184.21,31.76,2.0,244.32,0.01,117.27,73.16,61.7
2026-05-30 23:25:00,12,534.21,-184.21,30.9,1.0,317.25,0.0,152.28,81.29,61.57
2026-05-30 23:30:00,12,534.21,-184.21,30.84,2.0,234.11,0.01,112.37,72.15,61.44
2026-05-30 23:35:00,12,534.21,-184.21,31.43,0.0,241.9,0.0,116.11,72.2,61.32
2026-05-30 23:40:00,12,534.21,-184.21,30.8,2.0,287.72,0.01,138.11,77.95,61.19
2026-05-30 23:45:00,12,534.21,-184.21,30.46,0.0,293.98,0.0,141.11,77.99,61.06
2026-05-30 23:50:00,12,534.21,-184.21,30.9,1.0,211.96,0.01,101.74,69.75,60.95
2026-05-30 23:55:00,12,534.21,-184.21,31.53,1.0,312.08,0.0,149.8,80.61,60.81
2026-05-31 00:00:00,12,534.21,-184.21,31.71,2.0,291.04,0.01,139.7,78.35,60.68
2026-05-31 00:05:00,12,534.21,-184.21,30.55,3.0,211.78,0.02,101.65,70.45,60.57
2026-05-31 00:10:00,12,534.21,-184.21,31.16,2.0,222.89,0.01,106.99,71.09,60.45
2026-05-31 00:15:00,12,534.21,-184.21,31.13,3.0,269.35,0.01,129.29,76.18,60.32
2026-05-31 00:20:00,12,534.21,-184.21,31.19,1.0,251.22,0.01,120.59,73.52,60.2
2026-05-31 00:25:00,12,534.21,-184.21,31.06,1.0,212.4,0.01,101.95,69.79,60.08
2026-05-31 00:30:00,12,534.21,-184.21,31.06,2.0,319.78,0.01,153.5,81.99,59.95
2026-05-31 00:35:00,12,534.21,-184.21,31.33,4.0,252.03,0.02,120.98,74.68,59.82
2026-05-31 00:40:00,12,534.21,-184.21,32.21,4.0,304.36,0.01,146.09,80.7,59.69
2026-05-31 00:45:00,12,534.21,-184.21,31.52,0.0,210.57,0.0,101.07,69.26,59.57
2026-05-31 00:50:00,12,534.21,-184.21,30.59,2.0,268.82,0.01,129.03,75.77,59.44
2026-05-31 00:55:00,12,534.21,-184.21,31.03,2.0,312.29,0.01,149.9,81.01,59.31
2026-05-31 01:00:00,12,534.21,-184.21,31.27,2.0,213.88,0.01,102.66,70.27,59.19
2026-05-31 01:05:00,12,534.21,-184.21,31.61,1.0,208.65,0.01,100.15,69.46,59.08
2026-05-31 01:10:00,12,534.21,-184.21,30.59,5.0,305.49,0.02,146.64,81.21,58.94
2026-05-31 01:15:00,12,534.21,-184.21,32.39,0.0,294.36,0.0,141.3,78.04,58.81
2026-05-31 01:20:00,12,534.21,-184.21,30.36,1.0,201.52,0.01,96.73,68.86,58.7
2026-05-31 01:25:00,12,534.21,-184.21,31.78,2.0,203.68,0.02,97.77,69.41,58.58
2026-05-31 01:30:00,12,534.21,-184.21,31.69,2.0,251.97,0.01,120.94,73.95,58.46
2026-05-31 01:35:00,12,534.21,-184.21,31.75,3.0,264.45,0.01,126.94,75.64,58.33
2026-05-31 01:40:00,12,534.21,-184.21,31.11,5.0,292.47,0.02,140.39,79.59,58.2
2026-05-31 01:45:00,12,534.21,-184.21,31.65,5.0,298.38,0.02,143.22,80.32,58.06
2026-05-31 01:50:00,12,534.21,-184.21,32.06,4.0,273.51,0.02,131.28,77.02,57.94
2026-05-31 01:55:00,12,534.21,-184.21,31.31,9.0,291.01,0.03,139.68,80.84,57.8
2026-05-31 02:00:00,12,534.21,-184.21,31.44,4.0,261.96,0.02,125.74,75.74,57.68
2026-05-31 02:05:00,12,534.21,-184.21,32.11,1.0,267.94,0.0,128.61,75.3,57.55
2026-05-31 02:10:00,12,534.21,-184.21,32.47,2.0,304.49,0.01,146.15,80.01,57.42
2026-05-31 02:15:00,12,534.21,-184.21,32.02,2.0,223.18,0.01,107.13,71.12,57.3
2026-05-31 02:20:00,12,534.21,-184.21,31.54,3.0,305.43,0.01,146.61,80.48,57.16
2026-05-31 02:25:00,12,534.21,-184.21,31.62,1.0,317.81,0.0,152.55,81.36,57.03
2026-05-31 02:30:00,12,534.21,-184.21,31.74,3.0,303.83,0.01,145.84,80.28,56.89
2026-05-31 02:35:00,12,534.21,-184.21,32.24,2.0,314.59,0.01,151.0,81.31,56.76
2026-05-31 02:40:00,12,534.21,-184.21,32.22,3.0,313.16,0.01,150.32,81.47,56.62
2026-05-31 02:45:00,12,534.21,-184.21,33.78,0.0,252.15,0.0,121.03,73.25,56.5
2026-05-31 02:50:00,12,534.21,-184.21,32.91,6.0,308.59,0.02,148.12,81.95,56.36
2026-05-31 02:55:00,12,534.21,-184.21,32.98,3.0,297.19,0.01,142.65,79.45,56.23
2026-05-31 03:00:00,12,534.21,-184.21,33.0,4.0,303.23,0.01,145.55,80.55,56.1
2026-05-31 03:05:00,12,534.21,-184.21,32.73,2.0,318.17,0.01,152.72,81.78,55.96
2026-05-31 03:10:00,12,534.21,-184.21,33.51,1.0,282.27,0.0,135.49,76.94,55.83
2026-05-31 03:15:00,12,534.21,-184.21,33.84,2.0,299.98,0.01,143.99,79.45,55.7
2026-05-31 03:20:00,12,534.21,-184.21,33.35,1.0,318.7,0.0,152.98,81.48,55.57
2026-05-31 03:25:00,12,534.21,-184.21,33.26,3.0,267.53,0.01,128.41,75.98,55.44
2026-05-31 03:30:00,12,534.21,-184.21,33.58,5.0,260.09,0.02,124.84,75.89,55.31
2026-05-31 03:35:00,12,534.21,-184.21,34.17,0.0,203.4,0.0,97.63,68.65,55.2
2026-05-31 03:40:00,12,534.21,-184.21,33.57,0.0,223.35,0.0,107.21,70.41,55.08
2026-05-31 03:45:00,12,534.21,-184.21,34.53,3.0,318.56,0.01,152.91,82.18,54.94
2026-05-31 03:50:00,12,534.21,-184.21,34.68,3.0,245.56,0.02,117.87,73.67,54.82
2026-05-31 03:55:00,12,534.21,-184.21,34.87,0.0,226.67,0.0,108.8,70.73,54.7
2026-05-31 04:00:00,12,534.21,-184.21,34.8,0.0,209.33,0.0,100.48,69.16,54.59
2026-05-31 04:05:00,12,534.21,-184.21,34.41,2.0,240.49,0.01,115.43,72.78,54.47
2026-05-31 04:10:00,12,534.21,-184.21,35.02,1.0,264.85,0.0,127.13,74.97,54.34
2026-05-31 04:15:00,12,534.21,-184.21,34.98,0.0,269.12,0.0,129.18,75.09,54.22
2026-05-31 04:20:00,12,534.21,-184.21,34.94,3.0,307.86,0.01,147.77,80.79,54.08
2026-05-31 04:25:00,12,534.21,-184.21,34.97,0.0,207.49,0.0,99.6,69.0,53.97
2026-05-31 04:30:00,12,534.21,-184.21,35.18,2.0,269.45,0.01,129.33,75.85,53.84
2026-05-31 04:35:00,12,534.21,-184.21,35.69,3.0,238.21,0.02,114.34,72.93,53.72
2026-05-31 04:40:00,12,534.21,-184.21,35.85,3.0,233.87,0.02,112.26,72.51,53.6
2026-05-31 04:45:00,12,534.21,-184.21,35.28,0.0,315.54,0.0,151.46,80.72,53.46
2026-05-31 04:50:00,12,534.21,-184.21,36.44,0.0,275.26,0.0,132.13,75.79,53.34
2026-05-31 04:55:00,12,534.21,-184.21,36.02,1.0,253.75,0.0,121.8,73.78,53.21
2026-05-31 05:00:00,12,534.21,-184.21,35.66,1.0,217.72,0.01,104.51,70.27,53.1
2026-05-31 05:05:00,12,534.21,-184.21,36.14,3.0,321.88,0.01,154.5,82.63,52.96
2026-05-31 05:10:00,12,534.21,-184.21,36.51,1.0,282.64,0.0,135.67,76.99,52.83
2026-05-31 05:15:00,12,534.21,-184.21,37.27,1.0,292.61,0.0,140.45,78.18,52.7
2026-05-31 05:20:00,12,534.21,-184.21,36.33,0.0,216.14,0.0,103.75,69.76,52.58
2026-05-31 05:25:00,12,534.21,-184.21,37.53,2.0,304.01,0.01,145.93,79.96,52.45
2026-05-31 05:30:00,12,534.21,-184.21,38.79,1.0,270.69,0.0,129.93,75.62,52.32
2026-05-31 05:35:00,12,534.21,-184.21,37.41,3.0,233.51,0.02,112.08,72.47,52.2
2026-05-31 05:40:00,12,534.21,-184.21,37.57,1.0,306.65,0.0,147.19,79.93,52.07
2026-05-31 05:45:00,12,534.21,-184.21,37.01,4.0,284.94,0.02,136.77,78.35,51.94
2026-05-31 05:50:00,12,534.21,-184.21,38.32,1.0,206.94,0.01,99.33,69.33,51.82
2026-05-31 05:55:00,12,534.21,-184.21,38.47,0.0,209.98,0.0,100.79,69.22,51.71
2026-05-31 06:00:00,12,534.21,-184.21,38.79,2.0,259.05,0.01,124.34,74.71,51.58
2026-05-31 06:05:00,12,534.21,-184.21,37.75,1.0,286.26,0.0,137.41,77.42,51.46
2026-05-31 06:10:00,12,534.21,-184.21,37.71,3.0,296.36,0.01,142.25,79.36,51.32
2026-05-31 06:15:00,12,534.21,-184.21,38.54,1.0,216.73,0.01,104.03,70.19,51.21
2026-05-31 06:20:00,12,534.21,-184.21,37.76,1.0,207.42,0.01,99.56,69.37,51.09
2026-05-31 06:25:00,12,534.21,-184.21,38.68,1.0,290.95,0.0,139.65,77.98,50.96
2026-05-31 06:30:00,12,534.21,-184.21,38.87,1.0,205.91,0.01,98.84,69.24,50.85
2026-05-31 06:35:00,12,534.21,-184.21,38.7,0.0,208.34,0.0,100.0,69.08,50.73
2026-05-31 06:40:00,12,534.21,-184.21,40.45,1.0,249.15,0.01,119.59,73.32,50.61
2026-05-31 06:45:00,12,534.21,-184.21,39.1,0.0,204.76,0.0,98.28,68.77,50.49
2026-05-31 06:50:00,12,534.21,-184.21,38.97,1.0,293.74,0.0,141.0,78.32,50.36
2026-05-31 06:55:00,12,534.21,-184.21,39.4,1.0,212.82,0.01,102.15,69.84,50.25
2026-05-31 07:00:00,12,534.21,-184.21,39.5,2.0,303.88,0.01,145.86,79.95,50.11
2026-05-31 07:05:00,12,534.21,-184.21,40.71,0.0,267.03,0.0,128.17,74.87,49.99
2026-05-31 07:10:00,12,534.21,-184.21,40.51,0.0,294.79,0.0,141.5,78.1,49.86
2026-05-31 07:15:00,12,534.21,-184.21,39.45,2.0,274.04,0.01,131.54,76.37,49.73
2026-05-31 07:20:00,12,534.21,-184.21,41.11,0.0,309.32,0.0,148.47,79.92,49.6
2026-05-31 07:25:00,12,534.21,-184.21,39.99,1.0,251.55,0.01,120.75,73.57,49.48
2026-05-31 07:30:00,12,534.21,-184.21,41.06,0.0,268.61,0.0,128.94,75.05,49.35
2026-05-31 07:35:00,12,534.21,-184.21,39.89,0.0,291.54,0.0,139.94,77.71,49.22
2026-05-31 07:40:00,12,534.21,-184.21,42.01,0.0,235.76,0.0,113.17,71.61,49.1
2026-05-31 07:45:00,12,534.21,-184.21,41.99,0.0,211.52,0.0,101.53,69.36,48.99
2026-05-31 07:50:00,12,534.21,-184.21,40.85,0.0,209.79,0.0,100.7,69.21,48.87
2026-05-31 07:55:00,12,534.21,-184.21,41.52,0.0,323.18,0.0,155.12,81.74,48.73
2026-05-31 08:00:00,12,534.21,-184.21,42.32,0.0,272.05,0.0,130.58,75.43,48.61
2026-05-31 08:05:00,12,534.21,-184.21,41.5,1.0,290.08,0.0,139.24,77.88,48.48
2026-05-31 08:10:00,12,534.21,-184.21,41.72,0.0,238.3,0.0,114.39,71.86,48.36
2026-05-31 08:15:00,12,534.21,-184.21,42.28,1.0,280.36,0.0,134.57,76.73,48.23
2026-05-31 08:20:00,12,534.21,-184.21,42.31,1.0,315.8,0.0,151.58,81.12,48.1
2026-05-31 08:25:00,12,534.21,-184.21,42.55,1.0,294.36,0.0,141.29,78.4,47.97
2026-05-31 08:30:00,12,534.21,-184.21,42.43,0.0,299.24,0.0,143.63,78.65,47.83
2026-05-31 08:35:00,12,534.21,-184.21,42.8,0.0,257.45,0.0,123.58,73.83,47.71
2026-05-31 08:40:00,12,534.21,-184.21,42.34,0.0,263.62,0.0,126.54,74.5,47.59
2026-05-31 08:45:00,12,534.21,-184.21,42.15,0.0,203.68,0.0,97.77,68.69,47.47
2026-05-31 08:50:00,12,534.21,-184.21,43.87,0.0,251.96,0.0,120.94,73.25,47.35
2026-05-31 08:55:00,12,534.21,-184.21,43.51,0.0,310.75,0.0,149.16,80.11,47.22
2026-05-31 09:00:00,12,534.21,-184.21,42.23,0.0,280.04,0.0,134.42,76.35,47.09
2026-05-31 09:05:00,12,534.21,-184.21,43.72,1.0,244.0,0.01,117.12,72.8,46.97
2026-05-31 09:10:00,12,534.21,-184.21,43.49,1.0,233.67,0.01,112.16,71.78,46.85
2026-05-31 09:15:00,12,534.21,-184.21,43.44,0.0,201.7,0.0,96.82,68.53,46.73
2026-05-31 09:20:00,12,534.21,-184.21,42.83,0.0,285.15,0.0,136.87,76.95,46.61
2026-05-31 09:25:00,12,534.21,-184.21,43.22,1.0,249.88,0.01,119.94,73.41,46.48
2026-05-31 09:30:00,12,534.21,-184.21,42.48,0.0,264.95,0.0,127.18,74.64,46.36
2026-05-31 09:35:00,12,534.21,-184.21,43.28,1.0,237.95,0.01,114.22,72.2,46.24
2026-05-31 09:40:00,12,534.21,-184.21,44.19,0.0,287.0,0.0,137.76,77.17,46.11
2026-05-31 09:45:00,12,534.21,-184.21,44.02,0.0,250.01,0.0,120.01,73.05,45.99
2026-05-31 09:50:00,12,534.21,-184.21,43.34,2.0,263.28,0.01,126.38,75.18,45.86
2026-05-31 09:55:00,12,534.21,-184.21,43.14,0.0,289.84,0.0,139.12,77.51,45.73
2026-05-31 10:00:00,12,534.21,-184.21,44.5,1.0,246.16,0.01,118.16,73.03,45.61
2026-05-31 10:05:00,12,534.21,-184.21,43.87,3.0,267.1,0.01,128.21,75.95,45.49
2026-05-31 10:10:00,12,534.21,-184.21,44.71,1.0,243.47,0.01,116.87,72.75,45.36
2026-05-31 10:15:00,12,534.21,-184.21,43.76,0.0,200.5,0.0,96.24,68.43,45.25
2026-05-31 10:20:00,12,534.21,-184.21,44.98,0.0,245.09,0.0,117.64,72.55,45.13
2026-05-31 10:25:00,12,534.21,-184.21,44.17,1.0,254.36,0.0,122.09,73.86,45.01
2026-05-31 10:30:00,12,534.21,-184.21,44.89,1.0,324.8,0.0,155.9,82.32,44.87
2026-05-31 10:35:00,12,534.21,-184.21,44.76,4.0,295.35,0.01,141.77,79.6,44.74
2026-05-31 10:40:00,12,534.21,-184.21,44.5,1.0,273.64,0.0,131.35,75.97,44.61
2026-05-31 10:45:00,12,534.21,-184.21,44.38,1.0,273.88,0.0,131.46,75.99,44.48
2026-05-31 10:50:00,12,534.21,-184.21,44.18,9.0,295.33,0.03,141.76,81.39,44.35
2026-05-31 10:55:00,12,534.21,-184.21,45.26,1.0,284.38,0.0,136.5,77.21,44.22
2026-05-31 11:00:00,12,534.21,-184.21,44.53,2.0,296.9,0.01,142.51,79.09,44.09
2026-05-31 11:05:00,12,534.21,-184.21,44.45,4.0,278.87,0.02,133.86,77.66,43.96
2026-05-31 11:10:00,12,534.21,-184.21,44.93,4.0,248.61,0.02,119.33,74.35,43.83
2026-05-31 11:15:00,12,534.21,-184.21,45.01,0.0,324.63,0.0,155.82,81.94,43.7
2026-05-31 11:20:00,12,534.21,-184.21,44.8,1.0,224.99,0.01,107.99,70.96,43.58
2026-05-31 11:25:00,12,534.21,-184.21,44.07,1.0,301.64,0.0,144.79,79.31,43.45
2026-05-31 11:30:00,12,534.21,-184.21,44.85,3.0,229.31,0.02,110.07,72.09,43.33
2026-05-31 11:35:00,12,534.21,-184.21,45.25,2.0,225.0,0.01,108.0,71.31,43.21
2026-05-31 11:40:00,12,534.21,-184.21,44.08,0.0,308.37,0.0,148.02,79.81,43.07
2026-05-31 11:45:00,12,534.21,-184.21,44.55,4.0,277.63,0.02,133.26,77.51,42.95
2026-05-31 11:50:00,12,534.21,-184.21,45.24,3.0,303.23,0.01,145.55,80.23,42.81
2026-05-31 11:55:00,12,534.21,-184.21,44.32,3.0,293.59,0.01,140.92,79.03,42.68
2026-05-31 12:00:00,12,534.21,-184.21,44.45,1.0,212.41,0.01,101.96,69.82,42.56
2026-05-31 12:05:00,12,534.21,-184.21,45.4,1.0,245.84,0.01,118.0,72.99,42.44
2026-05-31 12:10:00,12,534.21,-184.21,45.06,1.0,270.71,0.0,129.94,75.64,42.32
2026-05-31 12:15:00,12,534.21,-184.21,44.64,3.0,246.13,0.02,118.14,73.74,42.19
2026-05-31 12:20:00,12,534.21,-184.21,45.06,1.0,306.37,0.0,147.06,79.91,42.06
2026-05-31 12:25:00,12,534.21,-184.21,44.79,2.0,256.51,0.01,123.12,74.45,41.94
2026-05-31 12:30:00,12,534.21,-184.21,44.08,2.0,296.37,0.01,142.26,79.02,41.8
2026-05-31 12:35:00,12,534.21,-184.21,44.67,1.0,248.02,0.01,119.05,73.22,41.68
2026-05-31 12:40:00,12,534.21,-184.21,45.31,1.0,276.31,0.0,132.63,76.27,41.56
2026-05-31 12:45:00,12,534.21,-184.21,45.2,0.0,273.55,0.0,131.3,75.61,41.43
2026-05-31 12:50:00,12,534.21,-184.21,44.4,4.0,214.13,0.03,102.78,71.06,41.31
2026-05-31 12:55:00,12,534.21,-184.21,44.3,1.0,315.39,0.0,151.39,81.07,41.18
2026-05-31 13:00:00,12,534.21,-184.21,44.59,2.0,298.85,0.01,143.45,79.33,41.04
2026-05-31 13:05:00,12,534.21,-184.21,44.38,1.0,242.93,0.01,116.6,72.7,40.92
2026-05-31 13:10:00,12,534.21,-184.21,45.0,2.0,240.21,0.01,115.3,72.78,40.8
2026-05-31 13:15:00,12,534.21,-184.21,44.64,0.0,267.18,0.0,128.24,74.89,40.68
2026-05-31 13:20:00,12,534.21,-184.21,44.74,3.0,318.46,0.01,152.86,82.19,40.54
2026-05-31 13:25:00,12,534.21,-184.21,45.06,0.0,308.15,0.0,147.91,79.78,40.41
2026-05-31 13:30:00,12,534.21,-184.21,44.97,2.0,284.67,0.01,136.64,77.62,40.28
2026-05-31 13:35:00,12,534.21,-184.21,43.46,4.0,264.8,0.02,127.1,76.07,40.15
2026-05-31 13:40:00,12,534.21,-184.21,44.3,6.0,233.48,0.04,112.07,73.57,40.03
2026-05-31 13:45:00,12,534.21,-184.21,44.46,1.0,251.74,0.01,120.83,73.6,39.9
2026-05-31 13:50:00,12,534.21,-184.21,44.66,3.0,282.81,0.01,135.75,77.75,39.78
2026-05-31 13:55:00,12,534.21,-184.21,44.45,0.0,214.32,0.0,102.87,69.62,39.66
2026-05-31 14:00:00,12,534.21,-184.21,43.59,3.0,225.48,0.02,108.23,71.72,39.54
2026-05-31 14:05:00,12,534.21,-184.21,43.82,1.0,269.17,0.0,129.2,75.46,39.41
2026-05-31 14:10:00,12,534.21,-184.21,43.58,0.0,264.54,0.0,126.98,74.6,39.29
2026-05-31 14:15:00,12,534.21,-184.21,43.57,1.0,234.9,0.01,112.75,71.9,39.17
2026-05-31 14:20:00,12,534.21,-184.21,44.58,3.0,294.43,0.01,141.33,79.14,39.04
2026-05-31 14:25:00,12,534.21,-184.21,43.53,4.0,232.5,0.02,111.6,72.74,38.92
2026-05-31 14:30:00,12,534.21,-184.21,43.37,2.0,290.42,0.01,139.4,78.3,38.79
2026-05-31 14:35:00,12,534.21,-184.21,42.96,3.0,248.17,0.02,119.12,73.95,38.66
2026-05-31 14:40:00,12,534.21,-184.21,43.37,1.0,313.54,0.0,150.5,80.82,38.53
2026-05-31 14:45:00,12,534.21,-184.21,43.45,2.0,248.37,0.01,119.22,73.6,38.41
2026-05-31 14:50:00,12,534.21,-184.21,43.95,1.0,269.72,0.0,129.47,75.53,38.28
2026-05-31 14:55:00,12,534.21,-184.21,43.17,4.0,273.72,0.02,131.39,77.07,38.15
2026-05-31 15:00:00,12,534.21,-184.21,42.49,2.0,232.71,0.01,111.7,72.04,38.03
2026-05-31 15:05:00,12,534.21,-184.21,43.15,3.0,256.15,0.01,122.95,74.76,37.91
2026-05-31 15:10:00,12,534.21,-184.21,42.53,2.0,276.19,0.01,132.57,76.62,37.78
2026-05-31 15:15:00,12,534.21,-184.21,42.47,3.0,283.98,0.01,136.31,77.88,37.65
2026-05-31 15:20:00,12,534.21,-184.21,43.0,0.0,200.29,0.0,96.14,68.41,37.53
2026-05-31 15:25:00,12,534.21,-184.21,41.78,1.0,282.54,0.0,135.62,76.99,37.41
2026-05-31 15:30:00,12,534.21,-184.21,42.44,1.0,225.55,0.01,108.26,71.0,37.29
2026-05-31 15:35:00,12,534.21,-184.21,42.2,6.0,287.75,0.02,138.12,79.4,37.16
2026-05-31 15:40:00,12,534.21,-184.21,42.02,3.0,219.4,0.02,105.31,71.16,37.04
2026-05-31 15:45:00,12,534.21,-184.21,41.64,2.0,235.97,0.01,113.26,72.35,36.92
2026-05-31 15:50:00,12,534.21,-184.21,41.79,0.0,307.95,0.0,147.81,79.75,36.78
2026-05-31 15:55:00,12,534.21,-184.21,41.5,1.0,291.81,0.0,140.07,78.09,36.65
2026-05-31 16:00:00,12,534.21,-184.21,40.94,3.0,273.04,0.01,131.06,76.61,36.53
2026-05-31 16:05:00,12,534.21,-184.21,41.46,5.0,302.44,0.02,145.17,80.84,36.39
2026-05-31 16:10:00,12,534.21,-184.21,41.19,2.0,289.7,0.01,139.06,78.21,36.26
2026-05-31 16:15:00,12,534.21,-184.21,41.5,2.0,211.96,0.01,101.74,70.12,36.14
2026-05-31 16:20:00,12,534.21,-184.21,41.21,0.0,239.93,0.0,115.17,72.02,36.02
2026-05-31 16:25:00,12,534.21,-184.21,41.01,0.0,263.68,0.0,126.57,74.5,35.9
2026-05-31 16:30:00,12,534.21,-184.21,39.14,1.0,222.35,0.01,106.73,70.7,35.78
2026-05-31 16:35:00,12,534.21,-184.21,40.26,3.0,284.78,0.01,136.69,77.97,35.65
2026-05-31 16:40:00,12,534.21,-184.21,41.08,1.0,215.08,0.01,103.24,70.05,35.54
2026-05-31 16:45:00,12,534.21,-184.21,40.11,1.0,272.57,0.0,130.83,75.84,35.41
2026-05-31 16:50:00,12,534.21,-184.21,40.01,1.0,225.17,0.01,108.08,70.96,35.29
2026-05-31 16:55:00,12,534.21,-184.21,40.58,2.0,222.8,0.01,106.95,71.1,35.17
2026-05-31 17:00:00,12,534.21,-184.21,39.68,1.0,252.82,0.0,121.36,73.69,35.05
2026-05-31 17:05:00,12,534.21,-184.21,39.84,1.0,237.15,0.01,113.83,72.11,34.93
2026-05-31 17:10:00,12,534.21,-184.21,39.13,0.0,240.56,0.0,115.47,72.08,34.81
2026-05-31 17:15:00,12,534.21,-184.21,39.34,2.0,288.62,0.01,138.54,78.07,34.68
2026-05-31 17:20:00,12,534.21,-184.21,39.43,2.0,316.99,0.01,152.15,81.64,34.54
2026-05-31 17:25:00,12,534.21,-184.21,39.24,0.0,230.47,0.0,110.63,71.1,34.42
2026-05-31 17:30:00,12,534.21,-184.21,39.11,0.0,261.38,0.0,125.46,74.25,34.3
2026-05-31 17:35:00,12,534.21,-184.21,39.11,0.0,246.7,0.0,118.42,72.7,34.18
2026-05-31 17:40:00,12,534.21,-184.21,38.65,2.0,314.12,0.01,150.78,81.26,34.04
2026-05-31 17:45:00,12,534.21,-184.21,38.0,1.0,234.25,0.01,112.44,71.83,33.92
2026-05-31 17:50:00,12,534.21,-184.21,38.81,3.0,262.45,0.01,125.97,75.43,33.8
2026-05-31 17:55:00,12,534.21,-184.21,37.88,1.0,281.88,0.0,135.3,76.9,33.67
2026-05-31 18:00:00,12,534.21,-184.21,38.16,0.0,285.86,0.0,137.21,77.02,33.54
2026-05-31 18:05:00,12,534.21,-184.21,37.89,0.0,245.71,0.0,117.94,72.6,33.42
2026-05-31 18:10:00,12,534.21,-184.21,37.49,0.0,249.67,0.0,119.84,73.0,33.3
2026-05-31 18:15:00,12,534.21,-184.21,38.16,1.0,254.12,0.0,121.98,73.82,33.18
2026-05-31 18:20:00,12,534.21,-184.21,37.39,2.0,271.06,0.01,130.11,76.03,33.05
2026-05-31 18:25:00,12,534.21,-184.21,37.65,1.0,256.16,0.0,122.96,74.03,32.93
2026-05-31 18:30:00,12,534.21,-184.21,36.82,0.0,216.72,0.0,104.02,69.81,32.81
2026-05-31 18:35:00,12,534.21,-184.21,36.74,0.0,308.03,0.0,147.85,79.75,32.68
2026-05-31 18:40:00,12,534.21,-184.21,37.27,1.0,277.3,0.0,133.11,76.37,32.55
2026-05-31 18:45:00,12,534.21,-184.21,37.34,0.0,230.43,0.0,110.61,71.09,32.43
2026-05-31 18:50:00,12,534.21,-184.21,37.11,2.0,296.13,0.01,142.14,78.98,32.3
2026-05-31 18:55:00,12,534.21,-184.21,36.96,0.0,280.28,0.0,134.53,76.36,32.17
2026-05-31 19:00:00,12,534.21,-184.21,36.11,1.0,286.29,0.0,137.42,77.42,32.04
2026-05-31 19:05:00,12,534.21,-184.21,36.02,0.0,270.82,0.0,129.99,75.28,31.92
2026-05-31 19:10:00,12,534.21,-184.21,34.71,0.0,251.29,0.0,120.62,73.17,31.8
2026-05-31 19:15:00,12,534.21,-184.21,36.04,2.0,299.81,0.01,143.91,79.43,31.66
2026-05-31 19:20:00,12,534.21,-184.21,36.22,1.0,226.02,0.01,108.49,71.04,31.54
2026-05-31 19:25:00,12,534.21,-184.21,35.34,0.0,259.42,0.0,124.52,74.03,31.42
2026-05-31 19:30:00,12,534.21,-184.21,36.16,0.0,306.64,0.0,147.19,79.57,31.29
2026-05-31 19:35:00,12,534.21,-184.21,35.59,1.0,224.19,0.01,107.61,70.86,31.17
2026-05-31 19:40:00,12,534.21,-184.21,34.08,1.0,274.26,0.0,131.64,76.02,31.04
2026-05-31 19:45:00,12,534.21,-184.21,34.11,0.0,322.32,0.0,154.71,81.61,30.91
2026-05-31 19:50:00,12,534.21,-184.21,34.66,0.0,272.31,0.0,130.71,75.45,30.78
2026-05-31 19:55:00,12,534.21,-184.21,34.65,0.0,212.55,0.0,102.02,69.44,30.67
2026-05-31 20:00:00,12,534.21,-184.21,33.98,2.0,236.38,0.01,113.46,72.38,30.55
2026-05-31 20:05:00,12,534.21,-184.21,33.22,1.0,227.95,0.01,109.42,71.21,30.43
2026-05-31 20:10:00,12,534.21,-184.21,33.32,1.0,296.26,0.0,142.2,78.62,30.3
2026-05-31 20:15:00,12,534.21,-184.21,34.44,0.0,273.62,0.0,131.34,75.6,30.17
2026-05-31 20:20:00,12,534.21,-184.21,34.66,0.0,250.03,0.0,120.01,73.03,30.05
2026-05-31 20:25:00,12,534.21,-184.21,34.36,2.0,239.95,0.01,115.18,72.73,29.93
2026-05-31 20:30:00,12,534.21,-184.21,33.11,0.0,253.05,0.0,121.46,73.35,29.81
2026-05-31 20:35:00,12,534.21,-184.21,34.23,1.0,271.53,0.0,130.33,75.71,29.68
2026-05-31 20:40:00,12,534.21,-184.21,33.42,0.0,261.19,0.0,125.37,74.22,29.56
2026-05-31 20:45:00,12,534.21,-184.21,33.65,0.0,209.45,0.0,100.53,69.17,29.44
2026-05-31 20:50:00,12,534.21,-184.21,33.85,0.0,248.97,0.0,119.51,72.92,29.32
2026-05-31 20:55:00,12,534.21,-184.21,33.13,2.0,320.48,0.01,153.83,82.09,29.18
2026-05-31 21:00:00,12,534.21,-184.21,32.44,1.0,213.31,0.01,102.39,69.87,29.07
2026-05-31 21:05:00,12,534.21,-184.21,33.97,0.0,204.02,0.0,97.93,68.7,28.95
2026-05-31 21:10:00,12,534.21,-184.21,32.91,0.0,244.48,0.0,117.35,72.46,28.83
2026-05-31 21:15:00,12,534.21,-184.21,32.42,1.0,255.85,0.0,122.81,73.99,28.71
2026-05-31 21:20:00,12,534.21,-184.21,32.22,1.0,257.71,0.0,123.7,74.19,28.58
2026-05-31 21:25:00,12,534.21,-184.21,32.3,0.0,238.23,0.0,114.35,71.84,28.46
2026-05-31 21:30:00,12,534.21,-184.21,31.73,1.0,261.16,0.0,125.36,74.56,28.34
2026-05-31 21:35:00,12,534.21,-184.21,31.97,1.0,264.04,0.0,126.74,74.87,28.21
2026-05-31 21:40:00,12,534.21,-184.21,32.51,0.0,219.01,0.0,105.12,70.01,28.1
2026-05-31 21:45:00,12,534.21,-184.21,32.12,1.0,228.53,0.01,109.7,71.27,27.98
2026-05-31 21:50:00,12,534.21,-184.21,31.76,1.0,308.83,0.0,148.24,80.19,27.84
2026-05-31 21:55:00,12,534.21,-184.21,32.12,1.0,234.91,0.01,112.76,71.88,27.73
2026-05-31 22:00:00,12,534.21,-184.21,32.83,0.0,313.55,0.0,150.5,80.45,27.59
2026-05-31 22:05:00,12,534.21,-184.21,31.4,1.0,244.78,0.01,117.49,72.86,27.47
2026-05-31 22:10:00,12,534.21,-184.21,31.61,1.0,258.23,0.0,123.95,74.24,27.35
2026-05-31 22:15:00,12,534.21,-184.21,30.45,2.0,321.13,0.01,154.14,82.17,27.21
2026-05-31 22:20:00,12,534.21,-184.21,31.57,1.0,253.16,0.0,121.52,73.71,27.09
2026-05-31 22:25:00,12,534.21,-184.21,31.23,1.0,282.85,0.0,135.77,77.01,26.96
2026-05-31 22:30:00,12,534.21,-184.21,31.23,2.0,278.45,0.01,133.66,76.86,26.83
2026-05-31 22:35:00,12,534.21,-184.21,32.28,0.0,219.42,0.0,105.32,70.05,26.71
2026-05-31 22:40:00,12,534.21,-184.21,31.77,5.0,321.8,0.02,154.46,83.33,26.57
2026-05-31 22:45:00,12,534.21,-184.21,31.31,0.0,215.56,0.0,103.47,69.7,26.46
2026-05-31 22:50:00,12,534.21,-184.21,30.38,0.0,266.02,0.0,127.69,74.74,26.33
2026-05-31 22:55:00,12,534.21,-184.21,30.31,2.0,216.94,0.01,104.13,70.54,26.22
2026-05-31 23:00:00,12,534.21,-184.21,31.24,0.0,207.11,0.0,99.41,68.96,26.1
2026-05-31 23:05:00,12,534.21,-184.21,30.12,0.0,297.11,0.0,142.61,78.37,25.97
2026-05-31 23:10:00,12,534.21,-184.21,30.56,1.0,299.4,0.0,143.71,79.0,25.84
2026-05-31 23:15:00,12,534.21,-184.21,30.44,1.0,283.82,0.0,136.23,77.12,25.71
2026-05-31 23:20:00,12,534.21,-184.21,31.29,2.0,270.21,0.01,129.7,75.93,25.58
2026-05-31 23:25:00,12,534.21,-184.21,31.79,0.0,243.6,0.0,116.93,72.37,25.46
2026-05-31 23:30:00,12,534.21,-184.21,30.9,0.0,241.93,0.0,116.12,72.2,25.34
2026-05-31 23:35:00,12,534.21,-184.21,30.96,1.0,214.9,0.01,103.15,70.01,25.23
2026-05-31 23:40:00,12,534.21,-184.21,30.85,0.0,200.2,0.0,96.1,68.38,25.11
2026-05-31 23:45:00,12,534.21,-184.21,30.74,2.0,280.33,0.01,134.56,77.08,24.98
2026-05-31 23:50:00,12,534.21,-184.21,30.26,1.0,297.03,0.0,142.57,78.71,24.85
2026-05-31 23:55:00,12,534.21,-184.21,30.58,1.0,285.8,0.0,137.18,77.35,24.72
2026-06-01 00:00:00,12,534.21,-184.21,31.07,4.0,316.75,0.01,152.04,82.29,24.59
2026-06-01 00:05:00,12,534.21,-184.21,30.81,3.0,310.0,0.01,148.8,81.06,24.45
2026-06-01 00:10:00,12,534.21,-184.21,30.24,8.0,263.61,0.04,126.53,77.35,24.32
2026-06-01 00:15:00,12,534.21,-184.21,31.52,2.0,284.19,0.01,136.41,77.53,24.19
2026-06-01 00:20:00,12,534.21,-184.21,31.2,5.0,314.06,0.02,150.75,82.31,24.06
2026-06-01 00:25:00,12,534.21,-184.21,31.88,1.0,292.01,0.0,140.16,78.1,23.93
2026-06-01 00:30:00,12,534.21,-184.21,31.31,1.0,260.52,0.0,125.05,74.49,23.8
2026-06-01 00:35:00,12,534.21,-184.21,30.87,3.0,293.21,0.01,140.74,78.96,23.67
2026-06-01 00:40:00,12,534.21,-184.21,31.2,0.0,322.55,0.0,154.82,81.64,23.53
2026-06-01 00:45:00,12,534.21,-184.21,30.47,1.0,202.42,0.01,97.16,68.93,23.42
2026-06-01 00:50:00,12,534.21,-184.21,30.97,4.0,321.49,0.01,154.32,82.92,23.28
2026-06-01 00:55:00,12,534.21,-184.21,31.5,1.0,212.94,0.01,102.21,69.84,23.16
2026-06-01 01:00:00,12,534.21,-184.21,30.31,3.0,281.65,0.01,135.19,77.58,23.03
2026-06-01 01:05:00,12,534.21,-184.21,31.41,2.0,246.26,0.01,118.21,73.36,22.91
2026-06-01 01:10:00,12,534.21,-184.21,31.95,1.0,322.5,0.0,154.8,81.98,22.78
2026-06-01 01:15:00,12,534.21,-184.21,31.84,1.0,263.08,0.0,126.28,74.77,22.65
2026-06-01 01:20:00,12,534.21,-184.21,30.93,0.0,227.57,0.0,109.23,70.8,22.53
2026-06-01 01:25:00,12,534.21,-184.21,31.75,0.0,229.9,0.0,110.35,71.03,22.42
2026-06-01 01:30:00,12,534.21,-184.21,31.54,0.0,214.27,0.0,102.85,69.59,22.3
2026-06-01 01:35:00,12,534.21,-184.21,30.97,1.0,265.12,0.0,127.26,74.99,22.17
2026-06-01 01:40:00,12,534.21,-184.21,30.58,2.0,217.72,0.01,104.5,70.61,22.06
2026-06-01 01:45:00,12,534.21,-184.21,31.31,1.0,202.13,0.01,97.02,68.91,21.94
2026-06-01 01:50:00,12,534.21,-184.21,32.01,3.0,264.61,0.01,127.01,75.66,21.82
2026-06-01 01:55:00,12,534.21,-184.21,31.58,3.0,256.63,0.01,123.18,74.79,21.69
2026-06-01 02:00:00,12,534.21,-184.21,31.43,0.0,322.5,0.0,154.8,81.63,21.55
2026-06-01 02:05:00,12,534.21,-184.21,31.51,2.0,323.23,0.01,155.15,82.45,21.42
2026-06-01 02:10:00,12,534.21,-184.21,31.8,4.0,296.85,0.01,142.49,79.76,21.28
2026-06-01 02:15:00,12,534.21,-184.21,32.42,2.0,262.12,0.01,125.82,75.04,21.16
2026-06-01 02:20:00,12,534.21,-184.21,31.68,4.0,255.6,0.02,122.69,75.05,21.03
2026-06-01 02:25:00,12,534.21,-184.21,31.98,9.0,279.75,0.04,134.28,79.52,20.9
2026-06-01 02:30:00,12,534.21,-184.21,32.04,2.0,216.74,0.01,104.03,70.53,20.78
2026-06-01 02:35:00,12,534.21,-184.21,32.16,1.0,267.37,0.0,128.34,75.24,20.66
2026-06-01 02:40:00,12,534.21,-184.21,32.64,0.0,243.59,0.0,116.92,72.37,20.54
2026-06-01 02:45:00,12,534.21,-184.21,32.06,7.0,273.77,0.03,131.41,78.12,20.41
2026-06-01 02:50:00,12,534.21,-184.21,32.25,3.0,308.81,0.01,148.23,80.91,20.27
2026-06-01 02:55:00,12,534.21,-184.21,32.77,3.0,285.14,0.01,136.87,78.0,20.14
2026-06-01 03:00:00,12,534.21,-184.21,33.06,2.0,303.11,0.01,145.49,79.84,20.01
2026-06-01 03:05:00,12,534.21,-184.21,32.86,4.0,314.06,0.01,150.75,81.94,19.87
2026-06-01 03:10:00,12,534.21,-184.21,32.37,1.0,211.68,0.01,101.61,69.73,19.76
2026-06-01 03:15:00,12,534.21,-184.21,33.66,3.0,279.23,0.01,134.03,77.31,19.63
2026-06-01 03:20:00,12,534.21,-184.21,32.95,2.0,252.97,0.01,121.42,74.06,19.5
2026-06-01 03:25:00,12,534.21,-184.21,33.82,0.0,205.45,0.0,98.62,68.82,19.39
2026-06-01 03:30:00,12,534.21,-184.21,32.81,3.0,276.24,0.01,132.59,76.96,19.26
2026-06-01 03:35:00,12,534.21,-184.21,33.51,2.0,317.64,0.01,152.47,81.71,19.13
2026-06-01 03:40:00,12,534.21,-184.21,34.48,1.0,257.86,0.0,123.77,74.21,19.0
2026-06-01 03:45:00,12,534.21,-184.21,34.8,4.0,283.51,0.02,136.09,78.18,18.87
2026-06-01 03:50:00,12,534.21,-184.21,33.77,2.0,248.4,0.01,119.23,73.58,18.75
2026-06-01 03:55:00,12,534.21,-184.21,34.29,5.0,215.67,0.03,103.52,71.53,18.63
2026-06-01 04:00:00,12,534.21,-184.21,34.73,0.0,205.67,0.0,98.72,68.84,18.52
2026-06-01 04:05:00,12,534.21,-184.21,35.07,1.0,242.99,0.01,116.63,72.68,18.39
2026-06-01 04:10:00,12,534.21,-184.21,34.4,0.0,230.88,0.0,110.82,71.12,18.28
2026-06-01 04:15:00,12,534.21,-184.21,35.26,0.0,255.11,0.0,122.45,73.57,18.15
2026-06-01 04:20:00,12,534.21,-184.21,34.97,1.0,264.15,0.0,126.79,74.89,18.03
2026-06-01 04:25:00,12,534.21,-184.21,35.74,0.0,289.77,0.0,139.09,77.48,17.9
2026-06-01 04:30:00,12,534.21,-184.21,35.07,1.0,290.41,0.0,139.4,77.91,17.77
2026-06-01 04:35:00,12,534.21,-184.21,36.03,2.0,298.14,0.01,143.11,79.23,17.64
2026-06-01 04:40:00,12,534.21,-184.21,34.55,2.0,306.26,0.01,147.0,80.24,17.5
2026-06-01 04:45:00,12,534.21,-184.21,36.42,3.0,296.26,0.01,142.21,79.35,17.37
2026-06-01 04:50:00,12,534.21,-184.21,35.65,1.0,231.56,0.01,111.15,71.56,17.25
2026-06-01 04:55:00,12,534.21,-184.21,35.99,0.0,208.72,0.0,100.18,69.11,17.14
2026-06-01 05:00:00,12,534.21,-184.21,36.14,3.0,299.1,0.01,143.57,79.7,17.0
2026-06-01 05:05:00,12,534.21,-184.21,36.26,0.0,210.97,0.0,101.27,69.3,16.89
2026-06-01 05:10:00,12,534.21,-184.21,36.84,2.0,248.91,0.01,119.48,73.64,16.77
2026-06-01 05:15:00,12,534.21,-184.21,37.2,1.0,240.88,0.01,115.62,72.48,16.64
2026-06-01 05:20:00,12,534.21,-184.21,36.37,1.0,240.02,0.01,115.21,72.39,16.52
2026-06-01 05:25:00,12,534.21,-184.21,37.12,3.0,276.51,0.01,132.72,77.0,16.4
2026-06-01 05:30:00,12,534.21,-184.21,37.41,0.0,289.57,0.0,138.99,77.46,16.27
2026-06-01 05:35:00,12,534.21,-184.21,36.94,2.0,312.89,0.01,150.19,81.1,16.13
2026-06-01 05:40:00,12,534.21,-184.21,36.64,0.0,238.93,0.0,114.68,71.91,16.01
2026-06-01 05:45:00,12,534.21,-184.21,36.55,2.0,297.74,0.01,142.91,79.18,15.88
2026-06-01 05:50:00,12,534.21,-184.21,37.08,1.0,228.59,0.01,109.72,71.28,15.76
2026-06-01 05:55:00,12,534.21,-184.21,37.68,2.0,318.96,0.01,153.1,81.89,15.62
2026-06-01 06:00:00,12,534.21,-184.21,38.83,4.0,316.43,0.01,151.88,82.26,15.49
2026-06-01 06:05:00,12,534.21,-184.21,37.6,1.0,264.69,0.0,127.05,74.95,15.36
2026-06-01 06:10:00,12,534.21,-184.21,38.14,1.0,226.37,0.01,108.66,71.07,15.24
2026-06-01 06:15:00,12,534.21,-184.21,39.06,0.0,212.22,0.0,101.87,69.42,15.13
2026-06-01 06:20:00,12,534.21,-184.21,38.63,0.0,233.39,0.0,112.03,71.37,15.01
2026-06-01 06:25:00,12,534.21,-184.21,38.75,1.0,209.52,0.01,100.57,69.55,14.89
2026-06-01 06:30:00,12,534.21,-184.21,37.45,0.0,273.05,0.0,131.06,75.54,14.77
2026-06-01 06:35:00,12,534.21,-184.21,39.2,3.0,324.14,0.01,155.59,82.94,14.63
2026-06-01 06:40:00,12,534.21,-184.21,39.17,0.0,224.66,0.0,107.84,70.55,14.51
2026-06-01 06:45:00,12,534.21,-184.21,39.27,2.0,251.51,0.01,120.72,73.92,14.39
2026-06-01 06:50:00,12,534.21,-184.21,40.35,0.0,321.55,0.0,154.35,81.52,14.25
2026-06-01 06:55:00,12,534.21,-184.21,39.46,0.0,323.79,0.0,155.42,81.82,14.12
2026-06-01 07:00:00,12,534.21,-184.21,40.04,2.0,255.74,0.01,122.76,74.36,13.99
2026-06-01 07:05:00,12,534.21,-184.21,39.57,1.0,318.76,0.0,153.0,81.5,13.86
2026-06-01 07:10:00,12,534.21,-184.21,39.75,0.0,270.9,0.0,130.03,75.3,13.73
2026-06-01 07:15:00,12,534.21,-184.21,39.96,0.0,201.84,0.0,96.88,68.53,13.62
2026-06-01 07:20:00,12,534.21,-184.21,40.2,1.0,300.22,0.0,144.1,79.12,13.48
2026-06-01 07:25:00,12,534.21,-184.21,40.26,0.0,202.07,0.0,96.99,68.55,13.37
2026-06-01 07:30:00,12,534.21,-184.21,41.05,0.0,290.48,0.0,139.43,77.58,13.24
2026-06-01 07:35:00,12,534.21,-184.21,40.14,0.0,315.27,0.0,151.33,80.69,13.11
2026-06-01 07:40:00,12,534.21,-184.21,39.98,1.0,223.61,0.01,107.33,70.82,12.99
2026-06-01 07:45:00,12,534.21,-184.21,40.89,1.0,279.48,0.0,134.15,76.63,12.86
2026-06-01 07:50:00,12,534.21,-184.21,41.38,0.0,238.7,0.0,114.58,71.9,12.74
2026-06-01 07:55:00,12,534.21,-184.21,41.38,0.0,216.92,0.0,104.12,69.84,12.62
2026-06-01 08:00:00,12,534.21,-184.21,41.14,1.0,280.57,0.0,134.67,76.76,12.5
2026-06-01 08:05:00,12,534.21,-184.21,41.5,0.0,316.21,0.0,151.78,80.82,12.36
2026-06-01 08:10:00,12,534.21,-184.21,41.83,2.0,284.9,0.01,136.75,77.64,12.23
2026-06-01 08:15:00,12,534.21,-184.21,41.96,0.0,269.21,0.0,129.22,75.11,12.11
2026-06-01 08:20:00,12,534.21,-184.21,41.4,0.0,266.75,0.0,128.04,74.84,11.98
2026-06-01 08:25:00,12,534.21,-184.21,42.1,0.0,257.25,0.0,123.48,73.81,11.86
2026-06-01 08:30:00,12,534.21,-184.21,41.4,0.0,207.64,0.0,99.67,69.03,11.74
2026-06-01 08:35:00,12,534.21,-184.21,42.46,2.0,240.32,0.01,115.35,72.78,11.62
2026-06-01 08:40:00,12,534.21,-184.21,42.45,0.0,311.89,0.0,149.7,80.26,11.49
2026-06-01 08:45:00,12,534.21,-184.21,41.57,1.0,293.25,0.0,140.76,78.27,11.36
2026-06-01 08:50:00,12,534.21,-184.21,43.78,3.0,320.15,0.01,153.67,82.41,11.22
2026-06-01 08:55:00,12,534.21,-184.21,42.6,0.0,293.59,0.0,140.92,77.96,11.09
2026-06-01 09:00:00,12,534.21,-184.21,42.32,3.0,253.91,0.01,121.88,74.53,10.97
2026-06-01 09:05:00,12,534.21,-184.21,43.21,1.0,230.47,0.01,110.63,71.47,10.85
2026-06-01 09:10:00,12,534.21,-184.21,43.62,1.0,256.79,0.0,123.26,74.11,10.73
2026-06-01 09:15:00,12,534.21,-184.21,42.28,0.0,204.07,0.0,97.96,68.72,10.61
2026-06-01 09:20:00,12,534.21,-184.21,43.09,0.0,207.05,0.0,99.38,68.98,10.5
2026-06-01 09:25:00,12,534.21,-184.21,43.01,0.0,205.81,0.0,98.79,68.87,10.38
2026-06-01 09:30:00,12,534.21,-184.21,44.16,0.0,200.94,0.0,96.45,68.46,10.27
2026-06-01 09:35:00,12,534.21,-184.21,43.74,1.0,241.23,0.01,115.79,72.53,10.15
2026-06-01 09:40:00,12,534.21,-184.21,43.96,0.0,202.14,0.0,97.03,68.56,10.03
2026-06-01 09:45:00,12,534.21,-184.21,43.18,0.0,220.11,0.0,105.65,70.13,9.91
2026-06-01 09:50:00,12,534.21,-184.21,44.25,2.0,236.53,0.01,113.53,72.41,9.79
2026-06-01 09:55:00,12,534.21,-184.21,43.53,1.0,212.07,0.01,101.79,69.78,9.68
2026-06-01 10:00:00,12,534.21,-184.21,44.42,0.0,248.29,0.0,119.18,72.87,9.56
2026-06-01 10:05:00,12,534.21,-184.21,44.66,0.0,201.92,0.0,96.92,68.55,9.44
2026-06-01 10:10:00,12,534.21,-184.21,45.29,1.0,238.98,0.01,114.71,72.31,9.32
2026-06-01 10:15:00,12,534.21,-184.21,44.05,0.0,230.62,0.0,110.7,71.12,9.2
2026-06-01 10:20:00,12,534.21,-184.21,44.97,1.0,260.8,0.0,125.18,74.55,9.08
2026-06-01 10:25:00,12,534.21,-184.21,44.9,1.0,314.16,0.0,150.8,80.91,8.94
2026-06-01 10:30:00,12,534.21,-184.21,44.33,0.0,268.26,0.0,128.77,75.01,8.82
2026-06-01 10:35:00,12,534.21,-184.21,43.84,2.0,211.68,0.01,101.61,70.1,8.7
2026-06-01 10:40:00,12,534.21,-184.21,44.18,3.0,285.0,0.01,136.8,78.0,8.57
2026-06-01 10:45:00,12,534.21,-184.21,44.47,3.0,267.17,0.01,128.24,75.96,8.45
2026-06-01 10:50:00,12,534.21,-184.21,45.18,4.0,318.6,0.01,152.93,82.56,8.31
2026-06-01 10:55:00,12,534.21,-184.21,44.65,1.0,298.02,0.0,143.05,78.86,8.18
2026-06-01 11:00:00,12,534.21,-184.21,44.82,0.0,321.98,0.0,154.55,81.59,8.04
2026-06-01 11:05:00,12,534.21,-184.21,44.49,3.0,320.53,0.01,153.85,82.46,7.9
2026-06-01 11:10:00,12,534.21,-184.21,45.45,0.0,267.11,0.0,128.21,74.89,7.78
2026-06-01 11:15:00,12,534.21,-184.21,45.13,2.0,252.33,0.01,121.12,74.02,7.65
2026-06-01 11:20:00,12,534.21,-184.21,45.61,1.0,213.84,0.01,102.64,69.95,7.54
2026-06-01 11:25:00,12,534.21,-184.21,45.34,0.0,258.95,0.0,124.3,74.0,7.42
2026-06-01 11:30:00,12,534.21,-184.21,45.01,4.0,272.57,0.02,130.83,76.94,7.29
2026-06-01 11:35:00,12,534.21,-184.21,45.74,4.0,305.14,0.01,146.47,80.82,7.15
2026-06-01 11:40:00,12,534.21,-184.21,44.78,2.0,315.71,0.01,151.54,81.48,7.02
2026-06-01 11:45:00,12,534.21,-184.21,44.88,1.0,286.14,0.0,137.35,77.42,6.89
2026-06-01 11:50:00,12,534.21,-184.21,45.08,1.0,210.5,0.01,101.04,69.65,6.77
2026-06-01 11:55:00,12,534.21,-184.21,45.21,0.0,222.97,0.0,107.03,70.4,6.65
2026-06-01 12:00:00,12,534.21,-184.21,45.21,3.0,320.9,0.01,154.03,82.52,6.52
2026-06-01 12:05:00,12,534.21,-184.21,44.78,1.0,246.02,0.01,118.09,73.01,6.39
2026-06-01 12:10:00,12,534.21,-184.21,44.77,1.0,243.04,0.01,116.66,72.71,6.27
2026-06-01 12:15:00,12,534.21,-184.21,45.41,0.0,248.02,0.0,119.05,72.85,6.15
2026-06-01 12:20:00,12,534.21,-184.21,45.2,0.0,229.18,0.0,110.01,70.98,6.03
2026-06-01 12:25:00,12,534.21,-184.21,44.73,3.0,309.67,0.01,148.64,81.05,5.9
2026-06-01 12:30:00,12,534.21,-184.21,44.63,1.0,320.89,0.0,154.03,81.79,5.76
2026-06-01 12:35:00,12,534.21,-184.21,44.68,0.0,204.85,0.0,98.33,68.79,5.65
2026-06-01 12:40:00,12,534.21,-184.21,45.46,4.0,239.95,0.02,115.17,73.47,5.53
2026-06-01 12:45:00,12,534.21,-184.21,45.17,4.0,292.71,0.01,140.5,79.28,5.39
2026-06-01 12:50:00,12,534.21,-184.21,45.02,3.0,283.7,0.01,136.18,77.85,5.26
2026-06-01 12:55:00,12,534.21,-184.21,44.91,1.0,302.66,0.0,145.27,79.44,5.13
2026-06-01 13:00:00,12,534.21,-184.21,44.6,2.0,238.08,0.01,114.28,72.57,5.01
2026-06-01 13:05:00,12,534.21,-184.21,44.64,1.0,220.16,0.01,105.68,70.51,4.89
2026-06-01 13:10:00,12,534.21,-184.21,44.8,2.0,275.46,0.01,132.22,76.55,4.76
2026-06-01 13:15:00,12,534.21,-184.21,44.8,1.0,298.84,0.0,143.44,78.96,4.63
2026-06-01 13:20:00,12,534.21,-184.21,44.61,1.0,279.47,0.0,134.15,76.64,4.51
2026-06-01 13:25:00,12,534.21,-184.21,44.79,0.0,205.16,0.0,98.48,68.82,4.39
2026-06-01 13:30:00,12,534.21,-184.21,44.53,2.0,292.67,0.01,140.48,78.57,4.26
2026-06-01 13:35:00,12,534.21,-184.21,44.32,2.0,244.23,0.01,117.23,73.18,4.14
2026-06-01 13:40:00,12,534.21,-184.21,44.42,2.0,324.19,0.01,155.61,82.6,4.0
2026-06-01 13:45:00,12,534.21,-184.21,44.48,2.0,318.2,0.01,152.74,81.81,3.86
2026-06-01 13:50:00,12,534.21,-184.21,44.86,0.0,200.14,0.0,96.07,68.4,3.75
2026-06-01 13:55:00,12,534.21,-184.21,44.12,2.0,270.21,0.01,129.7,75.95,3.62
2026-06-01 14:00:00,12,534.21,-184.21,44.31,4.0,264.68,0.02,127.05,76.06,3.5
2026-06-01 14:05:00,12,534.21,-184.21,44.08,2.0,217.28,0.01,104.3,70.6,3.38
2026-06-01 14:10:00,12,534.21,-184.21,44.24,0.0,202.95,0.0,97.42,68.63,3.26
2026-06-01 14:15:00,12,534.21,-184.21,43.64,2.0,310.02,0.01,148.81,80.74,3.13
2026-06-01 14:20:00,12,534.21,-184.21,43.57,2.0,279.36,0.01,134.09,76.99,3.0
2026-06-01 14:25:00,12,534.21,-184.21,42.84,6.0,316.52,0.02,151.93,83.0,2.86
2026-06-01 14:30:00,12,534.21,-184.21,43.07,3.0,297.79,0.01,142.94,79.55,2.73
2026-06-01 14:35:00,12,534.21,-184.21,43.0,3.0,287.54,0.01,138.02,78.3,2.6
2026-06-01 14:40:00,12,534.21,-184.21,43.62,4.0,314.75,0.01,151.08,82.05,2.46
2026-06-01 14:45:00,12,534.21,-184.21,43.25,2.0,203.29,0.02,97.58,69.4,2.35
2026-06-01 14:50:00,12,534.21,-184.21,42.82,3.0,281.16,0.01,134.96,77.55,2.22
2026-06-01 14:55:00,12,534.21,-184.21,43.03,0.0,215.77,0.0,103.57,69.74,2.1
2026-06-01 15:00:00,12,534.21,-184.21,42.99,0.0,203.98,0.0,97.91,68.72,1.99
2026-06-01 15:05:00,12,534.21,-184.21,42.86,4.0,311.38,0.01,149.46,81.61,1.85
2026-06-01 15:10:00,12,534.21,-184.21,42.6,1.0,201.48,0.01,96.71,68.87,1.74
2026-06-01 15:15:00,12,534.21,-184.21,42.18,2.0,257.17,0.01,123.44,74.52,1.61
2026-06-01 15:20:00,12,534.21,-184.21,42.85,2.0,218.72,0.01,104.98,70.73,1.49
2026-06-01 15:25:00,12,534.21,-184.21,42.63,0.0,203.01,0.0,97.45,68.63,1.38
2026-06-01 15:30:00,12,534.21,-184.21,42.63,1.0,286.81,0.0,137.67,77.49,1.25
2026-06-01 15:35:00,12,534.21,-184.21,42.0,2.0,211.47,0.01,101.51,70.08,1.13
2026-06-01 15:40:00,12,534.21,-184.21,42.32,0.0,225.24,0.0,108.11,70.61,1.02
2026-06-01 15:45:00,12,534.21,-184.21,41.68,1.0,243.44,0.01,116.85,72.74,0.9
2026-06-01 15:50:00,12,534.21,-184.21,41.13,2.0,218.08,0.01,104.68,70.67,0.78
2026-06-01 15:55:00,12,534.21,-184.21,42.28,4.0,250.62,0.02,120.3,74.55,0.65
2026-06-01 16:00:00,12,534.21,-184.21,41.74,4.0,267.17,0.02,128.24,76.33,0.53
2026-06-01 16:05:00,12,534.21,-184.21,41.36,3.0,248.13,0.02,119.1,73.94,0.4
2026-06-01 16:10:00,12,534.21,-184.21,41.61,2.0,288.68,0.01,138.57,78.09,0.27
2026-06-01 16:15:00,12,534.21,-184.21,41.89,1.0,323.53,0.0,155.29,82.14,0.14
2026-06-01 16:20:00,12,534.21,-184.21,40.78,0.0,228.98,0.0,109.91,70.96,0.02
2026-06-01 16:25:00,12,534.21,-184.21,40.97,1.0,259.52,0.0,124.57,74.4,0.0
2026-06-01 16:30:00,12,534.21,-184.21,39.55,1.0,265.04,0.0,127.22,75.0,0.0
2026-06-01 16:35:00,12,534.21,-184.21,41.5,2.0,216.32,0.01,103.83,70.51,0.0
2026-06-01 16:40:00,12,534.21,-184.21,40.12,0.0,217.75,0.0,104.52,69.91,0.0
2026-06-01 16:45:00,12,534.21,-184.21,40.9,2.0,210.43,0.01,101.01,69.99,0.0
2026-06-01 16:50:00,12,534.21,-184.21,39.89,1.0,213.73,0.01,102.59,69.92,0.0
2026-06-01 16:55:00,12,534.21,-184.21,39.95,1.0,288.54,0.0,138.5,77.7,0.0
2026-06-01 17:00:00,12,534.21,-184.21,39.24,3.0,285.74,0.01,137.16,78.08,0.0
2026-06-01 17:05:00,12,534.21,-184.21,39.29,1.0,267.42,0.0,128.36,75.26,0.0
2026-06-01 17:10:00,12,534.21,-184.21,39.34,3.0,312.61,0.01,150.05,81.41,0.0
2026-06-01 17:15:00,12,534.21,-184.21,39.59,3.0,293.25,0.01,140.76,78.98,0.0
2026-06-01 17:20:00,12,534.21,-184.21,39.16,1.0,308.37,0.0,148.02,80.15,0.0
2026-06-01 17:25:00,12,534.21,-184.21,39.26,2.0,296.24,0.01,142.19,79.0,0.0
2026-06-01 17:30:00,12,534.21,-184.21,38.8,1.0,241.23,0.01,115.79,72.52,0.0
2026-06-01 17:35:00,12,534.21,-184.21,39.25,1.0,218.22,0.01,104.75,70.33,0.0
2026-06-01 17:40:00,12,534.21,-184.21,38.4,1.0,225.27,0.01,108.13,70.97,0.0
2026-06-01 17:45:00,12,534.21,-184.21,38.31,0.0,307.03,0.0,147.37,79.62,0.0
2026-06-01 17:50:00,12,534.21,-184.21,38.73,1.0,280.18,0.0,134.49,76.71,0.0
2026-06-01 17:55:00,12,534.21,-184.21,38.01,2.0,315.56,0.01,151.47,81.45,0.0
2026-06-01 18:00:00,12,534.21,-184.21,37.93,0.0,289.21,0.0,138.82,77.42,0.0
2026-06-01 18:05:00,12,534.21,-184.21,36.54,3.0,290.1,0.01,139.25,78.6,0.0
2026-06-01 18:10:00,12,534.21,-184.21,38.37,0.0,210.4,0.0,100.99,69.26,0.0
2026-06-01 18:15:00,12,534.21,-184.21,38.26,1.0,235.95,0.01,113.25,71.99,0.0
2026-06-01 18:20:00,12,534.21,-184.21,37.09,1.0,235.06,0.01,112.83,71.9,0.0
2026-06-01 18:25:00,12,534.21,-184.21,36.51,0.0,251.23,0.0,120.59,73.16,0.0
2026-06-01 18:30:00,12,534.21,-184.21,36.81,1.0,251.01,0.01,120.49,73.51,0.0
2026-06-01 18:35:00,12,534.21,-184.21,37.0,0.0,219.69,0.0,105.45,70.08,0.0
2026-06-01 18:40:00,12,534.21,-184.21,36.64,3.0,316.57,0.01,151.95,81.92,0.0
2026-06-01 18:45:00,12,534.21,-184.21,36.64,0.0,293.33,0.0,140.8,77.92,0.0
2026-06-01 18:50:00,12,534.21,-184.21,35.77,0.0,269.43,0.0,129.32,75.12,0.0
2026-06-01 18:55:00,12,534.21,-184.21,36.64,1.0,312.9,0.0,150.19,80.73,0.0
2026-06-01 19:00:00,12,534.21,-184.21,36.11,2.0,271.77,0.01,130.45,76.11,0.0
2026-06-01 19:05:00,12,534.21,-184.21,36.23,0.0,302.92,0.0,145.4,79.1,0.0
2026-06-01 19:10:00,12,534.21,-184.21,36.15,0.0,311.98,0.0,149.75,80.26,0.0
2026-06-01 19:15:00,12,534.21,-184.21,35.43,1.0,286.5,0.0,137.52,77.44,0.0
2026-06-01 19:20:00,12,534.21,-184.21,35.76,2.0,298.75,0.01,143.4,79.3,0.0
2026-06-01 19:25:00,12,534.21,-184.21,35.32,0.0,298.49,0.0,143.27,78.55,0.0
2026-06-01 19:30:00,12,534.21,-184.21,35.73,0.0,207.2,0.0,99.45,68.97,0.0
2026-06-01 19:35:00,12,534.21,-184.21,35.83,1.0,254.26,0.0,122.05,73.83,0.0
2026-06-01 19:40:00,12,534.21,-184.21,35.0,1.0,227.96,0.01,109.42,71.22,0.0
2026-06-01 19:45:00,12,534.21,-184.21,34.54,0.0,207.6,0.0,99.65,69.01,0.0
2026-06-01 19:50:00,12,534.21,-184.21,35.32,0.0,206.78,0.0,99.25,68.94,0.0
2026-06-01 19:55:00,12,534.21,-184.21,34.52,1.0,276.75,0.0,132.84,76.3,0.0
2026-06-01 20:00:00,12,534.21,-184.21,34.52,2.0,276.24,0.01,132.6,76.62,0.0
2026-06-01 20:05:00,12,534.21,-184.21,34.74,0.0,290.99,0.0,139.68,77.63,0.0
2026-06-01 20:10:00,12,534.21,-184.21,33.96,1.0,287.41,0.0,137.96,77.55,0.0
2026-06-01 20:15:00,12,534.21,-184.21,34.09,0.0,298.73,0.0,143.39,78.57,0.0
2026-06-01 20:20:00,12,534.21,-184.21,33.22,1.0,237.25,0.01,113.88,72.11,0.0
2026-06-01 20:25:00,12,534.21,-184.21,34.34,2.0,282.18,0.01,135.45,77.3,0.0
2026-06-01 20:30:00,12,534.21,-184.21,33.25,0.0,216.26,0.0,103.8,69.77,0.0
2026-06-01 20:35:00,12,534.21,-184.21,33.33,1.0,275.49,0.0,132.24,76.16,0.0
2026-06-01 20:40:00,12,534.21,-184.21,33.2,0.0,210.76,0.0,101.17,69.28,0.0
2026-06-01 20:45:00,12,534.21,-184.21,33.3,2.0,225.21,0.01,108.1,71.31,0.0
2026-06-01 20:50:00,12,534.21,-184.21,33.28,0.0,304.26,0.0,146.05,79.27,0.0
2026-06-01 20:55:00,12,534.21,-184.21,33.58,0.0,231.07,0.0,110.92,71.14,0.0
2026-06-01 21:00:00,12,534.21,-184.21,32.95,0.0,218.26,0.0,104.76,69.95,0.0
2026-06-01 21:05:00,12,534.21,-184.21,32.97,2.0,256.96,0.01,123.34,74.48,0.0
2026-06-01 21:10:00,12,534.21,-184.21,32.73,0.0,311.11,0.0,149.33,80.14,0.0
2026-06-01 21:15:00,12,534.21,-184.21,31.88,1.0,221.78,0.01,106.45,70.64,0.0
2026-06-01 21:20:00,12,534.21,-184.21,32.63,1.0,284.45,0.0,136.54,77.2,0.0
2026-06-01 21:25:00,12,534.21,-184.21,32.34,0.0,294.94,0.0,141.57,78.11,100.0
2026-06-01 21:30:00,12,534.21,-184.21,32.37,1.0,221.52,0.01,106.33,70.61,99.88
2026-06-01 21:35:00,12,534.21,-184.21,32.56,1.0,250.3,0.01,120.14,73.43,99.76
2026-06-01 21:40:00,12,534.21,-184.21,33.11,1.0,307.84,0.0,147.76,80.07,99.63
2026-06-01 21:45:00,12,534.21,-184.21,31.06,1.0,309.05,0.0,148.35,80.22,99.49
2026-06-01 21:50:00,12,534.21,-184.21,32.12,4.0,291.09,0.02,139.72,79.08,99.36
2026-06-01 21:55:00,12,534.21,-184.21,32.42,1.0,238.92,0.01,114.68,72.27,99.24
2026-06-01 22:00:00,12,534.21,-184.21,32.3,1.0,279.11,0.0,133.97,76.57,99.11
2026-06-01 22:05:00,12,534.21,-184.21,32.83,2.0,291.42,0.01,139.88,78.4,98.98
2026-06-01 22:10:00,12,534.21,-184.21,31.93,1.0,216.86,0.01,104.09,70.19,98.87
2026-06-01 22:15:00,12,534.21,-184.21,31.7,1.0,283.98,0.0,136.31,77.14,98.74
2026-06-01 22:20:00,12,534.21,-184.21,31.67,3.0,291.96,0.01,140.14,78.81,98.61
2026-06-01 22:25:00,12,534.21,-184.21,32.39,0.0,214.81,0.0,103.11,69.64,98.49
2026-06-01 22:30:00,12,534.21,-184.21,30.97,3.0,213.72,0.02,102.59,70.63,98.37
2026-06-01 22:35:00,12,534.21,-184.21,31.41,2.0,312.5,0.01,150.0,81.04,98.24
2026-06-01 22:40:00,12,534.21,-184.21,31.45,0.0,302.89,0.0,145.39,79.09,98.1
2026-06-01 22:45:00,12,534.21,-184.21,30.83,0.0,211.24,0.0,101.39,69.32,97.99
2026-06-01 22:50:00,12,534.21,-184.21,32.35,0.0,220.35,0.0,105.77,70.14,97.87
2026-06-01 22:55:00,12,534.21,-184.21,31.3,0.0,310.43,0.0,149.01,80.05,97.74
2026-06-01 23:00:00,12,534.21,-184.21,30.45,4.0,270.38,0.02,129.78,76.66,97.61
2026-06-01 23:05:00,12,534.21,-184.21,31.59,1.0,280.35,0.0,134.57,76.71,97.48
2026-06-01 23:10:00,12,534.21,-184.21,30.92,1.0,251.3,0.01,120.62,73.53,97.36
2026-06-01 23:15:00,12,534.21,-184.21,31.45,8.0,307.24,0.03,147.47,82.5,97.22
2026-06-01 23:20:00,12,534.21,-184.21,32.14,2.0,323.03,0.01,155.05,82.42,97.09
2026-06-01 23:25:00,12,534.21,-184.21,31.81,1.0,267.74,0.0,128.52,75.28,96.96
2026-06-01 23:30:00,12,534.21,-184.21,31.2,4.0,232.12,0.02,111.42,72.68,96.84
2026-06-01 23:35:00,12,534.21,-184.21,30.7,3.0,267.96,0.01,128.62,76.02,96.71
2026-06-01 23:40:00,12,534.21,-184.21,31.77,0.0,208.28,0.0,99.97,69.06,96.6
2026-06-01 23:45:00,12,534.21,-184.21,31.41,0.0,268.4,0.0,128.83,75.0,96.47
2026-06-01 23:50:00,12,534.21,-184.21,31.38,1.0,293.95,0.0,141.1,78.33,96.34
2026-06-01 23:55:00,12,534.21,-184.21,30.77,1.0,231.02,0.01,110.89,71.5,96.22
2026-06-02 00:00:00,12,534.21,-184.21,30.3,1.0,283.04,0.0,135.86,77.03,96.09
2026-06-02 00:05:00,12,534.21,-184.21,30.46,4.0,229.21,0.02,110.02,72.4,95.97
2026-06-02 00:10:00,12,534.21,-184.21,32.15,2.0,281.15,0.01,134.95,77.18,95.84
2026-06-02 00:15:00,12,534.21,-184.21,31.29,2.0,259.02,0.01,124.33,74.7,95.72
2026-06-02 00:20:00,12,534.21,-184.21,30.7,1.0,306.77,0.0,147.25,79.93,95.59
2026-06-02 00:25:00,12,534.21,-184.21,31.3,4.0,297.87,0.01,142.98,79.88,95.45
2026-06-02 00:30:00,12,534.21,-184.21,30.48,1.0,210.81,0.01,101.19,69.65,95.34
2026-06-02 00:35:00,12,534.21,-184.21,30.57,2.0,240.37,0.01,115.38,72.77,95.22
2026-06-02 00:40:00,12,534.21,-184.21,31.76,3.0,286.21,0.01,137.38,78.12,95.09
2026-06-02 00:45:00,12,534.21,-184.21,31.32,5.0,237.34,0.03,113.92,73.56,94.96
2026-06-02 00:50:00,12,534.21,-184.21,31.46,0.0,287.86,0.0,138.17,77.25,94.84
2026-06-02 00:55:00,12,534.21,-184.21,30.48,1.0,206.27,0.01,99.01,69.26,94.72
2026-06-02 01:00:00,12,534.21,-184.21,31.45,2.0,293.84,0.01,141.05,78.69,94.59
2026-06-02 01:05:00,12,534.21,-184.21,31.37,5.0,292.89,0.02,140.59,79.64,94.46
2026-06-02 01:10:00,12,534.21,-184.21,30.16,3.0,298.9,0.01,143.47,79.66,94.32
2026-06-02 01:15:00,12,534.21,-184.21,32.11,1.0,224.06,0.01,107.55,70.85,94.21
2026-06-02 01:20:00,12,534.21,-184.21,30.46,1.0,267.42,0.0,128.36,75.24,94.08
2026-06-02 01:25:00,12,534.21,-184.21,31.15,1.0,272.65,0.0,130.87,75.83,93.95
2026-06-02 01:30:00,12,534.21,-184.21,30.74,1.0,203.57,0.01,97.72,69.03,93.84
2026-06-02 01:35:00,12,534.21,-184.21,31.76,3.0,252.69,0.01,121.29,74.38,93.71
2026-06-02 01:40:00,12,534.21,-184.21,31.38,8.0,320.17,0.02,153.68,84.16,93.57
2026-06-02 01:45:00,12,534.21,-184.21,31.24,1.0,323.91,0.0,155.48,82.17,93.44
2026-06-02 01:50:00,12,534.21,-184.21,32.27,0.0,233.07,0.0,111.87,71.33,93.32
2026-06-02 01:55:00,12,534.21,-184.21,32.17,2.0,301.16,0.01,144.56,79.59,93.19
2026-06-02 02:00:00,12,534.21,-184.21,32.7,1.0,265.9,0.0,127.63,75.08,93.06
2026-06-02 02:05:00,12,534.21,-184.21,31.74,3.0,240.59,0.02,115.48,73.16,92.94
2026-06-02 02:10:00,12,534.21,-184.21,32.05,0.0,244.84,0.0,117.52,72.5,92.82
2026-06-02 02:15:00,12,534.21,-184.21,32.17,1.0,217.45,0.01,104.38,70.24,92.7
2026-06-02 02:20:00,12,534.21,-184.21,32.45,1.0,256.46,0.0,123.1,74.06,92.58
2026-06-02 02:25:00,12,534.21,-184.21,32.55,6.0,294.06,0.02,141.15,80.14,92.44
2026-06-02 02:30:00,12,534.21,-184.21,32.37,3.0,218.64,0.02,104.95,71.07,92.33
2026-06-02 02:35:00,12,534.21,-184.21,32.47,3.0,238.0,0.02,114.24,72.9,92.2
2026-06-02 02:40:00,12,534.21,-184.21,32.46,0.0,305.34,0.0,146.56,79.4,92.07
2026-06-02 02:45:00,12,534.21,-184.21,32.85,3.0,233.16,0.02,111.92,72.43,91.95
2026-06-02 02:50:00,12,534.21,-184.21,33.15,1.0,240.83,0.01,115.6,72.47,91.83
2026-06-02 02:55:00,12,534.21,-184.21,33.18,4.0,225.85,0.02,108.41,72.09,91.71
2026-06-02 03:00:00,12,534.21,-184.21,33.35,4.0,269.32,0.02,129.28,76.55,91.58
2026-06-02 03:05:00,12,534.21,-184.21,33.5,5.0,255.86,0.02,122.81,75.43,91.46
2026-06-02 03:10:00,12,534.21,-184.21,32.9,2.0,266.29,0.01,127.82,75.49,91.33
2026-06-02 03:15:00,12,534.21,-184.21,33.67,1.0,279.26,0.0,134.05,76.59,91.2
2026-06-02 03:20:00,12,534.21,-184.21,34.85,3.0,296.6,0.01,142.37,79.38,91.07
2026-06-02 03:25:00,12,534.21,-184.21,33.72,1.0,314.15,0.0,150.79,80.88,90.94
2026-06-02 03:30:00,12,534.21,-184.21,33.58,1.0,297.36,0.0,142.73,78.75,90.8
2026-06-02 03:35:00,12,534.21,-184.21,33.1,4.0,302.76,0.01,145.32,80.49,90.67
2026-06-02 03:40:00,12,534.21,-184.21,33.76,2.0,320.39,0.01,153.79,82.08,90.53
2026-06-02 03:45:00,12,534.21,-184.21,34.23,4.0,261.29,0.02,125.42,75.67,90.41
2026-06-02 03:50:00,12,534.21,-184.21,35.02,4.0,321.14,0.01,154.15,82.88,90.27
2026-06-02 03:55:00,12,534.21,-184.21,34.61,2.0,290.03,0.01,139.22,78.24,90.14
2026-06-02 04:00:00,12,534.21,-184.21,33.73,1.0,225.65,0.01,108.31,71.0,90.02
2026-06-02 04:05:00,12,534.21,-184.21,34.4,1.0,216.27,0.01,103.81,70.14,89.9
2026-06-02 04:10:00,12,534.21,-184.21,33.93,2.0,263.39,0.01,126.43,75.18,89.78
2026-06-02 04:15:00,12,534.21,-184.21,34.87,1.0,271.39,0.0,130.27,75.69,89.65
2026-06-02 04:20:00,12,534.21,-184.21,35.03,0.0,308.81,0.0,148.23,79.85,89.52
2026-06-02 04:25:00,12,534.21,-184.21,34.51,4.0,303.27,0.01,145.57,80.56,89.38
2026-06-02 04:30:00,12,534.21,-184.21,35.51,2.0,321.38,0.01,154.26,82.21,89.25
2026-06-02 04:35:00,12,534.21,-184.21,35.93,0.0,260.42,0.0,125.0,74.14,89.12
2026-06-02 04:40:00,12,534.21,-184.21,35.3,3.0,222.62,0.02,106.86,71.44,89.01
2026-06-02 04:45:00,12,534.21,-184.21,35.48,0.0,265.93,0.0,127.65,74.74,88.88
2026-06-02 04:50:00,12,534.21,-184.21,35.55,1.0,299.66,0.0,143.84,79.04,88.75
2026-06-02 04:55:00,12,534.21,-184.21,36.15,2.0,294.35,0.01,141.29,78.76,88.62
2026-06-02 05:00:00,12,534.21,-184.21,36.2,0.0,234.52,0.0,112.57,71.48,88.5
2026-06-02 05:05:00,12,534.21,-184.21,35.82,2.0,312.16,0.01,149.84,81.0,88.36
2026-06-02 05:10:00,12,534.21,-184.21,35.7,0.0,252.5,0.0,121.2,73.29,88.24
2026-06-02 05:15:00,12,534.21,-184.21,36.98,1.0,234.65,0.01,112.63,71.86,88.12
2026-06-02 05:20:00,12,534.21,-184.21,36.63,0.0,237.35,0.0,113.93,71.76,88.0
2026-06-02 05:25:00,12,534.21,-184.21,36.76,1.0,305.57,0.0,146.67,79.79,87.87
2026-06-02 05:30:00,12,534.21,-184.21,38.05,1.0,280.48,0.0,134.63,76.74,87.74
2026-06-02 05:35:00,12,534.21,-184.21,37.65,1.0,312.05,0.0,149.79,80.62,87.61
2026-06-02 05:40:00,12,534.21,-184.21,37.38,2.0,265.12,0.01,127.26,75.37,87.48
2026-06-02 05:45:00,12,534.21,-184.21,38.34,2.0,308.02,0.01,147.85,80.47,87.35
2026-06-02 05:50:00,12,534.21,-184.21,37.21,5.0,302.8,0.02,145.34,80.88,87.21
2026-06-02 05:55:00,12,534.21,-184.21,37.67,2.0,257.46,0.01,123.58,74.54,87.09
2026-06-02 06:00:00,12,534.21,-184.21,37.62,0.0,228.77,0.0,109.81,70.93,86.97
2026-06-02 06:05:00,12,534.21,-184.21,38.2,1.0,323.49,0.0,155.28,82.13,86.83
2026-06-02 06:10:00,12,534.21,-184.21,37.87,0.0,219.34,0.0,105.28,70.05,86.72
2026-06-02 06:15:00,12,534.21,-184.21,38.82,0.0,246.81,0.0,118.47,72.71,86.59
2026-06-02 06:20:00,12,534.21,-184.21,38.09,2.0,252.82,0.01,121.35,74.05,86.47
2026-06-02 06:25:00,12,534.21,-184.21,38.32,0.0,273.09,0.0,131.08,75.54,86.35
2026-06-02 06:30:00,12,534.21,-184.21,39.0,2.0,248.02,0.01,119.05,73.56,86.22
2026-06-02 06:35:00,12,534.21,-184.21,38.29,4.0,324.09,0.01,155.56,83.28,86.08
2026-06-02 06:40:00,12,534.21,-184.21,38.82,1.0,322.06,0.0,154.59,81.94,85.95
2026-06-02 06:45:00,12,534.21,-184.21,39.41,0.0,308.27,0.0,147.97,79.79,85.81
2026-06-02 06:50:00,12,534.21,-184.21,40.39,0.0,243.27,0.0,116.77,72.35,85.69
2026-06-02 06:55:00,12,534.21,-184.21,38.54,0.0,319.92,0.0,153.56,81.3,85.56
2026-06-02 07:00:00,12,534.21,-184.21,40.77,1.0,227.43,0.01,109.17,71.18,85.44
2026-06-02 07:05:00,12,534.21,-184.21,39.63,0.0,233.24,0.0,111.95,71.36,85.32
2026-06-02 07:10:00,12,534.21,-184.21,40.06,3.0,271.23,0.01,130.19,76.41,85.19
2026-06-02 07:15:00,12,534.21,-184.21,40.49,1.0,226.79,0.01,108.86,71.12,85.08
2026-06-02 07:20:00,12,534.21,-184.21,39.96,0.0,255.09,0.0,122.44,73.57,84.95
2026-06-02 07:25:00,12,534.21,-184.21,40.79,0.0,322.4,0.0,154.75,81.64,84.82
2026-06-02 07:30:00,12,534.21,-184.21,41.69,0.0,217.01,0.0,104.16,69.85,84.7
2026-06-02 07:35:00,12,534.21,-184.21,40.9,1.0,309.99,0.0,148.8,80.36,84.57
2026-06-02 07:40:00,12,534.21,-184.21,40.68,0.0,267.49,0.0,128.4,74.92,84.44
2026-06-02 07:45:00,12,534.21,-184.21,40.95,0.0,243.47,0.0,116.87,72.38,84.32
2026-06-02 07:50:00,12,534.21,-184.21,41.3,0.0,200.95,0.0,96.46,68.46,84.21
2026-06-02 07:55:00,12,534.21,-184.21,41.52,0.0,297.73,0.0,142.91,78.47,84.08
2026-06-02 08:00:00,12,534.21,-184.21,41.71,0.0,200.3,0.0,96.14,68.4,83.96
2026-06-02 08:05:00,12,534.21,-184.21,41.39,0.0,204.14,0.0,97.99,68.73,83.85
2026-06-02 08:10:00,12,534.21,-184.21,41.82,1.0,207.85,0.01,99.77,69.41,83.73
2026-06-02 08:15:00,12,534.21,-184.21,41.56,1.0,289.92,0.0,139.16,77.86,83.6
2026-06-02 08:20:00,12,534.21,-184.21,42.5,0.0,235.5,0.0,113.04,71.59,83.48
2026-06-02 08:25:00,12,534.21,-184.21,43.0,0.0,226.79,0.0,108.86,70.75,83.36
2026-06-02 08:30:00,12,534.21,-184.21,42.97,0.0,257.2,0.0,123.46,73.81,83.24
2026-06-02 08:35:00,12,534.21,-184.21,42.92,0.0,311.83,0.0,149.68,80.25,83.11
2026-06-02 08:40:00,12,534.21,-184.21,42.54,0.0,253.87,0.0,121.86,73.45,82.99
2026-06-02 08:45:00,12,534.21,-184.21,41.85,1.0,291.82,0.0,140.07,78.09,82.86
2026-06-02 08:50:00,12,534.21,-184.21,43.09,1.0,277.65,0.0,133.27,76.42,82.73
2026-06-02 08:55:00,12,534.21,-184.21,43.02,1.0,229.99,0.01,110.39,71.43,82.61
2026-06-02 09:00:00,12,534.21,-184.21,42.44,0.0,296.19,0.0,142.17,78.28,82.48
2026-06-02 09:05:00,12,534.21,-184.21,42.73,0.0,312.15,0.0,149.83,80.29,82.34
2026-06-02 09:10:00,12,534.21,-184.21,43.96,0.0,324.73,0.0,155.87,81.96,82.21
2026-06-02 09:15:00,12,534.21,-184.21,42.39,0.0,217.88,0.0,104.58,69.93,82.09
2026-06-02 09:20:00,12,534.21,-184.21,43.86,1.0,206.89,0.01,99.31,69.34,81.98
2026-06-02 09:25:00,12,534.21,-184.21,43.38,2.0,304.47,0.01,146.15,80.03,81.84
2026-06-02 09:30:00,12,534.21,-184.21,43.35,1.0,246.87,0.01,118.5,73.1,81.72
2026-06-02 09:35:00,12,534.21,-184.21,43.52,3.0,314.33,0.01,150.88,81.65,81.58
2026-06-02 09:40:00,12,534.21,-184.21,44.53,1.0,293.16,0.0,140.72,78.26,81.45
2026-06-02 09:45:00,12,534.21,-184.21,43.97,0.0,310.53,0.0,149.05,80.08,81.32
2026-06-02 09:50:00,12,534.21,-184.21,43.42,1.0,305.88,0.0,146.82,79.84,81.19
2026-06-02 09:55:00,12,534.21,-184.21,44.49,2.0,283.33,0.01,136.0,77.46,81.06
2026-06-02 10:00:00,12,534.21,-184.21,44.94,0.0,202.33,0.0,97.12,68.58,80.94
2026-06-02 10:05:00,12,534.21,-184.21,43.17,0.0,222.6,0.0,106.85,70.36,80.83
2026-06-02 10:10:00,12,534.21,-184.21,43.83,0.0,268.32,0.0,128.79,75.02,80.7
2026-06-02 10:15:00,12,534.21,-184.21,44.24,0.0,299.1,0.0,143.57,78.64,80.57
2026-06-02 10:20:00,12,534.21,-184.21,44.11,3.0,296.51,0.01,142.33,79.39,80.44
2026-06-02 10:25:00,12,534.21,-184.21,43.98,0.0,284.68,0.0,136.65,76.9,80.31
2026-06-02 10:30:00,12,534.21,-184.21,44.71,2.0,292.04,0.01,140.18,78.5,80.18
2026-06-02 10:35:00,12,534.21,-184.21,43.93,1.0,237.57,0.01,114.03,72.16,80.06
2026-06-02 10:40:00,12,534.21,-184.21,43.89,2.0,215.6,0.01,103.49,70.45,79.94
2026-06-02 10:45:00,12,534.21,-184.21,45.4,1.0,275.94,0.0,132.45,76.23,79.81
2026-06-02 10:50:00,12,534.21,-184.21,45.08,1.0,233.86,0.01,112.25,71.8,79.7
2026-06-02 10:55:00,12,534.21,-184.21,45.2,0.0,314.53,0.0,150.97,80.61,79.56
2026-06-02 11:00:00,12,534.21,-184.21,44.32,0.0,240.33,0.0,115.36,72.07,79.44
2026-06-02 11:05:00,12,534.21,-184.21,44.33,1.0,243.59,0.01,116.92,72.76,79.32
2026-06-02 11:10:00,12,534.21,-184.21,44.17,1.0,211.15,0.01,101.35,69.71,79.2
2026-06-02 11:15:00,12,534.21,-184.21,45.86,2.0,286.05,0.01,137.3,77.78,79.07
2026-06-02 11:20:00,12,534.21,-184.21,45.41,1.0,236.43,0.01,113.48,72.05,78.95
2026-06-02 11:25:00,12,534.21,-184.21,45.94,2.0,314.05,0.01,150.74,81.26,78.82
2026-06-02 11:30:00,12,534.21,-184.21,44.76,0.0,232.69,0.0,111.69,71.32,78.7
2026-06-02 11:35:00,12,534.21,-184.21,44.62,3.0,224.84,0.02,107.92,71.66,78.58
2026-06-02 11:40:00,12,534.21,-184.21,44.89,1.0,209.21,0.01,100.42,69.54,78.46
2026-06-02 11:45:00,12,534.21,-184.21,44.41,2.0,230.68,0.01,110.73,71.85,78.34
2026-06-02 11:50:00,12,534.21,-184.21,45.26,0.0,222.33,0.0,106.72,70.34,78.23
2026-06-02 11:55:00,12,534.21,-184.21,45.21,2.0,251.12,0.01,120.54,73.89,78.1
2026-06-02 12:00:00,12,534.21,-184.21,44.68,0.0,273.91,0.0,131.48,75.65,77.98
2026-06-02 12:05:00,12,534.21,-184.21,44.66,1.0,316.44,0.0,151.89,81.21,77.84
2026-06-02 12:10:00,12,534.21,-184.21,45.25,0.0,294.55,0.0,141.38,78.08,77.71
2026-06-02 12:15:00,12,534.21,-184.21,45.2,3.0,244.74,0.02,117.48,73.6,77.59
2026-06-02 12:20:00,12,534.21,-184.21,44.83,3.0,295.88,0.01,142.02,79.31,77.46
2026-06-02 12:25:00,12,534.21,-184.21,44.9,3.0,246.66,0.02,118.4,73.8,77.33
2026-06-02 12:30:00,12,534.21,-184.21,44.7,2.0,297.9,0.01,142.99,79.21,77.2
2026-06-02 12:35:00,12,534.21,-184.21,44.39,2.0,212.14,0.01,101.83,70.14,77.09
2026-06-02 12:40:00,12,534.21,-184.21,45.37,1.0,270.5,0.0,129.84,75.62,76.96
2026-06-02 12:45:00,12,534.21,-184.21,45.08,2.0,260.73,0.01,125.15,74.91,76.83
2026-06-02 12:50:00,12,534.21,-184.21,45.55,4.0,307.9,0.01,147.79,81.17,76.7
2026-06-02 12:55:00,12,534.21,-184.21,43.56,0.0,274.3,0.0,131.66,75.69,76.57
2026-06-02 13:00:00,12,534.21,-184.21,44.68,1.0,276.94,0.0,132.93,76.35,76.45
2026-06-02 13:05:00,12,534.21,-184.21,45.41,2.0,294.63,0.01,141.42,78.81,76.31
2026-06-02 13:10:00,12,534.21,-184.21,44.48,2.0,236.4,0.01,113.47,72.4,76.19
2026-06-02 13:15:00,12,534.21,-184.21,44.87,1.0,209.23,0.01,100.43,69.54,76.08
2026-06-02 13:20:00,12,534.21,-184.21,45.51,4.0,301.44,0.01,144.69,80.36,75.94
2026-06-02 13:25:00,12,534.21,-184.21,44.7,3.0,278.03,0.01,133.45,77.19,75.82
2026-06-02 13:30:00,12,534.21,-184.21,44.94,2.0,228.82,0.01,109.83,71.67,75.7
2026-06-02 13:35:00,12,534.21,-184.21,45.09,2.0,222.03,0.01,106.57,71.03,75.58
2026-06-02 13:40:00,12,534.21,-184.21,43.81,0.0,222.64,0.0,106.87,70.37,75.46
2026-06-02 13:45:00,12,534.21,-184.21,44.19,2.0,282.34,0.01,135.52,77.34,75.33
2026-06-02 13:50:00,12,534.21,-184.21,43.72,2.0,205.76,0.02,98.77,69.61,75.22
2026-06-02 13:55:00,12,534.21,-184.21,44.37,2.0,301.48,0.01,144.71,79.66,75.08
2026-06-02 14:00:00,12,534.21,-184.21,44.13,0.0,210.47,0.0,101.03,69.28,74.97
2026-06-02 14:05:00,12,534.21,-184.21,43.45,0.0,202.13,0.0,97.02,68.56,74.85
2026-06-02 14:10:00,12,534.21,-184.21,43.29,1.0,269.97,0.0,129.59,75.55,74.73
2026-06-02 14:15:00,12,534.21,-184.21,43.79,2.0,295.85,0.01,142.01,78.96,74.6
2026-06-02 14:20:00,12,534.21,-184.21,44.16,3.0,270.82,0.01,129.99,76.37,74.47
2026-06-02 14:25:00,12,534.21,-184.21,43.75,6.0,302.07,0.02,144.99,81.15,74.33
2026-06-02 14:30:00,12,534.21,-184.21,43.35,3.0,284.94,0.01,136.77,77.99,74.2
2026-06-02 14:35:00,12,534.21,-184.21,43.21,2.0,281.67,0.01,135.2,77.26,74.07
2026-06-02 14:40:00,12,534.21,-184.21,44.1,1.0,305.13,0.0,146.46,79.75,73.94
2026-06-02 14:45:00,12,534.21,-184.21,43.79,5.0,263.88,0.02,126.66,76.32,73.81
2026-06-02 14:50:00,12,534.21,-184.21,43.99,2.0,208.11,0.01,99.89,69.79,73.7
2026-06-02 14:55:00,12,534.21,-184.21,43.15,0.0,299.73,0.0,143.87,78.72,73.57
2026-06-02 15:00:00,12,534.21,-184.21,42.63,1.0,219.99,0.01,105.59,70.49,73.45
2026-06-02 15:05:00,12,534.21,-184.21,42.71,1.0,223.09,0.01,107.08,70.78,73.33
2026-06-02 15:10:00,12,534.21,-184.21,43.22,3.0,271.49,0.01,130.31,76.44,73.2
2026-06-02 15:15:00,12,534.21,-184.21,42.6,4.0,284.9,0.02,136.75,78.36,73.07
2026-06-02 15:20:00,12,534.21,-184.21,42.49,4.0,286.67,0.02,137.6,78.57,72.94
2026-06-02 15:25:00,12,534.21,-184.21,41.87,4.0,299.39,0.01,143.71,80.09,72.81
2026-06-02 15:30:00,12,534.21,-184.21,42.45,2.0,239.68,0.01,115.05,72.72,72.69
2026-06-02 15:35:00,12,534.21,-184.21,41.94,4.0,235.6,0.02,113.09,73.04,72.57
2026-06-02 15:40:00,12,534.21,-184.21,43.28,2.0,288.11,0.01,138.29,78.02,72.44
2026-06-02 15:45:00,12,534.21,-184.21,41.5,0.0,203.68,0.0,97.77,68.69,72.32
2026-06-02 15:50:00,12,534.21,-184.21,41.63,2.0,219.9,0.01,105.55,70.83,72.2
2026-06-02 15:55:00,12,534.21,-184.21,40.54,2.0,253.76,0.01,121.8,74.15,72.08
2026-06-02 16:00:00,12,534.21,-184.21,41.48,5.0,280.53,0.02,134.65,78.19,71.95
2026-06-02 16:05:00,12,534.21,-184.21,41.48,1.0,235.88,0.01,113.22,71.99,71.83
2026-06-02 16:10:00,12,534.21,-184.21,41.24,3.0,238.15,0.02,114.31,72.93,71.71
2026-06-02 16:15:00,12,534.21,-184.21,40.45,1.0,279.55,0.0,134.18,76.64,71.58
2026-06-02 16:20:00,12,534.21,-184.21,40.03,1.0,253.24,0.0,121.55,73.73,71.46
2026-06-02 16:25:00,12,534.21,-184.21,41.31,1.0,250.03,0.01,120.02,73.42,71.33
2026-06-02 16:30:00,12,534.21,-184.21,40.19,2.0,254.18,0.01,122.01,74.2,71.21
2026-06-02 16:35:00,12,534.21,-184.21,39.57,3.0,314.27,0.01,150.85,81.63,71.07
2026-06-02 16:40:00,12,534.21,-184.21,39.94,1.0,256.31,0.0,123.03,74.05,70.95
2026-06-02 16:45:00,12,534.21,-184.21,40.77,0.0,246.09,0.0,118.12,72.64,70.83
2026-06-02 16:50:00,12,534.21,-184.21,40.88,4.0,242.6,0.02,116.45,73.73,70.71
2026-06-02 16:55:00,12,534.21,-184.21,39.44,0.0,249.15,0.0,119.59,72.95,70.59
2026-06-02 17:00:00,12,534.21,-184.21,39.77,0.0,299.18,0.0,143.61,78.64,70.45
2026-06-02 17:05:00,12,534.21,-184.21,39.11,2.0,284.88,0.01,136.74,77.63,70.33
2026-06-02 17:10:00,12,534.21,-184.21,38.69,1.0,298.65,0.0,143.35,78.92,70.19
2026-06-02 17:15:00,12,534.21,-184.21,40.08,1.0,203.51,0.01,97.68,69.04,70.08
2026-06-02 17:20:00,12,534.21,-184.21,38.99,1.0,295.84,0.0,142.0,78.58,69.95
2026-06-02 17:25:00,12,534.21,-184.21,38.84,0.0,221.51,0.0,106.32,70.25,69.83
2026-06-02 17:30:00,12,534.21,-184.21,39.43,1.0,303.5,0.0,145.68,79.53,69.7
2026-06-02 17:35:00,12,534.21,-184.21,38.91,2.0,212.92,0.01,102.2,70.2,69.58
2026-06-02 17:40:00,12,534.21,-184.21,38.83,1.0,266.7,0.0,128.01,75.18,69.46
2026-06-02 17:45:00,12,534.21,-184.21,37.87,1.0,207.74,0.01,99.71,69.4,69.34
2026-06-02 17:50:00,12,534.21,-184.21,37.99,0.0,205.11,0.0,98.46,68.8,69.23
2026-06-02 17:55:00,12,534.21,-184.21,37.36,2.0,310.69,0.01,149.13,80.81,69.09
2026-06-02 18:00:00,12,534.21,-184.21,39.14,1.0,265.56,0.0,127.47,75.05,68.97
2026-06-02 18:05:00,12,534.21,-184.21,37.2,0.0,207.25,0.0,99.48,68.98,68.85
2026-06-02 18:10:00,12,534.21,-184.21,37.14,0.0,204.01,0.0,97.92,68.71,68.74
2026-06-02 18:15:00,12,534.21,-184.21,37.79,0.0,259.57,0.0,124.59,74.05,68.61
2026-06-02 18:20:00,12,534.21,-184.21,37.7,0.0,257.54,0.0,123.62,73.83,68.49
2026-06-02 18:25:00,12,534.21,-184.21,37.16,0.0,324.72,0.0,155.86,81.94,68.35
2026-06-02 18:30:00,12,534.21,-184.21,36.18,0.0,213.08,0.0,102.28,69.49,68.24
2026-06-02 18:35:00,12,534.21,-184.21,37.52,0.0,247.54,0.0,118.82,72.78,68.12
2026-06-02 18:40:00,12,534.21,-184.21,36.98,1.0,322.53,0.0,154.81,82.0,67.98
2026-06-02 18:45:00,12,534.21,-184.21,37.62,0.0,209.73,0.0,100.67,69.2,67.86
2026-06-02 18:50:00,12,534.21,-184.21,36.93,0.0,209.11,0.0,100.37,69.14,67.75
2026-06-02 18:55:00,12,534.21,-184.21,36.24,0.0,221.65,0.0,106.39,70.26,67.63
2026-06-02 19:00:00,12,534.21,-184.21,36.52,0.0,318.26,0.0,152.76,81.08,67.5
2026-06-02 19:05:00,12,534.21,-184.21,36.3,0.0,204.33,0.0,98.08,68.73,67.38
2026-06-02 19:10:00,12,534.21,-184.21,35.52,0.0,232.35,0.0,111.53,71.27,67.26
2026-06-02 19:15:00,12,534.21,-184.21,36.25,0.0,203.08,0.0,97.48,68.63,67.15
2026-06-02 19:20:00,12,534.21,-184.21,35.16,1.0,227.62,0.01,109.26,71.19,67.03
2026-06-02 19:25:00,12,534.21,-184.21,36.3,0.0,296.88,0.0,142.5,78.35,66.9
2026-06-02 19:30:00,12,534.21,-184.21,35.53,0.0,204.09,0.0,97.96,68.71,66.79
2026-06-02 19:35:00,12,534.21,-184.21,34.42,2.0,227.41,0.01,109.16,71.52,66.67
2026-06-02 19:40:00,12,534.21,-184.21,35.03,0.0,211.12,0.0,101.34,69.31,66.55
2026-06-02 19:45:00,12,534.21,-184.21,34.9,0.0,266.37,0.0,127.86,74.79,66.43
2026-06-02 19:50:00,12,534.21,-184.21,34.4,1.0,300.69,0.0,144.33,79.17,66.29
2026-06-02 19:55:00,12,534.21,-184.21,35.05,0.0,304.38,0.0,146.1,79.28,66.16
2026-06-02 20:00:00,12,534.21,-184.21,34.27,1.0,265.75,0.0,127.56,75.07,66.04
2026-06-02 20:05:00,12,534.21,-184.21,34.04,0.0,241.3,0.0,115.83,72.15,65.92
2026-06-02 20:10:00,12,534.21,-184.21,33.76,1.0,241.12,0.01,115.74,72.5,65.8
2026-06-02 20:15:00,12,534.21,-184.21,34.07,4.0,273.51,0.02,131.28,77.02,65.67
2026-06-02 20:20:00,12,534.21,-184.21,34.88,0.0,318.29,0.0,152.78,81.08,65.53
2026-06-02 20:25:00,12,534.21,-184.21,33.49,1.0,296.59,0.0,142.36,78.66,65.4
2026-06-02 20:30:00,12,534.21,-184.21,33.49,2.0,271.33,0.01,130.24,76.06,65.27
2026-06-02 20:35:00,12,534.21,-184.21,33.52,1.0,252.12,0.01,121.02,73.62,65.15
2026-06-02 20:40:00,12,534.21,-184.21,34.04,1.0,253.86,0.0,121.85,73.78,65.03
2026-06-02 20:45:00,12,534.21,-184.21,33.83,1.0,322.42,0.0,154.76,81.98,64.89
2026-06-02 20:50:00,12,534.21,-184.21,32.86,0.0,234.91,0.0,112.76,71.51,64.77
2026-06-02 20:55:00,12,534.21,-184.21,33.09,1.0,234.39,0.01,112.51,71.83,64.65
2026-06-02 21:00:00,12,534.21,-184.21,33.14,0.0,203.78,0.0,97.82,68.68,64.54
2026-06-02 21:05:00,12,534.21,-184.21,32.66,0.0,318.35,0.0,152.81,81.08,64.4
2026-06-02 21:10:00,12,534.21,-184.21,32.95,1.0,323.4,0.0,155.23,82.11,64.27
2026-06-02 21:15:00,12,534.21,-184.21,33.23,3.0,247.8,0.02,118.95,73.89,64.14
2026-06-02 21:20:00,12,534.21,-184.21,32.78,1.0,211.97,0.01,101.75,69.76,64.03
2026-06-02 21:25:00,12,534.21,-184.21,33.06,0.0,214.66,0.0,103.03,69.62,63.91
2026-06-02 21:30:00,12,534.21,-184.21,32.08,0.0,213.94,0.0,102.69,69.56,63.8
2026-06-02 21:35:00,12,534.21,-184.21,32.06,2.0,314.95,0.01,151.18,81.36,63.66
2026-06-02 21:40:00,12,534.21,-184.21,32.57,0.0,308.23,0.0,147.95,79.77,63.53
2026-06-02 21:45:00,12,534.21,-184.21,32.45,1.0,217.04,0.01,104.18,70.21,63.41
2026-06-02 21:50:00,12,534.21,-184.21,30.96,1.0,252.5,0.0,121.2,73.64,63.29
2026-06-02 21:55:00,12,534.21,-184.21,32.22,1.0,246.95,0.01,118.54,73.08,63.17
2026-06-02 22:00:00,12,534.21,-184.21,31.94,1.0,293.98,0.0,141.11,78.34,63.03
2026-06-02 22:05:00,12,534.21,-184.21,32.31,0.0,225.72,0.0,108.34,70.63,62.92
2026-06-02 22:10:00,12,534.21,-184.21,31.09,2.0,287.56,0.01,138.03,77.93,62.79
2026-06-02 22:15:00,12,534.21,-184.21,31.09,0.0,324.28,0.0,155.66,81.87,62.65
2026-06-02 22:20:00,12,534.21,-184.21,32.32,0.0,213.46,0.0,102.46,69.52,62.53
2026-06-02 22:25:00,12,534.21,-184.21,31.29,0.0,203.29,0.0,97.58,68.64,62.42
2026-06-02 22:30:00,12,534.21,-184.21,31.07,1.0,258.57,0.0,124.11,74.28,62.3
2026-06-02 22:35:00,12,534.21,-184.21,31.64,1.0,270.46,0.0,129.82,75.58,62.17
2026-06-02 22:40:00,12,534.21,-184.21,30.87,3.0,320.02,0.01,153.61,82.37,62.03
2026-06-02 22:45:00,12,534.21,-184.21,31.24,2.0,276.63,0.01,132.78,76.65,61.91
2026-06-02 22:50:00,12,534.21,-184.21,31.01,0.0,206.39,0.0,99.07,68.9,61.79
2026-06-02 22:55:00,12,534.21,-184.21,31.64,1.0,288.67,0.0,138.56,77.7,61.66
2026-06-02 23:00:00,12,534.21,-184.21,31.81,0.0,287.23,0.0,137.87,77.17,61.53
2026-06-02 23:05:00,12,534.21,-184.21,31.44,7.0,310.67,0.02,149.12,82.57,61.39
2026-06-02 23:10:00,12,534.21,-184.21,31.17,1.0,221.77,0.01,106.45,70.63,61.28
2026-06-02 23:15:00,12,534.21,-184.21,30.93,2.0,305.11,0.01,146.45,80.09,61.14
2026-06-02 23:20:00,12,534.21,-184.21,31.2,1.0,258.91,0.0,124.27,74.31,61.02
2026-06-02 23:25:00,12,534.21,-184.21,31.38,3.0,216.39,0.02,103.87,70.87,60.9
2026-06-02 23:30:00,12,534.21,-184.21,31.31,1.0,295.46,0.0,141.82,78.52,60.77
2026-06-02 23:35:00,12,534.21,-184.21,29.94,3.0,279.63,0.01,134.22,77.35,60.64
2026-06-02 23:40:00,12,534.21,-184.21,30.73,2.0,293.65,0.01,140.95,78.66,60.51
2026-06-02 23:45:00,12,534.21,-184.21,30.78,0.0,206.28,0.0,99.02,68.89,60.4
2026-06-02 23:50:00,12,534.21,-184.21,30.62,1.0,231.58,0.01,111.16,71.56,60.28
2026-06-02 23:55:00,12,534.21,-184.21,30.91,0.0,271.05,0.0,130.1,75.3,60.15
2026-06-03 00:00:00,12,534.21,-184.21,31.02,1.0,273.96,0.0,131.5,75.98,60.02
2026-06-03 00:05:00,12,534.21,-184.21,30.73,0.0,274.01,0.0,131.53,75.63,59.9
2026-06-03 00:10:00,12,534.21,-184.21,30.68,6.0,266.12,0.03,127.74,76.91,59.77
2026-06-03 00:15:00,12,534.21,-184.21,30.42,3.0,240.2,0.02,115.29,73.12,59.65
2026-06-03 00:20:00,12,534.21,-184.21,30.56,2.0,324.5,0.01,155.76,82.62,59.51
2026-06-03 00:25:00,12,534.21,-184.21,30.45,1.0,233.34,0.01,112.0,71.72,59.39
2026-06-03 00:30:00,12,534.21,-184.21,30.75,0.0,316.72,0.0,152.02,80.86,59.26
2026-06-03 00:35:00,12,534.21,-184.21,30.92,1.0,226.88,0.01,108.9,71.11,59.14
2026-06-03 00:40:00,12,534.21,-184.21,31.28,1.0,299.71,0.0,143.86,79.04,59.01
2026-06-03 00:45:00,12,534.21,-184.21,31.07,2.0,268.46,0.01,128.86,75.73,58.88
2026-06-03 00:50:00,12,534.21,-184.21,30.42,6.0,311.48,0.02,149.51,82.32,58.74
2026-06-03 00:55:00,12,534.21,-184.21,32.14,3.0,286.48,0.01,137.51,78.16,58.61
2026-06-03 01:00:00,12,534.21,-184.21,30.2,3.0,264.76,0.01,127.08,75.67,58.49
2026-06-03 01:05:00,12,534.21,-184.21,31.05,4.0,324.54,0.01,155.78,83.33,58.35
2026-06-03 01:10:00,12,534.21,-184.21,31.54,5.0,310.92,0.02,149.24,81.9,58.21
2026-06-03 01:15:00,12,534.21,-184.21,31.16,0.0,265.47,0.0,127.42,74.68,58.09
2026-06-03 01:20:00,12,534.21,-184.21,31.08,0.0,291.14,0.0,139.75,77.64,57.96
2026-06-03 01:25:00,12,534.21,-184.21,31.72,2.0,316.62,0.01,151.98,81.57,57.82
2026-06-03 01:30:00,12,534.21,-184.21,32.21,5.0,213.7,0.03,102.58,71.35,57.7
2026-06-03 01:35:00,12,534.21,-184.21,30.74,2.0,294.69,0.01,141.45,78.79,57.57
2026-06-03 01:40:00,12,534.21,-184.21,31.85,3.0,274.32,0.01,131.67,76.74,57.44
2026-06-03 01:45:00,12,534.21,-184.21,31.69,3.0,224.21,0.02,107.62,71.58,57.32
2026-06-03 01:50:00,12,534.21,-184.21,32.33,1.0,313.64,0.0,150.55,80.82,57.19
2026-06-03 01:55:00,12,534.21,-184.21,31.47,3.0,246.82,0.02,118.47,73.79,57.07
2026-06-03 02:00:00,12,534.21,-184.21,32.62,2.0,206.32,0.01,99.03,69.61,56.95
2026-06-03 02:05:00,12,534.21,-184.21,31.86,3.0,266.08,0.01,127.72,75.82,56.82
2026-06-03 02:10:00,12,534.21,-184.21,31.83,2.0,224.49,0.01,107.76,71.24,56.7
2026-06-03 02:15:00,12,534.21,-184.21,32.12,4.0,279.42,0.02,134.12,77.7,56.58
2026-06-03 02:20:00,12,534.21,-184.21,32.48,3.0,324.75,0.01,155.88,83.01,56.44
2026-06-03 02:25:00,12,534.21,-184.21,33.36,1.0,295.85,0.0,142.01,78.57,56.31
2026-06-03 02:30:00,12,534.21,-184.21,32.33,3.0,216.05,0.02,103.7,70.84,56.19
2026-06-03 02:35:00,12,534.21,-184.21,32.45,4.0,267.38,0.02,128.34,76.33,56.06
2026-06-03 02:40:00,12,534.21,-184.21,32.39,3.0,303.45,0.01,145.66,80.23,55.93
2026-06-03 02:45:00,12,534.21,-184.21,32.83,1.0,211.64,0.01,101.59,69.73,55.81
2026-06-03 02:50:00,12,534.21,-184.21,33.25,2.0,212.27,0.01,101.89,70.13,55.69
2026-06-03 02:55:00,12,534.21,-184.21,32.84,2.0,214.01,0.01,102.72,70.28,55.58
2026-06-03 03:00:00,12,534.21,-184.21,32.8,0.0,305.52,0.0,146.65,79.42,55.44
2026-06-03 03:05:00,12,534.21,-184.21,32.87,4.0,303.31,0.01,145.59,80.57,55.31
2026-06-03 03:10:00,12,534.21,-184.21,33.55,2.0,261.28,0.01,125.41,74.94,55.19
2026-06-03 03:15:00,12,534.21,-184.21,33.49,1.0,315.87,0.0,151.62,81.11,55.05
2026-06-03 03:20:00,12,534.21,-184.21,32.65,1.0,238.69,0.01,114.57,72.25,54.93
2026-06-03 03:25:00,12,534.21,-184.21,33.88,2.0,301.16,0.01,144.56,79.6,54.8
2026-06-03 03:30:00,12,534.21,-184.21,34.77,3.0,276.95,0.01,132.93,77.04,54.67
2026-06-03 03:35:00,12,534.21,-184.21,34.19,6.0,320.2,0.02,153.7,83.47,54.53
2026-06-03 03:40:00,12,534.21,-184.21,33.51,3.0,210.37,0.02,100.98,70.34,54.41
2026-06-03 03:45:00,12,534.21,-184.21,34.24,1.0,311.44,0.0,149.49,80.53,54.28
2026-06-03 03:50:00,12,534.21,-184.21,34.66,0.0,247.26,0.0,118.69,72.75,54.16
2026-06-03 03:55:00,12,534.21,-184.21,34.29,1.0,252.21,0.01,121.06,73.63,54.03
2026-06-03 04:00:00,12,534.21,-184.21,34.17,0.0,209.58,0.0,100.6,69.18,53.92
2026-06-03 04:05:00,12,534.21,-184.21,35.15,1.0,322.54,0.0,154.82,81.99,53.78
2026-06-03 04:10:00,12,534.21,-184.21,35.38,2.0,227.06,0.01,108.99,71.48,53.66
2026-06-03 04:15:00,12,534.21,-184.21,35.1,3.0,297.27,0.01,142.69,79.47,53.53
2026-06-03 04:20:00,12,534.21,-184.21,35.46,4.0,292.75,0.01,140.52,79.26,53.4
2026-06-03 04:25:00,12,534.21,-184.21,35.39,1.0,273.36,0.0,131.21,75.92,53.27
2026-06-03 04:30:00,12,534.21,-184.21,34.82,1.0,272.41,0.0,130.76,75.81,53.15
2026-06-03 04:35:00,12,534.21,-184.21,34.96,2.0,311.9,0.01,149.71,80.96,53.01
2026-06-03 04:40:00,12,534.21,-184.21,36.08,1.0,221.38,0.01,106.26,70.61,52.89
2026-06-03 04:45:00,12,534.21,-184.21,35.71,2.0,314.55,0.01,150.99,81.31,52.76
2026-06-03 04:50:00,12,534.21,-184.21,35.45,1.0,235.81,0.01,113.19,71.97,52.64
2026-06-03 04:55:00,12,534.21,-184.21,36.51,1.0,269.69,0.0,129.45,75.51,52.51
2026-06-03 05:00:00,12,534.21,-184.21,35.57,1.0,223.03,0.01,107.05,70.76,52.39
2026-06-03 05:05:00,12,534.21,-184.21,36.27,1.0,283.12,0.0,135.9,77.05,52.27
2026-06-03 05:10:00,12,534.21,-184.21,36.39,2.0,204.34,0.02,98.08,69.47,52.15
2026-06-03 05:15:00,12,534.21,-184.21,36.93,1.0,232.94,0.01,111.81,71.7,52.03
2026-06-03 05:20:00,12,534.21,-184.21,37.05,1.0,232.32,0.01,111.52,71.64,51.91
2026-06-03 05:25:00,12,534.21,-184.21,37.38,0.0,290.36,0.0,139.37,77.56,51.78
2026-06-03 05:30:00,12,534.21,-184.21,37.17,1.0,306.29,0.0,147.02,79.88,51.65
2026-06-03 05:35:00,12,534.21,-184.21,36.91,2.0,241.11,0.01,115.73,72.85,51.53
2026-06-03 05:40:00,12,534.21,-184.21,38.07,0.0,208.93,0.0,100.28,69.13,51.41
2026-06-03 05:45:00,12,534.21,-184.21,37.07,1.0,284.33,0.0,136.48,77.19,51.28
2026-06-03 05:50:00,12,534.21,-184.21,37.64,1.0,249.94,0.01,119.97,73.4,51.16
2026-06-03 05:55:00,12,534.21,-184.21,37.46,0.0,204.26,0.0,98.04,68.73,51.05
2026-06-03 06:00:00,12,534.21,-184.21,38.41,2.0,315.99,0.01,151.68,81.5,50.91
2026-06-03 06:05:00,12,534.21,-184.21,37.88,0.0,308.92,0.0,148.28,79.87,50.78
2026-06-03 06:10:00,12,534.21,-184.21,37.12,2.0,254.63,0.01,122.22,74.24,50.65
2026-06-03 06:15:00,12,534.21,-184.21,39.17,0.0,226.3,0.0,108.62,70.7,50.54
2026-06-03 06:20:00,12,534.21,-184.21,38.4,2.0,292.47,0.01,140.38,78.53,50.4
2026-06-03 06:25:00,12,534.21,-184.21,37.89,0.0,233.5,0.0,112.08,71.38,50.29
2026-06-03 06:30:00,12,534.21,-184.21,38.3,2.0,297.91,0.01,143.0,79.2,50.15
2026-06-03 06:35:00,12,534.21,-184.21,39.03,0.0,243.39,0.0,116.83,72.36,50.03
2026-06-03 06:40:00,12,534.21,-184.21,39.77,3.0,257.14,0.01,123.43,74.86,49.91
2026-06-03 06:45:00,12,534.21,-184.21,39.57,1.0,300.2,0.0,144.09,79.12,49.78
2026-06-03 06:50:00,12,534.21,-184.21,39.56,1.0,223.45,0.01,107.26,70.8,49.66
2026-06-03 06:55:00,12,534.21,-184.21,39.73,3.0,280.27,0.01,134.53,77.44,49.53
2026-06-03 07:00:00,12,534.21,-184.21,40.1,0.0,302.58,0.0,145.24,79.07,49.4
2026-06-03 07:05:00,12,534.21,-184.21,39.25,0.0,254.38,0.0,122.1,73.5,49.28
2026-06-03 07:10:00,12,534.21,-184.21,40.5,1.0,244.59,0.01,117.4,72.86,49.15
2026-06-03 07:15:00,12,534.21,-184.21,41.07,0.0,247.98,0.0,119.03,72.84,49.03
2026-06-03 07:20:00,12,534.21,-184.21,40.07,0.0,261.41,0.0,125.48,74.25,48.91
2026-06-03 07:25:00,12,534.21,-184.21,40.0,1.0,313.61,0.0,150.53,80.82,48.77
2026-06-03 07:30:00,12,534.21,-184.21,41.75,0.0,229.29,0.0,110.06,70.99,48.66
2026-06-03 07:35:00,12,534.21,-184.21,40.42,0.0,287.91,0.0,138.2,77.27,48.53
2026-06-03 07:40:00,12,534.21,-184.21,40.63,0.0,277.99,0.0,133.44,76.11,48.4
2026-06-03 07:45:00,12,534.21,-184.21,40.53,3.0,295.41,0.01,141.8,79.25,48.27
2026-06-03 07:50:00,12,534.21,-184.21,41.07,0.0,250.78,0.0,120.37,73.12,48.15
2026-06-03 07:55:00,12,534.21,-184.21,41.92,1.0,321.26,0.0,154.21,81.84,48.01
2026-06-03 08:00:00,12,534.21,-184.21,41.14,0.0,240.94,0.0,115.65,72.12,47.89
2026-06-03 08:05:00,12,534.21,-184.21,41.96,0.0,276.2,0.0,132.58,75.91,47.76
2026-06-03 08:10:00,12,534.21,-184.21,42.72,3.0,298.91,0.01,143.48,79.69,47.63
2026-06-03 08:15:00,12,534.21,-184.21,42.11,0.0,211.57,0.0,101.56,69.37,47.51
2026-06-03 08:20:00,12,534.21,-184.21,41.8,1.0,259.27,0.0,124.45,74.37,47.39
2026-06-03 08:25:00,12,534.21,-184.21,42.58,0.0,302.57,0.0,145.23,79.07,47.26
2026-06-03 08:30:00,12,534.21,-184.21,41.42,1.0,276.91,0.0,132.92,76.34,47.13
2026-06-03 08:35:00,12,534.21,-184.21,43.01,1.0,296.47,0.0,142.3,78.66,47.0
2026-06-03 08:40:00,12,534.21,-184.21,43.27,0.0,314.86,0.0,151.13,80.64,46.87
2026-06-03 08:45:00,12,534.21,-184.21,42.88,0.0,302.33,0.0,145.12,79.04,46.73
2026-06-03 08:50:00,12,534.21,-184.21,43.11,1.0,304.08,0.0,145.96,79.61,46.6
2026-06-03 08:55:00,12,534.21,-184.21,42.8,0.0,204.56,0.0,98.19,68.76,46.49
2026-06-03 09:00:00,12,534.21,-184.21,42.55,0.0,230.69,0.0,110.73,71.12,46.37
2026-06-03 09:05:00,12,534.21,-184.21,43.64,0.0,231.88,0.0,111.3,71.24,46.25
2026-06-03 09:10:00,12,534.21,-184.21,44.08,0.0,241.91,0.0,116.12,72.23,46.13
2026-06-03 09:15:00,12,534.21,-184.21,43.45,2.0,259.8,0.01,124.7,74.8,46.0
2026-06-03 09:20:00,12,534.21,-184.21,44.2,1.0,277.4,0.0,133.15,76.4,45.88
2026-06-03 09:25:00,12,534.21,-184.21,43.44,0.0,235.01,0.0,112.81,71.54,45.76
2026-06-03 09:30:00,12,534.21,-184.21,43.07,2.0,301.19,0.01,144.57,79.62,45.63
2026-06-03 09:35:00,12,534.21,-184.21,44.08,2.0,245.22,0.01,117.71,73.28,45.5
2026-06-03 09:40:00,12,534.21,-184.21,43.54,1.0,278.93,0.0,133.89,76.57,45.38
2026-06-03 09:45:00,12,534.21,-184.21,44.38,0.0,222.7,0.0,106.9,70.38,45.26
2026-06-03 09:50:00,12,534.21,-184.21,44.49,3.0,230.21,0.02,110.5,72.17,45.14
2026-06-03 09:55:00,12,534.21,-184.21,44.18,2.0,228.99,0.01,109.91,71.68,45.02
2026-06-03 10:00:00,12,534.21,-184.21,43.21,1.0,288.72,0.0,138.59,77.72,44.89
2026-06-03 10:05:00,12,534.21,-184.21,45.24,0.0,242.52,0.0,116.41,72.29,44.77
2026-06-03 10:10:00,12,534.21,-184.21,44.76,2.0,284.9,0.01,136.75,77.64,44.64
2026-06-03 10:15:00,12,534.21,-184.21,44.54,0.0,242.45,0.0,116.38,72.28,44.52
2026-06-03 10:20:00,12,534.21,-184.21,44.45,2.0,292.63,0.01,140.46,78.57,44.39
2026-06-03 10:25:00,12,534.21,-184.21,44.23,2.0,268.25,0.01,128.76,75.73,44.26
2026-06-03 10:30:00,12,534.21,-184.21,44.87,2.0,205.7,0.02,98.74,69.61,44.15
2026-06-03 10:35:00,12,534.21,-184.21,44.27,0.0,315.0,0.0,151.2,80.67,44.01
2026-06-03 10:40:00,12,534.21,-184.21,44.17,3.0,239.97,0.02,115.18,73.12,43.89
2026-06-03 10:45:00,12,534.21,-184.21,43.53,1.0,309.84,0.0,148.72,80.34,43.76
2026-06-03 10:50:00,12,534.21,-184.21,44.11,1.0,213.79,0.01,102.62,69.94,43.64
2026-06-03 10:55:00,12,534.21,-184.21,44.92,2.0,309.88,0.01,148.74,80.72,43.5
2026-06-03 11:00:00,12,534.21,-184.21,44.96,0.0,265.1,0.0,127.25,74.67,43.38
2026-06-03 11:05:00,12,534.21,-184.21,44.79,2.0,290.71,0.01,139.54,78.34,43.25
2026-06-03 11:10:00,12,534.21,-184.21,44.58,3.0,260.37,0.01,124.98,75.22,43.12
2026-06-03 11:15:00,12,534.21,-184.21,45.68,1.0,270.66,0.0,129.92,75.64,43.0
2026-06-03 11:20:00,12,534.21,-184.21,45.33,3.0,247.63,0.02,118.86,73.9,42.87
2026-06-03 11:25:00,12,534.21,-184.21,45.37,3.0,292.83,0.01,140.56,78.94,42.74
2026-06-03 11:30:00,12,534.21,-184.21,44.69,3.0,277.74,0.01,133.31,77.16,42.61
2026-06-03 11:35:00,12,534.21,-184.21,44.49,2.0,294.04,0.01,141.14,78.74,42.48
2026-06-03 11:40:00,12,534.21,-184.21,45.06,2.0,218.32,0.01,104.79,70.7,42.37
2026-06-03 11:45:00,12,534.21,-184.21,45.15,0.0,308.96,0.0,148.3,79.89,42.23
2026-06-03 11:50:00,12,534.21,-184.21,45.36,0.0,246.58,0.0,118.36,72.7,42.11
2026-06-03 11:55:00,12,534.21,-184.21,45.21,0.0,318.71,0.0,152.98,81.16,41.98
2026-06-03 12:00:00,12,534.21,-184.21,44.91,1.0,214.37,0.01,102.9,69.99,41.86
2026-06-03 12:05:00,12,534.21,-184.21,45.3,3.0,258.98,0.01,124.31,75.07,41.73
2026-06-03 12:10:00,12,534.21,-184.21,45.14,1.0,312.58,0.0,150.04,80.7,41.6
2026-06-03 12:15:00,12,534.21,-184.21,45.44,1.0,311.44,0.0,149.49,80.56,41.47
2026-06-03 12:20:00,12,534.21,-184.21,45.33,3.0,248.57,0.02,119.31,73.99,41.34
2026-06-03 12:25:00,12,534.21,-184.21,45.74,1.0,224.7,0.01,107.86,70.93,41.22
2026-06-03 12:30:00,12,534.21,-184.21,44.55,4.0,313.94,0.01,150.69,81.95,41.09
2026-06-03 12:35:00,12,534.21,-184.21,45.26,1.0,200.11,0.01,96.05,68.77,40.97
2026-06-03 12:40:00,12,534.21,-184.21,44.68,2.0,224.44,0.01,107.73,71.26,40.85
2026-06-03 12:45:00,12,534.21,-184.21,44.77,2.0,305.14,0.01,146.47,80.12,40.72
2026-06-03 12:50:00,12,534.21,-184.21,45.6,3.0,278.04,0.01,133.46,77.19,40.59
2026-06-03 12:55:00,12,534.21,-184.21,44.85,1.0,243.19,0.01,116.73,72.73,40.47
2026-06-03 13:00:00,12,534.21,-184.21,45.14,1.0,270.88,0.0,130.02,75.66,40.34
2026-06-03 13:05:00,12,534.21,-184.21,44.06,4.0,248.15,0.02,119.11,74.3,40.22
2026-06-03 13:10:00,12,534.21,-184.21,44.29,2.0,214.85,0.01,103.13,70.38,40.1
2026-06-03 13:15:00,12,534.21,-184.21,43.91,5.0,215.73,0.03,103.55,71.55,39.98
2026-06-03 13:20:00,12,534.21,-184.21,44.4,1.0,279.07,0.0,133.95,76.59,39.86
2026-06-03 13:25:00,12,534.21,-184.21,45.02,5.0,302.54,0.02,145.22,80.86,39.72
2026-06-03 13:30:00,12,534.21,-184.21,44.12,1.0,268.88,0.0,129.06,75.43,39.6
2026-06-03 13:35:00,12,534.21,-184.21,44.73,7.0,316.69,0.02,152.01,83.38,39.46
2026-06-03 13:40:00,12,534.21,-184.21,44.15,2.0,228.23,0.01,109.55,71.61,39.34
2026-06-03 13:45:00,12,534.21,-184.21,43.75,4.0,248.48,0.02,119.27,74.33,39.21
2026-06-03 13:50:00,12,534.21,-184.21,44.63,1.0,233.26,0.01,111.97,71.75,39.09
2026-06-03 13:55:00,12,534.21,-184.21,44.28,2.0,299.5,0.01,143.76,79.41,38.96
2026-06-03 14:00:00,12,534.21,-184.21,43.98,4.0,291.68,0.01,140.01,79.15,38.83
2026-06-03 14:05:00,12,534.21,-184.21,43.26,1.0,280.38,0.0,134.58,76.74,38.7
2026-06-03 14:10:00,12,534.21,-184.21,44.06,1.0,284.29,0.0,136.46,77.2,38.57
2026-06-03 14:15:00,12,534.21,-184.21,43.66,5.0,249.15,0.03,119.59,74.77,38.45
2026-06-03 14:20:00,12,534.21,-184.21,44.3,7.0,234.18,0.04,112.41,73.99,38.33
2026-06-03 14:25:00,12,534.21,-184.21,42.7,3.0,250.72,0.02,120.34,74.21,38.2
2026-06-03 14:30:00,12,534.21,-184.21,43.33,7.0,304.31,0.02,146.07,81.78,38.07
2026-06-03 14:35:00,12,534.21,-184.21,43.46,4.0,275.39,0.02,132.19,77.26,37.94
2026-06-03 14:40:00,12,534.21,-184.21,42.91,1.0,239.45,0.01,114.93,72.35,37.82
2026-06-03 14:45:00,12,534.21,-184.21,43.45,3.0,271.36,0.01,130.25,76.43,37.69
2026-06-03 14:50:00,12,534.21,-184.21,43.25,1.0,312.96,0.0,150.22,80.75,37.55
2026-06-03 14:55:00,12,534.21,-184.21,44.09,2.0,260.28,0.01,124.94,74.86,37.43
2026-06-03 15:00:00,12,534.21,-184.21,42.86,3.0,252.46,0.01,121.18,74.37,37.31
2026-06-03 15:05:00,12,534.21,-184.21,42.22,2.0,208.85,0.01,100.25,69.85,37.19
2026-06-03 15:10:00,12,534.21,-184.21,43.04,1.0,262.19,0.0,125.85,74.69,37.06
2026-06-03 15:15:00,12,534.21,-184.21,43.11,1.0,221.57,0.01,106.35,70.64,36.95
2026-06-03 15:20:00,12,534.21,-184.21,41.87,2.0,282.71,0.01,135.7,77.38,36.82
2026-06-03 15:25:00,12,534.21,-184.21,41.85,2.0,284.93,0.01,136.77,77.64,36.69
2026-06-03 15:30:00,12,534.21,-184.21,42.42,3.0,226.67,0.02,108.8,71.83,36.57
2026-06-03 15:35:00,12,534.21,-184.21,42.13,3.0,277.49,0.01,133.19,77.12,36.44
2026-06-03 15:40:00,12,534.21,-184.21,41.37,1.0,232.55,0.01,111.63,71.67,36.32
2026-06-03 15:45:00,12,534.21,-184.21,41.83,2.0,269.13,0.01,129.18,75.82,36.19
2026-06-03 15:50:00,12,534.21,-184.21,41.32,1.0,272.34,0.0,130.72,75.81,36.07
2026-06-03 15:55:00,12,534.21,-184.21,42.11,1.0,275.67,0.0,132.32,76.19,35.94
2026-06-03 16:00:00,12,534.21,-184.21,41.87,6.0,296.55,0.02,142.34,80.46,35.81
2026-06-03 16:05:00,12,534.21,-184.21,41.26,0.0,322.2,0.0,154.66,81.61,35.67
2026-06-03 16:10:00,12,534.21,-184.21,40.72,2.0,284.66,0.01,136.64,77.61,35.54
2026-06-03 16:15:00,12,534.21,-184.21,41.18,2.0,211.73,0.01,101.63,70.1,35.42
2026-06-03 16:20:00,12,534.21,-184.21,40.06,1.0,224.32,0.01,107.68,70.89,35.31
2026-06-03 16:25:00,12,534.21,-184.21,40.69,2.0,239.28,0.01,114.85,72.67,35.19
2026-06-03 16:30:00,12,534.21,-184.21,40.24,0.0,233.48,0.0,112.07,71.39,35.07
2026-06-03 16:35:00,12,534.21,-184.21,41.08,2.0,230.54,0.01,110.66,71.82,34.95
2026-06-03 16:40:00,12,534.21,-184.21,40.46,1.0,210.41,0.01,101.0,69.63,34.83
2026-06-03 16:45:00,12,534.21,-184.21,40.11,0.0,222.86,0.0,106.97,70.38,34.71
2026-06-03 16:50:00,12,534.21,-184.21,39.98,3.0,204.59,0.02,98.2,69.85,34.6
2026-06-03 16:55:00,12,534.21,-184.21,40.1,1.0,255.0,0.0,122.4,73.92,34.47
2026-06-03 17:00:00,12,534.21,-184.21,40.4,3.0,261.21,0.01,125.38,75.3,34.35
2026-06-03 17:05:00,12,534.21,-184.21,39.7,2.0,248.36,0.01,119.21,73.59,34.23
2026-06-03 17:10:00,12,534.21,-184.21,39.35,2.0,251.87,0.01,120.9,73.96,34.1
2026-06-03 17:15:00,12,534.21,-184.21,38.79,1.0,309.72,0.0,148.67,80.32,33.97
2026-06-03 17:20:00,12,534.21,-184.21,38.66,1.0,289.36,0.0,138.89,77.79,33.84
2026-06-03 17:25:00,12,534.21,-184.21,39.34,0.0,210.09,0.0,100.84,69.23,33.72
2026-06-03 17:30:00,12,534.21,-184.21,38.23,0.0,297.96,0.0,143.02,78.49,33.59
2026-06-03 17:35:00,12,534.21,-184.21,38.05,1.0,220.71,0.01,105.94,70.55,33.47
2026-06-03 17:40:00,12,534.21,-184.21,39.98,1.0,302.51,0.0,145.21,79.41,33.34
2026-06-03 17:45:00,12,534.21,-184.21,38.49,2.0,252.09,0.01,121.0,73.98,33.22
2026-06-03 17:50:00,12,534.21,-184.21,38.18,0.0,271.64,0.0,130.39,75.38,33.09
2026-06-03 17:55:00,12,534.21,-184.21,38.2,2.0,294.61,0.01,141.41,78.8,32.96
2026-06-03 18:00:00,12,534.21,-184.21,37.58,1.0,261.89,0.0,125.71,74.65,32.84
2026-06-03 18:05:00,12,534.21,-184.21,37.6,0.0,210.07,0.0,100.83,69.23,32.72
2026-06-03 18:10:00,12,534.21,-184.21,38.9,0.0,277.51,0.0,133.2,76.05,32.6
2026-06-03 18:15:00,12,534.21,-184.21,37.34,0.0,222.25,0.0,106.68,70.32,32.48
2026-06-03 18:20:00,12,534.21,-184.21,37.66,3.0,308.72,0.01,148.19,80.91,32.34
2026-06-03 18:25:00,12,534.21,-184.21,37.44,0.0,261.8,0.0,125.66,74.29,32.22
2026-06-03 18:30:00,12,534.21,-184.21,37.31,0.0,212.68,0.0,102.09,69.46,32.1
2026-06-03 18:35:00,12,534.21,-184.21,36.74,0.0,235.65,0.0,113.11,71.59,31.98
2026-06-03 18:40:00,12,534.21,-184.21,36.26,1.0,205.49,0.01,98.63,69.2,31.87
2026-06-03 18:45:00,12,534.21,-184.21,36.72,1.0,231.74,0.01,111.24,71.58,31.75
2026-06-03 18:50:00,12,534.21,-184.21,36.7,0.0,286.12,0.0,137.34,77.05,31.62
2026-06-03 18:55:00,12,534.21,-184.21,36.09,0.0,210.23,0.0,100.91,69.24,31.51
2026-06-03 19:00:00,12,534.21,-184.21,35.82,0.0,237.7,0.0,114.09,71.79,31.39
2026-06-03 19:05:00,12,534.21,-184.21,36.05,1.0,225.51,0.01,108.25,70.99,31.27
2026-06-03 19:10:00,12,534.21,-184.21,36.01,1.0,296.09,0.0,142.12,78.6,31.14
2026-06-03 19:15:00,12,534.21,-184.21,35.62,1.0,237.69,0.01,114.09,72.16,31.02
2026-06-03 19:20:00,12,534.21,-184.21,35.44,0.0,317.82,0.0,152.55,81.02,30.88
2026-06-03 19:25:00,12,534.21,-184.21,35.0,0.0,217.9,0.0,104.59,69.92,30.77
2026-06-03 19:30:00,12,534.21,-184.21,35.65,0.0,258.68,0.0,124.16,73.95,30.64
2026-06-03 19:35:00,12,534.21,-184.21,35.06,0.0,259.34,0.0,124.48,74.02,30.52
2026-06-03 19:40:00,12,534.21,-184.21,35.84,0.0,282.69,0.0,135.69,76.64,30.39
2026-06-03 19:45:00,12,534.21,-184.21,35.31,2.0,264.63,0.01,127.02,75.31,30.27
2026-06-03 19:50:00,12,534.21,-184.21,35.26,0.0,297.41,0.0,142.76,78.41,30.13
2026-06-03 19:55:00,12,534.21,-184.21,35.03,1.0,270.3,0.0,129.74,75.57,30.01
2026-06-03 20:00:00,12,534.21,-184.21,34.52,1.0,282.33,0.0,135.52,76.95,29.88
2026-06-03 20:05:00,12,534.21,-184.21,33.83,0.0,321.76,0.0,154.44,81.54,29.74
2026-06-03 20:10:00,12,534.21,-184.21,33.61,1.0,322.59,0.0,154.85,82.0,29.61
2026-06-03 20:15:00,12,534.21,-184.21,34.6,0.0,248.77,0.0,119.41,72.9,29.49
2026-06-03 20:20:00,12,534.21,-184.21,34.1,3.0,295.16,0.01,141.68,79.21,29.35
2026-06-03 20:25:00,12,534.21,-184.21,33.84,2.0,308.99,0.01,148.32,80.59,29.22
2026-06-03 20:30:00,12,534.21,-184.21,33.55,0.0,223.94,0.0,107.49,70.47,29.1
2026-06-03 20:35:00,12,534.21,-184.21,33.27,1.0,260.09,0.0,124.85,74.45,28.98
2026-06-03 20:40:00,12,534.21,-184.21,33.16,0.0,265.71,0.0,127.54,74.71,28.85
2026-06-03 20:45:00,12,534.21,-184.21,32.89,1.0,232.08,0.01,111.4,71.61,28.73
2026-06-03 20:50:00,12,534.21,-184.21,33.07,0.0,202.16,0.0,97.04,68.54,28.62
2026-06-03 20:55:00,12,534.21,-184.21,32.75,0.0,206.85,0.0,99.29,68.94,28.51
2026-06-03 21:00:00,12,534.21,-184.21,32.75,0.0,250.38,0.0,120.18,73.07,28.38
2026-06-03 21:05:00,12,534.21,-184.21,32.74,0.0,299.43,0.0,143.73,78.66,28.25
2026-06-03 21:10:00,12,534.21,-184.21,33.35,1.0,258.98,0.0,124.31,74.33,28.13
2026-06-03 21:15:00,12,534.21,-184.21,32.25,0.0,305.27,0.0,146.53,79.39,28.0
2026-06-03 21:20:00,12,534.21,-184.21,33.55,0.0,254.36,0.0,122.09,73.48,27.87
2026-06-03 21:25:00,12,534.21,-184.21,31.5,1.0,321.61,0.0,154.37,81.86,27.74
2026-06-03 21:30:00,12,534.21,-184.21,32.04,0.0,290.59,0.0,139.48,77.58,27.61
2026-06-03 21:35:00,12,534.21,-184.21,32.48,5.0,319.8,0.02,153.51,83.07,27.47
2026-06-03 21:40:00,12,534.21,-184.21,32.9,2.0,268.48,0.01,128.87,75.74,27.34
2026-06-03 21:45:00,12,534.21,-184.21,31.72,1.0,291.67,0.0,140.0,78.06,27.21
2026-06-03 21:50:00,12,534.21,-184.21,31.86,1.0,278.6,0.0,133.73,76.51,27.09
2026-06-03 21:55:00,12,534.21,-184.21,32.08,0.0,276.56,0.0,132.75,75.93,26.96
2026-06-03 22:00:00,12,534.21,-184.21,32.04,2.0,293.39,0.01,140.83,78.64,26.83
2026-06-03 22:05:00,12,534.21,-184.21,32.39,0.0,210.34,0.0,100.96,69.24,26.71
2026-06-03 22:10:00,12,534.21,-184.21,31.86,0.0,224.18,0.0,107.61,70.49,26.6
2026-06-03 22:15:00,12,534.21,-184.21,31.69,1.0,214.4,0.01,102.91,69.97,26.48
2026-06-03 22:20:00,12,534.21,-184.21,32.06,1.0,209.17,0.01,100.4,69.51,26.36
2026-06-03 22:25:00,12,534.21,-184.21,31.82,0.0,307.53,0.0,147.62,79.68,26.23
2026-06-03 22:30:00,12,534.21,-184.21,31.56,2.0,272.5,0.01,130.8,76.18,26.1
2026-06-03 22:35:00,12,534.21,-184.21,30.94,1.0,250.06,0.01,120.03,73.4,25.98
2026-06-03 22:40:00,12,534.21,-184.21,31.69,0.0,223.27,0.0,107.17,70.4,25.86
2026-06-03 22:45:00,12,534.21,-184.21,30.74,2.0,280.03,0.01,134.41,77.04,25.74
2026-06-03 22:50:00,12,534.21,-184.21,32.38,3.0,292.15,0.01,140.23,78.84,25.6
2026-06-03 22:55:00,12,534.21,-184.21,31.51,4.0,317.94,0.01,152.61,82.45,25.47
2026-06-03 23:00:00,12,534.21,-184.21,30.94,2.0,289.29,0.01,138.86,78.14,25.34
2026-06-03 23:05:00,12,534.21,-184.21,31.68,1.0,311.5,0.0,149.52,80.54,25.2
2026-06-03 23:10:00,12,534.21,-184.21,31.23,1.0,287.67,0.0,138.08,77.57,25.07
2026-06-03 23:15:00,12,534.21,-184.21,30.95,2.0,220.29,0.01,105.74,70.85,24.95
2026-06-03 23:20:00,12,534.21,-184.21,31.75,2.0,257.52,0.01,123.61,74.54,24.83
2026-06-03 23:25:00,12,534.21,-184.21,31.62,2.0,317.85,0.01,152.57,81.74,24.69
2026-06-03 23:30:00,12,534.21,-184.21,31.3,1.0,277.63,0.0,133.26,76.4,24.57
2026-06-03 23:35:00,12,534.21,-184.21,30.75,1.0,239.48,0.01,114.95,72.33,24.45
2026-06-03 23:40:00,12,534.21,-184.21,31.59,0.0,270.04,0.0,129.62,75.19,24.32
2026-06-03 23:45:00,12,534.21,-184.21,31.63,0.0,206.2,0.0,98.98,68.88,24.21
2026-06-03 23:50:00,12,534.21,-184.21,30.97,1.0,289.13,0.0,138.78,77.75,24.08
2026-06-03 23:55:00,12,534.21,-184.21,30.56,2.0,252.61,0.01,121.25,74.02,23.95
2026-06-04 00:00:00,12,534.21,-184.21,30.09,1.0,289.68,0.0,139.05,77.82,23.82
2026-06-04 00:05:00,12,534.21,-184.21,30.03,0.0,200.89,0.0,96.43,68.43,23.71
2026-06-04 00:10:00,12,534.21,-184.21,30.64,1.0,222.69,0.01,106.89,70.72,23.59
2026-06-04 00:15:00,12,534.21,-184.21,30.68,3.0,265.29,0.01,127.34,75.73,23.47
2026-06-04 00:20:00,12,534.21,-184.21,31.12,2.0,233.59,0.01,112.12,72.1,23.35
2026-06-04 00:25:00,12,534.21,-184.21,31.04,2.0,239.22,0.01,114.83,72.65,23.22
2026-06-04 00:30:00,12,534.21,-184.21,31.87,7.0,249.18,0.04,119.61,75.47,23.1
2026-06-04 00:35:00,12,534.21,-184.21,30.26,3.0,227.13,0.02,109.02,71.85,22.98
2026-06-04 00:40:00,12,534.21,-184.21,30.98,1.0,255.9,0.0,122.83,73.99,22.86
2026-06-04 00:45:00,12,534.21,-184.21,31.52,2.0,240.39,0.01,115.39,72.77,22.73
2026-06-04 00:50:00,12,534.21,-184.21,30.67,5.0,298.83,0.02,143.44,80.37,22.6
2026-06-04 00:55:00,12,534.21,-184.21,30.96,2.0,240.43,0.01,115.41,72.77,22.48
2026-06-04 01:00:00,12,534.21,-184.21,31.22,3.0,233.08,0.02,111.88,72.42,22.36
2026-06-04 01:05:00,12,534.21,-184.21,31.57,3.0,206.09,0.02,98.92,69.96,22.24
2026-06-04 01:10:00,12,534.21,-184.21,31.49,2.0,245.74,0.01,117.95,73.31,22.12
2026-06-04 01:15:00,12,534.21,-184.21,31.47,5.0,281.07,0.02,134.91,78.24,21.99
2026-06-04 01:20:00,12,534.21,-184.21,31.41,2.0,320.98,0.01,154.07,82.15,21.85
2026-06-04 01:25:00,12,534.21,-184.21,30.35,2.0,323.24,0.01,155.15,82.45,21.71
2026-06-04 01:30:00,12,534.21,-184.21,32.22,1.0,275.21,0.0,132.1,76.12,21.59
2026-06-04 01:35:00,12,534.21,-184.21,32.33,0.0,320.15,0.0,153.67,81.32,21.45
2026-06-04 01:40:00,12,534.21,-184.21,31.28,1.0,269.17,0.0,129.2,75.44,21.33
2026-06-04 01:45:00,12,534.21,-184.21,31.98,2.0,274.02,0.01,131.53,76.36,21.2
2026-06-04 01:50:00,12,534.21,-184.21,32.44,4.0,222.03,0.03,106.57,71.75,21.08
2026-06-04 01:55:00,12,534.21,-184.21,31.89,2.0,252.45,0.01,121.18,74.0,20.96
2026-06-04 02:00:00,12,534.21,-184.21,31.45,2.0,271.95,0.01,130.53,76.12,20.83
2026-06-04 02:05:00,12,534.21,-184.21,32.06,5.0,233.48,0.03,112.07,73.18,20.71
2026-06-04 02:10:00,12,534.21,-184.21,32.05,1.0,209.52,0.01,100.57,69.54,20.59
2026-06-04 02:15:00,12,534.21,-184.21,31.51,2.0,275.15,0.01,132.07,76.48,20.46
2026-06-04 02:20:00,12,534.21,-184.21,32.37,7.0,285.76,0.03,137.16,79.51,20.33
2026-06-04 02:25:00,12,534.21,-184.21,31.64,4.0,295.02,0.01,141.61,79.53,20.2
2026-06-04 02:30:00,12,534.21,-184.21,32.05,2.0,223.96,0.01,107.5,71.19,20.08
2026-06-04 02:35:00,12,534.21,-184.21,33.13,1.0,266.11,0.0,127.73,75.1,19.96
2026-06-04 02:40:00,12,534.21,-184.21,34.0,1.0,201.45,0.01,96.7,68.86,19.84
2026-06-04 02:45:00,12,534.21,-184.21,32.16,6.0,311.37,0.02,149.46,82.31,19.7
2026-06-04 02:50:00,12,534.21,-184.21,32.11,1.0,247.5,0.01,118.8,73.14,19.58
2026-06-04 02:55:00,12,534.21,-184.21,32.03,2.0,257.02,0.01,123.37,74.48,19.46
2026-06-04 03:00:00,12,534.21,-184.21,34.15,3.0,270.61,0.01,129.89,76.32,19.33
2026-06-04 03:05:00,12,534.21,-184.21,33.23,2.0,273.07,0.01,131.07,76.25,19.2
2026-06-04 03:10:00,12,534.21,-184.21,33.09,1.0,261.57,0.0,125.55,74.61,19.08
2026-06-04 03:15:00,12,534.21,-184.21,33.5,1.0,201.87,0.01,96.9,68.89,18.96
2026-06-04 03:20:00,12,534.21,-184.21,33.34,1.0,285.72,0.0,137.15,77.35,18.83
2026-06-04 03:25:00,12,534.21,-184.21,32.78,4.0,276.66,0.02,132.8,77.38,18.71
2026-06-04 03:30:00,12,534.21,-184.21,33.78,5.0,268.02,0.02,128.65,76.76,18.58
2026-06-04 03:35:00,12,534.21,-184.21,33.62,2.0,293.27,0.01,140.77,78.62,18.45
2026-06-04 03:40:00,12,534.21,-184.21,33.84,3.0,257.97,0.01,123.82,74.94,18.32
2026-06-04 03:45:00,12,534.21,-184.21,33.87,2.0,244.81,0.01,117.51,73.22,18.2
2026-06-04 03:50:00,12,534.21,-184.21,34.23,2.0,323.43,0.01,155.25,82.48,18.06
2026-06-04 03:55:00,12,534.21,-184.21,34.02,3.0,238.56,0.02,114.51,72.96,17.94
2026-06-04 04:00:00,12,534.21,-184.21,34.77,1.0,223.21,0.01,107.14,70.77,17.82
2026-06-04 04:05:00,12,534.21,-184.21,34.59,1.0,269.02,0.0,129.13,75.43,17.7
2026-06-04 04:10:00,12,534.21,-184.21,33.87,1.0,282.54,0.0,135.62,76.97,17.57
2026-06-04 04:15:00,12,534.21,-184.21,35.71,2.0,301.43,0.01,144.69,79.63,17.44
2026-06-04 04:20:00,12,534.21,-184.21,34.37,4.0,268.82,0.02,129.04,76.5,17.31
2026-06-04 04:25:00,12,534.21,-184.21,34.67,5.0,313.32,0.02,150.39,82.22,17.17
2026-06-04 04:30:00,12,534.21,-184.21,34.96,4.0,317.13,0.01,152.22,82.35,17.03
2026-06-04 04:35:00,12,534.21,-184.21,35.78,0.0,323.26,0.0,155.17,81.74,16.9
2026-06-04 04:40:00,12,534.21,-184.21,35.37,2.0,255.83,0.01,122.8,74.36,16.77
2026-06-04 04:45:00,12,534.21,-184.21,35.79,0.0,231.14,0.0,110.95,71.15,16.66
2026-06-04 04:50:00,12,534.21,-184.21,36.22,1.0,232.97,0.01,111.83,71.7,16.54
2026-06-04 04:55:00,12,534.21,-184.21,35.3,1.0,306.63,0.0,147.18,79.92,16.4
2026-06-04 05:00:00,12,534.21,-184.21,35.51,1.0,278.39,0.0,133.63,76.49,16.28
2026-06-04 05:05:00,12,534.21,-184.21,36.59,0.0,287.73,0.0,138.11,77.24,16.15
2026-06-04 05:10:00,12,534.21,-184.21,36.28,1.0,309.06,0.0,148.35,80.23,16.01
2026-06-04 05:15:00,12,534.21,-184.21,37.09,4.0,234.32,0.02,112.47,72.9,15.89
2026-06-04 05:20:00,12,534.21,-184.21,36.36,0.0,244.95,0.0,117.58,72.52,15.77
2026-06-04 05:25:00,12,534.21,-184.21,37.01,4.0,317.89,0.01,152.59,82.45,15.63
2026-06-04 05:30:00,12,534.21,-184.21,36.75,0.0,219.89,0.0,105.55,70.1,15.52
2026-06-04 05:35:00,12,534.21,-184.21,37.29,6.0,292.79,0.02,140.54,79.99,15.38
2026-06-04 05:40:00,12,534.21,-184.21,37.54,0.0,249.32,0.0,119.67,72.97,15.26
2026-06-04 05:45:00,12,534.21,-184.21,36.8,2.0,296.53,0.01,142.33,79.03,15.13
2026-06-04 05:50:00,12,534.21,-184.21,37.0,0.0,208.27,0.0,99.97,69.07,15.01
2026-06-04 05:55:00,12,534.21,-184.21,38.03,1.0,238.37,0.01,114.42,72.23,14.89
2026-06-04 06:00:00,12,534.21,-184.21,37.79,0.0,278.7,0.0,133.78,76.18,14.77
2026-06-04 06:05:00,12,534.21,-184.21,37.94,4.0,254.07,0.02,121.95,74.9,14.64
2026-06-04 06:10:00,12,534.21,-184.21,38.49,1.0,203.85,0.01,97.85,69.07,14.53
2026-06-04 06:15:00,12,534.21,-184.21,38.71,1.0,235.05,0.01,112.82,71.9,14.41
2026-06-04 06:20:00,12,534.21,-184.21,39.05,0.0,208.3,0.0,99.98,69.08,14.29
2026-06-04 06:25:00,12,534.21,-184.21,38.68,1.0,210.99,0.01,101.28,69.68,14.18
2026-06-04 06:30:00,12,534.21,-184.21,37.87,2.0,245.1,0.01,117.65,73.25,14.05
2026-06-04 06:35:00,12,534.21,-184.21,39.19,0.0,222.59,0.0,106.84,70.35,13.94
2026-06-04 06:40:00,12,534.21,-184.21,40.12,0.0,300.18,0.0,144.09,78.77,13.81
2026-06-04 06:45:00,12,534.21,-184.21,39.16,1.0,213.08,0.01,102.28,69.86,13.69
2026-06-04 06:50:00,12,534.21,-184.21,38.42,2.0,223.92,0.01,107.48,71.2,13.57
2026-06-04 06:55:00,12,534.21,-184.21,39.62,0.0,206.81,0.0,99.27,68.95,13.46
2026-06-04 07:00:00,12,534.21,-184.21,40.14,0.0,200.56,0.0,96.27,68.42,13.34
2026-06-04 07:05:00,12,534.21,-184.21,39.34,1.0,281.42,0.0,135.08,76.85,13.21
2026-06-04 07:10:00,12,534.21,-184.21,40.48,2.0,228.47,0.01,109.66,71.63,13.09
2026-06-04 07:15:00,12,534.21,-184.21,39.65,0.0,217.29,0.0,104.3,69.87,12.98
2026-06-04 07:20:00,12,534.21,-184.21,40.54,0.0,236.74,0.0,113.64,71.71,12.86
2026-06-04 07:25:00,12,534.21,-184.21,40.83,3.0,269.6,0.01,129.41,76.23,12.73
2026-06-04 07:30:00,12,534.21,-184.21,40.58,1.0,273.25,0.0,131.16,75.92,12.6
2026-06-04 07:35:00,12,534.21,-184.21,40.41,1.0,317.96,0.0,152.62,81.4,12.47
2026-06-04 07:40:00,12,534.21,-184.21,41.17,0.0,324.95,0.0,155.98,81.98,12.33
2026-06-04 07:45:00,12,534.21,-184.21,41.14,0.0,274.35,0.0,131.69,75.69,12.21
2026-06-04 07:50:00,12,534.21,-184.21,40.55,0.0,235.74,0.0,113.15,71.61,12.09
2026-06-04 07:55:00,12,534.21,-184.21,42.26,0.0,201.29,0.0,96.62,68.49,11.97
2026-06-04 08:00:00,12,534.21,-184.21,41.06,2.0,254.31,0.01,122.07,74.21,11.85
2026-06-04 08:05:00,12,534.21,-184.21,41.64,1.0,305.18,0.0,146.49,79.75,11.72
2026-06-04 08:10:00,12,534.21,-184.21,41.27,1.0,318.05,0.0,152.66,81.41,11.58
2026-06-04 08:15:00,12,534.21,-184.21,41.05,2.0,308.97,0.01,148.31,80.6,11.45
2026-06-04 08:20:00,12,534.21,-184.21,41.25,1.0,221.65,0.01,106.39,70.64,11.33
2026-06-04 08:25:00,12,534.21,-184.21,42.99,0.0,242.64,0.0,116.47,72.3,11.21
2026-06-04 08:30:00,12,534.21,-184.21,41.35,1.0,217.1,0.01,104.21,70.23,11.09
2026-06-04 08:35:00,12,534.21,-184.21,42.35,1.0,227.94,0.01,109.41,71.23,10.97
2026-06-04 08:40:00,12,534.21,-184.21,43.04,5.0,284.0,0.02,136.32,78.6,10.84
2026-06-04 08:45:00,12,534.21,-184.21,42.71,1.0,227.71,0.01,109.3,71.21,10.72
2026-06-04 08:50:00,12,534.21,-184.21,42.47,0.0,220.6,0.0,105.89,70.18,10.61
2026-06-04 08:55:00,12,534.21,-184.21,42.88,1.0,256.0,0.0,122.88,74.03,10.48
2026-06-04 09:00:00,12,534.21,-184.21,43.0,0.0,203.26,0.0,97.56,68.65,10.37
2026-06-04 09:05:00,12,534.21,-184.21,43.5,0.0,242.91,0.0,116.6,72.33,10.25
2026-06-04 09:10:00,12,534.21,-184.21,43.45,0.0,277.43,0.0,133.17,76.05,10.12
2026-06-04 09:15:00,12,534.21,-184.21,42.9,3.0,230.13,0.02,110.46,72.16,10.0
2026-06-04 09:20:00,12,534.21,-184.21,43.41,1.0,228.09,0.01,109.48,71.25,9.88
2026-06-04 09:25:00,12,534.21,-184.21,43.76,1.0,299.16,0.0,143.6,79.0,9.75
2026-06-04 09:30:00,12,534.21,-184.21,43.38,0.0,238.63,0.0,114.54,71.9,9.63
2026-06-04 09:35:00,12,534.21,-184.21,44.54,1.0,220.07,0.01,105.63,70.5,9.51
2026-06-04 09:40:00,12,534.21,-184.21,43.46,0.0,219.22,0.0,105.22,70.05,9.4
2026-06-04 09:45:00,12,534.21,-184.21,43.66,2.0,279.48,0.01,134.15,77.01,9.27
2026-06-04 09:50:00,12,534.21,-184.21,44.26,1.0,287.29,0.0,137.9,77.56,9.14
2026-06-04 09:55:00,12,534.21,-184.21,43.66,0.0,201.19,0.0,96.57,68.48,9.02
2026-06-04 10:00:00,12,534.21,-184.21,44.18,1.0,292.04,0.0,140.18,78.13,8.89
2026-06-04 10:05:00,12,534.21,-184.21,44.57,3.0,306.66,0.01,147.2,80.66,8.76
2026-06-04 10:10:00,12,534.21,-184.21,43.34,1.0,260.39,0.0,124.99,74.5,8.63
2026-06-04 10:15:00,12,534.21,-184.21,44.19,0.0,266.54,0.0,127.94,74.82,8.51
2026-06-04 10:20:00,12,534.21,-184.21,43.85,1.0,311.89,0.0,149.71,80.61,8.38
2026-06-04 10:25:00,12,534.21,-184.21,44.06,2.0,279.84,0.01,134.32,77.05,8.25
2026-06-04 10:30:00,12,534.21,-184.21,44.47,0.0,318.0,0.0,152.64,81.06,8.11
2026-06-04 10:35:00,12,534.21,-184.21,45.24,1.0,206.48,0.01,99.11,69.3,8.0
2026-06-04 10:40:00,12,534.21,-184.21,44.17,0.0,216.65,0.0,103.99,69.82,7.88
2026-06-04 10:45:00,12,534.21,-184.21,44.87,2.0,201.5,0.02,96.72,69.25,7.77
2026-06-04 10:50:00,12,534.21,-184.21,43.98,4.0,262.36,0.02,125.93,75.8,7.64
2026-06-04 10:55:00,12,534.21,-184.21,45.07,3.0,322.74,0.01,154.91,82.76,7.5
2026-06-04 11:00:00,12,534.21,-184.21,45.36,1.0,269.16,0.0,129.2,75.47,7.38
2026-06-04 11:05:00,12,534.21,-184.21,45.41,1.0,255.71,0.0,122.74,74.0,7.25
2026-06-04 11:10:00,12,534.21,-184.21,44.94,1.0,248.71,0.01,119.38,73.29,7.13
2026-06-04 11:15:00,12,534.21,-184.21,45.45,2.0,288.19,0.01,138.33,78.04,7.0
2026-06-04 11:20:00,12,534.21,-184.21,45.02,0.0,201.64,0.0,96.79,68.52,6.89
2026-06-04 11:25:00,12,534.21,-184.21,44.38,1.0,304.26,0.0,146.05,79.64,6.75
2026-06-04 11:30:00,12,534.21,-184.21,45.44,3.0,259.17,0.01,124.4,75.09,6.63
2026-06-04 11:35:00,12,534.21,-184.21,44.64,1.0,251.84,0.01,120.88,73.61,6.5
2026-06-04 11:40:00,12,534.21,-184.21,44.99,3.0,279.15,0.01,133.99,77.32,6.38
2026-06-04 11:45:00,12,534.21,-184.21,44.9,4.0,253.09,0.02,121.48,74.81,6.25
2026-06-04 11:50:00,12,534.21,-184.21,45.31,2.0,300.71,0.01,144.34,79.56,6.12
2026-06-04 11:55:00,12,534.21,-184.21,44.19,0.0,273.4,0.0,131.23,75.59,5.99
2026-06-04 12:00:00,12,534.21,-184.21,45.39,5.0,218.11,0.03,104.69,71.77,5.87
2026-06-04 12:05:00,12,534.21,-184.21,45.11,3.0,259.04,0.01,124.34,75.08,5.75
2026-06-04 12:10:00,12,534.21,-184.21,44.4,2.0,284.01,0.01,136.33,77.54,5.62
2026-06-04 12:15:00,12,534.21,-184.21,44.7,4.0,273.7,0.02,131.38,77.07,5.49
2026-06-04 12:20:00,12,534.21,-184.21,45.5,2.0,280.77,0.01,134.77,77.16,5.36
2026-06-04 12:25:00,12,534.21,-184.21,44.71,1.0,309.52,0.0,148.57,80.31,5.23
2026-06-04 12:30:00,12,534.21,-184.21,45.05,0.0,297.61,0.0,142.85,78.46,5.1
2026-06-04 12:35:00,12,534.21,-184.21,44.11,0.0,220.71,0.0,105.94,70.19,4.98
2026-06-04 12:40:00,12,534.21,-184.21,45.37,1.0,254.7,0.0,122.26,73.9,4.86
2026-06-04 12:45:00,12,534.21,-184.21,45.21,5.0,301.8,0.02,144.86,80.77,4.72
2026-06-04 12:50:00,12,534.21,-184.21,44.5,0.0,232.11,0.0,111.41,71.26,4.6
2026-06-04 12:55:00,12,534.21,-184.21,44.71,1.0,203.29,0.01,97.58,69.03,4.49
2026-06-04 13:00:00,12,534.21,-184.21,45.37,1.0,229.73,0.01,110.27,71.41,4.37
2026-06-04 13:05:00,12,534.21,-184.21,43.95,1.0,201.21,0.01,96.58,68.85,4.25
2026-06-04 13:10:00,12,534.21,-184.21,44.31,2.0,312.58,0.01,150.04,81.07,4.12
2026-06-04 13:15:00,12,534.21,-184.21,44.78,2.0,219.72,0.01,105.47,70.82,4.0
2026-06-04 13:20:00,12,534.21,-184.21,44.88,1.0,214.04,0.01,102.74,69.96,3.88
2026-06-04 13:25:00,12,534.21,-184.21,45.23,5.0,281.39,0.02,135.06,78.3,3.75
2026-06-04 13:30:00,12,534.21,-184.21,43.78,3.0,222.64,0.02,106.87,71.46,3.64
2026-06-04 13:35:00,12,534.21,-184.21,44.47,1.0,292.72,0.0,140.5,78.21,3.5
2026-06-04 13:40:00,12,534.21,-184.21,44.83,4.0,314.1,0.01,150.77,81.97,3.37
2026-06-04 13:45:00,12,534.21,-184.21,43.99,3.0,258.83,0.01,124.24,75.05,3.24
2026-06-04 13:50:00,12,534.21,-184.21,44.56,2.0,309.3,0.01,148.47,80.65,3.11
2026-06-04 13:55:00,12,534.21,-184.21,43.24,1.0,312.69,0.0,150.09,80.71,2.97
2026-06-04 14:00:00,12,534.21,-184.21,42.65,0.0,217.15,0.0,104.23,69.86,2.86
2026-06-04 14:05:00,12,534.21,-184.21,44.75,3.0,256.95,0.01,123.33,74.85,2.73
2026-06-04 14:10:00,12,534.21,-184.21,44.11,1.0,214.53,0.01,102.97,70.0,2.62
2026-06-04 14:15:00,12,534.21,-184.21,43.66,9.0,258.02,0.04,123.85,77.12,2.49
2026-06-04 14:20:00,12,534.21,-184.21,44.45,1.0,261.41,0.0,125.48,74.61,2.36
2026-06-04 14:25:00,12,534.21,-184.21,43.41,1.0,231.49,0.01,111.12,71.57,2.24
2026-06-04 14:30:00,12,534.21,-184.21,43.43,1.0,200.89,0.01,96.43,68.83,2.13
2026-06-04 14:35:00,12,534.21,-184.21,43.04,2.0,213.87,0.01,102.66,70.29,2.01
2026-06-04 14:40:00,12,534.21,-184.21,43.98,1.0,223.3,0.01,107.18,70.8,1.89
2026-06-04 14:45:00,12,534.21,-184.21,43.04,2.0,309.9,0.01,148.75,80.72,1.76
2026-06-04 14:50:00,12,534.21,-184.21,43.38,1.0,220.93,0.01,106.04,70.58,1.64
2026-06-04 14:55:00,12,534.21,-184.21,43.13,3.0,315.6,0.01,151.49,81.81,1.51
2026-06-04 15:00:00,12,534.21,-184.21,43.37,3.0,289.74,0.01,139.08,78.57,1.37
2026-06-04 15:05:00,12,534.21,-184.21,42.61,4.0,293.83,0.01,141.04,79.41,1.24
2026-06-04 15:10:00,12,534.21,-184.21,42.94,5.0,302.53,0.02,145.21,80.86,1.11
2026-06-04 15:15:00,12,534.21,-184.21,43.24,0.0,223.18,0.0,107.13,70.42,0.99
2026-06-04 15:20:00,12,534.21,-184.21,43.26,4.0,309.55,0.01,148.58,81.38,0.85
2026-06-04 15:25:00,12,534.21,-184.21,41.92,1.0,239.82,0.01,115.11,72.38,0.73
2026-06-04 15:30:00,12,534.21,-184.21,42.21,1.0,226.89,0.01,108.91,71.13,0.62
2026-06-04 15:35:00,12,534.21,-184.21,41.97,0.0,232.05,0.0,111.39,71.25,0.5
2026-06-04 15:40:00,12,534.21,-184.21,42.34,0.0,225.82,0.0,108.39,70.66,0.38
2026-06-04 15:45:00,12,534.21,-184.21,42.01,0.0,228.15,0.0,109.51,70.88,0.26
2026-06-04 15:50:00,12,534.21,-184.21,41.0,3.0,213.96,0.02,102.7,70.67,0.14
2026-06-04 15:55:00,12,534.21,-184.21,41.45,1.0,215.22,0.01,103.3,70.06,0.03
2026-06-04 16:00:00,12,534.21,-184.21,41.24,1.0,272.09,0.0,130.6,75.78,0.0
2026-06-04 16:05:00,12,534.21,-184.21,41.0,2.0,311.58,0.01,149.56,80.93,0.0
2026-06-04 16:10:00,12,534.21,-184.21,40.82,0.0,281.16,0.0,134.96,76.48,0.0
2026-06-04 16:15:00,12,534.21,-184.21,40.64,2.0,270.78,0.01,129.98,76.01,0.0
2026-06-04 16:20:00,12,534.21,-184.21,41.75,2.0,290.84,0.01,139.6,78.34,0.0
2026-06-04 16:25:00,12,534.21,-184.21,41.06,2.0,216.56,0.01,103.95,70.53,0.0
2026-06-04 16:30:00,12,534.21,-184.21,41.35,1.0,242.9,0.01,116.59,72.69,0.0
2026-06-04 16:35:00,12,534.21,-184.21,40.03,1.0,313.54,0.0,150.5,80.82,0.0
2026-06-04 16:40:00,12,534.21,-184.21,39.79,3.0,323.85,0.01,155.45,82.9,0.0
2026-06-04 16:45:00,12,534.21,-184.21,40.02,0.0,201.87,0.0,96.9,68.53,0.0
2026-06-04 16:50:00,12,534.21,-184.21,40.18,3.0,221.22,0.02,106.18,71.32,0.0
2026-06-04 16:55:00,12,534.21,-184.21,40.3,0.0,252.55,0.0,121.22,73.31,0.0
2026-06-04 17:00:00,12,534.21,-184.21,39.84,1.0,280.3,0.0,134.55,76.72,0.0
2026-06-04 17:05:00,12,534.21,-184.21,39.28,1.0,269.8,0.0,129.51,75.53,0.0
2026-06-04 17:10:00,12,534.21,-184.21,38.63,2.0,266.07,0.01,127.71,75.48,0.0
2026-06-04 17:15:00,12,534.21,-184.21,38.56,3.0,314.82,0.01,151.12,81.7,0.0
2026-06-04 17:20:00,12,534.21,-184.21,39.53,1.0,212.22,0.01,101.87,69.79,0.0
2026-06-04 17:25:00,12,534.21,-184.21,38.54,2.0,307.48,0.01,147.59,80.4,0.0
2026-06-04 17:30:00,12,534.21,-184.21,39.12,0.0,271.4,0.0,130.27,75.35,0.0
2026-06-04 17:35:00,12,534.21,-184.21,38.23,1.0,294.44,0.0,141.33,78.4,0.0
2026-06-04 17:40:00,12,534.21,-184.21,38.74,0.0,243.89,0.0,117.06,72.41,0.0
2026-06-04 17:45:00,12,534.21,-184.21,39.27,2.0,315.78,0.01,151.57,81.48,0.0
2026-06-04 17:50:00,12,534.21,-184.21,38.83,1.0,322.59,0.0,154.84,82.01,0.0
2026-06-04 17:55:00,12,534.21,-184.21,39.19,3.0,227.1,0.02,109.01,71.86,0.0
2026-06-04 18:00:00,12,534.21,-184.21,37.65,2.0,319.02,0.01,153.13,81.9,0.0
2026-06-04 18:05:00,12,534.21,-184.21,37.74,0.0,289.95,0.0,139.18,77.51,0.0
2026-06-04 18:10:00,12,534.21,-184.21,37.68,2.0,232.81,0.01,111.75,72.04,0.0
2026-06-04 18:15:00,12,534.21,-184.21,37.76,2.0,226.0,0.01,108.48,71.39,0.0
2026-06-04 18:20:00,12,534.21,-184.21,37.29,4.0,320.22,0.01,153.7,82.76,0.0
2026-06-04 18:25:00,12,534.21,-184.21,38.52,0.0,300.19,0.0,144.09,78.76,0.0
2026-06-04 18:30:00,12,534.21,-184.21,36.46,2.0,224.14,0.01,107.59,71.21,0.0
2026-06-04 18:35:00,12,534.21,-184.21,37.35,2.0,317.25,0.01,152.28,81.67,0.0
2026-06-04 18:40:00,12,534.21,-184.21,36.45,1.0,285.9,0.0,137.23,77.37,0.0
2026-06-04 18:45:00,12,534.21,-184.21,37.7,1.0,250.71,0.01,120.34,73.48,0.0
2026-06-04 18:50:00,12,534.21,-184.21,36.5,0.0,281.54,0.0,135.14,76.51,0.0
2026-06-04 18:55:00,12,534.21,-184.21,35.8,2.0,276.13,0.01,132.54,76.6,0.0
2026-06-04 19:00:00,12,534.21,-184.21,36.03,0.0,262.07,0.0,125.79,74.31,0.0
2026-06-04 19:05:00,12,534.21,-184.21,35.69,1.0,299.83,0.0,143.92,79.06,0.0
2026-06-04 19:10:00,12,534.21,-184.21,36.39,0.0,210.4,0.0,100.99,69.25,0.0
2026-06-04 19:15:00,12,534.21,-184.21,36.19,0.0,268.01,0.0,128.65,74.97,0.0
2026-06-04 19:20:00,12,534.21,-184.21,35.27,0.0,226.57,0.0,108.75,70.72,0.0
2026-06-04 19:25:00,12,534.21,-184.21,34.88,0.0,300.84,0.0,144.4,78.84,0.0
2026-06-04 19:30:00,12,534.21,-184.21,36.01,0.0,215.34,0.0,103.36,69.69,0.0
2026-06-04 19:35:00,12,534.21,-184.21,35.29,2.0,315.78,0.01,151.57,81.47,0.0
2026-06-04 19:40:00,12,534.21,-184.21,35.48,0.0,312.1,0.0,149.81,80.27,0.0
2026-06-04 19:45:00,12,534.21,-184.21,35.03,1.0,217.42,0.01,104.36,70.24,0.0
2026-06-04 19:50:00,12,534.21,-184.21,34.86,0.0,213.14,0.0,102.31,69.49,0.0
2026-06-04 19:55:00,12,534.21,-184.21,34.5,0.0,210.51,0.0,101.05,69.26,0.0
2026-06-04 20:00:00,12,534.21,-184.21,34.52,1.0,255.98,0.0,122.87,74.01,0.0
2026-06-04 20:05:00,12,534.21,-184.21,33.51,0.0,222.13,0.0,106.62,70.3,0.0
2026-06-04 20:10:00,12,534.21,-184.21,34.24,1.0,304.86,0.0,146.34,79.69,0.0
2026-06-04 20:15:00,12,534.21,-184.21,34.18,1.0,260.49,0.0,125.04,74.49,0.0
2026-06-04 20:20:00,12,534.21,-184.21,33.36,0.0,237.76,0.0,114.13,71.79,0.0
2026-06-04 20:25:00,12,534.21,-184.21,33.33,0.0,292.12,0.0,140.22,77.76,0.0
2026-06-04 20:30:00,12,534.21,-184.21,32.93,0.0,283.32,0.0,135.99,76.71,0.0
2026-06-04 20:35:00,12,534.21,-184.21,34.09,0.0,201.91,0.0,96.92,68.52,0.0
2026-06-04 20:40:00,12,534.21,-184.21,34.02,1.0,244.53,0.01,117.38,72.84,0.0
2026-06-04 20:45:00,12,534.21,-184.21,34.23,2.0,310.55,0.01,149.06,80.79,0.0
2026-06-04 20:50:00,12,534.21,-184.21,32.83,0.0,291.33,0.0,139.84,77.67,0.0
2026-06-04 20:55:00,12,534.21,-184.21,33.89,0.0,205.37,0.0,98.58,68.82,0.0
2026-06-04 21:00:00,12,534.21,-184.21,33.66,0.0,315.07,0.0,151.23,80.65,100.0
2026-06-04 21:05:00,12,534.21,-184.21,32.85,0.0,221.84,0.0,106.48,70.27,99.88
2026-06-04 21:10:00,12,534.21,-184.21,32.42,0.0,233.45,0.0,112.06,71.37,99.76
2026-06-04 21:15:00,12,534.21,-184.21,32.95,1.0,274.82,0.0,131.91,76.08,99.64
2026-06-04 21:20:00,12,534.21,-184.21,32.11,0.0,229.11,0.0,109.98,70.95,99.52
2026-06-04 21:25:00,12,534.21,-184.21,32.33,0.0,243.07,0.0,116.67,72.32,99.4
2026-06-04 21:30:00,12,534.21,-184.21,32.27,2.0,206.56,0.01,99.15,69.63,99.28
2026-06-04 21:35:00,12,534.21,-184.21,32.79,0.0,272.85,0.0,130.97,75.51,99.16
2026-06-04 21:40:00,12,534.21,-184.21,32.09,0.0,318.78,0.0,153.01,81.14,99.02
2026-06-04 21:45:00,12,534.21,-184.21,32.13,0.0,260.24,0.0,124.91,74.11,98.9
2026-06-04 21:50:00,12,534.21,-184.21,31.66,0.0,286.97,0.0,137.74,77.14,98.77
2026-06-04 21:55:00,12,534.21,-184.21,31.66,0.0,318.67,0.0,152.96,81.12,98.63
2026-06-04 22:00:00,12,534.21,-184.21,31.95,2.0,282.63,0.01,135.66,77.35,98.51
2026-06-04 22:05:00,12,534.21,-184.21,31.63,1.0,307.52,0.0,147.61,80.03,98.37
2026-06-04 22:10:00,12,534.21,-184.21,32.09,2.0,244.87,0.01,117.54,73.22,98.25
2026-06-04 22:15:00,12,534.21,-184.21,32.01,1.0,308.57,0.0,148.12,80.16,98.12
2026-06-04 22:20:00,12,534.21,-184.21,31.53,1.0,207.12,0.01,99.42,69.33,98.0
2026-06-04 22:25:00,12,534.21,-184.21,31.11,2.0,244.92,0.01,117.56,73.22,97.88
2026-06-04 22:30:00,12,534.21,-184.21,30.52,1.0,304.81,0.0,146.31,79.68,97.75
2026-06-04 22:35:00,12,534.21,-184.21,32.44,3.0,268.34,0.01,128.8,76.07,97.62
2026-06-04 22:40:00,12,534.21,-184.21,31.83,2.0,227.84,0.01,109.36,71.55,97.5
2026-06-04 22:45:00,12,534.21,-184.21,32.02,1.0,278.43,0.0,133.64,76.49,97.37
2026-06-04 22:50:00,12,534.21,-184.21,31.72,3.0,227.91,0.02,109.4,71.93,97.25
2026-06-04 22:55:00,12,534.21,-184.21,32.29,2.0,298.14,0.01,143.11,79.22,97.12
2026-06-04 23:00:00,12,534.21,-184.21,31.61,1.0,203.62,0.01,97.74,69.03,97.01
2026-06-04 23:05:00,12,534.21,-184.21,31.6,3.0,283.68,0.01,136.17,77.82,96.88
2026-06-04 23:10:00,12,534.21,-184.21,32.02,1.0,243.82,0.01,117.03,72.76,96.75
2026-06-04 23:15:00,12,534.21,-184.21,30.53,5.0,296.39,0.02,142.27,80.07,96.62
2026-06-04 23:20:00,12,534.21,-184.21,30.51,0.0,276.64,0.0,132.79,75.93,96.49
2026-06-04 23:25:00,12,534.21,-184.21,31.15,1.0,268.29,0.0,128.78,75.34,96.37
2026-06-04 23:30:00,12,534.21,-184.21,31.7,6.0,267.14,0.03,128.23,77.02,96.24
2026-06-04 23:35:00,12,534.21,-184.21,30.15,4.0,300.11,0.01,144.05,80.16,96.11
2026-06-04 23:40:00,12,534.21,-184.21,30.71,0.0,303.13,0.0,145.5,79.12,95.97
2026-06-04 23:45:00,12,534.21,-184.21,31.37,3.0,253.79,0.01,121.82,74.49,95.85
2026-06-04 23:50:00,12,534.21,-184.21,30.82,2.0,281.68,0.01,135.21,77.24,95.72
2026-06-04 23:55:00,12,534.21,-184.21,31.22,3.0,324.91,0.01,155.96,83.03,95.58
2026-06-05 00:00:00,12,534.21,-184.21,29.52,3.0,263.09,0.01,126.29,75.49,95.46
2026-06-05 00:05:00,12,534.21,-184.21,30.36,4.0,309.71,0.01,148.66,81.37,95.32
2026-06-05 00:10:00,12,534.21,-184.21,31.47,1.0,299.72,0.0,143.87,79.04,95.19
2026-06-05 00:15:00,12,534.21,-184.21,31.3,2.0,317.68,0.01,152.49,81.71,95.05
2026-06-05 00:20:00,12,534.21,-184.21,31.29,2.0,219.53,0.01,105.37,70.78,94.94
2026-06-05 00:25:00,12,534.21,-184.21,31.41,0.0,319.75,0.0,153.48,81.27,94.8
2026-06-05 00:30:00,12,534.21,-184.21,31.42,2.0,247.44,0.01,118.77,73.48,94.68
2026-06-05 00:35:00,12,534.21,-184.21,31.64,5.0,298.04,0.02,143.06,80.28,94.54
2026-06-05 00:40:00,12,534.21,-184.21,31.58,0.0,208.88,0.0,100.26,69.11,94.43
2026-06-05 00:45:00,12,534.21,-184.21,30.37,5.0,232.31,0.03,111.51,73.07,94.31
2026-06-05 00:50:00,12,534.21,-184.21,30.74,1.0,208.32,0.01,100.0,69.43,94.19
2026-06-05 00:55:00,12,534.21,-184.21,30.24,3.0,276.06,0.01,132.51,76.94,94.06
2026-06-05 01:00:00,12,534.21,-184.21,30.99,3.0,253.67,0.01,121.76,74.48,93.94
2026-06-05 01:05:00,12,534.21,-184.21,31.26,0.0,242.48,0.0,116.39,72.26,93.82
2026-06-05 01:10:00,12,534.21,-184.21,31.66,1.0,228.1,0.01,109.49,71.23,93.7
2026-06-05 01:15:00,12,534.21,-184.21,31.52,2.0,277.18,0.01,133.05,76.72,93.57
2026-06-05 01:20:00,12,534.21,-184.21,31.43,1.0,204.63,0.01,98.22,69.12,93.46
2026-06-05 01:25:00,12,534.21,-184.21,31.92,3.0,266.35,0.01,127.85,75.85,93.33
2026-06-05 01:30:00,12,534.21,-184.21,31.71,5.0,321.37,0.02,154.26,83.27,93.19
2026-06-05 01:35:00,12,534.21,-184.21,31.7,2.0,307.79,0.01,147.74,80.43,93.06
2026-06-05 01:40:00,12,534.21,-184.21,31.64,4.0,291.12,0.02,139.74,79.08,92.93
2026-06-05 01:45:00,12,534.21,-184.21,31.82,7.0,266.35,0.03,127.85,77.29,92.8
2026-06-05 01:50:00,12,534.21,-184.21,31.95,2.0,233.38,0.01,112.02,72.08,92.68
2026-06-05 01:55:00,12,534.21,-184.21,31.53,0.0,203.97,0.0,97.91,68.69,92.56
2026-06-05 02:00:00,12,534.21,-184.21,32.35,3.0,254.29,0.01,122.06,74.55,92.44
2026-06-05 02:05:00,12,534.21,-184.21,32.0,1.0,226.24,0.01,108.59,71.05,92.32
2026-06-05 02:10:00,12,534.21,-184.21,31.56,0.0,211.48,0.0,101.51,69.34,92.2
2026-06-05 02:15:00,12,534.21,-184.21,31.99,4.0,320.42,0.01,153.8,82.78,92.07
2026-06-05 02:20:00,12,534.21,-184.21,32.11,3.0,237.74,0.02,114.11,72.88,91.95
2026-06-05 02:25:00,12,534.21,-184.21,32.05,0.0,248.7,0.0,119.37,72.89,91.82
2026-06-05 02:30:00,12,534.21,-184.21,32.78,5.0,304.35,0.02,146.09,81.07,91.69
2026-06-05 02:35:00,12,534.21,-184.21,32.47,1.0,300.66,0.0,144.32,79.16,91.56
2026-06-05 02:40:00,12,534.21,-184.21,32.31,2.0,298.41,0.01,143.24,79.25,91.42
2026-06-05 02:45:00,12,534.21,-184.21,32.83,2.0,233.96,0.01,112.3,72.14,91.3
2026-06-05 02:50:00,12,534.21,-184.21,32.78,2.0,266.74,0.01,128.04,75.54,91.18
2026-06-05 02:55:00,12,534.21,-184.21,33.35,2.0,263.91,0.01,126.68,75.23,91.05
2026-06-05 03:00:00,12,534.21,-184.21,33.41,3.0,241.28,0.02,115.81,73.23,90.93
2026-06-05 03:05:00,12,534.21,-184.21,33.13,1.0,245.62,0.01,117.9,72.95,90.81
2026-06-05 03:10:00,12,534.21,-184.21,32.84,7.0,312.53,0.02,150.01,82.81,90.67
2026-06-05 03:15:00,12,534.21,-184.21,33.58,5.0,216.62,0.03,103.98,71.61,90.55
2026-06-05 03:20:00,12,534.21,-184.21,33.64,3.0,252.52,0.01,121.21,74.36,90.43
2026-06-05 03:25:00,12,534.21,-184.21,33.13,2.0,246.33,0.01,118.24,73.37,90.31
2026-06-05 03:30:00,12,534.21,-184.21,33.02,1.0,264.79,0.0,127.1,74.96,90.18
2026-06-05 03:35:00,12,534.21,-184.21,33.7,4.0,323.02,0.01,155.05,83.13,90.04
2026-06-05 03:40:00,12,534.21,-184.21,34.51,4.0,214.2,0.03,102.81,71.04,89.92
2026-06-05 03:45:00,12,534.21,-184.21,33.71,4.0,302.34,0.01,145.12,80.44,89.79
2026-06-05 03:50:00,12,534.21,-184.21,33.9,1.0,227.7,0.01,109.29,71.19,89.67
2026-06-05 03:55:00,12,534.21,-184.21,34.4,4.0,235.67,0.02,113.12,73.03,89.55
2026-06-05 04:00:00,12,534.21,-184.21,34.49,1.0,231.28,0.01,111.01,71.53,89.43
2026-06-05 04:05:00,12,534.21,-184.21,35.41,0.0,254.26,0.0,122.05,73.48,89.31
2026-06-05 04:10:00,12,534.21,-184.21,34.72,3.0,205.08,0.02,98.44,69.88,89.19
2026-06-05 04:15:00,12,534.21,-184.21,34.78,0.0,291.8,0.0,140.06,77.73,89.06
2026-06-05 04:20:00,12,534.21,-184.21,34.97,1.0,284.38,0.0,136.5,77.19,88.93
2026-06-05 04:25:00,12,534.21,-184.21,35.28,2.0,256.0,0.01,122.88,74.38,88.81
2026-06-05 04:30:00,12,534.21,-184.21,35.84,0.0,201.73,0.0,96.83,68.51,88.69
2026-06-05 04:35:00,12,534.21,-184.21,34.7,0.0,200.12,0.0,96.06,68.38,88.58
2026-06-05 04:40:00,12,534.21,-184.21,35.05,3.0,240.9,0.02,115.63,73.2,88.46
2026-06-05 04:45:00,12,534.21,-184.21,35.37,2.0,321.33,0.01,154.24,82.2,88.32
2026-06-05 04:50:00,12,534.21,-184.21,35.88,4.0,318.9,0.01,153.07,82.58,88.18
2026-06-05 04:55:00,12,534.21,-184.21,35.18,1.0,216.64,0.01,103.99,70.17,88.07
2026-06-05 05:00:00,12,534.21,-184.21,36.26,2.0,224.16,0.01,107.6,71.21,87.95
2026-06-05 05:05:00,12,534.21,-184.21,35.79,4.0,311.47,0.01,149.5,81.61,87.81
2026-06-05 05:10:00,12,534.21,-184.21,36.29,2.0,256.14,0.01,122.95,74.4,87.69
2026-06-05 05:15:00,12,534.21,-184.21,36.47,3.0,222.63,0.02,106.86,71.44,87.57
2026-06-05 05:20:00,12,534.21,-184.21,36.32,1.0,213.62,0.01,102.54,69.91,87.45
2026-06-05 05:25:00,12,534.21,-184.21,36.91,0.0,295.16,0.0,141.68,78.14,87.32
2026-06-05 05:30:00,12,534.21,-184.21,36.51,1.0,263.36,0.0,126.41,74.81,87.2
2026-06-05 05:35:00,12,534.21,-184.21,36.9,0.0,228.23,0.0,109.55,70.88,87.08
2026-06-05 05:40:00,12,534.21,-184.21,37.66,2.0,290.25,0.01,139.32,78.27,86.95
2026-06-05 05:45:00,12,534.21,-184.21,37.6,0.0,263.27,0.0,126.37,74.45,86.83
2026-06-05 05:50:00,12,534.21,-184.21,37.95,2.0,231.0,0.01,110.88,71.86,86.71
2026-06-05 05:55:00,12,534.21,-184.21,37.73,1.0,305.19,0.0,146.49,79.74,86.57
2026-06-05 06:00:00,12,534.21,-184.21,38.34,1.0,201.05,0.01,96.51,68.83,86.46
2026-06-05 06:05:00,12,534.21,-184.21,38.36,0.0,315.48,0.0,151.43,80.72,86.32
2026-06-05 06:10:00,12,534.21,-184.21,37.85,2.0,273.18,0.01,131.13,76.27,86.2
2026-06-05 06:15:00,12,534.21,-184.21,38.16,2.0,320.11,0.01,153.65,82.05,86.06
2026-06-05 06:20:00,12,534.21,-184.21,38.38,0.0,270.94,0.0,130.05,75.3,85.93
2026-06-05 06:25:00,12,534.21,-184.21,38.53,1.0,288.5,0.0,138.48,77.69,85.8
2026-06-05 06:30:00,12,534.21,-184.21,37.68,1.0,319.15,0.0,153.19,81.55,85.67
2026-06-05 06:35:00,12,534.21,-184.21,39.48,1.0,218.82,0.01,105.03,70.38,85.55
2026-06-05 06:40:00,12,534.21,-184.21,38.92,0.0,296.11,0.0,142.13,78.26,85.42
2026-06-05 06:45:00,12,534.21,-184.21,39.25,0.0,290.45,0.0,139.42,77.57,85.29
2026-06-05 06:50:00,12,534.21,-184.21,39.92,2.0,285.11,0.01,136.85,77.66,85.16
2026-06-05 06:55:00,12,534.21,-184.21,39.66,0.0,277.91,0.0,133.4,76.1,85.04
2026-06-05 07:00:00,12,534.21,-184.21,40.4,2.0,203.67,0.02,97.76,69.42,84.92
2026-06-05 07:05:00,12,534.21,-184.21,39.93,0.0,216.48,0.0,103.91,69.8,84.8
2026-06-05 07:10:00,12,534.21,-184.21,40.1,1.0,276.34,0.0,132.64,76.27,84.68
2026-06-05 07:15:00,12,534.21,-184.21,39.91,2.0,253.06,0.01,121.47,74.08,84.55
2026-06-05 07:20:00,12,534.21,-184.21,40.96,1.0,213.57,0.01,102.51,69.91,84.44
2026-06-05 07:25:00,12,534.21,-184.21,39.8,1.0,263.4,0.0,126.43,74.82,84.31
2026-06-05 07:30:00,12,534.21,-184.21,40.0,0.0,234.25,0.0,112.44,71.46,84.19
2026-06-05 07:35:00,12,534.21,-184.21,40.97,0.0,274.18,0.0,131.61,75.67,84.07
2026-06-05 07:40:00,12,534.21,-184.21,41.69,1.0,262.73,0.0,126.11,74.75,83.94
2026-06-05 07:45:00,12,534.21,-184.21,40.94,0.0,201.08,0.0,96.52,68.47,83.83
2026-06-05 07:50:00,12,534.21,-184.21,40.63,1.0,299.08,0.0,143.56,78.98,83.7
2026-06-05 07:55:00,12,534.21,-184.21,41.54,2.0,261.45,0.01,125.5,74.98,83.57
2026-06-05 08:00:00,12,534.21,-184.21,41.1,0.0,323.59,0.0,155.32,81.8,83.43
2026-06-05 08:05:00,12,534.21,-184.21,40.63,1.0,218.87,0.01,105.06,70.39,83.32
2026-06-05 08:10:00,12,534.21,-184.21,41.85,2.0,305.6,0.01,146.69,80.17,83.18
2026-06-05 08:15:00,12,534.21,-184.21,41.98,0.0,310.78,0.0,149.18,80.11,83.05
2026-06-05 08:20:00,12,534.21,-184.21,41.63,0.0,287.17,0.0,137.84,77.18,82.92
2026-06-05 08:25:00,12,534.21,-184.21,41.89,1.0,300.79,0.0,144.38,79.2,82.79
2026-06-05 08:30:00,12,534.21,-184.21,42.61,0.0,277.44,0.0,133.17,76.05,82.66
2026-06-05 08:35:00,12,534.21,-184.21,42.47,0.0,255.43,0.0,122.6,73.61,82.54
2026-06-05 08:40:00,12,534.21,-184.21,43.37,2.0,313.18,0.01,150.33,81.15,82.41
2026-06-05 08:45:00,12,534.21,-184.21,42.79,2.0,279.8,0.01,134.3,77.04,82.28
2026-06-05 08:50:00,12,534.21,-184.21,43.02,0.0,280.71,0.0,134.74,76.43,82.15
2026-06-05 08:55:00,12,534.21,-184.21,42.41,1.0,310.09,0.0,148.84,80.37,82.02
2026-06-05 09:00:00,12,534.21,-184.21,43.33,0.0,296.3,0.0,142.22,78.29,81.88
2026-06-05 09:05:00,12,534.21,-184.21,42.45,0.0,241.7,0.0,116.01,72.2,81.76
2026-06-05 09:10:00,12,534.21,-184.21,43.41,0.0,269.27,0.0,129.25,75.12,81.64
2026-06-05 09:15:00,12,534.21,-184.21,43.03,2.0,233.2,0.01,111.94,72.09,81.52
2026-06-05 09:20:00,12,534.21,-184.21,43.0,0.0,294.33,0.0,141.28,78.05,81.39
2026-06-05 09:25:00,12,534.21,-184.21,43.51,1.0,277.98,0.0,133.43,76.46,81.26
2026-06-05 09:30:00,12,534.21,-184.21,43.53,3.0,247.2,0.02,118.66,73.85,81.14
2026-06-05 09:35:00,12,534.21,-184.21,44.14,2.0,226.37,0.01,108.66,71.44,81.02
2026-06-05 09:40:00,12,534.21,-184.21,43.47,3.0,242.16,0.02,116.23,73.34,80.9
2026-06-05 09:45:00,12,534.21,-184.21,43.53,1.0,300.32,0.0,144.16,79.14,80.77
2026-06-05 09:50:00,12,534.21,-184.21,43.54,3.0,207.64,0.02,99.67,70.12,80.65
2026-06-05 09:55:00,12,534.21,-184.21,44.2,0.0,294.8,0.0,141.5,78.11,80.52
2026-06-05 10:00:00,12,534.21,-184.21,44.03,5.0,241.81,0.03,116.07,74.03,80.39
2026-06-05 10:05:00,12,534.21,-184.21,43.08,1.0,319.91,0.0,153.56,81.66,80.26
2026-06-05 10:10:00,12,534.21,-184.21,43.71,1.0,246.85,0.01,118.49,73.1,80.14
2026-06-05 10:15:00,12,534.21,-184.21,44.68,0.0,232.24,0.0,111.48,71.28,80.02
2026-06-05 10:20:00,12,534.21,-184.21,43.96,2.0,270.25,0.01,129.72,75.95,79.89
2026-06-05 10:25:00,12,534.21,-184.21,44.73,1.0,271.1,0.0,130.13,75.68,79.77
2026-06-05 10:30:00,12,534.21,-184.21,44.59,3.0,240.45,0.02,115.41,73.17,79.64
2026-06-05 10:35:00,12,534.21,-184.21,44.34,1.0,283.2,0.0,135.94,77.07,79.52
2026-06-05 10:40:00,12,534.21,-184.21,44.61,0.0,257.27,0.0,123.49,73.82,79.39
2026-06-05 10:45:00,12,534.21,-184.21,44.92,1.0,281.63,0.0,135.18,76.89,79.26
2026-06-05 10:50:00,12,534.21,-184.21,44.96,4.0,291.73,0.01,140.03,79.16,79.13
2026-06-05 10:55:00,12,534.21,-184.21,44.62,1.0,285.43,0.0,137.0,77.33,79.0
2026-06-05 11:00:00,12,534.21,-184.21,45.41,2.0,318.13,0.01,152.7,81.8,78.87
2026-06-05 11:05:00,12,534.21,-184.21,44.99,1.0,258.79,0.0,124.22,74.33,78.74
2026-06-05 11:10:00,12,534.21,-184.21,45.02,2.0,280.37,0.01,134.58,77.11,78.61
2026-06-05 11:15:00,12,534.21,-184.21,44.32,2.0,246.0,0.01,118.08,73.36,78.49
2026-06-05 11:20:00,12,534.21,-184.21,45.77,2.0,282.77,0.01,135.73,77.39,78.36
2026-06-05 11:25:00,12,534.21,-184.21,44.91,2.0,204.18,0.02,98.01,69.48,78.25
2026-06-05 11:30:00,12,534.21,-184.21,45.07,2.0,221.08,0.01,106.12,70.95,78.13
2026-06-05 11:35:00,12,534.21,-184.21,44.63,0.0,208.57,0.0,100.11,69.11,78.01
2026-06-05 11:40:00,12,534.21,-184.21,45.7,2.0,273.33,0.01,131.2,76.31,77.89
2026-06-05 11:45:00,12,534.21,-184.21,44.37,1.0,255.41,0.0,122.6,73.97,77.76
2026-06-05 11:50:00,12,534.21,-184.21,45.6,1.0,294.7,0.0,141.46,78.45,77.63
2026-06-05 11:55:00,12,534.21,-184.21,45.24,0.0,202.66,0.0,97.28,68.61,77.52
2026-06-05 12:00:00,12,534.21,-184.21,44.62,0.0,224.21,0.0,107.62,70.52,77.4
2026-06-05 12:05:00,12,534.21,-184.21,45.48,1.0,262.97,0.0,126.22,74.78,77.28
2026-06-05 12:10:00,12,534.21,-184.21,44.63,3.0,255.44,0.01,122.61,74.69,77.15
2026-06-05 12:15:00,12,534.21,-184.21,44.43,7.0,297.91,0.03,143.0,81.01,77.02
2026-06-05 12:20:00,12,534.21,-184.21,45.03,3.0,305.25,0.01,146.52,80.48,76.88
2026-06-05 12:25:00,12,534.21,-184.21,45.71,0.0,217.42,0.0,104.36,69.9,76.77
2026-06-05 12:30:00,12,534.21,-184.21,45.23,0.0,201.08,0.0,96.52,68.48,76.65
2026-06-05 12:35:00,12,534.21,-184.21,44.82,4.0,287.75,0.02,138.12,78.7,76.52
2026-06-05 12:40:00,12,534.21,-184.21,44.84,0.0,226.2,0.0,108.58,70.7,76.4
2026-06-05 12:45:00,12,534.21,-184.21,45.06,0.0,323.68,0.0,155.37,81.82,76.27
2026-06-05 12:50:00,12,534.21,-184.21,44.42,5.0,315.0,0.02,151.2,82.46,76.13
2026-06-05 12:55:00,12,534.21,-184.21,45.33,2.0,245.43,0.01,117.81,73.3,76.01
2026-06-05 13:00:00,12,534.21,-184.21,44.63,4.0,256.53,0.02,123.13,75.18,75.88
2026-06-05 13:05:00,12,534.21,-184.21,44.33,3.0,289.43,0.01,138.93,78.53,75.75
2026-06-05 13:10:00,12,534.21,-184.21,44.94,2.0,212.95,0.01,102.21,70.21,75.63
2026-06-05 13:15:00,12,534.21,-184.21,44.73,1.0,249.62,0.01,119.82,73.38,75.51
2026-06-05 13:20:00,12,534.21,-184.21,44.56,0.0,206.49,0.0,99.11,68.93,75.4
2026-06-05 13:25:00,12,534.21,-184.21,44.96,2.0,296.01,0.01,142.09,78.98,75.26
2026-06-05 13:30:00,12,534.21,-184.21,43.91,3.0,289.07,0.01,138.75,78.49,75.13
2026-06-05 13:35:00,12,534.21,-184.21,43.95,4.0,314.72,0.01,151.06,82.05,75.0
2026-06-05 13:40:00,12,534.21,-184.21,43.91,0.0,248.14,0.0,119.11,72.86,74.88
2026-06-05 13:45:00,12,534.21,-184.21,44.88,0.0,207.27,0.0,99.49,69.0,74.76
2026-06-05 13:50:00,12,534.21,-184.21,43.37,3.0,277.01,0.01,132.97,77.07,74.63
2026-06-05 13:55:00,12,534.21,-184.21,43.29,3.0,308.98,0.01,148.31,80.95,74.5
2026-06-05 14:00:00,12,534.21,-184.21,44.29,0.0,306.09,0.0,146.92,79.52,74.36
2026-06-05 14:05:00,12,534.21,-184.21,43.32,5.0,239.67,0.03,115.04,73.81,74.24
2026-06-05 14:10:00,12,534.21,-184.21,44.08,2.0,237.96,0.01,114.22,72.55,74.12
2026-06-05 14:15:00,12,534.21,-184.21,43.68,3.0,255.02,0.01,122.41,74.65,74.0
2026-06-05 14:20:00,12,534.21,-184.21,43.83,0.0,232.28,0.0,111.49,71.28,73.88
2026-06-05 14:25:00,12,534.21,-184.21,44.41,2.0,205.85,0.02,98.81,69.62,73.76
2026-06-05 14:30:00,12,534.21,-184.21,43.56,2.0,281.82,0.01,135.27,77.28,73.63
2026-06-05 14:35:00,12,534.21,-184.21,43.45,3.0,293.04,0.01,140.66,78.97,73.5
2026-06-05 14:40:00,12,534.21,-184.21,43.07,2.0,222.33,0.01,106.72,71.06,73.38
2026-06-05 14:45:00,12,534.21,-184.21,42.99,2.0,271.72,0.01,130.43,76.12,73.26
2026-06-05 14:50:00,12,534.21,-184.21,42.72,2.0,309.79,0.01,148.7,80.71,73.12
2026-06-05 14:55:00,12,534.21,-184.21,43.34,3.0,228.64,0.02,109.75,72.02,73.0
2026-06-05 15:00:00,12,534.21,-184.21,43.05,2.0,275.98,0.01,132.47,76.6,72.87
2026-06-05 15:05:00,12,534.21,-184.21,42.48,1.0,307.8,0.0,147.75,80.08,72.74
2026-06-05 15:10:00,12,534.21,-184.21,43.76,1.0,292.38,0.0,140.34,78.17,72.61
2026-06-05 15:15:00,12,534.21,-184.21,42.88,1.0,204.41,0.01,98.12,69.12,72.49
2026-06-05 15:20:00,12,534.21,-184.21,42.18,2.0,299.56,0.01,143.79,79.41,72.36
2026-06-05 15:25:00,12,534.21,-184.21,41.89,3.0,311.34,0.01,149.44,81.25,72.23
2026-06-05 15:30:00,12,534.21,-184.21,42.09,3.0,264.24,0.01,126.83,75.63,72.1
2026-06-05 15:35:00,12,534.21,-184.21,42.61,1.0,208.57,0.01,100.11,69.48,71.99
2026-06-05 15:40:00,12,534.21,-184.21,41.56,0.0,228.4,0.0,109.63,70.9,71.87
2026-06-05 15:45:00,12,534.21,-184.21,41.45,0.0,240.45,0.0,115.42,72.07,71.75
2026-06-05 15:50:00,12,534.21,-184.21,42.48,1.0,206.23,0.01,98.99,69.28,71.63
2026-06-05 15:55:00,12,534.21,-184.21,41.85,1.0,286.71,0.0,137.62,77.48,71.5
2026-06-05 16:00:00,12,534.21,-184.21,41.71,2.0,307.34,0.01,147.52,80.39,71.37
2026-06-05 16:05:00,12,534.21,-184.21,42.35,1.0,322.66,0.0,154.88,82.03,71.23
2026-06-05 16:10:00,12,534.21,-184.21,40.77,4.0,238.11,0.02,114.29,73.28,71.11
2026-06-05 16:15:00,12,534.21,-184.21,41.17,0.0,229.15,0.0,109.99,70.97,70.99
2026-06-05 16:20:00,12,534.21,-184.21,40.13,0.0,231.0,0.0,110.88,71.15,70.87
2026-06-05 16:25:00,12,534.21,-184.21,41.44,2.0,317.8,0.01,152.54,81.75,70.74
2026-06-05 16:30:00,12,534.21,-184.21,41.6,0.0,308.83,0.0,148.24,79.86,70.6
2026-06-05 16:35:00,12,534.21,-184.21,40.68,1.0,238.65,0.01,114.55,72.26,70.48
2026-06-05 16:40:00,12,534.21,-184.21,39.63,0.0,310.82,0.0,149.19,80.11,70.35
2026-06-05 16:45:00,12,534.21,-184.21,41.17,0.0,227.25,0.0,109.08,70.79,70.23
2026-06-05 16:50:00,12,534.21,-184.21,40.23,3.0,287.65,0.01,138.07,78.31,70.1
2026-06-05 16:55:00,12,534.21,-184.21,40.16,2.0,223.14,0.01,107.11,71.13,69.98
2026-06-05 17:00:00,12,534.21,-184.21,39.98,1.0,217.36,0.01,104.33,70.25,69.87
2026-06-05 17:05:00,12,534.21,-184.21,40.47,2.0,263.58,0.01,126.52,75.21,69.74
2026-06-05 17:10:00,12,534.21,-184.21,39.77,3.0,238.45,0.02,114.46,72.96,69.62
2026-06-05 17:15:00,12,534.21,-184.21,39.37,2.0,307.09,0.01,147.4,80.35,69.48
2026-06-05 17:20:00,12,534.21,-184.21,38.59,2.0,251.2,0.01,120.57,73.88,69.36
2026-06-05 17:25:00,12,534.21,-184.21,39.24,0.0,303.46,0.0,145.66,79.18,69.23
2026-06-05 17:30:00,12,534.21,-184.21,38.95,0.0,282.46,0.0,135.58,76.62,69.1
2026-06-05 17:35:00,12,534.21,-184.21,37.56,1.0,239.98,0.01,115.19,72.39,68.98
2026-06-05 17:40:00,12,534.21,-184.21,39.81,1.0,281.24,0.0,134.99,76.83,68.85
2026-06-05 17:45:00,12,534.21,-184.21,37.96,0.0,239.24,0.0,114.83,71.94,68.73
2026-06-05 17:50:00,12,534.21,-184.21,37.87,0.0,219.17,0.0,105.2,70.04,68.62
2026-06-05 17:55:00,12,534.21,-184.21,37.25,0.0,230.19,0.0,110.49,71.06,68.5
2026-06-05 18:00:00,12,534.21,-184.21,38.88,0.0,200.98,0.0,96.47,68.46,68.38
2026-06-05 18:05:00,12,534.21,-184.21,38.11,0.0,232.08,0.0,111.4,71.25,68.26
2026-06-05 18:10:00,12,534.21,-184.21,38.07,2.0,314.87,0.01,151.14,81.36,68.13
2026-06-05 18:15:00,12,534.21,-184.21,36.96,4.0,266.91,0.02,128.12,76.29,68.0
2026-06-05 18:20:00,12,534.21,-184.21,38.19,1.0,210.24,0.01,100.92,69.61,67.89
2026-06-05 18:25:00,12,534.21,-184.21,37.51,3.0,276.07,0.01,132.51,76.95,67.76
2026-06-05 18:30:00,12,534.21,-184.21,37.86,1.0,212.16,0.01,101.83,69.78,67.64
2026-06-05 18:35:00,12,534.21,-184.21,36.74,1.0,288.43,0.0,138.45,77.68,67.51
2026-06-05 18:40:00,12,534.21,-184.21,37.09,2.0,240.16,0.01,115.28,72.76,67.39
2026-06-05 18:45:00,12,534.21,-184.21,37.27,1.0,247.96,0.01,119.02,73.2,67.27
2026-06-05 18:50:00,12,534.21,-184.21,36.58,0.0,317.23,0.0,152.27,80.94,67.13
2026-06-05 18:55:00,12,534.21,-184.21,36.19,2.0,294.87,0.01,141.54,78.82,67.0
2026-06-05 19:00:00,12,534.21,-184.21,36.26,1.0,206.93,0.01,99.33,69.32,66.89
2026-06-05 19:05:00,12,534.21,-184.21,35.84,2.0,243.18,0.01,116.72,73.05,66.77
2026-06-05 19:10:00,12,534.21,-184.21,37.29,0.0,245.02,0.0,117.61,72.53,66.64
2026-06-05 19:15:00,12,534.21,-184.21,35.65,0.0,224.05,0.0,107.54,70.48,66.53
2026-06-05 19:20:00,12,534.21,-184.21,34.73,0.0,279.1,0.0,133.97,76.22,66.4
2026-06-05 19:25:00,12,534.21,-184.21,35.16,1.0,207.15,0.01,99.43,69.34,66.28
2026-06-05 19:30:00,12,534.21,-184.21,35.04,1.0,271.17,0.0,130.16,75.67,66.16
2026-06-05 19:35:00,12,534.21,-184.21,35.04,1.0,225.18,0.01,108.09,70.96,66.04
2026-06-05 19:40:00,12,534.21,-184.21,34.4,3.0,284.11,0.01,136.37,77.88,65.91
2026-06-05 19:45:00,12,534.21,-184.21,35.31,3.0,319.09,0.01,153.16,82.25,65.77
2026-06-05 19:50:00,12,534.21,-184.21,35.27,4.0,243.47,0.02,116.87,73.81,65.65
2026-06-05 19:55:00,12,534.21,-184.21,34.95,3.0,280.79,0.01,134.78,77.49,65.52
2026-06-05 20:00:00,12,534.21,-184.21,34.48,1.0,279.65,0.0,134.23,76.64,65.39
2026-06-05 20:05:00,12,534.21,-184.21,35.24,0.0,240.42,0.0,115.4,72.06,65.27
2026-06-05 20:10:00,12,534.21,-184.21,34.37,0.0,241.31,0.0,115.83,72.15,65.15
2026-06-05 20:15:00,12,534.21,-184.21,35.39,0.0,299.26,0.0,143.64,78.64,65.02
2026-06-05 20:20:00,12,534.21,-184.21,34.08,0.0,263.65,0.0,126.55,74.48,64.9
2026-06-05 20:25:00,12,534.21,-184.21,32.93,0.0,261.97,0.0,125.75,74.3,64.77
2026-06-05 20:30:00,12,534.21,-184.21,33.32,0.0,275.58,0.0,132.28,75.82,64.65
2026-06-05 20:35:00,12,534.21,-184.21,33.66,0.0,292.62,0.0,140.46,77.83,64.52
2026-06-05 20:40:00,12,534.21,-184.21,33.1,1.0,263.36,0.0,126.41,74.8,64.39
2026-06-05 20:45:00,12,534.21,-184.21,34.14,1.0,301.28,0.0,144.61,79.24,64.26
2026-06-05 20:50:00,12,534.21,-184.21,34.01,0.0,225.11,0.0,108.05,70.58,64.14
2026-06-05 20:55:00,12,534.21,-184.21,32.44,2.0,296.07,0.01,142.11,78.96,64.01
2026-06-05 21:00:00,12,534.21,-184.21,32.43,1.0,297.34,0.0,142.72,78.75,63.88
2026-06-05 21:05:00,12,534.21,-184.21,32.55,1.0,227.62,0.01,109.26,71.18,63.76
2026-06-05 21:10:00,12,534.21,-184.21,33.45,0.0,271.52,0.0,130.33,75.36,63.64
2026-06-05 21:15:00,12,534.21,-184.21,32.88,1.0,253.94,0.0,121.89,73.79,63.51
2026-06-05 21:20:00,12,534.21,-184.21,31.71,1.0,275.41,0.0,132.2,76.15,63.39
2026-06-05 21:25:00,12,534.21,-184.21,32.22,0.0,255.41,0.0,122.6,73.59,63.26
2026-06-05 21:30:00,12,534.21,-184.21,32.49,0.0,250.07,0.0,120.03,73.03,63.14
2026-06-05 21:35:00,12,534.21,-184.21,32.23,1.0,261.02,0.0,125.29,74.54,63.02
2026-06-05 21:40:00,12,534.21,-184.21,32.79,0.0,256.67,0.0,123.2,73.73,62.89
2026-06-05 21:45:00,12,534.21,-184.21,31.89,0.0,238.65,0.0,114.55,71.88,62.78
2026-06-05 21:50:00,12,534.21,-184.21,32.13,0.0,316.79,0.0,152.06,80.88,62.64
2026-06-05 21:55:00,12,534.21,-184.21,31.29,1.0,245.69,0.01,117.93,72.95,62.52
2026-06-05 22:00:00,12,534.21,-184.21,31.35,0.0,286.29,0.0,137.42,77.06,62.39
2026-06-05 22:05:00,12,534.21,-184.21,31.88,1.0,268.14,0.0,128.71,75.33,62.26
2026-06-05 22:10:00,12,534.21,-184.21,30.59,1.0,261.18,0.0,125.36,74.56,62.14
2026-06-05 22:15:00,12,534.21,-184.21,31.87,5.0,302.63,0.02,145.26,80.85,62.01
2026-06-05 22:20:00,12,534.21,-184.21,31.67,1.0,236.24,0.01,113.39,72.01,61.89
2026-06-05 22:25:00,12,534.21,-184.21,31.64,4.0,253.75,0.02,121.8,74.86,61.76
2026-06-05 22:30:00,12,534.21,-184.21,31.09,1.0,296.7,0.0,142.41,78.67,61.63
2026-06-05 22:35:00,12,534.21,-184.21,31.64,1.0,307.71,0.0,147.7,80.05,61.5
2026-06-05 22:40:00,12,534.21,-184.21,30.64,0.0,237.2,0.0,113.85,71.73,61.38
2026-06-05 22:45:00,12,534.21,-184.21,31.25,1.0,200.24,0.01,96.12,68.75,61.26
2026-06-05 22:50:00,12,534.21,-184.21,30.65,0.0,245.15,0.0,117.67,72.53,61.14
2026-06-05 22:55:00,12,534.21,-184.21,31.4,1.0,254.21,0.0,122.02,73.82,61.02
2026-06-05 23:00:00,12,534.21,-184.21,31.55,1.0,239.79,0.01,115.1,72.36,60.9
2026-06-05 23:05:00,12,534.21,-184.21,32.21,4.0,272.89,0.02,130.99,76.95,60.77
2026-06-05 23:10:00,12,534.21,-184.21,31.45,0.0,278.58,0.0,133.72,76.16,60.64
2026-06-05 23:15:00,12,534.21,-184.21,31.79,4.0,295.91,0.01,142.04,79.64,60.51
2026-06-05 23:20:00,12,534.21,-184.21,31.13,3.0,269.39,0.01,129.31,76.18,60.38
2026-06-05 23:25:00,12,534.21,-184.21,31.12,1.0,317.94,0.0,152.61,81.38,60.25
2026-06-05 23:30:00,12,534.21,-184.21,31.01,0.0,316.98,0.0,152.15,80.9,60.11
2026-06-05 23:35:00,12,534.21,-184.21,30.98,0.0,302.45,0.0,145.18,79.03,59.98
2026-06-05 23:40:00,12,534.21,-184.21,30.53,3.0,277.98,0.01,133.43,77.16,59.85
2026-06-05 23:45:00,12,534.21,-184.21,29.99,1.0,274.86,0.0,131.93,76.08,59.73
2026-06-05 23:50:00,12,534.21,-184.21,30.81,1.0,286.51,0.0,137.52,77.44,59.6
2026-06-05 23:55:00,12,534.21,-184.21,31.68,3.0,271.71,0.01,130.42,76.44,59.47
2026-06-06 00:00:00,12,534.21,-184.21,30.31,5.0,244.9,0.03,117.55,74.31,59.35
2026-06-06 00:05:00,12,534.21,-184.21,31.45,1.0,282.5,0.0,135.6,76.96,59.22
2026-06-06 00:10:00,12,534.21,-184.21,30.85,2.0,249.3,0.01,119.66,73.67,59.09
2026-06-06 00:15:00,12,534.21,-184.21,31.6,3.0,267.6,0.01,128.45,75.99,58.97
2026-06-06 00:20:00,12,534.21,-184.21,30.44,1.0,304.74,0.0,146.27,79.67,58.83
2026-06-06 00:25:00,12,534.21,-184.21,31.7,2.0,318.15,0.01,152.71,81.77,58.7
2026-06-06 00:30:00,12,534.21,-184.21,31.48,3.0,292.11,0.01,140.21,78.83,58.57
2026-06-06 00:35:00,12,534.21,-184.21,31.13,8.0,306.77,0.03,147.25,82.44,58.43
2026-06-06 00:40:00,12,534.21,-184.21,30.88,4.0,302.51,0.01,145.2,80.46,58.3
2026-06-06 00:45:00,12,534.21,-184.21,31.1,0.0,236.87,0.0,113.7,71.7,58.18
2026-06-06 00:50:00,12,534.21,-184.21,30.89,6.0,316.04,0.02,151.7,82.92,58.04
2026-06-06 00:55:00,12,534.21,-184.21,31.77,3.0,275.42,0.01,132.2,76.87,57.91
2026-06-06 01:00:00,12,534.21,-184.21,30.59,4.0,257.06,0.02,123.39,75.21,57.78
2026-06-06 01:05:00,12,534.21,-184.21,31.26,1.0,283.2,0.0,135.94,77.05,57.66
2026-06-06 01:10:00,12,534.21,-184.21,31.62,3.0,207.67,0.02,99.68,70.1,57.54
2026-06-06 01:15:00,12,534.21,-184.21,31.68,0.0,271.0,0.0,130.08,75.29,57.41
2026-06-06 01:20:00,12,534.21,-184.21,31.56,2.0,272.42,0.01,130.76,76.17,57.29
2026-06-06 01:25:00,12,534.21,-184.21,32.01,2.0,261.56,0.01,125.55,74.97,57.16
2026-06-06 01:30:00,12,534.21,-184.21,31.85,1.0,246.06,0.01,118.11,72.99,57.04
2026-06-06 01:35:00,12,534.21,-184.21,31.04,2.0,203.51,0.02,97.69,69.39,56.92
2026-06-06 01:40:00,12,534.21,-184.21,32.01,1.0,301.96,0.0,144.94,79.32,56.79
2026-06-06 01:45:00,12,534.21,-184.21,32.16,3.0,236.94,0.02,113.73,72.8,56.67
2026-06-06 01:50:00,12,534.21,-184.21,32.14,1.0,274.41,0.0,131.72,76.03,56.54
2026-06-06 01:55:00,12,534.21,-184.21,32.0,2.0,216.34,0.01,103.85,70.49,56.43
2026-06-06 02:00:00,12,534.21,-184.21,32.37,1.0,271.47,0.0,130.31,75.7,56.3
2026-06-06 02:05:00,12,534.21,-184.21,32.4,0.0,202.85,0.0,97.37,68.6,56.19
2026-06-06 02:10:00,12,534.21,-184.21,32.11,3.0,235.36,0.02,112.97,72.64,56.06
2026-06-06 02:15:00,12,534.21,-184.21,32.6,0.0,257.2,0.0,123.46,73.79,55.94
2026-06-06 02:20:00,12,534.21,-184.21,32.91,1.0,271.79,0.0,130.46,75.74,55.82
2026-06-06 02:25:00,12,534.21,-184.21,33.8,3.0,223.01,0.02,107.04,71.47,55.7
2026-06-06 02:30:00,12,534.21,-184.21,32.17,1.0,318.25,0.0,152.76,81.42,55.56
2026-06-06 02:35:00,12,534.21,-184.21,32.55,9.0,250.7,0.05,120.34,76.35,55.43
2026-06-06 02:40:00,12,534.21,-184.21,32.75,2.0,315.21,0.01,151.3,81.39,55.3
2026-06-06 02:45:00,12,534.21,-184.21,32.42,3.0,307.27,0.01,147.49,80.72,55.16
2026-06-06 02:50:00,12,534.21,-184.21,32.81,4.0,225.66,0.03,108.32,72.09,55.04
2026-06-06 02:55:00,12,534.21,-184.21,32.29,1.0,273.18,0.0,131.13,75.89,54.92
2026-06-06 03:00:00,12,534.21,-184.21,33.49,1.0,226.4,0.01,108.67,71.07,54.8
2026-06-06 03:05:00,12,534.21,-184.21,32.82,3.0,261.76,0.01,125.65,75.35,54.67
2026-06-06 03:10:00,12,534.21,-184.21,33.58,1.0,274.42,0.0,131.72,76.03,54.55
2026-06-06 03:15:00,12,534.21,-184.21,32.66,1.0,207.75,0.01,99.72,69.39,54.43
2026-06-06 03:20:00,12,534.21,-184.21,33.76,6.0,320.52,0.02,153.85,83.51,54.29
2026-06-06 03:25:00,12,534.21,-184.21,33.36,3.0,278.15,0.01,133.51,77.18,54.16
2026-06-06 03:30:00,12,534.21,-184.21,33.38,1.0,239.35,0.01,114.89,72.32,54.04
2026-06-06 03:35:00,12,534.21,-184.21,34.06,2.0,242.15,0.01,116.23,72.95,53.92
2026-06-06 03:40:00,12,534.21,-184.21,33.45,2.0,247.51,0.01,118.81,73.49,53.8
2026-06-06 03:45:00,12,534.21,-184.21,33.74,6.0,287.46,0.02,137.98,79.34,53.67
2026-06-06 03:50:00,12,534.21,-184.21,34.52,1.0,200.26,0.01,96.12,68.76,53.55
2026-06-06 03:55:00,12,534.21,-184.21,34.32,0.0,205.66,0.0,98.72,68.84,53.44
2026-06-06 04:00:00,12,534.21,-184.21,35.14,0.0,281.96,0.0,135.34,76.56,53.31
2026-06-06 04:05:00,12,534.21,-184.21,34.29,3.0,281.17,0.01,134.96,77.53,53.18
2026-06-06 04:10:00,12,534.21,-184.21,34.53,1.0,237.29,0.01,113.9,72.12,53.06
2026-06-06 04:15:00,12,534.21,-184.21,34.82,0.0,318.91,0.0,153.08,81.16,52.92
2026-06-06 04:20:00,12,534.21,-184.21,35.47,2.0,266.78,0.01,128.06,75.55,52.8
2026-06-06 04:25:00,12,534.21,-184.21,35.54,2.0,270.67,0.01,129.92,75.98,52.67
2026-06-06 04:30:00,12,534.21,-184.21,35.17,1.0,220.77,0.01,105.97,70.55,52.55
2026-06-06 04:35:00,12,534.21,-184.21,35.28,0.0,271.9,0.0,130.51,75.4,52.43
2026-06-06 04:40:00,12,534.21,-184.21,35.41,3.0,249.57,0.02,119.79,74.08,52.3
2026-06-06 04:45:00,12,534.21,-184.21,35.11,0.0,272.52,0.0,130.81,75.47,52.18
2026-06-06 04:50:00,12,534.21,-184.21,36.98,0.0,235.16,0.0,112.88,71.54,52.06
2026-06-06 04:55:00,12,534.21,-184.21,35.55,3.0,211.09,0.02,101.33,70.4,51.94
2026-06-06 05:00:00,12,534.21,-184.21,36.16,4.0,297.75,0.01,142.92,79.88,51.81
2026-06-06 05:05:00,12,534.21,-184.21,36.71,0.0,203.11,0.0,97.49,68.63,51.7
2026-06-06 05:10:00,12,534.21,-184.21,36.66,6.0,314.89,0.02,151.15,82.78,51.56
2026-06-06 05:15:00,12,534.21,-184.21,37.41,0.0,296.81,0.0,142.47,78.34,51.43
2026-06-06 05:20:00,12,534.21,-184.21,36.19,0.0,226.67,0.0,108.8,70.73,51.31
2026-06-06 05:25:00,12,534.21,-184.21,37.52,0.0,212.21,0.0,101.86,69.41,51.19
2026-06-06 05:30:00,12,534.21,-184.21,38.02,1.0,271.13,0.0,130.14,75.67,51.07
2026-06-06 05:35:00,12,534.21,-184.21,37.87,1.0,270.82,0.0,129.99,75.63,50.94
2026-06-06 05:40:00,12,534.21,-184.21,37.44,2.0,232.24,0.01,111.48,71.98,50.82
2026-06-06 05:45:00,12,534.21,-184.21,37.98,1.0,243.39,0.01,116.83,72.73,50.7
2026-06-06 05:50:00,12,534.21,-184.21,37.45,1.0,324.47,0.0,155.75,82.26,50.56
2026-06-06 05:55:00,12,534.21,-184.21,38.7,4.0,297.84,0.01,142.96,79.89,50.43
2026-06-06 06:00:00,12,534.21,-184.21,37.63,0.0,268.08,0.0,128.68,74.98,50.3
2026-06-06 06:05:00,12,534.21,-184.21,38.4,0.0,270.18,0.0,129.69,75.22,50.18
2026-06-06 06:10:00,12,534.21,-184.21,38.54,1.0,300.35,0.0,144.17,79.14,50.05
2026-06-06 06:15:00,12,534.21,-184.21,38.82,1.0,231.38,0.01,111.06,71.55,49.93
2026-06-06 06:20:00,12,534.21,-184.21,38.82,2.0,246.49,0.01,118.31,73.4,49.81
2026-06-06 06:25:00,12,534.21,-184.21,38.87,0.0,271.78,0.0,130.45,75.39,49.68
2026-06-06 06:30:00,12,534.21,-184.21,38.76,0.0,283.89,0.0,136.27,76.79,49.55
2026-06-06 06:35:00,12,534.21,-184.21,38.43,1.0,276.62,0.0,132.78,76.3,49.42
2026-06-06 06:40:00,12,534.21,-184.21,39.37,0.0,282.61,0.0,135.65,76.64,49.3
2026-06-06 06:45:00,12,534.21,-184.21,39.45,1.0,266.46,0.0,127.9,75.15,49.17
2026-06-06 06:50:00,12,534.21,-184.21,39.02,0.0,240.44,0.0,115.41,72.07,49.05
2026-06-06 06:55:00,12,534.21,-184.21,39.81,0.0,200.77,0.0,96.37,68.44,48.94
2026-06-06 07:00:00,12,534.21,-184.21,40.03,1.0,302.55,0.0,145.22,79.41,48.81
2026-06-06 07:05:00,12,534.21,-184.21,39.89,0.0,283.32,0.0,135.99,76.73,48.68
2026-06-06 07:10:00,12,534.21,-184.21,39.86,1.0,261.32,0.0,125.43,74.59,48.55
2026-06-06 07:15:00,12,534.21,-184.21,40.49,0.0,222.6,0.0,106.85,70.36,48.44
2026-06-06 07:20:00,12,534.21,-184.21,41.1,0.0,308.45,0.0,148.06,79.81,48.3
2026-06-06 07:25:00,12,534.21,-184.21,41.38,1.0,263.8,0.0,126.62,74.86,48.18
2026-06-06 07:30:00,12,534.21,-184.21,40.82,1.0,229.97,0.01,110.38,71.42,48.06
2026-06-06 07:35:00,12,534.21,-184.21,40.68,0.0,324.71,0.0,155.86,81.95,47.92
2026-06-06 07:40:00,12,534.21,-184.21,41.55,1.0,235.15,0.01,112.87,71.92,47.8
2026-06-06 07:45:00,12,534.21,-184.21,40.74,0.0,212.39,0.0,101.95,69.44,47.69
2026-06-06 07:50:00,12,534.21,-184.21,41.64,0.0,256.93,0.0,123.32,73.77,47.56
2026-06-06 07:55:00,12,534.21,-184.21,40.97,0.0,226.27,0.0,108.61,70.7,47.45
2026-06-06 08:00:00,12,534.21,-184.21,41.94,1.0,210.75,0.01,101.16,69.67,47.33
2026-06-06 08:05:00,12,534.21,-184.21,41.0,0.0,236.11,0.0,113.33,71.64,47.21
2026-06-06 08:10:00,12,534.21,-184.21,41.72,0.0,242.89,0.0,116.59,72.32,47.09
2026-06-06 08:15:00,12,534.21,-184.21,42.23,0.0,210.75,0.0,101.16,69.3,46.97
2026-06-06 08:20:00,12,534.21,-184.21,42.8,1.0,249.23,0.01,119.63,73.34,46.85
2026-06-06 08:25:00,12,534.21,-184.21,42.27,0.0,272.74,0.0,130.92,75.51,46.73
2026-06-06 08:30:00,12,534.21,-184.21,42.67,1.0,219.4,0.01,105.31,70.44,46.61
2026-06-06 08:35:00,12,534.21,-184.21,41.65,1.0,303.82,0.0,145.83,79.57,46.48
2026-06-06 08:40:00,12,534.21,-184.21,42.84,0.0,246.74,0.0,118.44,72.71,46.36
2026-06-06 08:45:00,12,534.21,-184.21,42.27,0.0,292.08,0.0,140.2,77.78,46.23
2026-06-06 08:50:00,12,534.21,-184.21,42.4,1.0,229.1,0.01,109.97,71.34,46.11
2026-06-06 08:55:00,12,534.21,-184.21,42.52,0.0,309.07,0.0,148.35,79.89,45.97
2026-06-06 09:00:00,12,534.21,-184.21,43.79,1.0,227.46,0.01,109.18,71.19,45.85
2026-06-06 09:05:00,12,534.21,-184.21,43.42,1.0,219.69,0.01,105.45,70.47,45.74
2026-06-06 09:10:00,12,534.21,-184.21,43.2,1.0,240.57,0.01,115.47,72.46,45.62
2026-06-06 09:15:00,12,534.21,-184.21,43.18,1.0,257.47,0.0,123.59,74.19,45.49
2026-06-06 09:20:00,12,534.21,-184.21,42.41,0.0,201.24,0.0,96.59,68.48,45.38
2026-06-06 09:25:00,12,534.21,-184.21,43.45,0.0,265.25,0.0,127.32,74.68,45.25
2026-06-06 09:30:00,12,534.21,-184.21,42.85,1.0,283.76,0.0,136.2,77.13,45.13
2026-06-06 09:35:00,12,534.21,-184.21,43.12,0.0,304.56,0.0,146.19,79.32,44.99
2026-06-06 09:40:00,12,534.21,-184.21,42.85,0.0,252.24,0.0,121.07,73.28,44.87
2026-06-06 09:45:00,12,534.21,-184.21,44.18,1.0,322.53,0.0,154.82,82.01,44.73
2026-06-06 09:50:00,12,534.21,-184.21,43.79,3.0,246.06,0.02,118.11,73.73,44.61
2026-06-06 09:55:00,12,534.21,-184.21,43.73,2.0,217.69,0.01,104.49,70.64,44.49
2026-06-06 10:00:00,12,534.21,-184.21,44.12,2.0,208.02,0.01,99.85,69.78,44.38
2026-06-06 10:05:00,12,534.21,-184.21,43.38,1.0,212.29,0.01,101.9,69.8,44.26
2026-06-06 10:10:00,12,534.21,-184.21,44.11,2.0,302.66,0.01,145.28,79.81,44.13
2026-06-06 10:15:00,12,534.21,-184.21,44.02,0.0,315.03,0.0,151.21,80.67,43.99
2026-06-06 10:20:00,12,534.21,-184.21,44.72,0.0,209.04,0.0,100.34,69.15,43.88
2026-06-06 10:25:00,12,534.21,-184.21,44.37,1.0,261.22,0.0,125.38,74.59,43.75
2026-06-06 10:30:00,12,534.21,-184.21,46.42,1.0,211.11,0.01,101.33,69.71,43.64
2026-06-06 10:35:00,12,534.21,-184.21,45.23,1.0,249.65,0.01,119.83,73.39,43.52
2026-06-06 10:40:00,12,534.21,-184.21,44.23,1.0,302.13,0.0,145.02,79.37,43.38
2026-06-06 10:45:00,12,534.21,-184.21,44.61,3.0,315.32,0.01,151.36,81.78,43.25
2026-06-06 10:50:00,12,534.21,-184.21,43.93,1.0,266.82,0.0,128.07,75.2,43.12
2026-06-06 10:55:00,12,534.21,-184.21,43.87,3.0,271.85,0.01,130.49,76.48,42.99
2026-06-06 11:00:00,12,534.21,-184.21,45.24,1.0,322.83,0.0,154.96,82.05,42.86
2026-06-06 11:05:00,12,534.21,-184.21,44.25,0.0,284.92,0.0,136.76,76.92,42.73
2026-06-06 11:10:00,12,534.21,-184.21,44.56,2.0,315.35,0.01,151.37,81.43,42.59
2026-06-06 11:15:00,12,534.21,-184.21,45.71,0.0,216.06,0.0,103.71,69.77,42.48
2026-06-06 11:20:00,12,534.21,-184.21,44.54,2.0,309.53,0.01,148.58,80.68,42.34
2026-06-06 11:25:00,12,534.21,-184.21,45.55,2.0,269.2,0.01,129.21,75.84,42.22
2026-06-06 11:30:00,12,534.21,-184.21,45.4,0.0,235.21,0.0,112.9,71.57,42.1
2026-06-06 11:35:00,12,534.21,-184.21,44.58,0.0,256.03,0.0,122.9,73.69,41.97
2026-06-06 11:40:00,12,534.21,-184.21,44.98,2.0,227.23,0.01,109.07,71.52,41.86
2026-06-06 11:45:00,12,534.21,-184.21,45.56,4.0,284.53,0.02,136.58,78.32,41.72
2026-06-06 11:50:00,12,534.21,-184.21,44.97,3.0,271.93,0.01,130.52,76.49,41.6
2026-06-06 11:55:00,12,534.21,-184.21,45.11,0.0,240.83,0.0,115.6,72.12,41.48
2026-06-06 12:00:00,12,534.21,-184.21,44.63,1.0,211.58,0.01,101.56,69.74,41.36
2026-06-06 12:05:00,12,534.21,-184.21,45.67,4.0,275.76,0.02,132.37,77.3,41.23
2026-06-06 12:10:00,12,534.21,-184.21,45.21,5.0,323.76,0.02,155.4,83.62,41.09
2026-06-06 12:15:00,12,534.21,-184.21,44.09,2.0,302.38,0.01,145.14,79.77,40.96
2026-06-06 12:20:00,12,534.21,-184.21,44.83,1.0,266.42,0.0,127.88,75.16,40.83
2026-06-06 12:25:00,12,534.21,-184.21,44.62,3.0,223.23,0.02,107.15,71.51,40.72
2026-06-06 12:30:00,12,534.21,-184.21,45.01,4.0,260.33,0.02,124.96,75.59,40.59
2026-06-06 12:35:00,12,534.21,-184.21,45.38,4.0,319.89,0.01,153.54,82.73,40.45
2026-06-06 12:40:00,12,534.21,-184.21,44.26,2.0,284.85,0.01,136.73,77.64,40.32
2026-06-06 12:45:00,12,534.21,-184.21,44.36,1.0,293.92,0.0,141.08,78.35,40.19
2026-06-06 12:50:00,12,534.21,-184.21,44.58,0.0,230.87,0.0,110.82,71.14,40.07
2026-06-06 12:55:00,12,534.21,-184.21,44.83,0.0,256.11,0.0,122.93,73.69,39.95
2026-06-06 13:00:00,12,534.21,-184.21,45.15,1.0,207.57,0.01,99.63,69.4,39.83
2026-06-06 13:05:00,12,534.21,-184.21,44.93,1.0,323.77,0.0,155.41,82.18,39.7
2026-06-06 13:10:00,12,534.21,-184.21,44.78,2.0,315.19,0.01,151.29,81.41,39.56
2026-06-06 13:15:00,12,534.21,-184.21,44.24,4.0,287.35,0.02,137.93,78.65,39.43
2026-06-06 13:20:00,12,534.21,-184.21,45.12,3.0,265.2,0.01,127.3,75.75,39.3
2026-06-06 13:25:00,12,534.21,-184.21,44.06,3.0,252.7,0.01,121.3,74.4,39.18
2026-06-06 13:30:00,12,534.21,-184.21,43.6,2.0,262.32,0.01,125.92,75.08,39.06
2026-06-06 13:35:00,12,534.21,-184.21,44.59,2.0,243.91,0.01,117.08,73.15,38.93
2026-06-06 13:40:00,12,534.21,-184.21,44.93,1.0,204.11,0.01,97.98,69.1,38.82
2026-06-06 13:45:00,12,534.21,-184.21,44.42,1.0,303.97,0.0,145.91,79.6,38.69
2026-06-06 13:50:00,12,534.21,-184.21,43.94,2.0,311.93,0.01,149.72,80.98,38.55
2026-06-06 13:55:00,12,534.21,-184.21,44.4,8.0,316.91,0.03,152.12,83.78,38.41
2026-06-06 14:00:00,12,534.21,-184.21,44.01,2.0,230.76,0.01,110.76,71.85,38.29
2026-06-06 14:05:00,12,534.21,-184.21,43.71,1.0,220.1,0.01,105.65,70.51,38.17
2026-06-06 14:10:00,12,534.21,-184.21,43.57,2.0,228.34,0.01,109.6,71.62,38.05
2026-06-06 14:15:00,12,534.21,-184.21,43.82,0.0,259.04,0.0,124.34,74.0,37.93
2026-06-06 14:20:00,12,534.21,-184.21,42.96,3.0,239.0,0.02,114.72,73.02,37.81
2026-06-06 14:25:00,12,534.21,-184.21,42.95,0.0,300.78,0.0,144.38,78.85,37.68
2026-06-06 14:30:00,12,534.21,-184.21,42.94,4.0,265.15,0.02,127.27,76.11,37.55
2026-06-06 14:35:00,12,534.21,-184.21,44.54,4.0,262.04,0.02,125.78,75.77,37.42
2026-06-06 14:40:00,12,534.21,-184.21,44.31,1.0,296.34,0.0,142.24,78.65,37.29
2026-06-06 14:45:00,12,534.21,-184.21,42.59,3.0,296.44,0.01,142.29,79.38,37.16
2026-06-06 14:50:00,12,534.21,-184.21,42.66,2.0,277.99,0.01,133.43,76.83,37.03
2026-06-06 14:55:00,12,534.21,-184.21,43.69,1.0,250.78,0.01,120.38,73.5,36.91
2026-06-06 15:00:00,12,534.21,-184.21,43.07,1.0,247.61,0.01,118.85,73.17,36.79
2026-06-06 15:05:00,12,534.21,-184.21,41.84,3.0,272.56,0.01,130.83,76.56,36.66
2026-06-06 15:10:00,12,534.21,-184.21,42.49,3.0,269.39,0.01,129.31,76.21,36.53
2026-06-06 15:15:00,12,534.21,-184.21,42.04,6.0,297.69,0.02,142.89,80.6,36.4
2026-06-06 15:20:00,12,534.21,-184.21,42.0,1.0,322.54,0.0,154.82,82.01,36.26
2026-06-06 15:25:00,12,534.21,-184.21,43.41,3.0,204.52,0.02,98.17,69.85,36.15
2026-06-06 15:30:00,12,534.21,-184.21,42.04,4.0,272.07,0.02,130.6,76.88,36.02
2026-06-06 15:35:00,12,534.21,-184.21,42.9,1.0,275.45,0.0,132.21,76.17,35.89
2026-06-06 15:40:00,12,534.21,-184.21,41.94,1.0,263.11,0.0,126.29,74.79,35.77
2026-06-06 15:45:00,12,534.21,-184.21,42.46,3.0,285.62,0.01,137.1,78.07,35.64
2026-06-06 15:50:00,12,534.21,-184.21,40.62,1.0,237.24,0.01,113.87,72.12,35.52
2026-06-06 15:55:00,12,534.21,-184.21,41.57,0.0,243.53,0.0,116.89,72.38,35.4
2026-06-06 16:00:00,12,534.21,-184.21,41.54,2.0,215.11,0.01,103.25,70.4,35.28
2026-06-06 16:05:00,12,534.21,-184.21,41.45,3.0,261.25,0.01,125.4,75.31,35.15
2026-06-06 16:10:00,12,534.21,-184.21,40.75,1.0,229.78,0.01,110.3,71.4,35.03
2026-06-06 16:15:00,12,534.21,-184.21,40.05,0.0,253.02,0.0,121.45,73.36,34.91
2026-06-06 16:20:00,12,534.21,-184.21,40.32,0.0,209.09,0.0,100.36,69.15,34.8
2026-06-06 16:25:00,12,534.21,-184.21,40.76,2.0,288.77,0.01,138.61,78.09,34.67
2026-06-06 16:30:00,12,534.21,-184.21,41.4,0.0,291.13,0.0,139.74,77.66,34.54
2026-06-06 16:35:00,12,534.21,-184.21,39.91,2.0,285.12,0.01,136.86,77.66,34.41
2026-06-06 16:40:00,12,534.21,-184.21,40.58,0.0,310.23,0.0,148.91,80.04,34.27
2026-06-06 16:45:00,12,534.21,-184.21,40.54,1.0,216.45,0.01,103.9,70.17,34.16
2026-06-06 16:50:00,12,534.21,-184.21,40.64,0.0,212.11,0.0,101.81,69.41,34.04
2026-06-06 16:55:00,12,534.21,-184.21,40.47,0.0,273.03,0.0,131.05,75.54,33.92
2026-06-06 17:00:00,12,534.21,-184.21,39.82,1.0,258.72,0.0,124.19,74.31,33.79
2026-06-06 17:05:00,12,534.21,-184.21,40.16,0.0,203.97,0.0,97.9,68.71,33.68
2026-06-06 17:10:00,12,534.21,-184.21,39.67,0.0,244.26,0.0,117.24,72.45,33.56
2026-06-06 17:15:00,12,534.21,-184.21,39.49,1.0,251.25,0.01,120.6,73.54,33.43
2026-06-06 17:20:00,12,534.21,-184.21,39.38,0.0,295.7,0.0,141.93,78.21,33.3
2026-06-06 17:25:00,12,534.21,-184.21,38.92,1.0,274.79,0.0,131.9,76.09,33.18
2026-06-06 17:30:00,12,534.21,-184.21,38.98,2.0,323.53,0.01,155.3,82.51,33.04
2026-06-06 17:35:00,12,534.21,-184.21,40.09,2.0,200.58,0.02,96.28,69.16,32.92
2026-06-06 17:40:00,12,534.21,-184.21,37.66,0.0,234.63,0.0,112.62,71.49,32.81
2026-06-06 17:45:00,12,534.21,-184.21,38.49,0.0,224.33,0.0,107.68,70.51,32.69
2026-06-06 17:50:00,12,534.21,-184.21,38.12,3.0,271.85,0.01,130.49,76.47,32.56
2026-06-06 17:55:00,12,534.21,-184.21,37.61,0.0,269.69,0.0,129.45,75.16,32.43
2026-06-06 18:00:00,12,534.21,-184.21,38.52,0.0,286.93,0.0,137.72,77.15,32.31
2026-06-06 18:05:00,12,534.21,-184.21,37.47,1.0,221.98,0.01,106.55,70.66,32.19
2026-06-06 18:10:00,12,534.21,-184.21,37.36,3.0,202.93,0.02,97.41,69.71,32.07
2026-06-06 18:15:00,12,534.21,-184.21,37.62,3.0,252.38,0.01,121.14,74.35,31.95
2026-06-06 18:20:00,12,534.21,-184.21,37.86,1.0,247.22,0.01,118.66,73.12,31.83
2026-06-06 18:25:00,12,534.21,-184.21,37.96,0.0,206.02,0.0,98.89,68.88,31.71
2026-06-06 18:30:00,12,534.21,-184.21,36.47,2.0,228.24,0.01,109.55,71.6,31.59
2026-06-06 18:35:00,12,534.21,-184.21,36.67,0.0,218.88,0.0,105.06,70.01,31.48
2026-06-06 18:40:00,12,534.21,-184.21,36.8,2.0,263.38,0.01,126.42,75.18,31.35
2026-06-06 18:45:00,12,534.21,-184.21,36.36,1.0,203.05,0.01,97.46,68.99,31.24
2026-06-06 18:50:00,12,534.21,-184.21,36.58,0.0,273.14,0.0,131.11,75.55,31.11
2026-06-06 18:55:00,12,534.21,-184.21,36.88,0.0,243.99,0.0,117.11,72.42,30.99
2026-06-06 19:00:00,12,534.21,-184.21,35.92,0.0,293.84,0.0,141.04,77.98,30.86
2026-06-06 19:05:00,12,534.21,-184.21,37.1,2.0,318.71,0.01,152.98,81.86,30.72
2026-06-06 19:10:00,12,534.21,-184.21,35.16,1.0,256.52,0.0,123.13,74.07,30.6
2026-06-06 19:15:00,12,534.21,-184.21,35.75,0.0,296.09,0.0,142.12,78.25,30.47
2026-06-06 19:20:00,12,534.21,-184.21,35.54,1.0,254.93,0.0,122.36,73.9,30.35
2026-06-06 19:25:00,12,534.21,-184.21,35.37,1.0,290.8,0.0,139.58,77.96,30.22
2026-06-06 19:30:00,12,534.21,-184.21,35.59,0.0,200.07,0.0,96.03,68.37,30.1
2026-06-06 19:35:00,12,534.21,-184.21,35.69,0.0,319.07,0.0,153.15,81.18,29.97
2026-06-06 19:40:00,12,534.21,-184.21,34.95,2.0,306.98,0.01,147.35,80.33,29.83
2026-06-06 19:45:00,12,534.21,-184.21,34.94,1.0,321.89,0.0,154.51,81.91,29.7
2026-06-06 19:50:00,12,534.21,-184.21,35.73,0.0,213.64,0.0,102.55,69.54,29.58
2026-06-06 19:55:00,12,534.21,-184.21,33.93,1.0,265.82,0.0,127.59,75.07,29.45
2026-06-06 20:00:00,12,534.21,-184.21,33.62,1.0,270.16,0.0,129.67,75.55,29.33
2026-06-06 20:05:00,12,534.21,-184.21,33.99,2.0,277.42,0.01,133.16,76.75,29.2
2026-06-06 20:10:00,12,534.21,-184.21,34.11,2.0,279.66,0.01,134.24,77.01,29.07
2026-06-06 20:15:00,12,534.21,-184.21,33.99,0.0,265.82,0.0,127.59,74.72,28.95
2026-06-06 20:20:00,12,534.21,-184.21,34.03,1.0,288.62,0.0,138.54,77.69,28.82
2026-06-06 20:25:00,12,534.21,-184.21,33.63,2.0,254.17,0.01,122.0,74.19,28.7
2026-06-06 20:30:00,12,534.21,-184.21,33.07,1.0,298.89,0.0,143.47,78.94,28.56
2026-06-06 20:35:00,12,534.21,-184.21,34.21,0.0,213.65,0.0,102.55,69.54,28.45
2026-06-06 20:40:00,12,534.21,-184.21,34.17,1.0,235.65,0.01,113.11,71.95,28.33
2026-06-06 20:45:00,12,534.21,-184.21,33.74,0.0,265.62,0.0,127.5,74.7,28.2
2026-06-06 20:50:00,12,534.21,-184.21,33.53,0.0,294.83,0.0,141.52,78.09,28.07
2026-06-06 20:55:00,12,534.21,-184.21,32.76,1.0,202.23,0.01,97.07,68.92,27.96
2026-06-06 21:00:00,12,534.21,-184.21,33.05,1.0,282.63,0.0,135.66,76.98,27.83
2026-06-06 21:05:00,12,534.21,-184.21,33.43,1.0,277.25,0.0,133.08,76.36,27.7
2026-06-06 21:10:00,12,534.21,-184.21,31.12,0.0,225.56,0.0,108.27,70.62,27.58
2026-06-06 21:15:00,12,534.21,-184.21,33.23,0.0,286.9,0.0,137.71,77.14,27.46
2026-06-06 21:20:00,12,534.21,-184.21,32.71,0.0,216.1,0.0,103.73,69.75,27.34
2026-06-06 21:25:00,12,534.21,-184.21,32.84,0.0,268.89,0.0,129.07,75.06,27.21
2026-06-06 21:30:00,12,534.21,-184.21,31.89,2.0,298.0,0.01,143.04,79.2,27.08
2026-06-06 21:35:00,12,534.21,-184.21,32.3,1.0,313.74,0.0,150.59,80.83,26.95
2026-06-06 21:40:00,12,534.21,-184.21,32.21,1.0,237.7,0.01,114.1,72.15,26.83
2026-06-06 21:45:00,12,534.21,-184.21,32.07,0.0,298.73,0.0,143.39,78.57,26.7
2026-06-06 21:50:00,12,534.21,-184.21,32.34,2.0,252.41,0.01,121.15,74.0,26.57
2026-06-06 21:55:00,12,534.21,-184.21,31.79,0.0,286.08,0.0,137.32,77.04,26.45
2026-06-06 22:00:00,12,534.21,-184.21,31.65,0.0,260.71,0.0,125.14,74.16,26.32
2026-06-06 22:05:00,12,534.21,-184.21,31.94,0.0,280.01,0.0,134.4,76.32,26.19
2026-06-06 22:10:00,12,534.21,-184.21,32.85,1.0,261.5,0.0,125.52,74.6,26.07
2026-06-06 22:15:00,12,534.21,-184.21,31.87,1.0,273.78,0.0,131.41,75.96,25.94
2026-06-06 22:20:00,12,534.21,-184.21,32.33,3.0,301.33,0.01,144.64,79.97,25.81
2026-06-06 22:25:00,12,534.21,-184.21,31.89,2.0,312.5,0.01,150.0,81.04,25.68
2026-06-06 22:30:00,12,534.21,-184.21,30.7,0.0,273.13,0.0,131.1,75.53,25.55
2026-06-06 22:35:00,12,534.21,-184.21,31.18,1.0,260.47,0.0,125.03,74.48,25.43
2026-06-06 22:40:00,12,534.21,-184.21,31.31,1.0,231.05,0.01,110.9,71.5,25.31
2026-06-06 22:45:00,12,534.21,-184.21,31.4,0.0,232.88,0.0,111.78,71.31,25.19
2026-06-06 22:50:00,12,534.21,-184.21,31.22,1.0,253.81,0.0,121.83,73.77,25.06
2026-06-06 22:55:00,12,534.21,-184.21,31.45,1.0,207.72,0.01,99.71,69.38,24.95
2026-06-06 23:00:00,12,534.21,-184.21,30.84,1.0,255.58,0.0,122.68,73.96,24.83
2026-06-06 23:05:00,12,534.21,-184.21,30.86,0.0,273.85,0.0,131.45,75.62,24.7
2026-06-06 23:10:00,12,534.21,-184.21,31.31,2.0,281.9,0.01,135.31,77.26,24.57
2026-06-06 23:15:00,12,534.21,-184.21,30.36,2.0,207.15,0.01,99.43,69.68,24.45
2026-06-06 23:20:00,12,534.21,-184.21,31.86,2.0,324.53,0.01,155.77,82.62,24.32
2026-06-06 23:25:00,12,534.21,-184.21,30.64,3.0,248.31,0.02,119.19,73.94,24.19
2026-06-06 23:30:00,12,534.21,-184.21,31.27,1.0,254.58,0.0,122.2,73.86,24.07
2026-06-06 23:35:00,12,534.21,-184.21,31.38,1.0,227.75,0.01,109.32,71.19,23.95
2026-06-06 23:40:00,12,534.21,-184.21,31.54,2.0,285.19,0.01,136.89,77.65,23.82
2026-06-06 23:45:00,12,534.21,-184.21,31.96,3.0,309.09,0.01,148.36,80.95,23.69
2026-06-06 23:50:00,12,534.21,-184.21,30.88,1.0,217.53,0.01,104.41,70.25,23.57
2026-06-06 23:55:00,12,534.21,-184.21,30.64,1.0,230.59,0.01,110.68,71.46,23.45
2026-06-07 00:00:00,12,534.21,-184.21,31.04,2.0,282.49,0.01,135.6,77.33,23.32
2026-06-07 00:05:00,12,534.21,-184.21,30.83,2.0,284.35,0.01,136.49,77.55,23.19
2026-06-07 00:10:00,12,534.21,-184.21,31.52,1.0,229.51,0.01,110.17,71.36,23.07
2026-06-07 00:15:00,12,534.21,-184.21,30.99,2.0,242.73,0.01,116.51,73.0,22.95
2026-06-07 00:20:00,12,534.21,-184.21,31.55,1.0,236.37,0.01,113.46,72.02,22.83
2026-06-07 00:25:00,12,534.21,-184.21,31.18,2.0,312.37,0.01,149.94,81.02,22.7
2026-06-07 00:30:00,12,534.21,-184.21,31.3,3.0,268.67,0.01,128.96,76.1,22.57
2026-06-07 00:35:00,12,534.21,-184.21,31.06,0.0,234.86,0.0,112.73,71.5,22.45
2026-06-07 00:40:00,12,534.21,-184.21,30.91,1.0,292.28,0.0,140.29,78.13,22.32
2026-06-07 00:45:00,12,534.21,-184.21,30.86,4.0,234.33,0.02,112.48,72.89,22.2
2026-06-07 00:50:00,12,534.21,-184.21,31.17,2.0,213.88,0.01,102.66,70.27,22.08
2026-06-07 00:55:00,12,534.21,-184.21,31.11,4.0,290.94,0.02,139.65,79.06,21.95
2026-06-07 01:00:00,12,534.21,-184.21,31.1,3.0,223.75,0.02,107.4,71.54,21.83
2026-06-07 01:05:00,12,534.21,-184.21,31.08,2.0,269.54,0.01,129.38,75.85,21.71
2026-06-07 01:10:00,12,534.21,-184.21,31.06,0.0,205.44,0.0,98.61,68.82,21.59
2026-06-07 01:15:00,12,534.21,-184.21,31.09,1.0,305.57,0.0,146.67,79.78,21.46
2026-06-07 01:20:00,12,534.21,-184.21,32.01,1.0,204.05,0.01,97.94,69.07,21.34
2026-06-07 01:25:00,12,534.21,-184.21,31.64,0.0,314.59,0.0,151.0,80.59,21.21
2026-06-07 01:30:00,12,534.21,-184.21,31.76,2.0,269.37,0.01,129.3,75.83,21.08
2026-06-07 01:35:00,12,534.21,-184.21,31.99,2.0,275.55,0.01,132.26,76.53,20.95
2026-06-07 01:40:00,12,534.21,-184.21,31.26,2.0,207.23,0.01,99.47,69.69,20.84
2026-06-07 01:45:00,12,534.21,-184.21,32.07,3.0,321.31,0.01,154.23,82.55,20.7
2026-06-07 01:50:00,12,534.21,-184.21,30.96,1.0,242.72,0.01,116.51,72.65,20.58
2026-06-07 01:55:00,12,534.21,-184.21,31.52,2.0,296.42,0.01,142.28,79.01,20.45
2026-06-07 02:00:00,12,534.21,-184.21,31.95,3.0,288.98,0.01,138.71,78.45,20.32
2026-06-07 02:05:00,12,534.21,-184.21,31.32,2.0,219.91,0.01,105.56,70.81,20.2
2026-06-07 02:10:00,12,534.21,-184.21,32.16,2.0,286.28,0.01,137.42,77.78,20.07
2026-06-07 02:15:00,12,534.21,-184.21,31.58,1.0,219.59,0.01,105.4,70.43,19.95
2026-06-07 02:20:00,12,534.21,-184.21,31.73,7.0,301.89,0.02,144.91,81.46,19.82
2026-06-07 02:25:00,12,534.21,-184.21,32.38,2.0,264.3,0.01,126.87,75.27,19.69
2026-06-07 02:30:00,12,534.21,-184.21,32.52,2.0,242.66,0.01,116.48,73.0,19.57
2026-06-07 02:35:00,12,534.21,-184.21,31.98,1.0,209.42,0.01,100.52,69.53,19.45
2026-06-07 02:40:00,12,534.21,-184.21,32.36,2.0,272.88,0.01,130.98,76.23,19.33
2026-06-07 02:45:00,12,534.21,-184.21,32.98,1.0,279.02,0.0,133.93,76.56,19.2
2026-06-07 02:50:00,12,534.21,-184.21,32.48,2.0,306.82,0.01,147.27,80.31,19.06
2026-06-07 02:55:00,12,534.21,-184.21,32.52,6.0,309.05,0.02,148.34,82.01,18.93
2026-06-07 03:00:00,12,534.21,-184.21,33.02,0.0,216.61,0.0,103.97,69.8,18.81
2026-06-07 03:05:00,12,534.21,-184.21,32.89,2.0,207.1,0.01,99.41,69.68,18.7
2026-06-07 03:10:00,12,534.21,-184.21,34.02,3.0,226.14,0.02,108.54,71.76,18.58
2026-06-07 03:15:00,12,534.21,-184.21,32.88,1.0,260.36,0.0,124.97,74.47,18.45
2026-06-07 03:20:00,12,534.21,-184.21,33.49,1.0,237.31,0.01,113.91,72.12,18.33
2026-06-07 03:25:00,12,534.21,-184.21,33.99,2.0,260.56,0.01,125.07,74.87,18.21
2026-06-07 03:30:00,12,534.21,-184.21,34.38,2.0,221.82,0.01,106.47,70.99,18.09
2026-06-07 03:35:00,12,534.21,-184.21,33.75,1.0,217.21,0.01,104.26,70.22,17.97
2026-06-07 03:40:00,12,534.21,-184.21,34.05,2.0,295.97,0.01,142.07,78.96,17.84
2026-06-07 03:45:00,12,534.21,-184.21,34.08,1.0,281.66,0.0,135.2,76.87,17.71
2026-06-07 03:50:00,12,534.21,-184.21,33.37,3.0,212.86,0.02,102.17,70.55,17.59
2026-06-07 03:55:00,12,534.21,-184.21,33.52,2.0,263.22,0.01,126.35,75.16,17.47
2026-06-07 04:00:00,12,534.21,-184.21,34.44,2.0,237.12,0.01,113.82,72.45,17.35
2026-06-07 04:05:00,12,534.21,-184.21,33.97,3.0,291.01,0.01,139.68,78.7,17.22
2026-06-07 04:10:00,12,534.21,-184.21,34.58,4.0,295.14,0.01,141.67,79.55,17.08
2026-06-07 04:15:00,12,534.21,-184.21,33.89,1.0,223.39,0.01,107.23,70.79,16.97
2026-06-07 04:20:00,12,534.21,-184.21,36.07,0.0,302.47,0.0,145.19,79.05,16.83
2026-06-07 04:25:00,12,534.21,-184.21,35.04,2.0,273.41,0.01,131.24,76.29,16.71
2026-06-07 04:30:00,12,534.21,-184.21,34.25,1.0,222.17,0.01,106.64,70.68,16.59
2026-06-07 04:35:00,12,534.21,-184.21,35.99,3.0,256.91,0.01,123.32,74.83,16.46
2026-06-07 04:40:00,12,534.21,-184.21,35.2,4.0,304.64,0.01,146.23,80.74,16.33
2026-06-07 04:45:00,12,534.21,-184.21,35.34,2.0,316.52,0.01,151.93,81.57,16.19
2026-06-07 04:50:00,12,534.21,-184.21,35.98,1.0,282.08,0.0,135.4,76.92,16.07
2026-06-07 04:55:00,12,534.21,-184.21,35.86,1.0,311.08,0.0,149.32,80.49,15.93
2026-06-07 05:00:00,12,534.21,-184.21,35.11,1.0,208.4,0.01,100.03,69.45,15.82
2026-06-07 05:05:00,12,534.21,-184.21,35.42,1.0,257.7,0.0,123.7,74.19,15.69
2026-06-07 05:10:00,12,534.21,-184.21,36.29,2.0,211.49,0.01,101.51,70.07,15.58
2026-06-07 05:15:00,12,534.21,-184.21,36.48,0.0,307.65,0.0,147.67,79.7,15.44
2026-06-07 05:20:00,12,534.21,-184.21,36.93,2.0,211.52,0.01,101.53,70.07,15.33
2026-06-07 05:25:00,12,534.21,-184.21,35.41,2.0,269.38,0.01,129.3,75.84,15.2
2026-06-07 05:30:00,12,534.21,-184.21,36.68,3.0,234.33,0.02,112.48,72.55,15.08
2026-06-07 05:35:00,12,534.21,-184.21,37.41,1.0,203.22,0.01,97.54,69.01,14.96
2026-06-07 05:40:00,12,534.21,-184.21,37.46,0.0,313.52,0.0,150.49,80.46,14.83
2026-06-07 05:45:00,12,534.21,-184.21,37.98,2.0,229.67,0.01,110.24,71.74,14.71
2026-06-07 05:50:00,12,534.21,-184.21,37.96,3.0,230.28,0.02,110.53,72.16,14.59
2026-06-07 05:55:00,12,534.21,-184.21,38.34,0.0,261.99,0.0,125.75,74.31,14.47
2026-06-07 06:00:00,12,534.21,-184.21,38.33,3.0,294.1,0.01,141.17,79.08,14.33
2026-06-07 06:05:00,12,534.21,-184.21,38.82,2.0,210.5,0.01,101.04,69.99,14.22
2026-06-07 06:10:00,12,534.21,-184.21,38.8,1.0,307.02,0.0,147.37,79.98,14.08
2026-06-07 06:15:00,12,534.21,-184.21,39.1,1.0,289.86,0.0,139.13,77.85,13.95
2026-06-07 06:20:00,12,534.21,-184.21,39.05,1.0,232.2,0.01,111.46,71.63,13.84
2026-06-07 06:25:00,12,534.21,-184.21,39.11,0.0,210.69,0.0,101.13,69.28,13.72
2026-06-07 06:30:00,12,534.21,-184.21,38.26,1.0,241.2,0.01,115.78,72.51,13.6
2026-06-07 06:35:00,12,534.21,-184.21,38.99,1.0,292.26,0.0,140.29,78.14,13.47
2026-06-07 06:40:00,12,534.21,-184.21,39.09,1.0,246.08,0.01,118.12,73.01,13.35
2026-06-07 06:45:00,12,534.21,-184.21,38.38,2.0,284.61,0.01,136.61,77.59,13.22
2026-06-07 06:50:00,12,534.21,-184.21,39.59,3.0,318.45,0.01,152.86,82.18,13.08
2026-06-07 06:55:00,12,534.21,-184.21,39.33,0.0,273.25,0.0,131.16,75.56,12.95
2026-06-07 07:00:00,12,534.21,-184.21,39.42,1.0,262.58,0.0,126.04,74.73,12.83
2026-06-07 07:05:00,12,534.21,-184.21,40.07,1.0,271.58,0.0,130.36,75.73,12.7
2026-06-07 07:10:00,12,534.21,-184.21,39.78,2.0,298.88,0.01,143.46,79.32,12.57
2026-06-07 07:15:00,12,534.21,-184.21,40.1,1.0,308.23,0.0,147.95,80.13,12.44
2026-06-07 07:20:00,12,534.21,-184.21,40.83,0.0,287.51,0.0,138.0,77.22,12.31
2026-06-07 07:25:00,12,534.21,-184.21,41.1,2.0,292.4,0.01,140.35,78.53,12.18
2026-06-07 07:30:00,12,534.21,-184.21,40.38,0.0,239.13,0.0,114.78,71.94,12.06
2026-06-07 07:35:00,12,534.21,-184.21,41.34,3.0,228.56,0.02,109.71,72.01,11.94
2026-06-07 07:40:00,12,534.21,-184.21,40.02,1.0,280.0,0.0,134.4,76.69,11.81
2026-06-07 07:45:00,12,534.21,-184.21,41.76,0.0,309.12,0.0,148.38,79.9,11.68
2026-06-07 07:50:00,12,534.21,-184.21,41.29,0.0,258.6,0.0,124.13,73.95,11.55
2026-06-07 07:55:00,12,534.21,-184.21,40.94,0.0,294.7,0.0,141.46,78.09,11.42
2026-06-07 08:00:00,12,534.21,-184.21,41.61,1.0,239.38,0.01,114.9,72.34,11.3
2026-06-07 08:05:00,12,534.21,-184.21,41.79,1.0,277.31,0.0,133.11,76.38,11.18
2026-06-07 08:10:00,12,534.21,-184.21,41.95,0.0,312.49,0.0,149.99,80.33,11.04
2026-06-07 08:15:00,12,534.21,-184.21,41.91,0.0,207.35,0.0,99.53,69.0,10.93
2026-06-07 08:20:00,12,534.21,-184.21,41.97,1.0,222.01,0.01,106.57,70.68,10.81
2026-06-07 08:25:00,12,534.21,-184.21,41.39,0.0,209.64,0.0,100.63,69.2,10.69
2026-06-07 08:30:00,12,534.21,-184.21,42.5,3.0,212.42,0.02,101.96,70.53,10.58
2026-06-07 08:35:00,12,534.21,-184.21,42.62,0.0,200.8,0.0,96.38,68.45,10.46
2026-06-07 08:40:00,12,534.21,-184.21,42.88,0.0,233.12,0.0,111.9,71.36,10.34
2026-06-07 08:45:00,12,534.21,-184.21,42.91,1.0,222.68,0.01,106.89,70.74,10.23
2026-06-07 08:50:00,12,534.21,-184.21,42.55,1.0,286.42,0.0,137.48,77.45,10.1
2026-06-07 08:55:00,12,534.21,-184.21,42.6,0.0,223.55,0.0,107.3,70.45,9.98
2026-06-07 09:00:00,12,534.21,-184.21,43.23,1.0,321.27,0.0,154.21,81.84,9.84
2026-06-07 09:05:00,12,534.21,-184.21,44.8,1.0,257.95,0.0,123.82,74.24,9.72
2026-06-07 09:10:00,12,534.21,-184.21,43.42,1.0,270.72,0.0,129.95,75.64,9.59
2026-06-07 09:15:00,12,534.21,-184.21,43.06,0.0,245.66,0.0,117.92,72.6,9.47
2026-06-07 09:20:00,12,534.21,-184.21,43.18,1.0,231.71,0.01,111.22,71.59,9.35
2026-06-07 09:25:00,12,534.21,-184.21,43.14,0.0,323.61,0.0,155.34,81.81,9.22
2026-06-07 09:30:00,12,534.21,-184.21,43.63,1.0,294.95,0.0,141.58,78.48,9.09
2026-06-07 09:35:00,12,534.21,-184.21,43.81,0.0,318.34,0.0,152.8,81.1,8.95
2026-06-07 09:40:00,12,534.21,-184.21,44.61,1.0,206.58,0.01,99.16,69.31,8.84
2026-06-07 09:45:00,12,534.21,-184.21,44.34,0.0,211.16,0.0,101.36,69.34,8.72
2026-06-07 09:50:00,12,534.21,-184.21,44.11,1.0,233.03,0.01,111.86,71.72,8.6
2026-06-07 09:55:00,12,534.21,-184.21,43.63,1.0,223.69,0.01,107.37,70.83,8.48
2026-06-07 10:00:00,12,534.21,-184.21,44.36,0.0,273.57,0.0,131.31,75.61,8.36
2026-06-07 10:05:00,12,534.21,-184.21,43.57,3.0,289.9,0.01,139.15,78.59,8.23
2026-06-07 10:10:00,12,534.21,-184.21,44.14,1.0,315.72,0.0,151.54,81.11,8.09
2026-06-07 10:15:00,12,534.21,-184.21,44.26,3.0,313.79,0.01,150.62,81.58,7.95
2026-06-07 10:20:00,12,534.21,-184.21,43.45,0.0,250.64,0.0,120.31,73.12,7.83
2026-06-07 10:25:00,12,534.21,-184.21,44.14,1.0,250.22,0.01,120.11,73.44,7.71
2026-06-07 10:30:00,12,534.21,-184.21,44.24,1.0,304.45,0.0,146.14,79.66,7.58
2026-06-07 10:35:00,12,534.21,-184.21,45.05,5.0,310.44,0.02,149.01,81.87,7.44
2026-06-07 10:40:00,12,534.21,-184.21,44.4,0.0,225.66,0.0,108.32,70.65,7.32
2026-06-07 10:45:00,12,534.21,-184.21,44.8,1.0,312.72,0.0,150.11,80.72,7.19
2026-06-07 10:50:00,12,534.21,-184.21,44.59,2.0,213.37,0.01,102.42,70.25,7.07
2026-06-07 10:55:00,12,534.21,-184.21,44.97,2.0,261.64,0.01,125.59,75.01,6.95
2026-06-07 11:00:00,12,534.21,-184.21,44.47,1.0,222.43,0.01,106.77,70.72,6.83
2026-06-07 11:05:00,12,534.21,-184.21,44.6,5.0,266.27,0.02,127.81,76.58,6.7
2026-06-07 11:10:00,12,534.21,-184.21,44.71,1.0,279.89,0.0,134.35,76.69,6.57
2026-06-07 11:15:00,12,534.21,-184.21,44.67,3.0,240.4,0.02,115.39,73.17,6.45
2026-06-07 11:20:00,12,534.21,-184.21,44.56,0.0,321.75,0.0,154.44,81.56,6.31
2026-06-07 11:25:00,12,534.21,-184.21,44.72,0.0,257.54,0.0,123.62,73.85,6.19
2026-06-07 11:30:00,12,534.21,-184.21,45.99,2.0,276.28,0.01,132.62,76.64,6.06
2026-06-07 11:35:00,12,534.21,-184.21,44.65,3.0,267.62,0.01,128.46,76.01,5.94
2026-06-07 11:40:00,12,534.21,-184.21,44.7,5.0,305.14,0.02,146.47,81.19,5.8
2026-06-07 11:45:00,12,534.21,-184.21,44.51,1.0,259.2,0.0,124.42,74.37,5.68
2026-06-07 11:50:00,12,534.21,-184.21,45.17,0.0,205.69,0.0,98.73,68.87,5.56
2026-06-07 11:55:00,12,534.21,-184.21,44.04,1.0,210.64,0.01,101.11,69.66,5.45
2026-06-07 12:00:00,12,534.21,-184.21,44.84,1.0,284.06,0.0,136.35,77.17,5.32
2026-06-07 12:05:00,12,534.21,-184.21,44.32,4.0,322.66,0.01,154.88,83.1,5.18
2026-06-07 12:10:00,12,534.21,-184.21,45.64,1.0,227.76,0.01,109.33,71.22,5.06
2026-06-07 12:15:00,12,534.21,-184.21,45.31,3.0,211.72,0.02,101.62,70.48,4.94
2026-06-07 12:20:00,12,534.21,-184.21,44.84,1.0,275.85,0.0,132.41,76.22,4.82
2026-06-07 12:25:00,12,534.21,-184.21,44.68,1.0,281.5,0.0,135.12,76.87,4.69
2026-06-07 12:30:00,12,534.21,-184.21,44.7,1.0,222.78,0.01,106.93,70.75,4.57
2026-06-07 12:35:00,12,534.21,-184.21,43.99,3.0,211.54,0.02,101.54,70.46,4.45
2026-06-07 12:40:00,12,534.21,-184.21,45.2,2.0,303.67,0.01,145.76,79.93,4.32
2026-06-07 12:45:00,12,534.21,-184.21,44.66,3.0,261.77,0.01,125.65,75.37,4.19
2026-06-07 12:50:00,12,534.21,-184.21,44.98,1.0,205.04,0.01,98.42,69.18,4.08
2026-06-07 12:55:00,12,534.21,-184.21,44.35,1.0,241.61,0.01,115.97,72.57,3.96
2026-06-07 13:00:00,12,534.21,-184.21,44.23,4.0,274.42,0.02,131.72,77.15,3.83
2026-06-07 13:05:00,12,534.21,-184.21,44.07,1.0,275.24,0.0,132.12,76.15,3.7
2026-06-07 13:10:00,12,534.21,-184.21,45.2,0.0,241.22,0.0,115.78,72.16,3.58
2026-06-07 13:15:00,12,534.21,-184.21,44.56,0.0,311.19,0.0,149.37,80.17,3.45
2026-06-07 13:20:00,12,534.21,-184.21,44.4,3.0,250.77,0.02,120.37,74.22,3.33
2026-06-07 13:25:00,12,534.21,-184.21,44.5,5.0,246.83,0.03,118.48,74.54,3.2
2026-06-07 13:30:00,12,534.21,-184.21,44.36,0.0,228.89,0.0,109.87,70.96,3.08
2026-06-07 13:35:00,12,534.21,-184.21,44.72,3.0,279.83,0.01,134.32,77.4,2.95
2026-06-07 13:40:00,12,534.21,-184.21,44.69,3.0,208.95,0.02,100.3,70.24,2.84
2026-06-07 13:45:00,12,534.21,-184.21,44.38,3.0,324.27,0.01,155.65,82.97,2.7
2026-06-07 13:50:00,12,534.21,-184.21,44.53,2.0,315.77,0.01,151.57,81.49,2.56
2026-06-07 13:55:00,12,534.21,-184.21,43.92,3.0,258.42,0.01,124.04,75.01,2.44
2026-06-07 14:00:00,12,534.21,-184.21,43.22,2.0,322.69,0.01,154.89,82.4,2.3
2026-06-07 14:05:00,12,534.21,-184.21,43.27,1.0,222.02,0.01,106.57,70.68,2.18
2026-06-07 14:10:00,12,534.21,-184.21,44.27,3.0,252.26,0.02,121.08,74.38,2.06
2026-06-07 14:15:00,12,534.21,-184.21,44.27,2.0,227.71,0.01,109.3,71.56,1.94
2026-06-07 14:20:00,12,534.21,-184.21,44.47,1.0,239.81,0.01,115.11,72.39,1.82
2026-06-07 14:25:00,12,534.21,-184.21,43.86,1.0,311.48,0.0,149.51,80.56,1.68
2026-06-07 14:30:00,12,534.21,-184.21,43.61,8.0,260.18,0.04,124.89,77.01,1.56
2026-06-07 14:35:00,12,534.21,-184.21,42.76,6.0,283.47,0.02,136.06,78.89,1.42
2026-06-07 14:40:00,12,534.21,-184.21,43.33,1.0,231.18,0.01,110.97,71.54,1.31
2026-06-07 14:45:00,12,534.21,-184.21,43.3,1.0,307.3,0.0,147.5,80.02,1.17
2026-06-07 14:50:00,12,534.21,-184.21,43.08,3.0,254.73,0.01,122.27,74.61,1.05
2026-06-07 14:55:00,12,534.21,-184.21,42.48,0.0,253.44,0.0,121.65,73.41,0.93
2026-06-07 15:00:00,12,534.21,-184.21,43.22,1.0,211.48,0.01,101.51,69.73,0.81
2026-06-07 15:05:00,12,534.21,-184.21,42.73,0.0,232.12,0.0,111.42,71.26,0.69
2026-06-07 15:10:00,12,534.21,-184.21,42.09,1.0,279.37,0.0,134.1,76.62,0.56
2026-06-07 15:15:00,12,534.21,-184.21,42.53,0.0,290.61,0.0,139.49,77.6,0.43
2026-06-07 15:20:00,12,534.21,-184.21,42.99,0.0,259.76,0.0,124.68,74.08,0.31
2026-06-07 15:25:00,12,534.21,-184.21,42.08,2.0,281.46,0.01,135.1,77.23,0.18
2026-06-07 15:30:00,12,534.21,-184.21,42.04,0.0,279.02,0.0,133.93,76.23,0.05
2026-06-07 15:35:00,12,534.21,-184.21,42.11,2.0,324.92,0.01,155.96,82.7,0.0
2026-06-07 15:40:00,12,534.21,-184.21,42.7,2.0,246.28,0.01,118.21,73.38,0.0
2026-06-07 15:45:00,12,534.21,-184.21,42.58,3.0,305.56,0.01,146.67,80.52,0.0
2026-06-07 15:50:00,12,534.21,-184.21,42.44,0.0,250.48,0.0,120.23,73.1,0.0
2026-06-07 15:55:00,12,534.21,-184.21,42.97,4.0,316.99,0.01,152.16,82.35,0.0
2026-06-07 16:00:00,12,534.21,-184.21,41.54,5.0,324.59,0.02,155.8,83.72,0.0
2026-06-07 16:05:00,12,534.21,-184.21,41.05,0.0,200.39,0.0,96.19,68.41,0.0
2026-06-07 16:10:00,12,534.21,-184.21,41.48,1.0,245.46,0.01,117.82,72.95,0.0
2026-06-07 16:15:00,12,534.21,-184.21,41.46,2.0,239.45,0.01,114.93,72.69,0.0
2026-06-07 16:20:00,12,534.21,-184.21,40.99,3.0,278.44,0.01,133.65,77.23,0.0
2026-06-07 16:25:00,12,534.21,-184.21,40.56,4.0,321.75,0.01,154.44,82.97,0.0
2026-06-07 16:30:00,12,534.21,-184.21,40.27,1.0,254.83,0.0,122.32,73.9,0.0
2026-06-07 16:35:00,12,534.21,-184.21,40.31,0.0,254.13,0.0,121.98,73.47,0.0
2026-06-07 16:40:00,12,534.21,-184.21,40.58,2.0,224.58,0.01,107.8,71.26,0.0
2026-06-07 16:45:00,12,534.21,-184.21,40.33,2.0,311.26,0.01,149.4,80.89,0.0
2026-06-07 16:50:00,12,534.21,-184.21,39.81,2.0,219.72,0.01,105.46,70.81,0.0
2026-06-07 16:55:00,12,534.21,-184.21,40.4,1.0,257.02,0.0,123.37,74.13,0.0
2026-06-07 17:00:00,12,534.21,-184.21,39.22,1.0,321.11,0.0,154.13,81.81,0.0
2026-06-07 17:05:00,12,534.21,-184.21,38.7,0.0,291.35,0.0,139.85,77.68,0.0
2026-06-07 17:10:00,12,534.21,-184.21,38.55,1.0,270.91,0.0,130.03,75.65,0.0
2026-06-07 17:15:00,12,534.21,-184.21,39.33,1.0,323.24,0.0,155.15,82.09,0.0
2026-06-07 17:20:00,12,534.21,-184.21,39.63,4.0,280.68,0.02,134.73,77.86,0.0
2026-06-07 17:25:00,12,534.21,-184.21,39.28,0.0,203.35,0.0,97.61,68.66,0.0
2026-06-07 17:30:00,12,534.21,-184.21,39.88,0.0,293.43,0.0,140.85,77.94,0.0
2026-06-07 17:35:00,12,534.21,-184.21,38.83,1.0,227.89,0.01,109.39,71.22,0.0
2026-06-07 17:40:00,12,534.21,-184.21,39.18,0.0,207.8,0.0,99.74,69.03,0.0
2026-06-07 17:45:00,12,534.21,-184.21,38.13,0.0,283.54,0.0,136.1,76.75,0.0
2026-06-07 17:50:00,12,534.21,-184.21,38.69,4.0,305.72,0.01,146.75,80.88,0.0
2026-06-07 17:55:00,12,534.21,-184.21,36.5,0.0,316.52,0.0,151.93,80.85,0.0
2026-06-07 18:00:00,12,534.21,-184.21,37.38,2.0,319.94,0.01,153.57,82.02,0.0
2026-06-07 18:05:00,12,534.21,-184.21,37.91,2.0,239.84,0.01,115.12,72.72,0.0
2026-06-07 18:10:00,12,534.21,-184.21,37.51,2.0,314.0,0.01,150.72,81.24,0.0
2026-06-07 18:15:00,12,534.21,-184.21,36.86,2.0,285.27,0.01,136.93,77.67,0.0
2026-06-07 18:20:00,12,534.21,-184.21,37.64,1.0,295.24,0.0,141.71,78.5,0.0
2026-06-07 18:25:00,12,534.21,-184.21,37.41,0.0,266.11,0.0,127.73,74.76,0.0
2026-06-07 18:30:00,12,534.21,-184.21,37.43,1.0,211.71,0.01,101.62,69.74,0.0
2026-06-07 18:35:00,12,534.21,-184.21,38.06,0.0,304.75,0.0,146.28,79.34,0.0
2026-06-07 18:40:00,12,534.21,-184.21,37.13,1.0,313.88,0.0,150.66,80.85,0.0
2026-06-07 18:45:00,12,534.21,-184.21,36.96,0.0,296.17,0.0,142.16,78.26,0.0
2026-06-07 18:50:00,12,534.21,-184.21,37.07,0.0,204.65,0.0,98.23,68.76,0.0
2026-06-07 18:55:00,12,534.21,-184.21,35.99,2.0,308.46,0.01,148.06,80.52,0.0
2026-06-07 19:00:00,12,534.21,-184.21,35.78,0.0,285.01,0.0,136.8,76.92,0.0
2026-06-07 19:05:00,12,534.21,-184.21,35.96,1.0,265.09,0.0,127.24,74.99,0.0
2026-06-07 19:10:00,12,534.21,-184.21,35.23,1.0,263.91,0.0,126.68,74.87,0.0
2026-06-07 19:15:00,12,534.21,-184.21,35.52,1.0,248.95,0.01,119.5,73.3,0.0
2026-06-07 19:20:00,12,534.21,-184.21,35.51,0.0,312.9,0.0,150.19,80.37,0.0
2026-06-07 19:25:00,12,534.21,-184.21,35.68,0.0,298.5,0.0,143.28,78.55,0.0
2026-06-07 19:30:00,12,534.21,-184.21,34.26,2.0,265.97,0.01,127.67,75.46,0.0
2026-06-07 19:35:00,12,534.21,-184.21,34.58,1.0,324.55,0.0,155.79,82.26,0.0
2026-06-07 19:40:00,12,534.21,-184.21,35.97,1.0,224.15,0.01,107.59,70.86,0.0
2026-06-07 19:45:00,12,534.21,-184.21,33.79,1.0,321.56,0.0,154.35,81.86,0.0
2026-06-07 19:50:00,12,534.21,-184.21,34.74,0.0,230.88,0.0,110.82,71.12,0.0
2026-06-07 19:55:00,12,534.21,-184.21,34.22,0.0,257.28,0.0,123.49,73.8,0.0
2026-06-07 20:00:00,12,534.21,-184.21,35.63,1.0,223.58,0.01,107.32,70.81,0.0
2026-06-07 20:05:00,12,534.21,-184.21,34.2,0.0,284.16,0.0,136.4,76.82,0.0
2026-06-07 20:10:00,12,534.21,-184.21,34.53,2.0,258.8,0.01,124.23,74.68,0.0
2026-06-07 20:15:00,12,534.21,-184.21,33.73,0.0,257.3,0.0,123.5,73.8,0.0
2026-06-07 20:20:00,12,534.21,-184.21,34.15,0.0,219.62,0.0,105.42,70.07,0.0
2026-06-07 20:25:00,12,534.21,-184.21,34.23,0.0,254.91,0.0,122.36,73.55,0.0
2026-06-07 20:30:00,12,534.21,-184.21,33.68,0.0,274.53,0.0,131.77,75.7,0.0
2026-06-07 20:35:00,12,534.21,-184.21,34.37,0.0,228.6,0.0,109.73,70.91,100.0
2026-06-07 20:40:00,12,534.21,-184.21,33.46,0.0,308.1,0.0,147.89,79.75,99.87
2026-06-07 20:45:00,12,534.21,-184.21,32.75,1.0,289.13,0.0,138.78,77.75,99.74
2026-06-07 20:50:00,12,534.21,-184.21,33.68,0.0,219.17,0.0,105.2,70.03,99.62
2026-06-07 20:55:00,12,534.21,-184.21,32.98,0.0,210.4,0.0,100.99,69.25,99.51
2026-06-07 21:00:00,12,534.21,-184.21,32.0,1.0,218.38,0.01,104.82,70.33,99.39
2026-06-07 21:05:00,12,534.21,-184.21,32.68,0.0,291.61,0.0,139.97,77.7,99.26
2026-06-07 21:10:00,12,534.21,-184.21,32.11,0.0,261.43,0.0,125.49,74.24,99.13
2026-06-07 21:15:00,12,534.21,-184.21,33.25,0.0,214.26,0.0,102.85,69.59,99.02
2026-06-07 21:20:00,12,534.21,-184.21,33.04,2.0,270.38,0.01,129.78,75.95,98.89
2026-06-07 21:25:00,12,534.21,-184.21,32.54,0.0,251.84,0.0,120.88,73.22,98.77
2026-06-07 21:30:00,12,534.21,-184.21,32.71,1.0,293.35,0.0,140.81,78.26,98.64
2026-06-07 21:35:00,12,534.21,-184.21,33.23,1.0,309.67,0.0,148.64,80.3,98.51
2026-06-07 21:40:00,12,534.21,-184.21,31.5,0.0,218.49,0.0,104.87,69.96,98.39
2026-06-07 21:45:00,12,534.21,-184.21,33.16,0.0,244.64,0.0,117.43,72.48,98.27
2026-06-07 21:50:00,12,534.21,-184.21,32.91,1.0,308.69,0.0,148.17,80.18,98.14
2026-06-07 21:55:00,12,534.21,-184.21,31.48,0.0,271.03,0.0,130.1,75.3,98.01
2026-06-07 22:00:00,12,534.21,-184.21,32.04,0.0,229.09,0.0,109.96,70.95,97.89
2026-06-07 22:05:00,12,534.21,-184.21,31.61,1.0,288.49,0.0,138.48,77.68,97.76
2026-06-07 22:10:00,12,534.21,-184.21,31.84,1.0,279.36,0.0,134.09,76.6,97.63
2026-06-07 22:15:00,12,534.21,-184.21,31.98,1.0,287.9,0.0,138.19,77.6,97.5
2026-06-07 22:20:00,12,534.21,-184.21,31.89,0.0,232.41,0.0,111.56,71.27,97.39
2026-06-07 22:25:00,12,534.21,-184.21,31.49,1.0,265.47,0.0,127.43,75.03,97.26
2026-06-07 22:30:00,12,534.21,-184.21,31.18,0.0,273.17,0.0,131.12,75.54,97.14
2026-06-07 22:35:00,12,534.21,-184.21,30.18,0.0,208.42,0.0,100.04,69.07,97.02
2026-06-07 22:40:00,12,534.21,-184.21,31.54,1.0,219.25,0.01,105.24,70.4,96.9
2026-06-07 22:45:00,12,534.21,-184.21,31.99,2.0,213.43,0.01,102.44,70.23,96.79
2026-06-07 22:50:00,12,534.21,-184.21,31.19,2.0,303.82,0.01,145.84,79.93,96.65
2026-06-07 22:55:00,12,534.21,-184.21,30.78,2.0,277.3,0.01,133.1,76.73,96.52
2026-06-07 23:00:00,12,534.21,-184.21,31.19,0.0,204.94,0.0,98.37,68.77,96.41
2026-06-07 23:05:00,12,534.21,-184.21,30.2,1.0,250.87,0.01,120.42,73.48,96.29
2026-06-07 23:10:00,12,534.21,-184.21,30.95,0.0,263.35,0.0,126.41,74.45,96.16
2026-06-07 23:15:00,12,534.21,-184.21,32.05,3.0,270.03,0.01,129.62,76.26,96.04
2026-06-07 23:20:00,12,534.21,-184.21,30.78,2.0,247.51,0.01,118.8,73.49,95.91
2026-06-07 23:25:00,12,534.21,-184.21,30.97,4.0,300.15,0.01,144.07,80.17,95.78
2026-06-07 23:30:00,12,534.21,-184.21,31.87,2.0,211.16,0.01,101.36,70.03,95.66
2026-06-07 23:35:00,12,534.21,-184.21,30.85,2.0,275.77,0.01,132.37,76.55,95.54
2026-06-07 23:40:00,12,534.21,-184.21,30.78,1.0,236.05,0.01,113.3,71.99,95.42
2026-06-07 23:45:00,12,534.21,-184.21,31.23,1.0,312.88,0.0,150.18,80.71,95.28
2026-06-07 23:50:00,12,534.21,-184.21,30.97,0.0,269.7,0.0,129.45,75.15,95.16
2026-06-07 23:55:00,12,534.21,-184.21,30.48,5.0,237.1,0.03,113.81,73.53,95.03
2026-06-08 00:00:00,12,534.21,-184.21,31.46,0.0,284.05,0.0,136.34,76.8,94.91
2026-06-08 00:05:00,12,534.21,-184.21,31.82,2.0,239.73,0.01,115.07,72.7,94.78
2026-06-08 00:10:00,12,534.21,-184.21,30.77,1.0,200.15,0.01,96.07,68.74,94.67
2026-06-08 00:15:00,12,534.21,-184.21,31.25,1.0,252.95,0.0,121.42,73.68,94.55
2026-06-08 00:20:00,12,534.21,-184.21,30.95,2.0,302.91,0.01,145.4,79.81,94.41
2026-06-08 00:25:00,12,534.21,-184.21,31.43,2.0,310.38,0.01,148.98,80.76,94.28
2026-06-08 00:30:00,12,534.21,-184.21,30.76,3.0,295.12,0.01,141.66,79.2,94.15
2026-06-08 00:35:00,12,534.21,-184.21,30.82,4.0,294.47,0.01,141.34,79.46,94.01
2026-06-08 00:40:00,12,534.21,-184.21,31.02,1.0,294.38,0.0,141.3,78.38,93.88
2026-06-08 00:45:00,12,534.21,-184.21,30.74,0.0,250.25,0.0,120.12,73.05,93.76
2026-06-08 00:50:00,12,534.21,-184.21,30.83,3.0,253.93,0.01,121.89,74.51,93.64
2026-06-08 00:55:00,12,534.21,-184.21,32.06,3.0,248.54,0.02,119.3,73.97,93.52
2026-06-08 01:00:00,12,534.21,-184.21,31.08,2.0,233.75,0.01,112.2,72.12,93.39
2026-06-08 01:05:00,12,534.21,-184.21,30.79,2.0,292.03,0.01,140.18,78.47,93.26
2026-06-08 01:10:00,12,534.21,-184.21,30.91,3.0,284.62,0.01,136.62,77.93,93.13
2026-06-08 01:15:00,12,534.21,-184.21,32.2,3.0,239.45,0.02,114.94,73.05,93.01
2026-06-08 01:20:00,12,534.21,-184.21,31.11,1.0,217.75,0.01,104.52,70.27,92.9
2026-06-08 01:25:00,12,534.21,-184.21,31.04,4.0,311.93,0.01,149.73,81.66,92.76
2026-06-08 01:30:00,12,534.21,-184.21,31.99,1.0,249.85,0.01,119.93,73.38,92.64
2026-06-08 01:35:00,12,534.21,-184.21,31.7,3.0,248.74,0.02,119.4,73.99,92.51
2026-06-08 01:40:00,12,534.21,-184.21,31.49,5.0,300.65,0.02,144.31,80.6,92.38
2026-06-08 01:45:00,12,534.21,-184.21,31.17,3.0,315.7,0.01,151.53,81.8,92.24
2026-06-08 01:50:00,12,534.21,-184.21,31.31,1.0,262.61,0.0,126.05,74.72,92.12
2026-06-08 01:55:00,12,534.21,-184.21,31.57,1.0,316.03,0.0,151.7,81.13,91.98
2026-06-08 02:00:00,12,534.21,-184.21,31.92,6.0,277.99,0.02,133.43,78.23,91.85
2026-06-08 02:05:00,12,534.21,-184.21,32.25,6.0,252.34,0.03,121.12,75.43,91.73
2026-06-08 02:10:00,12,534.21,-184.21,32.2,1.0,207.28,0.01,99.49,69.35,91.61
2026-06-08 02:15:00,12,534.21,-184.21,32.25,5.0,310.38,0.02,148.98,81.83,91.48
2026-06-08 02:20:00,12,534.21,-184.21,32.04,2.0,273.68,0.01,131.37,76.32,91.35
2026-06-08 02:25:00,12,534.21,-184.21,32.62,3.0,254.27,0.01,122.05,74.54,91.22
2026-06-08 02:30:00,12,534.21,-184.21,32.52,1.0,239.13,0.01,114.78,72.29,91.1
2026-06-08 02:35:00,12,534.21,-184.21,32.14,3.0,260.46,0.01,125.02,75.2,90.98
2026-06-08 02:40:00,12,534.21,-184.21,33.32,5.0,263.79,0.02,126.62,76.29,90.85
2026-06-08 02:45:00,12,534.21,-184.21,33.9,0.0,209.26,0.0,100.44,69.15,90.74
2026-06-08 02:50:00,12,534.21,-184.21,32.77,3.0,298.77,0.01,143.41,79.65,90.6
2026-06-08 02:55:00,12,534.21,-184.21,31.96,1.0,299.6,0.0,143.81,79.03,90.47
2026-06-08 03:00:00,12,534.21,-184.21,32.57,1.0,268.69,0.0,128.97,75.39,90.35
2026-06-08 03:05:00,12,534.21,-184.21,33.19,3.0,311.14,0.01,149.35,81.21,90.21
2026-06-08 03:10:00,12,534.21,-184.21,33.64,4.0,261.28,0.02,125.42,75.67,90.08
2026-06-08 03:15:00,12,534.21,-184.21,32.92,1.0,309.71,0.0,148.66,80.31,89.95
2026-06-08 03:20:00,12,534.21,-184.21,33.11,4.0,311.05,0.01,149.3,81.55,89.81
2026-06-08 03:25:00,12,534.21,-184.21,33.95,3.0,273.29,0.01,131.18,76.63,89.69
2026-06-08 03:30:00,12,534.21,-184.21,33.3,3.0,237.73,0.02,114.11,72.88,89.56
2026-06-08 03:35:00,12,534.21,-184.21,34.06,3.0,264.23,0.01,126.83,75.62,89.44
2026-06-08 03:40:00,12,534.21,-184.21,34.75,1.0,248.31,0.01,119.19,73.23,89.32
2026-06-08 03:45:00,12,534.21,-184.21,33.83,1.0,316.07,0.0,151.72,81.14,89.18
2026-06-08 03:50:00,12,534.21,-184.21,34.52,1.0,255.49,0.0,122.63,73.96,89.06
2026-06-08 03:55:00,12,534.21,-184.21,34.34,0.0,205.51,0.0,98.64,68.83,88.94
2026-06-08 04:00:00,12,534.21,-184.21,34.13,1.0,269.36,0.0,129.29,75.46,88.82
2026-06-08 04:05:00,12,534.21,-184.21,34.17,0.0,239.92,0.0,115.16,72.01,88.7
2026-06-08 04:10:00,12,534.21,-184.21,33.86,2.0,217.08,0.01,104.2,70.56,88.58
2026-06-08 04:15:00,12,534.21,-184.21,35.12,1.0,295.27,0.0,141.73,78.5,88.45
2026-06-08 04:20:00,12,534.21,-184.21,34.43,4.0,309.77,0.01,148.69,81.39,88.31
2026-06-08 04:25:00,12,534.21,-184.21,36.37,0.0,254.94,0.0,122.37,73.55,88.19
2026-06-08 04:30:00,12,534.21,-184.21,35.91,4.0,296.06,0.01,142.11,79.67,88.06
2026-06-08 04:35:00,12,534.21,-184.21,35.28,1.0,274.73,0.0,131.87,76.07,87.93
2026-06-08 04:40:00,12,534.21,-184.21,35.38,0.0,283.1,0.0,135.89,76.69,87.8
2026-06-08 04:45:00,12,534.21,-184.21,35.6,5.0,322.83,0.02,154.96,83.47,87.66
2026-06-08 04:50:00,12,534.21,-184.21,35.3,1.0,218.41,0.01,104.84,70.33,87.55
2026-06-08 04:55:00,12,534.21,-184.21,36.22,0.0,202.58,0.0,97.24,68.58,87.43
2026-06-08 05:00:00,12,534.21,-184.21,36.46,3.0,262.97,0.01,126.23,75.49,87.31
2026-06-08 05:05:00,12,534.21,-184.21,36.02,1.0,229.96,0.01,110.38,71.41,87.19
2026-06-08 05:10:00,12,534.21,-184.21,36.14,1.0,231.67,0.01,111.2,71.57,87.07
2026-06-08 05:15:00,12,534.21,-184.21,36.46,1.0,278.06,0.0,133.47,76.46,86.94
2026-06-08 05:20:00,12,534.21,-184.21,36.83,0.0,289.8,0.0,139.1,77.49,86.81
2026-06-08 05:25:00,12,534.21,-184.21,37.18,2.0,290.93,0.01,139.65,78.35,86.68
2026-06-08 05:30:00,12,534.21,-184.21,36.21,2.0,233.9,0.01,112.27,72.14,86.56
2026-06-08 05:35:00,12,534.21,-184.21,36.82,2.0,222.72,0.01,106.9,71.08,86.44
2026-06-08 05:40:00,12,534.21,-184.21,37.65,0.0,224.18,0.0,107.6,70.5,86.33
2026-06-08 05:45:00,12,534.21,-184.21,37.49,1.0,314.04,0.0,150.74,80.88,86.19
2026-06-08 05:50:00,12,534.21,-184.21,38.05,0.0,259.82,0.0,124.71,74.07,86.07
2026-06-08 05:55:00,12,534.21,-184.21,37.66,1.0,280.11,0.0,134.45,76.7,85.94
2026-06-08 06:00:00,12,534.21,-184.21,38.32,2.0,269.92,0.01,129.56,75.91,85.81
2026-06-08 06:05:00,12,534.21,-184.21,37.62,1.0,210.07,0.01,100.83,69.6,85.7
2026-06-08 06:10:00,12,534.21,-184.21,38.8,0.0,305.88,0.0,146.82,79.48,85.56
2026-06-08 06:15:00,12,534.21,-184.21,39.02,0.0,251.38,0.0,120.66,73.18,85.44
2026-06-08 06:20:00,12,534.21,-184.21,38.66,0.0,302.41,0.0,145.16,79.04,85.31
2026-06-08 06:25:00,12,534.21,-184.21,38.33,1.0,301.73,0.0,144.83,79.31,85.18
2026-06-08 06:30:00,12,534.21,-184.21,39.4,1.0,312.36,0.0,149.93,80.66,85.04
2026-06-08 06:35:00,12,534.21,-184.21,39.17,1.0,212.2,0.01,101.86,69.79,84.93
2026-06-08 06:40:00,12,534.21,-184.21,38.62,1.0,246.18,0.01,118.17,73.02,84.81
2026-06-08 06:45:00,12,534.21,-184.21,39.31,1.0,259.25,0.0,124.44,74.37,84.68
2026-06-08 06:50:00,12,534.21,-184.21,39.0,2.0,303.9,0.01,145.87,79.95,84.55
2026-06-08 06:55:00,12,534.21,-184.21,39.89,0.0,280.99,0.0,134.88,76.45,84.42
2026-06-08 07:00:00,12,534.21,-184.21,39.21,1.0,305.04,0.0,146.42,79.72,84.29
2026-06-08 07:05:00,12,534.21,-184.21,40.94,0.0,306.5,0.0,147.12,79.56,84.16
2026-06-08 07:10:00,12,534.21,-184.21,40.46,0.0,307.71,0.0,147.7,79.72,84.02
2026-06-08 07:15:00,12,534.21,-184.21,40.06,2.0,228.26,0.01,109.57,71.61,83.9
2026-06-08 07:20:00,12,534.21,-184.21,39.66,0.0,218.68,0.0,104.97,70.0,83.79
2026-06-08 07:25:00,12,534.21,-184.21,40.39,1.0,323.64,0.0,155.35,82.15,83.65
2026-06-08 07:30:00,12,534.21,-184.21,41.84,1.0,296.25,0.0,142.2,78.63,83.52
2026-06-08 07:35:00,12,534.21,-184.21,41.27,0.0,230.75,0.0,110.76,71.13,83.4
2026-06-08 07:40:00,12,534.21,-184.21,40.26,0.0,320.8,0.0,153.99,81.42,83.27
2026-06-08 07:45:00,12,534.21,-184.21,41.51,0.0,313.15,0.0,150.31,80.42,83.13
2026-06-08 07:50:00,12,534.21,-184.21,41.18,0.0,272.69,0.0,130.89,75.5,83.01
2026-06-08 07:55:00,12,534.21,-184.21,41.09,0.0,250.1,0.0,120.05,73.05,82.88
2026-06-08 08:00:00,12,534.21,-184.21,41.89,0.0,256.92,0.0,123.32,73.77,82.76
2026-06-08 08:05:00,12,534.21,-184.21,41.74,1.0,299.58,0.0,143.8,79.05,82.63
2026-06-08 08:10:00,12,534.21,-184.21,42.47,0.0,226.02,0.0,108.49,70.68,82.51
2026-06-08 08:15:00,12,534.21,-184.21,41.85,1.0,315.67,0.0,151.52,81.1,82.38
2026-06-08 08:20:00,12,534.21,-184.21,41.08,0.0,272.06,0.0,130.59,75.43,82.25
2026-06-08 08:25:00,12,534.21,-184.21,41.9,0.0,243.67,0.0,116.96,72.4,82.13
2026-06-08 08:30:00,12,534.21,-184.21,41.79,1.0,297.37,0.0,142.74,78.77,82.0
2026-06-08 08:35:00,12,534.21,-184.21,42.04,0.0,226.47,0.0,108.71,70.72,81.88
2026-06-08 08:40:00,12,534.21,-184.21,42.54,0.0,206.1,0.0,98.93,68.9,81.77
2026-06-08 08:45:00,12,534.21,-184.21,42.89,0.0,206.69,0.0,99.21,68.95,81.65
2026-06-08 08:50:00,12,534.21,-184.21,43.04,1.0,242.21,0.01,116.26,72.62,81.53
2026-06-08 08:55:00,12,534.21,-184.21,42.75,0.0,305.09,0.0,146.44,79.39,81.4
2026-06-08 09:00:00,12,534.21,-184.21,44.04,0.0,220.23,0.0,105.71,70.15,81.28
2026-06-08 09:05:00,12,534.21,-184.21,42.86,0.0,250.97,0.0,120.46,73.15,81.16
2026-06-08 09:10:00,12,534.21,-184.21,43.47,1.0,234.74,0.01,112.68,71.89,81.04
2026-06-08 09:15:00,12,534.21,-184.21,43.62,1.0,237.08,0.01,113.8,72.11,80.92
2026-06-08 09:20:00,12,534.21,-184.21,42.58,0.0,214.81,0.0,103.11,69.66,80.8
2026-06-08 09:25:00,12,534.21,-184.21,44.09,1.0,284.89,0.0,136.75,77.27,80.67
2026-06-08 09:30:00,12,534.21,-184.21,43.48,1.0,255.42,0.0,122.6,73.97,80.55
2026-06-08 09:35:00,12,534.21,-184.21,43.68,0.0,226.97,0.0,108.94,70.77,80.43
2026-06-08 09:40:00,12,534.21,-184.21,44.36,3.0,245.88,0.02,118.02,73.72,80.31
2026-06-08 09:45:00,12,534.21,-184.21,44.21,0.0,295.38,0.0,141.78,78.18,80.18
2026-06-08 09:50:00,12,534.21,-184.21,43.12,0.0,263.06,0.0,126.27,74.44,80.06
2026-06-08 09:55:00,12,534.21,-184.21,43.76,3.0,265.94,0.01,127.65,75.82,79.93
2026-06-08 10:00:00,12,534.21,-184.21,43.64,2.0,265.96,0.01,127.66,75.48,79.8
2026-06-08 10:05:00,12,534.21,-184.21,44.22,2.0,312.89,0.01,150.19,81.11,79.67
2026-06-08 10:10:00,12,534.21,-184.21,44.48,0.0,225.93,0.0,108.45,70.68,79.55
2026-06-08 10:15:00,12,534.21,-184.21,43.72,1.0,224.78,0.01,107.89,70.94,79.43
2026-06-08 10:20:00,12,534.21,-184.21,44.12,1.0,253.22,0.0,121.55,73.74,79.31
2026-06-08 10:25:00,12,534.21,-184.21,45.33,1.0,289.37,0.0,138.9,77.81,79.18
2026-06-08 10:30:00,12,534.21,-184.21,44.53,1.0,241.33,0.01,115.84,72.54,79.06
2026-06-08 10:35:00,12,534.21,-184.21,44.61,2.0,287.75,0.01,138.12,77.98,78.93
2026-06-08 10:40:00,12,534.21,-184.21,45.54,2.0,267.73,0.01,128.51,75.68,78.8
2026-06-08 10:45:00,12,534.21,-184.21,46.17,4.0,286.95,0.02,137.74,78.61,78.67
2026-06-08 10:50:00,12,534.21,-184.21,44.62,2.0,254.46,0.01,122.14,74.24,78.55
2026-06-08 10:55:00,12,534.21,-184.21,45.18,5.0,225.16,0.03,108.08,72.42,78.43
2026-06-08 11:00:00,12,534.21,-184.21,44.26,0.0,249.1,0.0,119.57,72.96,78.31
2026-06-08 11:05:00,12,534.21,-184.21,44.79,3.0,306.09,0.01,146.93,80.59,78.17
2026-06-08 11:10:00,12,534.21,-184.21,44.89,4.0,302.32,0.01,145.11,80.46,78.04
2026-06-08 11:15:00,12,534.21,-184.21,44.72,2.0,319.09,0.01,153.16,81.92,77.9
2026-06-08 11:20:00,12,534.21,-184.21,44.66,0.0,211.85,0.0,101.69,69.4,77.78
2026-06-08 11:25:00,12,534.21,-184.21,45.31,1.0,321.14,0.0,154.15,81.83,77.65
2026-06-08 11:30:00,12,534.21,-184.21,45.23,6.0,319.6,0.02,153.41,83.41,77.51
2026-06-08 11:35:00,12,534.21,-184.21,45.04,2.0,220.85,0.01,106.01,70.93,77.39
2026-06-08 11:40:00,12,534.21,-184.21,44.4,5.0,278.68,0.02,133.76,77.98,77.26
2026-06-08 11:45:00,12,534.21,-184.21,45.43,1.0,267.57,0.0,128.43,75.29,77.14
2026-06-08 11:50:00,12,534.21,-184.21,45.39,2.0,234.98,0.01,112.79,72.26,77.01
2026-06-08 11:55:00,12,534.21,-184.21,45.83,2.0,289.01,0.01,138.72,78.13,76.88
2026-06-08 12:00:00,12,534.21,-184.21,44.69,0.0,204.79,0.0,98.3,68.79,76.77
2026-06-08 12:05:00,12,534.21,-184.21,45.67,3.0,227.97,0.02,109.43,71.96,76.65
2026-06-08 12:10:00,12,534.21,-184.21,44.63,2.0,284.57,0.01,136.59,77.6,76.52
2026-06-08 12:15:00,12,534.21,-184.21,44.91,2.0,284.44,0.01,136.53,77.59,76.39
2026-06-08 12:20:00,12,534.21,-184.21,45.43,4.0,321.78,0.01,154.46,82.99,76.25
2026-06-08 12:25:00,12,534.21,-184.21,45.39,2.0,251.59,0.01,120.77,73.94,76.13
2026-06-08 12:30:00,12,534.21,-184.21,45.28,3.0,306.04,0.01,146.9,80.58,76.0
2026-06-08 12:35:00,12,534.21,-184.21,44.69,1.0,209.33,0.01,100.48,69.55,75.88
2026-06-08 12:40:00,12,534.21,-184.21,44.25,3.0,314.25,0.01,150.84,81.64,75.74
2026-06-08 12:45:00,12,534.21,-184.21,45.37,2.0,284.85,0.01,136.73,77.64,75.61
2026-06-08 12:50:00,12,534.21,-184.21,45.03,3.0,221.99,0.02,106.56,71.4,75.5
2026-06-08 12:55:00,12,534.21,-184.21,44.43,1.0,249.19,0.01,119.61,73.34,75.37
2026-06-08 13:00:00,12,534.21,-184.21,44.11,4.0,269.83,0.02,129.52,76.63,75.25
2026-06-08 13:05:00,12,534.21,-184.21,44.68,2.0,288.66,0.01,138.56,78.09,75.12
2026-06-08 13:10:00,12,534.21,-184.21,45.26,3.0,279.16,0.01,134.0,77.32,74.99
2026-06-08 13:15:00,12,534.21,-184.21,44.78,1.0,224.75,0.01,107.88,70.94,74.87
2026-06-08 13:20:00,12,534.21,-184.21,45.11,6.0,295.68,0.02,141.93,80.36,74.73
2026-06-08 13:25:00,12,534.21,-184.21,44.31,1.0,295.1,0.0,141.65,78.5,74.6
2026-06-08 13:30:00,12,534.21,-184.21,44.19,4.0,270.78,0.02,129.97,76.73,74.48
2026-06-08 13:35:00,12,534.21,-184.21,44.14,4.0,227.43,0.02,109.17,72.26,74.35
2026-06-08 13:40:00,12,534.21,-184.21,44.65,3.0,244.26,0.02,117.24,73.55,74.23
2026-06-08 13:45:00,12,534.21,-184.21,44.65,2.0,290.33,0.01,139.36,78.29,74.1
2026-06-08 13:50:00,12,534.21,-184.21,44.49,2.0,280.45,0.01,134.62,77.12,73.97
2026-06-08 13:55:00,12,534.21,-184.21,44.88,1.0,258.19,0.0,123.93,74.26,73.85
2026-06-08 14:00:00,12,534.21,-184.21,43.42,2.0,231.84,0.01,111.28,71.95,73.73
2026-06-08 14:05:00,12,534.21,-184.21,43.89,1.0,276.84,0.0,132.88,76.33,73.6
2026-06-08 14:10:00,12,534.21,-184.21,44.19,1.0,260.3,0.0,124.94,74.49,73.48
2026-06-08 14:15:00,12,534.21,-184.21,42.96,4.0,318.35,0.01,152.81,82.52,73.34
2026-06-08 14:20:00,12,534.21,-184.21,44.37,1.0,268.26,0.0,128.77,75.36,73.22
2026-06-08 14:25:00,12,534.21,-184.21,44.17,1.0,293.4,0.0,140.83,78.29,73.08
2026-06-08 14:30:00,12,534.21,-184.21,43.36,4.0,303.64,0.01,145.75,80.63,72.95
2026-06-08 14:35:00,12,534.21,-184.21,43.24,5.0,315.34,0.02,151.36,82.5,72.81
2026-06-08 14:40:00,12,534.21,-184.21,44.44,3.0,262.72,0.01,126.1,75.47,72.69
2026-06-08 14:45:00,12,534.21,-184.21,43.43,0.0,242.24,0.0,116.28,72.26,72.57
2026-06-08 14:50:00,12,534.21,-184.21,42.54,4.0,232.98,0.02,111.83,72.78,72.45
2026-06-08 14:55:00,12,534.21,-184.21,43.63,0.0,224.79,0.0,107.9,70.57,72.33
2026-06-08 15:00:00,12,534.21,-184.21,42.74,1.0,320.17,0.0,153.68,81.69,72.19
2026-06-08 15:05:00,12,534.21,-184.21,43.25,1.0,214.28,0.01,102.85,69.98,72.07
2026-06-08 15:10:00,12,534.21,-184.21,42.7,0.0,234.3,0.0,112.46,71.47,71.96
2026-06-08 15:15:00,12,534.21,-184.21,42.87,1.0,304.79,0.0,146.3,79.7,71.82
2026-06-08 15:20:00,12,534.21,-184.21,42.72,2.0,249.64,0.01,119.83,73.73,71.7
2026-06-08 15:25:00,12,534.21,-184.21,42.38,1.0,315.92,0.0,151.64,81.13,71.56
2026-06-08 15:30:00,12,534.21,-184.21,42.8,3.0,221.19,0.02,106.17,71.32,71.45
2026-06-08 15:35:00,12,534.21,-184.21,41.25,2.0,293.32,0.01,140.79,78.64,71.31
2026-06-08 15:40:00,12,534.21,-184.21,42.53,3.0,221.38,0.02,106.26,71.34,71.2
2026-06-08 15:45:00,12,534.21,-184.21,41.45,2.0,208.12,0.01,99.9,69.79,71.08
2026-06-08 15:50:00,12,534.21,-184.21,42.17,1.0,204.53,0.01,98.18,69.13,70.96
2026-06-08 15:55:00,12,534.21,-184.21,41.39,4.0,241.74,0.02,116.04,73.64,70.84
2026-06-08 16:00:00,12,534.21,-184.21,41.18,0.0,204.54,0.0,98.18,68.76,70.73
2026-06-08 16:05:00,12,534.21,-184.21,41.04,2.0,294.58,0.01,141.4,78.8,70.6
2026-06-08 16:10:00,12,534.21,-184.21,42.06,0.0,224.54,0.0,107.78,70.54,70.48
2026-06-08 16:15:00,12,534.21,-184.21,39.85,1.0,320.17,0.0,153.68,81.69,70.34
2026-06-08 16:20:00,12,534.21,-184.21,40.97,1.0,266.22,0.0,127.79,75.13,70.22
2026-06-08 16:25:00,12,534.21,-184.21,40.68,0.0,280.58,0.0,134.68,76.41,70.09
2026-06-08 16:30:00,12,534.21,-184.21,41.11,0.0,225.6,0.0,108.29,70.64,69.97
2026-06-08 16:35:00,12,534.21,-184.21,41.06,1.0,318.96,0.0,153.1,81.53,69.84
2026-06-08 16:40:00,12,534.21,-184.21,40.36,0.0,235.67,0.0,113.12,71.6,69.72
2026-06-08 16:45:00,12,534.21,-184.21,40.43,1.0,206.14,0.01,98.95,69.26,69.6
2026-06-08 16:50:00,12,534.21,-184.21,39.81,4.0,242.12,0.02,116.22,73.68,69.48
2026-06-08 16:55:00,12,534.21,-184.21,41.01,1.0,207.06,0.01,99.39,69.34,69.36
2026-06-08 17:00:00,12,534.21,-184.21,40.39,1.0,269.07,0.0,129.16,75.45,69.24
2026-06-08 17:05:00,12,534.21,-184.21,39.73,3.0,315.69,0.01,151.53,81.82,69.1
2026-06-08 17:10:00,12,534.21,-184.21,39.65,1.0,276.35,0.0,132.65,76.27,68.97
2026-06-08 17:15:00,12,534.21,-184.21,39.32,2.0,313.14,0.01,150.31,81.13,68.84
2026-06-08 17:20:00,12,534.21,-184.21,38.83,0.0,273.87,0.0,131.46,75.63,68.71
2026-06-08 17:25:00,12,534.21,-184.21,39.05,1.0,254.04,0.0,121.94,73.81,68.59
2026-06-08 17:30:00,12,534.21,-184.21,38.93,1.0,286.69,0.0,137.61,77.47,68.46
2026-06-08 17:35:00,12,534.21,-184.21,39.32,0.0,215.54,0.0,103.46,69.71,68.34
2026-06-08 17:40:00,12,534.21,-184.21,38.32,2.0,270.99,0.01,130.08,76.03,68.22
2026-06-08 17:45:00,12,534.21,-184.21,38.02,1.0,203.0,0.01,97.44,68.99,68.1
2026-06-08 17:50:00,12,534.21,-184.21,37.88,5.0,225.86,0.03,108.41,72.46,67.98
2026-06-08 17:55:00,12,534.21,-184.21,38.55,1.0,209.55,0.01,100.58,69.55,67.87
2026-06-08 18:00:00,12,534.21,-184.21,39.11,2.0,248.65,0.01,119.35,73.62,67.74
2026-06-08 18:05:00,12,534.21,-184.21,37.79,1.0,243.58,0.01,116.92,72.75,67.62
2026-06-08 18:10:00,12,534.21,-184.21,37.32,1.0,221.8,0.01,106.46,70.65,67.5
2026-06-08 18:15:00,12,534.21,-184.21,36.37,1.0,271.65,0.0,130.39,75.73,67.38
2026-06-08 18:20:00,12,534.21,-184.21,36.95,1.0,320.52,0.0,153.85,81.73,67.24
2026-06-08 18:25:00,12,534.21,-184.21,37.11,1.0,290.91,0.0,139.64,77.98,67.11
2026-06-08 18:30:00,12,534.21,-184.21,36.6,1.0,219.79,0.01,105.5,70.46,66.99
2026-06-08 18:35:00,12,534.21,-184.21,37.05,0.0,250.8,0.0,120.38,73.12,66.87
2026-06-08 18:40:00,12,534.21,-184.21,36.95,0.0,307.75,0.0,147.72,79.71,66.74
2026-06-08 18:45:00,12,534.21,-184.21,36.41,1.0,245.29,0.01,117.74,72.92,66.62
2026-06-08 18:50:00,12,534.21,-184.21,35.46,0.0,294.8,0.0,141.5,78.09,66.49
2026-06-08 18:55:00,12,534.21,-184.21,35.54,3.0,244.3,0.02,117.26,73.54,66.37
2026-06-08 19:00:00,12,534.21,-184.21,36.12,1.0,219.03,0.01,105.13,70.39,66.25
2026-06-08 19:05:00,12,534.21,-184.21,36.35,0.0,303.01,0.0,145.44,79.11,66.12
2026-06-08 19:10:00,12,534.21,-184.21,35.2,1.0,266.17,0.0,127.76,75.11,65.99
2026-06-08 19:15:00,12,534.21,-184.21,35.46,1.0,304.68,0.0,146.25,79.67,65.86
2026-06-08 19:20:00,12,534.21,-184.21,36.25,0.0,318.64,0.0,152.95,81.13,65.72
2026-06-08 19:25:00,12,534.21,-184.21,35.21,1.0,264.51,0.0,126.97,74.93,65.6
2026-06-08 19:30:00,12,534.21,-184.21,35.01,1.0,246.08,0.01,118.12,73.0,65.48
2026-06-08 19:35:00,12,534.21,-184.21,35.65,2.0,323.93,0.01,155.49,82.55,65.34
2026-06-08 19:40:00,12,534.21,-184.21,35.4,0.0,206.27,0.0,99.01,68.9,65.22
2026-06-08 19:45:00,12,534.21,-184.21,34.65,0.0,236.18,0.0,113.36,71.64,65.1
2026-06-08 19:50:00,12,534.21,-184.21,34.16,0.0,236.84,0.0,113.68,71.7,64.98
2026-06-08 19:55:00,12,534.21,-184.21,35.72,0.0,282.85,0.0,135.77,76.66,64.86
2026-06-08 20:00:00,12,534.21,-184.21,34.07,0.0,315.34,0.0,151.36,80.69,64.72
2026-06-08 20:05:00,12,534.21,-184.21,34.71,1.0,279.65,0.0,134.23,76.64,64.59
2026-06-08 20:10:00,12,534.21,-184.21,33.59,0.0,257.27,0.0,123.49,73.79,64.47
2026-06-08 20:15:00,12,534.21,-184.21,34.08,1.0,217.96,0.01,104.62,70.29,64.35
2026-06-08 20:20:00,12,534.21,-184.21,33.98,0.0,303.15,0.0,145.51,79.13,64.22
2026-06-08 20:25:00,12,534.21,-184.21,35.12,1.0,275.09,0.0,132.04,76.11,64.1
2026-06-08 20:30:00,12,534.21,-184.21,33.84,1.0,214.47,0.01,102.94,69.98,63.98
2026-06-08 20:35:00,12,534.21,-184.21,34.0,1.0,210.11,0.01,100.85,69.59,63.86
2026-06-08 20:40:00,12,534.21,-184.21,34.07,1.0,216.99,0.01,104.16,70.2,63.75
2026-06-08 20:45:00,12,534.21,-184.21,33.48,0.0,270.69,0.0,129.93,75.26,63.62
2026-06-08 20:50:00,12,534.21,-184.21,33.02,0.0,290.23,0.0,139.31,77.54,63.49
2026-06-08 20:55:00,12,534.21,-184.21,33.54,0.0,251.36,0.0,120.65,73.17,63.37
2026-06-08 21:00:00,12,534.21,-184.21,33.34,0.0,313.69,0.0,150.57,80.47,63.24
2026-06-08 21:05:00,12,534.21,-184.21,32.81,0.0,315.24,0.0,151.31,80.67,63.1
2026-06-08 21:10:00,12,534.21,-184.21,32.98,0.0,235.08,0.0,112.84,71.53,62.98
2026-06-08 21:15:00,12,534.21,-184.21,33.11,1.0,287.11,0.0,137.81,77.51,62.85
2026-06-08 21:20:00,12,534.21,-184.21,32.18,0.0,280.09,0.0,134.44,76.33,62.73
2026-06-08 21:25:00,12,534.21,-184.21,32.13,0.0,285.38,0.0,136.98,76.95,62.6
2026-06-08 21:30:00,12,534.21,-184.21,32.32,0.0,217.35,0.0,104.33,69.86,62.48
2026-06-08 21:35:00,12,534.21,-184.21,31.76,0.0,312.48,0.0,149.99,80.31,62.35
2026-06-08 21:40:00,12,534.21,-184.21,31.82,1.0,240.63,0.01,115.5,72.44,62.23
2026-06-08 21:45:00,12,534.21,-184.21,33.09,0.0,267.57,0.0,128.43,74.91,62.1
2026-06-08 21:50:00,12,534.21,-184.21,33.11,1.0,266.27,0.0,127.81,75.12,61.98
2026-06-08 21:55:00,12,534.21,-184.21,31.75,2.0,296.2,0.01,142.18,78.98,61.84
2026-06-08 22:00:00,12,534.21,-184.21,31.22,2.0,285.47,0.01,137.02,77.68,61.72
2026-06-08 22:05:00,12,534.21,-184.21,32.65,0.0,312.77,0.0,150.13,80.35,61.58
2026-06-08 22:10:00,12,534.21,-184.21,32.53,0.0,250.63,0.0,120.3,73.09,61.46
2026-06-08 22:15:00,12,534.21,-184.21,31.38,0.0,312.36,0.0,149.93,80.3,61.33
2026-06-08 22:20:00,12,534.21,-184.21,31.33,2.0,301.44,0.01,144.69,79.63,61.19
2026-06-08 22:25:00,12,534.21,-184.21,31.42,0.0,283.19,0.0,135.93,76.7,61.07
2026-06-08 22:30:00,12,534.21,-184.21,31.86,3.0,223.81,0.02,107.43,71.54,60.95
2026-06-08 22:35:00,12,534.21,-184.21,30.62,1.0,227.14,0.01,109.03,71.13,60.83
2026-06-08 22:40:00,12,534.21,-184.21,31.54,2.0,274.64,0.01,131.83,76.43,60.7
2026-06-08 22:45:00,12,534.21,-184.21,31.44,2.0,246.44,0.01,118.29,73.38,60.58
2026-06-08 22:50:00,12,534.21,-184.21,31.9,0.0,245.66,0.0,117.92,72.58,60.46
2026-06-08 22:55:00,12,534.21,-184.21,31.89,4.0,299.24,0.01,143.63,80.05,60.32
2026-06-08 23:00:00,12,534.21,-184.21,30.56,0.0,221.67,0.0,106.4,70.25,60.21
2026-06-08 23:05:00,12,534.21,-184.21,30.54,1.0,263.32,0.0,126.39,74.79,60.08
2026-06-08 23:10:00,12,534.21,-184.21,30.41,0.0,282.0,0.0,135.36,76.55,59.95
2026-06-08 23:15:00,12,534.21,-184.21,30.4,1.0,303.37,0.0,145.62,79.5,59.82
2026-06-08 23:20:00,12,534.21,-184.21,30.9,1.0,316.62,0.0,151.98,81.2,59.69
2026-06-08 23:25:00,12,534.21,-184.21,31.29,1.0,267.59,0.0,128.44,75.26,59.56
2026-06-08 23:30:00,12,534.21,-184.21,30.51,3.0,269.89,0.01,129.55,76.24,59.43
2026-06-08 23:35:00,12,534.21,-184.21,31.19,3.0,291.47,0.01,139.91,78.75,59.3
2026-06-08 23:40:00,12,534.21,-184.21,30.77,5.0,246.68,0.03,118.41,74.49,59.18
2026-06-08 23:45:00,12,534.21,-184.21,31.7,2.0,319.1,0.01,153.17,81.9,59.04
2026-06-08 23:50:00,12,534.21,-184.21,31.85,3.0,243.15,0.02,116.71,73.42,58.92
2026-06-08 23:55:00,12,534.21,-184.21,30.64,1.0,241.5,0.01,115.92,72.53,58.8
2026-06-09 00:00:00,12,534.21,-184.21,31.4,3.0,229.5,0.02,110.16,72.08,58.68
2026-06-09 00:05:00,12,534.21,-184.21,31.07,4.0,285.43,0.02,137.01,78.4,58.55
2026-06-09 00:10:00,12,534.21,-184.21,31.16,5.0,295.85,0.02,142.01,80.01,58.41
2026-06-09 00:15:00,12,534.21,-184.21,31.31,1.0,220.73,0.01,105.95,70.54,58.3
2026-06-09 00:20:00,12,534.21,-184.21,30.65,1.0,294.24,0.0,141.23,78.37,58.17
2026-06-09 00:25:00,12,534.21,-184.21,30.64,0.0,279.51,0.0,134.17,76.27,58.04
2026-06-09 00:30:00,12,534.21,-184.21,31.2,5.0,298.27,0.02,143.17,80.3,57.91
2026-06-09 00:35:00,12,534.21,-184.21,31.41,1.0,215.04,0.01,103.22,70.02,57.79
2026-06-09 00:40:00,12,534.21,-184.21,31.46,1.0,302.9,0.0,145.39,79.44,57.66
2026-06-09 00:45:00,12,534.21,-184.21,31.24,0.0,200.85,0.0,96.41,68.43,57.54
2026-06-09 00:50:00,12,534.21,-184.21,30.2,1.0,253.6,0.0,121.73,73.75,57.42
2026-06-09 00:55:00,12,534.21,-184.21,31.06,3.0,242.45,0.02,116.37,73.34,57.3
2026-06-09 01:00:00,12,534.21,-184.21,30.88,3.0,256.49,0.01,123.11,74.78,57.17
2026-06-09 01:05:00,12,534.21,-184.21,31.06,3.0,316.47,0.01,151.91,81.9,57.04
2026-06-09 01:10:00,12,534.21,-184.21,31.22,8.0,250.96,0.04,120.46,76.01,56.91
2026-06-09 01:15:00,12,534.21,-184.21,30.74,3.0,295.08,0.01,141.64,79.19,56.78
2026-06-09 01:20:00,12,534.21,-184.21,31.42,1.0,317.18,0.0,152.25,81.28,56.64
2026-06-09 01:25:00,12,534.21,-184.21,31.29,2.0,233.19,0.01,111.93,72.06,56.52
2026-06-09 01:30:00,12,534.21,-184.21,31.81,1.0,274.5,0.0,131.76,76.04,56.39
2026-06-09 01:35:00,12,534.21,-184.21,31.1,4.0,306.2,0.01,146.98,80.93,56.26
2026-06-09 01:40:00,12,534.21,-184.21,31.85,3.0,278.22,0.01,133.55,77.19,56.13
2026-06-09 01:45:00,12,534.21,-184.21,31.81,0.0,212.81,0.0,102.15,69.46,56.02
2026-06-09 01:50:00,12,534.21,-184.21,31.48,1.0,202.83,0.01,97.36,68.97,55.9
2026-06-09 01:55:00,12,534.21,-184.21,32.22,1.0,236.17,0.01,113.36,72.0,55.78
2026-06-09 02:00:00,12,534.21,-184.21,32.63,3.0,286.89,0.01,137.71,78.21,55.65
2026-06-09 02:05:00,12,534.21,-184.21,32.09,2.0,313.62,0.01,150.54,81.18,55.51
2026-06-09 02:10:00,12,534.21,-184.21,31.6,5.0,256.73,0.02,123.23,75.52,55.39
2026-06-09 02:15:00,12,534.21,-184.21,32.04,1.0,285.72,0.0,137.15,77.35,55.26
2026-06-09 02:20:00,12,534.21,-184.21,32.83,2.0,293.89,0.01,141.07,78.7,55.13
2026-06-09 02:25:00,12,534.21,-184.21,32.41,1.0,308.16,0.0,147.92,80.11,55.0
2026-06-09 02:30:00,12,534.21,-184.21,32.83,1.0,226.17,0.01,108.56,71.04,54.88
2026-06-09 02:35:00,12,534.21,-184.21,33.06,3.0,254.51,0.01,122.17,74.57,54.75
2026-06-09 02:40:00,12,534.21,-184.21,33.32,3.0,237.2,0.02,113.86,72.83,54.63
2026-06-09 02:45:00,12,534.21,-184.21,32.56,1.0,288.26,0.0,138.36,77.65,54.5
2026-06-09 02:50:00,12,534.21,-184.21,33.12,4.0,292.39,0.01,140.35,79.22,54.37
2026-06-09 02:55:00,12,534.21,-184.21,32.42,3.0,271.83,0.01,130.48,76.46,54.24
2026-06-09 03:00:00,12,534.21,-184.21,33.99,4.0,296.23,0.01,142.19,79.69,54.11
2026-06-09 03:05:00,12,534.21,-184.21,33.17,2.0,313.96,0.01,150.7,81.23,53.97
2026-06-09 03:10:00,12,534.21,-184.21,33.49,0.0,303.92,0.0,145.88,79.22,53.84
2026-06-09 03:15:00,12,534.21,-184.21,33.55,1.0,293.8,0.0,141.02,78.32,53.71
2026-06-09 03:20:00,12,534.21,-184.21,33.99,2.0,303.01,0.01,145.45,79.83,53.58
2026-06-09 03:25:00,12,534.21,-184.21,33.35,0.0,229.63,0.0,110.22,71.0,53.46
2026-06-09 03:30:00,12,534.21,-184.21,32.55,2.0,217.08,0.01,104.2,70.56,53.34
2026-06-09 03:35:00,12,534.21,-184.21,33.93,2.0,212.11,0.01,101.82,70.12,53.23
2026-06-09 03:40:00,12,534.21,-184.21,33.89,2.0,239.83,0.01,115.12,72.72,53.1
2026-06-09 03:45:00,12,534.21,-184.21,34.11,2.0,322.76,0.01,154.93,82.39,52.97
2026-06-09 03:50:00,12,534.21,-184.21,34.43,3.0,304.3,0.01,146.06,80.34,52.83
2026-06-09 03:55:00,12,534.21,-184.21,35.02,1.0,209.08,0.01,100.36,69.51,52.72
2026-06-09 04:00:00,12,534.21,-184.21,34.2,2.0,207.47,0.01,99.59,69.72,52.6
2026-06-09 04:05:00,12,534.21,-184.21,35.09,2.0,268.24,0.01,128.76,75.71,52.48
2026-06-09 04:10:00,12,534.21,-184.21,34.41,4.0,280.95,0.02,134.85,77.88,52.35
2026-06-09 04:15:00,12,534.21,-184.21,34.31,3.0,313.09,0.01,150.28,81.47,52.21
2026-06-09 04:20:00,12,534.21,-184.21,35.09,4.0,275.07,0.02,132.03,77.2,52.08
2026-06-09 04:25:00,12,534.21,-184.21,34.14,0.0,261.65,0.0,125.59,74.27,51.96
2026-06-09 04:30:00,12,534.21,-184.21,35.93,3.0,296.11,0.01,142.13,79.32,51.82
2026-06-09 04:35:00,12,534.21,-184.21,35.73,1.0,272.14,0.0,130.63,75.78,51.7
2026-06-09 04:40:00,12,534.21,-184.21,35.53,3.0,283.2,0.01,135.94,77.77,51.57
2026-06-09 04:45:00,12,534.21,-184.21,35.25,1.0,324.69,0.0,155.85,82.28,51.43
2026-06-09 04:50:00,12,534.21,-184.21,35.46,2.0,262.56,0.01,126.03,75.09,51.31
2026-06-09 04:55:00,12,534.21,-184.21,35.46,0.0,227.52,0.0,109.21,70.81,51.19
2026-06-09 05:00:00,12,534.21,-184.21,36.13,5.0,318.09,0.02,152.68,82.84,51.05
2026-06-09 05:05:00,12,534.21,-184.21,36.19,1.0,244.67,0.01,117.44,72.86,50.93
2026-06-09 05:10:00,12,534.21,-184.21,36.35,0.0,272.65,0.0,130.87,75.49,50.8
2026-06-09 05:15:00,12,534.21,-184.21,36.13,1.0,213.59,0.01,102.52,69.9,50.69
2026-06-09 05:20:00,12,534.21,-184.21,36.76,0.0,298.95,0.0,143.5,78.61,50.56
2026-06-09 05:25:00,12,534.21,-184.21,36.39,1.0,313.78,0.0,150.61,80.84,50.42
2026-06-09 05:30:00,12,534.21,-184.21,36.32,0.0,251.79,0.0,120.86,73.22,50.3
2026-06-09 05:35:00,12,534.21,-184.21,37.09,3.0,306.67,0.01,147.2,80.65,50.16
2026-06-09 05:40:00,12,534.21,-184.21,37.1,0.0,314.84,0.0,151.12,80.63,50.03
2026-06-09 05:45:00,12,534.21,-184.21,37.0,1.0,208.66,0.01,100.16,69.47,49.91
2026-06-09 05:50:00,12,534.21,-184.21,36.75,3.0,307.6,0.01,147.65,80.77,49.78
2026-06-09 05:55:00,12,534.21,-184.21,38.3,1.0,227.57,0.01,109.23,71.19,49.66
2026-06-09 06:00:00,12,534.21,-184.21,37.47,1.0,257.63,0.0,123.66,74.19,49.54
2026-06-09 06:05:00,12,534.21,-184.21,37.94,0.0,321.74,0.0,154.44,81.54,49.4
2026-06-09 06:10:00,12,534.21,-184.21,38.75,1.0,269.21,0.0,129.22,75.46,49.28
2026-06-09 06:15:00,12,534.21,-184.21,38.31,0.0,318.43,0.0,152.85,81.1,49.14
2026-06-09 06:20:00,12,534.21,-184.21,39.09,0.0,286.6,0.0,137.57,77.11,49.01
2026-06-09 06:25:00,12,534.21,-184.21,38.05,0.0,223.12,0.0,107.1,70.4,48.89
2026-06-09 06:30:00,12,534.21,-184.21,39.2,0.0,228.35,0.0,109.61,70.89,48.78
2026-06-09 06:35:00,12,534.21,-184.21,39.99,1.0,251.74,0.01,120.83,73.59,48.65
2026-06-09 06:40:00,12,534.21,-184.21,39.55,1.0,298.49,0.0,143.27,78.9,48.52
2026-06-09 06:45:00,12,534.21,-184.21,39.85,0.0,200.51,0.0,96.25,68.42,48.41
2026-06-09 06:50:00,12,534.21,-184.21,39.61,1.0,269.07,0.0,129.15,75.44,48.28
2026-06-09 06:55:00,12,534.21,-184.21,40.46,0.0,322.22,0.0,154.67,81.61,48.15
2026-06-09 07:00:00,12,534.21,-184.21,39.42,0.0,245.95,0.0,118.06,72.62,48.03
2026-06-09 07:05:00,12,534.21,-184.21,39.33,0.0,282.52,0.0,135.61,76.63,47.9
2026-06-09 07:10:00,12,534.21,-184.21,40.23,1.0,237.34,0.01,113.92,72.13,47.78
2026-06-09 07:15:00,12,534.21,-184.21,39.65,0.0,294.87,0.0,141.54,78.11,47.65
2026-06-09 07:20:00,12,534.21,-184.21,40.37,0.0,221.6,0.0,106.37,70.27,47.53
2026-06-09 07:25:00,12,534.21,-184.21,39.56,1.0,258.52,0.0,124.09,74.29,47.41
2026-06-09 07:30:00,12,534.21,-184.21,40.19,1.0,268.16,0.0,128.72,75.34,47.28
2026-06-09 07:35:00,12,534.21,-184.21,40.55,2.0,243.99,0.01,117.12,73.15,47.16
2026-06-09 07:40:00,12,534.21,-184.21,40.48,0.0,324.64,0.0,155.83,81.94,47.02
2026-06-09 07:45:00,12,534.21,-184.21,40.8,1.0,234.21,0.01,112.42,71.83,46.9
2026-06-09 07:50:00,12,534.21,-184.21,41.57,2.0,261.83,0.01,125.68,75.02,46.78
2026-06-09 07:55:00,12,534.21,-184.21,41.44,1.0,210.81,0.01,101.19,69.67,46.66
2026-06-09 08:00:00,12,534.21,-184.21,41.07,0.0,249.94,0.0,119.97,73.04,46.54
2026-06-09 08:05:00,12,534.21,-184.21,41.58,3.0,295.8,0.01,141.98,79.3,46.41
2026-06-09 08:10:00,12,534.21,-184.21,41.35,0.0,220.37,0.0,105.78,70.15,46.29
2026-06-09 08:15:00,12,534.21,-184.21,42.29,1.0,260.27,0.0,124.93,74.48,46.17
2026-06-09 08:20:00,12,534.21,-184.21,41.8,0.0,301.01,0.0,144.49,78.87,46.04
2026-06-09 08:25:00,12,534.21,-184.21,41.99,0.0,269.85,0.0,129.53,75.19,45.91
2026-06-09 08:30:00,12,534.21,-184.21,42.51,0.0,308.15,0.0,147.91,79.78,45.78
2026-06-09 08:35:00,12,534.21,-184.21,42.66,2.0,238.91,0.01,114.68,72.64,45.66
2026-06-09 08:40:00,12,534.21,-184.21,42.87,0.0,235.06,0.0,112.83,71.55,45.54
2026-06-09 08:45:00,12,534.21,-184.21,42.54,0.0,211.72,0.0,101.63,69.38,45.42
2026-06-09 08:50:00,12,534.21,-184.21,42.62,0.0,272.81,0.0,130.95,75.52,45.3
2026-06-09 08:55:00,12,534.21,-184.21,43.29,2.0,311.67,0.01,149.6,80.95,45.16
2026-06-09 09:00:00,12,534.21,-184.21,42.16,1.0,276.71,0.0,132.82,76.31,45.03
2026-06-09 09:05:00,12,534.21,-184.21,43.55,0.0,298.93,0.0,143.49,78.62,44.9
2026-06-09 09:10:00,12,534.21,-184.21,42.76,3.0,258.12,0.01,123.9,74.97,44.78
2026-06-09 09:15:00,12,534.21,-184.21,43.25,0.0,263.17,0.0,126.32,74.45,44.65
2026-06-09 09:20:00,12,534.21,-184.21,42.99,1.0,307.95,0.0,147.82,80.1,44.52
2026-06-09 09:25:00,12,534.21,-184.21,43.32,0.0,322.81,0.0,154.95,81.7,44.38
2026-06-09 09:30:00,12,534.21,-184.21,43.82,1.0,220.98,0.01,106.07,70.59,44.27
2026-06-09 09:35:00,12,534.21,-184.21,43.29,0.0,224.75,0.0,107.88,70.56,44.15
2026-06-09 09:40:00,12,534.21,-184.21,44.28,0.0,275.72,0.0,132.35,75.86,44.02
2026-06-09 09:45:00,12,534.21,-184.21,44.01,1.0,232.99,0.01,111.83,71.72,43.9
2026-06-09 09:50:00,12,534.21,-184.21,44.33,2.0,312.63,0.01,150.06,81.08,43.77
2026-06-09 09:55:00,12,534.21,-184.21,43.58,1.0,295.76,0.0,141.97,78.58,43.64
2026-06-09 10:00:00,12,534.21,-184.21,43.59,0.0,203.97,0.0,97.91,68.72,43.52
2026-06-09 10:05:00,12,534.21,-184.21,44.29,1.0,318.57,0.0,152.91,81.48,43.39
2026-06-09 10:10:00,12,534.21,-184.21,44.07,0.0,220.58,0.0,105.88,70.18,43.27
2026-06-09 10:15:00,12,534.21,-184.21,45.26,1.0,205.17,0.01,98.48,69.19,43.15
2026-06-09 10:20:00,12,534.21,-184.21,44.53,3.0,290.63,0.01,139.5,78.68,43.02
2026-06-09 10:25:00,12,534.21,-184.21,44.7,0.0,245.52,0.0,117.85,72.59,42.9
2026-06-09 10:30:00,12,534.21,-184.21,45.03,0.0,212.27,0.0,101.89,69.44,42.79
2026-06-09 10:35:00,12,534.21,-184.21,44.86,0.0,323.6,0.0,155.33,81.81,42.65
2026-06-09 10:40:00,12,534.21,-184.21,44.3,2.0,307.92,0.01,147.8,80.47,42.52
2026-06-09 10:45:00,12,534.21,-184.21,45.09,1.0,260.04,0.0,124.82,74.46,42.39
2026-06-09 10:50:00,12,534.21,-184.21,45.61,0.0,255.55,0.0,122.67,73.64,42.27
2026-06-09 10:55:00,12,534.21,-184.21,43.93,1.0,217.55,0.01,104.42,70.27,42.15
2026-06-09 11:00:00,12,534.21,-184.21,44.11,0.0,270.92,0.0,130.04,75.31,42.03
2026-06-09 11:05:00,12,534.21,-184.21,44.13,0.0,248.67,0.0,119.36,72.91,41.9
2026-06-09 11:10:00,12,534.21,-184.21,44.6,1.0,206.25,0.01,99.0,69.28,41.79
2026-06-09 11:15:00,12,534.21,-184.21,44.8,2.0,234.33,0.01,112.48,72.2,41.67
2026-06-09 11:20:00,12,534.21,-184.21,45.84,0.0,277.95,0.0,133.41,76.11,41.54
2026-06-09 11:25:00,12,534.21,-184.21,45.09,1.0,273.93,0.0,131.49,76.0,41.41
2026-06-09 11:30:00,12,534.21,-184.21,44.92,2.0,303.53,0.01,145.69,79.92,41.28
2026-06-09 11:35:00,12,534.21,-184.21,45.19,1.0,202.34,0.01,97.12,68.95,41.17
2026-06-09 11:40:00,12,534.21,-184.21,45.27,1.0,210.52,0.01,101.05,69.65,41.05
2026-06-09 11:45:00,12,534.21,-184.21,45.02,0.0,245.75,0.0,117.96,72.62,40.93
2026-06-09 11:50:00,12,534.21,-184.21,45.32,1.0,237.83,0.01,114.16,72.19,40.81
2026-06-09 11:55:00,12,534.21,-184.21,44.71,3.0,288.35,0.01,138.41,78.4,40.68
2026-06-09 12:00:00,12,534.21,-184.21,45.67,1.0,293.39,0.0,140.82,78.29,40.55
2026-06-09 12:05:00,12,534.21,-184.21,44.4,3.0,254.12,0.01,121.98,74.55,40.42
2026-06-09 12:10:00,12,534.21,-184.21,45.16,1.0,215.09,0.01,103.24,70.06,40.31
2026-06-09 12:15:00,12,534.21,-184.21,45.57,2.0,228.15,0.01,109.51,71.61,40.19
2026-06-09 12:20:00,12,534.21,-184.21,44.64,1.0,209.54,0.01,100.58,69.57,40.07
2026-06-09 12:25:00,12,534.21,-184.21,45.0,2.0,258.77,0.01,124.21,74.7,39.95
2026-06-09 12:30:00,12,534.21,-184.21,44.9,0.0,270.19,0.0,129.69,75.23,39.82
2026-06-09 12:35:00,12,534.21,-184.21,45.11,0.0,228.14,0.0,109.51,70.89,39.7
2026-06-09 12:40:00,12,534.21,-184.21,45.2,3.0,304.92,0.01,146.36,80.44,39.57
2026-06-09 12:45:00,12,534.21,-184.21,45.4,1.0,306.71,0.0,147.22,79.95,39.44
2026-06-09 12:50:00,12,534.21,-184.21,44.81,0.0,281.8,0.0,135.26,76.56,39.31
2026-06-09 12:55:00,12,534.21,-184.21,45.38,2.0,214.81,0.01,103.11,70.38,39.19
2026-06-09 13:00:00,12,534.21,-184.21,44.7,2.0,259.47,0.01,124.54,74.77,39.07
2026-06-09 13:05:00,12,534.21,-184.21,45.66,2.0,280.88,0.01,134.82,77.17,38.94
2026-06-09 13:10:00,12,534.21,-184.21,45.7,2.0,255.78,0.01,122.77,74.38,38.81
2026-06-09 13:15:00,12,534.21,-184.21,45.03,1.0,245.02,0.01,117.61,72.91,38.69
2026-06-09 13:20:00,12,534.21,-184.21,45.23,2.0,260.1,0.01,124.85,74.84,38.57
2026-06-09 13:25:00,12,534.21,-184.21,44.42,7.0,300.27,0.02,144.13,81.28,38.43
2026-06-09 13:30:00,12,534.21,-184.21,43.85,2.0,317.97,0.01,152.63,81.78,38.3
2026-06-09 13:35:00,12,534.21,-184.21,43.85,0.0,282.43,0.0,135.56,76.63,38.17
2026-06-09 13:40:00,12,534.21,-184.21,44.39,2.0,318.95,0.01,153.1,81.91,38.03
2026-06-09 13:45:00,12,534.21,-184.21,44.17,2.0,229.76,0.01,110.29,71.76,37.91
2026-06-09 13:50:00,12,534.21,-184.21,44.19,0.0,293.53,0.0,140.89,77.96,37.78
2026-06-09 13:55:00,12,534.21,-184.21,43.8,2.0,303.21,0.01,145.54,79.87,37.65
2026-06-09 14:00:00,12,534.21,-184.21,43.42,0.0,319.96,0.0,153.58,81.32,37.51
2026-06-09 14:05:00,12,534.21,-184.21,43.11,0.0,228.22,0.0,109.54,70.89,37.4
2026-06-09 14:10:00,12,534.21,-184.21,42.9,4.0,276.23,0.02,132.59,77.35,37.27
2026-06-09 14:15:00,12,534.21,-184.21,43.29,0.0,241.71,0.0,116.02,72.2,37.15
2026-06-09 14:20:00,12,534.21,-184.21,43.83,0.0,217.31,0.0,104.31,69.88,37.03
2026-06-09 14:25:00,12,534.21,-184.21,43.37,1.0,202.03,0.01,96.97,68.92,36.92
2026-06-09 14:30:00,12,534.21,-184.21,43.92,4.0,287.88,0.02,138.18,78.71,36.78
2026-06-09 14:35:00,12,534.21,-184.21,42.57,0.0,204.54,0.0,98.18,68.76,36.67
2026-06-09 14:40:00,12,534.21,-184.21,42.97,2.0,248.35,0.01,119.21,73.6,36.55
2026-06-09 14:45:00,12,534.21,-184.21,43.66,0.0,252.96,0.0,121.42,73.36,36.42
2026-06-09 14:50:00,12,534.21,-184.21,43.31,1.0,233.25,0.01,111.96,71.74,36.3
2026-06-09 14:55:00,12,534.21,-184.21,43.46,3.0,253.35,0.01,121.61,74.47,36.18
2026-06-09 15:00:00,12,534.21,-184.21,42.79,3.0,241.68,0.02,116.0,73.29,36.06
2026-06-09 15:05:00,12,534.21,-184.21,42.92,1.0,244.96,0.01,117.58,72.9,35.94
2026-06-09 15:10:00,12,534.21,-184.21,41.77,6.0,323.02,0.02,155.05,83.86,35.8
2026-06-09 15:15:00,12,534.21,-184.21,42.27,7.0,285.7,0.03,137.14,79.52,35.66
2026-06-09 15:20:00,12,534.21,-184.21,42.2,4.0,320.7,0.01,153.94,82.83,35.53
2026-06-09 15:25:00,12,534.21,-184.21,43.31,0.0,215.15,0.0,103.27,69.69,35.41
2026-06-09 15:30:00,12,534.21,-184.21,42.73,1.0,296.37,0.0,142.26,78.65,35.28
2026-06-09 15:35:00,12,534.21,-184.21,42.6,1.0,218.96,0.01,105.1,70.4,35.16
2026-06-09 15:40:00,12,534.21,-184.21,41.53,1.0,305.93,0.0,146.85,79.84,35.03
2026-06-09 15:45:00,12,534.21,-184.21,41.57,3.0,221.65,0.02,106.39,71.36,34.91
2026-06-09 15:50:00,12,534.21,-184.21,41.1,0.0,305.02,0.0,146.41,79.38,34.78
2026-06-09 15:55:00,12,534.21,-184.21,41.26,2.0,211.65,0.01,101.59,70.09,34.66
2026-06-09 16:00:00,12,534.21,-184.21,41.06,3.0,311.91,0.01,149.72,81.33,34.53
2026-06-09 16:05:00,12,534.21,-184.21,40.42,3.0,238.57,0.02,114.51,72.97,34.4
2026-06-09 16:10:00,12,534.21,-184.21,42.31,2.0,312.88,0.01,150.18,81.11,34.27
2026-06-09 16:15:00,12,534.21,-184.21,41.3,3.0,215.74,0.02,103.56,70.83,34.15
2026-06-09 16:20:00,12,534.21,-184.21,40.92,1.0,210.11,0.01,100.85,69.61,34.03
2026-06-09 16:25:00,12,534.21,-184.21,41.12,0.0,205.97,0.0,98.86,68.88,33.92
2026-06-09 16:30:00,12,534.21,-184.21,40.91,0.0,279.9,0.0,134.35,76.33,33.79
2026-06-09 16:35:00,12,534.21,-184.21,39.54,6.0,322.67,0.02,154.88,83.81,33.65
2026-06-09 16:40:00,12,534.21,-184.21,40.33,2.0,232.22,0.01,111.47,71.99,33.53
2026-06-09 16:45:00,12,534.21,-184.21,40.74,1.0,214.52,0.01,102.97,70.0,33.42
2026-06-09 16:50:00,12,534.21,-184.21,39.7,1.0,202.09,0.01,97.0,68.92,33.3
2026-06-09 16:55:00,12,534.21,-184.21,39.9,2.0,239.11,0.01,114.77,72.66,33.18
2026-06-09 17:00:00,12,534.21,-184.21,40.15,1.0,244.85,0.01,117.53,72.88,33.06
2026-06-09 17:05:00,12,534.21,-184.21,39.28,1.0,237.14,0.01,113.83,72.11,32.94
2026-06-09 17:10:00,12,534.21,-184.21,38.8,1.0,318.95,0.0,153.1,81.52,32.8
2026-06-09 17:15:00,12,534.21,-184.21,39.82,0.0,295.94,0.0,142.05,78.24,32.67
2026-06-09 17:20:00,12,534.21,-184.21,38.61,0.0,261.41,0.0,125.48,74.25,32.55
2026-06-09 17:25:00,12,534.21,-184.21,39.58,1.0,287.29,0.0,137.9,77.55,32.42
2026-06-09 17:30:00,12,534.21,-184.21,38.61,2.0,241.31,0.01,115.83,72.87,32.3
2026-06-09 17:35:00,12,534.21,-184.21,39.38,1.0,264.78,0.0,127.1,74.97,32.17
2026-06-09 17:40:00,12,534.21,-184.21,38.72,2.0,313.56,0.01,150.51,81.19,32.04
2026-06-09 17:45:00,12,534.21,-184.21,38.29,3.0,246.46,0.02,118.3,73.76,31.91
2026-06-09 17:50:00,12,534.21,-184.21,38.56,2.0,228.74,0.01,109.8,71.65,31.8
2026-06-09 17:55:00,12,534.21,-184.21,37.83,1.0,296.7,0.0,142.42,78.68,31.66
2026-06-09 18:00:00,12,534.21,-184.21,37.73,0.0,219.23,0.0,105.23,70.04,31.55
2026-06-09 18:05:00,12,534.21,-184.21,38.21,0.0,282.28,0.0,135.49,76.6,31.42
2026-06-09 18:10:00,12,534.21,-184.21,38.34,1.0,277.03,0.0,132.97,76.34,31.29
2026-06-09 18:15:00,12,534.21,-184.21,37.02,1.0,260.5,0.0,125.04,74.5,31.17
2026-06-09 18:20:00,12,534.21,-184.21,37.79,0.0,212.93,0.0,102.21,69.48,31.05
2026-06-09 18:25:00,12,534.21,-184.21,37.47,0.0,255.89,0.0,122.83,73.66,30.93
2026-06-09 18:30:00,12,534.21,-184.21,36.98,1.0,229.75,0.01,110.28,71.39,30.81
2026-06-09 18:35:00,12,534.21,-184.21,37.01,1.0,232.55,0.01,111.62,71.66,30.69
2026-06-09 18:40:00,12,534.21,-184.21,37.35,0.0,274.07,0.0,131.55,75.65,30.57
2026-06-09 18:45:00,12,534.21,-184.21,37.4,1.0,246.24,0.01,118.19,73.02,30.44
2026-06-09 18:50:00,12,534.21,-184.21,36.31,1.0,236.29,0.01,113.42,72.02,30.32
2026-06-09 18:55:00,12,534.21,-184.21,37.04,2.0,296.61,0.01,142.37,79.04,30.19
2026-06-09 19:00:00,12,534.21,-184.21,36.75,1.0,236.43,0.01,113.49,72.04,30.07
2026-06-09 19:05:00,12,534.21,-184.21,35.62,0.0,239.89,0.0,115.15,72.01,29.95
2026-06-09 19:10:00,12,534.21,-184.21,35.37,0.0,225.52,0.0,108.25,70.62,29.83
2026-06-09 19:15:00,12,534.21,-184.21,35.95,2.0,229.51,0.01,110.16,71.72,29.71
2026-06-09 19:20:00,12,534.21,-184.21,36.14,0.0,209.48,0.0,100.55,69.17,29.6
2026-06-09 19:25:00,12,534.21,-184.21,35.97,0.0,230.15,0.0,110.47,71.06,29.48
2026-06-09 19:30:00,12,534.21,-184.21,35.37,0.0,268.13,0.0,128.7,74.98,29.36
2026-06-09 19:35:00,12,534.21,-184.21,35.32,1.0,291.77,0.0,140.05,78.08,29.23
2026-06-09 19:40:00,12,534.21,-184.21,35.11,0.0,296.9,0.0,142.51,78.35,29.1
2026-06-09 19:45:00,12,534.21,-184.21,34.46,1.0,285.76,0.0,137.17,77.36,28.97
2026-06-09 19:50:00,12,534.21,-184.21,35.43,2.0,315.57,0.01,151.47,81.44,28.83
2026-06-09 19:55:00,12,534.21,-184.21,35.16,2.0,290.23,0.01,139.31,78.26,28.7
2026-06-09 20:00:00,12,534.21,-184.21,34.94,1.0,273.39,0.0,131.23,75.92,28.57
2026-06-09 20:05:00,12,534.21,-184.21,34.78,1.0,227.76,0.01,109.33,71.2,28.45
2026-06-09 20:10:00,12,534.21,-184.21,34.42,0.0,202.29,0.0,97.1,68.56,28.34
2026-06-09 20:15:00,12,534.21,-184.21,33.64,0.0,200.72,0.0,96.35,68.42,28.23
2026-06-09 20:20:00,12,534.21,-184.21,34.48,1.0,223.78,0.01,107.42,70.83,28.11
2026-06-09 20:25:00,12,534.21,-184.21,33.4,1.0,280.29,0.0,134.54,76.71,27.98
2026-06-09 20:30:00,12,534.21,-184.21,33.74,0.0,316.09,0.0,151.72,80.79,27.85
2026-06-09 20:35:00,12,534.21,-184.21,33.5,0.0,241.52,0.0,115.93,72.17,27.73
2026-06-09 20:40:00,12,534.21,-184.21,33.55,2.0,305.41,0.01,146.6,80.13,27.59
2026-06-09 20:45:00,12,534.21,-184.21,32.67,1.0,288.64,0.0,138.55,77.69,27.46
2026-06-09 20:50:00,12,534.21,-184.21,32.91,1.0,222.0,0.01,106.56,70.66,27.35
2026-06-09 20:55:00,12,534.21,-184.21,33.0,3.0,301.93,0.01,144.93,80.04,27.21
2026-06-09 21:00:00,12,534.21,-184.21,33.55,1.0,242.41,0.01,116.35,72.62,27.09
2026-06-09 21:05:00,12,534.21,-184.21,33.18,0.0,253.87,0.0,121.86,73.43,26.97
2026-06-09 21:10:00,12,534.21,-184.21,32.9,2.0,218.09,0.01,104.68,70.65,26.85
2026-06-09 21:15:00,12,534.21,-184.21,32.46,0.0,259.9,0.0,124.75,74.07,26.73
2026-06-09 21:20:00,12,534.21,-184.21,32.75,3.0,244.78,0.02,117.5,73.58,26.6
2026-06-09 21:25:00,12,534.21,-184.21,31.97,0.0,242.47,0.0,116.39,72.26,26.48
2026-06-09 21:30:00,12,534.21,-184.21,32.14,1.0,231.97,0.01,111.34,71.59,26.36
2026-06-09 21:35:00,12,534.21,-184.21,31.31,4.0,265.37,0.02,127.38,76.11,26.24
2026-06-09 21:40:00,12,534.21,-184.21,32.62,1.0,283.55,0.0,136.1,77.09,26.11
2026-06-09 21:45:00,12,534.21,-184.21,32.85,1.0,234.43,0.01,112.52,71.83,25.99
2026-06-09 21:50:00,12,534.21,-184.21,32.23,0.0,255.54,0.0,122.66,73.61,25.87
2026-06-09 21:55:00,12,534.21,-184.21,32.13,1.0,322.33,0.0,154.72,81.96,25.73
2026-06-09 22:00:00,12,534.21,-184.21,31.95,1.0,288.35,0.0,138.41,77.66,25.6
2026-06-09 22:05:00,12,534.21,-184.21,31.7,0.0,253.97,0.0,121.9,73.44,25.48
2026-06-09 22:10:00,12,534.21,-184.21,32.28,2.0,229.36,0.01,110.09,71.7,25.36
2026-06-09 22:15:00,12,534.21,-184.21,30.86,2.0,314.33,0.01,150.88,81.27,25.22
2026-06-09 22:20:00,12,534.21,-184.21,31.39,1.0,301.23,0.0,144.59,79.23,25.09
2026-06-09 22:25:00,12,534.21,-184.21,31.96,0.0,200.9,0.0,96.43,68.44,24.98
2026-06-09 22:30:00,12,534.21,-184.21,31.3,0.0,205.67,0.0,98.72,68.84,24.86
2026-06-09 22:35:00,12,534.21,-184.21,31.67,1.0,252.53,0.0,121.21,73.64,24.74
2026-06-09 22:40:00,12,534.21,-184.21,32.43,0.0,299.37,0.0,143.7,78.65,24.61
2026-06-09 22:45:00,12,534.21,-184.21,31.38,2.0,308.56,0.01,148.11,80.53,24.47
2026-06-09 22:50:00,12,534.21,-184.21,30.68,1.0,321.28,0.0,154.21,81.82,24.34
2026-06-09 22:55:00,12,534.21,-184.21,31.64,0.0,226.95,0.0,108.94,70.75,24.22
2026-06-09 23:00:00,12,534.21,-184.21,31.39,5.0,263.77,0.02,126.61,76.28,24.09
2026-06-09 23:05:00,12,534.21,-184.21,32.03,2.0,295.28,0.01,141.73,78.87,23.96
2026-06-09 23:10:00,12,534.21,-184.21,30.58,3.0,227.29,0.02,109.1,71.87,23.84
2026-06-09 23:15:00,12,534.21,-184.21,31.12,2.0,227.86,0.01,109.37,71.55,23.72
2026-06-09 23:20:00,12,534.21,-184.21,30.56,1.0,216.88,0.01,104.1,70.19,23.61
2026-06-09 23:25:00,12,534.21,-184.21,31.26,5.0,274.64,0.02,131.83,77.5,23.48
2026-06-09 23:30:00,12,534.21,-184.21,30.38,2.0,324.86,0.01,155.93,82.67,23.34
2026-06-09 23:35:00,12,534.21,-184.21,30.8,1.0,267.48,0.0,128.39,75.25,23.21
2026-06-09 23:40:00,12,534.21,-184.21,30.1,0.0,280.72,0.0,134.75,76.41,23.09
2026-06-09 23:45:00,12,534.21,-184.21,31.04,1.0,298.99,0.0,143.51,78.95,22.95
2026-06-09 23:50:00,12,534.21,-184.21,30.44,1.0,286.06,0.0,137.31,77.38,22.83
2026-06-09 23:55:00,12,534.21,-184.21,30.05,3.0,287.33,0.01,137.92,78.25,22.7
2026-06-10 00:00:00,12,534.21,-184.21,30.94,2.0,260.8,0.01,125.18,74.89,22.57
2026-06-10 00:05:00,12,534.21,-184.21,30.74,0.0,209.49,0.0,100.56,69.17,22.45
2026-06-10 00:10:00,12,534.21,-184.21,30.22,2.0,251.43,0.01,120.69,73.89,22.33
2026-06-10 00:15:00,12,534.21,-184.21,30.98,2.0,240.91,0.01,115.63,72.82,22.21
2026-06-10 00:20:00,12,534.21,-184.21,29.74,2.0,281.44,0.01,135.09,77.21,22.08
2026-06-10 00:25:00,12,534.21,-184.21,31.28,0.0,234.46,0.0,112.54,71.46,21.96
2026-06-10 00:30:00,12,534.21,-184.21,31.13,2.0,300.06,0.01,144.03,79.46,21.83
2026-06-10 00:35:00,12,534.21,-184.21,32.14,7.0,242.07,0.04,116.19,74.75,21.71
2026-06-10 00:40:00,12,534.21,-184.21,31.25,2.0,221.49,0.01,106.31,70.96,21.59
2026-06-10 00:45:00,12,534.21,-184.21,30.81,5.0,292.55,0.02,140.43,79.6,21.45
2026-06-10 00:50:00,12,534.21,-184.21,30.86,6.0,281.31,0.02,135.03,78.61,21.32
2026-06-10 00:55:00,12,534.21,-184.21,31.55,2.0,209.23,0.01,100.43,69.86,21.21
2026-06-10 01:00:00,12,534.21,-184.21,30.42,5.0,314.64,0.02,151.03,82.38,21.07
2026-06-10 01:05:00,12,534.21,-184.21,31.66,5.0,201.92,0.04,96.92,70.35,20.95
2026-06-10 01:10:00,12,534.21,-184.21,31.57,2.0,292.72,0.01,140.51,78.55,20.82
2026-06-10 01:15:00,12,534.21,-184.21,31.67,6.0,240.85,0.03,115.61,74.26,20.7
2026-06-10 01:20:00,12,534.21,-184.21,30.69,2.0,270.45,0.01,129.81,75.95,20.57
2026-06-10 01:25:00,12,534.21,-184.21,30.95,3.0,295.71,0.01,141.94,79.27,20.44
2026-06-10 01:30:00,12,534.21,-184.21,31.6,2.0,260.83,0.01,125.2,74.89,20.31
2026-06-10 01:35:00,12,534.21,-184.21,31.33,7.0,303.89,0.02,145.87,81.71,20.18
2026-06-10 01:40:00,12,534.21,-184.21,31.15,6.0,282.05,0.02,135.38,78.7,20.05
2026-06-10 01:45:00,12,534.21,-184.21,32.3,1.0,211.34,0.01,101.45,69.7,19.93
2026-06-10 01:50:00,12,534.21,-184.21,31.03,3.0,218.96,0.02,105.1,71.1,19.81
2026-06-10 01:55:00,12,534.21,-184.21,31.84,2.0,246.46,0.01,118.3,73.38,19.69
2026-06-10 02:00:00,12,534.21,-184.21,31.39,2.0,238.05,0.01,114.26,72.54,19.57
2026-06-10 02:05:00,12,534.21,-184.21,32.12,2.0,201.11,0.02,96.53,69.19,19.45
2026-06-10 02:10:00,12,534.21,-184.21,31.1,1.0,274.72,0.0,131.86,76.06,19.33
2026-06-10 02:15:00,12,534.21,-184.21,31.74,2.0,213.72,0.01,102.59,70.26,19.21
2026-06-10 02:20:00,12,534.21,-184.21,31.73,0.0,213.2,0.0,102.34,69.49,19.09
2026-06-10 02:25:00,12,534.21,-184.21,32.71,4.0,324.09,0.01,155.56,83.27,18.96
2026-06-10 02:30:00,12,534.21,-184.21,32.92,2.0,315.75,0.01,151.56,81.46,18.82
2026-06-10 02:35:00,12,534.21,-184.21,32.51,0.0,295.75,0.0,141.96,78.21,18.69
2026-06-10 02:40:00,12,534.21,-184.21,33.01,2.0,229.17,0.01,110.0,71.68,18.57
2026-06-10 02:45:00,12,534.21,-184.21,32.87,1.0,217.75,0.01,104.52,70.27,18.45
2026-06-10 02:50:00,12,534.21,-184.21,32.24,1.0,204.89,0.01,98.35,69.14,18.34
2026-06-10 02:55:00,12,534.21,-184.21,32.95,0.0,255.36,0.0,122.57,73.59,18.21
2026-06-10 03:00:00,12,534.21,-184.21,32.84,3.0,305.27,0.01,146.53,80.46,18.08
2026-06-10 03:05:00,12,534.21,-184.21,32.95,4.0,320.38,0.01,153.78,82.77,17.94
2026-06-10 03:10:00,12,534.21,-184.21,33.42,0.0,251.31,0.0,120.63,73.17,17.82
2026-06-10 03:15:00,12,534.21,-184.21,32.46,1.0,243.96,0.01,117.1,72.78,17.7
2026-06-10 03:20:00,12,534.21,-184.21,34.41,5.0,296.7,0.02,142.42,80.12,17.57
2026-06-10 03:25:00,12,534.21,-184.21,33.33,1.0,311.88,0.0,149.7,80.59,17.43
2026-06-10 03:30:00,12,534.21,-184.21,33.58,1.0,276.8,0.0,132.86,76.31,17.3
2026-06-10 03:35:00,12,534.21,-184.21,33.17,4.0,261.06,0.02,125.31,75.64,17.18
2026-06-10 03:40:00,12,534.21,-184.21,34.19,2.0,253.19,0.01,121.53,74.08,17.06
2026-06-10 03:45:00,12,534.21,-184.21,34.81,3.0,289.23,0.01,138.83,78.49,16.92
2026-06-10 03:50:00,12,534.21,-184.21,34.33,0.0,203.01,0.0,97.45,68.62,16.81
2026-06-10 03:55:00,12,534.21,-184.21,34.77,2.0,264.87,0.01,127.14,75.34,16.68
2026-06-10 04:00:00,12,534.21,-184.21,34.08,0.0,305.46,0.0,146.62,79.42,16.55
2026-06-10 04:05:00,12,534.21,-184.21,34.6,1.0,312.94,0.0,150.21,80.73,16.42
2026-06-10 04:10:00,12,534.21,-184.21,33.99,10.0,312.98,0.03,150.23,83.94,16.28
2026-06-10 04:15:00,12,534.21,-184.21,34.9,1.0,247.8,0.01,118.94,73.17,16.16
2026-06-10 04:20:00,12,534.21,-184.21,35.84,0.0,301.82,0.0,144.88,78.96,16.02
2026-06-10 04:25:00,12,534.21,-184.21,34.8,0.0,316.92,0.0,152.12,80.9,15.89
2026-06-10 04:30:00,12,534.21,-184.21,35.4,2.0,305.01,0.01,146.4,80.08,15.76
2026-06-10 04:35:00,12,534.21,-184.21,35.12,2.0,223.65,0.01,107.35,71.16,15.64
2026-06-10 04:40:00,12,534.21,-184.21,36.25,3.0,238.59,0.02,114.52,72.97,15.52
2026-06-10 04:45:00,12,534.21,-184.21,36.17,3.0,268.02,0.01,128.65,76.04,15.39
2026-06-10 04:50:00,12,534.21,-184.21,35.67,3.0,220.39,0.02,105.79,71.24,15.27
2026-06-10 04:55:00,12,534.21,-184.21,36.28,2.0,253.32,0.01,121.6,74.1,15.15
2026-06-10 05:00:00,12,534.21,-184.21,36.36,2.0,310.73,0.01,149.15,80.82,15.01
2026-06-10 05:05:00,12,534.21,-184.21,36.37,2.0,302.49,0.01,145.2,79.77,14.88
2026-06-10 05:10:00,12,534.21,-184.21,36.1,5.0,324.93,0.02,155.97,83.76,14.74
2026-06-10 05:15:00,12,534.21,-184.21,36.82,1.0,256.63,0.0,123.18,74.08,14.62
2026-06-10 05:20:00,12,534.21,-184.21,37.38,0.0,317.07,0.0,152.19,80.92,14.48
2026-06-10 05:25:00,12,534.21,-184.21,37.38,1.0,240.91,0.01,115.64,72.48,14.36
2026-06-10 05:30:00,12,534.21,-184.21,38.29,0.0,209.53,0.0,100.57,69.18,14.24
2026-06-10 05:35:00,12,534.21,-184.21,37.27,1.0,318.33,0.0,152.8,81.44,14.11
2026-06-10 05:40:00,12,534.21,-184.21,37.73,0.0,324.04,0.0,155.54,81.85,13.97
2026-06-10 05:45:00,12,534.21,-184.21,36.92,0.0,241.7,0.0,116.02,72.19,13.85
2026-06-10 05:50:00,12,534.21,-184.21,37.75,1.0,284.61,0.0,136.61,77.22,13.72
2026-06-10 05:55:00,12,534.21,-184.21,37.54,1.0,270.16,0.0,129.67,75.56,13.6
2026-06-10 06:00:00,12,534.21,-184.21,37.55,0.0,309.33,0.0,148.48,79.92,13.46
2026-06-10 06:05:00,12,534.21,-184.21,37.14,2.0,281.4,0.01,135.07,77.22,13.34
2026-06-10 06:10:00,12,534.21,-184.21,38.27,0.0,281.53,0.0,135.13,76.51,13.21
2026-06-10 06:15:00,12,534.21,-184.21,37.92,0.0,260.95,0.0,125.26,74.2,13.08
2026-06-10 06:20:00,12,534.21,-184.21,38.43,1.0,295.27,0.0,141.73,78.51,12.95
2026-06-10 06:25:00,12,534.21,-184.21,39.58,1.0,253.44,0.0,121.65,73.75,12.83
2026-06-10 06:30:00,12,534.21,-184.21,39.14,0.0,203.62,0.0,97.74,68.68,12.72
2026-06-10 06:35:00,12,534.21,-184.21,40.22,0.0,203.89,0.0,97.87,68.7,12.6
2026-06-10 06:40:00,12,534.21,-184.21,39.53,1.0,224.01,0.01,107.52,70.86,12.48
2026-06-10 06:45:00,12,534.21,-184.21,39.72,1.0,242.69,0.01,116.49,72.66,12.36
2026-06-10 06:50:00,12,534.21,-184.21,39.13,1.0,227.09,0.01,109.0,71.14,12.24
2026-06-10 06:55:00,12,534.21,-184.21,40.09,0.0,243.45,0.0,116.86,72.37,12.12
2026-06-10 07:00:00,12,534.21,-184.21,39.52,0.0,305.11,0.0,146.45,79.38,11.99
2026-06-10 07:05:00,12,534.21,-184.21,39.89,1.0,300.7,0.0,144.34,79.18,11.86
2026-06-10 07:10:00,12,534.21,-184.21,40.45,1.0,203.59,0.01,97.72,69.05,11.74
2026-06-10 07:15:00,12,534.21,-184.21,40.88,1.0,282.66,0.0,135.68,77.0,11.62
2026-06-10 07:20:00,12,534.21,-184.21,40.34,1.0,256.61,0.0,123.17,74.09,11.49
2026-06-10 07:25:00,12,534.21,-184.21,40.03,0.0,291.14,0.0,139.75,77.66,11.36
2026-06-10 07:30:00,12,534.21,-184.21,39.86,0.0,246.53,0.0,118.33,72.68,11.24
2026-06-10 07:35:00,12,534.21,-184.21,40.96,0.0,273.34,0.0,131.2,75.58,11.12
2026-06-10 07:40:00,12,534.21,-184.21,40.5,0.0,320.02,0.0,153.61,81.32,10.98
2026-06-10 07:45:00,12,534.21,-184.21,41.11,0.0,316.03,0.0,151.69,80.79,10.85
2026-06-10 07:50:00,12,534.21,-184.21,41.52,2.0,267.86,0.01,128.57,75.68,10.72
2026-06-10 07:55:00,12,534.21,-184.21,40.96,1.0,264.81,0.0,127.11,74.97,10.59
2026-06-10 08:00:00,12,534.21,-184.21,42.04,1.0,225.79,0.01,108.38,71.03,10.48
2026-06-10 08:05:00,12,534.21,-184.21,42.61,2.0,259.83,0.01,124.72,74.81,10.35
2026-06-10 08:10:00,12,534.21,-184.21,41.51,0.0,231.84,0.0,111.28,71.23,10.23
2026-06-10 08:15:00,12,534.21,-184.21,41.03,0.0,250.04,0.0,120.02,73.05,10.11
2026-06-10 08:20:00,12,534.21,-184.21,42.88,2.0,252.89,0.01,121.39,74.07,9.99
2026-06-10 08:25:00,12,534.21,-184.21,42.16,0.0,217.37,0.0,104.34,69.88,9.87
2026-06-10 08:30:00,12,534.21,-184.21,43.09,0.0,323.56,0.0,155.31,81.8,9.73
2026-06-10 08:35:00,12,534.21,-184.21,42.28,2.0,283.53,0.01,136.1,77.48,9.61
2026-06-10 08:40:00,12,534.21,-184.21,42.25,1.0,300.6,0.0,144.29,79.17,9.47
2026-06-10 08:45:00,12,534.21,-184.21,43.17,0.0,285.19,0.0,136.89,76.95,9.35
2026-06-10 08:50:00,12,534.21,-184.21,43.6,0.0,305.85,0.0,146.81,79.49,9.21
2026-06-10 08:55:00,12,534.21,-184.21,43.1,0.0,278.13,0.0,133.5,76.13,9.09
2026-06-10 09:00:00,12,534.21,-184.21,42.98,2.0,250.92,0.01,120.44,73.86,8.96
2026-06-10 09:05:00,12,534.21,-184.21,43.94,0.0,257.17,0.0,123.44,73.8,8.84
2026-06-10 09:10:00,12,534.21,-184.21,43.49,1.0,262.24,0.0,125.88,74.7,8.72
2026-06-10 09:15:00,12,534.21,-184.21,43.33,1.0,300.29,0.0,144.14,79.14,8.58
2026-06-10 09:20:00,12,534.21,-184.21,42.86,1.0,271.26,0.0,130.2,75.69,8.46
2026-06-10 09:25:00,12,534.21,-184.21,44.16,0.0,259.68,0.0,124.65,74.07,8.33
2026-06-10 09:30:00,12,534.21,-184.21,44.25,4.0,315.58,0.01,151.48,82.16,8.2
2026-06-10 09:35:00,12,534.21,-184.21,43.41,1.0,267.41,0.0,128.36,75.27,8.07
2026-06-10 09:40:00,12,534.21,-184.21,44.0,0.0,216.44,0.0,103.89,69.8,7.96
2026-06-10 09:45:00,12,534.21,-184.21,43.72,2.0,237.14,0.01,113.83,72.47,7.83
2026-06-10 09:50:00,12,534.21,-184.21,44.18,0.0,217.41,0.0,104.36,69.89,7.72
2026-06-10 09:55:00,12,534.21,-184.21,43.7,1.0,280.16,0.0,134.48,76.72,7.59
2026-06-10 10:00:00,12,534.21,-184.21,43.58,1.0,234.73,0.01,112.67,71.88,7.47
2026-06-10 10:05:00,12,534.21,-184.21,44.59,1.0,230.79,0.01,110.78,71.51,7.35
2026-06-10 10:10:00,12,534.21,-184.21,44.45,0.0,239.18,0.0,114.81,71.95,7.23
2026-06-10 10:15:00,12,534.21,-184.21,43.8,0.0,206.34,0.0,99.04,68.92,7.12
2026-06-10 10:20:00,12,534.21,-184.21,45.91,0.0,238.44,0.0,114.45,71.88,7.0
2026-06-10 10:25:00,12,534.21,-184.21,45.03,2.0,233.68,0.01,112.17,72.14,6.88
2026-06-10 10:30:00,12,534.21,-184.21,44.25,1.0,209.43,0.01,100.53,69.56,6.76
2026-06-10 10:35:00,12,534.21,-184.21,43.9,0.0,220.7,0.0,105.94,70.19,6.64
2026-06-10 10:40:00,12,534.21,-184.21,44.56,2.0,267.51,0.01,128.4,75.65,6.52
2026-06-10 10:45:00,12,534.21,-184.21,45.15,3.0,300.37,0.01,144.18,79.87,6.38
2026-06-10 10:50:00,12,534.21,-184.21,44.51,2.0,264.36,0.01,126.89,75.3,6.26
2026-06-10 10:55:00,12,534.21,-184.21,44.67,2.0,267.37,0.01,128.34,75.64,6.13
2026-06-10 11:00:00,12,534.21,-184.21,44.05,1.0,207.94,0.01,99.81,69.43,6.02
2026-06-10 11:05:00,12,534.21,-184.21,44.68,1.0,313.68,0.0,150.57,80.85,5.88
2026-06-10 11:10:00,12,534.21,-184.21,44.56,1.0,278.47,0.0,133.67,76.52,5.75
2026-06-10 11:15:00,12,534.21,-184.21,44.55,1.0,241.96,0.01,116.14,72.6,5.63
2026-06-10 11:20:00,12,534.21,-184.21,45.24,2.0,310.78,0.01,149.17,80.84,5.5
2026-06-10 11:25:00,12,534.21,-184.21,45.47,3.0,213.9,0.02,102.67,70.67,5.38
2026-06-10 11:30:00,12,534.21,-184.21,45.96,0.0,307.22,0.0,147.46,79.66,5.25
2026-06-10 11:35:00,12,534.21,-184.21,44.38,2.0,230.39,0.01,110.59,71.82,5.13
2026-06-10 11:40:00,12,534.21,-184.21,44.67,0.0,319.87,0.0,153.54,81.31,4.99
2026-06-10 11:45:00,12,534.21,-184.21,44.48,2.0,321.99,0.01,154.56,82.31,4.86
2026-06-10 11:50:00,12,534.21,-184.21,44.39,1.0,217.01,0.01,104.16,70.23,4.74
2026-06-10 11:55:00,12,534.21,-184.21,45.14,4.0,253.55,0.02,121.7,74.86,4.61
2026-06-10 12:00:00,12,534.21,-184.21,44.3,0.0,302.55,0.0,145.22,79.07,4.48
2026-06-10 12:05:00,12,534.21,-184.21,44.9,5.0,271.77,0.02,130.45,77.2,4.35
2026-06-10 12:10:00,12,534.21,-184.21,44.17,0.0,201.3,0.0,96.62,68.49,4.24
2026-06-10 12:15:00,12,534.21,-184.21,45.72,2.0,291.47,0.01,139.9,78.43,4.11
2026-06-10 12:20:00,12,534.21,-184.21,44.79,2.0,286.76,0.01,137.64,77.86,3.98
2026-06-10 12:25:00,12,534.21,-184.21,45.66,1.0,232.4,0.01,111.55,71.66,3.86
2026-06-10 12:30:00,12,534.21,-184.21,44.27,0.0,264.84,0.0,127.12,74.63,3.74
2026-06-10 12:35:00,12,534.21,-184.21,45.31,0.0,284.88,0.0,136.74,76.92,3.61
2026-06-10 12:40:00,12,534.21,-184.21,44.49,2.0,239.78,0.01,115.1,72.73,3.49
2026-06-10 12:45:00,12,534.21,-184.21,45.11,1.0,215.97,0.01,103.67,70.14,3.37
2026-06-10 12:50:00,12,534.21,-184.21,44.56,5.0,263.33,0.02,126.4,76.26,3.24
2026-06-10 12:55:00,12,534.21,-184.21,45.41,0.0,273.1,0.0,131.09,75.56,3.12
2026-06-10 13:00:00,12,534.21,-184.21,44.36,2.0,243.21,0.01,116.74,73.08,2.99
2026-06-10 13:05:00,12,534.21,-184.21,45.02,2.0,237.6,0.01,114.05,72.52,2.87
2026-06-10 13:10:00,12,534.21,-184.21,44.6,2.0,322.03,0.01,154.58,82.32,2.74
2026-06-10 13:15:00,12,534.21,-184.21,44.88,2.0,283.02,0.01,135.85,77.42,2.61
2026-06-10 13:20:00,12,534.21,-184.21,44.57,3.0,248.55,0.02,119.3,73.99,2.48
2026-06-10 13:25:00,12,534.21,-184.21,45.14,3.0,262.08,0.01,125.8,75.41,2.36
2026-06-10 13:30:00,12,534.21,-184.21,44.04,4.0,289.63,0.02,139.02,78.92,2.23
2026-06-10 13:35:00,12,534.21,-184.21,44.52,2.0,270.33,0.01,129.76,75.97,2.1
2026-06-10 13:40:00,12,534.21,-184.21,43.51,1.0,243.06,0.01,116.67,72.71,1.98
2026-06-10 13:45:00,12,534.21,-184.21,44.35,1.0,238.4,0.01,114.43,72.25,1.86
2026-06-10 13:50:00,12,534.21,-184.21,43.55,0.0,215.81,0.0,103.59,69.75,1.74
2026-06-10 13:55:00,12,534.21,-184.21,43.6,1.0,233.58,0.01,112.12,71.77,1.62
2026-06-10 14:00:00,12,534.21,-184.21,43.99,1.0,237.85,0.01,114.17,72.19,1.5
2026-06-10 14:05:00,12,534.21,-184.21,43.82,3.0,316.97,0.01,152.15,81.99,1.37
2026-06-10 14:10:00,12,534.21,-184.21,44.25,0.0,203.29,0.0,97.58,68.66,1.25
2026-06-10 14:15:00,12,534.21,-184.21,44.18,1.0,295.95,0.0,142.06,78.6,1.12
2026-06-10 14:20:00,12,534.21,-184.21,44.02,2.0,258.71,0.01,124.18,74.69,1.0
2026-06-10 14:25:00,12,534.21,-184.21,42.46,3.0,226.77,0.02,108.85,71.84,0.88
2026-06-10 14:30:00,12,534.21,-184.21,43.69,7.0,304.22,0.02,146.03,81.77,0.74
2026-06-10 14:35:00,12,534.21,-184.21,43.31,3.0,284.82,0.01,136.71,77.98,0.61
2026-06-10 14:40:00,12,534.21,-184.21,43.66,2.0,219.7,0.01,105.46,70.82,0.49
2026-06-10 14:45:00,12,534.21,-184.21,43.13,1.0,249.17,0.01,119.6,73.33,0.37
2026-06-10 14:50:00,12,534.21,-184.21,43.04,2.0,243.75,0.01,117.0,73.13,0.25
2026-06-10 14:55:00,12,534.21,-184.21,42.98,2.0,206.31,0.01,99.03,69.63,0.13
2026-06-10 15:00:00,12,534.21,-184.21,43.77,3.0,253.18,0.01,121.53,74.45,0.01
2026-06-10 15:05:00,12,534.21,-184.21,42.98,5.0,304.11,0.02,145.97,81.05,0.0
2026-06-10 15:10:00,12,534.21,-184.21,42.37,5.0,263.9,0.02,126.67,76.32,0.0
2026-06-10 15:15:00,12,534.21,-184.21,43.31,1.0,292.59,0.0,140.45,78.19,0.0
2026-06-10 15:20:00,12,534.21,-184.21,42.4,0.0,269.88,0.0,129.54,75.19,0.0
2026-06-10 15:25:00,12,534.21,-184.21,41.72,1.0,285.31,0.0,136.95,77.31,0.0
2026-06-10 15:30:00,12,534.21,-184.21,42.12,2.0,275.41,0.01,132.2,76.54,0.0
2026-06-10 15:35:00,12,534.21,-184.21,41.78,2.0,285.83,0.01,137.2,77.75,0.0
2026-06-10 15:40:00,12,534.21,-184.21,41.81,1.0,268.99,0.0,129.12,75.44,0.0
2026-06-10 15:45:00,12,534.21,-184.21,41.21,2.0,263.75,0.01,126.6,75.23,0.0
2026-06-10 15:50:00,12,534.21,-184.21,41.89,0.0,207.76,0.0,99.72,69.04,0.0
2026-06-10 15:55:00,12,534.21,-184.21,40.9,0.0,210.31,0.0,100.95,69.26,0.0
2026-06-10 16:00:00,12,534.21,-184.21,41.78,1.0,293.76,0.0,141.0,78.33,0.0
2026-06-10 16:05:00,12,534.21,-184.21,40.65,0.0,304.13,0.0,145.98,79.26,0.0
2026-06-10 16:10:00,12,534.21,-184.21,41.3,2.0,216.93,0.01,104.13,70.56,0.0
2026-06-10 16:15:00,12,534.21,-184.21,41.14,1.0,287.6,0.0,138.05,77.59,0.0
2026-06-10 16:20:00,12,534.21,-184.21,41.36,1.0,214.42,0.01,102.92,69.99,0.0
2026-06-10 16:25:00,12,534.21,-184.21,41.19,3.0,258.79,0.01,124.22,75.04,0.0
2026-06-10 16:30:00,12,534.21,-184.21,40.96,2.0,321.47,0.01,154.3,82.23,0.0
2026-06-10 16:35:00,12,534.21,-184.21,40.18,0.0,269.42,0.0,129.32,75.13,0.0
2026-06-10 16:40:00,12,534.21,-184.21,40.38,0.0,251.43,0.0,120.69,73.19,0.0
2026-06-10 16:45:00,12,534.21,-184.21,39.73,0.0,214.49,0.0,102.95,69.62,0.0
2026-06-10 16:50:00,12,534.21,-184.21,39.83,1.0,291.4,0.0,139.87,78.04,0.0
2026-06-10 16:55:00,12,534.21,-184.21,40.02,1.0,257.77,0.0,123.73,74.21,0.0
2026-06-10 17:00:00,12,534.21,-184.21,39.0,1.0,224.3,0.01,107.66,70.88,0.0
2026-06-10 17:05:00,12,534.21,-184.21,39.87,7.0,322.67,0.02,154.88,84.16,0.0
2026-06-10 17:10:00,12,534.21,-184.21,39.61,1.0,227.39,0.01,109.15,71.17,0.0
2026-06-10 17:15:00,12,534.21,-184.21,39.14,1.0,215.58,0.01,103.48,70.09,0.0
2026-06-10 17:20:00,12,534.21,-184.21,39.35,3.0,258.06,0.01,123.87,74.96,0.0
2026-06-10 17:25:00,12,534.21,-184.21,39.6,1.0,246.3,0.01,118.23,73.03,0.0
2026-06-10 17:30:00,12,534.21,-184.21,38.75,2.0,272.57,0.01,130.83,76.2,0.0
2026-06-10 17:35:00,12,534.21,-184.21,38.22,0.0,272.98,0.0,131.03,75.53,0.0
2026-06-10 17:40:00,12,534.21,-184.21,38.59,1.0,213.65,0.01,102.55,69.91,0.0
2026-06-10 17:45:00,12,534.21,-184.21,38.56,1.0,300.89,0.0,144.43,79.2,0.0
2026-06-10 17:50:00,12,534.21,-184.21,38.48,0.0,205.49,0.0,98.64,68.84,0.0
2026-06-10 17:55:00,12,534.21,-184.21,38.27,3.0,270.78,0.01,129.97,76.35,0.0
2026-06-10 18:00:00,12,534.21,-184.21,39.24,1.0,217.42,0.01,104.36,70.25,0.0
2026-06-10 18:05:00,12,534.21,-184.21,37.33,1.0,209.94,0.01,100.77,69.59,0.0
2026-06-10 18:10:00,12,534.21,-184.21,37.6,4.0,277.9,0.02,133.39,77.53,0.0
2026-06-10 18:15:00,12,534.21,-184.21,38.56,2.0,232.93,0.01,111.81,72.05,0.0
2026-06-10 18:20:00,12,534.21,-184.21,37.01,0.0,226.6,0.0,108.77,70.72,0.0
2026-06-10 18:25:00,12,534.21,-184.21,37.65,0.0,303.92,0.0,145.88,79.23,0.0
2026-06-10 18:30:00,12,534.21,-184.21,36.59,1.0,240.56,0.01,115.47,72.44,0.0
2026-06-10 18:35:00,12,534.21,-184.21,37.84,0.0,227.28,0.0,109.09,70.79,0.0
2026-06-10 18:40:00,12,534.21,-184.21,36.92,1.0,216.98,0.01,104.15,70.21,0.0
2026-06-10 18:45:00,12,534.21,-184.21,36.18,1.0,256.04,0.0,122.9,74.02,0.0
2026-06-10 18:50:00,12,534.21,-184.21,35.84,2.0,317.33,0.01,152.32,81.67,0.0
2026-06-10 18:55:00,12,534.21,-184.21,35.51,0.0,205.12,0.0,98.46,68.8,0.0
2026-06-10 19:00:00,12,534.21,-184.21,36.31,1.0,267.75,0.0,128.52,75.29,0.0
2026-06-10 19:05:00,12,534.21,-184.21,35.23,2.0,287.51,0.01,138.01,77.93,0.0
2026-06-10 19:10:00,12,534.21,-184.21,36.08,0.0,206.75,0.0,99.24,68.94,0.0
2026-06-10 19:15:00,12,534.21,-184.21,35.95,1.0,255.96,0.0,122.86,74.01,0.0
2026-06-10 19:20:00,12,534.21,-184.21,35.64,0.0,259.28,0.0,124.45,74.01,0.0
2026-06-10 19:25:00,12,534.21,-184.21,35.51,1.0,281.47,0.0,135.1,76.85,0.0
2026-06-10 19:30:00,12,534.21,-184.21,36.07,0.0,321.22,0.0,154.19,81.47,0.0
2026-06-10 19:35:00,12,534.21,-184.21,35.6,0.0,208.43,0.0,100.05,69.08,0.0
2026-06-10 19:40:00,12,534.21,-184.21,35.27,0.0,205.73,0.0,98.75,68.85,0.0
2026-06-10 19:45:00,12,534.21,-184.21,35.98,0.0,304.64,0.0,146.22,79.32,0.0
2026-06-10 19:50:00,12,534.21,-184.21,33.73,0.0,239.76,0.0,115.09,71.99,0.0
2026-06-10 19:55:00,12,534.21,-184.21,34.36,2.0,272.21,0.01,130.66,76.16,0.0
2026-06-10 20:00:00,12,534.21,-184.21,34.67,0.0,231.41,0.0,111.08,71.18,0.0
2026-06-10 20:05:00,12,534.21,-184.21,34.37,1.0,306.1,0.0,146.93,79.85,100.0
2026-06-10 20:10:00,12,534.21,-184.21,33.84,0.0,203.9,0.0,97.87,68.69,99.89
2026-06-10 20:15:00,12,534.21,-184.21,33.55,3.0,243.57,0.02,116.92,73.46,99.76
2026-06-10 20:20:00,12,534.21,-184.21,33.96,1.0,273.85,0.0,131.45,75.97,99.64
2026-06-10 20:25:00,12,534.21,-184.21,34.27,2.0,200.68,0.02,96.33,69.16,99.52
2026-06-10 20:30:00,12,534.21,-184.21,33.65,0.0,288.88,0.0,138.66,77.37,99.39
2026-06-10 20:35:00,12,534.21,-184.21,32.59,0.0,317.11,0.0,152.21,80.92,99.26
2026-06-10 20:40:00,12,534.21,-184.21,33.65,1.0,229.54,0.01,110.18,71.37,99.14
2026-06-10 20:45:00,12,534.21,-184.21,33.34,1.0,305.24,0.0,146.51,79.74,99.01
2026-06-10 20:50:00,12,534.21,-184.21,33.67,0.0,206.51,0.0,99.12,68.91,98.89
2026-06-10 20:55:00,12,534.21,-184.21,32.84,2.0,298.21,0.01,143.14,79.23,98.76
2026-06-10 21:00:00,12,534.21,-184.21,33.35,2.0,272.31,0.01,130.71,76.17,98.63
2026-06-10 21:05:00,12,534.21,-184.21,32.74,0.0,315.73,0.0,151.55,80.74,98.5
2026-06-10 21:10:00,12,534.21,-184.21,32.46,3.0,285.46,0.01,137.02,78.03,98.37
2026-06-10 21:15:00,12,534.21,-184.21,33.42,1.0,299.73,0.0,143.87,79.05,98.24
2026-06-10 21:20:00,12,534.21,-184.21,31.92,0.0,217.7,0.0,104.5,69.89,98.12
2026-06-10 21:25:00,12,534.21,-184.21,32.17,1.0,289.35,0.0,138.89,77.78,97.99
2026-06-10 21:30:00,12,534.21,-184.21,32.87,1.0,290.94,0.0,139.65,77.97,97.86
2026-06-10 21:35:00,12,534.21,-184.21,33.1,1.0,268.34,0.0,128.8,75.35,97.73
2026-06-10 21:40:00,12,534.21,-184.21,32.2,0.0,294.81,0.0,141.51,78.09,97.6
2026-06-10 21:45:00,12,534.21,-184.21,32.25,1.0,221.31,0.01,106.23,70.59,97.49
2026-06-10 21:50:00,12,534.21,-184.21,32.35,2.0,222.2,0.01,106.66,71.03,97.37
2026-06-10 21:55:00,12,534.21,-184.21,31.45,0.0,288.71,0.0,138.58,77.35,97.24
2026-06-10 22:00:00,12,534.21,-184.21,31.6,3.0,269.24,0.01,129.24,76.17,97.11
2026-06-10 22:05:00,12,534.21,-184.21,32.01,3.0,225.27,0.02,108.13,71.68,96.99
2026-06-10 22:10:00,12,534.21,-184.21,31.79,1.0,290.1,0.0,139.25,77.87,96.86
2026-06-10 22:15:00,12,534.21,-184.21,30.74,2.0,265.71,0.01,127.54,75.42,96.74
2026-06-10 22:20:00,12,534.21,-184.21,31.53,1.0,279.37,0.0,134.1,76.6,96.61
2026-06-10 22:25:00,12,534.21,-184.21,32.6,0.0,294.08,0.0,141.16,78.0,96.48
2026-06-10 22:30:00,12,534.21,-184.21,31.89,0.0,298.82,0.0,143.43,78.58,96.35
2026-06-10 22:35:00,12,534.21,-184.21,31.46,0.0,274.26,0.0,131.64,75.66,96.22
2026-06-10 22:40:00,12,534.21,-184.21,31.81,0.0,308.74,0.0,148.2,79.83,96.09
2026-06-10 22:45:00,12,534.21,-184.21,30.95,3.0,239.89,0.02,115.15,73.09,95.97
2026-06-10 22:50:00,12,534.21,-184.21,30.63,3.0,255.36,0.01,122.57,74.66,95.84
2026-06-10 22:55:00,12,534.21,-184.21,31.91,1.0,308.72,0.0,148.18,80.18,95.71
2026-06-10 23:00:00,12,534.21,-184.21,31.04,3.0,272.45,0.01,130.78,76.53,95.58
2026-06-10 23:05:00,12,534.21,-184.21,31.46,2.0,228.4,0.01,109.63,71.6,95.46
2026-06-10 23:10:00,12,534.21,-184.21,31.05,1.0,230.46,0.01,110.62,71.45,95.34
2026-06-10 23:15:00,12,534.21,-184.21,30.62,3.0,258.63,0.01,124.14,75.0,95.22
2026-06-10 23:20:00,12,534.21,-184.21,31.1,1.0,207.88,0.01,99.78,69.4,95.1
2026-06-10 23:25:00,12,534.21,-184.21,30.99,2.0,286.6,0.01,137.57,77.82,94.97
2026-06-10 23:30:00,12,534.21,-184.21,30.45,0.0,214.81,0.0,103.11,69.63,94.86
2026-06-10 23:35:00,12,534.21,-184.21,30.93,1.0,232.62,0.01,111.66,71.66,94.74
2026-06-10 23:40:00,12,534.21,-184.21,32.46,0.0,242.92,0.0,116.6,72.3,94.62
2026-06-10 23:45:00,12,534.21,-184.21,30.15,0.0,298.45,0.0,143.26,78.53,94.49
2026-06-10 23:50:00,12,534.21,-184.21,31.58,1.0,296.73,0.0,142.43,78.67,94.35
2026-06-10 23:55:00,12,534.21,-184.21,30.98,0.0,257.77,0.0,123.73,73.84,94.23
2026-06-11 00:00:00,12,534.21,-184.21,30.8,1.0,232.8,0.01,111.75,71.67,94.11
2026-06-11 00:05:00,12,534.21,-184.21,31.55,4.0,256.56,0.02,123.15,75.16,93.99
2026-06-11 00:10:00,12,534.21,-184.21,30.88,1.0,287.85,0.0,138.17,77.6,93.86
2026-06-11 00:15:00,12,534.21,-184.21,31.46,1.0,225.67,0.01,108.32,71.0,93.74
2026-06-11 00:20:00,12,534.21,-184.21,31.11,0.0,323.64,0.0,155.35,81.79,93.6
2026-06-11 00:25:00,12,534.21,-184.21,31.1,2.0,285.82,0.01,137.19,77.72,93.47
2026-06-11 00:30:00,12,534.21,-184.21,31.69,3.0,224.67,0.02,107.84,71.62,93.35
2026-06-11 00:35:00,12,534.21,-184.21,30.93,3.0,259.19,0.01,124.41,75.07,93.23
2026-06-11 00:40:00,12,534.21,-184.21,31.52,1.0,303.9,0.0,145.87,79.57,93.1
2026-06-11 00:45:00,12,534.21,-184.21,31.85,2.0,265.8,0.01,127.59,75.44,92.97
2026-06-11 00:50:00,12,534.21,-184.21,31.01,3.0,288.76,0.01,138.6,78.42,92.84
2026-06-11 00:55:00,12,534.21,-184.21,30.87,1.0,308.89,0.0,148.27,80.2,92.71
2026-06-11 01:00:00,12,534.21,-184.21,31.64,4.0,216.66,0.03,104.0,71.26,92.59
2026-06-11 01:05:00,12,534.21,-184.21,31.02,5.0,306.35,0.02,147.05,81.32,92.45
2026-06-11 01:10:00,12,534.21,-184.21,30.72,2.0,260.0,0.01,124.8,74.8,92.33
2026-06-11 01:15:00,12,534.21,-184.21,31.13,6.0,300.18,0.02,144.08,80.89,92.19
2026-06-11 01:20:00,12,534.21,-184.21,31.25,5.0,270.52,0.02,129.85,77.03,92.06
2026-06-11 01:25:00,12,534.21,-184.21,31.45,2.0,235.32,0.01,112.95,72.27,91.94
2026-06-11 01:30:00,12,534.21,-184.21,32.34,1.0,267.77,0.0,128.53,75.29,91.82
2026-06-11 01:35:00,12,534.21,-184.21,31.15,2.0,299.21,0.01,143.62,79.35,91.69
2026-06-11 01:40:00,12,534.21,-184.21,31.76,2.0,260.6,0.01,125.09,74.87,91.56
2026-06-11 01:45:00,12,534.21,-184.21,31.14,4.0,324.44,0.01,155.73,83.31,91.42
2026-06-11 01:50:00,12,534.21,-184.21,31.12,2.0,289.55,0.01,138.98,78.17,91.29
2026-06-11 01:55:00,12,534.21,-184.21,31.95,0.0,275.87,0.0,132.42,75.85,91.17
2026-06-11 02:00:00,12,534.21,-184.21,31.95,0.0,249.75,0.0,119.88,73.0,91.04
2026-06-11 02:05:00,12,534.21,-184.21,31.8,2.0,260.43,0.01,125.01,74.85,90.92
2026-06-11 02:10:00,12,534.21,-184.21,32.52,2.0,232.44,0.01,111.57,71.99,90.8
2026-06-11 02:15:00,12,534.21,-184.21,32.77,1.0,206.16,0.01,98.96,69.25,90.68
2026-06-11 02:20:00,12,534.21,-184.21,32.14,4.0,308.05,0.01,147.86,81.16,90.55
2026-06-11 02:25:00,12,534.21,-184.21,33.13,0.0,316.73,0.0,152.03,80.87,90.41
2026-06-11 02:30:00,12,534.21,-184.21,33.58,3.0,321.52,0.01,154.33,82.58,90.28
2026-06-11 02:35:00,12,534.21,-184.21,32.96,2.0,233.32,0.01,111.99,72.08,90.16
2026-06-11 02:40:00,12,534.21,-184.21,32.22,4.0,282.73,0.02,135.71,78.08,90.03
2026-06-11 02:45:00,12,534.21,-184.21,32.96,1.0,212.37,0.01,101.94,69.79,89.91
2026-06-11 02:50:00,12,534.21,-184.21,32.83,5.0,289.65,0.02,139.03,79.25,89.78
2026-06-11 02:55:00,12,534.21,-184.21,34.03,4.0,269.19,0.02,129.21,76.54,89.65
2026-06-11 03:00:00,12,534.21,-184.21,32.97,2.0,221.3,0.01,106.22,70.94,89.53
2026-06-11 03:05:00,12,534.21,-184.21,32.28,0.0,216.01,0.0,103.69,69.74,89.42
2026-06-11 03:10:00,12,534.21,-184.21,33.3,2.0,245.57,0.01,117.87,73.29,89.29
2026-06-11 03:15:00,12,534.21,-184.21,33.01,2.0,217.24,0.01,104.27,70.57,89.18
2026-06-11 03:20:00,12,534.21,-184.21,34.68,1.0,309.79,0.0,148.7,80.32,89.04
2026-06-11 03:25:00,12,534.21,-184.21,33.27,1.0,225.58,0.01,108.28,70.99,88.92
2026-06-11 03:30:00,12,534.21,-184.21,33.83,1.0,280.12,0.0,134.46,76.69,88.8
2026-06-11 03:35:00,12,534.21,-184.21,32.61,3.0,252.0,0.02,120.96,74.33,88.67
2026-06-11 03:40:00,12,534.21,-184.21,34.84,1.0,324.82,0.0,155.91,82.3,88.53
2026-06-11 03:45:00,12,534.21,-184.21,34.02,1.0,297.93,0.0,143.01,78.83,88.4
2026-06-11 03:50:00,12,534.21,-184.21,33.95,3.0,298.62,0.01,143.34,79.63,88.27
2026-06-11 03:55:00,12,534.21,-184.21,34.49,1.0,201.94,0.01,96.93,68.9,88.16
2026-06-11 04:00:00,12,534.21,-184.21,34.31,1.0,255.98,0.0,122.87,74.01,88.03
2026-06-11 04:05:00,12,534.21,-184.21,34.91,5.0,307.98,0.02,147.83,81.53,87.9
2026-06-11 04:10:00,12,534.21,-184.21,35.03,3.0,322.68,0.01,154.89,82.73,87.76
2026-06-11 04:15:00,12,534.21,-184.21,34.46,1.0,279.16,0.0,134.0,76.58,87.63
2026-06-11 04:20:00,12,534.21,-184.21,35.09,2.0,292.43,0.01,140.36,78.52,87.5
2026-06-11 04:25:00,12,534.21,-184.21,36.04,1.0,249.05,0.01,119.55,73.31,87.38
2026-06-11 04:30:00,12,534.21,-184.21,34.42,3.0,267.91,0.01,128.6,76.03,87.25
2026-06-11 04:35:00,12,534.21,-184.21,35.9,0.0,295.29,0.0,141.74,78.15,87.12
2026-06-11 04:40:00,12,534.21,-184.21,35.9,2.0,209.22,0.01,100.43,69.87,87.0
2026-06-11 04:45:00,12,534.21,-184.21,35.41,1.0,224.32,0.01,107.67,70.88,86.89
2026-06-11 04:50:00,12,534.21,-184.21,36.11,5.0,310.38,0.02,148.98,81.84,86.75
2026-06-11 04:55:00,12,534.21,-184.21,36.38,0.0,250.7,0.0,120.34,73.11,86.63
2026-06-11 05:00:00,12,534.21,-184.21,35.89,0.0,214.75,0.0,103.08,69.64,86.51
2026-06-11 05:05:00,12,534.21,-184.21,36.45,1.0,279.85,0.0,134.33,76.66,86.38
2026-06-11 05:10:00,12,534.21,-184.21,36.58,2.0,233.16,0.01,111.92,72.07,86.26
2026-06-11 05:15:00,12,534.21,-184.21,35.88,0.0,269.07,0.0,129.16,75.09,86.14
2026-06-11 05:20:00,12,534.21,-184.21,36.94,1.0,203.28,0.01,97.57,69.01,86.02
2026-06-11 05:25:00,12,534.21,-184.21,36.82,2.0,309.52,0.01,148.57,80.66,85.89
2026-06-11 05:30:00,12,534.21,-184.21,37.29,0.0,291.44,0.0,139.89,77.69,85.76
2026-06-11 05:35:00,12,534.21,-184.21,37.07,2.0,289.26,0.01,138.85,78.15,85.63
2026-06-11 05:40:00,12,534.21,-184.21,37.06,0.0,259.64,0.0,124.63,74.06,85.51
2026-06-11 05:45:00,12,534.21,-184.21,37.32,1.0,212.33,0.01,101.92,69.8,85.39
2026-06-11 05:50:00,12,534.21,-184.21,38.35,0.0,262.85,0.0,126.17,74.41,85.27
2026-06-11 05:55:00,12,534.21,-184.21,38.09,3.0,256.83,0.01,123.28,74.83,85.14
2026-06-11 06:00:00,12,534.21,-184.21,37.46,0.0,292.46,0.0,140.38,77.81,85.01
2026-06-11 06:05:00,12,534.21,-184.21,38.92,2.0,297.45,0.01,142.77,79.14,84.88
2026-06-11 06:10:00,12,534.21,-184.21,38.89,1.0,226.98,0.01,108.95,71.13,84.76
2026-06-11 06:15:00,12,534.21,-184.21,37.69,0.0,294.68,0.0,141.45,78.08,84.63
2026-06-11 06:20:00,12,534.21,-184.21,38.54,1.0,265.16,0.0,127.28,75.01,84.51
2026-06-11 06:25:00,12,534.21,-184.21,38.15,0.0,324.31,0.0,155.67,81.89,84.37
2026-06-11 06:30:00,12,534.21,-184.21,38.65,2.0,231.63,0.01,111.18,71.92,84.25
2026-06-11 06:35:00,12,534.21,-184.21,39.92,1.0,273.44,0.0,131.25,75.94,84.12
2026-06-11 06:40:00,12,534.21,-184.21,38.55,0.0,208.59,0.0,100.12,69.1,84.01
2026-06-11 06:45:00,12,534.21,-184.21,39.13,1.0,239.97,0.01,115.19,72.39,83.89
2026-06-11 06:50:00,12,534.21,-184.21,38.42,1.0,302.84,0.0,145.36,79.44,83.75
2026-06-11 06:55:00,12,534.21,-184.21,39.98,0.0,202.51,0.0,97.2,68.58,83.64
2026-06-11 07:00:00,12,534.21,-184.21,40.18,1.0,210.57,0.01,101.07,69.65,83.52
2026-06-11 07:05:00,12,534.21,-184.21,40.83,1.0,242.73,0.01,116.51,72.67,83.4
2026-06-11 07:10:00,12,534.21,-184.21,39.54,0.0,312.62,0.0,150.06,80.35,83.27
2026-06-11 07:15:00,12,534.21,-184.21,40.74,0.0,217.47,0.0,104.39,69.89,83.15
2026-06-11 07:20:00,12,534.21,-184.21,40.5,0.0,211.32,0.0,101.43,69.34,83.04
2026-06-11 07:25:00,12,534.21,-184.21,40.82,1.0,247.26,0.01,118.68,73.13,82.92
2026-06-11 07:30:00,12,534.21,-184.21,40.4,1.0,249.33,0.01,119.68,73.34,82.79
2026-06-11 07:35:00,12,534.21,-184.21,40.01,1.0,268.61,0.0,128.93,75.39,82.67
2026-06-11 07:40:00,12,534.21,-184.21,40.45,1.0,248.09,0.01,119.08,73.21,82.55
2026-06-11 07:45:00,12,534.21,-184.21,40.75,0.0,207.49,0.0,99.59,69.01,82.43
2026-06-11 07:50:00,12,534.21,-184.21,41.22,0.0,224.15,0.0,107.59,70.5,82.31
2026-06-11 07:55:00,12,534.21,-184.21,40.99,0.0,207.06,0.0,99.39,68.97,82.2
2026-06-11 08:00:00,12,534.21,-184.21,40.15,0.0,244.38,0.0,117.3,72.47,82.08
2026-06-11 08:05:00,12,534.21,-184.21,41.19,0.0,287.19,0.0,137.85,77.19,81.95
2026-06-11 08:10:00,12,534.21,-184.21,41.09,1.0,322.58,0.0,154.84,82.01,81.81
2026-06-11 08:15:00,12,534.21,-184.21,42.57,1.0,218.69,0.01,104.97,70.37,81.69
2026-06-11 08:20:00,12,534.21,-184.21,41.68,2.0,254.95,0.01,122.38,74.28,81.57
2026-06-11 08:25:00,12,534.21,-184.21,42.03,0.0,314.53,0.0,150.98,80.6,81.44
2026-06-11 08:30:00,12,534.21,-184.21,41.25,0.0,244.42,0.0,117.32,72.47,81.32
2026-06-11 08:35:00,12,534.21,-184.21,43.21,0.0,300.04,0.0,144.02,78.76,81.18
2026-06-11 08:40:00,12,534.21,-184.21,42.87,1.0,281.36,0.0,135.05,76.85,81.06
2026-06-11 08:45:00,12,534.21,-184.21,42.17,3.0,257.46,0.01,123.58,74.9,80.93
2026-06-11 08:50:00,12,534.21,-184.21,43.03,1.0,273.3,0.0,131.18,75.93,80.8
2026-06-11 08:55:00,12,534.21,-184.21,43.58,0.0,225.94,0.0,108.45,70.67,80.69
2026-06-11 09:00:00,12,534.21,-184.21,43.48,0.0,304.21,0.0,146.02,79.28,80.56
2026-06-11 09:05:00,12,534.21,-184.21,43.07,0.0,286.94,0.0,137.73,77.16,80.43
2026-06-11 09:10:00,12,534.21,-184.21,43.4,1.0,247.84,0.01,118.96,73.2,80.3
2026-06-11 09:15:00,12,534.21,-184.21,43.46,1.0,313.06,0.0,150.27,80.76,80.17
2026-06-11 09:20:00,12,534.21,-184.21,43.37,3.0,268.33,0.01,128.8,76.09,80.04
2026-06-11 09:25:00,12,534.21,-184.21,43.19,2.0,239.89,0.01,115.15,72.74,79.92
2026-06-11 09:30:00,12,534.21,-184.21,44.18,0.0,222.1,0.0,106.61,70.32,79.8
2026-06-11 09:35:00,12,534.21,-184.21,44.51,1.0,247.41,0.01,118.76,73.15,79.68
2026-06-11 09:40:00,12,534.21,-184.21,43.57,0.0,307.1,0.0,147.41,79.65,79.55
2026-06-11 09:45:00,12,534.21,-184.21,44.29,0.0,208.8,0.0,100.22,69.13,79.43
2026-06-11 09:50:00,12,534.21,-184.21,43.33,3.0,295.67,0.01,141.92,79.29,79.3
2026-06-11 09:55:00,12,534.21,-184.21,44.3,1.0,283.79,0.0,136.22,77.14,79.17
2026-06-11 10:00:00,12,534.21,-184.21,43.72,0.0,214.7,0.0,103.06,69.65,79.06
2026-06-11 10:05:00,12,534.21,-184.21,44.7,2.0,320.93,0.01,154.05,82.17,78.92
2026-06-11 10:10:00,12,534.21,-184.21,43.8,1.0,243.16,0.01,116.72,72.72,78.8
2026-06-11 10:15:00,12,534.21,-184.21,45.46,1.0,228.5,0.01,109.68,71.29,78.68
2026-06-11 10:20:00,12,534.21,-184.21,44.84,1.0,203.47,0.01,97.66,69.05,78.57
2026-06-11 10:25:00,12,534.21,-184.21,44.08,2.0,302.08,0.01,145.0,79.73,78.43
2026-06-11 10:30:00,12,534.21,-184.21,43.96,3.0,293.37,0.01,140.82,79.01,78.3
2026-06-11 10:35:00,12,534.21,-184.21,45.26,0.0,314.33,0.0,150.88,80.58,78.17
2026-06-11 10:40:00,12,534.21,-184.21,44.0,2.0,299.88,0.01,143.94,79.46,78.03
2026-06-11 10:45:00,12,534.21,-184.21,44.63,5.0,299.81,0.02,143.91,80.52,77.9
2026-06-11 10:50:00,12,534.21,-184.21,43.73,1.0,207.79,0.01,99.74,69.41,77.78
2026-06-11 10:55:00,12,534.21,-184.21,44.15,1.0,289.69,0.0,139.05,77.84,77.65
2026-06-11 11:00:00,12,534.21,-184.21,45.2,0.0,268.98,0.0,129.11,75.1,77.53
2026-06-11 11:05:00,12,534.21,-184.21,44.83,1.0,283.84,0.0,136.24,77.15,77.4
2026-06-11 11:10:00,12,534.21,-184.21,44.45,2.0,251.49,0.01,120.71,73.92,77.28
2026-06-11 11:15:00,12,534.21,-184.21,44.07,1.0,223.69,0.01,107.37,70.84,77.16
2026-06-11 11:20:00,12,534.21,-184.21,45.05,2.0,324.1,0.01,155.57,82.59,77.02
2026-06-11 11:25:00,12,534.21,-184.21,44.22,1.0,212.47,0.01,101.99,69.82,76.91
2026-06-11 11:30:00,12,534.21,-184.21,44.61,3.0,309.49,0.01,148.55,81.02,76.77
2026-06-11 11:35:00,12,534.21,-184.21,45.62,0.0,255.73,0.0,122.75,73.65,76.65
2026-06-11 11:40:00,12,534.21,-184.21,45.0,0.0,278.02,0.0,133.45,76.12,76.52
2026-06-11 11:45:00,12,534.21,-184.21,44.87,3.0,271.4,0.01,130.27,76.44,76.39
2026-06-11 11:50:00,12,534.21,-184.21,44.57,3.0,205.41,0.02,98.6,69.93,76.28
2026-06-11 11:55:00,12,534.21,-184.21,44.66,0.0,216.22,0.0,103.79,69.79,76.16
2026-06-11 12:00:00,12,534.21,-184.21,44.92,3.0,293.89,0.01,141.07,79.07,76.03
2026-06-11 12:05:00,12,534.21,-184.21,45.25,4.0,297.52,0.01,142.81,79.87,75.9
2026-06-11 12:10:00,12,534.21,-184.21,44.59,2.0,282.32,0.01,135.51,77.34,75.77
2026-06-11 12:15:00,12,534.21,-184.21,45.18,2.0,265.09,0.01,127.25,75.39,75.64
2026-06-11 12:20:00,12,534.21,-184.21,45.74,2.0,304.74,0.01,146.27,80.07,75.51
2026-06-11 12:25:00,12,534.21,-184.21,44.84,1.0,246.74,0.01,118.43,73.09,75.39
2026-06-11 12:30:00,12,534.21,-184.21,44.82,0.0,309.45,0.0,148.54,79.95,75.25
2026-06-11 12:35:00,12,534.21,-184.21,44.65,3.0,241.7,0.02,116.01,73.29,75.13
2026-06-11 12:40:00,12,534.21,-184.21,44.37,2.0,282.84,0.01,135.76,77.4,75.0
2026-06-11 12:45:00,12,534.21,-184.21,44.4,3.0,302.37,0.01,145.14,80.12,74.87
2026-06-11 12:50:00,12,534.21,-184.21,45.75,2.0,270.12,0.01,129.66,75.94,74.74
2026-06-11 12:55:00,12,534.21,-184.21,46.07,4.0,281.15,0.02,134.95,77.93,74.61
2026-06-11 13:00:00,12,534.21,-184.21,44.06,1.0,313.63,0.0,150.54,80.84,74.48
2026-06-11 13:05:00,12,534.21,-184.21,45.49,0.0,227.2,0.0,109.06,70.8,74.36
2026-06-11 13:10:00,12,534.21,-184.21,44.93,2.0,268.47,0.01,128.86,75.76,74.23
2026-06-11 13:15:00,12,534.21,-184.21,45.03,3.0,232.98,0.02,111.83,72.44,74.11
2026-06-11 13:20:00,12,534.21,-184.21,44.73,2.0,308.19,0.01,147.93,80.51,73.98
2026-06-11 13:25:00,12,534.21,-184.21,44.51,2.0,207.0,0.01,99.36,69.7,73.86
2026-06-11 13:30:00,12,534.21,-184.21,45.33,9.0,275.39,0.04,132.19,79.05,73.73
2026-06-11 13:35:00,12,534.21,-184.21,44.46,3.0,292.52,0.01,140.41,78.9,73.6
2026-06-11 13:40:00,12,534.21,-184.21,45.15,0.0,285.44,0.0,137.01,76.99,73.47
2026-06-11 13:45:00,12,534.21,-184.21,45.26,0.0,231.28,0.0,111.01,71.18,73.35
2026-06-11 13:50:00,12,534.21,-184.21,43.54,4.0,301.86,0.01,144.89,80.4,73.22
2026-06-11 13:55:00,12,534.21,-184.21,44.24,1.0,259.86,0.0,124.73,74.44,73.09
2026-06-11 14:00:00,12,534.21,-184.21,43.76,1.0,245.23,0.01,117.71,72.93,72.97
2026-06-11 14:05:00,12,534.21,-184.21,43.77,1.0,217.38,0.01,104.34,70.26,72.85
2026-06-11 14:10:00,12,534.21,-184.21,43.74,4.0,268.15,0.02,128.71,76.44,72.73
2026-06-11 14:15:00,12,534.21,-184.21,43.97,1.0,227.53,0.01,109.21,71.19,72.61
2026-06-11 14:20:00,12,534.21,-184.21,42.91,3.0,252.24,0.02,121.08,74.37,72.48
2026-06-11 14:25:00,12,534.21,-184.21,43.52,5.0,207.67,0.04,99.68,70.86,72.37
2026-06-11 14:30:00,12,534.21,-184.21,43.65,7.0,225.6,0.04,108.29,73.17,72.24
2026-06-11 14:35:00,12,534.21,-184.21,44.15,7.0,314.28,0.02,150.85,83.06,72.11
2026-06-11 14:40:00,12,534.21,-184.21,43.72,1.0,201.34,0.01,96.64,68.86,71.99
2026-06-11 14:45:00,12,534.21,-184.21,43.22,3.0,229.4,0.02,110.11,72.09,71.87
2026-06-11 14:50:00,12,534.21,-184.21,42.92,2.0,266.01,0.01,127.69,75.48,71.75
2026-06-11 14:55:00,12,534.21,-184.21,42.72,1.0,304.39,0.0,146.11,79.65,71.61
2026-06-11 15:00:00,12,534.21,-184.21,44.24,0.0,318.48,0.0,152.87,81.12,71.48
2026-06-11 15:05:00,12,534.21,-184.21,43.46,0.0,217.41,0.0,104.36,69.89,71.36
2026-06-11 15:10:00,12,534.21,-184.21,42.67,1.0,202.69,0.01,97.29,68.98,71.25
2026-06-11 15:15:00,12,534.21,-184.21,42.97,2.0,229.4,0.01,110.11,71.72,71.13
2026-06-11 15:20:00,12,534.21,-184.21,42.12,5.0,286.34,0.02,137.44,78.88,71.0
2026-06-11 15:25:00,12,534.21,-184.21,42.12,0.0,234.0,0.0,112.32,71.44,70.88
2026-06-11 15:30:00,12,534.21,-184.21,42.46,1.0,223.89,0.01,107.47,70.85,70.76
2026-06-11 15:35:00,12,534.21,-184.21,41.97,1.0,288.86,0.0,138.65,77.74,70.63
2026-06-11 15:40:00,12,534.21,-184.21,42.34,4.0,293.78,0.01,141.01,79.4,70.5
2026-06-11 15:45:00,12,534.21,-184.21,41.4,2.0,320.31,0.01,153.75,82.08,70.36
2026-06-11 15:50:00,12,534.21,-184.21,41.89,2.0,214.81,0.01,103.11,70.37,70.24
2026-06-11 15:55:00,12,534.21,-184.21,42.24,2.0,316.3,0.01,151.83,81.55,70.11
2026-06-11 16:00:00,12,534.21,-184.21,42.52,2.0,273.52,0.01,131.29,76.32,69.98
2026-06-11 16:05:00,12,534.21,-184.21,41.34,1.0,309.67,0.0,148.64,80.32,69.85
2026-06-11 16:10:00,12,534.21,-184.21,41.22,4.0,317.22,0.01,152.27,82.37,69.71
2026-06-11 16:15:00,12,534.21,-184.21,40.45,1.0,317.06,0.0,152.19,81.28,69.57
2026-06-11 16:20:00,12,534.21,-184.21,40.63,4.0,322.83,0.01,154.96,83.11,69.43
2026-06-11 16:25:00,12,534.21,-184.21,40.86,1.0,237.65,0.01,114.07,72.16,69.31
2026-06-11 16:30:00,12,534.21,-184.21,40.65,0.0,253.98,0.0,121.91,73.46,69.19
2026-06-11 16:35:00,12,534.21,-184.21,39.9,0.0,229.46,0.0,110.14,71.0,69.07
2026-06-11 16:40:00,12,534.21,-184.21,40.35,1.0,269.41,0.0,129.32,75.48,68.95
2026-06-11 16:45:00,12,534.21,-184.21,39.65,3.0,270.84,0.01,130.01,76.36,68.82
2026-06-11 16:50:00,12,534.21,-184.21,39.96,0.0,260.36,0.0,124.97,74.14,68.7
2026-06-11 16:55:00,12,534.21,-184.21,39.46,0.0,240.47,0.0,115.43,72.07,68.58
2026-06-11 17:00:00,12,534.21,-184.21,39.59,0.0,244.58,0.0,117.4,72.49,68.46
2026-06-11 17:05:00,12,534.21,-184.21,40.29,2.0,274.7,0.01,131.86,76.45,68.33
2026-06-11 17:10:00,12,534.21,-184.21,39.64,2.0,268.01,0.01,128.65,75.7,68.2
2026-06-11 17:15:00,12,534.21,-184.21,38.9,0.0,310.52,0.0,149.05,80.07,68.07
2026-06-11 17:20:00,12,534.21,-184.21,38.89,1.0,282.92,0.0,135.8,77.03,67.94
2026-06-11 17:25:00,12,534.21,-184.21,39.05,3.0,245.96,0.02,118.06,73.71,67.82
2026-06-11 17:30:00,12,534.21,-184.21,38.31,1.0,249.05,0.01,119.55,73.31,67.69
2026-06-11 17:35:00,12,534.21,-184.21,39.48,2.0,318.51,0.01,152.89,81.84,67.56
2026-06-11 17:40:00,12,534.21,-184.21,39.75,0.0,265.45,0.0,127.42,74.69,67.43
2026-06-11 17:45:00,12,534.21,-184.21,38.18,2.0,246.74,0.01,118.43,73.42,67.31
2026-06-11 17:50:00,12,534.21,-184.21,38.25,0.0,281.79,0.0,135.26,76.54,67.18
2026-06-11 17:55:00,12,534.21,-184.21,38.52,1.0,297.3,0.0,142.7,78.76,67.05
2026-06-11 18:00:00,12,534.21,-184.21,37.43,1.0,306.77,0.0,147.25,79.94,66.92
2026-06-11 18:05:00,12,534.21,-184.21,37.83,1.0,322.74,0.0,154.92,82.03,66.78
2026-06-11 18:10:00,12,534.21,-184.21,37.24,1.0,254.7,0.0,122.26,73.88,66.66
2026-06-11 18:15:00,12,534.21,-184.21,36.98,1.0,232.2,0.01,111.46,71.63,66.54
2026-06-11 18:20:00,12,534.21,-184.21,37.44,2.0,290.85,0.01,139.61,78.34,66.41
2026-06-11 18:25:00,12,534.21,-184.21,36.83,1.0,323.58,0.0,155.32,82.14,66.27
2026-06-11 18:30:00,12,534.21,-184.21,36.1,0.0,274.09,0.0,131.56,75.65,66.15
2026-06-11 18:35:00,12,534.21,-184.21,35.93,0.0,239.84,0.0,115.12,72.0,66.03
2026-06-11 18:40:00,12,534.21,-184.21,35.95,1.0,252.85,0.0,121.37,73.68,65.9
2026-06-11 18:45:00,12,534.21,-184.21,36.66,0.0,207.55,0.0,99.62,69.01,65.79
2026-06-11 18:50:00,12,534.21,-184.21,36.31,2.0,246.73,0.01,118.43,73.42,65.67
2026-06-11 18:55:00,12,534.21,-184.21,35.07,1.0,283.23,0.0,135.95,77.06,65.54
2026-06-11 19:00:00,12,534.21,-184.21,35.95,1.0,229.56,0.01,110.19,71.37,65.42
2026-06-11 19:05:00,12,534.21,-184.21,36.78,0.0,298.87,0.0,143.46,78.6,65.29
2026-06-11 19:10:00,12,534.21,-184.21,36.38,0.0,310.43,0.0,149.01,80.06,65.15
2026-06-11 19:15:00,12,534.21,-184.21,35.11,1.0,267.95,0.0,128.62,75.31,65.03
2026-06-11 19:20:00,12,534.21,-184.21,34.75,0.0,290.23,0.0,139.31,77.54,64.9
2026-06-11 19:25:00,12,534.21,-184.21,36.02,0.0,254.51,0.0,122.16,73.5,64.78
2026-06-11 19:30:00,12,534.21,-184.21,35.27,0.0,274.26,0.0,131.65,75.67,64.65
2026-06-11 19:35:00,12,534.21,-184.21,34.57,2.0,276.62,0.01,132.78,76.66,64.52
2026-06-11 19:40:00,12,534.21,-184.21,34.79,0.0,204.56,0.0,98.19,68.75,64.41
2026-06-11 19:45:00,12,534.21,-184.21,35.13,2.0,310.89,0.01,149.23,80.83,64.27
2026-06-11 19:50:00,12,534.21,-184.21,34.84,0.0,316.21,0.0,151.78,80.81,64.14
2026-06-11 19:55:00,12,534.21,-184.21,34.94,0.0,207.46,0.0,99.58,69.0,64.02
2026-06-11 20:00:00,12,534.21,-184.21,35.57,0.0,239.5,0.0,114.96,71.97,63.9
2026-06-11 20:05:00,12,534.21,-184.21,34.24,0.0,225.3,0.0,108.15,70.6,63.79
2026-06-11 20:10:00,12,534.21,-184.21,33.75,0.0,261.43,0.0,125.49,74.24,63.66
2026-06-11 20:15:00,12,534.21,-184.21,34.83,1.0,247.94,0.01,119.01,73.19,63.54
2026-06-11 20:20:00,12,534.21,-184.21,33.94,0.0,255.43,0.0,122.61,73.6,63.42
2026-06-11 20:25:00,12,534.21,-184.21,33.93,0.0,280.38,0.0,134.58,76.37,63.29
2026-06-11 20:30:00,12,534.21,-184.21,34.4,0.0,294.05,0.0,141.14,78.0,63.16
2026-06-11 20:35:00,12,534.21,-184.21,33.42,0.0,241.93,0.0,116.13,72.21,63.04
2026-06-11 20:40:00,12,534.21,-184.21,32.55,1.0,287.11,0.0,137.81,77.51,62.91
2026-06-11 20:45:00,12,534.21,-184.21,33.89,0.0,224.75,0.0,107.88,70.54,62.79
2026-06-11 20:50:00,12,534.21,-184.21,33.56,2.0,265.22,0.01,127.3,75.37,62.67
2026-06-11 20:55:00,12,534.21,-184.21,33.15,0.0,302.73,0.0,145.31,79.07,62.54
2026-06-11 21:00:00,12,534.21,-184.21,32.76,3.0,236.91,0.02,113.72,72.8,62.42
2026-06-11 21:05:00,12,534.21,-184.21,32.74,0.0,232.29,0.0,111.5,71.26,62.3
2026-06-11 21:10:00,12,534.21,-184.21,32.19,0.0,298.21,0.0,143.14,78.51,62.17
2026-06-11 21:15:00,12,534.21,-184.21,32.54,2.0,313.02,0.01,150.25,81.11,62.03
2026-06-11 21:20:00,12,534.21,-184.21,32.38,1.0,254.38,0.0,122.1,73.83,61.91
2026-06-11 21:25:00,12,534.21,-184.21,32.17,1.0,298.45,0.0,143.26,78.89,61.78
2026-06-11 21:30:00,12,534.21,-184.21,31.93,1.0,301.7,0.0,144.82,79.29,61.64
2026-06-11 21:35:00,12,534.21,-184.21,32.25,2.0,312.1,0.01,149.81,80.99,61.51
2026-06-11 21:40:00,12,534.21,-184.21,31.53,3.0,246.86,0.02,118.49,73.79,61.39
2026-06-11 21:45:00,12,534.21,-184.21,32.08,0.0,211.79,0.0,101.66,69.37,61.27
2026-06-11 21:50:00,12,534.21,-184.21,32.95,2.0,318.67,0.01,152.96,81.85,61.13
2026-06-11 21:55:00,12,534.21,-184.21,32.06,2.0,249.76,0.01,119.88,73.72,61.01
2026-06-11 22:00:00,12,534.21,-184.21,32.28,2.0,285.7,0.01,137.14,77.71,60.88
2026-06-11 22:05:00,12,534.21,-184.21,31.85,2.0,312.73,0.01,150.11,81.07,60.75
2026-06-11 22:10:00,12,534.21,-184.21,32.2,0.0,225.78,0.0,108.38,70.64,60.63
2026-06-11 22:15:00,12,534.21,-184.21,31.43,0.0,241.49,0.0,115.92,72.16,60.51
2026-06-11 22:20:00,12,534.21,-184.21,31.84,0.0,216.84,0.0,104.08,69.82,60.39
2026-06-11 22:25:00,12,534.21,-184.21,32.15,1.0,305.83,0.0,146.8,79.81,60.26
2026-06-11 22:30:00,12,534.21,-184.21,31.86,1.0,285.3,0.0,136.94,77.29,60.13
2026-06-11 22:35:00,12,534.21,-184.21,31.6,2.0,312.33,0.01,149.92,81.01,60.0
2026-06-11 22:40:00,12,534.21,-184.21,31.9,1.0,276.53,0.0,132.73,76.27,59.87
2026-06-11 22:45:00,12,534.21,-184.21,31.17,1.0,286.95,0.0,137.74,77.49,59.74
2026-06-11 22:50:00,12,534.21,-184.21,30.83,1.0,310.48,0.0,149.03,80.4,59.61
2026-06-11 22:55:00,12,534.21,-184.21,30.88,2.0,213.72,0.01,102.59,70.26,59.49
2026-06-11 23:00:00,12,534.21,-184.21,31.23,5.0,305.67,0.02,146.72,81.23,59.35
2026-06-11 23:05:00,12,534.21,-184.21,30.97,1.0,259.62,0.0,124.62,74.39,59.23
2026-06-11 23:10:00,12,534.21,-184.21,31.49,1.0,204.13,0.01,97.98,69.08,59.11
2026-06-11 23:15:00,12,534.21,-184.21,30.59,0.0,215.85,0.0,103.61,69.73,59.0
2026-06-11 23:20:00,12,534.21,-184.21,31.69,1.0,252.25,0.01,121.08,73.63,58.87
2026-06-11 23:25:00,12,534.21,-184.21,31.43,1.0,290.48,0.0,139.43,77.91,58.74
2026-06-11 23:30:00,12,534.21,-184.21,31.44,4.0,294.13,0.01,141.18,79.42,58.61
2026-06-11 23:35:00,12,534.21,-184.21,30.95,3.0,318.51,0.01,152.89,82.17,58.48
2026-06-11 23:40:00,12,534.21,-184.21,31.11,0.0,246.07,0.0,118.11,72.62,58.35
2026-06-11 23:45:00,12,534.21,-184.21,31.77,1.0,219.45,0.01,105.34,70.42,58.24
2026-06-11 23:50:00,12,534.21,-184.21,30.83,4.0,309.64,0.01,148.63,81.37,58.1
2026-06-11 23:55:00,12,534.21,-184.21,30.99,1.0,290.59,0.0,139.48,77.92,57.97
2026-06-12 00:00:00,12,534.21,-184.21,31.21,2.0,285.65,0.01,137.11,77.7,57.84
2026-06-12 00:05:00,12,534.21,-184.21,30.62,0.0,291.3,0.0,139.82,77.66,57.71
2026-06-12 00:10:00,12,534.21,-184.21,31.0,0.0,201.39,0.0,96.67,68.48,57.6
2026-06-12 00:15:00,12,534.21,-184.21,30.59,1.0,207.43,0.01,99.57,69.36,57.48
2026-06-12 00:20:00,12,534.21,-184.21,30.74,0.0,222.24,0.0,106.67,70.31,57.37
2026-06-12 00:25:00,12,534.21,-184.21,32.01,2.0,287.75,0.01,138.12,77.96,57.24
2026-06-12 00:30:00,12,534.21,-184.21,31.02,1.0,227.84,0.01,109.36,71.2,57.12
2026-06-12 00:35:00,12,534.21,-184.21,31.3,4.0,233.17,0.02,111.92,72.78,57.0
2026-06-12 00:40:00,12,534.21,-184.21,31.69,3.0,250.48,0.02,120.23,74.17,56.87
2026-06-12 00:45:00,12,534.21,-184.21,30.06,0.0,204.44,0.0,98.13,68.73,56.76
2026-06-12 00:50:00,12,534.21,-184.21,30.46,2.0,235.2,0.01,112.9,72.26,56.64
2026-06-12 00:55:00,12,534.21,-184.21,31.24,2.0,212.37,0.01,101.94,70.14,56.52
2026-06-12 01:00:00,12,534.21,-184.21,30.81,2.0,213.92,0.01,102.68,70.27,56.4
2026-06-12 01:05:00,12,534.21,-184.21,31.31,4.0,209.16,0.03,100.4,70.6,56.29
2026-06-12 01:10:00,12,534.21,-184.21,31.35,2.0,231.91,0.01,111.32,71.94,56.17
2026-06-12 01:15:00,12,534.21,-184.21,31.97,3.0,244.75,0.02,117.48,73.58,56.04
2026-06-12 01:20:00,12,534.21,-184.21,30.36,2.0,237.64,0.01,114.07,72.49,55.92
2026-06-12 01:25:00,12,534.21,-184.21,31.72,0.0,201.35,0.0,96.65,68.47,55.81
2026-06-12 01:30:00,12,534.21,-184.21,30.68,2.0,244.21,0.01,117.22,73.15,55.69
2026-06-12 01:35:00,12,534.21,-184.21,32.45,2.0,317.42,0.01,152.36,81.68,55.55
2026-06-12 01:40:00,12,534.21,-184.21,31.61,2.0,298.72,0.01,143.38,79.29,55.42
2026-06-12 01:45:00,12,534.21,-184.21,31.06,1.0,271.09,0.0,130.12,75.65,55.29
2026-06-12 01:50:00,12,534.21,-184.21,31.46,2.0,248.72,0.01,119.39,73.61,55.17
2026-06-12 01:55:00,12,534.21,-184.21,31.64,2.0,292.76,0.01,140.52,78.56,55.04
2026-06-12 02:00:00,12,534.21,-184.21,32.07,2.0,301.33,0.01,144.64,79.62,54.91
2026-06-12 02:05:00,12,534.21,-184.21,31.75,5.0,260.5,0.02,125.04,75.93,54.78
2026-06-12 02:10:00,12,534.21,-184.21,31.92,5.0,291.64,0.02,139.99,79.49,54.65
2026-06-12 02:15:00,12,534.21,-184.21,31.96,4.0,228.8,0.02,109.83,72.36,54.53
2026-06-12 02:20:00,12,534.21,-184.21,32.41,2.0,323.46,0.01,155.26,82.48,54.39
2026-06-12 02:25:00,12,534.21,-184.21,32.88,2.0,232.39,0.01,111.55,71.99,54.27
2026-06-12 02:30:00,12,534.21,-184.21,32.82,2.0,306.78,0.01,147.25,80.3,54.13
2026-06-12 02:35:00,12,534.21,-184.21,32.56,2.0,251.87,0.01,120.9,73.94,54.01
2026-06-12 02:40:00,12,534.21,-184.21,31.94,2.0,301.84,0.01,144.89,79.68,53.88
2026-06-12 02:45:00,12,534.21,-184.21,32.76,0.0,294.12,0.0,141.18,78.01,53.75
2026-06-12 02:50:00,12,534.21,-184.21,32.52,4.0,235.73,0.02,113.15,73.03,53.63
2026-06-12 02:55:00,12,534.21,-184.21,32.68,0.0,204.63,0.0,98.22,68.75,53.51
2026-06-12 03:00:00,12,534.21,-184.21,32.27,1.0,250.2,0.01,120.1,73.42,53.39
2026-06-12 03:05:00,12,534.21,-184.21,33.16,2.0,216.26,0.01,103.81,70.49,53.27
2026-06-12 03:10:00,12,534.21,-184.21,32.9,3.0,266.43,0.01,127.88,75.86,53.15
2026-06-12 03:15:00,12,534.21,-184.21,33.4,2.0,245.82,0.01,117.99,73.32,53.02
2026-06-12 03:20:00,12,534.21,-184.21,33.45,1.0,202.3,0.01,97.1,68.92,52.91
2026-06-12 03:25:00,12,534.21,-184.21,33.8,1.0,275.78,0.0,132.38,76.19,52.78
2026-06-12 03:30:00,12,534.21,-184.21,34.77,3.0,290.87,0.01,139.62,78.69,52.65
2026-06-12 03:35:00,12,534.21,-184.21,33.76,1.0,235.29,0.01,112.94,71.92,52.53
2026-06-12 03:40:00,12,534.21,-184.21,34.2,0.0,239.25,0.0,114.84,71.94,52.41
2026-06-12 03:45:00,12,534.21,-184.21,33.88,2.0,244.53,0.01,117.37,73.19,52.29
2026-06-12 03:50:00,12,534.21,-184.21,33.96,1.0,304.05,0.0,145.94,79.59,52.16
2026-06-12 03:55:00,12,534.21,-184.21,34.29,1.0,309.74,0.0,148.68,80.32,52.02
2026-06-12 04:00:00,12,534.21,-184.21,33.81,2.0,291.5,0.01,139.92,78.41,51.89
2026-06-12 04:05:00,12,534.21,-184.21,34.31,2.0,279.28,0.01,134.05,76.96,51.76
2026-06-12 04:10:00,12,534.21,-184.21,34.97,1.0,219.62,0.01,105.42,70.44,51.65
2026-06-12 04:15:00,12,534.21,-184.21,33.99,3.0,296.58,0.01,142.36,79.38,51.51
2026-06-12 04:20:00,12,534.21,-184.21,35.2,0.0,277.29,0.0,133.1,76.02,51.39
2026-06-12 04:25:00,12,534.21,-184.21,35.56,1.0,304.11,0.0,145.97,79.6,51.25
2026-06-12 04:30:00,12,534.21,-184.21,35.36,3.0,236.76,0.02,113.64,72.79,51.13
2026-06-12 04:35:00,12,534.21,-184.21,35.39,2.0,228.03,0.01,109.45,71.57,51.01
2026-06-12 04:40:00,12,534.21,-184.21,35.05,3.0,305.19,0.01,146.49,80.46,50.88
2026-06-12 04:45:00,12,534.21,-184.21,35.1,5.0,320.88,0.02,154.02,83.21,50.74
2026-06-12 04:50:00,12,534.21,-184.21,36.06,2.0,208.53,0.01,100.1,69.81,50.62
2026-06-12 04:55:00,12,534.21,-184.21,35.93,1.0,300.31,0.0,144.15,79.12,50.49
2026-06-12 05:00:00,12,534.21,-184.21,36.96,0.0,204.1,0.0,97.97,68.71,50.38
2026-06-12 05:05:00,12,534.21,-184.21,37.09,2.0,266.92,0.01,128.12,75.57,50.25
2026-06-12 05:10:00,12,534.21,-184.21,36.78,0.0,257.42,0.0,123.56,73.82,50.13
2026-06-12 05:15:00,12,534.21,-184.21,36.08,0.0,228.2,0.0,109.54,70.87,50.01
2026-06-12 05:20:00,12,534.21,-184.21,36.62,1.0,308.62,0.0,148.14,80.18,49.88
2026-06-12 05:25:00,12,534.21,-184.21,36.85,4.0,258.5,0.02,124.08,75.37,49.75
2026-06-12 05:30:00,12,534.21,-184.21,36.68,1.0,228.8,0.01,109.82,71.3,49.63
2026-06-12 05:35:00,12,534.21,-184.21,36.57,2.0,237.81,0.01,114.15,72.52,49.51
2026-06-12 05:40:00,12,534.21,-184.21,37.01,0.0,295.99,0.0,142.07,78.24,49.38
2026-06-12 05:45:00,12,534.21,-184.21,37.1,0.0,200.96,0.0,96.46,68.45,49.27
2026-06-12 05:50:00,12,534.21,-184.21,38.75,1.0,226.87,0.01,108.9,71.12,49.15
2026-06-12 05:55:00,12,534.21,-184.21,37.4,0.0,281.77,0.0,135.25,76.54,49.02
2026-06-12 06:00:00,12,534.21,-184.21,38.16,1.0,279.36,0.0,134.09,76.61,48.89
2026-06-12 06:05:00,12,534.21,-184.21,37.96,3.0,307.75,0.01,147.72,80.79,48.76
2026-06-12 06:10:00,12,534.21,-184.21,38.36,0.0,226.5,0.0,108.72,70.72,48.64
2026-06-12 06:15:00,12,534.21,-184.21,38.04,0.0,236.16,0.0,113.36,71.64,48.52
2026-06-12 06:20:00,12,534.21,-184.21,38.09,3.0,216.46,0.02,103.9,70.88,48.4
2026-06-12 06:25:00,12,534.21,-184.21,38.94,2.0,289.13,0.01,138.78,78.13,48.27
2026-06-12 06:30:00,12,534.21,-184.21,38.92,1.0,295.66,0.0,141.92,78.56,48.14
2026-06-12 06:35:00,12,534.21,-184.21,39.91,1.0,278.39,0.0,133.63,76.5,48.02
2026-06-12 06:40:00,12,534.21,-184.21,38.74,2.0,280.4,0.01,134.59,77.1,47.89
2026-06-12 06:45:00,12,534.21,-184.21,39.33,1.0,235.41,0.01,113.0,71.94,47.77
2026-06-12 06:50:00,12,534.21,-184.21,39.6,0.0,231.55,0.0,111.14,71.2,47.65
2026-06-12 06:55:00,12,534.21,-184.21,39.67,2.0,304.24,0.01,146.04,80.0,47.51
2026-06-12 07:00:00,12,534.21,-184.21,39.66,0.0,249.31,0.0,119.67,72.97,47.39
2026-06-12 07:05:00,12,534.21,-184.21,40.87,2.0,274.4,0.01,131.71,76.42,47.27
2026-06-12 07:10:00,12,534.21,-184.21,39.28,0.0,318.33,0.0,152.8,81.09,47.13
2026-06-12 07:15:00,12,534.21,-184.21,40.56,0.0,205.7,0.0,98.74,68.86,47.02
2026-06-12 07:20:00,12,534.21,-184.21,40.79,1.0,253.43,0.0,121.65,73.75,46.89
2026-06-12 07:25:00,12,534.21,-184.21,41.21,0.0,252.87,0.0,121.38,73.34,46.77
2026-06-12 07:30:00,12,534.21,-184.21,39.31,0.0,245.01,0.0,117.6,72.53,46.65
2026-06-12 07:35:00,12,534.21,-184.21,40.83,0.0,207.16,0.0,99.44,68.98,46.53
2026-06-12 07:40:00,12,534.21,-184.21,40.89,1.0,321.59,0.0,154.36,81.88,46.4
2026-06-12 07:45:00,12,534.21,-184.21,41.21,0.0,205.93,0.0,98.85,68.88,46.28
2026-06-12 07:50:00,12,534.21,-184.21,41.08,1.0,281.05,0.0,134.9,76.81,46.16
2026-06-12 07:55:00,12,534.21,-184.21,41.06,0.0,276.92,0.0,132.92,75.98,46.03
2026-06-12 08:00:00,12,534.21,-184.21,40.37,0.0,231.74,0.0,111.23,71.22,45.91
2026-06-12 08:05:00,12,534.21,-184.21,40.99,0.0,280.93,0.0,134.85,76.45,45.78
2026-06-12 08:10:00,12,534.21,-184.21,40.72,0.0,276.87,0.0,132.9,75.98,45.66
2026-06-12 08:15:00,12,534.21,-184.21,42.19,1.0,233.3,0.01,111.98,71.74,45.54
2026-06-12 08:20:00,12,534.21,-184.21,42.11,1.0,318.78,0.0,153.02,81.51,45.4
2026-06-12 08:25:00,12,534.21,-184.21,42.16,0.0,224.86,0.0,107.93,70.57,45.28
2026-06-12 08:30:00,12,534.21,-184.21,42.75,0.0,248.02,0.0,119.05,72.84,45.16
2026-06-12 08:35:00,12,534.21,-184.21,42.1,0.0,271.27,0.0,130.21,75.35,45.04
2026-06-12 08:40:00,12,534.21,-184.21,43.11,0.0,261.92,0.0,125.72,74.31,44.91
2026-06-12 08:45:00,12,534.21,-184.21,42.88,4.0,224.94,0.03,107.97,72.04,44.79
2026-06-12 08:50:00,12,534.21,-184.21,43.62,0.0,295.79,0.0,141.98,78.23,44.66
2026-06-12 08:55:00,12,534.21,-184.21,42.98,0.0,282.06,0.0,135.39,76.59,44.53
2026-06-12 09:00:00,12,534.21,-184.21,43.2,0.0,209.67,0.0,100.64,69.2,44.42
2026-06-12 09:05:00,12,534.21,-184.21,43.48,1.0,206.98,0.01,99.35,69.34,44.3
2026-06-12 09:10:00,12,534.21,-184.21,43.57,1.0,278.34,0.0,133.6,76.5,44.18
2026-06-12 09:15:00,12,534.21,-184.21,43.59,1.0,217.34,0.01,104.32,70.25,44.06
2026-06-12 09:20:00,12,534.21,-184.21,43.52,1.0,214.66,0.01,103.04,70.01,43.94
2026-06-12 09:25:00,12,534.21,-184.21,43.31,0.0,234.1,0.0,112.37,71.45,43.82
2026-06-12 09:30:00,12,534.21,-184.21,42.64,2.0,266.89,0.01,128.11,75.58,43.7
2026-06-12 09:35:00,12,534.21,-184.21,43.49,0.0,201.78,0.0,96.86,68.53,43.58
2026-06-12 09:40:00,12,534.21,-184.21,43.15,2.0,220.49,0.01,105.83,70.89,43.46
2026-06-12 09:45:00,12,534.21,-184.21,43.39,0.0,207.86,0.0,99.77,69.05,43.35
2026-06-12 09:50:00,12,534.21,-184.21,43.7,0.0,279.99,0.0,134.4,76.35,43.22
2026-06-12 09:55:00,12,534.21,-184.21,43.91,2.0,274.44,0.01,131.73,76.43,43.1
2026-06-12 10:00:00,12,534.21,-184.21,45.08,1.0,265.89,0.0,127.63,75.1,42.97
2026-06-12 10:05:00,12,534.21,-184.21,44.62,0.0,298.88,0.0,143.46,78.61,42.84
2026-06-12 10:10:00,12,534.21,-184.21,44.74,1.0,248.97,0.01,119.5,73.31,42.72
2026-06-12 10:15:00,12,534.21,-184.21,44.58,1.0,244.98,0.01,117.59,72.91,42.6
2026-06-12 10:20:00,12,534.21,-184.21,44.17,2.0,320.49,0.01,153.83,82.11,42.46
2026-06-12 10:25:00,12,534.21,-184.21,45.34,1.0,229.75,0.01,110.28,71.41,42.34
2026-06-12 10:30:00,12,534.21,-184.21,44.76,1.0,286.33,0.0,137.44,77.44,42.21
2026-06-12 10:35:00,12,534.21,-184.21,43.45,0.0,274.83,0.0,131.92,75.75,42.08
2026-06-12 10:40:00,12,534.21,-184.21,44.26,0.0,310.62,0.0,149.1,80.1,41.95
2026-06-12 10:45:00,12,534.21,-184.21,43.42,0.0,264.82,0.0,127.11,74.63,41.83
2026-06-12 10:50:00,12,534.21,-184.21,44.3,0.0,204.78,0.0,98.29,68.79,41.71
2026-06-12 10:55:00,12,534.21,-184.21,45.36,2.0,265.95,0.01,127.66,75.48,41.59
2026-06-12 11:00:00,12,534.21,-184.21,44.99,3.0,255.58,0.01,122.68,74.71,41.46
2026-06-12 11:05:00,12,534.21,-184.21,44.6,2.0,253.6,0.01,121.73,74.15,41.34
2026-06-12 11:10:00,12,534.21,-184.21,44.19,1.0,293.69,0.0,140.97,78.33,41.21
2026-06-12 11:15:00,12,534.21,-184.21,44.72,1.0,219.09,0.01,105.16,70.41,41.09
2026-06-12 11:20:00,12,534.21,-184.21,44.05,3.0,245.73,0.02,117.95,73.7,40.97
2026-06-12 11:25:00,12,534.21,-184.21,45.27,1.0,215.51,0.01,103.44,70.09,40.85
2026-06-12 11:30:00,12,534.21,-184.21,44.64,0.0,299.47,0.0,143.74,78.69,40.72
2026-06-12 11:35:00,12,534.21,-184.21,45.56,1.0,251.98,0.01,120.95,73.63,40.6
2026-06-12 11:40:00,12,534.21,-184.21,44.75,0.0,254.62,0.0,122.22,73.54,40.47
2026-06-12 11:45:00,12,534.21,-184.21,45.31,2.0,270.2,0.01,129.7,75.95,40.35
2026-06-12 11:50:00,12,534.21,-184.21,45.12,0.0,270.65,0.0,129.91,75.28,40.22
2026-06-12 11:55:00,12,534.21,-184.21,44.85,1.0,208.99,0.01,100.31,69.52,40.11
2026-06-12 12:00:00,12,534.21,-184.21,44.39,4.0,323.34,0.01,155.2,83.19,39.97
2026-06-12 12:05:00,12,534.21,-184.21,44.48,3.0,273.56,0.01,131.31,76.68,39.84
2026-06-12 12:10:00,12,534.21,-184.21,44.83,3.0,228.31,0.02,109.59,71.99,39.72
2026-06-12 12:15:00,12,534.21,-184.21,44.94,1.0,283.81,0.0,136.23,77.15,39.59
2026-06-12 12:20:00,12,534.21,-184.21,45.13,0.0,235.25,0.0,112.92,71.57,39.47
2026-06-12 12:25:00,12,534.21,-184.21,45.67,2.0,261.52,0.01,125.53,75.0,39.35
2026-06-12 12:30:00,12,534.21,-184.21,45.36,2.0,242.07,0.01,116.19,72.96,39.22
2026-06-12 12:35:00,12,534.21,-184.21,43.87,3.0,238.09,0.02,114.28,72.93,39.1
2026-06-12 12:40:00,12,534.21,-184.21,44.06,3.0,291.16,0.01,139.76,78.74,38.97
2026-06-12 12:45:00,12,534.21,-184.21,45.53,2.0,239.11,0.01,114.77,72.67,38.85
2026-06-12 12:50:00,12,534.21,-184.21,44.53,1.0,208.56,0.01,100.11,69.48,38.74
2026-06-12 12:55:00,12,534.21,-184.21,43.75,2.0,255.8,0.01,122.79,74.38,38.61
2026-06-12 13:00:00,12,534.21,-184.21,44.62,1.0,261.18,0.0,125.37,74.59,38.49
2026-06-12 13:05:00,12,534.21,-184.21,45.53,2.0,306.09,0.01,146.92,80.24,38.35
2026-06-12 13:10:00,12,534.21,-184.21,45.12,2.0,217.82,0.01,104.55,70.65,38.24
2026-06-12 13:15:00,12,534.21,-184.21,45.35,2.0,217.57,0.01,104.44,70.63,38.12
2026-06-12 13:20:00,12,534.21,-184.21,44.4,5.0,302.42,0.02,145.16,80.85,37.98
2026-06-12 13:25:00,12,534.21,-184.21,43.88,3.0,266.83,0.01,128.08,75.92,37.86
2026-06-12 13:30:00,12,534.21,-184.21,45.12,0.0,275.87,0.0,132.42,75.87,37.73
2026-06-12 13:35:00,12,534.21,-184.21,45.09,4.0,317.87,0.01,152.58,82.47,37.59
2026-06-12 13:40:00,12,534.21,-184.21,44.64,2.0,213.18,0.01,102.33,70.24,37.48
2026-06-12 13:45:00,12,534.21,-184.21,44.37,1.0,259.49,0.0,124.56,74.4,37.35
2026-06-12 13:50:00,12,534.21,-184.21,44.51,4.0,244.86,0.02,117.53,73.96,37.23
2026-06-12 13:55:00,12,534.21,-184.21,45.17,4.0,255.69,0.02,122.73,75.09,37.1
2026-06-12 14:00:00,12,534.21,-184.21,44.04,2.0,282.16,0.01,135.44,77.32,36.97
2026-06-12 14:05:00,12,534.21,-184.21,45.25,1.0,271.18,0.0,130.17,75.69,36.85
2026-06-12 14:10:00,12,534.21,-184.21,43.77,2.0,230.84,0.01,110.8,71.86,36.73
2026-06-12 14:15:00,12,534.21,-184.21,43.8,1.0,304.46,0.0,146.14,79.66,36.6
2026-06-12 14:20:00,12,534.21,-184.21,44.36,2.0,304.31,0.01,146.07,80.01,36.46
2026-06-12 14:25:00,12,534.21,-184.21,43.7,0.0,251.35,0.0,120.65,73.19,36.34
2026-06-12 14:30:00,12,534.21,-184.21,43.65,3.0,253.35,0.01,121.61,74.47,36.22
2026-06-12 14:35:00,12,534.21,-184.21,43.54,2.0,291.14,0.01,139.75,78.39,36.09
2026-06-12 14:40:00,12,534.21,-184.21,42.79,3.0,218.75,0.02,105.0,71.1,35.97
2026-06-12 14:45:00,12,534.21,-184.21,42.98,0.0,207.36,0.0,99.53,69.0,35.85
2026-06-12 14:50:00,12,534.21,-184.21,43.17,1.0,280.01,0.0,134.41,76.7,35.72
2026-06-12 14:55:00,12,534.21,-184.21,42.42,3.0,313.61,0.01,150.53,81.55,35.59
2026-06-12 15:00:00,12,534.21,-184.21,43.16,4.0,275.84,0.02,132.41,77.31,35.46
2026-06-12 15:05:00,12,534.21,-184.21,42.64,1.0,244.78,0.01,117.5,72.88,35.34
2026-06-12 15:10:00,12,534.21,-184.21,42.9,2.0,200.27,0.02,96.13,69.14,35.22
2026-06-12 15:15:00,12,534.21,-184.21,42.53,4.0,307.5,0.01,147.6,81.11,35.09
2026-06-12 15:20:00,12,534.21,-184.21,42.7,1.0,220.31,0.01,105.75,70.52,34.97
2026-06-12 15:25:00,12,534.21,-184.21,42.85,1.0,211.52,0.01,101.53,69.74,34.85
2026-06-12 15:30:00,12,534.21,-184.21,42.27,2.0,253.08,0.01,121.48,74.09,34.73
2026-06-12 15:35:00,12,534.21,-184.21,42.29,3.0,294.77,0.01,141.49,79.17,34.6
2026-06-12 15:40:00,12,534.21,-184.21,42.03,7.0,309.3,0.02,148.46,82.41,34.46
2026-06-12 15:45:00,12,534.21,-184.21,41.8,2.0,241.35,0.01,115.85,72.88,34.34
2026-06-12 15:50:00,12,534.21,-184.21,41.46,2.0,309.46,0.01,148.54,80.66,34.2
2026-06-12 15:55:00,12,534.21,-184.21,41.69,2.0,293.97,0.01,141.1,78.72,34.07
2026-06-12 16:00:00,12,534.21,-184.21,42.01,2.0,258.29,0.01,123.98,74.64,33.95
2026-06-12 16:05:00,12,534.21,-184.21,40.39,1.0,272.36,0.0,130.73,75.81,33.82
2026-06-12 16:10:00,12,534.21,-184.21,41.31,1.0,263.35,0.0,126.41,74.82,33.7
2026-06-12 16:15:00,12,534.21,-184.21,42.24,1.0,276.58,0.0,132.76,76.3,33.57
2026-06-12 16:20:00,12,534.21,-184.21,41.35,1.0,257.03,0.0,123.37,74.13,33.45
2026-06-12 16:25:00,12,534.21,-184.21,39.55,0.0,280.66,0.0,134.72,76.42,33.32
2026-06-12 16:30:00,12,534.21,-184.21,41.13,2.0,313.35,0.01,150.41,81.16,33.18
2026-06-12 16:35:00,12,534.21,-184.21,39.61,4.0,205.45,0.03,98.61,70.29,33.07
2026-06-12 16:40:00,12,534.21,-184.21,41.34,1.0,312.28,0.0,149.9,80.66,32.93
2026-06-12 16:45:00,12,534.21,-184.21,39.9,1.0,216.1,0.01,103.73,70.14,32.82
2026-06-12 16:50:00,12,534.21,-184.21,40.58,3.0,289.87,0.01,139.14,78.58,32.69
2026-06-12 16:55:00,12,534.21,-184.21,40.36,5.0,275.84,0.02,132.4,77.65,32.56
2026-06-12 17:00:00,12,534.21,-184.21,40.14,1.0,267.68,0.0,128.49,75.29,32.43
2026-06-12 17:05:00,12,534.21,-184.21,39.65,0.0,202.43,0.0,97.17,68.58,32.32
2026-06-12 17:10:00,12,534.21,-184.21,39.21,2.0,265.03,0.01,127.21,75.36,32.19
2026-06-12 17:15:00,12,534.21,-184.21,39.01,0.0,247.65,0.0,118.87,72.8,32.07
2026-06-12 17:20:00,12,534.21,-184.21,39.78,3.0,238.05,0.02,114.26,72.92,31.95
2026-06-12 17:25:00,12,534.21,-184.21,39.22,1.0,263.13,0.0,126.3,74.79,31.82
2026-06-12 17:30:00,12,534.21,-184.21,38.94,0.0,209.57,0.0,100.6,69.19,31.71
2026-06-12 17:35:00,12,534.21,-184.21,39.3,3.0,257.21,0.01,123.46,74.87,31.58
2026-06-12 17:40:00,12,534.21,-184.21,38.96,2.0,312.02,0.01,149.77,80.99,31.45
2026-06-12 17:45:00,12,534.21,-184.21,38.02,1.0,252.98,0.0,121.43,73.7,31.33
2026-06-12 17:50:00,12,534.21,-184.21,38.17,1.0,265.54,0.0,127.46,75.05,31.2
2026-06-12 17:55:00,12,534.21,-184.21,38.5,1.0,249.18,0.01,119.61,73.32,31.08
2026-06-12 18:00:00,12,534.21,-184.21,38.59,0.0,268.98,0.0,129.11,75.08,30.95
2026-06-12 18:05:00,12,534.21,-184.21,38.82,0.0,287.59,0.0,138.05,77.23,30.82
2026-06-12 18:10:00,12,534.21,-184.21,36.53,1.0,272.57,0.0,130.83,75.83,30.7
2026-06-12 18:15:00,12,534.21,-184.21,37.25,2.0,272.55,0.01,130.82,76.2,30.57
2026-06-12 18:20:00,12,534.21,-184.21,36.92,2.0,261.26,0.01,125.41,74.95,30.45
2026-06-12 18:25:00,12,534.21,-184.21,37.58,0.0,313.03,0.0,150.25,80.39,30.31
2026-06-12 18:30:00,12,534.21,-184.21,36.92,1.0,308.32,0.0,147.99,80.14,30.18
2026-06-12 18:35:00,12,534.21,-184.21,36.76,1.0,303.88,0.0,145.86,79.57,30.05
2026-06-12 18:40:00,12,534.21,-184.21,37.48,2.0,265.29,0.01,127.34,75.39,29.92
2026-06-12 18:45:00,12,534.21,-184.21,37.18,0.0,276.04,0.0,132.5,75.88,29.79
2026-06-12 18:50:00,12,534.21,-184.21,37.1,0.0,317.06,0.0,152.19,80.92,29.66
2026-06-12 18:55:00,12,534.21,-184.21,36.2,1.0,319.6,0.0,153.41,81.61,29.52
2026-06-12 19:00:00,12,534.21,-184.21,36.61,2.0,279.29,0.01,134.06,76.97,29.39
2026-06-12 19:05:00,12,534.21,-184.21,35.62,0.0,250.29,0.0,120.14,73.06,29.27
2026-06-12 19:10:00,12,534.21,-184.21,35.78,2.0,301.38,0.01,144.66,79.63,29.14
2026-06-12 19:15:00,12,534.21,-184.21,35.28,1.0,318.93,0.0,153.09,81.52,29.0
2026-06-12 19:20:00,12,534.21,-184.21,35.44,0.0,283.41,0.0,136.04,76.73,28.88
2026-06-12 19:25:00,12,534.21,-184.21,34.89,2.0,314.53,0.01,150.97,81.3,28.74
2026-06-12 19:30:00,12,534.21,-184.21,34.55,2.0,310.23,0.01,148.91,80.75,28.61
2026-06-12 19:35:00,12,534.21,-184.21,35.28,1.0,292.74,0.0,140.51,78.19,28.48
2026-06-12 19:40:00,12,534.21,-184.21,35.0,0.0,255.29,0.0,122.54,73.59,28.35
2026-06-12 19:45:00,12,534.21,-184.21,34.6,1.0,268.58,0.0,128.92,75.38,28.23
2026-06-12 19:50:00,12,534.21,-184.21,34.45,0.0,302.71,0.0,145.3,79.07,28.1
2026-06-12 19:55:00,12,534.21,-184.21,34.4,0.0,288.14,0.0,138.31,77.29,27.97
2026-06-12 20:00:00,12,534.21,-184.21,34.15,0.0,215.44,0.0,103.41,69.69,27.85
2026-06-12 20:05:00,12,534.21,-184.21,34.9,0.0,259.43,0.0,124.53,74.03,27.73
2026-06-12 20:10:00,12,534.21,-184.21,34.83,1.0,215.48,0.01,103.43,70.07,27.61
2026-06-12 20:15:00,12,534.21,-184.21,33.22,0.0,230.4,0.0,110.59,71.08,27.49
2026-06-12 20:20:00,12,534.21,-184.21,34.24,0.0,237.46,0.0,113.98,71.76,27.37
2026-06-12 20:25:00,12,534.21,-184.21,34.67,0.0,312.27,0.0,149.89,80.29,27.24
2026-06-12 20:30:00,12,534.21,-184.21,33.7,1.0,299.43,0.0,143.73,79.01,27.11
2026-06-12 20:35:00,12,534.21,-184.21,33.75,2.0,233.77,0.01,112.21,72.12,26.99
2026-06-12 20:40:00,12,534.21,-184.21,33.83,1.0,218.53,0.01,104.9,70.34,26.87
2026-06-12 20:45:00,12,534.21,-184.21,33.64,2.0,312.78,0.01,150.13,81.07,26.73
2026-06-12 20:50:00,12,534.21,-184.21,34.05,0.0,212.04,0.0,101.78,69.39,26.62
2026-06-12 20:55:00,12,534.21,-184.21,32.79,0.0,316.26,0.0,151.81,80.81,26.48
2026-06-12 21:00:00,12,534.21,-184.21,32.96,2.0,249.37,0.01,119.7,73.68,26.36
2026-06-12 21:05:00,12,534.21,-184.21,33.4,0.0,224.52,0.0,107.77,70.52,26.24
2026-06-12 21:10:00,12,534.21,-184.21,32.82,2.0,263.9,0.01,126.67,75.23,26.12
2026-06-12 21:15:00,12,534.21,-184.21,33.11,1.0,272.08,0.0,130.6,75.77,25.99
2026-06-12 21:20:00,12,534.21,-184.21,32.48,1.0,232.14,0.01,111.43,71.61,25.87
2026-06-12 21:25:00,12,534.21,-184.21,32.27,0.0,312.7,0.0,150.1,80.34,25.74
2026-06-12 21:30:00,12,534.21,-184.21,31.59,2.0,282.34,0.01,135.53,77.32,25.61
2026-06-12 21:35:00,12,534.21,-184.21,31.84,0.0,275.53,0.0,132.25,75.81,25.48
2026-06-12 21:40:00,12,534.21,-184.21,32.43,1.0,232.84,0.01,111.76,71.68,25.36
2026-06-12 21:45:00,12,534.21,-184.21,32.47,2.0,280.73,0.01,134.75,77.13,25.24
2026-06-12 21:50:00,12,534.21,-184.21,31.76,0.0,268.33,0.0,128.8,75.0,25.11
2026-06-12 21:55:00,12,534.21,-184.21,32.29,2.0,245.66,0.01,117.92,73.3,24.99
2026-06-12 22:00:00,12,534.21,-184.21,31.42,0.0,300.8,0.0,144.39,78.83,24.86
2026-06-12 22:05:00,12,534.21,-184.21,32.69,0.0,220.06,0.0,105.63,70.11,24.74
2026-06-12 22:10:00,12,534.21,-184.21,32.16,3.0,287.42,0.01,137.96,78.27,24.61
2026-06-12 22:15:00,12,534.21,-184.21,32.85,0.0,234.09,0.0,112.36,71.43,24.49
2026-06-12 22:20:00,12,534.21,-184.21,32.23,1.0,221.61,0.01,106.37,70.62,24.37
2026-06-12 22:25:00,12,534.21,-184.21,31.93,5.0,280.76,0.02,134.76,78.2,24.24
2026-06-12 22:30:00,12,534.21,-184.21,31.99,0.0,323.0,0.0,155.04,81.7,24.11
2026-06-12 22:35:00,12,534.21,-184.21,31.34,3.0,287.37,0.01,137.94,78.26,23.98
2026-06-12 22:40:00,12,534.21,-184.21,30.94,0.0,203.63,0.0,97.74,68.66,23.86
2026-06-12 22:45:00,12,534.21,-184.21,30.79,0.0,214.54,0.0,102.98,69.61,23.75
2026-06-12 22:50:00,12,534.21,-184.21,31.31,2.0,312.53,0.01,150.02,81.04,23.61
2026-06-12 22:55:00,12,534.21,-184.21,30.43,1.0,291.43,0.0,139.89,78.03,23.48
2026-06-12 23:00:00,12,534.21,-184.21,31.39,4.0,282.22,0.02,135.47,78.02,23.35
2026-06-12 23:05:00,12,534.21,-184.21,30.73,3.0,275.89,0.01,132.43,76.92,23.22
2026-06-12 23:10:00,12,534.21,-184.21,30.42,1.0,219.51,0.01,105.37,70.43,23.1
2026-06-12 23:15:00,12,534.21,-184.21,31.14,0.0,207.16,0.0,99.44,68.96,22.99
2026-06-12 23:20:00,12,534.21,-184.21,30.97,1.0,279.1,0.0,133.97,76.57,22.86
2026-06-12 23:25:00,12,534.21,-184.21,30.83,0.0,206.89,0.0,99.31,68.94,22.75
2026-06-12 23:30:00,12,534.21,-184.21,30.71,0.0,260.26,0.0,124.93,74.11,22.62
2026-06-12 23:35:00,12,534.21,-184.21,30.81,2.0,280.18,0.01,134.49,77.06,22.5
2026-06-12 23:40:00,12,534.21,-184.21,31.24,2.0,222.81,0.01,106.95,71.08,22.38
2026-06-12 23:45:00,12,534.21,-184.21,30.36,3.0,275.21,0.01,132.1,76.84,22.25
2026-06-12 23:50:00,12,534.21,-184.21,31.46,1.0,247.73,0.01,118.91,73.16,22.13
2026-06-12 23:55:00,12,534.21,-184.21,31.29,0.0,200.21,0.0,96.1,68.38,22.01
2026-06-13 00:00:00,12,534.21,-184.21,31.44,3.0,312.58,0.01,150.04,81.4,21.88
2026-06-13 00:05:00,12,534.21,-184.21,31.91,2.0,250.34,0.01,120.17,73.78,21.75
2026-06-13 00:10:00,12,534.21,-184.21,31.0,0.0,273.92,0.0,131.48,75.62,21.63
2026-06-13 00:15:00,12,534.21,-184.21,31.17,1.0,304.28,0.0,146.06,79.62,21.5
2026-06-13 00:20:00,12,534.21,-184.21,31.7,3.0,217.17,0.02,104.24,70.94,21.38
2026-06-13 00:25:00,12,534.21,-184.21,31.14,4.0,256.63,0.02,123.18,75.16,21.25
2026-06-13 00:30:00,12,534.21,-184.21,31.02,1.0,309.21,0.0,148.42,80.24,21.12
2026-06-13 00:35:00,12,534.21,-184.21,31.03,1.0,280.04,0.0,134.42,76.68,20.99
2026-06-13 00:40:00,12,534.21,-184.21,32.24,6.0,307.15,0.02,147.43,81.77,20.85
2026-06-13 00:45:00,12,534.21,-184.21,31.39,0.0,238.45,0.0,114.46,71.86,20.73
2026-06-13 00:50:00,12,534.21,-184.21,30.98,0.0,257.45,0.0,123.58,73.81,20.61
2026-06-13 00:55:00,12,534.21,-184.21,31.15,2.0,251.66,0.01,120.8,73.92,20.49
2026-06-13 01:00:00,12,534.21,-184.21,32.03,2.0,264.24,0.01,126.83,75.26,20.36
2026-06-13 01:05:00,12,534.21,-184.21,31.09,1.0,277.44,0.0,133.17,76.38,20.24
2026-06-13 01:10:00,12,534.21,-184.21,32.17,4.0,280.12,0.02,134.46,77.78,20.11
2026-06-13 01:15:00,12,534.21,-184.21,32.32,2.0,235.43,0.01,113.01,72.28,19.99
2026-06-13 01:20:00,12,534.21,-184.21,32.1,2.0,295.47,0.01,141.83,78.89,19.85
2026-06-13 01:25:00,12,534.21,-184.21,31.36,1.0,266.52,0.0,127.93,75.15,19.73
2026-06-13 01:30:00,12,534.21,-184.21,31.26,0.0,255.2,0.0,122.49,73.57,19.61
2026-06-13 01:35:00,12,534.21,-184.21,31.57,2.0,215.91,0.01,103.64,70.45,19.49
2026-06-13 01:40:00,12,534.21,-184.21,32.14,6.0,276.28,0.03,132.61,78.05,19.36
2026-06-13 01:45:00,12,534.21,-184.21,30.97,4.0,320.8,0.01,153.99,82.83,19.22
2026-06-13 01:50:00,12,534.21,-184.21,31.29,2.0,261.86,0.01,125.69,75.0,19.1
2026-06-13 01:55:00,12,534.21,-184.21,31.57,3.0,260.89,0.01,125.23,75.25,18.97
2026-06-13 02:00:00,12,534.21,-184.21,32.41,1.0,269.83,0.0,129.52,75.52,18.84
2026-06-13 02:05:00,12,534.21,-184.21,31.94,2.0,223.39,0.01,107.23,71.14,18.73
2026-06-13 02:10:00,12,534.21,-184.21,32.06,0.0,200.62,0.0,96.3,68.41,18.61
2026-06-13 02:15:00,12,534.21,-184.21,31.98,4.0,279.85,0.02,134.33,77.75,18.48
2026-06-13 02:20:00,12,534.21,-184.21,32.43,3.0,220.31,0.02,105.75,71.22,18.36
2026-06-13 02:25:00,12,534.21,-184.21,32.5,4.0,301.41,0.01,144.68,80.33,18.23
2026-06-13 02:30:00,12,534.21,-184.21,31.52,3.0,256.74,0.01,123.23,74.8,18.1
2026-06-13 02:35:00,12,534.21,-184.21,32.62,5.0,295.35,0.02,141.77,79.95,17.97
2026-06-13 02:40:00,12,534.21,-184.21,31.97,5.0,321.52,0.02,154.33,83.29,17.83
2026-06-13 02:45:00,12,534.21,-184.21,32.56,1.0,251.19,0.01,120.57,73.52,17.71
2026-06-13 02:50:00,12,534.21,-184.21,32.08,1.0,239.79,0.01,115.1,72.36,17.59
2026-06-13 02:55:00,12,534.21,-184.21,32.6,3.0,320.71,0.01,153.94,82.47,17.45
2026-06-13 03:00:00,12,534.21,-184.21,33.96,1.0,298.71,0.0,143.38,78.92,17.32
2026-06-13 03:05:00,12,534.21,-184.21,33.85,4.0,242.27,0.02,116.29,73.68,17.2
2026-06-13 03:10:00,12,534.21,-184.21,33.41,1.0,240.93,0.01,115.65,72.48,17.08
2026-06-13 03:15:00,12,534.21,-184.21,32.37,1.0,273.82,0.0,131.43,75.96,16.95
2026-06-13 03:20:00,12,534.21,-184.21,34.03,0.0,209.17,0.0,100.4,69.14,16.84
2026-06-13 03:25:00,12,534.21,-184.21,33.67,2.0,227.54,0.01,109.22,71.53,16.72
2026-06-13 03:30:00,12,534.21,-184.21,33.64,0.0,298.83,0.0,143.44,78.59,16.58
2026-06-13 03:35:00,12,534.21,-184.21,34.2,1.0,217.38,0.01,104.34,70.24,16.47
2026-06-13 03:40:00,12,534.21,-184.21,34.31,2.0,261.48,0.01,125.51,74.97,16.34
2026-06-13 03:45:00,12,534.21,-184.21,34.77,2.0,274.0,0.01,131.52,76.36,16.22
2026-06-13 03:50:00,12,534.21,-184.21,33.77,2.0,265.56,0.01,127.47,75.41,16.09
2026-06-13 03:55:00,12,534.21,-184.21,34.56,6.0,238.65,0.03,114.55,74.04,15.97
2026-06-13 04:00:00,12,534.21,-184.21,34.22,0.0,212.0,0.0,101.76,69.39,15.85
2026-06-13 04:05:00,12,534.21,-184.21,33.97,1.0,229.68,0.01,110.25,71.38,15.73
2026-06-13 04:10:00,12,534.21,-184.21,34.96,2.0,234.09,0.01,112.36,72.15,15.61
2026-06-13 04:15:00,12,534.21,-184.21,34.38,2.0,252.8,0.01,121.34,74.04,15.49
2026-06-13 04:20:00,12,534.21,-184.21,35.28,2.0,232.29,0.01,111.5,71.98,15.37
2026-06-13 04:25:00,12,534.21,-184.21,35.32,2.0,218.29,0.01,104.78,70.67,15.25
2026-06-13 04:30:00,12,534.21,-184.21,33.84,1.0,205.64,0.01,98.71,69.21,15.14
2026-06-13 04:35:00,12,534.21,-184.21,34.9,3.0,273.73,0.01,131.39,76.68,15.01
2026-06-13 04:40:00,12,534.21,-184.21,36.6,4.0,305.62,0.01,146.7,80.86,14.87
2026-06-13 04:45:00,12,534.21,-184.21,35.34,3.0,246.6,0.02,118.37,73.77,14.75
2026-06-13 04:50:00,12,534.21,-184.21,36.09,0.0,249.66,0.0,119.84,73.0,14.63
2026-06-13 04:55:00,12,534.21,-184.21,36.38,1.0,228.85,0.01,109.85,71.3,14.51
2026-06-13 05:00:00,12,534.21,-184.21,35.68,1.0,310.85,0.0,149.21,80.46,14.38
2026-06-13 05:05:00,12,534.21,-184.21,36.31,0.0,298.08,0.0,143.08,78.5,14.24
2026-06-13 05:10:00,12,534.21,-184.21,36.83,0.0,240.92,0.0,115.64,72.11,14.12
2026-06-13 05:15:00,12,534.21,-184.21,36.48,0.0,251.18,0.0,120.57,73.16,14.0
2026-06-13 05:20:00,12,534.21,-184.21,36.67,2.0,298.77,0.01,143.41,79.3,13.87
2026-06-13 05:25:00,12,534.21,-184.21,37.04,3.0,254.1,0.01,121.97,74.53,13.75
2026-06-13 05:30:00,12,534.21,-184.21,37.2,6.0,271.34,0.03,130.25,77.5,13.62
2026-06-13 05:35:00,12,534.21,-184.21,37.1,0.0,314.44,0.0,150.93,80.58,13.48
2026-06-13 05:40:00,12,534.21,-184.21,37.51,2.0,262.34,0.01,125.92,75.07,13.36
2026-06-13 05:45:00,12,534.21,-184.21,37.89,1.0,285.57,0.0,137.07,77.34,13.23
2026-06-13 05:50:00,12,534.21,-184.21,38.34,1.0,224.34,0.01,107.68,70.88,13.11
2026-06-13 05:55:00,12,534.21,-184.21,36.93,0.0,317.07,0.0,152.2,80.92,12.98
2026-06-13 06:00:00,12,534.21,-184.21,38.02,1.0,262.16,0.0,125.84,74.68,12.85
2026-06-13 06:05:00,12,534.21,-184.21,38.05,1.0,214.11,0.01,102.77,69.95,12.73
2026-06-13 06:10:00,12,534.21,-184.21,38.07,2.0,236.16,0.01,113.36,72.36,12.61
2026-06-13 06:15:00,12,534.21,-184.21,38.54,2.0,276.55,0.01,132.74,76.66,12.49
2026-06-13 06:20:00,12,534.21,-184.21,38.88,5.0,312.96,0.02,150.22,82.18,12.35
2026-06-13 06:25:00,12,534.21,-184.21,39.18,0.0,289.44,0.0,138.93,77.45,12.22
2026-06-13 06:30:00,12,534.21,-184.21,38.63,0.0,217.55,0.0,104.43,69.89,12.1
2026-06-13 06:35:00,12,534.21,-184.21,39.33,2.0,304.43,0.01,146.13,80.02,11.97
2026-06-13 06:40:00,12,534.21,-184.21,39.35,1.0,286.23,0.0,137.39,77.42,11.84
2026-06-13 06:45:00,12,534.21,-184.21,39.24,2.0,210.8,0.01,101.18,70.01,11.72
2026-06-13 06:50:00,12,534.21,-184.21,38.45,0.0,294.57,0.0,141.39,78.07,11.59
2026-06-13 06:55:00,12,534.21,-184.21,39.28,1.0,265.72,0.0,127.54,75.07,11.47
2026-06-13 07:00:00,12,534.21,-184.21,40.0,0.0,206.71,0.0,99.22,68.94,11.35
2026-06-13 07:05:00,12,534.21,-184.21,39.91,2.0,200.49,0.02,96.24,69.16,11.24
2026-06-13 07:10:00,12,534.21,-184.21,39.26,1.0,310.87,0.0,149.22,80.47,11.1
2026-06-13 07:15:00,12,534.21,-184.21,40.12,0.0,322.34,0.0,154.72,81.63,10.97
2026-06-13 07:20:00,12,534.21,-184.21,39.97,5.0,304.16,0.02,146.0,81.06,10.83
2026-06-13 07:25:00,12,534.21,-184.21,40.59,0.0,276.4,0.0,132.67,75.92,10.71
2026-06-13 07:30:00,12,534.21,-184.21,40.33,2.0,259.79,0.01,124.7,74.8,10.58
2026-06-13 07:35:00,12,534.21,-184.21,40.78,1.0,205.49,0.01,98.63,69.21,10.47
2026-06-13 07:40:00,12,534.21,-184.21,41.58,0.0,244.7,0.0,117.45,72.5,10.35
2026-06-13 07:45:00,12,534.21,-184.21,40.56,0.0,323.35,0.0,155.21,81.76,10.21
2026-06-13 07:50:00,12,534.21,-184.21,40.88,0.0,298.33,0.0,143.2,78.54,10.08
2026-06-13 07:55:00,12,534.21,-184.21,41.18,0.0,314.75,0.0,151.08,80.63,9.94
2026-06-13 08:00:00,12,534.21,-184.21,41.64,0.0,207.1,0.0,99.41,68.98,9.83
2026-06-13 08:05:00,12,534.21,-184.21,41.84,1.0,289.78,0.0,139.1,77.85,9.7
2026-06-13 08:10:00,12,534.21,-184.21,41.73,0.0,281.29,0.0,135.02,76.49,9.57
2026-06-13 08:15:00,12,534.21,-184.21,40.96,0.0,210.46,0.0,101.02,69.27,9.46
2026-06-13 08:20:00,12,534.21,-184.21,41.74,1.0,318.53,0.0,152.89,81.47,9.32
2026-06-13 08:25:00,12,534.21,-184.21,42.02,2.0,281.59,0.01,135.16,77.25,9.19
2026-06-13 08:30:00,12,534.21,-184.21,41.59,0.0,316.31,0.0,151.83,80.83,9.06
2026-06-13 08:35:00,12,534.21,-184.21,43.04,0.0,252.14,0.0,121.03,73.27,8.94
2026-06-13 08:40:00,12,534.21,-184.21,42.47,1.0,324.25,0.0,155.64,82.24,8.8
2026-06-13 08:45:00,12,534.21,-184.21,42.3,0.0,295.02,0.0,141.61,78.13,8.67
2026-06-13 08:50:00,12,534.21,-184.21,42.74,0.0,226.67,0.0,108.8,70.74,8.55
2026-06-13 08:55:00,12,534.21,-184.21,42.97,0.0,309.08,0.0,148.36,79.9,8.42
2026-06-13 09:00:00,12,534.21,-184.21,42.98,0.0,311.0,0.0,149.28,80.14,8.28
2026-06-13 09:05:00,12,534.21,-184.21,42.47,2.0,206.07,0.01,98.92,69.61,8.17
2026-06-13 09:10:00,12,534.21,-184.21,42.75,0.0,200.63,0.0,96.3,68.43,8.05
2026-06-13 09:15:00,12,534.21,-184.21,43.45,0.0,242.48,0.0,116.39,72.28,7.93
2026-06-13 09:20:00,12,534.21,-184.21,43.58,1.0,274.97,0.0,131.98,76.12,7.81
2026-06-13 09:25:00,12,534.21,-184.21,42.51,1.0,222.11,0.01,106.61,70.69,7.69
2026-06-13 09:30:00,12,534.21,-184.21,42.77,2.0,215.19,0.01,103.29,70.41,7.57
2026-06-13 09:35:00,12,534.21,-184.21,42.82,1.0,231.14,0.01,110.95,71.54,7.45
2026-06-13 09:40:00,12,534.21,-184.21,44.34,1.0,269.59,0.0,129.4,75.51,7.33
2026-06-13 09:45:00,12,534.21,-184.21,44.02,2.0,294.84,0.01,141.52,78.84,7.19
2026-06-13 09:50:00,12,534.21,-184.21,43.31,0.0,200.25,0.0,96.12,68.4,7.08
2026-06-13 09:55:00,12,534.21,-184.21,44.3,3.0,265.87,0.01,127.62,75.82,6.95
2026-06-13 10:00:00,12,534.21,-184.21,44.24,1.0,253.41,0.0,121.64,73.76,6.83
2026-06-13 10:05:00,12,534.21,-184.21,44.39,2.0,274.8,0.01,131.9,76.47,6.7
2026-06-13 10:10:00,12,534.21,-184.21,45.44,1.0,254.9,0.0,122.35,73.92,6.58
2026-06-13 10:15:00,12,534.21,-184.21,44.26,1.0,278.11,0.0,133.49,76.48,6.45
2026-06-13 10:20:00,12,534.21,-184.21,45.59,0.0,225.3,0.0,108.14,70.62,6.34
2026-06-13 10:25:00,12,534.21,-184.21,44.31,1.0,219.18,0.01,105.2,70.42,6.22
2026-06-13 10:30:00,12,534.21,-184.21,44.64,0.0,267.76,0.0,128.53,74.96,6.09
2026-06-13 10:35:00,12,534.21,-184.21,44.42,1.0,284.5,0.0,136.56,77.22,5.96
2026-06-13 10:40:00,12,534.21,-184.21,44.47,1.0,255.48,0.0,122.63,73.98,5.84
2026-06-13 10:45:00,12,534.21,-184.21,44.43,1.0,204.84,0.01,98.33,69.16,5.73
2026-06-13 10:50:00,12,534.21,-184.21,44.58,1.0,307.16,0.0,147.44,80.01,5.59
2026-06-13 10:55:00,12,534.21,-184.21,44.83,3.0,281.3,0.01,135.03,77.57,5.46
2026-06-13 11:00:00,12,534.21,-184.21,45.57,1.0,272.6,0.0,130.85,75.85,5.34
2026-06-13 11:05:00,12,534.21,-184.21,45.57,3.0,320.42,0.01,153.8,82.45,5.2
2026-06-13 11:10:00,12,534.21,-184.21,44.87,3.0,318.75,0.01,153.0,82.23,5.06
2026-06-13 11:15:00,12,534.21,-184.21,45.62,1.0,288.92,0.0,138.68,77.75,4.93
2026-06-13 11:20:00,12,534.21,-184.21,44.66,0.0,200.48,0.0,96.23,68.43,4.82
2026-06-13 11:25:00,12,534.21,-184.21,44.85,0.0,207.42,0.0,99.56,69.01,4.7
2026-06-13 11:30:00,12,534.21,-184.21,45.33,2.0,322.93,0.01,155.0,82.44,4.57
2026-06-13 11:35:00,12,534.21,-184.21,44.33,1.0,302.75,0.0,145.32,79.45,4.43
2026-06-13 11:40:00,12,534.21,-184.21,45.64,1.0,235.29,0.01,112.94,71.94,4.31
2026-06-13 11:45:00,12,534.21,-184.21,45.3,3.0,266.96,0.01,128.14,75.94,4.19
2026-06-13 11:50:00,12,534.21,-184.21,44.09,0.0,286.86,0.0,137.69,77.15,4.06
2026-06-13 11:55:00,12,534.21,-184.21,44.77,1.0,252.98,0.0,121.43,73.71,3.94
2026-06-13 12:00:00,12,534.21,-184.21,44.96,3.0,217.24,0.02,104.27,70.97,3.82
2026-06-13 12:05:00,12,534.21,-184.21,44.71,4.0,287.2,0.02,137.86,78.64,3.69
2026-06-13 12:10:00,12,534.21,-184.21,44.91,2.0,222.06,0.01,106.59,71.04,3.57
2026-06-13 12:15:00,12,534.21,-184.21,44.75,2.0,313.7,0.01,150.58,81.22,3.43
2026-06-13 12:20:00,12,534.21,-184.21,44.62,4.0,297.69,0.01,142.89,79.89,3.3
2026-06-13 12:25:00,12,534.21,-184.21,45.34,0.0,308.8,0.0,148.23,79.87,3.17
2026-06-13 12:30:00,12,534.21,-184.21,43.99,3.0,299.93,0.01,143.96,79.81,3.03
2026-06-13 12:35:00,12,534.21,-184.21,45.39,1.0,266.85,0.0,128.09,75.21,2.91
2026-06-13 12:40:00,12,534.21,-184.21,45.39,2.0,275.76,0.01,132.36,76.58,2.78
2026-06-13 12:45:00,12,534.21,-184.21,44.62,1.0,282.34,0.0,135.52,76.97,2.65
2026-06-13 12:50:00,12,534.21,-184.21,44.72,1.0,237.47,0.01,113.99,72.16,2.53
2026-06-13 12:55:00,12,534.21,-184.21,44.45,4.0,226.17,0.02,108.56,72.14,2.41
2026-06-13 13:00:00,12,534.21,-184.21,45.71,3.0,251.03,0.02,120.49,74.25,2.29
2026-06-13 13:05:00,12,534.21,-184.21,44.56,4.0,277.74,0.02,133.31,77.53,2.16
2026-06-13 13:10:00,12,534.21,-184.21,45.09,1.0,271.6,0.0,130.37,75.74,2.03
2026-06-13 13:15:00,12,534.21,-184.21,45.23,2.0,203.73,0.02,97.79,69.44,1.92
2026-06-13 13:20:00,12,534.21,-184.21,44.61,2.0,227.98,0.01,109.43,71.59,1.8
2026-06-13 13:25:00,12,534.21,-184.21,44.49,1.0,227.13,0.01,109.02,71.16,1.68
2026-06-13 13:30:00,12,534.21,-184.21,43.88,0.0,255.44,0.0,122.61,73.62,1.56
2026-06-13 13:35:00,12,534.21,-184.21,44.19,2.0,223.97,0.01,107.5,71.21,1.44
2026-06-13 13:40:00,12,534.21,-184.21,44.28,3.0,218.24,0.02,104.76,71.06,1.32
2026-06-13 13:45:00,12,534.21,-184.21,44.43,3.0,235.7,0.02,113.13,72.7,1.2
2026-06-13 13:50:00,12,534.21,-184.21,43.65,5.0,311.37,0.02,149.46,81.98,1.06
2026-06-13 13:55:00,12,534.21,-184.21,42.98,1.0,286.89,0.0,137.71,77.51,0.93
2026-06-13 14:00:00,12,534.21,-184.21,44.25,2.0,295.78,0.01,141.97,78.95,0.8
2026-06-13 14:05:00,12,534.21,-184.21,43.69,2.0,297.76,0.01,142.92,79.19,0.67
2026-06-13 14:10:00,12,534.21,-184.21,43.71,4.0,240.0,0.02,115.2,73.47,0.55
2026-06-13 14:15:00,12,534.21,-184.21,44.0,3.0,307.03,0.01,147.37,80.71,0.41
2026-06-13 14:20:00,12,534.21,-184.21,44.03,2.0,211.95,0.01,101.73,70.12,0.29
2026-06-13 14:25:00,12,534.21,-184.21,43.24,3.0,268.66,0.01,128.96,76.13,0.17
2026-06-13 14:30:00,12,534.21,-184.21,43.54,4.0,322.21,0.01,154.66,83.04,0.03
2026-06-13 14:35:00,12,534.21,-184.21,43.68,3.0,292.04,0.01,140.18,78.84,0.0
2026-06-13 14:40:00,12,534.21,-184.21,44.05,2.0,238.5,0.01,114.48,72.61,0.0
2026-06-13 14:45:00,12,534.21,-184.21,43.3,1.0,294.67,0.0,141.44,78.44,0.0
2026-06-13 14:50:00,12,534.21,-184.21,43.3,4.0,284.49,0.02,136.55,78.31,0.0
2026-06-13 14:55:00,12,534.21,-184.21,43.25,3.0,205.09,0.02,98.44,69.9,0.0
2026-06-13 15:00:00,12,534.21,-184.21,42.59,0.0,285.78,0.0,137.17,77.02,0.0
2026-06-13 15:05:00,12,534.21,-184.21,42.76,5.0,290.38,0.02,139.38,79.36,0.0
2026-06-13 15:10:00,12,534.21,-184.21,42.75,0.0,298.61,0.0,143.33,78.58,0.0
2026-06-13 15:15:00,12,534.21,-184.21,43.08,3.0,271.5,0.01,130.32,76.44,0.0
2026-06-13 15:20:00,12,534.21,-184.21,41.65,2.0,251.63,0.01,120.78,73.93,0.0
2026-06-13 15:25:00,12,534.21,-184.21,43.02,2.0,294.44,0.01,141.33,78.78,0.0
2026-06-13 15:30:00,12,534.21,-184.21,42.32,6.0,239.59,0.03,115.0,74.15,0.0
2026-06-13 15:35:00,12,534.21,-184.21,42.2,1.0,238.48,0.01,114.47,72.25,0.0
2026-06-13 15:40:00,12,534.21,-184.21,42.56,5.0,307.95,0.02,147.81,81.54,0.0
2026-06-13 15:45:00,12,534.21,-184.21,43.2,0.0,283.32,0.0,136.0,76.73,0.0
2026-06-13 15:50:00,12,534.21,-184.21,42.15,1.0,283.3,0.0,135.99,77.08,0.0
2026-06-13 15:55:00,12,534.21,-184.21,41.8,0.0,205.63,0.0,98.7,68.85,0.0
2026-06-13 16:00:00,12,534.21,-184.21,41.14,1.0,288.99,0.0,138.72,77.75,0.0
2026-06-13 16:05:00,12,534.21,-184.21,40.98,0.0,324.44,0.0,155.73,81.91,0.0
2026-06-13 16:10:00,12,534.21,-184.21,41.77,4.0,213.18,0.03,102.33,70.97,0.0
2026-06-13 16:15:00,12,534.21,-184.21,40.79,1.0,226.96,0.01,108.94,71.13,0.0
2026-06-13 16:20:00,12,534.21,-184.21,41.89,1.0,323.62,0.0,155.34,82.15,0.0
2026-06-13 16:25:00,12,534.21,-184.21,41.11,0.0,286.44,0.0,137.49,77.1,0.0
2026-06-13 16:30:00,12,534.21,-184.21,40.96,2.0,298.59,0.01,143.32,79.29,0.0
2026-06-13 16:35:00,12,534.21,-184.21,39.9,3.0,238.03,0.02,114.25,72.92,0.0
2026-06-13 16:40:00,12,534.21,-184.21,40.97,1.0,275.9,0.0,132.43,76.22,0.0
2026-06-13 16:45:00,12,534.21,-184.21,40.22,1.0,216.88,0.01,104.1,70.21,0.0
2026-06-13 16:50:00,12,534.21,-184.21,39.67,3.0,321.83,0.01,154.48,82.63,0.0
2026-06-13 16:55:00,12,534.21,-184.21,40.76,3.0,322.78,0.01,154.93,82.76,0.0
2026-06-13 17:00:00,12,534.21,-184.21,40.22,4.0,312.99,0.01,150.24,81.82,0.0
2026-06-13 17:05:00,12,534.21,-184.21,38.68,1.0,269.13,0.0,129.18,75.45,0.0
2026-06-13 17:10:00,12,534.21,-184.21,39.85,1.0,280.1,0.0,134.45,76.7,0.0
2026-06-13 17:15:00,12,534.21,-184.21,38.51,3.0,317.76,0.01,152.52,82.08,0.0
2026-06-13 17:20:00,12,534.21,-184.21,38.44,4.0,238.81,0.02,114.63,73.34,0.0
2026-06-13 17:25:00,12,534.21,-184.21,39.28,1.0,286.01,0.0,137.28,77.39,0.0
2026-06-13 17:30:00,12,534.21,-184.21,39.73,0.0,222.02,0.0,106.57,70.3,0.0
2026-06-13 17:35:00,12,534.21,-184.21,38.5,2.0,231.79,0.01,111.26,71.94,0.0
2026-06-13 17:40:00,12,534.21,-184.21,37.95,1.0,235.95,0.01,113.26,71.99,0.0
2026-06-13 17:45:00,12,534.21,-184.21,38.68,1.0,225.62,0.01,108.3,71.0,0.0
2026-06-13 17:50:00,12,534.21,-184.21,38.29,2.0,322.44,0.01,154.77,82.36,0.0
2026-06-13 17:55:00,12,534.21,-184.21,39.14,2.0,221.67,0.01,106.4,70.99,0.0
2026-06-13 18:00:00,12,534.21,-184.21,38.02,0.0,274.4,0.0,131.71,75.69,0.0
2026-06-13 18:05:00,12,534.21,-184.21,38.34,2.0,207.56,0.01,99.63,69.73,0.0
2026-06-13 18:10:00,12,534.21,-184.21,38.1,1.0,284.18,0.0,136.41,77.17,0.0
2026-06-13 18:15:00,12,534.21,-184.21,37.43,0.0,281.15,0.0,134.95,76.47,0.0
2026-06-13 18:20:00,12,534.21,-184.21,36.42,2.0,263.85,0.01,126.65,75.23,0.0
2026-06-13 18:25:00,12,534.21,-184.21,36.98,0.0,290.22,0.0,139.31,77.54,0.0
2026-06-13 18:30:00,12,534.21,-184.21,36.84,0.0,307.96,0.0,147.82,79.74,0.0
2026-06-13 18:35:00,12,534.21,-184.21,37.07,1.0,206.98,0.01,99.35,69.33,0.0
2026-06-13 18:40:00,12,534.21,-184.21,36.77,1.0,271.44,0.0,130.29,75.7,0.0
2026-06-13 18:45:00,12,534.21,-184.21,36.73,0.0,201.84,0.0,96.88,68.52,0.0
2026-06-13 18:50:00,12,534.21,-184.21,37.3,0.0,213.07,0.0,102.27,69.49,0.0
2026-06-13 18:55:00,12,534.21,-184.21,36.5,0.0,221.02,0.0,106.09,70.2,0.0
2026-06-13 19:00:00,12,534.21,-184.21,35.49,0.0,274.1,0.0,131.57,75.65,0.0
2026-06-13 19:05:00,12,534.21,-184.21,36.11,1.0,280.99,0.0,134.88,76.8,0.0
2026-06-13 19:10:00,12,534.21,-184.21,36.22,3.0,244.8,0.02,117.5,73.59,0.0
2026-06-13 19:15:00,12,534.21,-184.21,35.56,2.0,283.51,0.01,136.09,77.46,0.0
2026-06-13 19:20:00,12,534.21,-184.21,36.17,2.0,308.39,0.01,148.03,80.52,0.0
2026-06-13 19:25:00,12,534.21,-184.21,35.93,0.0,274.31,0.0,131.67,75.68,0.0
2026-06-13 19:30:00,12,534.21,-184.21,35.27,0.0,236.4,0.0,113.47,71.66,0.0
2026-06-13 19:35:00,12,534.21,-184.21,35.6,0.0,299.28,0.0,143.65,78.64,100.0
2026-06-13 19:40:00,12,534.21,-184.21,35.12,0.0,306.49,0.0,147.11,79.55,99.87
2026-06-13 19:45:00,12,534.21,-184.21,34.91,0.0,308.27,0.0,147.97,79.78,99.73
2026-06-13 19:50:00,12,534.21,-184.21,35.05,0.0,289.97,0.0,139.18,77.51,99.61
2026-06-13 19:55:00,12,534.21,-184.21,35.22,0.0,312.57,0.0,150.03,80.33,99.47
2026-06-13 20:00:00,12,534.21,-184.21,35.81,0.0,211.19,0.0,101.37,69.32,99.36
2026-06-13 20:05:00,12,534.21,-184.21,33.98,1.0,270.53,0.0,129.85,75.6,99.23
2026-06-13 20:10:00,12,534.21,-184.21,34.25,0.0,306.4,0.0,147.07,79.54,99.1
2026-06-13 20:15:00,12,534.21,-184.21,34.43,1.0,245.77,0.01,117.97,72.97,98.98
2026-06-13 20:20:00,12,534.21,-184.21,34.07,0.0,216.88,0.0,104.1,69.82,98.86
2026-06-13 20:25:00,12,534.21,-184.21,33.58,1.0,209.63,0.01,100.62,69.55,98.74
2026-06-13 20:30:00,12,534.21,-184.21,32.99,0.0,288.57,0.0,138.51,77.33,98.61
2026-06-13 20:35:00,12,534.21,-184.21,34.23,1.0,295.76,0.0,141.96,78.56,98.48
2026-06-13 20:40:00,12,534.21,-184.21,33.09,2.0,278.65,0.01,133.75,76.89,98.36
2026-06-13 20:45:00,12,534.21,-184.21,34.03,0.0,293.21,0.0,140.74,77.9,98.23
2026-06-13 20:50:00,12,534.21,-184.21,33.24,0.0,203.03,0.0,97.46,68.62,98.11
2026-06-13 20:55:00,12,534.21,-184.21,32.6,1.0,298.57,0.0,143.31,78.9,97.98
2026-06-13 21:00:00,12,534.21,-184.21,32.46,0.0,230.28,0.0,110.53,71.06,97.86
2026-06-13 21:05:00,12,534.21,-184.21,32.98,0.0,266.43,0.0,127.89,74.79,97.74
2026-06-13 21:10:00,12,534.21,-184.21,32.34,2.0,322.03,0.01,154.57,82.29,97.6
2026-06-13 21:15:00,12,534.21,-184.21,32.64,1.0,263.78,0.0,126.61,74.84,97.47
2026-06-13 21:20:00,12,534.21,-184.21,31.74,2.0,310.29,0.01,148.94,80.75,97.34
2026-06-13 21:25:00,12,534.21,-184.21,31.87,1.0,219.48,0.01,105.35,70.43,97.22
2026-06-13 21:30:00,12,534.21,-184.21,32.95,0.0,307.04,0.0,147.38,79.62,97.09
2026-06-13 21:35:00,12,534.21,-184.21,31.59,0.0,252.04,0.0,120.98,73.24,96.97
2026-06-13 21:40:00,12,534.21,-184.21,32.32,1.0,246.54,0.01,118.34,73.04,96.85
2026-06-13 21:45:00,12,534.21,-184.21,32.31,1.0,238.07,0.01,114.27,72.19,96.73
2026-06-13 21:50:00,12,534.21,-184.21,32.25,2.0,258.52,0.01,124.09,74.65,96.6
2026-06-13 21:55:00,12,534.21,-184.21,32.57,2.0,315.5,0.01,151.44,81.43,96.47
2026-06-13 22:00:00,12,534.21,-184.21,31.67,4.0,266.86,0.02,128.09,76.27,96.34
2026-06-13 22:05:00,12,534.21,-184.21,32.19,1.0,288.51,0.0,138.49,77.68,96.21
2026-06-13 22:10:00,12,534.21,-184.21,31.67,1.0,263.2,0.0,126.34,74.78,96.08
2026-06-13 22:15:00,12,534.21,-184.21,33.29,0.0,284.59,0.0,136.6,76.86,95.96
2026-06-13 22:20:00,12,534.21,-184.21,31.36,1.0,280.64,0.0,134.71,76.75,95.83
2026-06-13 22:25:00,12,534.21,-184.21,32.36,0.0,243.97,0.0,117.1,72.41,95.71
2026-06-13 22:30:00,12,534.21,-184.21,30.95,2.0,281.17,0.01,134.96,77.18,95.58
2026-06-13 22:35:00,12,534.21,-184.21,31.3,2.0,276.85,0.01,132.89,76.68,95.45
2026-06-13 22:40:00,12,534.21,-184.21,31.46,4.0,287.43,0.02,137.97,78.64,95.32
2026-06-13 22:45:00,12,534.21,-184.21,32.35,1.0,247.77,0.01,118.93,73.17,95.2
2026-06-13 22:50:00,12,534.21,-184.21,31.91,3.0,311.55,0.01,149.55,81.27,95.06
2026-06-13 22:55:00,12,534.21,-184.21,30.33,0.0,217.64,0.0,104.47,69.89,94.95
2026-06-13 23:00:00,12,534.21,-184.21,31.41,1.0,244.56,0.01,117.39,72.84,94.83
2026-06-13 23:05:00,12,534.21,-184.21,31.25,1.0,277.69,0.0,133.29,76.41,94.7
2026-06-13 23:10:00,12,534.21,-184.21,30.51,2.0,251.79,0.01,120.86,73.93,94.57
2026-06-13 23:15:00,12,534.21,-184.21,30.66,1.0,260.11,0.0,124.85,74.44,94.45
2026-06-13 23:20:00,12,534.21,-184.21,30.72,1.0,310.54,0.0,149.06,80.41,94.32
2026-06-13 23:25:00,12,534.21,-184.21,30.3,2.0,214.92,0.01,103.16,70.36,94.2
2026-06-13 23:30:00,12,534.21,-184.21,31.24,1.0,323.9,0.0,155.47,82.17,94.06
2026-06-13 23:35:00,12,534.21,-184.21,31.22,1.0,305.38,0.0,146.58,79.75,93.93
2026-06-13 23:40:00,12,534.21,-184.21,31.8,1.0,249.87,0.01,119.94,73.38,93.81
2026-06-13 23:45:00,12,534.21,-184.21,30.9,4.0,225.11,0.03,108.05,72.03,93.69
2026-06-13 23:50:00,12,534.21,-184.21,31.87,3.0,315.71,0.01,151.54,81.8,93.55
2026-06-13 23:55:00,12,534.21,-184.21,30.27,1.0,204.29,0.01,98.06,69.09,93.44
