datetime,tower_id,x_m,y_m,temperature_degC,effective_users,coverage_radius_m,coverage_load,tx_power_W,power_consumption_W,battery_soc_percent
2026-05-15 00:00:00,3,-348.57,151.37,30.59,0.0,221.25,0.0,106.2,70.22,99.88
2026-05-15 00:05:00,3,-348.57,151.37,31.64,0.0,311.4,0.0,149.47,80.17,99.75
2026-05-15 00:10:00,3,-348.57,151.37,31.32,0.0,240.9,0.0,115.63,72.1,99.63
2026-05-15 00:15:00,3,-348.57,151.37,31.67,0.0,297.89,0.0,142.99,78.47,99.5
2026-05-15 00:20:00,3,-348.57,151.37,30.71,0.0,259.42,0.0,124.52,74.02,99.38
2026-05-15 00:25:00,3,-348.57,151.37,30.57,0.0,210.68,0.0,101.13,69.27,99.26
2026-05-15 00:30:00,3,-348.57,151.37,30.96,0.0,254.07,0.0,121.95,73.45,99.14
2026-05-15 00:35:00,3,-348.57,151.37,30.17,0.0,246.63,0.0,118.38,72.68,99.02
2026-05-15 00:40:00,3,-348.57,151.37,32.03,0.0,319.76,0.0,153.49,81.27,98.88
2026-05-15 00:45:00,3,-348.57,151.37,31.18,0.0,320.29,0.0,153.74,81.34,98.75
2026-05-15 00:50:00,3,-348.57,151.37,30.24,0.0,258.05,0.0,123.86,73.87,98.62
2026-05-15 00:55:00,3,-348.57,151.37,32.71,0.0,314.86,0.0,151.13,80.62,98.49
2026-05-15 01:00:00,3,-348.57,151.37,31.34,0.0,201.18,0.0,96.56,68.46,98.37
2026-05-15 01:05:00,3,-348.57,151.37,30.91,0.0,231.91,0.0,111.32,71.22,98.25
2026-05-15 01:10:00,3,-348.57,151.37,32.17,0.0,297.46,0.0,142.78,78.41,98.12
2026-05-15 01:15:00,3,-348.57,151.37,30.38,0.0,203.57,0.0,97.71,68.66,98.01
2026-05-15 01:20:00,3,-348.57,151.37,30.95,0.0,248.37,0.0,119.22,72.86,97.89
2026-05-15 01:25:00,3,-348.57,151.37,31.74,0.0,218.78,0.0,105.01,69.99,97.77
2026-05-15 01:30:00,3,-348.57,151.37,30.16,0.0,320.4,0.0,153.79,81.35,97.64
2026-05-15 01:35:00,3,-348.57,151.37,32.26,0.0,321.63,0.0,154.38,81.52,97.5
2026-05-15 01:40:00,3,-348.57,151.37,31.5,0.0,247.81,0.0,118.95,72.8,97.38
2026-05-15 01:45:00,3,-348.57,151.37,31.9,0.0,240.72,0.0,115.54,72.08,97.26
2026-05-15 01:50:00,3,-348.57,151.37,31.48,0.0,224.83,0.0,107.92,70.55,97.14
2026-05-15 01:55:00,3,-348.57,151.37,32.48,0.0,298.3,0.0,143.18,78.52,97.01
2026-05-15 02:00:00,3,-348.57,151.37,32.02,0.0,274.4,0.0,131.71,75.68,96.88
2026-05-15 02:05:00,3,-348.57,151.37,32.14,0.0,203.4,0.0,97.63,68.65,96.77
2026-05-15 02:10:00,3,-348.57,151.37,31.42,0.0,245.64,0.0,117.91,72.58,96.65
2026-05-15 02:15:00,3,-348.57,151.37,32.14,0.0,221.53,0.0,106.34,70.24,96.53
2026-05-15 02:20:00,3,-348.57,151.37,32.37,0.0,242.5,0.0,116.4,72.26,96.41
2026-05-15 02:25:00,3,-348.57,151.37,31.85,0.0,316.91,0.0,152.12,80.89,96.28
2026-05-15 02:30:00,3,-348.57,151.37,32.45,0.0,245.7,0.0,117.93,72.58,96.16
2026-05-15 02:35:00,3,-348.57,151.37,32.04,0.0,279.86,0.0,134.33,76.31,96.03
2026-05-15 02:40:00,3,-348.57,151.37,33.03,0.0,317.2,0.0,152.26,80.93,95.89
2026-05-15 02:45:00,3,-348.57,151.37,32.48,0.0,210.47,0.0,101.03,69.25,95.78
2026-05-15 02:50:00,3,-348.57,151.37,33.29,0.0,211.48,0.0,101.51,69.34,95.66
2026-05-15 02:55:00,3,-348.57,151.37,32.43,0.0,268.28,0.0,128.78,74.99,95.54
2026-05-15 03:00:00,3,-348.57,151.37,33.07,0.0,231.85,0.0,111.29,71.22,95.42
2026-05-15 03:05:00,3,-348.57,151.37,33.55,0.0,296.15,0.0,142.15,78.26,95.29
2026-05-15 03:10:00,3,-348.57,151.37,33.05,0.0,303.13,0.0,145.5,79.12,95.16
2026-05-15 03:15:00,3,-348.57,151.37,33.62,0.0,220.45,0.0,105.81,70.15,95.04
2026-05-15 03:20:00,3,-348.57,151.37,33.06,0.0,237.38,0.0,113.94,71.75,94.92
2026-05-15 03:25:00,3,-348.57,151.37,32.54,0.0,281.24,0.0,134.99,76.47,94.79
2026-05-15 03:30:00,3,-348.57,151.37,34.12,0.0,232.88,0.0,111.78,71.32,94.67
2026-05-15 03:35:00,3,-348.57,151.37,34.33,0.0,218.63,0.0,104.94,69.98,94.56
2026-05-15 03:40:00,3,-348.57,151.37,33.66,0.0,292.24,0.0,140.28,77.78,94.43
2026-05-15 03:45:00,3,-348.57,151.37,34.42,0.0,299.54,0.0,143.78,78.68,94.3
2026-05-15 03:50:00,3,-348.57,151.37,34.88,0.0,240.72,0.0,115.55,72.09,94.18
2026-05-15 03:55:00,3,-348.57,151.37,34.29,0.0,203.62,0.0,97.74,68.67,94.06
2026-05-15 04:00:00,3,-348.57,151.37,33.88,0.0,308.97,0.0,148.31,79.87,93.93
2026-05-15 04:05:00,3,-348.57,151.37,34.63,0.0,319.25,0.0,153.24,81.21,93.79
2026-05-15 04:10:00,3,-348.57,151.37,35.03,0.0,256.95,0.0,123.34,73.76,93.67
2026-05-15 04:15:00,3,-348.57,151.37,35.09,0.0,276.63,0.0,132.78,75.94,93.54
2026-05-15 04:20:00,3,-348.57,151.37,34.99,0.0,304.12,0.0,145.98,79.25,93.41
2026-05-15 04:25:00,3,-348.57,151.37,35.08,0.0,317.13,0.0,152.22,80.93,93.28
2026-05-15 04:30:00,3,-348.57,151.37,35.96,0.0,230.13,0.0,110.46,71.05,93.16
2026-05-15 04:35:00,3,-348.57,151.37,35.56,0.0,321.1,0.0,154.13,81.45,93.02
2026-05-15 04:40:00,3,-348.57,151.37,36.51,0.0,316.91,0.0,152.12,80.9,92.89
2026-05-15 04:45:00,3,-348.57,151.37,35.1,0.0,288.4,0.0,138.43,77.32,92.76
2026-05-15 04:50:00,3,-348.57,151.37,34.93,0.0,266.47,0.0,127.9,74.79,92.63
2026-05-15 04:55:00,3,-348.57,151.37,37.17,0.0,240.91,0.0,115.64,72.11,92.51
2026-05-15 05:00:00,3,-348.57,151.37,36.0,0.0,273.34,0.0,131.2,75.57,92.39
2026-05-15 05:05:00,3,-348.57,151.37,36.61,0.0,228.14,0.0,109.51,70.87,92.27
2026-05-15 05:10:00,3,-348.57,151.37,36.28,0.0,243.77,0.0,117.01,72.4,92.15
2026-05-15 05:15:00,3,-348.57,151.37,37.96,0.0,301.94,0.0,144.93,78.98,92.02
2026-05-15 05:20:00,3,-348.57,151.37,37.06,0.0,299.9,0.0,143.95,78.73,91.89
2026-05-15 05:25:00,3,-348.57,151.37,36.7,0.0,202.74,0.0,97.32,68.6,91.77
2026-05-15 05:30:00,3,-348.57,151.37,37.34,0.0,213.41,0.0,102.44,69.52,91.66
2026-05-15 05:35:00,3,-348.57,151.37,37.67,0.0,276.99,0.0,132.95,75.99,91.53
2026-05-15 05:40:00,3,-348.57,151.37,36.94,0.0,297.02,0.0,142.57,78.37,91.4
2026-05-15 05:45:00,3,-348.57,151.37,37.64,0.0,260.24,0.0,124.92,74.12,91.28
2026-05-15 05:50:00,3,-348.57,151.37,37.77,0.0,247.63,0.0,118.86,72.79,91.15
2026-05-15 05:55:00,3,-348.57,151.37,37.92,0.0,241.64,0.0,115.99,72.19,91.03
2026-05-15 06:00:00,3,-348.57,151.37,38.3,0.0,303.8,0.0,145.82,79.22,90.9
2026-05-15 06:05:00,3,-348.57,151.37,38.27,0.0,204.04,0.0,97.94,68.71,90.79
2026-05-15 06:10:00,3,-348.57,151.37,37.92,0.0,218.37,0.0,104.82,69.97,90.67
2026-05-15 06:15:00,3,-348.57,151.37,38.99,0.0,258.13,0.0,123.9,73.9,90.55
2026-05-15 06:20:00,3,-348.57,151.37,39.0,0.0,301.11,0.0,144.53,78.88,90.42
2026-05-15 06:25:00,3,-348.57,151.37,38.59,0.0,300.98,0.0,144.47,78.86,90.28
2026-05-15 06:30:00,3,-348.57,151.37,38.36,0.0,241.46,0.0,115.9,72.17,90.16
2026-05-15 06:35:00,3,-348.57,151.37,39.86,0.0,276.3,0.0,132.62,75.91,90.04
2026-05-15 06:40:00,3,-348.57,151.37,39.17,0.0,301.09,0.0,144.52,78.88,89.91
2026-05-15 06:45:00,3,-348.57,151.37,40.1,0.0,265.12,0.0,127.26,74.66,89.78
2026-05-15 06:50:00,3,-348.57,151.37,40.46,0.0,311.58,0.0,149.56,80.21,89.65
2026-05-15 06:55:00,3,-348.57,151.37,38.42,0.0,254.13,0.0,121.98,73.47,89.53
2026-05-15 07:00:00,3,-348.57,151.37,38.59,0.0,268.08,0.0,128.68,74.98,89.4
2026-05-15 07:05:00,3,-348.57,151.37,40.22,0.0,271.16,0.0,130.16,75.33,89.28
2026-05-15 07:10:00,3,-348.57,151.37,40.11,0.0,281.29,0.0,135.02,76.49,89.15
2026-05-15 07:15:00,3,-348.57,151.37,40.06,0.0,224.61,0.0,107.81,70.54,89.03
2026-05-15 07:20:00,3,-348.57,151.37,40.07,0.0,281.28,0.0,135.01,76.49,88.9
2026-05-15 07:25:00,3,-348.57,151.37,40.67,0.0,264.26,0.0,126.84,74.56,88.78
2026-05-15 07:30:00,3,-348.57,151.37,41.36,0.0,279.48,0.0,134.15,76.28,88.65
2026-05-15 07:35:00,3,-348.57,151.37,40.1,0.0,210.25,0.0,100.92,69.25,88.54
2026-05-15 07:40:00,3,-348.57,151.37,41.06,0.0,252.06,0.0,120.99,73.26,88.41
2026-05-15 07:45:00,3,-348.57,151.37,40.89,0.0,275.3,0.0,132.14,75.8,88.29
2026-05-15 07:50:00,3,-348.57,151.37,40.9,0.0,290.35,0.0,139.37,77.57,88.16
2026-05-15 07:55:00,3,-348.57,151.37,41.74,0.0,318.84,0.0,153.05,81.17,88.02
2026-05-15 08:00:00,3,-348.57,151.37,41.37,0.0,303.19,0.0,145.53,79.15,87.89
2026-05-15 08:05:00,3,-348.57,151.37,41.63,0.0,231.0,0.0,110.88,71.15,87.77
2026-05-15 08:10:00,3,-348.57,151.37,42.01,0.0,237.56,0.0,114.03,71.79,87.65
2026-05-15 08:15:00,3,-348.57,151.37,41.96,0.0,220.8,0.0,105.98,70.19,87.54
2026-05-15 08:20:00,3,-348.57,151.37,41.71,0.0,267.57,0.0,128.43,74.93,87.41
2026-05-15 08:25:00,3,-348.57,151.37,41.89,0.0,225.3,0.0,108.14,70.61,87.29
2026-05-15 08:30:00,3,-348.57,151.37,41.65,0.0,251.33,0.0,120.64,73.18,87.17
2026-05-15 08:35:00,3,-348.57,151.37,42.87,0.0,208.84,0.0,100.25,69.13,87.06
2026-05-15 08:40:00,3,-348.57,151.37,41.21,0.0,269.06,0.0,129.15,75.1,86.93
2026-05-15 08:45:00,3,-348.57,151.37,42.32,0.0,254.17,0.0,122.0,73.48,86.81
2026-05-15 08:50:00,3,-348.57,151.37,42.76,0.0,221.78,0.0,106.45,70.29,86.69
2026-05-15 08:55:00,3,-348.57,151.37,42.89,0.0,203.38,0.0,97.62,68.66,86.58
2026-05-15 09:00:00,3,-348.57,151.37,43.63,0.0,308.14,0.0,147.91,79.78,86.44
2026-05-15 09:05:00,3,-348.57,151.37,42.36,0.0,315.8,0.0,151.59,80.77,86.31
2026-05-15 09:10:00,3,-348.57,151.37,43.08,0.0,261.2,0.0,125.37,74.23,86.19
2026-05-15 09:15:00,3,-348.57,151.37,42.53,0.0,238.56,0.0,114.51,71.89,86.07
2026-05-15 09:20:00,3,-348.57,151.37,42.41,0.0,230.2,0.0,110.49,71.07,85.95
2026-05-15 09:25:00,3,-348.57,151.37,43.62,0.0,288.92,0.0,138.68,77.4,85.82
2026-05-15 09:30:00,3,-348.57,151.37,45.08,0.0,317.16,0.0,152.24,80.95,85.68
2026-05-15 09:35:00,3,-348.57,151.37,44.1,0.0,276.88,0.0,132.9,75.99,85.56
2026-05-15 09:40:00,3,-348.57,151.37,44.0,0.0,294.2,0.0,141.21,78.04,85.43
2026-05-15 09:45:00,3,-348.57,151.37,43.95,0.0,288.2,0.0,138.34,77.31,85.3
2026-05-15 09:50:00,3,-348.57,151.37,44.04,0.0,256.19,0.0,122.97,73.7,85.17
2026-05-15 09:55:00,3,-348.57,151.37,43.76,0.0,253.17,0.0,121.52,73.38,85.05
2026-05-15 10:00:00,3,-348.57,151.37,44.04,0.0,257.98,0.0,123.83,73.89,84.93
2026-05-15 10:05:00,3,-348.57,151.37,42.39,0.0,316.48,0.0,151.91,80.86,84.79
2026-05-15 10:10:00,3,-348.57,151.37,44.68,0.0,317.71,0.0,152.5,81.02,84.66
2026-05-15 10:15:00,3,-348.57,151.37,45.05,0.0,230.11,0.0,110.45,71.07,84.54
2026-05-15 10:20:00,3,-348.57,151.37,44.32,0.0,305.24,0.0,146.52,79.41,84.41
2026-05-15 10:25:00,3,-348.57,151.37,44.42,0.0,235.24,0.0,112.91,71.56,84.29
2026-05-15 10:30:00,3,-348.57,151.37,44.74,0.0,211.17,0.0,101.36,69.34,84.17
2026-05-15 10:35:00,3,-348.57,151.37,43.94,0.0,228.47,0.0,109.67,70.91,84.06
2026-05-15 10:40:00,3,-348.57,151.37,44.19,0.0,268.78,0.0,129.01,75.07,83.93
2026-05-15 10:45:00,3,-348.57,151.37,45.13,0.0,246.63,0.0,118.38,72.71,83.81
2026-05-15 10:50:00,3,-348.57,151.37,44.32,0.0,297.7,0.0,142.9,78.47,83.68
2026-05-15 10:55:00,3,-348.57,151.37,44.89,0.0,312.2,0.0,149.85,80.3,83.54
2026-05-15 11:00:00,3,-348.57,151.37,44.41,0.0,224.89,0.0,107.95,70.58,83.43
2026-05-15 11:05:00,3,-348.57,151.37,44.34,0.0,289.68,0.0,139.04,77.49,83.3
2026-05-15 11:10:00,3,-348.57,151.37,44.73,0.0,280.17,0.0,134.48,76.37,83.17
2026-05-15 11:15:00,3,-348.57,151.37,44.8,0.0,291.85,0.0,140.09,77.75,83.04
2026-05-15 11:20:00,3,-348.57,151.37,44.98,0.0,258.37,0.0,124.02,73.94,82.92
2026-05-15 11:25:00,3,-348.57,151.37,44.32,0.0,255.04,0.0,122.42,73.58,82.8
2026-05-15 11:30:00,3,-348.57,151.37,44.82,0.0,272.31,0.0,130.71,75.47,82.67
2026-05-15 11:35:00,3,-348.57,151.37,45.62,0.0,247.17,0.0,118.64,72.76,82.55
2026-05-15 11:40:00,3,-348.57,151.37,45.05,0.0,289.64,0.0,139.03,77.49,82.42
2026-05-15 11:45:00,3,-348.57,151.37,45.02,0.0,225.87,0.0,108.42,70.67,82.3
2026-05-15 11:50:00,3,-348.57,151.37,43.99,0.0,253.54,0.0,121.7,73.42,82.18
2026-05-15 11:55:00,3,-348.57,151.37,44.09,0.0,298.62,0.0,143.34,78.58,82.05
2026-05-15 12:00:00,3,-348.57,151.37,45.41,0.0,295.6,0.0,141.89,78.21,81.92
2026-05-15 12:05:00,3,-348.57,151.37,44.94,0.0,249.06,0.0,119.55,72.96,81.8
2026-05-15 12:10:00,3,-348.57,151.37,45.49,0.0,282.46,0.0,135.58,76.64,81.67
2026-05-15 12:15:00,3,-348.57,151.37,44.57,0.0,293.27,0.0,140.77,77.93,81.54
2026-05-15 12:20:00,3,-348.57,151.37,44.97,0.0,313.57,0.0,150.51,80.48,81.4
2026-05-15 12:25:00,3,-348.57,151.37,44.32,0.0,288.8,0.0,138.62,77.38,81.28
2026-05-15 12:30:00,3,-348.57,151.37,45.11,0.0,313.83,0.0,150.64,80.52,81.14
2026-05-15 12:35:00,3,-348.57,151.37,44.86,0.0,266.01,0.0,127.68,74.76,81.02
2026-05-15 12:40:00,3,-348.57,151.37,44.87,0.0,303.68,0.0,145.77,79.22,80.88
2026-05-15 12:45:00,3,-348.57,151.37,45.14,0.0,250.7,0.0,120.33,73.12,80.76
2026-05-15 12:50:00,3,-348.57,151.37,44.73,0.0,324.33,0.0,155.68,81.9,80.63
2026-05-15 12:55:00,3,-348.57,151.37,44.58,0.0,251.98,0.0,120.95,73.26,80.5
2026-05-15 13:00:00,3,-348.57,151.37,45.53,0.0,264.58,0.0,127.0,74.61,80.38
2026-05-15 13:05:00,3,-348.57,151.37,44.83,0.0,262.77,0.0,126.13,74.41,80.26
2026-05-15 13:10:00,3,-348.57,151.37,44.87,0.0,252.68,0.0,121.28,73.33,80.13
2026-05-15 13:15:00,3,-348.57,151.37,43.39,0.0,259.46,0.0,124.54,74.05,80.01
2026-05-15 13:20:00,3,-348.57,151.37,44.58,0.0,301.47,0.0,144.71,78.94,79.88
2026-05-15 13:25:00,3,-348.57,151.37,44.86,0.0,301.77,0.0,144.85,78.98,79.75
2026-05-15 13:30:00,3,-348.57,151.37,44.18,0.0,297.62,0.0,142.86,78.46,79.62
2026-05-15 13:35:00,3,-348.57,151.37,43.9,0.0,306.31,0.0,147.03,79.55,79.48
2026-05-15 13:40:00,3,-348.57,151.37,45.02,0.0,319.36,0.0,153.29,81.24,79.35
2026-05-15 13:45:00,3,-348.57,151.37,44.04,0.0,300.6,0.0,144.29,78.83,79.22
2026-05-15 13:50:00,3,-348.57,151.37,44.67,0.0,254.1,0.0,121.97,73.48,79.09
2026-05-15 13:55:00,3,-348.57,151.37,44.39,0.0,318.05,0.0,152.66,81.07,78.96
2026-05-15 14:00:00,3,-348.57,151.37,43.98,0.0,302.09,0.0,145.0,79.01,78.83
2026-05-15 14:05:00,3,-348.57,151.37,44.06,0.0,206.15,0.0,98.95,68.9,78.71
2026-05-15 14:10:00,3,-348.57,151.37,44.22,0.0,249.17,0.0,119.6,72.96,78.59
2026-05-15 14:15:00,3,-348.57,151.37,44.0,0.0,258.05,0.0,123.87,73.9,78.47
2026-05-15 14:20:00,3,-348.57,151.37,43.08,0.0,269.12,0.0,129.18,75.11,78.34
2026-05-15 14:25:00,3,-348.57,151.37,43.15,0.0,224.15,0.0,107.59,70.51,78.23
2026-05-15 14:30:00,3,-348.57,151.37,43.89,0.0,219.03,0.0,105.13,70.04,78.11
2026-05-15 14:35:00,3,-348.57,151.37,44.08,0.0,280.88,0.0,134.82,76.45,77.98
2026-05-15 14:40:00,3,-348.57,151.37,44.09,0.0,226.55,0.0,108.74,70.73,77.86
2026-05-15 14:45:00,3,-348.57,151.37,43.56,0.0,285.97,0.0,137.27,77.05,77.73
2026-05-15 14:50:00,3,-348.57,151.37,43.73,0.0,324.26,0.0,155.64,81.89,77.6
2026-05-15 14:55:00,3,-348.57,151.37,43.8,0.0,232.56,0.0,111.63,71.3,77.48
2026-05-15 15:00:00,3,-348.57,151.37,43.37,0.0,305.06,0.0,146.43,79.39,77.35
2026-05-15 15:05:00,3,-348.57,151.37,42.92,0.0,217.46,0.0,104.38,69.89,77.23
2026-05-15 15:10:00,3,-348.57,151.37,43.47,0.0,215.19,0.0,103.29,69.69,77.11
2026-05-15 15:15:00,3,-348.57,151.37,42.33,0.0,269.01,0.0,129.13,75.09,76.99
2026-05-15 15:20:00,3,-348.57,151.37,41.95,0.0,278.26,0.0,133.57,76.14,76.86
2026-05-15 15:25:00,3,-348.57,151.37,42.5,0.0,282.43,0.0,135.57,76.63,76.73
2026-05-15 15:30:00,3,-348.57,151.37,42.31,0.0,273.62,0.0,131.34,75.61,76.61
2026-05-15 15:35:00,3,-348.57,151.37,40.97,0.0,257.8,0.0,123.74,73.86,76.49
2026-05-15 15:40:00,3,-348.57,151.37,42.31,0.0,208.47,0.0,100.07,69.1,76.37
2026-05-15 15:45:00,3,-348.57,151.37,42.46,0.0,239.13,0.0,114.78,71.94,76.25
2026-05-15 15:50:00,3,-348.57,151.37,41.08,0.0,232.43,0.0,111.57,71.29,76.13
2026-05-15 15:55:00,3,-348.57,151.37,43.11,0.0,253.74,0.0,121.8,73.44,76.01
2026-05-15 16:00:00,3,-348.57,151.37,41.45,0.0,253.46,0.0,121.66,73.41,75.89
2026-05-15 16:05:00,3,-348.57,151.37,41.93,0.0,267.28,0.0,128.29,74.9,75.76
2026-05-15 16:10:00,3,-348.57,151.37,41.5,0.0,297.77,0.0,142.93,78.47,75.63
2026-05-15 16:15:00,3,-348.57,151.37,41.77,0.0,280.42,0.0,134.6,76.39,75.5
2026-05-15 16:20:00,3,-348.57,151.37,40.58,0.0,254.45,0.0,122.14,73.51,75.38
2026-05-15 16:25:00,3,-348.57,151.37,40.62,0.0,243.94,0.0,117.09,72.42,75.26
2026-05-15 16:30:00,3,-348.57,151.37,40.06,0.0,222.41,0.0,106.76,70.34,75.14
2026-05-15 16:35:00,3,-348.57,151.37,40.39,0.0,319.68,0.0,153.44,81.27,75.01
2026-05-15 16:40:00,3,-348.57,151.37,39.91,0.0,247.67,0.0,118.88,72.8,74.89
2026-05-15 16:45:00,3,-348.57,151.37,41.4,0.0,223.83,0.0,107.44,70.47,74.77
2026-05-15 16:50:00,3,-348.57,151.37,40.28,0.0,268.32,0.0,128.79,75.01,74.64
2026-05-15 16:55:00,3,-348.57,151.37,39.38,0.0,318.0,0.0,152.64,81.05,74.51
2026-05-15 17:00:00,3,-348.57,151.37,39.99,0.0,255.8,0.0,122.79,73.65,74.39
2026-05-15 17:05:00,3,-348.57,151.37,40.57,0.0,291.92,0.0,140.12,77.75,74.26
2026-05-15 17:10:00,3,-348.57,151.37,39.42,0.0,240.54,0.0,115.46,72.08,74.14
2026-05-15 17:15:00,3,-348.57,151.37,40.27,0.0,310.41,0.0,149.0,80.06,74.0
2026-05-15 17:20:00,3,-348.57,151.37,39.89,0.0,259.98,0.0,124.79,74.1,73.88
2026-05-15 17:25:00,3,-348.57,151.37,38.04,0.0,210.0,0.0,100.8,69.22,73.76
2026-05-15 17:30:00,3,-348.57,151.37,39.47,0.0,318.52,0.0,152.89,81.12,73.63
2026-05-15 17:35:00,3,-348.57,151.37,38.93,0.0,310.04,0.0,148.82,80.01,73.5
2026-05-15 17:40:00,3,-348.57,151.37,38.05,0.0,300.1,0.0,144.05,78.75,73.36
2026-05-15 17:45:00,3,-348.57,151.37,38.15,0.0,248.14,0.0,119.11,72.85,73.24
2026-05-15 17:50:00,3,-348.57,151.37,38.32,0.0,304.33,0.0,146.08,79.28,73.11
2026-05-15 17:55:00,3,-348.57,151.37,38.36,0.0,215.81,0.0,103.59,69.74,72.99
2026-05-15 18:00:00,3,-348.57,151.37,37.7,0.0,237.08,0.0,113.8,71.73,72.88
2026-05-15 18:05:00,3,-348.57,151.37,38.23,0.0,201.51,0.0,96.72,68.5,72.76
2026-05-15 18:10:00,3,-348.57,151.37,37.66,0.0,212.73,0.0,102.11,69.46,72.65
2026-05-15 18:15:00,3,-348.57,151.37,37.33,0.0,323.72,0.0,155.39,81.81,72.51
2026-05-15 18:20:00,3,-348.57,151.37,37.28,0.0,234.0,0.0,112.32,71.43,72.39
2026-05-15 18:25:00,3,-348.57,151.37,37.48,0.0,277.62,0.0,133.26,76.06,72.26
2026-05-15 18:30:00,3,-348.57,151.37,36.66,0.0,228.65,0.0,109.75,70.92,72.14
2026-05-15 18:35:00,3,-348.57,151.37,37.3,0.0,235.53,0.0,113.05,71.58,72.03
2026-05-15 18:40:00,3,-348.57,151.37,35.67,0.0,219.92,0.0,105.56,70.1,71.91
2026-05-15 18:45:00,3,-348.57,151.37,36.45,0.0,267.37,0.0,128.34,74.9,71.78
2026-05-15 18:50:00,3,-348.57,151.37,36.89,0.0,277.62,0.0,133.26,76.06,71.66
2026-05-15 18:55:00,3,-348.57,151.37,35.43,0.0,318.16,0.0,152.72,81.06,71.52
2026-05-15 19:00:00,3,-348.57,151.37,35.77,0.0,247.64,0.0,118.87,72.79,71.4
2026-05-15 19:05:00,3,-348.57,151.37,36.04,0.0,313.88,0.0,150.66,80.5,71.27
2026-05-15 19:10:00,3,-348.57,151.37,36.03,0.0,206.93,0.0,99.32,68.95,71.15
2026-05-15 19:15:00,3,-348.57,151.37,36.04,0.0,270.51,0.0,129.84,75.25,71.03
2026-05-15 19:20:00,3,-348.57,151.37,35.73,0.0,315.33,0.0,151.36,80.69,70.89
2026-05-15 19:25:00,3,-348.57,151.37,35.49,0.0,291.7,0.0,140.01,77.72,70.76
2026-05-15 19:30:00,3,-348.57,151.37,35.34,0.0,320.6,0.0,153.89,81.39,70.63
2026-05-15 19:35:00,3,-348.57,151.37,35.19,0.0,255.41,0.0,122.59,73.6,70.5
2026-05-15 19:40:00,3,-348.57,151.37,35.1,0.0,255.64,0.0,122.7,73.62,70.38
2026-05-15 19:45:00,3,-348.57,151.37,34.6,0.0,296.83,0.0,142.48,78.34,70.25
2026-05-15 19:50:00,3,-348.57,151.37,34.71,0.0,266.06,0.0,127.71,74.75,70.13
2026-05-15 19:55:00,3,-348.57,151.37,34.01,0.0,205.97,0.0,98.87,68.87,70.01
2026-05-15 20:00:00,3,-348.57,151.37,33.69,0.0,214.18,0.0,102.81,69.58,69.9
2026-05-15 20:05:00,3,-348.57,151.37,34.53,0.0,315.67,0.0,151.52,80.73,69.76
2026-05-15 20:10:00,3,-348.57,151.37,33.74,0.0,231.12,0.0,110.94,71.15,69.64
2026-05-15 20:15:00,3,-348.57,151.37,33.91,0.0,201.3,0.0,96.63,68.47,69.53
2026-05-15 20:20:00,3,-348.57,151.37,34.66,0.0,205.33,0.0,98.56,68.81,69.41
2026-05-15 20:25:00,3,-348.57,151.37,34.72,0.0,275.08,0.0,132.04,75.76,69.29
2026-05-15 20:30:00,3,-348.57,151.37,33.01,0.0,264.52,0.0,126.97,74.58,69.16
2026-05-15 20:35:00,3,-348.57,151.37,33.69,0.0,278.63,0.0,133.74,76.17,69.04
2026-05-15 20:40:00,3,-348.57,151.37,33.7,0.0,277.67,0.0,133.28,76.06,68.91
2026-05-15 20:45:00,3,-348.57,151.37,34.38,0.0,261.67,0.0,125.6,74.27,68.79
2026-05-15 20:50:00,3,-348.57,151.37,33.11,0.0,248.32,0.0,119.2,72.86,68.66
2026-05-15 20:55:00,3,-348.57,151.37,33.43,0.0,280.86,0.0,134.81,76.43,68.54
2026-05-15 21:00:00,3,-348.57,151.37,32.83,0.0,274.7,0.0,131.85,75.71,68.41
2026-05-15 21:05:00,3,-348.57,151.37,32.99,0.0,287.79,0.0,138.14,77.24,68.28
2026-05-15 21:10:00,3,-348.57,151.37,32.32,0.0,256.78,0.0,123.26,73.74,68.16
2026-05-15 21:15:00,3,-348.57,151.37,33.37,0.0,233.17,0.0,111.92,71.34,68.04
2026-05-15 21:20:00,3,-348.57,151.37,33.04,0.0,319.64,0.0,153.43,81.26,67.9
2026-05-15 21:25:00,3,-348.57,151.37,31.63,0.0,248.76,0.0,119.41,72.9,67.78
2026-05-15 21:30:00,3,-348.57,151.37,33.01,0.0,201.27,0.0,96.61,68.47,67.67
2026-05-15 21:35:00,3,-348.57,151.37,32.18,0.0,277.68,0.0,133.28,76.05,67.54
2026-05-15 21:40:00,3,-348.57,151.37,31.92,0.0,248.38,0.0,119.22,72.86,67.42
2026-05-15 21:45:00,3,-348.57,151.37,32.43,0.0,221.65,0.0,106.39,70.25,67.3
2026-05-15 21:50:00,3,-348.57,151.37,31.85,0.0,271.81,0.0,130.47,75.39,67.18
2026-05-15 21:55:00,3,-348.57,151.37,32.49,0.0,267.86,0.0,128.57,74.94,67.05
2026-05-15 22:00:00,3,-348.57,151.37,31.88,0.0,321.04,0.0,154.1,81.44,66.92
2026-05-15 22:05:00,3,-348.57,151.37,32.73,0.0,294.61,0.0,141.41,78.07,66.79
2026-05-15 22:10:00,3,-348.57,151.37,31.45,0.0,292.52,0.0,140.41,77.81,66.66
2026-05-15 22:15:00,3,-348.57,151.37,32.06,0.0,207.26,0.0,99.48,68.97,66.54
2026-05-15 22:20:00,3,-348.57,151.37,32.14,0.0,308.66,0.0,148.16,79.82,66.41
2026-05-15 22:25:00,3,-348.57,151.37,31.86,0.0,306.22,0.0,146.99,79.51,66.28
2026-05-15 22:30:00,3,-348.57,151.37,31.25,0.0,261.02,0.0,125.29,74.19,66.15
2026-05-15 22:35:00,3,-348.57,151.37,31.19,0.0,219.66,0.0,105.44,70.07,66.04
2026-05-15 22:40:00,3,-348.57,151.37,32.41,0.0,231.69,0.0,111.21,71.2,65.92
2026-05-15 22:45:00,3,-348.57,151.37,31.01,0.0,203.45,0.0,97.66,68.65,65.8
2026-05-15 22:50:00,3,-348.57,151.37,30.6,0.0,236.65,0.0,113.59,71.68,65.68
2026-05-15 22:55:00,3,-348.57,151.37,30.75,0.0,240.64,0.0,115.51,72.07,65.56
2026-05-15 23:00:00,3,-348.57,151.37,31.11,0.0,215.52,0.0,103.45,69.7,65.45
2026-05-15 23:05:00,3,-348.57,151.37,30.56,0.0,215.21,0.0,103.3,69.67,65.33
2026-05-15 23:10:00,3,-348.57,151.37,32.17,0.0,318.84,0.0,153.04,81.15,65.2
2026-05-15 23:15:00,3,-348.57,151.37,30.12,0.0,301.67,0.0,144.8,78.93,65.06
2026-05-15 23:20:00,3,-348.57,151.37,30.81,0.0,317.12,0.0,152.22,80.92,64.93
2026-05-15 23:25:00,3,-348.57,151.37,30.99,0.0,220.43,0.0,105.81,70.14,64.81
2026-05-15 23:30:00,3,-348.57,151.37,30.83,0.0,277.05,0.0,132.99,75.98,64.69
2026-05-15 23:35:00,3,-348.57,151.37,30.87,0.0,254.96,0.0,122.38,73.54,64.56
2026-05-15 23:40:00,3,-348.57,151.37,30.24,0.0,271.15,0.0,130.15,75.31,64.44
2026-05-15 23:45:00,3,-348.57,151.37,31.6,0.0,229.6,0.0,110.21,71.0,64.32
2026-05-15 23:50:00,3,-348.57,151.37,31.45,0.0,259.88,0.0,124.74,74.07,64.2
2026-05-15 23:55:00,3,-348.57,151.37,31.09,0.0,313.95,0.0,150.7,80.5,64.06
2026-05-16 00:00:00,3,-348.57,151.37,31.9,0.0,242.3,0.0,116.31,72.24,63.94
2026-05-16 00:05:00,3,-348.57,151.37,30.45,0.0,243.31,0.0,116.79,72.34,63.82
2026-05-16 00:10:00,3,-348.57,151.37,30.39,0.0,296.51,0.0,142.33,78.3,63.69
2026-05-16 00:15:00,3,-348.57,151.37,31.85,0.0,311.43,0.0,149.48,80.18,63.56
2026-05-16 00:20:00,3,-348.57,151.37,31.81,0.0,207.77,0.0,99.73,69.02,63.44
2026-05-16 00:25:00,3,-348.57,151.37,30.3,0.0,280.3,0.0,134.54,76.35,63.31
2026-05-16 00:30:00,3,-348.57,151.37,31.31,0.0,261.67,0.0,125.6,74.26,63.19
2026-05-16 00:35:00,3,-348.57,151.37,31.15,0.0,252.03,0.0,120.97,73.24,63.07
2026-05-16 00:40:00,3,-348.57,151.37,30.97,0.0,274.73,0.0,131.87,75.72,62.94
2026-05-16 00:45:00,3,-348.57,151.37,31.44,0.0,253.47,0.0,121.67,73.39,62.82
2026-05-16 00:50:00,3,-348.57,151.37,30.97,0.0,274.97,0.0,131.99,75.74,62.69
2026-05-16 00:55:00,3,-348.57,151.37,31.27,0.0,304.82,0.0,146.31,79.33,62.56
2026-05-16 01:00:00,3,-348.57,151.37,31.84,0.0,318.22,0.0,152.75,81.07,62.43
2026-05-16 01:05:00,3,-348.57,151.37,31.43,0.0,301.07,0.0,144.51,78.86,62.3
2026-05-16 01:10:00,3,-348.57,151.37,31.75,0.0,239.13,0.0,114.78,71.92,62.18
2026-05-16 01:15:00,3,-348.57,151.37,31.96,0.0,308.81,0.0,148.23,79.84,62.04
2026-05-16 01:20:00,3,-348.57,151.37,31.22,0.0,285.99,0.0,137.28,77.03,61.91
2026-05-16 01:25:00,3,-348.57,151.37,31.83,0.0,299.41,0.0,143.71,78.65,61.78
2026-05-16 01:30:00,3,-348.57,151.37,31.9,0.0,296.03,0.0,142.09,78.24,61.65
2026-05-16 01:35:00,3,-348.57,151.37,31.01,0.0,287.58,0.0,138.04,77.21,61.52
2026-05-16 01:40:00,3,-348.57,151.37,31.94,0.0,289.01,0.0,138.73,77.39,61.4
2026-05-16 01:45:00,3,-348.57,151.37,32.01,0.0,235.71,0.0,113.14,71.59,61.28
2026-05-16 01:50:00,3,-348.57,151.37,31.88,0.0,309.54,0.0,148.58,79.93,61.14
2026-05-16 01:55:00,3,-348.57,151.37,31.72,0.0,228.14,0.0,109.51,70.86,61.02
2026-05-16 02:00:00,3,-348.57,151.37,32.35,0.0,216.39,0.0,103.87,69.78,60.91
2026-05-16 02:05:00,3,-348.57,151.37,32.29,0.0,262.37,0.0,125.94,74.34,60.78
2026-05-16 02:10:00,3,-348.57,151.37,31.64,0.0,220.58,0.0,105.88,70.16,60.67
2026-05-16 02:15:00,3,-348.57,151.37,32.54,0.0,293.07,0.0,140.67,77.88,60.54
2026-05-16 02:20:00,3,-348.57,151.37,32.11,0.0,290.44,0.0,139.41,77.56,60.41
2026-05-16 02:25:00,3,-348.57,151.37,33.12,0.0,324.3,0.0,155.66,81.88,60.27
2026-05-16 02:30:00,3,-348.57,151.37,31.55,0.0,221.2,0.0,106.17,70.21,60.15
2026-05-16 02:35:00,3,-348.57,151.37,33.22,0.0,228.64,0.0,109.75,70.91,60.04
2026-05-16 02:40:00,3,-348.57,151.37,32.17,0.0,217.36,0.0,104.33,69.86,59.92
2026-05-16 02:45:00,3,-348.57,151.37,32.05,0.0,296.11,0.0,142.13,78.25,59.79
2026-05-16 02:50:00,3,-348.57,151.37,33.11,0.0,281.77,0.0,135.25,76.53,59.66
2026-05-16 02:55:00,3,-348.57,151.37,34.39,0.0,203.95,0.0,97.9,68.7,59.55
2026-05-16 03:00:00,3,-348.57,151.37,32.76,0.0,262.42,0.0,125.96,74.35,59.42
2026-05-16 03:05:00,3,-348.57,151.37,33.21,0.0,202.4,0.0,97.15,68.56,59.31
2026-05-16 03:10:00,3,-348.57,151.37,33.94,0.0,274.59,0.0,131.81,75.71,59.18
2026-05-16 03:15:00,3,-348.57,151.37,33.22,0.0,246.87,0.0,118.5,72.71,59.06
2026-05-16 03:20:00,3,-348.57,151.37,34.05,0.0,278.63,0.0,133.74,76.17,58.94
2026-05-16 03:25:00,3,-348.57,151.37,33.13,0.0,228.04,0.0,109.46,70.85,58.82
2026-05-16 03:30:00,3,-348.57,151.37,34.06,0.0,305.51,0.0,146.65,79.43,58.68
2026-05-16 03:35:00,3,-348.57,151.37,33.69,0.0,232.44,0.0,111.57,71.27,58.57
2026-05-16 03:40:00,3,-348.57,151.37,34.44,0.0,259.41,0.0,124.52,74.03,58.44
2026-05-16 03:45:00,3,-348.57,151.37,34.47,0.0,268.8,0.0,129.02,75.05,58.32
2026-05-16 03:50:00,3,-348.57,151.37,34.2,0.0,209.64,0.0,100.63,69.18,58.2
2026-05-16 03:55:00,3,-348.57,151.37,34.18,0.0,294.79,0.0,141.5,78.09,58.07
2026-05-16 04:00:00,3,-348.57,151.37,34.74,0.0,323.2,0.0,155.14,81.73,57.94
2026-05-16 04:05:00,3,-348.57,151.37,34.21,0.0,209.61,0.0,100.61,69.18,57.82
2026-05-16 04:10:00,3,-348.57,151.37,34.31,0.0,315.76,0.0,151.56,80.74,57.69
2026-05-16 04:15:00,3,-348.57,151.37,35.07,0.0,223.21,0.0,107.14,70.4,57.57
2026-05-16 04:20:00,3,-348.57,151.37,35.28,0.0,308.14,0.0,147.91,79.76,57.44
2026-05-16 04:25:00,3,-348.57,151.37,35.11,0.0,276.01,0.0,132.48,75.87,57.31
2026-05-16 04:30:00,3,-348.57,151.37,35.4,0.0,304.87,0.0,146.34,79.35,57.18
2026-05-16 04:35:00,3,-348.57,151.37,34.7,0.0,207.48,0.0,99.59,69.0,57.06
2026-05-16 04:40:00,3,-348.57,151.37,35.88,0.0,262.54,0.0,126.02,74.37,56.94
2026-05-16 04:45:00,3,-348.57,151.37,35.78,0.0,235.3,0.0,112.94,71.55,56.82
2026-05-16 04:50:00,3,-348.57,151.37,36.42,0.0,223.97,0.0,107.51,70.48,56.7
2026-05-16 04:55:00,3,-348.57,151.37,35.81,0.0,289.04,0.0,138.74,77.4,56.57
2026-05-16 05:00:00,3,-348.57,151.37,35.56,0.0,269.23,0.0,129.23,75.1,56.45
2026-05-16 05:05:00,3,-348.57,151.37,36.48,0.0,281.4,0.0,135.07,76.49,56.32
2026-05-16 05:10:00,3,-348.57,151.37,37.25,0.0,235.18,0.0,112.89,71.55,56.2
2026-05-16 05:15:00,3,-348.57,151.37,36.84,0.0,248.31,0.0,119.19,72.86,56.08
2026-05-16 05:20:00,3,-348.57,151.37,38.04,0.0,228.93,0.0,109.89,70.95,55.96
2026-05-16 05:25:00,3,-348.57,151.37,37.47,0.0,237.03,0.0,113.77,71.73,55.84
2026-05-16 05:30:00,3,-348.57,151.37,37.23,0.0,254.54,0.0,122.18,73.51,55.72
2026-05-16 05:35:00,3,-348.57,151.37,36.58,0.0,244.46,0.0,117.34,72.47,55.6
2026-05-16 05:40:00,3,-348.57,151.37,38.42,0.0,259.31,0.0,124.47,74.02,55.47
2026-05-16 05:45:00,3,-348.57,151.37,38.42,0.0,205.2,0.0,98.5,68.81,55.36
2026-05-16 05:50:00,3,-348.57,151.37,37.25,0.0,258.53,0.0,124.09,73.93,55.24
2026-05-16 05:55:00,3,-348.57,151.37,37.58,0.0,271.24,0.0,130.19,75.33,55.11
2026-05-16 06:00:00,3,-348.57,151.37,38.46,0.0,261.0,0.0,125.28,74.2,54.99
2026-05-16 06:05:00,3,-348.57,151.37,38.07,0.0,202.38,0.0,97.14,68.57,54.87
2026-05-16 06:10:00,3,-348.57,151.37,38.81,0.0,301.4,0.0,144.67,78.92,54.74
2026-05-16 06:15:00,3,-348.57,151.37,38.32,0.0,217.48,0.0,104.39,69.89,54.63
2026-05-16 06:20:00,3,-348.57,151.37,38.51,0.0,213.13,0.0,102.3,69.5,54.51
2026-05-16 06:25:00,3,-348.57,151.37,38.59,0.0,319.71,0.0,153.46,81.27,54.37
2026-05-16 06:30:00,3,-348.57,151.37,39.26,0.0,214.85,0.0,103.13,69.65,54.26
2026-05-16 06:35:00,3,-348.57,151.37,39.45,0.0,203.64,0.0,97.75,68.68,54.14
2026-05-16 06:40:00,3,-348.57,151.37,39.1,0.0,202.14,0.0,97.03,68.55,54.03
2026-05-16 06:45:00,3,-348.57,151.37,39.06,0.0,247.37,0.0,118.74,72.77,53.91
2026-05-16 06:50:00,3,-348.57,151.37,39.95,0.0,279.45,0.0,134.14,76.28,53.78
2026-05-16 06:55:00,3,-348.57,151.37,39.84,0.0,230.49,0.0,110.64,71.1,53.66
2026-05-16 07:00:00,3,-348.57,151.37,39.31,0.0,237.73,0.0,114.11,71.8,53.54
2026-05-16 07:05:00,3,-348.57,151.37,39.74,0.0,200.32,0.0,96.15,68.4,53.43
2026-05-16 07:10:00,3,-348.57,151.37,40.35,0.0,219.45,0.0,105.34,70.07,53.31
2026-05-16 07:15:00,3,-348.57,151.37,41.34,0.0,311.11,0.0,149.33,80.15,53.18
2026-05-16 07:20:00,3,-348.57,151.37,39.98,0.0,215.96,0.0,103.66,69.75,53.06
2026-05-16 07:25:00,3,-348.57,151.37,40.66,0.0,227.55,0.0,109.22,70.82,52.94
2026-05-16 07:30:00,3,-348.57,151.37,39.73,0.0,237.15,0.0,113.83,71.74,52.82
2026-05-16 07:35:00,3,-348.57,151.37,41.42,0.0,253.89,0.0,121.87,73.45,52.7
2026-05-16 07:40:00,3,-348.57,151.37,41.13,0.0,212.17,0.0,101.84,69.42,52.59
2026-05-16 07:45:00,3,-348.57,151.37,40.85,0.0,236.7,0.0,113.62,71.7,52.47
2026-05-16 07:50:00,3,-348.57,151.37,41.89,0.0,211.33,0.0,101.44,69.35,52.35
2026-05-16 07:55:00,3,-348.57,151.37,40.84,0.0,259.59,0.0,124.6,74.06,52.23
2026-05-16 08:00:00,3,-348.57,151.37,41.49,0.0,200.92,0.0,96.44,68.46,52.11
2026-05-16 08:05:00,3,-348.57,151.37,42.4,0.0,262.03,0.0,125.78,74.33,51.99
2026-05-16 08:10:00,3,-348.57,151.37,42.19,0.0,304.27,0.0,146.05,79.28,51.86
2026-05-16 08:15:00,3,-348.57,151.37,41.32,0.0,319.72,0.0,153.47,81.28,51.72
2026-05-16 08:20:00,3,-348.57,151.37,41.78,0.0,304.2,0.0,146.02,79.27,51.59
2026-05-16 08:25:00,3,-348.57,151.37,41.96,0.0,247.13,0.0,118.62,72.75,51.47
2026-05-16 08:30:00,3,-348.57,151.37,42.4,0.0,315.96,0.0,151.66,80.79,51.33
2026-05-16 08:35:00,3,-348.57,151.37,42.84,0.0,261.15,0.0,125.35,74.23,51.21
2026-05-16 08:40:00,3,-348.57,151.37,42.28,0.0,274.19,0.0,131.61,75.68,51.08
2026-05-16 08:45:00,3,-348.57,151.37,42.87,0.0,317.55,0.0,152.42,81.0,50.95
2026-05-16 08:50:00,3,-348.57,151.37,42.39,0.0,244.38,0.0,117.3,72.47,50.83
2026-05-16 08:55:00,3,-348.57,151.37,41.5,0.0,214.68,0.0,103.05,69.64,50.71
2026-05-16 09:00:00,3,-348.57,151.37,42.79,0.0,233.15,0.0,111.91,71.36,50.59
2026-05-16 09:05:00,3,-348.57,151.37,42.73,0.0,245.15,0.0,117.67,72.55,50.47
2026-05-16 09:10:00,3,-348.57,151.37,42.16,0.0,251.4,0.0,120.67,73.19,50.35
2026-05-16 09:15:00,3,-348.57,151.37,43.59,0.0,275.36,0.0,132.18,75.81,50.22
2026-05-16 09:20:00,3,-348.57,151.37,43.77,0.0,259.78,0.0,124.69,74.08,50.1
2026-05-16 09:25:00,3,-348.57,151.37,43.17,0.0,225.89,0.0,108.43,70.67,49.98
2026-05-16 09:30:00,3,-348.57,151.37,43.35,0.0,321.01,0.0,154.08,81.46,49.85
2026-05-16 09:35:00,3,-348.57,151.37,44.3,0.0,224.93,0.0,107.97,70.58,49.73
2026-05-16 09:40:00,3,-348.57,151.37,43.92,0.0,238.71,0.0,114.58,71.91,49.61
2026-05-16 09:45:00,3,-348.57,151.37,44.47,0.0,238.51,0.0,114.48,71.89,49.49
2026-05-16 09:50:00,3,-348.57,151.37,44.02,0.0,201.16,0.0,96.56,68.48,49.38
2026-05-16 09:55:00,3,-348.57,151.37,43.16,0.0,284.41,0.0,136.52,76.86,49.25
2026-05-16 10:00:00,3,-348.57,151.37,43.27,0.0,324.81,0.0,155.91,81.97,49.11
2026-05-16 10:05:00,3,-348.57,151.37,45.03,0.0,276.56,0.0,132.75,75.95,48.98
2026-05-16 10:10:00,3,-348.57,151.37,43.39,0.0,248.95,0.0,119.5,72.94,48.86
2026-05-16 10:15:00,3,-348.57,151.37,44.44,0.0,237.96,0.0,114.22,71.83,48.74
2026-05-16 10:20:00,3,-348.57,151.37,44.17,0.0,265.87,0.0,127.62,74.75,48.62
2026-05-16 10:25:00,3,-348.57,151.37,44.46,0.0,245.21,0.0,117.7,72.56,48.5
2026-05-16 10:30:00,3,-348.57,151.37,44.57,0.0,287.6,0.0,138.05,77.24,48.37
2026-05-16 10:35:00,3,-348.57,151.37,44.63,0.0,231.18,0.0,110.97,71.17,48.25
2026-05-16 10:40:00,3,-348.57,151.37,43.6,0.0,253.64,0.0,121.75,73.43,48.13
2026-05-16 10:45:00,3,-348.57,151.37,44.3,0.0,262.54,0.0,126.02,74.38,48.0
2026-05-16 10:50:00,3,-348.57,151.37,44.16,0.0,323.99,0.0,155.51,81.86,47.87
2026-05-16 10:55:00,3,-348.57,151.37,45.26,0.0,270.68,0.0,129.93,75.29,47.74
2026-05-16 11:00:00,3,-348.57,151.37,44.74,0.0,248.39,0.0,119.23,72.89,47.62
2026-05-16 11:05:00,3,-348.57,151.37,43.29,0.0,310.81,0.0,149.19,80.12,47.49
2026-05-16 11:10:00,3,-348.57,151.37,44.92,0.0,231.72,0.0,111.22,71.23,47.37
2026-05-16 11:15:00,3,-348.57,151.37,44.82,0.0,207.89,0.0,99.79,69.05,47.25
2026-05-16 11:20:00,3,-348.57,151.37,45.6,0.0,268.97,0.0,129.1,75.09,47.13
2026-05-16 11:25:00,3,-348.57,151.37,44.85,0.0,309.24,0.0,148.44,79.92,46.99
2026-05-16 11:30:00,3,-348.57,151.37,45.1,0.0,302.13,0.0,145.02,79.02,46.86
2026-05-16 11:35:00,3,-348.57,151.37,44.84,0.0,257.04,0.0,123.38,73.79,46.74
2026-05-16 11:40:00,3,-348.57,151.37,45.83,0.0,313.24,0.0,150.35,80.44,46.61
2026-05-16 11:45:00,3,-348.57,151.37,45.27,0.0,256.24,0.0,123.0,73.71,46.48
2026-05-16 11:50:00,3,-348.57,151.37,44.64,0.0,257.46,0.0,123.58,73.84,46.36
2026-05-16 11:55:00,3,-348.57,151.37,44.23,0.0,282.28,0.0,135.49,76.61,46.23
2026-05-16 12:00:00,3,-348.57,151.37,45.32,0.0,296.01,0.0,142.09,78.26,46.1
2026-05-16 12:05:00,3,-348.57,151.37,44.75,0.0,262.5,0.0,126.0,74.38,45.98
2026-05-16 12:10:00,3,-348.57,151.37,44.76,0.0,204.72,0.0,98.27,68.78,45.86
2026-05-16 12:15:00,3,-348.57,151.37,45.98,0.0,204.25,0.0,98.04,68.75,45.75
2026-05-16 12:20:00,3,-348.57,151.37,45.06,0.0,272.79,0.0,130.94,75.52,45.62
2026-05-16 12:25:00,3,-348.57,151.37,45.21,0.0,247.38,0.0,118.74,72.78,45.5
2026-05-16 12:30:00,3,-348.57,151.37,45.11,0.0,204.34,0.0,98.08,68.75,45.39
2026-05-16 12:35:00,3,-348.57,151.37,45.23,0.0,240.92,0.0,115.64,72.13,45.27
2026-05-16 12:40:00,3,-348.57,151.37,45.24,0.0,208.22,0.0,99.95,69.08,45.15
2026-05-16 12:45:00,3,-348.57,151.37,45.68,0.0,238.73,0.0,114.59,71.91,45.03
2026-05-16 12:50:00,3,-348.57,151.37,44.95,0.0,221.7,0.0,106.42,70.28,44.91
2026-05-16 12:55:00,3,-348.57,151.37,44.31,0.0,313.29,0.0,150.38,80.44,44.78
2026-05-16 13:00:00,3,-348.57,151.37,44.63,0.0,297.12,0.0,142.62,78.4,44.65
2026-05-16 13:05:00,3,-348.57,151.37,44.89,0.0,307.06,0.0,147.39,79.64,44.52
2026-05-16 13:10:00,3,-348.57,151.37,44.98,0.0,314.51,0.0,150.97,80.61,44.38
2026-05-16 13:15:00,3,-348.57,151.37,44.8,0.0,265.86,0.0,127.61,74.75,44.26
2026-05-16 13:20:00,3,-348.57,151.37,43.99,0.0,244.32,0.0,117.27,72.47,44.14
2026-05-16 13:25:00,3,-348.57,151.37,44.92,0.0,287.64,0.0,138.07,77.25,44.01
2026-05-16 13:30:00,3,-348.57,151.37,43.64,0.0,316.49,0.0,151.92,80.86,43.87
2026-05-16 13:35:00,3,-348.57,151.37,44.3,0.0,278.17,0.0,133.52,76.14,43.75
2026-05-16 13:40:00,3,-348.57,151.37,43.84,0.0,317.2,0.0,152.26,80.95,43.61
2026-05-16 13:45:00,3,-348.57,151.37,45.14,0.0,321.24,0.0,154.19,81.49,43.48
2026-05-16 13:50:00,3,-348.57,151.37,44.3,0.0,243.44,0.0,116.85,72.38,43.36
2026-05-16 13:55:00,3,-348.57,151.37,43.84,0.0,228.05,0.0,109.46,70.87,43.24
2026-05-16 14:00:00,3,-348.57,151.37,43.88,0.0,289.97,0.0,139.18,77.52,43.11
2026-05-16 14:05:00,3,-348.57,151.37,44.53,0.0,285.04,0.0,136.82,76.94,42.98
2026-05-16 14:10:00,3,-348.57,151.37,43.4,0.0,298.53,0.0,143.3,78.57,42.85
2026-05-16 14:15:00,3,-348.57,151.37,44.17,0.0,277.36,0.0,133.14,76.04,42.72
2026-05-16 14:20:00,3,-348.57,151.37,43.22,0.0,324.35,0.0,155.69,81.9,42.59
2026-05-16 14:25:00,3,-348.57,151.37,44.17,0.0,270.33,0.0,129.76,75.24,42.46
2026-05-16 14:30:00,3,-348.57,151.37,43.35,0.0,259.23,0.0,124.43,74.02,42.34
2026-05-16 14:35:00,3,-348.57,151.37,42.49,0.0,307.83,0.0,147.76,79.74,42.2
2026-05-16 14:40:00,3,-348.57,151.37,43.38,0.0,276.07,0.0,132.51,75.89,42.08
2026-05-16 14:45:00,3,-348.57,151.37,44.24,0.0,225.42,0.0,108.2,70.63,41.96
2026-05-16 14:50:00,3,-348.57,151.37,43.28,0.0,225.59,0.0,108.28,70.64,41.84
2026-05-16 14:55:00,3,-348.57,151.37,41.84,0.0,323.04,0.0,155.06,81.72,41.71
2026-05-16 15:00:00,3,-348.57,151.37,43.01,0.0,248.07,0.0,119.07,72.85,41.58
2026-05-16 15:05:00,3,-348.57,151.37,42.43,0.0,279.79,0.0,134.3,76.32,41.46
2026-05-16 15:10:00,3,-348.57,151.37,42.31,0.0,206.15,0.0,98.95,68.9,41.34
2026-05-16 15:15:00,3,-348.57,151.37,42.62,0.0,323.38,0.0,155.22,81.77,41.21
2026-05-16 15:20:00,3,-348.57,151.37,42.64,0.0,240.06,0.0,115.23,72.04,41.09
2026-05-16 15:25:00,3,-348.57,151.37,42.98,0.0,303.76,0.0,145.81,79.22,40.95
2026-05-16 15:30:00,3,-348.57,151.37,42.29,0.0,258.28,0.0,123.97,73.92,40.83
2026-05-16 15:35:00,3,-348.57,151.37,42.68,0.0,264.51,0.0,126.96,74.59,40.71
2026-05-16 15:40:00,3,-348.57,151.37,41.93,0.0,303.65,0.0,145.75,79.2,40.57
2026-05-16 15:45:00,3,-348.57,151.37,41.53,0.0,291.39,0.0,139.87,77.69,40.45
2026-05-16 15:50:00,3,-348.57,151.37,42.78,0.0,232.24,0.0,111.47,71.27,40.33
2026-05-16 15:55:00,3,-348.57,151.37,41.72,0.0,201.78,0.0,96.86,68.53,40.21
2026-05-16 16:00:00,3,-348.57,151.37,42.43,0.0,237.16,0.0,113.84,71.75,40.09
2026-05-16 16:05:00,3,-348.57,151.37,41.38,0.0,285.94,0.0,137.25,77.04,39.96
2026-05-16 16:10:00,3,-348.57,151.37,42.28,0.0,252.72,0.0,121.3,73.33,39.84
2026-05-16 16:15:00,3,-348.57,151.37,41.59,0.0,311.39,0.0,149.47,80.19,39.71
2026-05-16 16:20:00,3,-348.57,151.37,41.12,0.0,317.47,0.0,152.38,80.98,39.57
2026-05-16 16:25:00,3,-348.57,151.37,40.08,0.0,315.69,0.0,151.53,80.75,39.44
2026-05-16 16:30:00,3,-348.57,151.37,40.61,0.0,252.21,0.0,121.06,73.27,39.32
2026-05-16 16:35:00,3,-348.57,151.37,40.63,0.0,287.47,0.0,137.98,77.22,39.19
2026-05-16 16:40:00,3,-348.57,151.37,40.5,0.0,322.18,0.0,154.65,81.61,39.05
2026-05-16 16:45:00,3,-348.57,151.37,39.92,0.0,208.95,0.0,100.3,69.14,38.94
2026-05-16 16:50:00,3,-348.57,151.37,39.43,0.0,323.93,0.0,155.49,81.84,38.8
2026-05-16 16:55:00,3,-348.57,151.37,39.32,0.0,205.36,0.0,98.58,68.83,38.69
2026-05-16 17:00:00,3,-348.57,151.37,39.54,0.0,315.6,0.0,151.49,80.73,38.55
2026-05-16 17:05:00,3,-348.57,151.37,39.77,0.0,231.76,0.0,111.24,71.22,38.43
2026-05-16 17:10:00,3,-348.57,151.37,39.6,0.0,285.37,0.0,136.98,76.97,38.3
2026-05-16 17:15:00,3,-348.57,151.37,39.31,0.0,206.86,0.0,99.29,68.95,38.19
2026-05-16 17:20:00,3,-348.57,151.37,38.59,0.0,236.52,0.0,113.53,71.68,38.07
2026-05-16 17:25:00,3,-348.57,151.37,38.65,0.0,264.64,0.0,127.03,74.6,37.95
2026-05-16 17:30:00,3,-348.57,151.37,38.72,0.0,263.63,0.0,126.54,74.49,37.82
2026-05-16 17:35:00,3,-348.57,151.37,38.0,0.0,299.65,0.0,143.83,78.7,37.69
2026-05-16 17:40:00,3,-348.57,151.37,37.98,0.0,239.31,0.0,114.87,71.95,37.57
2026-05-16 17:45:00,3,-348.57,151.37,39.37,0.0,308.86,0.0,148.25,79.86,37.44
2026-05-16 17:50:00,3,-348.57,151.37,38.59,0.0,202.46,0.0,97.18,68.58,37.32
2026-05-16 17:55:00,3,-348.57,151.37,37.48,0.0,283.34,0.0,136.0,76.72,37.2
2026-05-16 18:00:00,3,-348.57,151.37,37.56,0.0,318.03,0.0,152.65,81.05,37.06
2026-05-16 18:05:00,3,-348.57,151.37,38.27,0.0,284.95,0.0,136.78,76.92,36.93
2026-05-16 18:10:00,3,-348.57,151.37,38.0,0.0,264.62,0.0,127.02,74.6,36.81
2026-05-16 18:15:00,3,-348.57,151.37,37.76,0.0,211.33,0.0,101.44,69.34,36.69
2026-05-16 18:20:00,3,-348.57,151.37,37.39,0.0,210.02,0.0,100.81,69.22,36.58
2026-05-16 18:25:00,3,-348.57,151.37,36.9,0.0,257.01,0.0,123.36,73.77,36.45
2026-05-16 18:30:00,3,-348.57,151.37,36.9,0.0,289.69,0.0,139.05,77.48,36.32
2026-05-16 18:35:00,3,-348.57,151.37,36.75,0.0,207.43,0.0,99.57,69.0,36.21
2026-05-16 18:40:00,3,-348.57,151.37,37.13,0.0,223.61,0.0,107.33,70.44,36.09
2026-05-16 18:45:00,3,-348.57,151.37,36.6,0.0,268.68,0.0,128.97,75.04,35.97
2026-05-16 18:50:00,3,-348.57,151.37,36.18,0.0,273.41,0.0,131.24,75.58,35.84
2026-05-16 18:55:00,3,-348.57,151.37,36.32,0.0,301.53,0.0,144.74,78.93,35.71
2026-05-16 19:00:00,3,-348.57,151.37,37.37,0.0,216.86,0.0,104.09,69.83,35.59
2026-05-16 19:05:00,3,-348.57,151.37,35.84,0.0,292.26,0.0,140.29,77.79,35.46
2026-05-16 19:10:00,3,-348.57,151.37,35.51,0.0,227.91,0.0,109.4,70.84,35.35
2026-05-16 19:15:00,3,-348.57,151.37,35.94,0.0,279.19,0.0,134.01,76.24,35.22
2026-05-16 19:20:00,3,-348.57,151.37,35.85,0.0,226.93,0.0,108.93,70.75,35.1
2026-05-16 19:25:00,3,-348.57,151.37,35.13,0.0,255.59,0.0,122.68,73.62,34.98
2026-05-16 19:30:00,3,-348.57,151.37,34.86,0.0,281.71,0.0,135.22,76.53,34.85
2026-05-16 19:35:00,3,-348.57,151.37,35.16,0.0,249.66,0.0,119.84,73.0,34.73
2026-05-16 19:40:00,3,-348.57,151.37,35.36,0.0,267.56,0.0,128.43,74.92,34.6
2026-05-16 19:45:00,3,-348.57,151.37,34.52,0.0,312.52,0.0,150.01,80.32,34.47
2026-05-16 19:50:00,3,-348.57,151.37,34.92,0.0,245.7,0.0,117.94,72.59,34.35
2026-05-16 19:55:00,3,-348.57,151.37,34.99,0.0,275.18,0.0,132.09,75.77,34.22
2026-05-16 20:00:00,3,-348.57,151.37,34.22,0.0,230.76,0.0,110.77,71.11,34.1
2026-05-16 20:05:00,3,-348.57,151.37,35.28,0.0,299.0,0.0,143.52,78.61,33.97
2026-05-16 20:10:00,3,-348.57,151.37,33.99,0.0,229.9,0.0,110.35,71.03,33.85
2026-05-16 20:15:00,3,-348.57,151.37,34.03,0.0,264.8,0.0,127.1,74.61,33.73
2026-05-16 20:20:00,3,-348.57,151.37,34.15,0.0,209.88,0.0,100.74,69.2,33.61
2026-05-16 20:25:00,3,-348.57,151.37,34.31,0.0,215.44,0.0,103.41,69.7,33.5
2026-05-16 20:30:00,3,-348.57,151.37,34.35,0.0,309.84,0.0,148.72,79.98,33.37
2026-05-16 20:35:00,3,-348.57,151.37,33.61,0.0,228.67,0.0,109.76,70.91,33.25
2026-05-16 20:40:00,3,-348.57,151.37,33.96,0.0,285.3,0.0,136.95,76.95,33.12
2026-05-16 20:45:00,3,-348.57,151.37,33.41,0.0,222.84,0.0,106.96,70.37,33.0
2026-05-16 20:50:00,3,-348.57,151.37,33.08,0.0,305.0,0.0,146.4,79.36,32.87
2026-05-16 20:55:00,3,-348.57,151.37,34.16,0.0,317.25,0.0,152.28,80.94,32.73
2026-05-16 21:00:00,3,-348.57,151.37,32.72,0.0,242.99,0.0,116.64,72.31,32.61
2026-05-16 21:05:00,3,-348.57,151.37,32.87,0.0,299.72,0.0,143.86,78.69,32.48
2026-05-16 21:10:00,3,-348.57,151.37,33.09,0.0,282.49,0.0,135.6,76.62,32.36
2026-05-16 21:15:00,3,-348.57,151.37,33.39,0.0,308.56,0.0,148.11,79.81,32.22
2026-05-16 21:20:00,3,-348.57,151.37,32.03,0.0,324.39,0.0,155.71,81.89,32.09
2026-05-16 21:25:00,3,-348.57,151.37,33.03,0.0,211.73,0.0,101.63,69.36,31.97
2026-05-16 21:30:00,3,-348.57,151.37,32.28,0.0,324.38,0.0,155.7,81.89,31.83
2026-05-16 21:35:00,3,-348.57,151.37,32.47,0.0,248.13,0.0,119.1,72.83,31.71
2026-05-16 21:40:00,3,-348.57,151.37,32.99,0.0,219.88,0.0,105.54,70.09,31.6
2026-05-16 21:45:00,3,-348.57,151.37,31.6,0.0,306.79,0.0,147.26,79.58,31.46
2026-05-16 21:50:00,3,-348.57,151.37,32.25,0.0,223.33,0.0,107.2,70.41,31.35
2026-05-16 21:55:00,3,-348.57,151.37,32.31,0.0,277.38,0.0,133.14,76.02,31.22
2026-05-16 22:00:00,3,-348.57,151.37,31.75,0.0,228.94,0.0,109.89,70.93,31.1
2026-05-16 22:05:00,3,-348.57,151.37,32.14,0.0,313.01,0.0,150.24,80.38,30.97
2026-05-16 22:10:00,3,-348.57,151.37,31.39,0.0,314.33,0.0,150.88,80.55,30.83
2026-05-16 22:15:00,3,-348.57,151.37,32.01,0.0,290.43,0.0,139.4,77.56,30.7
2026-05-16 22:20:00,3,-348.57,151.37,31.35,0.0,236.44,0.0,113.49,71.66,30.58
2026-05-16 22:25:00,3,-348.57,151.37,31.82,0.0,288.4,0.0,138.43,77.31,30.45
2026-05-16 22:30:00,3,-348.57,151.37,31.24,0.0,301.73,0.0,144.83,78.94,30.32
2026-05-16 22:35:00,3,-348.57,151.37,30.47,0.0,306.86,0.0,147.29,79.59,30.19
2026-05-16 22:40:00,3,-348.57,151.37,31.48,0.0,304.55,0.0,146.18,79.3,30.06
2026-05-16 22:45:00,3,-348.57,151.37,31.28,0.0,210.2,0.0,100.9,69.23,29.94
2026-05-16 22:50:00,3,-348.57,151.37,31.95,0.0,228.1,0.0,109.49,70.86,29.82
2026-05-16 22:55:00,3,-348.57,151.37,31.53,0.0,317.71,0.0,152.5,81.0,29.69
2026-05-16 23:00:00,3,-348.57,151.37,32.15,0.0,260.85,0.0,125.21,74.18,29.57
2026-05-16 23:05:00,3,-348.57,151.37,30.85,0.0,265.13,0.0,127.26,74.64,29.44
2026-05-16 23:10:00,3,-348.57,151.37,31.47,0.0,258.03,0.0,123.85,73.87,29.32
2026-05-16 23:15:00,3,-348.57,151.37,31.4,0.0,304.24,0.0,146.04,79.26,29.19
2026-05-16 23:20:00,3,-348.57,151.37,31.07,0.0,217.8,0.0,104.54,69.9,29.07
2026-05-16 23:25:00,3,-348.57,151.37,31.15,0.0,242.31,0.0,116.31,72.24,28.95
2026-05-16 23:30:00,3,-348.57,151.37,30.81,0.0,216.26,0.0,103.8,69.76,28.83
2026-05-16 23:35:00,3,-348.57,151.37,30.42,0.0,303.43,0.0,145.65,79.16,28.7
2026-05-16 23:40:00,3,-348.57,151.37,30.48,0.0,245.93,0.0,118.04,72.6,28.58
2026-05-16 23:45:00,3,-348.57,151.37,31.27,0.0,269.1,0.0,129.17,75.08,28.46
2026-05-16 23:50:00,3,-348.57,151.37,30.46,0.0,305.06,0.0,146.43,79.36,28.32
2026-05-16 23:55:00,3,-348.57,151.37,30.6,0.0,213.54,0.0,102.5,69.52,28.21
2026-05-17 00:00:00,3,-348.57,151.37,30.75,0.0,308.68,0.0,148.17,79.82,28.07
2026-05-17 00:05:00,3,-348.57,151.37,30.84,0.0,322.95,0.0,155.01,81.69,27.94
2026-05-17 00:10:00,3,-348.57,151.37,30.66,0.0,276.16,0.0,132.56,75.88,27.81
2026-05-17 00:15:00,3,-348.57,151.37,31.13,0.0,275.59,0.0,132.28,75.81,27.69
2026-05-17 00:20:00,3,-348.57,151.37,31.11,0.0,264.75,0.0,127.08,74.6,27.56
2026-05-17 00:25:00,3,-348.57,151.37,31.35,0.0,216.36,0.0,103.85,69.77,27.44
2026-05-17 00:30:00,3,-348.57,151.37,31.19,0.0,244.13,0.0,117.18,72.42,27.32
2026-05-17 00:35:00,3,-348.57,151.37,31.68,0.0,262.14,0.0,125.83,74.32,27.2
2026-05-17 00:40:00,3,-348.57,151.37,31.13,0.0,229.39,0.0,110.11,70.98,27.08
2026-05-17 00:45:00,3,-348.57,151.37,30.68,0.0,282.06,0.0,135.39,76.56,26.95
2026-05-17 00:50:00,3,-348.57,151.37,30.73,0.0,232.41,0.0,111.56,71.27,26.84
2026-05-17 00:55:00,3,-348.57,151.37,31.42,0.0,302.04,0.0,144.98,78.98,26.7
2026-05-17 01:00:00,3,-348.57,151.37,31.15,0.0,283.84,0.0,136.24,76.77,26.58
2026-05-17 01:05:00,3,-348.57,151.37,30.33,0.0,296.29,0.0,142.22,78.27,26.45
2026-05-17 01:10:00,3,-348.57,151.37,31.0,0.0,315.83,0.0,151.6,80.75,26.31
2026-05-17 01:15:00,3,-348.57,151.37,32.05,0.0,291.14,0.0,139.75,77.64,26.18
2026-05-17 01:20:00,3,-348.57,151.37,30.9,0.0,249.03,0.0,119.54,72.93,26.06
2026-05-17 01:25:00,3,-348.57,151.37,30.41,0.0,322.41,0.0,154.76,81.62,25.92
2026-05-17 01:30:00,3,-348.57,151.37,31.36,0.0,297.75,0.0,142.92,78.45,25.79
2026-05-17 01:35:00,3,-348.57,151.37,30.83,0.0,312.41,0.0,149.95,80.3,25.66
2026-05-17 01:40:00,3,-348.57,151.37,31.61,0.0,228.59,0.0,109.73,70.9,25.54
2026-05-17 01:45:00,3,-348.57,151.37,32.5,0.0,298.19,0.0,143.13,78.51,25.41
2026-05-17 01:50:00,3,-348.57,151.37,31.67,0.0,231.12,0.0,110.94,71.14,25.29
2026-05-17 01:55:00,3,-348.57,151.37,31.33,0.0,285.58,0.0,137.08,76.98,25.16
2026-05-17 02:00:00,3,-348.57,151.37,32.02,0.0,301.42,0.0,144.68,78.91,25.03
2026-05-17 02:05:00,3,-348.57,151.37,32.42,0.0,228.14,0.0,109.51,70.86,24.91
2026-05-17 02:10:00,3,-348.57,151.37,32.11,0.0,313.79,0.0,150.62,80.48,24.78
2026-05-17 02:15:00,3,-348.57,151.37,33.43,0.0,286.23,0.0,137.39,77.06,24.65
2026-05-17 02:20:00,3,-348.57,151.37,32.38,0.0,301.35,0.0,144.65,78.9,24.52
2026-05-17 02:25:00,3,-348.57,151.37,32.8,0.0,242.77,0.0,116.53,72.29,24.4
2026-05-17 02:30:00,3,-348.57,151.37,32.49,0.0,270.86,0.0,130.01,75.28,24.27
2026-05-17 02:35:00,3,-348.57,151.37,32.54,0.0,295.51,0.0,141.85,78.18,24.14
2026-05-17 02:40:00,3,-348.57,151.37,32.14,0.0,278.56,0.0,133.71,76.16,24.02
2026-05-17 02:45:00,3,-348.57,151.37,32.84,0.0,252.07,0.0,120.99,73.24,23.89
2026-05-17 02:50:00,3,-348.57,151.37,32.14,0.0,283.55,0.0,136.1,76.74,23.77
2026-05-17 02:55:00,3,-348.57,151.37,32.86,0.0,310.72,0.0,149.14,80.09,23.63
2026-05-17 03:00:00,3,-348.57,151.37,33.02,0.0,263.2,0.0,126.33,74.43,23.51
2026-05-17 03:05:00,3,-348.57,151.37,32.67,0.0,255.79,0.0,122.78,73.64,23.39
2026-05-17 03:10:00,3,-348.57,151.37,33.35,0.0,207.04,0.0,99.38,68.96,23.27
2026-05-17 03:15:00,3,-348.57,151.37,34.0,0.0,204.86,0.0,98.33,68.77,23.16
2026-05-17 03:20:00,3,-348.57,151.37,33.28,0.0,313.15,0.0,150.31,80.4,23.02
2026-05-17 03:25:00,3,-348.57,151.37,33.27,0.0,284.22,0.0,136.43,76.82,22.89
2026-05-17 03:30:00,3,-348.57,151.37,33.27,0.0,210.01,0.0,100.8,69.21,22.78
2026-05-17 03:35:00,3,-348.57,151.37,33.18,0.0,270.55,0.0,129.86,75.25,22.65
2026-05-17 03:40:00,3,-348.57,151.37,33.66,0.0,247.28,0.0,118.69,72.75,22.53
2026-05-17 03:45:00,3,-348.57,151.37,33.91,0.0,244.18,0.0,117.21,72.43,22.41
2026-05-17 03:50:00,3,-348.57,151.37,34.94,0.0,280.52,0.0,134.65,76.39,22.28
2026-05-17 03:55:00,3,-348.57,151.37,34.38,0.0,294.5,0.0,141.36,78.06,22.15
2026-05-17 04:00:00,3,-348.57,151.37,34.37,0.0,223.19,0.0,107.13,70.4,22.04
2026-05-17 04:05:00,3,-348.57,151.37,34.76,0.0,287.44,0.0,137.97,77.2,21.91
2026-05-17 04:10:00,3,-348.57,151.37,34.72,0.0,232.48,0.0,111.59,71.28,21.79
2026-05-17 04:15:00,3,-348.57,151.37,34.66,0.0,201.1,0.0,96.53,68.46,21.68
2026-05-17 04:20:00,3,-348.57,151.37,35.04,0.0,224.03,0.0,107.53,70.48,21.56
2026-05-17 04:25:00,3,-348.57,151.37,35.47,0.0,224.38,0.0,107.7,70.51,21.44
2026-05-17 04:30:00,3,-348.57,151.37,35.36,0.0,258.62,0.0,124.14,73.94,21.32
2026-05-17 04:35:00,3,-348.57,151.37,35.13,0.0,230.87,0.0,110.82,71.13,21.2
2026-05-17 04:40:00,3,-348.57,151.37,36.23,0.0,248.43,0.0,119.25,72.87,21.08
2026-05-17 04:45:00,3,-348.57,151.37,36.62,0.0,201.18,0.0,96.57,68.47,20.96
2026-05-17 04:50:00,3,-348.57,151.37,36.81,0.0,212.81,0.0,102.15,69.47,20.85
2026-05-17 04:55:00,3,-348.57,151.37,36.04,0.0,314.3,0.0,150.86,80.56,20.71
2026-05-17 05:00:00,3,-348.57,151.37,36.63,0.0,213.88,0.0,102.66,69.56,20.6
2026-05-17 05:05:00,3,-348.57,151.37,35.59,0.0,305.04,0.0,146.42,79.37,20.46
2026-05-17 05:10:00,3,-348.57,151.37,36.0,0.0,213.23,0.0,102.35,69.5,20.35
2026-05-17 05:15:00,3,-348.57,151.37,36.08,0.0,243.96,0.0,117.1,72.42,20.23
2026-05-17 05:20:00,3,-348.57,151.37,36.38,0.0,298.1,0.0,143.09,78.5,20.1
2026-05-17 05:25:00,3,-348.57,151.37,37.19,0.0,282.32,0.0,135.52,76.61,19.97
2026-05-17 05:30:00,3,-348.57,151.37,37.33,0.0,283.24,0.0,135.95,76.71,19.84
2026-05-17 05:35:00,3,-348.57,151.37,37.65,0.0,248.58,0.0,119.32,72.89,19.72
2026-05-17 05:40:00,3,-348.57,151.37,37.73,0.0,314.3,0.0,150.86,80.56,19.59
2026-05-17 05:45:00,3,-348.57,151.37,36.45,0.0,220.84,0.0,106.0,70.19,19.47
2026-05-17 05:50:00,3,-348.57,151.37,37.11,0.0,262.5,0.0,126.0,74.36,19.35
2026-05-17 05:55:00,3,-348.57,151.37,37.89,0.0,213.48,0.0,102.47,69.53,19.23
2026-05-17 06:00:00,3,-348.57,151.37,38.12,0.0,279.55,0.0,134.18,76.28,19.1
2026-05-17 06:05:00,3,-348.57,151.37,38.23,0.0,321.96,0.0,154.54,81.57,18.97
2026-05-17 06:10:00,3,-348.57,151.37,38.52,0.0,259.32,0.0,124.47,74.02,18.84
2026-05-17 06:15:00,3,-348.57,151.37,38.38,0.0,230.07,0.0,110.43,71.05,18.72
2026-05-17 06:20:00,3,-348.57,151.37,38.18,0.0,273.57,0.0,131.31,75.6,18.6
2026-05-17 06:25:00,3,-348.57,151.37,39.48,0.0,309.76,0.0,148.69,79.98,18.47
2026-05-17 06:30:00,3,-348.57,151.37,38.74,0.0,242.94,0.0,116.61,72.32,18.34
2026-05-17 06:35:00,3,-348.57,151.37,39.39,0.0,210.79,0.0,101.18,69.29,18.23
2026-05-17 06:40:00,3,-348.57,151.37,39.16,0.0,241.2,0.0,115.77,72.14,18.11
2026-05-17 06:45:00,3,-348.57,151.37,39.37,0.0,266.76,0.0,128.04,74.84,17.98
2026-05-17 06:50:00,3,-348.57,151.37,39.79,0.0,281.77,0.0,135.25,76.54,17.86
2026-05-17 06:55:00,3,-348.57,151.37,39.41,0.0,318.28,0.0,152.77,81.09,17.72
2026-05-17 07:00:00,3,-348.57,151.37,40.51,0.0,261.19,0.0,125.37,74.23,17.6
2026-05-17 07:05:00,3,-348.57,151.37,39.15,0.0,225.66,0.0,108.31,70.64,17.48
2026-05-17 07:10:00,3,-348.57,151.37,39.95,0.0,204.27,0.0,98.05,68.73,17.37
2026-05-17 07:15:00,3,-348.57,151.37,40.13,0.0,284.01,0.0,136.33,76.81,17.24
2026-05-17 07:20:00,3,-348.57,151.37,39.63,0.0,310.58,0.0,149.08,80.08,17.1
2026-05-17 07:25:00,3,-348.57,151.37,40.06,0.0,205.8,0.0,98.78,68.86,16.99
2026-05-17 07:30:00,3,-348.57,151.37,41.76,0.0,322.22,0.0,154.67,81.62,16.85
2026-05-17 07:35:00,3,-348.57,151.37,40.48,0.0,230.49,0.0,110.64,71.1,16.73
2026-05-17 07:40:00,3,-348.57,151.37,41.39,0.0,209.95,0.0,100.77,69.22,16.62
2026-05-17 07:45:00,3,-348.57,151.37,41.29,0.0,218.99,0.0,105.12,70.03,16.5
2026-05-17 07:50:00,3,-348.57,151.37,40.94,0.0,236.78,0.0,113.65,71.71,16.38
2026-05-17 07:55:00,3,-348.57,151.37,40.81,0.0,203.25,0.0,97.56,68.65,16.27
2026-05-17 08:00:00,3,-348.57,151.37,41.42,0.0,225.52,0.0,108.25,70.63,16.15
2026-05-17 08:05:00,3,-348.57,151.37,41.01,0.0,223.28,0.0,107.18,70.42,16.03
2026-05-17 08:10:00,3,-348.57,151.37,41.65,0.0,209.11,0.0,100.37,69.15,15.92
2026-05-17 08:15:00,3,-348.57,151.37,41.74,0.0,298.22,0.0,143.15,78.53,15.79
2026-05-17 08:20:00,3,-348.57,151.37,41.99,0.0,282.08,0.0,135.4,76.59,15.66
2026-05-17 08:25:00,3,-348.57,151.37,41.76,0.0,324.11,0.0,155.57,81.87,15.52
2026-05-17 08:30:00,3,-348.57,151.37,42.04,0.0,304.04,0.0,145.94,79.25,15.39
2026-05-17 08:35:00,3,-348.57,151.37,42.43,0.0,201.33,0.0,96.64,68.49,15.28
2026-05-17 08:40:00,3,-348.57,151.37,42.41,0.0,204.09,0.0,97.96,68.72,15.16
2026-05-17 08:45:00,3,-348.57,151.37,42.68,0.0,263.57,0.0,126.51,74.49,15.04
2026-05-17 08:50:00,3,-348.57,151.37,43.46,0.0,300.83,0.0,144.4,78.86,14.91
2026-05-17 08:55:00,3,-348.57,151.37,42.63,0.0,284.66,0.0,136.63,76.89,14.78
2026-05-17 09:00:00,3,-348.57,151.37,43.88,0.0,206.32,0.0,99.04,68.92,14.66
2026-05-17 09:05:00,3,-348.57,151.37,42.56,0.0,200.7,0.0,96.34,68.44,14.55
2026-05-17 09:10:00,3,-348.57,151.37,42.72,0.0,213.58,0.0,102.52,69.55,14.43
2026-05-17 09:15:00,3,-348.57,151.37,43.86,0.0,272.72,0.0,130.91,75.51,14.31
2026-05-17 09:20:00,3,-348.57,151.37,44.22,0.0,234.92,0.0,112.76,71.53,14.19
2026-05-17 09:25:00,3,-348.57,151.37,42.93,0.0,221.5,0.0,106.32,70.26,14.07
2026-05-17 09:30:00,3,-348.57,151.37,43.24,0.0,245.0,0.0,117.6,72.54,13.95
2026-05-17 09:35:00,3,-348.57,151.37,43.51,0.0,207.21,0.0,99.46,68.99,13.84
2026-05-17 09:40:00,3,-348.57,151.37,43.28,0.0,242.14,0.0,116.23,72.25,13.72
2026-05-17 09:45:00,3,-348.57,151.37,43.75,0.0,264.64,0.0,127.03,74.61,13.59
2026-05-17 09:50:00,3,-348.57,151.37,43.21,0.0,219.37,0.0,105.3,70.07,13.47
2026-05-17 09:55:00,3,-348.57,151.37,44.74,0.0,304.27,0.0,146.05,79.29,13.34
2026-05-17 10:00:00,3,-348.57,151.37,42.99,0.0,299.94,0.0,143.97,78.74,13.21
2026-05-17 10:05:00,3,-348.57,151.37,44.6,0.0,260.91,0.0,125.24,74.21,13.09
2026-05-17 10:10:00,3,-348.57,151.37,44.52,0.0,253.75,0.0,121.8,73.44,12.97
2026-05-17 10:15:00,3,-348.57,151.37,44.0,0.0,202.93,0.0,97.4,68.63,12.85
2026-05-17 10:20:00,3,-348.57,151.37,43.92,0.0,280.65,0.0,134.71,76.42,12.72
2026-05-17 10:25:00,3,-348.57,151.37,44.54,0.0,298.32,0.0,143.2,78.55,12.59
2026-05-17 10:30:00,3,-348.57,151.37,44.22,0.0,210.0,0.0,100.8,69.24,12.48
2026-05-17 10:35:00,3,-348.57,151.37,44.58,0.0,206.9,0.0,99.31,68.97,12.36
2026-05-17 10:40:00,3,-348.57,151.37,44.37,0.0,263.19,0.0,126.33,74.45,12.24
2026-05-17 10:45:00,3,-348.57,151.37,44.65,0.0,298.74,0.0,143.4,78.6,12.11
2026-05-17 10:50:00,3,-348.57,151.37,44.62,0.0,310.44,0.0,149.01,80.08,11.97
2026-05-17 10:55:00,3,-348.57,151.37,45.16,0.0,303.92,0.0,145.88,79.25,11.84
2026-05-17 11:00:00,3,-348.57,151.37,44.38,0.0,227.03,0.0,108.97,70.78,11.72
2026-05-17 11:05:00,3,-348.57,151.37,44.68,0.0,226.25,0.0,108.6,70.71,11.61
2026-05-17 11:10:00,3,-348.57,151.37,43.96,0.0,297.75,0.0,142.92,78.47,11.47
2026-05-17 11:15:00,3,-348.57,151.37,44.71,0.0,323.82,0.0,155.43,81.83,11.34
2026-05-17 11:20:00,3,-348.57,151.37,46.02,0.0,232.61,0.0,111.65,71.31,11.22
2026-05-17 11:25:00,3,-348.57,151.37,45.16,0.0,263.01,0.0,126.25,74.44,11.1
2026-05-17 11:30:00,3,-348.57,151.37,45.74,0.0,321.37,0.0,154.26,81.51,10.96
2026-05-17 11:35:00,3,-348.57,151.37,44.86,0.0,228.75,0.0,109.8,70.94,10.84
2026-05-17 11:40:00,3,-348.57,151.37,44.71,0.0,234.28,0.0,112.46,71.47,10.72
2026-05-17 11:45:00,3,-348.57,151.37,45.36,0.0,315.77,0.0,151.57,80.77,10.59
2026-05-17 11:50:00,3,-348.57,151.37,44.61,0.0,314.94,0.0,151.17,80.66,10.45
2026-05-17 11:55:00,3,-348.57,151.37,45.51,0.0,270.69,0.0,129.93,75.29,10.33
2026-05-17 12:00:00,3,-348.57,151.37,45.56,0.0,252.44,0.0,121.17,73.31,10.21
2026-05-17 12:05:00,3,-348.57,151.37,45.33,0.0,276.39,0.0,132.67,75.93,10.08
2026-05-17 12:10:00,3,-348.57,151.37,45.14,0.0,217.92,0.0,104.6,69.94,9.96
2026-05-17 12:15:00,3,-348.57,151.37,45.01,0.0,224.54,0.0,107.78,70.55,9.84
2026-05-17 12:20:00,3,-348.57,151.37,44.71,0.0,274.14,0.0,131.58,75.67,9.72
2026-05-17 12:25:00,3,-348.57,151.37,44.84,0.0,244.0,0.0,117.12,72.44,9.6
2026-05-17 12:30:00,3,-348.57,151.37,45.05,0.0,317.86,0.0,152.57,81.04,9.46
2026-05-17 12:35:00,3,-348.57,151.37,44.46,0.0,220.43,0.0,105.81,70.17,9.35
2026-05-17 12:40:00,3,-348.57,151.37,44.33,0.0,218.27,0.0,104.77,69.97,9.23
2026-05-17 12:45:00,3,-348.57,151.37,44.33,0.0,322.96,0.0,155.02,81.72,9.09
2026-05-17 12:50:00,3,-348.57,151.37,44.67,0.0,273.93,0.0,131.49,75.65,8.97
2026-05-17 12:55:00,3,-348.57,151.37,45.3,0.0,229.05,0.0,109.94,70.97,8.85
2026-05-17 13:00:00,3,-348.57,151.37,44.65,0.0,261.45,0.0,125.5,74.27,8.73
2026-05-17 13:05:00,3,-348.57,151.37,45.1,0.0,210.2,0.0,100.9,69.26,8.61
2026-05-17 13:10:00,3,-348.57,151.37,44.15,0.0,206.22,0.0,98.98,68.91,8.49
2026-05-17 13:15:00,3,-348.57,151.37,44.03,0.0,308.73,0.0,148.19,79.85,8.36
2026-05-17 13:20:00,3,-348.57,151.37,44.31,0.0,210.55,0.0,101.07,69.28,8.25
2026-05-17 13:25:00,3,-348.57,151.37,44.59,0.0,212.15,0.0,101.83,69.42,8.13
2026-05-17 13:30:00,3,-348.57,151.37,45.27,0.0,279.74,0.0,134.28,76.32,8.0
2026-05-17 13:35:00,3,-348.57,151.37,44.46,0.0,209.22,0.0,100.42,69.17,7.89
2026-05-17 13:40:00,3,-348.57,151.37,44.54,0.0,234.51,0.0,112.57,71.5,7.77
2026-05-17 13:45:00,3,-348.57,151.37,43.34,0.0,214.27,0.0,102.85,69.61,7.65
2026-05-17 13:50:00,3,-348.57,151.37,43.49,0.0,292.54,0.0,140.42,77.83,7.52
2026-05-17 13:55:00,3,-348.57,151.37,43.95,0.0,297.43,0.0,142.77,78.43,7.39
2026-05-17 14:00:00,3,-348.57,151.37,43.42,0.0,249.0,0.0,119.52,72.95,7.27
2026-05-17 14:05:00,3,-348.57,151.37,43.76,0.0,218.27,0.0,104.77,69.97,7.15
2026-05-17 14:10:00,3,-348.57,151.37,43.29,0.0,215.5,0.0,103.44,69.72,7.04
2026-05-17 14:15:00,3,-348.57,151.37,43.59,0.0,292.65,0.0,140.47,77.85,6.91
2026-05-17 14:20:00,3,-348.57,151.37,43.58,0.0,244.54,0.0,117.38,72.49,6.79
2026-05-17 14:25:00,3,-348.57,151.37,42.77,0.0,241.58,0.0,115.96,72.19,6.67
2026-05-17 14:30:00,3,-348.57,151.37,43.34,0.0,280.28,0.0,134.53,76.38,6.54
2026-05-17 14:35:00,3,-348.57,151.37,43.28,0.0,243.5,0.0,116.88,72.38,6.42
2026-05-17 14:40:00,3,-348.57,151.37,43.59,0.0,219.93,0.0,105.57,70.12,6.3
2026-05-17 14:45:00,3,-348.57,151.37,44.45,0.0,228.74,0.0,109.8,70.94,6.18
2026-05-17 14:50:00,3,-348.57,151.37,42.98,0.0,291.46,0.0,139.9,77.7,6.05
2026-05-17 14:55:00,3,-348.57,151.37,43.9,0.0,311.75,0.0,149.64,80.24,5.92
2026-05-17 15:00:00,3,-348.57,151.37,43.26,0.0,218.68,0.0,104.97,70.01,5.8
2026-05-17 15:05:00,3,-348.57,151.37,43.56,0.0,319.05,0.0,153.15,81.2,5.67
2026-05-17 15:10:00,3,-348.57,151.37,41.78,0.0,230.68,0.0,110.73,71.12,5.55
2026-05-17 15:15:00,3,-348.57,151.37,43.54,0.0,233.01,0.0,111.85,71.35,5.43
2026-05-17 15:20:00,3,-348.57,151.37,42.79,0.0,213.66,0.0,102.56,69.55,5.32
2026-05-17 15:25:00,3,-348.57,151.37,43.23,0.0,245.93,0.0,118.04,72.63,5.19
2026-05-17 15:30:00,3,-348.57,151.37,42.35,0.0,224.08,0.0,107.56,70.5,5.08
2026-05-17 15:35:00,3,-348.57,151.37,42.7,0.0,247.11,0.0,118.61,72.75,4.96
2026-05-17 15:40:00,3,-348.57,151.37,42.1,0.0,217.06,0.0,104.19,69.86,4.84
2026-05-17 15:45:00,3,-348.57,151.37,41.31,0.0,318.47,0.0,152.86,81.11,4.7
2026-05-17 15:50:00,3,-348.57,151.37,41.92,0.0,314.94,0.0,151.17,80.65,4.57
2026-05-17 15:55:00,3,-348.57,151.37,42.83,0.0,214.66,0.0,103.04,69.64,4.45
2026-05-17 16:00:00,3,-348.57,151.37,40.98,0.0,220.49,0.0,105.84,70.17,4.34
2026-05-17 16:05:00,3,-348.57,151.37,41.37,0.0,281.24,0.0,135.0,76.49,4.21
2026-05-17 16:10:00,3,-348.57,151.37,41.27,0.0,239.92,0.0,115.16,72.02,4.09
2026-05-17 16:15:00,3,-348.57,151.37,41.21,0.0,244.73,0.0,117.47,72.5,3.97
2026-05-17 16:20:00,3,-348.57,151.37,41.13,0.0,227.67,0.0,109.28,70.83,3.85
2026-05-17 16:25:00,3,-348.57,151.37,40.36,0.0,249.98,0.0,119.99,73.04,3.73
2026-05-17 16:30:00,3,-348.57,151.37,41.12,0.0,244.34,0.0,117.28,72.46,3.61
2026-05-17 16:35:00,3,-348.57,151.37,40.81,0.0,263.5,0.0,126.48,74.48,3.48
2026-05-17 16:40:00,3,-348.57,151.37,40.39,0.0,281.35,0.0,135.05,76.5,3.36
2026-05-17 16:45:00,3,-348.57,151.37,39.52,0.0,273.94,0.0,131.49,75.64,3.23
2026-05-17 16:50:00,3,-348.57,151.37,40.06,0.0,313.5,0.0,150.48,80.46,3.1
2026-05-17 16:55:00,3,-348.57,151.37,40.71,0.0,320.17,0.0,153.68,81.34,2.96
2026-05-17 17:00:00,3,-348.57,151.37,39.19,0.0,268.04,0.0,128.66,74.98,2.84
2026-05-17 17:05:00,3,-348.57,151.37,39.67,0.0,304.1,0.0,145.97,79.26,2.7
2026-05-17 17:10:00,3,-348.57,151.37,39.68,0.0,232.7,0.0,111.69,71.31,2.58
2026-05-17 17:15:00,3,-348.57,151.37,39.64,0.0,250.26,0.0,120.12,73.07,2.46
2026-05-17 17:20:00,3,-348.57,151.37,39.5,0.0,300.18,0.0,144.09,78.77,2.33
2026-05-17 17:25:00,3,-348.57,151.37,38.62,0.0,281.1,0.0,134.93,76.46,2.2
2026-05-17 17:30:00,3,-348.57,151.37,39.04,0.0,205.14,0.0,98.47,68.81,2.09
2026-05-17 17:35:00,3,-348.57,151.37,38.41,0.0,291.86,0.0,140.09,77.74,1.96
2026-05-17 17:40:00,3,-348.57,151.37,37.78,0.0,313.98,0.0,150.71,80.52,1.83
2026-05-17 17:45:00,3,-348.57,151.37,39.09,0.0,290.2,0.0,139.29,77.54,1.7
2026-05-17 17:50:00,3,-348.57,151.37,37.69,0.0,291.98,0.0,140.15,77.75,1.57
2026-05-17 17:55:00,3,-348.57,151.37,37.89,0.0,317.62,0.0,152.46,81.0,1.43
2026-05-17 18:00:00,3,-348.57,151.37,38.77,0.0,232.51,0.0,111.6,71.29,1.31
2026-05-17 18:05:00,3,-348.57,151.37,37.85,0.0,306.12,0.0,146.94,79.51,1.18
2026-05-17 18:10:00,3,-348.57,151.37,38.11,0.0,210.23,0.0,100.91,69.24,1.06
2026-05-17 18:15:00,3,-348.57,151.37,38.37,0.0,216.07,0.0,103.72,69.76,0.95
2026-05-17 18:20:00,3,-348.57,151.37,36.87,0.0,228.12,0.0,109.5,70.87,0.83
2026-05-17 18:25:00,3,-348.57,151.37,37.74,0.0,226.24,0.0,108.59,70.69,0.71
2026-05-17 18:30:00,3,-348.57,151.37,38.09,0.0,260.02,0.0,124.81,74.1,0.59
2026-05-17 18:35:00,3,-348.57,151.37,37.06,0.0,218.34,0.0,104.8,69.96,0.47
2026-05-17 18:40:00,3,-348.57,151.37,37.04,0.0,213.03,0.0,102.26,69.49,0.36
2026-05-17 18:45:00,3,-348.57,151.37,37.38,0.0,284.83,0.0,136.72,76.9,0.23
2026-05-17 18:50:00,3,-348.57,151.37,35.96,0.0,245.05,0.0,117.62,72.52,0.11
2026-05-17 18:55:00,3,-348.57,151.37,36.57,0.0,264.57,0.0,126.99,74.59,0.0
2026-05-17 19:00:00,3,-348.57,151.37,36.13,0.0,225.12,0.0,108.06,70.58,0.0
2026-05-17 19:05:00,3,-348.57,151.37,35.9,0.0,271.46,0.0,130.3,75.35,0.0
2026-05-17 19:10:00,3,-348.57,151.37,35.61,0.0,273.9,0.0,131.47,75.63,0.0
2026-05-17 19:15:00,3,-348.57,151.37,35.34,0.0,203.49,0.0,97.68,68.66,0.0
2026-05-17 19:20:00,3,-348.57,151.37,35.02,0.0,265.94,0.0,127.65,74.74,0.0
2026-05-17 19:25:00,3,-348.57,151.37,35.27,0.0,263.07,0.0,126.28,74.42,0.0
2026-05-17 19:30:00,3,-348.57,151.37,34.51,0.0,206.24,0.0,99.0,68.89,0.0
2026-05-17 19:35:00,3,-348.57,151.37,34.7,0.0,223.16,0.0,107.12,70.4,0.0
2026-05-17 19:40:00,3,-348.57,151.37,36.36,0.0,289.91,0.0,139.16,77.5,0.0
2026-05-17 19:45:00,3,-348.57,151.37,34.98,0.0,315.42,0.0,151.4,80.7,0.0
2026-05-17 19:50:00,3,-348.57,151.37,35.44,0.0,315.5,0.0,151.44,80.71,0.0
2026-05-17 19:55:00,3,-348.57,151.37,34.66,0.0,244.33,0.0,117.28,72.45,0.0
2026-05-17 20:00:00,3,-348.57,151.37,34.53,0.0,320.46,0.0,153.82,81.37,0.0
2026-05-17 20:05:00,3,-348.57,151.37,34.12,0.0,233.86,0.0,112.25,71.41,0.0
2026-05-17 20:10:00,3,-348.57,151.37,35.06,0.0,272.92,0.0,131.0,75.52,0.0
2026-05-17 20:15:00,3,-348.57,151.37,33.09,0.0,320.3,0.0,153.75,81.34,0.0
2026-05-17 20:20:00,3,-348.57,151.37,33.93,0.0,220.3,0.0,105.75,70.13,0.0
2026-05-17 20:25:00,3,-348.57,151.37,33.64,0.0,297.64,0.0,142.87,78.44,0.0
2026-05-17 20:30:00,3,-348.57,151.37,34.04,0.0,314.3,0.0,150.87,80.56,0.0
2026-05-17 20:35:00,3,-348.57,151.37,33.01,0.0,291.32,0.0,139.84,77.67,0.0
2026-05-17 20:40:00,3,-348.57,151.37,32.22,0.0,311.17,0.0,149.36,80.14,0.0
2026-05-17 20:45:00,3,-348.57,151.37,32.87,0.0,253.07,0.0,121.47,73.35,0.0
2026-05-17 20:50:00,3,-348.57,151.37,33.37,0.0,213.36,0.0,102.41,69.51,0.0
2026-05-17 20:55:00,3,-348.57,151.37,33.43,0.0,317.31,0.0,152.31,80.95,0.0
2026-05-17 21:00:00,3,-348.57,151.37,33.48,0.0,203.24,0.0,97.55,68.63,0.0
2026-05-17 21:05:00,3,-348.57,151.37,31.98,0.0,309.69,0.0,148.65,79.95,0.0
2026-05-17 21:10:00,3,-348.57,151.37,33.02,0.0,239.5,0.0,114.96,71.96,0.0
2026-05-17 21:15:00,3,-348.57,151.37,33.84,0.0,208.0,0.0,99.84,69.04,0.0
2026-05-17 21:20:00,3,-348.57,151.37,32.61,0.0,309.4,0.0,148.51,79.92,0.0
2026-05-17 21:25:00,3,-348.57,151.37,31.71,0.0,319.33,0.0,153.28,81.21,0.0
2026-05-17 21:30:00,3,-348.57,151.37,32.03,0.0,205.01,0.0,98.41,68.78,0.0
2026-05-17 21:35:00,3,-348.57,151.37,33.05,0.0,220.24,0.0,105.71,70.13,0.0
2026-05-17 21:40:00,3,-348.57,151.37,32.27,0.0,313.35,0.0,150.41,80.43,0.0
2026-05-17 21:45:00,3,-348.57,151.37,32.92,0.0,208.58,0.0,100.12,69.09,0.0
2026-05-17 21:50:00,3,-348.57,151.37,32.35,0.0,286.16,0.0,137.36,77.05,0.0
2026-05-17 21:55:00,3,-348.57,151.37,32.19,0.0,320.75,0.0,153.96,81.4,0.0
2026-05-17 22:00:00,3,-348.57,151.37,32.21,0.0,210.3,0.0,100.95,69.24,0.0
2026-05-17 22:05:00,3,-348.57,151.37,32.75,0.0,224.79,0.0,107.9,70.55,0.0
2026-05-17 22:10:00,3,-348.57,151.37,31.85,0.0,289.96,0.0,139.18,77.5,0.0
2026-05-17 22:15:00,3,-348.57,151.37,32.18,0.0,208.16,0.0,99.92,69.05,0.0
2026-05-17 22:20:00,3,-348.57,151.37,32.13,0.0,219.67,0.0,105.44,70.07,0.0
2026-05-17 22:25:00,3,-348.57,151.37,31.08,0.0,251.48,0.0,120.71,73.18,0.0
2026-05-17 22:30:00,3,-348.57,151.37,31.15,0.0,223.24,0.0,107.16,70.4,0.0
2026-05-17 22:35:00,3,-348.57,151.37,31.92,0.0,281.64,0.0,135.19,76.52,0.0
2026-05-17 22:40:00,3,-348.57,151.37,30.2,0.0,312.37,0.0,149.94,80.3,0.0
2026-05-17 22:45:00,3,-348.57,151.37,32.13,0.0,277.16,0.0,133.04,76.0,0.0
2026-05-17 22:50:00,3,-348.57,151.37,31.62,0.0,202.49,0.0,97.2,68.57,0.0
2026-05-17 22:55:00,3,-348.57,151.37,31.63,0.0,202.62,0.0,97.26,68.58,0.0
2026-05-17 23:00:00,3,-348.57,151.37,31.21,0.0,219.03,0.0,105.13,70.01,0.0
2026-05-17 23:05:00,3,-348.57,151.37,30.81,0.0,239.42,0.0,114.92,71.95,0.0
2026-05-17 23:10:00,3,-348.57,151.37,29.95,0.0,248.9,0.0,119.47,72.91,0.0
2026-05-17 23:15:00,3,-348.57,151.37,30.41,0.0,238.88,0.0,114.66,71.9,0.0
2026-05-17 23:20:00,3,-348.57,151.37,30.94,0.0,280.36,0.0,134.57,76.36,0.0
2026-05-17 23:25:00,3,-348.57,151.37,30.82,0.0,306.59,0.0,147.16,79.56,0.0
2026-05-17 23:30:00,3,-348.57,151.37,31.62,0.0,218.9,0.0,105.07,70.0,0.0
2026-05-17 23:35:00,3,-348.57,151.37,30.64,0.0,284.83,0.0,136.72,76.89,0.0
2026-05-17 23:40:00,3,-348.57,151.37,29.94,0.0,273.22,0.0,131.15,75.54,0.0
2026-05-17 23:45:00,3,-348.57,151.37,30.9,0.0,296.37,0.0,142.26,78.28,0.0
2026-05-17 23:50:00,3,-348.57,151.37,30.9,0.0,258.1,0.0,123.89,73.88,0.0
2026-05-17 23:55:00,3,-348.57,151.37,30.9,0.0,286.92,0.0,137.72,77.14,100.0
2026-05-18 00:00:00,3,-348.57,151.37,31.24,0.0,308.64,0.0,148.15,79.82,99.87
2026-05-18 00:05:00,3,-348.57,151.37,31.0,0.0,299.2,0.0,143.62,78.63,99.74
2026-05-18 00:10:00,3,-348.57,151.37,31.23,0.0,304.02,0.0,145.93,79.23,99.6
2026-05-18 00:15:00,3,-348.57,151.37,32.08,0.0,246.14,0.0,118.15,72.63,99.48
2026-05-18 00:20:00,3,-348.57,151.37,30.88,0.0,238.47,0.0,114.47,71.86,99.36
2026-05-18 00:25:00,3,-348.57,151.37,31.17,0.0,318.45,0.0,152.85,81.09,99.23
2026-05-18 00:30:00,3,-348.57,151.37,30.43,0.0,211.33,0.0,101.44,69.33,99.11
2026-05-18 00:35:00,3,-348.57,151.37,30.35,0.0,245.05,0.0,117.62,72.52,98.99
2026-05-18 00:40:00,3,-348.57,151.37,31.18,0.0,294.09,0.0,141.16,78.0,98.86
2026-05-18 00:45:00,3,-348.57,151.37,31.02,0.0,211.49,0.0,101.51,69.34,98.75
2026-05-18 00:50:00,3,-348.57,151.37,30.79,0.0,236.73,0.0,113.63,71.69,98.63
2026-05-18 00:55:00,3,-348.57,151.37,31.28,0.0,279.69,0.0,134.25,76.29,98.5
2026-05-18 01:00:00,3,-348.57,151.37,31.11,0.0,264.07,0.0,126.75,74.52,98.38
2026-05-18 01:05:00,3,-348.57,151.37,31.61,0.0,262.83,0.0,126.16,74.39,98.25
2026-05-18 01:10:00,3,-348.57,151.37,30.11,0.0,255.55,0.0,122.66,73.6,98.13
2026-05-18 01:15:00,3,-348.57,151.37,31.99,0.0,296.21,0.0,142.18,78.26,98.0
2026-05-18 01:20:00,3,-348.57,151.37,31.63,0.0,313.86,0.0,150.65,80.49,97.86
2026-05-18 01:25:00,3,-348.57,151.37,32.58,0.0,210.41,0.0,101.0,69.25,97.75
2026-05-18 01:30:00,3,-348.57,151.37,31.71,0.0,289.96,0.0,139.18,77.5,97.62
2026-05-18 01:35:00,3,-348.57,151.37,31.58,0.0,207.22,0.0,99.46,68.97,97.5
2026-05-18 01:40:00,3,-348.57,151.37,31.3,0.0,258.93,0.0,124.28,73.97,97.38
2026-05-18 01:45:00,3,-348.57,151.37,31.78,0.0,303.46,0.0,145.66,79.16,97.25
2026-05-18 01:50:00,3,-348.57,151.37,30.8,0.0,214.6,0.0,103.01,69.61,97.13
2026-05-18 01:55:00,3,-348.57,151.37,31.87,0.0,259.07,0.0,124.35,73.98,97.01
2026-05-18 02:00:00,3,-348.57,151.37,31.59,0.0,235.59,0.0,113.08,71.57,96.89
2026-05-18 02:05:00,3,-348.57,151.37,31.79,0.0,292.11,0.0,140.21,77.76,96.76
2026-05-18 02:10:00,3,-348.57,151.37,32.05,0.0,233.44,0.0,112.05,71.37,96.64
2026-05-18 02:15:00,3,-348.57,151.37,31.34,0.0,211.35,0.0,101.45,69.33,96.53
2026-05-18 02:20:00,3,-348.57,151.37,32.82,0.0,308.17,0.0,147.92,79.76,96.39
2026-05-18 02:25:00,3,-348.57,151.37,32.36,0.0,246.0,0.0,118.08,72.62,96.27
2026-05-18 02:30:00,3,-348.57,151.37,33.13,0.0,250.93,0.0,120.45,73.13,96.15
2026-05-18 02:35:00,3,-348.57,151.37,32.76,0.0,265.72,0.0,127.54,74.71,96.03
2026-05-18 02:40:00,3,-348.57,151.37,32.5,0.0,205.01,0.0,98.4,68.78,95.91
2026-05-18 02:45:00,3,-348.57,151.37,32.05,0.0,264.04,0.0,126.74,74.52,95.79
2026-05-18 02:50:00,3,-348.57,151.37,33.34,0.0,273.49,0.0,131.27,75.58,95.66
2026-05-18 02:55:00,3,-348.57,151.37,32.2,0.0,232.16,0.0,111.44,71.24,95.54
2026-05-18 03:00:00,3,-348.57,151.37,32.68,0.0,284.65,0.0,136.63,76.87,95.41
2026-05-18 03:05:00,3,-348.57,151.37,33.01,0.0,265.59,0.0,127.48,74.69,95.29
2026-05-18 03:10:00,3,-348.57,151.37,33.4,0.0,237.25,0.0,113.88,71.74,95.17
2026-05-18 03:15:00,3,-348.57,151.37,33.47,0.0,269.87,0.0,129.54,75.17,95.05
2026-05-18 03:20:00,3,-348.57,151.37,33.33,0.0,271.32,0.0,130.23,75.33,94.92
2026-05-18 03:25:00,3,-348.57,151.37,33.46,0.0,224.78,0.0,107.9,70.55,94.8
2026-05-18 03:30:00,3,-348.57,151.37,33.07,0.0,220.99,0.0,106.08,70.2,94.68
2026-05-18 03:35:00,3,-348.57,151.37,33.85,0.0,200.32,0.0,96.15,68.39,94.57
2026-05-18 03:40:00,3,-348.57,151.37,34.67,0.0,239.41,0.0,114.92,71.96,94.45
2026-05-18 03:45:00,3,-348.57,151.37,33.43,0.0,290.72,0.0,139.55,77.6,94.32
2026-05-18 03:50:00,3,-348.57,151.37,34.45,0.0,261.56,0.0,125.55,74.26,94.2
2026-05-18 03:55:00,3,-348.57,151.37,34.95,0.0,267.44,0.0,128.37,74.9,94.07
2026-05-18 04:00:00,3,-348.57,151.37,35.12,0.0,260.6,0.0,125.09,74.15,93.95
2026-05-18 04:05:00,3,-348.57,151.37,34.87,0.0,213.84,0.0,102.64,69.55,93.83
2026-05-18 04:10:00,3,-348.57,151.37,34.8,0.0,235.05,0.0,112.83,71.53,93.71
2026-05-18 04:15:00,3,-348.57,151.37,35.56,0.0,313.52,0.0,150.49,80.46,93.58
2026-05-18 04:20:00,3,-348.57,151.37,33.68,0.0,304.16,0.0,146.0,79.25,93.45
2026-05-18 04:25:00,3,-348.57,151.37,34.99,0.0,253.53,0.0,121.7,73.4,93.33
2026-05-18 04:30:00,3,-348.57,151.37,35.59,0.0,267.97,0.0,128.62,74.96,93.2
2026-05-18 04:35:00,3,-348.57,151.37,35.34,0.0,262.84,0.0,126.16,74.4,93.08
2026-05-18 04:40:00,3,-348.57,151.37,35.49,0.0,256.99,0.0,123.36,73.77,92.95
2026-05-18 04:45:00,3,-348.57,151.37,36.3,0.0,242.01,0.0,116.16,72.22,92.83
2026-05-18 04:50:00,3,-348.57,151.37,35.74,0.0,233.32,0.0,111.99,71.36,92.71
2026-05-18 04:55:00,3,-348.57,151.37,35.99,0.0,324.32,0.0,155.67,81.88,92.58
2026-05-18 05:00:00,3,-348.57,151.37,35.77,0.0,201.98,0.0,96.95,68.53,92.46
2026-05-18 05:05:00,3,-348.57,151.37,35.67,0.0,311.69,0.0,149.61,80.22,92.33
2026-05-18 05:10:00,3,-348.57,151.37,35.96,0.0,203.7,0.0,97.78,68.68,92.22
2026-05-18 05:15:00,3,-348.57,151.37,36.51,0.0,253.82,0.0,121.83,73.43,92.09
2026-05-18 05:20:00,3,-348.57,151.37,36.18,0.0,218.4,0.0,104.83,69.96,91.98
2026-05-18 05:25:00,3,-348.57,151.37,36.33,0.0,241.29,0.0,115.82,72.15,91.86
2026-05-18 05:30:00,3,-348.57,151.37,37.42,0.0,310.8,0.0,149.18,80.11,91.72
2026-05-18 05:35:00,3,-348.57,151.37,37.34,0.0,285.33,0.0,136.96,76.96,91.59
2026-05-18 05:40:00,3,-348.57,151.37,38.0,0.0,284.24,0.0,136.44,76.83,91.47
2026-05-18 05:45:00,3,-348.57,151.37,36.7,0.0,204.52,0.0,98.17,68.75,91.35
2026-05-18 05:50:00,3,-348.57,151.37,37.88,0.0,231.2,0.0,110.97,71.16,91.23
2026-05-18 05:55:00,3,-348.57,151.37,37.68,0.0,267.5,0.0,128.4,74.91,91.11
2026-05-18 06:00:00,3,-348.57,151.37,38.48,0.0,248.53,0.0,119.29,72.89,90.99
2026-05-18 06:05:00,3,-348.57,151.37,38.01,0.0,285.0,0.0,136.8,76.92,90.86
2026-05-18 06:10:00,3,-348.57,151.37,38.46,0.0,211.49,0.0,101.52,69.35,90.74
2026-05-18 06:15:00,3,-348.57,151.37,37.95,0.0,235.45,0.0,113.02,71.57,90.62
2026-05-18 06:20:00,3,-348.57,151.37,38.9,0.0,274.39,0.0,131.71,75.69,90.5
2026-05-18 06:25:00,3,-348.57,151.37,39.33,0.0,217.43,0.0,104.37,69.88,90.38
2026-05-18 06:30:00,3,-348.57,151.37,39.01,0.0,250.72,0.0,120.35,73.12,90.26
2026-05-18 06:35:00,3,-348.57,151.37,39.51,0.0,232.82,0.0,111.75,71.32,90.14
2026-05-18 06:40:00,3,-348.57,151.37,39.77,0.0,303.81,0.0,145.83,79.22,90.01
2026-05-18 06:45:00,3,-348.57,151.37,38.96,0.0,280.08,0.0,134.44,76.35,89.88
2026-05-18 06:50:00,3,-348.57,151.37,39.48,0.0,260.15,0.0,124.87,74.11,89.76
2026-05-18 06:55:00,3,-348.57,151.37,40.26,0.0,275.84,0.0,132.4,75.86,89.63
2026-05-18 07:00:00,3,-348.57,151.37,40.37,0.0,228.12,0.0,109.5,70.87,89.51
2026-05-18 07:05:00,3,-348.57,151.37,40.41,0.0,294.6,0.0,141.41,78.08,89.38
2026-05-18 07:10:00,3,-348.57,151.37,40.48,0.0,292.04,0.0,140.18,77.77,89.25
2026-05-18 07:15:00,3,-348.57,151.37,40.95,0.0,323.59,0.0,155.32,81.8,89.12
2026-05-18 07:20:00,3,-348.57,151.37,40.54,0.0,304.66,0.0,146.23,79.33,88.99
2026-05-18 07:25:00,3,-348.57,151.37,40.9,0.0,294.49,0.0,141.36,78.07,88.86
2026-05-18 07:30:00,3,-348.57,151.37,41.05,0.0,218.13,0.0,104.7,69.95,88.74
2026-05-18 07:35:00,3,-348.57,151.37,40.13,0.0,259.28,0.0,124.45,74.02,88.62
2026-05-18 07:40:00,3,-348.57,151.37,40.46,0.0,258.02,0.0,123.85,73.89,88.49
2026-05-18 07:45:00,3,-348.57,151.37,40.73,0.0,240.09,0.0,115.24,72.04,88.37
2026-05-18 07:50:00,3,-348.57,151.37,41.13,0.0,276.71,0.0,132.82,75.96,88.25
2026-05-18 07:55:00,3,-348.57,151.37,41.75,0.0,208.97,0.0,100.31,69.14,88.13
2026-05-18 08:00:00,3,-348.57,151.37,41.44,0.0,232.47,0.0,111.58,71.29,88.01
2026-05-18 08:05:00,3,-348.57,151.37,42.24,0.0,283.68,0.0,136.17,76.77,87.88
2026-05-18 08:10:00,3,-348.57,151.37,41.04,0.0,320.64,0.0,153.91,81.4,87.75
2026-05-18 08:15:00,3,-348.57,151.37,42.22,0.0,252.47,0.0,121.19,73.3,87.63
2026-05-18 08:20:00,3,-348.57,151.37,42.11,0.0,263.4,0.0,126.43,74.47,87.5
2026-05-18 08:25:00,3,-348.57,151.37,41.59,0.0,252.63,0.0,121.26,73.32,87.38
2026-05-18 08:30:00,3,-348.57,151.37,43.12,0.0,231.73,0.0,111.23,71.22,87.26
2026-05-18 08:35:00,3,-348.57,151.37,42.2,0.0,220.39,0.0,105.79,70.16,87.14
2026-05-18 08:40:00,3,-348.57,151.37,43.12,0.0,299.66,0.0,143.84,78.71,87.01
2026-05-18 08:45:00,3,-348.57,151.37,41.48,0.0,236.72,0.0,113.62,71.7,86.89
2026-05-18 08:50:00,3,-348.57,151.37,41.84,0.0,207.67,0.0,99.68,69.03,86.78
2026-05-18 08:55:00,3,-348.57,151.37,42.65,0.0,270.04,0.0,129.62,75.21,86.65
2026-05-18 09:00:00,3,-348.57,151.37,43.07,0.0,261.12,0.0,125.34,74.23,86.53
2026-05-18 09:05:00,3,-348.57,151.37,42.9,0.0,311.84,0.0,149.69,80.25,86.39
2026-05-18 09:10:00,3,-348.57,151.37,43.0,0.0,299.64,0.0,143.83,78.71,86.26
2026-05-18 09:15:00,3,-348.57,151.37,43.15,0.0,245.13,0.0,117.66,72.55,86.14
2026-05-18 09:20:00,3,-348.57,151.37,43.78,0.0,275.68,0.0,132.32,75.85,86.02
2026-05-18 09:25:00,3,-348.57,151.37,42.64,0.0,205.04,0.0,98.42,68.8,85.9
2026-05-18 09:30:00,3,-348.57,151.37,42.26,0.0,303.28,0.0,145.57,79.16,85.77
2026-05-18 09:35:00,3,-348.57,151.37,44.28,0.0,273.51,0.0,131.29,75.6,85.64
2026-05-18 09:40:00,3,-348.57,151.37,44.17,0.0,246.69,0.0,118.41,72.71,85.52
2026-05-18 09:45:00,3,-348.57,151.37,44.72,0.0,279.57,0.0,134.19,76.3,85.4
2026-05-18 09:50:00,3,-348.57,151.37,43.53,0.0,204.56,0.0,98.19,68.77,85.28
2026-05-18 09:55:00,3,-348.57,151.37,43.93,0.0,235.84,0.0,113.2,71.62,85.16
2026-05-18 10:00:00,3,-348.57,151.37,43.04,0.0,232.65,0.0,111.67,71.31,85.04
2026-05-18 10:05:00,3,-348.57,151.37,43.66,0.0,316.06,0.0,151.71,80.8,84.91
2026-05-18 10:10:00,3,-348.57,151.37,43.74,0.0,277.13,0.0,133.02,76.01,84.78
2026-05-18 10:15:00,3,-348.57,151.37,44.4,0.0,275.29,0.0,132.14,75.81,84.65
2026-05-18 10:20:00,3,-348.57,151.37,44.53,0.0,215.82,0.0,103.59,69.75,84.54
2026-05-18 10:25:00,3,-348.57,151.37,44.18,0.0,303.79,0.0,145.82,79.23,84.41
2026-05-18 10:30:00,3,-348.57,151.37,45.42,0.0,300.18,0.0,144.09,78.78,84.28
2026-05-18 10:35:00,3,-348.57,151.37,44.78,0.0,315.03,0.0,151.22,80.67,84.14
2026-05-18 10:40:00,3,-348.57,151.37,44.39,0.0,242.23,0.0,116.27,72.26,84.02
2026-05-18 10:45:00,3,-348.57,151.37,44.74,0.0,238.84,0.0,114.64,71.92,83.9
2026-05-18 10:50:00,3,-348.57,151.37,45.38,0.0,292.89,0.0,140.59,77.88,83.77
2026-05-18 10:55:00,3,-348.57,151.37,44.9,0.0,300.37,0.0,144.18,78.8,83.64
2026-05-18 11:00:00,3,-348.57,151.37,44.2,0.0,247.05,0.0,118.58,72.75,83.52
2026-05-18 11:05:00,3,-348.57,151.37,45.24,0.0,313.82,0.0,150.64,80.52,83.38
2026-05-18 11:10:00,3,-348.57,151.37,45.11,0.0,215.84,0.0,103.6,69.75,83.27
2026-05-18 11:15:00,3,-348.57,151.37,43.92,0.0,241.33,0.0,115.84,72.17,83.15
2026-05-18 11:20:00,3,-348.57,151.37,44.78,0.0,259.07,0.0,124.35,74.01,83.02
2026-05-18 11:25:00,3,-348.57,151.37,45.21,0.0,260.24,0.0,124.92,74.14,82.9
2026-05-18 11:30:00,3,-348.57,151.37,45.19,0.0,296.32,0.0,142.23,78.3,82.77
2026-05-18 11:35:00,3,-348.57,151.37,44.61,0.0,321.43,0.0,154.29,81.52,82.63
2026-05-18 11:40:00,3,-348.57,151.37,45.21,0.0,271.22,0.0,130.19,75.35,82.51
2026-05-18 11:45:00,3,-348.57,151.37,45.47,0.0,308.85,0.0,148.25,79.87,82.38
2026-05-18 11:50:00,3,-348.57,151.37,45.66,0.0,210.37,0.0,100.98,69.27,82.26
2026-05-18 11:55:00,3,-348.57,151.37,44.71,0.0,263.63,0.0,126.54,74.5,82.14
2026-05-18 12:00:00,3,-348.57,151.37,44.96,0.0,228.37,0.0,109.62,70.91,82.02
2026-05-18 12:05:00,3,-348.57,151.37,45.71,0.0,234.5,0.0,112.56,71.5,81.9
2026-05-18 12:10:00,3,-348.57,151.37,45.78,0.0,228.31,0.0,109.59,70.9,81.78
2026-05-18 12:15:00,3,-348.57,151.37,45.22,0.0,324.82,0.0,155.92,81.97,81.64
2026-05-18 12:20:00,3,-348.57,151.37,44.87,0.0,247.97,0.0,119.03,72.84,81.52
2026-05-18 12:25:00,3,-348.57,151.37,45.23,0.0,273.15,0.0,131.11,75.56,81.4
2026-05-18 12:30:00,3,-348.57,151.37,45.79,0.0,219.72,0.0,105.47,70.11,81.28
2026-05-18 12:35:00,3,-348.57,151.37,44.49,0.0,251.03,0.0,120.49,73.16,81.16
2026-05-18 12:40:00,3,-348.57,151.37,45.66,0.0,301.54,0.0,144.74,78.95,81.03
2026-05-18 12:45:00,3,-348.57,151.37,44.2,0.0,233.22,0.0,111.95,71.37,80.91
2026-05-18 12:50:00,3,-348.57,151.37,45.99,0.0,212.39,0.0,101.95,69.45,80.79
2026-05-18 12:55:00,3,-348.57,151.37,45.54,0.0,294.18,0.0,141.21,78.04,80.66
2026-05-18 13:00:00,3,-348.57,151.37,45.19,0.0,321.89,0.0,154.51,81.58,80.53
2026-05-18 13:05:00,3,-348.57,151.37,44.96,0.0,224.75,0.0,107.88,70.57,80.41
2026-05-18 13:10:00,3,-348.57,151.37,43.5,0.0,256.28,0.0,123.01,73.71,80.28
2026-05-18 13:15:00,3,-348.57,151.37,44.92,0.0,305.22,0.0,146.5,79.41,80.15
2026-05-18 13:20:00,3,-348.57,151.37,45.29,0.0,218.05,0.0,104.66,69.95,80.04
2026-05-18 13:25:00,3,-348.57,151.37,44.59,0.0,231.23,0.0,110.99,71.18,79.92
2026-05-18 13:30:00,3,-348.57,151.37,44.59,0.0,296.72,0.0,142.43,78.35,79.79
2026-05-18 13:35:00,3,-348.57,151.37,45.4,0.0,214.9,0.0,103.15,69.67,79.67
2026-05-18 13:40:00,3,-348.57,151.37,44.81,0.0,319.46,0.0,153.34,81.25,79.54
2026-05-18 13:45:00,3,-348.57,151.37,43.97,0.0,277.3,0.0,133.11,76.04,79.41
2026-05-18 13:50:00,3,-348.57,151.37,44.7,0.0,228.2,0.0,109.53,70.89,79.29
2026-05-18 13:55:00,3,-348.57,151.37,44.47,0.0,232.02,0.0,111.37,71.25,79.17
2026-05-18 14:00:00,3,-348.57,151.37,44.3,0.0,318.77,0.0,153.01,81.16,79.04
2026-05-18 14:05:00,3,-348.57,151.37,44.02,0.0,315.02,0.0,151.21,80.67,78.9
2026-05-18 14:10:00,3,-348.57,151.37,44.16,0.0,274.88,0.0,131.94,75.76,78.78
2026-05-18 14:15:00,3,-348.57,151.37,43.81,0.0,315.01,0.0,151.2,80.66,78.64
2026-05-18 14:20:00,3,-348.57,151.37,43.32,0.0,291.07,0.0,139.72,77.66,78.51
2026-05-18 14:25:00,3,-348.57,151.37,43.89,0.0,282.0,0.0,135.36,76.58,78.38
2026-05-18 14:30:00,3,-348.57,151.37,42.86,0.0,274.72,0.0,131.86,75.74,78.26
2026-05-18 14:35:00,3,-348.57,151.37,43.68,0.0,301.43,0.0,144.68,78.93,78.13
2026-05-18 14:40:00,3,-348.57,151.37,43.4,0.0,319.35,0.0,153.29,81.24,77.99
2026-05-18 14:45:00,3,-348.57,151.37,44.0,0.0,251.75,0.0,120.84,73.23,77.87
2026-05-18 14:50:00,3,-348.57,151.37,42.82,0.0,256.27,0.0,123.01,73.71,77.75
2026-05-18 14:55:00,3,-348.57,151.37,43.26,0.0,311.52,0.0,149.53,80.21,77.61
2026-05-18 15:00:00,3,-348.57,151.37,43.51,0.0,203.61,0.0,97.73,68.69,77.5
2026-05-18 15:05:00,3,-348.57,151.37,43.35,0.0,252.35,0.0,121.13,73.29,77.38
2026-05-18 15:10:00,3,-348.57,151.37,43.04,0.0,288.04,0.0,138.26,77.29,77.25
2026-05-18 15:15:00,3,-348.57,151.37,43.02,0.0,276.01,0.0,132.49,75.89,77.12
2026-05-18 15:20:00,3,-348.57,151.37,43.04,0.0,322.95,0.0,155.01,81.71,76.98
2026-05-18 15:25:00,3,-348.57,151.37,41.74,0.0,320.35,0.0,153.77,81.37,76.85
2026-05-18 15:30:00,3,-348.57,151.37,42.78,0.0,284.42,0.0,136.52,76.86,76.72
2026-05-18 15:35:00,3,-348.57,151.37,42.04,0.0,254.39,0.0,122.1,73.5,76.6
2026-05-18 15:40:00,3,-348.57,151.37,43.02,0.0,324.89,0.0,155.95,81.98,76.46
2026-05-18 15:45:00,3,-348.57,151.37,41.0,0.0,277.94,0.0,133.41,76.1,76.33
2026-05-18 15:50:00,3,-348.57,151.37,41.69,0.0,243.37,0.0,116.82,72.37,76.21
2026-05-18 15:55:00,3,-348.57,151.37,42.19,0.0,264.78,0.0,127.09,74.62,76.09
2026-05-18 16:00:00,3,-348.57,151.37,41.0,0.0,234.34,0.0,112.48,71.47,75.97
2026-05-18 16:05:00,3,-348.57,151.37,41.54,0.0,203.21,0.0,97.54,68.65,75.86
2026-05-18 16:10:00,3,-348.57,151.37,41.16,0.0,249.67,0.0,119.84,73.01,75.73
2026-05-18 16:15:00,3,-348.57,151.37,40.6,0.0,295.8,0.0,141.99,78.23,75.6
2026-05-18 16:20:00,3,-348.57,151.37,40.8,0.0,201.76,0.0,96.84,68.52,75.49
2026-05-18 16:25:00,3,-348.57,151.37,40.59,0.0,319.42,0.0,153.32,81.24,75.35
2026-05-18 16:30:00,3,-348.57,151.37,40.81,0.0,236.9,0.0,113.71,71.72,75.23
2026-05-18 16:35:00,3,-348.57,151.37,39.85,0.0,265.16,0.0,127.27,74.66,75.11
2026-05-18 16:40:00,3,-348.57,151.37,39.42,0.0,242.07,0.0,116.2,72.23,74.99
2026-05-18 16:45:00,3,-348.57,151.37,40.2,0.0,274.23,0.0,131.63,75.68,74.86
2026-05-18 16:50:00,3,-348.57,151.37,40.32,0.0,290.6,0.0,139.49,77.59,74.73
2026-05-18 16:55:00,3,-348.57,151.37,40.45,0.0,254.06,0.0,121.95,73.47,74.61
2026-05-18 17:00:00,3,-348.57,151.37,39.92,0.0,322.78,0.0,154.94,81.69,74.48
2026-05-18 17:05:00,3,-348.57,151.37,39.12,0.0,248.96,0.0,119.5,72.93,74.35
2026-05-18 17:10:00,3,-348.57,151.37,39.68,0.0,262.77,0.0,126.13,74.4,74.23
2026-05-18 17:15:00,3,-348.57,151.37,39.11,0.0,268.51,0.0,128.88,75.03,74.11
2026-05-18 17:20:00,3,-348.57,151.37,39.02,0.0,284.19,0.0,136.41,76.83,73.98
2026-05-18 17:25:00,3,-348.57,151.37,39.47,0.0,236.76,0.0,113.64,71.7,73.86
2026-05-18 17:30:00,3,-348.57,151.37,39.1,0.0,310.7,0.0,149.13,80.1,73.72
2026-05-18 17:35:00,3,-348.57,151.37,39.17,0.0,224.35,0.0,107.69,70.52,73.61
2026-05-18 17:40:00,3,-348.57,151.37,38.01,0.0,253.18,0.0,121.53,73.37,73.48
2026-05-18 17:45:00,3,-348.57,151.37,38.6,0.0,294.81,0.0,141.51,78.1,73.35
2026-05-18 17:50:00,3,-348.57,151.37,38.01,0.0,324.91,0.0,155.96,81.97,73.22
2026-05-18 17:55:00,3,-348.57,151.37,37.6,0.0,221.67,0.0,106.4,70.27,73.1
2026-05-18 18:00:00,3,-348.57,151.37,39.19,0.0,201.33,0.0,96.64,68.49,72.99
2026-05-18 18:05:00,3,-348.57,151.37,37.6,0.0,221.7,0.0,106.42,70.27,72.87
2026-05-18 18:10:00,3,-348.57,151.37,38.09,0.0,224.38,0.0,107.7,70.52,72.75
2026-05-18 18:15:00,3,-348.57,151.37,37.11,0.0,262.09,0.0,125.8,74.32,72.63
2026-05-18 18:20:00,3,-348.57,151.37,38.2,0.0,227.64,0.0,109.27,70.82,72.51
2026-05-18 18:25:00,3,-348.57,151.37,36.95,0.0,245.0,0.0,117.6,72.52,72.39
2026-05-18 18:30:00,3,-348.57,151.37,37.16,0.0,259.92,0.0,124.76,74.08,72.27
2026-05-18 18:35:00,3,-348.57,151.37,36.81,0.0,254.27,0.0,122.05,73.48,72.14
2026-05-18 18:40:00,3,-348.57,151.37,36.37,0.0,271.3,0.0,130.22,75.34,72.02
2026-05-18 18:45:00,3,-348.57,151.37,36.57,0.0,252.68,0.0,121.28,73.31,71.9
2026-05-18 18:50:00,3,-348.57,151.37,37.18,0.0,234.3,0.0,112.46,71.46,71.78
2026-05-18 18:55:00,3,-348.57,151.37,36.46,0.0,255.49,0.0,122.63,73.61,71.65
2026-05-18 19:00:00,3,-348.57,151.37,36.73,0.0,226.43,0.0,108.69,70.71,71.54
2026-05-18 19:05:00,3,-348.57,151.37,36.44,0.0,219.26,0.0,105.25,70.04,71.42
2026-05-18 19:10:00,3,-348.57,151.37,36.85,0.0,234.29,0.0,112.46,71.46,71.3
2026-05-18 19:15:00,3,-348.57,151.37,36.13,0.0,264.43,0.0,126.93,74.57,71.18
2026-05-18 19:20:00,3,-348.57,151.37,35.65,0.0,201.07,0.0,96.51,68.46,71.06
2026-05-18 19:25:00,3,-348.57,151.37,35.68,0.0,221.87,0.0,106.5,70.28,70.94
2026-05-18 19:30:00,3,-348.57,151.37,35.36,0.0,210.12,0.0,100.86,69.23,70.83
2026-05-18 19:35:00,3,-348.57,151.37,35.6,0.0,270.5,0.0,129.84,75.25,70.7
2026-05-18 19:40:00,3,-348.57,151.37,34.76,0.0,268.5,0.0,128.88,75.02,70.58
2026-05-18 19:45:00,3,-348.57,151.37,34.71,0.0,257.69,0.0,123.69,73.84,70.46
2026-05-18 19:50:00,3,-348.57,151.37,34.0,0.0,246.54,0.0,118.34,72.67,70.33
2026-05-18 19:55:00,3,-348.57,151.37,34.22,0.0,252.48,0.0,121.19,73.29,70.21
2026-05-18 20:00:00,3,-348.57,151.37,34.69,0.0,315.62,0.0,151.5,80.73,70.08
2026-05-18 20:05:00,3,-348.57,151.37,34.51,0.0,259.76,0.0,124.69,74.06,69.95
2026-05-18 20:10:00,3,-348.57,151.37,33.57,0.0,295.06,0.0,141.63,78.12,69.82
2026-05-18 20:15:00,3,-348.57,151.37,34.24,0.0,276.49,0.0,132.72,75.92,69.7
2026-05-18 20:20:00,3,-348.57,151.37,34.02,0.0,263.79,0.0,126.62,74.5,69.57
2026-05-18 20:25:00,3,-348.57,151.37,33.73,0.0,201.0,0.0,96.48,68.45,69.46
2026-05-18 20:30:00,3,-348.57,151.37,33.98,0.0,272.54,0.0,130.82,75.47,69.33
2026-05-18 20:35:00,3,-348.57,151.37,33.44,0.0,314.79,0.0,151.1,80.62,69.2
2026-05-18 20:40:00,3,-348.57,151.37,33.83,0.0,293.24,0.0,140.76,77.9,69.07
2026-05-18 20:45:00,3,-348.57,151.37,32.77,0.0,285.87,0.0,137.22,77.01,68.94
2026-05-18 20:50:00,3,-348.57,151.37,33.01,0.0,270.7,0.0,129.94,75.26,68.82
2026-05-18 20:55:00,3,-348.57,151.37,33.1,0.0,215.3,0.0,103.34,69.68,68.7
2026-05-18 21:00:00,3,-348.57,151.37,33.44,0.0,283.02,0.0,135.85,76.68,68.57
2026-05-18 21:05:00,3,-348.57,151.37,33.75,0.0,221.47,0.0,106.3,70.24,68.45
2026-05-18 21:10:00,3,-348.57,151.37,32.8,0.0,320.04,0.0,153.62,81.31,68.32
2026-05-18 21:15:00,3,-348.57,151.37,33.31,0.0,244.37,0.0,117.3,72.45,68.2
2026-05-18 21:20:00,3,-348.57,151.37,32.04,0.0,297.0,0.0,142.56,78.36,68.07
2026-05-18 21:25:00,3,-348.57,151.37,32.02,0.0,321.11,0.0,154.14,81.45,67.93
2026-05-18 21:30:00,3,-348.57,151.37,33.34,0.0,236.54,0.0,113.54,71.67,67.81
2026-05-18 21:35:00,3,-348.57,151.37,32.75,0.0,267.38,0.0,128.34,74.89,67.69
2026-05-18 21:40:00,3,-348.57,151.37,32.95,0.0,324.89,0.0,155.95,81.96,67.55
2026-05-18 21:45:00,3,-348.57,151.37,33.21,0.0,304.03,0.0,145.94,79.24,67.42
2026-05-18 21:50:00,3,-348.57,151.37,31.95,0.0,309.52,0.0,148.57,79.93,67.29
2026-05-18 21:55:00,3,-348.57,151.37,32.27,0.0,205.69,0.0,98.73,68.84,67.17
2026-05-18 22:00:00,3,-348.57,151.37,31.76,0.0,204.22,0.0,98.02,68.71,67.06
2026-05-18 22:05:00,3,-348.57,151.37,31.73,0.0,304.55,0.0,146.18,79.3,66.92
2026-05-18 22:10:00,3,-348.57,151.37,31.63,0.0,209.92,0.0,100.76,69.2,66.81
2026-05-18 22:15:00,3,-348.57,151.37,32.31,0.0,240.17,0.0,115.28,72.03,66.69
2026-05-18 22:20:00,3,-348.57,151.37,32.25,0.0,208.63,0.0,100.14,69.09,66.57
2026-05-18 22:25:00,3,-348.57,151.37,31.19,0.0,320.58,0.0,153.88,81.38,66.44
2026-05-18 22:30:00,3,-348.57,151.37,32.62,0.0,255.98,0.0,122.87,73.66,66.32
2026-05-18 22:35:00,3,-348.57,151.37,32.16,0.0,295.94,0.0,142.05,78.23,66.18
2026-05-18 22:40:00,3,-348.57,151.37,31.0,0.0,226.67,0.0,108.8,70.72,66.07
2026-05-18 22:45:00,3,-348.57,151.37,31.02,0.0,310.64,0.0,149.11,80.08,65.93
2026-05-18 22:50:00,3,-348.57,151.37,31.39,0.0,241.52,0.0,115.93,72.16,65.81
2026-05-18 22:55:00,3,-348.57,151.37,30.9,0.0,305.19,0.0,146.49,79.38,65.68
2026-05-18 23:00:00,3,-348.57,151.37,31.09,0.0,229.35,0.0,110.09,70.97,65.56
2026-05-18 23:05:00,3,-348.57,151.37,31.19,0.0,269.8,0.0,129.5,75.16,65.44
2026-05-18 23:10:00,3,-348.57,151.37,31.42,0.0,265.47,0.0,127.43,74.68,65.31
2026-05-18 23:15:00,3,-348.57,151.37,31.5,0.0,297.94,0.0,143.01,78.47,65.18
2026-05-18 23:20:00,3,-348.57,151.37,30.76,0.0,323.66,0.0,155.36,81.79,65.05
2026-05-18 23:25:00,3,-348.57,151.37,31.03,0.0,298.71,0.0,143.38,78.57,64.91
2026-05-18 23:30:00,3,-348.57,151.37,30.64,0.0,319.73,0.0,153.47,81.26,64.78
2026-05-18 23:35:00,3,-348.57,151.37,30.54,0.0,254.13,0.0,121.98,73.46,64.66
2026-05-18 23:40:00,3,-348.57,151.37,31.0,0.0,246.37,0.0,118.26,72.65,64.54
2026-05-18 23:45:00,3,-348.57,151.37,31.11,0.0,272.65,0.0,130.87,75.48,64.41
2026-05-18 23:50:00,3,-348.57,151.37,31.29,0.0,230.27,0.0,110.53,71.06,64.29
2026-05-18 23:55:00,3,-348.57,151.37,30.13,0.0,287.0,0.0,137.76,77.14,64.16
2026-05-19 00:00:00,3,-348.57,151.37,31.45,0.0,302.03,0.0,144.97,78.98,64.03
2026-05-19 00:05:00,3,-348.57,151.37,30.63,0.0,269.23,0.0,129.23,75.09,63.91
2026-05-19 00:10:00,3,-348.57,151.37,31.16,0.0,268.88,0.0,129.06,75.06,63.78
2026-05-19 00:15:00,3,-348.57,151.37,31.12,0.0,290.28,0.0,139.33,77.54,63.65
2026-05-19 00:20:00,3,-348.57,151.37,31.65,0.0,314.92,0.0,151.16,80.63,63.52
2026-05-19 00:25:00,3,-348.57,151.37,31.21,0.0,324.6,0.0,155.81,81.91,63.38
2026-05-19 00:30:00,3,-348.57,151.37,31.39,0.0,227.47,0.0,109.18,70.79,63.26
2026-05-19 00:35:00,3,-348.57,151.37,31.35,0.0,219.23,0.0,105.23,70.03,63.15
2026-05-19 00:40:00,3,-348.57,151.37,31.09,0.0,255.72,0.0,122.75,73.63,63.02
2026-05-19 00:45:00,3,-348.57,151.37,31.43,0.0,282.0,0.0,135.36,76.56,62.9
2026-05-19 00:50:00,3,-348.57,151.37,31.37,0.0,297.63,0.0,142.86,78.43,62.77
2026-05-19 00:55:00,3,-348.57,151.37,31.09,0.0,237.37,0.0,113.94,71.75,62.65
2026-05-19 01:00:00,3,-348.57,151.37,31.58,0.0,324.78,0.0,155.9,81.94,62.51
2026-05-19 01:05:00,3,-348.57,151.37,31.25,0.0,301.42,0.0,144.68,78.9,62.38
2026-05-19 01:10:00,3,-348.57,151.37,30.95,0.0,249.27,0.0,119.65,72.95,62.26
2026-05-19 01:15:00,3,-348.57,151.37,30.49,0.0,296.65,0.0,142.39,78.31,62.13
2026-05-19 01:20:00,3,-348.57,151.37,31.44,0.0,282.91,0.0,135.8,76.66,62.0
2026-05-19 01:25:00,3,-348.57,151.37,32.02,0.0,224.09,0.0,107.56,70.48,61.88
2026-05-19 01:30:00,3,-348.57,151.37,32.44,0.0,208.52,0.0,100.09,69.08,61.77
2026-05-19 01:35:00,3,-348.57,151.37,31.84,0.0,302.53,0.0,145.21,79.04,61.63
2026-05-19 01:40:00,3,-348.57,151.37,31.52,0.0,255.78,0.0,122.78,73.63,61.51
2026-05-19 01:45:00,3,-348.57,151.37,31.9,0.0,205.84,0.0,98.8,68.85,61.4
2026-05-19 01:50:00,3,-348.57,151.37,32.15,0.0,323.34,0.0,155.2,81.75,61.26
2026-05-19 01:55:00,3,-348.57,151.37,31.75,0.0,307.8,0.0,147.74,79.71,61.13
2026-05-19 02:00:00,3,-348.57,151.37,31.79,0.0,218.79,0.0,105.02,69.99,61.01
2026-05-19 02:05:00,3,-348.57,151.37,32.05,0.0,308.84,0.0,148.24,79.84,60.88
2026-05-19 02:10:00,3,-348.57,151.37,33.09,0.0,324.75,0.0,155.88,81.94,60.74
2026-05-19 02:15:00,3,-348.57,151.37,32.56,0.0,301.71,0.0,144.82,78.94,60.61
2026-05-19 02:20:00,3,-348.57,151.37,32.34,0.0,323.88,0.0,155.46,81.82,60.47
2026-05-19 02:25:00,3,-348.57,151.37,32.61,0.0,278.0,0.0,133.44,76.09,60.35
2026-05-19 02:30:00,3,-348.57,151.37,32.49,0.0,317.9,0.0,152.59,81.02,60.21
2026-05-19 02:35:00,3,-348.57,151.37,32.3,0.0,324.38,0.0,155.7,81.89,60.07
2026-05-19 02:40:00,3,-348.57,151.37,32.28,0.0,312.0,0.0,149.76,80.25,59.94
2026-05-19 02:45:00,3,-348.57,151.37,31.67,0.0,297.72,0.0,142.91,78.45,59.81
2026-05-19 02:50:00,3,-348.57,151.37,33.23,0.0,242.43,0.0,116.37,72.26,59.69
2026-05-19 02:55:00,3,-348.57,151.37,32.25,0.0,304.89,0.0,146.35,79.34,59.56
2026-05-19 03:00:00,3,-348.57,151.37,32.67,0.0,313.43,0.0,150.45,80.44,59.42
2026-05-19 03:05:00,3,-348.57,151.37,32.87,0.0,312.34,0.0,149.92,80.3,59.29
2026-05-19 03:10:00,3,-348.57,151.37,33.5,0.0,271.54,0.0,130.34,75.36,59.16
2026-05-19 03:15:00,3,-348.57,151.37,33.27,0.0,253.28,0.0,121.58,73.37,59.04
2026-05-19 03:20:00,3,-348.57,151.37,33.69,0.0,212.06,0.0,101.79,69.39,58.93
2026-05-19 03:25:00,3,-348.57,151.37,32.91,0.0,222.03,0.0,106.57,70.29,58.81
2026-05-19 03:30:00,3,-348.57,151.37,33.76,0.0,296.41,0.0,142.28,78.29,58.68
2026-05-19 03:35:00,3,-348.57,151.37,33.65,0.0,235.77,0.0,113.17,71.6,58.56
2026-05-19 03:40:00,3,-348.57,151.37,34.34,0.0,225.7,0.0,108.34,70.63,58.44
2026-05-19 03:45:00,3,-348.57,151.37,33.14,0.0,223.18,0.0,107.13,70.4,58.32
2026-05-19 03:50:00,3,-348.57,151.37,33.83,0.0,229.02,0.0,109.93,70.95,58.21
2026-05-19 03:55:00,3,-348.57,151.37,35.07,0.0,290.47,0.0,139.43,77.57,58.08
2026-05-19 04:00:00,3,-348.57,151.37,34.53,0.0,260.61,0.0,125.09,74.15,57.95
2026-05-19 04:05:00,3,-348.57,151.37,34.87,0.0,209.05,0.0,100.34,69.13,57.84
2026-05-19 04:10:00,3,-348.57,151.37,34.32,0.0,250.93,0.0,120.45,73.13,57.72
2026-05-19 04:15:00,3,-348.57,151.37,35.43,0.0,240.56,0.0,115.47,72.07,57.6
2026-05-19 04:20:00,3,-348.57,151.37,35.2,0.0,310.93,0.0,149.25,80.12,57.46
2026-05-19 04:25:00,3,-348.57,151.37,34.52,0.0,314.75,0.0,151.08,80.61,57.33
2026-05-19 04:30:00,3,-348.57,151.37,35.3,0.0,281.37,0.0,135.06,76.49,57.2
2026-05-19 04:35:00,3,-348.57,151.37,36.15,0.0,209.69,0.0,100.65,69.19,57.08
2026-05-19 04:40:00,3,-348.57,151.37,34.61,0.0,281.7,0.0,135.21,76.52,56.96
2026-05-19 04:45:00,3,-348.57,151.37,36.05,0.0,323.01,0.0,155.05,81.71,56.82
2026-05-19 04:50:00,3,-348.57,151.37,36.11,0.0,313.72,0.0,150.59,80.48,56.69
2026-05-19 04:55:00,3,-348.57,151.37,36.07,0.0,268.18,0.0,128.73,74.99,56.56
2026-05-19 05:00:00,3,-348.57,151.37,36.35,0.0,274.41,0.0,131.72,75.69,56.44
2026-05-19 05:05:00,3,-348.57,151.37,36.04,0.0,281.79,0.0,135.26,76.54,56.31
2026-05-19 05:10:00,3,-348.57,151.37,36.94,0.0,262.35,0.0,125.93,74.35,56.18
2026-05-19 05:15:00,3,-348.57,151.37,36.37,0.0,286.76,0.0,137.65,77.13,56.06
2026-05-19 05:20:00,3,-348.57,151.37,36.06,0.0,248.37,0.0,119.22,72.87,55.93
2026-05-19 05:25:00,3,-348.57,151.37,36.51,0.0,277.47,0.0,133.19,76.04,55.81
2026-05-19 05:30:00,3,-348.57,151.37,36.93,0.0,239.47,0.0,114.95,71.97,55.69
2026-05-19 05:35:00,3,-348.57,151.37,37.89,0.0,248.1,0.0,119.09,72.84,55.57
2026-05-19 05:40:00,3,-348.57,151.37,37.68,0.0,262.94,0.0,126.21,74.41,55.44
2026-05-19 05:45:00,3,-348.57,151.37,37.32,0.0,245.39,0.0,117.79,72.56,55.32
2026-05-19 05:50:00,3,-348.57,151.37,38.25,0.0,314.04,0.0,150.74,80.53,55.19
2026-05-19 05:55:00,3,-348.57,151.37,37.48,0.0,270.6,0.0,129.89,75.26,55.06
2026-05-19 06:00:00,3,-348.57,151.37,38.43,0.0,221.21,0.0,106.18,70.23,54.94
2026-05-19 06:05:00,3,-348.57,151.37,36.82,0.0,228.61,0.0,109.73,70.91,54.83
2026-05-19 06:10:00,3,-348.57,151.37,38.9,0.0,215.57,0.0,103.47,69.71,54.71
2026-05-19 06:15:00,3,-348.57,151.37,38.74,0.0,278.17,0.0,133.52,76.12,54.58
2026-05-19 06:20:00,3,-348.57,151.37,38.1,0.0,237.77,0.0,114.13,71.8,54.46
2026-05-19 06:25:00,3,-348.57,151.37,39.2,0.0,221.04,0.0,106.1,70.21,54.35
2026-05-19 06:30:00,3,-348.57,151.37,39.23,0.0,216.43,0.0,103.89,69.79,54.23
2026-05-19 06:35:00,3,-348.57,151.37,38.83,0.0,234.64,0.0,112.63,71.5,54.11
2026-05-19 06:40:00,3,-348.57,151.37,39.71,0.0,205.52,0.0,98.65,68.84,54.0
2026-05-19 06:45:00,3,-348.57,151.37,39.07,0.0,217.65,0.0,104.47,69.9,53.88
2026-05-19 06:50:00,3,-348.57,151.37,39.85,0.0,316.69,0.0,152.01,80.88,53.75
2026-05-19 06:55:00,3,-348.57,151.37,40.46,0.0,204.82,0.0,98.31,68.78,53.63
2026-05-19 07:00:00,3,-348.57,151.37,38.97,0.0,295.55,0.0,141.86,78.19,53.5
2026-05-19 07:05:00,3,-348.57,151.37,40.87,0.0,230.68,0.0,110.73,71.12,53.38
2026-05-19 07:10:00,3,-348.57,151.37,40.33,0.0,208.62,0.0,100.14,69.11,53.27
2026-05-19 07:15:00,3,-348.57,151.37,40.49,0.0,233.62,0.0,112.14,71.4,53.15
2026-05-19 07:20:00,3,-348.57,151.37,40.5,0.0,319.71,0.0,153.46,81.28,53.01
2026-05-19 07:25:00,3,-348.57,151.37,39.6,0.0,259.58,0.0,124.6,74.05,52.89
2026-05-19 07:30:00,3,-348.57,151.37,40.63,0.0,219.36,0.0,105.29,70.06,52.77
2026-05-19 07:35:00,3,-348.57,151.37,40.4,0.0,224.11,0.0,107.57,70.5,52.65
2026-05-19 07:40:00,3,-348.57,151.37,39.82,0.0,288.63,0.0,138.54,77.36,52.53
2026-05-19 07:45:00,3,-348.57,151.37,41.12,0.0,269.19,0.0,129.21,75.11,52.4
2026-05-19 07:50:00,3,-348.57,151.37,40.92,0.0,303.68,0.0,145.77,79.21,52.27
2026-05-19 07:55:00,3,-348.57,151.37,39.71,0.0,246.97,0.0,118.54,72.73,52.15
2026-05-19 08:00:00,3,-348.57,151.37,41.82,0.0,209.5,0.0,100.56,69.19,52.03
2026-05-19 08:05:00,3,-348.57,151.37,41.16,0.0,205.44,0.0,98.61,68.84,51.92
2026-05-19 08:10:00,3,-348.57,151.37,42.11,0.0,215.74,0.0,103.55,69.74,51.8
2026-05-19 08:15:00,3,-348.57,151.37,41.33,0.0,263.5,0.0,126.48,74.48,51.68
2026-05-19 08:20:00,3,-348.57,151.37,42.12,0.0,222.0,0.0,106.56,70.31,51.56
2026-05-19 08:25:00,3,-348.57,151.37,42.66,0.0,256.86,0.0,123.29,73.77,51.44
2026-05-19 08:30:00,3,-348.57,151.37,43.24,0.0,225.09,0.0,108.04,70.59,51.32
2026-05-19 08:35:00,3,-348.57,151.37,41.45,0.0,265.3,0.0,127.35,74.68,51.19
2026-05-19 08:40:00,3,-348.57,151.37,42.03,0.0,311.02,0.0,149.29,80.14,51.06
2026-05-19 08:45:00,3,-348.57,151.37,43.2,0.0,215.17,0.0,103.28,69.69,50.94
2026-05-19 08:50:00,3,-348.57,151.37,42.7,0.0,306.4,0.0,147.07,79.55,50.81
2026-05-19 08:55:00,3,-348.57,151.37,42.31,0.0,236.05,0.0,113.3,71.64,50.69
2026-05-19 09:00:00,3,-348.57,151.37,42.36,0.0,202.66,0.0,97.28,68.6,50.58
2026-05-19 09:05:00,3,-348.57,151.37,42.92,0.0,214.43,0.0,102.92,69.62,50.46
2026-05-19 09:10:00,3,-348.57,151.37,43.97,0.0,207.71,0.0,99.7,69.04,50.35
2026-05-19 09:15:00,3,-348.57,151.37,43.68,0.0,260.7,0.0,125.14,74.18,50.22
2026-05-19 09:20:00,3,-348.57,151.37,43.92,0.0,280.25,0.0,134.52,76.38,50.1
2026-05-19 09:25:00,3,-348.57,151.37,42.8,0.0,295.65,0.0,141.91,78.21,49.97
2026-05-19 09:30:00,3,-348.57,151.37,43.38,0.0,227.11,0.0,109.01,70.78,49.85
2026-05-19 09:35:00,3,-348.57,151.37,43.87,0.0,319.26,0.0,153.24,81.22,49.71
2026-05-19 09:40:00,3,-348.57,151.37,43.89,0.0,250.37,0.0,120.18,73.09,49.59
2026-05-19 09:45:00,3,-348.57,151.37,43.37,0.0,308.61,0.0,148.13,79.84,49.46
2026-05-19 09:50:00,3,-348.57,151.37,42.92,0.0,306.49,0.0,147.12,79.57,49.33
2026-05-19 09:55:00,3,-348.57,151.37,43.58,0.0,295.37,0.0,141.78,78.18,49.19
2026-05-19 10:00:00,3,-348.57,151.37,43.52,0.0,219.08,0.0,105.16,70.04,49.08
2026-05-19 10:05:00,3,-348.57,151.37,44.31,0.0,227.3,0.0,109.11,70.81,48.96
2026-05-19 10:10:00,3,-348.57,151.37,43.76,0.0,307.18,0.0,147.44,79.65,48.83
2026-05-19 10:15:00,3,-348.57,151.37,43.83,0.0,247.02,0.0,118.57,72.74,48.71
2026-05-19 10:20:00,3,-348.57,151.37,43.74,0.0,308.77,0.0,148.21,79.86,48.57
2026-05-19 10:25:00,3,-348.57,151.37,44.42,0.0,320.85,0.0,154.01,81.44,48.44
2026-05-19 10:30:00,3,-348.57,151.37,44.59,0.0,320.99,0.0,154.08,81.46,48.3
2026-05-19 10:35:00,3,-348.57,151.37,44.49,0.0,254.15,0.0,121.99,73.48,48.18
2026-05-19 10:40:00,3,-348.57,151.37,45.1,0.0,249.18,0.0,119.6,72.97,48.06
2026-05-19 10:45:00,3,-348.57,151.37,45.1,0.0,304.86,0.0,146.33,79.36,47.93
2026-05-19 10:50:00,3,-348.57,151.37,44.78,0.0,213.83,0.0,102.64,69.57,47.81
2026-05-19 10:55:00,3,-348.57,151.37,44.25,0.0,241.7,0.0,116.02,72.21,47.69
2026-05-19 11:00:00,3,-348.57,151.37,45.09,0.0,293.83,0.0,141.04,78.0,47.56
2026-05-19 11:05:00,3,-348.57,151.37,44.77,0.0,230.81,0.0,110.79,71.14,47.44
2026-05-19 11:10:00,3,-348.57,151.37,44.77,0.0,228.09,0.0,109.48,70.88,47.32
2026-05-19 11:15:00,3,-348.57,151.37,44.96,0.0,288.15,0.0,138.31,77.31,47.19
2026-05-19 11:20:00,3,-348.57,151.37,45.17,0.0,219.95,0.0,105.58,70.13,47.08
2026-05-19 11:25:00,3,-348.57,151.37,44.88,0.0,294.63,0.0,141.42,78.09,46.95
2026-05-19 11:30:00,3,-348.57,151.37,45.72,0.0,258.02,0.0,123.85,73.9,46.82
2026-05-19 11:35:00,3,-348.57,151.37,44.22,0.0,240.14,0.0,115.26,72.05,46.7
2026-05-19 11:40:00,3,-348.57,151.37,45.41,0.0,219.3,0.0,105.26,70.07,46.59
2026-05-19 11:45:00,3,-348.57,151.37,45.48,0.0,231.27,0.0,111.01,71.18,46.47
2026-05-19 11:50:00,3,-348.57,151.37,44.62,0.0,290.74,0.0,139.55,77.62,46.34
2026-05-19 11:55:00,3,-348.57,151.37,44.87,0.0,297.15,0.0,142.63,78.4,46.21
2026-05-19 12:00:00,3,-348.57,151.37,44.63,0.0,319.49,0.0,153.36,81.26,46.07
2026-05-19 12:05:00,3,-348.57,151.37,44.14,0.0,303.73,0.0,145.79,79.22,45.94
2026-05-19 12:10:00,3,-348.57,151.37,45.2,0.0,285.67,0.0,137.12,77.01,45.81
2026-05-19 12:15:00,3,-348.57,151.37,44.4,0.0,229.84,0.0,110.32,71.04,45.69
2026-05-19 12:20:00,3,-348.57,151.37,45.18,0.0,259.4,0.0,124.51,74.05,45.57
2026-05-19 12:25:00,3,-348.57,151.37,44.21,0.0,200.25,0.0,96.12,68.41,45.46
2026-05-19 12:30:00,3,-348.57,151.37,44.43,0.0,306.72,0.0,147.22,79.6,45.32
2026-05-19 12:35:00,3,-348.57,151.37,45.1,0.0,219.1,0.0,105.17,70.05,45.21
2026-05-19 12:40:00,3,-348.57,151.37,43.81,0.0,270.53,0.0,129.86,75.27,45.08
2026-05-19 12:45:00,3,-348.57,151.37,44.57,0.0,283.55,0.0,136.1,76.76,44.95
2026-05-19 12:50:00,3,-348.57,151.37,44.55,0.0,213.08,0.0,102.28,69.51,44.84
2026-05-19 12:55:00,3,-348.57,151.37,45.63,0.0,302.13,0.0,145.02,79.02,44.71
2026-05-19 13:00:00,3,-348.57,151.37,44.29,0.0,250.19,0.0,120.09,73.07,44.58
2026-05-19 13:05:00,3,-348.57,151.37,45.25,0.0,258.39,0.0,124.03,73.94,44.46
2026-05-19 13:10:00,3,-348.57,151.37,44.4,0.0,204.88,0.0,98.34,68.79,44.35
2026-05-19 13:15:00,3,-348.57,151.37,44.65,0.0,200.01,0.0,96.0,68.39,44.23
2026-05-19 13:20:00,3,-348.57,151.37,45.0,0.0,205.97,0.0,98.86,68.89,44.12
2026-05-19 13:25:00,3,-348.57,151.37,43.97,0.0,271.81,0.0,130.47,75.41,43.99
2026-05-19 13:30:00,3,-348.57,151.37,44.1,0.0,238.89,0.0,114.67,71.92,43.87
2026-05-19 13:35:00,3,-348.57,151.37,44.31,0.0,201.63,0.0,96.78,68.52,43.76
2026-05-19 13:40:00,3,-348.57,151.37,44.72,0.0,223.63,0.0,107.34,70.46,43.64
2026-05-19 13:45:00,3,-348.57,151.37,45.08,0.0,228.03,0.0,109.46,70.88,43.52
2026-05-19 13:50:00,3,-348.57,151.37,44.51,0.0,290.71,0.0,139.54,77.62,43.39
2026-05-19 13:55:00,3,-348.57,151.37,44.81,0.0,208.66,0.0,100.16,69.12,43.28
2026-05-19 14:00:00,3,-348.57,151.37,44.25,0.0,279.47,0.0,134.15,76.29,43.15
2026-05-19 14:05:00,3,-348.57,151.37,44.42,0.0,287.57,0.0,138.03,77.24,43.02
2026-05-19 14:10:00,3,-348.57,151.37,44.56,0.0,280.89,0.0,134.83,76.45,42.89
2026-05-19 14:15:00,3,-348.57,151.37,43.3,0.0,282.22,0.0,135.47,76.61,42.77
2026-05-19 14:20:00,3,-348.57,151.37,44.25,0.0,238.31,0.0,114.39,71.87,42.65
2026-05-19 14:25:00,3,-348.57,151.37,43.33,0.0,218.43,0.0,104.85,69.98,42.53
2026-05-19 14:30:00,3,-348.57,151.37,42.93,0.0,245.68,0.0,117.93,72.6,42.41
2026-05-19 14:35:00,3,-348.57,151.37,44.34,0.0,302.49,0.0,145.2,79.07,42.28
2026-05-19 14:40:00,3,-348.57,151.37,43.53,0.0,295.02,0.0,141.61,78.14,42.15
2026-05-19 14:45:00,3,-348.57,151.37,42.66,0.0,302.9,0.0,145.39,79.11,42.01
2026-05-19 14:50:00,3,-348.57,151.37,42.9,0.0,322.76,0.0,154.92,81.69,41.88
2026-05-19 14:55:00,3,-348.57,151.37,42.65,0.0,221.19,0.0,106.17,70.23,41.76
2026-05-19 15:00:00,3,-348.57,151.37,43.3,0.0,256.2,0.0,122.98,73.7,41.64
2026-05-19 15:05:00,3,-348.57,151.37,42.65,0.0,209.38,0.0,100.5,69.18,41.52
2026-05-19 15:10:00,3,-348.57,151.37,41.99,0.0,274.12,0.0,131.58,75.67,41.4
2026-05-19 15:15:00,3,-348.57,151.37,41.66,0.0,201.39,0.0,96.67,68.5,41.28
2026-05-19 15:20:00,3,-348.57,151.37,42.8,0.0,224.41,0.0,107.72,70.53,41.17
2026-05-19 15:25:00,3,-348.57,151.37,42.13,0.0,246.81,0.0,118.47,72.72,41.04
2026-05-19 15:30:00,3,-348.57,151.37,42.34,0.0,210.22,0.0,100.91,69.25,40.93
2026-05-19 15:35:00,3,-348.57,151.37,42.51,0.0,303.06,0.0,145.47,79.13,40.8
2026-05-19 15:40:00,3,-348.57,151.37,42.28,0.0,225.24,0.0,108.12,70.61,40.68
2026-05-19 15:45:00,3,-348.57,151.37,41.46,0.0,285.29,0.0,136.94,76.96,40.55
2026-05-19 15:50:00,3,-348.57,151.37,42.55,0.0,226.07,0.0,108.51,70.68,40.43
2026-05-19 15:55:00,3,-348.57,151.37,41.28,0.0,261.34,0.0,125.44,74.25,40.31
2026-05-19 16:00:00,3,-348.57,151.37,41.2,0.0,233.82,0.0,112.23,71.42,40.19
2026-05-19 16:05:00,3,-348.57,151.37,41.08,0.0,256.63,0.0,123.18,73.74,40.07
2026-05-19 16:10:00,3,-348.57,151.37,41.3,0.0,306.72,0.0,147.23,79.59,39.94
2026-05-19 16:15:00,3,-348.57,151.37,41.07,0.0,214.25,0.0,102.84,69.6,39.82
2026-05-19 16:20:00,3,-348.57,151.37,41.11,0.0,253.98,0.0,121.91,73.46,39.7
2026-05-19 16:25:00,3,-348.57,151.37,40.57,0.0,323.11,0.0,155.09,81.73,39.56
2026-05-19 16:30:00,3,-348.57,151.37,41.14,0.0,269.0,0.0,129.12,75.09,39.44
2026-05-19 16:35:00,3,-348.57,151.37,41.64,0.0,204.84,0.0,98.32,68.79,39.32
2026-05-19 16:40:00,3,-348.57,151.37,40.65,0.0,240.15,0.0,115.27,72.04,39.2
2026-05-19 16:45:00,3,-348.57,151.37,40.64,0.0,205.65,0.0,98.71,68.85,39.09
2026-05-19 16:50:00,3,-348.57,151.37,39.88,0.0,241.89,0.0,116.11,72.21,38.97
2026-05-19 16:55:00,3,-348.57,151.37,40.06,0.0,212.39,0.0,101.95,69.44,38.85
2026-05-19 17:00:00,3,-348.57,151.37,39.73,0.0,316.46,0.0,151.9,80.85,38.72
2026-05-19 17:05:00,3,-348.57,151.37,39.26,0.0,239.4,0.0,114.91,71.96,38.6
2026-05-19 17:10:00,3,-348.57,151.37,39.63,0.0,248.04,0.0,119.06,72.84,38.47
2026-05-19 17:15:00,3,-348.57,151.37,39.33,0.0,260.4,0.0,124.99,74.14,38.35
2026-05-19 17:20:00,3,-348.57,151.37,40.08,0.0,317.91,0.0,152.59,81.04,38.22
2026-05-19 17:25:00,3,-348.57,151.37,38.61,0.0,281.78,0.0,135.25,76.54,38.09
2026-05-19 17:30:00,3,-348.57,151.37,38.21,0.0,266.31,0.0,127.83,74.78,37.96
2026-05-19 17:35:00,3,-348.57,151.37,39.07,0.0,207.76,0.0,99.72,69.03,37.85
2026-05-19 17:40:00,3,-348.57,151.37,39.7,0.0,279.84,0.0,134.33,76.32,37.72
2026-05-19 17:45:00,3,-348.57,151.37,38.73,0.0,307.47,0.0,147.59,79.68,37.59
2026-05-19 17:50:00,3,-348.57,151.37,38.3,0.0,233.36,0.0,112.01,71.37,37.47
2026-05-19 17:55:00,3,-348.57,151.37,38.3,0.0,229.25,0.0,110.04,70.98,37.35
2026-05-19 18:00:00,3,-348.57,151.37,38.01,0.0,309.12,0.0,148.38,79.89,37.22
2026-05-19 18:05:00,3,-348.57,151.37,37.9,0.0,222.54,0.0,106.82,70.35,37.1
2026-05-19 18:10:00,3,-348.57,151.37,37.95,0.0,321.04,0.0,154.1,81.45,36.96
2026-05-19 18:15:00,3,-348.57,151.37,37.79,0.0,267.28,0.0,128.29,74.89,36.84
2026-05-19 18:20:00,3,-348.57,151.37,37.18,0.0,230.3,0.0,110.54,71.07,36.72
2026-05-19 18:25:00,3,-348.57,151.37,36.43,0.0,288.7,0.0,138.58,77.36,36.59
2026-05-19 18:30:00,3,-348.57,151.37,36.59,0.0,207.97,0.0,99.83,69.04,36.48
2026-05-19 18:35:00,3,-348.57,151.37,36.94,0.0,308.03,0.0,147.86,79.75,36.34
2026-05-19 18:40:00,3,-348.57,151.37,37.36,0.0,240.78,0.0,115.57,72.1,36.22
2026-05-19 18:45:00,3,-348.57,151.37,35.98,0.0,272.56,0.0,130.83,75.48,36.1
2026-05-19 18:50:00,3,-348.57,151.37,37.03,0.0,274.32,0.0,131.68,75.68,35.97
2026-05-19 18:55:00,3,-348.57,151.37,36.55,0.0,291.94,0.0,140.13,77.75,35.84
2026-05-19 19:00:00,3,-348.57,151.37,36.35,0.0,305.2,0.0,146.49,79.39,35.71
2026-05-19 19:05:00,3,-348.57,151.37,36.2,0.0,297.83,0.0,142.96,78.47,35.58
2026-05-19 19:10:00,3,-348.57,151.37,35.31,0.0,254.22,0.0,122.02,73.47,35.46
2026-05-19 19:15:00,3,-348.57,151.37,36.28,0.0,317.97,0.0,152.63,81.04,35.32
2026-05-19 19:20:00,3,-348.57,151.37,35.45,0.0,218.85,0.0,105.05,70.0,35.21
2026-05-19 19:25:00,3,-348.57,151.37,36.09,0.0,268.99,0.0,129.12,75.08,35.08
2026-05-19 19:30:00,3,-348.57,151.37,35.72,0.0,291.32,0.0,139.84,77.67,34.95
2026-05-19 19:35:00,3,-348.57,151.37,34.43,0.0,236.14,0.0,113.35,71.63,34.83
2026-05-19 19:40:00,3,-348.57,151.37,35.42,0.0,278.54,0.0,133.7,76.16,34.7
2026-05-19 19:45:00,3,-348.57,151.37,35.39,0.0,259.58,0.0,124.6,74.05,34.58
2026-05-19 19:50:00,3,-348.57,151.37,34.98,0.0,304.26,0.0,146.05,79.27,34.45
2026-05-19 19:55:00,3,-348.57,151.37,34.5,0.0,203.14,0.0,97.51,68.63,34.33
2026-05-19 20:00:00,3,-348.57,151.37,35.9,0.0,223.03,0.0,107.06,70.39,34.22
2026-05-19 20:05:00,3,-348.57,151.37,33.8,0.0,275.65,0.0,132.31,75.83,34.09
2026-05-19 20:10:00,3,-348.57,151.37,34.19,0.0,270.1,0.0,129.65,75.2,33.97
2026-05-19 20:15:00,3,-348.57,151.37,34.53,0.0,304.55,0.0,146.18,79.3,33.83
2026-05-19 20:20:00,3,-348.57,151.37,34.45,0.0,244.85,0.0,117.53,72.5,33.71
2026-05-19 20:25:00,3,-348.57,151.37,34.57,0.0,294.16,0.0,141.2,78.01,33.58
2026-05-19 20:30:00,3,-348.57,151.37,33.77,0.0,247.18,0.0,118.65,72.74,33.46
2026-05-19 20:35:00,3,-348.57,151.37,32.61,0.0,210.09,0.0,100.84,69.22,33.35
2026-05-19 20:40:00,3,-348.57,151.37,33.94,0.0,208.81,0.0,100.23,69.11,33.23
2026-05-19 20:45:00,3,-348.57,151.37,33.19,0.0,288.63,0.0,138.54,77.34,33.1
2026-05-19 20:50:00,3,-348.57,151.37,33.39,0.0,310.33,0.0,148.96,80.04,32.97
2026-05-19 20:55:00,3,-348.57,151.37,33.82,0.0,317.08,0.0,152.2,80.92,32.83
2026-05-19 21:00:00,3,-348.57,151.37,33.79,0.0,220.57,0.0,105.87,70.16,32.72
2026-05-19 21:05:00,3,-348.57,151.37,33.13,0.0,237.42,0.0,113.96,71.76,32.6
2026-05-19 21:10:00,3,-348.57,151.37,32.74,0.0,219.77,0.0,105.49,70.08,32.48
2026-05-19 21:15:00,3,-348.57,151.37,32.77,0.0,250.49,0.0,120.24,73.08,32.36
2026-05-19 21:20:00,3,-348.57,151.37,32.84,0.0,242.38,0.0,116.34,72.25,32.24
2026-05-19 21:25:00,3,-348.57,151.37,33.1,0.0,299.98,0.0,143.99,78.73,32.11
2026-05-19 21:30:00,3,-348.57,151.37,31.8,0.0,314.63,0.0,151.02,80.59,31.97
2026-05-19 21:35:00,3,-348.57,151.37,31.64,0.0,218.49,0.0,104.87,69.96,31.86
2026-05-19 21:40:00,3,-348.57,151.37,32.55,0.0,208.88,0.0,100.26,69.11,31.74
2026-05-19 21:45:00,3,-348.57,151.37,32.99,0.0,228.13,0.0,109.5,70.86,31.62
2026-05-19 21:50:00,3,-348.57,151.37,31.21,0.0,237.46,0.0,113.98,71.76,31.5
2026-05-19 21:55:00,3,-348.57,151.37,32.65,0.0,269.12,0.0,129.18,75.09,31.38
2026-05-19 22:00:00,3,-348.57,151.37,31.28,0.0,273.27,0.0,131.17,75.55,31.25
2026-05-19 22:05:00,3,-348.57,151.37,31.66,0.0,226.6,0.0,108.77,70.71,31.13
2026-05-19 22:10:00,3,-348.57,151.37,32.12,0.0,242.23,0.0,116.27,72.23,31.01
2026-05-19 22:15:00,3,-348.57,151.37,31.63,0.0,293.97,0.0,141.11,77.99,30.88
2026-05-19 22:20:00,3,-348.57,151.37,29.81,0.0,301.43,0.0,144.69,78.9,30.75
2026-05-19 22:25:00,3,-348.57,151.37,30.61,0.0,318.0,0.0,152.64,81.03,30.62
2026-05-19 22:30:00,3,-348.57,151.37,32.09,0.0,284.32,0.0,136.47,76.83,30.49
2026-05-19 22:35:00,3,-348.57,151.37,31.16,0.0,287.39,0.0,137.95,77.19,30.36
2026-05-19 22:40:00,3,-348.57,151.37,31.8,0.0,280.88,0.0,134.82,76.43,30.23
2026-05-19 22:45:00,3,-348.57,151.37,31.79,0.0,231.63,0.0,111.18,71.19,30.11
2026-05-19 22:50:00,3,-348.57,151.37,31.69,0.0,229.8,0.0,110.3,71.02,30.0
2026-05-19 22:55:00,3,-348.57,151.37,31.0,0.0,215.09,0.0,103.24,69.66,29.88
2026-05-19 23:00:00,3,-348.57,151.37,31.47,0.0,286.09,0.0,137.32,77.04,29.75
2026-05-19 23:05:00,3,-348.57,151.37,32.0,0.0,320.35,0.0,153.77,81.35,29.62
2026-05-19 23:10:00,3,-348.57,151.37,31.69,0.0,320.07,0.0,153.64,81.31,29.48
2026-05-19 23:15:00,3,-348.57,151.37,31.17,0.0,240.88,0.0,115.62,72.1,29.36
2026-05-19 23:20:00,3,-348.57,151.37,30.77,0.0,202.49,0.0,97.2,68.57,29.25
2026-05-19 23:25:00,3,-348.57,151.37,31.2,0.0,255.31,0.0,122.55,73.58,29.12
2026-05-19 23:30:00,3,-348.57,151.37,31.55,0.0,215.91,0.0,103.64,69.73,29.01
2026-05-19 23:35:00,3,-348.57,151.37,31.49,0.0,314.86,0.0,151.13,80.62,28.87
2026-05-19 23:40:00,3,-348.57,151.37,30.52,0.0,319.8,0.0,153.5,81.27,28.74
2026-05-19 23:45:00,3,-348.57,151.37,31.05,0.0,250.22,0.0,120.11,73.05,28.62
2026-05-19 23:50:00,3,-348.57,151.37,31.85,0.0,307.52,0.0,147.61,79.68,28.48
2026-05-19 23:55:00,3,-348.57,151.37,31.1,0.0,254.05,0.0,121.94,73.45,28.36
2026-05-20 00:00:00,3,-348.57,151.37,30.75,0.0,215.46,0.0,103.42,69.69,28.24
2026-05-20 00:05:00,3,-348.57,151.37,31.47,0.0,202.92,0.0,97.4,68.6,28.13
2026-05-20 00:10:00,3,-348.57,151.37,32.5,0.0,215.49,0.0,103.44,69.7,28.01
2026-05-20 00:15:00,3,-348.57,151.37,31.11,0.0,282.16,0.0,135.44,76.57,27.89
2026-05-20 00:20:00,3,-348.57,151.37,30.65,0.0,231.46,0.0,111.1,71.17,27.77
2026-05-20 00:25:00,3,-348.57,151.37,31.17,0.0,278.78,0.0,133.81,76.18,27.64
2026-05-20 00:30:00,3,-348.57,151.37,31.71,0.0,294.22,0.0,141.22,78.02,27.51
2026-05-20 00:35:00,3,-348.57,151.37,31.18,0.0,214.07,0.0,102.75,69.57,27.39
2026-05-20 00:40:00,3,-348.57,151.37,30.6,0.0,285.51,0.0,137.04,76.97,27.27
2026-05-20 00:45:00,3,-348.57,151.37,31.15,0.0,288.15,0.0,138.31,77.28,27.14
2026-05-20 00:50:00,3,-348.57,151.37,31.61,0.0,217.03,0.0,104.18,69.83,27.02
2026-05-20 00:55:00,3,-348.57,151.37,31.11,0.0,316.22,0.0,151.79,80.8,26.89
2026-05-20 01:00:00,3,-348.57,151.37,31.16,0.0,280.44,0.0,134.61,76.37,26.76
2026-05-20 01:05:00,3,-348.57,151.37,30.95,0.0,274.14,0.0,131.59,75.65,26.63
2026-05-20 01:10:00,3,-348.57,151.37,32.35,0.0,200.19,0.0,96.09,68.38,26.52
2026-05-20 01:15:00,3,-348.57,151.37,31.95,0.0,241.0,0.0,115.68,72.11,26.4
2026-05-20 01:20:00,3,-348.57,151.37,31.7,0.0,267.7,0.0,128.5,74.93,26.27
2026-05-20 01:25:00,3,-348.57,151.37,30.57,0.0,222.27,0.0,106.69,70.31,26.16
2026-05-20 01:30:00,3,-348.57,151.37,31.78,0.0,268.48,0.0,128.87,75.01,26.03
2026-05-20 01:35:00,3,-348.57,151.37,31.51,0.0,223.75,0.0,107.4,70.45,25.91
2026-05-20 01:40:00,3,-348.57,151.37,31.98,0.0,206.57,0.0,99.15,68.91,25.8
2026-05-20 01:45:00,3,-348.57,151.37,32.3,0.0,248.17,0.0,119.12,72.84,25.68
2026-05-20 01:50:00,3,-348.57,151.37,32.26,0.0,311.09,0.0,149.32,80.13,25.54
2026-05-20 01:55:00,3,-348.57,151.37,31.42,0.0,244.93,0.0,117.57,72.51,25.42
2026-05-20 02:00:00,3,-348.57,151.37,32.06,0.0,270.17,0.0,129.68,75.2,25.3
2026-05-20 02:05:00,3,-348.57,151.37,31.18,0.0,263.81,0.0,126.63,74.5,25.17
2026-05-20 02:10:00,3,-348.57,151.37,32.17,0.0,290.59,0.0,139.48,77.58,25.04
2026-05-20 02:15:00,3,-348.57,151.37,31.79,0.0,296.68,0.0,142.41,78.32,24.91
2026-05-20 02:20:00,3,-348.57,151.37,31.85,0.0,239.83,0.0,115.12,71.99,24.79
2026-05-20 02:25:00,3,-348.57,151.37,32.34,0.0,231.24,0.0,111.0,71.16,24.68
2026-05-20 02:30:00,3,-348.57,151.37,32.52,0.0,261.76,0.0,125.64,74.27,24.55
2026-05-20 02:35:00,3,-348.57,151.37,32.23,0.0,298.85,0.0,143.45,78.59,24.42
2026-05-20 02:40:00,3,-348.57,151.37,32.65,0.0,299.45,0.0,143.74,78.66,24.29
2026-05-20 02:45:00,3,-348.57,151.37,32.45,0.0,220.74,0.0,105.95,70.17,24.17
2026-05-20 02:50:00,3,-348.57,151.37,33.36,0.0,304.42,0.0,146.12,79.29,24.04
2026-05-20 02:55:00,3,-348.57,151.37,32.61,0.0,260.1,0.0,124.85,74.1,23.92
2026-05-20 03:00:00,3,-348.57,151.37,32.44,0.0,261.12,0.0,125.34,74.21,23.79
2026-05-20 03:05:00,3,-348.57,151.37,33.25,0.0,320.51,0.0,153.85,81.37,23.66
2026-05-20 03:10:00,3,-348.57,151.37,33.45,0.0,302.01,0.0,144.97,78.98,23.53
2026-05-20 03:15:00,3,-348.57,151.37,33.08,0.0,213.27,0.0,102.37,69.5,23.41
2026-05-20 03:20:00,3,-348.57,151.37,33.26,0.0,224.43,0.0,107.73,70.51,23.29
2026-05-20 03:25:00,3,-348.57,151.37,33.89,0.0,322.32,0.0,154.71,81.61,23.16
2026-05-20 03:30:00,3,-348.57,151.37,34.09,0.0,201.06,0.0,96.51,68.45,23.04
2026-05-20 03:35:00,3,-348.57,151.37,33.89,0.0,301.29,0.0,144.62,78.89,22.91
2026-05-20 03:40:00,3,-348.57,151.37,33.83,0.0,250.01,0.0,120.01,73.03,22.79
2026-05-20 03:45:00,3,-348.57,151.37,33.52,0.0,286.63,0.0,137.58,77.1,22.66
2026-05-20 03:50:00,3,-348.57,151.37,34.61,0.0,223.52,0.0,107.29,70.43,22.54
2026-05-20 03:55:00,3,-348.57,151.37,33.61,0.0,323.57,0.0,155.31,81.78,22.41
2026-05-20 04:00:00,3,-348.57,151.37,35.1,0.0,287.3,0.0,137.9,77.19,22.28
2026-05-20 04:05:00,3,-348.57,151.37,34.15,0.0,216.31,0.0,103.83,69.77,22.16
2026-05-20 04:10:00,3,-348.57,151.37,33.76,0.0,252.25,0.0,121.08,73.26,22.04
2026-05-20 04:15:00,3,-348.57,151.37,34.96,0.0,225.52,0.0,108.25,70.62,21.92
2026-05-20 04:20:00,3,-348.57,151.37,35.25,0.0,224.05,0.0,107.54,70.48,21.81
2026-05-20 04:25:00,3,-348.57,151.37,35.23,0.0,303.16,0.0,145.52,79.13,21.67
2026-05-20 04:30:00,3,-348.57,151.37,34.73,0.0,217.09,0.0,104.2,69.84,21.56
2026-05-20 04:35:00,3,-348.57,151.37,35.81,0.0,281.92,0.0,135.32,76.55,21.43
2026-05-20 04:40:00,3,-348.57,151.37,35.83,0.0,310.23,0.0,148.91,80.03,21.3
2026-05-20 04:45:00,3,-348.57,151.37,35.59,0.0,237.9,0.0,114.19,71.81,21.18
2026-05-20 04:50:00,3,-348.57,151.37,36.2,0.0,297.19,0.0,142.65,78.39,21.05
2026-05-20 04:55:00,3,-348.57,151.37,37.23,0.0,269.69,0.0,129.45,75.16,20.92
2026-05-20 05:00:00,3,-348.57,151.37,36.29,0.0,251.53,0.0,120.74,73.19,20.8
2026-05-20 05:05:00,3,-348.57,151.37,36.86,0.0,200.37,0.0,96.18,68.4,20.68
2026-05-20 05:10:00,3,-348.57,151.37,37.49,0.0,271.53,0.0,130.34,75.37,20.56
2026-05-20 05:15:00,3,-348.57,151.37,36.92,0.0,220.55,0.0,105.86,70.16,20.44
2026-05-20 05:20:00,3,-348.57,151.37,37.69,0.0,294.37,0.0,141.3,78.05,20.31
2026-05-20 05:25:00,3,-348.57,151.37,35.72,0.0,219.31,0.0,105.27,70.05,20.2
2026-05-20 05:30:00,3,-348.57,151.37,36.95,0.0,233.87,0.0,112.26,71.42,20.08
2026-05-20 05:35:00,3,-348.57,151.37,37.51,0.0,311.74,0.0,149.63,80.23,19.94
2026-05-20 05:40:00,3,-348.57,151.37,37.07,0.0,225.33,0.0,108.16,70.6,19.82
2026-05-20 05:45:00,3,-348.57,151.37,37.32,0.0,289.05,0.0,138.74,77.4,19.7
2026-05-20 05:50:00,3,-348.57,151.37,37.96,0.0,236.15,0.0,113.35,71.64,19.58
2026-05-20 05:55:00,3,-348.57,151.37,38.23,0.0,205.47,0.0,98.62,68.83,19.46
2026-05-20 06:00:00,3,-348.57,151.37,37.46,0.0,295.99,0.0,142.07,78.24,19.33
2026-05-20 06:05:00,3,-348.57,151.37,36.95,0.0,313.56,0.0,150.51,80.46,19.2
2026-05-20 06:10:00,3,-348.57,151.37,38.55,0.0,215.91,0.0,103.64,69.75,19.08
2026-05-20 06:15:00,3,-348.57,151.37,38.09,0.0,309.62,0.0,148.62,79.96,18.95
2026-05-20 06:20:00,3,-348.57,151.37,38.8,0.0,211.38,0.0,101.46,69.34,18.83
2026-05-20 06:25:00,3,-348.57,151.37,38.73,0.0,254.5,0.0,122.16,73.51,18.71
2026-05-20 06:30:00,3,-348.57,151.37,38.55,0.0,233.9,0.0,112.27,71.42,18.59
2026-05-20 06:35:00,3,-348.57,151.37,38.38,0.0,301.02,0.0,144.49,78.87,18.46
2026-05-20 06:40:00,3,-348.57,151.37,39.2,0.0,311.99,0.0,149.76,80.27,18.33
2026-05-20 06:45:00,3,-348.57,151.37,39.65,0.0,224.35,0.0,107.69,70.52,18.21
2026-05-20 06:50:00,3,-348.57,151.37,39.11,0.0,279.95,0.0,134.38,76.33,18.08
2026-05-20 06:55:00,3,-348.57,151.37,39.29,0.0,309.51,0.0,148.57,79.95,17.95
2026-05-20 07:00:00,3,-348.57,151.37,39.8,0.0,284.28,0.0,136.45,76.84,17.82
2026-05-20 07:05:00,3,-348.57,151.37,40.42,0.0,306.85,0.0,147.29,79.61,17.69
2026-05-20 07:10:00,3,-348.57,151.37,40.4,0.0,234.99,0.0,112.79,71.53,17.57
2026-05-20 07:15:00,3,-348.57,151.37,40.0,0.0,206.79,0.0,99.26,68.95,17.45
2026-05-20 07:20:00,3,-348.57,151.37,40.77,0.0,236.8,0.0,113.66,71.71,17.33
2026-05-20 07:25:00,3,-348.57,151.37,40.82,0.0,240.64,0.0,115.51,72.09,17.21
2026-05-20 07:30:00,3,-348.57,151.37,41.57,0.0,202.36,0.0,97.13,68.58,17.1
2026-05-20 07:35:00,3,-348.57,151.37,40.87,0.0,296.04,0.0,142.1,78.26,16.97
2026-05-20 07:40:00,3,-348.57,151.37,39.81,0.0,260.71,0.0,125.14,74.18,16.84
2026-05-20 07:45:00,3,-348.57,151.37,41.05,0.0,274.45,0.0,131.73,75.7,16.72
2026-05-20 07:50:00,3,-348.57,151.37,41.74,0.0,230.29,0.0,110.54,71.08,16.6
2026-05-20 07:55:00,3,-348.57,151.37,41.68,0.0,225.02,0.0,108.01,70.58,16.48
2026-05-20 08:00:00,3,-348.57,151.37,41.11,0.0,283.48,0.0,136.07,76.75,16.35
2026-05-20 08:05:00,3,-348.57,151.37,41.9,0.0,256.33,0.0,123.04,73.71,16.23
2026-05-20 08:10:00,3,-348.57,151.37,41.64,0.0,298.66,0.0,143.36,78.58,16.1
2026-05-20 08:15:00,3,-348.57,151.37,40.63,0.0,202.47,0.0,97.19,68.58,15.99
2026-05-20 08:20:00,3,-348.57,151.37,41.25,0.0,202.54,0.0,97.22,68.59,15.87
2026-05-20 08:25:00,3,-348.57,151.37,42.48,0.0,217.85,0.0,104.57,69.93,15.76
2026-05-20 08:30:00,3,-348.57,151.37,41.82,0.0,296.17,0.0,142.16,78.27,15.62
2026-05-20 08:35:00,3,-348.57,151.37,42.28,0.0,286.81,0.0,137.67,77.14,15.5
2026-05-20 08:40:00,3,-348.57,151.37,42.05,0.0,306.67,0.0,147.2,79.59,15.36
2026-05-20 08:45:00,3,-348.57,151.37,42.89,0.0,236.75,0.0,113.64,71.71,15.24
2026-05-20 08:50:00,3,-348.57,151.37,42.65,0.0,285.75,0.0,137.16,77.02,15.12
2026-05-20 08:55:00,3,-348.57,151.37,43.38,0.0,266.5,0.0,127.92,74.82,14.99
2026-05-20 09:00:00,3,-348.57,151.37,43.57,0.0,235.65,0.0,113.11,71.6,14.87
2026-05-20 09:05:00,3,-348.57,151.37,43.07,0.0,244.44,0.0,117.33,72.48,14.75
2026-05-20 09:10:00,3,-348.57,151.37,42.58,0.0,290.76,0.0,139.56,77.62,14.62
2026-05-20 09:15:00,3,-348.57,151.37,44.14,0.0,260.71,0.0,125.14,74.18,14.5
2026-05-20 09:20:00,3,-348.57,151.37,44.2,0.0,322.38,0.0,154.74,81.64,14.36
2026-05-20 09:25:00,3,-348.57,151.37,43.25,0.0,273.6,0.0,131.33,75.61,14.24
2026-05-20 09:30:00,3,-348.57,151.37,43.19,0.0,236.08,0.0,113.32,71.65,14.12
2026-05-20 09:35:00,3,-348.57,151.37,43.81,0.0,271.0,0.0,130.08,75.32,13.99
2026-05-20 09:40:00,3,-348.57,151.37,43.27,0.0,240.38,0.0,115.38,72.07,13.87
2026-05-20 09:45:00,3,-348.57,151.37,43.86,0.0,238.03,0.0,114.26,71.84,13.75
2026-05-20 09:50:00,3,-348.57,151.37,43.44,0.0,314.26,0.0,150.85,80.57,13.62
2026-05-20 09:55:00,3,-348.57,151.37,43.36,0.0,234.94,0.0,112.77,71.53,13.5
2026-05-20 10:00:00,3,-348.57,151.37,44.04,0.0,321.83,0.0,154.48,81.57,13.36
2026-05-20 10:05:00,3,-348.57,151.37,44.05,0.0,229.87,0.0,110.34,71.05,13.24
2026-05-20 10:10:00,3,-348.57,151.37,44.77,0.0,311.03,0.0,149.29,80.15,13.11
2026-05-20 10:15:00,3,-348.57,151.37,44.15,0.0,321.79,0.0,154.46,81.56,12.97
2026-05-20 10:20:00,3,-348.57,151.37,43.43,0.0,288.29,0.0,138.38,77.32,12.84
2026-05-20 10:25:00,3,-348.57,151.37,45.01,0.0,291.84,0.0,140.08,77.75,12.72
2026-05-20 10:30:00,3,-348.57,151.37,44.54,0.0,279.78,0.0,134.3,76.32,12.59
2026-05-20 10:35:00,3,-348.57,151.37,44.3,0.0,322.32,0.0,154.72,81.64,12.45
2026-05-20 10:40:00,3,-348.57,151.37,44.63,0.0,274.44,0.0,131.73,75.71,12.33
2026-05-20 10:45:00,3,-348.57,151.37,44.47,0.0,316.41,0.0,151.88,80.85,12.19
2026-05-20 10:50:00,3,-348.57,151.37,44.06,0.0,312.4,0.0,149.95,80.33,12.06
2026-05-20 10:55:00,3,-348.57,151.37,45.07,0.0,226.35,0.0,108.65,70.72,11.94
2026-05-20 11:00:00,3,-348.57,151.37,44.29,0.0,288.87,0.0,138.66,77.39,11.81
2026-05-20 11:05:00,3,-348.57,151.37,44.99,0.0,254.93,0.0,122.37,73.57,11.69
2026-05-20 11:10:00,3,-348.57,151.37,44.73,0.0,207.65,0.0,99.67,69.03,11.57
2026-05-20 11:15:00,3,-348.57,151.37,45.75,0.0,241.56,0.0,115.95,72.19,11.45
2026-05-20 11:20:00,3,-348.57,151.37,45.38,0.0,323.68,0.0,155.36,81.82,11.32
2026-05-20 11:25:00,3,-348.57,151.37,44.85,0.0,294.62,0.0,141.42,78.09,11.19
2026-05-20 11:30:00,3,-348.57,151.37,45.04,0.0,313.38,0.0,150.42,80.46,11.05
2026-05-20 11:35:00,3,-348.57,151.37,45.18,0.0,258.39,0.0,124.03,73.94,10.93
2026-05-20 11:40:00,3,-348.57,151.37,43.54,0.0,217.95,0.0,104.62,69.94,10.81
2026-05-20 11:45:00,3,-348.57,151.37,45.95,0.0,317.5,0.0,152.4,81.0,10.68
2026-05-20 11:50:00,3,-348.57,151.37,44.6,0.0,302.28,0.0,145.09,79.04,10.54
2026-05-20 11:55:00,3,-348.57,151.37,45.26,0.0,293.76,0.0,141.01,77.99,10.41
2026-05-20 12:00:00,3,-348.57,151.37,44.65,0.0,217.82,0.0,104.55,69.93,10.3
2026-05-20 12:05:00,3,-348.57,151.37,44.66,0.0,312.56,0.0,150.03,80.35,10.16
2026-05-20 12:10:00,3,-348.57,151.37,45.27,0.0,302.92,0.0,145.4,79.12,10.03
2026-05-20 12:15:00,3,-348.57,151.37,45.28,0.0,262.08,0.0,125.8,74.34,9.91
2026-05-20 12:20:00,3,-348.57,151.37,44.99,0.0,241.04,0.0,115.7,72.14,9.79
2026-05-20 12:25:00,3,-348.57,151.37,44.62,0.0,281.19,0.0,134.97,76.49,9.66
2026-05-20 12:30:00,3,-348.57,151.37,44.88,0.0,314.05,0.0,150.74,80.54,9.53
2026-05-20 12:35:00,3,-348.57,151.37,44.46,0.0,320.85,0.0,154.01,81.44,9.39
2026-05-20 12:40:00,3,-348.57,151.37,44.76,0.0,208.57,0.0,100.11,69.11,9.28
2026-05-20 12:45:00,3,-348.57,151.37,44.37,0.0,279.53,0.0,134.17,76.29,9.15
2026-05-20 12:50:00,3,-348.57,151.37,45.13,0.0,234.89,0.0,112.75,71.53,9.03
2026-05-20 12:55:00,3,-348.57,151.37,43.63,0.0,321.38,0.0,154.26,81.51,8.89
2026-05-20 13:00:00,3,-348.57,151.37,44.61,0.0,284.71,0.0,136.66,76.9,8.77
2026-05-20 13:05:00,3,-348.57,151.37,44.12,0.0,214.57,0.0,102.99,69.64,8.65
2026-05-20 13:10:00,3,-348.57,151.37,44.55,0.0,236.66,0.0,113.6,71.71,8.53
2026-05-20 13:15:00,3,-348.57,151.37,45.0,0.0,274.24,0.0,131.63,75.69,8.4
2026-05-20 13:20:00,3,-348.57,151.37,44.71,0.0,238.41,0.0,114.44,71.88,8.28
2026-05-20 13:25:00,3,-348.57,151.37,44.48,0.0,201.39,0.0,96.67,68.5,8.17
2026-05-20 13:30:00,3,-348.57,151.37,43.42,0.0,238.46,0.0,114.46,71.88,8.05
2026-05-20 13:35:00,3,-348.57,151.37,43.28,0.0,321.97,0.0,154.55,81.59,7.91
2026-05-20 13:40:00,3,-348.57,151.37,45.49,0.0,216.64,0.0,103.99,69.83,7.8
2026-05-20 13:45:00,3,-348.57,151.37,44.53,0.0,285.49,0.0,137.04,76.99,7.67
2026-05-20 13:50:00,3,-348.57,151.37,43.74,0.0,262.21,0.0,125.86,74.35,7.55
2026-05-20 13:55:00,3,-348.57,151.37,43.94,0.0,240.75,0.0,115.56,72.11,7.43
2026-05-20 14:00:00,3,-348.57,151.37,44.22,0.0,247.98,0.0,119.03,72.84,7.3
2026-05-20 14:05:00,3,-348.57,151.37,42.25,0.0,279.27,0.0,134.05,76.26,7.18
2026-05-20 14:10:00,3,-348.57,151.37,43.41,0.0,259.49,0.0,124.55,74.05,7.05
2026-05-20 14:15:00,3,-348.57,151.37,43.92,0.0,300.0,0.0,144.0,78.75,6.92
2026-05-20 14:20:00,3,-348.57,151.37,44.73,0.0,205.91,0.0,98.84,68.88,6.81
2026-05-20 14:25:00,3,-348.57,151.37,43.2,0.0,317.69,0.0,152.49,81.02,6.67
2026-05-20 14:30:00,3,-348.57,151.37,43.82,0.0,203.75,0.0,97.8,68.7,6.56
2026-05-20 14:35:00,3,-348.57,151.37,42.95,0.0,275.55,0.0,132.26,75.83,6.43
2026-05-20 14:40:00,3,-348.57,151.37,43.59,0.0,312.66,0.0,150.08,80.36,6.3
2026-05-20 14:45:00,3,-348.57,151.37,43.62,0.0,218.21,0.0,104.74,69.96,6.18
2026-05-20 14:50:00,3,-348.57,151.37,42.46,0.0,272.3,0.0,130.71,75.46,6.06
2026-05-20 14:55:00,3,-348.57,151.37,43.74,0.0,289.75,0.0,139.08,77.5,5.93
2026-05-20 15:00:00,3,-348.57,151.37,43.3,0.0,294.29,0.0,141.26,78.05,5.8
2026-05-20 15:05:00,3,-348.57,151.37,43.25,0.0,215.87,0.0,103.62,69.75,5.68
2026-05-20 15:10:00,3,-348.57,151.37,42.49,0.0,256.3,0.0,123.03,73.71,5.56
2026-05-20 15:15:00,3,-348.57,151.37,42.07,0.0,257.16,0.0,123.43,73.8,5.43
2026-05-20 15:20:00,3,-348.57,151.37,42.27,0.0,220.95,0.0,106.05,70.21,5.32
2026-05-20 15:25:00,3,-348.57,151.37,41.75,0.0,232.16,0.0,111.44,71.26,5.2
2026-05-20 15:30:00,3,-348.57,151.37,42.15,0.0,304.5,0.0,146.16,79.31,5.07
2026-05-20 15:35:00,3,-348.57,151.37,43.14,0.0,201.34,0.0,96.65,68.5,4.95
2026-05-20 15:40:00,3,-348.57,151.37,42.2,0.0,308.23,0.0,147.95,79.79,4.82
2026-05-20 15:45:00,3,-348.57,151.37,41.49,0.0,310.46,0.0,149.02,80.07,4.69
2026-05-20 15:50:00,3,-348.57,151.37,41.02,0.0,248.81,0.0,119.43,72.92,4.56
2026-05-20 15:55:00,3,-348.57,151.37,42.79,0.0,211.38,0.0,101.46,69.35,4.45
2026-05-20 16:00:00,3,-348.57,151.37,40.88,0.0,233.92,0.0,112.28,71.43,4.33
2026-05-20 16:05:00,3,-348.57,151.37,42.14,0.0,274.1,0.0,131.57,75.67,4.2
2026-05-20 16:10:00,3,-348.57,151.37,41.79,0.0,290.61,0.0,139.49,77.6,4.07
2026-05-20 16:15:00,3,-348.57,151.37,41.26,0.0,320.91,0.0,154.04,81.44,3.94
2026-05-20 16:20:00,3,-348.57,151.37,40.54,0.0,238.0,0.0,114.24,71.83,3.82
2026-05-20 16:25:00,3,-348.57,151.37,41.0,0.0,301.94,0.0,144.93,78.99,3.69
2026-05-20 16:30:00,3,-348.57,151.37,40.38,0.0,252.59,0.0,121.24,73.31,3.56
2026-05-20 16:35:00,3,-348.57,151.37,40.48,0.0,320.04,0.0,153.62,81.32,3.43
2026-05-20 16:40:00,3,-348.57,151.37,40.57,0.0,225.19,0.0,108.09,70.6,3.31
2026-05-20 16:45:00,3,-348.57,151.37,39.79,0.0,270.24,0.0,129.72,75.23,3.19
2026-05-20 16:50:00,3,-348.57,151.37,40.44,0.0,258.9,0.0,124.27,73.98,3.06
2026-05-20 16:55:00,3,-348.57,151.37,39.39,0.0,306.93,0.0,147.33,79.62,2.93
2026-05-20 17:00:00,3,-348.57,151.37,40.07,0.0,222.49,0.0,106.8,70.35,2.81
2026-05-20 17:05:00,3,-348.57,151.37,39.81,0.0,226.99,0.0,108.96,70.77,2.69
2026-05-20 17:10:00,3,-348.57,151.37,39.4,0.0,272.4,0.0,130.75,75.47,2.57
2026-05-20 17:15:00,3,-348.57,151.37,39.97,0.0,278.32,0.0,133.59,76.14,2.44
2026-05-20 17:20:00,3,-348.57,151.37,39.01,0.0,243.32,0.0,116.8,72.36,2.32
2026-05-20 17:25:00,3,-348.57,151.37,38.49,0.0,211.47,0.0,101.5,69.35,2.21
2026-05-20 17:30:00,3,-348.57,151.37,38.98,0.0,254.95,0.0,122.37,73.56,2.08
2026-05-20 17:35:00,3,-348.57,151.37,39.69,0.0,278.85,0.0,133.85,76.21,1.96
2026-05-20 17:40:00,3,-348.57,151.37,39.41,0.0,256.98,0.0,123.35,73.77,1.83
2026-05-20 17:45:00,3,-348.57,151.37,38.5,0.0,262.79,0.0,126.14,74.4,1.71
2026-05-20 17:50:00,3,-348.57,151.37,38.74,0.0,258.17,0.0,123.92,73.9,1.59
2026-05-20 17:55:00,3,-348.57,151.37,37.24,0.0,281.46,0.0,135.1,76.5,1.46
2026-05-20 18:00:00,3,-348.57,151.37,36.83,0.0,215.26,0.0,103.32,69.68,1.34
2026-05-20 18:05:00,3,-348.57,151.37,38.19,0.0,263.18,0.0,126.32,74.44,1.22
2026-05-20 18:10:00,3,-348.57,151.37,38.2,0.0,233.48,0.0,112.07,71.38,1.1
2026-05-20 18:15:00,3,-348.57,151.37,38.23,0.0,285.34,0.0,136.96,76.96,0.97
2026-05-20 18:20:00,3,-348.57,151.37,37.2,0.0,259.08,0.0,124.36,73.99,0.85
2026-05-20 18:25:00,3,-348.57,151.37,37.02,0.0,310.85,0.0,149.21,80.11,0.71
2026-05-20 18:30:00,3,-348.57,151.37,38.16,0.0,299.32,0.0,143.68,78.66,0.58
2026-05-20 18:35:00,3,-348.57,151.37,36.94,0.0,232.91,0.0,111.8,71.32,0.46
2026-05-20 18:40:00,3,-348.57,151.37,36.43,0.0,308.1,0.0,147.89,79.76,0.33
2026-05-20 18:45:00,3,-348.57,151.37,36.01,0.0,207.93,0.0,99.81,69.04,0.22
2026-05-20 18:50:00,3,-348.57,151.37,36.41,0.0,214.19,0.0,102.81,69.59,0.1
2026-05-20 18:55:00,3,-348.57,151.37,36.08,0.0,260.17,0.0,124.88,74.11,0.0
2026-05-20 19:00:00,3,-348.57,151.37,35.85,0.0,220.68,0.0,105.93,70.17,0.0
2026-05-20 19:05:00,3,-348.57,151.37,36.2,0.0,211.93,0.0,101.73,69.39,0.0
2026-05-20 19:10:00,3,-348.57,151.37,36.21,0.0,293.37,0.0,140.82,77.92,0.0
2026-05-20 19:15:00,3,-348.57,151.37,35.65,0.0,251.66,0.0,120.8,73.21,0.0
2026-05-20 19:20:00,3,-348.57,151.37,35.88,0.0,246.01,0.0,118.08,72.62,0.0
2026-05-20 19:25:00,3,-348.57,151.37,35.83,0.0,315.39,0.0,151.39,80.7,0.0
2026-05-20 19:30:00,3,-348.57,151.37,34.68,0.0,298.87,0.0,143.46,78.59,0.0
2026-05-20 19:35:00,3,-348.57,151.37,36.06,0.0,321.76,0.0,154.44,81.54,0.0
2026-05-20 19:40:00,3,-348.57,151.37,35.45,0.0,271.9,0.0,130.51,75.4,0.0
2026-05-20 19:45:00,3,-348.57,151.37,34.27,0.0,260.55,0.0,125.06,74.15,0.0
2026-05-20 19:50:00,3,-348.57,151.37,35.02,0.0,259.06,0.0,124.35,73.99,0.0
2026-05-20 19:55:00,3,-348.57,151.37,34.32,0.0,242.94,0.0,116.61,72.31,0.0
2026-05-20 20:00:00,3,-348.57,151.37,34.02,0.0,213.86,0.0,102.65,69.55,0.0
2026-05-20 20:05:00,3,-348.57,151.37,34.89,0.0,270.44,0.0,129.81,75.24,0.0
2026-05-20 20:10:00,3,-348.57,151.37,34.71,0.0,217.25,0.0,104.28,69.86,0.0
2026-05-20 20:15:00,3,-348.57,151.37,34.26,0.0,228.15,0.0,109.51,70.86,0.0
2026-05-20 20:20:00,3,-348.57,151.37,34.83,0.0,202.38,0.0,97.14,68.56,0.0
2026-05-20 20:25:00,3,-348.57,151.37,33.46,0.0,289.46,0.0,138.94,77.44,0.0
2026-05-20 20:30:00,3,-348.57,151.37,34.21,0.0,232.97,0.0,111.82,71.32,0.0
2026-05-20 20:35:00,3,-348.57,151.37,33.82,0.0,260.21,0.0,124.9,74.11,0.0
2026-05-20 20:40:00,3,-348.57,151.37,33.64,0.0,297.1,0.0,142.61,78.37,0.0
2026-05-20 20:45:00,3,-348.57,151.37,32.88,0.0,267.2,0.0,128.26,74.87,0.0
2026-05-20 20:50:00,3,-348.57,151.37,33.39,0.0,205.99,0.0,98.88,68.87,0.0
2026-05-20 20:55:00,3,-348.57,151.37,33.03,0.0,284.5,0.0,136.56,76.85,0.0
2026-05-20 21:00:00,3,-348.57,151.37,32.55,0.0,237.34,0.0,113.92,71.75,0.0
2026-05-20 21:05:00,3,-348.57,151.37,32.35,0.0,314.37,0.0,150.9,80.56,0.0
2026-05-20 21:10:00,3,-348.57,151.37,33.25,0.0,285.39,0.0,136.99,76.96,0.0
2026-05-20 21:15:00,3,-348.57,151.37,32.94,0.0,255.44,0.0,122.61,73.6,0.0
2026-05-20 21:20:00,3,-348.57,151.37,32.5,0.0,305.1,0.0,146.45,79.37,0.0
2026-05-20 21:25:00,3,-348.57,151.37,33.03,0.0,249.95,0.0,119.98,73.02,0.0
2026-05-20 21:30:00,3,-348.57,151.37,32.26,0.0,245.11,0.0,117.65,72.52,0.0
2026-05-20 21:35:00,3,-348.57,151.37,33.23,0.0,206.65,0.0,99.19,68.92,0.0
2026-05-20 21:40:00,3,-348.57,151.37,31.58,0.0,268.06,0.0,128.67,74.97,0.0
2026-05-20 21:45:00,3,-348.57,151.37,32.46,0.0,286.27,0.0,137.41,77.06,0.0
2026-05-20 21:50:00,3,-348.57,151.37,31.33,0.0,305.69,0.0,146.73,79.44,0.0
2026-05-20 21:55:00,3,-348.57,151.37,31.15,0.0,287.12,0.0,137.82,77.16,0.0
2026-05-20 22:00:00,3,-348.57,151.37,31.67,0.0,324.71,0.0,155.86,81.93,0.0
2026-05-20 22:05:00,3,-348.57,151.37,31.54,0.0,244.37,0.0,117.3,72.45,0.0
2026-05-20 22:10:00,3,-348.57,151.37,31.99,0.0,271.56,0.0,130.35,75.36,0.0
2026-05-20 22:15:00,3,-348.57,151.37,32.08,0.0,261.8,0.0,125.66,74.28,0.0
2026-05-20 22:20:00,3,-348.57,151.37,32.08,0.0,266.42,0.0,127.88,74.78,0.0
2026-05-20 22:25:00,3,-348.57,151.37,31.56,0.0,203.63,0.0,97.74,68.66,0.0
2026-05-20 22:30:00,3,-348.57,151.37,32.08,0.0,278.38,0.0,133.62,76.14,0.0
2026-05-20 22:35:00,3,-348.57,151.37,31.91,0.0,319.17,0.0,153.2,81.19,0.0
2026-05-20 22:40:00,3,-348.57,151.37,31.44,0.0,232.3,0.0,111.5,71.25,0.0
2026-05-20 22:45:00,3,-348.57,151.37,31.82,0.0,305.99,0.0,146.88,79.48,0.0
2026-05-20 22:50:00,3,-348.57,151.37,30.32,0.0,262.95,0.0,126.21,74.4,0.0
2026-05-20 22:55:00,3,-348.57,151.37,30.51,0.0,230.53,0.0,110.65,71.08,0.0
2026-05-20 23:00:00,3,-348.57,151.37,31.54,0.0,264.88,0.0,127.14,74.61,0.0
2026-05-20 23:05:00,3,-348.57,151.37,31.11,0.0,299.1,0.0,143.57,78.62,0.0
2026-05-20 23:10:00,3,-348.57,151.37,31.7,0.0,224.55,0.0,107.78,70.52,0.0
2026-05-20 23:15:00,3,-348.57,151.37,31.18,0.0,245.09,0.0,117.65,72.52,0.0
2026-05-20 23:20:00,3,-348.57,151.37,31.63,0.0,292.81,0.0,140.55,77.85,0.0
2026-05-20 23:25:00,3,-348.57,151.37,30.56,0.0,225.11,0.0,108.05,70.57,0.0
2026-05-20 23:30:00,3,-348.57,151.37,30.63,0.0,263.87,0.0,126.66,74.5,0.0
2026-05-20 23:35:00,3,-348.57,151.37,30.96,0.0,285.59,0.0,137.08,76.98,0.0
2026-05-20 23:40:00,3,-348.57,151.37,31.68,0.0,275.33,0.0,132.16,75.79,0.0
2026-05-20 23:45:00,3,-348.57,151.37,31.41,0.0,244.06,0.0,117.15,72.42,0.0
2026-05-20 23:50:00,3,-348.57,151.37,31.17,0.0,269.67,0.0,129.44,75.14,0.0
2026-05-20 23:55:00,3,-348.57,151.37,30.19,0.0,285.66,0.0,137.12,76.99,100.0
2026-05-21 00:00:00,3,-348.57,151.37,30.09,0.0,215.69,0.0,103.53,69.71,99.88
2026-05-21 00:05:00,3,-348.57,151.37,31.73,0.0,200.41,0.0,96.2,68.4,99.77
2026-05-21 00:10:00,3,-348.57,151.37,31.5,0.0,263.66,0.0,126.56,74.48,99.65
2026-05-21 00:15:00,3,-348.57,151.37,31.16,0.0,277.79,0.0,133.34,76.07,99.52
2026-05-21 00:20:00,3,-348.57,151.37,31.29,0.0,277.76,0.0,133.32,76.06,99.39
2026-05-21 00:25:00,3,-348.57,151.37,30.62,0.0,266.71,0.0,128.02,74.81,99.27
2026-05-21 00:30:00,3,-348.57,151.37,30.89,0.0,262.72,0.0,126.1,74.38,99.14
2026-05-21 00:35:00,3,-348.57,151.37,30.48,0.0,224.19,0.0,107.61,70.49,99.03
2026-05-21 00:40:00,3,-348.57,151.37,30.99,0.0,322.62,0.0,154.86,81.65,98.89
2026-05-21 00:45:00,3,-348.57,151.37,31.13,0.0,319.05,0.0,153.15,81.17,98.75
2026-05-21 00:50:00,3,-348.57,151.37,30.79,0.0,287.92,0.0,138.2,77.25,98.63
2026-05-21 00:55:00,3,-348.57,151.37,31.56,0.0,296.96,0.0,142.54,78.35,98.5
2026-05-21 01:00:00,3,-348.57,151.37,31.5,0.0,314.91,0.0,151.15,80.63,98.36
2026-05-21 01:05:00,3,-348.57,151.37,31.56,0.0,287.84,0.0,138.16,77.25,98.23
2026-05-21 01:10:00,3,-348.57,151.37,30.73,0.0,261.71,0.0,125.62,74.27,98.11
2026-05-21 01:15:00,3,-348.57,151.37,31.47,0.0,299.95,0.0,143.97,78.72,97.98
2026-05-21 01:20:00,3,-348.57,151.37,31.33,0.0,286.23,0.0,137.39,77.05,97.85
2026-05-21 01:25:00,3,-348.57,151.37,31.87,0.0,239.88,0.0,115.14,72.0,97.73
2026-05-21 01:30:00,3,-348.57,151.37,31.36,0.0,268.64,0.0,128.95,75.03,97.6
2026-05-21 01:35:00,3,-348.57,151.37,31.99,0.0,231.06,0.0,110.91,71.14,97.49
2026-05-21 01:40:00,3,-348.57,151.37,31.71,0.0,298.85,0.0,143.45,78.59,97.35
2026-05-21 01:45:00,3,-348.57,151.37,32.22,0.0,253.58,0.0,121.72,73.4,97.23
2026-05-21 01:50:00,3,-348.57,151.37,32.58,0.0,317.6,0.0,152.45,80.98,97.1
2026-05-21 01:55:00,3,-348.57,151.37,32.3,0.0,265.19,0.0,127.29,74.65,96.97
2026-05-21 02:00:00,3,-348.57,151.37,32.09,0.0,226.29,0.0,108.62,70.69,96.85
2026-05-21 02:05:00,3,-348.57,151.37,32.79,0.0,290.19,0.0,139.29,77.53,96.73
2026-05-21 02:10:00,3,-348.57,151.37,32.42,0.0,267.04,0.0,128.18,74.85,96.6
2026-05-21 02:15:00,3,-348.57,151.37,32.25,0.0,202.42,0.0,97.16,68.56,96.49
2026-05-21 02:20:00,3,-348.57,151.37,32.35,0.0,300.88,0.0,144.42,78.84,96.35
2026-05-21 02:25:00,3,-348.57,151.37,33.35,0.0,308.57,0.0,148.11,79.81,96.22
2026-05-21 02:30:00,3,-348.57,151.37,32.49,0.0,206.17,0.0,98.96,68.88,96.11
2026-05-21 02:35:00,3,-348.57,151.37,33.62,0.0,249.92,0.0,119.96,73.02,95.99
2026-05-21 02:40:00,3,-348.57,151.37,32.56,0.0,207.3,0.0,99.51,68.98,95.87
2026-05-21 02:45:00,3,-348.57,151.37,32.42,0.0,220.73,0.0,105.95,70.17,95.75
2026-05-21 02:50:00,3,-348.57,151.37,32.61,0.0,246.82,0.0,118.47,72.7,95.63
2026-05-21 02:55:00,3,-348.57,151.37,32.99,0.0,208.79,0.0,100.22,69.11,95.52
2026-05-21 03:00:00,3,-348.57,151.37,33.14,0.0,211.87,0.0,101.7,69.38,95.4
2026-05-21 03:05:00,3,-348.57,151.37,32.76,0.0,226.48,0.0,108.71,70.7,95.28
2026-05-21 03:10:00,3,-348.57,151.37,33.32,0.0,200.11,0.0,96.05,68.37,95.17
2026-05-21 03:15:00,3,-348.57,151.37,32.78,0.0,293.55,0.0,140.9,77.94,95.04
2026-05-21 03:20:00,3,-348.57,151.37,33.11,0.0,238.91,0.0,114.68,71.9,94.92
2026-05-21 03:25:00,3,-348.57,151.37,33.66,0.0,309.91,0.0,148.75,79.98,94.79
2026-05-21 03:30:00,3,-348.57,151.37,33.64,0.0,305.25,0.0,146.52,79.39,94.65
2026-05-21 03:35:00,3,-348.57,151.37,34.17,0.0,296.75,0.0,142.44,78.33,94.52
2026-05-21 03:40:00,3,-348.57,151.37,33.98,0.0,268.74,0.0,129.0,75.05,94.4
2026-05-21 03:45:00,3,-348.57,151.37,34.08,0.0,261.39,0.0,125.47,74.24,94.28
2026-05-21 03:50:00,3,-348.57,151.37,33.95,0.0,307.52,0.0,147.61,79.68,94.14
2026-05-21 03:55:00,3,-348.57,151.37,35.04,0.0,310.1,0.0,148.85,80.01,94.01
2026-05-21 04:00:00,3,-348.57,151.37,34.11,0.0,243.68,0.0,116.97,72.38,93.89
2026-05-21 04:05:00,3,-348.57,151.37,34.75,0.0,209.04,0.0,100.34,69.13,93.77
2026-05-21 04:10:00,3,-348.57,151.37,35.37,0.0,219.1,0.0,105.17,70.03,93.66
2026-05-21 04:15:00,3,-348.57,151.37,34.72,0.0,274.38,0.0,131.7,75.68,93.53
2026-05-21 04:20:00,3,-348.57,151.37,34.93,0.0,226.42,0.0,108.68,70.7,93.41
2026-05-21 04:25:00,3,-348.57,151.37,35.08,0.0,287.0,0.0,137.76,77.15,93.28
2026-05-21 04:30:00,3,-348.57,151.37,35.33,0.0,256.07,0.0,122.91,73.67,93.16
2026-05-21 04:35:00,3,-348.57,151.37,35.51,0.0,315.66,0.0,151.52,80.74,93.03
2026-05-21 04:40:00,3,-348.57,151.37,35.48,0.0,298.3,0.0,143.19,78.53,92.9
2026-05-21 04:45:00,3,-348.57,151.37,35.21,0.0,211.65,0.0,101.59,69.36,92.78
2026-05-21 04:50:00,3,-348.57,151.37,35.47,0.0,307.63,0.0,147.66,79.7,92.65
2026-05-21 04:55:00,3,-348.57,151.37,36.41,0.0,282.77,0.0,135.73,76.65,92.52
2026-05-21 05:00:00,3,-348.57,151.37,36.98,0.0,320.94,0.0,154.05,81.43,92.38
2026-05-21 05:05:00,3,-348.57,151.37,36.4,0.0,301.28,0.0,144.61,78.9,92.25
2026-05-21 05:10:00,3,-348.57,151.37,36.78,0.0,322.6,0.0,154.85,81.66,92.12
2026-05-21 05:15:00,3,-348.57,151.37,37.5,0.0,222.26,0.0,106.68,70.32,92.0
2026-05-21 05:20:00,3,-348.57,151.37,35.91,0.0,248.64,0.0,119.35,72.89,91.88
2026-05-21 05:25:00,3,-348.57,151.37,36.63,0.0,264.01,0.0,126.72,74.53,91.75
2026-05-21 05:30:00,3,-348.57,151.37,36.54,0.0,233.91,0.0,112.28,71.42,91.63
2026-05-21 05:35:00,3,-348.57,151.37,37.3,0.0,231.12,0.0,110.94,71.15,91.52
2026-05-21 05:40:00,3,-348.57,151.37,37.38,0.0,312.03,0.0,149.77,80.26,91.38
2026-05-21 05:45:00,3,-348.57,151.37,37.6,0.0,273.22,0.0,131.14,75.55,91.26
2026-05-21 05:50:00,3,-348.57,151.37,37.66,0.0,258.6,0.0,124.13,73.94,91.13
2026-05-21 05:55:00,3,-348.57,151.37,38.25,0.0,272.6,0.0,130.85,75.49,91.01
2026-05-21 06:00:00,3,-348.57,151.37,37.74,0.0,288.71,0.0,138.58,77.36,90.88
2026-05-21 06:05:00,3,-348.57,151.37,37.56,0.0,285.33,0.0,136.96,76.96,90.75
2026-05-21 06:10:00,3,-348.57,151.37,38.53,0.0,232.96,0.0,111.82,71.33,90.63
2026-05-21 06:15:00,3,-348.57,151.37,38.94,0.0,247.39,0.0,118.75,72.77,90.51
2026-05-21 06:20:00,3,-348.57,151.37,38.8,0.0,222.1,0.0,106.61,70.31,90.39
2026-05-21 06:25:00,3,-348.57,151.37,38.67,0.0,209.49,0.0,100.55,69.18,90.28
2026-05-21 06:30:00,3,-348.57,151.37,39.07,0.0,234.3,0.0,112.46,71.46,90.16
2026-05-21 06:35:00,3,-348.57,151.37,37.99,0.0,211.9,0.0,101.71,69.39,90.04
2026-05-21 06:40:00,3,-348.57,151.37,40.17,0.0,266.59,0.0,127.97,74.82,89.92
2026-05-21 06:45:00,3,-348.57,151.37,39.52,0.0,201.69,0.0,96.81,68.52,89.8
2026-05-21 06:50:00,3,-348.57,151.37,40.47,0.0,305.94,0.0,146.85,79.49,89.67
2026-05-21 06:55:00,3,-348.57,151.37,39.86,0.0,294.96,0.0,141.58,78.12,89.54
2026-05-21 07:00:00,3,-348.57,151.37,39.5,0.0,293.53,0.0,140.89,77.95,89.41
2026-05-21 07:05:00,3,-348.57,151.37,39.71,0.0,310.21,0.0,148.9,80.04,89.28
2026-05-21 07:10:00,3,-348.57,151.37,40.43,0.0,257.25,0.0,123.48,73.81,89.15
2026-05-21 07:15:00,3,-348.57,151.37,40.54,0.0,282.19,0.0,135.45,76.59,89.03
2026-05-21 07:20:00,3,-348.57,151.37,40.02,0.0,262.15,0.0,125.83,74.33,88.9
2026-05-21 07:25:00,3,-348.57,151.37,40.86,0.0,262.13,0.0,125.82,74.33,88.78
2026-05-21 07:30:00,3,-348.57,151.37,39.8,0.0,292.56,0.0,140.43,77.83,88.65
2026-05-21 07:35:00,3,-348.57,151.37,40.14,0.0,322.91,0.0,154.99,81.7,88.51
2026-05-21 07:40:00,3,-348.57,151.37,40.84,0.0,203.43,0.0,97.65,68.67,88.4
2026-05-21 07:45:00,3,-348.57,151.37,41.02,0.0,284.48,0.0,136.55,76.86,88.27
2026-05-21 07:50:00,3,-348.57,151.37,41.14,0.0,217.24,0.0,104.27,69.87,88.15
2026-05-21 07:55:00,3,-348.57,151.37,41.23,0.0,240.63,0.0,115.5,72.09,88.03
2026-05-21 08:00:00,3,-348.57,151.37,41.64,0.0,210.74,0.0,101.16,69.29,87.92
2026-05-21 08:05:00,3,-348.57,151.37,41.66,0.0,320.61,0.0,153.89,81.4,87.78
2026-05-21 08:10:00,3,-348.57,151.37,40.94,0.0,316.02,0.0,151.69,80.79,87.65
2026-05-21 08:15:00,3,-348.57,151.37,42.21,0.0,224.4,0.0,107.71,70.53,87.53
2026-05-21 08:20:00,3,-348.57,151.37,42.3,0.0,280.83,0.0,134.8,76.44,87.4
2026-05-21 08:25:00,3,-348.57,151.37,41.14,0.0,233.44,0.0,112.05,71.38,87.28
2026-05-21 08:30:00,3,-348.57,151.37,41.25,0.0,236.7,0.0,113.62,71.7,87.16
2026-05-21 08:35:00,3,-348.57,151.37,43.04,0.0,228.14,0.0,109.51,70.88,87.05
2026-05-21 08:40:00,3,-348.57,151.37,42.21,0.0,315.15,0.0,151.27,80.68,86.91
2026-05-21 08:45:00,3,-348.57,151.37,42.28,0.0,208.45,0.0,100.06,69.1,86.8
2026-05-21 08:50:00,3,-348.57,151.37,43.6,0.0,246.36,0.0,118.25,72.67,86.68
2026-05-21 08:55:00,3,-348.57,151.37,43.27,0.0,266.27,0.0,127.81,74.79,86.55
2026-05-21 09:00:00,3,-348.57,151.37,43.53,0.0,200.86,0.0,96.41,68.45,86.44
2026-05-21 09:05:00,3,-348.57,151.37,43.49,0.0,315.66,0.0,151.52,80.75,86.3
2026-05-21 09:10:00,3,-348.57,151.37,44.01,0.0,313.51,0.0,150.49,80.47,86.17
2026-05-21 09:15:00,3,-348.57,151.37,43.64,0.0,215.95,0.0,103.66,69.76,86.05
2026-05-21 09:20:00,3,-348.57,151.37,43.41,0.0,296.08,0.0,142.12,78.27,85.92
2026-05-21 09:25:00,3,-348.57,151.37,43.57,0.0,257.32,0.0,123.51,73.82,85.8
2026-05-21 09:30:00,3,-348.57,151.37,43.33,0.0,324.02,0.0,155.53,81.86,85.66
2026-05-21 09:35:00,3,-348.57,151.37,43.44,0.0,263.6,0.0,126.53,74.5,85.54
2026-05-21 09:40:00,3,-348.57,151.37,43.11,0.0,211.64,0.0,101.59,69.38,85.42
2026-05-21 09:45:00,3,-348.57,151.37,43.17,0.0,320.35,0.0,153.77,81.37,85.29
2026-05-21 09:50:00,3,-348.57,151.37,44.33,0.0,323.37,0.0,155.22,81.77,85.15
2026-05-21 09:55:00,3,-348.57,151.37,44.48,0.0,278.87,0.0,133.86,76.22,85.02
2026-05-21 10:00:00,3,-348.57,151.37,45.07,0.0,267.25,0.0,128.28,74.9,84.9
2026-05-21 10:05:00,3,-348.57,151.37,43.53,0.0,206.99,0.0,99.36,68.97,84.78
2026-05-21 10:10:00,3,-348.57,151.37,43.86,0.0,314.52,0.0,150.97,80.6,84.65
2026-05-21 10:15:00,3,-348.57,151.37,45.16,0.0,211.91,0.0,101.72,69.41,84.53
2026-05-21 10:20:00,3,-348.57,151.37,43.63,0.0,222.33,0.0,106.72,70.34,84.42
2026-05-21 10:25:00,3,-348.57,151.37,44.63,0.0,279.23,0.0,134.03,76.26,84.29
2026-05-21 10:30:00,3,-348.57,151.37,43.25,0.0,204.3,0.0,98.06,68.74,84.17
2026-05-21 10:35:00,3,-348.57,151.37,44.14,0.0,268.59,0.0,128.92,75.05,84.05
2026-05-21 10:40:00,3,-348.57,151.37,45.57,0.0,300.53,0.0,144.25,78.82,83.92
2026-05-21 10:45:00,3,-348.57,151.37,43.83,0.0,211.06,0.0,101.31,69.33,83.8
2026-05-21 10:50:00,3,-348.57,151.37,43.38,0.0,261.76,0.0,125.65,74.3,83.68
2026-05-21 10:55:00,3,-348.57,151.37,45.03,0.0,228.0,0.0,109.44,70.87,83.56
2026-05-21 11:00:00,3,-348.57,151.37,46.1,0.0,254.22,0.0,122.02,73.49,83.44
2026-05-21 11:05:00,3,-348.57,151.37,43.99,0.0,242.04,0.0,116.18,72.24,83.32
2026-05-21 11:10:00,3,-348.57,151.37,44.74,0.0,303.34,0.0,145.6,79.17,83.19
2026-05-21 11:15:00,3,-348.57,151.37,45.49,0.0,241.35,0.0,115.85,72.17,83.07
2026-05-21 11:20:00,3,-348.57,151.37,44.41,0.0,214.23,0.0,102.83,69.61,82.95
2026-05-21 11:25:00,3,-348.57,151.37,45.91,0.0,228.98,0.0,109.91,70.97,82.83
2026-05-21 11:30:00,3,-348.57,151.37,45.38,0.0,227.11,0.0,109.01,70.79,82.71
2026-05-21 11:35:00,3,-348.57,151.37,44.43,0.0,265.4,0.0,127.39,74.7,82.59
2026-05-21 11:40:00,3,-348.57,151.37,44.93,0.0,237.22,0.0,113.87,71.76,82.47
2026-05-21 11:45:00,3,-348.57,151.37,45.47,0.0,237.02,0.0,113.77,71.74,82.35
2026-05-21 11:50:00,3,-348.57,151.37,45.25,0.0,217.49,0.0,104.39,69.9,82.23
2026-05-21 11:55:00,3,-348.57,151.37,44.61,0.0,282.14,0.0,135.43,76.6,82.11
2026-05-21 12:00:00,3,-348.57,151.37,45.44,0.0,254.42,0.0,122.12,73.52,81.98
2026-05-21 12:05:00,3,-348.57,151.37,45.54,0.0,275.06,0.0,132.03,75.78,81.86
2026-05-21 12:10:00,3,-348.57,151.37,44.77,0.0,227.52,0.0,109.21,70.83,81.74
2026-05-21 12:15:00,3,-348.57,151.37,44.25,0.0,244.66,0.0,117.44,72.5,81.62
2026-05-21 12:20:00,3,-348.57,151.37,45.29,0.0,265.21,0.0,127.3,74.68,81.49
2026-05-21 12:25:00,3,-348.57,151.37,45.01,0.0,238.96,0.0,114.7,71.93,81.37
2026-05-21 12:30:00,3,-348.57,151.37,45.15,0.0,299.72,0.0,143.87,78.72,81.24
2026-05-21 12:35:00,3,-348.57,151.37,45.75,0.0,303.29,0.0,145.58,79.17,81.11
2026-05-21 12:40:00,3,-348.57,151.37,45.36,0.0,300.82,0.0,144.39,78.86,80.98
2026-05-21 12:45:00,3,-348.57,151.37,45.44,0.0,200.58,0.0,96.28,68.44,80.86
2026-05-21 12:50:00,3,-348.57,151.37,44.41,0.0,310.62,0.0,149.1,80.1,80.73
2026-05-21 12:55:00,3,-348.57,151.37,45.33,0.0,302.49,0.0,145.2,79.07,80.6
2026-05-21 13:00:00,3,-348.57,151.37,44.15,0.0,284.92,0.0,136.76,76.92,80.47
2026-05-21 13:05:00,3,-348.57,151.37,44.15,0.0,303.23,0.0,145.55,79.16,80.34
2026-05-21 13:10:00,3,-348.57,151.37,45.09,0.0,241.33,0.0,115.84,72.17,80.22
2026-05-21 13:15:00,3,-348.57,151.37,44.48,0.0,222.32,0.0,106.71,70.34,80.1
2026-05-21 13:20:00,3,-348.57,151.37,44.86,0.0,238.05,0.0,114.27,71.84,79.98
2026-05-21 13:25:00,3,-348.57,151.37,43.98,0.0,241.24,0.0,115.8,72.16,79.86
2026-05-21 13:30:00,3,-348.57,151.37,43.93,0.0,221.62,0.0,106.38,70.28,79.74
2026-05-21 13:35:00,3,-348.57,151.37,44.69,0.0,290.47,0.0,139.43,77.59,79.62
2026-05-21 13:40:00,3,-348.57,151.37,43.94,0.0,305.05,0.0,146.42,79.38,79.48
2026-05-21 13:45:00,3,-348.57,151.37,45.06,0.0,205.01,0.0,98.41,68.81,79.37
2026-05-21 13:50:00,3,-348.57,151.37,44.73,0.0,305.58,0.0,146.68,79.46,79.24
2026-05-21 13:55:00,3,-348.57,151.37,44.81,0.0,284.8,0.0,136.7,76.91,79.11
2026-05-21 14:00:00,3,-348.57,151.37,43.49,0.0,231.66,0.0,111.2,71.22,78.99
2026-05-21 14:05:00,3,-348.57,151.37,45.03,0.0,211.59,0.0,101.56,69.38,78.87
2026-05-21 14:10:00,3,-348.57,151.37,43.97,0.0,225.2,0.0,108.09,70.61,78.76
2026-05-21 14:15:00,3,-348.57,151.37,43.51,0.0,262.38,0.0,125.94,74.36,78.63
2026-05-21 14:20:00,3,-348.57,151.37,43.51,0.0,266.78,0.0,128.05,74.85,78.51
2026-05-21 14:25:00,3,-348.57,151.37,43.2,0.0,308.49,0.0,148.08,79.82,78.37
2026-05-21 14:30:00,3,-348.57,151.37,43.32,0.0,276.24,0.0,132.6,75.91,78.25
2026-05-21 14:35:00,3,-348.57,151.37,42.92,0.0,227.55,0.0,109.22,70.82,78.13
2026-05-21 14:40:00,3,-348.57,151.37,43.27,0.0,215.68,0.0,103.53,69.74,78.01
2026-05-21 14:45:00,3,-348.57,151.37,43.66,0.0,291.88,0.0,140.1,77.75,77.88
2026-05-21 14:50:00,3,-348.57,151.37,43.84,0.0,257.09,0.0,123.4,73.79,77.76
2026-05-21 14:55:00,3,-348.57,151.37,43.31,0.0,253.3,0.0,121.58,73.39,77.64
2026-05-21 15:00:00,3,-348.57,151.37,43.43,0.0,314.86,0.0,151.13,80.65,77.5
2026-05-21 15:05:00,3,-348.57,151.37,42.98,0.0,306.12,0.0,146.94,79.52,77.37
2026-05-21 15:10:00,3,-348.57,151.37,43.29,0.0,298.42,0.0,143.24,78.55,77.24
2026-05-21 15:15:00,3,-348.57,151.37,43.65,0.0,289.83,0.0,139.12,77.51,77.11
2026-05-21 15:20:00,3,-348.57,151.37,43.53,0.0,269.53,0.0,129.38,75.15,76.99
2026-05-21 15:25:00,3,-348.57,151.37,42.13,0.0,203.18,0.0,97.53,68.65,76.87
2026-05-21 15:30:00,3,-348.57,151.37,42.67,0.0,253.0,0.0,121.44,73.36,76.75
2026-05-21 15:35:00,3,-348.57,151.37,41.52,0.0,225.47,0.0,108.23,70.63,76.63
2026-05-21 15:40:00,3,-348.57,151.37,42.72,0.0,316.87,0.0,152.1,80.91,76.5
2026-05-21 15:45:00,3,-348.57,151.37,41.49,0.0,324.86,0.0,155.93,81.97,76.36
2026-05-21 15:50:00,3,-348.57,151.37,41.55,0.0,251.69,0.0,120.81,73.22,76.24
2026-05-21 15:55:00,3,-348.57,151.37,41.59,0.0,295.26,0.0,141.73,78.16,76.11
2026-05-21 16:00:00,3,-348.57,151.37,42.07,0.0,288.31,0.0,138.39,77.32,75.98
2026-05-21 16:05:00,3,-348.57,151.37,41.41,0.0,286.8,0.0,137.66,77.14,75.85
2026-05-21 16:10:00,3,-348.57,151.37,41.18,0.0,202.76,0.0,97.32,68.61,75.74
2026-05-21 16:15:00,3,-348.57,151.37,40.92,0.0,317.09,0.0,152.2,80.93,75.6
2026-05-21 16:20:00,3,-348.57,151.37,40.67,0.0,216.72,0.0,104.02,69.82,75.48
2026-05-21 16:25:00,3,-348.57,151.37,41.31,0.0,210.09,0.0,100.84,69.24,75.37
2026-05-21 16:30:00,3,-348.57,151.37,40.52,0.0,220.41,0.0,105.8,70.16,75.25
2026-05-21 16:35:00,3,-348.57,151.37,41.13,0.0,276.43,0.0,132.69,75.93,75.13
2026-05-21 16:40:00,3,-348.57,151.37,41.74,0.0,258.69,0.0,124.17,73.96,75.0
2026-05-21 16:45:00,3,-348.57,151.37,40.15,0.0,265.5,0.0,127.44,74.7,74.88
2026-05-21 16:50:00,3,-348.57,151.37,40.29,0.0,319.54,0.0,153.38,81.26,74.74
2026-05-21 16:55:00,3,-348.57,151.37,39.92,0.0,318.76,0.0,153.0,81.15,74.61
2026-05-21 17:00:00,3,-348.57,151.37,40.19,0.0,309.43,0.0,148.53,79.94,74.47
2026-05-21 17:05:00,3,-348.57,151.37,39.32,0.0,232.42,0.0,111.56,71.28,74.36
2026-05-21 17:10:00,3,-348.57,151.37,39.54,0.0,255.09,0.0,122.44,73.57,74.23
2026-05-21 17:15:00,3,-348.57,151.37,39.96,0.0,322.57,0.0,154.83,81.66,74.1
2026-05-21 17:20:00,3,-348.57,151.37,39.06,0.0,264.36,0.0,126.89,74.57,73.97
2026-05-21 17:25:00,3,-348.57,151.37,38.96,0.0,244.92,0.0,117.56,72.52,73.85
2026-05-21 17:30:00,3,-348.57,151.37,39.98,0.0,220.93,0.0,106.05,70.2,73.73
2026-05-21 17:35:00,3,-348.57,151.37,38.43,0.0,210.97,0.0,101.27,69.31,73.62
2026-05-21 17:40:00,3,-348.57,151.37,39.12,0.0,276.75,0.0,132.84,75.96,73.49
2026-05-21 17:45:00,3,-348.57,151.37,38.32,0.0,279.8,0.0,134.31,76.31,73.37
2026-05-21 17:50:00,3,-348.57,151.37,38.27,0.0,298.04,0.0,143.06,78.5,73.23
2026-05-21 17:55:00,3,-348.57,151.37,38.63,0.0,249.18,0.0,119.61,72.95,73.11
2026-05-21 18:00:00,3,-348.57,151.37,37.81,0.0,249.47,0.0,119.74,72.98,72.99
2026-05-21 18:05:00,3,-348.57,151.37,37.39,0.0,254.37,0.0,122.1,73.49,72.87
2026-05-21 18:10:00,3,-348.57,151.37,38.68,0.0,245.24,0.0,117.72,72.55,72.75
2026-05-21 18:15:00,3,-348.57,151.37,38.04,0.0,216.14,0.0,103.75,69.77,72.63
2026-05-21 18:20:00,3,-348.57,151.37,36.98,0.0,232.6,0.0,111.65,71.29,72.51
2026-05-21 18:25:00,3,-348.57,151.37,37.5,0.0,257.57,0.0,123.63,73.83,72.39
2026-05-21 18:30:00,3,-348.57,151.37,36.57,0.0,297.93,0.0,143.01,78.48,72.26
2026-05-21 18:35:00,3,-348.57,151.37,37.21,0.0,241.79,0.0,116.06,72.2,72.14
2026-05-21 18:40:00,3,-348.57,151.37,36.84,0.0,279.47,0.0,134.14,76.27,72.01
2026-05-21 18:45:00,3,-348.57,151.37,36.54,0.0,313.25,0.0,150.36,80.42,71.88
2026-05-21 18:50:00,3,-348.57,151.37,36.44,0.0,313.29,0.0,150.38,80.43,71.74
2026-05-21 18:55:00,3,-348.57,151.37,36.58,0.0,263.28,0.0,126.38,74.45,71.62
2026-05-21 19:00:00,3,-348.57,151.37,35.53,0.0,226.2,0.0,108.58,70.68,71.5
2026-05-21 19:05:00,3,-348.57,151.37,35.23,0.0,257.12,0.0,123.42,73.78,71.38
2026-05-21 19:10:00,3,-348.57,151.37,35.74,0.0,200.31,0.0,96.15,68.39,71.26
2026-05-21 19:15:00,3,-348.57,151.37,36.52,0.0,226.25,0.0,108.6,70.69,71.15
2026-05-21 19:20:00,3,-348.57,151.37,35.32,0.0,311.6,0.0,149.57,80.21,71.01
2026-05-21 19:25:00,3,-348.57,151.37,36.01,0.0,276.26,0.0,132.61,75.9,70.89
2026-05-21 19:30:00,3,-348.57,151.37,35.14,0.0,290.42,0.0,139.4,77.56,70.76
2026-05-21 19:35:00,3,-348.57,151.37,35.98,0.0,241.45,0.0,115.9,72.16,70.64
2026-05-21 19:40:00,3,-348.57,151.37,34.86,0.0,242.15,0.0,116.23,72.23,70.52
2026-05-21 19:45:00,3,-348.57,151.37,34.92,0.0,221.97,0.0,106.54,70.29,70.4
2026-05-21 19:50:00,3,-348.57,151.37,34.42,0.0,296.62,0.0,142.38,78.32,70.27
2026-05-21 19:55:00,3,-348.57,151.37,35.13,0.0,292.17,0.0,140.24,77.77,70.14
2026-05-21 20:00:00,3,-348.57,151.37,34.44,0.0,321.39,0.0,154.27,81.49,70.0
2026-05-21 20:05:00,3,-348.57,151.37,34.15,0.0,291.89,0.0,140.11,77.74,69.87
2026-05-21 20:10:00,3,-348.57,151.37,33.76,0.0,204.46,0.0,98.14,68.74,69.76
2026-05-21 20:15:00,3,-348.57,151.37,32.73,0.0,266.81,0.0,128.07,74.83,69.63
2026-05-21 20:20:00,3,-348.57,151.37,34.23,0.0,229.22,0.0,110.03,70.97,69.52
2026-05-21 20:25:00,3,-348.57,151.37,34.08,0.0,259.07,0.0,124.35,73.99,69.39
2026-05-21 20:30:00,3,-348.57,151.37,34.23,0.0,271.07,0.0,130.11,75.31,69.27
2026-05-21 20:35:00,3,-348.57,151.37,33.63,0.0,254.91,0.0,122.35,73.54,69.15
2026-05-21 20:40:00,3,-348.57,151.37,33.79,0.0,279.51,0.0,134.17,76.27,69.02
2026-05-21 20:45:00,3,-348.57,151.37,33.45,0.0,316.55,0.0,151.94,80.85,68.88
2026-05-21 20:50:00,3,-348.57,151.37,33.66,0.0,318.82,0.0,153.03,81.15,68.75
2026-05-21 20:55:00,3,-348.57,151.37,34.26,0.0,321.0,0.0,154.08,81.44,68.61
2026-05-21 21:00:00,3,-348.57,151.37,33.19,0.0,311.39,0.0,149.47,80.18,68.48
2026-05-21 21:05:00,3,-348.57,151.37,32.62,0.0,209.9,0.0,100.75,69.2,68.36
2026-05-21 21:10:00,3,-348.57,151.37,33.22,0.0,208.91,0.0,100.28,69.12,68.25
2026-05-21 21:15:00,3,-348.57,151.37,32.85,0.0,310.76,0.0,149.16,80.09,68.11
2026-05-21 21:20:00,3,-348.57,151.37,32.92,0.0,293.86,0.0,141.05,77.97,67.98
2026-05-21 21:25:00,3,-348.57,151.37,33.06,0.0,248.3,0.0,119.19,72.85,67.86
2026-05-21 21:30:00,3,-348.57,151.37,31.66,0.0,236.02,0.0,113.29,71.62,67.74
2026-05-21 21:35:00,3,-348.57,151.37,32.59,0.0,275.73,0.0,132.35,75.83,67.62
2026-05-21 21:40:00,3,-348.57,151.37,32.37,0.0,263.11,0.0,126.29,74.42,67.49
2026-05-21 21:45:00,3,-348.57,151.37,31.98,0.0,298.09,0.0,143.08,78.49,67.36
2026-05-21 21:50:00,3,-348.57,151.37,31.95,0.0,251.72,0.0,120.82,73.2,67.24
2026-05-21 21:55:00,3,-348.57,151.37,31.99,0.0,306.84,0.0,147.28,79.59,67.11
2026-05-21 22:00:00,3,-348.57,151.37,31.76,0.0,219.32,0.0,105.28,70.04,66.99
2026-05-21 22:05:00,3,-348.57,151.37,31.05,0.0,303.73,0.0,145.79,79.19,66.86
2026-05-21 22:10:00,3,-348.57,151.37,32.13,0.0,234.63,0.0,112.62,71.48,66.74
2026-05-21 22:15:00,3,-348.57,151.37,32.01,0.0,300.44,0.0,144.21,78.78,66.61
2026-05-21 22:20:00,3,-348.57,151.37,31.12,0.0,241.7,0.0,116.01,72.18,66.49
2026-05-21 22:25:00,3,-348.57,151.37,31.55,0.0,207.98,0.0,99.83,69.04,66.37
2026-05-21 22:30:00,3,-348.57,151.37,30.99,0.0,206.67,0.0,99.2,68.92,66.26
2026-05-21 22:35:00,3,-348.57,151.37,31.28,0.0,305.93,0.0,146.85,79.47,66.13
2026-05-21 22:40:00,3,-348.57,151.37,31.85,0.0,301.75,0.0,144.84,78.95,65.99
2026-05-21 22:45:00,3,-348.57,151.37,31.44,0.0,279.18,0.0,134.0,76.23,65.87
2026-05-21 22:50:00,3,-348.57,151.37,31.14,0.0,304.97,0.0,146.39,79.35,65.74
2026-05-21 22:55:00,3,-348.57,151.37,31.52,0.0,226.7,0.0,108.81,70.72,65.62
2026-05-21 23:00:00,3,-348.57,151.37,31.33,0.0,241.95,0.0,116.13,72.2,65.5
2026-05-21 23:05:00,3,-348.57,151.37,30.12,0.0,323.68,0.0,155.37,81.79,65.36
2026-05-21 23:10:00,3,-348.57,151.37,30.52,0.0,233.2,0.0,111.94,71.34,65.24
2026-05-21 23:15:00,3,-348.57,151.37,31.54,0.0,316.85,0.0,152.09,80.88,65.11
2026-05-21 23:20:00,3,-348.57,151.37,31.39,0.0,250.91,0.0,120.44,73.12,64.99
2026-05-21 23:25:00,3,-348.57,151.37,31.51,0.0,271.7,0.0,130.42,75.37,64.86
2026-05-21 23:30:00,3,-348.57,151.37,30.67,0.0,297.55,0.0,142.82,78.42,64.73
2026-05-21 23:35:00,3,-348.57,151.37,30.72,0.0,316.15,0.0,151.75,80.79,64.59
2026-05-21 23:40:00,3,-348.57,151.37,30.23,0.0,256.88,0.0,123.3,73.75,64.47
2026-05-21 23:45:00,3,-348.57,151.37,30.92,0.0,223.35,0.0,107.21,70.41,64.35
2026-05-21 23:50:00,3,-348.57,151.37,31.13,0.0,292.19,0.0,140.25,77.77,64.22
2026-05-21 23:55:00,3,-348.57,151.37,31.05,0.0,244.15,0.0,117.19,72.43,64.1
2026-05-22 00:00:00,3,-348.57,151.37,31.3,0.0,277.51,0.0,133.2,76.03,63.98
2026-05-22 00:05:00,3,-348.57,151.37,31.75,0.0,204.83,0.0,98.32,68.77,63.86
2026-05-22 00:10:00,3,-348.57,151.37,31.08,0.0,200.71,0.0,96.34,68.42,63.75
2026-05-22 00:15:00,3,-348.57,151.37,30.61,0.0,298.68,0.0,143.37,78.56,63.62
2026-05-22 00:20:00,3,-348.57,151.37,30.7,0.0,250.68,0.0,120.33,73.1,63.5
2026-05-22 00:25:00,3,-348.57,151.37,31.37,0.0,251.06,0.0,120.51,73.14,63.37
2026-05-22 00:30:00,3,-348.57,151.37,30.26,0.0,307.36,0.0,147.54,79.66,63.24
2026-05-22 00:35:00,3,-348.57,151.37,31.54,0.0,237.41,0.0,113.96,71.75,63.12
2026-05-22 00:40:00,3,-348.57,151.37,31.56,0.0,318.66,0.0,152.96,81.12,62.99
2026-05-22 00:45:00,3,-348.57,151.37,30.77,0.0,316.52,0.0,151.93,80.84,62.85
2026-05-22 00:50:00,3,-348.57,151.37,31.89,0.0,201.16,0.0,96.56,68.46,62.74
2026-05-22 00:55:00,3,-348.57,151.37,31.36,0.0,273.35,0.0,131.21,75.56,62.61
2026-05-22 01:00:00,3,-348.57,151.37,31.28,0.0,246.03,0.0,118.1,72.62,62.49
2026-05-22 01:05:00,3,-348.57,151.37,31.7,0.0,283.93,0.0,136.28,76.78,62.36
2026-05-22 01:10:00,3,-348.57,151.37,31.57,0.0,233.48,0.0,112.07,71.37,62.24
2026-05-22 01:15:00,3,-348.57,151.37,30.76,0.0,223.93,0.0,107.49,70.46,62.13
2026-05-22 01:20:00,3,-348.57,151.37,31.41,0.0,312.99,0.0,150.23,80.38,61.99
2026-05-22 01:25:00,3,-348.57,151.37,30.78,0.0,207.22,0.0,99.46,68.97,61.88
2026-05-22 01:30:00,3,-348.57,151.37,30.94,0.0,279.64,0.0,134.23,76.28,61.75
2026-05-22 01:35:00,3,-348.57,151.37,32.31,0.0,242.12,0.0,116.22,72.22,61.63
2026-05-22 01:40:00,3,-348.57,151.37,31.22,0.0,260.74,0.0,125.15,74.16,61.51
2026-05-22 01:45:00,3,-348.57,151.37,31.69,0.0,266.82,0.0,128.08,74.83,61.38
2026-05-22 01:50:00,3,-348.57,151.37,32.23,0.0,202.63,0.0,97.26,68.58,61.27
2026-05-22 01:55:00,3,-348.57,151.37,31.16,0.0,279.03,0.0,133.93,76.21,61.14
2026-05-22 02:00:00,3,-348.57,151.37,31.7,0.0,285.37,0.0,136.98,76.95,61.01
2026-05-22 02:05:00,3,-348.57,151.37,31.51,0.0,212.03,0.0,101.78,69.39,60.9
2026-05-22 02:10:00,3,-348.57,151.37,31.98,0.0,210.53,0.0,101.05,69.26,60.78
2026-05-22 02:15:00,3,-348.57,151.37,32.45,0.0,226.72,0.0,108.82,70.73,60.66
2026-05-22 02:20:00,3,-348.57,151.37,32.35,0.0,256.99,0.0,123.35,73.76,60.54
2026-05-22 02:25:00,3,-348.57,151.37,32.71,0.0,232.56,0.0,111.63,71.28,60.42
2026-05-22 02:30:00,3,-348.57,151.37,32.01,0.0,209.75,0.0,100.68,69.19,60.31
2026-05-22 02:35:00,3,-348.57,151.37,32.75,0.0,249.77,0.0,119.89,73.0,60.18
2026-05-22 02:40:00,3,-348.57,151.37,32.25,0.0,298.56,0.0,143.31,78.55,60.05
2026-05-22 02:45:00,3,-348.57,151.37,32.34,0.0,217.78,0.0,104.53,69.9,59.94
2026-05-22 02:50:00,3,-348.57,151.37,32.09,0.0,309.96,0.0,148.78,79.99,59.8
2026-05-22 02:55:00,3,-348.57,151.37,32.24,0.0,286.47,0.0,137.5,77.08,59.67
2026-05-22 03:00:00,3,-348.57,151.37,32.79,0.0,215.2,0.0,103.3,69.67,59.56
2026-05-22 03:05:00,3,-348.57,151.37,33.47,0.0,249.04,0.0,119.54,72.93,59.44
2026-05-22 03:10:00,3,-348.57,151.37,32.55,0.0,276.84,0.0,132.88,75.96,59.31
2026-05-22 03:15:00,3,-348.57,151.37,33.17,0.0,285.5,0.0,137.04,76.97,59.18
2026-05-22 03:20:00,3,-348.57,151.37,34.01,0.0,284.52,0.0,136.57,76.86,59.05
2026-05-22 03:25:00,3,-348.57,151.37,34.29,0.0,264.15,0.0,126.79,74.54,58.93
2026-05-22 03:30:00,3,-348.57,151.37,33.43,0.0,252.04,0.0,120.98,73.24,58.81
2026-05-22 03:35:00,3,-348.57,151.37,33.14,0.0,216.04,0.0,103.7,69.75,58.69
2026-05-22 03:40:00,3,-348.57,151.37,34.39,0.0,221.16,0.0,106.15,70.21,58.57
2026-05-22 03:45:00,3,-348.57,151.37,34.29,0.0,283.31,0.0,135.99,76.71,58.45
2026-05-22 03:50:00,3,-348.57,151.37,34.58,0.0,286.12,0.0,137.34,77.05,58.32
2026-05-22 03:55:00,3,-348.57,151.37,33.97,0.0,293.64,0.0,140.95,77.95,58.19
2026-05-22 04:00:00,3,-348.57,151.37,34.98,0.0,273.89,0.0,131.47,75.63,58.06
2026-05-22 04:05:00,3,-348.57,151.37,35.0,0.0,299.75,0.0,143.88,78.7,57.93
2026-05-22 04:10:00,3,-348.57,151.37,35.14,0.0,324.95,0.0,155.97,81.97,57.79
2026-05-22 04:15:00,3,-348.57,151.37,34.92,0.0,310.5,0.0,149.04,80.06,57.66
2026-05-22 04:20:00,3,-348.57,151.37,35.2,0.0,300.8,0.0,144.38,78.83,57.53
2026-05-22 04:25:00,3,-348.57,151.37,35.48,0.0,233.38,0.0,112.02,71.37,57.41
2026-05-22 04:30:00,3,-348.57,151.37,35.21,0.0,275.0,0.0,132.0,75.75,57.28
2026-05-22 04:35:00,3,-348.57,151.37,35.76,0.0,265.36,0.0,127.37,74.67,57.16
2026-05-22 04:40:00,3,-348.57,151.37,35.76,0.0,287.27,0.0,137.89,77.19,57.03
2026-05-22 04:45:00,3,-348.57,151.37,36.06,0.0,262.5,0.0,126.0,74.36,56.91
2026-05-22 04:50:00,3,-348.57,151.37,36.3,0.0,262.96,0.0,126.22,74.41,56.78
2026-05-22 04:55:00,3,-348.57,151.37,35.34,0.0,200.53,0.0,96.26,68.41,56.67
2026-05-22 05:00:00,3,-348.57,151.37,35.26,0.0,296.3,0.0,142.22,78.28,56.54
2026-05-22 05:05:00,3,-348.57,151.37,36.59,0.0,210.65,0.0,101.11,69.28,56.42
2026-05-22 05:10:00,3,-348.57,151.37,36.58,0.0,295.53,0.0,141.85,78.18,56.29
2026-05-22 05:15:00,3,-348.57,151.37,37.62,0.0,302.98,0.0,145.43,79.11,56.16
2026-05-22 05:20:00,3,-348.57,151.37,36.91,0.0,274.18,0.0,131.61,75.66,56.04
2026-05-22 05:25:00,3,-348.57,151.37,37.22,0.0,239.17,0.0,114.8,71.94,55.92
2026-05-22 05:30:00,3,-348.57,151.37,36.64,0.0,316.19,0.0,151.77,80.81,55.78
2026-05-22 05:35:00,3,-348.57,151.37,37.57,0.0,271.68,0.0,130.4,75.38,55.65
2026-05-22 05:40:00,3,-348.57,151.37,36.27,0.0,231.67,0.0,111.2,71.2,55.54
2026-05-22 05:45:00,3,-348.57,151.37,37.75,0.0,217.31,0.0,104.31,69.87,55.42
2026-05-22 05:50:00,3,-348.57,151.37,37.24,0.0,233.89,0.0,112.27,71.42,55.3
2026-05-22 05:55:00,3,-348.57,151.37,37.93,0.0,268.24,0.0,128.76,75.0,55.18
2026-05-22 06:00:00,3,-348.57,151.37,38.58,0.0,208.9,0.0,100.27,69.13,55.06
2026-05-22 06:05:00,3,-348.57,151.37,38.77,0.0,227.88,0.0,109.38,70.85,54.94
2026-05-22 06:10:00,3,-348.57,151.37,37.93,0.0,206.64,0.0,99.19,68.93,54.83
2026-05-22 06:15:00,3,-348.57,151.37,37.86,0.0,299.16,0.0,143.59,78.63,54.7
2026-05-22 06:20:00,3,-348.57,151.37,38.21,0.0,240.99,0.0,115.67,72.12,54.58
2026-05-22 06:25:00,3,-348.57,151.37,38.43,0.0,229.47,0.0,110.15,71.0,54.46
2026-05-22 06:30:00,3,-348.57,151.37,39.93,0.0,238.03,0.0,114.26,71.83,54.34
2026-05-22 06:35:00,3,-348.57,151.37,39.04,0.0,302.37,0.0,145.14,79.04,54.21
2026-05-22 06:40:00,3,-348.57,151.37,38.92,0.0,292.88,0.0,140.58,77.87,54.08
2026-05-22 06:45:00,3,-348.57,151.37,40.04,0.0,218.81,0.0,105.03,70.01,53.96
2026-05-22 06:50:00,3,-348.57,151.37,40.19,0.0,237.92,0.0,114.2,71.82,53.84
2026-05-22 06:55:00,3,-348.57,151.37,39.78,0.0,254.2,0.0,122.02,73.48,53.72
2026-05-22 07:00:00,3,-348.57,151.37,39.09,0.0,297.42,0.0,142.76,78.42,53.59
2026-05-22 07:05:00,3,-348.57,151.37,40.21,0.0,314.48,0.0,150.95,80.59,53.45
2026-05-22 07:10:00,3,-348.57,151.37,41.01,0.0,296.2,0.0,142.17,78.27,53.32
2026-05-22 07:15:00,3,-348.57,151.37,39.87,0.0,295.22,0.0,141.7,78.15,53.19
2026-05-22 07:20:00,3,-348.57,151.37,40.18,0.0,293.62,0.0,140.94,77.96,53.06
2026-05-22 07:25:00,3,-348.57,151.37,40.89,0.0,244.34,0.0,117.28,72.46,52.94
2026-05-22 07:30:00,3,-348.57,151.37,41.35,0.0,306.73,0.0,147.23,79.59,52.81
2026-05-22 07:35:00,3,-348.57,151.37,41.05,0.0,308.3,0.0,147.98,79.79,52.68
2026-05-22 07:40:00,3,-348.57,151.37,40.61,0.0,207.54,0.0,99.62,69.01,52.56
2026-05-22 07:45:00,3,-348.57,151.37,40.94,0.0,321.66,0.0,154.4,81.54,52.42
2026-05-22 07:50:00,3,-348.57,151.37,41.06,0.0,256.65,0.0,123.19,73.74,52.3
2026-05-22 07:55:00,3,-348.57,151.37,42.21,0.0,238.12,0.0,114.3,71.84,52.18
2026-05-22 08:00:00,3,-348.57,151.37,42.24,0.0,289.56,0.0,138.99,77.47,52.05
2026-05-22 08:05:00,3,-348.57,151.37,42.22,0.0,252.39,0.0,121.15,73.3,51.93
2026-05-22 08:10:00,3,-348.57,151.37,42.01,0.0,244.57,0.0,117.4,72.49,51.81
2026-05-22 08:15:00,3,-348.57,151.37,41.1,0.0,243.82,0.0,117.03,72.41,51.69
2026-05-22 08:20:00,3,-348.57,151.37,41.85,0.0,297.81,0.0,142.95,78.48,51.56
2026-05-22 08:25:00,3,-348.57,151.37,42.03,0.0,300.16,0.0,144.08,78.77,51.43
2026-05-22 08:30:00,3,-348.57,151.37,42.64,0.0,302.97,0.0,145.43,79.12,51.3
2026-05-22 08:35:00,3,-348.57,151.37,42.53,0.0,253.48,0.0,121.67,73.41,51.17
2026-05-22 08:40:00,3,-348.57,151.37,42.44,0.0,275.81,0.0,132.39,75.86,51.05
2026-05-22 08:45:00,3,-348.57,151.37,42.55,0.0,212.69,0.0,102.09,69.47,50.93
2026-05-22 08:50:00,3,-348.57,151.37,42.43,0.0,207.55,0.0,99.62,69.02,50.82
2026-05-22 08:55:00,3,-348.57,151.37,42.54,0.0,209.17,0.0,100.4,69.16,50.7
2026-05-22 09:00:00,3,-348.57,151.37,42.81,0.0,253.02,0.0,121.45,73.36,50.58
2026-05-22 09:05:00,3,-348.57,151.37,43.19,0.0,215.98,0.0,103.67,69.76,50.46
2026-05-22 09:10:00,3,-348.57,151.37,43.36,0.0,229.75,0.0,110.28,71.03,50.34
2026-05-22 09:15:00,3,-348.57,151.37,43.36,0.0,282.84,0.0,135.76,76.68,50.22
2026-05-22 09:20:00,3,-348.57,151.37,43.45,0.0,319.38,0.0,153.3,81.24,50.08
2026-05-22 09:25:00,3,-348.57,151.37,43.22,0.0,264.9,0.0,127.15,74.64,49.96
2026-05-22 09:30:00,3,-348.57,151.37,43.93,0.0,307.11,0.0,147.41,79.65,49.82
2026-05-22 09:35:00,3,-348.57,151.37,42.3,0.0,236.36,0.0,113.45,71.67,49.7
2026-05-22 09:40:00,3,-348.57,151.37,43.91,0.0,215.53,0.0,103.45,69.72,49.59
2026-05-22 09:45:00,3,-348.57,151.37,44.27,0.0,288.49,0.0,138.48,77.35,49.46
2026-05-22 09:50:00,3,-348.57,151.37,43.52,0.0,262.78,0.0,126.14,74.41,49.33
2026-05-22 09:55:00,3,-348.57,151.37,44.39,0.0,274.15,0.0,131.59,75.68,49.21
2026-05-22 10:00:00,3,-348.57,151.37,44.39,0.0,202.42,0.0,97.16,68.59,49.09
2026-05-22 10:05:00,3,-348.57,151.37,43.75,0.0,247.05,0.0,118.59,72.75,48.97
2026-05-22 10:10:00,3,-348.57,151.37,43.59,0.0,221.98,0.0,106.55,70.31,48.86
2026-05-22 10:15:00,3,-348.57,151.37,44.77,0.0,249.78,0.0,119.89,73.03,48.73
2026-05-22 10:20:00,3,-348.57,151.37,45.23,0.0,211.18,0.0,101.37,69.34,48.62
2026-05-22 10:25:00,3,-348.57,151.37,44.0,0.0,252.1,0.0,121.01,73.27,48.5
2026-05-22 10:30:00,3,-348.57,151.37,43.12,0.0,239.7,0.0,115.06,72.0,48.38
2026-05-22 10:35:00,3,-348.57,151.37,44.41,0.0,240.62,0.0,115.5,72.1,48.26
2026-05-22 10:40:00,3,-348.57,151.37,44.76,0.0,245.42,0.0,117.8,72.58,48.14
2026-05-22 10:45:00,3,-348.57,151.37,44.16,0.0,304.1,0.0,145.97,79.27,48.0
2026-05-22 10:50:00,3,-348.57,151.37,44.38,0.0,290.72,0.0,139.55,77.62,47.87
2026-05-22 10:55:00,3,-348.57,151.37,43.92,0.0,210.71,0.0,101.14,69.3,47.76
2026-05-22 11:00:00,3,-348.57,151.37,45.63,0.0,221.14,0.0,106.15,70.23,47.64
2026-05-22 11:05:00,3,-348.57,151.37,43.92,0.0,209.31,0.0,100.47,69.17,47.53
2026-05-22 11:10:00,3,-348.57,151.37,44.12,0.0,257.19,0.0,123.45,73.81,47.4
2026-05-22 11:15:00,3,-348.57,151.37,44.09,0.0,256.45,0.0,123.09,73.73,47.28
2026-05-22 11:20:00,3,-348.57,151.37,45.38,0.0,273.72,0.0,131.39,75.63,47.15
2026-05-22 11:25:00,3,-348.57,151.37,44.95,0.0,244.34,0.0,117.28,72.47,47.03
2026-05-22 11:30:00,3,-348.57,151.37,44.5,0.0,241.56,0.0,115.95,72.19,46.91
2026-05-22 11:35:00,3,-348.57,151.37,45.39,0.0,243.0,0.0,116.64,72.34,46.79
2026-05-22 11:40:00,3,-348.57,151.37,43.98,0.0,228.82,0.0,109.83,70.95,46.67
2026-05-22 11:45:00,3,-348.57,151.37,44.64,0.0,257.6,0.0,123.65,73.85,46.55
2026-05-22 11:50:00,3,-348.57,151.37,44.79,0.0,259.1,0.0,124.37,74.01,46.43
2026-05-22 11:55:00,3,-348.57,151.37,45.09,0.0,205.31,0.0,98.55,68.83,46.31
2026-05-22 12:00:00,3,-348.57,151.37,44.95,0.0,283.74,0.0,136.2,76.79,46.19
2026-05-22 12:05:00,3,-348.57,151.37,45.42,0.0,201.75,0.0,96.84,68.53,46.07
2026-05-22 12:10:00,3,-348.57,151.37,45.03,0.0,220.14,0.0,105.67,70.14,45.95
2026-05-22 12:15:00,3,-348.57,151.37,44.53,0.0,307.89,0.0,147.79,79.75,45.82
2026-05-22 12:20:00,3,-348.57,151.37,45.35,0.0,292.16,0.0,140.24,77.79,45.69
2026-05-22 12:25:00,3,-348.57,151.37,44.89,0.0,286.16,0.0,137.36,77.07,45.56
2026-05-22 12:30:00,3,-348.57,151.37,44.45,0.0,244.33,0.0,117.28,72.47,45.44
2026-05-22 12:35:00,3,-348.57,151.37,44.68,0.0,286.45,0.0,137.49,77.1,45.31
2026-05-22 12:40:00,3,-348.57,151.37,44.41,0.0,205.22,0.0,98.5,68.82,45.2
2026-05-22 12:45:00,3,-348.57,151.37,44.47,0.0,305.88,0.0,146.82,79.49,45.07
2026-05-22 12:50:00,3,-348.57,151.37,44.81,0.0,291.59,0.0,139.96,77.72,44.94
2026-05-22 12:55:00,3,-348.57,151.37,43.95,0.0,304.28,0.0,146.06,79.29,44.8
2026-05-22 13:00:00,3,-348.57,151.37,44.89,0.0,262.54,0.0,126.02,74.39,44.68
2026-05-22 13:05:00,3,-348.57,151.37,43.06,0.0,204.54,0.0,98.18,68.76,44.57
2026-05-22 13:10:00,3,-348.57,151.37,44.23,0.0,314.76,0.0,151.09,80.64,44.43
2026-05-22 13:15:00,3,-348.57,151.37,45.46,0.0,275.72,0.0,132.35,75.86,44.31
2026-05-22 13:20:00,3,-348.57,151.37,44.5,0.0,306.65,0.0,147.19,79.59,44.17
2026-05-22 13:25:00,3,-348.57,151.37,44.28,0.0,303.23,0.0,145.55,79.16,44.04
2026-05-22 13:30:00,3,-348.57,151.37,44.1,0.0,237.87,0.0,114.18,71.82,43.92
2026-05-22 13:35:00,3,-348.57,151.37,43.69,0.0,315.99,0.0,151.67,80.79,43.79
2026-05-22 13:40:00,3,-348.57,151.37,44.57,0.0,269.39,0.0,129.31,75.14,43.66
2026-05-22 13:45:00,3,-348.57,151.37,43.64,0.0,311.05,0.0,149.31,80.15,43.53
2026-05-22 13:50:00,3,-348.57,151.37,44.72,0.0,210.55,0.0,101.06,69.28,43.41
2026-05-22 13:55:00,3,-348.57,151.37,44.1,0.0,292.82,0.0,140.55,77.87,43.28
2026-05-22 14:00:00,3,-348.57,151.37,43.6,0.0,275.85,0.0,132.41,75.87,43.16
2026-05-22 14:05:00,3,-348.57,151.37,44.1,0.0,231.9,0.0,111.31,71.24,43.04
2026-05-22 14:10:00,3,-348.57,151.37,44.44,0.0,299.77,0.0,143.89,78.73,42.91
2026-05-22 14:15:00,3,-348.57,151.37,42.81,0.0,233.59,0.0,112.12,71.4,42.79
2026-05-22 14:20:00,3,-348.57,151.37,44.25,0.0,303.57,0.0,145.71,79.2,42.66
2026-05-22 14:25:00,3,-348.57,151.37,42.82,0.0,313.76,0.0,150.61,80.5,42.52
2026-05-22 14:30:00,3,-348.57,151.37,43.31,0.0,254.11,0.0,121.97,73.48,42.4
2026-05-22 14:35:00,3,-348.57,151.37,44.23,0.0,281.47,0.0,135.11,76.52,42.27
2026-05-22 14:40:00,3,-348.57,151.37,43.69,0.0,206.01,0.0,98.88,68.89,42.16
2026-05-22 14:45:00,3,-348.57,151.37,42.71,0.0,324.41,0.0,155.72,81.91,42.02
2026-05-22 14:50:00,3,-348.57,151.37,43.12,0.0,225.86,0.0,108.41,70.67,41.9
2026-05-22 14:55:00,3,-348.57,151.37,42.84,0.0,245.35,0.0,117.77,72.57,41.78
2026-05-22 15:00:00,3,-348.57,151.37,42.86,0.0,267.46,0.0,128.38,74.92,41.66
2026-05-22 15:05:00,3,-348.57,151.37,41.48,0.0,316.71,0.0,152.02,80.88,41.52
2026-05-22 15:10:00,3,-348.57,151.37,43.2,0.0,230.6,0.0,110.69,71.12,41.4
2026-05-22 15:15:00,3,-348.57,151.37,43.2,0.0,206.54,0.0,99.14,68.93,41.29
2026-05-22 15:20:00,3,-348.57,151.37,42.65,0.0,210.59,0.0,101.08,69.28,41.17
2026-05-22 15:25:00,3,-348.57,151.37,42.6,0.0,295.2,0.0,141.69,78.16,41.04
2026-05-22 15:30:00,3,-348.57,151.37,42.45,0.0,247.29,0.0,118.7,72.77,40.92
2026-05-22 15:35:00,3,-348.57,151.37,41.99,0.0,231.5,0.0,111.12,71.2,40.8
2026-05-22 15:40:00,3,-348.57,151.37,41.99,0.0,275.39,0.0,132.19,75.81,40.68
2026-05-22 15:45:00,3,-348.57,151.37,42.23,0.0,248.42,0.0,119.24,72.88,40.55
2026-05-22 15:50:00,3,-348.57,151.37,41.53,0.0,208.47,0.0,100.07,69.1,40.44
2026-05-22 15:55:00,3,-348.57,151.37,43.0,0.0,293.68,0.0,140.97,77.97,40.31
2026-05-22 16:00:00,3,-348.57,151.37,41.76,0.0,258.2,0.0,123.94,73.91,40.19
2026-05-22 16:05:00,3,-348.57,151.37,40.67,0.0,298.53,0.0,143.29,78.56,40.06
2026-05-22 16:10:00,3,-348.57,151.37,41.88,0.0,323.38,0.0,155.22,81.77,39.92
2026-05-22 16:15:00,3,-348.57,151.37,41.26,0.0,201.2,0.0,96.58,68.48,39.8
2026-05-22 16:20:00,3,-348.57,151.37,41.64,0.0,271.61,0.0,130.37,75.38,39.68
2026-05-22 16:25:00,3,-348.57,151.37,40.8,0.0,275.74,0.0,132.35,75.85,39.55
2026-05-22 16:30:00,3,-348.57,151.37,40.82,0.0,272.82,0.0,130.96,75.52,39.43
2026-05-22 16:35:00,3,-348.57,151.37,40.64,0.0,256.67,0.0,123.2,73.74,39.3
2026-05-22 16:40:00,3,-348.57,151.37,40.63,0.0,278.36,0.0,133.61,76.15,39.18
2026-05-22 16:45:00,3,-348.57,151.37,40.07,0.0,254.17,0.0,122.0,73.48,39.05
2026-05-22 16:50:00,3,-348.57,151.37,40.65,0.0,211.92,0.0,101.72,69.4,38.94
2026-05-22 16:55:00,3,-348.57,151.37,39.56,0.0,324.62,0.0,155.82,81.93,38.8
2026-05-22 17:00:00,3,-348.57,151.37,39.18,0.0,301.44,0.0,144.69,78.92,38.67
2026-05-22 17:05:00,3,-348.57,151.37,39.92,0.0,217.77,0.0,104.53,69.92,38.55
2026-05-22 17:10:00,3,-348.57,151.37,39.62,0.0,223.06,0.0,107.07,70.4,38.44
2026-05-22 17:15:00,3,-348.57,151.37,38.92,0.0,258.57,0.0,124.11,73.94,38.31
2026-05-22 17:20:00,3,-348.57,151.37,38.92,0.0,209.85,0.0,100.73,69.21,38.2
2026-05-22 17:25:00,3,-348.57,151.37,39.38,0.0,212.31,0.0,101.91,69.43,38.08
2026-05-22 17:30:00,3,-348.57,151.37,39.78,0.0,248.98,0.0,119.51,72.94,37.96
2026-05-22 17:35:00,3,-348.57,151.37,38.56,0.0,271.88,0.0,130.5,75.41,37.84
2026-05-22 17:40:00,3,-348.57,151.37,38.85,0.0,262.91,0.0,126.2,74.41,37.71
2026-05-22 17:45:00,3,-348.57,151.37,37.71,0.0,254.17,0.0,122.0,73.47,37.59
2026-05-22 17:50:00,3,-348.57,151.37,38.08,0.0,294.07,0.0,141.15,78.01,37.46
2026-05-22 17:55:00,3,-348.57,151.37,38.96,0.0,283.82,0.0,136.23,76.78,37.33
2026-05-22 18:00:00,3,-348.57,151.37,38.76,0.0,264.47,0.0,126.95,74.58,37.21
2026-05-22 18:05:00,3,-348.57,151.37,37.08,0.0,292.4,0.0,140.35,77.8,37.08
2026-05-22 18:10:00,3,-348.57,151.37,37.7,0.0,266.93,0.0,128.13,74.85,36.95
2026-05-22 18:15:00,3,-348.57,151.37,37.75,0.0,219.91,0.0,105.56,70.11,36.84
2026-05-22 18:20:00,3,-348.57,151.37,36.55,0.0,274.52,0.0,131.77,75.7,36.71
2026-05-22 18:25:00,3,-348.57,151.37,37.13,0.0,234.85,0.0,112.73,71.51,36.59
2026-05-22 18:30:00,3,-348.57,151.37,37.13,0.0,217.02,0.0,104.17,69.84,36.47
2026-05-22 18:35:00,3,-348.57,151.37,37.7,0.0,272.09,0.0,130.6,75.43,36.35
2026-05-22 18:40:00,3,-348.57,151.37,37.57,0.0,322.19,0.0,154.65,81.6,36.21
2026-05-22 18:45:00,3,-348.57,151.37,36.98,0.0,218.17,0.0,104.72,69.95,36.1
2026-05-22 18:50:00,3,-348.57,151.37,36.41,0.0,309.18,0.0,148.41,79.9,35.96
2026-05-22 18:55:00,3,-348.57,151.37,35.79,0.0,232.05,0.0,111.38,71.24,35.84
2026-05-22 19:00:00,3,-348.57,151.37,36.46,0.0,206.68,0.0,99.2,68.93,35.73
2026-05-22 19:05:00,3,-348.57,151.37,36.08,0.0,209.77,0.0,100.69,69.2,35.61
2026-05-22 19:10:00,3,-348.57,151.37,36.83,0.0,226.54,0.0,108.74,70.72,35.5
2026-05-22 19:15:00,3,-348.57,151.37,35.8,0.0,269.97,0.0,129.59,75.19,35.37
2026-05-22 19:20:00,3,-348.57,151.37,36.05,0.0,217.85,0.0,104.57,69.92,35.25
2026-05-22 19:25:00,3,-348.57,151.37,34.91,0.0,315.44,0.0,151.41,80.7,35.12
2026-05-22 19:30:00,3,-348.57,151.37,35.05,0.0,293.86,0.0,141.05,77.98,34.99
2026-05-22 19:35:00,3,-348.57,151.37,34.24,0.0,211.03,0.0,101.3,69.31,34.87
2026-05-22 19:40:00,3,-348.57,151.37,34.32,0.0,216.51,0.0,103.92,69.79,34.76
2026-05-22 19:45:00,3,-348.57,151.37,35.34,0.0,243.04,0.0,116.66,72.32,34.64
2026-05-22 19:50:00,3,-348.57,151.37,34.83,0.0,293.43,0.0,140.85,77.93,34.51
2026-05-22 19:55:00,3,-348.57,151.37,34.39,0.0,263.88,0.0,126.66,74.51,34.38
2026-05-22 20:00:00,3,-348.57,151.37,34.66,0.0,219.69,0.0,105.45,70.08,34.27
2026-05-22 20:05:00,3,-348.57,151.37,33.87,0.0,324.47,0.0,155.75,81.9,34.13
2026-05-22 20:10:00,3,-348.57,151.37,34.68,0.0,254.91,0.0,122.35,73.54,34.01
2026-05-22 20:15:00,3,-348.57,151.37,34.58,0.0,206.67,0.0,99.2,68.93,33.89
2026-05-22 20:20:00,3,-348.57,151.37,34.3,0.0,299.67,0.0,143.84,78.69,33.76
2026-05-22 20:25:00,3,-348.57,151.37,34.51,0.0,235.84,0.0,113.2,71.6,33.64
2026-05-22 20:30:00,3,-348.57,151.37,33.44,0.0,228.24,0.0,109.55,70.87,33.52
2026-05-22 20:35:00,3,-348.57,151.37,33.05,0.0,270.99,0.0,130.07,75.29,33.4
2026-05-22 20:40:00,3,-348.57,151.37,33.99,0.0,320.69,0.0,153.93,81.4,33.26
2026-05-22 20:45:00,3,-348.57,151.37,33.13,0.0,251.64,0.0,120.79,73.2,33.14
2026-05-22 20:50:00,3,-348.57,151.37,32.38,0.0,252.14,0.0,121.03,73.25,33.02
2026-05-22 20:55:00,3,-348.57,151.37,33.58,0.0,263.0,0.0,126.24,74.41,32.89
2026-05-22 21:00:00,3,-348.57,151.37,32.88,0.0,303.39,0.0,145.63,79.16,32.76
2026-05-22 21:05:00,3,-348.57,151.37,32.2,0.0,230.74,0.0,110.75,71.11,32.64
2026-05-22 21:10:00,3,-348.57,151.37,32.55,0.0,299.85,0.0,143.93,78.71,32.51
2026-05-22 21:15:00,3,-348.57,151.37,33.12,0.0,204.01,0.0,97.92,68.7,32.4
2026-05-22 21:20:00,3,-348.57,151.37,32.68,0.0,303.62,0.0,145.74,79.18,32.27
2026-05-22 21:25:00,3,-348.57,151.37,32.97,0.0,215.53,0.0,103.46,69.7,32.15
2026-05-22 21:30:00,3,-348.57,151.37,32.16,0.0,224.97,0.0,107.99,70.56,32.03
2026-05-22 21:35:00,3,-348.57,151.37,32.39,0.0,320.87,0.0,154.02,81.42,31.9
2026-05-22 21:40:00,3,-348.57,151.37,32.12,0.0,258.16,0.0,123.92,73.89,31.77
2026-05-22 21:45:00,3,-348.57,151.37,31.8,0.0,292.23,0.0,140.27,77.77,31.64
2026-05-22 21:50:00,3,-348.57,151.37,32.19,0.0,246.66,0.0,118.4,72.68,31.52
2026-05-22 21:55:00,3,-348.57,151.37,31.56,0.0,283.11,0.0,135.89,76.69,31.39
2026-05-22 22:00:00,3,-348.57,151.37,31.26,0.0,272.62,0.0,130.86,75.48,31.27
2026-05-22 22:05:00,3,-348.57,151.37,31.65,0.0,231.6,0.0,111.17,71.19,31.15
2026-05-22 22:10:00,3,-348.57,151.37,31.52,0.0,293.98,0.0,141.11,77.99,31.02
2026-05-22 22:15:00,3,-348.57,151.37,32.23,0.0,243.76,0.0,117.01,72.39,30.9
2026-05-22 22:20:00,3,-348.57,151.37,31.69,0.0,279.18,0.0,134.0,76.23,30.77
2026-05-22 22:25:00,3,-348.57,151.37,31.71,0.0,318.27,0.0,152.77,81.07,30.64
2026-05-22 22:30:00,3,-348.57,151.37,31.16,0.0,252.33,0.0,121.12,73.27,30.52
2026-05-22 22:35:00,3,-348.57,151.37,31.27,0.0,222.28,0.0,106.69,70.31,30.4
2026-05-22 22:40:00,3,-348.57,151.37,31.74,0.0,200.3,0.0,96.14,68.38,30.28
2026-05-22 22:45:00,3,-348.57,151.37,30.96,0.0,298.33,0.0,143.2,78.52,30.15
2026-05-22 22:50:00,3,-348.57,151.37,31.25,0.0,274.68,0.0,131.85,75.71,30.03
2026-05-22 22:55:00,3,-348.57,151.37,31.42,0.0,202.33,0.0,97.12,68.55,29.91
2026-05-22 23:00:00,3,-348.57,151.37,31.25,0.0,300.66,0.0,144.32,78.81,29.78
2026-05-22 23:05:00,3,-348.57,151.37,30.47,0.0,287.93,0.0,138.21,77.26,29.65
2026-05-22 23:10:00,3,-348.57,151.37,30.72,0.0,273.55,0.0,131.31,75.58,29.53
2026-05-22 23:15:00,3,-348.57,151.37,31.2,0.0,258.73,0.0,124.19,73.95,29.4
2026-05-22 23:20:00,3,-348.57,151.37,30.37,0.0,263.59,0.0,126.52,74.47,29.28
2026-05-22 23:25:00,3,-348.57,151.37,31.61,0.0,302.55,0.0,145.22,79.05,29.15
2026-05-22 23:30:00,3,-348.57,151.37,31.42,0.0,273.33,0.0,131.2,75.56,29.02
2026-05-22 23:35:00,3,-348.57,151.37,31.28,0.0,212.39,0.0,101.95,69.42,28.91
2026-05-22 23:40:00,3,-348.57,151.37,32.01,0.0,261.53,0.0,125.53,74.25,28.78
2026-05-22 23:45:00,3,-348.57,151.37,30.85,0.0,318.32,0.0,152.8,81.08,28.65
2026-05-22 23:50:00,3,-348.57,151.37,30.99,0.0,273.43,0.0,131.24,75.57,28.52
2026-05-22 23:55:00,3,-348.57,151.37,31.38,0.0,305.67,0.0,146.72,79.44,28.39
2026-05-23 00:00:00,3,-348.57,151.37,30.53,0.0,207.43,0.0,99.56,68.99,28.27
2026-05-23 00:05:00,3,-348.57,151.37,30.18,0.0,222.05,0.0,106.58,70.29,28.16
2026-05-23 00:10:00,3,-348.57,151.37,31.22,0.0,203.62,0.0,97.74,68.66,28.04
2026-05-23 00:15:00,3,-348.57,151.37,30.85,0.0,213.39,0.0,102.43,69.51,27.93
2026-05-23 00:20:00,3,-348.57,151.37,31.02,0.0,267.4,0.0,128.35,74.89,27.8
2026-05-23 00:25:00,3,-348.57,151.37,30.64,0.0,293.72,0.0,140.99,77.95,27.67
2026-05-23 00:30:00,3,-348.57,151.37,30.76,0.0,220.62,0.0,105.9,70.16,27.55
2026-05-23 00:35:00,3,-348.57,151.37,31.89,0.0,232.51,0.0,111.6,71.28,27.44
2026-05-23 00:40:00,3,-348.57,151.37,30.0,0.0,261.06,0.0,125.31,74.2,27.31
2026-05-23 00:45:00,3,-348.57,151.37,30.85,0.0,216.55,0.0,103.95,69.79,27.2
2026-05-23 00:50:00,3,-348.57,151.37,31.42,0.0,266.84,0.0,128.08,74.83,27.07
2026-05-23 00:55:00,3,-348.57,151.37,31.45,0.0,235.07,0.0,112.83,71.52,26.95
2026-05-23 01:00:00,3,-348.57,151.37,32.55,0.0,216.27,0.0,103.81,69.77,26.84
2026-05-23 01:05:00,3,-348.57,151.37,31.11,0.0,246.32,0.0,118.23,72.65,26.71
2026-05-23 01:10:00,3,-348.57,151.37,31.24,0.0,295.52,0.0,141.85,78.17,26.58
2026-05-23 01:15:00,3,-348.57,151.37,31.09,0.0,317.16,0.0,152.24,80.92,26.45
2026-05-23 01:20:00,3,-348.57,151.37,31.6,0.0,207.58,0.0,99.64,69.0,26.33
2026-05-23 01:25:00,3,-348.57,151.37,30.89,0.0,213.67,0.0,102.56,69.53,26.22
2026-05-23 01:30:00,3,-348.57,151.37,31.69,0.0,234.94,0.0,112.77,71.51,26.1
2026-05-23 01:35:00,3,-348.57,151.37,31.61,0.0,226.87,0.0,108.9,70.74,25.98
2026-05-23 01:40:00,3,-348.57,151.37,31.41,0.0,233.5,0.0,112.08,71.37,25.86
2026-05-23 01:45:00,3,-348.57,151.37,31.82,0.0,253.73,0.0,121.79,73.42,25.74
2026-05-23 01:50:00,3,-348.57,151.37,31.14,0.0,316.26,0.0,151.81,80.81,25.61
2026-05-23 01:55:00,3,-348.57,151.37,31.55,0.0,219.82,0.0,105.51,70.09,25.49
2026-05-23 02:00:00,3,-348.57,151.37,32.13,0.0,283.74,0.0,136.19,76.76,25.36
2026-05-23 02:05:00,3,-348.57,151.37,31.58,0.0,232.45,0.0,111.57,71.27,25.24
2026-05-23 02:10:00,3,-348.57,151.37,32.46,0.0,266.47,0.0,127.9,74.79,25.12
2026-05-23 02:15:00,3,-348.57,151.37,32.78,0.0,322.83,0.0,154.96,81.68,24.98
2026-05-23 02:20:00,3,-348.57,151.37,31.64,0.0,307.23,0.0,147.47,79.64,24.85
2026-05-23 02:25:00,3,-348.57,151.37,32.32,0.0,209.67,0.0,100.64,69.18,24.73
2026-05-23 02:30:00,3,-348.57,151.37,32.2,0.0,256.38,0.0,123.06,73.7,24.61
2026-05-23 02:35:00,3,-348.57,151.37,31.43,0.0,232.43,0.0,111.56,71.27,24.49
2026-05-23 02:40:00,3,-348.57,151.37,32.38,0.0,209.37,0.0,100.5,69.16,24.38
2026-05-23 02:45:00,3,-348.57,151.37,31.5,0.0,210.44,0.0,101.01,69.25,24.26
2026-05-23 02:50:00,3,-348.57,151.37,32.95,0.0,247.24,0.0,118.67,72.74,24.14
2026-05-23 02:55:00,3,-348.57,151.37,33.2,0.0,315.45,0.0,151.42,80.7,24.01
2026-05-23 03:00:00,3,-348.57,151.37,32.87,0.0,284.9,0.0,136.75,76.9,23.88
2026-05-23 03:05:00,3,-348.57,151.37,32.81,0.0,218.84,0.0,105.04,70.0,23.76
2026-05-23 03:10:00,3,-348.57,151.37,33.16,0.0,231.34,0.0,111.04,71.17,23.64
2026-05-23 03:15:00,3,-348.57,151.37,33.93,0.0,236.02,0.0,113.29,71.62,23.52
2026-05-23 03:20:00,3,-348.57,151.37,32.75,0.0,234.53,0.0,112.57,71.47,23.4
2026-05-23 03:25:00,3,-348.57,151.37,34.05,0.0,298.39,0.0,143.23,78.53,23.27
2026-05-23 03:30:00,3,-348.57,151.37,33.6,0.0,311.37,0.0,149.46,80.17,23.14
2026-05-23 03:35:00,3,-348.57,151.37,33.58,0.0,270.22,0.0,129.71,75.21,23.01
2026-05-23 03:40:00,3,-348.57,151.37,33.88,0.0,233.43,0.0,112.05,71.37,22.89
2026-05-23 03:45:00,3,-348.57,151.37,33.6,0.0,238.28,0.0,114.37,71.84,22.77
2026-05-23 03:50:00,3,-348.57,151.37,33.95,0.0,219.27,0.0,105.25,70.04,22.66
2026-05-23 03:55:00,3,-348.57,151.37,33.54,0.0,304.26,0.0,146.05,79.27,22.53
2026-05-23 04:00:00,3,-348.57,151.37,34.54,0.0,204.52,0.0,98.17,68.74,22.41
2026-05-23 04:05:00,3,-348.57,151.37,34.24,0.0,202.24,0.0,97.08,68.55,22.3
2026-05-23 04:10:00,3,-348.57,151.37,34.53,0.0,207.78,0.0,99.74,69.02,22.18
2026-05-23 04:15:00,3,-348.57,151.37,34.15,0.0,233.86,0.0,112.25,71.41,22.06
2026-05-23 04:20:00,3,-348.57,151.37,35.49,0.0,257.28,0.0,123.5,73.8,21.94
2026-05-23 04:25:00,3,-348.57,151.37,34.79,0.0,282.82,0.0,135.75,76.66,21.81
2026-05-23 04:30:00,3,-348.57,151.37,34.3,0.0,258.59,0.0,124.12,73.94,21.69
2026-05-23 04:35:00,3,-348.57,151.37,35.88,0.0,247.52,0.0,118.81,72.78,21.57
2026-05-23 04:40:00,3,-348.57,151.37,36.06,0.0,224.92,0.0,107.96,70.56,21.45
2026-05-23 04:45:00,3,-348.57,151.37,35.58,0.0,266.62,0.0,127.98,74.81,21.33
2026-05-23 04:50:00,3,-348.57,151.37,35.66,0.0,216.04,0.0,103.7,69.75,21.21
2026-05-23 04:55:00,3,-348.57,151.37,35.28,0.0,206.15,0.0,98.95,68.88,21.09
2026-05-23 05:00:00,3,-348.57,151.37,36.64,0.0,203.64,0.0,97.75,68.67,20.98
2026-05-23 05:05:00,3,-348.57,151.37,36.8,0.0,303.13,0.0,145.5,79.13,20.85
2026-05-23 05:10:00,3,-348.57,151.37,36.66,0.0,319.3,0.0,153.26,81.21,20.71
2026-05-23 05:15:00,3,-348.57,151.37,35.85,0.0,215.5,0.0,103.44,69.7,20.6
2026-05-23 05:20:00,3,-348.57,151.37,36.57,0.0,256.45,0.0,123.1,73.71,20.47
2026-05-23 05:25:00,3,-348.57,151.37,36.4,0.0,270.33,0.0,129.76,75.23,20.35
2026-05-23 05:30:00,3,-348.57,151.37,37.3,0.0,263.18,0.0,126.32,74.44,20.22
2026-05-23 05:35:00,3,-348.57,151.37,37.52,0.0,203.87,0.0,97.86,68.7,20.11
2026-05-23 05:40:00,3,-348.57,151.37,37.52,0.0,237.94,0.0,114.21,71.82,19.99
2026-05-23 05:45:00,3,-348.57,151.37,38.07,0.0,304.95,0.0,146.37,79.36,19.86
2026-05-23 05:50:00,3,-348.57,151.37,38.21,0.0,301.65,0.0,144.79,78.95,19.73
2026-05-23 05:55:00,3,-348.57,151.37,37.78,0.0,320.85,0.0,154.01,81.42,19.59
2026-05-23 06:00:00,3,-348.57,151.37,37.42,0.0,319.15,0.0,153.19,81.2,19.45
2026-05-23 06:05:00,3,-348.57,151.37,38.32,0.0,315.99,0.0,151.68,80.78,19.32
2026-05-23 06:10:00,3,-348.57,151.37,38.67,0.0,219.34,0.0,105.28,70.05,19.2
2026-05-23 06:15:00,3,-348.57,151.37,38.29,0.0,248.0,0.0,119.04,72.83,19.08
2026-05-23 06:20:00,3,-348.57,151.37,37.81,0.0,200.98,0.0,96.47,68.45,18.97
2026-05-23 06:25:00,3,-348.57,151.37,39.15,0.0,207.19,0.0,99.45,68.98,18.85
2026-05-23 06:30:00,3,-348.57,151.37,38.9,0.0,320.79,0.0,153.98,81.42,18.72
2026-05-23 06:35:00,3,-348.57,151.37,38.64,0.0,316.19,0.0,151.77,80.81,18.58
2026-05-23 06:40:00,3,-348.57,151.37,39.67,0.0,293.94,0.0,141.09,78.0,18.45
2026-05-23 06:45:00,3,-348.57,151.37,38.35,0.0,294.78,0.0,141.49,78.1,18.32
2026-05-23 06:50:00,3,-348.57,151.37,39.35,0.0,272.81,0.0,130.95,75.51,18.2
2026-05-23 06:55:00,3,-348.57,151.37,39.43,0.0,303.91,0.0,145.88,79.23,18.06
2026-05-23 07:00:00,3,-348.57,151.37,39.54,0.0,277.48,0.0,133.19,76.05,17.94
2026-05-23 07:05:00,3,-348.57,151.37,41.07,0.0,306.64,0.0,147.19,79.58,17.81
2026-05-23 07:10:00,3,-348.57,151.37,39.99,0.0,250.77,0.0,120.37,73.12,17.68
2026-05-23 07:15:00,3,-348.57,151.37,40.63,0.0,286.2,0.0,137.38,77.07,17.55
2026-05-23 07:20:00,3,-348.57,151.37,40.91,0.0,241.31,0.0,115.83,72.16,17.43
2026-05-23 07:25:00,3,-348.57,151.37,41.18,0.0,281.74,0.0,135.23,76.54,17.31
2026-05-23 07:30:00,3,-348.57,151.37,40.38,0.0,261.39,0.0,125.47,74.25,17.18
2026-05-23 07:35:00,3,-348.57,151.37,41.21,0.0,249.25,0.0,119.64,72.97,17.06
2026-05-23 07:40:00,3,-348.57,151.37,42.0,0.0,276.45,0.0,132.7,75.93,16.94
2026-05-23 07:45:00,3,-348.57,151.37,41.64,0.0,304.36,0.0,146.09,79.29,16.8
2026-05-23 07:50:00,3,-348.57,151.37,41.33,0.0,208.43,0.0,100.05,69.09,16.69
2026-05-23 07:55:00,3,-348.57,151.37,41.74,0.0,320.25,0.0,153.72,81.35,16.55
2026-05-23 08:00:00,3,-348.57,151.37,41.96,0.0,302.19,0.0,145.05,79.02,16.42
2026-05-23 08:05:00,3,-348.57,151.37,41.74,0.0,200.83,0.0,96.4,68.45,16.31
2026-05-23 08:10:00,3,-348.57,151.37,41.77,0.0,211.02,0.0,101.29,69.32,16.19
2026-05-23 08:15:00,3,-348.57,151.37,41.91,0.0,219.78,0.0,105.49,70.1,16.07
2026-05-23 08:20:00,3,-348.57,151.37,41.7,0.0,251.26,0.0,120.61,73.18,15.95
2026-05-23 08:25:00,3,-348.57,151.37,41.83,0.0,210.89,0.0,101.23,69.31,15.84
2026-05-23 08:30:00,3,-348.57,151.37,42.12,0.0,300.84,0.0,144.4,78.85,15.71
2026-05-23 08:35:00,3,-348.57,151.37,42.82,0.0,216.5,0.0,103.92,69.81,15.59
2026-05-23 08:40:00,3,-348.57,151.37,42.91,0.0,301.73,0.0,144.83,78.97,15.46
2026-05-23 08:45:00,3,-348.57,151.37,42.69,0.0,225.17,0.0,108.08,70.6,15.34
2026-05-23 08:50:00,3,-348.57,151.37,42.72,0.0,289.4,0.0,138.91,77.45,15.21
2026-05-23 08:55:00,3,-348.57,151.37,42.52,0.0,313.58,0.0,150.52,80.48,15.08
2026-05-23 09:00:00,3,-348.57,151.37,43.4,0.0,225.1,0.0,108.05,70.6,14.96
2026-05-23 09:05:00,3,-348.57,151.37,43.38,0.0,251.08,0.0,120.52,73.16,14.84
2026-05-23 09:10:00,3,-348.57,151.37,42.65,0.0,295.54,0.0,141.86,78.2,14.71
2026-05-23 09:15:00,3,-348.57,151.37,43.07,0.0,236.46,0.0,113.5,71.68,14.59
2026-05-23 09:20:00,3,-348.57,151.37,43.14,0.0,264.41,0.0,126.92,74.59,14.46
2026-05-23 09:25:00,3,-348.57,151.37,43.34,0.0,302.56,0.0,145.23,79.07,14.33
2026-05-23 09:30:00,3,-348.57,151.37,43.48,0.0,292.16,0.0,140.24,77.79,14.2
2026-05-23 09:35:00,3,-348.57,151.37,43.27,0.0,254.23,0.0,122.03,73.49,14.08
2026-05-23 09:40:00,3,-348.57,151.37,42.68,0.0,266.33,0.0,127.84,74.8,13.95
2026-05-23 09:45:00,3,-348.57,151.37,43.45,0.0,205.33,0.0,98.56,68.83,13.84
2026-05-23 09:50:00,3,-348.57,151.37,43.94,0.0,314.6,0.0,151.01,80.61,13.71
2026-05-23 09:55:00,3,-348.57,151.37,43.82,0.0,306.2,0.0,146.97,79.53,13.57
2026-05-23 10:00:00,3,-348.57,151.37,44.29,0.0,293.94,0.0,141.09,78.01,13.44
2026-05-23 10:05:00,3,-348.57,151.37,43.75,0.0,264.73,0.0,127.07,74.62,13.32
2026-05-23 10:10:00,3,-348.57,151.37,43.09,0.0,207.81,0.0,99.75,69.04,13.2
2026-05-23 10:15:00,3,-348.57,151.37,44.98,0.0,317.0,0.0,152.16,80.93,13.07
2026-05-23 10:20:00,3,-348.57,151.37,44.72,0.0,281.07,0.0,134.92,76.47,12.94
2026-05-23 10:25:00,3,-348.57,151.37,44.24,0.0,278.52,0.0,133.69,76.18,12.81
2026-05-23 10:30:00,3,-348.57,151.37,45.55,0.0,232.48,0.0,111.59,71.3,12.69
2026-05-23 10:35:00,3,-348.57,151.37,43.49,0.0,254.08,0.0,121.96,73.48,12.57
2026-05-23 10:40:00,3,-348.57,151.37,45.32,0.0,293.24,0.0,140.76,77.93,12.44
2026-05-23 10:45:00,3,-348.57,151.37,45.0,0.0,298.33,0.0,143.2,78.55,12.31
2026-05-23 10:50:00,3,-348.57,151.37,45.2,0.0,203.36,0.0,97.61,68.67,12.2
2026-05-23 10:55:00,3,-348.57,151.37,44.38,0.0,219.51,0.0,105.36,70.08,12.08
2026-05-23 11:00:00,3,-348.57,151.37,44.07,0.0,267.94,0.0,128.61,74.98,11.96
2026-05-23 11:05:00,3,-348.57,151.37,45.29,0.0,223.79,0.0,107.42,70.48,11.84
2026-05-23 11:10:00,3,-348.57,151.37,44.57,0.0,213.17,0.0,102.32,69.51,11.72
2026-05-23 11:15:00,3,-348.57,151.37,45.15,0.0,211.55,0.0,101.54,69.37,11.61
2026-05-23 11:20:00,3,-348.57,151.37,44.84,0.0,205.64,0.0,98.71,68.86,11.49
2026-05-23 11:25:00,3,-348.57,151.37,45.25,0.0,290.15,0.0,139.27,77.55,11.36
2026-05-23 11:30:00,3,-348.57,151.37,45.04,0.0,231.23,0.0,110.99,71.18,11.24
2026-05-23 11:35:00,3,-348.57,151.37,45.02,0.0,277.97,0.0,133.43,76.12,11.12
2026-05-23 11:40:00,3,-348.57,151.37,45.49,0.0,214.5,0.0,102.96,69.63,11.0
2026-05-23 11:45:00,3,-348.57,151.37,45.2,0.0,249.01,0.0,119.53,72.95,10.88
2026-05-23 11:50:00,3,-348.57,151.37,45.4,0.0,240.78,0.0,115.58,72.12,10.76
2026-05-23 11:55:00,3,-348.57,151.37,45.83,0.0,214.18,0.0,102.8,69.61,10.64
2026-05-23 12:00:00,3,-348.57,151.37,45.86,0.0,238.72,0.0,114.58,71.91,10.52
2026-05-23 12:05:00,3,-348.57,151.37,45.28,0.0,221.96,0.0,106.54,70.31,10.41
2026-05-23 12:10:00,3,-348.57,151.37,45.09,0.0,221.68,0.0,106.4,70.28,10.29
2026-05-23 12:15:00,3,-348.57,151.37,45.37,0.0,248.95,0.0,119.5,72.95,10.17
2026-05-23 12:20:00,3,-348.57,151.37,44.18,0.0,303.7,0.0,145.77,79.21,10.04
2026-05-23 12:25:00,3,-348.57,151.37,45.15,0.0,305.54,0.0,146.66,79.45,9.9
2026-05-23 12:30:00,3,-348.57,151.37,44.82,0.0,301.42,0.0,144.68,78.93,9.77
2026-05-23 12:35:00,3,-348.57,151.37,44.42,0.0,232.06,0.0,111.39,71.26,9.65
2026-05-23 12:40:00,3,-348.57,151.37,45.48,0.0,208.07,0.0,99.88,69.07,9.54
2026-05-23 12:45:00,3,-348.57,151.37,45.12,0.0,295.33,0.0,141.76,78.18,9.41
2026-05-23 12:50:00,3,-348.57,151.37,44.91,0.0,313.52,0.0,150.49,80.47,9.27
2026-05-23 12:55:00,3,-348.57,151.37,44.81,0.0,261.29,0.0,125.42,74.25,9.15
2026-05-23 13:00:00,3,-348.57,151.37,44.97,0.0,322.52,0.0,154.81,81.66,9.01
2026-05-23 13:05:00,3,-348.57,151.37,44.93,0.0,201.02,0.0,96.49,68.47,8.9
2026-05-23 13:10:00,3,-348.57,151.37,44.34,0.0,322.13,0.0,154.62,81.61,8.76
2026-05-23 13:15:00,3,-348.57,151.37,44.4,0.0,292.07,0.0,140.2,77.78,8.63
2026-05-23 13:20:00,3,-348.57,151.37,43.99,0.0,320.75,0.0,153.96,81.42,8.5
2026-05-23 13:25:00,3,-348.57,151.37,44.57,0.0,241.0,0.0,115.68,72.14,8.38
2026-05-23 13:30:00,3,-348.57,151.37,44.58,0.0,234.96,0.0,112.78,71.54,8.26
2026-05-23 13:35:00,3,-348.57,151.37,44.02,0.0,202.24,0.0,97.07,68.57,8.14
2026-05-23 13:40:00,3,-348.57,151.37,43.42,0.0,255.54,0.0,122.66,73.63,8.02
2026-05-23 13:45:00,3,-348.57,151.37,43.31,0.0,317.37,0.0,152.34,80.98,7.89
2026-05-23 13:50:00,3,-348.57,151.37,44.81,0.0,215.8,0.0,103.58,69.75,7.77
2026-05-23 13:55:00,3,-348.57,151.37,43.85,0.0,280.1,0.0,134.45,76.36,7.64
2026-05-23 14:00:00,3,-348.57,151.37,44.87,0.0,219.56,0.0,105.39,70.09,7.53
2026-05-23 14:05:00,3,-348.57,151.37,43.72,0.0,274.49,0.0,131.76,75.71,7.4
2026-05-23 14:10:00,3,-348.57,151.37,43.79,0.0,223.47,0.0,107.26,70.44,7.28
2026-05-23 14:15:00,3,-348.57,151.37,43.52,0.0,283.82,0.0,136.24,76.79,7.15
2026-05-23 14:20:00,3,-348.57,151.37,43.32,0.0,291.22,0.0,139.79,77.68,7.03
2026-05-23 14:25:00,3,-348.57,151.37,43.27,0.0,271.86,0.0,130.49,75.41,6.9
2026-05-23 14:30:00,3,-348.57,151.37,42.83,0.0,320.51,0.0,153.85,81.39,6.76
2026-05-23 14:35:00,3,-348.57,151.37,43.0,0.0,208.04,0.0,99.86,69.06,6.65
2026-05-23 14:40:00,3,-348.57,151.37,42.98,0.0,218.43,0.0,104.85,69.98,6.53
2026-05-23 14:45:00,3,-348.57,151.37,43.73,0.0,303.83,0.0,145.84,79.23,6.4
2026-05-23 14:50:00,3,-348.57,151.37,42.78,0.0,227.6,0.0,109.25,70.83,6.28
2026-05-23 14:55:00,3,-348.57,151.37,43.2,0.0,242.54,0.0,116.42,72.29,6.16
2026-05-23 15:00:00,3,-348.57,151.37,41.83,0.0,258.88,0.0,124.26,73.98,6.04
2026-05-23 15:05:00,3,-348.57,151.37,42.7,0.0,211.69,0.0,101.61,69.38,5.92
2026-05-23 15:10:00,3,-348.57,151.37,42.21,0.0,255.84,0.0,122.8,73.66,5.8
2026-05-23 15:15:00,3,-348.57,151.37,42.96,0.0,268.59,0.0,128.92,75.05,5.67
2026-05-23 15:20:00,3,-348.57,151.37,41.73,0.0,246.64,0.0,118.39,72.7,5.55
2026-05-23 15:25:00,3,-348.57,151.37,42.47,0.0,253.39,0.0,121.63,73.4,5.43
2026-05-23 15:30:00,3,-348.57,151.37,42.86,0.0,234.96,0.0,112.78,71.53,5.31
2026-05-23 15:35:00,3,-348.57,151.37,41.41,0.0,285.45,0.0,137.01,76.98,5.18
2026-05-23 15:40:00,3,-348.57,151.37,42.11,0.0,241.64,0.0,115.99,72.19,5.06
2026-05-23 15:45:00,3,-348.57,151.37,41.89,0.0,216.52,0.0,103.93,69.81,4.95
2026-05-23 15:50:00,3,-348.57,151.37,41.56,0.0,266.67,0.0,128.0,74.83,4.82
2026-05-23 15:55:00,3,-348.57,151.37,40.74,0.0,260.74,0.0,125.16,74.18,4.7
2026-05-23 16:00:00,3,-348.57,151.37,41.4,0.0,243.17,0.0,116.72,72.35,4.58
2026-05-23 16:05:00,3,-348.57,151.37,41.88,0.0,274.87,0.0,131.94,75.75,4.45
2026-05-23 16:10:00,3,-348.57,151.37,41.35,0.0,234.33,0.0,112.48,71.47,4.33
2026-05-23 16:15:00,3,-348.57,151.37,40.54,0.0,231.67,0.0,111.2,71.21,4.21
2026-05-23 16:20:00,3,-348.57,151.37,41.38,0.0,303.16,0.0,145.52,79.14,4.08
2026-05-23 16:25:00,3,-348.57,151.37,40.32,0.0,247.71,0.0,118.9,72.81,3.96
2026-05-23 16:30:00,3,-348.57,151.37,40.25,0.0,315.0,0.0,151.2,80.66,3.83
2026-05-23 16:35:00,3,-348.57,151.37,39.79,0.0,247.86,0.0,118.97,72.82,3.7
2026-05-23 16:40:00,3,-348.57,151.37,41.16,0.0,228.2,0.0,109.53,70.88,3.59
2026-05-23 16:45:00,3,-348.57,151.37,40.07,0.0,267.68,0.0,128.48,74.94,3.46
2026-05-23 16:50:00,3,-348.57,151.37,39.47,0.0,288.45,0.0,138.46,77.33,3.33
2026-05-23 16:55:00,3,-348.57,151.37,40.0,0.0,227.63,0.0,109.26,70.83,3.21
2026-05-23 17:00:00,3,-348.57,151.37,39.03,0.0,227.1,0.0,109.01,70.77,3.1
2026-05-23 17:05:00,3,-348.57,151.37,39.24,0.0,248.6,0.0,119.33,72.9,2.98
2026-05-23 17:10:00,3,-348.57,151.37,40.32,0.0,236.47,0.0,113.51,71.68,2.86
2026-05-23 17:15:00,3,-348.57,151.37,39.94,0.0,309.56,0.0,148.59,79.95,2.72
2026-05-23 17:20:00,3,-348.57,151.37,39.19,0.0,215.89,0.0,103.63,69.75,2.61
2026-05-23 17:25:00,3,-348.57,151.37,39.37,0.0,213.2,0.0,102.34,69.51,2.49
2026-05-23 17:30:00,3,-348.57,151.37,39.36,0.0,304.05,0.0,145.94,79.25,2.36
2026-05-23 17:35:00,3,-348.57,151.37,39.06,0.0,319.48,0.0,153.35,81.24,2.22
2026-05-23 17:40:00,3,-348.57,151.37,39.02,0.0,245.52,0.0,117.85,72.58,2.1
2026-05-23 17:45:00,3,-348.57,151.37,38.58,0.0,244.53,0.0,117.37,72.48,1.98
2026-05-23 17:50:00,3,-348.57,151.37,38.21,0.0,292.85,0.0,140.57,77.86,1.85
2026-05-23 17:55:00,3,-348.57,151.37,38.51,0.0,233.56,0.0,112.11,71.39,1.73
2026-05-23 18:00:00,3,-348.57,151.37,38.35,0.0,225.92,0.0,108.44,70.66,1.61
2026-05-23 18:05:00,3,-348.57,151.37,37.24,0.0,265.61,0.0,127.5,74.71,1.49
2026-05-23 18:10:00,3,-348.57,151.37,38.49,0.0,273.2,0.0,131.14,75.56,1.36
2026-05-23 18:15:00,3,-348.57,151.37,37.46,0.0,269.83,0.0,129.52,75.17,1.24
2026-05-23 18:20:00,3,-348.57,151.37,38.06,0.0,284.69,0.0,136.65,76.88,1.11
2026-05-23 18:25:00,3,-348.57,151.37,36.7,0.0,280.88,0.0,134.82,76.43,0.98
2026-05-23 18:30:00,3,-348.57,151.37,36.82,0.0,295.17,0.0,141.68,78.14,0.85
2026-05-23 18:35:00,3,-348.57,151.37,37.07,0.0,322.58,0.0,154.84,81.65,0.72
2026-05-23 18:40:00,3,-348.57,151.37,36.53,0.0,315.02,0.0,151.21,80.65,0.58
2026-05-23 18:45:00,3,-348.57,151.37,36.52,0.0,234.83,0.0,112.72,71.51,0.46
2026-05-23 18:50:00,3,-348.57,151.37,36.38,0.0,208.27,0.0,99.97,69.07,0.35
2026-05-23 18:55:00,3,-348.57,151.37,36.3,0.0,279.8,0.0,134.3,76.31,0.22
2026-05-23 19:00:00,3,-348.57,151.37,35.76,0.0,237.51,0.0,114.0,71.77,0.1
2026-05-23 19:05:00,3,-348.57,151.37,36.2,0.0,259.47,0.0,124.55,74.04,0.0
2026-05-23 19:10:00,3,-348.57,151.37,36.35,0.0,275.79,0.0,132.38,75.85,0.0
2026-05-23 19:15:00,3,-348.57,151.37,35.21,0.0,298.51,0.0,143.28,78.55,0.0
2026-05-23 19:20:00,3,-348.57,151.37,36.0,0.0,205.5,0.0,98.64,68.83,0.0
2026-05-23 19:25:00,3,-348.57,151.37,35.26,0.0,224.82,0.0,107.91,70.55,0.0
2026-05-23 19:30:00,3,-348.57,151.37,35.49,0.0,309.35,0.0,148.49,79.92,0.0
2026-05-23 19:35:00,3,-348.57,151.37,34.75,0.0,249.94,0.0,119.97,73.03,0.0
2026-05-23 19:40:00,3,-348.57,151.37,36.19,0.0,210.93,0.0,101.25,69.3,0.0
2026-05-23 19:45:00,3,-348.57,151.37,34.69,0.0,229.55,0.0,110.18,71.0,0.0
2026-05-23 19:50:00,3,-348.57,151.37,34.85,0.0,305.92,0.0,146.84,79.48,0.0
2026-05-23 19:55:00,3,-348.57,151.37,34.54,0.0,242.7,0.0,116.5,72.29,0.0
2026-05-23 20:00:00,3,-348.57,151.37,35.53,0.0,323.57,0.0,155.31,81.78,0.0
2026-05-23 20:05:00,3,-348.57,151.37,35.34,0.0,288.35,0.0,138.41,77.31,0.0
2026-05-23 20:10:00,3,-348.57,151.37,34.48,0.0,218.36,0.0,104.81,69.96,0.0
2026-05-23 20:15:00,3,-348.57,151.37,33.85,0.0,216.97,0.0,104.15,69.83,0.0
2026-05-23 20:20:00,3,-348.57,151.37,34.36,0.0,220.23,0.0,105.71,70.13,0.0
2026-05-23 20:25:00,3,-348.57,151.37,33.95,0.0,287.87,0.0,138.18,77.25,0.0
2026-05-23 20:30:00,3,-348.57,151.37,33.8,0.0,312.41,0.0,149.95,80.31,0.0
2026-05-23 20:35:00,3,-348.57,151.37,32.99,0.0,288.38,0.0,138.42,77.31,0.0
2026-05-23 20:40:00,3,-348.57,151.37,32.61,0.0,246.62,0.0,118.38,72.68,0.0
2026-05-23 20:45:00,3,-348.57,151.37,33.12,0.0,251.26,0.0,120.61,73.16,0.0
2026-05-23 20:50:00,3,-348.57,151.37,33.63,0.0,232.91,0.0,111.79,71.32,0.0
2026-05-23 20:55:00,3,-348.57,151.37,34.04,0.0,281.42,0.0,135.08,76.49,0.0
2026-05-23 21:00:00,3,-348.57,151.37,33.07,0.0,281.24,0.0,135.0,76.47,0.0
2026-05-23 21:05:00,3,-348.57,151.37,33.85,0.0,231.39,0.0,111.07,71.17,0.0
2026-05-23 21:10:00,3,-348.57,151.37,33.22,0.0,272.79,0.0,130.94,75.5,0.0
2026-05-23 21:15:00,3,-348.57,151.37,31.9,0.0,202.65,0.0,97.27,68.58,0.0
2026-05-23 21:20:00,3,-348.57,151.37,32.0,0.0,230.87,0.0,110.82,71.12,0.0
2026-05-23 21:25:00,3,-348.57,151.37,32.45,0.0,313.62,0.0,150.54,80.46,0.0
2026-05-23 21:30:00,3,-348.57,151.37,32.21,0.0,265.55,0.0,127.47,74.69,0.0
2026-05-23 21:35:00,3,-348.57,151.37,31.94,0.0,267.99,0.0,128.64,74.96,0.0
2026-05-23 21:40:00,3,-348.57,151.37,32.71,0.0,317.57,0.0,152.44,80.98,0.0
2026-05-23 21:45:00,3,-348.57,151.37,33.13,0.0,211.74,0.0,101.63,69.36,0.0
2026-05-23 21:50:00,3,-348.57,151.37,32.58,0.0,301.78,0.0,144.86,78.95,0.0
2026-05-23 21:55:00,3,-348.57,151.37,33.04,0.0,245.18,0.0,117.69,72.53,0.0
2026-05-23 22:00:00,3,-348.57,151.37,32.66,0.0,275.18,0.0,132.08,75.77,0.0
2026-05-23 22:05:00,3,-348.57,151.37,32.05,0.0,213.09,0.0,102.29,69.48,0.0
2026-05-23 22:10:00,3,-348.57,151.37,31.48,0.0,303.63,0.0,145.74,79.18,0.0
2026-05-23 22:15:00,3,-348.57,151.37,31.62,0.0,290.54,0.0,139.46,77.57,0.0
2026-05-23 22:20:00,3,-348.57,151.37,31.43,0.0,200.05,0.0,96.02,68.36,0.0
2026-05-23 22:25:00,3,-348.57,151.37,31.5,0.0,223.96,0.0,107.5,70.47,0.0
2026-05-23 22:30:00,3,-348.57,151.37,31.06,0.0,275.73,0.0,132.35,75.83,0.0
2026-05-23 22:35:00,3,-348.57,151.37,31.17,0.0,308.53,0.0,148.09,79.8,0.0
2026-05-23 22:40:00,3,-348.57,151.37,31.78,0.0,322.39,0.0,154.75,81.62,0.0
2026-05-23 22:45:00,3,-348.57,151.37,31.28,0.0,294.65,0.0,141.43,78.07,0.0
2026-05-23 22:50:00,3,-348.57,151.37,31.05,0.0,292.96,0.0,140.62,77.86,0.0
2026-05-23 22:55:00,3,-348.57,151.37,30.82,0.0,296.32,0.0,142.23,78.27,0.0
2026-05-23 23:00:00,3,-348.57,151.37,30.36,0.0,251.13,0.0,120.54,73.14,0.0
2026-05-23 23:05:00,3,-348.57,151.37,31.06,0.0,242.55,0.0,116.43,72.27,0.0
2026-05-23 23:10:00,3,-348.57,151.37,31.54,0.0,250.6,0.0,120.29,73.09,0.0
2026-05-23 23:15:00,3,-348.57,151.37,30.0,0.0,271.24,0.0,130.19,75.32,0.0
2026-05-23 23:20:00,3,-348.57,151.37,30.86,0.0,317.56,0.0,152.43,80.98,0.0
2026-05-23 23:25:00,3,-348.57,151.37,30.53,0.0,316.66,0.0,152.0,80.86,0.0
2026-05-23 23:30:00,3,-348.57,151.37,32.38,0.0,318.98,0.0,153.11,81.17,0.0
2026-05-23 23:35:00,3,-348.57,151.37,30.96,0.0,282.65,0.0,135.67,76.63,0.0
2026-05-23 23:40:00,3,-348.57,151.37,30.65,0.0,207.85,0.0,99.77,69.02,0.0
2026-05-23 23:45:00,3,-348.57,151.37,31.44,0.0,200.59,0.0,96.28,68.41,0.0
2026-05-23 23:50:00,3,-348.57,151.37,31.3,0.0,217.63,0.0,104.46,69.89,0.0
2026-05-23 23:55:00,3,-348.57,151.37,31.13,0.0,268.07,0.0,128.67,74.97,0.0
2026-05-24 00:00:00,3,-348.57,151.37,31.21,0.0,268.67,0.0,128.96,75.03,0.0
2026-05-24 00:05:00,3,-348.57,151.37,30.16,0.0,224.96,0.0,107.98,70.56,100.0
2026-05-24 00:10:00,3,-348.57,151.37,30.64,0.0,258.47,0.0,124.07,73.92,99.88
2026-05-24 00:15:00,3,-348.57,151.37,31.3,0.0,215.58,0.0,103.48,69.7,99.76
2026-05-24 00:20:00,3,-348.57,151.37,31.62,0.0,314.15,0.0,150.79,80.53,99.63
2026-05-24 00:25:00,3,-348.57,151.37,31.01,0.0,233.66,0.0,112.16,71.39,99.51
2026-05-24 00:30:00,3,-348.57,151.37,31.72,0.0,249.72,0.0,119.87,73.0,99.39
2026-05-24 00:35:00,3,-348.57,151.37,31.91,0.0,218.01,0.0,104.64,69.92,99.27
2026-05-24 00:40:00,3,-348.57,151.37,31.16,0.0,292.59,0.0,140.45,77.82,99.14
2026-05-24 00:45:00,3,-348.57,151.37,31.66,0.0,323.24,0.0,155.15,81.73,99.0
2026-05-24 00:50:00,3,-348.57,151.37,31.07,0.0,321.25,0.0,154.2,81.47,98.87
2026-05-24 00:55:00,3,-348.57,151.37,30.85,0.0,307.09,0.0,147.4,79.62,98.73
2026-05-24 01:00:00,3,-348.57,151.37,30.87,0.0,313.22,0.0,150.34,80.41,98.6
2026-05-24 01:05:00,3,-348.57,151.37,31.13,0.0,276.12,0.0,132.54,75.88,98.47
2026-05-24 01:10:00,3,-348.57,151.37,30.85,0.0,322.69,0.0,154.89,81.66,98.34
2026-05-24 01:15:00,3,-348.57,151.37,31.67,0.0,259.0,0.0,124.32,73.98,98.21
2026-05-24 01:20:00,3,-348.57,151.37,31.19,0.0,260.82,0.0,125.2,74.17,98.09
2026-05-24 01:25:00,3,-348.57,151.37,30.56,0.0,314.39,0.0,150.91,80.56,97.96
2026-05-24 01:30:00,3,-348.57,151.37,31.53,0.0,247.95,0.0,119.01,72.81,97.84
2026-05-24 01:35:00,3,-348.57,151.37,31.15,0.0,295.82,0.0,141.99,78.21,97.71
2026-05-24 01:40:00,3,-348.57,151.37,31.66,0.0,283.78,0.0,136.22,76.77,97.58
2026-05-24 01:45:00,3,-348.57,151.37,31.47,0.0,216.79,0.0,104.06,69.81,97.46
2026-05-24 01:50:00,3,-348.57,151.37,31.61,0.0,280.09,0.0,134.44,76.33,97.33
2026-05-24 01:55:00,3,-348.57,151.37,31.54,0.0,307.1,0.0,147.41,79.62,97.2
2026-05-24 02:00:00,3,-348.57,151.37,31.85,0.0,235.89,0.0,113.23,71.61,97.08
2026-05-24 02:05:00,3,-348.57,151.37,31.49,0.0,303.17,0.0,145.52,79.12,96.95
2026-05-24 02:10:00,3,-348.57,151.37,31.87,0.0,274.33,0.0,131.68,75.67,96.82
2026-05-24 02:15:00,3,-348.57,151.37,32.85,0.0,228.98,0.0,109.91,70.94,96.71
2026-05-24 02:20:00,3,-348.57,151.37,32.04,0.0,277.92,0.0,133.4,76.08,96.58
2026-05-24 02:25:00,3,-348.57,151.37,32.59,0.0,259.25,0.0,124.44,74.0,96.46
2026-05-24 02:30:00,3,-348.57,151.37,32.64,0.0,280.12,0.0,134.46,76.34,96.33
2026-05-24 02:35:00,3,-348.57,151.37,32.59,0.0,267.09,0.0,128.2,74.86,96.2
2026-05-24 02:40:00,3,-348.57,151.37,32.43,0.0,203.78,0.0,97.81,68.68,96.09
2026-05-24 02:45:00,3,-348.57,151.37,33.07,0.0,262.09,0.0,125.8,74.31,95.97
2026-05-24 02:50:00,3,-348.57,151.37,34.09,0.0,215.95,0.0,103.66,69.74,95.85
2026-05-24 02:55:00,3,-348.57,151.37,33.11,0.0,310.34,0.0,148.96,80.04,95.72
2026-05-24 03:00:00,3,-348.57,151.37,32.53,0.0,302.85,0.0,145.37,79.09,95.58
2026-05-24 03:05:00,3,-348.57,151.37,33.74,0.0,283.59,0.0,136.12,76.75,95.46
2026-05-24 03:10:00,3,-348.57,151.37,33.62,0.0,213.22,0.0,102.34,69.5,95.34
2026-05-24 03:15:00,3,-348.57,151.37,32.06,0.0,238.88,0.0,114.66,71.9,95.22
2026-05-24 03:20:00,3,-348.57,151.37,32.61,0.0,209.36,0.0,100.49,69.16,95.1
2026-05-24 03:25:00,3,-348.57,151.37,33.64,0.0,301.86,0.0,144.89,78.96,94.97
2026-05-24 03:30:00,3,-348.57,151.37,33.49,0.0,251.65,0.0,120.79,73.2,94.85
2026-05-24 03:35:00,3,-348.57,151.37,34.31,0.0,265.01,0.0,127.21,74.63,94.73
2026-05-24 03:40:00,3,-348.57,151.37,33.51,0.0,319.84,0.0,153.52,81.28,94.59
2026-05-24 03:45:00,3,-348.57,151.37,33.02,0.0,322.92,0.0,155.0,81.69,94.46
2026-05-24 03:50:00,3,-348.57,151.37,33.65,0.0,228.24,0.0,109.56,70.87,94.34
2026-05-24 03:55:00,3,-348.57,151.37,34.1,0.0,286.67,0.0,137.6,77.11,94.21
2026-05-24 04:00:00,3,-348.57,151.37,34.38,0.0,323.66,0.0,155.36,81.79,94.07
2026-05-24 04:05:00,3,-348.57,151.37,34.55,0.0,308.11,0.0,147.89,79.76,93.94
2026-05-24 04:10:00,3,-348.57,151.37,34.62,0.0,227.78,0.0,109.33,70.83,93.82
2026-05-24 04:15:00,3,-348.57,151.37,34.84,0.0,202.76,0.0,97.32,68.6,93.71
2026-05-24 04:20:00,3,-348.57,151.37,35.72,0.0,311.39,0.0,149.47,80.18,93.57
2026-05-24 04:25:00,3,-348.57,151.37,35.68,0.0,214.04,0.0,102.74,69.57,93.46
2026-05-24 04:30:00,3,-348.57,151.37,34.86,0.0,253.66,0.0,121.76,73.41,93.34
2026-05-24 04:35:00,3,-348.57,151.37,36.3,0.0,318.35,0.0,152.81,81.09,93.2
2026-05-24 04:40:00,3,-348.57,151.37,35.43,0.0,296.3,0.0,142.22,78.28,93.07
2026-05-24 04:45:00,3,-348.57,151.37,34.93,0.0,216.07,0.0,103.71,69.75,92.95
2026-05-24 04:50:00,3,-348.57,151.37,36.61,0.0,221.74,0.0,106.43,70.27,92.84
2026-05-24 04:55:00,3,-348.57,151.37,36.45,0.0,227.33,0.0,109.12,70.79,92.72
2026-05-24 05:00:00,3,-348.57,151.37,35.45,0.0,204.89,0.0,98.35,68.78,92.6
2026-05-24 05:05:00,3,-348.57,151.37,36.79,0.0,285.78,0.0,137.17,77.01,92.48
2026-05-24 05:10:00,3,-348.57,151.37,36.19,0.0,260.3,0.0,124.94,74.12,92.35
2026-05-24 05:15:00,3,-348.57,151.37,35.79,0.0,278.96,0.0,133.9,76.21,92.22
2026-05-24 05:20:00,3,-348.57,151.37,37.14,0.0,307.89,0.0,147.79,79.73,92.09
2026-05-24 05:25:00,3,-348.57,151.37,36.86,0.0,294.0,0.0,141.12,78.0,91.96
2026-05-24 05:30:00,3,-348.57,151.37,37.29,0.0,287.78,0.0,138.14,77.25,91.83
2026-05-24 05:35:00,3,-348.57,151.37,37.89,0.0,215.72,0.0,103.54,69.73,91.72
2026-05-24 05:40:00,3,-348.57,151.37,37.26,0.0,313.63,0.0,150.54,80.47,91.58
2026-05-24 05:45:00,3,-348.57,151.37,36.88,0.0,267.88,0.0,128.58,74.95,91.46
2026-05-24 05:50:00,3,-348.57,151.37,37.02,0.0,324.8,0.0,155.91,81.95,91.32
2026-05-24 05:55:00,3,-348.57,151.37,37.75,0.0,315.35,0.0,151.37,80.7,91.19
2026-05-24 06:00:00,3,-348.57,151.37,38.33,0.0,292.91,0.0,140.6,77.87,91.06
2026-05-24 06:05:00,3,-348.57,151.37,38.06,0.0,304.07,0.0,145.95,79.25,90.92
2026-05-24 06:10:00,3,-348.57,151.37,37.62,0.0,216.62,0.0,103.98,69.81,90.81
2026-05-24 06:15:00,3,-348.57,151.37,38.2,0.0,242.73,0.0,116.51,72.3,90.69
2026-05-24 06:20:00,3,-348.57,151.37,39.03,0.0,200.46,0.0,96.22,68.41,90.57
2026-05-24 06:25:00,3,-348.57,151.37,37.56,0.0,266.62,0.0,127.98,74.82,90.45
2026-05-24 06:30:00,3,-348.57,151.37,38.69,0.0,284.58,0.0,136.6,76.87,90.32
2026-05-24 06:35:00,3,-348.57,151.37,39.07,0.0,242.21,0.0,116.26,72.24,90.2
2026-05-24 06:40:00,3,-348.57,151.37,38.66,0.0,212.92,0.0,102.2,69.48,90.08
2026-05-24 06:45:00,3,-348.57,151.37,40.11,0.0,234.2,0.0,112.41,71.45,89.97
2026-05-24 06:50:00,3,-348.57,151.37,39.64,0.0,255.06,0.0,122.43,73.57,89.84
2026-05-24 06:55:00,3,-348.57,151.37,40.08,0.0,208.02,0.0,99.85,69.05,89.73
2026-05-24 07:00:00,3,-348.57,151.37,40.72,0.0,249.58,0.0,119.8,73.0,89.61
2026-05-24 07:05:00,3,-348.57,151.37,39.64,0.0,322.11,0.0,154.61,81.59,89.47
2026-05-24 07:10:00,3,-348.57,151.37,41.29,0.0,297.67,0.0,142.88,78.46,89.34
2026-05-24 07:15:00,3,-348.57,151.37,39.31,0.0,243.36,0.0,116.81,72.36,89.22
2026-05-24 07:20:00,3,-348.57,151.37,41.26,0.0,256.66,0.0,123.2,73.74,89.1
2026-05-24 07:25:00,3,-348.57,151.37,41.38,0.0,315.29,0.0,151.34,80.7,88.96
2026-05-24 07:30:00,3,-348.57,151.37,40.87,0.0,251.15,0.0,120.55,73.16,88.84
2026-05-24 07:35:00,3,-348.57,151.37,40.12,0.0,291.98,0.0,140.15,77.76,88.71
2026-05-24 07:40:00,3,-348.57,151.37,41.18,0.0,314.04,0.0,150.74,80.53,88.58
2026-05-24 07:45:00,3,-348.57,151.37,41.37,0.0,239.0,0.0,114.72,71.93,88.46
2026-05-24 07:50:00,3,-348.57,151.37,41.57,0.0,317.5,0.0,152.4,80.99,88.32
2026-05-24 07:55:00,3,-348.57,151.37,41.51,0.0,267.58,0.0,128.44,74.93,88.2
2026-05-24 08:00:00,3,-348.57,151.37,41.87,0.0,202.27,0.0,97.09,68.57,88.08
2026-05-24 08:05:00,3,-348.57,151.37,41.46,0.0,212.52,0.0,102.01,69.45,87.97
2026-05-24 08:10:00,3,-348.57,151.37,41.41,0.0,247.84,0.0,118.96,72.82,87.84
2026-05-24 08:15:00,3,-348.57,151.37,41.58,0.0,201.98,0.0,96.95,68.54,87.73
2026-05-24 08:20:00,3,-348.57,151.37,42.55,0.0,318.46,0.0,152.86,81.12,87.6
2026-05-24 08:25:00,3,-348.57,151.37,42.56,0.0,234.71,0.0,112.66,71.51,87.48
2026-05-24 08:30:00,3,-348.57,151.37,43.06,0.0,235.34,0.0,112.96,71.57,87.36
2026-05-24 08:35:00,3,-348.57,151.37,42.53,0.0,274.67,0.0,131.84,75.73,87.23
2026-05-24 08:40:00,3,-348.57,151.37,42.86,0.0,217.45,0.0,104.37,69.89,87.11
2026-05-24 08:45:00,3,-348.57,151.37,42.79,0.0,287.04,0.0,137.78,77.17,86.99
2026-05-24 08:50:00,3,-348.57,151.37,43.54,0.0,278.63,0.0,133.74,76.19,86.86
2026-05-24 08:55:00,3,-348.57,151.37,42.38,0.0,228.19,0.0,109.53,70.88,86.74
2026-05-24 09:00:00,3,-348.57,151.37,43.63,0.0,296.6,0.0,142.37,78.33,86.61
2026-05-24 09:05:00,3,-348.57,151.37,42.71,0.0,242.5,0.0,116.4,72.28,86.49
2026-05-24 09:10:00,3,-348.57,151.37,43.23,0.0,266.02,0.0,127.69,74.76,86.36
2026-05-24 09:15:00,3,-348.57,151.37,43.83,0.0,239.03,0.0,114.73,71.94,86.24
2026-05-24 09:20:00,3,-348.57,151.37,43.18,0.0,225.7,0.0,108.33,70.65,86.13
2026-05-24 09:25:00,3,-348.57,151.37,42.97,0.0,217.54,0.0,104.42,69.9,86.01
2026-05-24 09:30:00,3,-348.57,151.37,44.02,0.0,312.36,0.0,149.93,80.32,85.88
2026-05-24 09:35:00,3,-348.57,151.37,43.42,0.0,317.4,0.0,152.35,80.98,85.74
2026-05-24 09:40:00,3,-348.57,151.37,44.24,0.0,296.54,0.0,142.34,78.33,85.61
2026-05-24 09:45:00,3,-348.57,151.37,43.38,0.0,313.2,0.0,150.34,80.43,85.48
2026-05-24 09:50:00,3,-348.57,151.37,44.88,0.0,304.59,0.0,146.2,79.33,85.34
2026-05-24 09:55:00,3,-348.57,151.37,43.81,0.0,289.41,0.0,138.91,77.46,85.22
2026-05-24 10:00:00,3,-348.57,151.37,43.94,0.0,238.48,0.0,114.47,71.88,85.1
2026-05-24 10:05:00,3,-348.57,151.37,44.21,0.0,294.41,0.0,141.32,78.06,84.97
2026-05-24 10:10:00,3,-348.57,151.37,44.06,0.0,207.27,0.0,99.49,69.0,84.85
2026-05-24 10:15:00,3,-348.57,151.37,44.0,0.0,272.79,0.0,130.94,75.52,84.73
2026-05-24 10:20:00,3,-348.57,151.37,45.08,0.0,249.59,0.0,119.8,73.01,84.6
2026-05-24 10:25:00,3,-348.57,151.37,45.43,0.0,273.93,0.0,131.49,75.65,84.48
2026-05-24 10:30:00,3,-348.57,151.37,44.3,0.0,301.96,0.0,144.94,79.0,84.35
2026-05-24 10:35:00,3,-348.57,151.37,44.51,0.0,295.2,0.0,141.69,78.16,84.22
2026-05-24 10:40:00,3,-348.57,151.37,44.8,0.0,320.01,0.0,153.61,81.33,84.08
2026-05-24 10:45:00,3,-348.57,151.37,43.77,0.0,252.69,0.0,121.29,73.33,83.96
2026-05-24 10:50:00,3,-348.57,151.37,44.64,0.0,251.37,0.0,120.66,73.19,83.84
2026-05-24 10:55:00,3,-348.57,151.37,44.87,0.0,302.66,0.0,145.28,79.09,83.7
2026-05-24 11:00:00,3,-348.57,151.37,44.31,0.0,276.9,0.0,132.91,75.99,83.58
2026-05-24 11:05:00,3,-348.57,151.37,44.41,0.0,284.36,0.0,136.49,76.86,83.45
2026-05-24 11:10:00,3,-348.57,151.37,44.55,0.0,200.49,0.0,96.23,68.43,83.34
2026-05-24 11:15:00,3,-348.57,151.37,44.11,0.0,308.56,0.0,148.11,79.83,83.2
2026-05-24 11:20:00,3,-348.57,151.37,45.1,0.0,238.95,0.0,114.69,71.93,83.08
2026-05-24 11:25:00,3,-348.57,151.37,44.53,0.0,250.66,0.0,120.32,73.12,82.96
2026-05-24 11:30:00,3,-348.57,151.37,44.76,0.0,203.61,0.0,97.73,68.69,82.85
2026-05-24 11:35:00,3,-348.57,151.37,44.07,0.0,216.91,0.0,104.12,69.85,82.73
2026-05-24 11:40:00,3,-348.57,151.37,44.44,0.0,265.86,0.0,127.62,74.75,82.6
2026-05-24 11:45:00,3,-348.57,151.37,45.35,0.0,271.31,0.0,130.23,75.36,82.48
2026-05-24 11:50:00,3,-348.57,151.37,44.21,0.0,312.39,0.0,149.95,80.33,82.35
2026-05-24 11:55:00,3,-348.57,151.37,45.21,0.0,280.97,0.0,134.86,76.46,82.22
2026-05-24 12:00:00,3,-348.57,151.37,44.59,0.0,301.17,0.0,144.56,78.9,82.09
2026-05-24 12:05:00,3,-348.57,151.37,44.67,0.0,230.43,0.0,110.61,71.1,81.97
2026-05-24 12:10:00,3,-348.57,151.37,45.2,0.0,202.13,0.0,97.02,68.56,81.85
2026-05-24 12:15:00,3,-348.57,151.37,44.98,0.0,262.93,0.0,126.21,74.43,81.73
2026-05-24 12:20:00,3,-348.57,151.37,44.96,0.0,217.65,0.0,104.47,69.91,81.61
2026-05-24 12:25:00,3,-348.57,151.37,44.25,0.0,201.71,0.0,96.82,68.53,81.5
2026-05-24 12:30:00,3,-348.57,151.37,45.4,0.0,316.88,0.0,152.1,80.91,81.36
2026-05-24 12:35:00,3,-348.57,151.37,44.9,0.0,299.81,0.0,143.91,78.73,81.23
2026-05-24 12:40:00,3,-348.57,151.37,45.04,0.0,283.5,0.0,136.08,76.76,81.1
2026-05-24 12:45:00,3,-348.57,151.37,44.65,0.0,215.1,0.0,103.25,69.69,80.99
2026-05-24 12:50:00,3,-348.57,151.37,44.44,0.0,283.28,0.0,135.98,76.73,80.86
2026-05-24 12:55:00,3,-348.57,151.37,44.43,0.0,289.6,0.0,139.01,77.48,80.73
2026-05-24 13:00:00,3,-348.57,151.37,44.45,0.0,212.99,0.0,102.23,69.5,80.62
2026-05-24 13:05:00,3,-348.57,151.37,45.2,0.0,221.37,0.0,106.26,70.25,80.5
2026-05-24 13:10:00,3,-348.57,151.37,45.01,0.0,295.93,0.0,142.04,78.25,80.37
2026-05-24 13:15:00,3,-348.57,151.37,44.68,0.0,323.21,0.0,155.14,81.75,80.23
2026-05-24 13:20:00,3,-348.57,151.37,44.57,0.0,319.79,0.0,153.5,81.3,80.1
2026-05-24 13:25:00,3,-348.57,151.37,45.02,0.0,277.93,0.0,133.41,76.11,79.97
2026-05-24 13:30:00,3,-348.57,151.37,44.83,0.0,286.23,0.0,137.39,77.08,79.84
2026-05-24 13:35:00,3,-348.57,151.37,43.88,0.0,300.82,0.0,144.4,78.86,79.71
2026-05-24 13:40:00,3,-348.57,151.37,44.33,0.0,217.98,0.0,104.63,69.94,79.59
2026-05-24 13:45:00,3,-348.57,151.37,44.01,0.0,235.82,0.0,113.19,71.62,79.47
2026-05-24 13:50:00,3,-348.57,151.37,44.6,0.0,210.81,0.0,101.19,69.31,79.36
2026-05-24 13:55:00,3,-348.57,151.37,44.46,0.0,229.3,0.0,110.07,71.0,79.24
2026-05-24 14:00:00,3,-348.57,151.37,43.1,0.0,201.13,0.0,96.54,68.48,79.13
2026-05-24 14:05:00,3,-348.57,151.37,43.91,0.0,291.54,0.0,139.94,77.71,79.0
2026-05-24 14:10:00,3,-348.57,151.37,43.43,0.0,213.52,0.0,102.49,69.54,78.88
2026-05-24 14:15:00,3,-348.57,151.37,43.29,0.0,253.81,0.0,121.83,73.45,78.76
2026-05-24 14:20:00,3,-348.57,151.37,43.95,0.0,216.09,0.0,103.72,69.77,78.64
2026-05-24 14:25:00,3,-348.57,151.37,44.0,0.0,227.4,0.0,109.15,70.81,78.52
2026-05-24 14:30:00,3,-348.57,151.37,44.18,0.0,263.28,0.0,126.38,74.47,78.4
2026-05-24 14:35:00,3,-348.57,151.37,43.87,0.0,269.16,0.0,129.2,75.11,78.27
2026-05-24 14:40:00,3,-348.57,151.37,43.99,0.0,225.64,0.0,108.31,70.65,78.16
2026-05-24 14:45:00,3,-348.57,151.37,43.37,0.0,230.34,0.0,110.56,71.09,78.04
2026-05-24 14:50:00,3,-348.57,151.37,43.64,0.0,237.9,0.0,114.19,71.82,77.92
2026-05-24 14:55:00,3,-348.57,151.37,42.93,0.0,311.99,0.0,149.76,80.27,77.78
2026-05-24 15:00:00,3,-348.57,151.37,42.79,0.0,306.66,0.0,147.2,79.59,77.65
2026-05-24 15:05:00,3,-348.57,151.37,42.84,0.0,277.18,0.0,133.05,76.02,77.53
2026-05-24 15:10:00,3,-348.57,151.37,43.08,0.0,265.04,0.0,127.22,74.65,77.4
2026-05-24 15:15:00,3,-348.57,151.37,42.76,0.0,319.65,0.0,153.43,81.27,77.27
2026-05-24 15:20:00,3,-348.57,151.37,43.27,0.0,266.29,0.0,127.82,74.79,77.14
2026-05-24 15:25:00,3,-348.57,151.37,42.83,0.0,218.67,0.0,104.96,70.0,77.02
2026-05-24 15:30:00,3,-348.57,151.37,41.96,0.0,251.15,0.0,120.55,73.16,76.9
2026-05-24 15:35:00,3,-348.57,151.37,41.67,0.0,296.0,0.0,142.08,78.25,76.77
2026-05-24 15:40:00,3,-348.57,151.37,41.84,0.0,280.02,0.0,134.41,76.34,76.64
2026-05-24 15:45:00,3,-348.57,151.37,42.77,0.0,286.53,0.0,137.54,77.11,76.52
2026-05-24 15:50:00,3,-348.57,151.37,41.8,0.0,262.31,0.0,125.91,74.35,76.39
2026-05-24 15:55:00,3,-348.57,151.37,42.11,0.0,245.58,0.0,117.88,72.59,76.27
2026-05-24 16:00:00,3,-348.57,151.37,41.48,0.0,209.97,0.0,100.79,69.23,76.16
2026-05-24 16:05:00,3,-348.57,151.37,41.53,0.0,302.18,0.0,145.05,79.02,76.02
2026-05-24 16:10:00,3,-348.57,151.37,41.21,0.0,225.07,0.0,108.03,70.59,75.91
2026-05-24 16:15:00,3,-348.57,151.37,40.59,0.0,286.28,0.0,137.41,77.08,75.78
2026-05-24 16:20:00,3,-348.57,151.37,40.7,0.0,254.86,0.0,122.33,73.55,75.66
2026-05-24 16:25:00,3,-348.57,151.37,40.87,0.0,241.26,0.0,115.8,72.15,75.54
2026-05-24 16:30:00,3,-348.57,151.37,41.27,0.0,277.52,0.0,133.21,76.05,75.41
2026-05-24 16:35:00,3,-348.57,151.37,40.51,0.0,230.86,0.0,110.82,71.14,75.29
2026-05-24 16:40:00,3,-348.57,151.37,40.58,0.0,224.88,0.0,107.94,70.57,75.17
2026-05-24 16:45:00,3,-348.57,151.37,41.48,0.0,239.66,0.0,115.04,72.0,75.05
2026-05-24 16:50:00,3,-348.57,151.37,40.39,0.0,203.6,0.0,97.73,68.68,74.94
2026-05-24 16:55:00,3,-348.57,151.37,40.62,0.0,289.0,0.0,138.72,77.4,74.81
2026-05-24 17:00:00,3,-348.57,151.37,39.69,0.0,283.11,0.0,135.89,76.7,74.68
2026-05-24 17:05:00,3,-348.57,151.37,40.14,0.0,272.12,0.0,130.62,75.44,74.56
2026-05-24 17:10:00,3,-348.57,151.37,38.97,0.0,311.62,0.0,149.58,80.22,74.42
2026-05-24 17:15:00,3,-348.57,151.37,39.62,0.0,268.93,0.0,129.08,75.08,74.3
2026-05-24 17:20:00,3,-348.57,151.37,39.97,0.0,282.17,0.0,135.44,76.59,74.17
2026-05-24 17:25:00,3,-348.57,151.37,39.04,0.0,240.41,0.0,115.4,72.07,74.05
2026-05-24 17:30:00,3,-348.57,151.37,38.75,0.0,272.61,0.0,130.85,75.49,73.92
2026-05-24 17:35:00,3,-348.57,151.37,39.15,0.0,322.18,0.0,154.65,81.6,73.79
2026-05-24 17:40:00,3,-348.57,151.37,38.59,0.0,323.35,0.0,155.21,81.76,73.65
2026-05-24 17:45:00,3,-348.57,151.37,38.78,0.0,292.9,0.0,140.59,77.87,73.52
2026-05-24 17:50:00,3,-348.57,151.37,38.55,0.0,257.87,0.0,123.78,73.87,73.4
2026-05-24 17:55:00,3,-348.57,151.37,37.36,0.0,243.35,0.0,116.81,72.36,73.28
2026-05-24 18:00:00,3,-348.57,151.37,38.16,0.0,211.48,0.0,101.51,69.35,73.16
2026-05-24 18:05:00,3,-348.57,151.37,38.09,0.0,312.02,0.0,149.77,80.27,73.03
2026-05-24 18:10:00,3,-348.57,151.37,37.67,0.0,201.51,0.0,96.72,68.5,72.91
2026-05-24 18:15:00,3,-348.57,151.37,37.69,0.0,292.54,0.0,140.42,77.82,72.78
2026-05-24 18:20:00,3,-348.57,151.37,37.84,0.0,262.59,0.0,126.04,74.37,72.66
2026-05-24 18:25:00,3,-348.57,151.37,37.8,0.0,284.46,0.0,136.54,76.86,72.53
2026-05-24 18:30:00,3,-348.57,151.37,37.43,0.0,274.63,0.0,131.82,75.72,72.41
2026-05-24 18:35:00,3,-348.57,151.37,36.61,0.0,289.01,0.0,138.72,77.39,72.28
2026-05-24 18:40:00,3,-348.57,151.37,36.85,0.0,201.99,0.0,96.95,68.53,72.16
2026-05-24 18:45:00,3,-348.57,151.37,36.81,0.0,287.82,0.0,138.15,77.25,72.03
2026-05-24 18:50:00,3,-348.57,151.37,36.36,0.0,276.22,0.0,132.59,75.9,71.91
2026-05-24 18:55:00,3,-348.57,151.37,37.55,0.0,321.57,0.0,154.36,81.52,71.77
2026-05-24 19:00:00,3,-348.57,151.37,34.79,0.0,258.28,0.0,123.98,73.91,71.65
2026-05-24 19:05:00,3,-348.57,151.37,36.27,0.0,293.7,0.0,140.98,77.96,71.52
2026-05-24 19:10:00,3,-348.57,151.37,35.76,0.0,272.29,0.0,130.7,75.45,71.39
2026-05-24 19:15:00,3,-348.57,151.37,35.61,0.0,293.08,0.0,140.68,77.88,71.26
2026-05-24 19:20:00,3,-348.57,151.37,35.43,0.0,206.69,0.0,99.21,68.93,71.15
2026-05-24 19:25:00,3,-348.57,151.37,35.49,0.0,214.33,0.0,102.88,69.6,71.03
2026-05-24 19:30:00,3,-348.57,151.37,36.26,0.0,222.29,0.0,106.7,70.32,70.91
2026-05-24 19:35:00,3,-348.57,151.37,35.51,0.0,287.04,0.0,137.78,77.16,70.79
2026-05-24 19:40:00,3,-348.57,151.37,34.11,0.0,237.95,0.0,114.22,71.81,70.67
2026-05-24 19:45:00,3,-348.57,151.37,33.89,0.0,286.07,0.0,137.31,77.04,70.54
2026-05-24 19:50:00,3,-348.57,151.37,34.58,0.0,254.74,0.0,122.28,73.53,70.42
2026-05-24 19:55:00,3,-348.57,151.37,34.24,0.0,249.67,0.0,119.84,73.0,70.29
2026-05-24 20:00:00,3,-348.57,151.37,34.48,0.0,223.97,0.0,107.51,70.47,70.18
2026-05-24 20:05:00,3,-348.57,151.37,34.71,0.0,221.74,0.0,106.44,70.27,70.06
2026-05-24 20:10:00,3,-348.57,151.37,33.8,0.0,279.62,0.0,134.22,76.28,69.93
2026-05-24 20:15:00,3,-348.57,151.37,34.21,0.0,310.11,0.0,148.85,80.01,69.8
2026-05-24 20:20:00,3,-348.57,151.37,33.8,0.0,248.78,0.0,119.41,72.9,69.68
2026-05-24 20:25:00,3,-348.57,151.37,34.26,0.0,306.93,0.0,147.33,79.61,69.54
2026-05-24 20:30:00,3,-348.57,151.37,34.69,0.0,275.5,0.0,132.24,75.81,69.42
2026-05-24 20:35:00,3,-348.57,151.37,33.33,0.0,267.92,0.0,128.6,74.95,69.29
2026-05-24 20:40:00,3,-348.57,151.37,33.97,0.0,224.09,0.0,107.56,70.48,69.18
2026-05-24 20:45:00,3,-348.57,151.37,33.68,0.0,301.15,0.0,144.55,78.87,69.04
2026-05-24 20:50:00,3,-348.57,151.37,33.08,0.0,279.76,0.0,134.29,76.3,68.92
2026-05-24 20:55:00,3,-348.57,151.37,33.72,0.0,225.54,0.0,108.26,70.62,68.8
2026-05-24 21:00:00,3,-348.57,151.37,33.13,0.0,215.63,0.0,103.5,69.71,68.68
2026-05-24 21:05:00,3,-348.57,151.37,32.5,0.0,275.96,0.0,132.46,75.86,68.56
2026-05-24 21:10:00,3,-348.57,151.37,33.31,0.0,201.97,0.0,96.94,68.53,68.44
2026-05-24 21:15:00,3,-348.57,151.37,32.99,0.0,282.22,0.0,135.46,76.58,68.31
2026-05-24 21:20:00,3,-348.57,151.37,32.66,0.0,291.04,0.0,139.7,77.63,68.19
2026-05-24 21:25:00,3,-348.57,151.37,32.47,0.0,268.44,0.0,128.85,75.01,68.06
2026-05-24 21:30:00,3,-348.57,151.37,32.7,0.0,276.2,0.0,132.58,75.89,67.93
2026-05-24 21:35:00,3,-348.57,151.37,32.99,0.0,206.17,0.0,98.96,68.88,67.82
2026-05-24 21:40:00,3,-348.57,151.37,32.34,0.0,310.25,0.0,148.92,80.03,67.69
2026-05-24 21:45:00,3,-348.57,151.37,32.29,0.0,227.49,0.0,109.2,70.8,67.57
2026-05-24 21:50:00,3,-348.57,151.37,31.59,0.0,309.84,0.0,148.72,79.97,67.43
2026-05-24 21:55:00,3,-348.57,151.37,32.56,0.0,242.66,0.0,116.48,72.28,67.31
2026-05-24 22:00:00,3,-348.57,151.37,32.19,0.0,304.79,0.0,146.3,79.33,67.18
2026-05-24 22:05:00,3,-348.57,151.37,32.12,0.0,221.55,0.0,106.35,70.25,67.06
2026-05-24 22:10:00,3,-348.57,151.37,32.21,0.0,275.52,0.0,132.25,75.81,66.94
2026-05-24 22:15:00,3,-348.57,151.37,31.93,0.0,314.59,0.0,151.01,80.59,66.8
2026-05-24 22:20:00,3,-348.57,151.37,30.9,0.0,318.83,0.0,153.04,81.14,66.67
2026-05-24 22:25:00,3,-348.57,151.37,32.01,0.0,264.01,0.0,126.72,74.52,66.54
2026-05-24 22:30:00,3,-348.57,151.37,30.67,0.0,295.54,0.0,141.86,78.18,66.41
2026-05-24 22:35:00,3,-348.57,151.37,31.04,0.0,210.13,0.0,100.86,69.22,66.3
2026-05-24 22:40:00,3,-348.57,151.37,31.03,0.0,248.34,0.0,119.2,72.85,66.18
2026-05-24 22:45:00,3,-348.57,151.37,31.92,0.0,311.99,0.0,149.76,80.25,66.04
2026-05-24 22:50:00,3,-348.57,151.37,32.29,0.0,309.84,0.0,148.72,79.97,65.91
2026-05-24 22:55:00,3,-348.57,151.37,31.33,0.0,308.51,0.0,148.08,79.8,65.78
2026-05-24 23:00:00,3,-348.57,151.37,31.02,0.0,204.92,0.0,98.36,68.77,65.66
2026-05-24 23:05:00,3,-348.57,151.37,31.64,0.0,261.93,0.0,125.73,74.29,65.54
2026-05-24 23:10:00,3,-348.57,151.37,31.38,0.0,305.08,0.0,146.44,79.37,65.41
2026-05-24 23:15:00,3,-348.57,151.37,31.38,0.0,241.18,0.0,115.77,72.13,65.29
2026-05-24 23:20:00,3,-348.57,151.37,31.46,0.0,224.19,0.0,107.61,70.49,65.17
2026-05-24 23:25:00,3,-348.57,151.37,31.45,0.0,301.13,0.0,144.54,78.87,65.04
2026-05-24 23:30:00,3,-348.57,151.37,31.83,0.0,301.82,0.0,144.87,78.96,64.91
2026-05-24 23:35:00,3,-348.57,151.37,31.77,0.0,275.13,0.0,132.06,75.76,64.78
2026-05-24 23:40:00,3,-348.57,151.37,30.53,0.0,257.45,0.0,123.58,73.81,64.66
2026-05-24 23:45:00,3,-348.57,151.37,30.87,0.0,293.31,0.0,140.79,77.9,64.53
2026-05-24 23:50:00,3,-348.57,151.37,30.99,0.0,235.19,0.0,112.89,71.53,64.41
2026-05-24 23:55:00,3,-348.57,151.37,30.89,0.0,305.26,0.0,146.53,79.39,64.28
2026-05-25 00:00:00,3,-348.57,151.37,30.98,0.0,219.47,0.0,105.35,70.05,64.16
2026-05-25 00:05:00,3,-348.57,151.37,31.2,0.0,200.93,0.0,96.45,68.44,64.04
2026-05-25 00:10:00,3,-348.57,151.37,30.68,0.0,277.31,0.0,133.11,76.01,63.92
2026-05-25 00:15:00,3,-348.57,151.37,31.02,0.0,262.69,0.0,126.09,74.37,63.79
2026-05-25 00:20:00,3,-348.57,151.37,31.35,0.0,231.1,0.0,110.93,71.14,63.68
2026-05-25 00:25:00,3,-348.57,151.37,30.95,0.0,262.75,0.0,126.12,74.38,63.55
2026-05-25 00:30:00,3,-348.57,151.37,31.73,0.0,241.36,0.0,115.85,72.15,63.43
2026-05-25 00:35:00,3,-348.57,151.37,31.14,0.0,310.93,0.0,149.25,80.11,63.3
2026-05-25 00:40:00,3,-348.57,151.37,31.15,0.0,272.78,0.0,130.93,75.49,63.17
2026-05-25 00:45:00,3,-348.57,151.37,31.74,0.0,204.18,0.0,98.01,68.71,63.06
2026-05-25 00:50:00,3,-348.57,151.37,30.62,0.0,313.82,0.0,150.64,80.49,62.92
2026-05-25 00:55:00,3,-348.57,151.37,31.52,0.0,318.7,0.0,152.98,81.13,62.79
2026-05-25 01:00:00,3,-348.57,151.37,31.78,0.0,209.39,0.0,100.5,69.16,62.67
2026-05-25 01:05:00,3,-348.57,151.37,30.68,0.0,203.18,0.0,97.53,68.63,62.56
2026-05-25 01:10:00,3,-348.57,151.37,32.25,0.0,249.9,0.0,119.95,73.02,62.44
2026-05-25 01:15:00,3,-348.57,151.37,31.46,0.0,311.17,0.0,149.36,80.14,62.3
2026-05-25 01:20:00,3,-348.57,151.37,31.32,0.0,240.83,0.0,115.6,72.09,62.18
2026-05-25 01:25:00,3,-348.57,151.37,30.96,0.0,266.02,0.0,127.69,74.74,62.06
2026-05-25 01:30:00,3,-348.57,151.37,31.46,0.0,255.16,0.0,122.48,73.57,61.94
2026-05-25 01:35:00,3,-348.57,151.37,32.2,0.0,230.84,0.0,110.8,71.12,61.82
2026-05-25 01:40:00,3,-348.57,151.37,31.64,0.0,206.41,0.0,99.08,68.9,61.7
2026-05-25 01:45:00,3,-348.57,151.37,31.37,0.0,230.25,0.0,110.52,71.06,61.58
2026-05-25 01:50:00,3,-348.57,151.37,30.82,0.0,252.72,0.0,121.31,73.31,61.46
2026-05-25 01:55:00,3,-348.57,151.37,32.79,0.0,270.22,0.0,129.71,75.21,61.34
2026-05-25 02:00:00,3,-348.57,151.37,31.6,0.0,269.65,0.0,129.43,75.14,61.21
2026-05-25 02:05:00,3,-348.57,151.37,32.68,0.0,313.49,0.0,150.48,80.45,61.08
2026-05-25 02:10:00,3,-348.57,151.37,32.64,0.0,273.77,0.0,131.41,75.61,60.95
2026-05-25 02:15:00,3,-348.57,151.37,32.92,0.0,316.86,0.0,152.09,80.89,60.82
2026-05-25 02:20:00,3,-348.57,151.37,32.1,0.0,298.67,0.0,143.36,78.56,60.69
2026-05-25 02:25:00,3,-348.57,151.37,31.84,0.0,214.65,0.0,103.03,69.62,60.57
2026-05-25 02:30:00,3,-348.57,151.37,32.15,0.0,205.57,0.0,98.67,68.83,60.45
2026-05-25 02:35:00,3,-348.57,151.37,32.01,0.0,290.23,0.0,139.31,77.53,60.33
2026-05-25 02:40:00,3,-348.57,151.37,32.09,0.0,270.93,0.0,130.04,75.29,60.2
2026-05-25 02:45:00,3,-348.57,151.37,32.92,0.0,203.04,0.0,97.46,68.62,60.09
2026-05-25 02:50:00,3,-348.57,151.37,33.35,0.0,261.65,0.0,125.59,74.26,59.96
2026-05-25 02:55:00,3,-348.57,151.37,33.62,0.0,201.42,0.0,96.68,68.48,59.85
2026-05-25 03:00:00,3,-348.57,151.37,33.48,0.0,216.95,0.0,104.13,69.83,59.73
2026-05-25 03:05:00,3,-348.57,151.37,32.45,0.0,278.04,0.0,133.46,76.1,59.6
2026-05-25 03:10:00,3,-348.57,151.37,32.43,0.0,290.95,0.0,139.66,77.62,59.47
2026-05-25 03:15:00,3,-348.57,151.37,33.37,0.0,210.95,0.0,101.26,69.3,59.36
2026-05-25 03:20:00,3,-348.57,151.37,33.36,0.0,221.49,0.0,106.32,70.24,59.24
2026-05-25 03:25:00,3,-348.57,151.37,33.61,0.0,201.83,0.0,96.88,68.52,59.13
2026-05-25 03:30:00,3,-348.57,151.37,33.25,0.0,268.05,0.0,128.66,74.97,59.0
2026-05-25 03:35:00,3,-348.57,151.37,34.47,0.0,289.34,0.0,138.88,77.43,58.87
2026-05-25 03:40:00,3,-348.57,151.37,33.88,0.0,227.1,0.0,109.01,70.76,58.76
2026-05-25 03:45:00,3,-348.57,151.37,34.24,0.0,295.92,0.0,142.04,78.23,58.63
2026-05-25 03:50:00,3,-348.57,151.37,34.74,0.0,205.52,0.0,98.65,68.83,58.51
2026-05-25 03:55:00,3,-348.57,151.37,34.39,0.0,213.23,0.0,102.35,69.5,58.4
2026-05-25 04:00:00,3,-348.57,151.37,33.89,0.0,213.27,0.0,102.37,69.5,58.28
2026-05-25 04:05:00,3,-348.57,151.37,34.88,0.0,294.13,0.0,141.18,78.01,58.15
2026-05-25 04:10:00,3,-348.57,151.37,34.28,0.0,205.48,0.0,98.63,68.83,58.03
2026-05-25 04:15:00,3,-348.57,151.37,35.56,0.0,283.34,0.0,136.0,76.72,57.91
2026-05-25 04:20:00,3,-348.57,151.37,35.92,0.0,314.39,0.0,150.91,80.57,57.77
2026-05-25 04:25:00,3,-348.57,151.37,34.99,0.0,209.14,0.0,100.39,69.14,57.66
2026-05-25 04:30:00,3,-348.57,151.37,35.09,0.0,315.41,0.0,151.4,80.7,57.52
2026-05-25 04:35:00,3,-348.57,151.37,35.99,0.0,268.38,0.0,128.82,75.01,57.4
2026-05-25 04:40:00,3,-348.57,151.37,34.68,0.0,203.68,0.0,97.77,68.67,57.28
2026-05-25 04:45:00,3,-348.57,151.37,35.18,0.0,247.21,0.0,118.66,72.74,57.16
2026-05-25 04:50:00,3,-348.57,151.37,36.23,0.0,300.05,0.0,144.02,78.74,57.03
2026-05-25 04:55:00,3,-348.57,151.37,36.64,0.0,240.66,0.0,115.52,72.09,56.91
2026-05-25 05:00:00,3,-348.57,151.37,35.64,0.0,296.67,0.0,142.4,78.32,56.78
2026-05-25 05:05:00,3,-348.57,151.37,36.63,0.0,300.3,0.0,144.14,78.77,56.65
2026-05-25 05:10:00,3,-348.57,151.37,36.18,0.0,221.53,0.0,106.33,70.25,56.53
2026-05-25 05:15:00,3,-348.57,151.37,36.2,0.0,253.44,0.0,121.65,73.39,56.41
2026-05-25 05:20:00,3,-348.57,151.37,36.66,0.0,250.36,0.0,120.17,73.07,56.29
2026-05-25 05:25:00,3,-348.57,151.37,37.01,0.0,218.46,0.0,104.86,69.97,56.17
2026-05-25 05:30:00,3,-348.57,151.37,36.88,0.0,266.71,0.0,128.02,74.83,56.05
2026-05-25 05:35:00,3,-348.57,151.37,37.55,0.0,224.49,0.0,107.76,70.53,55.93
2026-05-25 05:40:00,3,-348.57,151.37,37.04,0.0,209.8,0.0,100.7,69.2,55.81
2026-05-25 05:45:00,3,-348.57,151.37,37.33,0.0,213.72,0.0,102.59,69.55,55.7
2026-05-25 05:50:00,3,-348.57,151.37,37.86,0.0,255.42,0.0,122.6,73.6,55.57
2026-05-25 05:55:00,3,-348.57,151.37,38.02,0.0,210.05,0.0,100.83,69.23,55.46
2026-05-25 06:00:00,3,-348.57,151.37,37.66,0.0,228.91,0.0,109.87,70.94,55.34
2026-05-25 06:05:00,3,-348.57,151.37,38.28,0.0,305.93,0.0,146.85,79.49,55.21
2026-05-25 06:10:00,3,-348.57,151.37,38.07,0.0,275.23,0.0,132.11,75.79,55.08
2026-05-25 06:15:00,3,-348.57,151.37,39.02,0.0,275.43,0.0,132.2,75.81,54.96
2026-05-25 06:20:00,3,-348.57,151.37,38.2,0.0,255.01,0.0,122.41,73.56,54.83
2026-05-25 06:25:00,3,-348.57,151.37,38.38,0.0,301.09,0.0,144.52,78.88,54.7
2026-05-25 06:30:00,3,-348.57,151.37,38.21,0.0,278.72,0.0,133.79,76.19,54.58
2026-05-25 06:35:00,3,-348.57,151.37,38.81,0.0,227.71,0.0,109.3,70.83,54.46
2026-05-25 06:40:00,3,-348.57,151.37,38.65,0.0,271.62,0.0,130.38,75.38,54.33
2026-05-25 06:45:00,3,-348.57,151.37,39.19,0.0,211.96,0.0,101.74,69.4,54.22
2026-05-25 06:50:00,3,-348.57,151.37,39.87,0.0,213.69,0.0,102.57,69.55,54.1
2026-05-25 06:55:00,3,-348.57,151.37,39.65,0.0,291.7,0.0,140.02,77.73,53.97
2026-05-25 07:00:00,3,-348.57,151.37,39.04,0.0,284.29,0.0,136.46,76.84,53.84
2026-05-25 07:05:00,3,-348.57,151.37,39.76,0.0,286.16,0.0,137.36,77.06,53.71
2026-05-25 07:10:00,3,-348.57,151.37,39.38,0.0,215.8,0.0,103.58,69.74,53.6
2026-05-25 07:15:00,3,-348.57,151.37,39.85,0.0,296.34,0.0,142.25,78.29,53.47
2026-05-25 07:20:00,3,-348.57,151.37,40.73,0.0,242.26,0.0,116.28,72.25,53.35
2026-05-25 07:25:00,3,-348.57,151.37,40.81,0.0,324.56,0.0,155.79,81.93,53.21
2026-05-25 07:30:00,3,-348.57,151.37,41.17,0.0,270.54,0.0,129.86,75.26,53.08
2026-05-25 07:35:00,3,-348.57,151.37,41.2,0.0,205.78,0.0,98.78,68.87,52.97
2026-05-25 07:40:00,3,-348.57,151.37,40.93,0.0,216.51,0.0,103.93,69.8,52.85
2026-05-25 07:45:00,3,-348.57,151.37,40.93,0.0,286.51,0.0,137.53,77.11,52.73
2026-05-25 07:50:00,3,-348.57,151.37,40.85,0.0,284.82,0.0,136.71,76.9,52.6
2026-05-25 07:55:00,3,-348.57,151.37,40.93,0.0,311.21,0.0,149.38,80.17,52.46
2026-05-25 08:00:00,3,-348.57,151.37,41.77,0.0,270.74,0.0,129.96,75.29,52.34
2026-05-25 08:05:00,3,-348.57,151.37,41.95,0.0,282.99,0.0,135.83,76.69,52.21
2026-05-25 08:10:00,3,-348.57,151.37,42.49,0.0,238.5,0.0,114.48,71.88,52.09
2026-05-25 08:15:00,3,-348.57,151.37,42.18,0.0,206.93,0.0,99.33,68.97,51.98
2026-05-25 08:20:00,3,-348.57,151.37,42.01,0.0,207.54,0.0,99.62,69.02,51.86
2026-05-25 08:25:00,3,-348.57,151.37,40.98,0.0,267.06,0.0,128.19,74.87,51.74
2026-05-25 08:30:00,3,-348.57,151.37,41.99,0.0,252.15,0.0,121.03,73.27,51.61
2026-05-25 08:35:00,3,-348.57,151.37,41.46,0.0,279.79,0.0,134.3,76.32,51.49
2026-05-25 08:40:00,3,-348.57,151.37,42.88,0.0,291.88,0.0,140.1,77.75,51.36
2026-05-25 08:45:00,3,-348.57,151.37,43.29,0.0,320.01,0.0,153.61,81.32,51.22
2026-05-25 08:50:00,3,-348.57,151.37,43.7,0.0,298.35,0.0,143.21,78.55,51.09
2026-05-25 08:55:00,3,-348.57,151.37,43.24,0.0,261.87,0.0,125.7,74.31,50.97
2026-05-25 09:00:00,3,-348.57,151.37,43.65,0.0,321.3,0.0,154.23,81.5,50.83
2026-05-25 09:05:00,3,-348.57,151.37,43.07,0.0,258.54,0.0,124.1,73.95,50.71
2026-05-25 09:10:00,3,-348.57,151.37,41.77,0.0,261.27,0.0,125.41,74.24,50.58
2026-05-25 09:15:00,3,-348.57,151.37,43.3,0.0,318.2,0.0,152.73,81.08,50.45
2026-05-25 09:20:00,3,-348.57,151.37,42.99,0.0,278.19,0.0,133.53,76.14,50.32
2026-05-25 09:25:00,3,-348.57,151.37,43.67,0.0,209.07,0.0,100.35,69.15,50.21
2026-05-25 09:30:00,3,-348.57,151.37,43.87,0.0,233.05,0.0,111.86,71.35,50.09
2026-05-25 09:35:00,3,-348.57,151.37,43.31,0.0,245.04,0.0,117.62,72.54,49.97
2026-05-25 09:40:00,3,-348.57,151.37,43.49,0.0,210.38,0.0,100.98,69.27,49.85
2026-05-25 09:45:00,3,-348.57,151.37,44.54,0.0,221.65,0.0,106.39,70.28,49.73
2026-05-25 09:50:00,3,-348.57,151.37,44.39,0.0,314.9,0.0,151.15,80.65,49.6
2026-05-25 09:55:00,3,-348.57,151.37,43.76,0.0,218.46,0.0,104.86,69.99,49.48
2026-05-25 10:00:00,3,-348.57,151.37,44.33,0.0,213.19,0.0,102.33,69.52,49.37
2026-05-25 10:05:00,3,-348.57,151.37,44.41,0.0,284.79,0.0,136.7,76.91,49.24
2026-05-25 10:10:00,3,-348.57,151.37,44.11,0.0,305.91,0.0,146.84,79.5,49.11
2026-05-25 10:15:00,3,-348.57,151.37,44.89,0.0,324.1,0.0,155.57,81.87,48.97
2026-05-25 10:20:00,3,-348.57,151.37,44.36,0.0,255.56,0.0,122.67,73.63,48.85
2026-05-25 10:25:00,3,-348.57,151.37,44.18,0.0,220.0,0.0,105.6,70.13,48.73
2026-05-25 10:30:00,3,-348.57,151.37,43.78,0.0,311.28,0.0,149.42,80.18,48.6
2026-05-25 10:35:00,3,-348.57,151.37,44.47,0.0,254.44,0.0,122.13,73.52,48.47
2026-05-25 10:40:00,3,-348.57,151.37,44.9,0.0,319.63,0.0,153.42,81.28,48.34
2026-05-25 10:45:00,3,-348.57,151.37,44.1,0.0,307.52,0.0,147.61,79.7,48.21
2026-05-25 10:50:00,3,-348.57,151.37,44.61,0.0,269.21,0.0,129.22,75.12,48.08
2026-05-25 10:55:00,3,-348.57,151.37,45.46,0.0,301.34,0.0,144.64,78.92,47.95
2026-05-25 11:00:00,3,-348.57,151.37,45.08,0.0,205.34,0.0,98.56,68.84,47.83
2026-05-25 11:05:00,3,-348.57,151.37,44.62,0.0,209.3,0.0,100.47,69.18,47.72
2026-05-25 11:10:00,3,-348.57,151.37,44.27,0.0,260.35,0.0,124.97,74.15,47.6
2026-05-25 11:15:00,3,-348.57,151.37,44.96,0.0,232.11,0.0,111.41,71.26,47.48
2026-05-25 11:20:00,3,-348.57,151.37,45.12,0.0,244.16,0.0,117.2,72.45,47.36
2026-05-25 11:25:00,3,-348.57,151.37,45.29,0.0,217.9,0.0,104.59,69.94,47.24
2026-05-25 11:30:00,3,-348.57,151.37,44.56,0.0,246.43,0.0,118.29,72.68,47.12
2026-05-25 11:35:00,3,-348.57,151.37,44.32,0.0,206.21,0.0,98.98,68.91,47.0
2026-05-25 11:40:00,3,-348.57,151.37,44.68,0.0,314.98,0.0,151.19,80.66,46.87
2026-05-25 11:45:00,3,-348.57,151.37,45.29,0.0,295.85,0.0,142.01,78.24,46.74
2026-05-25 11:50:00,3,-348.57,151.37,45.0,0.0,302.2,0.0,145.06,79.03,46.61
2026-05-25 11:55:00,3,-348.57,151.37,45.05,0.0,308.53,0.0,148.09,79.83,46.47
2026-05-25 12:00:00,3,-348.57,151.37,44.79,0.0,305.52,0.0,146.65,79.45,46.34
2026-05-25 12:05:00,3,-348.57,151.37,44.83,0.0,307.28,0.0,147.5,79.67,46.21
2026-05-25 12:10:00,3,-348.57,151.37,46.05,0.0,303.88,0.0,145.86,79.24,46.08
2026-05-25 12:15:00,3,-348.57,151.37,45.4,0.0,279.13,0.0,133.98,76.25,45.95
2026-05-25 12:20:00,3,-348.57,151.37,45.87,0.0,200.09,0.0,96.05,68.4,45.84
2026-05-25 12:25:00,3,-348.57,151.37,45.13,0.0,267.39,0.0,128.35,74.92,45.71
2026-05-25 12:30:00,3,-348.57,151.37,45.66,0.0,234.48,0.0,112.55,71.49,45.59
2026-05-25 12:35:00,3,-348.57,151.37,45.52,0.0,323.15,0.0,155.11,81.75,45.45
2026-05-25 12:40:00,3,-348.57,151.37,45.22,0.0,269.68,0.0,129.45,75.17,45.33
2026-05-25 12:45:00,3,-348.57,151.37,45.01,0.0,287.22,0.0,137.86,77.2,45.2
2026-05-25 12:50:00,3,-348.57,151.37,45.32,0.0,276.28,0.0,132.62,75.92,45.07
2026-05-25 12:55:00,3,-348.57,151.37,44.88,0.0,262.34,0.0,125.92,74.36,44.95
2026-05-25 13:00:00,3,-348.57,151.37,45.76,0.0,272.44,0.0,130.77,75.48,44.82
2026-05-25 13:05:00,3,-348.57,151.37,45.23,0.0,214.14,0.0,102.79,69.6,44.71
2026-05-25 13:10:00,3,-348.57,151.37,43.9,0.0,257.42,0.0,123.56,73.83,44.59
2026-05-25 13:15:00,3,-348.57,151.37,44.34,0.0,302.07,0.0,144.99,79.01,44.45
2026-05-25 13:20:00,3,-348.57,151.37,44.16,0.0,210.67,0.0,101.12,69.29,44.34
2026-05-25 13:25:00,3,-348.57,151.37,43.99,0.0,286.71,0.0,137.62,77.14,44.21
2026-05-25 13:30:00,3,-348.57,151.37,44.35,0.0,299.49,0.0,143.76,78.69,44.08
2026-05-25 13:35:00,3,-348.57,151.37,44.18,0.0,216.82,0.0,104.07,69.84,43.96
2026-05-25 13:40:00,3,-348.57,151.37,43.78,0.0,270.29,0.0,129.74,75.24,43.84
2026-05-25 13:45:00,3,-348.57,151.37,44.09,0.0,239.22,0.0,114.83,71.96,43.72
2026-05-25 13:50:00,3,-348.57,151.37,43.25,0.0,213.28,0.0,102.37,69.52,43.6
2026-05-25 13:55:00,3,-348.57,151.37,44.54,0.0,294.79,0.0,141.5,78.11,43.47
2026-05-25 14:00:00,3,-348.57,151.37,44.3,0.0,287.46,0.0,137.98,77.23,43.34
2026-05-25 14:05:00,3,-348.57,151.37,44.12,0.0,287.82,0.0,138.15,77.27,43.21
2026-05-25 14:10:00,3,-348.57,151.37,43.96,0.0,211.13,0.0,101.34,69.33,43.1
2026-05-25 14:15:00,3,-348.57,151.37,43.96,0.0,235.94,0.0,113.25,71.63,42.98
2026-05-25 14:20:00,3,-348.57,151.37,43.32,0.0,279.76,0.0,134.28,76.32,42.85
2026-05-25 14:25:00,3,-348.57,151.37,43.14,0.0,239.35,0.0,114.89,71.97,42.73
2026-05-25 14:30:00,3,-348.57,151.37,44.32,0.0,251.6,0.0,120.77,73.22,42.61
2026-05-25 14:35:00,3,-348.57,151.37,43.9,0.0,211.6,0.0,101.57,69.37,42.49
2026-05-25 14:40:00,3,-348.57,151.37,43.62,0.0,219.18,0.0,105.21,70.05,42.38
2026-05-25 14:45:00,3,-348.57,151.37,43.28,0.0,247.57,0.0,118.83,72.8,42.26
2026-05-25 14:50:00,3,-348.57,151.37,43.27,0.0,316.05,0.0,151.7,80.8,42.12
2026-05-25 14:55:00,3,-348.57,151.37,42.75,0.0,248.86,0.0,119.45,72.93,42.0
2026-05-25 15:00:00,3,-348.57,151.37,43.13,0.0,292.92,0.0,140.6,77.88,41.87
2026-05-25 15:05:00,3,-348.57,151.37,43.9,0.0,213.65,0.0,102.55,69.55,41.75
2026-05-25 15:10:00,3,-348.57,151.37,42.14,0.0,301.47,0.0,144.7,78.93,41.62
2026-05-25 15:15:00,3,-348.57,151.37,42.59,0.0,245.36,0.0,117.77,72.57,41.5
2026-05-25 15:20:00,3,-348.57,151.37,42.41,0.0,218.46,0.0,104.86,69.98,41.38
2026-05-25 15:25:00,3,-348.57,151.37,42.35,0.0,302.06,0.0,144.99,79.01,41.25
2026-05-25 15:30:00,3,-348.57,151.37,41.36,0.0,220.54,0.0,105.86,70.17,41.14
2026-05-25 15:35:00,3,-348.57,151.37,41.96,0.0,245.03,0.0,117.61,72.53,41.02
2026-05-25 15:40:00,3,-348.57,151.37,42.35,0.0,301.2,0.0,144.58,78.9,40.88
2026-05-25 15:45:00,3,-348.57,151.37,41.43,0.0,305.88,0.0,146.82,79.49,40.75
2026-05-25 15:50:00,3,-348.57,151.37,42.04,0.0,296.63,0.0,142.38,78.33,40.62
2026-05-25 15:55:00,3,-348.57,151.37,41.57,0.0,285.97,0.0,137.27,77.04,40.49
2026-05-25 16:00:00,3,-348.57,151.37,41.99,0.0,313.06,0.0,150.27,80.41,40.36
2026-05-25 16:05:00,3,-348.57,151.37,41.94,0.0,316.37,0.0,151.86,80.84,40.22
2026-05-25 16:10:00,3,-348.57,151.37,41.66,0.0,314.28,0.0,150.86,80.57,40.09
2026-05-25 16:15:00,3,-348.57,151.37,40.78,0.0,285.81,0.0,137.19,77.02,39.96
2026-05-25 16:20:00,3,-348.57,151.37,41.24,0.0,245.38,0.0,117.78,72.57,39.84
2026-05-25 16:25:00,3,-348.57,151.37,40.34,0.0,230.84,0.0,110.8,71.13,39.72
2026-05-25 16:30:00,3,-348.57,151.37,40.75,0.0,294.77,0.0,141.49,78.1,39.59
2026-05-25 16:35:00,3,-348.57,151.37,40.93,0.0,287.83,0.0,138.16,77.26,39.46
2026-05-25 16:40:00,3,-348.57,151.37,40.27,0.0,257.69,0.0,123.69,73.85,39.34
2026-05-25 16:45:00,3,-348.57,151.37,40.97,0.0,246.06,0.0,118.11,72.64,39.22
2026-05-25 16:50:00,3,-348.57,151.37,40.05,0.0,287.07,0.0,137.79,77.17,39.09
2026-05-25 16:55:00,3,-348.57,151.37,40.29,0.0,322.54,0.0,154.82,81.65,38.95
2026-05-25 17:00:00,3,-348.57,151.37,40.65,0.0,227.45,0.0,109.17,70.81,38.84
2026-05-25 17:05:00,3,-348.57,151.37,39.53,0.0,226.02,0.0,108.49,70.67,38.72
2026-05-25 17:10:00,3,-348.57,151.37,39.94,0.0,260.75,0.0,125.16,74.18,38.59
2026-05-25 17:15:00,3,-348.57,151.37,39.87,0.0,284.49,0.0,136.55,76.86,38.47
2026-05-25 17:20:00,3,-348.57,151.37,38.87,0.0,208.13,0.0,99.9,69.06,38.35
2026-05-25 17:25:00,3,-348.57,151.37,38.78,0.0,258.87,0.0,124.26,73.98,38.23
2026-05-25 17:30:00,3,-348.57,151.37,39.3,0.0,285.29,0.0,136.94,76.96,38.1
2026-05-25 17:35:00,3,-348.57,151.37,39.47,0.0,323.66,0.0,155.36,81.8,37.96
2026-05-25 17:40:00,3,-348.57,151.37,38.04,0.0,238.06,0.0,114.27,71.83,37.84
2026-05-25 17:45:00,3,-348.57,151.37,38.11,0.0,315.18,0.0,151.29,80.68,37.71
2026-05-25 17:50:00,3,-348.57,151.37,37.7,0.0,214.53,0.0,102.97,69.62,37.59
2026-05-25 17:55:00,3,-348.57,151.37,37.44,0.0,237.24,0.0,113.87,71.75,37.47
2026-05-25 18:00:00,3,-348.57,151.37,37.97,0.0,211.6,0.0,101.57,69.36,37.36
2026-05-25 18:05:00,3,-348.57,151.37,38.55,0.0,270.4,0.0,129.79,75.24,37.23
2026-05-25 18:10:00,3,-348.57,151.37,38.24,0.0,321.82,0.0,154.47,81.55,37.1
2026-05-25 18:15:00,3,-348.57,151.37,37.76,0.0,202.08,0.0,97.0,68.55,36.98
2026-05-25 18:20:00,3,-348.57,151.37,37.41,0.0,241.2,0.0,115.78,72.14,36.86
2026-05-25 18:25:00,3,-348.57,151.37,38.1,0.0,288.03,0.0,138.26,77.28,36.73
2026-05-25 18:30:00,3,-348.57,151.37,37.47,0.0,293.22,0.0,140.74,77.9,36.6
2026-05-25 18:35:00,3,-348.57,151.37,36.74,0.0,242.21,0.0,116.26,72.24,36.48
2026-05-25 18:40:00,3,-348.57,151.37,37.14,0.0,229.74,0.0,110.28,71.02,36.36
2026-05-25 18:45:00,3,-348.57,151.37,36.35,0.0,233.79,0.0,112.22,71.41,36.25
2026-05-25 18:50:00,3,-348.57,151.37,35.44,0.0,308.56,0.0,148.11,79.82,36.11
2026-05-25 18:55:00,3,-348.57,151.37,36.54,0.0,308.02,0.0,147.85,79.75,35.98
2026-05-25 19:00:00,3,-348.57,151.37,35.49,0.0,237.04,0.0,113.78,71.72,35.86
2026-05-25 19:05:00,3,-348.57,151.37,35.94,0.0,276.45,0.0,132.69,75.92,35.73
2026-05-25 19:10:00,3,-348.57,151.37,36.99,0.0,265.86,0.0,127.61,74.73,35.61
2026-05-25 19:15:00,3,-348.57,151.37,35.36,0.0,246.9,0.0,118.51,72.71,35.49
2026-05-25 19:20:00,3,-348.57,151.37,35.42,0.0,307.05,0.0,147.39,79.62,35.35
2026-05-25 19:25:00,3,-348.57,151.37,35.09,0.0,307.98,0.0,147.83,79.74,35.22
2026-05-25 19:30:00,3,-348.57,151.37,35.79,0.0,223.48,0.0,107.27,70.43,35.1
2026-05-25 19:35:00,3,-348.57,151.37,35.54,0.0,218.35,0.0,104.81,69.96,34.99
2026-05-25 19:40:00,3,-348.57,151.37,34.77,0.0,293.87,0.0,141.06,77.98,34.86
2026-05-25 19:45:00,3,-348.57,151.37,34.86,0.0,266.64,0.0,127.99,74.82,34.73
2026-05-25 19:50:00,3,-348.57,151.37,33.8,0.0,272.25,0.0,130.68,75.44,34.61
2026-05-25 19:55:00,3,-348.57,151.37,35.2,0.0,311.14,0.0,149.35,80.15,34.47
2026-05-25 20:00:00,3,-348.57,151.37,34.66,0.0,244.29,0.0,117.26,72.45,34.35
2026-05-25 20:05:00,3,-348.57,151.37,33.61,0.0,311.7,0.0,149.62,80.22,34.22
2026-05-25 20:10:00,3,-348.57,151.37,35.69,0.0,247.92,0.0,119.0,72.82,34.1
2026-05-25 20:15:00,3,-348.57,151.37,32.69,0.0,300.26,0.0,144.13,78.76,33.97
2026-05-25 20:20:00,3,-348.57,151.37,34.82,0.0,206.31,0.0,99.03,68.9,33.85
2026-05-25 20:25:00,3,-348.57,151.37,34.16,0.0,227.24,0.0,109.08,70.78,33.73
2026-05-25 20:30:00,3,-348.57,151.37,33.76,0.0,220.68,0.0,105.93,70.17,33.62
2026-05-25 20:35:00,3,-348.57,151.37,33.91,0.0,287.18,0.0,137.85,77.17,33.49
2026-05-25 20:40:00,3,-348.57,151.37,33.51,0.0,295.13,0.0,141.66,78.13,33.36
2026-05-25 20:45:00,3,-348.57,151.37,33.98,0.0,293.37,0.0,140.82,77.92,33.23
2026-05-25 20:50:00,3,-348.57,151.37,33.04,0.0,305.94,0.0,146.85,79.48,33.1
2026-05-25 20:55:00,3,-348.57,151.37,33.48,0.0,283.45,0.0,136.06,76.73,32.97
2026-05-25 21:00:00,3,-348.57,151.37,33.35,0.0,304.42,0.0,146.12,79.29,32.84
2026-05-25 21:05:00,3,-348.57,151.37,33.75,0.0,299.38,0.0,143.7,78.65,32.7
2026-05-25 21:10:00,3,-348.57,151.37,33.14,0.0,307.92,0.0,147.8,79.73,32.57
2026-05-25 21:15:00,3,-348.57,151.37,33.03,0.0,230.42,0.0,110.6,71.08,32.45
2026-05-25 21:20:00,3,-348.57,151.37,32.8,0.0,228.24,0.0,109.55,70.87,32.34
2026-05-25 21:25:00,3,-348.57,151.37,32.68,0.0,203.76,0.0,97.8,68.68,32.22
2026-05-25 21:30:00,3,-348.57,151.37,32.01,0.0,261.29,0.0,125.42,74.22,32.1
2026-05-25 21:35:00,3,-348.57,151.37,32.35,0.0,293.41,0.0,140.84,77.92,31.97
2026-05-25 21:40:00,3,-348.57,151.37,31.58,0.0,296.14,0.0,142.15,78.25,31.84
2026-05-25 21:45:00,3,-348.57,151.37,31.94,0.0,246.92,0.0,118.52,72.71,31.72
2026-05-25 21:50:00,3,-348.57,151.37,31.6,0.0,301.75,0.0,144.84,78.95,31.58
2026-05-25 21:55:00,3,-348.57,151.37,32.53,0.0,226.74,0.0,108.84,70.73,31.47
2026-05-25 22:00:00,3,-348.57,151.37,32.34,0.0,218.1,0.0,104.69,69.93,31.35
2026-05-25 22:05:00,3,-348.57,151.37,31.51,0.0,205.43,0.0,98.6,68.82,31.24
2026-05-25 22:10:00,3,-348.57,151.37,31.99,0.0,225.7,0.0,108.33,70.63,31.12
2026-05-25 22:15:00,3,-348.57,151.37,31.88,0.0,219.06,0.0,105.15,70.02,31.0
2026-05-25 22:20:00,3,-348.57,151.37,30.69,0.0,297.15,0.0,142.63,78.37,30.87
2026-05-25 22:25:00,3,-348.57,151.37,30.47,0.0,287.34,0.0,137.92,77.18,30.74
2026-05-25 22:30:00,3,-348.57,151.37,32.08,0.0,226.93,0.0,108.93,70.75,30.62
2026-05-25 22:35:00,3,-348.57,151.37,31.58,0.0,260.9,0.0,125.23,74.18,30.5
2026-05-25 22:40:00,3,-348.57,151.37,31.06,0.0,201.28,0.0,96.62,68.47,30.39
2026-05-25 22:45:00,3,-348.57,151.37,31.45,0.0,284.44,0.0,136.53,76.84,30.26
2026-05-25 22:50:00,3,-348.57,151.37,31.51,0.0,238.19,0.0,114.33,71.83,30.14
2026-05-25 22:55:00,3,-348.57,151.37,30.13,0.0,286.29,0.0,137.42,77.06,30.01
2026-05-25 23:00:00,3,-348.57,151.37,31.22,0.0,209.64,0.0,100.63,69.18,29.89
2026-05-25 23:05:00,3,-348.57,151.37,30.61,0.0,256.7,0.0,123.22,73.73,29.77
2026-05-25 23:10:00,3,-348.57,151.37,30.8,0.0,249.19,0.0,119.61,72.94,29.65
2026-05-25 23:15:00,3,-348.57,151.37,30.42,0.0,297.46,0.0,142.78,78.41,29.52
2026-05-25 23:20:00,3,-348.57,151.37,31.29,0.0,307.22,0.0,147.47,79.64,29.39
2026-05-25 23:25:00,3,-348.57,151.37,30.38,0.0,320.29,0.0,153.74,81.34,29.25
2026-05-25 23:30:00,3,-348.57,151.37,31.25,0.0,282.38,0.0,135.54,76.6,29.12
2026-05-25 23:35:00,3,-348.57,151.37,31.15,0.0,307.4,0.0,147.55,79.66,28.99
2026-05-25 23:40:00,3,-348.57,151.37,30.66,0.0,297.2,0.0,142.66,78.38,28.86
2026-05-25 23:45:00,3,-348.57,151.37,30.45,0.0,275.42,0.0,132.2,75.79,28.73
2026-05-25 23:50:00,3,-348.57,151.37,31.15,0.0,228.12,0.0,109.5,70.86,28.62
2026-05-25 23:55:00,3,-348.57,151.37,31.87,0.0,213.28,0.0,102.37,69.5,28.5
2026-05-26 00:00:00,3,-348.57,151.37,31.72,0.0,315.65,0.0,151.51,80.73,28.36
2026-05-26 00:05:00,3,-348.57,151.37,31.05,0.0,216.85,0.0,104.09,69.82,28.25
2026-05-26 00:10:00,3,-348.57,151.37,31.36,0.0,263.57,0.0,126.51,74.47,28.12
2026-05-26 00:15:00,3,-348.57,151.37,31.23,0.0,263.11,0.0,126.29,74.42,28.0
2026-05-26 00:20:00,3,-348.57,151.37,31.27,0.0,283.57,0.0,136.12,76.74,27.87
2026-05-26 00:25:00,3,-348.57,151.37,30.67,0.0,248.8,0.0,119.42,72.9,27.75
2026-05-26 00:30:00,3,-348.57,151.37,31.62,0.0,277.8,0.0,133.34,76.07,27.62
2026-05-26 00:35:00,3,-348.57,151.37,31.27,0.0,200.13,0.0,96.06,68.37,27.51
2026-05-26 00:40:00,3,-348.57,151.37,30.94,0.0,270.17,0.0,129.68,75.2,27.38
2026-05-26 00:45:00,3,-348.57,151.37,32.11,0.0,322.13,0.0,154.62,81.58,27.25
2026-05-26 00:50:00,3,-348.57,151.37,30.66,0.0,279.24,0.0,134.04,76.23,27.12
2026-05-26 00:55:00,3,-348.57,151.37,31.26,0.0,314.99,0.0,151.2,80.64,26.99
2026-05-26 01:00:00,3,-348.57,151.37,31.02,0.0,260.54,0.0,125.06,74.14,26.86
2026-05-26 01:05:00,3,-348.57,151.37,31.27,0.0,251.36,0.0,120.65,73.17,26.74
2026-05-26 01:10:00,3,-348.57,151.37,31.31,0.0,319.82,0.0,153.51,81.27,26.61
2026-05-26 01:15:00,3,-348.57,151.37,30.9,0.0,308.8,0.0,148.22,79.84,26.47
2026-05-26 01:20:00,3,-348.57,151.37,31.91,0.0,305.6,0.0,146.69,79.43,26.34
2026-05-26 01:25:00,3,-348.57,151.37,31.19,0.0,316.74,0.0,152.04,80.87,26.21
2026-05-26 01:30:00,3,-348.57,151.37,31.69,0.0,309.03,0.0,148.33,79.87,26.07
2026-05-26 01:35:00,3,-348.57,151.37,31.64,0.0,254.91,0.0,122.36,73.54,25.95
2026-05-26 01:40:00,3,-348.57,151.37,32.01,0.0,277.07,0.0,132.99,75.98,25.82
2026-05-26 01:45:00,3,-348.57,151.37,31.28,0.0,279.37,0.0,134.1,76.25,25.7
2026-05-26 01:50:00,3,-348.57,151.37,31.36,0.0,202.58,0.0,97.24,68.58,25.58
2026-05-26 01:55:00,3,-348.57,151.37,32.21,0.0,211.03,0.0,101.3,69.3,25.47
2026-05-26 02:00:00,3,-348.57,151.37,31.53,0.0,316.22,0.0,151.78,80.8,25.33
2026-05-26 02:05:00,3,-348.57,151.37,32.12,0.0,202.32,0.0,97.11,68.55,25.22
2026-05-26 02:10:00,3,-348.57,151.37,31.88,0.0,207.2,0.0,99.46,68.97,25.1
2026-05-26 02:15:00,3,-348.57,151.37,32.01,0.0,312.95,0.0,150.22,80.38,24.97
2026-05-26 02:20:00,3,-348.57,151.37,32.6,0.0,285.24,0.0,136.92,76.94,24.84
2026-05-26 02:25:00,3,-348.57,151.37,33.21,0.0,267.33,0.0,128.32,74.89,24.72
2026-05-26 02:30:00,3,-348.57,151.37,32.62,0.0,248.32,0.0,119.2,72.86,24.59
2026-05-26 02:35:00,3,-348.57,151.37,31.92,0.0,285.81,0.0,137.19,77.01,24.47
2026-05-26 02:40:00,3,-348.57,151.37,33.22,0.0,222.49,0.0,106.8,70.33,24.35
2026-05-26 02:45:00,3,-348.57,151.37,32.93,0.0,241.25,0.0,115.8,72.14,24.23
2026-05-26 02:50:00,3,-348.57,151.37,34.32,0.0,266.37,0.0,127.86,74.78,24.1
2026-05-26 02:55:00,3,-348.57,151.37,32.08,0.0,315.89,0.0,151.63,80.76,23.97
2026-05-26 03:00:00,3,-348.57,151.37,32.82,0.0,283.42,0.0,136.04,76.72,23.84
2026-05-26 03:05:00,3,-348.57,151.37,32.86,0.0,267.52,0.0,128.41,74.91,23.72
2026-05-26 03:10:00,3,-348.57,151.37,33.59,0.0,269.21,0.0,129.22,75.1,23.59
2026-05-26 03:15:00,3,-348.57,151.37,34.01,0.0,248.58,0.0,119.32,72.88,23.47
2026-05-26 03:20:00,3,-348.57,151.37,33.45,0.0,214.22,0.0,102.82,69.58,23.35
2026-05-26 03:25:00,3,-348.57,151.37,33.36,0.0,311.98,0.0,149.75,80.25,23.22
2026-05-26 03:30:00,3,-348.57,151.37,33.65,0.0,231.39,0.0,111.07,71.17,23.1
2026-05-26 03:35:00,3,-348.57,151.37,33.67,0.0,203.75,0.0,97.8,68.68,22.99
2026-05-26 03:40:00,3,-348.57,151.37,34.63,0.0,261.63,0.0,125.58,74.26,22.86
2026-05-26 03:45:00,3,-348.57,151.37,33.61,0.0,297.31,0.0,142.71,78.4,22.73
2026-05-26 03:50:00,3,-348.57,151.37,34.36,0.0,310.67,0.0,149.12,80.08,22.6
2026-05-26 03:55:00,3,-348.57,151.37,33.79,0.0,295.86,0.0,142.01,78.22,22.47
2026-05-26 04:00:00,3,-348.57,151.37,33.94,0.0,207.86,0.0,99.77,69.03,22.35
2026-05-26 04:05:00,3,-348.57,151.37,34.58,0.0,215.5,0.0,103.44,69.7,22.24
2026-05-26 04:10:00,3,-348.57,151.37,34.2,0.0,243.0,0.0,116.64,72.31,22.12
2026-05-26 04:15:00,3,-348.57,151.37,34.09,0.0,243.57,0.0,116.91,72.37,22.0
2026-05-26 04:20:00,3,-348.57,151.37,34.58,0.0,230.22,0.0,110.5,71.06,21.88
2026-05-26 04:25:00,3,-348.57,151.37,35.5,0.0,281.36,0.0,135.05,76.49,21.75
2026-05-26 04:30:00,3,-348.57,151.37,35.79,0.0,318.01,0.0,152.64,81.04,21.62
2026-05-26 04:35:00,3,-348.57,151.37,36.27,0.0,214.36,0.0,102.89,69.6,21.5
2026-05-26 04:40:00,3,-348.57,151.37,35.81,0.0,228.94,0.0,109.89,70.94,21.38
2026-05-26 04:45:00,3,-348.57,151.37,35.85,0.0,267.87,0.0,128.58,74.95,21.26
2026-05-26 04:50:00,3,-348.57,151.37,35.51,0.0,277.54,0.0,133.22,76.05,21.13
2026-05-26 04:55:00,3,-348.57,151.37,36.24,0.0,230.9,0.0,110.83,71.13,21.01
2026-05-26 05:00:00,3,-348.57,151.37,36.95,0.0,292.34,0.0,140.32,77.8,20.88
2026-05-26 05:05:00,3,-348.57,151.37,35.98,0.0,276.39,0.0,132.67,75.91,20.76
2026-05-26 05:10:00,3,-348.57,151.37,36.03,0.0,250.79,0.0,120.38,73.12,20.63
2026-05-26 05:15:00,3,-348.57,151.37,36.83,0.0,215.37,0.0,103.38,69.69,20.52
2026-05-26 05:20:00,3,-348.57,151.37,37.0,0.0,303.37,0.0,145.62,79.16,20.39
2026-05-26 05:25:00,3,-348.57,151.37,35.95,0.0,267.75,0.0,128.52,74.94,20.26
2026-05-26 05:30:00,3,-348.57,151.37,36.72,0.0,275.72,0.0,132.35,75.84,20.13
2026-05-26 05:35:00,3,-348.57,151.37,36.74,0.0,201.39,0.0,96.67,68.49,20.02
2026-05-26 05:40:00,3,-348.57,151.37,37.81,0.0,295.85,0.0,142.01,78.23,19.89
2026-05-26 05:45:00,3,-348.57,151.37,36.54,0.0,281.78,0.0,135.26,76.54,19.76
2026-05-26 05:50:00,3,-348.57,151.37,37.6,0.0,295.46,0.0,141.82,78.18,19.63
2026-05-26 05:55:00,3,-348.57,151.37,37.62,0.0,321.71,0.0,154.42,81.54,19.5
2026-05-26 06:00:00,3,-348.57,151.37,37.92,0.0,240.82,0.0,115.59,72.1,19.38
2026-05-26 06:05:00,3,-348.57,151.37,37.69,0.0,304.56,0.0,146.19,79.31,19.24
2026-05-26 06:10:00,3,-348.57,151.37,37.84,0.0,234.63,0.0,112.62,71.49,19.12
2026-05-26 06:15:00,3,-348.57,151.37,39.77,0.0,273.39,0.0,131.22,75.58,19.0
2026-05-26 06:20:00,3,-348.57,151.37,38.6,0.0,276.65,0.0,132.79,75.95,18.87
2026-05-26 06:25:00,3,-348.57,151.37,38.83,0.0,227.37,0.0,109.14,70.8,18.75
2026-05-26 06:30:00,3,-348.57,151.37,39.02,0.0,278.26,0.0,133.56,76.13,18.63
2026-05-26 06:35:00,3,-348.57,151.37,39.55,0.0,212.89,0.0,102.19,69.48,18.51
2026-05-26 06:40:00,3,-348.57,151.37,39.71,0.0,301.38,0.0,144.66,78.91,18.38
2026-05-26 06:45:00,3,-348.57,151.37,39.37,0.0,234.57,0.0,112.6,71.49,18.26
2026-05-26 06:50:00,3,-348.57,151.37,39.85,0.0,258.01,0.0,123.85,73.89,18.14
2026-05-26 06:55:00,3,-348.57,151.37,39.14,0.0,252.86,0.0,121.37,73.34,18.02
2026-05-26 07:00:00,3,-348.57,151.37,39.33,0.0,213.34,0.0,102.4,69.52,17.9
2026-05-26 07:05:00,3,-348.57,151.37,39.87,0.0,240.02,0.0,115.21,72.03,17.78
2026-05-26 07:10:00,3,-348.57,151.37,40.35,0.0,202.77,0.0,97.33,68.61,17.66
2026-05-26 07:15:00,3,-348.57,151.37,40.97,0.0,236.25,0.0,113.4,71.66,17.55
2026-05-26 07:20:00,3,-348.57,151.37,41.03,0.0,237.03,0.0,113.77,71.73,17.43
2026-05-26 07:25:00,3,-348.57,151.37,39.98,0.0,225.73,0.0,108.35,70.65,17.31
2026-05-26 07:30:00,3,-348.57,151.37,40.53,0.0,257.2,0.0,123.46,73.8,17.19
2026-05-26 07:35:00,3,-348.57,151.37,39.96,0.0,260.78,0.0,125.17,74.18,17.06
2026-05-26 07:40:00,3,-348.57,151.37,40.87,0.0,284.01,0.0,136.32,76.81,16.93
2026-05-26 07:45:00,3,-348.57,151.37,41.25,0.0,313.05,0.0,150.26,80.4,16.8
2026-05-26 07:50:00,3,-348.57,151.37,40.24,0.0,229.9,0.0,110.35,71.04,16.68
2026-05-26 07:55:00,3,-348.57,151.37,41.05,0.0,255.03,0.0,122.41,73.57,16.56
2026-05-26 08:00:00,3,-348.57,151.37,41.18,0.0,234.16,0.0,112.4,71.45,16.44
2026-05-26 08:05:00,3,-348.57,151.37,41.15,0.0,233.82,0.0,112.23,71.42,16.32
2026-05-26 08:10:00,3,-348.57,151.37,42.23,0.0,309.03,0.0,148.33,79.89,16.19
2026-05-26 08:15:00,3,-348.57,151.37,41.95,0.0,263.84,0.0,126.65,74.52,16.06
2026-05-26 08:20:00,3,-348.57,151.37,41.52,0.0,252.13,0.0,121.02,73.27,15.94
2026-05-26 08:25:00,3,-348.57,151.37,42.18,0.0,224.01,0.0,107.53,70.49,15.82
2026-05-26 08:30:00,3,-348.57,151.37,41.73,0.0,274.83,0.0,131.92,75.75,15.7
2026-05-26 08:35:00,3,-348.57,151.37,42.33,0.0,296.39,0.0,142.27,78.3,15.57
2026-05-26 08:40:00,3,-348.57,151.37,43.31,0.0,311.27,0.0,149.41,80.18,15.43
2026-05-26 08:45:00,3,-348.57,151.37,42.73,0.0,259.96,0.0,124.78,74.1,15.31
2026-05-26 08:50:00,3,-348.57,151.37,42.93,0.0,235.17,0.0,112.88,71.56,15.19
2026-05-26 08:55:00,3,-348.57,151.37,42.8,0.0,304.75,0.0,146.28,79.35,15.06
2026-05-26 09:00:00,3,-348.57,151.37,43.08,0.0,261.44,0.0,125.49,74.26,14.93
2026-05-26 09:05:00,3,-348.57,151.37,43.0,0.0,230.08,0.0,110.44,71.07,14.82
2026-05-26 09:10:00,3,-348.57,151.37,43.04,0.0,308.83,0.0,148.24,79.87,14.68
2026-05-26 09:15:00,3,-348.57,151.37,42.65,0.0,256.61,0.0,123.17,73.74,14.56
2026-05-26 09:20:00,3,-348.57,151.37,43.77,0.0,303.22,0.0,145.54,79.15,14.43
2026-05-26 09:25:00,3,-348.57,151.37,42.84,0.0,223.36,0.0,107.21,70.43,14.31
2026-05-26 09:30:00,3,-348.57,151.37,43.68,0.0,269.66,0.0,129.44,75.17,14.19
2026-05-26 09:35:00,3,-348.57,151.37,43.65,0.0,246.34,0.0,118.24,72.67,14.06
2026-05-26 09:40:00,3,-348.57,151.37,43.75,0.0,218.51,0.0,104.88,69.99,13.95
2026-05-26 09:45:00,3,-348.57,151.37,43.91,0.0,212.4,0.0,101.95,69.44,13.83
2026-05-26 09:50:00,3,-348.57,151.37,44.0,0.0,285.09,0.0,136.84,76.94,13.7
2026-05-26 09:55:00,3,-348.57,151.37,43.9,0.0,301.02,0.0,144.49,78.88,13.57
2026-05-26 10:00:00,3,-348.57,151.37,43.81,0.0,292.89,0.0,140.59,77.88,13.44
2026-05-26 10:05:00,3,-348.57,151.37,44.16,0.0,241.02,0.0,115.69,72.14,13.32
2026-05-26 10:10:00,3,-348.57,151.37,43.84,0.0,250.08,0.0,120.04,73.06,13.2
2026-05-26 10:15:00,3,-348.57,151.37,44.15,0.0,301.21,0.0,144.58,78.9,13.07
2026-05-26 10:20:00,3,-348.57,151.37,45.01,0.0,219.98,0.0,105.59,70.13,12.95
2026-05-26 10:25:00,3,-348.57,151.37,43.99,0.0,254.32,0.0,122.07,73.5,12.83
2026-05-26 10:30:00,3,-348.57,151.37,44.76,0.0,213.22,0.0,102.35,69.52,12.71
2026-05-26 10:35:00,3,-348.57,151.37,45.12,0.0,240.9,0.0,115.63,72.13,12.59
2026-05-26 10:40:00,3,-348.57,151.37,44.84,0.0,317.9,0.0,152.59,81.05,12.46
2026-05-26 10:45:00,3,-348.57,151.37,43.46,0.0,251.13,0.0,120.54,73.17,12.34
2026-05-26 10:50:00,3,-348.57,151.37,44.86,0.0,256.2,0.0,122.98,73.7,12.21
2026-05-26 10:55:00,3,-348.57,151.37,44.72,0.0,268.7,0.0,128.98,75.06,12.09
2026-05-26 11:00:00,3,-348.57,151.37,44.45,0.0,298.89,0.0,143.47,78.62,11.96
2026-05-26 11:05:00,3,-348.57,151.37,44.78,0.0,221.65,0.0,106.39,70.28,11.84
2026-05-26 11:10:00,3,-348.57,151.37,43.87,0.0,244.03,0.0,117.13,72.44,11.72
2026-05-26 11:15:00,3,-348.57,151.37,44.26,0.0,225.48,0.0,108.23,70.63,11.6
2026-05-26 11:20:00,3,-348.57,151.37,44.86,0.0,223.46,0.0,107.26,70.45,11.48
2026-05-26 11:25:00,3,-348.57,151.37,44.62,0.0,215.07,0.0,103.23,69.68,11.37
2026-05-26 11:30:00,3,-348.57,151.37,43.83,0.0,289.49,0.0,138.95,77.47,11.24
2026-05-26 11:35:00,3,-348.57,151.37,45.52,0.0,288.97,0.0,138.71,77.41,11.11
2026-05-26 11:40:00,3,-348.57,151.37,43.9,0.0,324.99,0.0,155.99,81.99,10.97
2026-05-26 11:45:00,3,-348.57,151.37,44.58,0.0,285.43,0.0,137.01,76.99,10.84
2026-05-26 11:50:00,3,-348.57,151.37,45.48,0.0,280.86,0.0,134.81,76.45,10.72
2026-05-26 11:55:00,3,-348.57,151.37,45.12,0.0,208.19,0.0,99.93,69.08,10.6
2026-05-26 12:00:00,3,-348.57,151.37,45.14,0.0,306.61,0.0,147.17,79.59,10.47
2026-05-26 12:05:00,3,-348.57,151.37,44.62,0.0,301.28,0.0,144.61,78.91,10.34
2026-05-26 12:10:00,3,-348.57,151.37,44.27,0.0,268.92,0.0,129.08,75.09,10.21
2026-05-26 12:15:00,3,-348.57,151.37,45.34,0.0,245.94,0.0,118.05,72.64,10.09
2026-05-26 12:20:00,3,-348.57,151.37,44.27,0.0,317.93,0.0,152.61,81.05,9.96
2026-05-26 12:25:00,3,-348.57,151.37,44.77,0.0,309.22,0.0,148.42,79.92,9.82
2026-05-26 12:30:00,3,-348.57,151.37,45.0,0.0,239.54,0.0,114.98,71.99,9.7
2026-05-26 12:35:00,3,-348.57,151.37,44.93,0.0,222.82,0.0,106.95,70.39,9.59
2026-05-26 12:40:00,3,-348.57,151.37,44.62,0.0,280.63,0.0,134.7,76.42,9.46
2026-05-26 12:45:00,3,-348.57,151.37,44.68,0.0,280.29,0.0,134.54,76.38,9.33
2026-05-26 12:50:00,3,-348.57,151.37,44.92,0.0,258.29,0.0,123.98,73.93,9.21
2026-05-26 12:55:00,3,-348.57,151.37,44.23,0.0,267.6,0.0,128.45,74.94,9.08
2026-05-26 13:00:00,3,-348.57,151.37,44.9,0.0,314.67,0.0,151.04,80.62,8.95
2026-05-26 13:05:00,3,-348.57,151.37,44.99,0.0,322.65,0.0,154.87,81.68,8.81
2026-05-26 13:10:00,3,-348.57,151.37,44.71,0.0,219.71,0.0,105.46,70.1,8.7
2026-05-26 13:15:00,3,-348.57,151.37,46.12,0.0,204.49,0.0,98.15,68.77,8.58
2026-05-26 13:20:00,3,-348.57,151.37,44.47,0.0,220.53,0.0,105.86,70.18,8.46
2026-05-26 13:25:00,3,-348.57,151.37,44.48,0.0,313.15,0.0,150.31,80.42,8.33
2026-05-26 13:30:00,3,-348.57,151.37,45.15,0.0,204.5,0.0,98.16,68.76,8.22
2026-05-26 13:35:00,3,-348.57,151.37,45.39,0.0,237.74,0.0,114.11,71.81,8.1
2026-05-26 13:40:00,3,-348.57,151.37,44.75,0.0,300.16,0.0,144.08,78.77,7.97
2026-05-26 13:45:00,3,-348.57,151.37,44.72,0.0,259.45,0.0,124.53,74.05,7.84
2026-05-26 13:50:00,3,-348.57,151.37,45.07,0.0,301.05,0.0,144.5,78.88,7.71
2026-05-26 13:55:00,3,-348.57,151.37,43.74,0.0,315.18,0.0,151.29,80.69,7.58
2026-05-26 14:00:00,3,-348.57,151.37,43.38,0.0,267.22,0.0,128.27,74.9,7.45
2026-05-26 14:05:00,3,-348.57,151.37,44.08,0.0,317.97,0.0,152.62,81.05,7.32
2026-05-26 14:10:00,3,-348.57,151.37,44.4,0.0,238.22,0.0,114.35,71.86,7.2
2026-05-26 14:15:00,3,-348.57,151.37,43.94,0.0,263.85,0.0,126.65,74.53,7.07
2026-05-26 14:20:00,3,-348.57,151.37,44.03,0.0,237.4,0.0,113.95,71.78,6.95
2026-05-26 14:25:00,3,-348.57,151.37,43.23,0.0,324.34,0.0,155.68,81.9,6.82
2026-05-26 14:30:00,3,-348.57,151.37,43.21,0.0,232.99,0.0,111.84,71.35,6.7
2026-05-26 14:35:00,3,-348.57,151.37,43.18,0.0,239.95,0.0,115.18,72.03,6.58
2026-05-26 14:40:00,3,-348.57,151.37,43.57,0.0,232.74,0.0,111.72,71.32,6.46
2026-05-26 14:45:00,3,-348.57,151.37,43.27,0.0,315.74,0.0,151.55,80.76,6.32
2026-05-26 14:50:00,3,-348.57,151.37,42.75,0.0,299.51,0.0,143.77,78.69,6.19
2026-05-26 14:55:00,3,-348.57,151.37,43.49,0.0,261.07,0.0,125.31,74.22,6.07
2026-05-26 15:00:00,3,-348.57,151.37,43.28,0.0,320.43,0.0,153.81,81.38,5.93
2026-05-26 15:05:00,3,-348.57,151.37,42.16,0.0,230.76,0.0,110.77,71.13,5.81
2026-05-26 15:10:00,3,-348.57,151.37,42.82,0.0,218.38,0.0,104.82,69.98,5.7
2026-05-26 15:15:00,3,-348.57,151.37,43.27,0.0,212.69,0.0,102.09,69.47,5.58
2026-05-26 15:20:00,3,-348.57,151.37,43.24,0.0,261.46,0.0,125.5,74.26,5.46
2026-05-26 15:25:00,3,-348.57,151.37,42.88,0.0,207.26,0.0,99.48,68.99,5.34
2026-05-26 15:30:00,3,-348.57,151.37,42.52,0.0,213.22,0.0,102.34,69.51,5.23
2026-05-26 15:35:00,3,-348.57,151.37,41.69,0.0,205.01,0.0,98.41,68.8,5.11
2026-05-26 15:40:00,3,-348.57,151.37,42.26,0.0,210.23,0.0,100.91,69.25,5.0
2026-05-26 15:45:00,3,-348.57,151.37,41.47,0.0,232.01,0.0,111.37,71.25,4.88
2026-05-26 15:50:00,3,-348.57,151.37,41.92,0.0,274.11,0.0,131.57,75.67,4.75
2026-05-26 15:55:00,3,-348.57,151.37,42.14,0.0,271.78,0.0,130.46,75.4,4.63
2026-05-26 16:00:00,3,-348.57,151.37,40.86,0.0,253.78,0.0,121.81,73.44,4.5
2026-05-26 16:05:00,3,-348.57,151.37,41.12,0.0,263.8,0.0,126.62,74.51,4.38
2026-05-26 16:10:00,3,-348.57,151.37,41.11,0.0,223.65,0.0,107.35,70.46,4.26
2026-05-26 16:15:00,3,-348.57,151.37,41.31,0.0,312.13,0.0,149.82,80.29,4.13
2026-05-26 16:20:00,3,-348.57,151.37,41.47,0.0,270.72,0.0,129.94,75.28,4.0
2026-05-26 16:25:00,3,-348.57,151.37,40.73,0.0,206.48,0.0,99.11,68.92,3.89
2026-05-26 16:30:00,3,-348.57,151.37,40.89,0.0,226.94,0.0,108.93,70.76,3.77
2026-05-26 16:35:00,3,-348.57,151.37,40.46,0.0,256.72,0.0,123.22,73.75,3.65
2026-05-26 16:40:00,3,-348.57,151.37,40.09,0.0,299.73,0.0,143.87,78.71,3.52
2026-05-26 16:45:00,3,-348.57,151.37,39.85,0.0,287.31,0.0,137.91,77.2,3.39
2026-05-26 16:50:00,3,-348.57,151.37,39.89,0.0,310.99,0.0,149.28,80.14,3.25
2026-05-26 16:55:00,3,-348.57,151.37,40.42,0.0,234.4,0.0,112.51,71.48,3.14
2026-05-26 17:00:00,3,-348.57,151.37,39.63,0.0,246.83,0.0,118.48,72.71,3.01
2026-05-26 17:05:00,3,-348.57,151.37,40.34,0.0,322.07,0.0,154.59,81.59,2.88
2026-05-26 17:10:00,3,-348.57,151.37,38.76,0.0,276.86,0.0,132.89,75.97,2.75
2026-05-26 17:15:00,3,-348.57,151.37,38.75,0.0,258.26,0.0,123.96,73.91,2.63
2026-05-26 17:20:00,3,-348.57,151.37,39.72,0.0,231.14,0.0,110.95,71.16,2.51
2026-05-26 17:25:00,3,-348.57,151.37,39.18,0.0,255.97,0.0,122.87,73.67,2.39
2026-05-26 17:30:00,3,-348.57,151.37,38.71,0.0,273.77,0.0,131.41,75.62,2.26
2026-05-26 17:35:00,3,-348.57,151.37,38.25,0.0,317.52,0.0,152.41,80.98,2.13
2026-05-26 17:40:00,3,-348.57,151.37,38.29,0.0,277.47,0.0,133.19,76.04,2.0
2026-05-26 17:45:00,3,-348.57,151.37,39.3,0.0,259.27,0.0,124.45,74.02,1.88
2026-05-26 17:50:00,3,-348.57,151.37,39.0,0.0,247.58,0.0,118.84,72.79,1.75
2026-05-26 17:55:00,3,-348.57,151.37,38.88,0.0,317.34,0.0,152.32,80.96,1.62
2026-05-26 18:00:00,3,-348.57,151.37,37.61,0.0,221.93,0.0,106.53,70.29,1.5
2026-05-26 18:05:00,3,-348.57,151.37,37.47,0.0,240.78,0.0,115.57,72.1,1.38
2026-05-26 18:10:00,3,-348.57,151.37,37.02,0.0,222.55,0.0,106.83,70.35,1.26
2026-05-26 18:15:00,3,-348.57,151.37,36.75,0.0,309.84,0.0,148.72,79.98,1.13
2026-05-26 18:20:00,3,-348.57,151.37,37.72,0.0,216.91,0.0,104.12,69.83,1.02
2026-05-26 18:25:00,3,-348.57,151.37,37.29,0.0,227.07,0.0,108.99,70.77,0.9
2026-05-26 18:30:00,3,-348.57,151.37,37.26,0.0,301.19,0.0,144.57,78.89,0.77
2026-05-26 18:35:00,3,-348.57,151.37,36.74,0.0,207.8,0.0,99.74,69.03,0.65
2026-05-26 18:40:00,3,-348.57,151.37,36.89,0.0,324.65,0.0,155.83,81.93,0.51
2026-05-26 18:45:00,3,-348.57,151.37,37.62,0.0,277.27,0.0,133.09,76.02,0.39
2026-05-26 18:50:00,3,-348.57,151.37,37.0,0.0,246.19,0.0,118.17,72.64,0.27
2026-05-26 18:55:00,3,-348.57,151.37,36.46,0.0,305.36,0.0,146.57,79.41,0.13
2026-05-26 19:00:00,3,-348.57,151.37,35.78,0.0,247.48,0.0,118.79,72.77,0.01
2026-05-26 19:05:00,3,-348.57,151.37,35.99,0.0,293.82,0.0,141.03,77.97,0.0
2026-05-26 19:10:00,3,-348.57,151.37,35.27,0.0,273.95,0.0,131.5,75.64,0.0
2026-05-26 19:15:00,3,-348.57,151.37,35.65,0.0,306.37,0.0,147.06,79.54,0.0
2026-05-26 19:20:00,3,-348.57,151.37,35.42,0.0,224.18,0.0,107.61,70.49,0.0
2026-05-26 19:25:00,3,-348.57,151.37,36.58,0.0,319.82,0.0,153.52,81.29,0.0
2026-05-26 19:30:00,3,-348.57,151.37,35.08,0.0,263.89,0.0,126.67,74.51,0.0
2026-05-26 19:35:00,3,-348.57,151.37,35.65,0.0,230.2,0.0,110.5,71.06,0.0
2026-05-26 19:40:00,3,-348.57,151.37,35.71,0.0,203.76,0.0,97.81,68.68,0.0
2026-05-26 19:45:00,3,-348.57,151.37,35.03,0.0,213.68,0.0,102.57,69.54,0.0
2026-05-26 19:50:00,3,-348.57,151.37,34.85,0.0,292.67,0.0,140.48,77.83,0.0
2026-05-26 19:55:00,3,-348.57,151.37,34.49,0.0,300.64,0.0,144.31,78.81,0.0
2026-05-26 20:00:00,3,-348.57,151.37,34.21,0.0,280.49,0.0,134.63,76.38,0.0
2026-05-26 20:05:00,3,-348.57,151.37,34.22,0.0,233.24,0.0,111.96,71.35,0.0
2026-05-26 20:10:00,3,-348.57,151.37,33.74,0.0,238.84,0.0,114.64,71.9,0.0
2026-05-26 20:15:00,3,-348.57,151.37,33.82,0.0,308.88,0.0,148.26,79.85,0.0
2026-05-26 20:20:00,3,-348.57,151.37,32.94,0.0,285.25,0.0,136.92,76.94,0.0
2026-05-26 20:25:00,3,-348.57,151.37,34.6,0.0,227.84,0.0,109.37,70.84,0.0
2026-05-26 20:30:00,3,-348.57,151.37,33.65,0.0,226.29,0.0,108.62,70.69,0.0
2026-05-26 20:35:00,3,-348.57,151.37,33.88,0.0,265.02,0.0,127.21,74.63,0.0
2026-05-26 20:40:00,3,-348.57,151.37,33.71,0.0,266.87,0.0,128.1,74.84,0.0
2026-05-26 20:45:00,3,-348.57,151.37,33.2,0.0,284.7,0.0,136.65,76.87,0.0
2026-05-26 20:50:00,3,-348.57,151.37,33.34,0.0,317.56,0.0,152.43,80.98,0.0
2026-05-26 20:55:00,3,-348.57,151.37,33.55,0.0,219.09,0.0,105.16,70.02,0.0
2026-05-26 21:00:00,3,-348.57,151.37,32.94,0.0,315.81,0.0,151.59,80.75,0.0
2026-05-26 21:05:00,3,-348.57,151.37,32.92,0.0,246.73,0.0,118.43,72.69,0.0
2026-05-26 21:10:00,3,-348.57,151.37,33.33,0.0,240.07,0.0,115.23,72.02,0.0
2026-05-26 21:15:00,3,-348.57,151.37,32.14,0.0,305.85,0.0,146.81,79.46,0.0
2026-05-26 21:20:00,3,-348.57,151.37,32.46,0.0,203.11,0.0,97.49,68.62,0.0
2026-05-26 21:25:00,3,-348.57,151.37,32.1,0.0,250.27,0.0,120.13,73.06,0.0
2026-05-26 21:30:00,3,-348.57,151.37,32.58,0.0,308.92,0.0,148.28,79.86,0.0
2026-05-26 21:35:00,3,-348.57,151.37,32.73,0.0,268.88,0.0,129.06,75.06,0.0
2026-05-26 21:40:00,3,-348.57,151.37,32.97,0.0,320.7,0.0,153.94,81.4,0.0
2026-05-26 21:45:00,3,-348.57,151.37,31.31,0.0,282.15,0.0,135.43,76.57,0.0
2026-05-26 21:50:00,3,-348.57,151.37,32.27,0.0,308.95,0.0,148.29,79.86,0.0
2026-05-26 21:55:00,3,-348.57,151.37,31.51,0.0,269.32,0.0,129.27,75.11,0.0
2026-05-26 22:00:00,3,-348.57,151.37,31.5,0.0,273.37,0.0,131.22,75.56,0.0
2026-05-26 22:05:00,3,-348.57,151.37,32.42,0.0,232.15,0.0,111.43,71.24,0.0
2026-05-26 22:10:00,3,-348.57,151.37,31.78,0.0,222.94,0.0,107.01,70.37,0.0
2026-05-26 22:15:00,3,-348.57,151.37,32.09,0.0,209.85,0.0,100.73,69.2,0.0
2026-05-26 22:20:00,3,-348.57,151.37,32.71,0.0,235.54,0.0,113.06,71.57,0.0
2026-05-26 22:25:00,3,-348.57,151.37,31.36,0.0,309.01,0.0,148.32,79.86,0.0
2026-05-26 22:30:00,3,-348.57,151.37,32.46,0.0,222.61,0.0,106.85,70.34,0.0
2026-05-26 22:35:00,3,-348.57,151.37,30.87,0.0,276.8,0.0,132.86,75.95,0.0
2026-05-26 22:40:00,3,-348.57,151.37,31.21,0.0,256.37,0.0,123.06,73.69,0.0
2026-05-26 22:45:00,3,-348.57,151.37,31.3,0.0,310.88,0.0,149.22,80.11,0.0
2026-05-26 22:50:00,3,-348.57,151.37,31.69,0.0,232.35,0.0,111.53,71.26,0.0
2026-05-26 22:55:00,3,-348.57,151.37,30.09,0.0,312.65,0.0,150.07,80.33,0.0
2026-05-26 23:00:00,3,-348.57,151.37,31.31,0.0,215.41,0.0,103.4,69.69,0.0
2026-05-26 23:05:00,3,-348.57,151.37,30.69,0.0,206.46,0.0,99.1,68.9,0.0
2026-05-26 23:10:00,3,-348.57,151.37,30.99,0.0,288.15,0.0,138.31,77.28,0.0
2026-05-26 23:15:00,3,-348.57,151.37,31.11,0.0,227.37,0.0,109.14,70.79,0.0
2026-05-26 23:20:00,3,-348.57,151.37,30.72,0.0,275.85,0.0,132.41,75.84,0.0
2026-05-26 23:25:00,3,-348.57,151.37,30.83,0.0,309.52,0.0,148.57,79.93,0.0
2026-05-26 23:30:00,3,-348.57,151.37,31.06,0.0,324.17,0.0,155.6,81.86,0.0
2026-05-26 23:35:00,3,-348.57,151.37,30.47,0.0,230.57,0.0,110.67,71.09,0.0
2026-05-26 23:40:00,3,-348.57,151.37,30.16,0.0,299.9,0.0,143.95,78.71,0.0
2026-05-26 23:45:00,3,-348.57,151.37,31.5,0.0,268.44,0.0,128.85,75.01,0.0
2026-05-26 23:50:00,3,-348.57,151.37,31.27,0.0,225.66,0.0,108.32,70.63,0.0
2026-05-26 23:55:00,3,-348.57,151.37,30.49,0.0,215.6,0.0,103.49,69.7,0.0
2026-05-27 00:00:00,3,-348.57,151.37,30.55,0.0,274.07,0.0,131.55,75.64,0.0
2026-05-27 00:05:00,3,-348.57,151.37,31.88,0.0,231.45,0.0,111.1,71.18,100.0
2026-05-27 00:10:00,3,-348.57,151.37,30.83,0.0,320.06,0.0,153.63,81.31,99.86
2026-05-27 00:15:00,3,-348.57,151.37,30.45,0.0,235.21,0.0,112.9,71.54,99.75
2026-05-27 00:20:00,3,-348.57,151.37,31.05,0.0,262.85,0.0,126.17,74.39,99.62
2026-05-27 00:25:00,3,-348.57,151.37,30.91,0.0,307.87,0.0,147.78,79.72,99.49
2026-05-27 00:30:00,3,-348.57,151.37,31.14,0.0,244.18,0.0,117.21,72.43,99.37
2026-05-27 00:35:00,3,-348.57,151.37,31.04,0.0,253.88,0.0,121.86,73.43,99.25
2026-05-27 00:40:00,3,-348.57,151.37,31.01,0.0,247.17,0.0,118.64,72.73,99.12
2026-05-27 00:45:00,3,-348.57,151.37,30.6,0.0,237.13,0.0,113.82,71.72,99.0
2026-05-27 00:50:00,3,-348.57,151.37,31.96,0.0,285.47,0.0,137.03,76.97,98.88
2026-05-27 00:55:00,3,-348.57,151.37,30.53,0.0,275.89,0.0,132.43,75.85,98.75
2026-05-27 01:00:00,3,-348.57,151.37,31.08,0.0,295.55,0.0,141.86,78.18,98.62
2026-05-27 01:05:00,3,-348.57,151.37,31.33,0.0,232.82,0.0,111.75,71.3,98.5
2026-05-27 01:10:00,3,-348.57,151.37,31.53,0.0,227.72,0.0,109.31,70.82,98.38
2026-05-27 01:15:00,3,-348.57,151.37,30.69,0.0,212.18,0.0,101.85,69.4,98.27
2026-05-27 01:20:00,3,-348.57,151.37,31.56,0.0,321.94,0.0,154.53,81.56,98.13
2026-05-27 01:25:00,3,-348.57,151.37,32.01,0.0,303.73,0.0,145.79,79.2,98.0
2026-05-27 01:30:00,3,-348.57,151.37,32.28,0.0,214.99,0.0,103.2,69.65,97.88
2026-05-27 01:35:00,3,-348.57,151.37,31.07,0.0,301.58,0.0,144.76,78.93,97.75
2026-05-27 01:40:00,3,-348.57,151.37,31.62,0.0,216.39,0.0,103.87,69.78,97.64
2026-05-27 01:45:00,3,-348.57,151.37,31.11,0.0,271.73,0.0,130.43,75.38,97.51
2026-05-27 01:50:00,3,-348.57,151.37,31.77,0.0,257.48,0.0,123.59,73.81,97.39
2026-05-27 01:55:00,3,-348.57,151.37,32.08,0.0,261.28,0.0,125.41,74.22,97.26
2026-05-27 02:00:00,3,-348.57,151.37,31.61,0.0,272.58,0.0,130.84,75.47,97.14
2026-05-27 02:05:00,3,-348.57,151.37,32.37,0.0,302.53,0.0,145.21,79.04,97.01
2026-05-27 02:10:00,3,-348.57,151.37,31.65,0.0,323.4,0.0,155.23,81.75,96.87
2026-05-27 02:15:00,3,-348.57,151.37,33.29,0.0,242.35,0.0,116.33,72.25,96.75
2026-05-27 02:20:00,3,-348.57,151.37,31.89,0.0,203.68,0.0,97.76,68.67,96.63
2026-05-27 02:25:00,3,-348.57,151.37,32.33,0.0,243.21,0.0,116.74,72.33,96.51
2026-05-27 02:30:00,3,-348.57,151.37,32.34,0.0,240.69,0.0,115.53,72.08,96.39
2026-05-27 02:35:00,3,-348.57,151.37,32.7,0.0,305.33,0.0,146.56,79.4,96.26
2026-05-27 02:40:00,3,-348.57,151.37,31.78,0.0,237.81,0.0,114.15,71.79,96.14
2026-05-27 02:45:00,3,-348.57,151.37,33.21,0.0,202.29,0.0,97.1,68.55,96.03
2026-05-27 02:50:00,3,-348.57,151.37,33.11,0.0,300.21,0.0,144.1,78.76,95.9
2026-05-27 02:55:00,3,-348.57,151.37,32.79,0.0,228.24,0.0,109.56,70.87,95.78
2026-05-27 03:00:00,3,-348.57,151.37,32.37,0.0,229.06,0.0,109.95,70.95,95.66
2026-05-27 03:05:00,3,-348.57,151.37,32.73,0.0,257.85,0.0,123.77,73.86,95.54
2026-05-27 03:10:00,3,-348.57,151.37,33.13,0.0,285.49,0.0,137.04,76.97,95.41
2026-05-27 03:15:00,3,-348.57,151.37,33.37,0.0,301.43,0.0,144.69,78.91,95.28
2026-05-27 03:20:00,3,-348.57,151.37,33.13,0.0,291.44,0.0,139.89,77.68,95.15
2026-05-27 03:25:00,3,-348.57,151.37,34.54,0.0,258.97,0.0,124.31,73.98,95.02
2026-05-27 03:30:00,3,-348.57,151.37,33.15,0.0,302.58,0.0,145.24,79.05,94.89
2026-05-27 03:35:00,3,-348.57,151.37,34.09,0.0,272.01,0.0,130.57,75.41,94.77
2026-05-27 03:40:00,3,-348.57,151.37,34.16,0.0,260.79,0.0,125.18,74.17,94.64
2026-05-27 03:45:00,3,-348.57,151.37,34.26,0.0,273.53,0.0,131.29,75.58,94.52
2026-05-27 03:50:00,3,-348.57,151.37,33.93,0.0,280.81,0.0,134.79,76.42,94.39
2026-05-27 03:55:00,3,-348.57,151.37,34.98,0.0,210.26,0.0,100.92,69.24,94.27
2026-05-27 04:00:00,3,-348.57,151.37,34.75,0.0,223.87,0.0,107.46,70.46,94.16
2026-05-27 04:05:00,3,-348.57,151.37,35.41,0.0,222.56,0.0,106.83,70.34,94.04
2026-05-27 04:10:00,3,-348.57,151.37,35.34,0.0,276.34,0.0,132.64,75.91,93.91
2026-05-27 04:15:00,3,-348.57,151.37,34.46,0.0,229.53,0.0,110.17,70.99,93.79
2026-05-27 04:20:00,3,-348.57,151.37,35.29,0.0,320.58,0.0,153.88,81.38,93.66
2026-05-27 04:25:00,3,-348.57,151.37,35.79,0.0,296.48,0.0,142.31,78.3,93.53
2026-05-27 04:30:00,3,-348.57,151.37,34.97,0.0,262.89,0.0,126.19,74.4,93.4
2026-05-27 04:35:00,3,-348.57,151.37,36.33,0.0,231.13,0.0,110.94,71.15,93.29
2026-05-27 04:40:00,3,-348.57,151.37,35.42,0.0,209.85,0.0,100.73,69.2,93.17
2026-05-27 04:45:00,3,-348.57,151.37,35.82,0.0,314.88,0.0,151.14,80.63,93.04
2026-05-27 04:50:00,3,-348.57,151.37,36.01,0.0,269.31,0.0,129.27,75.11,92.91
2026-05-27 04:55:00,3,-348.57,151.37,36.36,0.0,323.05,0.0,155.06,81.71,92.77
2026-05-27 05:00:00,3,-348.57,151.37,36.41,0.0,244.09,0.0,117.16,72.43,92.65
2026-05-27 05:05:00,3,-348.57,151.37,35.45,0.0,285.28,0.0,136.93,76.95,92.53
2026-05-27 05:10:00,3,-348.57,151.37,35.99,0.0,235.97,0.0,113.27,71.62,92.41
2026-05-27 05:15:00,3,-348.57,151.37,36.68,0.0,300.59,0.0,144.28,78.81,92.28
2026-05-27 05:20:00,3,-348.57,151.37,36.39,0.0,276.11,0.0,132.53,75.88,92.15
2026-05-27 05:25:00,3,-348.57,151.37,37.82,0.0,203.63,0.0,97.74,68.68,92.03
2026-05-27 05:30:00,3,-348.57,151.37,36.53,0.0,288.59,0.0,138.52,77.34,91.91
2026-05-27 05:35:00,3,-348.57,151.37,37.62,0.0,220.43,0.0,105.81,70.15,91.79
2026-05-27 05:40:00,3,-348.57,151.37,37.45,0.0,281.67,0.0,135.2,76.53,91.66
2026-05-27 05:45:00,3,-348.57,151.37,37.47,0.0,317.88,0.0,152.58,81.03,91.53
2026-05-27 05:50:00,3,-348.57,151.37,38.47,0.0,302.52,0.0,145.21,79.06,91.39
2026-05-27 05:55:00,3,-348.57,151.37,37.94,0.0,316.25,0.0,151.8,80.82,91.26
2026-05-27 06:00:00,3,-348.57,151.37,38.05,0.0,257.16,0.0,123.43,73.79,91.14
2026-05-27 06:05:00,3,-348.57,151.37,38.15,0.0,321.38,0.0,154.26,81.49,91.0
2026-05-27 06:10:00,3,-348.57,151.37,39.43,0.0,303.64,0.0,145.75,79.2,90.87
2026-05-27 06:15:00,3,-348.57,151.37,37.99,0.0,259.73,0.0,124.67,74.07,90.75
2026-05-27 06:20:00,3,-348.57,151.37,38.41,0.0,213.95,0.0,102.7,69.57,90.63
2026-05-27 06:25:00,3,-348.57,151.37,39.56,0.0,274.85,0.0,131.93,75.75,90.5
2026-05-27 06:30:00,3,-348.57,151.37,39.78,0.0,305.61,0.0,146.69,79.45,90.37
2026-05-27 06:35:00,3,-348.57,151.37,39.04,0.0,269.79,0.0,129.5,75.17,90.25
2026-05-27 06:40:00,3,-348.57,151.37,39.07,0.0,204.7,0.0,98.26,68.77,90.13
2026-05-27 06:45:00,3,-348.57,151.37,38.75,0.0,232.63,0.0,111.66,71.3,90.01
2026-05-27 06:50:00,3,-348.57,151.37,40.13,0.0,233.61,0.0,112.13,71.4,89.89
2026-05-27 06:55:00,3,-348.57,151.37,39.42,0.0,313.94,0.0,150.69,80.52,89.76
2026-05-27 07:00:00,3,-348.57,151.37,39.8,0.0,256.63,0.0,123.18,73.74,89.64
2026-05-27 07:05:00,3,-348.57,151.37,39.81,0.0,226.0,0.0,108.48,70.67,89.52
2026-05-27 07:10:00,3,-348.57,151.37,39.58,0.0,204.39,0.0,98.11,68.74,89.4
2026-05-27 07:15:00,3,-348.57,151.37,40.32,0.0,248.89,0.0,119.47,72.93,89.28
2026-05-27 07:20:00,3,-348.57,151.37,41.2,0.0,307.29,0.0,147.5,79.66,89.15
2026-05-27 07:25:00,3,-348.57,151.37,40.91,0.0,212.86,0.0,102.17,69.48,89.03
2026-05-27 07:30:00,3,-348.57,151.37,41.59,0.0,319.93,0.0,153.57,81.31,88.9
2026-05-27 07:35:00,3,-348.57,151.37,40.59,0.0,264.53,0.0,126.98,74.59,88.77
2026-05-27 07:40:00,3,-348.57,151.37,41.29,0.0,272.41,0.0,130.76,75.47,88.65
2026-05-27 07:45:00,3,-348.57,151.37,40.68,0.0,308.03,0.0,147.85,79.76,88.51
2026-05-27 07:50:00,3,-348.57,151.37,41.05,0.0,211.93,0.0,101.73,69.4,88.4
2026-05-27 07:55:00,3,-348.57,151.37,41.41,0.0,287.17,0.0,137.84,77.18,88.27
2026-05-27 08:00:00,3,-348.57,151.37,40.61,0.0,311.98,0.0,149.75,80.27,88.14
2026-05-27 08:05:00,3,-348.57,151.37,41.56,0.0,246.79,0.0,118.46,72.71,88.02
2026-05-27 08:10:00,3,-348.57,151.37,41.54,0.0,213.21,0.0,102.34,69.51,87.9
2026-05-27 08:15:00,3,-348.57,151.37,41.67,0.0,215.31,0.0,103.35,69.7,87.78
2026-05-27 08:20:00,3,-348.57,151.37,42.03,0.0,307.33,0.0,147.52,79.67,87.65
2026-05-27 08:25:00,3,-348.57,151.37,42.38,0.0,278.02,0.0,133.45,76.11,87.52
2026-05-27 08:30:00,3,-348.57,151.37,42.0,0.0,242.35,0.0,116.33,72.27,87.4
2026-05-27 08:35:00,3,-348.57,151.37,42.51,0.0,260.27,0.0,124.93,74.13,87.28
2026-05-27 08:40:00,3,-348.57,151.37,43.04,0.0,263.65,0.0,126.55,74.5,87.16
2026-05-27 08:45:00,3,-348.57,151.37,43.48,0.0,246.32,0.0,118.23,72.67,87.03
2026-05-27 08:50:00,3,-348.57,151.37,42.97,0.0,259.39,0.0,124.51,74.04,86.91
2026-05-27 08:55:00,3,-348.57,151.37,42.87,0.0,307.71,0.0,147.7,79.72,86.78
2026-05-27 09:00:00,3,-348.57,151.37,43.74,0.0,304.46,0.0,146.14,79.31,86.65
2026-05-27 09:05:00,3,-348.57,151.37,43.95,0.0,300.02,0.0,144.01,78.76,86.51
2026-05-27 09:10:00,3,-348.57,151.37,42.98,0.0,315.76,0.0,151.56,80.76,86.38
2026-05-27 09:15:00,3,-348.57,151.37,43.95,0.0,249.39,0.0,119.71,72.99,86.26
2026-05-27 09:20:00,3,-348.57,151.37,43.85,0.0,291.22,0.0,139.78,77.67,86.13
2026-05-27 09:25:00,3,-348.57,151.37,43.21,0.0,300.55,0.0,144.26,78.82,86.0
2026-05-27 09:30:00,3,-348.57,151.37,43.55,0.0,233.42,0.0,112.04,71.39,85.88
2026-05-27 09:35:00,3,-348.57,151.37,43.36,0.0,306.1,0.0,146.93,79.52,85.75
2026-05-27 09:40:00,3,-348.57,151.37,43.19,0.0,275.7,0.0,132.34,75.85,85.62
2026-05-27 09:45:00,3,-348.57,151.37,44.2,0.0,211.97,0.0,101.75,69.41,85.5
2026-05-27 09:50:00,3,-348.57,151.37,43.81,0.0,299.69,0.0,143.85,78.71,85.37
2026-05-27 09:55:00,3,-348.57,151.37,44.34,0.0,221.75,0.0,106.44,70.29,85.26
2026-05-27 10:00:00,3,-348.57,151.37,43.74,0.0,272.77,0.0,130.93,75.52,85.13
2026-05-27 10:05:00,3,-348.57,151.37,45.21,0.0,322.58,0.0,154.84,81.67,84.99
2026-05-27 10:10:00,3,-348.57,151.37,44.11,0.0,289.02,0.0,138.73,77.41,84.86
2026-05-27 10:15:00,3,-348.57,151.37,44.71,0.0,293.06,0.0,140.67,77.9,84.73
2026-05-27 10:20:00,3,-348.57,151.37,44.87,0.0,271.94,0.0,130.53,75.43,84.61
2026-05-27 10:25:00,3,-348.57,151.37,44.03,0.0,201.07,0.0,96.51,68.47,84.5
2026-05-27 10:30:00,3,-348.57,151.37,44.35,0.0,269.71,0.0,129.46,75.17,84.37
2026-05-27 10:35:00,3,-348.57,151.37,44.5,0.0,254.66,0.0,122.24,73.54,84.25
2026-05-27 10:40:00,3,-348.57,151.37,44.53,0.0,242.27,0.0,116.29,72.26,84.13
2026-05-27 10:45:00,3,-348.57,151.37,44.37,0.0,318.07,0.0,152.67,81.07,83.99
2026-05-27 10:50:00,3,-348.57,151.37,44.96,0.0,317.15,0.0,152.23,80.95,83.86
2026-05-27 10:55:00,3,-348.57,151.37,43.83,0.0,262.22,0.0,125.86,74.35,83.73
2026-05-27 11:00:00,3,-348.57,151.37,44.68,0.0,245.96,0.0,118.06,72.64,83.61
2026-05-27 11:05:00,3,-348.57,151.37,45.23,0.0,233.38,0.0,112.02,71.39,83.49
2026-05-27 11:10:00,3,-348.57,151.37,43.65,0.0,268.01,0.0,128.64,74.98,83.37
2026-05-27 11:15:00,3,-348.57,151.37,44.3,0.0,289.8,0.0,139.1,77.5,83.24
2026-05-27 11:20:00,3,-348.57,151.37,45.13,0.0,259.82,0.0,124.71,74.09,83.12
2026-05-27 11:25:00,3,-348.57,151.37,44.34,0.0,293.96,0.0,141.1,78.01,82.99
2026-05-27 11:30:00,3,-348.57,151.37,45.35,0.0,225.42,0.0,108.2,70.63,82.87
2026-05-27 11:35:00,3,-348.57,151.37,45.02,0.0,277.15,0.0,133.03,76.02,82.74
2026-05-27 11:40:00,3,-348.57,151.37,45.0,0.0,318.76,0.0,153.0,81.16,82.61
2026-05-27 11:45:00,3,-348.57,151.37,44.52,0.0,256.82,0.0,123.27,73.77,82.48
2026-05-27 11:50:00,3,-348.57,151.37,44.65,0.0,204.28,0.0,98.05,68.74,82.37
2026-05-27 11:55:00,3,-348.57,151.37,45.18,0.0,312.48,0.0,149.99,80.34,82.23
2026-05-27 12:00:00,3,-348.57,151.37,45.44,0.0,223.87,0.0,107.46,70.49,82.12
2026-05-27 12:05:00,3,-348.57,151.37,45.91,0.0,208.03,0.0,99.85,69.07,82.0
2026-05-27 12:10:00,3,-348.57,151.37,44.56,0.0,310.75,0.0,149.16,80.12,81.87
2026-05-27 12:15:00,3,-348.57,151.37,44.56,0.0,246.88,0.0,118.5,72.73,81.75
2026-05-27 12:20:00,3,-348.57,151.37,45.21,0.0,208.9,0.0,100.27,69.14,81.63
2026-05-27 12:25:00,3,-348.57,151.37,44.33,0.0,216.85,0.0,104.09,69.84,81.52
2026-05-27 12:30:00,3,-348.57,151.37,45.39,0.0,201.99,0.0,96.95,68.55,81.4
2026-05-27 12:35:00,3,-348.57,151.37,45.17,0.0,219.86,0.0,105.53,70.12,81.28
2026-05-27 12:40:00,3,-348.57,151.37,45.42,0.0,262.78,0.0,126.14,74.41,81.16
2026-05-27 12:45:00,3,-348.57,151.37,45.53,0.0,282.72,0.0,135.7,76.67,81.03
2026-05-27 12:50:00,3,-348.57,151.37,44.17,0.0,304.03,0.0,145.93,79.26,80.9
2026-05-27 12:55:00,3,-348.57,151.37,45.47,0.0,207.56,0.0,99.63,69.03,80.78
2026-05-27 13:00:00,3,-348.57,151.37,45.33,0.0,227.75,0.0,109.32,70.85,80.67
2026-05-27 13:05:00,3,-348.57,151.37,43.83,0.0,283.76,0.0,136.2,76.79,80.54
2026-05-27 13:10:00,3,-348.57,151.37,44.32,0.0,309.53,0.0,148.57,79.96,80.41
2026-05-27 13:15:00,3,-348.57,151.37,45.53,0.0,306.83,0.0,147.28,79.62,80.27
2026-05-27 13:20:00,3,-348.57,151.37,45.05,0.0,323.58,0.0,155.32,81.8,80.14
2026-05-27 13:25:00,3,-348.57,151.37,44.95,0.0,288.28,0.0,138.38,77.33,80.01
2026-05-27 13:30:00,3,-348.57,151.37,45.29,0.0,278.99,0.0,133.92,76.23,79.88
2026-05-27 13:35:00,3,-348.57,151.37,45.06,0.0,315.42,0.0,151.4,80.72,79.75
2026-05-27 13:40:00,3,-348.57,151.37,44.97,0.0,287.52,0.0,138.01,77.23,79.62
2026-05-27 13:45:00,3,-348.57,151.37,44.39,0.0,308.7,0.0,148.18,79.85,79.48
2026-05-27 13:50:00,3,-348.57,151.37,44.28,0.0,260.09,0.0,124.84,74.12,79.36
2026-05-27 13:55:00,3,-348.57,151.37,43.87,0.0,302.26,0.0,145.08,79.03,79.23
2026-05-27 14:00:00,3,-348.57,151.37,43.81,0.0,324.77,0.0,155.89,81.96,79.09
2026-05-27 14:05:00,3,-348.57,151.37,45.05,0.0,218.34,0.0,104.81,69.98,78.98
2026-05-27 14:10:00,3,-348.57,151.37,44.91,0.0,314.3,0.0,150.86,80.58,78.84
2026-05-27 14:15:00,3,-348.57,151.37,43.64,0.0,266.49,0.0,127.91,74.81,78.72
2026-05-27 14:20:00,3,-348.57,151.37,44.0,0.0,243.58,0.0,116.92,72.39,78.6
2026-05-27 14:25:00,3,-348.57,151.37,44.47,0.0,279.74,0.0,134.28,76.32,78.47
2026-05-27 14:30:00,3,-348.57,151.37,43.27,0.0,295.8,0.0,141.99,78.23,78.34
2026-05-27 14:35:00,3,-348.57,151.37,43.82,0.0,231.38,0.0,111.06,71.19,78.22
2026-05-27 14:40:00,3,-348.57,151.37,42.94,0.0,306.83,0.0,147.28,79.61,78.09
2026-05-27 14:45:00,3,-348.57,151.37,42.46,0.0,231.76,0.0,111.25,71.23,77.97
2026-05-27 14:50:00,3,-348.57,151.37,43.02,0.0,210.62,0.0,101.1,69.29,77.85
2026-05-27 14:55:00,3,-348.57,151.37,42.34,0.0,313.95,0.0,150.7,80.53,77.72
2026-05-27 15:00:00,3,-348.57,151.37,41.99,0.0,255.04,0.0,122.42,73.57,77.6
2026-05-27 15:05:00,3,-348.57,151.37,43.03,0.0,305.27,0.0,146.53,79.41,77.46
2026-05-27 15:10:00,3,-348.57,151.37,42.2,0.0,234.58,0.0,112.6,71.5,77.34
2026-05-27 15:15:00,3,-348.57,151.37,42.55,0.0,301.15,0.0,144.55,78.89,77.21
2026-05-27 15:20:00,3,-348.57,151.37,42.73,0.0,284.43,0.0,136.53,76.86,77.09
2026-05-27 15:25:00,3,-348.57,151.37,42.21,0.0,310.71,0.0,149.14,80.1,76.95
2026-05-27 15:30:00,3,-348.57,151.37,41.92,0.0,313.85,0.0,150.65,80.51,76.82
2026-05-27 15:35:00,3,-348.57,151.37,42.27,0.0,281.39,0.0,135.07,76.51,76.69
2026-05-27 15:40:00,3,-348.57,151.37,42.01,0.0,247.42,0.0,118.76,72.78,76.57
2026-05-27 15:45:00,3,-348.57,151.37,41.68,0.0,308.67,0.0,148.16,79.84,76.44
2026-05-27 15:50:00,3,-348.57,151.37,41.53,0.0,272.28,0.0,130.69,75.46,76.31
2026-05-27 15:55:00,3,-348.57,151.37,42.47,0.0,235.2,0.0,112.9,71.56,76.19
2026-05-27 16:00:00,3,-348.57,151.37,41.85,0.0,264.93,0.0,127.16,74.64,76.07
2026-05-27 16:05:00,3,-348.57,151.37,40.93,0.0,288.2,0.0,138.33,77.31,75.94
2026-05-27 16:10:00,3,-348.57,151.37,40.75,0.0,300.87,0.0,144.42,78.85,75.81
2026-05-27 16:15:00,3,-348.57,151.37,41.13,0.0,285.38,0.0,136.98,76.97,75.68
2026-05-27 16:20:00,3,-348.57,151.37,40.99,0.0,302.24,0.0,145.07,79.02,75.55
2026-05-27 16:25:00,3,-348.57,151.37,40.63,0.0,302.04,0.0,144.98,79.0,75.41
2026-05-27 16:30:00,3,-348.57,151.37,40.24,0.0,299.71,0.0,143.86,78.71,75.28
2026-05-27 16:35:00,3,-348.57,151.37,40.68,0.0,275.41,0.0,132.2,75.81,75.16
2026-05-27 16:40:00,3,-348.57,151.37,40.57,0.0,323.37,0.0,155.22,81.77,75.02
2026-05-27 16:45:00,3,-348.57,151.37,39.93,0.0,256.39,0.0,123.07,73.71,74.9
2026-05-27 16:50:00,3,-348.57,151.37,40.09,0.0,317.03,0.0,152.18,80.92,74.76
2026-05-27 16:55:00,3,-348.57,151.37,40.9,0.0,300.88,0.0,144.42,78.85,74.63
2026-05-27 17:00:00,3,-348.57,151.37,39.58,0.0,240.97,0.0,115.66,72.12,74.51
2026-05-27 17:05:00,3,-348.57,151.37,39.82,0.0,246.95,0.0,118.54,72.73,74.39
2026-05-27 17:10:00,3,-348.57,151.37,39.59,0.0,280.01,0.0,134.41,76.34,74.26
2026-05-27 17:15:00,3,-348.57,151.37,39.36,0.0,279.24,0.0,134.03,76.25,74.14
2026-05-27 17:20:00,3,-348.57,151.37,39.5,0.0,257.57,0.0,123.63,73.84,74.01
2026-05-27 17:25:00,3,-348.57,151.37,39.04,0.0,280.48,0.0,134.63,76.39,73.89
2026-05-27 17:30:00,3,-348.57,151.37,38.87,0.0,310.62,0.0,149.1,80.09,73.75
2026-05-27 17:35:00,3,-348.57,151.37,38.25,0.0,206.53,0.0,99.13,68.92,73.64
2026-05-27 17:40:00,3,-348.57,151.37,38.48,0.0,253.77,0.0,121.81,73.43,73.51
2026-05-27 17:45:00,3,-348.57,151.37,38.13,0.0,200.5,0.0,96.24,68.41,73.4
2026-05-27 17:50:00,3,-348.57,151.37,38.73,0.0,317.24,0.0,152.28,80.95,73.27
2026-05-27 17:55:00,3,-348.57,151.37,38.98,0.0,268.94,0.0,129.09,75.08,73.14
2026-05-27 18:00:00,3,-348.57,151.37,38.55,0.0,239.39,0.0,114.91,71.96,73.02
2026-05-27 18:05:00,3,-348.57,151.37,37.76,0.0,296.01,0.0,142.08,78.25,72.89
2026-05-27 18:10:00,3,-348.57,151.37,36.93,0.0,275.17,0.0,132.08,75.78,72.76
2026-05-27 18:15:00,3,-348.57,151.37,36.9,0.0,214.0,0.0,102.72,69.57,72.65
2026-05-27 18:20:00,3,-348.57,151.37,37.16,0.0,225.93,0.0,108.45,70.66,72.53
2026-05-27 18:25:00,3,-348.57,151.37,37.91,0.0,249.59,0.0,119.8,72.99,72.41
2026-05-27 18:30:00,3,-348.57,151.37,36.59,0.0,311.26,0.0,149.4,80.16,72.27
2026-05-27 18:35:00,3,-348.57,151.37,36.63,0.0,263.28,0.0,126.37,74.45,72.15
2026-05-27 18:40:00,3,-348.57,151.37,37.67,0.0,254.76,0.0,122.28,73.53,72.03
2026-05-27 18:45:00,3,-348.57,151.37,36.19,0.0,256.82,0.0,123.27,73.75,71.91
2026-05-27 18:50:00,3,-348.57,151.37,36.77,0.0,230.52,0.0,110.65,71.09,71.79
2026-05-27 18:55:00,3,-348.57,151.37,36.74,0.0,321.13,0.0,154.14,81.46,71.65
2026-05-27 19:00:00,3,-348.57,151.37,36.38,0.0,316.57,0.0,151.95,80.85,71.52
2026-05-27 19:05:00,3,-348.57,151.37,36.5,0.0,263.27,0.0,126.37,74.45,71.39
2026-05-27 19:10:00,3,-348.57,151.37,36.49,0.0,270.52,0.0,129.85,75.25,71.27
2026-05-27 19:15:00,3,-348.57,151.37,35.75,0.0,213.44,0.0,102.45,69.52,71.15
2026-05-27 19:20:00,3,-348.57,151.37,36.37,0.0,215.64,0.0,103.51,69.72,71.03
2026-05-27 19:25:00,3,-348.57,151.37,34.41,0.0,320.65,0.0,153.91,81.39,70.9
2026-05-27 19:30:00,3,-348.57,151.37,34.6,0.0,264.36,0.0,126.89,74.56,70.77
2026-05-27 19:35:00,3,-348.57,151.37,35.24,0.0,214.24,0.0,102.83,69.59,70.66
2026-05-27 19:40:00,3,-348.57,151.37,35.93,0.0,244.09,0.0,117.16,72.43,70.54
2026-05-27 19:45:00,3,-348.57,151.37,34.5,0.0,220.75,0.0,105.96,70.18,70.42
2026-05-27 19:50:00,3,-348.57,151.37,34.56,0.0,286.37,0.0,137.46,77.08,70.29
2026-05-27 19:55:00,3,-348.57,151.37,34.78,0.0,315.6,0.0,151.49,80.73,70.16
2026-05-27 20:00:00,3,-348.57,151.37,34.24,0.0,318.03,0.0,152.66,81.05,70.02
2026-05-27 20:05:00,3,-348.57,151.37,34.87,0.0,224.73,0.0,107.87,70.54,69.91
2026-05-27 20:10:00,3,-348.57,151.37,33.89,0.0,300.48,0.0,144.23,78.79,69.77
2026-05-27 20:15:00,3,-348.57,151.37,33.56,0.0,284.32,0.0,136.48,76.83,69.65
2026-05-27 20:20:00,3,-348.57,151.37,33.99,0.0,261.09,0.0,125.33,74.21,69.52
2026-05-27 20:25:00,3,-348.57,151.37,33.84,0.0,219.89,0.0,105.55,70.1,69.41
2026-05-27 20:30:00,3,-348.57,151.37,32.88,0.0,211.53,0.0,101.53,69.35,69.29
2026-05-27 20:35:00,3,-348.57,151.37,33.94,0.0,264.34,0.0,126.88,74.56,69.17
2026-05-27 20:40:00,3,-348.57,151.37,32.92,0.0,233.74,0.0,112.2,71.4,69.05
2026-05-27 20:45:00,3,-348.57,151.37,34.41,0.0,284.69,0.0,136.65,76.88,68.92
2026-05-27 20:50:00,3,-348.57,151.37,32.64,0.0,310.99,0.0,149.28,80.12,68.79
2026-05-27 20:55:00,3,-348.57,151.37,33.02,0.0,242.52,0.0,116.41,72.26,68.66
2026-05-27 21:00:00,3,-348.57,151.37,33.0,0.0,212.11,0.0,101.81,69.4,68.55
2026-05-27 21:05:00,3,-348.57,151.37,31.91,0.0,256.07,0.0,122.91,73.66,68.43
2026-05-27 21:10:00,3,-348.57,151.37,32.54,0.0,293.96,0.0,141.1,77.99,68.3
2026-05-27 21:15:00,3,-348.57,151.37,33.53,0.0,290.61,0.0,139.49,77.58,68.17
2026-05-27 21:20:00,3,-348.57,151.37,32.99,0.0,296.68,0.0,142.41,78.32,68.04
2026-05-27 21:25:00,3,-348.57,151.37,32.87,0.0,257.2,0.0,123.46,73.79,67.91
2026-05-27 21:30:00,3,-348.57,151.37,32.78,0.0,250.17,0.0,120.08,73.05,67.79
2026-05-27 21:35:00,3,-348.57,151.37,32.35,0.0,287.94,0.0,138.21,77.26,67.66
2026-05-27 21:40:00,3,-348.57,151.37,32.77,0.0,218.63,0.0,104.94,69.98,67.55
2026-05-27 21:45:00,3,-348.57,151.37,32.26,0.0,285.08,0.0,136.84,76.92,67.42
2026-05-27 21:50:00,3,-348.57,151.37,31.98,0.0,252.0,0.0,120.96,73.23,67.3
2026-05-27 21:55:00,3,-348.57,151.37,32.12,0.0,312.67,0.0,150.08,80.34,67.16
2026-05-27 22:00:00,3,-348.57,151.37,30.7,0.0,232.32,0.0,111.51,71.26,67.04
2026-05-27 22:05:00,3,-348.57,151.37,30.98,0.0,299.62,0.0,143.82,78.68,66.91
2026-05-27 22:10:00,3,-348.57,151.37,32.0,0.0,226.56,0.0,108.75,70.71,66.79
2026-05-27 22:15:00,3,-348.57,151.37,30.8,0.0,214.57,0.0,102.99,69.61,66.68
2026-05-27 22:20:00,3,-348.57,151.37,31.19,0.0,288.97,0.0,138.71,77.38,66.55
2026-05-27 22:25:00,3,-348.57,151.37,31.58,0.0,230.74,0.0,110.76,71.11,66.43
2026-05-27 22:30:00,3,-348.57,151.37,31.6,0.0,244.84,0.0,117.52,72.5,66.31
2026-05-27 22:35:00,3,-348.57,151.37,32.02,0.0,304.65,0.0,146.23,79.31,66.18
2026-05-27 22:40:00,3,-348.57,151.37,31.86,0.0,219.83,0.0,105.52,70.09,66.06
2026-05-27 22:45:00,3,-348.57,151.37,32.17,0.0,237.64,0.0,114.07,71.78,65.94
2026-05-27 22:50:00,3,-348.57,151.37,30.34,0.0,304.51,0.0,146.16,79.29,65.81
2026-05-27 22:55:00,3,-348.57,151.37,31.46,0.0,324.43,0.0,155.73,81.89,65.67
2026-05-27 23:00:00,3,-348.57,151.37,31.51,0.0,210.96,0.0,101.26,69.29,65.56
2026-05-27 23:05:00,3,-348.57,151.37,31.01,0.0,260.03,0.0,124.81,74.08,65.43
2026-05-27 23:10:00,3,-348.57,151.37,31.04,0.0,264.87,0.0,127.14,74.61,65.31
2026-05-27 23:15:00,3,-348.57,151.37,31.77,0.0,247.62,0.0,118.86,72.78,65.19
2026-05-27 23:20:00,3,-348.57,151.37,30.74,0.0,318.5,0.0,152.88,81.1,65.05
2026-05-27 23:25:00,3,-348.57,151.37,31.39,0.0,245.11,0.0,117.65,72.52,64.93
2026-05-27 23:30:00,3,-348.57,151.37,31.35,0.0,214.88,0.0,103.14,69.64,64.82
2026-05-27 23:35:00,3,-348.57,151.37,31.18,0.0,268.93,0.0,129.08,75.06,64.69
2026-05-27 23:40:00,3,-348.57,151.37,31.4,0.0,242.79,0.0,116.54,72.29,64.57
2026-05-27 23:45:00,3,-348.57,151.37,31.38,0.0,291.54,0.0,139.94,77.69,64.44
2026-05-27 23:50:00,3,-348.57,151.37,30.44,0.0,287.8,0.0,138.14,77.24,64.31
2026-05-27 23:55:00,3,-348.57,151.37,30.34,0.0,317.88,0.0,152.58,81.02,64.18
2026-05-28 00:00:00,3,-348.57,151.37,31.31,0.0,214.91,0.0,103.16,69.64,64.06
2026-05-28 00:05:00,3,-348.57,151.37,31.69,0.0,285.09,0.0,136.84,76.92,63.93
2026-05-28 00:10:00,3,-348.57,151.37,30.55,0.0,232.69,0.0,111.69,71.29,63.81
2026-05-28 00:15:00,3,-348.57,151.37,31.44,0.0,283.23,0.0,135.95,76.7,63.69
2026-05-28 00:20:00,3,-348.57,151.37,31.42,0.0,311.31,0.0,149.43,80.16,63.55
2026-05-28 00:25:00,3,-348.57,151.37,31.21,0.0,218.28,0.0,104.77,69.94,63.44
2026-05-28 00:30:00,3,-348.57,151.37,30.67,0.0,261.62,0.0,125.58,74.26,63.31
2026-05-28 00:35:00,3,-348.57,151.37,31.44,0.0,270.14,0.0,129.67,75.2,63.19
2026-05-28 00:40:00,3,-348.57,151.37,30.47,0.0,302.83,0.0,145.36,79.08,63.06
2026-05-28 00:45:00,3,-348.57,151.37,31.07,0.0,295.36,0.0,141.77,78.15,62.92
2026-05-28 00:50:00,3,-348.57,151.37,31.36,0.0,285.84,0.0,137.2,77.01,62.8
2026-05-28 00:55:00,3,-348.57,151.37,31.56,0.0,270.55,0.0,129.86,75.24,62.67
2026-05-28 01:00:00,3,-348.57,151.37,31.79,0.0,242.32,0.0,116.31,72.24,62.55
2026-05-28 01:05:00,3,-348.57,151.37,30.86,0.0,200.94,0.0,96.45,68.44,62.44
2026-05-28 01:10:00,3,-348.57,151.37,31.02,0.0,256.69,0.0,123.21,73.73,62.31
2026-05-28 01:15:00,3,-348.57,151.37,31.95,0.0,283.76,0.0,136.21,76.76,62.19
2026-05-28 01:20:00,3,-348.57,151.37,31.1,0.0,313.72,0.0,150.59,80.47,62.05
2026-05-28 01:25:00,3,-348.57,151.37,31.24,0.0,309.05,0.0,148.34,79.87,61.92
2026-05-28 01:30:00,3,-348.57,151.37,31.99,0.0,259.74,0.0,124.67,74.06,61.8
2026-05-28 01:35:00,3,-348.57,151.37,32.37,0.0,229.76,0.0,110.29,71.01,61.68
2026-05-28 01:40:00,3,-348.57,151.37,31.34,0.0,249.63,0.0,119.82,72.99,61.56
2026-05-28 01:45:00,3,-348.57,151.37,32.01,0.0,316.04,0.0,151.7,80.78,61.42
2026-05-28 01:50:00,3,-348.57,151.37,31.41,0.0,306.78,0.0,147.26,79.58,61.29
2026-05-28 01:55:00,3,-348.57,151.37,32.56,0.0,236.32,0.0,113.43,71.65,61.17
2026-05-28 02:00:00,3,-348.57,151.37,31.76,0.0,271.98,0.0,130.55,75.41,61.04
2026-05-28 02:05:00,3,-348.57,151.37,32.49,0.0,208.28,0.0,99.98,69.06,60.93
2026-05-28 02:10:00,3,-348.57,151.37,31.26,0.0,253.87,0.0,121.86,73.43,60.81
2026-05-28 02:15:00,3,-348.57,151.37,32.26,0.0,210.05,0.0,100.82,69.22,60.69
2026-05-28 02:20:00,3,-348.57,151.37,31.99,0.0,225.11,0.0,108.05,70.57,60.57
2026-05-28 02:25:00,3,-348.57,151.37,31.63,0.0,221.74,0.0,106.44,70.26,60.46
2026-05-28 02:30:00,3,-348.57,151.37,32.25,0.0,240.63,0.0,115.5,72.07,60.34
2026-05-28 02:35:00,3,-348.57,151.37,32.31,0.0,257.47,0.0,123.58,73.81,60.21
2026-05-28 02:40:00,3,-348.57,151.37,33.26,0.0,301.52,0.0,144.73,78.92,60.08
2026-05-28 02:45:00,3,-348.57,151.37,33.23,0.0,251.34,0.0,120.65,73.17,59.96
2026-05-28 02:50:00,3,-348.57,151.37,33.09,0.0,315.83,0.0,151.6,80.75,59.82
2026-05-28 02:55:00,3,-348.57,151.37,32.51,0.0,293.89,0.0,141.07,77.98,59.69
2026-05-28 03:00:00,3,-348.57,151.37,32.58,0.0,202.49,0.0,97.2,68.57,59.58
2026-05-28 03:05:00,3,-348.57,151.37,33.12,0.0,217.8,0.0,104.54,69.9,59.46
2026-05-28 03:10:00,3,-348.57,151.37,32.8,0.0,282.2,0.0,135.46,76.58,59.34
2026-05-28 03:15:00,3,-348.57,151.37,33.07,0.0,217.31,0.0,104.31,69.86,59.22
2026-05-28 03:20:00,3,-348.57,151.37,33.98,0.0,217.18,0.0,104.25,69.85,59.1
2026-05-28 03:25:00,3,-348.57,151.37,32.77,0.0,281.76,0.0,135.24,76.53,58.98
2026-05-28 03:30:00,3,-348.57,151.37,34.3,0.0,218.03,0.0,104.66,69.93,58.86
2026-05-28 03:35:00,3,-348.57,151.37,33.63,0.0,321.48,0.0,154.31,81.5,58.72
2026-05-28 03:40:00,3,-348.57,151.37,34.14,0.0,255.99,0.0,122.87,73.66,58.6
2026-05-28 03:45:00,3,-348.57,151.37,33.78,0.0,297.01,0.0,142.56,78.36,58.47
2026-05-28 03:50:00,3,-348.57,151.37,34.53,0.0,244.43,0.0,117.33,72.46,58.35
2026-05-28 03:55:00,3,-348.57,151.37,34.53,0.0,269.45,0.0,129.34,75.13,58.22
2026-05-28 04:00:00,3,-348.57,151.37,33.9,0.0,201.79,0.0,96.86,68.51,58.11
2026-05-28 04:05:00,3,-348.57,151.37,34.4,0.0,202.39,0.0,97.15,68.57,58.0
2026-05-28 04:10:00,3,-348.57,151.37,33.78,0.0,208.09,0.0,99.88,69.05,57.88
2026-05-28 04:15:00,3,-348.57,151.37,36.02,0.0,216.43,0.0,103.89,69.79,57.76
2026-05-28 04:20:00,3,-348.57,151.37,35.78,0.0,223.78,0.0,107.42,70.46,57.65
2026-05-28 04:25:00,3,-348.57,151.37,34.7,0.0,274.15,0.0,131.59,75.66,57.52
2026-05-28 04:30:00,3,-348.57,151.37,35.71,0.0,267.71,0.0,128.5,74.93,57.4
2026-05-28 04:35:00,3,-348.57,151.37,36.15,0.0,281.31,0.0,135.03,76.48,57.27
2026-05-28 04:40:00,3,-348.57,151.37,36.08,0.0,257.99,0.0,123.83,73.87,57.14
2026-05-28 04:45:00,3,-348.57,151.37,35.84,0.0,304.9,0.0,146.35,79.35,57.01
2026-05-28 04:50:00,3,-348.57,151.37,35.51,0.0,210.79,0.0,101.18,69.29,56.9
2026-05-28 04:55:00,3,-348.57,151.37,35.39,0.0,240.17,0.0,115.28,72.03,56.78
2026-05-28 05:00:00,3,-348.57,151.37,35.33,0.0,208.71,0.0,100.18,69.1,56.66
2026-05-28 05:05:00,3,-348.57,151.37,36.4,0.0,228.8,0.0,109.82,70.93,56.54
2026-05-28 05:10:00,3,-348.57,151.37,38.29,0.0,302.33,0.0,145.12,79.03,56.41
2026-05-28 05:15:00,3,-348.57,151.37,35.94,0.0,257.85,0.0,123.77,73.86,56.29
2026-05-28 05:20:00,3,-348.57,151.37,36.76,0.0,316.42,0.0,151.88,80.84,56.15
2026-05-28 05:25:00,3,-348.57,151.37,36.74,0.0,297.37,0.0,142.74,78.41,56.02
2026-05-28 05:30:00,3,-348.57,151.37,37.07,0.0,277.19,0.0,133.05,76.01,55.9
2026-05-28 05:35:00,3,-348.57,151.37,37.78,0.0,204.79,0.0,98.3,68.77,55.78
2026-05-28 05:40:00,3,-348.57,151.37,37.06,0.0,308.43,0.0,148.05,79.8,55.65
2026-05-28 05:45:00,3,-348.57,151.37,37.82,0.0,225.77,0.0,108.37,70.65,55.53
2026-05-28 05:50:00,3,-348.57,151.37,37.88,0.0,262.9,0.0,126.19,74.41,55.41
2026-05-28 05:55:00,3,-348.57,151.37,37.48,0.0,306.45,0.0,147.09,79.55,55.27
2026-05-28 06:00:00,3,-348.57,151.37,37.44,0.0,257.48,0.0,123.59,73.82,55.15
2026-05-28 06:05:00,3,-348.57,151.37,38.16,0.0,305.64,0.0,146.71,79.45,55.02
2026-05-28 06:10:00,3,-348.57,151.37,38.18,0.0,284.55,0.0,136.58,76.87,54.89
2026-05-28 06:15:00,3,-348.57,151.37,38.46,0.0,260.82,0.0,125.19,74.18,54.77
2026-05-28 06:20:00,3,-348.57,151.37,38.04,0.0,201.8,0.0,96.86,68.52,54.65
2026-05-28 06:25:00,3,-348.57,151.37,38.69,0.0,317.23,0.0,152.27,80.95,54.52
2026-05-28 06:30:00,3,-348.57,151.37,39.16,0.0,298.02,0.0,143.05,78.5,54.39
2026-05-28 06:35:00,3,-348.57,151.37,38.89,0.0,202.67,0.0,97.28,68.6,54.27
2026-05-28 06:40:00,3,-348.57,151.37,39.1,0.0,213.37,0.0,102.42,69.52,54.16
2026-05-28 06:45:00,3,-348.57,151.37,38.7,0.0,307.39,0.0,147.55,79.67,54.02
2026-05-28 06:50:00,3,-348.57,151.37,39.66,0.0,205.88,0.0,98.82,68.87,53.91
2026-05-28 06:55:00,3,-348.57,151.37,39.82,0.0,253.69,0.0,121.77,73.43,53.79
2026-05-28 07:00:00,3,-348.57,151.37,39.65,0.0,278.5,0.0,133.68,76.16,53.66
2026-05-28 07:05:00,3,-348.57,151.37,38.99,0.0,243.41,0.0,116.84,72.37,53.54
2026-05-28 07:10:00,3,-348.57,151.37,40.08,0.0,253.69,0.0,121.77,73.43,53.42
2026-05-28 07:15:00,3,-348.57,151.37,40.56,0.0,300.08,0.0,144.04,78.76,53.29
2026-05-28 07:20:00,3,-348.57,151.37,40.44,0.0,228.9,0.0,109.87,70.95,53.17
2026-05-28 07:25:00,3,-348.57,151.37,40.06,0.0,272.07,0.0,130.59,75.43,53.04
2026-05-28 07:30:00,3,-348.57,151.37,40.32,0.0,314.45,0.0,150.94,80.59,52.91
2026-05-28 07:35:00,3,-348.57,151.37,40.87,0.0,261.42,0.0,125.48,74.25,52.78
2026-05-28 07:40:00,3,-348.57,151.37,41.32,0.0,232.76,0.0,111.72,71.32,52.67
2026-05-28 07:45:00,3,-348.57,151.37,40.57,0.0,226.6,0.0,108.77,70.73,52.55
2026-05-28 07:50:00,3,-348.57,151.37,41.54,0.0,319.89,0.0,153.55,81.3,52.41
2026-05-28 07:55:00,3,-348.57,151.37,41.61,0.0,314.52,0.0,150.97,80.6,52.28
2026-05-28 08:00:00,3,-348.57,151.37,41.51,0.0,232.98,0.0,111.83,71.34,52.16
2026-05-28 08:05:00,3,-348.57,151.37,41.38,0.0,261.5,0.0,125.52,74.26,52.03
2026-05-28 08:10:00,3,-348.57,151.37,41.39,0.0,321.72,0.0,154.43,81.55,51.9
2026-05-28 08:15:00,3,-348.57,151.37,42.24,0.0,251.96,0.0,120.94,73.25,51.78
2026-05-28 08:20:00,3,-348.57,151.37,41.91,0.0,301.62,0.0,144.78,78.95,51.65
2026-05-28 08:25:00,3,-348.57,151.37,42.55,0.0,259.89,0.0,124.75,74.09,51.52
2026-05-28 08:30:00,3,-348.57,151.37,41.56,0.0,297.57,0.0,142.83,78.45,51.39
2026-05-28 08:35:00,3,-348.57,151.37,42.66,0.0,294.54,0.0,141.38,78.08,51.26
2026-05-28 08:40:00,3,-348.57,151.37,42.76,0.0,314.6,0.0,151.01,80.61,51.13
2026-05-28 08:45:00,3,-348.57,151.37,42.68,0.0,317.0,0.0,152.16,80.92,50.99
2026-05-28 08:50:00,3,-348.57,151.37,43.04,0.0,322.07,0.0,154.6,81.6,50.86
2026-05-28 08:55:00,3,-348.57,151.37,43.61,0.0,279.38,0.0,134.1,76.27,50.73
2026-05-28 09:00:00,3,-348.57,151.37,41.98,0.0,218.32,0.0,104.79,69.97,50.61
2026-05-28 09:05:00,3,-348.57,151.37,42.65,0.0,271.51,0.0,130.32,75.37,50.49
2026-05-28 09:10:00,3,-348.57,151.37,43.54,0.0,244.55,0.0,117.39,72.49,50.37
2026-05-28 09:15:00,3,-348.57,151.37,43.66,0.0,250.22,0.0,120.11,73.07,50.24
2026-05-28 09:20:00,3,-348.57,151.37,42.95,0.0,298.34,0.0,143.2,78.54,50.11
2026-05-28 09:25:00,3,-348.57,151.37,43.9,0.0,290.01,0.0,139.2,77.53,49.98
2026-05-28 09:30:00,3,-348.57,151.37,44.42,0.0,242.3,0.0,116.3,72.26,49.86
2026-05-28 09:35:00,3,-348.57,151.37,44.19,0.0,305.33,0.0,146.56,79.42,49.73
2026-05-28 09:40:00,3,-348.57,151.37,44.16,0.0,200.14,0.0,96.07,68.4,49.62
2026-05-28 09:45:00,3,-348.57,151.37,44.55,0.0,289.35,0.0,138.89,77.45,49.49
2026-05-28 09:50:00,3,-348.57,151.37,44.25,0.0,296.15,0.0,142.15,78.28,49.36
2026-05-28 09:55:00,3,-348.57,151.37,44.14,0.0,244.14,0.0,117.19,72.45,49.24
2026-05-28 10:00:00,3,-348.57,151.37,44.61,0.0,230.1,0.0,110.45,71.07,49.12
2026-05-28 10:05:00,3,-348.57,151.37,43.77,0.0,272.99,0.0,131.04,75.54,48.99
2026-05-28 10:10:00,3,-348.57,151.37,45.0,0.0,214.88,0.0,103.14,69.67,48.88
2026-05-28 10:15:00,3,-348.57,151.37,43.61,0.0,311.23,0.0,149.39,80.17,48.74
2026-05-28 10:20:00,3,-348.57,151.37,44.86,0.0,237.76,0.0,114.12,71.81,48.62
2026-05-28 10:25:00,3,-348.57,151.37,44.35,0.0,200.28,0.0,96.13,68.41,48.51
2026-05-28 10:30:00,3,-348.57,151.37,45.63,0.0,318.73,0.0,152.99,81.16,48.37
2026-05-28 10:35:00,3,-348.57,151.37,44.52,0.0,269.89,0.0,129.55,75.2,48.25
2026-05-28 10:40:00,3,-348.57,151.37,44.03,0.0,288.5,0.0,138.48,77.35,48.12
2026-05-28 10:45:00,3,-348.57,151.37,44.66,0.0,297.62,0.0,142.86,78.46,47.99
2026-05-28 10:50:00,3,-348.57,151.37,44.73,0.0,256.63,0.0,123.18,73.75,47.87
2026-05-28 10:55:00,3,-348.57,151.37,45.44,0.0,310.21,0.0,148.9,80.05,47.73
2026-05-28 11:00:00,3,-348.57,151.37,44.9,0.0,314.65,0.0,151.03,80.62,47.6
2026-05-28 11:05:00,3,-348.57,151.37,44.97,0.0,264.45,0.0,126.94,74.59,47.47
2026-05-28 11:10:00,3,-348.57,151.37,45.38,0.0,234.1,0.0,112.37,71.46,47.35
2026-05-28 11:15:00,3,-348.57,151.37,45.15,0.0,243.65,0.0,116.95,72.4,47.23
2026-05-28 11:20:00,3,-348.57,151.37,45.1,0.0,220.54,0.0,105.86,70.18,47.12
2026-05-28 11:25:00,3,-348.57,151.37,45.99,0.0,303.15,0.0,145.51,79.15,46.98
2026-05-28 11:30:00,3,-348.57,151.37,45.16,0.0,297.93,0.0,143.01,78.5,46.85
2026-05-28 11:35:00,3,-348.57,151.37,44.42,0.0,296.0,0.0,142.08,78.26,46.72
2026-05-28 11:40:00,3,-348.57,151.37,44.44,0.0,290.71,0.0,139.54,77.62,46.59
2026-05-28 11:45:00,3,-348.57,151.37,44.93,0.0,310.85,0.0,149.21,80.13,46.46
2026-05-28 11:50:00,3,-348.57,151.37,44.82,0.0,248.4,0.0,119.23,72.89,46.34
2026-05-28 11:55:00,3,-348.57,151.37,45.48,0.0,213.6,0.0,102.53,69.55,46.22
2026-05-28 12:00:00,3,-348.57,151.37,45.73,0.0,250.37,0.0,120.18,73.09,46.1
2026-05-28 12:05:00,3,-348.57,151.37,45.76,0.0,225.77,0.0,108.37,70.66,45.98
2026-05-28 12:10:00,3,-348.57,151.37,44.61,0.0,219.55,0.0,105.39,70.09,45.87
2026-05-28 12:15:00,3,-348.57,151.37,44.88,0.0,306.29,0.0,147.02,79.55,45.73
2026-05-28 12:20:00,3,-348.57,151.37,44.91,0.0,284.48,0.0,136.55,76.87,45.61
2026-05-28 12:25:00,3,-348.57,151.37,45.33,0.0,292.73,0.0,140.51,77.86,45.48
2026-05-28 12:30:00,3,-348.57,151.37,44.68,0.0,236.89,0.0,113.71,71.73,45.36
2026-05-28 12:35:00,3,-348.57,151.37,45.23,0.0,252.23,0.0,121.07,73.29,45.23
2026-05-28 12:40:00,3,-348.57,151.37,44.87,0.0,265.19,0.0,127.29,74.67,45.11
2026-05-28 12:45:00,3,-348.57,151.37,44.65,0.0,214.07,0.0,102.75,69.59,44.99
2026-05-28 12:50:00,3,-348.57,151.37,44.31,0.0,242.5,0.0,116.4,72.28,44.87
2026-05-28 12:55:00,3,-348.57,151.37,44.76,0.0,291.7,0.0,140.01,77.73,44.74
2026-05-28 13:00:00,3,-348.57,151.37,43.96,0.0,248.29,0.0,119.18,72.87,44.62
2026-05-28 13:05:00,3,-348.57,151.37,44.85,0.0,254.63,0.0,122.22,73.54,44.5
2026-05-28 13:10:00,3,-348.57,151.37,45.29,0.0,204.4,0.0,98.11,68.76,44.39
2026-05-28 13:15:00,3,-348.57,151.37,45.06,0.0,324.7,0.0,155.86,81.96,44.25
2026-05-28 13:20:00,3,-348.57,151.37,44.86,0.0,244.08,0.0,117.16,72.45,44.13
2026-05-28 13:25:00,3,-348.57,151.37,44.06,0.0,288.76,0.0,138.6,77.38,44.0
2026-05-28 13:30:00,3,-348.57,151.37,43.92,0.0,236.6,0.0,113.57,71.7,43.88
2026-05-28 13:35:00,3,-348.57,151.37,44.44,0.0,318.79,0.0,153.02,81.16,43.74
2026-05-28 13:40:00,3,-348.57,151.37,44.36,0.0,324.49,0.0,155.76,81.93,43.61
2026-05-28 13:45:00,3,-348.57,151.37,43.75,0.0,235.16,0.0,112.88,71.56,43.49
2026-05-28 13:50:00,3,-348.57,151.37,43.85,0.0,232.91,0.0,111.8,71.34,43.37
2026-05-28 13:55:00,3,-348.57,151.37,44.39,0.0,245.97,0.0,118.07,72.64,43.25
2026-05-28 14:00:00,3,-348.57,151.37,44.91,0.0,200.44,0.0,96.21,68.42,43.13
2026-05-28 14:05:00,3,-348.57,151.37,44.11,0.0,255.56,0.0,122.67,73.63,43.01
2026-05-28 14:10:00,3,-348.57,151.37,43.98,0.0,282.31,0.0,135.51,76.62,42.88
2026-05-28 14:15:00,3,-348.57,151.37,43.89,0.0,222.54,0.0,106.82,70.36,42.77
2026-05-28 14:20:00,3,-348.57,151.37,44.3,0.0,238.38,0.0,114.42,71.87,42.65
2026-05-28 14:25:00,3,-348.57,151.37,44.1,0.0,319.96,0.0,153.58,81.32,42.51
2026-05-28 14:30:00,3,-348.57,151.37,42.77,0.0,291.55,0.0,139.94,77.71,42.38
2026-05-28 14:35:00,3,-348.57,151.37,43.56,0.0,202.02,0.0,96.97,68.55,42.27
2026-05-28 14:40:00,3,-348.57,151.37,42.83,0.0,208.79,0.0,100.22,69.13,42.15
2026-05-28 14:45:00,3,-348.57,151.37,43.11,0.0,228.52,0.0,109.69,70.92,42.03
2026-05-28 14:50:00,3,-348.57,151.37,42.41,0.0,284.12,0.0,136.38,76.83,41.91
2026-05-28 14:55:00,3,-348.57,151.37,43.86,0.0,272.7,0.0,130.89,75.51,41.78
2026-05-28 15:00:00,3,-348.57,151.37,42.94,0.0,209.45,0.0,100.54,69.19,41.67
2026-05-28 15:05:00,3,-348.57,151.37,43.13,0.0,222.5,0.0,106.8,70.35,41.55
2026-05-28 15:10:00,3,-348.57,151.37,42.8,0.0,260.2,0.0,124.9,74.13,41.42
2026-05-28 15:15:00,3,-348.57,151.37,42.19,0.0,266.98,0.0,128.15,74.87,41.3
2026-05-28 15:20:00,3,-348.57,151.37,41.77,0.0,272.78,0.0,130.94,75.52,41.17
2026-05-28 15:25:00,3,-348.57,151.37,43.16,0.0,231.09,0.0,110.93,71.16,41.06
2026-05-28 15:30:00,3,-348.57,151.37,42.74,0.0,232.72,0.0,111.71,71.32,40.94
2026-05-28 15:35:00,3,-348.57,151.37,41.84,0.0,324.9,0.0,155.95,81.97,40.8
2026-05-28 15:40:00,3,-348.57,151.37,42.08,0.0,223.11,0.0,107.09,70.41,40.68
2026-05-28 15:45:00,3,-348.57,151.37,41.96,0.0,230.64,0.0,110.71,71.12,40.56
2026-05-28 15:50:00,3,-348.57,151.37,40.55,0.0,293.27,0.0,140.77,77.92,40.43
2026-05-28 15:55:00,3,-348.57,151.37,41.69,0.0,252.66,0.0,121.27,73.32,40.31
2026-05-28 16:00:00,3,-348.57,151.37,41.78,0.0,280.63,0.0,134.7,76.41,40.18
2026-05-28 16:05:00,3,-348.57,151.37,41.57,0.0,251.18,0.0,120.56,73.17,40.06
2026-05-28 16:10:00,3,-348.57,151.37,41.22,0.0,212.3,0.0,101.9,69.43,39.95
2026-05-28 16:15:00,3,-348.57,151.37,41.43,0.0,273.76,0.0,131.4,75.62,39.82
2026-05-28 16:20:00,3,-348.57,151.37,41.32,0.0,311.85,0.0,149.69,80.25,39.69
2026-05-28 16:25:00,3,-348.57,151.37,40.43,0.0,312.64,0.0,150.06,80.35,39.55
2026-05-28 16:30:00,3,-348.57,151.37,40.48,0.0,291.16,0.0,139.75,77.66,39.42
2026-05-28 16:35:00,3,-348.57,151.37,40.91,0.0,228.08,0.0,109.48,70.87,39.31
2026-05-28 16:40:00,3,-348.57,151.37,41.09,0.0,302.29,0.0,145.1,79.03,39.17
2026-05-28 16:45:00,3,-348.57,151.37,40.59,0.0,224.84,0.0,107.93,70.57,39.06
2026-05-28 16:50:00,3,-348.57,151.37,40.21,0.0,321.55,0.0,154.35,81.52,38.92
2026-05-28 16:55:00,3,-348.57,151.37,39.93,0.0,225.35,0.0,108.17,70.61,38.8
2026-05-28 17:00:00,3,-348.57,151.37,39.82,0.0,223.17,0.0,107.12,70.41,38.69
2026-05-28 17:05:00,3,-348.57,151.37,38.88,0.0,230.12,0.0,110.46,71.06,38.57
2026-05-28 17:10:00,3,-348.57,151.37,39.09,0.0,239.62,0.0,115.02,71.99,38.45
2026-05-28 17:15:00,3,-348.57,151.37,39.56,0.0,285.89,0.0,137.23,77.03,38.32
2026-05-28 17:20:00,3,-348.57,151.37,39.17,0.0,315.08,0.0,151.24,80.67,38.18
2026-05-28 17:25:00,3,-348.57,151.37,38.57,0.0,273.61,0.0,131.33,75.6,38.06
2026-05-28 17:30:00,3,-348.57,151.37,39.25,0.0,287.25,0.0,137.88,77.19,37.93
2026-05-28 17:35:00,3,-348.57,151.37,39.57,0.0,209.92,0.0,100.76,69.22,37.81
2026-05-28 17:40:00,3,-348.57,151.37,38.5,0.0,240.64,0.0,115.51,72.09,37.69
2026-05-28 17:45:00,3,-348.57,151.37,39.23,0.0,305.07,0.0,146.43,79.38,37.56
2026-05-28 17:50:00,3,-348.57,151.37,38.02,0.0,296.64,0.0,142.39,78.33,37.43
2026-05-28 17:55:00,3,-348.57,151.37,37.56,0.0,287.35,0.0,137.93,77.2,37.3
2026-05-28 18:00:00,3,-348.57,151.37,38.16,0.0,218.81,0.0,105.03,70.01,37.19
2026-05-28 18:05:00,3,-348.57,151.37,38.33,0.0,248.46,0.0,119.26,72.88,37.06
2026-05-28 18:10:00,3,-348.57,151.37,38.16,0.0,200.36,0.0,96.17,68.4,36.95
2026-05-28 18:15:00,3,-348.57,151.37,38.51,0.0,315.68,0.0,151.53,80.74,36.82
2026-05-28 18:20:00,3,-348.57,151.37,37.08,0.0,252.16,0.0,121.03,73.26,36.69
2026-05-28 18:25:00,3,-348.57,151.37,37.51,0.0,206.6,0.0,99.17,68.93,36.58
2026-05-28 18:30:00,3,-348.57,151.37,35.74,0.0,217.04,0.0,104.18,69.84,36.46
2026-05-28 18:35:00,3,-348.57,151.37,37.31,0.0,262.17,0.0,125.84,74.33,36.34
2026-05-28 18:40:00,3,-348.57,151.37,36.77,0.0,287.66,0.0,138.08,77.23,36.21
2026-05-28 18:45:00,3,-348.57,151.37,37.02,0.0,249.93,0.0,119.97,73.03,36.09
2026-05-28 18:50:00,3,-348.57,151.37,36.21,0.0,279.69,0.0,134.25,76.29,35.96
2026-05-28 18:55:00,3,-348.57,151.37,36.33,0.0,297.21,0.0,142.66,78.39,35.83
2026-05-28 19:00:00,3,-348.57,151.37,36.7,0.0,292.38,0.0,140.34,77.8,35.7
2026-05-28 19:05:00,3,-348.57,151.37,36.49,0.0,286.11,0.0,137.33,77.05,35.57
2026-05-28 19:10:00,3,-348.57,151.37,35.48,0.0,252.54,0.0,121.22,73.3,35.45
2026-05-28 19:15:00,3,-348.57,151.37,36.13,0.0,255.94,0.0,122.85,73.66,35.33
2026-05-28 19:20:00,3,-348.57,151.37,35.66,0.0,217.48,0.0,104.39,69.88,35.21
2026-05-28 19:25:00,3,-348.57,151.37,36.24,0.0,269.77,0.0,129.49,75.17,35.09
2026-05-28 19:30:00,3,-348.57,151.37,34.62,0.0,241.44,0.0,115.89,72.16,34.97
2026-05-28 19:35:00,3,-348.57,151.37,35.28,0.0,219.48,0.0,105.35,70.06,34.85
2026-05-28 19:40:00,3,-348.57,151.37,34.28,0.0,318.66,0.0,152.96,81.13,34.71
2026-05-28 19:45:00,3,-348.57,151.37,34.75,0.0,293.38,0.0,140.82,77.92,34.58
2026-05-28 19:50:00,3,-348.57,151.37,35.07,0.0,322.7,0.0,154.9,81.67,34.45
2026-05-28 19:55:00,3,-348.57,151.37,35.08,0.0,269.55,0.0,129.38,75.14,34.32
2026-05-28 20:00:00,3,-348.57,151.37,34.44,0.0,262.64,0.0,126.07,74.38,34.2
2026-05-28 20:05:00,3,-348.57,151.37,34.56,0.0,277.58,0.0,133.24,76.05,34.07
2026-05-28 20:10:00,3,-348.57,151.37,33.67,0.0,313.37,0.0,150.42,80.43,33.94
2026-05-28 20:15:00,3,-348.57,151.37,34.79,0.0,267.1,0.0,128.21,74.87,33.81
2026-05-28 20:20:00,3,-348.57,151.37,34.56,0.0,241.01,0.0,115.69,72.12,33.69
2026-05-28 20:25:00,3,-348.57,151.37,33.28,0.0,296.98,0.0,142.55,78.36,33.56
2026-05-28 20:30:00,3,-348.57,151.37,33.96,0.0,268.78,0.0,129.01,75.05,33.44
2026-05-28 20:35:00,3,-348.57,151.37,33.91,0.0,227.56,0.0,109.23,70.81,33.32
2026-05-28 20:40:00,3,-348.57,151.37,33.25,0.0,282.18,0.0,135.45,76.58,33.19
2026-05-28 20:45:00,3,-348.57,151.37,33.17,0.0,254.89,0.0,122.35,73.54,33.07
2026-05-28 20:50:00,3,-348.57,151.37,34.04,0.0,286.75,0.0,137.64,77.12,32.94
2026-05-28 20:55:00,3,-348.57,151.37,32.71,0.0,213.05,0.0,102.26,69.48,32.82
2026-05-28 21:00:00,3,-348.57,151.37,32.65,0.0,299.3,0.0,143.66,78.64,32.69
2026-05-28 21:05:00,3,-348.57,151.37,31.92,0.0,227.49,0.0,109.2,70.8,32.57
2026-05-28 21:10:00,3,-348.57,151.37,32.93,0.0,275.25,0.0,132.12,75.78,32.45
2026-05-28 21:15:00,3,-348.57,151.37,32.09,0.0,296.4,0.0,142.27,78.28,32.32
2026-05-28 21:20:00,3,-348.57,151.37,32.33,0.0,220.46,0.0,105.82,70.15,32.2
2026-05-28 21:25:00,3,-348.57,151.37,32.37,0.0,236.98,0.0,113.75,71.71,32.08
2026-05-28 21:30:00,3,-348.57,151.37,32.53,0.0,214.53,0.0,102.98,69.61,31.97
2026-05-28 21:35:00,3,-348.57,151.37,31.87,0.0,301.37,0.0,144.66,78.9,31.83
2026-05-28 21:40:00,3,-348.57,151.37,32.1,0.0,317.57,0.0,152.43,80.98,31.7
2026-05-28 21:45:00,3,-348.57,151.37,32.08,0.0,297.31,0.0,142.71,78.4,31.57
2026-05-28 21:50:00,3,-348.57,151.37,33.05,0.0,264.41,0.0,126.92,74.57,31.44
2026-05-28 21:55:00,3,-348.57,151.37,32.01,0.0,275.04,0.0,132.02,75.75,31.32
2026-05-28 22:00:00,3,-348.57,151.37,31.62,0.0,263.59,0.0,126.52,74.47,31.19
2026-05-28 22:05:00,3,-348.57,151.37,31.5,0.0,316.49,0.0,151.92,80.84,31.06
2026-05-28 22:10:00,3,-348.57,151.37,32.48,0.0,255.59,0.0,122.68,73.61,30.94
2026-05-28 22:15:00,3,-348.57,151.37,32.58,0.0,277.64,0.0,133.27,76.05,30.81
2026-05-28 22:20:00,3,-348.57,151.37,32.04,0.0,267.94,0.0,128.61,74.95,30.68
2026-05-28 22:25:00,3,-348.57,151.37,31.8,0.0,265.51,0.0,127.44,74.68,30.56
2026-05-28 22:30:00,3,-348.57,151.37,32.33,0.0,282.51,0.0,135.6,76.62,30.43
2026-05-28 22:35:00,3,-348.57,151.37,30.24,0.0,236.55,0.0,113.55,71.67,30.31
2026-05-28 22:40:00,3,-348.57,151.37,31.6,0.0,249.31,0.0,119.67,72.95,30.19
2026-05-28 22:45:00,3,-348.57,151.37,31.19,0.0,309.13,0.0,148.38,79.88,30.06
2026-05-28 22:50:00,3,-348.57,151.37,32.6,0.0,288.31,0.0,138.39,77.3,29.93
2026-05-28 22:55:00,3,-348.57,151.37,32.23,0.0,218.64,0.0,104.95,69.98,29.81
2026-05-28 23:00:00,3,-348.57,151.37,30.86,0.0,276.27,0.0,132.61,75.89,29.69
2026-05-28 23:05:00,3,-348.57,151.37,30.73,0.0,224.79,0.0,107.9,70.54,29.57
2026-05-28 23:10:00,3,-348.57,151.37,31.58,0.0,221.7,0.0,106.42,70.26,29.45
2026-05-28 23:15:00,3,-348.57,151.37,30.33,0.0,260.04,0.0,124.82,74.09,29.33
2026-05-28 23:20:00,3,-348.57,151.37,30.98,0.0,313.99,0.0,150.71,80.51,29.19
2026-05-28 23:25:00,3,-348.57,151.37,31.11,0.0,235.32,0.0,112.95,71.55,29.07
2026-05-28 23:30:00,3,-348.57,151.37,30.88,0.0,299.77,0.0,143.89,78.7,28.94
2026-05-28 23:35:00,3,-348.57,151.37,31.1,0.0,290.54,0.0,139.46,77.57,28.81
2026-05-28 23:40:00,3,-348.57,151.37,32.03,0.0,244.4,0.0,117.31,72.45,28.69
2026-05-28 23:45:00,3,-348.57,151.37,30.93,0.0,301.25,0.0,144.6,78.88,28.56
2026-05-28 23:50:00,3,-348.57,151.37,30.97,0.0,260.42,0.0,125.0,74.13,28.44
2026-05-28 23:55:00,3,-348.57,151.37,30.66,0.0,288.7,0.0,138.57,77.35,28.31
2026-05-29 00:00:00,3,-348.57,151.37,30.33,0.0,277.04,0.0,132.98,75.98,28.18
2026-05-29 00:05:00,3,-348.57,151.37,29.9,0.0,293.34,0.0,140.8,77.91,28.05
2026-05-29 00:10:00,3,-348.57,151.37,30.77,0.0,272.72,0.0,130.9,75.49,27.93
2026-05-29 00:15:00,3,-348.57,151.37,31.54,0.0,294.82,0.0,141.51,78.09,27.8
2026-05-29 00:20:00,3,-348.57,151.37,30.85,0.0,216.77,0.0,104.05,69.81,27.68
2026-05-29 00:25:00,3,-348.57,151.37,30.18,0.0,268.21,0.0,128.74,74.98,27.56
2026-05-29 00:30:00,3,-348.57,151.37,31.87,0.0,205.05,0.0,98.42,68.78,27.44
2026-05-29 00:35:00,3,-348.57,151.37,31.75,0.0,311.46,0.0,149.5,80.18,27.31
2026-05-29 00:40:00,3,-348.57,151.37,31.21,0.0,318.69,0.0,152.97,81.13,27.17
2026-05-29 00:45:00,3,-348.57,151.37,29.49,0.0,314.14,0.0,150.79,80.53,27.04
2026-05-29 00:50:00,3,-348.57,151.37,31.36,0.0,237.41,0.0,113.96,71.75,26.92
2026-05-29 00:55:00,3,-348.57,151.37,30.68,0.0,208.05,0.0,99.86,69.04,26.8
2026-05-29 01:00:00,3,-348.57,151.37,31.39,0.0,221.56,0.0,106.35,70.25,26.69
2026-05-29 01:05:00,3,-348.57,151.37,30.9,0.0,306.19,0.0,146.97,79.51,26.55
2026-05-29 01:10:00,3,-348.57,151.37,30.77,0.0,252.04,0.0,120.98,73.24,26.43
2026-05-29 01:15:00,3,-348.57,151.37,31.48,0.0,242.59,0.0,116.44,72.27,26.31
2026-05-29 01:20:00,3,-348.57,151.37,31.12,0.0,276.76,0.0,132.85,75.95,26.18
2026-05-29 01:25:00,3,-348.57,151.37,30.73,0.0,267.92,0.0,128.6,74.95,26.06
2026-05-29 01:30:00,3,-348.57,151.37,31.83,0.0,289.32,0.0,138.88,77.43,25.93
2026-05-29 01:35:00,3,-348.57,151.37,31.37,0.0,316.41,0.0,151.88,80.83,25.8
2026-05-29 01:40:00,3,-348.57,151.37,31.19,0.0,277.84,0.0,133.36,76.07,25.67
2026-05-29 01:45:00,3,-348.57,151.37,30.95,0.0,269.07,0.0,129.15,75.08,25.54
2026-05-29 01:50:00,3,-348.57,151.37,31.88,0.0,245.82,0.0,118.0,72.6,25.42
2026-05-29 01:55:00,3,-348.57,151.37,32.14,0.0,278.41,0.0,133.64,76.14,25.3
2026-05-29 02:00:00,3,-348.57,151.37,32.59,0.0,211.67,0.0,101.6,69.36,25.18
2026-05-29 02:05:00,3,-348.57,151.37,32.01,0.0,259.89,0.0,124.75,74.07,25.06
2026-05-29 02:10:00,3,-348.57,151.37,33.49,0.0,234.43,0.0,112.52,71.46,24.94
2026-05-29 02:15:00,3,-348.57,151.37,32.15,0.0,227.21,0.0,109.06,70.77,24.82
2026-05-29 02:20:00,3,-348.57,151.37,32.52,0.0,258.94,0.0,124.29,73.97,24.7
2026-05-29 02:25:00,3,-348.57,151.37,31.44,0.0,245.41,0.0,117.8,72.55,24.58
2026-05-29 02:30:00,3,-348.57,151.37,32.86,0.0,286.59,0.0,137.56,77.1,24.45
2026-05-29 02:35:00,3,-348.57,151.37,32.4,0.0,300.71,0.0,144.34,78.82,24.32
2026-05-29 02:40:00,3,-348.57,151.37,33.33,0.0,307.48,0.0,147.59,79.67,24.18
2026-05-29 02:45:00,3,-348.57,151.37,33.01,0.0,254.36,0.0,122.09,73.48,24.06
2026-05-29 02:50:00,3,-348.57,151.37,32.58,0.0,251.97,0.0,120.95,73.23,23.94
2026-05-29 02:55:00,3,-348.57,151.37,32.64,0.0,203.48,0.0,97.67,68.65,23.82
2026-05-29 03:00:00,3,-348.57,151.37,33.24,0.0,239.19,0.0,114.81,71.93,23.7
2026-05-29 03:05:00,3,-348.57,151.37,32.69,0.0,275.07,0.0,132.03,75.76,23.58
2026-05-29 03:10:00,3,-348.57,151.37,32.87,0.0,243.93,0.0,117.09,72.41,23.46
2026-05-29 03:15:00,3,-348.57,151.37,33.1,0.0,219.16,0.0,105.2,70.03,23.34
2026-05-29 03:20:00,3,-348.57,151.37,33.88,0.0,220.09,0.0,105.64,70.11,23.22
2026-05-29 03:25:00,3,-348.57,151.37,34.66,0.0,220.3,0.0,105.75,70.14,23.11
2026-05-29 03:30:00,3,-348.57,151.37,33.62,0.0,294.43,0.0,141.32,78.04,22.98
2026-05-29 03:35:00,3,-348.57,151.37,33.91,0.0,278.61,0.0,133.73,76.17,22.85
2026-05-29 03:40:00,3,-348.57,151.37,33.68,0.0,247.53,0.0,118.81,72.77,22.73
2026-05-29 03:45:00,3,-348.57,151.37,34.46,0.0,319.71,0.0,153.46,81.27,22.59
2026-05-29 03:50:00,3,-348.57,151.37,35.38,0.0,217.51,0.0,104.41,69.88,22.48
2026-05-29 03:55:00,3,-348.57,151.37,34.74,0.0,278.57,0.0,133.71,76.16,22.35
2026-05-29 04:00:00,3,-348.57,151.37,33.91,0.0,247.22,0.0,118.66,72.74,22.23
2026-05-29 04:05:00,3,-348.57,151.37,34.48,0.0,220.92,0.0,106.04,70.19,22.11
2026-05-29 04:10:00,3,-348.57,151.37,35.53,0.0,226.91,0.0,108.92,70.75,21.99
2026-05-29 04:15:00,3,-348.57,151.37,34.17,0.0,226.55,0.0,108.75,70.71,21.88
2026-05-29 04:20:00,3,-348.57,151.37,35.31,0.0,314.69,0.0,151.05,80.61,21.74
2026-05-29 04:25:00,3,-348.57,151.37,35.5,0.0,273.91,0.0,131.48,75.63,21.62
2026-05-29 04:30:00,3,-348.57,151.37,35.13,0.0,283.33,0.0,136.0,76.72,21.49
2026-05-29 04:35:00,3,-348.57,151.37,35.46,0.0,299.41,0.0,143.72,78.66,21.36
2026-05-29 04:40:00,3,-348.57,151.37,35.21,0.0,298.87,0.0,143.46,78.6,21.23
2026-05-29 04:45:00,3,-348.57,151.37,35.72,0.0,285.63,0.0,137.1,76.99,21.1
2026-05-29 04:50:00,3,-348.57,151.37,35.68,0.0,278.19,0.0,133.53,76.12,20.97
2026-05-29 04:55:00,3,-348.57,151.37,35.78,0.0,303.5,0.0,145.68,79.17,20.84
2026-05-29 05:00:00,3,-348.57,151.37,36.95,0.0,226.25,0.0,108.6,70.69,20.72
2026-05-29 05:05:00,3,-348.57,151.37,36.7,0.0,299.26,0.0,143.64,78.64,20.59
2026-05-29 05:10:00,3,-348.57,151.37,35.9,0.0,293.66,0.0,140.96,77.96,20.46
2026-05-29 05:15:00,3,-348.57,151.37,36.85,0.0,231.11,0.0,110.93,71.15,20.34
2026-05-29 05:20:00,3,-348.57,151.37,36.16,0.0,219.53,0.0,105.38,70.07,20.22
2026-05-29 05:25:00,3,-348.57,151.37,37.81,0.0,321.69,0.0,154.41,81.54,20.09
2026-05-29 05:30:00,3,-348.57,151.37,37.33,0.0,324.33,0.0,155.68,81.89,19.95
2026-05-29 05:35:00,3,-348.57,151.37,37.63,0.0,289.0,0.0,138.72,77.4,19.82
2026-05-29 05:40:00,3,-348.57,151.37,37.23,0.0,316.51,0.0,151.93,80.85,19.69
2026-05-29 05:45:00,3,-348.57,151.37,37.23,0.0,294.3,0.0,141.26,78.04,19.56
2026-05-29 05:50:00,3,-348.57,151.37,37.62,0.0,212.05,0.0,101.79,69.4,19.44
2026-05-29 05:55:00,3,-348.57,151.37,37.17,0.0,306.63,0.0,147.18,79.57,19.31
2026-05-29 06:00:00,3,-348.57,151.37,37.91,0.0,305.48,0.0,146.63,79.43,19.18
2026-05-29 06:05:00,3,-348.57,151.37,37.69,0.0,315.54,0.0,151.46,80.72,19.04
2026-05-29 06:10:00,3,-348.57,151.37,38.0,0.0,302.64,0.0,145.27,79.07,18.91
2026-05-29 06:15:00,3,-348.57,151.37,37.57,0.0,309.29,0.0,148.46,79.91,18.78
2026-05-29 06:20:00,3,-348.57,151.37,38.71,0.0,323.34,0.0,155.2,81.76,18.64
2026-05-29 06:25:00,3,-348.57,151.37,38.45,0.0,267.18,0.0,128.25,74.88,18.52
2026-05-29 06:30:00,3,-348.57,151.37,39.37,0.0,264.72,0.0,127.06,74.61,18.39
2026-05-29 06:35:00,3,-348.57,151.37,39.3,0.0,246.52,0.0,118.33,72.68,18.27
2026-05-29 06:40:00,3,-348.57,151.37,38.9,0.0,250.82,0.0,120.39,73.12,18.15
2026-05-29 06:45:00,3,-348.57,151.37,39.34,0.0,322.34,0.0,154.72,81.62,18.01
2026-05-29 06:50:00,3,-348.57,151.37,39.79,0.0,289.2,0.0,138.81,77.42,17.88
2026-05-29 06:55:00,3,-348.57,151.37,39.27,0.0,233.87,0.0,112.26,71.42,17.77
2026-05-29 07:00:00,3,-348.57,151.37,40.33,0.0,308.18,0.0,147.92,79.77,17.63
2026-05-29 07:05:00,3,-348.57,151.37,40.04,0.0,298.67,0.0,143.36,78.58,17.5
2026-05-29 07:10:00,3,-348.57,151.37,40.04,0.0,312.01,0.0,149.77,80.27,17.37
2026-05-29 07:15:00,3,-348.57,151.37,40.36,0.0,313.23,0.0,150.35,80.43,17.23
2026-05-29 07:20:00,3,-348.57,151.37,40.38,0.0,263.59,0.0,126.52,74.49,17.11
2026-05-29 07:25:00,3,-348.57,151.37,40.36,0.0,276.78,0.0,132.85,75.97,16.98
2026-05-29 07:30:00,3,-348.57,151.37,40.85,0.0,270.3,0.0,129.74,75.23,16.86
2026-05-29 07:35:00,3,-348.57,151.37,40.31,0.0,312.18,0.0,149.85,80.29,16.72
2026-05-29 07:40:00,3,-348.57,151.37,41.0,0.0,305.81,0.0,146.79,79.48,16.59
2026-05-29 07:45:00,3,-348.57,151.37,40.97,0.0,236.37,0.0,113.46,71.67,16.47
2026-05-29 07:50:00,3,-348.57,151.37,41.26,0.0,312.92,0.0,150.2,80.39,16.34
2026-05-29 07:55:00,3,-348.57,151.37,41.16,0.0,265.5,0.0,127.44,74.7,16.21
2026-05-29 08:00:00,3,-348.57,151.37,41.55,0.0,210.1,0.0,100.85,69.24,16.1
2026-05-29 08:05:00,3,-348.57,151.37,42.65,0.0,207.21,0.0,99.46,68.99,15.98
2026-05-29 08:10:00,3,-348.57,151.37,41.62,0.0,305.41,0.0,146.6,79.43,15.85
2026-05-29 08:15:00,3,-348.57,151.37,41.25,0.0,324.55,0.0,155.79,81.93,15.71
2026-05-29 08:20:00,3,-348.57,151.37,42.82,0.0,231.99,0.0,111.36,71.25,15.6
2026-05-29 08:25:00,3,-348.57,151.37,42.47,0.0,313.61,0.0,150.53,80.48,15.46
2026-05-29 08:30:00,3,-348.57,151.37,43.31,0.0,314.98,0.0,151.19,80.66,15.33
2026-05-29 08:35:00,3,-348.57,151.37,42.2,0.0,259.91,0.0,124.76,74.09,15.2
2026-05-29 08:40:00,3,-348.57,151.37,42.76,0.0,214.66,0.0,103.04,69.64,15.09
2026-05-29 08:45:00,3,-348.57,151.37,42.62,0.0,202.03,0.0,96.97,68.55,14.97
2026-05-29 08:50:00,3,-348.57,151.37,42.29,0.0,226.26,0.0,108.61,70.7,14.86
2026-05-29 08:55:00,3,-348.57,151.37,42.66,0.0,324.58,0.0,155.8,81.93,14.72
2026-05-29 09:00:00,3,-348.57,151.37,42.38,0.0,216.75,0.0,104.04,69.83,14.6
2026-05-29 09:05:00,3,-348.57,151.37,43.18,0.0,249.94,0.0,119.97,73.04,14.48
2026-05-29 09:10:00,3,-348.57,151.37,43.19,0.0,254.56,0.0,122.19,73.53,14.36
2026-05-29 09:15:00,3,-348.57,151.37,43.09,0.0,288.36,0.0,138.41,77.33,14.23
2026-05-29 09:20:00,3,-348.57,151.37,43.05,0.0,238.84,0.0,114.64,71.92,14.11
2026-05-29 09:25:00,3,-348.57,151.37,43.82,0.0,291.82,0.0,140.07,77.75,13.98
2026-05-29 09:30:00,3,-348.57,151.37,43.8,0.0,297.83,0.0,142.96,78.48,13.85
2026-05-29 09:35:00,3,-348.57,151.37,44.09,0.0,221.68,0.0,106.41,70.28,13.73
2026-05-29 09:40:00,3,-348.57,151.37,43.83,0.0,216.57,0.0,103.95,69.81,13.62
2026-05-29 09:45:00,3,-348.57,151.37,44.74,0.0,310.73,0.0,149.15,80.11,13.48
2026-05-29 09:50:00,3,-348.57,151.37,43.42,0.0,253.1,0.0,121.49,73.37,13.36
2026-05-29 09:55:00,3,-348.57,151.37,43.86,0.0,246.12,0.0,118.14,72.65,13.24
2026-05-29 10:00:00,3,-348.57,151.37,44.06,0.0,202.71,0.0,97.3,68.61,13.12
2026-05-29 10:05:00,3,-348.57,151.37,43.9,0.0,242.84,0.0,116.56,72.32,13.0
2026-05-29 10:10:00,3,-348.57,151.37,44.18,0.0,279.77,0.0,134.29,76.32,12.88
2026-05-29 10:15:00,3,-348.57,151.37,44.22,0.0,214.12,0.0,102.78,69.6,12.76
2026-05-29 10:20:00,3,-348.57,151.37,44.35,0.0,250.47,0.0,120.23,73.1,12.64
2026-05-29 10:25:00,3,-348.57,151.37,44.38,0.0,252.15,0.0,121.03,73.27,12.52
2026-05-29 10:30:00,3,-348.57,151.37,44.34,0.0,319.55,0.0,153.38,81.26,12.38
2026-05-29 10:35:00,3,-348.57,151.37,44.14,0.0,241.85,0.0,116.09,72.22,12.26
2026-05-29 10:40:00,3,-348.57,151.37,45.01,0.0,245.94,0.0,118.05,72.63,12.14
2026-05-29 10:45:00,3,-348.57,151.37,44.79,0.0,273.34,0.0,131.2,75.58,12.01
2026-05-29 10:50:00,3,-348.57,151.37,44.5,0.0,255.86,0.0,122.81,73.67,11.89
2026-05-29 10:55:00,3,-348.57,151.37,44.47,0.0,279.29,0.0,134.06,76.27,11.76
2026-05-29 11:00:00,3,-348.57,151.37,45.23,0.0,277.62,0.0,133.26,76.08,11.64
2026-05-29 11:05:00,3,-348.57,151.37,44.54,0.0,322.08,0.0,154.6,81.6,11.5
2026-05-29 11:10:00,3,-348.57,151.37,44.77,0.0,212.05,0.0,101.79,69.42,11.39
2026-05-29 11:15:00,3,-348.57,151.37,45.16,0.0,217.28,0.0,104.3,69.88,11.27
2026-05-29 11:20:00,3,-348.57,151.37,44.92,0.0,203.13,0.0,97.5,68.65,11.15
2026-05-29 11:25:00,3,-348.57,151.37,45.72,0.0,207.89,0.0,99.79,69.06,11.04
2026-05-29 11:30:00,3,-348.57,151.37,45.34,0.0,200.35,0.0,96.17,68.42,10.93
2026-05-29 11:35:00,3,-348.57,151.37,44.39,0.0,255.99,0.0,122.87,73.68,10.8
2026-05-29 11:40:00,3,-348.57,151.37,44.97,0.0,314.86,0.0,151.13,80.65,10.67
2026-05-29 11:45:00,3,-348.57,151.37,44.34,0.0,267.6,0.0,128.45,74.94,10.54
2026-05-29 11:50:00,3,-348.57,151.37,45.08,0.0,218.87,0.0,105.06,70.03,10.43
2026-05-29 11:55:00,3,-348.57,151.37,45.13,0.0,278.41,0.0,133.64,76.17,10.3
2026-05-29 12:00:00,3,-348.57,151.37,44.89,0.0,318.4,0.0,152.83,81.11,10.16
2026-05-29 12:05:00,3,-348.57,151.37,45.38,0.0,256.74,0.0,123.24,73.76,10.04
2026-05-29 12:10:00,3,-348.57,151.37,44.91,0.0,279.41,0.0,134.12,76.28,9.91
2026-05-29 12:15:00,3,-348.57,151.37,45.37,0.0,206.18,0.0,98.97,68.91,9.8
2026-05-29 12:20:00,3,-348.57,151.37,44.36,0.0,262.91,0.0,126.2,74.42,9.68
2026-05-29 12:25:00,3,-348.57,151.37,45.1,0.0,308.34,0.0,148.0,79.81,9.54
2026-05-29 12:30:00,3,-348.57,151.37,44.78,0.0,273.74,0.0,131.39,75.63,9.42
2026-05-29 12:35:00,3,-348.57,151.37,45.97,0.0,275.97,0.0,132.47,75.89,9.29
2026-05-29 12:40:00,3,-348.57,151.37,44.71,0.0,306.59,0.0,147.16,79.58,9.16
2026-05-29 12:45:00,3,-348.57,151.37,45.07,0.0,298.23,0.0,143.15,78.54,9.03
2026-05-29 12:50:00,3,-348.57,151.37,44.16,0.0,258.22,0.0,123.95,73.92,8.9
2026-05-29 12:55:00,3,-348.57,151.37,44.73,0.0,295.26,0.0,141.73,78.17,8.77
2026-05-29 13:00:00,3,-348.57,151.37,44.74,0.0,214.24,0.0,102.84,69.61,8.66
2026-05-29 13:05:00,3,-348.57,151.37,44.6,0.0,278.43,0.0,133.65,76.17,8.53
2026-05-29 13:10:00,3,-348.57,151.37,45.59,0.0,202.36,0.0,97.13,68.58,8.42
2026-05-29 13:15:00,3,-348.57,151.37,44.66,0.0,277.88,0.0,133.38,76.1,8.29
2026-05-29 13:20:00,3,-348.57,151.37,45.24,0.0,227.6,0.0,109.25,70.83,8.17
2026-05-29 13:25:00,3,-348.57,151.37,44.35,0.0,251.95,0.0,120.93,73.25,8.05
2026-05-29 13:30:00,3,-348.57,151.37,44.46,0.0,250.54,0.0,120.26,73.11,7.93
2026-05-29 13:35:00,3,-348.57,151.37,44.53,0.0,300.94,0.0,144.45,78.87,7.8
2026-05-29 13:40:00,3,-348.57,151.37,44.09,0.0,237.58,0.0,114.04,71.79,7.68
2026-05-29 13:45:00,3,-348.57,151.37,44.42,0.0,303.99,0.0,145.92,79.25,7.54
2026-05-29 13:50:00,3,-348.57,151.37,43.5,0.0,271.51,0.0,130.33,75.38,7.42
2026-05-29 13:55:00,3,-348.57,151.37,43.99,0.0,307.87,0.0,147.78,79.75,7.28
2026-05-29 14:00:00,3,-348.57,151.37,44.26,0.0,300.14,0.0,144.07,78.77,7.15
2026-05-29 14:05:00,3,-348.57,151.37,43.61,0.0,205.88,0.0,98.82,68.88,7.04
2026-05-29 14:10:00,3,-348.57,151.37,44.24,0.0,309.16,0.0,148.4,79.91,6.91
2026-05-29 14:15:00,3,-348.57,151.37,44.67,0.0,276.23,0.0,132.59,75.91,6.78
2026-05-29 14:20:00,3,-348.57,151.37,44.07,0.0,218.73,0.0,104.99,70.01,6.66
2026-05-29 14:25:00,3,-348.57,151.37,43.62,0.0,226.22,0.0,108.58,70.7,6.54
2026-05-29 14:30:00,3,-348.57,151.37,43.61,0.0,246.3,0.0,118.23,72.67,6.42
2026-05-29 14:35:00,3,-348.57,151.37,43.92,0.0,304.32,0.0,146.07,79.29,6.29
2026-05-29 14:40:00,3,-348.57,151.37,44.3,0.0,292.62,0.0,140.46,77.85,6.16
2026-05-29 14:45:00,3,-348.57,151.37,43.32,0.0,301.54,0.0,144.74,78.94,6.03
2026-05-29 14:50:00,3,-348.57,151.37,43.16,0.0,223.92,0.0,107.48,70.49,5.91
2026-05-29 14:55:00,3,-348.57,151.37,42.9,0.0,257.33,0.0,123.52,73.82,5.79
2026-05-29 15:00:00,3,-348.57,151.37,43.4,0.0,245.86,0.0,118.01,72.62,5.67
2026-05-29 15:05:00,3,-348.57,151.37,43.23,0.0,255.1,0.0,122.45,73.58,5.55
2026-05-29 15:10:00,3,-348.57,151.37,42.62,0.0,315.23,0.0,151.31,80.69,5.41
2026-05-29 15:15:00,3,-348.57,151.37,43.33,0.0,228.45,0.0,109.66,70.91,5.29
2026-05-29 15:20:00,3,-348.57,151.37,41.79,0.0,229.32,0.0,110.08,70.99,5.17
2026-05-29 15:25:00,3,-348.57,151.37,42.76,0.0,214.13,0.0,102.78,69.59,5.06
2026-05-29 15:30:00,3,-348.57,151.37,42.98,0.0,301.54,0.0,144.74,78.94,4.93
2026-05-29 15:35:00,3,-348.57,151.37,43.32,0.0,235.01,0.0,112.8,71.54,4.81
2026-05-29 15:40:00,3,-348.57,151.37,42.84,0.0,288.22,0.0,138.35,77.31,4.68
2026-05-29 15:45:00,3,-348.57,151.37,42.77,0.0,224.01,0.0,107.52,70.49,4.56
2026-05-29 15:50:00,3,-348.57,151.37,41.67,0.0,311.3,0.0,149.43,80.18,4.43
2026-05-29 15:55:00,3,-348.57,151.37,40.95,0.0,306.37,0.0,147.06,79.55,4.3
2026-05-29 16:00:00,3,-348.57,151.37,41.34,0.0,319.89,0.0,153.55,81.3,4.16
2026-05-29 16:05:00,3,-348.57,151.37,41.75,0.0,308.71,0.0,148.18,79.85,4.03
2026-05-29 16:10:00,3,-348.57,151.37,41.26,0.0,305.62,0.0,146.7,79.45,3.89
2026-05-29 16:15:00,3,-348.57,151.37,41.49,0.0,228.82,0.0,109.83,70.94,3.78
2026-05-29 16:20:00,3,-348.57,151.37,39.81,0.0,294.38,0.0,141.3,78.05,3.65
2026-05-29 16:25:00,3,-348.57,151.37,41.44,0.0,277.67,0.0,133.28,76.07,3.52
2026-05-29 16:30:00,3,-348.57,151.37,41.29,0.0,264.3,0.0,126.87,74.57,3.4
2026-05-29 16:35:00,3,-348.57,151.37,40.56,0.0,232.09,0.0,111.4,71.25,3.28
2026-05-29 16:40:00,3,-348.57,151.37,40.37,0.0,311.32,0.0,149.43,80.18,3.14
2026-05-29 16:45:00,3,-348.57,151.37,40.73,0.0,236.21,0.0,113.38,71.65,3.02
2026-05-29 16:50:00,3,-348.57,151.37,39.85,0.0,217.51,0.0,104.4,69.89,2.91
2026-05-29 16:55:00,3,-348.57,151.37,39.41,0.0,257.66,0.0,123.68,73.85,2.78
2026-05-29 17:00:00,3,-348.57,151.37,39.09,0.0,310.91,0.0,149.24,80.13,2.65
2026-05-29 17:05:00,3,-348.57,151.37,39.32,0.0,295.27,0.0,141.73,78.16,2.52
2026-05-29 17:10:00,3,-348.57,151.37,38.56,0.0,226.51,0.0,108.72,70.72,2.4
2026-05-29 17:15:00,3,-348.57,151.37,39.23,0.0,204.39,0.0,98.11,68.74,2.29
2026-05-29 17:20:00,3,-348.57,151.37,39.26,0.0,249.45,0.0,119.74,72.98,2.17
2026-05-29 17:25:00,3,-348.57,151.37,38.42,0.0,206.02,0.0,98.89,68.88,2.05
2026-05-29 17:30:00,3,-348.57,151.37,38.87,0.0,323.95,0.0,155.49,81.84,1.91
2026-05-29 17:35:00,3,-348.57,151.37,37.92,0.0,228.03,0.0,109.46,70.86,1.8
2026-05-29 17:40:00,3,-348.57,151.37,38.77,0.0,207.92,0.0,99.8,69.04,1.68
2026-05-29 17:45:00,3,-348.57,151.37,37.9,0.0,207.52,0.0,99.61,69.01,1.57
2026-05-29 17:50:00,3,-348.57,151.37,37.08,0.0,303.09,0.0,145.48,79.12,1.43
2026-05-29 17:55:00,3,-348.57,151.37,38.48,0.0,262.74,0.0,126.12,74.39,1.31
2026-05-29 18:00:00,3,-348.57,151.37,37.14,0.0,314.17,0.0,150.8,80.54,1.18
2026-05-29 18:05:00,3,-348.57,151.37,39.02,0.0,256.77,0.0,123.25,73.75,1.05
2026-05-29 18:10:00,3,-348.57,151.37,37.62,0.0,307.75,0.0,147.72,79.72,0.92
2026-05-29 18:15:00,3,-348.57,151.37,37.83,0.0,277.02,0.0,132.97,75.99,0.79
2026-05-29 18:20:00,3,-348.57,151.37,36.27,0.0,309.82,0.0,148.72,79.98,0.66
2026-05-29 18:25:00,3,-348.57,151.37,37.18,0.0,247.92,0.0,119.0,72.82,0.54
2026-05-29 18:30:00,3,-348.57,151.37,37.13,0.0,323.82,0.0,155.43,81.82,0.4
2026-05-29 18:35:00,3,-348.57,151.37,37.12,0.0,296.66,0.0,142.4,78.33,0.27
2026-05-29 18:40:00,3,-348.57,151.37,36.68,0.0,301.65,0.0,144.79,78.94,0.14
2026-05-29 18:45:00,3,-348.57,151.37,36.73,0.0,233.47,0.0,112.06,71.38,0.02
2026-05-29 18:50:00,3,-348.57,151.37,35.6,0.0,243.49,0.0,116.88,72.37,0.0
2026-05-29 18:55:00,3,-348.57,151.37,36.62,0.0,294.4,0.0,141.31,78.05,0.0
2026-05-29 19:00:00,3,-348.57,151.37,36.53,0.0,213.91,0.0,102.68,69.56,0.0
2026-05-29 19:05:00,3,-348.57,151.37,35.81,0.0,208.69,0.0,100.17,69.1,0.0
2026-05-29 19:10:00,3,-348.57,151.37,35.45,0.0,292.83,0.0,140.56,77.85,0.0
2026-05-29 19:15:00,3,-348.57,151.37,35.9,0.0,302.54,0.0,145.22,79.05,0.0
2026-05-29 19:20:00,3,-348.57,151.37,35.73,0.0,212.56,0.0,102.03,69.44,0.0
2026-05-29 19:25:00,3,-348.57,151.37,35.59,0.0,316.22,0.0,151.78,80.81,0.0
2026-05-29 19:30:00,3,-348.57,151.37,34.97,0.0,222.24,0.0,106.68,70.31,0.0
2026-05-29 19:35:00,3,-348.57,151.37,34.7,0.0,252.12,0.0,121.02,73.25,0.0
2026-05-29 19:40:00,3,-348.57,151.37,35.11,0.0,267.64,0.0,128.47,74.93,0.0
2026-05-29 19:45:00,3,-348.57,151.37,34.82,0.0,243.67,0.0,116.96,72.38,0.0
2026-05-29 19:50:00,3,-348.57,151.37,34.66,0.0,287.83,0.0,138.16,77.25,0.0
2026-05-29 19:55:00,3,-348.57,151.37,34.8,0.0,224.33,0.0,107.68,70.51,0.0
2026-05-29 20:00:00,3,-348.57,151.37,33.59,0.0,218.28,0.0,104.77,69.95,0.0
2026-05-29 20:05:00,3,-348.57,151.37,34.55,0.0,219.31,0.0,105.27,70.04,0.0
2026-05-29 20:10:00,3,-348.57,151.37,33.57,0.0,295.11,0.0,141.65,78.13,0.0
2026-05-29 20:15:00,3,-348.57,151.37,33.97,0.0,256.39,0.0,123.07,73.7,0.0
2026-05-29 20:20:00,3,-348.57,151.37,34.04,0.0,247.24,0.0,118.67,72.74,0.0
2026-05-29 20:25:00,3,-348.57,151.37,33.5,0.0,252.72,0.0,121.31,73.31,0.0
2026-05-29 20:30:00,3,-348.57,151.37,33.54,0.0,263.57,0.0,126.51,74.47,0.0
2026-05-29 20:35:00,3,-348.57,151.37,33.93,0.0,270.14,0.0,129.67,75.2,0.0
2026-05-29 20:40:00,3,-348.57,151.37,33.73,0.0,221.34,0.0,106.24,70.23,0.0
2026-05-29 20:45:00,3,-348.57,151.37,32.58,0.0,225.74,0.0,108.36,70.64,0.0
2026-05-29 20:50:00,3,-348.57,151.37,33.12,0.0,314.9,0.0,151.15,80.63,0.0
2026-05-29 20:55:00,3,-348.57,151.37,32.58,0.0,265.04,0.0,127.22,74.63,0.0
2026-05-29 21:00:00,3,-348.57,151.37,33.43,0.0,239.58,0.0,115.0,71.97,0.0
2026-05-29 21:05:00,3,-348.57,151.37,33.13,0.0,266.08,0.0,127.72,74.75,0.0
2026-05-29 21:10:00,3,-348.57,151.37,32.57,0.0,220.11,0.0,105.65,70.11,0.0
2026-05-29 21:15:00,3,-348.57,151.37,32.33,0.0,205.24,0.0,98.51,68.8,0.0
2026-05-29 21:20:00,3,-348.57,151.37,32.13,0.0,207.68,0.0,99.69,69.01,0.0
2026-05-29 21:25:00,3,-348.57,151.37,32.35,0.0,311.76,0.0,149.65,80.22,0.0
2026-05-29 21:30:00,3,-348.57,151.37,32.68,0.0,220.58,0.0,105.88,70.16,0.0
2026-05-29 21:35:00,3,-348.57,151.37,32.64,0.0,228.46,0.0,109.66,70.89,0.0
2026-05-29 21:40:00,3,-348.57,151.37,32.21,0.0,301.91,0.0,144.92,78.97,0.0
2026-05-29 21:45:00,3,-348.57,151.37,32.48,0.0,292.06,0.0,140.19,77.76,0.0
2026-05-29 21:50:00,3,-348.57,151.37,32.24,0.0,222.11,0.0,106.61,70.3,0.0
2026-05-29 21:55:00,3,-348.57,151.37,31.58,0.0,251.75,0.0,120.84,73.21,0.0
2026-05-29 22:00:00,3,-348.57,151.37,32.28,0.0,285.76,0.0,137.17,77.0,0.0
2026-05-29 22:05:00,3,-348.57,151.37,32.39,0.0,230.29,0.0,110.54,71.06,0.0
2026-05-29 22:10:00,3,-348.57,151.37,32.31,0.0,255.83,0.0,122.8,73.64,0.0
2026-05-29 22:15:00,3,-348.57,151.37,31.59,0.0,264.02,0.0,126.73,74.52,0.0
2026-05-29 22:20:00,3,-348.57,151.37,30.88,0.0,312.98,0.0,150.23,80.38,0.0
2026-05-29 22:25:00,3,-348.57,151.37,31.5,0.0,286.58,0.0,137.56,77.1,0.0
2026-05-29 22:30:00,3,-348.57,151.37,31.46,0.0,251.02,0.0,120.49,73.13,0.0
2026-05-29 22:35:00,3,-348.57,151.37,32.17,0.0,316.1,0.0,151.73,80.79,0.0
2026-05-29 22:40:00,3,-348.57,151.37,30.9,0.0,243.1,0.0,116.69,72.32,0.0
2026-05-29 22:45:00,3,-348.57,151.37,32.3,0.0,203.94,0.0,97.89,68.69,0.0
2026-05-29 22:50:00,3,-348.57,151.37,31.43,0.0,235.68,0.0,113.13,71.58,0.0
2026-05-29 22:55:00,3,-348.57,151.37,31.17,0.0,303.78,0.0,145.81,79.2,0.0
2026-05-29 23:00:00,3,-348.57,151.37,31.66,0.0,272.45,0.0,130.77,75.46,0.0
2026-05-29 23:05:00,3,-348.57,151.37,32.12,0.0,267.96,0.0,128.62,74.96,0.0
2026-05-29 23:10:00,3,-348.57,151.37,31.74,0.0,210.37,0.0,100.98,69.24,0.0
2026-05-29 23:15:00,3,-348.57,151.37,31.48,0.0,216.77,0.0,104.05,69.81,0.0
2026-05-29 23:20:00,3,-348.57,151.37,31.02,0.0,203.68,0.0,97.77,68.67,0.0
2026-05-29 23:25:00,3,-348.57,151.37,30.69,0.0,223.92,0.0,107.48,70.46,0.0
2026-05-29 23:30:00,3,-348.57,151.37,30.46,0.0,252.61,0.0,121.25,73.3,0.0
2026-05-29 23:35:00,3,-348.57,151.37,30.99,0.0,252.86,0.0,121.37,73.32,0.0
2026-05-29 23:40:00,3,-348.57,151.37,31.14,0.0,251.8,0.0,120.87,73.21,0.0
2026-05-29 23:45:00,3,-348.57,151.37,31.51,0.0,213.2,0.0,102.33,69.49,0.0
2026-05-29 23:50:00,3,-348.57,151.37,31.2,0.0,261.32,0.0,125.43,74.22,100.0
2026-05-29 23:55:00,3,-348.57,151.37,31.05,0.0,237.65,0.0,114.07,71.78,99.88
2026-05-30 00:00:00,3,-348.57,151.37,31.48,0.0,284.26,0.0,136.44,76.82,99.75
2026-05-30 00:05:00,3,-348.57,151.37,30.51,0.0,274.58,0.0,131.8,75.7,99.63
2026-05-30 00:10:00,3,-348.57,151.37,30.48,0.0,294.27,0.0,141.25,78.02,99.5
2026-05-30 00:15:00,3,-348.57,151.37,31.34,0.0,234.23,0.0,112.43,71.44,99.38
2026-05-30 00:20:00,3,-348.57,151.37,31.13,0.0,280.5,0.0,134.64,76.38,99.25
2026-05-30 00:25:00,3,-348.57,151.37,31.25,0.0,315.52,0.0,151.45,80.71,99.12
2026-05-30 00:30:00,3,-348.57,151.37,31.22,0.0,309.62,0.0,148.62,79.94,98.98
2026-05-30 00:35:00,3,-348.57,151.37,30.41,0.0,259.78,0.0,124.69,74.06,98.86
2026-05-30 00:40:00,3,-348.57,151.37,31.39,0.0,227.95,0.0,109.42,70.84,98.74
2026-05-30 00:45:00,3,-348.57,151.37,30.65,0.0,311.27,0.0,149.41,80.16,98.61
2026-05-30 00:50:00,3,-348.57,151.37,31.67,0.0,251.33,0.0,120.64,73.16,98.48
2026-05-30 00:55:00,3,-348.57,151.37,30.96,0.0,278.76,0.0,133.8,76.18,98.36
2026-05-30 01:00:00,3,-348.57,151.37,31.07,0.0,296.75,0.0,142.44,78.33,98.23
2026-05-30 01:05:00,3,-348.57,151.37,30.85,0.0,321.61,0.0,154.37,81.51,98.09
2026-05-30 01:10:00,3,-348.57,151.37,32.0,0.0,233.4,0.0,112.03,71.36,97.97
2026-05-30 01:15:00,3,-348.57,151.37,31.52,0.0,213.86,0.0,102.65,69.55,97.86
2026-05-30 01:20:00,3,-348.57,151.37,31.79,0.0,249.01,0.0,119.52,72.92,97.74
2026-05-30 01:25:00,3,-348.57,151.37,32.06,0.0,240.83,0.0,115.6,72.09,97.62
2026-05-30 01:30:00,3,-348.57,151.37,32.47,0.0,263.4,0.0,126.43,74.45,97.49
2026-05-30 01:35:00,3,-348.57,151.37,31.23,0.0,254.41,0.0,122.11,73.49,97.37
2026-05-30 01:40:00,3,-348.57,151.37,31.61,0.0,282.58,0.0,135.64,76.62,97.24
2026-05-30 01:45:00,3,-348.57,151.37,31.97,0.0,246.97,0.0,118.54,72.71,97.12
2026-05-30 01:50:00,3,-348.57,151.37,31.78,0.0,252.69,0.0,121.29,73.31,97.0
2026-05-30 01:55:00,3,-348.57,151.37,31.19,0.0,322.86,0.0,154.97,81.68,96.86
2026-05-30 02:00:00,3,-348.57,151.37,31.81,0.0,312.42,0.0,149.96,80.31,96.73
2026-05-30 02:05:00,3,-348.57,151.37,32.17,0.0,303.85,0.0,145.85,79.21,96.6
2026-05-30 02:10:00,3,-348.57,151.37,31.66,0.0,255.68,0.0,122.73,73.62,96.47
2026-05-30 02:15:00,3,-348.57,151.37,32.18,0.0,268.11,0.0,128.69,74.97,96.35
2026-05-30 02:20:00,3,-348.57,151.37,32.02,0.0,244.38,0.0,117.3,72.45,96.23
2026-05-30 02:25:00,3,-348.57,151.37,32.69,0.0,255.48,0.0,122.63,73.6,96.1
2026-05-30 02:30:00,3,-348.57,151.37,31.96,0.0,273.64,0.0,131.35,75.59,95.98
2026-05-30 02:35:00,3,-348.57,151.37,32.41,0.0,203.79,0.0,97.82,68.68,95.86
2026-05-30 02:40:00,3,-348.57,151.37,32.96,0.0,320.39,0.0,153.79,81.35,95.73
2026-05-30 02:45:00,3,-348.57,151.37,33.65,0.0,260.1,0.0,124.85,74.1,95.6
2026-05-30 02:50:00,3,-348.57,151.37,31.62,0.0,284.92,0.0,136.76,76.9,95.48
2026-05-30 02:55:00,3,-348.57,151.37,32.24,0.0,311.75,0.0,149.64,80.22,95.34
2026-05-30 03:00:00,3,-348.57,151.37,32.52,0.0,321.19,0.0,154.17,81.46,95.21
2026-05-30 03:05:00,3,-348.57,151.37,33.58,0.0,234.01,0.0,112.33,71.43,95.09
2026-05-30 03:10:00,3,-348.57,151.37,34.24,0.0,289.25,0.0,138.84,77.42,94.96
2026-05-30 03:15:00,3,-348.57,151.37,33.84,0.0,314.89,0.0,151.15,80.63,94.82
2026-05-30 03:20:00,3,-348.57,151.37,33.04,0.0,205.65,0.0,98.71,68.84,94.71
2026-05-30 03:25:00,3,-348.57,151.37,33.78,0.0,282.61,0.0,135.65,76.63,94.58
2026-05-30 03:30:00,3,-348.57,151.37,33.81,0.0,322.6,0.0,154.85,81.65,94.45
2026-05-30 03:35:00,3,-348.57,151.37,34.07,0.0,290.61,0.0,139.49,77.58,94.32
2026-05-30 03:40:00,3,-348.57,151.37,34.19,0.0,296.56,0.0,142.35,78.31,94.19
2026-05-30 03:45:00,3,-348.57,151.37,34.26,0.0,290.79,0.0,139.58,77.6,94.06
2026-05-30 03:50:00,3,-348.57,151.37,34.49,0.0,279.65,0.0,134.23,76.29,93.93
2026-05-30 03:55:00,3,-348.57,151.37,33.96,0.0,305.14,0.0,146.47,79.38,93.8
2026-05-30 04:00:00,3,-348.57,151.37,35.49,0.0,312.53,0.0,150.01,80.33,93.66
2026-05-30 04:05:00,3,-348.57,151.37,34.59,0.0,223.98,0.0,107.51,70.47,93.55
2026-05-30 04:10:00,3,-348.57,151.37,35.42,0.0,209.55,0.0,100.58,69.18,93.43
2026-05-30 04:15:00,3,-348.57,151.37,34.09,0.0,219.6,0.0,105.41,70.07,93.31
2026-05-30 04:20:00,3,-348.57,151.37,35.38,0.0,294.9,0.0,141.55,78.11,93.18
2026-05-30 04:25:00,3,-348.57,151.37,35.21,0.0,205.84,0.0,98.8,68.86,93.07
2026-05-30 04:30:00,3,-348.57,151.37,35.42,0.0,201.23,0.0,96.59,68.47,92.96
2026-05-30 04:35:00,3,-348.57,151.37,35.62,0.0,234.24,0.0,112.44,71.45,92.84
2026-05-30 04:40:00,3,-348.57,151.37,35.83,0.0,307.79,0.0,147.74,79.72,92.7
2026-05-30 04:45:00,3,-348.57,151.37,34.37,0.0,267.22,0.0,128.27,74.88,92.58
2026-05-30 04:50:00,3,-348.57,151.37,36.07,0.0,289.38,0.0,138.9,77.44,92.45
2026-05-30 04:55:00,3,-348.57,151.37,35.94,0.0,318.53,0.0,152.89,81.11,92.31
2026-05-30 05:00:00,3,-348.57,151.37,36.44,0.0,282.03,0.0,135.37,76.57,92.19
2026-05-30 05:05:00,3,-348.57,151.37,36.09,0.0,231.77,0.0,111.25,71.21,92.07
2026-05-30 05:10:00,3,-348.57,151.37,37.25,0.0,210.86,0.0,101.21,69.3,91.95
2026-05-30 05:15:00,3,-348.57,151.37,37.02,0.0,206.88,0.0,99.3,68.95,91.84
2026-05-30 05:20:00,3,-348.57,151.37,37.48,0.0,217.56,0.0,104.43,69.89,91.72
2026-05-30 05:25:00,3,-348.57,151.37,36.06,0.0,207.68,0.0,99.69,69.02,91.61
2026-05-30 05:30:00,3,-348.57,151.37,37.23,0.0,216.24,0.0,103.79,69.77,91.49
2026-05-30 05:35:00,3,-348.57,151.37,36.8,0.0,322.06,0.0,154.59,81.58,91.35
2026-05-30 05:40:00,3,-348.57,151.37,38.25,0.0,273.93,0.0,131.48,75.64,91.23
2026-05-30 05:45:00,3,-348.57,151.37,36.86,0.0,210.38,0.0,100.98,69.25,91.11
2026-05-30 05:50:00,3,-348.57,151.37,37.65,0.0,258.58,0.0,124.12,73.94,90.99
2026-05-30 05:55:00,3,-348.57,151.37,38.47,0.0,297.09,0.0,142.6,78.38,90.86
2026-05-30 06:00:00,3,-348.57,151.37,38.51,0.0,242.45,0.0,116.38,72.27,90.74
2026-05-30 06:05:00,3,-348.57,151.37,38.1,0.0,304.75,0.0,146.28,79.34,90.61
2026-05-30 06:10:00,3,-348.57,151.37,38.52,0.0,228.08,0.0,109.48,70.87,90.49
2026-05-30 06:15:00,3,-348.57,151.37,37.47,0.0,295.71,0.0,141.94,78.21,90.36
2026-05-30 06:20:00,3,-348.57,151.37,37.55,0.0,294.92,0.0,141.56,78.11,90.23
2026-05-30 06:25:00,3,-348.57,151.37,38.78,0.0,266.04,0.0,127.7,74.76,90.1
2026-05-30 06:30:00,3,-348.57,151.37,39.13,0.0,268.31,0.0,128.79,75.01,89.98
2026-05-30 06:35:00,3,-348.57,151.37,39.66,0.0,257.06,0.0,123.39,73.78,89.85
2026-05-30 06:40:00,3,-348.57,151.37,37.76,0.0,274.07,0.0,131.55,75.65,89.73
2026-05-30 06:45:00,3,-348.57,151.37,39.73,0.0,305.96,0.0,146.86,79.49,89.6
2026-05-30 06:50:00,3,-348.57,151.37,39.57,0.0,280.85,0.0,134.81,76.44,89.47
2026-05-30 06:55:00,3,-348.57,151.37,39.87,0.0,201.68,0.0,96.81,68.52,89.35
2026-05-30 07:00:00,3,-348.57,151.37,41.12,0.0,246.56,0.0,118.35,72.69,89.23
2026-05-30 07:05:00,3,-348.57,151.37,38.82,0.0,277.22,0.0,133.07,76.02,89.11
2026-05-30 07:10:00,3,-348.57,151.37,39.84,0.0,229.64,0.0,110.23,71.02,88.99
2026-05-30 07:15:00,3,-348.57,151.37,40.0,0.0,226.31,0.0,108.63,70.7,88.87
2026-05-30 07:20:00,3,-348.57,151.37,39.98,0.0,289.8,0.0,139.1,77.5,88.74
2026-05-30 07:25:00,3,-348.57,151.37,40.7,0.0,295.92,0.0,142.04,78.24,88.61
2026-05-30 07:30:00,3,-348.57,151.37,40.01,0.0,209.81,0.0,100.71,69.21,88.5
2026-05-30 07:35:00,3,-348.57,151.37,40.46,0.0,304.62,0.0,146.22,79.32,88.36
2026-05-30 07:40:00,3,-348.57,151.37,40.76,0.0,301.96,0.0,144.94,78.99,88.23
2026-05-30 07:45:00,3,-348.57,151.37,40.66,0.0,283.92,0.0,136.28,76.8,88.1
2026-05-30 07:50:00,3,-348.57,151.37,41.75,0.0,231.71,0.0,111.22,71.22,87.98
2026-05-30 07:55:00,3,-348.57,151.37,41.01,0.0,307.16,0.0,147.44,79.65,87.85
2026-05-30 08:00:00,3,-348.57,151.37,41.35,0.0,234.87,0.0,112.74,71.52,87.73
2026-05-30 08:05:00,3,-348.57,151.37,40.71,0.0,272.51,0.0,130.81,75.48,87.61
2026-05-30 08:10:00,3,-348.57,151.37,41.62,0.0,245.73,0.0,117.95,72.61,87.49
2026-05-30 08:15:00,3,-348.57,151.37,42.18,0.0,246.4,0.0,118.27,72.68,87.36
2026-05-30 08:20:00,3,-348.57,151.37,41.77,0.0,309.62,0.0,148.62,79.96,87.23
2026-05-30 08:25:00,3,-348.57,151.37,42.07,0.0,233.02,0.0,111.85,71.35,87.11
2026-05-30 08:30:00,3,-348.57,151.37,41.99,0.0,281.08,0.0,134.92,76.47,86.99
2026-05-30 08:35:00,3,-348.57,151.37,41.94,0.0,249.84,0.0,119.93,73.03,86.86
2026-05-30 08:40:00,3,-348.57,151.37,43.58,0.0,254.07,0.0,121.95,73.47,86.74
2026-05-30 08:45:00,3,-348.57,151.37,43.44,0.0,217.78,0.0,104.54,69.92,86.62
2026-05-30 08:50:00,3,-348.57,151.37,42.63,0.0,211.56,0.0,101.55,69.37,86.51
2026-05-30 08:55:00,3,-348.57,151.37,43.93,0.0,275.84,0.0,132.4,75.87,86.38
2026-05-30 09:00:00,3,-348.57,151.37,42.64,0.0,207.46,0.0,99.58,69.01,86.27
2026-05-30 09:05:00,3,-348.57,151.37,42.95,0.0,324.13,0.0,155.58,81.87,86.13
2026-05-30 09:10:00,3,-348.57,151.37,44.05,0.0,224.98,0.0,107.99,70.59,86.01
2026-05-30 09:15:00,3,-348.57,151.37,43.78,0.0,205.75,0.0,98.76,68.87,85.9
2026-05-30 09:20:00,3,-348.57,151.37,43.58,0.0,305.43,0.0,146.61,79.43,85.77
2026-05-30 09:25:00,3,-348.57,151.37,43.11,0.0,241.74,0.0,116.04,72.21,85.65
2026-05-30 09:30:00,3,-348.57,151.37,43.71,0.0,261.94,0.0,125.73,74.32,85.52
2026-05-30 09:35:00,3,-348.57,151.37,44.14,0.0,324.2,0.0,155.62,81.89,85.39
2026-05-30 09:40:00,3,-348.57,151.37,43.05,0.0,259.95,0.0,124.77,74.1,85.26
2026-05-30 09:45:00,3,-348.57,151.37,42.91,0.0,316.5,0.0,151.92,80.86,85.13
2026-05-30 09:50:00,3,-348.57,151.37,43.98,0.0,230.95,0.0,110.86,71.15,85.01
2026-05-30 09:55:00,3,-348.57,151.37,44.52,0.0,202.43,0.0,97.17,68.59,84.89
2026-05-30 10:00:00,3,-348.57,151.37,44.28,0.0,277.6,0.0,133.25,76.07,84.77
2026-05-30 10:05:00,3,-348.57,151.37,43.97,0.0,294.23,0.0,141.23,78.04,84.64
2026-05-30 10:10:00,3,-348.57,151.37,43.83,0.0,279.29,0.0,134.06,76.26,84.51
2026-05-30 10:15:00,3,-348.57,151.37,44.24,0.0,222.12,0.0,106.62,70.32,84.39
2026-05-30 10:20:00,3,-348.57,151.37,44.64,0.0,313.43,0.0,150.45,80.46,84.26
2026-05-30 10:25:00,3,-348.57,151.37,43.77,0.0,232.23,0.0,111.47,71.27,84.14
2026-05-30 10:30:00,3,-348.57,151.37,44.2,0.0,303.6,0.0,145.73,79.2,84.01
2026-05-30 10:35:00,3,-348.57,151.37,44.89,0.0,315.4,0.0,151.39,80.72,83.87
2026-05-30 10:40:00,3,-348.57,151.37,44.56,0.0,269.73,0.0,129.47,75.18,83.75
2026-05-30 10:45:00,3,-348.57,151.37,44.71,0.0,311.29,0.0,149.42,80.19,83.61
2026-05-30 10:50:00,3,-348.57,151.37,44.17,0.0,256.75,0.0,123.24,73.76,83.49
2026-05-30 10:55:00,3,-348.57,151.37,43.97,0.0,201.29,0.0,96.62,68.49,83.38
2026-05-30 11:00:00,3,-348.57,151.37,44.61,0.0,298.79,0.0,143.42,78.6,83.25
2026-05-30 11:05:00,3,-348.57,151.37,44.53,0.0,265.19,0.0,127.29,74.67,83.12
2026-05-30 11:10:00,3,-348.57,151.37,44.84,0.0,266.51,0.0,127.93,74.82,83.0
2026-05-30 11:15:00,3,-348.57,151.37,44.06,0.0,260.35,0.0,124.97,74.15,82.87
2026-05-30 11:20:00,3,-348.57,151.37,45.55,0.0,235.01,0.0,112.8,71.55,82.75
2026-05-30 11:25:00,3,-348.57,151.37,46.09,0.0,263.76,0.0,126.6,74.52,82.63
2026-05-30 11:30:00,3,-348.57,151.37,45.58,0.0,219.79,0.0,105.5,70.11,82.51
2026-05-30 11:35:00,3,-348.57,151.37,45.51,0.0,298.29,0.0,143.18,78.54,82.38
2026-05-30 11:40:00,3,-348.57,151.37,44.88,0.0,296.46,0.0,142.3,78.32,82.25
2026-05-30 11:45:00,3,-348.57,151.37,44.97,0.0,200.51,0.0,96.24,68.43,82.14
2026-05-30 11:50:00,3,-348.57,151.37,45.3,0.0,211.74,0.0,101.64,69.39,82.02
2026-05-30 11:55:00,3,-348.57,151.37,45.08,0.0,230.21,0.0,110.5,71.08,81.9
2026-05-30 12:00:00,3,-348.57,151.37,45.16,0.0,237.78,0.0,114.13,71.82,81.78
2026-05-30 12:05:00,3,-348.57,151.37,45.54,0.0,321.03,0.0,154.1,81.47,81.65
2026-05-30 12:10:00,3,-348.57,151.37,45.21,0.0,247.3,0.0,118.71,72.78,81.53
2026-05-30 12:15:00,3,-348.57,151.37,45.2,0.0,293.01,0.0,140.65,77.9,81.4
2026-05-30 12:20:00,3,-348.57,151.37,44.37,0.0,213.37,0.0,102.42,69.53,81.28
2026-05-30 12:25:00,3,-348.57,151.37,45.11,0.0,205.28,0.0,98.53,68.83,81.17
2026-05-30 12:30:00,3,-348.57,151.37,45.03,0.0,298.17,0.0,143.12,78.53,81.04
2026-05-30 12:35:00,3,-348.57,151.37,44.47,0.0,316.07,0.0,151.71,80.81,80.9
2026-05-30 12:40:00,3,-348.57,151.37,44.79,0.0,238.53,0.0,114.49,71.89,80.78
2026-05-30 12:45:00,3,-348.57,151.37,45.43,0.0,302.91,0.0,145.4,79.12,80.65
2026-05-30 12:50:00,3,-348.57,151.37,43.81,0.0,284.95,0.0,136.78,76.93,80.52
2026-05-30 12:55:00,3,-348.57,151.37,44.84,0.0,260.67,0.0,125.12,74.18,80.4
2026-05-30 13:00:00,3,-348.57,151.37,44.47,0.0,230.62,0.0,110.7,71.12,80.28
2026-05-30 13:05:00,3,-348.57,151.37,44.65,0.0,265.25,0.0,127.32,74.68,80.15
2026-05-30 13:10:00,3,-348.57,151.37,44.44,0.0,278.24,0.0,133.55,76.14,80.03
2026-05-30 13:15:00,3,-348.57,151.37,44.32,0.0,313.15,0.0,150.31,80.42,79.89
2026-05-30 13:20:00,3,-348.57,151.37,45.19,0.0,268.63,0.0,128.94,75.06,79.77
2026-05-30 13:25:00,3,-348.57,151.37,44.54,0.0,253.65,0.0,121.75,73.43,79.65
2026-05-30 13:30:00,3,-348.57,151.37,43.95,0.0,287.87,0.0,138.18,77.27,79.52
2026-05-30 13:35:00,3,-348.57,151.37,44.12,0.0,216.49,0.0,103.91,69.81,79.4
2026-05-30 13:40:00,3,-348.57,151.37,44.79,0.0,281.35,0.0,135.05,76.51,79.27
2026-05-30 13:45:00,3,-348.57,151.37,44.38,0.0,321.7,0.0,154.41,81.55,79.14
2026-05-30 13:50:00,3,-348.57,151.37,44.78,0.0,239.0,0.0,114.72,71.94,79.02
2026-05-30 13:55:00,3,-348.57,151.37,43.74,0.0,271.16,0.0,130.16,75.34,78.89
2026-05-30 14:00:00,3,-348.57,151.37,43.38,0.0,309.69,0.0,148.65,79.98,78.76
2026-05-30 14:05:00,3,-348.57,151.37,43.41,0.0,221.52,0.0,106.33,70.26,78.64
2026-05-30 14:10:00,3,-348.57,151.37,44.03,0.0,224.08,0.0,107.56,70.5,78.52
2026-05-30 14:15:00,3,-348.57,151.37,43.22,0.0,299.76,0.0,143.88,78.72,78.39
2026-05-30 14:20:00,3,-348.57,151.37,43.95,0.0,200.58,0.0,96.28,68.43,78.28
2026-05-30 14:25:00,3,-348.57,151.37,43.82,0.0,209.29,0.0,100.46,69.17,78.16
2026-05-30 14:30:00,3,-348.57,151.37,43.76,0.0,265.55,0.0,127.46,74.71,78.04
2026-05-30 14:35:00,3,-348.57,151.37,42.7,0.0,257.51,0.0,123.61,73.84,77.92
2026-05-30 14:40:00,3,-348.57,151.37,43.22,0.0,285.68,0.0,137.13,77.01,77.79
2026-05-30 14:45:00,3,-348.57,151.37,43.82,0.0,295.93,0.0,142.05,78.25,77.66
2026-05-30 14:50:00,3,-348.57,151.37,42.92,0.0,215.34,0.0,103.36,69.7,77.54
2026-05-30 14:55:00,3,-348.57,151.37,42.91,0.0,240.37,0.0,115.38,72.07,77.42
2026-05-30 15:00:00,3,-348.57,151.37,43.07,0.0,278.72,0.0,133.78,76.2,77.29
2026-05-30 15:05:00,3,-348.57,151.37,42.65,0.0,236.46,0.0,113.5,71.68,77.17
2026-05-30 15:10:00,3,-348.57,151.37,42.38,0.0,314.25,0.0,150.84,80.56,77.04
2026-05-30 15:15:00,3,-348.57,151.37,43.61,0.0,230.33,0.0,110.56,71.09,76.92
2026-05-30 15:20:00,3,-348.57,151.37,41.85,0.0,298.52,0.0,143.29,78.56,76.79
2026-05-30 15:25:00,3,-348.57,151.37,41.82,0.0,286.58,0.0,137.56,77.12,76.66
2026-05-30 15:30:00,3,-348.57,151.37,43.35,0.0,210.27,0.0,100.93,69.26,76.55
2026-05-30 15:35:00,3,-348.57,151.37,41.87,0.0,204.82,0.0,98.31,68.78,76.43
2026-05-30 15:40:00,3,-348.57,151.37,41.69,0.0,248.43,0.0,119.25,72.88,76.31
2026-05-30 15:45:00,3,-348.57,151.37,42.26,0.0,236.23,0.0,113.39,71.66,76.19
2026-05-30 15:50:00,3,-348.57,151.37,42.29,0.0,255.74,0.0,122.75,73.65,76.07
2026-05-30 15:55:00,3,-348.57,151.37,41.64,0.0,222.91,0.0,107.0,70.39,75.95
2026-05-30 16:00:00,3,-348.57,151.37,42.03,0.0,243.19,0.0,116.73,72.35,75.83
2026-05-30 16:05:00,3,-348.57,151.37,40.93,0.0,296.71,0.0,142.42,78.34,75.7
2026-05-30 16:10:00,3,-348.57,151.37,41.52,0.0,224.63,0.0,107.82,70.55,75.58
2026-05-30 16:15:00,3,-348.57,151.37,41.59,0.0,293.25,0.0,140.76,77.92,75.45
2026-05-30 16:20:00,3,-348.57,151.37,41.33,0.0,261.33,0.0,125.44,74.25,75.33
2026-05-30 16:25:00,3,-348.57,151.37,40.65,0.0,229.54,0.0,110.18,71.01,75.21
2026-05-30 16:30:00,3,-348.57,151.37,40.22,0.0,255.96,0.0,122.86,73.67,75.09
2026-05-30 16:35:00,3,-348.57,151.37,40.42,0.0,228.94,0.0,109.89,70.95,74.97
2026-05-30 16:40:00,3,-348.57,151.37,40.73,0.0,234.77,0.0,112.69,71.51,74.85
2026-05-30 16:45:00,3,-348.57,151.37,40.68,0.0,260.27,0.0,124.93,74.13,74.73
2026-05-30 16:50:00,3,-348.57,151.37,40.13,0.0,302.76,0.0,145.32,79.09,74.6
2026-05-30 16:55:00,3,-348.57,151.37,39.87,0.0,293.86,0.0,141.05,77.99,74.47
2026-05-30 17:00:00,3,-348.57,151.37,40.13,0.0,212.21,0.0,101.86,69.42,74.35
2026-05-30 17:05:00,3,-348.57,151.37,38.8,0.0,317.34,0.0,152.32,80.96,74.21
2026-05-30 17:10:00,3,-348.57,151.37,39.76,0.0,298.18,0.0,143.13,78.52,74.08
2026-05-30 17:15:00,3,-348.57,151.37,39.17,0.0,261.39,0.0,125.47,74.25,73.96
2026-05-30 17:20:00,3,-348.57,151.37,39.86,0.0,236.24,0.0,113.39,71.65,73.84
2026-05-30 17:25:00,3,-348.57,151.37,39.68,0.0,232.07,0.0,111.39,71.25,73.72
2026-05-30 17:30:00,3,-348.57,151.37,39.83,0.0,214.15,0.0,102.79,69.59,73.61
2026-05-30 17:35:00,3,-348.57,151.37,38.58,0.0,320.64,0.0,153.91,81.4,73.47
2026-05-30 17:40:00,3,-348.57,151.37,39.68,0.0,279.5,0.0,134.16,76.28,73.34
2026-05-30 17:45:00,3,-348.57,151.37,37.45,0.0,281.74,0.0,135.23,76.53,73.22
2026-05-30 17:50:00,3,-348.57,151.37,37.66,0.0,227.87,0.0,109.38,70.84,73.1
2026-05-30 17:55:00,3,-348.57,151.37,37.14,0.0,292.05,0.0,140.18,77.76,72.97
2026-05-30 18:00:00,3,-348.57,151.37,38.13,0.0,225.07,0.0,108.04,70.58,72.85
2026-05-30 18:05:00,3,-348.57,151.37,38.56,0.0,216.44,0.0,103.89,69.79,72.73
2026-05-30 18:10:00,3,-348.57,151.37,37.35,0.0,280.55,0.0,134.66,76.4,72.61
2026-05-30 18:15:00,3,-348.57,151.37,37.39,0.0,314.98,0.0,151.19,80.65,72.47
2026-05-30 18:20:00,3,-348.57,151.37,37.19,0.0,202.64,0.0,97.27,68.59,72.36
2026-05-30 18:25:00,3,-348.57,151.37,36.6,0.0,322.21,0.0,154.66,81.6,72.22
2026-05-30 18:30:00,3,-348.57,151.37,37.46,0.0,324.26,0.0,155.65,81.88,72.09
2026-05-30 18:35:00,3,-348.57,151.37,36.49,0.0,308.51,0.0,148.08,79.81,71.95
2026-05-30 18:40:00,3,-348.57,151.37,37.73,0.0,305.11,0.0,146.45,79.38,71.82
2026-05-30 18:45:00,3,-348.57,151.37,36.47,0.0,200.7,0.0,96.34,68.43,71.71
2026-05-30 18:50:00,3,-348.57,151.37,36.45,0.0,279.89,0.0,134.35,76.32,71.58
2026-05-30 18:55:00,3,-348.57,151.37,35.8,0.0,209.79,0.0,100.7,69.2,71.46
2026-05-30 19:00:00,3,-348.57,151.37,36.19,0.0,305.53,0.0,146.65,79.43,71.33
2026-05-30 19:05:00,3,-348.57,151.37,36.19,0.0,278.63,0.0,133.74,76.17,71.2
2026-05-30 19:10:00,3,-348.57,151.37,36.0,0.0,322.55,0.0,154.82,81.65,71.07
2026-05-30 19:15:00,3,-348.57,151.37,36.15,0.0,320.85,0.0,154.01,81.42,70.93
2026-05-30 19:20:00,3,-348.57,151.37,35.63,0.0,308.43,0.0,148.05,79.8,70.8
2026-05-30 19:25:00,3,-348.57,151.37,34.73,0.0,240.85,0.0,115.61,72.1,70.68
2026-05-30 19:30:00,3,-348.57,151.37,35.1,0.0,215.27,0.0,103.33,69.68,70.56
2026-05-30 19:35:00,3,-348.57,151.37,35.57,0.0,320.86,0.0,154.01,81.42,70.43
2026-05-30 19:40:00,3,-348.57,151.37,35.71,0.0,215.13,0.0,103.26,69.67,70.31
2026-05-30 19:45:00,3,-348.57,151.37,34.12,0.0,269.8,0.0,129.51,75.17,70.19
2026-05-30 19:50:00,3,-348.57,151.37,34.06,0.0,229.54,0.0,110.18,71.0,70.07
2026-05-30 19:55:00,3,-348.57,151.37,34.39,0.0,218.93,0.0,105.08,70.01,69.95
2026-05-30 20:00:00,3,-348.57,151.37,35.61,0.0,254.06,0.0,121.95,73.46,69.83
2026-05-30 20:05:00,3,-348.57,151.37,34.3,0.0,264.54,0.0,126.98,74.58,69.7
2026-05-30 20:10:00,3,-348.57,151.37,35.0,0.0,302.18,0.0,145.05,79.01,69.57
2026-05-30 20:15:00,3,-348.57,151.37,33.64,0.0,281.54,0.0,135.14,76.51,69.44
2026-05-30 20:20:00,3,-348.57,151.37,34.25,0.0,211.93,0.0,101.73,69.38,69.33
2026-05-30 20:25:00,3,-348.57,151.37,34.41,0.0,312.5,0.0,150.0,80.32,69.2
2026-05-30 20:30:00,3,-348.57,151.37,33.88,0.0,238.17,0.0,114.32,71.83,69.08
2026-05-30 20:35:00,3,-348.57,151.37,33.5,0.0,220.85,0.0,106.01,70.18,68.96
2026-05-30 20:40:00,3,-348.57,151.37,34.08,0.0,236.48,0.0,113.51,71.67,68.84
2026-05-30 20:45:00,3,-348.57,151.37,33.11,0.0,313.49,0.0,150.47,80.45,68.71
2026-05-30 20:50:00,3,-348.57,151.37,33.69,0.0,275.43,0.0,132.21,75.8,68.58
2026-05-30 20:55:00,3,-348.57,151.37,33.17,0.0,251.22,0.0,120.59,73.16,68.46
2026-05-30 21:00:00,3,-348.57,151.37,32.86,0.0,245.47,0.0,117.83,72.56,68.34
2026-05-30 21:05:00,3,-348.57,151.37,32.71,0.0,271.94,0.0,130.53,75.4,68.21
2026-05-30 21:10:00,3,-348.57,151.37,32.35,0.0,277.03,0.0,132.98,75.98,68.08
2026-05-30 21:15:00,3,-348.57,151.37,32.12,0.0,302.97,0.0,145.42,79.1,67.95
2026-05-30 21:20:00,3,-348.57,151.37,32.51,0.0,293.31,0.0,140.79,77.91,67.82
2026-05-30 21:25:00,3,-348.57,151.37,33.03,0.0,289.17,0.0,138.8,77.41,67.69
2026-05-30 21:30:00,3,-348.57,151.37,31.97,0.0,276.21,0.0,132.58,75.89,67.57
2026-05-30 21:35:00,3,-348.57,151.37,32.67,0.0,306.47,0.0,147.1,79.54,67.43
2026-05-30 21:40:00,3,-348.57,151.37,32.41,0.0,265.11,0.0,127.25,74.64,67.31
2026-05-30 21:45:00,3,-348.57,151.37,32.51,0.0,318.32,0.0,152.79,81.08,67.17
2026-05-30 21:50:00,3,-348.57,151.37,32.13,0.0,288.77,0.0,138.61,77.36,67.05
2026-05-30 21:55:00,3,-348.57,151.37,31.78,0.0,222.54,0.0,106.82,70.34,66.93
2026-05-30 22:00:00,3,-348.57,151.37,32.73,0.0,261.09,0.0,125.32,74.2,66.8
2026-05-30 22:05:00,3,-348.57,151.37,32.1,0.0,308.34,0.0,148.0,79.78,66.67
2026-05-30 22:10:00,3,-348.57,151.37,32.41,0.0,260.05,0.0,124.83,74.09,66.55
2026-05-30 22:15:00,3,-348.57,151.37,31.42,0.0,267.81,0.0,128.55,74.94,66.42
2026-05-30 22:20:00,3,-348.57,151.37,31.46,0.0,316.37,0.0,151.86,80.82,66.29
2026-05-30 22:25:00,3,-348.57,151.37,30.95,0.0,277.96,0.0,133.42,76.09,66.16
2026-05-30 22:30:00,3,-348.57,151.37,30.89,0.0,277.78,0.0,133.33,76.06,66.03
2026-05-30 22:35:00,3,-348.57,151.37,32.1,0.0,270.73,0.0,129.95,75.27,65.91
2026-05-30 22:40:00,3,-348.57,151.37,30.97,0.0,219.26,0.0,105.25,70.03,65.79
2026-05-30 22:45:00,3,-348.57,151.37,31.71,0.0,251.84,0.0,120.88,73.22,65.67
2026-05-30 22:50:00,3,-348.57,151.37,31.79,0.0,300.63,0.0,144.3,78.81,65.54
2026-05-30 22:55:00,3,-348.57,151.37,31.58,0.0,232.16,0.0,111.44,71.24,65.42
2026-05-30 23:00:00,3,-348.57,151.37,30.49,0.0,268.15,0.0,128.71,74.97,65.3
2026-05-30 23:05:00,3,-348.57,151.37,30.73,0.0,296.39,0.0,142.27,78.28,65.17
2026-05-30 23:10:00,3,-348.57,151.37,31.98,0.0,250.34,0.0,120.17,73.06,65.04
2026-05-30 23:15:00,3,-348.57,151.37,30.49,0.0,245.79,0.0,117.98,72.59,64.92
2026-05-30 23:20:00,3,-348.57,151.37,31.76,0.0,231.37,0.0,111.06,71.17,64.8
2026-05-30 23:25:00,3,-348.57,151.37,30.9,0.0,226.43,0.0,108.69,70.7,64.69
2026-05-30 23:30:00,3,-348.57,151.37,30.84,0.0,295.14,0.0,141.67,78.13,64.56
2026-05-30 23:35:00,3,-348.57,151.37,31.43,0.0,274.43,0.0,131.73,75.68,64.43
2026-05-30 23:40:00,3,-348.57,151.37,30.8,0.0,275.4,0.0,132.19,75.79,64.3
2026-05-30 23:45:00,3,-348.57,151.37,30.46,0.0,234.61,0.0,112.61,71.48,64.18
2026-05-30 23:50:00,3,-348.57,151.37,30.9,0.0,232.76,0.0,111.72,71.3,64.07
2026-05-30 23:55:00,3,-348.57,151.37,31.53,0.0,271.2,0.0,130.18,75.32,63.94
2026-05-31 00:00:00,3,-348.57,151.37,31.71,0.0,257.76,0.0,123.73,73.84,63.82
2026-05-31 00:05:00,3,-348.57,151.37,30.55,0.0,319.86,0.0,153.53,81.28,63.68
2026-05-31 00:10:00,3,-348.57,151.37,31.16,0.0,268.53,0.0,128.89,75.02,63.56
2026-05-31 00:15:00,3,-348.57,151.37,31.13,0.0,225.57,0.0,108.27,70.62,63.44
2026-05-31 00:20:00,3,-348.57,151.37,31.19,0.0,304.8,0.0,146.3,79.33,63.31
2026-05-31 00:25:00,3,-348.57,151.37,31.06,0.0,274.36,0.0,131.69,75.67,63.18
2026-05-31 00:30:00,3,-348.57,151.37,31.06,0.0,311.2,0.0,149.37,80.15,63.05
2026-05-31 00:35:00,3,-348.57,151.37,31.33,0.0,208.87,0.0,100.26,69.11,62.93
2026-05-31 00:40:00,3,-348.57,151.37,32.21,0.0,251.36,0.0,120.65,73.17,62.81
2026-05-31 00:45:00,3,-348.57,151.37,31.52,0.0,217.73,0.0,104.51,69.9,62.69
2026-05-31 00:50:00,3,-348.57,151.37,30.59,0.0,251.86,0.0,120.89,73.22,62.57
2026-05-31 00:55:00,3,-348.57,151.37,31.03,0.0,254.5,0.0,122.16,73.5,62.45
2026-05-31 01:00:00,3,-348.57,151.37,31.27,0.0,245.88,0.0,118.02,72.6,62.33
2026-05-31 01:05:00,3,-348.57,151.37,31.61,0.0,305.78,0.0,146.78,79.46,62.2
2026-05-31 01:10:00,3,-348.57,151.37,30.59,0.0,244.87,0.0,117.54,72.5,62.07
2026-05-31 01:15:00,3,-348.57,151.37,32.39,0.0,324.17,0.0,155.6,81.86,61.94
2026-05-31 01:20:00,3,-348.57,151.37,30.36,0.0,216.19,0.0,103.77,69.76,61.82
2026-05-31 01:25:00,3,-348.57,151.37,31.78,0.0,230.81,0.0,110.79,71.11,61.7
2026-05-31 01:30:00,3,-348.57,151.37,31.69,0.0,256.83,0.0,123.28,73.74,61.58
2026-05-31 01:35:00,3,-348.57,151.37,31.75,0.0,306.59,0.0,147.17,79.56,61.45
2026-05-31 01:40:00,3,-348.57,151.37,31.11,0.0,311.95,0.0,149.74,80.25,61.31
2026-05-31 01:45:00,3,-348.57,151.37,31.65,0.0,293.55,0.0,140.9,77.93,61.18
2026-05-31 01:50:00,3,-348.57,151.37,32.06,0.0,311.88,0.0,149.7,80.24,61.05
2026-05-31 01:55:00,3,-348.57,151.37,31.31,0.0,292.57,0.0,140.43,77.81,60.92
2026-05-31 02:00:00,3,-348.57,151.37,31.44,0.0,311.8,0.0,149.66,80.22,60.79
2026-05-31 02:05:00,3,-348.57,151.37,32.11,0.0,256.91,0.0,123.32,73.75,60.66
2026-05-31 02:10:00,3,-348.57,151.37,32.47,0.0,306.52,0.0,147.13,79.55,60.53
2026-05-31 02:15:00,3,-348.57,151.37,32.02,0.0,252.65,0.0,121.27,73.3,60.41
2026-05-31 02:20:00,3,-348.57,151.37,31.54,0.0,316.64,0.0,151.99,80.86,60.27
2026-05-31 02:25:00,3,-348.57,151.37,31.62,0.0,228.62,0.0,109.74,70.9,60.16
2026-05-31 02:30:00,3,-348.57,151.37,31.74,0.0,264.96,0.0,127.18,74.62,60.03
2026-05-31 02:35:00,3,-348.57,151.37,32.24,0.0,303.62,0.0,145.74,79.18,59.9
2026-05-31 02:40:00,3,-348.57,151.37,32.22,0.0,200.03,0.0,96.01,68.36,59.79
2026-05-31 02:45:00,3,-348.57,151.37,33.78,0.0,324.61,0.0,155.81,81.92,59.65
2026-05-31 02:50:00,3,-348.57,151.37,32.91,0.0,264.64,0.0,127.03,74.59,59.53
2026-05-31 02:55:00,3,-348.57,151.37,32.98,0.0,322.02,0.0,154.57,81.57,59.39
2026-05-31 03:00:00,3,-348.57,151.37,33.0,0.0,282.31,0.0,135.51,76.6,59.26
2026-05-31 03:05:00,3,-348.57,151.37,32.73,0.0,306.75,0.0,147.24,79.58,59.13
2026-05-31 03:10:00,3,-348.57,151.37,33.51,0.0,261.12,0.0,125.34,74.21,59.01
2026-05-31 03:15:00,3,-348.57,151.37,33.84,0.0,295.96,0.0,142.06,78.23,58.87
2026-05-31 03:20:00,3,-348.57,151.37,33.35,0.0,210.0,0.0,100.8,69.21,58.76
2026-05-31 03:25:00,3,-348.57,151.37,33.26,0.0,226.14,0.0,108.55,70.67,58.64
2026-05-31 03:30:00,3,-348.57,151.37,33.58,0.0,244.35,0.0,117.29,72.45,58.52
2026-05-31 03:35:00,3,-348.57,151.37,34.17,0.0,272.41,0.0,130.76,75.46,58.4
2026-05-31 03:40:00,3,-348.57,151.37,33.57,0.0,272.01,0.0,130.56,75.41,58.27
2026-05-31 03:45:00,3,-348.57,151.37,34.53,0.0,299.23,0.0,143.63,78.64,58.14
2026-05-31 03:50:00,3,-348.57,151.37,34.68,0.0,285.65,0.0,137.11,76.99,58.01
2026-05-31 03:55:00,3,-348.57,151.37,34.87,0.0,232.62,0.0,111.66,71.29,57.89
2026-05-31 04:00:00,3,-348.57,151.37,34.8,0.0,300.54,0.0,144.26,78.8,57.76
2026-05-31 04:05:00,3,-348.57,151.37,34.41,0.0,270.96,0.0,130.06,75.29,57.63
2026-05-31 04:10:00,3,-348.57,151.37,35.02,0.0,278.54,0.0,133.7,76.16,57.51
2026-05-31 04:15:00,3,-348.57,151.37,34.98,0.0,266.94,0.0,128.13,74.85,57.38
2026-05-31 04:20:00,3,-348.57,151.37,34.94,0.0,228.65,0.0,109.75,70.91,57.26
2026-05-31 04:25:00,3,-348.57,151.37,34.97,0.0,226.78,0.0,108.85,70.74,57.15
2026-05-31 04:30:00,3,-348.57,151.37,35.18,0.0,255.06,0.0,122.43,73.56,57.02
2026-05-31 04:35:00,3,-348.57,151.37,35.69,0.0,280.23,0.0,134.51,76.36,56.9
2026-05-31 04:40:00,3,-348.57,151.37,35.85,0.0,319.94,0.0,153.57,81.3,56.76
2026-05-31 04:45:00,3,-348.57,151.37,35.28,0.0,249.66,0.0,119.84,73.0,56.64
2026-05-31 04:50:00,3,-348.57,151.37,36.44,0.0,323.22,0.0,155.15,81.74,56.5
2026-05-31 04:55:00,3,-348.57,151.37,36.02,0.0,218.83,0.0,105.04,70.0,56.39
2026-05-31 05:00:00,3,-348.57,151.37,35.66,0.0,224.84,0.0,107.92,70.56,56.27
2026-05-31 05:05:00,3,-348.57,151.37,36.14,0.0,219.26,0.0,105.24,70.04,56.15
2026-05-31 05:10:00,3,-348.57,151.37,36.51,0.0,267.69,0.0,128.49,74.93,56.03
2026-05-31 05:15:00,3,-348.57,151.37,37.27,0.0,324.54,0.0,155.78,81.92,55.89
2026-05-31 05:20:00,3,-348.57,151.37,36.33,0.0,242.89,0.0,116.59,72.31,55.77
2026-05-31 05:25:00,3,-348.57,151.37,37.53,0.0,290.13,0.0,139.26,77.53,55.64
2026-05-31 05:30:00,3,-348.57,151.37,38.79,0.0,252.82,0.0,121.35,73.33,55.52
2026-05-31 05:35:00,3,-348.57,151.37,37.41,0.0,298.34,0.0,143.2,78.53,55.39
2026-05-31 05:40:00,3,-348.57,151.37,37.57,0.0,223.0,0.0,107.04,70.39,55.27
2026-05-31 05:45:00,3,-348.57,151.37,37.01,0.0,234.85,0.0,112.73,71.51,55.15
2026-05-31 05:50:00,3,-348.57,151.37,38.32,0.0,304.04,0.0,145.94,79.25,55.02
2026-05-31 05:55:00,3,-348.57,151.37,38.47,0.0,205.33,0.0,98.56,68.82,54.9
2026-05-31 06:00:00,3,-348.57,151.37,38.79,0.0,222.73,0.0,106.91,70.37,54.79
2026-05-31 06:05:00,3,-348.57,151.37,37.75,0.0,273.01,0.0,131.04,75.53,54.66
2026-05-31 06:10:00,3,-348.57,151.37,37.71,0.0,226.63,0.0,108.78,70.73,54.54
2026-05-31 06:15:00,3,-348.57,151.37,38.54,0.0,321.35,0.0,154.25,81.49,54.41
2026-05-31 06:20:00,3,-348.57,151.37,37.76,0.0,306.22,0.0,146.99,79.52,54.28
2026-05-31 06:25:00,3,-348.57,151.37,38.68,0.0,248.88,0.0,119.46,72.92,54.15
2026-05-31 06:30:00,3,-348.57,151.37,38.87,0.0,305.85,0.0,146.81,79.48,54.02
2026-05-31 06:35:00,3,-348.57,151.37,38.7,0.0,323.05,0.0,155.07,81.72,53.89
2026-05-31 06:40:00,3,-348.57,151.37,40.45,0.0,219.87,0.0,105.54,70.11,53.77
2026-05-31 06:45:00,3,-348.57,151.37,39.1,0.0,278.06,0.0,133.47,76.11,53.64
2026-05-31 06:50:00,3,-348.57,151.37,38.97,0.0,258.8,0.0,124.22,73.97,53.52
2026-05-31 06:55:00,3,-348.57,151.37,39.4,0.0,241.33,0.0,115.84,72.16,53.4
2026-05-31 07:00:00,3,-348.57,151.37,39.5,0.0,271.51,0.0,130.33,75.37,53.27
2026-05-31 07:05:00,3,-348.57,151.37,40.71,0.0,285.31,0.0,136.95,76.96,53.14
2026-05-31 07:10:00,3,-348.57,151.37,40.51,0.0,205.27,0.0,98.53,68.82,53.03
2026-05-31 07:15:00,3,-348.57,151.37,39.45,0.0,202.17,0.0,97.04,68.56,52.92
2026-05-31 07:20:00,3,-348.57,151.37,41.11,0.0,200.15,0.0,96.07,68.39,52.8
2026-05-31 07:25:00,3,-348.57,151.37,39.99,0.0,257.72,0.0,123.71,73.86,52.68
2026-05-31 07:30:00,3,-348.57,151.37,41.06,0.0,210.36,0.0,100.97,69.26,52.56
2026-05-31 07:35:00,3,-348.57,151.37,39.89,0.0,204.92,0.0,98.36,68.79,52.45
2026-05-31 07:40:00,3,-348.57,151.37,42.01,0.0,221.81,0.0,106.47,70.29,52.33
2026-05-31 07:45:00,3,-348.57,151.37,41.99,0.0,305.89,0.0,146.83,79.49,52.2
2026-05-31 07:50:00,3,-348.57,151.37,40.85,0.0,247.68,0.0,118.89,72.8,52.08
2026-05-31 07:55:00,3,-348.57,151.37,41.52,0.0,298.98,0.0,143.51,78.62,51.95
2026-05-31 08:00:00,3,-348.57,151.37,42.32,0.0,219.57,0.0,105.39,70.08,51.83
2026-05-31 08:05:00,3,-348.57,151.37,41.5,0.0,240.7,0.0,115.54,72.1,51.71
2026-05-31 08:10:00,3,-348.57,151.37,41.72,0.0,233.92,0.0,112.28,71.43,51.59
2026-05-31 08:15:00,3,-348.57,151.37,42.28,0.0,234.98,0.0,112.79,71.54,51.47
2026-05-31 08:20:00,3,-348.57,151.37,42.31,0.0,204.85,0.0,98.33,68.79,51.36
2026-05-31 08:25:00,3,-348.57,151.37,42.55,0.0,277.0,0.0,132.96,76.0,51.23
2026-05-31 08:30:00,3,-348.57,151.37,42.43,0.0,273.14,0.0,131.11,75.56,51.1
2026-05-31 08:35:00,3,-348.57,151.37,42.8,0.0,221.54,0.0,106.34,70.26,50.99
2026-05-31 08:40:00,3,-348.57,151.37,42.34,0.0,273.76,0.0,131.4,75.63,50.86
2026-05-31 08:45:00,3,-348.57,151.37,42.15,0.0,290.24,0.0,139.31,77.55,50.73
2026-05-31 08:50:00,3,-348.57,151.37,43.87,0.0,288.21,0.0,138.34,77.31,50.6
2026-05-31 08:55:00,3,-348.57,151.37,43.51,0.0,210.85,0.0,101.21,69.31,50.49
2026-05-31 09:00:00,3,-348.57,151.37,42.23,0.0,209.74,0.0,100.67,69.21,50.37
2026-05-31 09:05:00,3,-348.57,151.37,43.72,0.0,266.49,0.0,127.92,74.82,50.25
2026-05-31 09:10:00,3,-348.57,151.37,43.49,0.0,209.58,0.0,100.6,69.2,50.13
2026-05-31 09:15:00,3,-348.57,151.37,43.44,0.0,300.31,0.0,144.15,78.79,50.0
2026-05-31 09:20:00,3,-348.57,151.37,42.83,0.0,237.63,0.0,114.06,71.8,49.88
2026-05-31 09:25:00,3,-348.57,151.37,43.22,0.0,208.34,0.0,100.0,69.09,49.77
2026-05-31 09:30:00,3,-348.57,151.37,42.48,0.0,301.59,0.0,144.76,78.95,49.63
2026-05-31 09:35:00,3,-348.57,151.37,43.28,0.0,307.18,0.0,147.45,79.66,49.5
2026-05-31 09:40:00,3,-348.57,151.37,44.19,0.0,210.93,0.0,101.25,69.32,49.39
2026-05-31 09:45:00,3,-348.57,151.37,44.02,0.0,240.0,0.0,115.2,72.03,49.27
2026-05-31 09:50:00,3,-348.57,151.37,43.34,0.0,322.48,0.0,154.79,81.65,49.13
2026-05-31 09:55:00,3,-348.57,151.37,43.14,0.0,214.49,0.0,102.96,69.63,49.01
2026-05-31 10:00:00,3,-348.57,151.37,44.5,0.0,294.09,0.0,141.16,78.02,48.88
2026-05-31 10:05:00,3,-348.57,151.37,43.87,0.0,211.78,0.0,101.66,69.39,48.77
2026-05-31 10:10:00,3,-348.57,151.37,44.71,0.0,203.9,0.0,97.87,68.71,48.65
2026-05-31 10:15:00,3,-348.57,151.37,43.76,0.0,244.75,0.0,117.48,72.51,48.53
2026-05-31 10:20:00,3,-348.57,151.37,44.98,0.0,242.89,0.0,116.58,72.32,48.41
2026-05-31 10:25:00,3,-348.57,151.37,44.17,0.0,284.46,0.0,136.54,76.87,48.28
2026-05-31 10:30:00,3,-348.57,151.37,44.89,0.0,316.32,0.0,151.83,80.84,48.15
2026-05-31 10:35:00,3,-348.57,151.37,44.76,0.0,230.95,0.0,110.86,71.15,48.03
2026-05-31 10:40:00,3,-348.57,151.37,44.5,0.0,237.56,0.0,114.03,71.79,47.91
2026-05-31 10:45:00,3,-348.57,151.37,44.38,0.0,262.85,0.0,126.17,74.42,47.79
2026-05-31 10:50:00,3,-348.57,151.37,44.18,0.0,272.11,0.0,130.61,75.44,47.66
2026-05-31 10:55:00,3,-348.57,151.37,45.26,0.0,321.08,0.0,154.12,81.47,47.52
2026-05-31 11:00:00,3,-348.57,151.37,44.53,0.0,286.3,0.0,137.42,77.09,47.4
2026-05-31 11:05:00,3,-348.57,151.37,44.45,0.0,273.97,0.0,131.5,75.65,47.27
2026-05-31 11:10:00,3,-348.57,151.37,44.93,0.0,218.17,0.0,104.72,69.96,47.15
2026-05-31 11:15:00,3,-348.57,151.37,45.01,0.0,205.98,0.0,98.87,68.89,47.04
2026-05-31 11:20:00,3,-348.57,151.37,44.8,0.0,278.05,0.0,133.46,76.12,46.91
2026-05-31 11:25:00,3,-348.57,151.37,44.07,0.0,324.38,0.0,155.7,81.91,46.78
2026-05-31 11:30:00,3,-348.57,151.37,44.85,0.0,303.8,0.0,145.82,79.23,46.64
2026-05-31 11:35:00,3,-348.57,151.37,45.25,0.0,305.59,0.0,146.68,79.46,46.51
2026-05-31 11:40:00,3,-348.57,151.37,44.08,0.0,255.5,0.0,122.64,73.63,46.39
2026-05-31 11:45:00,3,-348.57,151.37,44.55,0.0,320.48,0.0,153.83,81.39,46.25
2026-05-31 11:50:00,3,-348.57,151.37,45.24,0.0,232.48,0.0,111.59,71.3,46.13
2026-05-31 11:55:00,3,-348.57,151.37,44.32,0.0,220.58,0.0,105.88,70.18,46.02
2026-05-31 12:00:00,3,-348.57,151.37,44.45,0.0,200.1,0.0,96.05,68.39,45.9
2026-05-31 12:05:00,3,-348.57,151.37,45.4,0.0,276.22,0.0,132.59,75.92,45.78
2026-05-31 12:10:00,3,-348.57,151.37,45.06,0.0,216.13,0.0,103.74,69.78,45.66
2026-05-31 12:15:00,3,-348.57,151.37,44.64,0.0,244.26,0.0,117.24,72.46,45.54
2026-05-31 12:20:00,3,-348.57,151.37,45.06,0.0,271.57,0.0,130.35,75.38,45.41
2026-05-31 12:25:00,3,-348.57,151.37,44.79,0.0,314.58,0.0,151.0,80.61,45.28
2026-05-31 12:30:00,3,-348.57,151.37,44.08,0.0,287.73,0.0,138.11,77.26,45.15
2026-05-31 12:35:00,3,-348.57,151.37,44.67,0.0,255.85,0.0,122.81,73.67,45.03
2026-05-31 12:40:00,3,-348.57,151.37,45.31,0.0,282.78,0.0,135.74,76.68,44.9
2026-05-31 12:45:00,3,-348.57,151.37,45.2,0.0,294.16,0.0,141.2,78.04,44.77
2026-05-31 12:50:00,3,-348.57,151.37,44.4,0.0,233.33,0.0,112.0,71.38,44.65
2026-05-31 12:55:00,3,-348.57,151.37,44.3,0.0,210.68,0.0,101.13,69.3,44.54
2026-05-31 13:00:00,3,-348.57,151.37,44.59,0.0,287.77,0.0,138.13,77.26,44.41
2026-05-31 13:05:00,3,-348.57,151.37,44.38,0.0,307.2,0.0,147.46,79.66,44.27
2026-05-31 13:10:00,3,-348.57,151.37,45.0,0.0,254.03,0.0,121.93,73.47,44.15
2026-05-31 13:15:00,3,-348.57,151.37,44.64,0.0,214.65,0.0,103.03,69.65,44.04
2026-05-31 13:20:00,3,-348.57,151.37,44.74,0.0,297.7,0.0,142.9,78.47,43.9
2026-05-31 13:25:00,3,-348.57,151.37,45.06,0.0,237.42,0.0,113.96,71.78,43.78
2026-05-31 13:30:00,3,-348.57,151.37,44.97,0.0,305.93,0.0,146.85,79.5,43.65
2026-05-31 13:35:00,3,-348.57,151.37,43.46,0.0,250.12,0.0,120.06,73.06,43.53
2026-05-31 13:40:00,3,-348.57,151.37,44.3,0.0,308.83,0.0,148.24,79.87,43.4
2026-05-31 13:45:00,3,-348.57,151.37,44.46,0.0,240.42,0.0,115.4,72.08,43.28
2026-05-31 13:50:00,3,-348.57,151.37,44.66,0.0,285.95,0.0,137.26,77.05,43.15
2026-05-31 13:55:00,3,-348.57,151.37,44.45,0.0,296.15,0.0,142.15,78.28,43.02
2026-05-31 14:00:00,3,-348.57,151.37,43.59,0.0,240.95,0.0,115.66,72.13,42.9
2026-05-31 14:05:00,3,-348.57,151.37,43.82,0.0,285.67,0.0,137.12,77.01,42.77
2026-05-31 14:10:00,3,-348.57,151.37,43.58,0.0,217.19,0.0,104.25,69.87,42.65
2026-05-31 14:15:00,3,-348.57,151.37,43.57,0.0,278.6,0.0,133.73,76.18,42.53
2026-05-31 14:20:00,3,-348.57,151.37,44.58,0.0,288.79,0.0,138.62,77.39,42.4
2026-05-31 14:25:00,3,-348.57,151.37,43.53,0.0,268.53,0.0,128.89,75.04,42.27
2026-05-31 14:30:00,3,-348.57,151.37,43.37,0.0,307.57,0.0,147.64,79.71,42.14
2026-05-31 14:35:00,3,-348.57,151.37,42.96,0.0,321.83,0.0,154.48,81.57,42.0
2026-05-31 14:40:00,3,-348.57,151.37,43.37,0.0,300.82,0.0,144.39,78.85,41.87
2026-05-31 14:45:00,3,-348.57,151.37,43.45,0.0,263.07,0.0,126.27,74.44,41.75
2026-05-31 14:50:00,3,-348.57,151.37,43.95,0.0,293.88,0.0,141.06,78.0,41.62
2026-05-31 14:55:00,3,-348.57,151.37,43.17,0.0,250.51,0.0,120.24,73.1,41.5
2026-05-31 15:00:00,3,-348.57,151.37,42.49,0.0,240.24,0.0,115.31,72.05,41.38
2026-05-31 15:05:00,3,-348.57,151.37,43.15,0.0,227.91,0.0,109.4,70.86,41.26
2026-05-31 15:10:00,3,-348.57,151.37,42.53,0.0,202.4,0.0,97.15,68.58,41.14
2026-05-31 15:15:00,3,-348.57,151.37,42.47,0.0,263.52,0.0,126.49,74.49,41.02
2026-05-31 15:20:00,3,-348.57,151.37,43.0,0.0,268.73,0.0,128.99,75.06,40.89
2026-05-31 15:25:00,3,-348.57,151.37,41.78,0.0,247.8,0.0,118.95,72.82,40.77
2026-05-31 15:30:00,3,-348.57,151.37,42.44,0.0,297.61,0.0,142.85,78.45,40.64
2026-05-31 15:35:00,3,-348.57,151.37,42.2,0.0,252.9,0.0,121.39,73.35,40.52
2026-05-31 15:40:00,3,-348.57,151.37,42.02,0.0,210.13,0.0,100.86,69.24,40.4
2026-05-31 15:45:00,3,-348.57,151.37,41.64,0.0,232.79,0.0,111.74,71.32,40.29
2026-05-31 15:50:00,3,-348.57,151.37,41.79,0.0,310.96,0.0,149.26,80.14,40.15
2026-05-31 15:55:00,3,-348.57,151.37,41.5,0.0,245.67,0.0,117.92,72.6,40.03
2026-05-31 16:00:00,3,-348.57,151.37,40.94,0.0,250.4,0.0,120.19,73.08,39.91
2026-05-31 16:05:00,3,-348.57,151.37,41.46,0.0,224.19,0.0,107.61,70.51,39.79
2026-05-31 16:10:00,3,-348.57,151.37,41.19,0.0,210.53,0.0,101.05,69.27,39.68
2026-05-31 16:15:00,3,-348.57,151.37,41.5,0.0,243.93,0.0,117.09,72.42,39.56
2026-05-31 16:20:00,3,-348.57,151.37,41.21,0.0,243.43,0.0,116.84,72.37,39.44
2026-05-31 16:25:00,3,-348.57,151.37,41.01,0.0,286.56,0.0,137.55,77.11,39.31
2026-05-31 16:30:00,3,-348.57,151.37,39.14,0.0,287.23,0.0,137.87,77.19,39.18
2026-05-31 16:35:00,3,-348.57,151.37,40.26,0.0,249.92,0.0,119.96,73.03,39.06
2026-05-31 16:40:00,3,-348.57,151.37,41.08,0.0,257.03,0.0,123.38,73.78,38.93
2026-05-31 16:45:00,3,-348.57,151.37,40.11,0.0,302.16,0.0,145.04,79.01,38.8
2026-05-31 16:50:00,3,-348.57,151.37,40.01,0.0,294.96,0.0,141.58,78.12,38.67
2026-05-31 16:55:00,3,-348.57,151.37,40.58,0.0,204.92,0.0,98.36,68.79,38.56
2026-05-31 17:00:00,3,-348.57,151.37,39.68,0.0,262.32,0.0,125.91,74.35,38.43
2026-05-31 17:05:00,3,-348.57,151.37,39.84,0.0,272.0,0.0,130.56,75.42,38.31
2026-05-31 17:10:00,3,-348.57,151.37,39.13,0.0,294.25,0.0,141.24,78.03,38.18
2026-05-31 17:15:00,3,-348.57,151.37,39.34,0.0,248.69,0.0,119.37,72.9,38.06
2026-05-31 17:20:00,3,-348.57,151.37,39.43,0.0,235.24,0.0,112.91,71.55,37.94
2026-05-31 17:25:00,3,-348.57,151.37,39.24,0.0,265.99,0.0,127.67,74.75,37.81
2026-05-31 17:30:00,3,-348.57,151.37,39.11,0.0,282.78,0.0,135.73,76.66,37.68
2026-05-31 17:35:00,3,-348.57,151.37,39.11,0.0,215.3,0.0,103.34,69.69,37.57
2026-05-31 17:40:00,3,-348.57,151.37,38.65,0.0,249.22,0.0,119.62,72.96,37.45
2026-05-31 17:45:00,3,-348.57,151.37,38.0,0.0,318.01,0.0,152.64,81.05,37.31
2026-05-31 17:50:00,3,-348.57,151.37,38.81,0.0,316.18,0.0,151.77,80.81,37.18
2026-05-31 17:55:00,3,-348.57,151.37,37.88,0.0,309.72,0.0,148.67,79.97,37.04
2026-05-31 18:00:00,3,-348.57,151.37,38.16,0.0,221.61,0.0,106.37,70.26,36.93
2026-05-31 18:05:00,3,-348.57,151.37,37.89,0.0,302.88,0.0,145.38,79.1,36.79
2026-05-31 18:10:00,3,-348.57,151.37,37.49,0.0,283.37,0.0,136.02,76.73,36.67
2026-05-31 18:15:00,3,-348.57,151.37,38.16,0.0,212.54,0.0,102.02,69.45,36.55
2026-05-31 18:20:00,3,-348.57,151.37,37.39,0.0,268.27,0.0,128.77,75.0,36.43
2026-05-31 18:25:00,3,-348.57,151.37,37.65,0.0,292.15,0.0,140.23,77.77,36.3
2026-05-31 18:30:00,3,-348.57,151.37,36.82,0.0,278.15,0.0,133.51,76.12,36.17
2026-05-31 18:35:00,3,-348.57,151.37,36.74,0.0,259.93,0.0,124.77,74.09,36.05
2026-05-31 18:40:00,3,-348.57,151.37,37.27,0.0,219.39,0.0,105.31,70.06,35.93
2026-05-31 18:45:00,3,-348.57,151.37,37.34,0.0,301.83,0.0,144.88,78.97,35.8
2026-05-31 18:50:00,3,-348.57,151.37,37.11,0.0,316.86,0.0,152.09,80.89,35.66
2026-05-31 18:55:00,3,-348.57,151.37,36.96,0.0,273.7,0.0,131.38,75.61,35.54
2026-05-31 19:00:00,3,-348.57,151.37,36.11,0.0,250.39,0.0,120.19,73.08,35.41
2026-05-31 19:05:00,3,-348.57,151.37,36.02,0.0,295.7,0.0,141.93,78.2,35.28
2026-05-31 19:10:00,3,-348.57,151.37,34.71,0.0,244.36,0.0,117.29,72.45,35.16
2026-05-31 19:15:00,3,-348.57,151.37,36.04,0.0,302.62,0.0,145.26,79.06,35.03
2026-05-31 19:20:00,3,-348.57,151.37,36.22,0.0,215.69,0.0,103.53,69.72,34.92
2026-05-31 19:25:00,3,-348.57,151.37,35.34,0.0,247.35,0.0,118.73,72.76,34.79
2026-05-31 19:30:00,3,-348.57,151.37,36.16,0.0,246.7,0.0,118.42,72.7,34.67
2026-05-31 19:35:00,3,-348.57,151.37,35.59,0.0,298.15,0.0,143.11,78.51,34.54
2026-05-31 19:40:00,3,-348.57,151.37,34.08,0.0,305.37,0.0,146.58,79.41,34.41
2026-05-31 19:45:00,3,-348.57,151.37,34.11,0.0,302.13,0.0,145.02,79.0,34.28
2026-05-31 19:50:00,3,-348.57,151.37,34.66,0.0,298.37,0.0,143.22,78.53,34.15
2026-05-31 19:55:00,3,-348.57,151.37,34.65,0.0,254.39,0.0,122.11,73.49,34.03
2026-05-31 20:00:00,3,-348.57,151.37,33.98,0.0,259.02,0.0,124.33,73.98,33.9
2026-05-31 20:05:00,3,-348.57,151.37,33.22,0.0,260.25,0.0,124.92,74.11,33.78
2026-05-31 20:10:00,3,-348.57,151.37,33.32,0.0,207.26,0.0,99.48,68.98,33.66
2026-05-31 20:15:00,3,-348.57,151.37,34.44,0.0,293.29,0.0,140.78,77.91,33.53
2026-05-31 20:20:00,3,-348.57,151.37,34.66,0.0,306.26,0.0,147.01,79.52,33.4
2026-05-31 20:25:00,3,-348.57,151.37,34.36,0.0,318.71,0.0,152.98,81.13,33.27
2026-05-31 20:30:00,3,-348.57,151.37,33.11,0.0,259.26,0.0,124.45,74.01,33.14
2026-05-31 20:35:00,3,-348.57,151.37,34.23,0.0,253.74,0.0,121.8,73.42,33.02
2026-05-31 20:40:00,3,-348.57,151.37,33.42,0.0,207.31,0.0,99.51,68.98,32.91
2026-05-31 20:45:00,3,-348.57,151.37,33.65,0.0,276.88,0.0,132.9,75.97,32.78
2026-05-31 20:50:00,3,-348.57,151.37,33.85,0.0,218.32,0.0,104.79,69.95,32.66
2026-05-31 20:55:00,3,-348.57,151.37,33.13,0.0,260.75,0.0,125.16,74.17,32.54
2026-05-31 21:00:00,3,-348.57,151.37,32.44,0.0,259.56,0.0,124.59,74.04,32.41
2026-05-31 21:05:00,3,-348.57,151.37,33.97,0.0,310.5,0.0,149.04,80.06,32.28
2026-05-31 21:10:00,3,-348.57,151.37,32.91,0.0,293.32,0.0,140.8,77.91,32.15
2026-05-31 21:15:00,3,-348.57,151.37,32.42,0.0,209.28,0.0,100.45,69.15,32.04
2026-05-31 21:20:00,3,-348.57,151.37,32.22,0.0,263.53,0.0,126.49,74.47,31.91
2026-05-31 21:25:00,3,-348.57,151.37,32.3,0.0,231.0,0.0,110.88,71.13,31.79
2026-05-31 21:30:00,3,-348.57,151.37,31.73,0.0,261.47,0.0,125.5,74.24,31.67
2026-05-31 21:35:00,3,-348.57,151.37,31.97,0.0,299.9,0.0,143.95,78.72,31.54
2026-05-31 21:40:00,3,-348.57,151.37,32.51,0.0,320.22,0.0,153.7,81.33,31.4
2026-05-31 21:45:00,3,-348.57,151.37,32.12,0.0,201.2,0.0,96.57,68.46,31.29
2026-05-31 21:50:00,3,-348.57,151.37,31.76,0.0,233.49,0.0,112.07,71.37,31.17
2026-05-31 21:55:00,3,-348.57,151.37,32.12,0.0,313.76,0.0,150.6,80.48,31.04
2026-05-31 22:00:00,3,-348.57,151.37,32.83,0.0,295.6,0.0,141.89,78.19,30.91
2026-05-31 22:05:00,3,-348.57,151.37,31.4,0.0,229.65,0.0,110.23,71.0,30.79
2026-05-31 22:10:00,3,-348.57,151.37,31.61,0.0,255.11,0.0,122.45,73.56,30.66
2026-05-31 22:15:00,3,-348.57,151.37,30.45,0.0,241.95,0.0,116.14,72.2,30.54
2026-05-31 22:20:00,3,-348.57,151.37,31.57,0.0,227.83,0.0,109.36,70.83,30.43
2026-05-31 22:25:00,3,-348.57,151.37,31.23,0.0,270.54,0.0,129.86,75.24,30.3
2026-05-31 22:30:00,3,-348.57,151.37,31.23,0.0,301.37,0.0,144.66,78.9,30.17
2026-05-31 22:35:00,3,-348.57,151.37,32.28,0.0,268.41,0.0,128.84,75.01,30.04
2026-05-31 22:40:00,3,-348.57,151.37,31.77,0.0,266.81,0.0,128.07,74.83,29.92
2026-05-31 22:45:00,3,-348.57,151.37,31.31,0.0,309.55,0.0,148.59,79.94,29.79
2026-05-31 22:50:00,3,-348.57,151.37,30.38,0.0,238.9,0.0,114.67,71.9,29.67
2026-05-31 22:55:00,3,-348.57,151.37,30.31,0.0,256.52,0.0,123.13,73.71,29.54
2026-05-31 23:00:00,3,-348.57,151.37,31.24,0.0,282.84,0.0,135.76,76.65,29.42
2026-05-31 23:05:00,3,-348.57,151.37,30.12,0.0,306.56,0.0,147.15,79.55,29.28
2026-05-31 23:10:00,3,-348.57,151.37,30.56,0.0,323.35,0.0,155.21,81.75,29.15
2026-05-31 23:15:00,3,-348.57,151.37,30.44,0.0,200.7,0.0,96.34,68.42,29.03
2026-05-31 23:20:00,3,-348.57,151.37,31.29,0.0,215.02,0.0,103.21,69.65,28.92
2026-05-31 23:25:00,3,-348.57,151.37,31.79,0.0,293.27,0.0,140.77,77.9,28.79
2026-05-31 23:30:00,3,-348.57,151.37,30.9,0.0,219.67,0.0,105.44,70.07,28.67
2026-05-31 23:35:00,3,-348.57,151.37,30.96,0.0,246.74,0.0,118.44,72.69,28.55
2026-05-31 23:40:00,3,-348.57,151.37,30.85,0.0,222.11,0.0,106.61,70.29,28.43
2026-05-31 23:45:00,3,-348.57,151.37,30.74,0.0,298.46,0.0,143.26,78.54,28.3
2026-05-31 23:50:00,3,-348.57,151.37,30.26,0.0,246.51,0.0,118.33,72.67,28.18
2026-05-31 23:55:00,3,-348.57,151.37,30.58,0.0,205.73,0.0,98.75,68.84,28.07
2026-06-01 00:00:00,3,-348.57,151.37,31.07,0.0,292.22,0.0,140.26,77.77,27.94
2026-06-01 00:05:00,3,-348.57,151.37,30.81,0.0,308.59,0.0,148.12,79.81,27.8
2026-06-01 00:10:00,3,-348.57,151.37,30.24,0.0,250.68,0.0,120.32,73.09,27.68
2026-06-01 00:15:00,3,-348.57,151.37,31.52,0.0,204.48,0.0,98.15,68.74,27.57
2026-06-01 00:20:00,3,-348.57,151.37,31.2,0.0,222.3,0.0,106.7,70.31,27.45
2026-06-01 00:25:00,3,-348.57,151.37,31.88,0.0,299.99,0.0,143.99,78.73,27.32
2026-06-01 00:30:00,3,-348.57,151.37,31.31,0.0,277.91,0.0,133.4,76.08,27.19
2026-06-01 00:35:00,3,-348.57,151.37,30.87,0.0,247.13,0.0,118.62,72.73,27.07
2026-06-01 00:40:00,3,-348.57,151.37,31.2,0.0,317.83,0.0,152.56,81.01,26.94
2026-06-01 00:45:00,3,-348.57,151.37,30.47,0.0,249.54,0.0,119.78,72.98,26.81
2026-06-01 00:50:00,3,-348.57,151.37,30.97,0.0,229.83,0.0,110.32,71.02,26.7
2026-06-01 00:55:00,3,-348.57,151.37,31.5,0.0,305.06,0.0,146.43,79.36,26.56
2026-06-01 01:00:00,3,-348.57,151.37,30.31,0.0,320.9,0.0,154.03,81.42,26.43
2026-06-01 01:05:00,3,-348.57,151.37,31.41,0.0,234.58,0.0,112.6,71.48,26.31
2026-06-01 01:10:00,3,-348.57,151.37,31.95,0.0,317.14,0.0,152.23,80.92,26.17
2026-06-01 01:15:00,3,-348.57,151.37,31.84,0.0,231.71,0.0,111.22,71.2,26.05
2026-06-01 01:20:00,3,-348.57,151.37,30.93,0.0,318.31,0.0,152.79,81.08,25.92
2026-06-01 01:25:00,3,-348.57,151.37,31.75,0.0,222.74,0.0,106.91,70.35,25.8
2026-06-01 01:30:00,3,-348.57,151.37,31.54,0.0,322.22,0.0,154.67,81.6,25.67
2026-06-01 01:35:00,3,-348.57,151.37,30.97,0.0,318.69,0.0,152.97,81.12,25.53
2026-06-01 01:40:00,3,-348.57,151.37,30.58,0.0,267.5,0.0,128.4,74.9,25.41
2026-06-01 01:45:00,3,-348.57,151.37,31.31,0.0,273.98,0.0,131.51,75.63,25.28
2026-06-01 01:50:00,3,-348.57,151.37,32.01,0.0,278.69,0.0,133.77,76.17,25.15
2026-06-01 01:55:00,3,-348.57,151.37,31.58,0.0,313.14,0.0,150.31,80.4,25.02
2026-06-01 02:00:00,3,-348.57,151.37,31.43,0.0,277.98,0.0,133.43,76.09,24.89
2026-06-01 02:05:00,3,-348.57,151.37,31.51,0.0,317.18,0.0,152.25,80.93,24.76
2026-06-01 02:10:00,3,-348.57,151.37,31.8,0.0,280.75,0.0,134.76,76.41,24.63
2026-06-01 02:15:00,3,-348.57,151.37,32.42,0.0,316.5,0.0,151.92,80.84,24.5
2026-06-01 02:20:00,3,-348.57,151.37,31.68,0.0,213.61,0.0,102.53,69.53,24.38
2026-06-01 02:25:00,3,-348.57,151.37,31.98,0.0,265.55,0.0,127.46,74.69,24.25
2026-06-01 02:30:00,3,-348.57,151.37,32.04,0.0,275.74,0.0,132.36,75.83,24.13
2026-06-01 02:35:00,3,-348.57,151.37,32.16,0.0,270.16,0.0,129.68,75.2,24.0
2026-06-01 02:40:00,3,-348.57,151.37,32.64,0.0,249.22,0.0,119.62,72.95,23.88
2026-06-01 02:45:00,3,-348.57,151.37,32.06,0.0,223.62,0.0,107.34,70.44,23.76
2026-06-01 02:50:00,3,-348.57,151.37,32.25,0.0,258.61,0.0,124.13,73.93,23.64
2026-06-01 02:55:00,3,-348.57,151.37,32.77,0.0,254.47,0.0,122.15,73.5,23.52
2026-06-01 03:00:00,3,-348.57,151.37,33.06,0.0,275.99,0.0,132.48,75.86,23.39
2026-06-01 03:05:00,3,-348.57,151.37,32.86,0.0,270.27,0.0,129.73,75.22,23.27
2026-06-01 03:10:00,3,-348.57,151.37,32.37,0.0,207.87,0.0,99.78,69.03,23.15
2026-06-01 03:15:00,3,-348.57,151.37,33.66,0.0,236.18,0.0,113.36,71.64,23.03
2026-06-01 03:20:00,3,-348.57,151.37,32.95,0.0,256.77,0.0,123.25,73.74,22.91
2026-06-01 03:25:00,3,-348.57,151.37,33.82,0.0,254.04,0.0,121.94,73.45,22.79
2026-06-01 03:30:00,3,-348.57,151.37,32.81,0.0,288.15,0.0,138.31,77.28,22.66
2026-06-01 03:35:00,3,-348.57,151.37,33.51,0.0,308.69,0.0,148.17,79.83,22.53
2026-06-01 03:40:00,3,-348.57,151.37,34.48,0.0,231.19,0.0,110.97,71.15,22.41
2026-06-01 03:45:00,3,-348.57,151.37,34.8,0.0,213.56,0.0,102.51,69.53,22.29
2026-06-01 03:50:00,3,-348.57,151.37,33.77,0.0,263.55,0.0,126.5,74.47,22.17
2026-06-01 03:55:00,3,-348.57,151.37,34.29,0.0,276.33,0.0,132.64,75.9,22.04
2026-06-01 04:00:00,3,-348.57,151.37,34.73,0.0,318.72,0.0,152.98,81.13,21.9
2026-06-01 04:05:00,3,-348.57,151.37,35.07,0.0,317.2,0.0,152.26,80.94,21.77
2026-06-01 04:10:00,3,-348.57,151.37,34.4,0.0,266.37,0.0,127.86,74.78,21.65
2026-06-01 04:15:00,3,-348.57,151.37,35.26,0.0,286.08,0.0,137.32,77.04,21.52
2026-06-01 04:20:00,3,-348.57,151.37,34.97,0.0,264.11,0.0,126.77,74.54,21.39
2026-06-01 04:25:00,3,-348.57,151.37,35.74,0.0,204.53,0.0,98.17,68.75,21.28
2026-06-01 04:30:00,3,-348.57,151.37,35.07,0.0,236.87,0.0,113.7,71.71,21.16
2026-06-01 04:35:00,3,-348.57,151.37,36.03,0.0,212.31,0.0,101.91,69.42,21.04
2026-06-01 04:40:00,3,-348.57,151.37,34.55,0.0,243.37,0.0,116.82,72.35,20.92
2026-06-01 04:45:00,3,-348.57,151.37,36.42,0.0,300.41,0.0,144.2,78.79,20.79
2026-06-01 04:50:00,3,-348.57,151.37,35.65,0.0,312.12,0.0,149.82,80.27,20.66
2026-06-01 04:55:00,3,-348.57,151.37,35.99,0.0,267.0,0.0,128.16,74.86,20.53
2026-06-01 05:00:00,3,-348.57,151.37,36.14,0.0,253.95,0.0,121.9,73.45,20.41
2026-06-01 05:05:00,3,-348.57,151.37,36.26,0.0,290.25,0.0,139.32,77.54,20.28
2026-06-01 05:10:00,3,-348.57,151.37,36.84,0.0,273.87,0.0,131.46,75.63,20.15
2026-06-01 05:15:00,3,-348.57,151.37,37.2,0.0,214.8,0.0,103.1,69.64,20.04
2026-06-01 05:20:00,3,-348.57,151.37,36.37,0.0,306.56,0.0,147.15,79.56,19.91
2026-06-01 05:25:00,3,-348.57,151.37,37.12,0.0,252.05,0.0,120.98,73.25,19.78
2026-06-01 05:30:00,3,-348.57,151.37,37.41,0.0,255.03,0.0,122.42,73.56,19.66
2026-06-01 05:35:00,3,-348.57,151.37,36.94,0.0,310.94,0.0,149.25,80.12,19.53
2026-06-01 05:40:00,3,-348.57,151.37,36.64,0.0,281.87,0.0,135.3,76.55,19.4
2026-06-01 05:45:00,3,-348.57,151.37,36.55,0.0,220.23,0.0,105.71,70.13,19.28
2026-06-01 05:50:00,3,-348.57,151.37,37.08,0.0,293.37,0.0,140.82,77.92,19.15
2026-06-01 05:55:00,3,-348.57,151.37,37.68,0.0,270.5,0.0,129.84,75.25,19.03
2026-06-01 06:00:00,3,-348.57,151.37,38.83,0.0,205.13,0.0,98.46,68.8,18.91
2026-06-01 06:05:00,3,-348.57,151.37,37.6,0.0,288.56,0.0,138.51,77.34,18.78
2026-06-01 06:10:00,3,-348.57,151.37,38.14,0.0,287.2,0.0,137.85,77.18,18.66
2026-06-01 06:15:00,3,-348.57,151.37,39.06,0.0,225.35,0.0,108.17,70.61,18.54
2026-06-01 06:20:00,3,-348.57,151.37,38.63,0.0,287.3,0.0,137.9,77.19,18.41
2026-06-01 06:25:00,3,-348.57,151.37,38.75,0.0,306.33,0.0,147.04,79.54,18.28
2026-06-01 06:30:00,3,-348.57,151.37,37.45,0.0,210.03,0.0,100.82,69.22,18.16
2026-06-01 06:35:00,3,-348.57,151.37,39.2,0.0,310.07,0.0,148.83,80.02,18.03
2026-06-01 06:40:00,3,-348.57,151.37,39.17,0.0,234.0,0.0,112.32,71.43,17.91
2026-06-01 06:45:00,3,-348.57,151.37,39.27,0.0,249.51,0.0,119.77,72.99,17.79
2026-06-01 06:50:00,3,-348.57,151.37,40.35,0.0,302.23,0.0,145.07,79.02,17.66
2026-06-01 06:55:00,3,-348.57,151.37,39.46,0.0,244.93,0.0,117.57,72.52,17.53
2026-06-01 07:00:00,3,-348.57,151.37,40.04,0.0,301.99,0.0,144.96,78.99,17.4
2026-06-01 07:05:00,3,-348.57,151.37,39.57,0.0,210.84,0.0,101.2,69.3,17.29
2026-06-01 07:10:00,3,-348.57,151.37,39.75,0.0,200.44,0.0,96.21,68.41,17.17
2026-06-01 07:15:00,3,-348.57,151.37,39.96,0.0,257.5,0.0,123.6,73.83,17.05
2026-06-01 07:20:00,3,-348.57,151.37,40.2,0.0,258.37,0.0,124.02,73.92,16.93
2026-06-01 07:25:00,3,-348.57,151.37,40.26,0.0,269.16,0.0,129.19,75.1,16.8
2026-06-01 07:30:00,3,-348.57,151.37,41.05,0.0,216.07,0.0,103.71,69.76,16.69
2026-06-01 07:35:00,3,-348.57,151.37,40.14,0.0,317.18,0.0,152.24,80.94,16.55
2026-06-01 07:40:00,3,-348.57,151.37,39.98,0.0,250.19,0.0,120.09,73.06,16.43
2026-06-01 07:45:00,3,-348.57,151.37,40.89,0.0,216.42,0.0,103.88,69.8,16.31
2026-06-01 07:50:00,3,-348.57,151.37,41.38,0.0,289.78,0.0,139.09,77.5,16.18
2026-06-01 07:55:00,3,-348.57,151.37,41.38,0.0,258.41,0.0,124.04,73.93,16.06
2026-06-01 08:00:00,3,-348.57,151.37,41.14,0.0,229.49,0.0,110.16,71.01,15.94
2026-06-01 08:05:00,3,-348.57,151.37,41.5,0.0,232.43,0.0,111.57,71.29,15.82
2026-06-01 08:10:00,3,-348.57,151.37,41.83,0.0,278.27,0.0,133.57,76.14,15.7
2026-06-01 08:15:00,3,-348.57,151.37,41.96,0.0,254.78,0.0,122.29,73.55,15.57
2026-06-01 08:20:00,3,-348.57,151.37,41.4,0.0,203.51,0.0,97.69,68.67,15.46
2026-06-01 08:25:00,3,-348.57,151.37,42.1,0.0,241.56,0.0,115.95,72.19,15.34
2026-06-01 08:30:00,3,-348.57,151.37,41.4,0.0,283.72,0.0,136.19,76.78,15.21
2026-06-01 08:35:00,3,-348.57,151.37,42.46,0.0,289.26,0.0,138.85,77.44,15.08
2026-06-01 08:40:00,3,-348.57,151.37,42.45,0.0,322.23,0.0,154.67,81.62,14.95
2026-06-01 08:45:00,3,-348.57,151.37,41.57,0.0,291.96,0.0,140.14,77.76,14.82
2026-06-01 08:50:00,3,-348.57,151.37,43.78,0.0,284.1,0.0,136.37,76.83,14.69
2026-06-01 08:55:00,3,-348.57,151.37,42.6,0.0,314.75,0.0,151.08,80.63,14.55
2026-06-01 09:00:00,3,-348.57,151.37,42.32,0.0,246.29,0.0,118.22,72.66,14.43
2026-06-01 09:05:00,3,-348.57,151.37,43.21,0.0,266.43,0.0,127.89,74.81,14.31
2026-06-01 09:10:00,3,-348.57,151.37,43.62,0.0,286.04,0.0,137.3,77.06,14.18
2026-06-01 09:15:00,3,-348.57,151.37,42.28,0.0,240.93,0.0,115.64,72.12,14.06
2026-06-01 09:20:00,3,-348.57,151.37,43.09,0.0,216.32,0.0,103.83,69.79,13.94
2026-06-01 09:25:00,3,-348.57,151.37,43.01,0.0,273.96,0.0,131.5,75.65,13.82
2026-06-01 09:30:00,3,-348.57,151.37,44.16,0.0,268.24,0.0,128.76,75.01,13.69
2026-06-01 09:35:00,3,-348.57,151.37,43.74,0.0,212.49,0.0,102.0,69.45,13.58
2026-06-01 09:40:00,3,-348.57,151.37,43.96,0.0,308.78,0.0,148.21,79.86,13.44
2026-06-01 09:45:00,3,-348.57,151.37,43.18,0.0,223.63,0.0,107.34,70.46,13.33
2026-06-01 09:50:00,3,-348.57,151.37,44.25,0.0,311.45,0.0,149.5,80.21,13.19
2026-06-01 09:55:00,3,-348.57,151.37,43.53,0.0,259.41,0.0,124.51,74.04,13.07
2026-06-01 10:00:00,3,-348.57,151.37,44.42,0.0,309.61,0.0,148.61,79.97,12.94
2026-06-01 10:05:00,3,-348.57,151.37,44.66,0.0,216.11,0.0,103.73,69.78,12.82
2026-06-01 10:10:00,3,-348.57,151.37,45.29,0.0,275.99,0.0,132.47,75.89,12.69
2026-06-01 10:15:00,3,-348.57,151.37,44.05,0.0,301.04,0.0,144.5,78.88,12.56
2026-06-01 10:20:00,3,-348.57,151.37,44.97,0.0,204.95,0.0,98.38,68.8,12.45
2026-06-01 10:25:00,3,-348.57,151.37,44.9,0.0,212.83,0.0,102.16,69.49,12.33
2026-06-01 10:30:00,3,-348.57,151.37,44.33,0.0,236.24,0.0,113.39,71.66,12.21
2026-06-01 10:35:00,3,-348.57,151.37,43.84,0.0,260.79,0.0,125.18,74.19,12.09
2026-06-01 10:40:00,3,-348.57,151.37,44.18,0.0,236.53,0.0,113.54,71.69,11.97
2026-06-01 10:45:00,3,-348.57,151.37,44.47,0.0,312.39,0.0,149.95,80.33,11.83
2026-06-01 10:50:00,3,-348.57,151.37,45.18,0.0,324.84,0.0,155.93,81.98,11.7
2026-06-01 10:55:00,3,-348.57,151.37,44.65,0.0,259.51,0.0,124.56,74.06,11.57
2026-06-01 11:00:00,3,-348.57,151.37,44.82,0.0,281.77,0.0,135.25,76.56,11.45
2026-06-01 11:05:00,3,-348.57,151.37,44.49,0.0,322.15,0.0,154.63,81.61,11.31
2026-06-01 11:10:00,3,-348.57,151.37,45.45,0.0,295.85,0.0,142.01,78.24,11.18
2026-06-01 11:15:00,3,-348.57,151.37,45.13,0.0,224.44,0.0,107.73,70.54,11.06
2026-06-01 11:20:00,3,-348.57,151.37,45.61,0.0,299.73,0.0,143.87,78.72,10.93
2026-06-01 11:25:00,3,-348.57,151.37,45.34,0.0,324.28,0.0,155.65,81.9,10.8
2026-06-01 11:30:00,3,-348.57,151.37,45.01,0.0,277.09,0.0,133.0,76.01,10.67
2026-06-01 11:35:00,3,-348.57,151.37,45.74,0.0,236.15,0.0,113.35,71.66,10.55
2026-06-01 11:40:00,3,-348.57,151.37,44.78,0.0,232.33,0.0,111.52,71.28,10.43
2026-06-01 11:45:00,3,-348.57,151.37,44.88,0.0,211.87,0.0,101.7,69.4,10.31
2026-06-01 11:50:00,3,-348.57,151.37,45.08,0.0,227.42,0.0,109.16,70.82,10.2
2026-06-01 11:55:00,3,-348.57,151.37,45.21,0.0,287.57,0.0,138.03,77.24,10.07
2026-06-01 12:00:00,3,-348.57,151.37,45.21,0.0,225.67,0.0,108.32,70.65,9.95
2026-06-01 12:05:00,3,-348.57,151.37,44.78,0.0,260.38,0.0,124.98,74.15,9.83
2026-06-01 12:10:00,3,-348.57,151.37,44.77,0.0,227.84,0.0,109.36,70.86,9.71
2026-06-01 12:15:00,3,-348.57,151.37,45.41,0.0,291.22,0.0,139.79,77.68,9.58
2026-06-01 12:20:00,3,-348.57,151.37,45.2,0.0,285.42,0.0,137.0,76.98,9.45
2026-06-01 12:25:00,3,-348.57,151.37,44.73,0.0,322.39,0.0,154.75,81.64,9.31
2026-06-01 12:30:00,3,-348.57,151.37,44.63,0.0,319.65,0.0,153.43,81.28,9.18
2026-06-01 12:35:00,3,-348.57,151.37,44.68,0.0,218.28,0.0,104.77,69.97,9.06
2026-06-01 12:40:00,3,-348.57,151.37,45.46,0.0,204.96,0.0,98.38,68.8,8.95
2026-06-01 12:45:00,3,-348.57,151.37,45.17,0.0,237.89,0.0,114.19,71.83,8.83
2026-06-01 12:50:00,3,-348.57,151.37,45.02,0.0,261.21,0.0,125.38,74.24,8.7
2026-06-01 12:55:00,3,-348.57,151.37,44.91,0.0,219.7,0.0,105.46,70.1,8.59
2026-06-01 13:00:00,3,-348.57,151.37,44.6,0.0,311.86,0.0,149.69,80.26,8.45
2026-06-01 13:05:00,3,-348.57,151.37,44.64,0.0,231.33,0.0,111.04,71.19,8.34
2026-06-01 13:10:00,3,-348.57,151.37,44.8,0.0,214.4,0.0,102.91,69.62,8.22
2026-06-01 13:15:00,3,-348.57,151.37,44.8,0.0,236.09,0.0,113.33,71.65,8.1
2026-06-01 13:20:00,3,-348.57,151.37,44.61,0.0,282.08,0.0,135.4,76.59,7.97
2026-06-01 13:25:00,3,-348.57,151.37,44.79,0.0,230.76,0.0,110.77,71.13,7.85
2026-06-01 13:30:00,3,-348.57,151.37,44.53,0.0,284.78,0.0,136.69,76.91,7.73
2026-06-01 13:35:00,3,-348.57,151.37,44.32,0.0,302.0,0.0,144.96,79.0,7.59
2026-06-01 13:40:00,3,-348.57,151.37,44.42,0.0,315.89,0.0,151.63,80.78,7.46
2026-06-01 13:45:00,3,-348.57,151.37,44.48,0.0,305.61,0.0,146.69,79.46,7.33
2026-06-01 13:50:00,3,-348.57,151.37,44.86,0.0,284.54,0.0,136.58,76.88,7.2
2026-06-01 13:55:00,3,-348.57,151.37,44.12,0.0,242.69,0.0,116.49,72.3,7.08
2026-06-01 14:00:00,3,-348.57,151.37,44.31,0.0,235.61,0.0,113.09,71.6,6.96
2026-06-01 14:05:00,3,-348.57,151.37,44.08,0.0,287.28,0.0,137.89,77.2,6.83
2026-06-01 14:10:00,3,-348.57,151.37,44.24,0.0,321.12,0.0,154.14,81.47,6.69
2026-06-01 14:15:00,3,-348.57,151.37,43.64,0.0,244.67,0.0,117.44,72.5,6.57
2026-06-01 14:20:00,3,-348.57,151.37,43.57,0.0,274.24,0.0,131.63,75.68,6.45
2026-06-01 14:25:00,3,-348.57,151.37,42.84,0.0,307.22,0.0,147.47,79.66,6.31
2026-06-01 14:30:00,3,-348.57,151.37,43.07,0.0,271.17,0.0,130.16,75.34,6.19
2026-06-01 14:35:00,3,-348.57,151.37,43.0,0.0,212.44,0.0,101.97,69.45,6.07
2026-06-01 14:40:00,3,-348.57,151.37,43.62,0.0,256.25,0.0,123.0,73.71,5.95
2026-06-01 14:45:00,3,-348.57,151.37,43.25,0.0,216.99,0.0,104.15,69.85,5.83
2026-06-01 14:50:00,3,-348.57,151.37,42.82,0.0,319.07,0.0,153.15,81.2,5.7
2026-06-01 14:55:00,3,-348.57,151.37,43.03,0.0,293.49,0.0,140.88,77.95,5.57
2026-06-01 15:00:00,3,-348.57,151.37,42.99,0.0,260.46,0.0,125.02,74.15,5.44
2026-06-01 15:05:00,3,-348.57,151.37,42.86,0.0,324.39,0.0,155.71,81.91,5.31
2026-06-01 15:10:00,3,-348.57,151.37,42.6,0.0,259.63,0.0,124.62,74.06,5.18
2026-06-01 15:15:00,3,-348.57,151.37,42.18,0.0,274.37,0.0,131.7,75.7,5.06
2026-06-01 15:20:00,3,-348.57,151.37,42.85,0.0,285.27,0.0,136.93,76.96,4.93
2026-06-01 15:25:00,3,-348.57,151.37,42.63,0.0,298.24,0.0,143.16,78.53,4.8
2026-06-01 15:30:00,3,-348.57,151.37,42.63,0.0,318.97,0.0,153.11,81.19,4.66
2026-06-01 15:35:00,3,-348.57,151.37,42.0,0.0,200.73,0.0,96.35,68.44,4.55
2026-06-01 15:40:00,3,-348.57,151.37,42.32,0.0,307.58,0.0,147.64,79.7,4.42
2026-06-01 15:45:00,3,-348.57,151.37,41.68,0.0,261.55,0.0,125.54,74.27,4.29
2026-06-01 15:50:00,3,-348.57,151.37,41.13,0.0,217.14,0.0,104.23,69.86,4.18
2026-06-01 15:55:00,3,-348.57,151.37,42.28,0.0,291.1,0.0,139.73,77.66,4.05
2026-06-01 16:00:00,3,-348.57,151.37,41.74,0.0,229.85,0.0,110.33,71.04,3.93
2026-06-01 16:05:00,3,-348.57,151.37,41.36,0.0,240.6,0.0,115.49,72.09,3.81
2026-06-01 16:10:00,3,-348.57,151.37,41.61,0.0,230.27,0.0,110.53,71.08,3.69
2026-06-01 16:15:00,3,-348.57,151.37,41.89,0.0,324.7,0.0,155.85,81.95,3.55
2026-06-01 16:20:00,3,-348.57,151.37,40.78,0.0,280.15,0.0,134.47,76.36,3.43
2026-06-01 16:25:00,3,-348.57,151.37,40.97,0.0,316.87,0.0,152.1,80.9,3.29
2026-06-01 16:30:00,3,-348.57,151.37,39.55,0.0,274.55,0.0,131.78,75.71,3.17
2026-06-01 16:35:00,3,-348.57,151.37,41.5,0.0,290.72,0.0,139.55,77.61,3.04
2026-06-01 16:40:00,3,-348.57,151.37,40.12,0.0,216.59,0.0,103.96,69.81,2.92
2026-06-01 16:45:00,3,-348.57,151.37,40.9,0.0,222.44,0.0,106.77,70.34,2.8
2026-06-01 16:50:00,3,-348.57,151.37,39.89,0.0,308.28,0.0,147.98,79.79,2.67
2026-06-01 16:55:00,3,-348.57,151.37,39.95,0.0,276.15,0.0,132.55,75.89,2.54
2026-06-01 17:00:00,3,-348.57,151.37,39.24,0.0,304.16,0.0,146.0,79.26,2.41
2026-06-01 17:05:00,3,-348.57,151.37,39.29,0.0,234.67,0.0,112.64,71.5,2.29
2026-06-01 17:10:00,3,-348.57,151.37,39.34,0.0,230.73,0.0,110.75,71.12,2.17
2026-06-01 17:15:00,3,-348.57,151.37,39.59,0.0,241.63,0.0,115.98,72.19,2.05
2026-06-01 17:20:00,3,-348.57,151.37,39.16,0.0,220.67,0.0,105.92,70.18,1.94
2026-06-01 17:25:00,3,-348.57,151.37,39.26,0.0,257.23,0.0,123.47,73.8,1.81
2026-06-01 17:30:00,3,-348.57,151.37,38.8,0.0,282.79,0.0,135.74,76.66,1.69
2026-06-01 17:35:00,3,-348.57,151.37,39.25,0.0,246.9,0.0,118.51,72.72,1.56
2026-06-01 17:40:00,3,-348.57,151.37,38.4,0.0,315.25,0.0,151.32,80.69,1.43
2026-06-01 17:45:00,3,-348.57,151.37,38.31,0.0,213.55,0.0,102.51,69.54,1.31
2026-06-01 17:50:00,3,-348.57,151.37,38.73,0.0,266.59,0.0,127.96,74.82,1.19
2026-06-01 17:55:00,3,-348.57,151.37,38.01,0.0,288.45,0.0,138.46,77.33,1.06
2026-06-01 18:00:00,3,-348.57,151.37,37.93,0.0,254.39,0.0,122.11,73.5,0.94
2026-06-01 18:05:00,3,-348.57,151.37,36.54,0.0,227.69,0.0,109.29,70.82,0.82
2026-06-01 18:10:00,3,-348.57,151.37,38.37,0.0,275.63,0.0,132.3,75.83,0.69
2026-06-01 18:15:00,3,-348.57,151.37,38.26,0.0,252.63,0.0,121.26,73.31,0.57
2026-06-01 18:20:00,3,-348.57,151.37,37.09,0.0,260.69,0.0,125.13,74.17,0.45
2026-06-01 18:25:00,3,-348.57,151.37,36.51,0.0,319.64,0.0,153.43,81.26,0.31
2026-06-01 18:30:00,3,-348.57,151.37,36.81,0.0,262.4,0.0,125.95,74.35,0.19
2026-06-01 18:35:00,3,-348.57,151.37,37.0,0.0,237.98,0.0,114.23,71.82,0.07
2026-06-01 18:40:00,3,-348.57,151.37,36.64,0.0,308.23,0.0,147.95,79.78,0.0
2026-06-01 18:45:00,3,-348.57,151.37,36.64,0.0,214.81,0.0,103.11,69.64,0.0
2026-06-01 18:50:00,3,-348.57,151.37,35.77,0.0,302.14,0.0,145.03,79.0,0.0
2026-06-01 18:55:00,3,-348.57,151.37,36.64,0.0,307.29,0.0,147.5,79.66,0.0
2026-06-01 19:00:00,3,-348.57,151.37,36.11,0.0,248.5,0.0,119.28,72.88,0.0
2026-06-01 19:05:00,3,-348.57,151.37,36.23,0.0,256.3,0.0,123.02,73.69,0.0
2026-06-01 19:10:00,3,-348.57,151.37,36.15,0.0,292.3,0.0,140.31,77.79,0.0
2026-06-01 19:15:00,3,-348.57,151.37,35.43,0.0,271.4,0.0,130.27,75.35,0.0
2026-06-01 19:20:00,3,-348.57,151.37,35.76,0.0,306.0,0.0,146.88,79.49,0.0
2026-06-01 19:25:00,3,-348.57,151.37,35.32,0.0,310.03,0.0,148.81,80.0,0.0
2026-06-01 19:30:00,3,-348.57,151.37,35.73,0.0,225.93,0.0,108.45,70.66,0.0
2026-06-01 19:35:00,3,-348.57,151.37,35.83,0.0,316.02,0.0,151.69,80.78,0.0
2026-06-01 19:40:00,3,-348.57,151.37,35.0,0.0,318.9,0.0,153.07,81.16,0.0
2026-06-01 19:45:00,3,-348.57,151.37,34.54,0.0,305.64,0.0,146.71,79.44,0.0
2026-06-01 19:50:00,3,-348.57,151.37,35.32,0.0,226.49,0.0,108.72,70.71,0.0
2026-06-01 19:55:00,3,-348.57,151.37,34.52,0.0,200.18,0.0,96.09,68.38,0.0
2026-06-01 20:00:00,3,-348.57,151.37,34.52,0.0,312.65,0.0,150.07,80.34,0.0
2026-06-01 20:05:00,3,-348.57,151.37,34.74,0.0,201.64,0.0,96.79,68.5,0.0
2026-06-01 20:10:00,3,-348.57,151.37,33.96,0.0,214.06,0.0,102.75,69.57,0.0
2026-06-01 20:15:00,3,-348.57,151.37,34.09,0.0,238.45,0.0,114.45,71.86,0.0
2026-06-01 20:20:00,3,-348.57,151.37,33.22,0.0,319.51,0.0,153.36,81.24,0.0
2026-06-01 20:25:00,3,-348.57,151.37,34.34,0.0,240.34,0.0,115.36,72.05,0.0
2026-06-01 20:30:00,3,-348.57,151.37,33.25,0.0,259.38,0.0,124.5,74.02,0.0
2026-06-01 20:35:00,3,-348.57,151.37,33.33,0.0,283.0,0.0,135.84,76.68,0.0
2026-06-01 20:40:00,3,-348.57,151.37,33.2,0.0,297.6,0.0,142.85,78.43,0.0
2026-06-01 20:45:00,3,-348.57,151.37,33.3,0.0,323.3,0.0,155.18,81.74,0.0
2026-06-01 20:50:00,3,-348.57,151.37,33.28,0.0,250.06,0.0,120.03,73.04,0.0
2026-06-01 20:55:00,3,-348.57,151.37,33.58,0.0,214.69,0.0,103.05,69.63,0.0
2026-06-01 21:00:00,3,-348.57,151.37,32.95,0.0,315.94,0.0,151.65,80.77,0.0
2026-06-01 21:05:00,3,-348.57,151.37,32.97,0.0,303.22,0.0,145.54,79.13,0.0
2026-06-01 21:10:00,3,-348.57,151.37,32.73,0.0,291.33,0.0,139.84,77.67,0.0
2026-06-01 21:15:00,3,-348.57,151.37,31.88,0.0,203.91,0.0,97.88,68.69,0.0
2026-06-01 21:20:00,3,-348.57,151.37,32.63,0.0,237.62,0.0,114.06,71.78,0.0
2026-06-01 21:25:00,3,-348.57,151.37,32.34,0.0,284.38,0.0,136.5,76.84,0.0
2026-06-01 21:30:00,3,-348.57,151.37,32.37,0.0,233.93,0.0,112.29,71.42,0.0
2026-06-01 21:35:00,3,-348.57,151.37,32.56,0.0,244.09,0.0,117.17,72.42,0.0
2026-06-01 21:40:00,3,-348.57,151.37,33.11,0.0,255.49,0.0,122.64,73.61,0.0
2026-06-01 21:45:00,3,-348.57,151.37,31.06,0.0,219.23,0.0,105.23,70.03,0.0
2026-06-01 21:50:00,3,-348.57,151.37,32.12,0.0,211.98,0.0,101.75,69.38,0.0
2026-06-01 21:55:00,3,-348.57,151.37,32.42,0.0,202.12,0.0,97.02,68.54,0.0
2026-06-01 22:00:00,3,-348.57,151.37,32.3,0.0,276.61,0.0,132.77,75.93,0.0
2026-06-01 22:05:00,3,-348.57,151.37,32.83,0.0,202.46,0.0,97.18,68.57,0.0
2026-06-01 22:10:00,3,-348.57,151.37,31.93,0.0,220.26,0.0,105.72,70.13,0.0
2026-06-01 22:15:00,3,-348.57,151.37,31.7,0.0,223.62,0.0,107.34,70.44,0.0
2026-06-01 22:20:00,3,-348.57,151.37,31.67,0.0,284.1,0.0,136.37,76.8,0.0
2026-06-01 22:25:00,3,-348.57,151.37,32.39,0.0,200.05,0.0,96.02,68.37,0.0
2026-06-01 22:30:00,3,-348.57,151.37,30.97,0.0,233.67,0.0,112.16,71.39,0.0
2026-06-01 22:35:00,3,-348.57,151.37,31.41,0.0,240.12,0.0,115.26,72.02,0.0
2026-06-01 22:40:00,3,-348.57,151.37,31.45,0.0,216.18,0.0,103.77,69.76,0.0
2026-06-01 22:45:00,3,-348.57,151.37,30.83,0.0,243.69,0.0,116.97,72.38,0.0
2026-06-01 22:50:00,3,-348.57,151.37,32.35,0.0,259.76,0.0,124.68,74.06,0.0
2026-06-01 22:55:00,3,-348.57,151.37,31.3,0.0,297.13,0.0,142.62,78.37,0.0
2026-06-01 23:00:00,3,-348.57,151.37,30.45,0.0,284.37,0.0,136.5,76.83,0.0
2026-06-01 23:05:00,3,-348.57,151.37,31.59,0.0,242.93,0.0,116.61,72.3,0.0
2026-06-01 23:10:00,3,-348.57,151.37,30.92,0.0,232.49,0.0,111.6,71.27,0.0
2026-06-01 23:15:00,3,-348.57,151.37,31.45,0.0,226.35,0.0,108.65,70.69,0.0
2026-06-01 23:20:00,3,-348.57,151.37,32.14,0.0,230.4,0.0,110.59,71.07,0.0
2026-06-01 23:25:00,3,-348.57,151.37,31.81,0.0,261.11,0.0,125.33,74.2,0.0
2026-06-01 23:30:00,3,-348.57,151.37,31.2,0.0,304.35,0.0,146.09,79.27,0.0
2026-06-01 23:35:00,3,-348.57,151.37,30.7,0.0,297.48,0.0,142.79,78.41,0.0
2026-06-01 23:40:00,3,-348.57,151.37,31.77,0.0,237.01,0.0,113.76,71.71,100.0
2026-06-01 23:45:00,3,-348.57,151.37,31.41,0.0,297.42,0.0,142.76,78.41,99.87
2026-06-01 23:50:00,3,-348.57,151.37,31.38,0.0,302.29,0.0,145.1,79.01,99.74
2026-06-01 23:55:00,3,-348.57,151.37,30.77,0.0,245.51,0.0,117.85,72.56,99.62
2026-06-02 00:00:00,3,-348.57,151.37,30.3,0.0,247.01,0.0,118.57,72.72,99.5
2026-06-02 00:05:00,3,-348.57,151.37,30.46,0.0,323.64,0.0,155.35,81.78,99.36
2026-06-02 00:10:00,3,-348.57,151.37,32.15,0.0,280.43,0.0,134.61,76.37,99.23
2026-06-02 00:15:00,3,-348.57,151.37,31.29,0.0,224.54,0.0,107.78,70.52,99.11
2026-06-02 00:20:00,3,-348.57,151.37,30.7,0.0,281.17,0.0,134.96,76.46,98.99
2026-06-02 00:25:00,3,-348.57,151.37,31.3,0.0,226.14,0.0,108.55,70.67,98.87
2026-06-02 00:30:00,3,-348.57,151.37,30.48,0.0,231.98,0.0,111.35,71.22,98.75
2026-06-02 00:35:00,3,-348.57,151.37,30.57,0.0,263.01,0.0,126.25,74.41,98.63
2026-06-02 00:40:00,3,-348.57,151.37,31.76,0.0,302.38,0.0,145.14,79.03,98.49
2026-06-02 00:45:00,3,-348.57,151.37,31.32,0.0,280.29,0.0,134.54,76.36,98.37
2026-06-02 00:50:00,3,-348.57,151.37,31.46,0.0,236.06,0.0,113.31,71.62,98.25
2026-06-02 00:55:00,3,-348.57,151.37,30.48,0.0,321.13,0.0,154.14,81.45,98.11
2026-06-02 01:00:00,3,-348.57,151.37,31.45,0.0,304.51,0.0,146.16,79.29,97.98
2026-06-02 01:05:00,3,-348.57,151.37,31.37,0.0,291.56,0.0,139.95,77.69,97.85
2026-06-02 01:10:00,3,-348.57,151.37,30.16,0.0,213.18,0.0,102.33,69.49,97.73
2026-06-02 01:15:00,3,-348.57,151.37,32.11,0.0,301.19,0.0,144.57,78.88,97.6
2026-06-02 01:20:00,3,-348.57,151.37,30.46,0.0,286.47,0.0,137.5,77.08,97.47
2026-06-02 01:25:00,3,-348.57,151.37,31.15,0.0,293.15,0.0,140.71,77.88,97.35
2026-06-02 01:30:00,3,-348.57,151.37,30.74,0.0,324.17,0.0,155.6,81.85,97.21
2026-06-02 01:35:00,3,-348.57,151.37,31.76,0.0,282.69,0.0,135.69,76.64,97.08
2026-06-02 01:40:00,3,-348.57,151.37,31.38,0.0,324.68,0.0,155.85,81.93,96.94
2026-06-02 01:45:00,3,-348.57,151.37,31.24,0.0,215.08,0.0,103.24,69.66,96.83
2026-06-02 01:50:00,3,-348.57,151.37,32.27,0.0,269.52,0.0,129.37,75.13,96.7
2026-06-02 01:55:00,3,-348.57,151.37,32.17,0.0,240.87,0.0,115.62,72.1,96.58
2026-06-02 02:00:00,3,-348.57,151.37,32.7,0.0,256.7,0.0,123.22,73.73,96.46
2026-06-02 02:05:00,3,-348.57,151.37,31.74,0.0,226.66,0.0,108.8,70.72,96.34
2026-06-02 02:10:00,3,-348.57,151.37,32.05,0.0,242.53,0.0,116.42,72.27,96.22
2026-06-02 02:15:00,3,-348.57,151.37,32.17,0.0,313.12,0.0,150.3,80.4,96.09
2026-06-02 02:20:00,3,-348.57,151.37,32.45,0.0,218.44,0.0,104.85,69.96,95.97
2026-06-02 02:25:00,3,-348.57,151.37,32.55,0.0,209.37,0.0,100.5,69.16,95.86
2026-06-02 02:30:00,3,-348.57,151.37,32.37,0.0,257.62,0.0,123.66,73.83,95.73
2026-06-02 02:35:00,3,-348.57,151.37,32.47,0.0,265.06,0.0,127.23,74.64,95.61
2026-06-02 02:40:00,3,-348.57,151.37,32.46,0.0,312.74,0.0,150.12,80.35,95.47
2026-06-02 02:45:00,3,-348.57,151.37,32.85,0.0,230.97,0.0,110.87,71.13,95.36
2026-06-02 02:50:00,3,-348.57,151.37,33.15,0.0,266.27,0.0,127.81,74.77,95.23
2026-06-02 02:55:00,3,-348.57,151.37,33.18,0.0,224.87,0.0,107.94,70.55,95.11
2026-06-02 03:00:00,3,-348.57,151.37,33.35,0.0,278.29,0.0,133.58,76.13,94.99
2026-06-02 03:05:00,3,-348.57,151.37,33.5,0.0,323.27,0.0,155.17,81.74,94.85
2026-06-02 03:10:00,3,-348.57,151.37,32.9,0.0,319.46,0.0,153.34,81.23,94.72
2026-06-02 03:15:00,3,-348.57,151.37,33.67,0.0,262.83,0.0,126.16,74.39,94.59
2026-06-02 03:20:00,3,-348.57,151.37,34.85,0.0,309.42,0.0,148.52,79.92,94.46
2026-06-02 03:25:00,3,-348.57,151.37,33.72,0.0,234.74,0.0,112.68,71.5,94.34
2026-06-02 03:30:00,3,-348.57,151.37,33.58,0.0,308.14,0.0,147.91,79.76,94.21
2026-06-02 03:35:00,3,-348.57,151.37,33.1,0.0,235.57,0.0,113.07,71.57,94.09
2026-06-02 03:40:00,3,-348.57,151.37,33.76,0.0,305.21,0.0,146.5,79.39,93.95
2026-06-02 03:45:00,3,-348.57,151.37,34.23,0.0,202.23,0.0,97.07,68.55,93.84
2026-06-02 03:50:00,3,-348.57,151.37,35.02,0.0,226.02,0.0,108.49,70.67,93.72
2026-06-02 03:55:00,3,-348.57,151.37,34.61,0.0,263.11,0.0,126.29,74.43,93.6
2026-06-02 04:00:00,3,-348.57,151.37,33.73,0.0,320.29,0.0,153.74,81.34,93.46
2026-06-02 04:05:00,3,-348.57,151.37,34.4,0.0,316.8,0.0,152.06,80.88,93.33
2026-06-02 04:10:00,3,-348.57,151.37,33.93,0.0,258.38,0.0,124.02,73.91,93.2
2026-06-02 04:15:00,3,-348.57,151.37,34.87,0.0,279.98,0.0,134.39,76.33,93.08
2026-06-02 04:20:00,3,-348.57,151.37,35.03,0.0,209.0,0.0,100.32,69.13,92.96
2026-06-02 04:25:00,3,-348.57,151.37,34.51,0.0,283.55,0.0,136.1,76.74,92.83
2026-06-02 04:30:00,3,-348.57,151.37,35.51,0.0,290.58,0.0,139.48,77.58,92.71
2026-06-02 04:35:00,3,-348.57,151.37,35.93,0.0,282.81,0.0,135.75,76.66,92.58
2026-06-02 04:40:00,3,-348.57,151.37,35.3,0.0,281.3,0.0,135.03,76.48,92.45
2026-06-02 04:45:00,3,-348.57,151.37,35.48,0.0,266.99,0.0,128.15,74.85,92.33
2026-06-02 04:50:00,3,-348.57,151.37,35.55,0.0,209.95,0.0,100.78,69.21,92.21
2026-06-02 04:55:00,3,-348.57,151.37,36.15,0.0,291.33,0.0,139.84,77.67,92.08
2026-06-02 05:00:00,3,-348.57,151.37,36.2,0.0,316.7,0.0,152.02,80.87,91.95
2026-06-02 05:05:00,3,-348.57,151.37,35.82,0.0,286.94,0.0,137.73,77.15,91.82
2026-06-02 05:10:00,3,-348.57,151.37,35.7,0.0,267.61,0.0,128.45,74.92,91.69
2026-06-02 05:15:00,3,-348.57,151.37,36.98,0.0,237.85,0.0,114.17,71.81,91.57
2026-06-02 05:20:00,3,-348.57,151.37,36.63,0.0,316.69,0.0,152.01,80.87,91.44
2026-06-02 05:25:00,3,-348.57,151.37,36.76,0.0,240.89,0.0,115.63,72.11,91.32
2026-06-02 05:30:00,3,-348.57,151.37,38.05,0.0,262.28,0.0,125.9,74.34,91.19
2026-06-02 05:35:00,3,-348.57,151.37,37.65,0.0,257.05,0.0,123.39,73.78,91.07
2026-06-02 05:40:00,3,-348.57,151.37,37.38,0.0,203.57,0.0,97.71,68.67,90.96
2026-06-02 05:45:00,3,-348.57,151.37,38.34,0.0,226.81,0.0,108.87,70.75,90.84
2026-06-02 05:50:00,3,-348.57,151.37,37.21,0.0,278.95,0.0,133.9,76.21,90.71
2026-06-02 05:55:00,3,-348.57,151.37,37.67,0.0,312.73,0.0,150.11,80.36,90.58
2026-06-02 06:00:00,3,-348.57,151.37,37.62,0.0,218.96,0.0,105.1,70.02,90.46
2026-06-02 06:05:00,3,-348.57,151.37,38.2,0.0,270.83,0.0,130.0,75.29,90.34
2026-06-02 06:10:00,3,-348.57,151.37,37.87,0.0,282.58,0.0,135.64,76.64,90.21
2026-06-02 06:15:00,3,-348.57,151.37,38.82,0.0,314.21,0.0,150.82,80.55,90.07
2026-06-02 06:20:00,3,-348.57,151.37,38.09,0.0,309.73,0.0,148.67,79.97,89.94
2026-06-02 06:25:00,3,-348.57,151.37,38.32,0.0,224.27,0.0,107.65,70.51,89.82
2026-06-02 06:30:00,3,-348.57,151.37,39.0,0.0,296.32,0.0,142.23,78.29,89.69
2026-06-02 06:35:00,3,-348.57,151.37,38.29,0.0,246.22,0.0,118.18,72.65,89.57
2026-06-02 06:40:00,3,-348.57,151.37,38.82,0.0,208.06,0.0,99.87,69.06,89.46
2026-06-02 06:45:00,3,-348.57,151.37,39.41,0.0,287.39,0.0,137.95,77.21,89.33
2026-06-02 06:50:00,3,-348.57,151.37,40.39,0.0,207.03,0.0,99.37,68.97,89.21
2026-06-02 06:55:00,3,-348.57,151.37,38.54,0.0,262.9,0.0,126.19,74.41,89.09
2026-06-02 07:00:00,3,-348.57,151.37,40.77,0.0,274.31,0.0,131.67,75.69,88.96
2026-06-02 07:05:00,3,-348.57,151.37,39.63,0.0,292.71,0.0,140.5,77.85,88.83
2026-06-02 07:10:00,3,-348.57,151.37,40.06,0.0,271.92,0.0,130.52,75.41,88.71
2026-06-02 07:15:00,3,-348.57,151.37,40.49,0.0,258.45,0.0,124.05,73.93,88.58
2026-06-02 07:20:00,3,-348.57,151.37,39.96,0.0,293.18,0.0,140.73,77.91,88.45
2026-06-02 07:25:00,3,-348.57,151.37,40.79,0.0,227.42,0.0,109.16,70.81,88.34
2026-06-02 07:30:00,3,-348.57,151.37,41.69,0.0,220.43,0.0,105.81,70.16,88.22
2026-06-02 07:35:00,3,-348.57,151.37,40.9,0.0,285.3,0.0,136.94,76.96,88.09
2026-06-02 07:40:00,3,-348.57,151.37,40.68,0.0,250.17,0.0,120.08,73.06,87.97
2026-06-02 07:45:00,3,-348.57,151.37,40.95,0.0,284.97,0.0,136.78,76.92,87.84
2026-06-02 07:50:00,3,-348.57,151.37,41.3,0.0,280.51,0.0,134.64,76.4,87.71
2026-06-02 07:55:00,3,-348.57,151.37,41.52,0.0,231.37,0.0,111.06,71.19,87.59
2026-06-02 08:00:00,3,-348.57,151.37,41.71,0.0,243.85,0.0,117.05,72.42,87.47
2026-06-02 08:05:00,3,-348.57,151.37,41.39,0.0,212.61,0.0,102.05,69.46,87.36
2026-06-02 08:10:00,3,-348.57,151.37,41.82,0.0,203.56,0.0,97.71,68.68,87.24
2026-06-02 08:15:00,3,-348.57,151.37,41.56,0.0,265.1,0.0,127.25,74.66,87.12
2026-06-02 08:20:00,3,-348.57,151.37,42.5,0.0,320.96,0.0,154.06,81.45,86.98
2026-06-02 08:25:00,3,-348.57,151.37,43.0,0.0,269.47,0.0,129.34,75.14,86.86
2026-06-02 08:30:00,3,-348.57,151.37,42.97,0.0,235.08,0.0,112.84,71.55,86.74
2026-06-02 08:35:00,3,-348.57,151.37,42.92,0.0,254.34,0.0,122.08,73.5,86.62
2026-06-02 08:40:00,3,-348.57,151.37,42.54,0.0,215.22,0.0,103.31,69.69,86.5
2026-06-02 08:45:00,3,-348.57,151.37,41.85,0.0,241.14,0.0,115.75,72.14,86.38
2026-06-02 08:50:00,3,-348.57,151.37,43.09,0.0,205.25,0.0,98.52,68.82,86.27
2026-06-02 08:55:00,3,-348.57,151.37,43.02,0.0,283.09,0.0,135.88,76.7,86.14
2026-06-02 09:00:00,3,-348.57,151.37,42.44,0.0,205.64,0.0,98.71,68.86,86.02
2026-06-02 09:05:00,3,-348.57,151.37,42.73,0.0,221.71,0.0,106.42,70.28,85.91
2026-06-02 09:10:00,3,-348.57,151.37,43.96,0.0,311.95,0.0,149.73,80.27,85.77
2026-06-02 09:15:00,3,-348.57,151.37,42.39,0.0,239.59,0.0,115.0,71.99,85.65
2026-06-02 09:20:00,3,-348.57,151.37,43.86,0.0,277.8,0.0,133.34,76.09,85.52
2026-06-02 09:25:00,3,-348.57,151.37,43.38,0.0,263.22,0.0,126.34,74.45,85.4
2026-06-02 09:30:00,3,-348.57,151.37,43.35,0.0,263.69,0.0,126.57,74.51,85.28
2026-06-02 09:35:00,3,-348.57,151.37,43.52,0.0,322.76,0.0,154.92,81.69,85.14
2026-06-02 09:40:00,3,-348.57,151.37,44.53,0.0,206.75,0.0,99.24,68.96,85.03
2026-06-02 09:45:00,3,-348.57,151.37,43.97,0.0,265.46,0.0,127.42,74.7,84.9
2026-06-02 09:50:00,3,-348.57,151.37,43.42,0.0,245.07,0.0,117.63,72.54,84.78
2026-06-02 09:55:00,3,-348.57,151.37,44.49,0.0,237.07,0.0,113.79,71.74,84.66
2026-06-02 10:00:00,3,-348.57,151.37,44.94,0.0,204.73,0.0,98.27,68.78,84.55
2026-06-02 10:05:00,3,-348.57,151.37,43.17,0.0,226.07,0.0,108.51,70.69,84.43
2026-06-02 10:10:00,3,-348.57,151.37,43.83,0.0,315.78,0.0,151.57,80.77,84.29
2026-06-02 10:15:00,3,-348.57,151.37,44.24,0.0,270.2,0.0,129.7,75.23,84.17
2026-06-02 10:20:00,3,-348.57,151.37,44.11,0.0,324.27,0.0,155.65,81.89,84.03
2026-06-02 10:25:00,3,-348.57,151.37,43.98,0.0,260.19,0.0,124.89,74.13,83.91
2026-06-02 10:30:00,3,-348.57,151.37,44.71,0.0,251.98,0.0,120.95,73.26,83.79
2026-06-02 10:35:00,3,-348.57,151.37,43.93,0.0,302.83,0.0,145.36,79.11,83.65
2026-06-02 10:40:00,3,-348.57,151.37,43.89,0.0,285.68,0.0,137.13,77.01,83.53
2026-06-02 10:45:00,3,-348.57,151.37,45.4,0.0,202.08,0.0,97.0,68.56,83.41
2026-06-02 10:50:00,3,-348.57,151.37,45.08,0.0,244.98,0.0,117.59,72.54,83.29
2026-06-02 10:55:00,3,-348.57,151.37,45.2,0.0,209.51,0.0,100.56,69.19,83.18
2026-06-02 11:00:00,3,-348.57,151.37,44.32,0.0,223.39,0.0,107.23,70.44,83.06
2026-06-02 11:05:00,3,-348.57,151.37,44.33,0.0,218.92,0.0,105.08,70.03,82.94
2026-06-02 11:10:00,3,-348.57,151.37,44.17,0.0,284.61,0.0,136.61,76.89,82.81
2026-06-02 11:15:00,3,-348.57,151.37,45.86,0.0,298.8,0.0,143.43,78.61,82.68
2026-06-02 11:20:00,3,-348.57,151.37,45.41,0.0,297.24,0.0,142.68,78.42,82.55
2026-06-02 11:25:00,3,-348.57,151.37,45.94,0.0,247.0,0.0,118.56,72.75,82.43
2026-06-02 11:30:00,3,-348.57,151.37,44.76,0.0,205.99,0.0,98.87,68.89,82.32
2026-06-02 11:35:00,3,-348.57,151.37,44.62,0.0,316.31,0.0,151.83,80.84,82.18
2026-06-02 11:40:00,3,-348.57,151.37,44.89,0.0,205.94,0.0,98.85,68.89,82.07
2026-06-02 11:45:00,3,-348.57,151.37,44.41,0.0,308.64,0.0,148.15,79.84,81.93
2026-06-02 11:50:00,3,-348.57,151.37,45.26,0.0,227.38,0.0,109.14,70.81,81.81
2026-06-02 11:55:00,3,-348.57,151.37,45.21,0.0,259.69,0.0,124.65,74.08,81.69
2026-06-02 12:00:00,3,-348.57,151.37,44.68,0.0,317.09,0.0,152.2,80.94,81.56
2026-06-02 12:05:00,3,-348.57,151.37,44.66,0.0,213.55,0.0,102.51,69.55,81.44
2026-06-02 12:10:00,3,-348.57,151.37,45.25,0.0,318.35,0.0,152.81,81.11,81.3
2026-06-02 12:15:00,3,-348.57,151.37,45.2,0.0,220.41,0.0,105.8,70.17,81.19
2026-06-02 12:20:00,3,-348.57,151.37,44.83,0.0,308.15,0.0,147.91,79.78,81.06
2026-06-02 12:25:00,3,-348.57,151.37,44.9,0.0,218.18,0.0,104.72,69.96,80.94
2026-06-02 12:30:00,3,-348.57,151.37,44.7,0.0,314.15,0.0,150.79,80.56,80.8
2026-06-02 12:35:00,3,-348.57,151.37,44.39,0.0,201.18,0.0,96.57,68.48,80.69
2026-06-02 12:40:00,3,-348.57,151.37,45.37,0.0,282.28,0.0,135.5,76.62,80.56
2026-06-02 12:45:00,3,-348.57,151.37,45.08,0.0,223.56,0.0,107.31,70.46,80.44
2026-06-02 12:50:00,3,-348.57,151.37,45.55,0.0,276.17,0.0,132.56,75.91,80.32
2026-06-02 12:55:00,3,-348.57,151.37,43.56,0.0,211.29,0.0,101.42,69.35,80.2
2026-06-02 13:00:00,3,-348.57,151.37,44.68,0.0,272.21,0.0,130.66,75.46,80.08
2026-06-02 13:05:00,3,-348.57,151.37,45.41,0.0,281.1,0.0,134.93,76.48,79.95
2026-06-02 13:10:00,3,-348.57,151.37,44.48,0.0,241.97,0.0,116.15,72.23,79.83
2026-06-02 13:15:00,3,-348.57,151.37,44.87,0.0,211.54,0.0,101.54,69.37,79.71
2026-06-02 13:20:00,3,-348.57,151.37,45.51,0.0,223.14,0.0,107.11,70.42,79.6
2026-06-02 13:25:00,3,-348.57,151.37,44.7,0.0,299.11,0.0,143.57,78.64,79.47
2026-06-02 13:30:00,3,-348.57,151.37,44.94,0.0,203.5,0.0,97.68,68.68,79.35
2026-06-02 13:35:00,3,-348.57,151.37,45.09,0.0,208.88,0.0,100.26,69.14,79.24
2026-06-02 13:40:00,3,-348.57,151.37,43.81,0.0,235.7,0.0,113.14,71.61,79.12
2026-06-02 13:45:00,3,-348.57,151.37,44.19,0.0,257.44,0.0,123.57,73.83,78.99
2026-06-02 13:50:00,3,-348.57,151.37,43.72,0.0,266.81,0.0,128.07,74.85,78.87
2026-06-02 13:55:00,3,-348.57,151.37,44.37,0.0,248.9,0.0,119.47,72.94,78.75
2026-06-02 14:00:00,3,-348.57,151.37,44.13,0.0,273.99,0.0,131.52,75.66,78.62
2026-06-02 14:05:00,3,-348.57,151.37,43.45,0.0,297.17,0.0,142.64,78.4,78.49
2026-06-02 14:10:00,3,-348.57,151.37,43.29,0.0,287.06,0.0,137.79,77.18,78.36
2026-06-02 14:15:00,3,-348.57,151.37,43.79,0.0,230.92,0.0,110.84,71.15,78.24
2026-06-02 14:20:00,3,-348.57,151.37,44.16,0.0,307.65,0.0,147.67,79.72,78.11
2026-06-02 14:25:00,3,-348.57,151.37,43.75,0.0,285.94,0.0,137.25,77.04,77.98
2026-06-02 14:30:00,3,-348.57,151.37,43.35,0.0,276.69,0.0,132.81,75.96,77.85
2026-06-02 14:35:00,3,-348.57,151.37,43.21,0.0,255.57,0.0,122.67,73.63,77.73
2026-06-02 14:40:00,3,-348.57,151.37,44.1,0.0,258.48,0.0,124.07,73.94,77.61
2026-06-02 14:45:00,3,-348.57,151.37,43.79,0.0,219.56,0.0,105.39,70.09,77.49
2026-06-02 14:50:00,3,-348.57,151.37,43.99,0.0,234.81,0.0,112.71,71.52,77.37
2026-06-02 14:55:00,3,-348.57,151.37,43.15,0.0,306.11,0.0,146.93,79.52,77.24
2026-06-02 15:00:00,3,-348.57,151.37,42.63,0.0,227.05,0.0,108.98,70.78,77.12
2026-06-02 15:05:00,3,-348.57,151.37,42.71,0.0,294.33,0.0,141.28,78.05,76.99
2026-06-02 15:10:00,3,-348.57,151.37,43.22,0.0,225.83,0.0,108.4,70.66,76.87
2026-06-02 15:15:00,3,-348.57,151.37,42.6,0.0,280.35,0.0,134.57,76.39,76.75
2026-06-02 15:20:00,3,-348.57,151.37,42.49,0.0,235.32,0.0,112.95,71.57,76.63
2026-06-02 15:25:00,3,-348.57,151.37,41.87,0.0,257.07,0.0,123.39,73.79,76.5
2026-06-02 15:30:00,3,-348.57,151.37,42.45,0.0,255.65,0.0,122.71,73.64,76.38
2026-06-02 15:35:00,3,-348.57,151.37,41.94,0.0,294.02,0.0,141.13,78.01,76.25
2026-06-02 15:40:00,3,-348.57,151.37,43.28,0.0,211.4,0.0,101.47,69.36,76.14
2026-06-02 15:45:00,3,-348.57,151.37,41.5,0.0,277.13,0.0,133.02,76.01,76.01
2026-06-02 15:50:00,3,-348.57,151.37,41.63,0.0,260.45,0.0,125.02,74.15,75.89
2026-06-02 15:55:00,3,-348.57,151.37,40.54,0.0,275.6,0.0,132.29,75.83,75.76
2026-06-02 16:00:00,3,-348.57,151.37,41.48,0.0,272.62,0.0,130.86,75.5,75.63
2026-06-02 16:05:00,3,-348.57,151.37,41.48,0.0,306.02,0.0,146.89,79.5,75.5
2026-06-02 16:10:00,3,-348.57,151.37,41.24,0.0,317.51,0.0,152.4,80.99,75.37
2026-06-02 16:15:00,3,-348.57,151.37,40.45,0.0,296.61,0.0,142.37,78.32,75.24
2026-06-02 16:20:00,3,-348.57,151.37,40.03,0.0,277.52,0.0,133.21,76.05,75.11
2026-06-02 16:25:00,3,-348.57,151.37,41.31,0.0,216.51,0.0,103.93,69.81,74.99
2026-06-02 16:30:00,3,-348.57,151.37,40.19,0.0,304.89,0.0,146.35,79.36,74.86
2026-06-02 16:35:00,3,-348.57,151.37,39.57,0.0,315.41,0.0,151.4,80.71,74.73
2026-06-02 16:40:00,3,-348.57,151.37,39.94,0.0,226.77,0.0,108.85,70.74,74.61
2026-06-02 16:45:00,3,-348.57,151.37,40.77,0.0,269.04,0.0,129.14,75.09,74.48
2026-06-02 16:50:00,3,-348.57,151.37,40.88,0.0,277.94,0.0,133.41,76.1,74.36
2026-06-02 16:55:00,3,-348.57,151.37,39.44,0.0,310.01,0.0,148.8,80.01,74.22
2026-06-02 17:00:00,3,-348.57,151.37,39.77,0.0,242.14,0.0,116.23,72.24,74.1
2026-06-02 17:05:00,3,-348.57,151.37,39.11,0.0,211.76,0.0,101.65,69.38,73.99
2026-06-02 17:10:00,3,-348.57,151.37,38.69,0.0,302.94,0.0,145.41,79.11,73.86
2026-06-02 17:15:00,3,-348.57,151.37,40.08,0.0,306.96,0.0,147.34,79.62,73.72
2026-06-02 17:20:00,3,-348.57,151.37,38.99,0.0,214.06,0.0,102.75,69.58,73.61
2026-06-02 17:25:00,3,-348.57,151.37,38.84,0.0,210.51,0.0,101.05,69.27,73.49
2026-06-02 17:30:00,3,-348.57,151.37,39.43,0.0,226.46,0.0,108.7,70.71,73.37
2026-06-02 17:35:00,3,-348.57,151.37,38.91,0.0,324.48,0.0,155.75,81.91,73.24
2026-06-02 17:40:00,3,-348.57,151.37,38.83,0.0,249.18,0.0,119.61,72.96,73.12
2026-06-02 17:45:00,3,-348.57,151.37,37.87,0.0,311.95,0.0,149.73,80.25,72.98
2026-06-02 17:50:00,3,-348.57,151.37,37.99,0.0,277.9,0.0,133.39,76.09,72.85
2026-06-02 17:55:00,3,-348.57,151.37,37.36,0.0,203.45,0.0,97.66,68.66,72.74
2026-06-02 18:00:00,3,-348.57,151.37,39.14,0.0,242.11,0.0,116.21,72.23,72.62
2026-06-02 18:05:00,3,-348.57,151.37,37.2,0.0,212.99,0.0,102.23,69.48,72.5
2026-06-02 18:10:00,3,-348.57,151.37,37.14,0.0,207.14,0.0,99.43,68.97,72.39
2026-06-02 18:15:00,3,-348.57,151.37,37.79,0.0,257.47,0.0,123.59,73.82,72.27
2026-06-02 18:20:00,3,-348.57,151.37,37.7,0.0,235.22,0.0,112.91,71.55,72.15
2026-06-02 18:25:00,3,-348.57,151.37,37.16,0.0,263.56,0.0,126.51,74.48,72.02
2026-06-02 18:30:00,3,-348.57,151.37,36.18,0.0,291.44,0.0,139.89,77.69,71.89
2026-06-02 18:35:00,3,-348.57,151.37,37.52,0.0,221.46,0.0,106.3,70.25,71.78
2026-06-02 18:40:00,3,-348.57,151.37,36.98,0.0,222.38,0.0,106.74,70.33,71.66
2026-06-02 18:45:00,3,-348.57,151.37,37.62,0.0,322.58,0.0,154.84,81.65,71.52
2026-06-02 18:50:00,3,-348.57,151.37,36.93,0.0,256.01,0.0,122.88,73.67,71.4
2026-06-02 18:55:00,3,-348.57,151.37,36.24,0.0,254.94,0.0,122.37,73.55,71.28
2026-06-02 19:00:00,3,-348.57,151.37,36.52,0.0,203.05,0.0,97.46,68.62,71.16
2026-06-02 19:05:00,3,-348.57,151.37,36.3,0.0,214.66,0.0,103.04,69.63,71.05
2026-06-02 19:10:00,3,-348.57,151.37,35.52,0.0,206.48,0.0,99.11,68.91,70.93
2026-06-02 19:15:00,3,-348.57,151.37,36.25,0.0,238.6,0.0,114.53,71.88,70.81
2026-06-02 19:20:00,3,-348.57,151.37,35.16,0.0,278.2,0.0,133.54,76.12,70.69
2026-06-02 19:25:00,3,-348.57,151.37,36.3,0.0,215.25,0.0,103.32,69.68,70.57
2026-06-02 19:30:00,3,-348.57,151.37,35.53,0.0,299.63,0.0,143.82,78.69,70.44
2026-06-02 19:35:00,3,-348.57,151.37,34.42,0.0,205.77,0.0,98.77,68.85,70.32
2026-06-02 19:40:00,3,-348.57,151.37,35.03,0.0,320.1,0.0,153.65,81.32,70.19
2026-06-02 19:45:00,3,-348.57,151.37,34.9,0.0,230.85,0.0,110.81,71.12,70.07
2026-06-02 19:50:00,3,-348.57,151.37,34.4,0.0,295.79,0.0,141.98,78.21,69.94
2026-06-02 19:55:00,3,-348.57,151.37,35.05,0.0,297.28,0.0,142.7,78.4,69.81
2026-06-02 20:00:00,3,-348.57,151.37,34.27,0.0,320.51,0.0,153.85,81.37,69.67
2026-06-02 20:05:00,3,-348.57,151.37,34.04,0.0,304.34,0.0,146.08,79.28,69.54
2026-06-02 20:10:00,3,-348.57,151.37,33.76,0.0,250.85,0.0,120.41,73.12,69.42
2026-06-02 20:15:00,3,-348.57,151.37,34.07,0.0,260.3,0.0,124.94,74.12,69.3
2026-06-02 20:20:00,3,-348.57,151.37,34.88,0.0,217.05,0.0,104.18,69.84,69.18
2026-06-02 20:25:00,3,-348.57,151.37,33.49,0.0,287.43,0.0,137.96,77.2,69.05
2026-06-02 20:30:00,3,-348.57,151.37,33.49,0.0,258.53,0.0,124.1,73.93,68.93
2026-06-02 20:35:00,3,-348.57,151.37,33.52,0.0,323.95,0.0,155.5,81.83,68.79
2026-06-02 20:40:00,3,-348.57,151.37,34.04,0.0,234.71,0.0,112.66,71.49,68.67
2026-06-02 20:45:00,3,-348.57,151.37,33.83,0.0,259.17,0.0,124.4,74.0,68.55
2026-06-02 20:50:00,3,-348.57,151.37,32.86,0.0,285.89,0.0,137.23,77.02,68.42
2026-06-02 20:55:00,3,-348.57,151.37,33.09,0.0,216.97,0.0,104.15,69.83,68.3
2026-06-02 21:00:00,3,-348.57,151.37,33.14,0.0,217.86,0.0,104.57,69.91,68.19
2026-06-02 21:05:00,3,-348.57,151.37,32.66,0.0,260.9,0.0,125.23,74.18,68.06
2026-06-02 21:10:00,3,-348.57,151.37,32.95,0.0,285.96,0.0,137.26,77.02,67.93
2026-06-02 21:15:00,3,-348.57,151.37,33.23,0.0,205.34,0.0,98.56,68.81,67.82
2026-06-02 21:20:00,3,-348.57,151.37,32.78,0.0,275.37,0.0,132.18,75.79,67.69
2026-06-02 21:25:00,3,-348.57,151.37,33.06,0.0,263.65,0.0,126.55,74.48,67.57
2026-06-02 21:30:00,3,-348.57,151.37,32.08,0.0,241.66,0.0,116.0,72.18,67.45
2026-06-02 21:35:00,3,-348.57,151.37,32.06,0.0,226.3,0.0,108.62,70.69,67.33
2026-06-02 21:40:00,3,-348.57,151.37,32.57,0.0,323.26,0.0,155.16,81.73,67.2
2026-06-02 21:45:00,3,-348.57,151.37,32.45,0.0,293.45,0.0,140.86,77.92,67.07
2026-06-02 21:50:00,3,-348.57,151.37,30.96,0.0,255.65,0.0,122.71,73.62,66.94
2026-06-02 21:55:00,3,-348.57,151.37,32.22,0.0,207.61,0.0,99.65,69.0,66.83
2026-06-02 22:00:00,3,-348.57,151.37,31.94,0.0,263.24,0.0,126.36,74.44,66.7
2026-06-02 22:05:00,3,-348.57,151.37,32.31,0.0,213.72,0.0,102.59,69.54,66.59
2026-06-02 22:10:00,3,-348.57,151.37,31.09,0.0,274.13,0.0,131.58,75.65,66.46
2026-06-02 22:15:00,3,-348.57,151.37,31.09,0.0,301.22,0.0,144.59,78.88,66.33
2026-06-02 22:20:00,3,-348.57,151.37,32.32,0.0,254.78,0.0,122.29,73.53,66.21
2026-06-02 22:25:00,3,-348.57,151.37,31.29,0.0,208.15,0.0,99.91,69.05,66.09
2026-06-02 22:30:00,3,-348.57,151.37,31.07,0.0,202.64,0.0,97.27,68.58,65.98
2026-06-02 22:35:00,3,-348.57,151.37,31.64,0.0,305.38,0.0,146.58,79.4,65.85
2026-06-02 22:40:00,3,-348.57,151.37,30.87,0.0,214.66,0.0,103.04,69.62,65.73
2026-06-02 22:45:00,3,-348.57,151.37,31.24,0.0,312.19,0.0,149.85,80.28,65.6
2026-06-02 22:50:00,3,-348.57,151.37,31.01,0.0,322.91,0.0,155.0,81.69,65.46
2026-06-02 22:55:00,3,-348.57,151.37,31.64,0.0,276.06,0.0,132.51,75.87,65.33
2026-06-02 23:00:00,3,-348.57,151.37,31.81,0.0,267.52,0.0,128.41,74.91,65.21
2026-06-02 23:05:00,3,-348.57,151.37,31.44,0.0,289.28,0.0,138.85,77.42,65.08
2026-06-02 23:10:00,3,-348.57,151.37,31.17,0.0,283.38,0.0,136.02,76.72,64.95
2026-06-02 23:15:00,3,-348.57,151.37,30.93,0.0,319.97,0.0,153.59,81.3,64.82
2026-06-02 23:20:00,3,-348.57,151.37,31.2,0.0,262.57,0.0,126.04,74.36,64.69
2026-06-02 23:25:00,3,-348.57,151.37,31.38,0.0,262.69,0.0,126.09,74.37,64.57
2026-06-02 23:30:00,3,-348.57,151.37,31.31,0.0,279.6,0.0,134.21,76.28,64.44
2026-06-02 23:35:00,3,-348.57,151.37,29.94,0.0,247.37,0.0,118.74,72.75,64.32
2026-06-02 23:40:00,3,-348.57,151.37,30.73,0.0,246.96,0.0,118.54,72.71,64.2
2026-06-02 23:45:00,3,-348.57,151.37,30.78,0.0,279.1,0.0,133.97,76.22,64.07
2026-06-02 23:50:00,3,-348.57,151.37,30.62,0.0,298.92,0.0,143.48,78.59,63.94
2026-06-02 23:55:00,3,-348.57,151.37,30.91,0.0,315.97,0.0,151.66,80.77,63.81
2026-06-03 00:00:00,3,-348.57,151.37,31.02,0.0,228.75,0.0,109.8,70.92,63.69
2026-06-03 00:05:00,3,-348.57,151.37,30.73,0.0,234.97,0.0,112.79,71.51,63.57
2026-06-03 00:10:00,3,-348.57,151.37,30.68,0.0,324.38,0.0,155.7,81.88,63.43
2026-06-03 00:15:00,3,-348.57,151.37,30.42,0.0,210.01,0.0,100.81,69.21,63.32
2026-06-03 00:20:00,3,-348.57,151.37,30.56,0.0,206.93,0.0,99.33,68.94,63.2
2026-06-03 00:25:00,3,-348.57,151.37,30.45,0.0,261.51,0.0,125.53,74.25,63.08
2026-06-03 00:30:00,3,-348.57,151.37,30.75,0.0,294.34,0.0,141.28,78.03,62.95
2026-06-03 00:35:00,3,-348.57,151.37,30.92,0.0,253.36,0.0,121.61,73.38,62.83
2026-06-03 00:40:00,3,-348.57,151.37,31.28,0.0,316.87,0.0,152.1,80.89,62.69
2026-06-03 00:45:00,3,-348.57,151.37,31.07,0.0,284.68,0.0,136.65,76.87,62.56
2026-06-03 00:50:00,3,-348.57,151.37,30.42,0.0,257.2,0.0,123.46,73.78,62.44
2026-06-03 00:55:00,3,-348.57,151.37,32.14,0.0,224.92,0.0,107.96,70.56,62.32
2026-06-03 01:00:00,3,-348.57,151.37,30.2,0.0,242.74,0.0,116.52,72.28,62.2
2026-06-03 01:05:00,3,-348.57,151.37,31.05,0.0,309.38,0.0,148.5,79.91,62.07
2026-06-03 01:10:00,3,-348.57,151.37,31.54,0.0,318.21,0.0,152.74,81.06,61.93
2026-06-03 01:15:00,3,-348.57,151.37,31.16,0.0,306.84,0.0,147.28,79.59,61.8
2026-06-03 01:20:00,3,-348.57,151.37,31.08,0.0,318.0,0.0,152.64,81.03,61.67
2026-06-03 01:25:00,3,-348.57,151.37,31.72,0.0,297.14,0.0,142.63,78.38,61.54
2026-06-03 01:30:00,3,-348.57,151.37,32.21,0.0,217.17,0.0,104.24,69.85,61.42
2026-06-03 01:35:00,3,-348.57,151.37,30.74,0.0,201.99,0.0,96.95,68.52,61.3
2026-06-03 01:40:00,3,-348.57,151.37,31.85,0.0,259.14,0.0,124.39,73.99,61.18
2026-06-03 01:45:00,3,-348.57,151.37,31.69,0.0,259.32,0.0,124.47,74.01,61.06
2026-06-03 01:50:00,3,-348.57,151.37,32.33,0.0,276.86,0.0,132.89,75.96,60.93
2026-06-03 01:55:00,3,-348.57,151.37,31.47,0.0,277.01,0.0,132.96,75.98,60.8
2026-06-03 02:00:00,3,-348.57,151.37,32.62,0.0,303.09,0.0,145.49,79.12,60.67
2026-06-03 02:05:00,3,-348.57,151.37,31.86,0.0,318.71,0.0,152.98,81.13,60.54
2026-06-03 02:10:00,3,-348.57,151.37,31.83,0.0,323.82,0.0,155.44,81.81,60.4
2026-06-03 02:15:00,3,-348.57,151.37,32.12,0.0,301.26,0.0,144.61,78.89,60.27
2026-06-03 02:20:00,3,-348.57,151.37,32.48,0.0,262.18,0.0,125.85,74.32,60.15
2026-06-03 02:25:00,3,-348.57,151.37,33.36,0.0,281.39,0.0,135.07,76.49,60.02
2026-06-03 02:30:00,3,-348.57,151.37,32.33,0.0,209.32,0.0,100.48,69.15,59.9
2026-06-03 02:35:00,3,-348.57,151.37,32.45,0.0,285.13,0.0,136.86,76.93,59.78
2026-06-03 02:40:00,3,-348.57,151.37,32.39,0.0,233.76,0.0,112.21,71.4,59.66
2026-06-03 02:45:00,3,-348.57,151.37,32.83,0.0,323.86,0.0,155.45,81.82,59.52
2026-06-03 02:50:00,3,-348.57,151.37,33.25,0.0,282.19,0.0,135.45,76.58,59.39
2026-06-03 02:55:00,3,-348.57,151.37,32.84,0.0,300.0,0.0,144.0,78.73,59.26
2026-06-03 03:00:00,3,-348.57,151.37,32.8,0.0,296.82,0.0,142.47,78.34,59.13
2026-06-03 03:05:00,3,-348.57,151.37,32.87,0.0,296.81,0.0,142.47,78.34,59.0
2026-06-03 03:10:00,3,-348.57,151.37,33.55,0.0,298.01,0.0,143.05,78.49,58.87
2026-06-03 03:15:00,3,-348.57,151.37,33.49,0.0,312.21,0.0,149.86,80.28,58.74
2026-06-03 03:20:00,3,-348.57,151.37,32.65,0.0,260.47,0.0,125.03,74.14,58.61
2026-06-03 03:25:00,3,-348.57,151.37,33.88,0.0,279.95,0.0,134.38,76.32,58.48
2026-06-03 03:30:00,3,-348.57,151.37,34.77,0.0,309.64,0.0,148.63,79.95,58.35
2026-06-03 03:35:00,3,-348.57,151.37,34.19,0.0,277.11,0.0,133.01,75.99,58.22
2026-06-03 03:40:00,3,-348.57,151.37,33.51,0.0,299.73,0.0,143.87,78.7,58.09
2026-06-03 03:45:00,3,-348.57,151.37,34.24,0.0,230.48,0.0,110.63,71.09,57.97
2026-06-03 03:50:00,3,-348.57,151.37,34.66,0.0,293.59,0.0,140.92,77.94,57.84
2026-06-03 03:55:00,3,-348.57,151.37,34.29,0.0,262.95,0.0,126.22,74.41,57.72
2026-06-03 04:00:00,3,-348.57,151.37,34.17,0.0,224.4,0.0,107.71,70.51,57.6
2026-06-03 04:05:00,3,-348.57,151.37,35.15,0.0,268.13,0.0,128.7,74.98,57.48
2026-06-03 04:10:00,3,-348.57,151.37,35.38,0.0,235.55,0.0,113.06,71.58,57.36
2026-06-03 04:15:00,3,-348.57,151.37,35.1,0.0,315.14,0.0,151.27,80.67,57.22
2026-06-03 04:20:00,3,-348.57,151.37,35.46,0.0,312.78,0.0,150.13,80.36,57.09
2026-06-03 04:25:00,3,-348.57,151.37,35.39,0.0,207.84,0.0,99.76,69.03,56.98
2026-06-03 04:30:00,3,-348.57,151.37,34.82,0.0,216.38,0.0,103.86,69.78,56.86
2026-06-03 04:35:00,3,-348.57,151.37,34.96,0.0,217.64,0.0,104.47,69.89,56.74
2026-06-03 04:40:00,3,-348.57,151.37,36.08,0.0,285.87,0.0,137.22,77.02,56.61
2026-06-03 04:45:00,3,-348.57,151.37,35.71,0.0,245.42,0.0,117.8,72.56,56.49
2026-06-03 04:50:00,3,-348.57,151.37,35.45,0.0,309.59,0.0,148.6,79.95,56.36
2026-06-03 04:55:00,3,-348.57,151.37,36.51,0.0,319.54,0.0,153.38,81.25,56.22
2026-06-03 05:00:00,3,-348.57,151.37,35.57,0.0,259.15,0.0,124.39,74.0,56.1
2026-06-03 05:05:00,3,-348.57,151.37,36.27,0.0,305.03,0.0,146.42,79.37,55.97
2026-06-03 05:10:00,3,-348.57,151.37,36.39,0.0,246.06,0.0,118.11,72.63,55.85
2026-06-03 05:15:00,3,-348.57,151.37,36.93,0.0,273.97,0.0,131.51,75.64,55.72
2026-06-03 05:20:00,3,-348.57,151.37,37.05,0.0,251.45,0.0,120.69,73.19,55.6
2026-06-03 05:25:00,3,-348.57,151.37,37.38,0.0,284.83,0.0,136.72,76.9,55.47
2026-06-03 05:30:00,3,-348.57,151.37,37.17,0.0,233.84,0.0,112.24,71.41,55.35
2026-06-03 05:35:00,3,-348.57,151.37,36.91,0.0,238.76,0.0,114.61,71.9,55.23
2026-06-03 05:40:00,3,-348.57,151.37,38.07,0.0,222.43,0.0,106.76,70.34,55.12
2026-06-03 05:45:00,3,-348.57,151.37,37.07,0.0,269.81,0.0,129.51,75.17,54.99
2026-06-03 05:50:00,3,-348.57,151.37,37.64,0.0,232.29,0.0,111.5,71.27,54.87
2026-06-03 05:55:00,3,-348.57,151.37,37.46,0.0,241.24,0.0,115.79,72.14,54.75
2026-06-03 06:00:00,3,-348.57,151.37,38.41,0.0,280.4,0.0,134.59,76.38,54.62
2026-06-03 06:05:00,3,-348.57,151.37,37.88,0.0,225.01,0.0,108.0,70.57,54.51
2026-06-03 06:10:00,3,-348.57,151.37,37.12,0.0,245.59,0.0,117.88,72.58,54.39
2026-06-03 06:15:00,3,-348.57,151.37,39.17,0.0,214.06,0.0,102.75,69.58,54.27
2026-06-03 06:20:00,3,-348.57,151.37,38.4,0.0,270.5,0.0,129.84,75.25,54.14
2026-06-03 06:25:00,3,-348.57,151.37,37.89,0.0,211.39,0.0,101.47,69.34,54.03
2026-06-03 06:30:00,3,-348.57,151.37,38.3,0.0,303.74,0.0,145.8,79.21,53.9
2026-06-03 06:35:00,3,-348.57,151.37,39.03,0.0,266.01,0.0,127.68,74.75,53.77
2026-06-03 06:40:00,3,-348.57,151.37,39.77,0.0,208.26,0.0,99.96,69.07,53.66
2026-06-03 06:45:00,3,-348.57,151.37,39.57,0.0,323.71,0.0,155.38,81.81,53.52
2026-06-03 06:50:00,3,-348.57,151.37,39.56,0.0,271.99,0.0,130.56,75.42,53.4
2026-06-03 06:55:00,3,-348.57,151.37,39.73,0.0,294.37,0.0,141.3,78.05,53.26
2026-06-03 07:00:00,3,-348.57,151.37,40.1,0.0,284.87,0.0,136.74,76.91,53.14
2026-06-03 07:05:00,3,-348.57,151.37,39.25,0.0,203.67,0.0,97.76,68.68,53.02
2026-06-03 07:10:00,3,-348.57,151.37,40.5,0.0,313.66,0.0,150.56,80.48,52.89
2026-06-03 07:15:00,3,-348.57,151.37,41.07,0.0,306.5,0.0,147.12,79.56,52.76
2026-06-03 07:20:00,3,-348.57,151.37,40.07,0.0,232.12,0.0,111.42,71.25,52.64
2026-06-03 07:25:00,3,-348.57,151.37,40.0,0.0,303.94,0.0,145.89,79.24,52.5
2026-06-03 07:30:00,3,-348.57,151.37,41.75,0.0,243.48,0.0,116.87,72.38,52.38
2026-06-03 07:35:00,3,-348.57,151.37,40.42,0.0,228.05,0.0,109.47,70.87,52.27
2026-06-03 07:40:00,3,-348.57,151.37,40.63,0.0,228.54,0.0,109.7,70.91,52.15
2026-06-03 07:45:00,3,-348.57,151.37,40.53,0.0,244.55,0.0,117.39,72.49,52.03
2026-06-03 07:50:00,3,-348.57,151.37,41.07,0.0,246.29,0.0,118.22,72.66,51.91
2026-06-03 07:55:00,3,-348.57,151.37,41.92,0.0,263.06,0.0,126.27,74.44,51.78
2026-06-03 08:00:00,3,-348.57,151.37,41.14,0.0,227.02,0.0,108.97,70.77,51.66
2026-06-03 08:05:00,3,-348.57,151.37,41.96,0.0,275.92,0.0,132.44,75.87,51.54
2026-06-03 08:10:00,3,-348.57,151.37,42.72,0.0,233.93,0.0,112.29,71.44,51.42
2026-06-03 08:15:00,3,-348.57,151.37,42.11,0.0,206.84,0.0,99.28,68.96,51.3
2026-06-03 08:20:00,3,-348.57,151.37,41.8,0.0,308.92,0.0,148.28,79.87,51.17
2026-06-03 08:25:00,3,-348.57,151.37,42.58,0.0,225.79,0.0,108.38,70.66,51.05
2026-06-03 08:30:00,3,-348.57,151.37,41.42,0.0,300.92,0.0,144.44,78.86,50.92
2026-06-03 08:35:00,3,-348.57,151.37,43.01,0.0,222.38,0.0,106.74,70.34,50.8
2026-06-03 08:40:00,3,-348.57,151.37,43.27,0.0,240.43,0.0,115.4,72.07,50.68
2026-06-03 08:45:00,3,-348.57,151.37,42.88,0.0,289.06,0.0,138.75,77.41,50.55
2026-06-03 08:50:00,3,-348.57,151.37,43.11,0.0,247.56,0.0,118.83,72.8,50.43
2026-06-03 08:55:00,3,-348.57,151.37,42.8,0.0,202.13,0.0,97.02,68.56,50.32
2026-06-03 09:00:00,3,-348.57,151.37,42.55,0.0,298.49,0.0,143.27,78.56,50.19
2026-06-03 09:05:00,3,-348.57,151.37,43.64,0.0,286.64,0.0,137.59,77.13,50.06
2026-06-03 09:10:00,3,-348.57,151.37,44.08,0.0,262.56,0.0,126.03,74.39,49.94
2026-06-03 09:15:00,3,-348.57,151.37,43.45,0.0,315.5,0.0,151.44,80.73,49.8
2026-06-03 09:20:00,3,-348.57,151.37,44.2,0.0,253.46,0.0,121.66,73.41,49.68
2026-06-03 09:25:00,3,-348.57,151.37,43.44,0.0,309.22,0.0,148.42,79.91,49.55
2026-06-03 09:30:00,3,-348.57,151.37,43.07,0.0,249.35,0.0,119.69,72.98,49.42
2026-06-03 09:35:00,3,-348.57,151.37,44.08,0.0,295.52,0.0,141.85,78.2,49.29
2026-06-03 09:40:00,3,-348.57,151.37,43.54,0.0,203.4,0.0,97.63,68.67,49.18
2026-06-03 09:45:00,3,-348.57,151.37,44.38,0.0,304.35,0.0,146.09,79.3,49.05
2026-06-03 09:50:00,3,-348.57,151.37,44.49,0.0,308.69,0.0,148.17,79.85,48.91
2026-06-03 09:55:00,3,-348.57,151.37,44.18,0.0,251.69,0.0,120.81,73.23,48.79
2026-06-03 10:00:00,3,-348.57,151.37,43.21,0.0,221.96,0.0,106.54,70.3,48.67
2026-06-03 10:05:00,3,-348.57,151.37,45.24,0.0,215.03,0.0,103.21,69.68,48.56
2026-06-03 10:10:00,3,-348.57,151.37,44.76,0.0,201.19,0.0,96.57,68.49,48.44
2026-06-03 10:15:00,3,-348.57,151.37,44.54,0.0,258.52,0.0,124.09,73.95,48.32
2026-06-03 10:20:00,3,-348.57,151.37,44.45,0.0,278.15,0.0,133.51,76.13,48.19
2026-06-03 10:25:00,3,-348.57,151.37,44.23,0.0,237.72,0.0,114.11,71.81,48.07
2026-06-03 10:30:00,3,-348.57,151.37,44.87,0.0,240.79,0.0,115.58,72.11,47.95
2026-06-03 10:35:00,3,-348.57,151.37,44.27,0.0,235.61,0.0,113.09,71.6,47.84
2026-06-03 10:40:00,3,-348.57,151.37,44.17,0.0,217.99,0.0,104.63,69.94,47.72
2026-06-03 10:45:00,3,-348.57,151.37,43.53,0.0,235.36,0.0,112.97,71.58,47.6
2026-06-03 10:50:00,3,-348.57,151.37,44.11,0.0,247.1,0.0,118.61,72.75,47.48
2026-06-03 10:55:00,3,-348.57,151.37,44.92,0.0,245.42,0.0,117.8,72.58,47.36
2026-06-03 11:00:00,3,-348.57,151.37,44.96,0.0,229.64,0.0,110.23,71.03,47.24
2026-06-03 11:05:00,3,-348.57,151.37,44.79,0.0,205.0,0.0,98.4,68.81,47.12
2026-06-03 11:10:00,3,-348.57,151.37,44.58,0.0,228.24,0.0,109.56,70.89,47.01
2026-06-03 11:15:00,3,-348.57,151.37,45.68,0.0,220.08,0.0,105.64,70.14,46.89
2026-06-03 11:20:00,3,-348.57,151.37,45.33,0.0,297.47,0.0,142.79,78.44,46.76
2026-06-03 11:25:00,3,-348.57,151.37,45.37,0.0,267.8,0.0,128.54,74.96,46.63
2026-06-03 11:30:00,3,-348.57,151.37,44.69,0.0,282.79,0.0,135.74,76.67,46.51
2026-06-03 11:35:00,3,-348.57,151.37,44.49,0.0,207.01,0.0,99.36,68.98,46.39
2026-06-03 11:40:00,3,-348.57,151.37,45.06,0.0,318.33,0.0,152.8,81.11,46.26
2026-06-03 11:45:00,3,-348.57,151.37,45.15,0.0,314.95,0.0,151.18,80.66,46.12
2026-06-03 11:50:00,3,-348.57,151.37,45.36,0.0,285.23,0.0,136.91,76.96,45.99
2026-06-03 11:55:00,3,-348.57,151.37,45.21,0.0,204.15,0.0,97.99,68.73,45.88
2026-06-03 12:00:00,3,-348.57,151.37,44.91,0.0,239.86,0.0,115.13,72.02,45.76
2026-06-03 12:05:00,3,-348.57,151.37,45.3,0.0,265.04,0.0,127.22,74.66,45.63
2026-06-03 12:10:00,3,-348.57,151.37,45.14,0.0,249.93,0.0,119.97,73.05,45.51
2026-06-03 12:15:00,3,-348.57,151.37,45.44,0.0,279.09,0.0,133.97,76.25,45.38
2026-06-03 12:20:00,3,-348.57,151.37,45.33,0.0,218.59,0.0,104.92,70.0,45.27
2026-06-03 12:25:00,3,-348.57,151.37,45.74,0.0,295.86,0.0,142.01,78.24,45.14
2026-06-03 12:30:00,3,-348.57,151.37,44.55,0.0,301.84,0.0,144.88,78.98,45.01
2026-06-03 12:35:00,3,-348.57,151.37,45.26,0.0,284.05,0.0,136.34,76.82,44.88
2026-06-03 12:40:00,3,-348.57,151.37,44.68,0.0,216.82,0.0,104.07,69.84,44.76
2026-06-03 12:45:00,3,-348.57,151.37,44.77,0.0,277.69,0.0,133.29,76.08,44.63
2026-06-03 12:50:00,3,-348.57,151.37,45.6,0.0,305.65,0.0,146.71,79.47,44.5
2026-06-03 12:55:00,3,-348.57,151.37,44.85,0.0,236.38,0.0,113.46,71.68,44.38
2026-06-03 13:00:00,3,-348.57,151.37,45.14,0.0,311.09,0.0,149.32,80.16,44.25
2026-06-03 13:05:00,3,-348.57,151.37,44.06,0.0,237.65,0.0,114.07,71.8,44.13
2026-06-03 13:10:00,3,-348.57,151.37,44.29,0.0,241.04,0.0,115.7,72.14,44.01
2026-06-03 13:15:00,3,-348.57,151.37,43.91,0.0,255.43,0.0,122.6,73.62,43.89
2026-06-03 13:20:00,3,-348.57,151.37,44.4,0.0,266.99,0.0,128.16,74.87,43.76
2026-06-03 13:25:00,3,-348.57,151.37,45.02,0.0,223.1,0.0,107.09,70.41,43.64
2026-06-03 13:30:00,3,-348.57,151.37,44.12,0.0,206.61,0.0,99.17,68.94,43.53
2026-06-03 13:35:00,3,-348.57,151.37,44.73,0.0,209.97,0.0,100.79,69.23,43.41
2026-06-03 13:40:00,3,-348.57,151.37,44.15,0.0,243.55,0.0,116.9,72.39,43.29
2026-06-03 13:45:00,3,-348.57,151.37,43.75,0.0,231.84,0.0,111.28,71.23,43.17
2026-06-03 13:50:00,3,-348.57,151.37,44.63,0.0,283.51,0.0,136.09,76.76,43.05
2026-06-03 13:55:00,3,-348.57,151.37,44.28,0.0,292.28,0.0,140.3,77.81,42.92
2026-06-03 14:00:00,3,-348.57,151.37,43.98,0.0,305.8,0.0,146.78,79.48,42.78
2026-06-03 14:05:00,3,-348.57,151.37,43.26,0.0,323.66,0.0,155.36,81.81,42.65
2026-06-03 14:10:00,3,-348.57,151.37,44.06,0.0,278.32,0.0,133.59,76.15,42.52
2026-06-03 14:15:00,3,-348.57,151.37,43.66,0.0,285.91,0.0,137.24,77.04,42.39
2026-06-03 14:20:00,3,-348.57,151.37,44.3,0.0,287.1,0.0,137.81,77.18,42.26
2026-06-03 14:25:00,3,-348.57,151.37,42.7,0.0,207.99,0.0,99.83,69.06,42.15
2026-06-03 14:30:00,3,-348.57,151.37,43.33,0.0,232.41,0.0,111.56,71.29,42.03
2026-06-03 14:35:00,3,-348.57,151.37,43.46,0.0,212.39,0.0,101.95,69.44,41.91
2026-06-03 14:40:00,3,-348.57,151.37,42.91,0.0,314.68,0.0,151.05,80.62,41.78
2026-06-03 14:45:00,3,-348.57,151.37,43.45,0.0,234.68,0.0,112.65,71.51,41.66
2026-06-03 14:50:00,3,-348.57,151.37,43.25,0.0,314.13,0.0,150.78,80.55,41.53
2026-06-03 14:55:00,3,-348.57,151.37,44.09,0.0,282.27,0.0,135.49,76.61,41.4
2026-06-03 15:00:00,3,-348.57,151.37,42.86,0.0,299.68,0.0,143.85,78.71,41.27
2026-06-03 15:05:00,3,-348.57,151.37,42.22,0.0,228.27,0.0,109.57,70.89,41.15
2026-06-03 15:10:00,3,-348.57,151.37,43.04,0.0,266.69,0.0,128.01,74.84,41.03
2026-06-03 15:15:00,3,-348.57,151.37,43.11,0.0,312.9,0.0,150.19,80.39,40.89
2026-06-03 15:20:00,3,-348.57,151.37,41.87,0.0,323.45,0.0,155.25,81.78,40.76
2026-06-03 15:25:00,3,-348.57,151.37,41.85,0.0,289.01,0.0,138.73,77.41,40.63
2026-06-03 15:30:00,3,-348.57,151.37,42.42,0.0,321.15,0.0,154.15,81.47,40.49
2026-06-03 15:35:00,3,-348.57,151.37,42.13,0.0,312.16,0.0,149.84,80.29,40.36
2026-06-03 15:40:00,3,-348.57,151.37,41.37,0.0,222.71,0.0,106.9,70.37,40.24
2026-06-03 15:45:00,3,-348.57,151.37,41.83,0.0,242.46,0.0,116.38,72.28,40.12
2026-06-03 15:50:00,3,-348.57,151.37,41.32,0.0,263.43,0.0,126.45,74.47,39.99
2026-06-03 15:55:00,3,-348.57,151.37,42.11,0.0,290.71,0.0,139.54,77.61,39.87
2026-06-03 16:00:00,3,-348.57,151.37,41.87,0.0,276.68,0.0,132.81,75.96,39.74
2026-06-03 16:05:00,3,-348.57,151.37,41.26,0.0,204.29,0.0,98.06,68.74,39.62
2026-06-03 16:10:00,3,-348.57,151.37,40.72,0.0,240.54,0.0,115.46,72.08,39.5
2026-06-03 16:15:00,3,-348.57,151.37,41.18,0.0,240.84,0.0,115.6,72.11,39.38
2026-06-03 16:20:00,3,-348.57,151.37,40.06,0.0,290.43,0.0,139.4,77.57,39.25
2026-06-03 16:25:00,3,-348.57,151.37,40.69,0.0,311.03,0.0,149.3,80.14,39.12
2026-06-03 16:30:00,3,-348.57,151.37,40.24,0.0,283.08,0.0,135.88,76.7,38.99
2026-06-03 16:35:00,3,-348.57,151.37,41.08,0.0,211.93,0.0,101.72,69.4,38.88
2026-06-03 16:40:00,3,-348.57,151.37,40.46,0.0,203.32,0.0,97.59,68.65,38.76
2026-06-03 16:45:00,3,-348.57,151.37,40.11,0.0,261.12,0.0,125.34,74.22,38.64
2026-06-03 16:50:00,3,-348.57,151.37,39.98,0.0,249.01,0.0,119.52,72.94,38.52
2026-06-03 16:55:00,3,-348.57,151.37,40.1,0.0,218.53,0.0,104.9,69.99,38.4
2026-06-03 17:00:00,3,-348.57,151.37,40.4,0.0,245.58,0.0,117.88,72.59,38.28
2026-06-03 17:05:00,3,-348.57,151.37,39.7,0.0,287.61,0.0,138.05,77.23,38.15
2026-06-03 17:10:00,3,-348.57,151.37,39.35,0.0,213.73,0.0,102.59,69.55,38.04
2026-06-03 17:15:00,3,-348.57,151.37,38.79,0.0,246.2,0.0,118.17,72.65,37.91
2026-06-03 17:20:00,3,-348.57,151.37,38.66,0.0,305.6,0.0,146.69,79.45,37.78
2026-06-03 17:25:00,3,-348.57,151.37,39.34,0.0,231.56,0.0,111.15,71.2,37.66
2026-06-03 17:30:00,3,-348.57,151.37,38.23,0.0,260.58,0.0,125.08,74.16,37.54
2026-06-03 17:35:00,3,-348.57,151.37,38.05,0.0,238.71,0.0,114.58,71.89,37.42
2026-06-03 17:40:00,3,-348.57,151.37,39.98,0.0,202.49,0.0,97.2,68.58,37.31
2026-06-03 17:45:00,3,-348.57,151.37,38.49,0.0,290.53,0.0,139.45,77.58,37.18
2026-06-03 17:50:00,3,-348.57,151.37,38.18,0.0,269.78,0.0,129.49,75.17,37.05
2026-06-03 17:55:00,3,-348.57,151.37,38.2,0.0,226.17,0.0,108.56,70.68,36.93
2026-06-03 18:00:00,3,-348.57,151.37,37.58,0.0,240.38,0.0,115.38,72.06,36.81
2026-06-03 18:05:00,3,-348.57,151.37,37.6,0.0,264.95,0.0,127.18,74.63,36.69
2026-06-03 18:10:00,3,-348.57,151.37,38.9,0.0,264.27,0.0,126.85,74.56,36.56
2026-06-03 18:15:00,3,-348.57,151.37,37.34,0.0,206.78,0.0,99.25,68.94,36.45
2026-06-03 18:20:00,3,-348.57,151.37,37.66,0.0,324.44,0.0,155.73,81.9,36.31
2026-06-03 18:25:00,3,-348.57,151.37,37.44,0.0,204.03,0.0,97.94,68.71,36.2
2026-06-03 18:30:00,3,-348.57,151.37,37.31,0.0,301.45,0.0,144.7,78.92,36.07
2026-06-03 18:35:00,3,-348.57,151.37,36.74,0.0,260.92,0.0,125.24,74.19,35.94
2026-06-03 18:40:00,3,-348.57,151.37,36.26,0.0,307.14,0.0,147.42,79.63,35.81
2026-06-03 18:45:00,3,-348.57,151.37,36.72,0.0,250.04,0.0,120.02,73.04,35.69
2026-06-03 18:50:00,3,-348.57,151.37,36.7,0.0,274.37,0.0,131.7,75.69,35.56
2026-06-03 18:55:00,3,-348.57,151.37,36.09,0.0,210.44,0.0,101.01,69.26,35.45
2026-06-03 19:00:00,3,-348.57,151.37,35.82,0.0,263.62,0.0,126.54,74.48,35.32
2026-06-03 19:05:00,3,-348.57,151.37,36.05,0.0,250.39,0.0,120.19,73.07,35.2
2026-06-03 19:10:00,3,-348.57,151.37,36.01,0.0,283.62,0.0,136.14,76.75,35.07
2026-06-03 19:15:00,3,-348.57,151.37,35.62,0.0,208.02,0.0,99.85,69.05,34.96
2026-06-03 19:20:00,3,-348.57,151.37,35.44,0.0,223.09,0.0,107.09,70.39,34.84
2026-06-03 19:25:00,3,-348.57,151.37,35.0,0.0,322.36,0.0,154.73,81.62,34.7
2026-06-03 19:30:00,3,-348.57,151.37,35.65,0.0,238.07,0.0,114.27,71.83,34.59
2026-06-03 19:35:00,3,-348.57,151.37,35.06,0.0,260.81,0.0,125.19,74.18,34.46
2026-06-03 19:40:00,3,-348.57,151.37,35.84,0.0,238.74,0.0,114.59,71.89,34.34
2026-06-03 19:45:00,3,-348.57,151.37,35.31,0.0,237.79,0.0,114.14,71.8,34.22
2026-06-03 19:50:00,3,-348.57,151.37,35.26,0.0,318.58,0.0,152.92,81.12,34.09
2026-06-03 19:55:00,3,-348.57,151.37,35.03,0.0,313.87,0.0,150.66,80.5,33.95
2026-06-03 20:00:00,3,-348.57,151.37,34.52,0.0,249.39,0.0,119.71,72.97,33.83
2026-06-03 20:05:00,3,-348.57,151.37,33.83,0.0,285.88,0.0,137.22,77.02,33.7
2026-06-03 20:10:00,3,-348.57,151.37,33.61,0.0,219.07,0.0,105.16,70.02,33.59
2026-06-03 20:15:00,3,-348.57,151.37,34.6,0.0,216.07,0.0,103.71,69.75,33.47
2026-06-03 20:20:00,3,-348.57,151.37,34.1,0.0,225.31,0.0,108.15,70.6,33.35
2026-06-03 20:25:00,3,-348.57,151.37,33.84,0.0,262.99,0.0,126.23,74.41,33.23
2026-06-03 20:30:00,3,-348.57,151.37,33.55,0.0,317.64,0.0,152.47,80.99,33.09
2026-06-03 20:35:00,3,-348.57,151.37,33.27,0.0,238.13,0.0,114.3,71.83,32.97
2026-06-03 20:40:00,3,-348.57,151.37,33.16,0.0,240.9,0.0,115.63,72.1,32.85
2026-06-03 20:45:00,3,-348.57,151.37,32.89,0.0,294.37,0.0,141.3,78.04,32.72
2026-06-03 20:50:00,3,-348.57,151.37,33.07,0.0,265.23,0.0,127.31,74.66,32.6
2026-06-03 20:55:00,3,-348.57,151.37,32.75,0.0,215.56,0.0,103.47,69.7,32.48
2026-06-03 21:00:00,3,-348.57,151.37,32.75,0.0,302.9,0.0,145.39,79.09,32.35
2026-06-03 21:05:00,3,-348.57,151.37,32.74,0.0,307.65,0.0,147.67,79.69,32.22
2026-06-03 21:10:00,3,-348.57,151.37,33.35,0.0,230.11,0.0,110.45,71.05,32.1
2026-06-03 21:15:00,3,-348.57,151.37,32.25,0.0,245.71,0.0,117.94,72.59,31.98
2026-06-03 21:20:00,3,-348.57,151.37,33.55,0.0,255.99,0.0,122.88,73.66,31.86
2026-06-03 21:25:00,3,-348.57,151.37,31.5,0.0,224.3,0.0,107.66,70.5,31.74
2026-06-03 21:30:00,3,-348.57,151.37,32.04,0.0,253.23,0.0,121.55,73.36,31.62
2026-06-03 21:35:00,3,-348.57,151.37,32.48,0.0,291.24,0.0,139.8,77.66,31.49
2026-06-03 21:40:00,3,-348.57,151.37,32.9,0.0,229.91,0.0,110.36,71.03,31.37
2026-06-03 21:45:00,3,-348.57,151.37,31.72,0.0,308.85,0.0,148.25,79.85,31.24
2026-06-03 21:50:00,3,-348.57,151.37,31.86,0.0,240.56,0.0,115.47,72.07,31.12
2026-06-03 21:55:00,3,-348.57,151.37,32.08,0.0,232.83,0.0,111.76,71.31,31.0
2026-06-03 22:00:00,3,-348.57,151.37,32.04,0.0,279.45,0.0,134.14,76.26,30.87
2026-06-03 22:05:00,3,-348.57,151.37,32.39,0.0,236.47,0.0,113.5,71.66,30.75
2026-06-03 22:10:00,3,-348.57,151.37,31.86,0.0,323.21,0.0,155.14,81.73,30.61
2026-06-03 22:15:00,3,-348.57,151.37,31.69,0.0,215.95,0.0,103.66,69.74,30.5
2026-06-03 22:20:00,3,-348.57,151.37,32.06,0.0,256.85,0.0,123.29,73.75,30.37
2026-06-03 22:25:00,3,-348.57,151.37,31.82,0.0,270.94,0.0,130.05,75.29,30.25
2026-06-03 22:30:00,3,-348.57,151.37,31.56,0.0,210.4,0.0,100.99,69.25,30.13
2026-06-03 22:35:00,3,-348.57,151.37,30.94,0.0,275.39,0.0,132.19,75.79,30.01
2026-06-03 22:40:00,3,-348.57,151.37,31.69,0.0,276.9,0.0,132.91,75.96,29.88
2026-06-03 22:45:00,3,-348.57,151.37,30.74,0.0,323.69,0.0,155.37,81.79,29.74
2026-06-03 22:50:00,3,-348.57,151.37,32.38,0.0,281.89,0.0,135.31,76.55,29.62
2026-06-03 22:55:00,3,-348.57,151.37,31.51,0.0,298.37,0.0,143.22,78.53,29.49
2026-06-03 23:00:00,3,-348.57,151.37,30.94,0.0,241.44,0.0,115.89,72.15,29.37
2026-06-03 23:05:00,3,-348.57,151.37,31.68,0.0,313.15,0.0,150.31,80.4,29.23
2026-06-03 23:10:00,3,-348.57,151.37,31.23,0.0,213.46,0.0,102.46,69.51,29.12
2026-06-03 23:15:00,3,-348.57,151.37,30.95,0.0,208.4,0.0,100.03,69.07,29.0
2026-06-03 23:20:00,3,-348.57,151.37,31.75,0.0,277.91,0.0,133.4,76.08,28.87
2026-06-03 23:25:00,3,-348.57,151.37,31.62,0.0,201.76,0.0,96.84,68.51,28.76
2026-06-03 23:30:00,3,-348.57,151.37,31.3,0.0,317.78,0.0,152.53,81.0,28.62
2026-06-03 23:35:00,3,-348.57,151.37,30.75,0.0,256.11,0.0,122.93,73.67,28.5
2026-06-03 23:40:00,3,-348.57,151.37,31.59,0.0,311.38,0.0,149.46,80.17,28.37
2026-06-03 23:45:00,3,-348.57,151.37,31.63,0.0,215.07,0.0,103.23,69.66,28.25
2026-06-03 23:50:00,3,-348.57,151.37,30.97,0.0,263.33,0.0,126.4,74.44,28.13
2026-06-03 23:55:00,3,-348.57,151.37,30.56,0.0,286.53,0.0,137.53,77.09,28.0
2026-06-04 00:00:00,3,-348.57,151.37,30.09,0.0,321.12,0.0,154.14,81.45,27.86
2026-06-04 00:05:00,3,-348.57,151.37,30.03,0.0,259.04,0.0,124.34,73.98,27.74
2026-06-04 00:10:00,3,-348.57,151.37,30.64,0.0,207.63,0.0,99.66,69.0,27.63
2026-06-04 00:15:00,3,-348.57,151.37,30.68,0.0,284.86,0.0,136.73,76.89,27.5
2026-06-04 00:20:00,3,-348.57,151.37,31.12,0.0,212.38,0.0,101.94,69.42,27.38
2026-06-04 00:25:00,3,-348.57,151.37,31.04,0.0,287.71,0.0,138.1,77.23,27.25
2026-06-04 00:30:00,3,-348.57,151.37,31.87,0.0,232.79,0.0,111.74,71.3,27.13
2026-06-04 00:35:00,3,-348.57,151.37,30.26,0.0,306.68,0.0,147.21,79.57,27.0
2026-06-04 00:40:00,3,-348.57,151.37,30.98,0.0,322.18,0.0,154.65,81.59,26.87
2026-06-04 00:45:00,3,-348.57,151.37,31.52,0.0,289.87,0.0,139.14,77.49,26.74
2026-06-04 00:50:00,3,-348.57,151.37,30.67,0.0,218.37,0.0,104.82,69.95,26.62
2026-06-04 00:55:00,3,-348.57,151.37,30.96,0.0,306.99,0.0,147.36,79.61,26.49
2026-06-04 01:00:00,3,-348.57,151.37,31.22,0.0,252.87,0.0,121.38,73.33,26.36
2026-06-04 01:05:00,3,-348.57,151.37,31.57,0.0,204.58,0.0,98.2,68.74,26.25
2026-06-04 01:10:00,3,-348.57,151.37,31.49,0.0,287.09,0.0,137.8,77.16,26.12
2026-06-04 01:15:00,3,-348.57,151.37,31.47,0.0,324.62,0.0,155.82,81.92,25.99
2026-06-04 01:20:00,3,-348.57,151.37,31.41,0.0,257.56,0.0,123.63,73.82,25.86
2026-06-04 01:25:00,3,-348.57,151.37,30.35,0.0,297.07,0.0,142.59,78.36,25.73
2026-06-04 01:30:00,3,-348.57,151.37,32.22,0.0,304.45,0.0,146.14,79.29,25.6
2026-06-04 01:35:00,3,-348.57,151.37,32.33,0.0,256.63,0.0,123.18,73.72,25.48
2026-06-04 01:40:00,3,-348.57,151.37,31.28,0.0,282.16,0.0,135.44,76.58,25.35
2026-06-04 01:45:00,3,-348.57,151.37,31.98,0.0,222.44,0.0,106.77,70.33,25.23
2026-06-04 01:50:00,3,-348.57,151.37,32.44,0.0,242.8,0.0,116.54,72.29,25.11
2026-06-04 01:55:00,3,-348.57,151.37,31.89,0.0,276.0,0.0,132.48,75.86,24.98
2026-06-04 02:00:00,3,-348.57,151.37,31.45,0.0,321.75,0.0,154.44,81.53,24.85
2026-06-04 02:05:00,3,-348.57,151.37,32.06,0.0,316.45,0.0,151.9,80.83,24.71
2026-06-04 02:10:00,3,-348.57,151.37,32.05,0.0,234.69,0.0,112.65,71.49,24.59
2026-06-04 02:15:00,3,-348.57,151.37,31.51,0.0,321.11,0.0,154.13,81.45,24.46
2026-06-04 02:20:00,3,-348.57,151.37,32.37,0.0,241.16,0.0,115.76,72.13,24.34
2026-06-04 02:25:00,3,-348.57,151.37,31.64,0.0,223.79,0.0,107.42,70.45,24.22
2026-06-04 02:30:00,3,-348.57,151.37,32.05,0.0,253.9,0.0,121.87,73.43,24.1
2026-06-04 02:35:00,3,-348.57,151.37,33.13,0.0,263.88,0.0,126.66,74.51,23.97
2026-06-04 02:40:00,3,-348.57,151.37,34.0,0.0,244.85,0.0,117.53,72.5,23.85
2026-06-04 02:45:00,3,-348.57,151.37,32.16,0.0,246.8,0.0,118.47,72.7,23.73
2026-06-04 02:50:00,3,-348.57,151.37,32.11,0.0,231.23,0.0,110.99,71.15,23.61
2026-06-04 02:55:00,3,-348.57,151.37,32.03,0.0,218.32,0.0,104.79,69.95,23.5
2026-06-04 03:00:00,3,-348.57,151.37,34.15,0.0,285.07,0.0,136.83,76.92,23.37
2026-06-04 03:05:00,3,-348.57,151.37,33.23,0.0,284.65,0.0,136.63,76.87,23.24
2026-06-04 03:10:00,3,-348.57,151.37,33.09,0.0,212.36,0.0,101.93,69.42,23.13
2026-06-04 03:15:00,3,-348.57,151.37,33.5,0.0,263.05,0.0,126.27,74.42,23.0
2026-06-04 03:20:00,3,-348.57,151.37,33.34,0.0,314.07,0.0,150.76,80.52,22.87
2026-06-04 03:25:00,3,-348.57,151.37,32.78,0.0,287.58,0.0,138.04,77.22,22.74
2026-06-04 03:30:00,3,-348.57,151.37,33.78,0.0,213.62,0.0,102.54,69.53,22.62
2026-06-04 03:35:00,3,-348.57,151.37,33.62,0.0,297.19,0.0,142.65,78.38,22.49
2026-06-04 03:40:00,3,-348.57,151.37,33.84,0.0,220.48,0.0,105.83,70.15,22.38
2026-06-04 03:45:00,3,-348.57,151.37,33.87,0.0,275.12,0.0,132.06,75.77,22.25
2026-06-04 03:50:00,3,-348.57,151.37,34.23,0.0,288.22,0.0,138.35,77.3,22.12
2026-06-04 03:55:00,3,-348.57,151.37,34.02,0.0,248.7,0.0,119.38,72.9,22.0
2026-06-04 04:00:00,3,-348.57,151.37,34.77,0.0,312.65,0.0,150.07,80.34,21.86
2026-06-04 04:05:00,3,-348.57,151.37,34.59,0.0,226.16,0.0,108.55,70.68,21.75
2026-06-04 04:10:00,3,-348.57,151.37,33.87,0.0,219.58,0.0,105.4,70.07,21.63
2026-06-04 04:15:00,3,-348.57,151.37,35.71,0.0,323.5,0.0,155.28,81.77,21.49
2026-06-04 04:20:00,3,-348.57,151.37,34.37,0.0,236.16,0.0,113.36,71.64,21.37
2026-06-04 04:25:00,3,-348.57,151.37,34.67,0.0,241.74,0.0,116.03,72.19,21.25
2026-06-04 04:30:00,3,-348.57,151.37,34.96,0.0,302.18,0.0,145.05,79.01,21.12
2026-06-04 04:35:00,3,-348.57,151.37,35.78,0.0,211.13,0.0,101.34,69.32,21.01
2026-06-04 04:40:00,3,-348.57,151.37,35.37,0.0,250.99,0.0,120.48,73.14,20.89
2026-06-04 04:45:00,3,-348.57,151.37,35.79,0.0,282.99,0.0,135.84,76.68,20.76
2026-06-04 04:50:00,3,-348.57,151.37,36.22,0.0,324.53,0.0,155.77,81.91,20.62
2026-06-04 04:55:00,3,-348.57,151.37,35.3,0.0,215.83,0.0,103.6,69.73,20.5
2026-06-04 05:00:00,3,-348.57,151.37,35.51,0.0,232.45,0.0,111.58,71.28,20.39
2026-06-04 05:05:00,3,-348.57,151.37,36.59,0.0,212.26,0.0,101.89,69.42,20.27
2026-06-04 05:10:00,3,-348.57,151.37,36.28,0.0,274.61,0.0,131.81,75.71,20.14
2026-06-04 05:15:00,3,-348.57,151.37,37.09,0.0,226.03,0.0,108.49,70.67,20.03
2026-06-04 05:20:00,3,-348.57,151.37,36.36,0.0,200.76,0.0,96.37,68.43,19.91
2026-06-04 05:25:00,3,-348.57,151.37,37.01,0.0,273.18,0.0,131.12,75.55,19.79
2026-06-04 05:30:00,3,-348.57,151.37,36.75,0.0,291.77,0.0,140.05,77.73,19.66
2026-06-04 05:35:00,3,-348.57,151.37,37.29,0.0,214.76,0.0,103.09,69.64,19.54
2026-06-04 05:40:00,3,-348.57,151.37,37.54,0.0,313.02,0.0,150.25,80.39,19.41
2026-06-04 05:45:00,3,-348.57,151.37,36.8,0.0,276.19,0.0,132.57,75.89,19.28
2026-06-04 05:50:00,3,-348.57,151.37,37.0,0.0,265.4,0.0,127.39,74.68,19.16
2026-06-04 05:55:00,3,-348.57,151.37,38.03,0.0,292.06,0.0,140.19,77.77,19.03
2026-06-04 06:00:00,3,-348.57,151.37,37.79,0.0,276.12,0.0,132.54,75.89,18.9
2026-06-04 06:05:00,3,-348.57,151.37,37.94,0.0,212.26,0.0,101.88,69.42,18.78
2026-06-04 06:10:00,3,-348.57,151.37,38.49,0.0,237.76,0.0,114.12,71.8,18.66
2026-06-04 06:15:00,3,-348.57,151.37,38.71,0.0,220.35,0.0,105.77,70.15,18.55
2026-06-04 06:20:00,3,-348.57,151.37,39.05,0.0,321.76,0.0,154.44,81.55,18.41
2026-06-04 06:25:00,3,-348.57,151.37,38.68,0.0,321.66,0.0,154.4,81.53,18.28
2026-06-04 06:30:00,3,-348.57,151.37,37.87,0.0,292.95,0.0,140.62,77.87,18.15
2026-06-04 06:35:00,3,-348.57,151.37,39.19,0.0,255.58,0.0,122.68,73.63,18.02
2026-06-04 06:40:00,3,-348.57,151.37,40.12,0.0,314.32,0.0,150.87,80.57,17.89
2026-06-04 06:45:00,3,-348.57,151.37,39.16,0.0,210.35,0.0,100.97,69.26,17.77
2026-06-04 06:50:00,3,-348.57,151.37,38.42,0.0,245.61,0.0,117.89,72.59,17.65
2026-06-04 06:55:00,3,-348.57,151.37,39.62,0.0,323.75,0.0,155.4,81.82,17.52
2026-06-04 07:00:00,3,-348.57,151.37,40.14,0.0,259.82,0.0,124.71,74.08,17.39
2026-06-04 07:05:00,3,-348.57,151.37,39.34,0.0,255.58,0.0,122.68,73.63,17.27
2026-06-04 07:10:00,3,-348.57,151.37,40.48,0.0,308.91,0.0,148.28,79.87,17.14
2026-06-04 07:15:00,3,-348.57,151.37,39.65,0.0,315.1,0.0,151.25,80.67,17.0
2026-06-04 07:20:00,3,-348.57,151.37,40.54,0.0,252.27,0.0,121.09,73.28,16.88
2026-06-04 07:25:00,3,-348.57,151.37,40.83,0.0,267.96,0.0,128.62,74.97,16.76
2026-06-04 07:30:00,3,-348.57,151.37,40.58,0.0,242.06,0.0,116.19,72.23,16.63
2026-06-04 07:35:00,3,-348.57,151.37,40.41,0.0,278.42,0.0,133.64,76.16,16.51
2026-06-04 07:40:00,3,-348.57,151.37,41.17,0.0,207.54,0.0,99.62,69.02,16.39
2026-06-04 07:45:00,3,-348.57,151.37,41.14,0.0,302.89,0.0,145.39,79.11,16.26
2026-06-04 07:50:00,3,-348.57,151.37,40.55,0.0,302.18,0.0,145.05,79.02,16.13
2026-06-04 07:55:00,3,-348.57,151.37,42.26,0.0,249.67,0.0,119.84,73.01,16.01
2026-06-04 08:00:00,3,-348.57,151.37,41.06,0.0,248.3,0.0,119.18,72.87,15.89
2026-06-04 08:05:00,3,-348.57,151.37,41.64,0.0,266.65,0.0,127.99,74.83,15.76
2026-06-04 08:10:00,3,-348.57,151.37,41.27,0.0,251.64,0.0,120.79,73.22,15.64
2026-06-04 08:15:00,3,-348.57,151.37,41.05,0.0,258.62,0.0,124.14,73.95,15.52
2026-06-04 08:20:00,3,-348.57,151.37,41.25,0.0,230.91,0.0,110.83,71.14,15.4
2026-06-04 08:25:00,3,-348.57,151.37,42.99,0.0,293.13,0.0,140.7,77.9,15.27
2026-06-04 08:30:00,3,-348.57,151.37,41.35,0.0,292.48,0.0,140.39,77.82,15.14
2026-06-04 08:35:00,3,-348.57,151.37,42.35,0.0,282.96,0.0,135.82,76.69,15.01
2026-06-04 08:40:00,3,-348.57,151.37,43.04,0.0,321.93,0.0,154.53,81.58,14.87
2026-06-04 08:45:00,3,-348.57,151.37,42.71,0.0,211.32,0.0,101.43,69.35,14.76
2026-06-04 08:50:00,3,-348.57,151.37,42.47,0.0,216.94,0.0,104.13,69.85,14.64
2026-06-04 08:55:00,3,-348.57,151.37,42.88,0.0,293.39,0.0,140.83,77.94,14.51
2026-06-04 09:00:00,3,-348.57,151.37,43.0,0.0,218.59,0.0,104.92,70.0,14.4
2026-06-04 09:05:00,3,-348.57,151.37,43.5,0.0,227.62,0.0,109.26,70.83,14.28
2026-06-04 09:10:00,3,-348.57,151.37,43.45,0.0,298.76,0.0,143.4,78.6,14.15
2026-06-04 09:15:00,3,-348.57,151.37,42.9,0.0,311.92,0.0,149.72,80.26,14.01
2026-06-04 09:20:00,3,-348.57,151.37,43.41,0.0,303.78,0.0,145.81,79.22,13.88
2026-06-04 09:25:00,3,-348.57,151.37,43.76,0.0,278.27,0.0,133.57,76.15,13.75
2026-06-04 09:30:00,3,-348.57,151.37,43.38,0.0,205.11,0.0,98.45,68.81,13.64
2026-06-04 09:35:00,3,-348.57,151.37,44.54,0.0,249.89,0.0,119.94,73.04,13.52
2026-06-04 09:40:00,3,-348.57,151.37,43.46,0.0,200.97,0.0,96.46,68.46,13.4
2026-06-04 09:45:00,3,-348.57,151.37,43.66,0.0,289.21,0.0,138.82,77.43,13.27
2026-06-04 09:50:00,3,-348.57,151.37,44.26,0.0,273.84,0.0,131.44,75.64,13.15
2026-06-04 09:55:00,3,-348.57,151.37,43.66,0.0,249.79,0.0,119.9,73.03,13.03
2026-06-04 10:00:00,3,-348.57,151.37,44.18,0.0,302.22,0.0,145.06,79.03,12.89
2026-06-04 10:05:00,3,-348.57,151.37,44.57,0.0,317.03,0.0,152.17,80.93,12.76
2026-06-04 10:10:00,3,-348.57,151.37,43.34,0.0,313.17,0.0,150.32,80.43,12.63
2026-06-04 10:15:00,3,-348.57,151.37,44.19,0.0,306.38,0.0,147.06,79.55,12.49
2026-06-04 10:20:00,3,-348.57,151.37,43.85,0.0,296.42,0.0,142.28,78.31,12.36
2026-06-04 10:25:00,3,-348.57,151.37,44.06,0.0,206.96,0.0,99.34,68.97,12.25
2026-06-04 10:30:00,3,-348.57,151.37,44.47,0.0,306.85,0.0,147.29,79.62,12.12
2026-06-04 10:35:00,3,-348.57,151.37,45.24,0.0,310.72,0.0,149.15,80.11,11.98
2026-06-04 10:40:00,3,-348.57,151.37,44.17,0.0,322.68,0.0,154.89,81.68,11.85
2026-06-04 10:45:00,3,-348.57,151.37,44.87,0.0,292.21,0.0,140.26,77.8,11.72
2026-06-04 10:50:00,3,-348.57,151.37,43.98,0.0,267.66,0.0,128.48,74.95,11.59
2026-06-04 10:55:00,3,-348.57,151.37,45.07,0.0,200.13,0.0,96.06,68.4,11.48
2026-06-04 11:00:00,3,-348.57,151.37,45.36,0.0,283.45,0.0,136.05,76.75,11.35
2026-06-04 11:05:00,3,-348.57,151.37,45.41,0.0,230.56,0.0,110.67,71.12,11.23
2026-06-04 11:10:00,3,-348.57,151.37,44.94,0.0,240.73,0.0,115.55,72.11,11.11
2026-06-04 11:15:00,3,-348.57,151.37,45.45,0.0,311.89,0.0,149.71,80.27,10.98
2026-06-04 11:20:00,3,-348.57,151.37,45.02,0.0,269.83,0.0,129.52,75.19,10.85
2026-06-04 11:25:00,3,-348.57,151.37,44.38,0.0,312.88,0.0,150.18,80.39,10.72
2026-06-04 11:30:00,3,-348.57,151.37,45.44,0.0,312.43,0.0,149.97,80.34,10.58
2026-06-04 11:35:00,3,-348.57,151.37,44.64,0.0,288.33,0.0,138.4,77.33,10.45
2026-06-04 11:40:00,3,-348.57,151.37,44.99,0.0,209.59,0.0,100.6,69.2,10.34
2026-06-04 11:45:00,3,-348.57,151.37,44.9,0.0,304.88,0.0,146.34,79.37,10.21
2026-06-04 11:50:00,3,-348.57,151.37,45.31,0.0,252.34,0.0,121.13,73.3,10.08
2026-06-04 11:55:00,3,-348.57,151.37,44.19,0.0,303.62,0.0,145.74,79.21,9.95
2026-06-04 12:00:00,3,-348.57,151.37,45.39,0.0,253.19,0.0,121.53,73.39,9.83
2026-06-04 12:05:00,3,-348.57,151.37,45.11,0.0,212.93,0.0,102.21,69.49,9.71
2026-06-04 12:10:00,3,-348.57,151.37,44.4,0.0,306.98,0.0,147.35,79.63,9.58
2026-06-04 12:15:00,3,-348.57,151.37,44.7,0.0,257.55,0.0,123.62,73.85,9.46
2026-06-04 12:20:00,3,-348.57,151.37,45.5,0.0,206.74,0.0,99.23,68.96,9.34
2026-06-04 12:25:00,3,-348.57,151.37,44.71,0.0,314.42,0.0,150.92,80.59,9.21
2026-06-04 12:30:00,3,-348.57,151.37,45.05,0.0,297.36,0.0,142.73,78.43,9.08
2026-06-04 12:35:00,3,-348.57,151.37,44.11,0.0,275.99,0.0,132.48,75.89,8.95
2026-06-04 12:40:00,3,-348.57,151.37,45.37,0.0,318.0,0.0,152.64,81.06,8.82
2026-06-04 12:45:00,3,-348.57,151.37,45.21,0.0,308.0,0.0,147.84,79.76,8.68
2026-06-04 12:50:00,3,-348.57,151.37,44.5,0.0,201.77,0.0,96.85,68.53,8.57
2026-06-04 12:55:00,3,-348.57,151.37,44.71,0.0,231.31,0.0,111.03,71.19,8.45
2026-06-04 13:00:00,3,-348.57,151.37,45.37,0.0,215.84,0.0,103.6,69.75,8.34
2026-06-04 13:05:00,3,-348.57,151.37,43.95,0.0,311.94,0.0,149.73,80.27,8.2
2026-06-04 13:10:00,3,-348.57,151.37,44.31,0.0,299.21,0.0,143.62,78.65,8.07
2026-06-04 13:15:00,3,-348.57,151.37,44.78,0.0,275.18,0.0,132.09,75.79,7.94
2026-06-04 13:20:00,3,-348.57,151.37,44.88,0.0,272.12,0.0,130.62,75.45,7.82
2026-06-04 13:25:00,3,-348.57,151.37,45.23,0.0,264.44,0.0,126.93,74.59,7.69
2026-06-04 13:30:00,3,-348.57,151.37,43.78,0.0,261.48,0.0,125.51,74.27,7.57
2026-06-04 13:35:00,3,-348.57,151.37,44.47,0.0,277.7,0.0,133.3,76.08,7.44
2026-06-04 13:40:00,3,-348.57,151.37,44.83,0.0,245.25,0.0,117.72,72.56,7.32
2026-06-04 13:45:00,3,-348.57,151.37,43.99,0.0,212.31,0.0,101.91,69.44,7.21
2026-06-04 13:50:00,3,-348.57,151.37,44.56,0.0,311.99,0.0,149.75,80.27,7.07
2026-06-04 13:55:00,3,-348.57,151.37,43.24,0.0,249.8,0.0,119.91,73.03,6.95
2026-06-04 14:00:00,3,-348.57,151.37,42.65,0.0,223.16,0.0,107.12,70.41,6.83
2026-06-04 14:05:00,3,-348.57,151.37,44.75,0.0,286.58,0.0,137.56,77.12,6.71
2026-06-04 14:10:00,3,-348.57,151.37,44.11,0.0,229.3,0.0,110.07,70.99,6.59
2026-06-04 14:15:00,3,-348.57,151.37,43.66,0.0,233.74,0.0,112.19,71.42,6.47
2026-06-04 14:20:00,3,-348.57,151.37,44.45,0.0,323.32,0.0,155.19,81.77,6.33
2026-06-04 14:25:00,3,-348.57,151.37,43.41,0.0,227.27,0.0,109.09,70.8,6.21
2026-06-04 14:30:00,3,-348.57,151.37,43.43,0.0,318.36,0.0,152.81,81.1,6.08
2026-06-04 14:35:00,3,-348.57,151.37,43.04,0.0,292.36,0.0,140.33,77.81,5.95
2026-06-04 14:40:00,3,-348.57,151.37,43.98,0.0,306.86,0.0,147.29,79.61,5.82
2026-06-04 14:45:00,3,-348.57,151.37,43.04,0.0,286.3,0.0,137.42,77.08,5.69
2026-06-04 14:50:00,3,-348.57,151.37,43.38,0.0,295.04,0.0,141.62,78.14,5.56
2026-06-04 14:55:00,3,-348.57,151.37,43.13,0.0,218.46,0.0,104.86,69.98,5.44
2026-06-04 15:00:00,3,-348.57,151.37,43.37,0.0,307.09,0.0,147.4,79.64,5.31
2026-06-04 15:05:00,3,-348.57,151.37,42.61,0.0,273.27,0.0,131.17,75.57,5.18
2026-06-04 15:10:00,3,-348.57,151.37,42.94,0.0,228.3,0.0,109.58,70.89,5.06
2026-06-04 15:15:00,3,-348.57,151.37,43.24,0.0,298.78,0.0,143.42,78.6,4.93
2026-06-04 15:20:00,3,-348.57,151.37,43.26,0.0,205.46,0.0,98.62,68.84,4.82
2026-06-04 15:25:00,3,-348.57,151.37,41.92,0.0,215.8,0.0,103.59,69.74,4.7
2026-06-04 15:30:00,3,-348.57,151.37,42.21,0.0,257.49,0.0,123.6,73.84,4.58
2026-06-04 15:35:00,3,-348.57,151.37,41.97,0.0,225.76,0.0,108.36,70.65,4.46
2026-06-04 15:40:00,3,-348.57,151.37,42.34,0.0,206.66,0.0,99.2,68.94,4.35
2026-06-04 15:45:00,3,-348.57,151.37,42.01,0.0,302.54,0.0,145.22,79.07,4.21
2026-06-04 15:50:00,3,-348.57,151.37,41.0,0.0,208.25,0.0,99.96,69.08,4.1
2026-06-04 15:55:00,3,-348.57,151.37,41.45,0.0,258.85,0.0,124.25,73.98,3.98
2026-06-04 16:00:00,3,-348.57,151.37,41.24,0.0,245.24,0.0,117.72,72.56,3.85
2026-06-04 16:05:00,3,-348.57,151.37,41.0,0.0,273.28,0.0,131.18,75.57,3.73
2026-06-04 16:10:00,3,-348.57,151.37,40.82,0.0,299.15,0.0,143.59,78.64,3.6
2026-06-04 16:15:00,3,-348.57,151.37,40.64,0.0,286.68,0.0,137.61,77.13,3.47
2026-06-04 16:20:00,3,-348.57,151.37,41.75,0.0,237.69,0.0,114.09,71.8,3.35
2026-06-04 16:25:00,3,-348.57,151.37,41.06,0.0,283.36,0.0,136.01,76.73,3.22
2026-06-04 16:30:00,3,-348.57,151.37,41.35,0.0,313.89,0.0,150.67,80.52,3.09
2026-06-04 16:35:00,3,-348.57,151.37,40.03,0.0,213.87,0.0,102.66,69.57,2.97
2026-06-04 16:40:00,3,-348.57,151.37,39.79,0.0,246.26,0.0,118.2,72.66,2.85
2026-06-04 16:45:00,3,-348.57,151.37,40.02,0.0,201.16,0.0,96.55,68.47,2.74
2026-06-04 16:50:00,3,-348.57,151.37,40.18,0.0,217.64,0.0,104.47,69.9,2.62
2026-06-04 16:55:00,3,-348.57,151.37,40.3,0.0,206.81,0.0,99.27,68.95,2.51
2026-06-04 17:00:00,3,-348.57,151.37,39.84,0.0,204.54,0.0,98.18,68.76,2.39
2026-06-04 17:05:00,3,-348.57,151.37,39.28,0.0,227.71,0.0,109.3,70.83,2.27
2026-06-04 17:10:00,3,-348.57,151.37,38.63,0.0,257.28,0.0,123.49,73.8,2.15
2026-06-04 17:15:00,3,-348.57,151.37,38.56,0.0,313.98,0.0,150.71,80.52,2.02
2026-06-04 17:20:00,3,-348.57,151.37,39.53,0.0,299.28,0.0,143.65,78.65,1.88
2026-06-04 17:25:00,3,-348.57,151.37,38.54,0.0,237.48,0.0,113.99,71.77,1.76
2026-06-04 17:30:00,3,-348.57,151.37,39.12,0.0,233.1,0.0,111.89,71.35,1.65
2026-06-04 17:35:00,3,-348.57,151.37,38.23,0.0,256.56,0.0,123.15,73.73,1.52
2026-06-04 17:40:00,3,-348.57,151.37,38.74,0.0,302.8,0.0,145.34,79.09,1.39
2026-06-04 17:45:00,3,-348.57,151.37,39.27,0.0,219.61,0.0,105.41,70.08,1.27
2026-06-04 17:50:00,3,-348.57,151.37,38.83,0.0,274.8,0.0,131.9,75.74,1.15
2026-06-04 17:55:00,3,-348.57,151.37,39.19,0.0,280.74,0.0,134.75,76.42,1.02
2026-06-04 18:00:00,3,-348.57,151.37,37.65,0.0,253.01,0.0,121.44,73.35,0.9
2026-06-04 18:05:00,3,-348.57,151.37,37.74,0.0,280.87,0.0,134.82,76.44,0.77
2026-06-04 18:10:00,3,-348.57,151.37,37.68,0.0,229.71,0.0,110.26,71.02,0.65
2026-06-04 18:15:00,3,-348.57,151.37,37.76,0.0,297.12,0.0,142.62,78.38,0.52
2026-06-04 18:20:00,3,-348.57,151.37,37.29,0.0,322.5,0.0,154.8,81.64,0.39
2026-06-04 18:25:00,3,-348.57,151.37,38.52,0.0,205.3,0.0,98.55,68.82,0.27
2026-06-04 18:30:00,3,-348.57,151.37,36.46,0.0,224.3,0.0,107.66,70.51,0.15
2026-06-04 18:35:00,3,-348.57,151.37,37.35,0.0,216.05,0.0,103.7,69.75,0.04
2026-06-04 18:40:00,3,-348.57,151.37,36.45,0.0,254.55,0.0,122.18,73.51,0.0
2026-06-04 18:45:00,3,-348.57,151.37,37.7,0.0,221.7,0.0,106.42,70.27,0.0
2026-06-04 18:50:00,3,-348.57,151.37,36.5,0.0,232.65,0.0,111.67,71.3,0.0
2026-06-04 18:55:00,3,-348.57,151.37,35.8,0.0,280.58,0.0,134.68,76.4,0.0
2026-06-04 19:00:00,3,-348.57,151.37,36.03,0.0,218.97,0.0,105.11,70.02,0.0
2026-06-04 19:05:00,3,-348.57,151.37,35.69,0.0,316.34,0.0,151.85,80.83,0.0
2026-06-04 19:10:00,3,-348.57,151.37,36.39,0.0,319.96,0.0,153.58,81.3,0.0
2026-06-04 19:15:00,3,-348.57,151.37,36.19,0.0,273.03,0.0,131.06,75.53,0.0
2026-06-04 19:20:00,3,-348.57,151.37,35.27,0.0,243.2,0.0,116.74,72.34,0.0
2026-06-04 19:25:00,3,-348.57,151.37,34.88,0.0,242.59,0.0,116.44,72.27,0.0
2026-06-04 19:30:00,3,-348.57,151.37,36.01,0.0,274.7,0.0,131.85,75.72,0.0
2026-06-04 19:35:00,3,-348.57,151.37,35.29,0.0,205.52,0.0,98.65,68.83,0.0
2026-06-04 19:40:00,3,-348.57,151.37,35.48,0.0,282.62,0.0,135.66,76.64,0.0
2026-06-04 19:45:00,3,-348.57,151.37,35.03,0.0,259.88,0.0,124.74,74.08,0.0
2026-06-04 19:50:00,3,-348.57,151.37,34.86,0.0,210.34,0.0,100.96,69.25,0.0
2026-06-04 19:55:00,3,-348.57,151.37,34.5,0.0,220.92,0.0,106.04,70.19,0.0
2026-06-04 20:00:00,3,-348.57,151.37,34.52,0.0,280.04,0.0,134.42,76.33,0.0
2026-06-04 20:05:00,3,-348.57,151.37,33.51,0.0,249.72,0.0,119.86,73.0,0.0
2026-06-04 20:10:00,3,-348.57,151.37,34.24,0.0,290.39,0.0,139.39,77.56,0.0
2026-06-04 20:15:00,3,-348.57,151.37,34.18,0.0,209.98,0.0,100.79,69.21,0.0
2026-06-04 20:20:00,3,-348.57,151.37,33.36,0.0,256.99,0.0,123.36,73.76,0.0
2026-06-04 20:25:00,3,-348.57,151.37,33.33,0.0,277.76,0.0,133.32,76.07,0.0
2026-06-04 20:30:00,3,-348.57,151.37,32.93,0.0,275.73,0.0,132.35,75.83,0.0
2026-06-04 20:35:00,3,-348.57,151.37,34.09,0.0,247.37,0.0,118.74,72.76,0.0
2026-06-04 20:40:00,3,-348.57,151.37,34.02,0.0,219.0,0.0,105.12,70.02,0.0
2026-06-04 20:45:00,3,-348.57,151.37,34.23,0.0,242.33,0.0,116.32,72.25,0.0
2026-06-04 20:50:00,3,-348.57,151.37,32.83,0.0,251.13,0.0,120.54,73.15,0.0
2026-06-04 20:55:00,3,-348.57,151.37,33.89,0.0,272.5,0.0,130.8,75.47,0.0
2026-06-04 21:00:00,3,-348.57,151.37,33.66,0.0,202.53,0.0,97.21,68.57,0.0
2026-06-04 21:05:00,3,-348.57,151.37,32.85,0.0,282.95,0.0,135.82,76.67,0.0
2026-06-04 21:10:00,3,-348.57,151.37,32.42,0.0,242.88,0.0,116.58,72.3,0.0
2026-06-04 21:15:00,3,-348.57,151.37,32.95,0.0,211.03,0.0,101.3,69.3,0.0
2026-06-04 21:20:00,3,-348.57,151.37,32.11,0.0,287.85,0.0,138.17,77.25,0.0
2026-06-04 21:25:00,3,-348.57,151.37,32.33,0.0,298.33,0.0,143.2,78.52,0.0
2026-06-04 21:30:00,3,-348.57,151.37,32.27,0.0,221.37,0.0,106.26,70.23,0.0
2026-06-04 21:35:00,3,-348.57,151.37,32.79,0.0,253.62,0.0,121.74,73.41,0.0
2026-06-04 21:40:00,3,-348.57,151.37,32.09,0.0,311.75,0.0,149.64,80.22,0.0
2026-06-04 21:45:00,3,-348.57,151.37,32.13,0.0,264.08,0.0,126.76,74.53,0.0
2026-06-04 21:50:00,3,-348.57,151.37,31.66,0.0,269.53,0.0,129.38,75.13,0.0
2026-06-04 21:55:00,3,-348.57,151.37,31.66,0.0,243.54,0.0,116.9,72.37,0.0
2026-06-04 22:00:00,3,-348.57,151.37,31.95,0.0,241.92,0.0,116.12,72.2,0.0
2026-06-04 22:05:00,3,-348.57,151.37,31.63,0.0,299.61,0.0,143.81,78.68,0.0
2026-06-04 22:10:00,3,-348.57,151.37,32.09,0.0,292.49,0.0,140.39,77.81,0.0
2026-06-04 22:15:00,3,-348.57,151.37,32.01,0.0,275.14,0.0,132.07,75.77,0.0
2026-06-04 22:20:00,3,-348.57,151.37,31.53,0.0,216.04,0.0,103.7,69.74,0.0
2026-06-04 22:25:00,3,-348.57,151.37,31.11,0.0,269.65,0.0,129.43,75.14,0.0
2026-06-04 22:30:00,3,-348.57,151.37,30.52,0.0,212.65,0.0,102.07,69.44,0.0
2026-06-04 22:35:00,3,-348.57,151.37,32.44,0.0,305.5,0.0,146.64,79.42,0.0
2026-06-04 22:40:00,3,-348.57,151.37,31.83,0.0,211.9,0.0,101.71,69.38,0.0
2026-06-04 22:45:00,3,-348.57,151.37,32.02,0.0,222.01,0.0,106.56,70.29,0.0
2026-06-04 22:50:00,3,-348.57,151.37,31.72,0.0,245.84,0.0,118.0,72.6,0.0
2026-06-04 22:55:00,3,-348.57,151.37,32.29,0.0,323.95,0.0,155.5,81.83,0.0
2026-06-04 23:00:00,3,-348.57,151.37,31.61,0.0,256.83,0.0,123.28,73.74,0.0
2026-06-04 23:05:00,3,-348.57,151.37,31.6,0.0,280.56,0.0,134.67,76.39,0.0
2026-06-04 23:10:00,3,-348.57,151.37,32.02,0.0,318.59,0.0,152.92,81.11,0.0
2026-06-04 23:15:00,3,-348.57,151.37,30.53,0.0,280.4,0.0,134.59,76.37,0.0
2026-06-04 23:20:00,3,-348.57,151.37,30.51,0.0,254.68,0.0,122.25,73.51,0.0
2026-06-04 23:25:00,3,-348.57,151.37,31.15,0.0,283.13,0.0,135.9,76.69,0.0
2026-06-04 23:30:00,3,-348.57,151.37,31.7,0.0,242.01,0.0,116.17,72.21,0.0
2026-06-04 23:35:00,3,-348.57,151.37,30.15,0.0,209.52,0.0,100.57,69.17,0.0
2026-06-04 23:40:00,3,-348.57,151.37,30.71,0.0,285.4,0.0,136.99,76.95,100.0
2026-06-04 23:45:00,3,-348.57,151.37,31.37,0.0,229.13,0.0,109.98,70.95,99.88
2026-06-04 23:50:00,3,-348.57,151.37,30.82,0.0,224.85,0.0,107.93,70.55,99.76
2026-06-04 23:55:00,3,-348.57,151.37,31.22,0.0,323.49,0.0,155.28,81.77,99.63
2026-06-05 00:00:00,3,-348.57,151.37,29.52,0.0,230.36,0.0,110.57,71.07,99.51
2026-06-05 00:05:00,3,-348.57,151.37,30.36,0.0,228.07,0.0,109.47,70.85,99.39
2026-06-05 00:10:00,3,-348.57,151.37,31.47,0.0,323.06,0.0,155.07,81.71,99.26
2026-06-05 00:15:00,3,-348.57,151.37,31.3,0.0,322.27,0.0,154.69,81.6,99.12
2026-06-05 00:20:00,3,-348.57,151.37,31.29,0.0,228.18,0.0,109.53,70.86,99.0
2026-06-05 00:25:00,3,-348.57,151.37,31.41,0.0,254.59,0.0,122.2,73.51,98.88
2026-06-05 00:30:00,3,-348.57,151.37,31.42,0.0,231.71,0.0,111.22,71.2,98.76
2026-06-05 00:35:00,3,-348.57,151.37,31.64,0.0,246.14,0.0,118.15,72.63,98.64
2026-06-05 00:40:00,3,-348.57,151.37,31.58,0.0,292.16,0.0,140.24,77.77,98.51
2026-06-05 00:45:00,3,-348.57,151.37,30.37,0.0,228.31,0.0,109.59,70.87,98.39
2026-06-05 00:50:00,3,-348.57,151.37,30.74,0.0,312.1,0.0,149.81,80.26,98.26
2026-06-05 00:55:00,3,-348.57,151.37,30.24,0.0,269.12,0.0,129.18,75.08,98.13
2026-06-05 01:00:00,3,-348.57,151.37,30.99,0.0,240.15,0.0,115.27,72.02,98.01
2026-06-05 01:05:00,3,-348.57,151.37,31.26,0.0,283.27,0.0,135.97,76.7,97.88
2026-06-05 01:10:00,3,-348.57,151.37,31.66,0.0,208.1,0.0,99.89,69.05,97.77
2026-06-05 01:15:00,3,-348.57,151.37,31.52,0.0,224.69,0.0,107.85,70.53,97.65
2026-06-05 01:20:00,3,-348.57,151.37,31.43,0.0,309.77,0.0,148.69,79.96,97.52
2026-06-05 01:25:00,3,-348.57,151.37,31.92,0.0,243.74,0.0,116.99,72.38,97.4
2026-06-05 01:30:00,3,-348.57,151.37,31.71,0.0,205.25,0.0,98.52,68.8,97.28
2026-06-05 01:35:00,3,-348.57,151.37,31.7,0.0,236.5,0.0,113.52,71.66,97.16
2026-06-05 01:40:00,3,-348.57,151.37,31.64,0.0,297.29,0.0,142.7,78.39,97.03
2026-06-05 01:45:00,3,-348.57,151.37,31.82,0.0,296.51,0.0,142.32,78.3,96.9
2026-06-05 01:50:00,3,-348.57,151.37,31.95,0.0,209.42,0.0,100.52,69.16,96.79
2026-06-05 01:55:00,3,-348.57,151.37,31.53,0.0,297.53,0.0,142.81,78.42,96.66
2026-06-05 02:00:00,3,-348.57,151.37,32.35,0.0,217.52,0.0,104.41,69.88,96.54
2026-06-05 02:05:00,3,-348.57,151.37,32.0,0.0,227.26,0.0,109.09,70.78,96.42
2026-06-05 02:10:00,3,-348.57,151.37,31.56,0.0,288.56,0.0,138.51,77.33,96.29
2026-06-05 02:15:00,3,-348.57,151.37,31.99,0.0,259.09,0.0,124.36,73.99,96.17
2026-06-05 02:20:00,3,-348.57,151.37,32.11,0.0,207.94,0.0,99.81,69.03,96.05
2026-06-05 02:25:00,3,-348.57,151.37,32.05,0.0,263.51,0.0,126.48,74.46,95.93
2026-06-05 02:30:00,3,-348.57,151.37,32.78,0.0,309.29,0.0,148.46,79.9,95.8
2026-06-05 02:35:00,3,-348.57,151.37,32.47,0.0,217.58,0.0,104.44,69.88,95.68
2026-06-05 02:40:00,3,-348.57,151.37,32.31,0.0,231.82,0.0,111.27,71.21,95.56
2026-06-05 02:45:00,3,-348.57,151.37,32.83,0.0,313.79,0.0,150.62,80.49,95.43
2026-06-05 02:50:00,3,-348.57,151.37,32.78,0.0,312.46,0.0,149.98,80.31,95.29
2026-06-05 02:55:00,3,-348.57,151.37,33.35,0.0,209.71,0.0,100.66,69.19,95.18
2026-06-05 03:00:00,3,-348.57,151.37,33.41,0.0,315.01,0.0,151.21,80.65,95.04
2026-06-05 03:05:00,3,-348.57,151.37,33.13,0.0,221.93,0.0,106.53,70.28,94.93
2026-06-05 03:10:00,3,-348.57,151.37,32.84,0.0,266.01,0.0,127.69,74.74,94.8
2026-06-05 03:15:00,3,-348.57,151.37,33.58,0.0,313.69,0.0,150.57,80.47,94.67
2026-06-05 03:20:00,3,-348.57,151.37,33.64,0.0,250.09,0.0,120.04,73.04,94.55
2026-06-05 03:25:00,3,-348.57,151.37,33.13,0.0,257.5,0.0,123.6,73.82,94.42
2026-06-05 03:30:00,3,-348.57,151.37,33.02,0.0,301.6,0.0,144.77,78.93,94.29
2026-06-05 03:35:00,3,-348.57,151.37,33.7,0.0,209.73,0.0,100.67,69.19,94.18
2026-06-05 03:40:00,3,-348.57,151.37,34.51,0.0,287.33,0.0,137.92,77.19,94.05
2026-06-05 03:45:00,3,-348.57,151.37,33.71,0.0,221.57,0.0,106.36,70.25,93.93
2026-06-05 03:50:00,3,-348.57,151.37,33.9,0.0,208.72,0.0,100.19,69.1,93.82
2026-06-05 03:55:00,3,-348.57,151.37,34.4,0.0,287.1,0.0,137.81,77.16,93.69
2026-06-05 04:00:00,3,-348.57,151.37,34.49,0.0,216.33,0.0,103.84,69.78,93.57
2026-06-05 04:05:00,3,-348.57,151.37,35.41,0.0,200.99,0.0,96.47,68.45,93.46
2026-06-05 04:10:00,3,-348.57,151.37,34.72,0.0,306.16,0.0,146.95,79.51,93.32
2026-06-05 04:15:00,3,-348.57,151.37,34.78,0.0,281.8,0.0,135.26,76.54,93.2
2026-06-05 04:20:00,3,-348.57,151.37,34.97,0.0,216.53,0.0,103.93,69.79,93.08
2026-06-05 04:25:00,3,-348.57,151.37,35.28,0.0,275.59,0.0,132.28,75.82,92.95
2026-06-05 04:30:00,3,-348.57,151.37,35.84,0.0,236.97,0.0,113.75,71.72,92.84
2026-06-05 04:35:00,3,-348.57,151.37,34.7,0.0,289.45,0.0,138.94,77.45,92.71
2026-06-05 04:40:00,3,-348.57,151.37,35.05,0.0,216.72,0.0,104.02,69.81,92.59
2026-06-05 04:45:00,3,-348.57,151.37,35.37,0.0,307.17,0.0,147.44,79.64,92.46
2026-06-05 04:50:00,3,-348.57,151.37,35.88,0.0,274.59,0.0,131.8,75.71,92.33
2026-06-05 04:55:00,3,-348.57,151.37,35.18,0.0,241.39,0.0,115.87,72.16,92.21
2026-06-05 05:00:00,3,-348.57,151.37,36.26,0.0,317.67,0.0,152.48,81.0,92.08
2026-06-05 05:05:00,3,-348.57,151.37,35.79,0.0,277.52,0.0,133.21,76.04,91.95
2026-06-05 05:10:00,3,-348.57,151.37,36.29,0.0,241.56,0.0,115.95,72.17,91.83
2026-06-05 05:15:00,3,-348.57,151.37,36.47,0.0,226.71,0.0,108.82,70.73,91.71
2026-06-05 05:20:00,3,-348.57,151.37,36.32,0.0,201.02,0.0,96.49,68.45,91.6
2026-06-05 05:25:00,3,-348.57,151.37,36.91,0.0,242.2,0.0,116.26,72.24,91.48
2026-06-05 05:30:00,3,-348.57,151.37,36.51,0.0,236.76,0.0,113.64,71.7,91.36
2026-06-05 05:35:00,3,-348.57,151.37,36.9,0.0,280.32,0.0,134.55,76.37,91.23
2026-06-05 05:40:00,3,-348.57,151.37,37.66,0.0,303.23,0.0,145.55,79.14,91.1
2026-06-05 05:45:00,3,-348.57,151.37,37.6,0.0,236.26,0.0,113.4,71.65,90.98
2026-06-05 05:50:00,3,-348.57,151.37,37.95,0.0,261.76,0.0,125.64,74.28,90.85
2026-06-05 05:55:00,3,-348.57,151.37,37.73,0.0,319.54,0.0,153.38,81.25,90.72
2026-06-05 06:00:00,3,-348.57,151.37,38.34,0.0,239.11,0.0,114.77,71.93,90.6
2026-06-05 06:05:00,3,-348.57,151.37,38.36,0.0,309.42,0.0,148.52,79.93,90.47
2026-06-05 06:10:00,3,-348.57,151.37,37.85,0.0,223.19,0.0,107.13,70.41,90.35
2026-06-05 06:15:00,3,-348.57,151.37,38.16,0.0,270.3,0.0,129.75,75.23,90.22
2026-06-05 06:20:00,3,-348.57,151.37,38.38,0.0,287.26,0.0,137.89,77.19,90.09
2026-06-05 06:25:00,3,-348.57,151.37,38.53,0.0,288.79,0.0,138.62,77.37,89.97
2026-06-05 06:30:00,3,-348.57,151.37,37.68,0.0,231.96,0.0,111.34,71.23,89.85
2026-06-05 06:35:00,3,-348.57,151.37,39.48,0.0,261.82,0.0,125.67,74.29,89.72
2026-06-05 06:40:00,3,-348.57,151.37,38.92,0.0,248.83,0.0,119.44,72.92,89.6
2026-06-05 06:45:00,3,-348.57,151.37,39.25,0.0,295.9,0.0,142.03,78.24,89.47
2026-06-05 06:50:00,3,-348.57,151.37,39.92,0.0,202.04,0.0,96.98,68.55,89.36
2026-06-05 06:55:00,3,-348.57,151.37,39.66,0.0,202.61,0.0,97.25,68.59,89.24
2026-06-05 07:00:00,3,-348.57,151.37,40.4,0.0,237.18,0.0,113.85,71.75,89.12
2026-06-05 07:05:00,3,-348.57,151.37,39.93,0.0,217.11,0.0,104.21,69.86,89.01
2026-06-05 07:10:00,3,-348.57,151.37,40.1,0.0,243.14,0.0,116.71,72.34,88.89
2026-06-05 07:15:00,3,-348.57,151.37,39.91,0.0,227.5,0.0,109.2,70.81,88.77
2026-06-05 07:20:00,3,-348.57,151.37,40.96,0.0,315.63,0.0,151.5,80.74,88.63
2026-06-05 07:25:00,3,-348.57,151.37,39.8,0.0,304.88,0.0,146.34,79.35,88.5
2026-06-05 07:30:00,3,-348.57,151.37,40.0,0.0,279.88,0.0,134.34,76.32,88.37
2026-06-05 07:35:00,3,-348.57,151.37,40.97,0.0,206.91,0.0,99.32,68.96,88.26
2026-06-05 07:40:00,3,-348.57,151.37,41.69,0.0,211.85,0.0,101.69,69.39,88.14
2026-06-05 07:45:00,3,-348.57,151.37,40.94,0.0,224.98,0.0,107.99,70.58,88.03
2026-06-05 07:50:00,3,-348.57,151.37,40.63,0.0,288.08,0.0,138.28,77.29,87.9
2026-06-05 07:55:00,3,-348.57,151.37,41.54,0.0,324.02,0.0,155.53,81.86,87.76
2026-06-05 08:00:00,3,-348.57,151.37,41.1,0.0,250.34,0.0,120.16,73.08,87.64
2026-06-05 08:05:00,3,-348.57,151.37,40.63,0.0,319.81,0.0,153.51,81.29,87.5
2026-06-05 08:10:00,3,-348.57,151.37,41.85,0.0,286.42,0.0,137.48,77.1,87.37
2026-06-05 08:15:00,3,-348.57,151.37,41.98,0.0,290.88,0.0,139.62,77.63,87.25
2026-06-05 08:20:00,3,-348.57,151.37,41.63,0.0,223.06,0.0,107.07,70.4,87.13
2026-06-05 08:25:00,3,-348.57,151.37,41.89,0.0,284.89,0.0,136.75,76.92,87.0
2026-06-05 08:30:00,3,-348.57,151.37,42.61,0.0,305.82,0.0,146.8,79.48,86.87
2026-06-05 08:35:00,3,-348.57,151.37,42.47,0.0,267.74,0.0,128.51,74.95,86.74
2026-06-05 08:40:00,3,-348.57,151.37,43.37,0.0,307.34,0.0,147.52,79.67,86.61
2026-06-05 08:45:00,3,-348.57,151.37,42.79,0.0,251.34,0.0,120.64,73.19,86.49
2026-06-05 08:50:00,3,-348.57,151.37,43.02,0.0,264.66,0.0,127.04,74.61,86.36
2026-06-05 08:55:00,3,-348.57,151.37,42.41,0.0,267.53,0.0,128.41,74.93,86.24
2026-06-05 09:00:00,3,-348.57,151.37,43.33,0.0,239.6,0.0,115.01,71.99,86.12
2026-06-05 09:05:00,3,-348.57,151.37,42.45,0.0,261.99,0.0,125.75,74.32,85.99
2026-06-05 09:10:00,3,-348.57,151.37,43.41,0.0,245.85,0.0,118.01,72.62,85.87
2026-06-05 09:15:00,3,-348.57,151.37,43.03,0.0,311.04,0.0,149.3,80.15,85.74
2026-06-05 09:20:00,3,-348.57,151.37,43.0,0.0,285.75,0.0,137.16,77.02,85.61
2026-06-05 09:25:00,3,-348.57,151.37,43.51,0.0,289.25,0.0,138.84,77.44,85.48
2026-06-05 09:30:00,3,-348.57,151.37,43.53,0.0,217.54,0.0,104.42,69.9,85.37
2026-06-05 09:35:00,3,-348.57,151.37,44.14,0.0,303.07,0.0,145.47,79.14,85.23
2026-06-05 09:40:00,3,-348.57,151.37,43.47,0.0,320.62,0.0,153.9,81.41,85.1
2026-06-05 09:45:00,3,-348.57,151.37,43.53,0.0,282.71,0.0,135.7,76.66,84.97
2026-06-05 09:50:00,3,-348.57,151.37,43.54,0.0,246.16,0.0,118.16,72.65,84.85
2026-06-05 09:55:00,3,-348.57,151.37,44.2,0.0,220.12,0.0,105.66,70.14,84.73
2026-06-05 10:00:00,3,-348.57,151.37,44.03,0.0,275.31,0.0,132.15,75.81,84.61
2026-06-05 10:05:00,3,-348.57,151.37,43.08,0.0,246.41,0.0,118.28,72.68,84.48
2026-06-05 10:10:00,3,-348.57,151.37,43.71,0.0,267.3,0.0,128.3,74.9,84.36
2026-06-05 10:15:00,3,-348.57,151.37,44.68,0.0,211.71,0.0,101.62,69.39,84.24
2026-06-05 10:20:00,3,-348.57,151.37,43.96,0.0,234.73,0.0,112.67,71.52,84.13
2026-06-05 10:25:00,3,-348.57,151.37,44.73,0.0,251.3,0.0,120.62,73.19,84.0
2026-06-05 10:30:00,3,-348.57,151.37,44.59,0.0,272.2,0.0,130.66,75.46,83.88
2026-06-05 10:35:00,3,-348.57,151.37,44.34,0.0,264.55,0.0,126.99,74.6,83.75
2026-06-05 10:40:00,3,-348.57,151.37,44.61,0.0,217.96,0.0,104.62,69.94,83.64
2026-06-05 10:45:00,3,-348.57,151.37,44.92,0.0,206.3,0.0,99.03,68.92,83.52
2026-06-05 10:50:00,3,-348.57,151.37,44.96,0.0,241.36,0.0,115.85,72.17,83.4
2026-06-05 10:55:00,3,-348.57,151.37,44.62,0.0,324.58,0.0,155.8,81.94,83.26
2026-06-05 11:00:00,3,-348.57,151.37,45.41,0.0,292.8,0.0,140.54,77.87,83.14
2026-06-05 11:05:00,3,-348.57,151.37,44.99,0.0,220.88,0.0,106.02,70.21,83.02
2026-06-05 11:10:00,3,-348.57,151.37,45.02,0.0,237.89,0.0,114.19,71.83,82.9
2026-06-05 11:15:00,3,-348.57,151.37,44.32,0.0,246.97,0.0,118.55,72.74,82.78
2026-06-05 11:20:00,3,-348.57,151.37,45.77,0.0,220.91,0.0,106.04,70.21,82.66
2026-06-05 11:25:00,3,-348.57,151.37,44.91,0.0,293.94,0.0,141.09,78.01,82.53
2026-06-05 11:30:00,3,-348.57,151.37,45.07,0.0,323.88,0.0,155.46,81.84,82.39
2026-06-05 11:35:00,3,-348.57,151.37,44.63,0.0,204.49,0.0,98.16,68.76,82.28
2026-06-05 11:40:00,3,-348.57,151.37,45.7,0.0,303.92,0.0,145.88,79.25,82.15
2026-06-05 11:45:00,3,-348.57,151.37,44.37,0.0,298.68,0.0,143.37,78.59,82.02
2026-06-05 11:50:00,3,-348.57,151.37,45.6,0.0,259.18,0.0,124.41,74.02,81.89
2026-06-05 11:55:00,3,-348.57,151.37,45.24,0.0,311.06,0.0,149.31,80.16,81.76
2026-06-05 12:00:00,3,-348.57,151.37,44.62,0.0,249.66,0.0,119.84,73.02,81.64
2026-06-05 12:05:00,3,-348.57,151.37,45.48,0.0,317.13,0.0,152.22,80.95,81.5
2026-06-05 12:10:00,3,-348.57,151.37,44.63,0.0,223.38,0.0,107.22,70.44,81.39
2026-06-05 12:15:00,3,-348.57,151.37,44.43,0.0,314.47,0.0,150.94,80.6,81.25
2026-06-05 12:20:00,3,-348.57,151.37,45.03,0.0,266.65,0.0,127.99,74.84,81.13
2026-06-05 12:25:00,3,-348.57,151.37,45.71,0.0,200.85,0.0,96.41,68.46,81.01
2026-06-05 12:30:00,3,-348.57,151.37,45.23,0.0,285.3,0.0,136.95,76.97,80.88
2026-06-05 12:35:00,3,-348.57,151.37,44.82,0.0,215.69,0.0,103.53,69.74,80.77
2026-06-05 12:40:00,3,-348.57,151.37,44.84,0.0,216.77,0.0,104.05,69.84,80.65
2026-06-05 12:45:00,3,-348.57,151.37,45.06,0.0,282.67,0.0,135.68,76.66,80.52
2026-06-05 12:50:00,3,-348.57,151.37,44.42,0.0,250.08,0.0,120.04,73.06,80.4
2026-06-05 12:55:00,3,-348.57,151.37,45.33,0.0,234.0,0.0,112.32,71.45,80.28
2026-06-05 13:00:00,3,-348.57,151.37,44.63,0.0,277.14,0.0,133.03,76.02,80.16
2026-06-05 13:05:00,3,-348.57,151.37,44.33,0.0,273.34,0.0,131.2,75.58,80.03
2026-06-05 13:10:00,3,-348.57,151.37,44.94,0.0,236.07,0.0,113.31,71.65,79.91
2026-06-05 13:15:00,3,-348.57,151.37,44.73,0.0,211.31,0.0,101.43,69.35,79.79
2026-06-05 13:20:00,3,-348.57,151.37,44.56,0.0,245.73,0.0,117.95,72.61,79.67
2026-06-05 13:25:00,3,-348.57,151.37,44.96,0.0,319.12,0.0,153.18,81.21,79.54
2026-06-05 13:30:00,3,-348.57,151.37,43.91,0.0,298.27,0.0,143.17,78.54,79.41
2026-06-05 13:35:00,3,-348.57,151.37,43.95,0.0,238.3,0.0,114.38,71.86,79.29
2026-06-05 13:40:00,3,-348.57,151.37,43.91,0.0,274.06,0.0,131.55,75.66,79.16
2026-06-05 13:45:00,3,-348.57,151.37,44.88,0.0,255.03,0.0,122.41,73.58,79.04
2026-06-05 13:50:00,3,-348.57,151.37,43.37,0.0,221.71,0.0,106.42,70.28,78.92
2026-06-05 13:55:00,3,-348.57,151.37,43.29,0.0,256.6,0.0,123.17,73.74,78.8
2026-06-05 14:00:00,3,-348.57,151.37,44.29,0.0,265.71,0.0,127.54,74.73,78.67
2026-06-05 14:05:00,3,-348.57,151.37,43.32,0.0,317.75,0.0,152.52,81.02,78.54
2026-06-05 14:10:00,3,-348.57,151.37,44.08,0.0,307.94,0.0,147.81,79.75,78.41
2026-06-05 14:15:00,3,-348.57,151.37,43.68,0.0,315.34,0.0,151.37,80.71,78.27
2026-06-05 14:20:00,3,-348.57,151.37,43.83,0.0,200.34,0.0,96.16,68.41,78.16
2026-06-05 14:25:00,3,-348.57,151.37,44.41,0.0,226.57,0.0,108.75,70.73,78.04
2026-06-05 14:30:00,3,-348.57,151.37,43.56,0.0,259.86,0.0,124.73,74.09,77.92
2026-06-05 14:35:00,3,-348.57,151.37,43.45,0.0,290.93,0.0,139.65,77.64,77.79
2026-06-05 14:40:00,3,-348.57,151.37,43.07,0.0,317.2,0.0,152.25,80.95,77.65
2026-06-05 14:45:00,3,-348.57,151.37,42.99,0.0,276.9,0.0,132.91,75.99,77.53
2026-06-05 14:50:00,3,-348.57,151.37,42.72,0.0,307.19,0.0,147.45,79.65,77.39
2026-06-05 14:55:00,3,-348.57,151.37,43.34,0.0,224.18,0.0,107.6,70.51,77.28
2026-06-05 15:00:00,3,-348.57,151.37,43.05,0.0,256.33,0.0,123.04,73.71,77.15
2026-06-05 15:05:00,3,-348.57,151.37,42.48,0.0,246.16,0.0,118.16,72.65,77.03
2026-06-05 15:10:00,3,-348.57,151.37,43.76,0.0,311.9,0.0,149.71,80.26,76.9
2026-06-05 15:15:00,3,-348.57,151.37,42.88,0.0,272.28,0.0,130.69,75.46,76.77
2026-06-05 15:20:00,3,-348.57,151.37,42.18,0.0,279.12,0.0,133.98,76.24,76.64
2026-06-05 15:25:00,3,-348.57,151.37,41.89,0.0,267.5,0.0,128.4,74.92,76.52
2026-06-05 15:30:00,3,-348.57,151.37,42.09,0.0,252.39,0.0,121.15,73.3,76.4
2026-06-05 15:35:00,3,-348.57,151.37,42.61,0.0,291.59,0.0,139.96,77.72,76.27
2026-06-05 15:40:00,3,-348.57,151.37,41.56,0.0,247.36,0.0,118.73,72.77,76.15
2026-06-05 15:45:00,3,-348.57,151.37,41.45,0.0,202.96,0.0,97.42,68.63,76.03
2026-06-05 15:50:00,3,-348.57,151.37,42.48,0.0,305.88,0.0,146.82,79.49,75.9
2026-06-05 15:55:00,3,-348.57,151.37,41.85,0.0,228.7,0.0,109.78,70.93,75.78
2026-06-05 16:00:00,3,-348.57,151.37,41.71,0.0,232.03,0.0,111.37,71.25,75.66
2026-06-05 16:05:00,3,-348.57,151.37,42.35,0.0,252.26,0.0,121.08,73.28,75.54
2026-06-05 16:10:00,3,-348.57,151.37,40.77,0.0,258.53,0.0,124.1,73.94,75.42
2026-06-05 16:15:00,3,-348.57,151.37,41.17,0.0,300.0,0.0,144.0,78.75,75.29
2026-06-05 16:20:00,3,-348.57,151.37,40.13,0.0,213.98,0.0,102.71,69.58,75.17
2026-06-05 16:25:00,3,-348.57,151.37,41.44,0.0,224.1,0.0,107.57,70.5,75.05
2026-06-05 16:30:00,3,-348.57,151.37,41.6,0.0,239.98,0.0,115.19,72.03,74.93
2026-06-05 16:35:00,3,-348.57,151.37,40.68,0.0,207.61,0.0,99.65,69.02,74.82
2026-06-05 16:40:00,3,-348.57,151.37,39.63,0.0,247.37,0.0,118.74,72.77,74.7
2026-06-05 16:45:00,3,-348.57,151.37,41.17,0.0,279.75,0.0,134.28,76.31,74.57
2026-06-05 16:50:00,3,-348.57,151.37,40.23,0.0,247.0,0.0,118.56,72.73,74.45
2026-06-05 16:55:00,3,-348.57,151.37,40.16,0.0,221.09,0.0,106.12,70.22,74.33
2026-06-05 17:00:00,3,-348.57,151.37,39.98,0.0,311.26,0.0,149.41,80.17,74.2
2026-06-05 17:05:00,3,-348.57,151.37,40.47,0.0,272.17,0.0,130.64,75.44,74.07
2026-06-05 17:10:00,3,-348.57,151.37,39.77,0.0,266.58,0.0,127.96,74.82,73.95
2026-06-05 17:15:00,3,-348.57,151.37,39.37,0.0,230.19,0.0,110.49,71.07,73.83
2026-06-05 17:20:00,3,-348.57,151.37,38.59,0.0,272.15,0.0,130.63,75.44,73.7
2026-06-05 17:25:00,3,-348.57,151.37,39.24,0.0,228.88,0.0,109.86,70.94,73.58
2026-06-05 17:30:00,3,-348.57,151.37,38.95,0.0,272.69,0.0,130.89,75.5,73.46
2026-06-05 17:35:00,3,-348.57,151.37,37.56,0.0,299.72,0.0,143.86,78.7,73.33
2026-06-05 17:40:00,3,-348.57,151.37,39.81,0.0,294.5,0.0,141.36,78.07,73.2
2026-06-05 17:45:00,3,-348.57,151.37,37.96,0.0,297.04,0.0,142.58,78.37,73.07
2026-06-05 17:50:00,3,-348.57,151.37,37.87,0.0,238.63,0.0,114.54,71.88,72.95
2026-06-05 17:55:00,3,-348.57,151.37,37.25,0.0,228.01,0.0,109.44,70.86,72.83
2026-06-05 18:00:00,3,-348.57,151.37,38.88,0.0,259.02,0.0,124.33,73.99,72.71
2026-06-05 18:05:00,3,-348.57,151.37,38.11,0.0,214.78,0.0,103.1,69.64,72.59
2026-06-05 18:10:00,3,-348.57,151.37,38.07,0.0,249.71,0.0,119.86,73.01,72.47
2026-06-05 18:15:00,3,-348.57,151.37,36.96,0.0,246.35,0.0,118.25,72.66,72.35
2026-06-05 18:20:00,3,-348.57,151.37,38.19,0.0,227.13,0.0,109.02,70.77,72.23
2026-06-05 18:25:00,3,-348.57,151.37,37.51,0.0,260.4,0.0,124.99,74.14,72.11
2026-06-05 18:30:00,3,-348.57,151.37,37.86,0.0,202.49,0.0,97.2,68.58,71.99
2026-06-05 18:35:00,3,-348.57,151.37,36.74,0.0,287.72,0.0,138.11,77.24,71.86
2026-06-05 18:40:00,3,-348.57,151.37,37.09,0.0,296.52,0.0,142.33,78.31,71.73
2026-06-05 18:45:00,3,-348.57,151.37,37.27,0.0,234.4,0.0,112.51,71.47,71.61
2026-06-05 18:50:00,3,-348.57,151.37,36.58,0.0,238.83,0.0,114.64,71.9,71.49
2026-06-05 18:55:00,3,-348.57,151.37,36.19,0.0,269.42,0.0,129.32,75.13,71.37
2026-06-05 19:00:00,3,-348.57,151.37,36.26,0.0,260.68,0.0,125.12,74.16,71.24
2026-06-05 19:05:00,3,-348.57,151.37,35.84,0.0,312.88,0.0,150.18,80.37,71.11
2026-06-05 19:10:00,3,-348.57,151.37,37.29,0.0,319.72,0.0,153.46,81.27,70.97
2026-06-05 19:15:00,3,-348.57,151.37,35.65,0.0,257.73,0.0,123.71,73.85,70.85
2026-06-05 19:20:00,3,-348.57,151.37,34.73,0.0,232.74,0.0,111.71,71.3,70.73
2026-06-05 19:25:00,3,-348.57,151.37,35.16,0.0,243.1,0.0,116.69,72.33,70.61
2026-06-05 19:30:00,3,-348.57,151.37,35.04,0.0,208.67,0.0,100.16,69.1,70.5
2026-06-05 19:35:00,3,-348.57,151.37,35.04,0.0,248.45,0.0,119.26,72.87,70.38
2026-06-05 19:40:00,3,-348.57,151.37,34.4,0.0,266.91,0.0,128.11,74.84,70.25
2026-06-05 19:45:00,3,-348.57,151.37,35.31,0.0,213.25,0.0,102.36,69.5,70.14
2026-06-05 19:50:00,3,-348.57,151.37,35.27,0.0,284.5,0.0,136.56,76.86,70.01
2026-06-05 19:55:00,3,-348.57,151.37,34.95,0.0,314.09,0.0,150.76,80.53,69.87
2026-06-05 20:00:00,3,-348.57,151.37,34.48,0.0,291.46,0.0,139.9,77.69,69.74
2026-06-05 20:05:00,3,-348.57,151.37,35.24,0.0,252.91,0.0,121.4,73.34,69.62
2026-06-05 20:10:00,3,-348.57,151.37,34.37,0.0,233.71,0.0,112.18,71.4,69.5
2026-06-05 20:15:00,3,-348.57,151.37,35.39,0.0,217.84,0.0,104.56,69.91,69.39
2026-06-05 20:20:00,3,-348.57,151.37,34.08,0.0,254.42,0.0,122.12,73.49,69.26
2026-06-05 20:25:00,3,-348.57,151.37,32.93,0.0,299.8,0.0,143.91,78.71,69.13
2026-06-05 20:30:00,3,-348.57,151.37,33.32,0.0,231.9,0.0,111.31,71.22,69.01
2026-06-05 20:35:00,3,-348.57,151.37,33.66,0.0,249.04,0.0,119.54,72.93,68.89
2026-06-05 20:40:00,3,-348.57,151.37,33.1,0.0,298.7,0.0,143.38,78.57,68.76
2026-06-05 20:45:00,3,-348.57,151.37,34.14,0.0,237.96,0.0,114.22,71.81,68.64
2026-06-05 20:50:00,3,-348.57,151.37,34.01,0.0,268.15,0.0,128.71,74.98,68.52
2026-06-05 20:55:00,3,-348.57,151.37,32.44,0.0,205.0,0.0,98.4,68.78,68.4
2026-06-05 21:00:00,3,-348.57,151.37,32.43,0.0,237.83,0.0,114.16,71.8,68.28
2026-06-05 21:05:00,3,-348.57,151.37,32.55,0.0,211.35,0.0,101.45,69.33,68.17
2026-06-05 21:10:00,3,-348.57,151.37,33.45,0.0,240.49,0.0,115.44,72.06,68.05
2026-06-05 21:15:00,3,-348.57,151.37,32.88,0.0,250.29,0.0,120.14,73.06,67.92
2026-06-05 21:20:00,3,-348.57,151.37,31.71,0.0,218.1,0.0,104.69,69.93,67.81
2026-06-05 21:25:00,3,-348.57,151.37,32.22,0.0,206.05,0.0,98.91,68.87,67.69
2026-06-05 21:30:00,3,-348.57,151.37,32.49,0.0,295.26,0.0,141.72,78.14,67.56
2026-06-05 21:35:00,3,-348.57,151.37,32.23,0.0,246.44,0.0,118.29,72.66,67.44
2026-06-05 21:40:00,3,-348.57,151.37,32.79,0.0,256.88,0.0,123.3,73.75,67.32
2026-06-05 21:45:00,3,-348.57,151.37,31.89,0.0,285.17,0.0,136.88,76.93,67.19
2026-06-05 21:50:00,3,-348.57,151.37,32.13,0.0,310.49,0.0,149.03,80.06,67.06
2026-06-05 21:55:00,3,-348.57,151.37,31.29,0.0,308.05,0.0,147.86,79.74,66.92
2026-06-05 22:00:00,3,-348.57,151.37,31.35,0.0,232.67,0.0,111.68,71.29,66.81
2026-06-05 22:05:00,3,-348.57,151.37,31.88,0.0,308.27,0.0,147.97,79.77,66.67
2026-06-05 22:10:00,3,-348.57,151.37,30.59,0.0,207.89,0.0,99.79,69.03,66.56
2026-06-05 22:15:00,3,-348.57,151.37,31.87,0.0,212.61,0.0,102.05,69.44,66.44
2026-06-05 22:20:00,3,-348.57,151.37,31.67,0.0,254.77,0.0,122.29,73.53,66.32
2026-06-05 22:25:00,3,-348.57,151.37,31.64,0.0,306.77,0.0,147.25,79.58,66.19
2026-06-05 22:30:00,3,-348.57,151.37,31.09,0.0,222.11,0.0,106.62,70.3,66.07
2026-06-05 22:35:00,3,-348.57,151.37,31.64,0.0,215.45,0.0,103.42,69.69,65.95
2026-06-05 22:40:00,3,-348.57,151.37,30.64,0.0,243.93,0.0,117.09,72.4,65.83
2026-06-05 22:45:00,3,-348.57,151.37,31.25,0.0,204.86,0.0,98.33,68.77,65.72
2026-06-05 22:50:00,3,-348.57,151.37,30.65,0.0,301.91,0.0,144.92,78.97,65.59
2026-06-05 22:55:00,3,-348.57,151.37,31.4,0.0,308.34,0.0,148.01,79.78,65.45
2026-06-05 23:00:00,3,-348.57,151.37,31.55,0.0,321.74,0.0,154.43,81.53,65.32
2026-06-05 23:05:00,3,-348.57,151.37,32.21,0.0,313.95,0.0,150.69,80.5,65.18
2026-06-05 23:10:00,3,-348.57,151.37,31.45,0.0,320.69,0.0,153.93,81.39,65.05
2026-06-05 23:15:00,3,-348.57,151.37,31.79,0.0,216.05,0.0,103.7,69.74,64.93
2026-06-05 23:20:00,3,-348.57,151.37,31.13,0.0,309.17,0.0,148.4,79.89,64.8
2026-06-05 23:25:00,3,-348.57,151.37,31.12,0.0,315.96,0.0,151.66,80.77,64.66
2026-06-05 23:30:00,3,-348.57,151.37,31.01,0.0,242.0,0.0,116.16,72.21,64.54
2026-06-05 23:35:00,3,-348.57,151.37,30.98,0.0,235.24,0.0,112.92,71.54,64.42
2026-06-05 23:40:00,3,-348.57,151.37,30.53,0.0,321.04,0.0,154.1,81.44,64.29
2026-06-05 23:45:00,3,-348.57,151.37,29.99,0.0,289.02,0.0,138.73,77.38,64.16
2026-06-05 23:50:00,3,-348.57,151.37,30.81,0.0,303.33,0.0,145.6,79.14,64.03
2026-06-05 23:55:00,3,-348.57,151.37,31.68,0.0,293.62,0.0,140.94,77.94,63.9
2026-06-06 00:00:00,3,-348.57,151.37,30.31,0.0,224.74,0.0,107.87,70.54,63.78
2026-06-06 00:05:00,3,-348.57,151.37,31.45,0.0,321.6,0.0,154.37,81.51,63.64
2026-06-06 00:10:00,3,-348.57,151.37,30.85,0.0,317.08,0.0,152.2,80.91,63.51
2026-06-06 00:15:00,3,-348.57,151.37,31.6,0.0,289.25,0.0,138.84,77.41,63.38
2026-06-06 00:20:00,3,-348.57,151.37,30.44,0.0,232.91,0.0,111.8,71.31,63.26
2026-06-06 00:25:00,3,-348.57,151.37,31.7,0.0,271.93,0.0,130.53,75.4,63.14
2026-06-06 00:30:00,3,-348.57,151.37,31.48,0.0,269.63,0.0,129.42,75.14,63.01
2026-06-06 00:35:00,3,-348.57,151.37,31.13,0.0,200.49,0.0,96.24,68.4,62.9
2026-06-06 00:40:00,3,-348.57,151.37,30.88,0.0,293.55,0.0,140.9,77.93,62.77
2026-06-06 00:45:00,3,-348.57,151.37,31.1,0.0,266.81,0.0,128.07,74.83,62.64
2026-06-06 00:50:00,3,-348.57,151.37,30.89,0.0,283.72,0.0,136.18,76.76,62.51
2026-06-06 00:55:00,3,-348.57,151.37,31.77,0.0,301.75,0.0,144.84,78.95,62.38
2026-06-06 01:00:00,3,-348.57,151.37,30.59,0.0,278.92,0.0,133.88,76.2,62.26
2026-06-06 01:05:00,3,-348.57,151.37,31.26,0.0,224.51,0.0,107.77,70.52,62.14
2026-06-06 01:10:00,3,-348.57,151.37,31.62,0.0,254.38,0.0,122.1,73.48,62.02
2026-06-06 01:15:00,3,-348.57,151.37,31.68,0.0,225.06,0.0,108.03,70.57,61.9
2026-06-06 01:20:00,3,-348.57,151.37,31.56,0.0,307.63,0.0,147.66,79.69,61.76
2026-06-06 01:25:00,3,-348.57,151.37,32.01,0.0,205.39,0.0,98.59,68.81,61.65
2026-06-06 01:30:00,3,-348.57,151.37,31.85,0.0,314.79,0.0,151.1,80.61,61.52
2026-06-06 01:35:00,3,-348.57,151.37,31.04,0.0,264.97,0.0,127.19,74.62,61.39
2026-06-06 01:40:00,3,-348.57,151.37,32.01,0.0,299.93,0.0,143.97,78.72,61.26
2026-06-06 01:45:00,3,-348.57,151.37,32.16,0.0,223.43,0.0,107.25,70.42,61.14
2026-06-06 01:50:00,3,-348.57,151.37,32.14,0.0,255.2,0.0,122.5,73.57,61.02
2026-06-06 01:55:00,3,-348.57,151.37,32.0,0.0,253.8,0.0,121.82,73.42,60.9
2026-06-06 02:00:00,3,-348.57,151.37,32.37,0.0,225.74,0.0,108.36,70.64,60.78
2026-06-06 02:05:00,3,-348.57,151.37,32.4,0.0,252.08,0.0,121.0,73.24,60.66
2026-06-06 02:10:00,3,-348.57,151.37,32.11,0.0,204.87,0.0,98.34,68.77,60.54
2026-06-06 02:15:00,3,-348.57,151.37,32.6,0.0,315.34,0.0,151.36,80.69,60.41
2026-06-06 02:20:00,3,-348.57,151.37,32.91,0.0,274.95,0.0,131.97,75.74,60.28
2026-06-06 02:25:00,3,-348.57,151.37,33.8,0.0,260.18,0.0,124.89,74.11,60.16
2026-06-06 02:30:00,3,-348.57,151.37,32.17,0.0,284.62,0.0,136.62,76.87,60.03
2026-06-06 02:35:00,3,-348.57,151.37,32.55,0.0,237.06,0.0,113.79,71.72,59.91
2026-06-06 02:40:00,3,-348.57,151.37,32.75,0.0,278.87,0.0,133.86,76.19,59.78
2026-06-06 02:45:00,3,-348.57,151.37,32.42,0.0,314.6,0.0,151.01,80.59,59.65
2026-06-06 02:50:00,3,-348.57,151.37,32.81,0.0,260.11,0.0,124.85,74.1,59.53
2026-06-06 02:55:00,3,-348.57,151.37,32.29,0.0,317.67,0.0,152.48,80.99,59.39
2026-06-06 03:00:00,3,-348.57,151.37,33.49,0.0,273.9,0.0,131.47,75.63,59.27
2026-06-06 03:05:00,3,-348.57,151.37,32.82,0.0,252.89,0.0,121.39,73.33,59.14
2026-06-06 03:10:00,3,-348.57,151.37,33.58,0.0,253.07,0.0,121.47,73.35,59.02
2026-06-06 03:15:00,3,-348.57,151.37,32.66,0.0,274.33,0.0,131.68,75.67,58.9
2026-06-06 03:20:00,3,-348.57,151.37,33.76,0.0,308.85,0.0,148.25,79.85,58.76
2026-06-06 03:25:00,3,-348.57,151.37,33.36,0.0,281.16,0.0,134.96,76.46,58.63
2026-06-06 03:30:00,3,-348.57,151.37,33.38,0.0,312.4,0.0,149.95,80.31,58.5
2026-06-06 03:35:00,3,-348.57,151.37,34.06,0.0,228.63,0.0,109.74,70.91,58.38
2026-06-06 03:40:00,3,-348.57,151.37,33.45,0.0,262.07,0.0,125.8,74.31,58.26
2026-06-06 03:45:00,3,-348.57,151.37,33.74,0.0,249.46,0.0,119.74,72.97,58.14
2026-06-06 03:50:00,3,-348.57,151.37,34.52,0.0,244.64,0.0,117.43,72.48,58.02
2026-06-06 03:55:00,3,-348.57,151.37,34.32,0.0,270.88,0.0,130.02,75.29,57.89
2026-06-06 04:00:00,3,-348.57,151.37,35.14,0.0,243.8,0.0,117.03,72.4,57.77
2026-06-06 04:05:00,3,-348.57,151.37,34.29,0.0,296.5,0.0,142.32,78.3,57.64
2026-06-06 04:10:00,3,-348.57,151.37,34.53,0.0,237.24,0.0,113.87,71.74,57.52
2026-06-06 04:15:00,3,-348.57,151.37,34.82,0.0,269.29,0.0,129.26,75.11,57.39
2026-06-06 04:20:00,3,-348.57,151.37,35.47,0.0,200.5,0.0,96.24,68.41,57.28
2026-06-06 04:25:00,3,-348.57,151.37,35.54,0.0,206.37,0.0,99.06,68.9,57.17
2026-06-06 04:30:00,3,-348.57,151.37,35.17,0.0,247.28,0.0,118.7,72.75,57.04
2026-06-06 04:35:00,3,-348.57,151.37,35.28,0.0,294.82,0.0,141.51,78.1,56.91
2026-06-06 04:40:00,3,-348.57,151.37,35.41,0.0,269.23,0.0,129.23,75.1,56.79
2026-06-06 04:45:00,3,-348.57,151.37,35.11,0.0,261.13,0.0,125.34,74.21,56.67
2026-06-06 04:50:00,3,-348.57,151.37,36.98,0.0,311.65,0.0,149.59,80.22,56.53
2026-06-06 04:55:00,3,-348.57,151.37,35.55,0.0,301.54,0.0,144.74,78.93,56.4
2026-06-06 05:00:00,3,-348.57,151.37,36.16,0.0,224.46,0.0,107.74,70.52,56.28
2026-06-06 05:05:00,3,-348.57,151.37,36.71,0.0,241.14,0.0,115.75,72.13,56.16
2026-06-06 05:10:00,3,-348.57,151.37,36.66,0.0,299.81,0.0,143.91,78.71,56.03
2026-06-06 05:15:00,3,-348.57,151.37,37.41,0.0,255.76,0.0,122.76,73.64,55.91
2026-06-06 05:20:00,3,-348.57,151.37,36.19,0.0,312.17,0.0,149.84,80.28,55.78
2026-06-06 05:25:00,3,-348.57,151.37,37.52,0.0,263.52,0.0,126.49,74.48,55.65
2026-06-06 05:30:00,3,-348.57,151.37,38.02,0.0,320.84,0.0,154.01,81.42,55.52
2026-06-06 05:35:00,3,-348.57,151.37,37.87,0.0,275.26,0.0,132.13,75.79,55.39
2026-06-06 05:40:00,3,-348.57,151.37,37.44,0.0,314.55,0.0,150.99,80.59,55.25
2026-06-06 05:45:00,3,-348.57,151.37,37.98,0.0,218.12,0.0,104.7,69.94,55.14
2026-06-06 05:50:00,3,-348.57,151.37,37.45,0.0,219.92,0.0,105.56,70.11,55.02
2026-06-06 05:55:00,3,-348.57,151.37,38.7,0.0,307.68,0.0,147.69,79.71,54.89
2026-06-06 06:00:00,3,-348.57,151.37,37.63,0.0,270.29,0.0,129.74,75.23,54.76
2026-06-06 06:05:00,3,-348.57,151.37,38.4,0.0,318.08,0.0,152.68,81.06,54.63
2026-06-06 06:10:00,3,-348.57,151.37,38.54,0.0,207.31,0.0,99.51,68.99,54.51
2026-06-06 06:15:00,3,-348.57,151.37,38.82,0.0,267.79,0.0,128.54,74.95,54.39
2026-06-06 06:20:00,3,-348.57,151.37,38.82,0.0,203.47,0.0,97.67,68.66,54.27
2026-06-06 06:25:00,3,-348.57,151.37,38.87,0.0,247.74,0.0,118.91,72.8,54.15
2026-06-06 06:30:00,3,-348.57,151.37,38.76,0.0,296.24,0.0,142.19,78.28,54.02
2026-06-06 06:35:00,3,-348.57,151.37,38.43,0.0,279.91,0.0,134.36,76.33,53.89
2026-06-06 06:40:00,3,-348.57,151.37,39.37,0.0,259.42,0.0,124.52,74.03,53.77
2026-06-06 06:45:00,3,-348.57,151.37,39.45,0.0,233.36,0.0,112.01,71.37,53.65
2026-06-06 06:50:00,3,-348.57,151.37,39.02,0.0,319.65,0.0,153.43,81.27,53.52
2026-06-06 06:55:00,3,-348.57,151.37,39.81,0.0,226.81,0.0,108.87,70.75,53.4
2026-06-06 07:00:00,3,-348.57,151.37,40.03,0.0,210.01,0.0,100.81,69.23,53.28
2026-06-06 07:05:00,3,-348.57,151.37,39.89,0.0,297.58,0.0,142.84,78.44,53.15
2026-06-06 07:10:00,3,-348.57,151.37,39.86,0.0,311.9,0.0,149.71,80.25,53.02
2026-06-06 07:15:00,3,-348.57,151.37,40.49,0.0,205.11,0.0,98.46,68.81,52.9
2026-06-06 07:20:00,3,-348.57,151.37,41.1,0.0,232.66,0.0,111.68,71.31,52.79
2026-06-06 07:25:00,3,-348.57,151.37,41.38,0.0,245.83,0.0,118.0,72.62,52.66
2026-06-06 07:30:00,3,-348.57,151.37,40.82,0.0,318.43,0.0,152.85,81.11,52.53
2026-06-06 07:35:00,3,-348.57,151.37,40.68,0.0,297.68,0.0,142.89,78.46,52.4
2026-06-06 07:40:00,3,-348.57,151.37,41.55,0.0,295.62,0.0,141.9,78.21,52.27
2026-06-06 07:45:00,3,-348.57,151.37,40.74,0.0,317.47,0.0,152.39,80.98,52.13
2026-06-06 07:50:00,3,-348.57,151.37,41.64,0.0,315.53,0.0,151.45,80.73,52.0
2026-06-06 07:55:00,3,-348.57,151.37,40.97,0.0,237.27,0.0,113.89,71.76,51.88
2026-06-06 08:00:00,3,-348.57,151.37,41.94,0.0,223.76,0.0,107.4,70.47,51.76
2026-06-06 08:05:00,3,-348.57,151.37,41.0,0.0,278.94,0.0,133.89,76.22,51.63
2026-06-06 08:10:00,3,-348.57,151.37,41.72,0.0,322.95,0.0,155.02,81.71,51.5
2026-06-06 08:15:00,3,-348.57,151.37,42.23,0.0,293.79,0.0,141.02,77.98,51.37
2026-06-06 08:20:00,3,-348.57,151.37,42.8,0.0,292.11,0.0,140.21,77.78,51.24
2026-06-06 08:25:00,3,-348.57,151.37,42.27,0.0,310.26,0.0,148.93,80.05,51.11
2026-06-06 08:30:00,3,-348.57,151.37,42.67,0.0,266.88,0.0,128.1,74.86,50.98
2026-06-06 08:35:00,3,-348.57,151.37,41.65,0.0,228.07,0.0,109.47,70.87,50.86
2026-06-06 08:40:00,3,-348.57,151.37,42.84,0.0,250.22,0.0,120.1,73.07,50.74
2026-06-06 08:45:00,3,-348.57,151.37,42.27,0.0,320.75,0.0,153.96,81.42,50.6
2026-06-06 08:50:00,3,-348.57,151.37,42.4,0.0,286.43,0.0,137.49,77.1,50.48
2026-06-06 08:55:00,3,-348.57,151.37,42.52,0.0,278.56,0.0,133.71,76.18,50.35
2026-06-06 09:00:00,3,-348.57,151.37,43.79,0.0,297.3,0.0,142.7,78.42,50.22
2026-06-06 09:05:00,3,-348.57,151.37,43.42,0.0,231.25,0.0,111.0,71.18,50.1
2026-06-06 09:10:00,3,-348.57,151.37,43.2,0.0,206.35,0.0,99.05,68.92,49.99
2026-06-06 09:15:00,3,-348.57,151.37,43.18,0.0,234.67,0.0,112.64,71.51,49.87
2026-06-06 09:20:00,3,-348.57,151.37,42.41,0.0,313.85,0.0,150.65,80.51,49.73
2026-06-06 09:25:00,3,-348.57,151.37,43.45,0.0,225.86,0.0,108.41,70.67,49.61
2026-06-06 09:30:00,3,-348.57,151.37,42.85,0.0,321.97,0.0,154.55,81.58,49.48
2026-06-06 09:35:00,3,-348.57,151.37,43.12,0.0,283.24,0.0,135.95,76.72,49.35
2026-06-06 09:40:00,3,-348.57,151.37,42.85,0.0,248.59,0.0,119.32,72.9,49.23
2026-06-06 09:45:00,3,-348.57,151.37,44.18,0.0,256.14,0.0,122.95,73.7,49.11
2026-06-06 09:50:00,3,-348.57,151.37,43.79,0.0,244.5,0.0,117.36,72.49,48.99
2026-06-06 09:55:00,3,-348.57,151.37,43.73,0.0,240.48,0.0,115.43,72.08,48.86
2026-06-06 10:00:00,3,-348.57,151.37,44.12,0.0,207.85,0.0,99.77,69.05,48.75
2026-06-06 10:05:00,3,-348.57,151.37,43.38,0.0,309.44,0.0,148.53,79.94,48.62
2026-06-06 10:10:00,3,-348.57,151.37,44.11,0.0,299.14,0.0,143.59,78.65,48.49
2026-06-06 10:15:00,3,-348.57,151.37,44.02,0.0,259.62,0.0,124.62,74.07,48.36
2026-06-06 10:20:00,3,-348.57,151.37,44.72,0.0,260.11,0.0,124.85,74.12,48.24
2026-06-06 10:25:00,3,-348.57,151.37,44.37,0.0,218.65,0.0,104.95,70.0,48.12
2026-06-06 10:30:00,3,-348.57,151.37,46.42,0.0,251.89,0.0,120.91,73.25,48.0
2026-06-06 10:35:00,3,-348.57,151.37,45.23,0.0,204.91,0.0,98.36,68.8,47.89
2026-06-06 10:40:00,3,-348.57,151.37,44.23,0.0,249.56,0.0,119.79,73.01,47.76
2026-06-06 10:45:00,3,-348.57,151.37,44.61,0.0,220.97,0.0,106.06,70.22,47.65
2026-06-06 10:50:00,3,-348.57,151.37,43.93,0.0,280.97,0.0,134.86,76.46,47.52
2026-06-06 10:55:00,3,-348.57,151.37,43.87,0.0,315.84,0.0,151.6,80.77,47.38
2026-06-06 11:00:00,3,-348.57,151.37,45.24,0.0,233.01,0.0,111.84,71.35,47.27
2026-06-06 11:05:00,3,-348.57,151.37,44.25,0.0,303.5,0.0,145.68,79.19,47.13
2026-06-06 11:10:00,3,-348.57,151.37,44.56,0.0,227.88,0.0,109.38,70.86,47.02
2026-06-06 11:15:00,3,-348.57,151.37,45.71,0.0,270.36,0.0,129.77,75.25,46.89
2026-06-06 11:20:00,3,-348.57,151.37,44.54,0.0,216.48,0.0,103.91,69.81,46.77
2026-06-06 11:25:00,3,-348.57,151.37,45.55,0.0,302.35,0.0,145.13,79.05,46.64
2026-06-06 11:30:00,3,-348.57,151.37,45.4,0.0,275.35,0.0,132.17,75.82,46.52
2026-06-06 11:35:00,3,-348.57,151.37,44.58,0.0,317.33,0.0,152.32,80.97,46.38
2026-06-06 11:40:00,3,-348.57,151.37,44.98,0.0,292.79,0.0,140.54,77.87,46.25
2026-06-06 11:45:00,3,-348.57,151.37,45.56,0.0,221.63,0.0,106.38,70.28,46.13
2026-06-06 11:50:00,3,-348.57,151.37,44.97,0.0,218.4,0.0,104.83,69.98,46.02
2026-06-06 11:55:00,3,-348.57,151.37,45.11,0.0,243.78,0.0,117.02,72.42,45.9
2026-06-06 12:00:00,3,-348.57,151.37,44.63,0.0,293.77,0.0,141.01,77.99,45.77
2026-06-06 12:05:00,3,-348.57,151.37,45.67,0.0,311.16,0.0,149.36,80.17,45.63
2026-06-06 12:10:00,3,-348.57,151.37,45.21,0.0,262.45,0.0,125.98,74.38,45.51
2026-06-06 12:15:00,3,-348.57,151.37,44.09,0.0,320.72,0.0,153.95,81.42,45.37
2026-06-06 12:20:00,3,-348.57,151.37,44.83,0.0,280.34,0.0,134.56,76.39,45.25
2026-06-06 12:25:00,3,-348.57,151.37,44.62,0.0,318.05,0.0,152.67,81.07,45.11
2026-06-06 12:30:00,3,-348.57,151.37,45.01,0.0,266.9,0.0,128.11,74.86,44.99
2026-06-06 12:35:00,3,-348.57,151.37,45.38,0.0,271.48,0.0,130.31,75.38,44.86
2026-06-06 12:40:00,3,-348.57,151.37,44.26,0.0,280.66,0.0,134.72,76.43,44.73
2026-06-06 12:45:00,3,-348.57,151.37,44.36,0.0,231.58,0.0,111.16,71.21,44.61
2026-06-06 12:50:00,3,-348.57,151.37,44.58,0.0,296.12,0.0,142.14,78.27,44.48
2026-06-06 12:55:00,3,-348.57,151.37,44.83,0.0,290.25,0.0,139.32,77.56,44.35
2026-06-06 13:00:00,3,-348.57,151.37,45.15,0.0,316.18,0.0,151.76,80.82,44.22
2026-06-06 13:05:00,3,-348.57,151.37,44.93,0.0,218.3,0.0,104.78,69.97,44.1
2026-06-06 13:10:00,3,-348.57,151.37,44.78,0.0,276.32,0.0,132.63,75.92,43.98
2026-06-06 13:15:00,3,-348.57,151.37,44.24,0.0,262.84,0.0,126.16,74.42,43.85
2026-06-06 13:20:00,3,-348.57,151.37,45.12,0.0,201.01,0.0,96.49,68.47,43.74
2026-06-06 13:25:00,3,-348.57,151.37,44.06,0.0,274.16,0.0,131.6,75.68,43.61
2026-06-06 13:30:00,3,-348.57,151.37,43.6,0.0,211.83,0.0,101.68,69.39,43.5
2026-06-06 13:35:00,3,-348.57,151.37,44.59,0.0,288.86,0.0,138.65,77.39,43.37
2026-06-06 13:40:00,3,-348.57,151.37,44.93,0.0,255.75,0.0,122.76,73.66,43.24
2026-06-06 13:45:00,3,-348.57,151.37,44.42,0.0,314.76,0.0,151.09,80.64,43.11
2026-06-06 13:50:00,3,-348.57,151.37,43.94,0.0,229.54,0.0,110.18,71.02,42.99
2026-06-06 13:55:00,3,-348.57,151.37,44.4,0.0,277.24,0.0,133.08,76.03,42.87
2026-06-06 14:00:00,3,-348.57,151.37,44.01,0.0,256.67,0.0,123.2,73.75,42.74
2026-06-06 14:05:00,3,-348.57,151.37,43.71,0.0,268.06,0.0,128.67,74.99,42.62
2026-06-06 14:10:00,3,-348.57,151.37,43.57,0.0,244.41,0.0,117.32,72.48,42.5
2026-06-06 14:15:00,3,-348.57,151.37,43.82,0.0,223.46,0.0,107.26,70.44,42.38
2026-06-06 14:20:00,3,-348.57,151.37,42.96,0.0,298.66,0.0,143.35,78.58,42.25
2026-06-06 14:25:00,3,-348.57,151.37,42.95,0.0,251.07,0.0,120.51,73.16,42.13
2026-06-06 14:30:00,3,-348.57,151.37,42.94,0.0,298.5,0.0,143.28,78.56,42.0
2026-06-06 14:35:00,3,-348.57,151.37,44.54,0.0,200.45,0.0,96.22,68.42,41.88
2026-06-06 14:40:00,3,-348.57,151.37,44.31,0.0,298.65,0.0,143.35,78.59,41.75
2026-06-06 14:45:00,3,-348.57,151.37,42.59,0.0,227.03,0.0,108.97,70.77,41.63
2026-06-06 14:50:00,3,-348.57,151.37,42.66,0.0,235.88,0.0,113.22,71.62,41.51
2026-06-06 14:55:00,3,-348.57,151.37,43.69,0.0,317.14,0.0,152.23,80.95,41.38
2026-06-06 15:00:00,3,-348.57,151.37,43.07,0.0,286.43,0.0,137.49,77.1,41.25
2026-06-06 15:05:00,3,-348.57,151.37,41.84,0.0,289.71,0.0,139.06,77.49,41.12
2026-06-06 15:10:00,3,-348.57,151.37,42.49,0.0,255.58,0.0,122.68,73.63,41.0
2026-06-06 15:15:00,3,-348.57,151.37,42.04,0.0,312.01,0.0,149.77,80.27,40.86
2026-06-06 15:20:00,3,-348.57,151.37,42.0,0.0,206.63,0.0,99.18,68.94,40.75
2026-06-06 15:25:00,3,-348.57,151.37,43.41,0.0,228.76,0.0,109.81,70.94,40.63
2026-06-06 15:30:00,3,-348.57,151.37,42.04,0.0,266.68,0.0,128.01,74.83,40.51
2026-06-06 15:35:00,3,-348.57,151.37,42.9,0.0,271.2,0.0,130.17,75.34,40.38
2026-06-06 15:40:00,3,-348.57,151.37,41.94,0.0,213.21,0.0,102.34,69.51,40.26
2026-06-06 15:45:00,3,-348.57,151.37,42.46,0.0,207.56,0.0,99.63,69.02,40.15
2026-06-06 15:50:00,3,-348.57,151.37,40.62,0.0,202.39,0.0,97.14,68.58,40.04
2026-06-06 15:55:00,3,-348.57,151.37,41.57,0.0,226.72,0.0,108.83,70.74,39.92
2026-06-06 16:00:00,3,-348.57,151.37,41.54,0.0,236.59,0.0,113.57,71.69,39.8
2026-06-06 16:05:00,3,-348.57,151.37,41.45,0.0,284.15,0.0,136.39,76.83,39.67
2026-06-06 16:10:00,3,-348.57,151.37,40.75,0.0,212.75,0.0,102.12,69.47,39.55
2026-06-06 16:15:00,3,-348.57,151.37,40.05,0.0,209.36,0.0,100.49,69.17,39.44
2026-06-06 16:20:00,3,-348.57,151.37,40.32,0.0,279.63,0.0,134.22,76.3,39.31
2026-06-06 16:25:00,3,-348.57,151.37,40.76,0.0,294.68,0.0,141.45,78.09,39.18
2026-06-06 16:30:00,3,-348.57,151.37,41.4,0.0,323.75,0.0,155.4,81.82,39.05
2026-06-06 16:35:00,3,-348.57,151.37,39.91,0.0,306.17,0.0,146.96,79.52,38.91
2026-06-06 16:40:00,3,-348.57,151.37,40.58,0.0,213.84,0.0,102.64,69.56,38.8
2026-06-06 16:45:00,3,-348.57,151.37,40.54,0.0,313.86,0.0,150.65,80.51,38.66
2026-06-06 16:50:00,3,-348.57,151.37,40.64,0.0,303.12,0.0,145.5,79.14,38.53
2026-06-06 16:55:00,3,-348.57,151.37,40.47,0.0,270.32,0.0,129.75,75.23,38.41
2026-06-06 17:00:00,3,-348.57,151.37,39.82,0.0,250.31,0.0,120.15,73.07,38.28
2026-06-06 17:05:00,3,-348.57,151.37,40.16,0.0,305.87,0.0,146.82,79.48,38.15
2026-06-06 17:10:00,3,-348.57,151.37,39.67,0.0,288.43,0.0,138.45,77.33,38.02
2026-06-06 17:15:00,3,-348.57,151.37,39.49,0.0,306.81,0.0,147.27,79.6,37.89
2026-06-06 17:20:00,3,-348.57,151.37,39.38,0.0,299.85,0.0,143.93,78.72,37.76
2026-06-06 17:25:00,3,-348.57,151.37,38.92,0.0,249.23,0.0,119.63,72.96,37.64
2026-06-06 17:30:00,3,-348.57,151.37,38.98,0.0,302.22,0.0,145.07,79.02,37.51
2026-06-06 17:35:00,3,-348.57,151.37,40.09,0.0,240.92,0.0,115.64,72.12,37.38
2026-06-06 17:40:00,3,-348.57,151.37,37.66,0.0,214.11,0.0,102.77,69.58,37.27
2026-06-06 17:45:00,3,-348.57,151.37,38.49,0.0,298.43,0.0,143.25,78.55,37.14
2026-06-06 17:50:00,3,-348.57,151.37,38.12,0.0,200.83,0.0,96.4,68.44,37.02
2026-06-06 17:55:00,3,-348.57,151.37,37.61,0.0,269.33,0.0,129.28,75.12,36.9
2026-06-06 18:00:00,3,-348.57,151.37,38.52,0.0,210.12,0.0,100.86,69.23,36.78
2026-06-06 18:05:00,3,-348.57,151.37,37.47,0.0,315.24,0.0,151.31,80.68,36.65
2026-06-06 18:10:00,3,-348.57,151.37,37.36,0.0,246.33,0.0,118.24,72.66,36.53
2026-06-06 18:15:00,3,-348.57,151.37,37.62,0.0,248.2,0.0,119.14,72.85,36.41
2026-06-06 18:20:00,3,-348.57,151.37,37.86,0.0,278.74,0.0,133.8,76.19,36.28
2026-06-06 18:25:00,3,-348.57,151.37,37.96,0.0,237.58,0.0,114.04,71.78,36.16
2026-06-06 18:30:00,3,-348.57,151.37,36.47,0.0,257.05,0.0,123.39,73.78,36.04
2026-06-06 18:35:00,3,-348.57,151.37,36.67,0.0,315.17,0.0,151.28,80.67,35.9
2026-06-06 18:40:00,3,-348.57,151.37,36.8,0.0,248.23,0.0,119.15,72.85,35.78
2026-06-06 18:45:00,3,-348.57,151.37,36.36,0.0,212.22,0.0,101.86,69.41,35.67
2026-06-06 18:50:00,3,-348.57,151.37,36.58,0.0,302.28,0.0,145.1,79.02,35.53
2026-06-06 18:55:00,3,-348.57,151.37,36.88,0.0,299.16,0.0,143.59,78.63,35.4
2026-06-06 19:00:00,3,-348.57,151.37,35.92,0.0,297.34,0.0,142.72,78.41,35.27
2026-06-06 19:05:00,3,-348.57,151.37,37.1,0.0,240.19,0.0,115.29,72.04,35.15
2026-06-06 19:10:00,3,-348.57,151.37,35.16,0.0,256.53,0.0,123.13,73.72,35.03
2026-06-06 19:15:00,3,-348.57,151.37,35.75,0.0,204.12,0.0,97.98,68.71,34.91
2026-06-06 19:20:00,3,-348.57,151.37,35.54,0.0,219.22,0.0,105.23,70.04,34.8
2026-06-06 19:25:00,3,-348.57,151.37,35.37,0.0,251.26,0.0,120.61,73.16,34.68
2026-06-06 19:30:00,3,-348.57,151.37,35.59,0.0,216.45,0.0,103.9,69.79,34.56
2026-06-06 19:35:00,3,-348.57,151.37,35.69,0.0,287.59,0.0,138.04,77.22,34.43
2026-06-06 19:40:00,3,-348.57,151.37,34.95,0.0,277.95,0.0,133.42,76.09,34.3
2026-06-06 19:45:00,3,-348.57,151.37,34.94,0.0,239.5,0.0,114.96,71.97,34.18
2026-06-06 19:50:00,3,-348.57,151.37,35.73,0.0,235.86,0.0,113.21,71.61,34.06
2026-06-06 19:55:00,3,-348.57,151.37,33.93,0.0,227.34,0.0,109.12,70.79,33.95
2026-06-06 20:00:00,3,-348.57,151.37,33.62,0.0,278.28,0.0,133.57,76.13,33.82
2026-06-06 20:05:00,3,-348.57,151.37,33.99,0.0,229.55,0.0,110.18,71.0,33.7
2026-06-06 20:10:00,3,-348.57,151.37,34.11,0.0,275.89,0.0,132.43,75.85,33.57
2026-06-06 20:15:00,3,-348.57,151.37,33.99,0.0,283.81,0.0,136.23,76.77,33.45
2026-06-06 20:20:00,3,-348.57,151.37,34.03,0.0,271.71,0.0,130.42,75.38,33.32
2026-06-06 20:25:00,3,-348.57,151.37,33.63,0.0,282.66,0.0,135.68,76.64,33.19
2026-06-06 20:30:00,3,-348.57,151.37,33.07,0.0,252.92,0.0,121.4,73.33,33.07
2026-06-06 20:35:00,3,-348.57,151.37,34.21,0.0,237.66,0.0,114.08,71.78,32.95
2026-06-06 20:40:00,3,-348.57,151.37,34.17,0.0,292.62,0.0,140.46,77.83,32.82
2026-06-06 20:45:00,3,-348.57,151.37,33.74,0.0,249.3,0.0,119.66,72.96,32.7
2026-06-06 20:50:00,3,-348.57,151.37,33.53,0.0,228.51,0.0,109.69,70.9,32.58
2026-06-06 20:55:00,3,-348.57,151.37,32.76,0.0,216.48,0.0,103.91,69.79,32.47
2026-06-06 21:00:00,3,-348.57,151.37,33.05,0.0,274.71,0.0,131.86,75.72,32.34
2026-06-06 21:05:00,3,-348.57,151.37,33.43,0.0,288.46,0.0,138.46,77.32,32.21
2026-06-06 21:10:00,3,-348.57,151.37,31.12,0.0,275.71,0.0,132.34,75.83,32.08
2026-06-06 21:15:00,3,-348.57,151.37,33.23,0.0,302.4,0.0,145.15,79.03,31.95
2026-06-06 21:20:00,3,-348.57,151.37,32.71,0.0,302.49,0.0,145.19,79.04,31.82
2026-06-06 21:25:00,3,-348.57,151.37,32.84,0.0,267.83,0.0,128.56,74.94,31.7
2026-06-06 21:30:00,3,-348.57,151.37,31.89,0.0,238.37,0.0,114.42,71.85,31.58
2026-06-06 21:35:00,3,-348.57,151.37,32.3,0.0,300.05,0.0,144.03,78.74,31.45
2026-06-06 21:40:00,3,-348.57,151.37,32.21,0.0,230.75,0.0,110.76,71.11,31.33
2026-06-06 21:45:00,3,-348.57,151.37,32.07,0.0,300.62,0.0,144.3,78.81,31.2
2026-06-06 21:50:00,3,-348.57,151.37,32.34,0.0,247.97,0.0,119.02,72.82,31.07
2026-06-06 21:55:00,3,-348.57,151.37,31.79,0.0,244.68,0.0,117.44,72.48,30.95
2026-06-06 22:00:00,3,-348.57,151.37,31.65,0.0,308.79,0.0,148.22,79.84,30.82
2026-06-06 22:05:00,3,-348.57,151.37,31.94,0.0,237.25,0.0,113.88,71.74,30.7
2026-06-06 22:10:00,3,-348.57,151.37,32.85,0.0,301.39,0.0,144.67,78.9,30.57
2026-06-06 22:15:00,3,-348.57,151.37,31.87,0.0,236.0,0.0,113.28,71.62,30.45
2026-06-06 22:20:00,3,-348.57,151.37,32.33,0.0,293.24,0.0,140.75,77.9,30.32
2026-06-06 22:25:00,3,-348.57,151.37,31.89,0.0,231.58,0.0,111.16,71.19,30.2
2026-06-06 22:30:00,3,-348.57,151.37,30.7,0.0,210.24,0.0,100.92,69.23,30.09
2026-06-06 22:35:00,3,-348.57,151.37,31.18,0.0,260.53,0.0,125.06,74.14,29.96
2026-06-06 22:40:00,3,-348.57,151.37,31.31,0.0,224.53,0.0,107.77,70.52,29.84
2026-06-06 22:45:00,3,-348.57,151.37,31.4,0.0,266.59,0.0,127.96,74.8,29.72
2026-06-06 22:50:00,3,-348.57,151.37,31.22,0.0,205.51,0.0,98.65,68.82,29.61
2026-06-06 22:55:00,3,-348.57,151.37,31.45,0.0,249.85,0.0,119.93,73.01,29.48
2026-06-06 23:00:00,3,-348.57,151.37,30.84,0.0,254.06,0.0,121.95,73.45,29.36
2026-06-06 23:05:00,3,-348.57,151.37,30.86,0.0,223.84,0.0,107.44,70.45,29.24
2026-06-06 23:10:00,3,-348.57,151.37,31.31,0.0,227.13,0.0,109.02,70.76,29.13
2026-06-06 23:15:00,3,-348.57,151.37,30.36,0.0,233.63,0.0,112.14,71.38,29.01
2026-06-06 23:20:00,3,-348.57,151.37,31.86,0.0,291.5,0.0,139.92,77.69,28.88
2026-06-06 23:25:00,3,-348.57,151.37,30.64,0.0,289.88,0.0,139.14,77.49,28.75
2026-06-06 23:30:00,3,-348.57,151.37,31.27,0.0,203.49,0.0,97.67,68.65,28.63
2026-06-06 23:35:00,3,-348.57,151.37,31.38,0.0,243.42,0.0,116.84,72.35,28.51
2026-06-06 23:40:00,3,-348.57,151.37,31.54,0.0,294.42,0.0,141.32,78.04,28.38
2026-06-06 23:45:00,3,-348.57,151.37,31.96,0.0,276.22,0.0,132.58,75.89,28.26
2026-06-06 23:50:00,3,-348.57,151.37,30.88,0.0,240.5,0.0,115.44,72.06,28.14
2026-06-06 23:55:00,3,-348.57,151.37,30.64,0.0,287.15,0.0,137.83,77.16,28.01
2026-06-07 00:00:00,3,-348.57,151.37,31.04,0.0,321.47,0.0,154.3,81.49,27.87
2026-06-07 00:05:00,3,-348.57,151.37,30.83,0.0,319.47,0.0,153.35,81.23,27.74
2026-06-07 00:10:00,3,-348.57,151.37,31.52,0.0,220.27,0.0,105.73,70.13,27.62
2026-06-07 00:15:00,3,-348.57,151.37,30.99,0.0,266.94,0.0,128.13,74.84,27.5
2026-06-07 00:20:00,3,-348.57,151.37,31.55,0.0,242.53,0.0,116.41,72.26,27.37
2026-06-07 00:25:00,3,-348.57,151.37,31.18,0.0,297.09,0.0,142.6,78.37,27.24
2026-06-07 00:30:00,3,-348.57,151.37,31.3,0.0,203.78,0.0,97.81,68.68,27.13
2026-06-07 00:35:00,3,-348.57,151.37,31.06,0.0,278.64,0.0,133.75,76.17,27.0
2026-06-07 00:40:00,3,-348.57,151.37,30.91,0.0,222.63,0.0,106.86,70.34,26.89
2026-06-07 00:45:00,3,-348.57,151.37,30.86,0.0,220.94,0.0,106.05,70.19,26.77
2026-06-07 00:50:00,3,-348.57,151.37,31.17,0.0,247.64,0.0,118.87,72.78,26.65
2026-06-07 00:55:00,3,-348.57,151.37,31.11,0.0,297.05,0.0,142.58,78.36,26.52
2026-06-07 01:00:00,3,-348.57,151.37,31.1,0.0,210.93,0.0,101.25,69.29,26.4
2026-06-07 01:05:00,3,-348.57,151.37,31.08,0.0,320.75,0.0,153.96,81.4,26.27
2026-06-07 01:10:00,3,-348.57,151.37,31.06,0.0,269.72,0.0,129.46,75.15,26.14
2026-06-07 01:15:00,3,-348.57,151.37,31.09,0.0,214.42,0.0,102.92,69.6,26.02
2026-06-07 01:20:00,3,-348.57,151.37,32.01,0.0,214.21,0.0,102.82,69.58,25.91
2026-06-07 01:25:00,3,-348.57,151.37,31.64,0.0,218.96,0.0,105.1,70.01,25.79
2026-06-07 01:30:00,3,-348.57,151.37,31.76,0.0,270.42,0.0,129.8,75.23,25.67
2026-06-07 01:35:00,3,-348.57,151.37,31.99,0.0,281.11,0.0,134.93,76.45,25.54
2026-06-07 01:40:00,3,-348.57,151.37,31.26,0.0,322.88,0.0,154.98,81.68,25.4
2026-06-07 01:45:00,3,-348.57,151.37,32.07,0.0,224.9,0.0,107.95,70.55,25.29
2026-06-07 01:50:00,3,-348.57,151.37,30.96,0.0,208.72,0.0,100.19,69.1,25.17
2026-06-07 01:55:00,3,-348.57,151.37,31.52,0.0,215.98,0.0,103.67,69.74,25.05
2026-06-07 02:00:00,3,-348.57,151.37,31.95,0.0,318.83,0.0,153.04,81.15,24.92
2026-06-07 02:05:00,3,-348.57,151.37,31.32,0.0,257.56,0.0,123.63,73.82,24.8
2026-06-07 02:10:00,3,-348.57,151.37,32.16,0.0,252.21,0.0,121.06,73.26,24.67
2026-06-07 02:15:00,3,-348.57,151.37,31.58,0.0,297.31,0.0,142.71,78.4,24.54
2026-06-07 02:20:00,3,-348.57,151.37,31.73,0.0,295.58,0.0,141.88,78.18,24.41
2026-06-07 02:25:00,3,-348.57,151.37,32.38,0.0,231.24,0.0,110.99,71.15,24.29
2026-06-07 02:30:00,3,-348.57,151.37,32.52,0.0,264.7,0.0,127.06,74.6,24.17
2026-06-07 02:35:00,3,-348.57,151.37,31.98,0.0,278.85,0.0,133.85,76.19,24.04
2026-06-07 02:40:00,3,-348.57,151.37,32.36,0.0,298.76,0.0,143.41,78.58,23.91
2026-06-07 02:45:00,3,-348.57,151.37,32.98,0.0,316.46,0.0,151.9,80.83,23.78
2026-06-07 02:50:00,3,-348.57,151.37,32.48,0.0,213.23,0.0,102.35,69.5,23.66
2026-06-07 02:55:00,3,-348.57,151.37,32.52,0.0,304.21,0.0,146.02,79.26,23.53
2026-06-07 03:00:00,3,-348.57,151.37,33.02,0.0,302.86,0.0,145.37,79.09,23.4
2026-06-07 03:05:00,3,-348.57,151.37,32.89,0.0,306.93,0.0,147.33,79.6,23.26
2026-06-07 03:10:00,3,-348.57,151.37,34.02,0.0,288.93,0.0,138.69,77.38,23.14
2026-06-07 03:15:00,3,-348.57,151.37,32.88,0.0,214.95,0.0,103.18,69.65,23.02
2026-06-07 03:20:00,3,-348.57,151.37,33.49,0.0,204.1,0.0,97.97,68.71,22.9
2026-06-07 03:25:00,3,-348.57,151.37,33.99,0.0,241.75,0.0,116.04,72.19,22.78
2026-06-07 03:30:00,3,-348.57,151.37,34.38,0.0,236.96,0.0,113.74,71.71,22.66
2026-06-07 03:35:00,3,-348.57,151.37,33.75,0.0,247.23,0.0,118.67,72.74,22.54
2026-06-07 03:40:00,3,-348.57,151.37,34.05,0.0,244.34,0.0,117.28,72.45,22.42
2026-06-07 03:45:00,3,-348.57,151.37,34.08,0.0,269.77,0.0,129.49,75.16,22.3
2026-06-07 03:50:00,3,-348.57,151.37,33.37,0.0,202.75,0.0,97.32,68.59,22.18
2026-06-07 03:55:00,3,-348.57,151.37,33.52,0.0,297.22,0.0,142.66,78.39,22.05
2026-06-07 04:00:00,3,-348.57,151.37,34.44,0.0,276.69,0.0,132.81,75.95,21.93
2026-06-07 04:05:00,3,-348.57,151.37,33.97,0.0,230.3,0.0,110.54,71.07,21.81
2026-06-07 04:10:00,3,-348.57,151.37,34.58,0.0,305.79,0.0,146.78,79.46,21.68
2026-06-07 04:15:00,3,-348.57,151.37,33.89,0.0,259.43,0.0,124.53,74.03,21.55
2026-06-07 04:20:00,3,-348.57,151.37,36.07,0.0,248.27,0.0,119.17,72.86,21.43
2026-06-07 04:25:00,3,-348.57,151.37,35.04,0.0,237.1,0.0,113.81,71.73,21.31
2026-06-07 04:30:00,3,-348.57,151.37,34.25,0.0,250.54,0.0,120.26,73.09,21.19
2026-06-07 04:35:00,3,-348.57,151.37,35.99,0.0,247.78,0.0,118.93,72.8,21.07
2026-06-07 04:40:00,3,-348.57,151.37,35.2,0.0,302.29,0.0,145.1,79.02,20.94
2026-06-07 04:45:00,3,-348.57,151.37,35.34,0.0,317.02,0.0,152.17,80.91,20.8
2026-06-07 04:50:00,3,-348.57,151.37,35.98,0.0,302.85,0.0,145.37,79.09,20.67
2026-06-07 04:55:00,3,-348.57,151.37,35.86,0.0,277.46,0.0,133.18,76.04,20.54
2026-06-07 05:00:00,3,-348.57,151.37,35.11,0.0,304.76,0.0,146.28,79.33,20.41
2026-06-07 05:05:00,3,-348.57,151.37,35.42,0.0,320.58,0.0,153.88,81.38,20.27
2026-06-07 05:10:00,3,-348.57,151.37,36.29,0.0,272.16,0.0,130.64,75.43,20.15
2026-06-07 05:15:00,3,-348.57,151.37,36.48,0.0,295.04,0.0,141.62,78.13,20.02
2026-06-07 05:20:00,3,-348.57,151.37,36.93,0.0,203.37,0.0,97.62,68.65,19.9
2026-06-07 05:25:00,3,-348.57,151.37,35.41,0.0,306.19,0.0,146.97,79.51,19.77
2026-06-07 05:30:00,3,-348.57,151.37,36.68,0.0,234.5,0.0,112.56,71.48,19.65
2026-06-07 05:35:00,3,-348.57,151.37,37.41,0.0,226.9,0.0,108.91,70.75,19.53
2026-06-07 05:40:00,3,-348.57,151.37,37.46,0.0,202.01,0.0,96.96,68.54,19.42
2026-06-07 05:45:00,3,-348.57,151.37,37.98,0.0,302.23,0.0,145.07,79.02,19.29
2026-06-07 05:50:00,3,-348.57,151.37,37.96,0.0,298.24,0.0,143.16,78.52,19.16
2026-06-07 05:55:00,3,-348.57,151.37,38.34,0.0,259.98,0.0,124.79,74.09,19.03
2026-06-07 06:00:00,3,-348.57,151.37,38.33,0.0,203.82,0.0,97.83,68.69,18.92
2026-06-07 06:05:00,3,-348.57,151.37,38.82,0.0,273.44,0.0,131.25,75.58,18.79
2026-06-07 06:10:00,3,-348.57,151.37,38.8,0.0,263.72,0.0,126.58,74.5,18.67
2026-06-07 06:15:00,3,-348.57,151.37,39.1,0.0,249.65,0.0,119.83,73.0,18.55
2026-06-07 06:20:00,3,-348.57,151.37,39.05,0.0,284.44,0.0,136.53,76.86,18.42
2026-06-07 06:25:00,3,-348.57,151.37,39.11,0.0,309.68,0.0,148.65,79.97,18.29
2026-06-07 06:30:00,3,-348.57,151.37,38.26,0.0,303.3,0.0,145.58,79.15,18.15
2026-06-07 06:35:00,3,-348.57,151.37,38.99,0.0,246.51,0.0,118.32,72.68,18.03
2026-06-07 06:40:00,3,-348.57,151.37,39.09,0.0,237.93,0.0,114.21,71.82,17.91
2026-06-07 06:45:00,3,-348.57,151.37,38.38,0.0,220.76,0.0,105.97,70.18,17.8
2026-06-07 06:50:00,3,-348.57,151.37,39.59,0.0,204.4,0.0,98.11,68.74,17.68
2026-06-07 06:55:00,3,-348.57,151.37,39.33,0.0,304.51,0.0,146.16,79.31,17.55
2026-06-07 07:00:00,3,-348.57,151.37,39.42,0.0,218.37,0.0,104.82,69.97,17.43
2026-06-07 07:05:00,3,-348.57,151.37,40.07,0.0,200.34,0.0,96.17,68.41,17.32
2026-06-07 07:10:00,3,-348.57,151.37,39.78,0.0,221.96,0.0,106.54,70.3,17.2
2026-06-07 07:15:00,3,-348.57,151.37,40.1,0.0,290.09,0.0,139.24,77.53,17.07
2026-06-07 07:20:00,3,-348.57,151.37,40.83,0.0,246.99,0.0,118.55,72.73,16.95
2026-06-07 07:25:00,3,-348.57,151.37,41.1,0.0,267.54,0.0,128.42,74.93,16.83
2026-06-07 07:30:00,3,-348.57,151.37,40.38,0.0,320.62,0.0,153.9,81.4,16.69
2026-06-07 07:35:00,3,-348.57,151.37,41.34,0.0,250.15,0.0,120.07,73.06,16.57
2026-06-07 07:40:00,3,-348.57,151.37,40.02,0.0,314.43,0.0,150.93,80.58,16.44
2026-06-07 07:45:00,3,-348.57,151.37,41.76,0.0,215.97,0.0,103.67,69.76,16.32
2026-06-07 07:50:00,3,-348.57,151.37,41.29,0.0,311.49,0.0,149.51,80.2,16.19
2026-06-07 07:55:00,3,-348.57,151.37,40.94,0.0,257.49,0.0,123.6,73.83,16.06
2026-06-07 08:00:00,3,-348.57,151.37,41.61,0.0,314.89,0.0,151.15,80.65,15.93
2026-06-07 08:05:00,3,-348.57,151.37,41.79,0.0,267.06,0.0,128.19,74.87,15.8
2026-06-07 08:10:00,3,-348.57,151.37,41.95,0.0,300.23,0.0,144.11,78.78,15.67
2026-06-07 08:15:00,3,-348.57,151.37,41.91,0.0,243.91,0.0,117.08,72.42,15.55
2026-06-07 08:20:00,3,-348.57,151.37,41.97,0.0,250.47,0.0,120.23,73.1,15.43
2026-06-07 08:25:00,3,-348.57,151.37,41.39,0.0,249.6,0.0,119.81,73.0,15.31
2026-06-07 08:30:00,3,-348.57,151.37,42.5,0.0,222.9,0.0,106.99,70.39,15.19
2026-06-07 08:35:00,3,-348.57,151.37,42.62,0.0,230.25,0.0,110.52,71.08,15.07
2026-06-07 08:40:00,3,-348.57,151.37,42.88,0.0,299.4,0.0,143.71,78.67,14.94
2026-06-07 08:45:00,3,-348.57,151.37,42.91,0.0,206.11,0.0,98.93,68.9,14.83
2026-06-07 08:50:00,3,-348.57,151.37,42.55,0.0,242.21,0.0,116.26,72.25,14.71
2026-06-07 08:55:00,3,-348.57,151.37,42.6,0.0,286.3,0.0,137.42,77.08,14.58
2026-06-07 09:00:00,3,-348.57,151.37,43.23,0.0,303.39,0.0,145.63,79.18,14.45
2026-06-07 09:05:00,3,-348.57,151.37,44.8,0.0,268.59,0.0,128.92,75.05,14.32
2026-06-07 09:10:00,3,-348.57,151.37,43.42,0.0,203.17,0.0,97.52,68.65,14.21
2026-06-07 09:15:00,3,-348.57,151.37,43.06,0.0,242.94,0.0,116.61,72.33,14.09
2026-06-07 09:20:00,3,-348.57,151.37,43.18,0.0,238.87,0.0,114.66,71.92,13.97
2026-06-07 09:25:00,3,-348.57,151.37,43.14,0.0,294.36,0.0,141.29,78.05,13.84
2026-06-07 09:30:00,3,-348.57,151.37,43.63,0.0,238.51,0.0,114.48,71.88,13.72
2026-06-07 09:35:00,3,-348.57,151.37,43.81,0.0,211.99,0.0,101.76,69.41,13.6
2026-06-07 09:40:00,3,-348.57,151.37,44.61,0.0,224.08,0.0,107.56,70.5,13.48
2026-06-07 09:45:00,3,-348.57,151.37,44.34,0.0,323.42,0.0,155.24,81.78,13.35
2026-06-07 09:50:00,3,-348.57,151.37,44.11,0.0,203.93,0.0,97.89,68.71,13.23
2026-06-07 09:55:00,3,-348.57,151.37,43.63,0.0,257.88,0.0,123.78,73.88,13.11
2026-06-07 10:00:00,3,-348.57,151.37,44.36,0.0,236.47,0.0,113.5,71.68,12.99
2026-06-07 10:05:00,3,-348.57,151.37,43.57,0.0,229.31,0.0,110.07,70.99,12.87
2026-06-07 10:10:00,3,-348.57,151.37,44.14,0.0,273.56,0.0,131.31,75.61,12.74
2026-06-07 10:15:00,3,-348.57,151.37,44.26,0.0,299.93,0.0,143.96,78.74,12.61
2026-06-07 10:20:00,3,-348.57,151.37,43.45,0.0,231.68,0.0,111.21,71.22,12.49
2026-06-07 10:25:00,3,-348.57,151.37,44.14,0.0,319.81,0.0,153.51,81.3,12.36
2026-06-07 10:30:00,3,-348.57,151.37,44.24,0.0,230.92,0.0,110.84,71.15,12.24
2026-06-07 10:35:00,3,-348.57,151.37,45.05,0.0,273.71,0.0,131.38,75.63,12.11
2026-06-07 10:40:00,3,-348.57,151.37,44.4,0.0,209.51,0.0,100.56,69.19,12.0
2026-06-07 10:45:00,3,-348.57,151.37,44.8,0.0,294.33,0.0,141.28,78.06,11.87
2026-06-07 10:50:00,3,-348.57,151.37,44.59,0.0,316.85,0.0,152.09,80.91,11.73
2026-06-07 10:55:00,3,-348.57,151.37,44.97,0.0,298.17,0.0,143.12,78.53,11.6
2026-06-07 11:00:00,3,-348.57,151.37,44.47,0.0,214.29,0.0,102.86,69.61,11.49
2026-06-07 11:05:00,3,-348.57,151.37,44.6,0.0,297.27,0.0,142.69,78.42,11.36
2026-06-07 11:10:00,3,-348.57,151.37,44.71,0.0,253.62,0.0,121.74,73.43,11.23
2026-06-07 11:15:00,3,-348.57,151.37,44.67,0.0,233.75,0.0,112.2,71.42,11.12
2026-06-07 11:20:00,3,-348.57,151.37,44.56,0.0,228.46,0.0,109.66,70.91,11.0
2026-06-07 11:25:00,3,-348.57,151.37,44.72,0.0,258.79,0.0,124.22,73.98,10.87
2026-06-07 11:30:00,3,-348.57,151.37,45.99,0.0,273.4,0.0,131.23,75.59,10.75
2026-06-07 11:35:00,3,-348.57,151.37,44.65,0.0,241.05,0.0,115.7,72.14,10.63
2026-06-07 11:40:00,3,-348.57,151.37,44.7,0.0,297.32,0.0,142.71,78.42,10.5
2026-06-07 11:45:00,3,-348.57,151.37,44.51,0.0,205.68,0.0,98.73,68.86,10.38
2026-06-07 11:50:00,3,-348.57,151.37,45.17,0.0,310.64,0.0,149.11,80.1,10.25
2026-06-07 11:55:00,3,-348.57,151.37,44.04,0.0,313.89,0.0,150.67,80.52,10.11
2026-06-07 12:00:00,3,-348.57,151.37,44.84,0.0,221.94,0.0,106.53,70.31,10.0
2026-06-07 12:05:00,3,-348.57,151.37,44.32,0.0,272.32,0.0,130.71,75.47,9.87
2026-06-07 12:10:00,3,-348.57,151.37,45.64,0.0,291.47,0.0,139.9,77.71,9.74
2026-06-07 12:15:00,3,-348.57,151.37,45.31,0.0,209.61,0.0,100.61,69.2,9.63
2026-06-07 12:20:00,3,-348.57,151.37,44.84,0.0,280.59,0.0,134.69,76.42,9.5
2026-06-07 12:25:00,3,-348.57,151.37,44.68,0.0,279.55,0.0,134.19,76.3,9.37
2026-06-07 12:30:00,3,-348.57,151.37,44.7,0.0,222.69,0.0,106.89,70.37,9.25
2026-06-07 12:35:00,3,-348.57,151.37,43.99,0.0,286.62,0.0,137.58,77.13,9.13
2026-06-07 12:40:00,3,-348.57,151.37,45.2,0.0,309.91,0.0,148.76,80.01,8.99
2026-06-07 12:45:00,3,-348.57,151.37,44.66,0.0,290.46,0.0,139.42,77.59,8.86
2026-06-07 12:50:00,3,-348.57,151.37,44.98,0.0,300.57,0.0,144.27,78.82,8.73
2026-06-07 12:55:00,3,-348.57,151.37,44.35,0.0,218.24,0.0,104.76,69.97,8.62
2026-06-07 13:00:00,3,-348.57,151.37,44.23,0.0,305.19,0.0,146.49,79.4,8.48
2026-06-07 13:05:00,3,-348.57,151.37,44.07,0.0,235.94,0.0,113.25,71.63,8.36
2026-06-07 13:10:00,3,-348.57,151.37,45.2,0.0,302.38,0.0,145.14,79.05,8.23
2026-06-07 13:15:00,3,-348.57,151.37,44.56,0.0,279.97,0.0,134.38,76.34,8.1
2026-06-07 13:20:00,3,-348.57,151.37,44.4,0.0,254.99,0.0,122.4,73.57,7.98
2026-06-07 13:25:00,3,-348.57,151.37,44.5,0.0,321.87,0.0,154.5,81.57,7.85
2026-06-07 13:30:00,3,-348.57,151.37,44.36,0.0,240.92,0.0,115.64,72.13,7.73
2026-06-07 13:35:00,3,-348.57,151.37,44.72,0.0,311.02,0.0,149.29,80.15,7.59
2026-06-07 13:40:00,3,-348.57,151.37,44.69,0.0,317.39,0.0,152.35,80.98,7.46
2026-06-07 13:45:00,3,-348.57,151.37,44.38,0.0,272.65,0.0,130.87,75.51,7.33
2026-06-07 13:50:00,3,-348.57,151.37,44.53,0.0,203.19,0.0,97.53,68.65,7.22
2026-06-07 13:55:00,3,-348.57,151.37,43.92,0.0,249.83,0.0,119.92,73.03,7.1
2026-06-07 14:00:00,3,-348.57,151.37,43.22,0.0,237.1,0.0,113.81,71.75,6.98
2026-06-07 14:05:00,3,-348.57,151.37,43.27,0.0,260.82,0.0,125.2,74.2,6.85
2026-06-07 14:10:00,3,-348.57,151.37,44.27,0.0,253.97,0.0,121.9,73.46,6.73
2026-06-07 14:15:00,3,-348.57,151.37,44.27,0.0,257.58,0.0,123.64,73.85,6.61
2026-06-07 14:20:00,3,-348.57,151.37,44.47,0.0,322.73,0.0,154.91,81.69,6.47
2026-06-07 14:25:00,3,-348.57,151.37,43.86,0.0,259.81,0.0,124.71,74.09,6.35
2026-06-07 14:30:00,3,-348.57,151.37,43.61,0.0,293.19,0.0,140.73,77.91,6.22
2026-06-07 14:35:00,3,-348.57,151.37,42.76,0.0,282.84,0.0,135.76,76.68,6.09
2026-06-07 14:40:00,3,-348.57,151.37,43.33,0.0,242.08,0.0,116.2,72.24,5.97
2026-06-07 14:45:00,3,-348.57,151.37,43.3,0.0,292.84,0.0,140.57,77.87,5.84
2026-06-07 14:50:00,3,-348.57,151.37,43.08,0.0,257.73,0.0,123.71,73.86,5.72
2026-06-07 14:55:00,3,-348.57,151.37,42.48,0.0,218.02,0.0,104.65,69.94,5.6
2026-06-07 15:00:00,3,-348.57,151.37,43.22,0.0,237.88,0.0,114.18,71.82,5.48
2026-06-07 15:05:00,3,-348.57,151.37,42.73,0.0,293.18,0.0,140.73,77.91,5.35
2026-06-07 15:10:00,3,-348.57,151.37,42.09,0.0,200.81,0.0,96.39,68.45,5.24
2026-06-07 15:15:00,3,-348.57,151.37,42.53,0.0,312.05,0.0,149.78,80.28,5.1
2026-06-07 15:20:00,3,-348.57,151.37,42.99,0.0,255.04,0.0,122.42,73.58,4.98
2026-06-07 15:25:00,3,-348.57,151.37,42.08,0.0,227.21,0.0,109.06,70.79,4.86
2026-06-07 15:30:00,3,-348.57,151.37,42.04,0.0,269.46,0.0,129.34,75.14,4.74
2026-06-07 15:35:00,3,-348.57,151.37,42.11,0.0,308.34,0.0,148.0,79.8,4.6
2026-06-07 15:40:00,3,-348.57,151.37,42.7,0.0,294.14,0.0,141.19,78.03,4.47
2026-06-07 15:45:00,3,-348.57,151.37,42.58,0.0,243.48,0.0,116.87,72.38,4.35
2026-06-07 15:50:00,3,-348.57,151.37,42.44,0.0,324.52,0.0,155.77,81.92,4.22
2026-06-07 15:55:00,3,-348.57,151.37,42.97,0.0,290.1,0.0,139.25,77.54,4.09
2026-06-07 16:00:00,3,-348.57,151.37,41.54,0.0,314.2,0.0,150.82,80.56,3.95
2026-06-07 16:05:00,3,-348.57,151.37,41.05,0.0,323.41,0.0,155.24,81.77,3.82
2026-06-07 16:10:00,3,-348.57,151.37,41.48,0.0,217.21,0.0,104.26,69.87,3.7
2026-06-07 16:15:00,3,-348.57,151.37,41.46,0.0,289.91,0.0,139.16,77.51,3.57
2026-06-07 16:20:00,3,-348.57,151.37,40.99,0.0,219.22,0.0,105.23,70.05,3.45
2026-06-07 16:25:00,3,-348.57,151.37,40.56,0.0,303.36,0.0,145.61,79.16,3.32
2026-06-07 16:30:00,3,-348.57,151.37,40.27,0.0,214.56,0.0,102.99,69.63,3.21
2026-06-07 16:35:00,3,-348.57,151.37,40.31,0.0,322.84,0.0,154.97,81.7,3.07
2026-06-07 16:40:00,3,-348.57,151.37,40.58,0.0,212.19,0.0,101.85,69.42,2.95
2026-06-07 16:45:00,3,-348.57,151.37,40.33,0.0,245.86,0.0,118.01,72.62,2.83
2026-06-07 16:50:00,3,-348.57,151.37,39.81,0.0,260.25,0.0,124.92,74.13,2.71
2026-06-07 16:55:00,3,-348.57,151.37,40.4,0.0,300.75,0.0,144.36,78.84,2.58
2026-06-07 17:00:00,3,-348.57,151.37,39.22,0.0,207.87,0.0,99.78,69.04,2.46
2026-06-07 17:05:00,3,-348.57,151.37,38.7,0.0,252.22,0.0,121.07,73.27,2.34
2026-06-07 17:10:00,3,-348.57,151.37,38.55,0.0,227.87,0.0,109.38,70.85,2.22
2026-06-07 17:15:00,3,-348.57,151.37,39.33,0.0,264.96,0.0,127.18,74.64,2.1
2026-06-07 17:20:00,3,-348.57,151.37,39.63,0.0,260.93,0.0,125.25,74.2,1.97
2026-06-07 17:25:00,3,-348.57,151.37,39.28,0.0,247.0,0.0,118.56,72.73,1.85
2026-06-07 17:30:00,3,-348.57,151.37,39.88,0.0,253.09,0.0,121.48,73.36,1.73
2026-06-07 17:35:00,3,-348.57,151.37,38.83,0.0,208.94,0.0,100.29,69.13,1.62
2026-06-07 17:40:00,3,-348.57,151.37,39.18,0.0,280.23,0.0,134.51,76.36,1.49
2026-06-07 17:45:00,3,-348.57,151.37,38.13,0.0,295.24,0.0,141.72,78.15,1.36
2026-06-07 17:50:00,3,-348.57,151.37,38.69,0.0,203.45,0.0,97.65,68.66,1.24
2026-06-07 17:55:00,3,-348.57,151.37,36.5,0.0,243.8,0.0,117.02,72.4,1.12
2026-06-07 18:00:00,3,-348.57,151.37,37.38,0.0,321.98,0.0,154.55,81.57,0.99
2026-06-07 18:05:00,3,-348.57,151.37,37.91,0.0,312.68,0.0,150.09,80.35,0.85
2026-06-07 18:10:00,3,-348.57,151.37,37.51,0.0,221.21,0.0,106.18,70.22,0.74
2026-06-07 18:15:00,3,-348.57,151.37,36.86,0.0,244.95,0.0,117.58,72.52,0.62
2026-06-07 18:20:00,3,-348.57,151.37,37.64,0.0,315.62,0.0,151.5,80.73,0.48
2026-06-07 18:25:00,3,-348.57,151.37,37.41,0.0,277.07,0.0,133.0,76.0,0.35
2026-06-07 18:30:00,3,-348.57,151.37,37.43,0.0,304.65,0.0,146.23,79.32,0.22
2026-06-07 18:35:00,3,-348.57,151.37,38.06,0.0,307.56,0.0,147.63,79.69,0.09
2026-06-07 18:40:00,3,-348.57,151.37,37.13,0.0,320.16,0.0,153.68,81.33,0.0
2026-06-07 18:45:00,3,-348.57,151.37,36.96,0.0,300.4,0.0,144.19,78.79,0.0
2026-06-07 18:50:00,3,-348.57,151.37,37.07,0.0,302.62,0.0,145.26,79.07,0.0
2026-06-07 18:55:00,3,-348.57,151.37,35.99,0.0,277.89,0.0,133.39,76.09,0.0
2026-06-07 19:00:00,3,-348.57,151.37,35.78,0.0,317.55,0.0,152.42,80.98,0.0
2026-06-07 19:05:00,3,-348.57,151.37,35.96,0.0,249.55,0.0,119.78,72.99,0.0
2026-06-07 19:10:00,3,-348.57,151.37,35.23,0.0,277.48,0.0,133.19,76.04,0.0
2026-06-07 19:15:00,3,-348.57,151.37,35.52,0.0,258.59,0.0,124.12,73.94,0.0
2026-06-07 19:20:00,3,-348.57,151.37,35.51,0.0,275.14,0.0,132.07,75.77,0.0
2026-06-07 19:25:00,3,-348.57,151.37,35.68,0.0,255.85,0.0,122.81,73.65,0.0
2026-06-07 19:30:00,3,-348.57,151.37,34.26,0.0,320.08,0.0,153.64,81.32,0.0
2026-06-07 19:35:00,3,-348.57,151.37,34.58,0.0,229.43,0.0,110.13,70.99,0.0
2026-06-07 19:40:00,3,-348.57,151.37,35.97,0.0,239.86,0.0,115.13,72.0,0.0
2026-06-07 19:45:00,3,-348.57,151.37,33.79,0.0,230.73,0.0,110.75,71.11,0.0
2026-06-07 19:50:00,3,-348.57,151.37,34.74,0.0,288.84,0.0,138.64,77.37,0.0
2026-06-07 19:55:00,3,-348.57,151.37,34.22,0.0,310.98,0.0,149.27,80.12,0.0
2026-06-07 20:00:00,3,-348.57,151.37,35.63,0.0,264.78,0.0,127.09,74.61,0.0
2026-06-07 20:05:00,3,-348.57,151.37,34.2,0.0,261.97,0.0,125.74,74.3,0.0
2026-06-07 20:10:00,3,-348.57,151.37,34.53,0.0,263.19,0.0,126.33,74.43,0.0
2026-06-07 20:15:00,3,-348.57,151.37,33.73,0.0,228.14,0.0,109.51,70.86,0.0
2026-06-07 20:20:00,3,-348.57,151.37,34.15,0.0,241.4,0.0,115.87,72.15,0.0
2026-06-07 20:25:00,3,-348.57,151.37,34.23,0.0,223.96,0.0,107.5,70.47,0.0
2026-06-07 20:30:00,3,-348.57,151.37,33.68,0.0,213.3,0.0,102.38,69.5,0.0
2026-06-07 20:35:00,3,-348.57,151.37,34.37,0.0,308.49,0.0,148.07,79.8,0.0
2026-06-07 20:40:00,3,-348.57,151.37,33.46,0.0,225.7,0.0,108.34,70.63,0.0
2026-06-07 20:45:00,3,-348.57,151.37,32.75,0.0,253.75,0.0,121.8,73.42,0.0
2026-06-07 20:50:00,3,-348.57,151.37,33.68,0.0,260.92,0.0,125.24,74.19,0.0
2026-06-07 20:55:00,3,-348.57,151.37,32.98,0.0,212.72,0.0,102.1,69.45,0.0
2026-06-07 21:00:00,3,-348.57,151.37,32.0,0.0,216.1,0.0,103.73,69.75,0.0
2026-06-07 21:05:00,3,-348.57,151.37,32.68,0.0,268.31,0.0,128.79,75.0,0.0
2026-06-07 21:10:00,3,-348.57,151.37,32.11,0.0,301.06,0.0,144.51,78.86,0.0
2026-06-07 21:15:00,3,-348.57,151.37,33.25,0.0,215.64,0.0,103.5,69.71,0.0
2026-06-07 21:20:00,3,-348.57,151.37,33.04,0.0,212.52,0.0,102.01,69.43,0.0
2026-06-07 21:25:00,3,-348.57,151.37,32.54,0.0,204.12,0.0,97.98,68.71,0.0
2026-06-07 21:30:00,3,-348.57,151.37,32.71,0.0,228.84,0.0,109.84,70.93,0.0
2026-06-07 21:35:00,3,-348.57,151.37,33.23,0.0,258.33,0.0,124.0,73.91,0.0
2026-06-07 21:40:00,3,-348.57,151.37,31.5,0.0,313.24,0.0,150.35,80.41,0.0
2026-06-07 21:45:00,3,-348.57,151.37,33.16,0.0,203.24,0.0,97.55,68.63,0.0
2026-06-07 21:50:00,3,-348.57,151.37,32.91,0.0,230.35,0.0,110.57,71.07,0.0
2026-06-07 21:55:00,3,-348.57,151.37,31.48,0.0,256.78,0.0,123.25,73.74,0.0
2026-06-07 22:00:00,3,-348.57,151.37,32.04,0.0,275.68,0.0,132.33,75.83,0.0
2026-06-07 22:05:00,3,-348.57,151.37,31.61,0.0,244.9,0.0,117.55,72.5,0.0
2026-06-07 22:10:00,3,-348.57,151.37,31.84,0.0,268.5,0.0,128.88,75.02,0.0
2026-06-07 22:15:00,3,-348.57,151.37,31.98,0.0,299.92,0.0,143.96,78.72,0.0
2026-06-07 22:20:00,3,-348.57,151.37,31.89,0.0,289.87,0.0,139.14,77.49,0.0
2026-06-07 22:25:00,3,-348.57,151.37,31.49,0.0,262.65,0.0,126.07,74.37,0.0
2026-06-07 22:30:00,3,-348.57,151.37,31.18,0.0,286.36,0.0,137.45,77.07,0.0
2026-06-07 22:35:00,3,-348.57,151.37,30.18,0.0,286.97,0.0,137.75,77.14,0.0
2026-06-07 22:40:00,3,-348.57,151.37,31.54,0.0,289.35,0.0,138.89,77.43,0.0
2026-06-07 22:45:00,3,-348.57,151.37,31.99,0.0,212.52,0.0,102.01,69.43,0.0
2026-06-07 22:50:00,3,-348.57,151.37,31.19,0.0,293.05,0.0,140.67,77.87,0.0
2026-06-07 22:55:00,3,-348.57,151.37,30.78,0.0,245.44,0.0,117.81,72.56,0.0
2026-06-07 23:00:00,3,-348.57,151.37,31.19,0.0,243.89,0.0,117.07,72.4,0.0
2026-06-07 23:05:00,3,-348.57,151.37,30.2,0.0,258.13,0.0,123.9,73.88,0.0
2026-06-07 23:10:00,3,-348.57,151.37,30.95,0.0,222.64,0.0,106.87,70.34,0.0
2026-06-07 23:15:00,3,-348.57,151.37,32.05,0.0,307.01,0.0,147.36,79.61,0.0
2026-06-07 23:20:00,3,-348.57,151.37,30.78,0.0,273.97,0.0,131.51,75.63,0.0
2026-06-07 23:25:00,3,-348.57,151.37,30.97,0.0,212.98,0.0,102.23,69.47,0.0
2026-06-07 23:30:00,3,-348.57,151.37,31.87,0.0,282.24,0.0,135.48,76.59,0.0
2026-06-07 23:35:00,3,-348.57,151.37,30.85,0.0,245.63,0.0,117.9,72.58,0.0
2026-06-07 23:40:00,3,-348.57,151.37,30.78,0.0,303.87,0.0,145.86,79.21,100.0
2026-06-07 23:45:00,3,-348.57,151.37,31.23,0.0,248.05,0.0,119.06,72.82,99.88
2026-06-07 23:50:00,3,-348.57,151.37,30.97,0.0,222.15,0.0,106.63,70.3,99.76
2026-06-07 23:55:00,3,-348.57,151.37,30.48,0.0,315.63,0.0,151.5,80.72,99.63
2026-06-08 00:00:00,3,-348.57,151.37,31.46,0.0,322.01,0.0,154.57,81.57,99.49
2026-06-08 00:05:00,3,-348.57,151.37,31.82,0.0,228.03,0.0,109.45,70.85,99.37
2026-06-08 00:10:00,3,-348.57,151.37,30.77,0.0,223.39,0.0,107.23,70.41,99.26
2026-06-08 00:15:00,3,-348.57,151.37,31.25,0.0,271.32,0.0,130.23,75.33,99.13
2026-06-08 00:20:00,3,-348.57,151.37,30.95,0.0,232.57,0.0,111.63,71.28,99.01
2026-06-08 00:25:00,3,-348.57,151.37,31.43,0.0,254.86,0.0,122.33,73.53,98.89
2026-06-08 00:30:00,3,-348.57,151.37,30.76,0.0,233.93,0.0,112.29,71.41,98.77
2026-06-08 00:35:00,3,-348.57,151.37,30.82,0.0,241.88,0.0,116.1,72.2,98.65
2026-06-08 00:40:00,3,-348.57,151.37,31.02,0.0,224.43,0.0,107.73,70.51,98.53
2026-06-08 00:45:00,3,-348.57,151.37,30.74,0.0,225.4,0.0,108.19,70.6,98.41
2026-06-08 00:50:00,3,-348.57,151.37,30.83,0.0,310.95,0.0,149.26,80.12,98.28
2026-06-08 00:55:00,3,-348.57,151.37,32.06,0.0,257.54,0.0,123.62,73.82,98.16
2026-06-08 01:00:00,3,-348.57,151.37,31.08,0.0,283.81,0.0,136.23,76.77,98.03
2026-06-08 01:05:00,3,-348.57,151.37,30.79,0.0,319.81,0.0,153.51,81.27,97.89
2026-06-08 01:10:00,3,-348.57,151.37,30.91,0.0,227.17,0.0,109.04,70.77,97.78
2026-06-08 01:15:00,3,-348.57,151.37,32.2,0.0,277.73,0.0,133.31,76.06,97.65
2026-06-08 01:20:00,3,-348.57,151.37,31.11,0.0,211.6,0.0,101.57,69.35,97.53
2026-06-08 01:25:00,3,-348.57,151.37,31.04,0.0,210.38,0.0,100.98,69.24,97.42
2026-06-08 01:30:00,3,-348.57,151.37,31.99,0.0,209.56,0.0,100.59,69.17,97.3
2026-06-08 01:35:00,3,-348.57,151.37,31.7,0.0,207.65,0.0,99.67,69.01,97.19
2026-06-08 01:40:00,3,-348.57,151.37,31.49,0.0,284.26,0.0,136.44,76.82,97.06
2026-06-08 01:45:00,3,-348.57,151.37,31.17,0.0,269.83,0.0,129.52,75.16,96.93
2026-06-08 01:50:00,3,-348.57,151.37,31.31,0.0,218.28,0.0,104.78,69.95,96.82
2026-06-08 01:55:00,3,-348.57,151.37,31.57,0.0,323.37,0.0,155.22,81.75,96.68
2026-06-08 02:00:00,3,-348.57,151.37,31.92,0.0,253.3,0.0,121.59,73.37,96.56
2026-06-08 02:05:00,3,-348.57,151.37,32.25,0.0,274.82,0.0,131.91,75.73,96.43
2026-06-08 02:10:00,3,-348.57,151.37,32.2,0.0,248.72,0.0,119.39,72.9,96.31
2026-06-08 02:15:00,3,-348.57,151.37,32.25,0.0,303.74,0.0,145.79,79.2,96.18
2026-06-08 02:20:00,3,-348.57,151.37,32.04,0.0,200.69,0.0,96.33,68.42,96.07
2026-06-08 02:25:00,3,-348.57,151.37,32.62,0.0,298.09,0.0,143.08,78.49,95.94
2026-06-08 02:30:00,3,-348.57,151.37,32.52,0.0,230.19,0.0,110.49,71.05,95.82
2026-06-08 02:35:00,3,-348.57,151.37,32.14,0.0,227.03,0.0,108.97,70.75,95.7
2026-06-08 02:40:00,3,-348.57,151.37,33.32,0.0,296.2,0.0,142.18,78.26,95.57
2026-06-08 02:45:00,3,-348.57,151.37,33.9,0.0,247.66,0.0,118.88,72.79,95.45
2026-06-08 02:50:00,3,-348.57,151.37,32.77,0.0,290.79,0.0,139.58,77.6,95.32
2026-06-08 02:55:00,3,-348.57,151.37,31.96,0.0,205.57,0.0,98.67,68.83,95.2
2026-06-08 03:00:00,3,-348.57,151.37,32.57,0.0,279.37,0.0,134.1,76.25,95.08
2026-06-08 03:05:00,3,-348.57,151.37,33.19,0.0,317.87,0.0,152.58,81.02,94.94
2026-06-08 03:10:00,3,-348.57,151.37,33.64,0.0,319.37,0.0,153.3,81.22,94.81
2026-06-08 03:15:00,3,-348.57,151.37,32.92,0.0,210.17,0.0,100.88,69.23,94.69
2026-06-08 03:20:00,3,-348.57,151.37,33.11,0.0,300.67,0.0,144.32,78.81,94.56
2026-06-08 03:25:00,3,-348.57,151.37,33.95,0.0,232.73,0.0,111.71,71.3,94.44
2026-06-08 03:30:00,3,-348.57,151.37,33.3,0.0,215.58,0.0,103.48,69.71,94.32
2026-06-08 03:35:00,3,-348.57,151.37,34.06,0.0,283.61,0.0,136.13,76.75,94.2
2026-06-08 03:40:00,3,-348.57,151.37,34.75,0.0,243.22,0.0,116.75,72.34,94.08
2026-06-08 03:45:00,3,-348.57,151.37,33.83,0.0,210.15,0.0,100.87,69.23,93.96
2026-06-08 03:50:00,3,-348.57,151.37,34.52,0.0,262.7,0.0,126.1,74.38,93.84
2026-06-08 03:55:00,3,-348.57,151.37,34.34,0.0,280.48,0.0,134.63,76.38,93.71
2026-06-08 04:00:00,3,-348.57,151.37,34.13,0.0,213.57,0.0,102.51,69.53,93.59
2026-06-08 04:05:00,3,-348.57,151.37,34.17,0.0,307.31,0.0,147.51,79.65,93.46
2026-06-08 04:10:00,3,-348.57,151.37,33.86,0.0,205.01,0.0,98.4,68.78,93.35
2026-06-08 04:15:00,3,-348.57,151.37,35.12,0.0,277.6,0.0,133.25,76.05,93.22
2026-06-08 04:20:00,3,-348.57,151.37,34.43,0.0,206.98,0.0,99.35,68.95,93.1
2026-06-08 04:25:00,3,-348.57,151.37,36.37,0.0,266.63,0.0,127.98,74.82,92.98
2026-06-08 04:30:00,3,-348.57,151.37,35.91,0.0,261.71,0.0,125.62,74.28,92.86
2026-06-08 04:35:00,3,-348.57,151.37,35.28,0.0,299.02,0.0,143.53,78.61,92.72
2026-06-08 04:40:00,3,-348.57,151.37,35.38,0.0,292.82,0.0,140.55,77.85,92.59
2026-06-08 04:45:00,3,-348.57,151.37,35.6,0.0,298.85,0.0,143.45,78.59,92.46
2026-06-08 04:50:00,3,-348.57,151.37,35.3,0.0,203.66,0.0,97.76,68.67,92.35
2026-06-08 04:55:00,3,-348.57,151.37,36.22,0.0,248.4,0.0,119.23,72.87,92.23
2026-06-08 05:00:00,3,-348.57,151.37,36.46,0.0,278.49,0.0,133.68,76.16,92.1
2026-06-08 05:05:00,3,-348.57,151.37,36.02,0.0,230.56,0.0,110.67,71.1,91.98
2026-06-08 05:10:00,3,-348.57,151.37,36.14,0.0,322.11,0.0,154.61,81.59,91.85
2026-06-08 05:15:00,3,-348.57,151.37,36.46,0.0,259.12,0.0,124.38,74.0,91.72
2026-06-08 05:20:00,3,-348.57,151.37,36.83,0.0,306.31,0.0,147.03,79.53,91.59
2026-06-08 05:25:00,3,-348.57,151.37,37.18,0.0,305.13,0.0,146.46,79.38,91.46
2026-06-08 05:30:00,3,-348.57,151.37,36.21,0.0,315.25,0.0,151.32,80.68,91.32
2026-06-08 05:35:00,3,-348.57,151.37,36.82,0.0,240.57,0.0,115.47,72.08,91.2
2026-06-08 05:40:00,3,-348.57,151.37,37.65,0.0,269.17,0.0,129.2,75.1,91.08
2026-06-08 05:45:00,3,-348.57,151.37,37.49,0.0,310.7,0.0,149.13,80.09,90.94
2026-06-08 05:50:00,3,-348.57,151.37,38.05,0.0,300.86,0.0,144.41,78.85,90.81
2026-06-08 05:55:00,3,-348.57,151.37,37.66,0.0,322.42,0.0,154.76,81.63,90.68
2026-06-08 06:00:00,3,-348.57,151.37,38.32,0.0,211.42,0.0,101.48,69.35,90.56
2026-06-08 06:05:00,3,-348.57,151.37,37.62,0.0,301.86,0.0,144.89,78.97,90.43
2026-06-08 06:10:00,3,-348.57,151.37,38.8,0.0,294.48,0.0,141.35,78.06,90.3
2026-06-08 06:15:00,3,-348.57,151.37,39.02,0.0,313.35,0.0,150.41,80.44,90.17
2026-06-08 06:20:00,3,-348.57,151.37,38.66,0.0,272.22,0.0,130.67,75.45,90.04
2026-06-08 06:25:00,3,-348.57,151.37,38.33,0.0,241.39,0.0,115.87,72.16,89.92
2026-06-08 06:30:00,3,-348.57,151.37,39.4,0.0,218.3,0.0,104.78,69.96,89.8
2026-06-08 06:35:00,3,-348.57,151.37,39.17,0.0,200.95,0.0,96.45,68.45,89.69
2026-06-08 06:40:00,3,-348.57,151.37,38.62,0.0,227.66,0.0,109.27,70.82,89.57
2026-06-08 06:45:00,3,-348.57,151.37,39.31,0.0,292.21,0.0,140.26,77.79,89.44
2026-06-08 06:50:00,3,-348.57,151.37,39.0,0.0,324.98,0.0,155.99,81.98,89.3
2026-06-08 06:55:00,3,-348.57,151.37,39.89,0.0,293.67,0.0,140.96,77.96,89.17
2026-06-08 07:00:00,3,-348.57,151.37,39.21,0.0,292.91,0.0,140.6,77.87,89.05
2026-06-08 07:05:00,3,-348.57,151.37,40.94,0.0,294.92,0.0,141.56,78.12,88.91
2026-06-08 07:10:00,3,-348.57,151.37,40.46,0.0,284.21,0.0,136.42,76.83,88.79
2026-06-08 07:15:00,3,-348.57,151.37,40.06,0.0,288.33,0.0,138.4,77.32,88.66
2026-06-08 07:20:00,3,-348.57,151.37,39.66,0.0,242.11,0.0,116.21,72.24,88.54
2026-06-08 07:25:00,3,-348.57,151.37,40.39,0.0,271.73,0.0,130.43,75.39,88.41
2026-06-08 07:30:00,3,-348.57,151.37,41.84,0.0,204.92,0.0,98.36,68.79,88.3
2026-06-08 07:35:00,3,-348.57,151.37,41.27,0.0,302.75,0.0,145.32,79.09,88.17
2026-06-08 07:40:00,3,-348.57,151.37,40.26,0.0,247.05,0.0,118.58,72.74,88.04
2026-06-08 07:45:00,3,-348.57,151.37,41.51,0.0,257.51,0.0,123.61,73.84,87.92
2026-06-08 07:50:00,3,-348.57,151.37,41.18,0.0,300.71,0.0,144.34,78.83,87.79
2026-06-08 07:55:00,3,-348.57,151.37,41.09,0.0,214.29,0.0,102.86,69.61,87.67
2026-06-08 08:00:00,3,-348.57,151.37,41.89,0.0,245.18,0.0,117.68,72.55,87.55
2026-06-08 08:05:00,3,-348.57,151.37,41.74,0.0,300.05,0.0,144.03,78.76,87.42
2026-06-08 08:10:00,3,-348.57,151.37,42.47,0.0,253.49,0.0,121.68,73.41,87.3
2026-06-08 08:15:00,3,-348.57,151.37,41.85,0.0,203.65,0.0,97.75,68.68,87.18
2026-06-08 08:20:00,3,-348.57,151.37,41.08,0.0,311.07,0.0,149.31,80.15,87.05
2026-06-08 08:25:00,3,-348.57,151.37,41.9,0.0,322.46,0.0,154.78,81.65,86.92
2026-06-08 08:30:00,3,-348.57,151.37,41.79,0.0,216.98,0.0,104.15,69.85,86.8
2026-06-08 08:35:00,3,-348.57,151.37,42.04,0.0,228.55,0.0,109.7,70.92,86.68
2026-06-08 08:40:00,3,-348.57,151.37,42.54,0.0,223.44,0.0,107.25,70.44,86.56
2026-06-08 08:45:00,3,-348.57,151.37,42.89,0.0,301.81,0.0,144.87,78.98,86.43
2026-06-08 08:50:00,3,-348.57,151.37,43.04,0.0,210.3,0.0,100.94,69.26,86.32
2026-06-08 08:55:00,3,-348.57,151.37,42.75,0.0,304.63,0.0,146.22,79.33,86.18
2026-06-08 09:00:00,3,-348.57,151.37,44.04,0.0,318.83,0.0,153.04,81.17,86.05
2026-06-08 09:05:00,3,-348.57,151.37,42.86,0.0,210.24,0.0,100.92,69.25,85.93
2026-06-08 09:10:00,3,-348.57,151.37,43.47,0.0,291.54,0.0,139.94,77.71,85.8
2026-06-08 09:15:00,3,-348.57,151.37,43.62,0.0,220.34,0.0,105.76,70.16,85.69
2026-06-08 09:20:00,3,-348.57,151.37,42.58,0.0,228.5,0.0,109.68,70.91,85.57
2026-06-08 09:25:00,3,-348.57,151.37,44.09,0.0,293.51,0.0,140.89,77.96,85.44
2026-06-08 09:30:00,3,-348.57,151.37,43.48,0.0,203.69,0.0,97.77,68.69,85.32
2026-06-08 09:35:00,3,-348.57,151.37,43.68,0.0,241.28,0.0,115.81,72.16,85.2
2026-06-08 09:40:00,3,-348.57,151.37,44.36,0.0,323.98,0.0,155.51,81.86,85.07
2026-06-08 09:45:00,3,-348.57,151.37,44.21,0.0,224.23,0.0,107.63,70.52,84.95
2026-06-08 09:50:00,3,-348.57,151.37,43.12,0.0,272.57,0.0,130.84,75.5,84.82
2026-06-08 09:55:00,3,-348.57,151.37,43.76,0.0,222.94,0.0,107.01,70.4,84.71
2026-06-08 10:00:00,3,-348.57,151.37,43.64,0.0,269.62,0.0,129.42,75.16,84.58
2026-06-08 10:05:00,3,-348.57,151.37,44.22,0.0,261.31,0.0,125.43,74.25,84.46
2026-06-08 10:10:00,3,-348.57,151.37,44.48,0.0,240.3,0.0,115.34,72.06,84.34
2026-06-08 10:15:00,3,-348.57,151.37,43.72,0.0,306.59,0.0,147.16,79.58,84.2
2026-06-08 10:20:00,3,-348.57,151.37,44.12,0.0,243.26,0.0,116.76,72.36,84.08
2026-06-08 10:25:00,3,-348.57,151.37,45.33,0.0,271.33,0.0,130.24,75.36,83.96
2026-06-08 10:30:00,3,-348.57,151.37,44.53,0.0,244.95,0.0,117.58,72.53,83.84
2026-06-08 10:35:00,3,-348.57,151.37,44.61,0.0,258.64,0.0,124.15,73.96,83.71
2026-06-08 10:40:00,3,-348.57,151.37,45.54,0.0,273.41,0.0,131.24,75.6,83.59
2026-06-08 10:45:00,3,-348.57,151.37,46.17,0.0,202.35,0.0,97.13,68.59,83.47
2026-06-08 10:50:00,3,-348.57,151.37,44.62,0.0,287.27,0.0,137.89,77.2,83.35
2026-06-08 10:55:00,3,-348.57,151.37,45.18,0.0,221.34,0.0,106.24,70.25,83.23
2026-06-08 11:00:00,3,-348.57,151.37,44.26,0.0,324.04,0.0,155.54,81.86,83.09
2026-06-08 11:05:00,3,-348.57,151.37,44.79,0.0,296.5,0.0,142.32,78.32,82.96
2026-06-08 11:10:00,3,-348.57,151.37,44.89,0.0,296.89,0.0,142.51,78.37,82.83
2026-06-08 11:15:00,3,-348.57,151.37,44.72,0.0,238.08,0.0,114.28,71.85,82.71
2026-06-08 11:20:00,3,-348.57,151.37,44.66,0.0,203.18,0.0,97.53,68.65,82.6
2026-06-08 11:25:00,3,-348.57,151.37,45.31,0.0,208.15,0.0,99.91,69.08,82.48
2026-06-08 11:30:00,3,-348.57,151.37,45.23,0.0,319.06,0.0,153.15,81.2,82.35
2026-06-08 11:35:00,3,-348.57,151.37,45.04,0.0,289.18,0.0,138.8,77.43,82.22
2026-06-08 11:40:00,3,-348.57,151.37,44.4,0.0,218.95,0.0,105.1,70.03,82.1
2026-06-08 11:45:00,3,-348.57,151.37,45.43,0.0,248.03,0.0,119.05,72.85,81.98
2026-06-08 11:50:00,3,-348.57,151.37,45.39,0.0,298.6,0.0,143.33,78.58,81.85
2026-06-08 11:55:00,3,-348.57,151.37,45.83,0.0,299.03,0.0,143.53,78.64,81.72
2026-06-08 12:00:00,3,-348.57,151.37,44.69,0.0,267.39,0.0,128.35,74.92,81.59
2026-06-08 12:05:00,3,-348.57,151.37,45.67,0.0,300.45,0.0,144.22,78.81,81.46
2026-06-08 12:10:00,3,-348.57,151.37,44.63,0.0,260.7,0.0,125.13,74.18,81.34
2026-06-08 12:15:00,3,-348.57,151.37,44.91,0.0,270.42,0.0,129.8,75.26,81.21
2026-06-08 12:20:00,3,-348.57,151.37,45.43,0.0,284.11,0.0,136.37,76.83,81.08
2026-06-08 12:25:00,3,-348.57,151.37,45.39,0.0,296.24,0.0,142.19,78.29,80.95
2026-06-08 12:30:00,3,-348.57,151.37,45.28,0.0,238.33,0.0,114.4,71.87,80.83
2026-06-08 12:35:00,3,-348.57,151.37,44.69,0.0,204.66,0.0,98.24,68.78,80.72
2026-06-08 12:40:00,3,-348.57,151.37,44.25,0.0,310.24,0.0,148.92,80.05,80.59
2026-06-08 12:45:00,3,-348.57,151.37,45.37,0.0,260.66,0.0,125.12,74.18,80.46
2026-06-08 12:50:00,3,-348.57,151.37,45.03,0.0,206.96,0.0,99.34,68.97,80.35
2026-06-08 12:55:00,3,-348.57,151.37,44.43,0.0,271.47,0.0,130.3,75.37,80.22
2026-06-08 13:00:00,3,-348.57,151.37,44.11,0.0,207.4,0.0,99.55,69.01,80.11
2026-06-08 13:05:00,3,-348.57,151.37,44.68,0.0,209.15,0.0,100.39,69.16,79.99
2026-06-08 13:10:00,3,-348.57,151.37,45.26,0.0,298.93,0.0,143.49,78.62,79.86
2026-06-08 13:15:00,3,-348.57,151.37,44.78,0.0,293.48,0.0,140.87,77.95,79.73
2026-06-08 13:20:00,3,-348.57,151.37,45.11,0.0,258.11,0.0,123.89,73.91,79.61
2026-06-08 13:25:00,3,-348.57,151.37,44.31,0.0,289.4,0.0,138.91,77.46,79.48
2026-06-08 13:30:00,3,-348.57,151.37,44.19,0.0,270.03,0.0,129.62,75.21,79.35
2026-06-08 13:35:00,3,-348.57,151.37,44.14,0.0,271.22,0.0,130.18,75.34,79.23
2026-06-08 13:40:00,3,-348.57,151.37,44.65,0.0,318.68,0.0,152.96,81.15,79.09
2026-06-08 13:45:00,3,-348.57,151.37,44.65,0.0,205.63,0.0,98.7,68.86,78.98
2026-06-08 13:50:00,3,-348.57,151.37,44.49,0.0,245.63,0.0,117.9,72.6,78.86
2026-06-08 13:55:00,3,-348.57,151.37,44.88,0.0,322.03,0.0,154.57,81.59,78.72
2026-06-08 14:00:00,3,-348.57,151.37,43.42,0.0,292.45,0.0,140.38,77.82,78.59
2026-06-08 14:05:00,3,-348.57,151.37,43.89,0.0,314.13,0.0,150.78,80.55,78.46
2026-06-08 14:10:00,3,-348.57,151.37,44.19,0.0,233.18,0.0,111.93,71.37,78.34
2026-06-08 14:15:00,3,-348.57,151.37,42.96,0.0,262.55,0.0,126.02,74.38,78.21
2026-06-08 14:20:00,3,-348.57,151.37,44.37,0.0,322.25,0.0,154.68,81.62,78.08
2026-06-08 14:25:00,3,-348.57,151.37,44.17,0.0,319.32,0.0,153.27,81.23,77.94
2026-06-08 14:30:00,3,-348.57,151.37,43.36,0.0,312.82,0.0,150.15,80.38,77.81
2026-06-08 14:35:00,3,-348.57,151.37,43.24,0.0,267.35,0.0,128.33,74.91,77.68
2026-06-08 14:40:00,3,-348.57,151.37,44.44,0.0,243.58,0.0,116.92,72.39,77.56
2026-06-08 14:45:00,3,-348.57,151.37,43.43,0.0,218.72,0.0,104.98,70.01,77.45
2026-06-08 14:50:00,3,-348.57,151.37,42.54,0.0,211.9,0.0,101.71,69.4,77.33
2026-06-08 14:55:00,3,-348.57,151.37,43.63,0.0,265.45,0.0,127.41,74.7,77.21
2026-06-08 15:00:00,3,-348.57,151.37,42.74,0.0,207.97,0.0,99.83,69.06,77.09
2026-06-08 15:05:00,3,-348.57,151.37,43.25,0.0,242.44,0.0,116.37,72.28,76.97
2026-06-08 15:10:00,3,-348.57,151.37,42.7,0.0,316.55,0.0,151.94,80.86,76.83
2026-06-08 15:15:00,3,-348.57,151.37,42.87,0.0,299.44,0.0,143.73,78.68,76.7
2026-06-08 15:20:00,3,-348.57,151.37,42.72,0.0,294.83,0.0,141.52,78.11,76.57
2026-06-08 15:25:00,3,-348.57,151.37,42.38,0.0,249.28,0.0,119.65,72.97,76.45
2026-06-08 15:30:00,3,-348.57,151.37,42.8,0.0,268.87,0.0,129.06,75.08,76.33
2026-06-08 15:35:00,3,-348.57,151.37,41.25,0.0,248.01,0.0,119.05,72.84,76.21
2026-06-08 15:40:00,3,-348.57,151.37,42.53,0.0,213.87,0.0,102.66,69.57,76.09
2026-06-08 15:45:00,3,-348.57,151.37,41.45,0.0,237.53,0.0,114.02,71.79,75.97
2026-06-08 15:50:00,3,-348.57,151.37,42.17,0.0,305.3,0.0,146.55,79.42,75.84
2026-06-08 15:55:00,3,-348.57,151.37,41.39,0.0,244.66,0.0,117.44,72.5,75.72
2026-06-08 16:00:00,3,-348.57,151.37,41.18,0.0,228.59,0.0,109.72,70.92,75.6
2026-06-08 16:05:00,3,-348.57,151.37,41.04,0.0,233.25,0.0,111.96,71.37,75.48
2026-06-08 16:10:00,3,-348.57,151.37,42.06,0.0,252.79,0.0,121.34,73.34,75.36
2026-06-08 16:15:00,3,-348.57,151.37,39.85,0.0,228.69,0.0,109.77,70.93,75.24
2026-06-08 16:20:00,3,-348.57,151.37,40.97,0.0,275.7,0.0,132.33,75.84,75.11
2026-06-08 16:25:00,3,-348.57,151.37,40.68,0.0,222.21,0.0,106.66,70.32,75.0
2026-06-08 16:30:00,3,-348.57,151.37,41.11,0.0,313.82,0.0,150.64,80.51,74.86
2026-06-08 16:35:00,3,-348.57,151.37,41.06,0.0,202.1,0.0,97.01,68.55,74.75
2026-06-08 16:40:00,3,-348.57,151.37,40.36,0.0,275.14,0.0,132.07,75.78,74.62
2026-06-08 16:45:00,3,-348.57,151.37,40.43,0.0,306.91,0.0,147.32,79.62,74.49
2026-06-08 16:50:00,3,-348.57,151.37,39.81,0.0,299.84,0.0,143.92,78.72,74.36
2026-06-08 16:55:00,3,-348.57,151.37,41.01,0.0,319.8,0.0,153.51,81.29,74.22
2026-06-08 17:00:00,3,-348.57,151.37,40.39,0.0,249.86,0.0,119.93,73.03,74.1
2026-06-08 17:05:00,3,-348.57,151.37,39.73,0.0,283.38,0.0,136.02,76.73,73.97
2026-06-08 17:10:00,3,-348.57,151.37,39.65,0.0,228.42,0.0,109.64,70.9,73.85
2026-06-08 17:15:00,3,-348.57,151.37,39.32,0.0,273.1,0.0,131.09,75.55,73.73
2026-06-08 17:20:00,3,-348.57,151.37,38.83,0.0,285.32,0.0,136.96,76.96,73.6
2026-06-08 17:25:00,3,-348.57,151.37,39.05,0.0,219.33,0.0,105.28,70.06,73.48
2026-06-08 17:30:00,3,-348.57,151.37,38.93,0.0,307.31,0.0,147.51,79.66,73.35
2026-06-08 17:35:00,3,-348.57,151.37,39.32,0.0,259.75,0.0,124.68,74.07,73.23
2026-06-08 17:40:00,3,-348.57,151.37,38.32,0.0,232.1,0.0,111.41,71.25,73.11
2026-06-08 17:45:00,3,-348.57,151.37,38.02,0.0,219.88,0.0,105.54,70.1,72.99
2026-06-08 17:50:00,3,-348.57,151.37,37.88,0.0,300.29,0.0,144.14,78.78,72.86
2026-06-08 17:55:00,3,-348.57,151.37,38.55,0.0,251.6,0.0,120.77,73.21,72.74
2026-06-08 18:00:00,3,-348.57,151.37,39.11,0.0,254.54,0.0,122.18,73.51,72.61
2026-06-08 18:05:00,3,-348.57,151.37,37.79,0.0,300.69,0.0,144.33,78.83,72.48
2026-06-08 18:10:00,3,-348.57,151.37,37.32,0.0,242.4,0.0,116.35,72.26,72.36
2026-06-08 18:15:00,3,-348.57,151.37,36.37,0.0,202.75,0.0,97.32,68.6,72.25
2026-06-08 18:20:00,3,-348.57,151.37,36.95,0.0,264.62,0.0,127.02,74.6,72.12
2026-06-08 18:25:00,3,-348.57,151.37,37.11,0.0,211.14,0.0,101.35,69.32,72.01
2026-06-08 18:30:00,3,-348.57,151.37,36.6,0.0,299.45,0.0,143.74,78.67,71.88
2026-06-08 18:35:00,3,-348.57,151.37,37.05,0.0,240.55,0.0,115.46,72.07,71.76
2026-06-08 18:40:00,3,-348.57,151.37,36.95,0.0,306.19,0.0,146.97,79.52,71.63
2026-06-08 18:45:00,3,-348.57,151.37,36.41,0.0,227.05,0.0,108.98,70.76,71.51
2026-06-08 18:50:00,3,-348.57,151.37,35.46,0.0,246.75,0.0,118.44,72.7,71.39
2026-06-08 18:55:00,3,-348.57,151.37,35.54,0.0,225.65,0.0,108.31,70.63,71.27
2026-06-08 19:00:00,3,-348.57,151.37,36.12,0.0,304.47,0.0,146.15,79.3,71.14
2026-06-08 19:05:00,3,-348.57,151.37,36.35,0.0,284.66,0.0,136.64,76.88,71.01
2026-06-08 19:10:00,3,-348.57,151.37,35.2,0.0,278.23,0.0,133.55,76.12,70.88
2026-06-08 19:15:00,3,-348.57,151.37,35.46,0.0,227.42,0.0,109.16,70.8,70.76
2026-06-08 19:20:00,3,-348.57,151.37,36.25,0.0,281.78,0.0,135.25,76.54,70.64
2026-06-08 19:25:00,3,-348.57,151.37,35.21,0.0,274.07,0.0,131.55,75.65,70.51
2026-06-08 19:30:00,3,-348.57,151.37,35.01,0.0,258.86,0.0,124.25,73.97,70.39
2026-06-08 19:35:00,3,-348.57,151.37,35.65,0.0,309.77,0.0,148.69,79.97,70.25
2026-06-08 19:40:00,3,-348.57,151.37,35.4,0.0,288.83,0.0,138.64,77.37,70.12
2026-06-08 19:45:00,3,-348.57,151.37,34.65,0.0,307.37,0.0,147.54,79.66,69.99
2026-06-08 19:50:00,3,-348.57,151.37,34.16,0.0,291.51,0.0,139.92,77.69,69.86
2026-06-08 19:55:00,3,-348.57,151.37,35.72,0.0,296.75,0.0,142.44,78.33,69.73
2026-06-08 20:00:00,3,-348.57,151.37,34.07,0.0,231.79,0.0,111.26,71.21,69.61
2026-06-08 20:05:00,3,-348.57,151.37,34.71,0.0,315.05,0.0,151.22,80.65,69.48
2026-06-08 20:10:00,3,-348.57,151.37,33.59,0.0,291.01,0.0,139.68,77.63,69.35
2026-06-08 20:15:00,3,-348.57,151.37,34.08,0.0,294.62,0.0,141.42,78.07,69.22
2026-06-08 20:20:00,3,-348.57,151.37,33.98,0.0,222.3,0.0,106.7,70.32,69.1
2026-06-08 20:25:00,3,-348.57,151.37,35.12,0.0,313.35,0.0,150.41,80.43,68.97
2026-06-08 20:30:00,3,-348.57,151.37,33.84,0.0,221.56,0.0,106.35,70.25,68.85
2026-06-08 20:35:00,3,-348.57,151.37,34.0,0.0,233.11,0.0,111.89,71.34,68.73
2026-06-08 20:40:00,3,-348.57,151.37,34.07,0.0,242.7,0.0,116.49,72.28,68.61
2026-06-08 20:45:00,3,-348.57,151.37,33.48,0.0,315.29,0.0,151.34,80.68,68.48
2026-06-08 20:50:00,3,-348.57,151.37,33.02,0.0,283.61,0.0,136.13,76.75,68.35
2026-06-08 20:55:00,3,-348.57,151.37,33.54,0.0,277.58,0.0,133.24,76.05,68.22
2026-06-08 21:00:00,3,-348.57,151.37,33.34,0.0,297.83,0.0,142.96,78.46,68.09
2026-06-08 21:05:00,3,-348.57,151.37,32.81,0.0,308.44,0.0,148.05,79.8,67.96
2026-06-08 21:10:00,3,-348.57,151.37,32.98,0.0,269.03,0.0,129.13,75.08,67.83
2026-06-08 21:15:00,3,-348.57,151.37,33.11,0.0,254.54,0.0,122.18,73.5,67.71
2026-06-08 21:20:00,3,-348.57,151.37,32.18,0.0,228.48,0.0,109.67,70.89,67.59
2026-06-08 21:25:00,3,-348.57,151.37,32.13,0.0,203.38,0.0,97.62,68.64,67.48
2026-06-08 21:30:00,3,-348.57,151.37,32.32,0.0,238.23,0.0,114.35,71.84,67.36
2026-06-08 21:35:00,3,-348.57,151.37,31.76,0.0,204.76,0.0,98.28,68.76,67.24
2026-06-08 21:40:00,3,-348.57,151.37,31.82,0.0,201.06,0.0,96.51,68.45,67.13
2026-06-08 21:45:00,3,-348.57,151.37,33.09,0.0,240.01,0.0,115.2,72.01,67.01
2026-06-08 21:50:00,3,-348.57,151.37,33.11,0.0,205.99,0.0,98.87,68.87,66.89
2026-06-08 21:55:00,3,-348.57,151.37,31.75,0.0,254.29,0.0,122.06,73.48,66.77
2026-06-08 22:00:00,3,-348.57,151.37,31.22,0.0,228.46,0.0,109.66,70.89,66.65
2026-06-08 22:05:00,3,-348.57,151.37,32.65,0.0,268.34,0.0,128.81,75.0,66.53
2026-06-08 22:10:00,3,-348.57,151.37,32.53,0.0,200.13,0.0,96.06,68.37,66.42
2026-06-08 22:15:00,3,-348.57,151.37,31.38,0.0,217.52,0.0,104.41,69.88,66.3
2026-06-08 22:20:00,3,-348.57,151.37,31.33,0.0,262.29,0.0,125.9,74.33,66.17
2026-06-08 22:25:00,3,-348.57,151.37,31.42,0.0,231.12,0.0,110.94,71.14,66.06
2026-06-08 22:30:00,3,-348.57,151.37,31.86,0.0,316.3,0.0,151.83,80.81,65.92
2026-06-08 22:35:00,3,-348.57,151.37,30.62,0.0,319.73,0.0,153.47,81.26,65.79
2026-06-08 22:40:00,3,-348.57,151.37,31.54,0.0,230.93,0.0,110.84,71.12,65.67
2026-06-08 22:45:00,3,-348.57,151.37,31.44,0.0,249.9,0.0,119.95,73.02,65.55
2026-06-08 22:50:00,3,-348.57,151.37,31.9,0.0,205.78,0.0,98.77,68.85,65.43
2026-06-08 22:55:00,3,-348.57,151.37,31.89,0.0,303.39,0.0,145.63,79.15,65.3
2026-06-08 23:00:00,3,-348.57,151.37,30.56,0.0,275.94,0.0,132.45,75.85,65.17
2026-06-08 23:05:00,3,-348.57,151.37,30.54,0.0,285.04,0.0,136.82,76.91,65.04
2026-06-08 23:10:00,3,-348.57,151.37,30.41,0.0,280.98,0.0,134.87,76.44,64.92
2026-06-08 23:15:00,3,-348.57,151.37,30.4,0.0,202.83,0.0,97.36,68.6,64.8
2026-06-08 23:20:00,3,-348.57,151.37,30.9,0.0,304.94,0.0,146.37,79.35,64.67
2026-06-08 23:25:00,3,-348.57,151.37,31.29,0.0,256.16,0.0,122.96,73.67,64.55
2026-06-08 23:30:00,3,-348.57,151.37,30.51,0.0,318.59,0.0,152.92,81.11,64.41
2026-06-08 23:35:00,3,-348.57,151.37,31.19,0.0,256.85,0.0,123.29,73.75,64.29
2026-06-08 23:40:00,3,-348.57,151.37,30.77,0.0,251.93,0.0,120.93,73.23,64.17
2026-06-08 23:45:00,3,-348.57,151.37,31.7,0.0,269.11,0.0,129.17,75.08,64.04
2026-06-08 23:50:00,3,-348.57,151.37,31.85,0.0,286.72,0.0,137.63,77.11,63.91
2026-06-08 23:55:00,3,-348.57,151.37,30.64,0.0,250.21,0.0,120.1,73.05,63.79
2026-06-09 00:00:00,3,-348.57,151.37,31.4,0.0,254.32,0.0,122.07,73.48,63.67
2026-06-09 00:05:00,3,-348.57,151.37,31.07,0.0,322.27,0.0,154.69,81.6,63.53
2026-06-09 00:10:00,3,-348.57,151.37,31.16,0.0,251.22,0.0,120.59,73.15,63.41
2026-06-09 00:15:00,3,-348.57,151.37,31.31,0.0,323.69,0.0,155.37,81.79,63.28
2026-06-09 00:20:00,3,-348.57,151.37,30.65,0.0,269.71,0.0,129.46,75.15,63.15
2026-06-09 00:25:00,3,-348.57,151.37,30.64,0.0,276.7,0.0,132.82,75.94,63.02
2026-06-09 00:30:00,3,-348.57,151.37,31.2,0.0,216.85,0.0,104.09,69.82,62.91
2026-06-09 00:35:00,3,-348.57,151.37,31.41,0.0,296.73,0.0,142.43,78.32,62.78
2026-06-09 00:40:00,3,-348.57,151.37,31.46,0.0,214.03,0.0,102.73,69.56,62.66
2026-06-09 00:45:00,3,-348.57,151.37,31.24,0.0,231.34,0.0,111.04,71.16,62.54
2026-06-09 00:50:00,3,-348.57,151.37,30.2,0.0,224.64,0.0,107.83,70.53,62.42
2026-06-09 00:55:00,3,-348.57,151.37,31.06,0.0,244.62,0.0,117.42,72.47,62.3
2026-06-09 01:00:00,3,-348.57,151.37,30.88,0.0,239.57,0.0,114.99,71.97,62.18
2026-06-09 01:05:00,3,-348.57,151.37,31.06,0.0,223.73,0.0,107.39,70.44,62.07
2026-06-09 01:10:00,3,-348.57,151.37,31.22,0.0,246.94,0.0,118.53,72.71,61.95
2026-06-09 01:15:00,3,-348.57,151.37,30.74,0.0,277.17,0.0,133.04,75.99,61.82
2026-06-09 01:20:00,3,-348.57,151.37,31.42,0.0,251.83,0.0,120.88,73.22,61.7
2026-06-09 01:25:00,3,-348.57,151.37,31.29,0.0,218.16,0.0,104.71,69.93,61.58
2026-06-09 01:30:00,3,-348.57,151.37,31.81,0.0,310.07,0.0,148.84,80.0,61.45
2026-06-09 01:35:00,3,-348.57,151.37,31.1,0.0,202.58,0.0,97.24,68.58,61.33
2026-06-09 01:40:00,3,-348.57,151.37,31.85,0.0,207.88,0.0,99.78,69.03,61.22
2026-06-09 01:45:00,3,-348.57,151.37,31.81,0.0,260.84,0.0,125.2,74.17,61.09
2026-06-09 01:50:00,3,-348.57,151.37,31.48,0.0,269.83,0.0,129.52,75.16,60.97
2026-06-09 01:55:00,3,-348.57,151.37,32.22,0.0,271.06,0.0,130.11,75.3,60.84
2026-06-09 02:00:00,3,-348.57,151.37,32.63,0.0,214.45,0.0,102.94,69.6,60.73
2026-06-09 02:05:00,3,-348.57,151.37,32.09,0.0,228.06,0.0,109.47,70.85,60.61
2026-06-09 02:10:00,3,-348.57,151.37,31.6,0.0,217.79,0.0,104.54,69.9,60.49
2026-06-09 02:15:00,3,-348.57,151.37,32.04,0.0,284.74,0.0,136.68,76.88,60.36
2026-06-09 02:20:00,3,-348.57,151.37,32.83,0.0,219.53,0.0,105.37,70.06,60.25
2026-06-09 02:25:00,3,-348.57,151.37,32.41,0.0,224.96,0.0,107.98,70.56,60.13
2026-06-09 02:30:00,3,-348.57,151.37,32.83,0.0,204.18,0.0,98.01,68.71,60.02
2026-06-09 02:35:00,3,-348.57,151.37,33.06,0.0,286.79,0.0,137.66,77.12,59.89
2026-06-09 02:40:00,3,-348.57,151.37,33.32,0.0,207.44,0.0,99.57,68.99,59.77
2026-06-09 02:45:00,3,-348.57,151.37,32.56,0.0,265.03,0.0,127.22,74.63,59.65
2026-06-09 02:50:00,3,-348.57,151.37,33.12,0.0,317.52,0.0,152.41,80.97,59.51
2026-06-09 02:55:00,3,-348.57,151.37,32.42,0.0,231.19,0.0,110.97,71.15,59.39
2026-06-09 03:00:00,3,-348.57,151.37,33.99,0.0,220.59,0.0,105.89,70.16,59.28
2026-06-09 03:05:00,3,-348.57,151.37,33.17,0.0,283.21,0.0,135.94,76.7,59.15
2026-06-09 03:10:00,3,-348.57,151.37,33.49,0.0,293.3,0.0,140.79,77.91,59.02
2026-06-09 03:15:00,3,-348.57,151.37,33.55,0.0,218.52,0.0,104.89,69.97,58.9
2026-06-09 03:20:00,3,-348.57,151.37,33.99,0.0,247.27,0.0,118.69,72.75,58.78
2026-06-09 03:25:00,3,-348.57,151.37,33.35,0.0,285.52,0.0,137.05,76.97,58.65
2026-06-09 03:30:00,3,-348.57,151.37,32.55,0.0,238.05,0.0,114.26,71.82,58.53
2026-06-09 03:35:00,3,-348.57,151.37,33.93,0.0,219.97,0.0,105.59,70.1,58.42
2026-06-09 03:40:00,3,-348.57,151.37,33.89,0.0,285.63,0.0,137.1,76.99,58.29
2026-06-09 03:45:00,3,-348.57,151.37,34.11,0.0,208.63,0.0,100.14,69.1,58.17
2026-06-09 03:50:00,3,-348.57,151.37,34.43,0.0,246.9,0.0,118.51,72.71,58.05
2026-06-09 03:55:00,3,-348.57,151.37,35.02,0.0,273.25,0.0,131.16,75.55,57.93
2026-06-09 04:00:00,3,-348.57,151.37,34.2,0.0,203.5,0.0,97.68,68.66,57.81
2026-06-09 04:05:00,3,-348.57,151.37,35.09,0.0,269.73,0.0,129.47,75.16,57.69
2026-06-09 04:10:00,3,-348.57,151.37,34.41,0.0,263.0,0.0,126.24,74.41,57.56
2026-06-09 04:15:00,3,-348.57,151.37,34.31,0.0,281.79,0.0,135.26,76.54,57.43
2026-06-09 04:20:00,3,-348.57,151.37,35.09,0.0,203.43,0.0,97.64,68.65,57.32
2026-06-09 04:25:00,3,-348.57,151.37,34.14,0.0,279.47,0.0,134.15,76.27,57.19
2026-06-09 04:30:00,3,-348.57,151.37,35.93,0.0,312.55,0.0,150.03,80.33,57.06
2026-06-09 04:35:00,3,-348.57,151.37,35.73,0.0,233.19,0.0,111.93,71.35,56.94
2026-06-09 04:40:00,3,-348.57,151.37,35.53,0.0,306.17,0.0,146.96,79.51,56.81
2026-06-09 04:45:00,3,-348.57,151.37,35.25,0.0,315.34,0.0,151.36,80.69,56.67
2026-06-09 04:50:00,3,-348.57,151.37,35.46,0.0,307.67,0.0,147.68,79.7,56.54
2026-06-09 04:55:00,3,-348.57,151.37,35.46,0.0,211.34,0.0,101.44,69.33,56.43
2026-06-09 05:00:00,3,-348.57,151.37,36.13,0.0,232.52,0.0,111.61,71.29,56.31
2026-06-09 05:05:00,3,-348.57,151.37,36.19,0.0,209.64,0.0,100.63,69.19,56.19
2026-06-09 05:10:00,3,-348.57,151.37,36.35,0.0,286.61,0.0,137.58,77.11,56.06
2026-06-09 05:15:00,3,-348.57,151.37,36.13,0.0,302.9,0.0,145.39,79.1,55.93
2026-06-09 05:20:00,3,-348.57,151.37,36.76,0.0,287.57,0.0,138.04,77.22,55.8
2026-06-09 05:25:00,3,-348.57,151.37,36.39,0.0,249.84,0.0,119.92,73.02,55.68
2026-06-09 05:30:00,3,-348.57,151.37,36.32,0.0,230.12,0.0,110.46,71.06,55.56
2026-06-09 05:35:00,3,-348.57,151.37,37.09,0.0,246.71,0.0,118.42,72.7,55.44
2026-06-09 05:40:00,3,-348.57,151.37,37.1,0.0,244.85,0.0,117.53,72.51,55.32
2026-06-09 05:45:00,3,-348.57,151.37,37.0,0.0,201.31,0.0,96.63,68.48,55.21
2026-06-09 05:50:00,3,-348.57,151.37,36.75,0.0,292.5,0.0,140.4,77.82,55.08
2026-06-09 05:55:00,3,-348.57,151.37,38.3,0.0,229.61,0.0,110.21,71.01,54.96
2026-06-09 06:00:00,3,-348.57,151.37,37.47,0.0,224.15,0.0,107.59,70.49,54.84
2026-06-09 06:05:00,3,-348.57,151.37,37.94,0.0,207.04,0.0,99.38,68.97,54.73
2026-06-09 06:10:00,3,-348.57,151.37,38.75,0.0,258.6,0.0,124.13,73.95,54.6
2026-06-09 06:15:00,3,-348.57,151.37,38.31,0.0,276.39,0.0,132.67,75.92,54.48
2026-06-09 06:20:00,3,-348.57,151.37,39.09,0.0,303.93,0.0,145.89,79.24,54.34
2026-06-09 06:25:00,3,-348.57,151.37,38.05,0.0,273.03,0.0,131.05,75.53,54.22
2026-06-09 06:30:00,3,-348.57,151.37,39.2,0.0,311.55,0.0,149.55,80.21,54.08
2026-06-09 06:35:00,3,-348.57,151.37,39.99,0.0,219.48,0.0,105.35,70.07,53.97
2026-06-09 06:40:00,3,-348.57,151.37,39.55,0.0,296.47,0.0,142.3,78.3,53.84
2026-06-09 06:45:00,3,-348.57,151.37,39.85,0.0,212.02,0.0,101.77,69.4,53.72
2026-06-09 06:50:00,3,-348.57,151.37,39.61,0.0,285.07,0.0,136.84,76.93,53.59
2026-06-09 06:55:00,3,-348.57,151.37,40.46,0.0,246.94,0.0,118.53,72.73,53.47
2026-06-09 07:00:00,3,-348.57,151.37,39.42,0.0,234.71,0.0,112.66,71.5,53.35
2026-06-09 07:05:00,3,-348.57,151.37,39.33,0.0,230.59,0.0,110.68,71.11,53.23
2026-06-09 07:10:00,3,-348.57,151.37,40.23,0.0,280.97,0.0,134.87,76.45,53.11
2026-06-09 07:15:00,3,-348.57,151.37,39.65,0.0,285.34,0.0,136.96,76.96,52.98
2026-06-09 07:20:00,3,-348.57,151.37,40.37,0.0,235.2,0.0,112.89,71.55,52.86
2026-06-09 07:25:00,3,-348.57,151.37,39.56,0.0,221.34,0.0,106.24,70.24,52.74
2026-06-09 07:30:00,3,-348.57,151.37,40.19,0.0,311.53,0.0,149.53,80.21,52.61
2026-06-09 07:35:00,3,-348.57,151.37,40.55,0.0,220.18,0.0,105.69,70.14,52.49
2026-06-09 07:40:00,3,-348.57,151.37,40.48,0.0,232.49,0.0,111.6,71.29,52.37
2026-06-09 07:45:00,3,-348.57,151.37,40.8,0.0,307.49,0.0,147.6,79.69,52.24
2026-06-09 07:50:00,3,-348.57,151.37,41.57,0.0,203.44,0.0,97.65,68.67,52.13
2026-06-09 07:55:00,3,-348.57,151.37,41.44,0.0,248.61,0.0,119.33,72.9,52.0
2026-06-09 08:00:00,3,-348.57,151.37,41.07,0.0,204.05,0.0,97.94,68.72,51.89
2026-06-09 08:05:00,3,-348.57,151.37,41.58,0.0,204.93,0.0,98.37,68.79,51.77
2026-06-09 08:10:00,3,-348.57,151.37,41.35,0.0,253.12,0.0,121.5,73.37,51.65
2026-06-09 08:15:00,3,-348.57,151.37,42.29,0.0,317.78,0.0,152.54,81.03,51.52
2026-06-09 08:20:00,3,-348.57,151.37,41.8,0.0,232.11,0.0,111.42,71.26,51.4
2026-06-09 08:25:00,3,-348.57,151.37,41.99,0.0,252.92,0.0,121.4,73.35,51.28
2026-06-09 08:30:00,3,-348.57,151.37,42.51,0.0,219.48,0.0,105.35,70.08,51.16
2026-06-09 08:35:00,3,-348.57,151.37,42.66,0.0,266.64,0.0,127.99,74.83,51.03
2026-06-09 08:40:00,3,-348.57,151.37,42.87,0.0,275.13,0.0,132.06,75.78,50.91
2026-06-09 08:45:00,3,-348.57,151.37,42.54,0.0,207.76,0.0,99.72,69.04,50.79
2026-06-09 08:50:00,3,-348.57,151.37,42.62,0.0,205.17,0.0,98.48,68.82,50.68
2026-06-09 08:55:00,3,-348.57,151.37,43.29,0.0,282.83,0.0,135.76,76.68,50.55
2026-06-09 09:00:00,3,-348.57,151.37,42.16,0.0,319.39,0.0,153.31,81.24,50.42
2026-06-09 09:05:00,3,-348.57,151.37,43.55,0.0,235.01,0.0,112.81,71.54,50.3
2026-06-09 09:10:00,3,-348.57,151.37,42.76,0.0,248.69,0.0,119.37,72.91,50.17
2026-06-09 09:15:00,3,-348.57,151.37,43.25,0.0,243.87,0.0,117.06,72.42,50.05
2026-06-09 09:20:00,3,-348.57,151.37,42.99,0.0,208.43,0.0,100.05,69.1,49.94
2026-06-09 09:25:00,3,-348.57,151.37,43.32,0.0,285.31,0.0,136.95,76.97,49.81
2026-06-09 09:30:00,3,-348.57,151.37,43.82,0.0,301.01,0.0,144.48,78.88,49.68
2026-06-09 09:35:00,3,-348.57,151.37,43.29,0.0,287.03,0.0,137.77,77.17,49.55
2026-06-09 09:40:00,3,-348.57,151.37,44.28,0.0,210.36,0.0,100.97,69.27,49.43
2026-06-09 09:45:00,3,-348.57,151.37,44.01,0.0,264.04,0.0,126.74,74.55,49.31
2026-06-09 09:50:00,3,-348.57,151.37,44.33,0.0,240.29,0.0,115.34,72.06,49.19
2026-06-09 09:55:00,3,-348.57,151.37,43.58,0.0,241.41,0.0,115.88,72.17,49.07
2026-06-09 10:00:00,3,-348.57,151.37,43.59,0.0,286.94,0.0,137.73,77.16,48.94
2026-06-09 10:05:00,3,-348.57,151.37,44.29,0.0,206.05,0.0,98.91,68.9,48.83
2026-06-09 10:10:00,3,-348.57,151.37,44.07,0.0,320.39,0.0,153.79,81.38,48.69
2026-06-09 10:15:00,3,-348.57,151.37,45.26,0.0,311.95,0.0,149.74,80.27,48.56
2026-06-09 10:20:00,3,-348.57,151.37,44.53,0.0,321.71,0.0,154.42,81.55,48.42
2026-06-09 10:25:00,3,-348.57,151.37,44.7,0.0,268.1,0.0,128.69,75.0,48.3
2026-06-09 10:30:00,3,-348.57,151.37,45.03,0.0,267.33,0.0,128.32,74.91,48.17
2026-06-09 10:35:00,3,-348.57,151.37,44.86,0.0,251.41,0.0,120.68,73.2,48.05
2026-06-09 10:40:00,3,-348.57,151.37,44.3,0.0,254.75,0.0,122.28,73.55,47.93
2026-06-09 10:45:00,3,-348.57,151.37,45.09,0.0,232.48,0.0,111.59,71.3,47.81
2026-06-09 10:50:00,3,-348.57,151.37,45.61,0.0,219.56,0.0,105.39,70.09,47.69
2026-06-09 10:55:00,3,-348.57,151.37,43.93,0.0,321.1,0.0,154.13,81.47,47.56
2026-06-09 11:00:00,3,-348.57,151.37,44.11,0.0,312.62,0.0,150.06,80.36,47.42
2026-06-09 11:05:00,3,-348.57,151.37,44.13,0.0,318.15,0.0,152.71,81.08,47.29
2026-06-09 11:10:00,3,-348.57,151.37,44.6,0.0,273.96,0.0,131.5,75.65,47.16
2026-06-09 11:15:00,3,-348.57,151.37,44.8,0.0,281.16,0.0,134.96,76.48,47.03
2026-06-09 11:20:00,3,-348.57,151.37,45.84,0.0,222.32,0.0,106.72,70.34,46.92
2026-06-09 11:25:00,3,-348.57,151.37,45.09,0.0,220.47,0.0,105.83,70.17,46.8
2026-06-09 11:30:00,3,-348.57,151.37,44.92,0.0,245.24,0.0,117.71,72.56,46.68
2026-06-09 11:35:00,3,-348.57,151.37,45.19,0.0,304.64,0.0,146.23,79.34,46.55
2026-06-09 11:40:00,3,-348.57,151.37,45.27,0.0,249.82,0.0,119.91,73.03,46.42
2026-06-09 11:45:00,3,-348.57,151.37,45.02,0.0,209.56,0.0,100.59,69.2,46.31
2026-06-09 11:50:00,3,-348.57,151.37,45.32,0.0,285.62,0.0,137.1,77.01,46.18
2026-06-09 11:55:00,3,-348.57,151.37,44.71,0.0,227.21,0.0,109.06,70.8,46.06
2026-06-09 12:00:00,3,-348.57,151.37,45.67,0.0,203.23,0.0,97.55,68.66,45.95
2026-06-09 12:05:00,3,-348.57,151.37,44.4,0.0,212.88,0.0,102.18,69.49,45.83
2026-06-09 12:10:00,3,-348.57,151.37,45.16,0.0,210.5,0.0,101.04,69.28,45.72
2026-06-09 12:15:00,3,-348.57,151.37,45.57,0.0,280.68,0.0,134.73,76.43,45.59
2026-06-09 12:20:00,3,-348.57,151.37,44.64,0.0,296.49,0.0,142.32,78.32,45.46
2026-06-09 12:25:00,3,-348.57,151.37,45.0,0.0,203.27,0.0,97.57,68.66,45.34
2026-06-09 12:30:00,3,-348.57,151.37,44.9,0.0,283.66,0.0,136.16,76.78,45.22
2026-06-09 12:35:00,3,-348.57,151.37,45.11,0.0,291.96,0.0,140.14,77.77,45.09
2026-06-09 12:40:00,3,-348.57,151.37,45.2,0.0,243.19,0.0,116.73,72.36,44.97
2026-06-09 12:45:00,3,-348.57,151.37,45.4,0.0,314.13,0.0,150.78,80.55,44.83
2026-06-09 12:50:00,3,-348.57,151.37,44.81,0.0,206.18,0.0,98.97,68.91,44.72
2026-06-09 12:55:00,3,-348.57,151.37,45.38,0.0,236.26,0.0,113.4,71.67,44.6
2026-06-09 13:00:00,3,-348.57,151.37,44.7,0.0,289.71,0.0,139.06,77.5,44.47
2026-06-09 13:05:00,3,-348.57,151.37,45.66,0.0,258.89,0.0,124.27,73.99,44.34
2026-06-09 13:10:00,3,-348.57,151.37,45.7,0.0,298.97,0.0,143.51,78.63,44.21
2026-06-09 13:15:00,3,-348.57,151.37,45.03,0.0,211.4,0.0,101.47,69.36,44.1
2026-06-09 13:20:00,3,-348.57,151.37,45.23,0.0,248.78,0.0,119.41,72.93,43.98
2026-06-09 13:25:00,3,-348.57,151.37,44.42,0.0,294.51,0.0,141.37,78.08,43.85
2026-06-09 13:30:00,3,-348.57,151.37,43.85,0.0,227.41,0.0,109.16,70.81,43.73
2026-06-09 13:35:00,3,-348.57,151.37,43.85,0.0,208.32,0.0,100.0,69.09,43.61
2026-06-09 13:40:00,3,-348.57,151.37,44.39,0.0,276.54,0.0,132.74,75.95,43.49
2026-06-09 13:45:00,3,-348.57,151.37,44.17,0.0,280.77,0.0,134.77,76.44,43.36
2026-06-09 13:50:00,3,-348.57,151.37,44.19,0.0,262.19,0.0,125.85,74.34,43.24
2026-06-09 13:55:00,3,-348.57,151.37,43.8,0.0,315.0,0.0,151.2,80.66,43.1
2026-06-09 14:00:00,3,-348.57,151.37,43.42,0.0,265.18,0.0,127.28,74.67,42.98
2026-06-09 14:05:00,3,-348.57,151.37,43.11,0.0,287.89,0.0,138.19,77.27,42.85
2026-06-09 14:10:00,3,-348.57,151.37,42.9,0.0,255.64,0.0,122.71,73.64,42.73
2026-06-09 14:15:00,3,-348.57,151.37,43.29,0.0,309.52,0.0,148.57,79.95,42.59
2026-06-09 14:20:00,3,-348.57,151.37,43.83,0.0,252.87,0.0,121.38,73.35,42.47
2026-06-09 14:25:00,3,-348.57,151.37,43.37,0.0,291.54,0.0,139.94,77.71,42.34
2026-06-09 14:30:00,3,-348.57,151.37,43.92,0.0,229.87,0.0,110.34,71.05,42.22
2026-06-09 14:35:00,3,-348.57,151.37,42.57,0.0,287.32,0.0,137.91,77.2,42.09
2026-06-09 14:40:00,3,-348.57,151.37,42.97,0.0,264.45,0.0,126.94,74.59,41.97
2026-06-09 14:45:00,3,-348.57,151.37,43.66,0.0,314.6,0.0,151.01,80.61,41.83
2026-06-09 14:50:00,3,-348.57,151.37,43.31,0.0,304.11,0.0,145.97,79.27,41.7
2026-06-09 14:55:00,3,-348.57,151.37,43.46,0.0,281.8,0.0,135.27,76.56,41.57
2026-06-09 15:00:00,3,-348.57,151.37,42.79,0.0,272.25,0.0,130.68,75.46,41.45
2026-06-09 15:05:00,3,-348.57,151.37,42.92,0.0,308.21,0.0,147.94,79.79,41.32
2026-06-09 15:10:00,3,-348.57,151.37,41.77,0.0,303.28,0.0,145.58,79.16,41.18
2026-06-09 15:15:00,3,-348.57,151.37,42.27,0.0,235.77,0.0,113.17,71.61,41.06
2026-06-09 15:20:00,3,-348.57,151.37,42.2,0.0,245.93,0.0,118.05,72.63,40.94
2026-06-09 15:25:00,3,-348.57,151.37,43.31,0.0,200.78,0.0,96.38,68.45,40.83
2026-06-09 15:30:00,3,-348.57,151.37,42.73,0.0,281.32,0.0,135.03,76.5,40.7
2026-06-09 15:35:00,3,-348.57,151.37,42.6,0.0,229.22,0.0,110.03,70.98,40.58
2026-06-09 15:40:00,3,-348.57,151.37,41.53,0.0,203.42,0.0,97.64,68.66,40.47
2026-06-09 15:45:00,3,-348.57,151.37,41.57,0.0,251.29,0.0,120.62,73.18,40.35
2026-06-09 15:50:00,3,-348.57,151.37,41.1,0.0,253.46,0.0,121.66,73.4,40.22
2026-06-09 15:55:00,3,-348.57,151.37,41.26,0.0,260.11,0.0,124.85,74.11,40.1
2026-06-09 16:00:00,3,-348.57,151.37,41.06,0.0,258.37,0.0,124.02,73.93,39.98
2026-06-09 16:05:00,3,-348.57,151.37,40.42,0.0,229.74,0.0,110.27,71.03,39.86
2026-06-09 16:10:00,3,-348.57,151.37,42.31,0.0,277.19,0.0,133.05,76.02,39.73
2026-06-09 16:15:00,3,-348.57,151.37,41.3,0.0,324.36,0.0,155.69,81.9,39.6
2026-06-09 16:20:00,3,-348.57,151.37,40.92,0.0,275.73,0.0,132.35,75.85,39.47
2026-06-09 16:25:00,3,-348.57,151.37,41.12,0.0,308.8,0.0,148.22,79.86,39.34
2026-06-09 16:30:00,3,-348.57,151.37,40.91,0.0,240.91,0.0,115.64,72.12,39.22
2026-06-09 16:35:00,3,-348.57,151.37,39.54,0.0,254.41,0.0,122.12,73.5,39.09
2026-06-09 16:40:00,3,-348.57,151.37,40.33,0.0,272.47,0.0,130.79,75.48,38.97
2026-06-09 16:45:00,3,-348.57,151.37,40.74,0.0,243.86,0.0,117.05,72.41,38.85
2026-06-09 16:50:00,3,-348.57,151.37,39.7,0.0,311.09,0.0,149.32,80.15,38.71
2026-06-09 16:55:00,3,-348.57,151.37,39.9,0.0,235.29,0.0,112.94,71.56,38.6
2026-06-09 17:00:00,3,-348.57,151.37,40.15,0.0,234.28,0.0,112.46,71.46,38.48
2026-06-09 17:05:00,3,-348.57,151.37,39.28,0.0,202.09,0.0,97.0,68.55,38.36
2026-06-09 17:10:00,3,-348.57,151.37,38.8,0.0,312.34,0.0,149.92,80.31,38.23
2026-06-09 17:15:00,3,-348.57,151.37,39.82,0.0,243.4,0.0,116.83,72.37,38.11
2026-06-09 17:20:00,3,-348.57,151.37,38.61,0.0,285.34,0.0,136.96,76.96,37.98
2026-06-09 17:25:00,3,-348.57,151.37,39.58,0.0,212.77,0.0,102.13,69.47,37.86
2026-06-09 17:30:00,3,-348.57,151.37,38.61,0.0,264.76,0.0,127.09,74.62,37.74
2026-06-09 17:35:00,3,-348.57,151.37,39.38,0.0,277.16,0.0,133.04,76.01,37.61
2026-06-09 17:40:00,3,-348.57,151.37,38.72,0.0,308.21,0.0,147.94,79.78,37.48
2026-06-09 17:45:00,3,-348.57,151.37,38.29,0.0,234.21,0.0,112.42,71.45,37.36
2026-06-09 17:50:00,3,-348.57,151.37,38.56,0.0,228.11,0.0,109.49,70.87,37.24
2026-06-09 17:55:00,3,-348.57,151.37,37.83,0.0,223.69,0.0,107.37,70.45,37.12
2026-06-09 18:00:00,3,-348.57,151.37,37.73,0.0,241.34,0.0,115.85,72.16,37.0
2026-06-09 18:05:00,3,-348.57,151.37,38.21,0.0,251.53,0.0,120.74,73.2,36.88
2026-06-09 18:10:00,3,-348.57,151.37,38.34,0.0,287.34,0.0,137.93,77.2,36.75
2026-06-09 18:15:00,3,-348.57,151.37,37.02,0.0,211.69,0.0,101.61,69.37,36.64
2026-06-09 18:20:00,3,-348.57,151.37,37.79,0.0,270.25,0.0,129.72,75.22,36.51
2026-06-09 18:25:00,3,-348.57,151.37,37.47,0.0,243.89,0.0,117.07,72.41,36.39
2026-06-09 18:30:00,3,-348.57,151.37,36.98,0.0,251.44,0.0,120.69,73.19,36.27
2026-06-09 18:35:00,3,-348.57,151.37,37.01,0.0,236.92,0.0,113.72,71.71,36.15
2026-06-09 18:40:00,3,-348.57,151.37,37.35,0.0,283.42,0.0,136.04,76.73,36.02
2026-06-09 18:45:00,3,-348.57,151.37,37.4,0.0,220.45,0.0,105.81,70.15,35.91
2026-06-09 18:50:00,3,-348.57,151.37,36.31,0.0,275.15,0.0,132.07,75.77,35.78
2026-06-09 18:55:00,3,-348.57,151.37,37.04,0.0,254.88,0.0,122.34,73.55,35.66
2026-06-09 19:00:00,3,-348.57,151.37,36.75,0.0,309.25,0.0,148.44,79.91,35.52
2026-06-09 19:05:00,3,-348.57,151.37,35.62,0.0,288.39,0.0,138.43,77.32,35.39
2026-06-09 19:10:00,3,-348.57,151.37,35.37,0.0,319.06,0.0,153.15,81.18,35.26
2026-06-09 19:15:00,3,-348.57,151.37,35.95,0.0,232.05,0.0,111.38,71.24,35.14
2026-06-09 19:20:00,3,-348.57,151.37,36.14,0.0,209.84,0.0,100.72,69.2,35.03
2026-06-09 19:25:00,3,-348.57,151.37,35.97,0.0,257.83,0.0,123.76,73.86,34.9
2026-06-09 19:30:00,3,-348.57,151.37,35.37,0.0,308.15,0.0,147.91,79.76,34.77
2026-06-09 19:35:00,3,-348.57,151.37,35.32,0.0,242.34,0.0,116.32,72.25,34.65
2026-06-09 19:40:00,3,-348.57,151.37,35.11,0.0,200.63,0.0,96.3,68.42,34.53
2026-06-09 19:45:00,3,-348.57,151.37,34.46,0.0,316.82,0.0,152.08,80.89,34.4
2026-06-09 19:50:00,3,-348.57,151.37,35.43,0.0,255.21,0.0,122.5,73.58,34.28
2026-06-09 19:55:00,3,-348.57,151.37,35.16,0.0,324.02,0.0,155.53,81.84,34.14
2026-06-09 20:00:00,3,-348.57,151.37,34.94,0.0,286.56,0.0,137.55,77.1,34.01
2026-06-09 20:05:00,3,-348.57,151.37,34.78,0.0,280.75,0.0,134.76,76.42,33.89
2026-06-09 20:10:00,3,-348.57,151.37,34.42,0.0,260.18,0.0,124.89,74.11,33.76
2026-06-09 20:15:00,3,-348.57,151.37,33.64,0.0,233.84,0.0,112.24,71.41,33.64
2026-06-09 20:20:00,3,-348.57,151.37,34.48,0.0,217.8,0.0,104.54,69.91,33.53
2026-06-09 20:25:00,3,-348.57,151.37,33.4,0.0,319.39,0.0,153.31,81.22,33.39
2026-06-09 20:30:00,3,-348.57,151.37,33.74,0.0,200.59,0.0,96.28,68.41,33.28
2026-06-09 20:35:00,3,-348.57,151.37,33.5,0.0,202.95,0.0,97.42,68.61,33.16
2026-06-09 20:40:00,3,-348.57,151.37,33.55,0.0,245.29,0.0,117.74,72.55,33.04
2026-06-09 20:45:00,3,-348.57,151.37,32.67,0.0,303.56,0.0,145.71,79.18,32.91
2026-06-09 20:50:00,3,-348.57,151.37,32.91,0.0,232.72,0.0,111.71,71.3,32.79
2026-06-09 20:55:00,3,-348.57,151.37,33.0,0.0,257.67,0.0,123.68,73.84,32.67
2026-06-09 21:00:00,3,-348.57,151.37,33.55,0.0,288.19,0.0,138.33,77.29,32.54
2026-06-09 21:05:00,3,-348.57,151.37,33.18,0.0,241.69,0.0,116.01,72.18,32.42
2026-06-09 21:10:00,3,-348.57,151.37,32.9,0.0,302.9,0.0,145.39,79.09,32.29
2026-06-09 21:15:00,3,-348.57,151.37,32.46,0.0,322.85,0.0,154.97,81.68,32.15
2026-06-09 21:20:00,3,-348.57,151.37,32.75,0.0,284.0,0.0,136.32,76.79,32.02
2026-06-09 21:25:00,3,-348.57,151.37,31.97,0.0,265.04,0.0,127.22,74.63,31.9
2026-06-09 21:30:00,3,-348.57,151.37,32.14,0.0,244.32,0.0,117.28,72.45,31.78
2026-06-09 21:35:00,3,-348.57,151.37,31.31,0.0,263.06,0.0,126.27,74.42,31.65
2026-06-09 21:40:00,3,-348.57,151.37,32.62,0.0,250.66,0.0,120.32,73.1,31.53
2026-06-09 21:45:00,3,-348.57,151.37,32.85,0.0,212.4,0.0,101.95,69.42,31.42
2026-06-09 21:50:00,3,-348.57,151.37,32.23,0.0,205.58,0.0,98.68,68.83,31.3
2026-06-09 21:55:00,3,-348.57,151.37,32.13,0.0,256.67,0.0,123.2,73.73,31.18
2026-06-09 22:00:00,3,-348.57,151.37,31.95,0.0,252.54,0.0,121.22,73.29,31.06
2026-06-09 22:05:00,3,-348.57,151.37,31.7,0.0,221.08,0.0,106.12,70.2,30.94
2026-06-09 22:10:00,3,-348.57,151.37,32.28,0.0,229.89,0.0,110.35,71.03,30.82
2026-06-09 22:15:00,3,-348.57,151.37,30.86,0.0,271.17,0.0,130.16,75.31,30.7
2026-06-09 22:20:00,3,-348.57,151.37,31.39,0.0,230.31,0.0,110.55,71.06,30.58
2026-06-09 22:25:00,3,-348.57,151.37,31.96,0.0,248.69,0.0,119.37,72.89,30.46
2026-06-09 22:30:00,3,-348.57,151.37,31.3,0.0,312.17,0.0,149.84,80.27,30.32
2026-06-09 22:35:00,3,-348.57,151.37,31.67,0.0,208.38,0.0,100.02,69.07,30.21
2026-06-09 22:40:00,3,-348.57,151.37,32.43,0.0,274.06,0.0,131.55,75.64,30.08
2026-06-09 22:45:00,3,-348.57,151.37,31.38,0.0,248.48,0.0,119.27,72.87,29.96
2026-06-09 22:50:00,3,-348.57,151.37,30.68,0.0,203.54,0.0,97.7,68.66,29.84
2026-06-09 22:55:00,3,-348.57,151.37,31.64,0.0,310.1,0.0,148.85,80.01,29.71
2026-06-09 23:00:00,3,-348.57,151.37,31.39,0.0,274.61,0.0,131.81,75.7,29.58
2026-06-09 23:05:00,3,-348.57,151.37,32.03,0.0,264.0,0.0,126.72,74.52,29.46
2026-06-09 23:10:00,3,-348.57,151.37,30.58,0.0,260.0,0.0,124.8,74.08,29.34
2026-06-09 23:15:00,3,-348.57,151.37,31.12,0.0,260.49,0.0,125.04,74.14,29.21
2026-06-09 23:20:00,3,-348.57,151.37,30.56,0.0,306.34,0.0,147.04,79.52,29.08
2026-06-09 23:25:00,3,-348.57,151.37,31.26,0.0,278.46,0.0,133.66,76.14,28.95
2026-06-09 23:30:00,3,-348.57,151.37,30.38,0.0,322.98,0.0,155.03,81.69,28.82
2026-06-09 23:35:00,3,-348.57,151.37,30.8,0.0,273.56,0.0,131.31,75.58,28.69
2026-06-09 23:40:00,3,-348.57,151.37,30.1,0.0,323.13,0.0,155.1,81.71,28.56
2026-06-09 23:45:00,3,-348.57,151.37,31.04,0.0,291.61,0.0,139.97,77.7,28.43
2026-06-09 23:50:00,3,-348.57,151.37,30.44,0.0,202.93,0.0,97.41,68.6,28.31
2026-06-09 23:55:00,3,-348.57,151.37,30.05,0.0,321.36,0.0,154.25,81.48,28.18
2026-06-10 00:00:00,3,-348.57,151.37,30.94,0.0,244.27,0.0,117.25,72.44,28.06
2026-06-10 00:05:00,3,-348.57,151.37,30.74,0.0,207.05,0.0,99.38,68.95,27.94
2026-06-10 00:10:00,3,-348.57,151.37,30.22,0.0,245.26,0.0,117.73,72.54,27.82
2026-06-10 00:15:00,3,-348.57,151.37,30.98,0.0,228.21,0.0,109.54,70.86,27.7
2026-06-10 00:20:00,3,-348.57,151.37,29.74,0.0,213.45,0.0,102.46,69.51,27.59
2026-06-10 00:25:00,3,-348.57,151.37,31.28,0.0,229.53,0.0,110.17,70.99,27.47
2026-06-10 00:30:00,3,-348.57,151.37,31.13,0.0,251.53,0.0,120.74,73.19,27.35
2026-06-10 00:35:00,3,-348.57,151.37,32.14,0.0,211.82,0.0,101.68,69.37,27.23
2026-06-10 00:40:00,3,-348.57,151.37,31.25,0.0,273.07,0.0,131.08,75.53,27.1
2026-06-10 00:45:00,3,-348.57,151.37,30.81,0.0,264.88,0.0,127.14,74.61,26.98
2026-06-10 00:50:00,3,-348.57,151.37,30.86,0.0,315.2,0.0,151.29,80.66,26.85
2026-06-10 00:55:00,3,-348.57,151.37,31.55,0.0,291.63,0.0,139.98,77.7,26.72
2026-06-10 01:00:00,3,-348.57,151.37,30.42,0.0,234.86,0.0,112.73,71.5,26.6
2026-06-10 01:05:00,3,-348.57,151.37,31.66,0.0,304.08,0.0,145.96,79.24,26.46
2026-06-10 01:10:00,3,-348.57,151.37,31.57,0.0,274.57,0.0,131.8,75.7,26.34
2026-06-10 01:15:00,3,-348.57,151.37,31.67,0.0,306.64,0.0,147.19,79.56,26.21
2026-06-10 01:20:00,3,-348.57,151.37,30.69,0.0,220.84,0.0,106.0,70.18,26.09
2026-06-10 01:25:00,3,-348.57,151.37,30.95,0.0,272.22,0.0,130.67,75.43,25.96
2026-06-10 01:30:00,3,-348.57,151.37,31.6,0.0,323.21,0.0,155.14,81.73,25.83
2026-06-10 01:35:00,3,-348.57,151.37,31.33,0.0,309.53,0.0,148.58,79.93,25.69
2026-06-10 01:40:00,3,-348.57,151.37,31.15,0.0,285.27,0.0,136.93,76.94,25.57
2026-06-10 01:45:00,3,-348.57,151.37,32.3,0.0,292.49,0.0,140.4,77.81,25.44
2026-06-10 01:50:00,3,-348.57,151.37,31.03,0.0,279.33,0.0,134.08,76.24,25.31
2026-06-10 01:55:00,3,-348.57,151.37,31.84,0.0,251.22,0.0,120.58,73.15,25.19
2026-06-10 02:00:00,3,-348.57,151.37,31.39,0.0,258.09,0.0,123.88,73.88,25.06
2026-06-10 02:05:00,3,-348.57,151.37,32.12,0.0,243.64,0.0,116.95,72.38,24.94
2026-06-10 02:10:00,3,-348.57,151.37,31.1,0.0,222.76,0.0,106.92,70.35,24.83
2026-06-10 02:15:00,3,-348.57,151.37,31.74,0.0,249.34,0.0,119.68,72.96,24.7
2026-06-10 02:20:00,3,-348.57,151.37,31.73,0.0,225.88,0.0,108.42,70.65,24.59
2026-06-10 02:25:00,3,-348.57,151.37,32.71,0.0,209.25,0.0,100.44,69.15,24.47
2026-06-10 02:30:00,3,-348.57,151.37,32.92,0.0,267.25,0.0,128.28,74.88,24.35
2026-06-10 02:35:00,3,-348.57,151.37,32.51,0.0,314.88,0.0,151.14,80.63,24.21
2026-06-10 02:40:00,3,-348.57,151.37,33.01,0.0,296.64,0.0,142.39,78.32,24.08
2026-06-10 02:45:00,3,-348.57,151.37,32.87,0.0,224.42,0.0,107.72,70.51,23.96
2026-06-10 02:50:00,3,-348.57,151.37,32.24,0.0,315.69,0.0,151.53,80.73,23.83
2026-06-10 02:55:00,3,-348.57,151.37,32.95,0.0,324.28,0.0,155.65,81.87,23.69
2026-06-10 03:00:00,3,-348.57,151.37,32.84,0.0,241.25,0.0,115.8,72.14,23.57
2026-06-10 03:05:00,3,-348.57,151.37,32.95,0.0,200.07,0.0,96.03,68.37,23.46
2026-06-10 03:10:00,3,-348.57,151.37,33.42,0.0,215.82,0.0,103.59,69.73,23.34
2026-06-10 03:15:00,3,-348.57,151.37,32.46,0.0,286.87,0.0,137.7,77.13,23.21
2026-06-10 03:20:00,3,-348.57,151.37,34.41,0.0,259.05,0.0,124.35,73.99,23.09
2026-06-10 03:25:00,3,-348.57,151.37,33.33,0.0,241.49,0.0,115.92,72.16,22.97
2026-06-10 03:30:00,3,-348.57,151.37,33.58,0.0,298.02,0.0,143.05,78.49,22.84
2026-06-10 03:35:00,3,-348.57,151.37,33.17,0.0,250.38,0.0,120.18,73.07,22.72
2026-06-10 03:40:00,3,-348.57,151.37,34.19,0.0,307.67,0.0,147.68,79.7,22.58
2026-06-10 03:45:00,3,-348.57,151.37,34.81,0.0,313.24,0.0,150.36,80.42,22.45
2026-06-10 03:50:00,3,-348.57,151.37,34.33,0.0,272.17,0.0,130.64,75.43,22.33
2026-06-10 03:55:00,3,-348.57,151.37,34.77,0.0,281.62,0.0,135.18,76.52,22.2
2026-06-10 04:00:00,3,-348.57,151.37,34.08,0.0,269.71,0.0,129.46,75.15,22.07
2026-06-10 04:05:00,3,-348.57,151.37,34.6,0.0,306.95,0.0,147.34,79.61,21.94
2026-06-10 04:10:00,3,-348.57,151.37,33.99,0.0,285.84,0.0,137.2,77.01,21.81
2026-06-10 04:15:00,3,-348.57,151.37,34.9,0.0,292.23,0.0,140.27,77.78,21.68
2026-06-10 04:20:00,3,-348.57,151.37,35.84,0.0,282.02,0.0,135.37,76.57,21.55
2026-06-10 04:25:00,3,-348.57,151.37,34.8,0.0,260.95,0.0,125.26,74.19,21.43
2026-06-10 04:30:00,3,-348.57,151.37,35.4,0.0,208.19,0.0,99.93,69.06,21.32
2026-06-10 04:35:00,3,-348.57,151.37,35.12,0.0,281.79,0.0,135.26,76.54,21.19
2026-06-10 04:40:00,3,-348.57,151.37,36.25,0.0,222.39,0.0,106.75,70.33,21.07
2026-06-10 04:45:00,3,-348.57,151.37,36.17,0.0,249.37,0.0,119.7,72.97,20.95
2026-06-10 04:50:00,3,-348.57,151.37,35.67,0.0,246.11,0.0,118.13,72.63,20.83
2026-06-10 04:55:00,3,-348.57,151.37,36.28,0.0,217.06,0.0,104.19,69.84,20.71
2026-06-10 05:00:00,3,-348.57,151.37,36.36,0.0,252.29,0.0,121.1,73.27,20.59
2026-06-10 05:05:00,3,-348.57,151.37,36.37,0.0,317.29,0.0,152.3,80.95,20.45
2026-06-10 05:10:00,3,-348.57,151.37,36.1,0.0,266.61,0.0,127.97,74.81,20.33
2026-06-10 05:15:00,3,-348.57,151.37,36.82,0.0,304.56,0.0,146.19,79.31,20.2
2026-06-10 05:20:00,3,-348.57,151.37,37.38,0.0,291.97,0.0,140.15,77.75,20.07
2026-06-10 05:25:00,3,-348.57,151.37,37.38,0.0,319.59,0.0,153.4,81.25,19.93
2026-06-10 05:30:00,3,-348.57,151.37,38.29,0.0,321.55,0.0,154.34,81.52,19.8
2026-06-10 05:35:00,3,-348.57,151.37,37.27,0.0,211.48,0.0,101.51,69.35,19.68
2026-06-10 05:40:00,3,-348.57,151.37,37.73,0.0,260.1,0.0,124.85,74.11,19.56
2026-06-10 05:45:00,3,-348.57,151.37,36.92,0.0,230.04,0.0,110.42,71.05,19.44
2026-06-10 05:50:00,3,-348.57,151.37,37.75,0.0,269.66,0.0,129.44,75.16,19.31
2026-06-10 05:55:00,3,-348.57,151.37,37.54,0.0,312.39,0.0,149.95,80.31,19.18
2026-06-10 06:00:00,3,-348.57,151.37,37.55,0.0,223.13,0.0,107.1,70.4,19.06
2026-06-10 06:05:00,3,-348.57,151.37,37.14,0.0,217.43,0.0,104.36,69.88,18.95
2026-06-10 06:10:00,3,-348.57,151.37,38.27,0.0,243.08,0.0,116.68,72.33,18.83
2026-06-10 06:15:00,3,-348.57,151.37,37.92,0.0,279.45,0.0,134.14,76.27,18.7
2026-06-10 06:20:00,3,-348.57,151.37,38.43,0.0,312.13,0.0,149.82,80.28,18.56
2026-06-10 06:25:00,3,-348.57,151.37,39.58,0.0,306.56,0.0,147.15,79.57,18.43
2026-06-10 06:30:00,3,-348.57,151.37,39.14,0.0,213.03,0.0,102.25,69.49,18.32
2026-06-10 06:35:00,3,-348.57,151.37,40.22,0.0,263.48,0.0,126.47,74.48,18.19
2026-06-10 06:40:00,3,-348.57,151.37,39.53,0.0,313.94,0.0,150.69,80.52,18.06
2026-06-10 06:45:00,3,-348.57,151.37,39.72,0.0,241.11,0.0,115.73,72.14,17.94
2026-06-10 06:50:00,3,-348.57,151.37,39.13,0.0,280.32,0.0,134.55,76.37,17.81
2026-06-10 06:55:00,3,-348.57,151.37,40.09,0.0,290.41,0.0,139.4,77.57,17.68
2026-06-10 07:00:00,3,-348.57,151.37,39.52,0.0,202.39,0.0,97.15,68.57,17.57
2026-06-10 07:05:00,3,-348.57,151.37,39.89,0.0,283.96,0.0,136.3,76.8,17.44
2026-06-10 07:10:00,3,-348.57,151.37,40.45,0.0,301.75,0.0,144.84,78.96,17.31
2026-06-10 07:15:00,3,-348.57,151.37,40.88,0.0,200.39,0.0,96.19,68.41,17.19
2026-06-10 07:20:00,3,-348.57,151.37,40.34,0.0,324.9,0.0,155.95,81.97,17.06
2026-06-10 07:25:00,3,-348.57,151.37,40.03,0.0,311.02,0.0,149.29,80.14,16.92
2026-06-10 07:30:00,3,-348.57,151.37,39.86,0.0,256.58,0.0,123.16,73.73,16.8
2026-06-10 07:35:00,3,-348.57,151.37,40.96,0.0,285.21,0.0,136.9,76.95,16.67
2026-06-10 07:40:00,3,-348.57,151.37,40.5,0.0,259.23,0.0,124.43,74.02,16.55
2026-06-10 07:45:00,3,-348.57,151.37,41.11,0.0,216.75,0.0,104.04,69.83,16.43
2026-06-10 07:50:00,3,-348.57,151.37,41.52,0.0,244.47,0.0,117.34,72.48,16.31
2026-06-10 07:55:00,3,-348.57,151.37,40.96,0.0,245.97,0.0,118.06,72.63,16.19
2026-06-10 08:00:00,3,-348.57,151.37,42.04,0.0,205.34,0.0,98.56,68.83,16.08
2026-06-10 08:05:00,3,-348.57,151.37,42.61,0.0,295.03,0.0,141.61,78.14,15.95
2026-06-10 08:10:00,3,-348.57,151.37,41.51,0.0,263.74,0.0,126.6,74.51,15.82
2026-06-10 08:15:00,3,-348.57,151.37,41.03,0.0,203.96,0.0,97.9,68.71,15.71
2026-06-10 08:20:00,3,-348.57,151.37,42.88,0.0,270.93,0.0,130.05,75.31,15.58
2026-06-10 08:25:00,3,-348.57,151.37,42.16,0.0,234.76,0.0,112.69,71.52,15.46
2026-06-10 08:30:00,3,-348.57,151.37,43.09,0.0,297.26,0.0,142.68,78.41,15.33
2026-06-10 08:35:00,3,-348.57,151.37,42.28,0.0,265.9,0.0,127.63,74.75,15.21
2026-06-10 08:40:00,3,-348.57,151.37,42.25,0.0,248.1,0.0,119.09,72.85,15.09
2026-06-10 08:45:00,3,-348.57,151.37,43.17,0.0,267.04,0.0,128.18,74.88,14.96
2026-06-10 08:50:00,3,-348.57,151.37,43.6,0.0,215.57,0.0,103.47,69.72,14.84
2026-06-10 08:55:00,3,-348.57,151.37,43.1,0.0,299.84,0.0,143.92,78.73,14.71
2026-06-10 09:00:00,3,-348.57,151.37,42.98,0.0,202.49,0.0,97.19,68.59,14.6
2026-06-10 09:05:00,3,-348.57,151.37,43.94,0.0,289.23,0.0,138.83,77.44,14.47
2026-06-10 09:10:00,3,-348.57,151.37,43.49,0.0,249.63,0.0,119.82,73.01,14.35
2026-06-10 09:15:00,3,-348.57,151.37,43.33,0.0,245.57,0.0,117.87,72.59,14.23
2026-06-10 09:20:00,3,-348.57,151.37,42.86,0.0,315.44,0.0,151.41,80.72,14.09
2026-06-10 09:25:00,3,-348.57,151.37,44.16,0.0,268.64,0.0,128.95,75.06,13.97
2026-06-10 09:30:00,3,-348.57,151.37,44.25,0.0,279.16,0.0,134.0,76.25,13.84
2026-06-10 09:35:00,3,-348.57,151.37,43.41,0.0,285.09,0.0,136.84,76.94,13.71
2026-06-10 09:40:00,3,-348.57,151.37,44.0,0.0,212.44,0.0,101.97,69.45,13.6
2026-06-10 09:45:00,3,-348.57,151.37,43.72,0.0,318.33,0.0,152.8,81.1,13.46
2026-06-10 09:50:00,3,-348.57,151.37,44.18,0.0,307.86,0.0,147.77,79.74,13.33
2026-06-10 09:55:00,3,-348.57,151.37,43.7,0.0,207.7,0.0,99.7,69.04,13.21
2026-06-10 10:00:00,3,-348.57,151.37,43.58,0.0,300.11,0.0,144.05,78.76,13.08
2026-06-10 10:05:00,3,-348.57,151.37,44.59,0.0,223.48,0.0,107.27,70.45,12.96
2026-06-10 10:10:00,3,-348.57,151.37,44.45,0.0,246.8,0.0,118.46,72.72,12.84
2026-06-10 10:15:00,3,-348.57,151.37,43.8,0.0,242.93,0.0,116.61,72.33,12.72
2026-06-10 10:20:00,3,-348.57,151.37,45.91,0.0,209.51,0.0,100.56,69.2,12.61
2026-06-10 10:25:00,3,-348.57,151.37,45.03,0.0,302.64,0.0,145.27,79.09,12.48
2026-06-10 10:30:00,3,-348.57,151.37,44.25,0.0,303.27,0.0,145.57,79.16,12.34
2026-06-10 10:35:00,3,-348.57,151.37,43.9,0.0,292.29,0.0,140.3,77.81,12.21
2026-06-10 10:40:00,3,-348.57,151.37,44.56,0.0,297.8,0.0,142.94,78.48,12.08
2026-06-10 10:45:00,3,-348.57,151.37,45.15,0.0,314.82,0.0,151.12,80.65,11.95
2026-06-10 10:50:00,3,-348.57,151.37,44.51,0.0,239.99,0.0,115.2,72.04,11.83
2026-06-10 10:55:00,3,-348.57,151.37,44.67,0.0,285.72,0.0,137.14,77.02,11.7
2026-06-10 11:00:00,3,-348.57,151.37,44.05,0.0,235.14,0.0,112.86,71.55,11.58
2026-06-10 11:05:00,3,-348.57,151.37,44.68,0.0,242.85,0.0,116.57,72.32,11.46
2026-06-10 11:10:00,3,-348.57,151.37,44.56,0.0,306.33,0.0,147.04,79.55,11.33
2026-06-10 11:15:00,3,-348.57,151.37,44.55,0.0,299.35,0.0,143.69,78.67,11.2
2026-06-10 11:20:00,3,-348.57,151.37,45.24,0.0,209.14,0.0,100.39,69.16,11.08
2026-06-10 11:25:00,3,-348.57,151.37,45.47,0.0,200.26,0.0,96.13,68.41,10.97
2026-06-10 11:30:00,3,-348.57,151.37,45.96,0.0,297.66,0.0,142.87,78.47,10.84
2026-06-10 11:35:00,3,-348.57,151.37,44.38,0.0,290.86,0.0,139.61,77.63,10.71
2026-06-10 11:40:00,3,-348.57,151.37,44.67,0.0,205.1,0.0,98.45,68.81,10.59
2026-06-10 11:45:00,3,-348.57,151.37,44.48,0.0,323.81,0.0,155.43,81.83,10.46
2026-06-10 11:50:00,3,-348.57,151.37,44.39,0.0,295.97,0.0,142.06,78.25,10.33
2026-06-10 11:55:00,3,-348.57,151.37,45.14,0.0,297.26,0.0,142.68,78.41,10.2
2026-06-10 12:00:00,3,-348.57,151.37,44.3,0.0,287.41,0.0,137.96,77.22,10.07
2026-06-10 12:05:00,3,-348.57,151.37,44.9,0.0,304.78,0.0,146.3,79.36,9.93
2026-06-10 12:10:00,3,-348.57,151.37,44.17,0.0,300.46,0.0,144.22,78.81,9.8
2026-06-10 12:15:00,3,-348.57,151.37,45.72,0.0,307.55,0.0,147.62,79.71,9.67
2026-06-10 12:20:00,3,-348.57,151.37,44.79,0.0,209.8,0.0,100.7,69.22,9.55
2026-06-10 12:25:00,3,-348.57,151.37,45.66,0.0,215.68,0.0,103.53,69.74,9.44
2026-06-10 12:30:00,3,-348.57,151.37,44.27,0.0,323.22,0.0,155.15,81.76,9.3
2026-06-10 12:35:00,3,-348.57,151.37,45.31,0.0,278.39,0.0,133.63,76.16,9.18
2026-06-10 12:40:00,3,-348.57,151.37,44.49,0.0,223.81,0.0,107.43,70.48,9.06
2026-06-10 12:45:00,3,-348.57,151.37,45.11,0.0,209.52,0.0,100.57,69.2,8.94
2026-06-10 12:50:00,3,-348.57,151.37,44.56,0.0,298.58,0.0,143.32,78.58,8.81
2026-06-10 12:55:00,3,-348.57,151.37,45.41,0.0,293.45,0.0,140.86,77.95,8.68
2026-06-10 13:00:00,3,-348.57,151.37,44.36,0.0,251.14,0.0,120.55,73.17,8.56
2026-06-10 13:05:00,3,-348.57,151.37,45.02,0.0,281.32,0.0,135.03,76.5,8.43
2026-06-10 13:10:00,3,-348.57,151.37,44.6,0.0,261.7,0.0,125.62,74.29,8.31
2026-06-10 13:15:00,3,-348.57,151.37,44.88,0.0,252.24,0.0,121.08,73.29,8.19
2026-06-10 13:20:00,3,-348.57,151.37,44.57,0.0,231.97,0.0,111.35,71.25,8.07
2026-06-10 13:25:00,3,-348.57,151.37,45.14,0.0,284.94,0.0,136.77,76.93,7.94
2026-06-10 13:30:00,3,-348.57,151.37,44.04,0.0,268.78,0.0,129.01,75.07,7.81
2026-06-10 13:35:00,3,-348.57,151.37,44.52,0.0,246.87,0.0,118.5,72.73,7.69
2026-06-10 13:40:00,3,-348.57,151.37,43.51,0.0,281.2,0.0,134.98,76.49,7.57
2026-06-10 13:45:00,3,-348.57,151.37,44.35,0.0,289.03,0.0,138.73,77.41,7.44
2026-06-10 13:50:00,3,-348.57,151.37,43.55,0.0,220.23,0.0,105.71,70.15,7.32
2026-06-10 13:55:00,3,-348.57,151.37,43.6,0.0,317.33,0.0,152.32,80.97,7.18
2026-06-10 14:00:00,3,-348.57,151.37,43.99,0.0,322.2,0.0,154.66,81.62,7.05
2026-06-10 14:05:00,3,-348.57,151.37,43.82,0.0,270.46,0.0,129.82,75.26,6.92
2026-06-10 14:10:00,3,-348.57,151.37,44.25,0.0,276.13,0.0,132.54,75.9,6.8
2026-06-10 14:15:00,3,-348.57,151.37,44.18,0.0,270.87,0.0,130.02,75.31,6.67
2026-06-10 14:20:00,3,-348.57,151.37,44.02,0.0,323.0,0.0,155.04,81.72,6.53
2026-06-10 14:25:00,3,-348.57,151.37,42.46,0.0,253.7,0.0,121.78,73.43,6.41
2026-06-10 14:30:00,3,-348.57,151.37,43.69,0.0,278.56,0.0,133.71,76.18,6.29
2026-06-10 14:35:00,3,-348.57,151.37,43.31,0.0,242.08,0.0,116.2,72.24,6.17
2026-06-10 14:40:00,3,-348.57,151.37,43.66,0.0,205.62,0.0,98.7,68.86,6.05
2026-06-10 14:45:00,3,-348.57,151.37,43.13,0.0,271.95,0.0,130.53,75.42,5.92
2026-06-10 14:50:00,3,-348.57,151.37,43.04,0.0,299.32,0.0,143.67,78.66,5.79
2026-06-10 14:55:00,3,-348.57,151.37,42.98,0.0,224.11,0.0,107.57,70.5,5.68
2026-06-10 15:00:00,3,-348.57,151.37,43.77,0.0,313.93,0.0,150.69,80.53,5.54
2026-06-10 15:05:00,3,-348.57,151.37,42.98,0.0,323.41,0.0,155.24,81.78,5.41
2026-06-10 15:10:00,3,-348.57,151.37,42.37,0.0,280.14,0.0,134.47,76.36,5.28
2026-06-10 15:15:00,3,-348.57,151.37,43.31,0.0,314.26,0.0,150.85,80.57,5.14
2026-06-10 15:20:00,3,-348.57,151.37,42.4,0.0,238.16,0.0,114.32,71.85,5.02
2026-06-10 15:25:00,3,-348.57,151.37,41.72,0.0,323.16,0.0,155.12,81.74,4.89
2026-06-10 15:30:00,3,-348.57,151.37,42.12,0.0,260.9,0.0,125.23,74.2,4.76
2026-06-10 15:35:00,3,-348.57,151.37,41.78,0.0,321.8,0.0,154.47,81.56,4.63
2026-06-10 15:40:00,3,-348.57,151.37,41.81,0.0,256.81,0.0,123.27,73.76,4.51
2026-06-10 15:45:00,3,-348.57,151.37,41.21,0.0,318.91,0.0,153.08,81.17,4.37
2026-06-10 15:50:00,3,-348.57,151.37,41.89,0.0,323.31,0.0,155.19,81.76,4.23
2026-06-10 15:55:00,3,-348.57,151.37,40.9,0.0,252.75,0.0,121.32,73.33,4.11
2026-06-10 16:00:00,3,-348.57,151.37,41.78,0.0,311.7,0.0,149.62,80.23,3.98
2026-06-10 16:05:00,3,-348.57,151.37,40.65,0.0,215.99,0.0,103.68,69.76,3.86
2026-06-10 16:10:00,3,-348.57,151.37,41.3,0.0,308.7,0.0,148.18,79.85,3.73
2026-06-10 16:15:00,3,-348.57,151.37,41.14,0.0,262.04,0.0,125.78,74.32,3.6
2026-06-10 16:20:00,3,-348.57,151.37,41.36,0.0,294.27,0.0,141.25,78.04,3.47
2026-06-10 16:25:00,3,-348.57,151.37,41.19,0.0,323.27,0.0,155.17,81.75,3.34
2026-06-10 16:30:00,3,-348.57,151.37,40.96,0.0,276.78,0.0,132.85,75.97,3.21
2026-06-10 16:35:00,3,-348.57,151.37,40.18,0.0,266.61,0.0,127.97,74.82,3.09
2026-06-10 16:40:00,3,-348.57,151.37,40.38,0.0,233.43,0.0,112.05,71.38,2.97
2026-06-10 16:45:00,3,-348.57,151.37,39.73,0.0,211.0,0.0,101.28,69.31,2.85
2026-06-10 16:50:00,3,-348.57,151.37,39.83,0.0,279.77,0.0,134.29,76.31,2.73
2026-06-10 16:55:00,3,-348.57,151.37,40.02,0.0,257.34,0.0,123.52,73.81,2.6
2026-06-10 17:00:00,3,-348.57,151.37,39.0,0.0,207.07,0.0,99.39,68.97,2.49
2026-06-10 17:05:00,3,-348.57,151.37,39.87,0.0,233.33,0.0,112.0,71.37,2.37
2026-06-10 17:10:00,3,-348.57,151.37,39.61,0.0,237.47,0.0,113.99,71.78,2.25
2026-06-10 17:15:00,3,-348.57,151.37,39.14,0.0,275.29,0.0,132.14,75.79,2.12
2026-06-10 17:20:00,3,-348.57,151.37,39.35,0.0,273.06,0.0,131.07,75.54,2.0
2026-06-10 17:25:00,3,-348.57,151.37,39.6,0.0,246.03,0.0,118.09,72.63,1.88
2026-06-10 17:30:00,3,-348.57,151.37,38.75,0.0,305.03,0.0,146.41,79.37,1.74
2026-06-10 17:35:00,3,-348.57,151.37,38.22,0.0,313.05,0.0,150.26,80.4,1.61
2026-06-10 17:40:00,3,-348.57,151.37,38.59,0.0,272.55,0.0,130.82,75.48,1.48
2026-06-10 17:45:00,3,-348.57,151.37,38.56,0.0,322.33,0.0,154.72,81.62,1.35
2026-06-10 17:50:00,3,-348.57,151.37,38.48,0.0,281.12,0.0,134.94,76.47,1.22
2026-06-10 17:55:00,3,-348.57,151.37,38.27,0.0,236.03,0.0,113.29,71.63,1.1
2026-06-10 18:00:00,3,-348.57,151.37,39.24,0.0,233.57,0.0,112.11,71.39,0.98
2026-06-10 18:05:00,3,-348.57,151.37,37.33,0.0,238.88,0.0,114.66,71.91,0.86
2026-06-10 18:10:00,3,-348.57,151.37,37.6,0.0,255.27,0.0,122.53,73.59,0.74
2026-06-10 18:15:00,3,-348.57,151.37,38.56,0.0,287.28,0.0,137.89,77.19,0.61
2026-06-10 18:20:00,3,-348.57,151.37,37.01,0.0,251.87,0.0,120.9,73.23,0.49
2026-06-10 18:25:00,3,-348.57,151.37,37.65,0.0,282.19,0.0,135.45,76.59,0.36
2026-06-10 18:30:00,3,-348.57,151.37,36.59,0.0,286.61,0.0,137.57,77.11,0.23
2026-06-10 18:35:00,3,-348.57,151.37,37.84,0.0,219.11,0.0,105.17,70.03,0.12
2026-06-10 18:40:00,3,-348.57,151.37,36.92,0.0,274.27,0.0,131.65,75.67,0.0
2026-06-10 18:45:00,3,-348.57,151.37,36.18,0.0,313.75,0.0,150.6,80.49,0.0
2026-06-10 18:50:00,3,-348.57,151.37,35.84,0.0,281.15,0.0,134.95,76.46,0.0
2026-06-10 18:55:00,3,-348.57,151.37,35.51,0.0,257.51,0.0,123.6,73.82,0.0
2026-06-10 19:00:00,3,-348.57,151.37,36.31,0.0,314.55,0.0,150.98,80.59,0.0
2026-06-10 19:05:00,3,-348.57,151.37,35.23,0.0,284.86,0.0,136.73,76.9,0.0
2026-06-10 19:10:00,3,-348.57,151.37,36.08,0.0,285.4,0.0,136.99,76.96,0.0
2026-06-10 19:15:00,3,-348.57,151.37,35.95,0.0,222.43,0.0,106.76,70.33,0.0
2026-06-10 19:20:00,3,-348.57,151.37,35.64,0.0,311.44,0.0,149.49,80.19,0.0
2026-06-10 19:25:00,3,-348.57,151.37,35.51,0.0,255.18,0.0,122.48,73.57,0.0
2026-06-10 19:30:00,3,-348.57,151.37,36.07,0.0,239.23,0.0,114.83,71.94,0.0
2026-06-10 19:35:00,3,-348.57,151.37,35.6,0.0,282.11,0.0,135.41,76.58,0.0
2026-06-10 19:40:00,3,-348.57,151.37,35.27,0.0,204.4,0.0,98.11,68.74,0.0
2026-06-10 19:45:00,3,-348.57,151.37,35.98,0.0,293.66,0.0,140.96,77.96,0.0
2026-06-10 19:50:00,3,-348.57,151.37,33.73,0.0,230.47,0.0,110.63,71.08,0.0
2026-06-10 19:55:00,3,-348.57,151.37,34.36,0.0,310.46,0.0,149.02,80.06,0.0
2026-06-10 20:00:00,3,-348.57,151.37,34.67,0.0,211.83,0.0,101.68,69.38,0.0
2026-06-10 20:05:00,3,-348.57,151.37,34.37,0.0,226.85,0.0,108.89,70.74,0.0
2026-06-10 20:10:00,3,-348.57,151.37,33.84,0.0,203.63,0.0,97.74,68.67,0.0
2026-06-10 20:15:00,3,-348.57,151.37,33.55,0.0,249.57,0.0,119.79,72.98,0.0
2026-06-10 20:20:00,3,-348.57,151.37,33.96,0.0,223.75,0.0,107.4,70.45,0.0
2026-06-10 20:25:00,3,-348.57,151.37,34.27,0.0,259.36,0.0,124.49,74.02,0.0
2026-06-10 20:30:00,3,-348.57,151.37,33.65,0.0,320.14,0.0,153.67,81.32,0.0
2026-06-10 20:35:00,3,-348.57,151.37,32.59,0.0,314.67,0.0,151.04,80.6,0.0
2026-06-10 20:40:00,3,-348.57,151.37,33.65,0.0,288.87,0.0,138.66,77.37,0.0
2026-06-10 20:45:00,3,-348.57,151.37,33.34,0.0,324.73,0.0,155.87,81.93,0.0
2026-06-10 20:50:00,3,-348.57,151.37,33.67,0.0,215.59,0.0,103.48,69.71,0.0
2026-06-10 20:55:00,3,-348.57,151.37,32.84,0.0,323.56,0.0,155.31,81.78,0.0
2026-06-10 21:00:00,3,-348.57,151.37,33.35,0.0,249.42,0.0,119.72,72.97,0.0
2026-06-10 21:05:00,3,-348.57,151.37,32.74,0.0,259.01,0.0,124.33,73.98,0.0
2026-06-10 21:10:00,3,-348.57,151.37,32.46,0.0,318.78,0.0,153.01,81.14,0.0
2026-06-10 21:15:00,3,-348.57,151.37,33.42,0.0,292.99,0.0,140.64,77.87,0.0
2026-06-10 21:20:00,3,-348.57,151.37,31.92,0.0,206.02,0.0,98.89,68.87,0.0
2026-06-10 21:25:00,3,-348.57,151.37,32.17,0.0,318.77,0.0,153.01,81.14,0.0
2026-06-10 21:30:00,3,-348.57,151.37,32.87,0.0,239.61,0.0,115.01,71.97,0.0
2026-06-10 21:35:00,3,-348.57,151.37,33.1,0.0,213.73,0.0,102.59,69.54,0.0
2026-06-10 21:40:00,3,-348.57,151.37,32.2,0.0,244.71,0.0,117.46,72.48,0.0
2026-06-10 21:45:00,3,-348.57,151.37,32.25,0.0,241.79,0.0,116.06,72.19,0.0
2026-06-10 21:50:00,3,-348.57,151.37,32.35,0.0,235.55,0.0,113.07,71.57,0.0
2026-06-10 21:55:00,3,-348.57,151.37,31.45,0.0,257.43,0.0,123.57,73.81,0.0
2026-06-10 22:00:00,3,-348.57,151.37,31.6,0.0,254.61,0.0,122.21,73.51,0.0
2026-06-10 22:05:00,3,-348.57,151.37,32.01,0.0,208.74,0.0,100.19,69.1,0.0
2026-06-10 22:10:00,3,-348.57,151.37,31.79,0.0,266.1,0.0,127.73,74.75,0.0
2026-06-10 22:15:00,3,-348.57,151.37,30.74,0.0,298.99,0.0,143.51,78.6,0.0
2026-06-10 22:20:00,3,-348.57,151.37,31.53,0.0,295.51,0.0,141.84,78.17,0.0
2026-06-10 22:25:00,3,-348.57,151.37,32.6,0.0,223.33,0.0,107.2,70.41,0.0
2026-06-10 22:30:00,3,-348.57,151.37,31.89,0.0,303.9,0.0,145.87,79.22,0.0
2026-06-10 22:35:00,3,-348.57,151.37,31.46,0.0,308.37,0.0,148.02,79.78,0.0
2026-06-10 22:40:00,3,-348.57,151.37,31.81,0.0,245.85,0.0,118.01,72.6,0.0
2026-06-10 22:45:00,3,-348.57,151.37,30.95,0.0,208.16,0.0,99.92,69.05,0.0
2026-06-10 22:50:00,3,-348.57,151.37,30.63,0.0,221.32,0.0,106.23,70.22,0.0
2026-06-10 22:55:00,3,-348.57,151.37,31.91,0.0,250.7,0.0,120.34,73.1,0.0
2026-06-10 23:00:00,3,-348.57,151.37,31.04,0.0,323.23,0.0,155.15,81.73,0.0
2026-06-10 23:05:00,3,-348.57,151.37,31.46,0.0,290.71,0.0,139.54,77.59,0.0
2026-06-10 23:10:00,3,-348.57,151.37,31.05,0.0,221.03,0.0,106.09,70.19,0.0
2026-06-10 23:15:00,3,-348.57,151.37,30.62,0.0,265.34,0.0,127.36,74.66,0.0
2026-06-10 23:20:00,3,-348.57,151.37,31.1,0.0,277.44,0.0,133.17,76.03,0.0
2026-06-10 23:25:00,3,-348.57,151.37,30.99,0.0,308.24,0.0,147.95,79.77,0.0
2026-06-10 23:30:00,3,-348.57,151.37,30.45,0.0,316.47,0.0,151.91,80.83,0.0
2026-06-10 23:35:00,3,-348.57,151.37,30.93,0.0,312.06,0.0,149.79,80.26,0.0
2026-06-10 23:40:00,3,-348.57,151.37,32.46,0.0,215.19,0.0,103.29,69.67,100.0
2026-06-10 23:45:00,3,-348.57,151.37,30.15,0.0,246.51,0.0,118.33,72.67,99.88
2026-06-10 23:50:00,3,-348.57,151.37,31.58,0.0,284.78,0.0,136.7,76.88,99.75
2026-06-10 23:55:00,3,-348.57,151.37,30.98,0.0,285.7,0.0,137.14,76.99,99.62
2026-06-11 00:00:00,3,-348.57,151.37,30.8,0.0,299.28,0.0,143.66,78.64,99.49
2026-06-11 00:05:00,3,-348.57,151.37,31.55,0.0,293.85,0.0,141.05,77.97,99.36
2026-06-11 00:10:00,3,-348.57,151.37,30.88,0.0,323.5,0.0,155.28,81.77,99.23
2026-06-11 00:15:00,3,-348.57,151.37,31.46,0.0,204.13,0.0,97.98,68.71,99.11
2026-06-11 00:20:00,3,-348.57,151.37,31.11,0.0,221.66,0.0,106.4,70.25,98.99
2026-06-11 00:25:00,3,-348.57,151.37,31.1,0.0,235.99,0.0,113.28,71.61,98.87
2026-06-11 00:30:00,3,-348.57,151.37,31.69,0.0,207.72,0.0,99.71,69.01,98.76
2026-06-11 00:35:00,3,-348.57,151.37,30.93,0.0,213.13,0.0,102.3,69.48,98.64
2026-06-11 00:40:00,3,-348.57,151.37,31.52,0.0,223.95,0.0,107.5,70.47,98.53
2026-06-11 00:45:00,3,-348.57,151.37,31.85,0.0,306.33,0.0,147.04,79.53,98.39
2026-06-11 00:50:00,3,-348.57,151.37,31.01,0.0,273.42,0.0,131.24,75.57,98.27
2026-06-11 00:55:00,3,-348.57,151.37,30.87,0.0,306.22,0.0,146.98,79.51,98.13
2026-06-11 01:00:00,3,-348.57,151.37,31.64,0.0,238.95,0.0,114.7,71.91,98.02
2026-06-11 01:05:00,3,-348.57,151.37,31.02,0.0,258.82,0.0,124.24,73.96,97.89
2026-06-11 01:10:00,3,-348.57,151.37,30.72,0.0,208.96,0.0,100.3,69.12,97.78
2026-06-11 01:15:00,3,-348.57,151.37,31.13,0.0,255.17,0.0,122.48,73.57,97.65
2026-06-11 01:20:00,3,-348.57,151.37,31.25,0.0,285.92,0.0,137.24,77.02,97.53
2026-06-11 01:25:00,3,-348.57,151.37,31.45,0.0,201.56,0.0,96.75,68.49,97.41
2026-06-11 01:30:00,3,-348.57,151.37,32.34,0.0,313.66,0.0,150.56,80.47,97.28
2026-06-11 01:35:00,3,-348.57,151.37,31.15,0.0,219.4,0.0,105.31,70.05,97.16
2026-06-11 01:40:00,3,-348.57,151.37,31.76,0.0,210.32,0.0,100.95,69.24,97.05
2026-06-11 01:45:00,3,-348.57,151.37,31.14,0.0,266.69,0.0,128.01,74.81,96.92
2026-06-11 01:50:00,3,-348.57,151.37,31.12,0.0,316.52,0.0,151.93,80.84,96.79
2026-06-11 01:55:00,3,-348.57,151.37,31.95,0.0,305.6,0.0,146.69,79.43,96.65
2026-06-11 02:00:00,3,-348.57,151.37,31.95,0.0,226.56,0.0,108.75,70.71,96.54
2026-06-11 02:05:00,3,-348.57,151.37,31.8,0.0,208.1,0.0,99.89,69.05,96.42
2026-06-11 02:10:00,3,-348.57,151.37,32.52,0.0,232.89,0.0,111.79,71.31,96.3
2026-06-11 02:15:00,3,-348.57,151.37,32.77,0.0,265.38,0.0,127.38,74.67,96.18
2026-06-11 02:20:00,3,-348.57,151.37,32.14,0.0,316.65,0.0,151.99,80.86,96.04
2026-06-11 02:25:00,3,-348.57,151.37,33.13,0.0,203.97,0.0,97.91,68.7,95.93
2026-06-11 02:30:00,3,-348.57,151.37,33.58,0.0,270.17,0.0,129.68,75.2,95.8
2026-06-11 02:35:00,3,-348.57,151.37,32.96,0.0,225.31,0.0,108.15,70.6,95.68
2026-06-11 02:40:00,3,-348.57,151.37,32.22,0.0,274.35,0.0,131.69,75.68,95.56
2026-06-11 02:45:00,3,-348.57,151.37,32.96,0.0,315.17,0.0,151.28,80.67,95.42
2026-06-11 02:50:00,3,-348.57,151.37,32.83,0.0,320.78,0.0,153.98,81.41,95.29
2026-06-11 02:55:00,3,-348.57,151.37,34.03,0.0,211.54,0.0,101.54,69.35,95.17
2026-06-11 03:00:00,3,-348.57,151.37,32.97,0.0,253.74,0.0,121.8,73.42,95.05
2026-06-11 03:05:00,3,-348.57,151.37,32.28,0.0,292.17,0.0,140.24,77.77,94.92
2026-06-11 03:10:00,3,-348.57,151.37,33.3,0.0,223.26,0.0,107.17,70.41,94.8
2026-06-11 03:15:00,3,-348.57,151.37,33.01,0.0,230.8,0.0,110.78,71.11,94.69
2026-06-11 03:20:00,3,-348.57,151.37,34.68,0.0,323.76,0.0,155.4,81.81,94.55
2026-06-11 03:25:00,3,-348.57,151.37,33.27,0.0,207.9,0.0,99.79,69.03,94.43
2026-06-11 03:30:00,3,-348.57,151.37,33.83,0.0,300.16,0.0,144.08,78.75,94.3
2026-06-11 03:35:00,3,-348.57,151.37,32.61,0.0,237.71,0.0,114.1,71.78,94.18
2026-06-11 03:40:00,3,-348.57,151.37,34.84,0.0,212.84,0.0,102.16,69.46,94.07
2026-06-11 03:45:00,3,-348.57,151.37,34.02,0.0,258.49,0.0,124.08,73.93,93.94
2026-06-11 03:50:00,3,-348.57,151.37,33.95,0.0,226.96,0.0,108.94,70.75,93.83
2026-06-11 03:55:00,3,-348.57,151.37,34.49,0.0,213.04,0.0,102.26,69.48,93.71
2026-06-11 04:00:00,3,-348.57,151.37,34.31,0.0,320.28,0.0,153.74,81.34,93.57
2026-06-11 04:05:00,3,-348.57,151.37,34.91,0.0,304.97,0.0,146.38,79.36,93.44
2026-06-11 04:10:00,3,-348.57,151.37,35.03,0.0,208.69,0.0,100.17,69.1,93.33
2026-06-11 04:15:00,3,-348.57,151.37,34.46,0.0,206.52,0.0,99.13,68.92,93.21
2026-06-11 04:20:00,3,-348.57,151.37,35.09,0.0,257.52,0.0,123.61,73.82,93.09
2026-06-11 04:25:00,3,-348.57,151.37,36.04,0.0,236.53,0.0,113.53,71.67,92.97
2026-06-11 04:30:00,3,-348.57,151.37,34.42,0.0,255.16,0.0,122.48,73.57,92.85
2026-06-11 04:35:00,3,-348.57,151.37,35.9,0.0,283.52,0.0,136.09,76.74,92.72
2026-06-11 04:40:00,3,-348.57,151.37,35.9,0.0,319.44,0.0,153.33,81.23,92.58
2026-06-11 04:45:00,3,-348.57,151.37,35.41,0.0,223.24,0.0,107.15,70.41,92.47
2026-06-11 04:50:00,3,-348.57,151.37,36.11,0.0,232.11,0.0,111.41,71.24,92.35
2026-06-11 04:55:00,3,-348.57,151.37,36.38,0.0,275.95,0.0,132.46,75.87,92.22
2026-06-11 05:00:00,3,-348.57,151.37,35.89,0.0,275.54,0.0,132.26,75.82,92.1
2026-06-11 05:05:00,3,-348.57,151.37,36.45,0.0,271.91,0.0,130.52,75.41,91.97
2026-06-11 05:10:00,3,-348.57,151.37,36.58,0.0,255.25,0.0,122.52,73.58,91.85
2026-06-11 05:15:00,3,-348.57,151.37,35.88,0.0,206.04,0.0,98.9,68.88,91.73
2026-06-11 05:20:00,3,-348.57,151.37,36.94,0.0,226.46,0.0,108.7,70.71,91.61
2026-06-11 05:25:00,3,-348.57,151.37,36.82,0.0,251.4,0.0,120.67,73.18,91.49
2026-06-11 05:30:00,3,-348.57,151.37,37.29,0.0,216.37,0.0,103.86,69.78,91.38
2026-06-11 05:35:00,3,-348.57,151.37,37.07,0.0,200.35,0.0,96.17,68.4,91.26
2026-06-11 05:40:00,3,-348.57,151.37,37.06,0.0,280.88,0.0,134.82,76.43,91.13
2026-06-11 05:45:00,3,-348.57,151.37,37.32,0.0,215.53,0.0,103.45,69.71,91.02
2026-06-11 05:50:00,3,-348.57,151.37,38.35,0.0,213.23,0.0,102.35,69.51,90.9
2026-06-11 05:55:00,3,-348.57,151.37,38.09,0.0,304.39,0.0,146.11,79.29,90.77
2026-06-11 06:00:00,3,-348.57,151.37,37.46,0.0,300.37,0.0,144.18,78.79,90.64
2026-06-11 06:05:00,3,-348.57,151.37,38.92,0.0,275.36,0.0,132.17,75.8,90.51
2026-06-11 06:10:00,3,-348.57,151.37,38.89,0.0,200.37,0.0,96.18,68.4,90.4
2026-06-11 06:15:00,3,-348.57,151.37,37.69,0.0,209.65,0.0,100.63,69.19,90.28
2026-06-11 06:20:00,3,-348.57,151.37,38.54,0.0,270.01,0.0,129.61,75.2,90.16
2026-06-11 06:25:00,3,-348.57,151.37,38.15,0.0,314.28,0.0,150.86,80.56,90.02
2026-06-11 06:30:00,3,-348.57,151.37,38.65,0.0,252.21,0.0,121.06,73.27,89.9
2026-06-11 06:35:00,3,-348.57,151.37,39.92,0.0,252.22,0.0,121.07,73.27,89.78
2026-06-11 06:40:00,3,-348.57,151.37,38.55,0.0,218.68,0.0,104.96,69.99,89.66
2026-06-11 06:45:00,3,-348.57,151.37,39.13,0.0,267.59,0.0,128.45,74.93,89.54
2026-06-11 06:50:00,3,-348.57,151.37,38.42,0.0,296.1,0.0,142.13,78.26,89.41
2026-06-11 06:55:00,3,-348.57,151.37,39.98,0.0,236.35,0.0,113.45,71.67,89.29
2026-06-11 07:00:00,3,-348.57,151.37,40.18,0.0,324.39,0.0,155.71,81.9,89.15
2026-06-11 07:05:00,3,-348.57,151.37,40.83,0.0,255.26,0.0,122.53,73.6,89.03
2026-06-11 07:10:00,3,-348.57,151.37,39.54,0.0,242.08,0.0,116.2,72.23,88.91
2026-06-11 07:15:00,3,-348.57,151.37,40.74,0.0,320.13,0.0,153.66,81.33,88.77
2026-06-11 07:20:00,3,-348.57,151.37,40.5,0.0,248.46,0.0,119.26,72.88,88.65
2026-06-11 07:25:00,3,-348.57,151.37,40.82,0.0,299.49,0.0,143.76,78.68,88.52
2026-06-11 07:30:00,3,-348.57,151.37,40.4,0.0,238.11,0.0,114.29,71.84,88.4
2026-06-11 07:35:00,3,-348.57,151.37,40.01,0.0,245.56,0.0,117.87,72.59,88.28
2026-06-11 07:40:00,3,-348.57,151.37,40.45,0.0,209.14,0.0,100.39,69.15,88.16
2026-06-11 07:45:00,3,-348.57,151.37,40.75,0.0,259.33,0.0,124.48,74.03,88.04
2026-06-11 07:50:00,3,-348.57,151.37,41.22,0.0,278.92,0.0,133.88,76.22,87.91
2026-06-11 07:55:00,3,-348.57,151.37,40.99,0.0,212.49,0.0,102.0,69.45,87.8
2026-06-11 08:00:00,3,-348.57,151.37,40.15,0.0,207.78,0.0,99.74,69.04,87.68
2026-06-11 08:05:00,3,-348.57,151.37,41.19,0.0,209.22,0.0,100.43,69.16,87.57
2026-06-11 08:10:00,3,-348.57,151.37,41.09,0.0,237.92,0.0,114.2,71.82,87.45
2026-06-11 08:15:00,3,-348.57,151.37,42.57,0.0,267.62,0.0,128.46,74.94,87.32
2026-06-11 08:20:00,3,-348.57,151.37,41.68,0.0,251.32,0.0,120.63,73.18,87.2
2026-06-11 08:25:00,3,-348.57,151.37,42.03,0.0,244.19,0.0,117.21,72.45,87.08
2026-06-11 08:30:00,3,-348.57,151.37,41.25,0.0,262.31,0.0,125.91,74.35,86.96
2026-06-11 08:35:00,3,-348.57,151.37,43.21,0.0,309.53,0.0,148.57,79.95,86.82
2026-06-11 08:40:00,3,-348.57,151.37,42.87,0.0,216.92,0.0,104.12,69.84,86.71
2026-06-11 08:45:00,3,-348.57,151.37,42.17,0.0,298.99,0.0,143.51,78.62,86.58
2026-06-11 08:50:00,3,-348.57,151.37,43.03,0.0,211.27,0.0,101.41,69.34,86.46
2026-06-11 08:55:00,3,-348.57,151.37,43.58,0.0,208.18,0.0,99.93,69.08,86.35
2026-06-11 09:00:00,3,-348.57,151.37,43.48,0.0,282.72,0.0,135.7,76.66,86.22
2026-06-11 09:05:00,3,-348.57,151.37,43.07,0.0,287.98,0.0,138.23,77.28,86.09
2026-06-11 09:10:00,3,-348.57,151.37,43.4,0.0,291.0,0.0,139.68,77.65,85.96
2026-06-11 09:15:00,3,-348.57,151.37,43.46,0.0,319.4,0.0,153.31,81.24,85.82
2026-06-11 09:20:00,3,-348.57,151.37,43.37,0.0,286.59,0.0,137.56,77.12,85.7
2026-06-11 09:25:00,3,-348.57,151.37,43.19,0.0,220.06,0.0,105.63,70.13,85.58
2026-06-11 09:30:00,3,-348.57,151.37,44.18,0.0,311.09,0.0,149.32,80.16,85.44
2026-06-11 09:35:00,3,-348.57,151.37,44.51,0.0,311.8,0.0,149.66,80.25,85.31
2026-06-11 09:40:00,3,-348.57,151.37,43.57,0.0,278.41,0.0,133.63,76.16,85.18
2026-06-11 09:45:00,3,-348.57,151.37,44.29,0.0,312.22,0.0,149.87,80.31,85.05
2026-06-11 09:50:00,3,-348.57,151.37,43.33,0.0,296.15,0.0,142.15,78.27,84.92
2026-06-11 09:55:00,3,-348.57,151.37,44.3,0.0,236.55,0.0,113.54,71.69,84.8
2026-06-11 10:00:00,3,-348.57,151.37,43.72,0.0,296.51,0.0,142.32,78.32,84.67
2026-06-11 10:05:00,3,-348.57,151.37,44.7,0.0,216.83,0.0,104.08,69.84,84.55
2026-06-11 10:10:00,3,-348.57,151.37,43.8,0.0,324.35,0.0,155.69,81.91,84.42
2026-06-11 10:15:00,3,-348.57,151.37,45.46,0.0,252.98,0.0,121.43,73.36,84.29
2026-06-11 10:20:00,3,-348.57,151.37,44.84,0.0,264.99,0.0,127.2,74.65,84.17
2026-06-11 10:25:00,3,-348.57,151.37,44.08,0.0,224.08,0.0,107.56,70.5,84.05
2026-06-11 10:30:00,3,-348.57,151.37,43.96,0.0,259.72,0.0,124.67,74.08,83.93
2026-06-11 10:35:00,3,-348.57,151.37,45.26,0.0,224.98,0.0,107.99,70.59,83.81
2026-06-11 10:40:00,3,-348.57,151.37,44.0,0.0,216.98,0.0,104.15,69.85,83.7
2026-06-11 10:45:00,3,-348.57,151.37,44.63,0.0,299.67,0.0,143.84,78.71,83.56
2026-06-11 10:50:00,3,-348.57,151.37,43.73,0.0,201.54,0.0,96.74,68.51,83.45
2026-06-11 10:55:00,3,-348.57,151.37,44.15,0.0,251.65,0.0,120.79,73.22,83.33
2026-06-11 11:00:00,3,-348.57,151.37,45.2,0.0,267.42,0.0,128.36,74.92,83.2
2026-06-11 11:05:00,3,-348.57,151.37,44.83,0.0,267.61,0.0,128.45,74.94,83.08
2026-06-11 11:10:00,3,-348.57,151.37,44.45,0.0,322.35,0.0,154.73,81.64,82.94
2026-06-11 11:15:00,3,-348.57,151.37,44.07,0.0,302.8,0.0,145.34,79.1,82.81
2026-06-11 11:20:00,3,-348.57,151.37,45.05,0.0,202.8,0.0,97.35,68.62,82.7
2026-06-11 11:25:00,3,-348.57,151.37,44.22,0.0,278.67,0.0,133.76,76.19,82.57
2026-06-11 11:30:00,3,-348.57,151.37,44.61,0.0,316.96,0.0,152.14,80.92,82.43
2026-06-11 11:35:00,3,-348.57,151.37,45.62,0.0,305.13,0.0,146.46,79.4,82.3
2026-06-11 11:40:00,3,-348.57,151.37,45.0,0.0,210.39,0.0,100.99,69.27,82.19
2026-06-11 11:45:00,3,-348.57,151.37,44.87,0.0,212.8,0.0,102.14,69.48,82.07
2026-06-11 11:50:00,3,-348.57,151.37,44.57,0.0,231.69,0.0,111.21,71.22,81.95
2026-06-11 11:55:00,3,-348.57,151.37,44.66,0.0,218.59,0.0,104.92,70.0,81.83
2026-06-11 12:00:00,3,-348.57,151.37,44.92,0.0,249.05,0.0,119.54,72.95,81.71
2026-06-11 12:05:00,3,-348.57,151.37,45.25,0.0,229.95,0.0,110.38,71.06,81.59
2026-06-11 12:10:00,3,-348.57,151.37,44.59,0.0,295.92,0.0,142.04,78.25,81.46
2026-06-11 12:15:00,3,-348.57,151.37,45.18,0.0,301.34,0.0,144.64,78.92,81.33
2026-06-11 12:20:00,3,-348.57,151.37,45.74,0.0,228.01,0.0,109.44,70.87,81.21
2026-06-11 12:25:00,3,-348.57,151.37,44.84,0.0,304.6,0.0,146.21,79.33,81.08
2026-06-11 12:30:00,3,-348.57,151.37,44.82,0.0,314.2,0.0,150.81,80.56,80.95
2026-06-11 12:35:00,3,-348.57,151.37,44.65,0.0,211.47,0.0,101.5,69.36,80.83
2026-06-11 12:40:00,3,-348.57,151.37,44.37,0.0,268.61,0.0,128.93,75.05,80.71
2026-06-11 12:45:00,3,-348.57,151.37,44.4,0.0,262.26,0.0,125.89,74.35,80.58
2026-06-11 12:50:00,3,-348.57,151.37,45.75,0.0,319.13,0.0,153.18,81.21,80.45
2026-06-11 12:55:00,3,-348.57,151.37,46.07,0.0,323.97,0.0,155.5,81.86,80.31
2026-06-11 13:00:00,3,-348.57,151.37,44.06,0.0,214.0,0.0,102.72,69.59,80.2
2026-06-11 13:05:00,3,-348.57,151.37,45.49,0.0,269.77,0.0,129.49,75.18,80.07
2026-06-11 13:10:00,3,-348.57,151.37,44.93,0.0,290.31,0.0,139.35,77.57,79.94
2026-06-11 13:15:00,3,-348.57,151.37,45.03,0.0,275.43,0.0,132.21,75.82,79.82
2026-06-11 13:20:00,3,-348.57,151.37,44.73,0.0,268.3,0.0,128.78,75.02,79.69
2026-06-11 13:25:00,3,-348.57,151.37,44.51,0.0,221.29,0.0,106.22,70.25,79.57
2026-06-11 13:30:00,3,-348.57,151.37,45.33,0.0,250.4,0.0,120.19,73.09,79.45
2026-06-11 13:35:00,3,-348.57,151.37,44.46,0.0,248.68,0.0,119.37,72.92,79.33
2026-06-11 13:40:00,3,-348.57,151.37,45.15,0.0,294.88,0.0,141.54,78.12,79.2
2026-06-11 13:45:00,3,-348.57,151.37,45.26,0.0,282.49,0.0,135.59,76.64,79.07
2026-06-11 13:50:00,3,-348.57,151.37,43.54,0.0,293.93,0.0,141.09,78.0,78.94
2026-06-11 13:55:00,3,-348.57,151.37,44.24,0.0,227.04,0.0,108.98,70.78,78.82
2026-06-11 14:00:00,3,-348.57,151.37,43.76,0.0,241.07,0.0,115.71,72.14,78.7
2026-06-11 14:05:00,3,-348.57,151.37,43.77,0.0,247.23,0.0,118.67,72.76,78.58
2026-06-11 14:10:00,3,-348.57,151.37,43.74,0.0,229.9,0.0,110.35,71.05,78.46
2026-06-11 14:15:00,3,-348.57,151.37,43.97,0.0,311.12,0.0,149.34,80.16,78.33
2026-06-11 14:20:00,3,-348.57,151.37,42.91,0.0,307.54,0.0,147.62,79.7,78.2
2026-06-11 14:25:00,3,-348.57,151.37,43.52,0.0,258.66,0.0,124.16,73.96,78.07
2026-06-11 14:30:00,3,-348.57,151.37,43.65,0.0,322.81,0.0,154.95,81.7,77.94
2026-06-11 14:35:00,3,-348.57,151.37,44.15,0.0,295.24,0.0,141.71,78.16,77.81
2026-06-11 14:40:00,3,-348.57,151.37,43.72,0.0,254.1,0.0,121.97,73.48,77.69
2026-06-11 14:45:00,3,-348.57,151.37,43.22,0.0,293.52,0.0,140.89,77.95,77.56
2026-06-11 14:50:00,3,-348.57,151.37,42.92,0.0,242.78,0.0,116.54,72.31,77.43
2026-06-11 14:55:00,3,-348.57,151.37,42.72,0.0,282.55,0.0,135.62,76.64,77.31
2026-06-11 15:00:00,3,-348.57,151.37,44.24,0.0,298.25,0.0,143.16,78.54,77.18
2026-06-11 15:05:00,3,-348.57,151.37,43.46,0.0,248.59,0.0,119.32,72.9,77.05
2026-06-11 15:10:00,3,-348.57,151.37,42.67,0.0,310.2,0.0,148.89,80.04,76.92
2026-06-11 15:15:00,3,-348.57,151.37,42.97,0.0,209.19,0.0,100.41,69.16,76.81
2026-06-11 15:20:00,3,-348.57,151.37,42.12,0.0,272.93,0.0,131.01,75.53,76.68
2026-06-11 15:25:00,3,-348.57,151.37,42.12,0.0,245.27,0.0,117.73,72.56,76.56
2026-06-11 15:30:00,3,-348.57,151.37,42.46,0.0,219.84,0.0,105.52,70.11,76.44
2026-06-11 15:35:00,3,-348.57,151.37,41.97,0.0,323.05,0.0,155.07,81.73,76.31
2026-06-11 15:40:00,3,-348.57,151.37,42.34,0.0,304.15,0.0,145.99,79.27,76.17
2026-06-11 15:45:00,3,-348.57,151.37,41.4,0.0,230.59,0.0,110.68,71.11,76.06
2026-06-11 15:50:00,3,-348.57,151.37,41.89,0.0,227.32,0.0,109.11,70.8,75.94
2026-06-11 15:55:00,3,-348.57,151.37,42.24,0.0,266.74,0.0,128.03,74.84,75.81
2026-06-11 16:00:00,3,-348.57,151.37,42.52,0.0,218.33,0.0,104.8,69.97,75.7
2026-06-11 16:05:00,3,-348.57,151.37,41.34,0.0,307.65,0.0,147.67,79.71,75.56
2026-06-11 16:10:00,3,-348.57,151.37,41.22,0.0,260.87,0.0,125.22,74.2,75.44
2026-06-11 16:15:00,3,-348.57,151.37,40.45,0.0,225.94,0.0,108.45,70.67,75.32
2026-06-11 16:20:00,3,-348.57,151.37,40.63,0.0,242.73,0.0,116.51,72.3,75.2
2026-06-11 16:25:00,3,-348.57,151.37,40.86,0.0,200.86,0.0,96.41,68.45,75.09
2026-06-11 16:30:00,3,-348.57,151.37,40.65,0.0,217.0,0.0,104.16,69.85,74.97
2026-06-11 16:35:00,3,-348.57,151.37,39.9,0.0,262.79,0.0,126.14,74.4,74.85
2026-06-11 16:40:00,3,-348.57,151.37,40.35,0.0,219.44,0.0,105.33,70.07,74.73
2026-06-11 16:45:00,3,-348.57,151.37,39.65,0.0,265.79,0.0,127.58,74.73,74.61
2026-06-11 16:50:00,3,-348.57,151.37,39.96,0.0,278.66,0.0,133.75,76.18,74.48
2026-06-11 16:55:00,3,-348.57,151.37,39.46,0.0,241.42,0.0,115.88,72.17,74.36
2026-06-11 17:00:00,3,-348.57,151.37,39.59,0.0,286.59,0.0,137.56,77.11,74.23
2026-06-11 17:05:00,3,-348.57,151.37,40.29,0.0,305.89,0.0,146.83,79.49,74.1
2026-06-11 17:10:00,3,-348.57,151.37,39.64,0.0,221.59,0.0,106.36,70.26,73.98
2026-06-11 17:15:00,3,-348.57,151.37,38.9,0.0,230.73,0.0,110.75,71.12,73.86
2026-06-11 17:20:00,3,-348.57,151.37,38.89,0.0,206.76,0.0,99.25,68.94,73.75
2026-06-11 17:25:00,3,-348.57,151.37,39.05,0.0,258.13,0.0,123.9,73.9,73.62
2026-06-11 17:30:00,3,-348.57,151.37,38.31,0.0,274.34,0.0,131.68,75.68,73.5
2026-06-11 17:35:00,3,-348.57,151.37,39.48,0.0,247.88,0.0,118.98,72.82,73.38
2026-06-11 17:40:00,3,-348.57,151.37,39.75,0.0,302.64,0.0,145.27,79.07,73.24
2026-06-11 17:45:00,3,-348.57,151.37,38.18,0.0,293.77,0.0,141.01,77.97,73.11
2026-06-11 17:50:00,3,-348.57,151.37,38.25,0.0,274.76,0.0,131.88,75.73,72.99
2026-06-11 17:55:00,3,-348.57,151.37,38.52,0.0,237.1,0.0,113.81,71.74,72.87
2026-06-11 18:00:00,3,-348.57,151.37,37.43,0.0,228.7,0.0,109.77,70.92,72.75
2026-06-11 18:05:00,3,-348.57,151.37,37.83,0.0,272.2,0.0,130.66,75.44,72.62
2026-06-11 18:10:00,3,-348.57,151.37,37.24,0.0,318.18,0.0,152.73,81.07,72.49
2026-06-11 18:15:00,3,-348.57,151.37,36.98,0.0,215.86,0.0,103.61,69.74,72.37
2026-06-11 18:20:00,3,-348.57,151.37,37.44,0.0,267.05,0.0,128.18,74.86,72.25
2026-06-11 18:25:00,3,-348.57,151.37,36.83,0.0,262.31,0.0,125.91,74.34,72.12
2026-06-11 18:30:00,3,-348.57,151.37,36.1,0.0,302.51,0.0,145.2,79.05,71.99
2026-06-11 18:35:00,3,-348.57,151.37,35.93,0.0,229.91,0.0,110.36,71.04,71.87
2026-06-11 18:40:00,3,-348.57,151.37,35.95,0.0,319.67,0.0,153.44,81.26,71.74
2026-06-11 18:45:00,3,-348.57,151.37,36.66,0.0,209.97,0.0,100.79,69.22,71.62
2026-06-11 18:50:00,3,-348.57,151.37,36.31,0.0,229.44,0.0,110.13,70.99,71.51
2026-06-11 18:55:00,3,-348.57,151.37,35.07,0.0,214.07,0.0,102.75,69.57,71.39
2026-06-11 19:00:00,3,-348.57,151.37,35.95,0.0,272.64,0.0,130.87,75.49,71.26
2026-06-11 19:05:00,3,-348.57,151.37,36.78,0.0,274.97,0.0,131.99,75.75,71.14
2026-06-11 19:10:00,3,-348.57,151.37,36.38,0.0,301.24,0.0,144.6,78.89,71.01
2026-06-11 19:15:00,3,-348.57,151.37,35.11,0.0,316.15,0.0,151.75,80.8,70.87
2026-06-11 19:20:00,3,-348.57,151.37,34.75,0.0,300.75,0.0,144.36,78.83,70.74
2026-06-11 19:25:00,3,-348.57,151.37,36.02,0.0,233.59,0.0,112.12,71.39,70.62
2026-06-11 19:30:00,3,-348.57,151.37,35.27,0.0,283.79,0.0,136.22,76.77,70.49
2026-06-11 19:35:00,3,-348.57,151.37,34.57,0.0,304.93,0.0,146.36,79.35,70.36
2026-06-11 19:40:00,3,-348.57,151.37,34.79,0.0,281.6,0.0,135.17,76.52,70.23
2026-06-11 19:45:00,3,-348.57,151.37,35.13,0.0,277.54,0.0,133.22,76.05,70.11
2026-06-11 19:50:00,3,-348.57,151.37,34.84,0.0,211.63,0.0,101.58,69.36,69.99
2026-06-11 19:55:00,3,-348.57,151.37,34.94,0.0,221.81,0.0,106.47,70.27,69.87
2026-06-11 20:00:00,3,-348.57,151.37,35.57,0.0,231.46,0.0,111.1,71.18,69.75
2026-06-11 20:05:00,3,-348.57,151.37,34.24,0.0,305.25,0.0,146.52,79.39,69.62
2026-06-11 20:10:00,3,-348.57,151.37,33.75,0.0,229.54,0.0,110.18,71.0,69.5
2026-06-11 20:15:00,3,-348.57,151.37,34.83,0.0,283.28,0.0,135.97,76.71,69.38
2026-06-11 20:20:00,3,-348.57,151.37,33.94,0.0,226.28,0.0,108.61,70.69,69.26
2026-06-11 20:25:00,3,-348.57,151.37,33.93,0.0,253.6,0.0,121.73,73.41,69.14
2026-06-11 20:30:00,3,-348.57,151.37,34.4,0.0,282.29,0.0,135.5,76.6,69.01
2026-06-11 20:35:00,3,-348.57,151.37,33.42,0.0,232.13,0.0,111.42,71.24,68.89
2026-06-11 20:40:00,3,-348.57,151.37,32.55,0.0,247.63,0.0,118.86,72.78,68.77
2026-06-11 20:45:00,3,-348.57,151.37,33.89,0.0,236.51,0.0,113.53,71.67,68.65
2026-06-11 20:50:00,3,-348.57,151.37,33.56,0.0,251.61,0.0,120.77,73.2,68.53
2026-06-11 20:55:00,3,-348.57,151.37,33.15,0.0,248.41,0.0,119.24,72.87,68.41
2026-06-11 21:00:00,3,-348.57,151.37,32.76,0.0,299.99,0.0,143.99,78.73,68.27
2026-06-11 21:05:00,3,-348.57,151.37,32.74,0.0,254.66,0.0,122.24,73.52,68.15
2026-06-11 21:10:00,3,-348.57,151.37,32.19,0.0,285.61,0.0,137.09,76.98,68.02
2026-06-11 21:15:00,3,-348.57,151.37,32.54,0.0,239.15,0.0,114.79,71.93,67.9
2026-06-11 21:20:00,3,-348.57,151.37,32.38,0.0,221.04,0.0,106.1,70.2,67.79
2026-06-11 21:25:00,3,-348.57,151.37,32.17,0.0,272.07,0.0,130.59,75.42,67.66
2026-06-11 21:30:00,3,-348.57,151.37,31.93,0.0,270.19,0.0,129.69,75.2,67.54
2026-06-11 21:35:00,3,-348.57,151.37,32.25,0.0,207.28,0.0,99.5,68.98,67.42
2026-06-11 21:40:00,3,-348.57,151.37,31.53,0.0,243.65,0.0,116.95,72.38,67.3
2026-06-11 21:45:00,3,-348.57,151.37,32.08,0.0,280.21,0.0,134.5,76.35,67.17
2026-06-11 21:50:00,3,-348.57,151.37,32.95,0.0,240.49,0.0,115.44,72.06,67.05
2026-06-11 21:55:00,3,-348.57,151.37,32.06,0.0,262.88,0.0,126.18,74.4,66.93
2026-06-11 22:00:00,3,-348.57,151.37,32.28,0.0,226.49,0.0,108.71,70.7,66.81
2026-06-11 22:05:00,3,-348.57,151.37,31.85,0.0,318.13,0.0,152.7,81.05,66.68
2026-06-11 22:10:00,3,-348.57,151.37,32.2,0.0,275.68,0.0,132.33,75.83,66.55
2026-06-11 22:15:00,3,-348.57,151.37,31.43,0.0,215.01,0.0,103.2,69.65,66.43
2026-06-11 22:20:00,3,-348.57,151.37,31.84,0.0,225.62,0.0,108.3,70.62,66.32
2026-06-11 22:25:00,3,-348.57,151.37,32.15,0.0,206.37,0.0,99.06,68.9,66.2
2026-06-11 22:30:00,3,-348.57,151.37,31.86,0.0,317.4,0.0,152.35,80.96,66.07
2026-06-11 22:35:00,3,-348.57,151.37,31.6,0.0,285.21,0.0,136.9,76.93,65.94
2026-06-11 22:40:00,3,-348.57,151.37,31.9,0.0,283.63,0.0,136.14,76.75,65.81
2026-06-11 22:45:00,3,-348.57,151.37,31.17,0.0,222.93,0.0,107.01,70.37,65.69
2026-06-11 22:50:00,3,-348.57,151.37,30.83,0.0,278.86,0.0,133.85,76.19,65.57
2026-06-11 22:55:00,3,-348.57,151.37,30.88,0.0,310.51,0.0,149.05,80.06,65.43
2026-06-11 23:00:00,3,-348.57,151.37,31.23,0.0,208.21,0.0,99.94,69.05,65.32
2026-06-11 23:05:00,3,-348.57,151.37,30.97,0.0,257.54,0.0,123.62,73.82,65.19
2026-06-11 23:10:00,3,-348.57,151.37,31.49,0.0,270.22,0.0,129.71,75.21,65.07
2026-06-11 23:15:00,3,-348.57,151.37,30.59,0.0,214.1,0.0,102.77,69.57,64.95
2026-06-11 23:20:00,3,-348.57,151.37,31.69,0.0,215.4,0.0,103.39,69.69,64.84
2026-06-11 23:25:00,3,-348.57,151.37,31.43,0.0,255.25,0.0,122.52,73.58,64.71
2026-06-11 23:30:00,3,-348.57,151.37,31.44,0.0,214.38,0.0,102.9,69.6,64.6
2026-06-11 23:35:00,3,-348.57,151.37,30.95,0.0,257.64,0.0,123.67,73.83,64.47
2026-06-11 23:40:00,3,-348.57,151.37,31.11,0.0,310.25,0.0,148.92,80.02,64.34
2026-06-11 23:45:00,3,-348.57,151.37,31.77,0.0,298.39,0.0,143.23,78.53,64.21
2026-06-11 23:50:00,3,-348.57,151.37,30.83,0.0,305.08,0.0,146.44,79.37,64.08
2026-06-11 23:55:00,3,-348.57,151.37,30.99,0.0,244.1,0.0,117.17,72.42,63.96
2026-06-12 00:00:00,3,-348.57,151.37,31.21,0.0,209.61,0.0,100.62,69.18,63.84
2026-06-12 00:05:00,3,-348.57,151.37,30.62,0.0,220.28,0.0,105.74,70.13,63.73
2026-06-12 00:10:00,3,-348.57,151.37,31.0,0.0,220.48,0.0,105.83,70.15,63.61
2026-06-12 00:15:00,3,-348.57,151.37,30.59,0.0,242.02,0.0,116.17,72.21,63.49
2026-06-12 00:20:00,3,-348.57,151.37,30.74,0.0,238.61,0.0,114.53,71.87,63.37
2026-06-12 00:25:00,3,-348.57,151.37,32.01,0.0,212.4,0.0,101.95,69.42,63.25
2026-06-12 00:30:00,3,-348.57,151.37,31.02,0.0,231.74,0.0,111.24,71.2,63.13
2026-06-12 00:35:00,3,-348.57,151.37,31.3,0.0,220.29,0.0,105.74,70.13,63.02
2026-06-12 00:40:00,3,-348.57,151.37,31.69,0.0,312.9,0.0,150.19,80.37,62.88
2026-06-12 00:45:00,3,-348.57,151.37,30.06,0.0,323.15,0.0,155.11,81.72,62.75
2026-06-12 00:50:00,3,-348.57,151.37,30.46,0.0,215.6,0.0,103.49,69.7,62.63
2026-06-12 00:55:00,3,-348.57,151.37,31.24,0.0,279.75,0.0,134.28,76.29,62.5
2026-06-12 01:00:00,3,-348.57,151.37,30.81,0.0,259.67,0.0,124.64,74.05,62.38
2026-06-12 01:05:00,3,-348.57,151.37,31.31,0.0,298.07,0.0,143.07,78.49,62.25
2026-06-12 01:10:00,3,-348.57,151.37,31.35,0.0,270.31,0.0,129.75,75.22,62.12
2026-06-12 01:15:00,3,-348.57,151.37,31.97,0.0,282.77,0.0,135.73,76.65,62.0
2026-06-12 01:20:00,3,-348.57,151.37,30.36,0.0,246.06,0.0,118.11,72.62,61.88
2026-06-12 01:25:00,3,-348.57,151.37,31.72,0.0,264.69,0.0,127.05,74.59,61.75
2026-06-12 01:30:00,3,-348.57,151.37,30.68,0.0,297.97,0.0,143.02,78.47,61.62
2026-06-12 01:35:00,3,-348.57,151.37,32.45,0.0,216.54,0.0,103.94,69.79,61.5
2026-06-12 01:40:00,3,-348.57,151.37,31.61,0.0,223.58,0.0,107.32,70.43,61.39
2026-06-12 01:45:00,3,-348.57,151.37,31.06,0.0,253.54,0.0,121.7,73.4,61.26
2026-06-12 01:50:00,3,-348.57,151.37,31.46,0.0,308.36,0.0,148.01,79.78,61.13
2026-06-12 01:55:00,3,-348.57,151.37,31.64,0.0,277.1,0.0,133.01,75.99,61.0
2026-06-12 02:00:00,3,-348.57,151.37,32.07,0.0,228.15,0.0,109.51,70.86,60.89
2026-06-12 02:05:00,3,-348.57,151.37,31.75,0.0,226.99,0.0,108.95,70.75,60.77
2026-06-12 02:10:00,3,-348.57,151.37,31.92,0.0,203.3,0.0,97.58,68.64,60.65
2026-06-12 02:15:00,3,-348.57,151.37,31.96,0.0,285.25,0.0,136.92,76.94,60.53
2026-06-12 02:20:00,3,-348.57,151.37,32.41,0.0,241.89,0.0,116.11,72.2,60.41
2026-06-12 02:25:00,3,-348.57,151.37,32.88,0.0,272.19,0.0,130.65,75.43,60.28
2026-06-12 02:30:00,3,-348.57,151.37,32.82,0.0,305.93,0.0,146.85,79.48,60.15
2026-06-12 02:35:00,3,-348.57,151.37,32.56,0.0,236.53,0.0,113.53,71.67,60.03
2026-06-12 02:40:00,3,-348.57,151.37,31.94,0.0,308.74,0.0,148.2,79.83,59.89
2026-06-12 02:45:00,3,-348.57,151.37,32.76,0.0,321.2,0.0,154.18,81.46,59.76
2026-06-12 02:50:00,3,-348.57,151.37,32.52,0.0,221.13,0.0,106.14,70.21,59.64
2026-06-12 02:55:00,3,-348.57,151.37,32.68,0.0,282.27,0.0,135.49,76.59,59.51
2026-06-12 03:00:00,3,-348.57,151.37,32.27,0.0,287.16,0.0,137.84,77.17,59.39
2026-06-12 03:05:00,3,-348.57,151.37,33.16,0.0,206.37,0.0,99.06,68.9,59.27
2026-06-12 03:10:00,3,-348.57,151.37,32.9,0.0,222.2,0.0,106.66,70.31,59.15
2026-06-12 03:15:00,3,-348.57,151.37,33.4,0.0,229.25,0.0,110.04,70.97,59.04
2026-06-12 03:20:00,3,-348.57,151.37,33.45,0.0,235.08,0.0,112.84,71.53,58.92
2026-06-12 03:25:00,3,-348.57,151.37,33.8,0.0,261.21,0.0,125.38,74.22,58.79
2026-06-12 03:30:00,3,-348.57,151.37,34.77,0.0,250.67,0.0,120.32,73.1,58.67
2026-06-12 03:35:00,3,-348.57,151.37,33.76,0.0,221.78,0.0,106.45,70.27,58.55
2026-06-12 03:40:00,3,-348.57,151.37,34.2,0.0,250.72,0.0,120.35,73.11,58.43
2026-06-12 03:45:00,3,-348.57,151.37,33.88,0.0,316.17,0.0,151.76,80.8,58.3
2026-06-12 03:50:00,3,-348.57,151.37,33.96,0.0,284.81,0.0,136.71,76.89,58.17
2026-06-12 03:55:00,3,-348.57,151.37,34.29,0.0,241.38,0.0,115.86,72.15,58.05
2026-06-12 04:00:00,3,-348.57,151.37,33.81,0.0,202.58,0.0,97.24,68.58,57.93
2026-06-12 04:05:00,3,-348.57,151.37,34.31,0.0,248.4,0.0,119.23,72.86,57.81
2026-06-12 04:10:00,3,-348.57,151.37,34.97,0.0,306.11,0.0,146.93,79.5,57.68
2026-06-12 04:15:00,3,-348.57,151.37,33.99,0.0,238.59,0.0,114.52,71.87,57.56
2026-06-12 04:20:00,3,-348.57,151.37,35.2,0.0,286.44,0.0,137.49,77.09,57.43
2026-06-12 04:25:00,3,-348.57,151.37,35.56,0.0,301.39,0.0,144.66,78.91,57.3
2026-06-12 04:30:00,3,-348.57,151.37,35.36,0.0,217.94,0.0,104.61,69.92,57.18
2026-06-12 04:35:00,3,-348.57,151.37,35.39,0.0,255.53,0.0,122.65,73.61,57.06
2026-06-12 04:40:00,3,-348.57,151.37,35.05,0.0,256.97,0.0,123.35,73.77,56.94
2026-06-12 04:45:00,3,-348.57,151.37,35.1,0.0,218.58,0.0,104.92,69.98,56.82
2026-06-12 04:50:00,3,-348.57,151.37,36.06,0.0,212.4,0.0,101.95,69.43,56.71
2026-06-12 04:55:00,3,-348.57,151.37,35.93,0.0,297.76,0.0,142.93,78.46,56.58
2026-06-12 05:00:00,3,-348.57,151.37,36.96,0.0,230.92,0.0,110.84,71.13,56.46
2026-06-12 05:05:00,3,-348.57,151.37,37.09,0.0,316.67,0.0,152.0,80.87,56.32
2026-06-12 05:10:00,3,-348.57,151.37,36.78,0.0,226.98,0.0,108.95,70.76,56.2
2026-06-12 05:15:00,3,-348.57,151.37,36.08,0.0,259.86,0.0,124.73,74.08,56.08
2026-06-12 05:20:00,3,-348.57,151.37,36.62,0.0,257.31,0.0,123.51,73.8,55.96
2026-06-12 05:25:00,3,-348.57,151.37,36.85,0.0,245.72,0.0,117.95,72.6,55.84
2026-06-12 05:30:00,3,-348.57,151.37,36.68,0.0,212.98,0.0,102.23,69.48,55.72
2026-06-12 05:35:00,3,-348.57,151.37,36.57,0.0,305.31,0.0,146.55,79.4,55.59
2026-06-12 05:40:00,3,-348.57,151.37,37.01,0.0,243.04,0.0,116.66,72.32,55.47
2026-06-12 05:45:00,3,-348.57,151.37,37.1,0.0,315.95,0.0,151.65,80.77,55.33
2026-06-12 05:50:00,3,-348.57,151.37,38.75,0.0,200.33,0.0,96.16,68.4,55.22
2026-06-12 05:55:00,3,-348.57,151.37,37.4,0.0,294.49,0.0,141.36,78.06,55.09
2026-06-12 06:00:00,3,-348.57,151.37,38.16,0.0,228.4,0.0,109.63,70.89,54.97
2026-06-12 06:05:00,3,-348.57,151.37,37.96,0.0,312.3,0.0,149.9,80.3,54.84
2026-06-12 06:10:00,3,-348.57,151.37,38.36,0.0,240.38,0.0,115.38,72.06,54.72
2026-06-12 06:15:00,3,-348.57,151.37,38.04,0.0,211.22,0.0,101.38,69.33,54.6
2026-06-12 06:20:00,3,-348.57,151.37,38.09,0.0,232.95,0.0,111.81,71.33,54.48
2026-06-12 06:25:00,3,-348.57,151.37,38.94,0.0,283.91,0.0,136.28,76.79,54.35
2026-06-12 06:30:00,3,-348.57,151.37,38.92,0.0,268.01,0.0,128.64,74.97,54.23
2026-06-12 06:35:00,3,-348.57,151.37,39.91,0.0,281.46,0.0,135.1,76.51,54.1
2026-06-12 06:40:00,3,-348.57,151.37,38.74,0.0,286.46,0.0,137.5,77.09,53.97
2026-06-12 06:45:00,3,-348.57,151.37,39.33,0.0,252.1,0.0,121.01,73.26,53.85
2026-06-12 06:50:00,3,-348.57,151.37,39.6,0.0,316.12,0.0,151.74,80.8,53.72
2026-06-12 06:55:00,3,-348.57,151.37,39.67,0.0,255.87,0.0,122.82,73.66,53.59
2026-06-12 07:00:00,3,-348.57,151.37,39.66,0.0,218.91,0.0,105.08,70.02,53.48
2026-06-12 07:05:00,3,-348.57,151.37,40.87,0.0,206.14,0.0,98.95,68.9,53.36
2026-06-12 07:10:00,3,-348.57,151.37,39.28,0.0,269.67,0.0,129.44,75.16,53.24
2026-06-12 07:15:00,3,-348.57,151.37,40.56,0.0,219.33,0.0,105.28,70.06,53.12
2026-06-12 07:20:00,3,-348.57,151.37,40.79,0.0,229.66,0.0,110.23,71.02,53.0
2026-06-12 07:25:00,3,-348.57,151.37,41.21,0.0,225.87,0.0,108.42,70.66,52.88
2026-06-12 07:30:00,3,-348.57,151.37,39.31,0.0,293.99,0.0,141.12,78.0,52.75
2026-06-12 07:35:00,3,-348.57,151.37,40.83,0.0,270.44,0.0,129.81,75.25,52.63
2026-06-12 07:40:00,3,-348.57,151.37,40.89,0.0,244.29,0.0,117.26,72.46,52.51
2026-06-12 07:45:00,3,-348.57,151.37,41.21,0.0,229.81,0.0,110.31,71.04,52.39
2026-06-12 07:50:00,3,-348.57,151.37,41.08,0.0,238.82,0.0,114.64,71.91,52.27
2026-06-12 07:55:00,3,-348.57,151.37,41.06,0.0,321.4,0.0,154.27,81.5,52.13
2026-06-12 08:00:00,3,-348.57,151.37,40.37,0.0,309.69,0.0,148.65,79.97,52.0
2026-06-12 08:05:00,3,-348.57,151.37,40.99,0.0,281.48,0.0,135.11,76.51,51.87
2026-06-12 08:10:00,3,-348.57,151.37,40.72,0.0,308.69,0.0,148.17,79.84,51.74
2026-06-12 08:15:00,3,-348.57,151.37,42.19,0.0,287.37,0.0,137.94,77.21,51.61
2026-06-12 08:20:00,3,-348.57,151.37,42.11,0.0,322.5,0.0,154.8,81.65,51.48
2026-06-12 08:25:00,3,-348.57,151.37,42.16,0.0,255.26,0.0,122.53,73.6,51.35
2026-06-12 08:30:00,3,-348.57,151.37,42.75,0.0,278.32,0.0,133.6,76.15,51.23
2026-06-12 08:35:00,3,-348.57,151.37,42.1,0.0,249.72,0.0,119.86,73.02,51.1
2026-06-12 08:40:00,3,-348.57,151.37,43.11,0.0,223.32,0.0,107.19,70.43,50.99
2026-06-12 08:45:00,3,-348.57,151.37,42.88,0.0,255.81,0.0,122.79,73.66,50.86
2026-06-12 08:50:00,3,-348.57,151.37,43.62,0.0,209.15,0.0,100.39,69.16,50.75
2026-06-12 08:55:00,3,-348.57,151.37,42.98,0.0,230.09,0.0,110.45,71.07,50.63
2026-06-12 09:00:00,3,-348.57,151.37,43.2,0.0,270.24,0.0,129.72,75.23,50.51
2026-06-12 09:05:00,3,-348.57,151.37,43.48,0.0,200.43,0.0,96.21,68.42,50.39
2026-06-12 09:10:00,3,-348.57,151.37,43.57,0.0,247.37,0.0,118.74,72.78,50.27
2026-06-12 09:15:00,3,-348.57,151.37,43.59,0.0,297.98,0.0,143.03,78.5,50.14
2026-06-12 09:20:00,3,-348.57,151.37,43.52,0.0,278.28,0.0,133.58,76.15,50.01
2026-06-12 09:25:00,3,-348.57,151.37,43.31,0.0,309.46,0.0,148.54,79.95,49.88
2026-06-12 09:30:00,3,-348.57,151.37,42.64,0.0,297.13,0.0,142.62,78.39,49.75
2026-06-12 09:35:00,3,-348.57,151.37,43.49,0.0,255.63,0.0,122.7,73.64,49.63
2026-06-12 09:40:00,3,-348.57,151.37,43.15,0.0,203.13,0.0,97.5,68.64,49.51
2026-06-12 09:45:00,3,-348.57,151.37,43.39,0.0,289.35,0.0,138.89,77.45,49.38
2026-06-12 09:50:00,3,-348.57,151.37,43.7,0.0,241.07,0.0,115.72,72.14,49.26
2026-06-12 09:55:00,3,-348.57,151.37,43.91,0.0,322.7,0.0,154.89,81.68,49.13
2026-06-12 10:00:00,3,-348.57,151.37,45.08,0.0,224.93,0.0,107.97,70.58,49.01
2026-06-12 10:05:00,3,-348.57,151.37,44.62,0.0,217.82,0.0,104.55,69.93,48.89
2026-06-12 10:10:00,3,-348.57,151.37,44.74,0.0,259.94,0.0,124.77,74.1,48.77
2026-06-12 10:15:00,3,-348.57,151.37,44.58,0.0,306.69,0.0,147.21,79.6,48.64
2026-06-12 10:20:00,3,-348.57,151.37,44.17,0.0,271.22,0.0,130.19,75.35,48.51
2026-06-12 10:25:00,3,-348.57,151.37,45.34,0.0,288.02,0.0,138.25,77.29,48.38
2026-06-12 10:30:00,3,-348.57,151.37,44.76,0.0,296.57,0.0,142.35,78.33,48.25
2026-06-12 10:35:00,3,-348.57,151.37,43.45,0.0,263.36,0.0,126.41,74.47,48.13
2026-06-12 10:40:00,3,-348.57,151.37,44.26,0.0,234.48,0.0,112.55,71.49,48.01
2026-06-12 10:45:00,3,-348.57,151.37,43.42,0.0,250.14,0.0,120.07,73.06,47.89
2026-06-12 10:50:00,3,-348.57,151.37,44.3,0.0,323.45,0.0,155.26,81.79,47.75
2026-06-12 10:55:00,3,-348.57,151.37,45.36,0.0,280.17,0.0,134.48,76.37,47.62
2026-06-12 11:00:00,3,-348.57,151.37,44.99,0.0,315.41,0.0,151.4,80.72,47.49
2026-06-12 11:05:00,3,-348.57,151.37,44.6,0.0,249.94,0.0,119.97,73.05,47.37
2026-06-12 11:10:00,3,-348.57,151.37,44.19,0.0,280.73,0.0,134.75,76.43,47.24
2026-06-12 11:15:00,3,-348.57,151.37,44.72,0.0,224.98,0.0,107.99,70.59,47.12
2026-06-12 11:20:00,3,-348.57,151.37,44.05,0.0,261.44,0.0,125.49,74.26,47.0
2026-06-12 11:25:00,3,-348.57,151.37,45.27,0.0,204.84,0.0,98.32,68.79,46.88
2026-06-12 11:30:00,3,-348.57,151.37,44.64,0.0,320.47,0.0,153.83,81.39,46.75
2026-06-12 11:35:00,3,-348.57,151.37,45.56,0.0,293.55,0.0,140.91,77.96,46.62
2026-06-12 11:40:00,3,-348.57,151.37,44.75,0.0,287.14,0.0,137.83,77.19,46.49
2026-06-12 11:45:00,3,-348.57,151.37,45.31,0.0,226.42,0.0,108.68,70.72,46.37
2026-06-12 11:50:00,3,-348.57,151.37,45.12,0.0,224.57,0.0,107.79,70.55,46.25
2026-06-12 11:55:00,3,-348.57,151.37,44.85,0.0,308.46,0.0,148.06,79.82,46.12
2026-06-12 12:00:00,3,-348.57,151.37,44.39,0.0,210.0,0.0,100.8,69.24,46.0
2026-06-12 12:05:00,3,-348.57,151.37,44.48,0.0,250.62,0.0,120.3,73.12,45.88
2026-06-12 12:10:00,3,-348.57,151.37,44.83,0.0,203.76,0.0,97.8,68.7,45.77
2026-06-12 12:15:00,3,-348.57,151.37,44.94,0.0,261.84,0.0,125.68,74.31,45.64
2026-06-12 12:20:00,3,-348.57,151.37,45.13,0.0,308.66,0.0,148.15,79.85,45.51
2026-06-12 12:25:00,3,-348.57,151.37,45.67,0.0,277.19,0.0,133.05,76.03,45.38
2026-06-12 12:30:00,3,-348.57,151.37,45.36,0.0,301.69,0.0,144.81,78.97,45.25
2026-06-12 12:35:00,3,-348.57,151.37,43.87,0.0,289.5,0.0,138.96,77.47,45.12
2026-06-12 12:40:00,3,-348.57,151.37,44.06,0.0,276.86,0.0,132.89,75.98,45.0
2026-06-12 12:45:00,3,-348.57,151.37,45.53,0.0,317.04,0.0,152.18,80.94,44.86
2026-06-12 12:50:00,3,-348.57,151.37,44.53,0.0,286.42,0.0,137.48,77.1,44.73
2026-06-12 12:55:00,3,-348.57,151.37,43.75,0.0,278.85,0.0,133.85,76.21,44.61
2026-06-12 13:00:00,3,-348.57,151.37,44.62,0.0,271.54,0.0,130.34,75.38,44.48
2026-06-12 13:05:00,3,-348.57,151.37,45.53,0.0,291.66,0.0,140.0,77.73,44.35
2026-06-12 13:10:00,3,-348.57,151.37,45.12,0.0,214.72,0.0,103.07,69.65,44.23
2026-06-12 13:15:00,3,-348.57,151.37,45.35,0.0,239.23,0.0,114.83,71.96,44.11
2026-06-12 13:20:00,3,-348.57,151.37,44.4,0.0,280.33,0.0,134.56,76.39,43.99
2026-06-12 13:25:00,3,-348.57,151.37,43.88,0.0,285.88,0.0,137.22,77.04,43.86
2026-06-12 13:30:00,3,-348.57,151.37,45.12,0.0,221.72,0.0,106.42,70.29,43.74
2026-06-12 13:35:00,3,-348.57,151.37,45.09,0.0,322.17,0.0,154.64,81.61,43.61
2026-06-12 13:40:00,3,-348.57,151.37,44.64,0.0,276.1,0.0,132.53,75.9,43.48
2026-06-12 13:45:00,3,-348.57,151.37,44.37,0.0,305.13,0.0,146.46,79.4,43.35
2026-06-12 13:50:00,3,-348.57,151.37,44.51,0.0,270.83,0.0,130.0,75.3,43.22
2026-06-12 13:55:00,3,-348.57,151.37,45.17,0.0,214.71,0.0,103.06,69.65,43.11
2026-06-12 14:00:00,3,-348.57,151.37,44.04,0.0,320.67,0.0,153.92,81.41,42.97
2026-06-12 14:05:00,3,-348.57,151.37,45.25,0.0,268.94,0.0,129.09,75.09,42.84
2026-06-12 14:10:00,3,-348.57,151.37,43.77,0.0,291.42,0.0,139.88,77.7,42.72
2026-06-12 14:15:00,3,-348.57,151.37,43.8,0.0,255.13,0.0,122.46,73.59,42.59
2026-06-12 14:20:00,3,-348.57,151.37,44.36,0.0,283.17,0.0,135.92,76.72,42.46
2026-06-12 14:25:00,3,-348.57,151.37,43.7,0.0,322.37,0.0,154.74,81.64,42.33
2026-06-12 14:30:00,3,-348.57,151.37,43.65,0.0,277.32,0.0,133.11,76.04,42.2
2026-06-12 14:35:00,3,-348.57,151.37,43.54,0.0,200.83,0.0,96.4,68.45,42.09
2026-06-12 14:40:00,3,-348.57,151.37,42.79,0.0,262.5,0.0,126.0,74.38,41.96
2026-06-12 14:45:00,3,-348.57,151.37,42.98,0.0,203.73,0.0,97.79,68.69,41.85
2026-06-12 14:50:00,3,-348.57,151.37,43.17,0.0,227.91,0.0,109.4,70.86,41.73
2026-06-12 14:55:00,3,-348.57,151.37,42.42,0.0,266.15,0.0,127.75,74.77,41.61
2026-06-12 15:00:00,3,-348.57,151.37,43.16,0.0,202.7,0.0,97.3,68.61,41.49
2026-06-12 15:05:00,3,-348.57,151.37,42.64,0.0,289.27,0.0,138.85,77.44,41.36
2026-06-12 15:10:00,3,-348.57,151.37,42.9,0.0,211.12,0.0,101.34,69.33,41.25
2026-06-12 15:15:00,3,-348.57,151.37,42.53,0.0,286.09,0.0,137.32,77.06,41.12
2026-06-12 15:20:00,3,-348.57,151.37,42.7,0.0,249.19,0.0,119.61,72.96,41.0
2026-06-12 15:25:00,3,-348.57,151.37,42.85,0.0,299.52,0.0,143.77,78.69,40.87
2026-06-12 15:30:00,3,-348.57,151.37,42.27,0.0,264.67,0.0,127.04,74.61,40.74
2026-06-12 15:35:00,3,-348.57,151.37,42.29,0.0,274.15,0.0,131.59,75.67,40.62
2026-06-12 15:40:00,3,-348.57,151.37,42.03,0.0,216.5,0.0,103.92,69.81,40.5
2026-06-12 15:45:00,3,-348.57,151.37,41.8,0.0,204.71,0.0,98.26,68.77,40.39
2026-06-12 15:50:00,3,-348.57,151.37,41.46,0.0,230.84,0.0,110.8,71.13,40.27
2026-06-12 15:55:00,3,-348.57,151.37,41.69,0.0,275.13,0.0,132.06,75.78,40.14
2026-06-12 16:00:00,3,-348.57,151.37,42.01,0.0,246.77,0.0,118.45,72.71,40.02
2026-06-12 16:05:00,3,-348.57,151.37,40.39,0.0,222.58,0.0,106.84,70.36,39.9
2026-06-12 16:10:00,3,-348.57,151.37,41.31,0.0,298.14,0.0,143.11,78.52,39.77
2026-06-12 16:15:00,3,-348.57,151.37,42.24,0.0,231.48,0.0,111.11,71.2,39.65
2026-06-12 16:20:00,3,-348.57,151.37,41.35,0.0,232.55,0.0,111.62,71.3,39.53
2026-06-12 16:25:00,3,-348.57,151.37,39.55,0.0,259.18,0.0,124.41,74.01,39.41
2026-06-12 16:30:00,3,-348.57,151.37,41.13,0.0,219.68,0.0,105.45,70.09,39.29
2026-06-12 16:35:00,3,-348.57,151.37,39.61,0.0,269.95,0.0,129.58,75.19,39.17
2026-06-12 16:40:00,3,-348.57,151.37,41.34,0.0,324.99,0.0,156.0,81.99,39.03
2026-06-12 16:45:00,3,-348.57,151.37,39.9,0.0,208.23,0.0,99.95,69.07,38.92
2026-06-12 16:50:00,3,-348.57,151.37,40.58,0.0,207.59,0.0,99.65,69.02,38.8
2026-06-12 16:55:00,3,-348.57,151.37,40.36,0.0,237.73,0.0,114.11,71.8,38.68
2026-06-12 17:00:00,3,-348.57,151.37,40.14,0.0,297.66,0.0,142.88,78.46,38.55
2026-06-12 17:05:00,3,-348.57,151.37,39.65,0.0,313.37,0.0,150.42,80.44,38.42
2026-06-12 17:10:00,3,-348.57,151.37,39.21,0.0,241.4,0.0,115.87,72.16,38.3
2026-06-12 17:15:00,3,-348.57,151.37,39.01,0.0,317.84,0.0,152.56,81.03,38.16
2026-06-12 17:20:00,3,-348.57,151.37,39.78,0.0,202.88,0.0,97.38,68.62,38.05
2026-06-12 17:25:00,3,-348.57,151.37,39.22,0.0,229.05,0.0,109.94,70.96,37.93
2026-06-12 17:30:00,3,-348.57,151.37,38.94,0.0,298.08,0.0,143.08,78.5,37.8
2026-06-12 17:35:00,3,-348.57,151.37,39.3,0.0,316.72,0.0,152.02,80.88,37.66
2026-06-12 17:40:00,3,-348.57,151.37,38.96,0.0,288.46,0.0,138.46,77.33,37.53
2026-06-12 17:45:00,3,-348.57,151.37,38.02,0.0,267.67,0.0,128.48,74.93,37.41
2026-06-12 17:50:00,3,-348.57,151.37,38.17,0.0,202.37,0.0,97.14,68.57,37.29
2026-06-12 17:55:00,3,-348.57,151.37,38.5,0.0,236.02,0.0,113.29,71.63,37.18
2026-06-12 18:00:00,3,-348.57,151.37,38.59,0.0,245.89,0.0,118.03,72.62,37.05
2026-06-12 18:05:00,3,-348.57,151.37,38.82,0.0,314.24,0.0,150.83,80.55,36.92
2026-06-12 18:10:00,3,-348.57,151.37,36.53,0.0,324.74,0.0,155.88,81.94,36.78
2026-06-12 18:15:00,3,-348.57,151.37,37.25,0.0,203.83,0.0,97.84,68.69,36.67
2026-06-12 18:20:00,3,-348.57,151.37,36.92,0.0,200.11,0.0,96.05,68.38,36.56
2026-06-12 18:25:00,3,-348.57,151.37,37.58,0.0,273.05,0.0,131.07,75.54,36.43
2026-06-12 18:30:00,3,-348.57,151.37,36.92,0.0,249.49,0.0,119.76,72.98,36.31
2026-06-12 18:35:00,3,-348.57,151.37,36.76,0.0,254.12,0.0,121.98,73.47,36.19
2026-06-12 18:40:00,3,-348.57,151.37,37.48,0.0,313.4,0.0,150.43,80.44,36.05
2026-06-12 18:45:00,3,-348.57,151.37,37.18,0.0,255.57,0.0,122.67,73.62,35.93
2026-06-12 18:50:00,3,-348.57,151.37,37.1,0.0,277.96,0.0,133.42,76.1,35.8
2026-06-12 18:55:00,3,-348.57,151.37,36.2,0.0,309.1,0.0,148.37,79.89,35.67
2026-06-12 19:00:00,3,-348.57,151.37,36.61,0.0,220.04,0.0,105.62,70.11,35.55
2026-06-12 19:05:00,3,-348.57,151.37,35.62,0.0,234.07,0.0,112.35,71.43,35.43
2026-06-12 19:10:00,3,-348.57,151.37,35.78,0.0,276.86,0.0,132.89,75.97,35.31
2026-06-12 19:15:00,3,-348.57,151.37,35.28,0.0,256.33,0.0,123.04,73.7,35.18
2026-06-12 19:20:00,3,-348.57,151.37,35.44,0.0,218.43,0.0,104.85,69.97,35.07
2026-06-12 19:25:00,3,-348.57,151.37,34.89,0.0,304.43,0.0,146.13,79.29,34.93
2026-06-12 19:30:00,3,-348.57,151.37,34.55,0.0,237.6,0.0,114.05,71.78,34.81
2026-06-12 19:35:00,3,-348.57,151.37,35.28,0.0,285.61,0.0,137.09,76.99,34.69
2026-06-12 19:40:00,3,-348.57,151.37,35.0,0.0,294.4,0.0,141.31,78.04,34.56
2026-06-12 19:45:00,3,-348.57,151.37,34.6,0.0,244.08,0.0,117.16,72.43,34.44
2026-06-12 19:50:00,3,-348.57,151.37,34.45,0.0,226.85,0.0,108.89,70.74,34.32
2026-06-12 19:55:00,3,-348.57,151.37,34.4,0.0,234.71,0.0,112.66,71.49,34.2
2026-06-12 20:00:00,3,-348.57,151.37,34.15,0.0,267.81,0.0,128.55,74.94,34.07
2026-06-12 20:05:00,3,-348.57,151.37,34.9,0.0,307.46,0.0,147.58,79.67,33.94
2026-06-12 20:10:00,3,-348.57,151.37,34.83,0.0,285.54,0.0,137.06,76.98,33.81
2026-06-12 20:15:00,3,-348.57,151.37,33.22,0.0,315.98,0.0,151.67,80.77,33.68
2026-06-12 20:20:00,3,-348.57,151.37,34.24,0.0,308.18,0.0,147.93,79.77,33.55
2026-06-12 20:25:00,3,-348.57,151.37,34.67,0.0,235.44,0.0,113.01,71.57,33.43
2026-06-12 20:30:00,3,-348.57,151.37,33.7,0.0,213.14,0.0,102.31,69.49,33.31
2026-06-12 20:35:00,3,-348.57,151.37,33.75,0.0,242.43,0.0,116.37,72.26,33.19
2026-06-12 20:40:00,3,-348.57,151.37,33.83,0.0,226.1,0.0,108.53,70.67,33.07
2026-06-12 20:45:00,3,-348.57,151.37,33.64,0.0,231.58,0.0,111.16,71.19,32.95
2026-06-12 20:50:00,3,-348.57,151.37,34.05,0.0,300.9,0.0,144.43,78.84,32.82
2026-06-12 20:55:00,3,-348.57,151.37,32.79,0.0,231.43,0.0,111.09,71.17,32.7
2026-06-12 21:00:00,3,-348.57,151.37,32.96,0.0,248.1,0.0,119.09,72.83,32.58
2026-06-12 21:05:00,3,-348.57,151.37,33.4,0.0,223.88,0.0,107.46,70.46,32.46
2026-06-12 21:10:00,3,-348.57,151.37,32.82,0.0,313.85,0.0,150.65,80.49,32.33
2026-06-12 21:15:00,3,-348.57,151.37,33.11,0.0,323.91,0.0,155.48,81.83,32.19
2026-06-12 21:20:00,3,-348.57,151.37,32.48,0.0,287.26,0.0,137.88,77.18,32.07
2026-06-12 21:25:00,3,-348.57,151.37,32.27,0.0,251.6,0.0,120.77,73.19,31.94
2026-06-12 21:30:00,3,-348.57,151.37,31.59,0.0,206.69,0.0,99.21,68.92,31.83
2026-06-12 21:35:00,3,-348.57,151.37,31.84,0.0,210.55,0.0,101.06,69.26,31.71
2026-06-12 21:40:00,3,-348.57,151.37,32.43,0.0,319.72,0.0,153.47,81.27,31.58
2026-06-12 21:45:00,3,-348.57,151.37,32.47,0.0,312.12,0.0,149.82,80.27,31.44
2026-06-12 21:50:00,3,-348.57,151.37,31.76,0.0,324.99,0.0,155.99,81.97,31.31
2026-06-12 21:55:00,3,-348.57,151.37,32.29,0.0,201.27,0.0,96.61,68.47,31.19
2026-06-12 22:00:00,3,-348.57,151.37,31.42,0.0,300.47,0.0,144.22,78.79,31.06
2026-06-12 22:05:00,3,-348.57,151.37,32.69,0.0,200.19,0.0,96.09,68.38,30.95
2026-06-12 22:10:00,3,-348.57,151.37,32.16,0.0,217.13,0.0,104.22,69.84,30.83
2026-06-12 22:15:00,3,-348.57,151.37,32.85,0.0,323.39,0.0,155.23,81.75,30.69
2026-06-12 22:20:00,3,-348.57,151.37,32.23,0.0,262.74,0.0,126.11,74.38,30.57
2026-06-12 22:25:00,3,-348.57,151.37,31.93,0.0,230.99,0.0,110.88,71.13,30.45
2026-06-12 22:30:00,3,-348.57,151.37,31.99,0.0,323.39,0.0,155.23,81.75,30.32
2026-06-12 22:35:00,3,-348.57,151.37,31.34,0.0,213.1,0.0,102.29,69.48,30.2
2026-06-12 22:40:00,3,-348.57,151.37,30.94,0.0,287.66,0.0,138.08,77.22,30.07
2026-06-12 22:45:00,3,-348.57,151.37,30.79,0.0,208.94,0.0,100.29,69.12,29.96
2026-06-12 22:50:00,3,-348.57,151.37,31.31,0.0,301.15,0.0,144.55,78.87,29.83
2026-06-12 22:55:00,3,-348.57,151.37,30.43,0.0,233.48,0.0,112.07,71.37,29.71
2026-06-12 23:00:00,3,-348.57,151.37,31.39,0.0,312.76,0.0,150.13,80.35,29.57
2026-06-12 23:05:00,3,-348.57,151.37,30.73,0.0,318.26,0.0,152.76,81.07,29.44
2026-06-12 23:10:00,3,-348.57,151.37,30.42,0.0,273.58,0.0,131.32,75.58,29.31
2026-06-12 23:15:00,3,-348.57,151.37,31.14,0.0,279.88,0.0,134.34,76.31,29.18
2026-06-12 23:20:00,3,-348.57,151.37,30.97,0.0,238.57,0.0,114.51,71.87,29.06
2026-06-12 23:25:00,3,-348.57,151.37,30.83,0.0,238.0,0.0,114.24,71.81,28.94
2026-06-12 23:30:00,3,-348.57,151.37,30.71,0.0,268.38,0.0,128.82,75.0,28.82
2026-06-12 23:35:00,3,-348.57,151.37,30.81,0.0,303.37,0.0,145.62,79.15,28.69
2026-06-12 23:40:00,3,-348.57,151.37,31.24,0.0,294.02,0.0,141.13,77.99,28.56
2026-06-12 23:45:00,3,-348.57,151.37,30.36,0.0,313.66,0.0,150.56,80.47,28.42
2026-06-12 23:50:00,3,-348.57,151.37,31.46,0.0,244.64,0.0,117.43,72.48,28.3
2026-06-12 23:55:00,3,-348.57,151.37,31.29,0.0,204.46,0.0,98.14,68.73,28.19
2026-06-13 00:00:00,3,-348.57,151.37,31.44,0.0,268.26,0.0,128.76,74.99,28.06
2026-06-13 00:05:00,3,-348.57,151.37,31.91,0.0,203.5,0.0,97.68,68.65,27.95
2026-06-13 00:10:00,3,-348.57,151.37,31.0,0.0,258.09,0.0,123.88,73.88,27.83
2026-06-13 00:15:00,3,-348.57,151.37,31.17,0.0,311.65,0.0,149.59,80.2,27.69
2026-06-13 00:20:00,3,-348.57,151.37,31.7,0.0,317.77,0.0,152.53,81.01,27.56
2026-06-13 00:25:00,3,-348.57,151.37,31.14,0.0,237.2,0.0,113.86,71.73,27.44
2026-06-13 00:30:00,3,-348.57,151.37,31.02,0.0,308.3,0.0,147.98,79.77,27.3
2026-06-13 00:35:00,3,-348.57,151.37,31.03,0.0,280.74,0.0,134.76,76.41,27.18
2026-06-13 00:40:00,3,-348.57,151.37,32.24,0.0,200.14,0.0,96.07,68.37,27.06
2026-06-13 00:45:00,3,-348.57,151.37,31.39,0.0,256.26,0.0,123.0,73.68,26.94
2026-06-13 00:50:00,3,-348.57,151.37,30.98,0.0,223.3,0.0,107.18,70.4,26.82
2026-06-13 00:55:00,3,-348.57,151.37,31.15,0.0,252.77,0.0,121.33,73.31,26.7
2026-06-13 01:00:00,3,-348.57,151.37,32.03,0.0,255.92,0.0,122.84,73.65,26.58
2026-06-13 01:05:00,3,-348.57,151.37,31.09,0.0,257.14,0.0,123.43,73.78,26.46
2026-06-13 01:10:00,3,-348.57,151.37,32.17,0.0,299.15,0.0,143.59,78.62,26.32
2026-06-13 01:15:00,3,-348.57,151.37,32.32,0.0,217.02,0.0,104.17,69.83,26.21
2026-06-13 01:20:00,3,-348.57,151.37,32.1,0.0,214.86,0.0,103.13,69.64,26.09
2026-06-13 01:25:00,3,-348.57,151.37,31.36,0.0,298.1,0.0,143.09,78.49,25.96
2026-06-13 01:30:00,3,-348.57,151.37,31.26,0.0,251.14,0.0,120.55,73.14,25.84
2026-06-13 01:35:00,3,-348.57,151.37,31.57,0.0,219.39,0.0,105.31,70.05,25.72
2026-06-13 01:40:00,3,-348.57,151.37,32.14,0.0,293.95,0.0,141.1,77.99,25.59
2026-06-13 01:45:00,3,-348.57,151.37,30.97,0.0,278.05,0.0,133.47,76.1,25.47
2026-06-13 01:50:00,3,-348.57,151.37,31.29,0.0,297.52,0.0,142.81,78.42,25.33
2026-06-13 01:55:00,3,-348.57,151.37,31.57,0.0,230.1,0.0,110.45,71.05,25.22
2026-06-13 02:00:00,3,-348.57,151.37,32.41,0.0,249.12,0.0,119.58,72.94,25.09
2026-06-13 02:05:00,3,-348.57,151.37,31.94,0.0,213.42,0.0,102.44,69.51,24.98
2026-06-13 02:10:00,3,-348.57,151.37,32.06,0.0,300.87,0.0,144.42,78.84,24.85
2026-06-13 02:15:00,3,-348.57,151.37,31.98,0.0,263.36,0.0,126.42,74.45,24.72
2026-06-13 02:20:00,3,-348.57,151.37,32.43,0.0,249.43,0.0,119.73,72.97,24.6
2026-06-13 02:25:00,3,-348.57,151.37,32.5,0.0,249.02,0.0,119.53,72.93,24.48
2026-06-13 02:30:00,3,-348.57,151.37,31.52,0.0,285.43,0.0,137.01,76.96,24.35
2026-06-13 02:35:00,3,-348.57,151.37,32.62,0.0,203.3,0.0,97.58,68.64,24.24
2026-06-13 02:40:00,3,-348.57,151.37,31.97,0.0,209.25,0.0,100.44,69.15,24.12
2026-06-13 02:45:00,3,-348.57,151.37,32.56,0.0,202.28,0.0,97.1,68.55,24.01
2026-06-13 02:50:00,3,-348.57,151.37,32.08,0.0,202.27,0.0,97.09,68.55,23.89
2026-06-13 02:55:00,3,-348.57,151.37,32.6,0.0,278.31,0.0,133.59,76.13,23.77
2026-06-13 03:00:00,3,-348.57,151.37,33.96,0.0,284.67,0.0,136.64,76.87,23.64
2026-06-13 03:05:00,3,-348.57,151.37,33.85,0.0,270.84,0.0,130.0,75.28,23.51
2026-06-13 03:10:00,3,-348.57,151.37,33.41,0.0,227.26,0.0,109.09,70.78,23.4
2026-06-13 03:15:00,3,-348.57,151.37,32.37,0.0,235.09,0.0,112.85,71.53,23.28
2026-06-13 03:20:00,3,-348.57,151.37,34.03,0.0,215.44,0.0,103.41,69.69,23.16
2026-06-13 03:25:00,3,-348.57,151.37,33.67,0.0,258.4,0.0,124.03,73.91,23.04
2026-06-13 03:30:00,3,-348.57,151.37,33.64,0.0,223.41,0.0,107.24,70.42,22.92
2026-06-13 03:35:00,3,-348.57,151.37,34.2,0.0,201.96,0.0,96.94,68.53,22.81
2026-06-13 03:40:00,3,-348.57,151.37,34.31,0.0,278.28,0.0,133.58,76.13,22.68
2026-06-13 03:45:00,3,-348.57,151.37,34.77,0.0,201.33,0.0,96.64,68.48,22.56
2026-06-13 03:50:00,3,-348.57,151.37,33.77,0.0,257.5,0.0,123.6,73.82,22.44
2026-06-13 03:55:00,3,-348.57,151.37,34.56,0.0,236.75,0.0,113.64,71.69,22.32
2026-06-13 04:00:00,3,-348.57,151.37,34.22,0.0,225.92,0.0,108.44,70.65,22.2
2026-06-13 04:05:00,3,-348.57,151.37,33.97,0.0,316.4,0.0,151.87,80.83,22.07
2026-06-13 04:10:00,3,-348.57,151.37,34.96,0.0,244.86,0.0,117.53,72.5,21.95
2026-06-13 04:15:00,3,-348.57,151.37,34.38,0.0,305.5,0.0,146.64,79.42,21.82
2026-06-13 04:20:00,3,-348.57,151.37,35.28,0.0,319.72,0.0,153.46,81.27,21.68
2026-06-13 04:25:00,3,-348.57,151.37,35.32,0.0,286.39,0.0,137.47,77.08,21.55
2026-06-13 04:30:00,3,-348.57,151.37,33.84,0.0,222.47,0.0,106.79,70.33,21.43
2026-06-13 04:35:00,3,-348.57,151.37,34.9,0.0,290.15,0.0,139.27,77.53,21.31
2026-06-13 04:40:00,3,-348.57,151.37,36.6,0.0,234.31,0.0,112.47,71.46,21.19
2026-06-13 04:45:00,3,-348.57,151.37,35.34,0.0,227.41,0.0,109.16,70.8,21.07
2026-06-13 04:50:00,3,-348.57,151.37,36.09,0.0,299.76,0.0,143.88,78.71,20.94
2026-06-13 04:55:00,3,-348.57,151.37,36.38,0.0,202.45,0.0,97.18,68.57,20.82
2026-06-13 05:00:00,3,-348.57,151.37,35.68,0.0,219.9,0.0,105.55,70.1,20.71
2026-06-13 05:05:00,3,-348.57,151.37,36.31,0.0,241.31,0.0,115.83,72.15,20.59
2026-06-13 05:10:00,3,-348.57,151.37,36.83,0.0,202.24,0.0,97.07,68.56,20.47
2026-06-13 05:15:00,3,-348.57,151.37,36.48,0.0,273.2,0.0,131.14,75.55,20.35
2026-06-13 05:20:00,3,-348.57,151.37,36.67,0.0,261.23,0.0,125.39,74.23,20.22
2026-06-13 05:25:00,3,-348.57,151.37,37.04,0.0,279.9,0.0,134.35,76.32,20.09
2026-06-13 05:30:00,3,-348.57,151.37,37.2,0.0,275.92,0.0,132.44,75.86,19.97
2026-06-13 05:35:00,3,-348.57,151.37,37.1,0.0,291.14,0.0,139.75,77.65,19.84
2026-06-13 05:40:00,3,-348.57,151.37,37.51,0.0,322.18,0.0,154.65,81.6,19.7
2026-06-13 05:45:00,3,-348.57,151.37,37.89,0.0,299.27,0.0,143.65,78.65,19.57
2026-06-13 05:50:00,3,-348.57,151.37,38.34,0.0,311.38,0.0,149.46,80.18,19.44
2026-06-13 05:55:00,3,-348.57,151.37,36.93,0.0,282.52,0.0,135.61,76.63,19.31
2026-06-13 06:00:00,3,-348.57,151.37,38.02,0.0,214.76,0.0,103.09,69.64,19.19
2026-06-13 06:05:00,3,-348.57,151.37,38.05,0.0,235.47,0.0,113.03,71.58,19.08
2026-06-13 06:10:00,3,-348.57,151.37,38.07,0.0,266.56,0.0,127.95,74.81,18.95
2026-06-13 06:15:00,3,-348.57,151.37,38.54,0.0,279.64,0.0,134.23,76.29,18.82
2026-06-13 06:20:00,3,-348.57,151.37,38.88,0.0,200.1,0.0,96.05,68.38,18.71
2026-06-13 06:25:00,3,-348.57,151.37,39.18,0.0,227.72,0.0,109.31,70.83,18.59
2026-06-13 06:30:00,3,-348.57,151.37,38.63,0.0,219.66,0.0,105.44,70.08,18.47
2026-06-13 06:35:00,3,-348.57,151.37,39.33,0.0,238.09,0.0,114.28,71.83,18.35
2026-06-13 06:40:00,3,-348.57,151.37,39.35,0.0,315.24,0.0,151.32,80.69,18.22
2026-06-13 06:45:00,3,-348.57,151.37,39.24,0.0,258.87,0.0,124.26,73.98,18.1
2026-06-13 06:50:00,3,-348.57,151.37,38.45,0.0,253.31,0.0,121.59,73.38,17.97
2026-06-13 06:55:00,3,-348.57,151.37,39.28,0.0,305.4,0.0,146.59,79.42,17.84
2026-06-13 07:00:00,3,-348.57,151.37,40.0,0.0,231.01,0.0,110.89,71.15,17.72
2026-06-13 07:05:00,3,-348.57,151.37,39.91,0.0,309.27,0.0,148.45,79.92,17.59
2026-06-13 07:10:00,3,-348.57,151.37,39.26,0.0,324.2,0.0,155.62,81.88,17.45
2026-06-13 07:15:00,3,-348.57,151.37,40.12,0.0,269.78,0.0,129.49,75.17,17.33
2026-06-13 07:20:00,3,-348.57,151.37,39.97,0.0,237.25,0.0,113.88,71.75,17.21
2026-06-13 07:25:00,3,-348.57,151.37,40.59,0.0,254.29,0.0,122.06,73.49,17.09
2026-06-13 07:30:00,3,-348.57,151.37,40.33,0.0,242.49,0.0,116.39,72.27,16.97
2026-06-13 07:35:00,3,-348.57,151.37,40.78,0.0,202.47,0.0,97.19,68.58,16.85
2026-06-13 07:40:00,3,-348.57,151.37,41.58,0.0,272.89,0.0,130.99,75.53,16.73
2026-06-13 07:45:00,3,-348.57,151.37,40.56,0.0,240.44,0.0,115.41,72.07,16.61
2026-06-13 07:50:00,3,-348.57,151.37,40.88,0.0,284.85,0.0,136.73,76.91,16.48
2026-06-13 07:55:00,3,-348.57,151.37,41.18,0.0,202.5,0.0,97.2,68.59,16.36
2026-06-13 08:00:00,3,-348.57,151.37,41.64,0.0,285.38,0.0,136.98,76.97,16.24
2026-06-13 08:05:00,3,-348.57,151.37,41.84,0.0,222.83,0.0,106.96,70.38,16.12
2026-06-13 08:10:00,3,-348.57,151.37,41.73,0.0,213.6,0.0,102.53,69.55,16.0
2026-06-13 08:15:00,3,-348.57,151.37,40.96,0.0,274.63,0.0,131.82,75.72,15.88
2026-06-13 08:20:00,3,-348.57,151.37,41.74,0.0,200.21,0.0,96.1,68.4,15.76
2026-06-13 08:25:00,3,-348.57,151.37,42.02,0.0,264.7,0.0,127.06,74.62,15.64
2026-06-13 08:30:00,3,-348.57,151.37,41.59,0.0,282.45,0.0,135.58,76.63,15.51
2026-06-13 08:35:00,3,-348.57,151.37,43.04,0.0,264.3,0.0,126.86,74.57,15.39
2026-06-13 08:40:00,3,-348.57,151.37,42.47,0.0,243.54,0.0,116.9,72.39,15.26
2026-06-13 08:45:00,3,-348.57,151.37,42.3,0.0,222.54,0.0,106.82,70.36,15.15
2026-06-13 08:50:00,3,-348.57,151.37,42.74,0.0,240.27,0.0,115.33,72.06,15.03
2026-06-13 08:55:00,3,-348.57,151.37,42.97,0.0,214.09,0.0,102.76,69.59,14.91
2026-06-13 09:00:00,3,-348.57,151.37,42.98,0.0,314.1,0.0,150.77,80.55,14.78
2026-06-13 09:05:00,3,-348.57,151.37,42.47,0.0,232.53,0.0,111.61,71.3,14.66
2026-06-13 09:10:00,3,-348.57,151.37,42.75,0.0,203.54,0.0,97.7,68.68,14.54
2026-06-13 09:15:00,3,-348.57,151.37,43.45,0.0,324.09,0.0,155.56,81.87,14.41
2026-06-13 09:20:00,3,-348.57,151.37,43.58,0.0,308.7,0.0,148.18,79.85,14.27
2026-06-13 09:25:00,3,-348.57,151.37,42.51,0.0,284.45,0.0,136.54,76.87,14.15
2026-06-13 09:30:00,3,-348.57,151.37,42.77,0.0,238.99,0.0,114.71,71.93,14.03
2026-06-13 09:35:00,3,-348.57,151.37,42.82,0.0,300.95,0.0,144.46,78.87,13.89
2026-06-13 09:40:00,3,-348.57,151.37,44.34,0.0,251.17,0.0,120.56,73.17,13.77
2026-06-13 09:45:00,3,-348.57,151.37,44.02,0.0,295.92,0.0,142.04,78.25,13.64
2026-06-13 09:50:00,3,-348.57,151.37,43.31,0.0,230.95,0.0,110.86,71.15,13.52
2026-06-13 09:55:00,3,-348.57,151.37,44.3,0.0,309.48,0.0,148.55,79.95,13.39
2026-06-13 10:00:00,3,-348.57,151.37,44.24,0.0,289.24,0.0,138.83,77.44,13.26
2026-06-13 10:05:00,3,-348.57,151.37,44.39,0.0,306.22,0.0,146.98,79.53,13.13
2026-06-13 10:10:00,3,-348.57,151.37,45.44,0.0,300.38,0.0,144.18,78.8,13.0
2026-06-13 10:15:00,3,-348.57,151.37,44.26,0.0,279.03,0.0,133.93,76.23,12.87
2026-06-13 10:20:00,3,-348.57,151.37,45.59,0.0,226.11,0.0,108.54,70.7,12.75
2026-06-13 10:25:00,3,-348.57,151.37,44.31,0.0,288.05,0.0,138.27,77.3,12.62
2026-06-13 10:30:00,3,-348.57,151.37,44.64,0.0,227.0,0.0,108.96,70.78,12.51
2026-06-13 10:35:00,3,-348.57,151.37,44.42,0.0,210.95,0.0,101.25,69.32,12.39
2026-06-13 10:40:00,3,-348.57,151.37,44.47,0.0,230.78,0.0,110.78,71.14,12.27
2026-06-13 10:45:00,3,-348.57,151.37,44.43,0.0,259.34,0.0,124.48,74.04,12.15
2026-06-13 10:50:00,3,-348.57,151.37,44.58,0.0,221.46,0.0,106.3,70.26,12.03
2026-06-13 10:55:00,3,-348.57,151.37,44.83,0.0,208.22,0.0,99.94,69.08,11.92
2026-06-13 11:00:00,3,-348.57,151.37,45.57,0.0,237.11,0.0,113.81,71.75,11.8
2026-06-13 11:05:00,3,-348.57,151.37,45.57,0.0,224.87,0.0,107.94,70.58,11.68
2026-06-13 11:10:00,3,-348.57,151.37,44.87,0.0,258.52,0.0,124.09,73.95,11.56
2026-06-13 11:15:00,3,-348.57,151.37,45.62,0.0,241.96,0.0,116.14,72.23,11.44
2026-06-13 11:20:00,3,-348.57,151.37,44.66,0.0,211.72,0.0,101.62,69.39,11.32
2026-06-13 11:25:00,3,-348.57,151.37,44.85,0.0,303.99,0.0,145.92,79.26,11.19
2026-06-13 11:30:00,3,-348.57,151.37,45.33,0.0,318.5,0.0,152.88,81.13,11.05
2026-06-13 11:35:00,3,-348.57,151.37,44.33,0.0,203.94,0.0,97.89,68.72,10.94
2026-06-13 11:40:00,3,-348.57,151.37,45.64,0.0,210.42,0.0,101.0,69.27,10.82
2026-06-13 11:45:00,3,-348.57,151.37,45.3,0.0,238.53,0.0,114.49,71.89,10.7
2026-06-13 11:50:00,3,-348.57,151.37,44.09,0.0,289.35,0.0,138.89,77.45,10.57
2026-06-13 11:55:00,3,-348.57,151.37,44.77,0.0,236.97,0.0,113.75,71.74,10.45
2026-06-13 12:00:00,3,-348.57,151.37,44.96,0.0,264.24,0.0,126.84,74.57,10.33
2026-06-13 12:05:00,3,-348.57,151.37,44.71,0.0,207.99,0.0,99.83,69.06,10.21
2026-06-13 12:10:00,3,-348.57,151.37,44.91,0.0,255.74,0.0,122.75,73.65,10.09
2026-06-13 12:15:00,3,-348.57,151.37,44.75,0.0,204.2,0.0,98.01,68.74,9.98
2026-06-13 12:20:00,3,-348.57,151.37,44.62,0.0,316.54,0.0,151.94,80.87,9.84
2026-06-13 12:25:00,3,-348.57,151.37,45.34,0.0,262.02,0.0,125.77,74.33,9.72
2026-06-13 12:30:00,3,-348.57,151.37,43.99,0.0,303.37,0.0,145.62,79.17,9.59
2026-06-13 12:35:00,3,-348.57,151.37,45.39,0.0,233.84,0.0,112.24,71.43,9.47
2026-06-13 12:40:00,3,-348.57,151.37,45.39,0.0,256.65,0.0,123.19,73.75,9.34
2026-06-13 12:45:00,3,-348.57,151.37,44.62,0.0,226.58,0.0,108.76,70.74,9.23
2026-06-13 12:50:00,3,-348.57,151.37,44.72,0.0,298.84,0.0,143.44,78.61,9.1
2026-06-13 12:55:00,3,-348.57,151.37,44.45,0.0,302.99,0.0,145.44,79.13,8.96
2026-06-13 13:00:00,3,-348.57,151.37,45.71,0.0,255.92,0.0,122.84,73.67,8.84
2026-06-13 13:05:00,3,-348.57,151.37,44.56,0.0,261.34,0.0,125.44,74.25,8.72
2026-06-13 13:10:00,3,-348.57,151.37,45.09,0.0,224.39,0.0,107.71,70.53,8.6
2026-06-13 13:15:00,3,-348.57,151.37,45.23,0.0,272.44,0.0,130.77,75.48,8.47
2026-06-13 13:20:00,3,-348.57,151.37,44.61,0.0,286.07,0.0,137.31,77.06,8.35
2026-06-13 13:25:00,3,-348.57,151.37,44.49,0.0,243.46,0.0,116.86,72.38,8.22
2026-06-13 13:30:00,3,-348.57,151.37,43.88,0.0,286.03,0.0,137.29,77.05,8.1
2026-06-13 13:35:00,3,-348.57,151.37,44.19,0.0,261.63,0.0,125.58,74.28,7.97
2026-06-13 13:40:00,3,-348.57,151.37,44.28,0.0,303.25,0.0,145.56,79.16,7.84
2026-06-13 13:45:00,3,-348.57,151.37,44.43,0.0,312.66,0.0,150.08,80.36,7.71
2026-06-13 13:50:00,3,-348.57,151.37,43.65,0.0,218.71,0.0,104.98,70.01,7.59
2026-06-13 13:55:00,3,-348.57,151.37,42.98,0.0,310.02,0.0,148.81,80.02,7.46
2026-06-13 14:00:00,3,-348.57,151.37,44.25,0.0,286.64,0.0,137.59,77.13,7.33
2026-06-13 14:05:00,3,-348.57,151.37,43.69,0.0,281.95,0.0,135.34,76.57,7.2
2026-06-13 14:10:00,3,-348.57,151.37,43.71,0.0,292.41,0.0,140.36,77.82,7.07
2026-06-13 14:15:00,3,-348.57,151.37,44.0,0.0,201.89,0.0,96.91,68.54,6.96
2026-06-13 14:20:00,3,-348.57,151.37,44.03,0.0,269.74,0.0,129.47,75.18,6.83
2026-06-13 14:25:00,3,-348.57,151.37,43.24,0.0,274.97,0.0,131.98,75.77,6.71
2026-06-13 14:30:00,3,-348.57,151.37,43.54,0.0,200.13,0.0,96.06,68.39,6.59
2026-06-13 14:35:00,3,-348.57,151.37,43.68,0.0,218.84,0.0,105.04,70.02,6.47
2026-06-13 14:40:00,3,-348.57,151.37,44.05,0.0,200.95,0.0,96.45,68.46,6.36
2026-06-13 14:45:00,3,-348.57,151.37,43.3,0.0,245.11,0.0,117.65,72.55,6.24
2026-06-13 14:50:00,3,-348.57,151.37,43.3,0.0,313.4,0.0,150.43,80.45,6.11
2026-06-13 14:55:00,3,-348.57,151.37,43.25,0.0,309.07,0.0,148.35,79.9,5.97
2026-06-13 15:00:00,3,-348.57,151.37,42.59,0.0,237.87,0.0,114.18,71.82,5.85
2026-06-13 15:05:00,3,-348.57,151.37,42.76,0.0,324.5,0.0,155.76,81.92,5.72
2026-06-13 15:10:00,3,-348.57,151.37,42.75,0.0,322.8,0.0,154.94,81.69,5.58
2026-06-13 15:15:00,3,-348.57,151.37,43.08,0.0,216.13,0.0,103.74,69.77,5.46
2026-06-13 15:20:00,3,-348.57,151.37,41.65,0.0,290.69,0.0,139.53,77.61,5.33
2026-06-13 15:25:00,3,-348.57,151.37,43.02,0.0,304.18,0.0,146.01,79.27,5.2
2026-06-13 15:30:00,3,-348.57,151.37,42.32,0.0,321.86,0.0,154.49,81.57,5.07
2026-06-13 15:35:00,3,-348.57,151.37,42.2,0.0,240.65,0.0,115.51,72.09,4.95
2026-06-13 15:40:00,3,-348.57,151.37,42.56,0.0,268.67,0.0,128.96,75.05,4.82
2026-06-13 15:45:00,3,-348.57,151.37,43.2,0.0,217.04,0.0,104.18,69.86,4.7
2026-06-13 15:50:00,3,-348.57,151.37,42.15,0.0,317.34,0.0,152.33,80.97,4.57
2026-06-13 15:55:00,3,-348.57,151.37,41.8,0.0,289.94,0.0,139.17,77.52,4.44
2026-06-13 16:00:00,3,-348.57,151.37,41.14,0.0,260.93,0.0,125.25,74.2,4.32
2026-06-13 16:05:00,3,-348.57,151.37,40.98,0.0,216.96,0.0,104.14,69.84,4.2
2026-06-13 16:10:00,3,-348.57,151.37,41.77,0.0,241.32,0.0,115.83,72.16,4.08
2026-06-13 16:15:00,3,-348.57,151.37,40.79,0.0,317.22,0.0,152.26,80.95,3.95
2026-06-13 16:20:00,3,-348.57,151.37,41.89,0.0,230.2,0.0,110.49,71.07,3.83
2026-06-13 16:25:00,3,-348.57,151.37,41.11,0.0,302.04,0.0,144.98,79.0,3.69
2026-06-13 16:30:00,3,-348.57,151.37,40.96,0.0,294.09,0.0,141.17,78.02,3.56
2026-06-13 16:35:00,3,-348.57,151.37,39.9,0.0,251.26,0.0,120.6,73.17,3.44
2026-06-13 16:40:00,3,-348.57,151.37,40.97,0.0,278.24,0.0,133.56,76.14,3.32
2026-06-13 16:45:00,3,-348.57,151.37,40.22,0.0,243.55,0.0,116.9,72.38,3.2
2026-06-13 16:50:00,3,-348.57,151.37,39.67,0.0,289.82,0.0,139.11,77.5,3.07
2026-06-13 16:55:00,3,-348.57,151.37,40.76,0.0,271.81,0.0,130.47,75.4,2.94
2026-06-13 17:00:00,3,-348.57,151.37,40.22,0.0,209.69,0.0,100.65,69.2,2.83
2026-06-13 17:05:00,3,-348.57,151.37,38.68,0.0,280.99,0.0,134.87,76.45,2.7
2026-06-13 17:10:00,3,-348.57,151.37,39.85,0.0,217.42,0.0,104.36,69.88,2.58
2026-06-13 17:15:00,3,-348.57,151.37,38.51,0.0,222.83,0.0,106.96,70.37,2.46
2026-06-13 17:20:00,3,-348.57,151.37,38.44,0.0,232.0,0.0,111.36,71.24,2.35
2026-06-13 17:25:00,3,-348.57,151.37,39.28,0.0,288.88,0.0,138.66,77.38,2.22
2026-06-13 17:30:00,3,-348.57,151.37,39.73,0.0,227.25,0.0,109.08,70.79,2.1
2026-06-13 17:35:00,3,-348.57,151.37,38.5,0.0,212.85,0.0,102.17,69.47,1.98
2026-06-13 17:40:00,3,-348.57,151.37,37.95,0.0,318.6,0.0,152.93,81.13,1.85
2026-06-13 17:45:00,3,-348.57,151.37,38.68,0.0,225.71,0.0,108.34,70.64,1.73
2026-06-13 17:50:00,3,-348.57,151.37,38.29,0.0,232.16,0.0,111.44,71.26,1.61
2026-06-13 17:55:00,3,-348.57,151.37,39.14,0.0,259.09,0.0,124.36,74.0,1.49
2026-06-13 18:00:00,3,-348.57,151.37,38.02,0.0,316.99,0.0,152.15,80.91,1.35
2026-06-13 18:05:00,3,-348.57,151.37,38.34,0.0,313.08,0.0,150.28,80.4,1.22
2026-06-13 18:10:00,3,-348.57,151.37,38.1,0.0,205.17,0.0,98.48,68.81,1.1
2026-06-13 18:15:00,3,-348.57,151.37,37.43,0.0,293.67,0.0,140.96,77.96,0.97
2026-06-13 18:20:00,3,-348.57,151.37,36.42,0.0,292.51,0.0,140.41,77.82,0.84
2026-06-13 18:25:00,3,-348.57,151.37,36.98,0.0,296.74,0.0,142.44,78.34,0.71
2026-06-13 18:30:00,3,-348.57,151.37,36.84,0.0,231.21,0.0,110.98,71.16,0.6
2026-06-13 18:35:00,3,-348.57,151.37,37.07,0.0,308.89,0.0,148.27,79.86,0.46
2026-06-13 18:40:00,3,-348.57,151.37,36.77,0.0,299.75,0.0,143.88,78.71,0.33
2026-06-13 18:45:00,3,-348.57,151.37,36.73,0.0,242.44,0.0,116.37,72.26,0.21
2026-06-13 18:50:00,3,-348.57,151.37,37.3,0.0,258.17,0.0,123.92,73.9,0.09
2026-06-13 18:55:00,3,-348.57,151.37,36.5,0.0,313.33,0.0,150.4,80.43,0.0
2026-06-13 19:00:00,3,-348.57,151.37,35.49,0.0,293.04,0.0,140.66,77.88,0.0
2026-06-13 19:05:00,3,-348.57,151.37,36.11,0.0,207.98,0.0,99.83,69.04,0.0
2026-06-13 19:10:00,3,-348.57,151.37,36.22,0.0,209.61,0.0,100.61,69.18,0.0
2026-06-13 19:15:00,3,-348.57,151.37,35.56,0.0,280.62,0.0,134.7,76.4,0.0
2026-06-13 19:20:00,3,-348.57,151.37,36.17,0.0,312.15,0.0,149.83,80.28,0.0
2026-06-13 19:25:00,3,-348.57,151.37,35.93,0.0,244.45,0.0,117.34,72.47,0.0
2026-06-13 19:30:00,3,-348.57,151.37,35.27,0.0,202.07,0.0,96.99,68.54,0.0
2026-06-13 19:35:00,3,-348.57,151.37,35.6,0.0,285.74,0.0,137.16,77.0,0.0
2026-06-13 19:40:00,3,-348.57,151.37,35.12,0.0,302.32,0.0,145.11,79.02,0.0
2026-06-13 19:45:00,3,-348.57,151.37,34.91,0.0,206.46,0.0,99.1,68.91,0.0
2026-06-13 19:50:00,3,-348.57,151.37,35.05,0.0,312.88,0.0,150.18,80.37,0.0
2026-06-13 19:55:00,3,-348.57,151.37,35.22,0.0,301.33,0.0,144.64,78.9,0.0
2026-06-13 20:00:00,3,-348.57,151.37,35.81,0.0,235.3,0.0,112.94,71.55,0.0
2026-06-13 20:05:00,3,-348.57,151.37,33.98,0.0,316.32,0.0,151.84,80.82,0.0
2026-06-13 20:10:00,3,-348.57,151.37,34.25,0.0,222.79,0.0,106.94,70.36,0.0
2026-06-13 20:15:00,3,-348.57,151.37,34.43,0.0,247.59,0.0,118.84,72.78,0.0
2026-06-13 20:20:00,3,-348.57,151.37,34.07,0.0,308.35,0.0,148.01,79.79,0.0
2026-06-13 20:25:00,3,-348.57,151.37,33.58,0.0,212.63,0.0,102.06,69.44,0.0
2026-06-13 20:30:00,3,-348.57,151.37,32.99,0.0,227.08,0.0,109.0,70.76,0.0
2026-06-13 20:35:00,3,-348.57,151.37,34.23,0.0,209.81,0.0,100.71,69.2,0.0
2026-06-13 20:40:00,3,-348.57,151.37,33.09,0.0,237.64,0.0,114.07,71.78,0.0
2026-06-13 20:45:00,3,-348.57,151.37,34.03,0.0,235.28,0.0,112.93,71.55,0.0
2026-06-13 20:50:00,3,-348.57,151.37,33.24,0.0,305.49,0.0,146.63,79.42,0.0
2026-06-13 20:55:00,3,-348.57,151.37,32.6,0.0,233.17,0.0,111.92,71.34,0.0
2026-06-13 21:00:00,3,-348.57,151.37,32.46,0.0,309.61,0.0,148.61,79.94,0.0
2026-06-13 21:05:00,3,-348.57,151.37,32.98,0.0,290.68,0.0,139.53,77.59,0.0
2026-06-13 21:10:00,3,-348.57,151.37,32.34,0.0,311.36,0.0,149.45,80.17,0.0
2026-06-13 21:15:00,3,-348.57,151.37,32.64,0.0,260.57,0.0,125.07,74.15,0.0
2026-06-13 21:20:00,3,-348.57,151.37,31.74,0.0,231.2,0.0,110.98,71.15,0.0
2026-06-13 21:25:00,3,-348.57,151.37,31.87,0.0,232.41,0.0,111.56,71.27,0.0
2026-06-13 21:30:00,3,-348.57,151.37,32.95,0.0,257.94,0.0,123.81,73.86,0.0
2026-06-13 21:35:00,3,-348.57,151.37,31.59,0.0,298.09,0.0,143.08,78.49,0.0
2026-06-13 21:40:00,3,-348.57,151.37,32.32,0.0,201.92,0.0,96.92,68.52,0.0
2026-06-13 21:45:00,3,-348.57,151.37,32.31,0.0,309.63,0.0,148.62,79.95,0.0
2026-06-13 21:50:00,3,-348.57,151.37,32.25,0.0,231.38,0.0,111.06,71.17,0.0
2026-06-13 21:55:00,3,-348.57,151.37,32.57,0.0,315.09,0.0,151.24,80.65,0.0
2026-06-13 22:00:00,3,-348.57,151.37,31.67,0.0,204.18,0.0,98.0,68.71,0.0
2026-06-13 22:05:00,3,-348.57,151.37,32.19,0.0,257.37,0.0,123.54,73.8,0.0
2026-06-13 22:10:00,3,-348.57,151.37,31.67,0.0,235.91,0.0,113.24,71.61,0.0
2026-06-13 22:15:00,3,-348.57,151.37,33.29,0.0,207.76,0.0,99.72,69.02,0.0
2026-06-13 22:20:00,3,-348.57,151.37,31.36,0.0,242.54,0.0,116.42,72.26,0.0
2026-06-13 22:25:00,3,-348.57,151.37,32.36,0.0,283.29,0.0,135.98,76.71,0.0
2026-06-13 22:30:00,3,-348.57,151.37,30.95,0.0,308.53,0.0,148.09,79.8,0.0
2026-06-13 22:35:00,3,-348.57,151.37,31.3,0.0,253.85,0.0,121.85,73.43,0.0
2026-06-13 22:40:00,3,-348.57,151.37,31.46,0.0,222.19,0.0,106.65,70.3,0.0
2026-06-13 22:45:00,3,-348.57,151.37,32.35,0.0,304.29,0.0,146.06,79.27,0.0
2026-06-13 22:50:00,3,-348.57,151.37,31.91,0.0,244.2,0.0,117.22,72.43,0.0
2026-06-13 22:55:00,3,-348.57,151.37,30.33,0.0,202.7,0.0,97.3,68.58,0.0
2026-06-13 23:00:00,3,-348.57,151.37,31.41,0.0,214.02,0.0,102.73,69.56,0.0
2026-06-13 23:05:00,3,-348.57,151.37,31.25,0.0,207.73,0.0,99.71,69.01,0.0
2026-06-13 23:10:00,3,-348.57,151.37,30.51,0.0,296.52,0.0,142.33,78.3,0.0
2026-06-13 23:15:00,3,-348.57,151.37,30.66,0.0,296.63,0.0,142.38,78.31,0.0
2026-06-13 23:20:00,3,-348.57,151.37,30.72,0.0,246.87,0.0,118.5,72.7,0.0
2026-06-13 23:25:00,3,-348.57,151.37,30.3,0.0,310.91,0.0,149.24,80.11,0.0
2026-06-13 23:30:00,3,-348.57,151.37,31.24,0.0,223.24,0.0,107.16,70.4,0.0
2026-06-13 23:35:00,3,-348.57,151.37,31.22,0.0,251.6,0.0,120.77,73.19,0.0
2026-06-13 23:40:00,3,-348.57,151.37,31.8,0.0,319.82,0.0,153.51,81.28,0.0
2026-06-13 23:45:00,3,-348.57,151.37,30.9,0.0,221.29,0.0,106.22,70.22,0.0
2026-06-13 23:50:00,3,-348.57,151.37,31.87,0.0,230.17,0.0,110.48,71.05,0.0
2026-06-13 23:55:00,3,-348.57,151.37,30.27,0.0,259.54,0.0,124.58,74.03,100.0
