datetime,tower_id,x_m,y_m,z_m,temperature_degC,effective_users,coverage_radius_m,coverage_load,tx_power_W,power_consumption_W,battery_soc_percent
2026-05-15 00:00:00,10,-138.44,410.16,0.0,31.31,25.93,207.63,0.17,96.9,80.73,100.0
2026-05-15 00:05:00,10,-138.44,410.16,0.0,30.98,28.0,216.43,0.2,101.29,82.29,100.0
2026-05-15 00:10:00,10,-138.44,410.16,0.0,30.47,28.74,255.48,0.15,118.07,85.76,99.48
2026-05-15 00:15:00,10,-138.44,410.16,0.0,30.22,28.14,220.68,0.18,106.44,83.26,98.76
2026-05-15 00:20:00,10,-138.44,410.16,0.0,30.89,26.07,285.97,0.11,142.15,90.39,100.0
2026-05-15 00:25:00,10,-138.44,410.16,0.0,30.21,29.6,190.45,0.27,92.09,81.39,98.59
2026-05-15 00:30:00,10,-138.44,410.16,0.0,31.58,30.6,198.41,0.25,96.91,82.52,98.92
2026-05-15 00:35:00,10,-138.44,410.16,0.0,31.28,31.47,246.11,0.17,114.48,86.01,98.48
2026-05-15 00:40:00,10,-138.44,410.16,0.0,31.04,30.0,287.8,0.11,138.02,90.72,99.34
2026-05-15 00:45:00,10,-138.44,410.16,0.0,32.13,31.0,305.86,0.11,141.81,92.03,100.0
2026-05-15 00:50:00,10,-138.44,410.16,0.0,31.2,32.39,267.25,0.15,127.21,89.06,100.0
2026-05-15 00:55:00,10,-138.44,410.16,0.0,31.67,30.86,207.38,0.22,96.08,82.41,100.0
2026-05-15 01:00:00,10,-138.44,410.16,0.0,31.07,31.79,277.13,0.14,123.55,88.0,96.69
2026-05-15 01:05:00,10,-138.44,410.16,0.0,30.72,31.86,202.67,0.25,94.35,82.52,97.59
2026-05-15 01:10:00,10,-138.44,410.16,0.0,31.65,32.33,224.53,0.2,105.54,84.6,98.02
2026-05-15 01:15:00,10,-138.44,410.16,0.0,30.94,34.33,308.81,0.12,146.74,94.49,99.0
2026-05-15 01:20:00,10,-138.44,410.16,0.0,31.54,32.39,319.8,0.09,149.64,94.53,97.44
2026-05-15 01:25:00,10,-138.44,410.16,0.0,32.34,29.52,250.82,0.15,115.36,85.47,99.08
2026-05-15 01:30:00,10,-138.44,410.16,0.0,31.15,31.65,209.81,0.22,100.0,83.38,98.63
2026-05-15 01:35:00,10,-138.44,410.16,0.0,31.69,35.92,255.69,0.18,114.54,87.6,96.9
2026-05-15 01:40:00,10,-138.44,410.16,0.0,31.38,33.58,220.46,0.22,104.67,84.91,96.9
2026-05-15 01:45:00,10,-138.44,410.16,0.0,32.07,34.05,156.28,0.44,70.89,80.18,97.2
2026-05-15 01:50:00,10,-138.44,410.16,0.0,32.33,32.99,332.95,0.09,154.39,96.04,96.01
2026-05-15 01:55:00,10,-138.44,410.16,0.0,32.25,34.05,215.02,0.25,102.68,84.77,95.68
2026-05-15 02:00:00,10,-138.44,410.16,0.0,32.19,32.45,160.82,0.42,73.11,79.87,96.64
2026-05-15 02:05:00,10,-138.44,410.16,0.0,31.64,33.72,261.93,0.15,124.24,88.85,97.28
2026-05-15 02:10:00,10,-138.44,410.16,0.0,31.65,33.39,321.87,0.1,149.32,94.81,95.21
2026-05-15 02:15:00,10,-138.44,410.16,0.0,31.81,32.25,336.81,0.09,150.37,94.68,96.56
2026-05-15 02:20:00,10,-138.44,410.16,0.0,32.09,30.78,256.2,0.17,115.87,86.06,96.68
2026-05-15 02:25:00,10,-138.44,410.16,0.0,31.95,36.11,249.37,0.18,115.85,87.94,95.92
2026-05-15 02:30:00,10,-138.44,410.16,0.0,33.07,31.91,291.91,0.12,139.58,91.8,95.43
2026-05-15 02:35:00,10,-138.44,410.16,0.0,31.4,32.24,242.21,0.17,117.93,87.0,95.49
2026-05-15 02:40:00,10,-138.44,410.16,0.0,31.88,33.31,286.22,0.12,134.97,91.15,94.95
2026-05-15 02:45:00,10,-138.44,410.16,0.0,32.33,33.1,326.1,0.1,149.61,94.79,95.21
2026-05-15 02:50:00,10,-138.44,410.16,0.0,32.29,33.77,241.8,0.18,117.29,87.42,93.1
2026-05-15 02:55:00,10,-138.44,410.16,0.0,33.38,32.23,222.62,0.2,106.88,95.55,94.99
2026-05-15 03:00:00,10,-138.44,410.16,0.0,32.13,30.63,122.06,0.7,57.9,78.0,93.27
2026-05-15 03:05:00,10,-138.44,410.16,0.0,33.6,31.23,221.74,0.22,101.28,83.47,94.54
2026-05-15 03:10:00,10,-138.44,410.16,0.0,34.48,32.63,297.23,0.11,132.76,90.37,93.03
2026-05-15 03:15:00,10,-138.44,410.16,0.0,33.24,30.97,228.63,0.19,113.27,85.63,94.02
2026-05-15 03:20:00,10,-138.44,410.16,0.0,33.19,29.7,208.91,0.22,99.31,82.57,94.32
2026-05-15 03:25:00,10,-138.44,410.16,0.0,33.66,29.9,247.18,0.17,118.04,86.21,95.07
2026-05-15 03:30:00,10,-138.44,410.16,0.0,34.12,31.97,246.49,0.18,113.76,86.06,95.47
2026-05-15 03:35:00,10,-138.44,410.16,0.0,33.12,28.44,223.28,0.19,103.77,82.89,94.98
2026-05-15 03:40:00,10,-138.44,410.16,0.0,34.45,29.97,229.01,0.17,102.91,83.22,94.28
2026-05-15 03:45:00,10,-138.44,410.16,0.0,34.91,30.1,203.4,0.25,92.17,81.55,93.73
2026-05-15 03:50:00,10,-138.44,410.16,0.0,34.37,28.97,165.84,0.31,83.05,79.83,95.06
2026-05-15 03:55:00,10,-138.44,410.16,0.0,35.07,25.58,249.73,0.13,116.14,84.22,93.44
2026-05-15 04:00:00,10,-138.44,410.16,0.0,34.04,27.71,282.8,0.11,132.11,88.49,94.82
2026-05-15 04:05:00,10,-138.44,410.16,0.0,34.33,26.71,217.53,0.17,111.8,83.8,92.36
2026-05-15 04:10:00,10,-138.44,410.16,0.0,34.77,25.24,275.51,0.11,134.23,88.14,93.64
2026-05-15 04:15:00,10,-138.44,410.16,0.0,34.15,27.57,204.3,0.2,90.73,80.32,94.64
2026-05-15 04:20:00,10,-138.44,410.16,0.0,34.73,24.91,263.82,0.12,126.64,86.26,92.22
2026-05-15 04:25:00,10,-138.44,410.16,0.0,35.42,23.98,215.9,0.16,106.99,81.88,94.08
2026-05-15 04:30:00,10,-138.44,410.16,0.0,35.02,23.51,187.07,0.2,86.26,78.19,92.31
2026-05-15 04:35:00,10,-138.44,410.16,0.0,34.87,23.71,343.46,0.06,158.41,93.87,92.18
2026-05-15 04:40:00,10,-138.44,410.16,0.0,35.39,23.44,265.06,0.11,128.56,86.16,91.26
2026-05-15 04:45:00,10,-138.44,410.16,0.0,35.09,22.37,334.32,0.06,155.15,92.48,92.51
2026-05-15 04:50:00,10,-138.44,410.16,0.0,35.78,22.9,251.56,0.11,118.36,83.71,90.76
2026-05-15 04:55:00,10,-138.44,410.16,0.0,35.58,20.37,219.27,0.14,106.62,80.51,90.54
2026-05-15 05:00:00,10,-138.44,410.16,0.0,36.06,19.91,168.12,0.23,79.99,85.77,91.55
2026-05-15 05:05:00,10,-138.44,410.16,0.0,35.8,20.3,232.39,0.11,107.39,80.57,93.93
2026-05-15 05:10:00,10,-138.44,410.16,0.0,36.74,19.97,294.75,0.08,145.32,89.02,90.27
2026-05-15 05:15:00,10,-138.44,410.16,0.0,35.79,17.91,202.29,0.14,97.4,77.95,92.74
2026-05-15 05:20:00,10,-138.44,410.16,0.0,36.57,17.18,282.05,0.07,128.64,101.34,93.35
2026-05-15 05:25:00,10,-138.44,410.16,0.0,37.0,17.17,251.05,0.09,114.04,80.76,92.52
2026-05-15 05:30:00,10,-138.44,410.16,0.0,36.86,18.3,250.89,0.1,110.48,80.46,91.47
2026-05-15 05:35:00,10,-138.44,410.16,0.0,37.64,18.1,178.0,0.17,82.53,75.68,91.25
2026-05-15 05:40:00,10,-138.44,410.16,0.0,37.2,18.57,293.62,0.07,120.7,82.62,90.53
2026-05-15 05:45:00,10,-138.44,410.16,0.0,38.05,17.24,232.64,0.09,112.72,80.52,92.25
2026-05-15 05:50:00,10,-138.44,410.16,0.0,37.93,13.31,255.29,0.06,117.3,80.03,89.99
2026-05-15 05:55:00,10,-138.44,410.16,0.0,37.89,16.71,233.56,0.1,107.75,79.37,91.08
2026-05-15 06:00:00,10,-138.44,410.16,0.0,37.66,14.24,289.02,0.05,135.4,84.45,90.88
2026-05-15 06:05:00,10,-138.44,410.16,0.0,38.98,15.51,230.92,0.09,106.91,78.77,89.8
2026-05-15 06:10:00,10,-138.44,410.16,0.0,37.93,11.45,249.38,0.05,113.02,78.47,90.88
2026-05-15 06:15:00,10,-138.44,410.16,0.0,38.84,13.44,227.72,0.08,107.35,78.11,89.43
2026-05-15 06:20:00,10,-138.44,410.16,0.0,38.95,13.31,183.29,0.13,82.8,73.96,89.18
2026-05-15 06:25:00,10,-138.44,410.16,0.0,39.59,11.25,315.46,0.04,155.17,88.56,89.35
2026-05-15 06:30:00,10,-138.44,410.16,0.0,38.99,12.44,223.01,0.08,109.26,78.13,91.57
2026-05-15 06:35:00,10,-138.44,410.16,0.0,38.53,11.45,226.89,0.07,106.28,77.18,88.59
2026-05-15 06:40:00,10,-138.44,410.16,0.0,39.04,10.18,218.07,0.07,101.63,75.87,87.84
2026-05-15 06:45:00,10,-138.44,410.16,0.0,39.27,8.38,285.78,0.03,134.76,82.21,89.56
2026-05-15 06:50:00,10,-138.44,410.16,0.0,38.89,10.71,294.78,0.04,136.71,83.52,89.48
2026-05-15 06:55:00,10,-138.44,410.16,0.0,39.8,8.92,328.56,0.03,152.92,87.1,89.19
2026-05-15 07:00:00,10,-138.44,410.16,0.0,39.98,9.45,185.34,0.09,79.72,72.08,88.72
2026-05-15 07:05:00,10,-138.44,410.16,0.0,39.67,6.25,223.56,0.04,98.67,73.9,88.58
2026-05-15 07:10:00,10,-138.44,410.16,0.0,40.56,8.05,324.03,0.02,154.63,87.25,87.84
2026-05-15 07:15:00,10,-138.44,410.16,0.0,40.7,9.65,324.98,0.03,156.95,88.48,87.39
2026-05-15 07:20:00,10,-138.44,410.16,0.0,40.39,8.71,207.21,0.06,93.58,73.93,89.05
2026-05-15 07:25:00,10,-138.44,410.16,0.0,40.99,8.85,258.12,0.04,122.4,79.54,87.36
2026-05-15 07:30:00,10,-138.44,410.16,0.0,41.4,8.58,200.69,0.07,98.13,74.69,88.97
2026-05-15 07:35:00,10,-138.44,410.16,0.0,40.08,6.65,347.44,0.02,166.0,90.04,87.45
2026-05-15 07:40:00,10,-138.44,410.16,0.0,40.8,8.51,266.9,0.04,129.5,81.03,87.65
2026-05-15 07:45:00,10,-138.44,410.16,0.0,40.56,8.25,271.29,0.04,130.7,81.22,89.64
2026-05-15 07:50:00,10,-138.44,410.16,0.0,41.3,6.52,329.21,0.02,162.7,89.02,87.52
2026-05-15 07:55:00,10,-138.44,410.16,0.0,42.09,7.51,223.08,0.05,98.58,74.35,88.4
2026-05-15 08:00:00,10,-138.44,410.16,0.0,41.26,9.24,231.75,0.05,113.41,77.79,87.11
2026-05-15 08:05:00,10,-138.44,410.16,0.0,40.9,9.24,277.68,0.04,134.16,82.39,87.23
2026-05-15 08:10:00,10,-138.44,410.16,0.0,41.57,9.11,319.31,0.03,147.48,85.7,85.56
2026-05-15 08:15:00,10,-138.44,410.16,0.0,41.77,10.1,180.44,0.1,89.05,73.75,88.39
2026-05-15 08:20:00,10,-138.44,410.16,0.0,41.73,11.37,306.38,0.04,145.0,85.86,86.89
2026-05-15 08:25:00,10,-138.44,410.16,0.0,42.07,12.36,245.63,0.07,101.49,76.62,85.8
2026-05-15 08:30:00,10,-138.44,410.16,0.0,42.35,9.5,268.93,0.05,130.13,81.55,86.56
2026-05-15 08:35:00,10,-138.44,410.16,0.0,42.64,7.11,186.45,0.06,89.47,72.69,87.39
2026-05-15 08:40:00,10,-138.44,410.16,0.0,42.86,7.91,249.02,0.04,112.44,77.11,86.17
2026-05-15 08:45:00,10,-138.44,410.16,0.0,42.9,10.7,277.05,0.04,128.7,81.61,86.41
2026-05-15 08:50:00,10,-138.44,410.16,0.0,42.21,9.44,315.31,0.03,150.35,86.59,85.41
2026-05-15 08:55:00,10,-138.44,410.16,0.0,41.89,11.83,284.75,0.04,139.59,84.63,86.36
2026-05-15 09:00:00,10,-138.44,410.16,0.0,43.11,9.04,222.51,0.06,108.73,76.8,84.85
2026-05-15 09:05:00,10,-138.44,410.16,0.0,43.41,9.04,244.79,0.05,113.61,77.76,87.87
2026-05-15 09:10:00,10,-138.44,410.16,0.0,43.48,10.03,215.6,0.07,104.82,76.42,85.27
2026-05-15 09:15:00,10,-138.44,410.16,0.0,43.42,10.1,343.04,0.03,164.2,90.74,84.68
2026-05-15 09:20:00,10,-138.44,410.16,0.0,43.51,13.29,318.61,0.04,152.74,88.61,85.27
2026-05-15 09:25:00,10,-138.44,410.16,0.0,44.5,12.02,299.85,0.04,134.56,83.47,82.65
2026-05-15 09:30:00,10,-138.44,410.16,0.0,43.05,12.75,291.23,0.05,136.7,84.26,83.44
2026-05-15 09:35:00,10,-138.44,410.16,0.0,44.07,10.56,304.78,0.04,140.03,84.31,84.38
2026-05-15 09:40:00,10,-138.44,410.16,0.0,43.95,12.42,232.1,0.08,108.41,77.97,85.91
2026-05-15 09:45:00,10,-138.44,410.16,0.0,44.32,13.02,304.14,0.04,139.81,85.11,84.37
2026-05-15 09:50:00,10,-138.44,410.16,0.0,43.79,14.21,277.12,0.06,131.89,83.63,83.73
2026-05-15 09:55:00,10,-138.44,410.16,0.0,43.79,14.94,214.01,0.1,98.63,77.07,86.12
2026-05-15 10:00:00,10,-138.44,410.16,0.0,43.53,16.67,242.43,0.08,117.78,81.36,82.81
2026-05-15 10:05:00,10,-138.44,410.16,0.0,43.76,15.74,256.78,0.07,127.72,83.21,84.38
2026-05-15 10:10:00,10,-138.44,410.16,0.0,43.72,16.4,302.33,0.06,146.54,88.07,83.49
2026-05-15 10:15:00,10,-138.44,410.16,0.0,44.21,13.87,288.22,0.05,132.86,83.73,84.41
2026-05-15 10:20:00,10,-138.44,410.16,0.0,44.33,17.72,208.15,0.13,99.66,78.29,82.5
2026-05-15 10:25:00,10,-138.44,410.16,0.0,44.92,16.99,396.29,0.03,191.36,101.85,83.44
2026-05-15 10:30:00,10,-138.44,410.16,0.0,44.73,17.12,206.79,0.12,108.83,79.78,84.11
2026-05-15 10:35:00,10,-138.44,410.16,0.0,44.65,15.79,233.18,0.1,111.01,79.7,84.45
2026-05-15 10:40:00,10,-138.44,410.16,0.0,45.39,19.11,291.61,0.07,137.72,86.78,82.17
2026-05-15 10:45:00,10,-138.44,410.16,0.0,45.57,20.24,245.59,0.11,114.91,82.07,82.71
2026-05-15 10:50:00,10,-138.44,410.16,0.0,44.44,20.7,249.14,0.11,117.45,82.76,83.32
2026-05-15 10:55:00,10,-138.44,410.16,0.0,44.92,18.64,369.81,0.04,185.22,100.37,82.5
2026-05-15 11:00:00,10,-138.44,410.16,0.0,44.78,20.09,283.3,0.08,133.07,86.01,82.93
2026-05-15 11:05:00,10,-138.44,410.16,0.0,44.75,21.15,273.19,0.09,123.67,84.23,83.35
2026-05-15 11:10:00,10,-138.44,410.16,0.0,44.93,22.61,230.45,0.13,104.38,80.86,81.14
2026-05-15 11:15:00,10,-138.44,410.16,0.0,45.3,21.02,195.47,0.18,97.71,79.2,81.33
2026-05-15 11:20:00,10,-138.44,410.16,0.0,44.16,21.35,247.44,0.11,121.35,83.83,82.73
2026-05-15 11:25:00,10,-138.44,410.16,0.0,44.18,22.28,233.23,0.14,109.78,81.81,81.88
2026-05-15 11:30:00,10,-138.44,410.16,0.0,44.88,23.08,280.72,0.08,126.53,85.53,83.72
2026-05-15 11:35:00,10,-138.44,410.16,0.0,45.19,24.14,174.54,0.24,81.41,77.78,82.93
2026-05-15 11:40:00,10,-138.44,410.16,0.0,45.38,23.94,167.5,0.29,81.3,77.79,81.2
2026-05-15 11:45:00,10,-138.44,410.16,0.0,45.33,24.08,275.66,0.1,135.1,87.94,81.62
2026-05-15 11:50:00,10,-138.44,410.16,0.0,44.63,26.93,334.16,0.08,163.23,96.45,81.84
2026-05-15 11:55:00,10,-138.44,410.16,0.0,45.24,22.88,223.55,0.14,107.42,81.56,81.07
2026-05-15 12:00:00,10,-138.44,410.16,0.0,44.93,26.32,302.79,0.09,145.87,91.43,80.21
2026-05-15 12:05:00,10,-138.44,410.16,0.0,45.31,27.12,312.92,0.09,145.69,91.66,80.84
2026-05-15 12:10:00,10,-138.44,410.16,0.0,44.4,28.04,228.86,0.18,103.72,93.01,81.17
2026-05-15 12:15:00,10,-138.44,410.16,0.0,45.33,26.78,260.25,0.13,128.4,87.36,80.56
2026-05-15 12:20:00,10,-138.44,410.16,0.0,44.17,28.9,293.0,0.11,129.45,88.3,79.62
2026-05-15 12:25:00,10,-138.44,410.16,0.0,45.54,27.64,315.85,0.09,146.6,92.08,78.5
2026-05-15 12:30:00,10,-138.44,410.16,0.0,44.45,28.63,259.35,0.13,118.31,97.2,78.81
2026-05-15 12:35:00,10,-138.44,410.16,0.0,44.43,29.02,250.84,0.15,116.99,85.66,81.46
2026-05-15 12:40:00,10,-138.44,410.16,0.0,44.43,26.9,226.89,0.17,98.09,81.3,81.66
2026-05-15 12:45:00,10,-138.44,410.16,0.0,45.61,30.47,244.17,0.16,119.83,86.8,79.78
2026-05-15 12:50:00,10,-138.44,410.16,0.0,45.13,29.35,172.44,0.33,83.29,80.06,79.49
2026-05-15 12:55:00,10,-138.44,410.16,0.0,44.92,32.6,300.09,0.1,132.38,90.27,80.01
2026-05-15 13:00:00,10,-138.44,410.16,0.0,44.27,33.12,338.6,0.09,156.05,96.57,81.28
2026-05-15 13:05:00,10,-138.44,410.16,0.0,45.26,29.01,281.77,0.11,134.6,89.56,78.48
2026-05-15 13:10:00,10,-138.44,410.16,0.0,44.79,34.7,210.95,0.26,101.0,95.26,80.06
2026-05-15 13:15:00,10,-138.44,410.16,0.0,44.45,31.59,222.18,0.21,105.47,84.37,78.71
2026-05-15 13:20:00,10,-138.44,410.16,0.0,44.21,33.18,267.25,0.16,122.55,88.33,79.17
2026-05-15 13:25:00,10,-138.44,410.16,0.0,45.74,31.92,241.48,0.18,111.64,85.64,79.96
2026-05-15 13:30:00,10,-138.44,410.16,0.0,44.84,32.05,131.16,0.55,61.02,78.55,79.8
2026-05-15 13:35:00,10,-138.44,410.16,0.0,44.22,33.31,254.81,0.18,131.41,90.44,77.73
2026-05-15 13:40:00,10,-138.44,410.16,0.0,44.17,30.59,247.59,0.15,112.16,85.21,78.9
2026-05-15 13:45:00,10,-138.44,410.16,0.0,44.46,33.77,252.4,0.17,117.36,87.44,78.5
2026-05-15 13:50:00,10,-138.44,410.16,0.0,44.16,33.38,186.69,0.31,87.34,82.05,76.24
2026-05-15 13:55:00,10,-138.44,410.16,0.0,44.2,33.45,294.44,0.12,142.65,93.14,75.68
2026-05-15 14:00:00,10,-138.44,410.16,0.0,43.3,32.65,216.13,0.24,105.6,84.82,77.42
2026-05-15 14:05:00,10,-138.44,410.16,0.0,44.14,33.71,240.43,0.18,124.95,89.09,77.2
2026-05-15 14:10:00,10,-138.44,410.16,0.0,43.78,33.04,249.53,0.18,116.91,87.11,78.98
2026-05-15 14:15:00,10,-138.44,410.16,0.0,44.12,32.58,240.45,0.18,108.79,85.3,76.54
2026-05-15 14:20:00,10,-138.44,410.16,0.0,44.06,32.84,259.26,0.17,123.55,88.46,76.64
2026-05-15 14:25:00,10,-138.44,410.16,0.0,43.14,30.99,256.08,0.15,114.98,85.92,78.49
2026-05-15 14:30:00,10,-138.44,410.16,0.0,43.69,31.18,217.72,0.21,105.32,84.2,77.95
2026-05-15 14:35:00,10,-138.44,410.16,0.0,42.93,32.05,249.14,0.17,120.42,103.44,76.7
2026-05-15 14:40:00,10,-138.44,410.16,0.0,44.05,29.05,244.75,0.16,119.7,86.27,76.79
2026-05-15 14:45:00,10,-138.44,410.16,0.0,43.51,33.82,184.01,0.33,90.61,82.77,77.03
2026-05-15 14:50:00,10,-138.44,410.16,0.0,43.68,32.63,234.43,0.18,108.92,85.34,77.08
2026-05-15 14:55:00,10,-138.44,410.16,0.0,43.78,28.53,218.7,0.19,105.63,83.29,77.11
2026-05-15 15:00:00,10,-138.44,410.16,0.0,43.45,30.78,299.66,0.11,141.58,91.91,75.92
2026-05-15 15:05:00,10,-138.44,410.16,0.0,41.84,31.57,273.79,0.12,122.63,87.7,75.34
2026-05-15 15:10:00,10,-138.44,410.16,0.0,43.51,31.57,282.16,0.11,133.85,90.27,75.41
2026-05-15 15:15:00,10,-138.44,410.16,0.0,42.03,32.02,279.31,0.14,133.16,90.33,75.98
2026-05-15 15:20:00,10,-138.44,410.16,0.0,42.59,29.77,249.61,0.15,111.5,84.79,75.21
2026-05-15 15:25:00,10,-138.44,410.16,0.0,42.35,29.38,175.74,0.32,83.0,80.0,76.21
2026-05-15 15:30:00,10,-138.44,410.16,0.0,42.21,28.78,290.55,0.11,138.06,90.33,74.59
2026-05-15 15:35:00,10,-138.44,410.16,0.0,41.68,28.05,332.6,0.08,153.56,94.08,75.04
2026-05-15 15:40:00,10,-138.44,410.16,0.0,41.58,29.1,252.08,0.15,119.22,86.16,74.65
2026-05-15 15:45:00,10,-138.44,410.16,0.0,42.5,28.97,341.44,0.08,165.56,97.85,73.72
2026-05-15 15:50:00,10,-138.44,410.16,0.0,43.04,26.52,223.95,0.16,112.37,83.85,75.73
2026-05-15 15:55:00,10,-138.44,410.16,0.0,40.51,26.78,203.02,0.21,99.83,81.64,74.65
2026-05-15 16:00:00,10,-138.44,410.16,0.0,41.64,27.64,302.89,0.1,134.82,89.11,74.75
2026-05-15 16:05:00,10,-138.44,410.16,0.0,41.58,24.66,257.03,0.1,122.14,85.14,73.82
2026-05-15 16:10:00,10,-138.44,410.16,0.0,40.94,28.17,212.94,0.2,104.72,83.0,73.82
2026-05-15 16:15:00,10,-138.44,410.16,0.0,41.93,24.4,216.37,0.17,101.95,81.11,74.58
2026-05-15 16:20:00,10,-138.44,410.16,0.0,42.05,25.26,192.75,0.22,90.17,79.48,75.2
2026-05-15 16:25:00,10,-138.44,410.16,0.0,41.16,25.59,207.8,0.2,95.67,93.88,72.43
2026-05-15 16:30:00,10,-138.44,410.16,0.0,39.57,23.47,249.73,0.13,114.85,83.22,75.06
2026-05-15 16:35:00,10,-138.44,410.16,0.0,40.41,22.74,310.39,0.08,147.96,90.7,73.8
2026-05-15 16:40:00,10,-138.44,410.16,0.0,40.3,22.27,207.81,0.16,101.87,80.33,74.79
2026-05-15 16:45:00,10,-138.44,410.16,0.0,40.62,23.73,140.11,0.4,66.81,76.0,74.04
2026-05-15 16:50:00,10,-138.44,410.16,0.0,40.44,21.48,223.06,0.14,112.6,82.08,74.48
2026-05-15 16:55:00,10,-138.44,410.16,0.0,39.8,18.44,307.04,0.06,137.74,86.52,74.83
2026-05-15 17:00:00,10,-138.44,410.16,0.0,39.28,21.68,249.54,0.12,106.38,80.88,72.71
2026-05-15 17:05:00,10,-138.44,410.16,0.0,40.23,21.94,240.42,0.12,109.31,81.55,74.95
2026-05-15 17:10:00,10,-138.44,410.16,0.0,40.0,17.78,288.0,0.07,144.17,87.94,71.79
2026-05-15 17:15:00,10,-138.44,410.16,0.0,38.9,19.56,318.34,0.06,148.34,89.64,73.55
2026-05-15 17:20:00,10,-138.44,410.16,0.0,39.45,20.28,264.79,0.1,127.97,84.91,73.65
2026-05-15 17:25:00,10,-138.44,410.16,0.0,38.9,16.91,312.53,0.06,156.54,90.97,72.58
2026-05-15 17:30:00,10,-138.44,410.16,0.0,39.32,16.38,265.23,0.08,120.73,81.88,71.19
2026-05-15 17:35:00,10,-138.44,410.16,0.0,38.89,17.04,302.85,0.06,140.28,86.67,72.11
2026-05-15 17:40:00,10,-138.44,410.16,0.0,39.52,16.25,286.08,0.06,136.74,85.51,72.05
2026-05-15 17:45:00,10,-138.44,410.16,0.0,39.16,16.44,150.5,0.23,71.61,73.7,71.41
2026-05-15 17:50:00,10,-138.44,410.16,0.0,38.38,14.2,230.36,0.08,108.87,78.67,72.98
2026-05-15 17:55:00,10,-138.44,410.16,0.0,37.9,16.38,268.99,0.08,131.93,84.43,71.36
2026-05-15 18:00:00,10,-138.44,410.16,0.0,38.54,15.39,238.13,0.08,113.57,93.27,69.6
2026-05-15 18:05:00,10,-138.44,410.16,0.0,38.04,15.05,427.2,0.03,203.57,105.5,71.5
2026-05-15 18:10:00,10,-138.44,410.16,0.0,37.77,13.59,265.87,0.05,124.02,81.57,70.96
2026-05-15 18:15:00,10,-138.44,410.16,0.0,37.96,12.73,268.96,0.05,126.51,81.83,71.53
2026-05-15 18:20:00,10,-138.44,410.16,0.0,37.64,13.0,242.56,0.07,119.47,80.4,71.44
2026-05-15 18:25:00,10,-138.44,410.16,0.0,37.09,12.87,353.89,0.03,158.16,89.94,70.52
2026-05-15 18:30:00,10,-138.44,410.16,0.0,37.37,12.33,254.38,0.06,117.2,79.67,70.2
2026-05-15 18:35:00,10,-138.44,410.16,0.0,35.97,13.39,208.07,0.1,96.22,76.09,69.98
2026-05-15 18:40:00,10,-138.44,410.16,0.0,37.43,10.95,243.66,0.06,126.74,81.28,70.0
2026-05-15 18:45:00,10,-138.44,410.16,0.0,36.44,11.81,207.77,0.08,98.47,75.89,71.93
2026-05-15 18:50:00,10,-138.44,410.16,0.0,35.71,9.76,266.33,0.04,130.02,81.58,72.09
2026-05-15 18:55:00,10,-138.44,410.16,0.0,36.52,8.71,264.69,0.04,118.85,88.94,69.3
2026-05-15 19:00:00,10,-138.44,410.16,0.0,36.05,7.45,296.31,0.03,149.3,85.6,70.18
2026-05-15 19:05:00,10,-138.44,410.16,0.0,35.53,10.42,296.06,0.04,134.72,82.93,69.08
2026-05-15 19:10:00,10,-138.44,410.16,0.0,35.92,11.27,171.58,0.12,76.36,72.3,70.26
2026-05-15 19:15:00,10,-138.44,410.16,0.0,36.15,8.11,284.4,0.03,129.07,80.76,70.35
2026-05-15 19:20:00,10,-138.44,410.16,0.0,35.42,6.53,268.19,0.03,132.52,81.01,70.08
2026-05-15 19:25:00,10,-138.44,410.16,0.0,34.84,9.95,226.04,0.06,106.01,76.58,69.81
2026-05-15 19:30:00,10,-138.44,410.16,0.0,36.32,9.36,320.61,0.03,157.88,103.91,67.18
2026-05-15 19:35:00,10,-138.44,410.16,0.0,34.6,6.98,288.77,0.03,136.78,82.21,69.59
2026-05-15 19:40:00,10,-138.44,410.16,0.0,35.15,8.89,292.68,0.03,137.96,83.17,70.28
2026-05-15 19:45:00,10,-138.44,410.16,0.0,34.12,8.5,275.39,0.04,121.89,79.29,69.12
2026-05-15 19:50:00,10,-138.44,410.16,0.0,35.31,9.29,280.27,0.04,136.42,82.94,68.31
2026-05-15 19:55:00,10,-138.44,410.16,0.0,34.51,9.35,223.14,0.06,104.26,76.04,69.67
2026-05-15 20:00:00,10,-138.44,410.16,0.0,34.87,8.63,235.21,0.05,110.52,76.98,69.34
2026-05-15 20:05:00,10,-138.44,410.16,0.0,33.97,5.93,253.45,0.03,120.03,77.96,69.22
2026-05-15 20:10:00,10,-138.44,410.16,0.0,34.49,10.54,262.17,0.04,123.58,80.38,69.47
2026-05-15 20:15:00,10,-138.44,410.16,0.0,35.18,5.6,378.31,0.01,175.82,92.67,66.28
2026-05-15 20:20:00,10,-138.44,410.16,0.0,34.72,8.95,211.8,0.06,104.78,76.0,67.36
2026-05-15 20:25:00,10,-138.44,410.16,0.0,33.75,9.02,243.81,0.05,116.73,78.38,67.05
2026-05-15 20:30:00,10,-138.44,410.16,0.0,34.31,6.52,281.46,0.03,137.7,82.27,68.38
2026-05-15 20:35:00,10,-138.44,410.16,0.0,33.93,8.62,263.62,0.04,125.62,80.16,68.69
2026-05-15 20:40:00,10,-138.44,410.16,0.0,34.24,10.2,280.09,0.04,124.25,80.41,66.07
2026-05-15 20:45:00,10,-138.44,410.16,0.0,33.3,7.89,305.99,0.03,147.65,85.31,67.05
2026-05-15 20:50:00,10,-138.44,410.16,0.0,32.8,10.59,187.2,0.1,87.97,73.73,67.83
2026-05-15 20:55:00,10,-138.44,410.16,0.0,34.3,6.38,261.63,0.03,118.02,77.69,69.0
2026-05-15 21:00:00,10,-138.44,410.16,0.0,33.77,10.72,252.86,0.05,123.56,80.46,66.52
2026-05-15 21:05:00,10,-138.44,410.16,0.0,32.52,11.58,166.98,0.13,76.44,72.43,67.19
2026-05-15 21:10:00,10,-138.44,410.16,0.0,32.73,7.83,263.52,0.04,125.85,79.93,66.78
2026-05-15 21:15:00,10,-138.44,410.16,0.0,33.32,9.93,270.02,0.04,130.95,81.85,67.84
2026-05-15 21:20:00,10,-138.44,410.16,0.0,32.8,11.18,270.69,0.05,125.01,80.94,67.29
2026-05-15 21:25:00,10,-138.44,410.16,0.0,32.91,11.11,285.18,0.04,135.05,83.25,66.95
2026-05-15 21:30:00,10,-138.44,410.16,0.0,31.89,10.26,295.42,0.04,136.58,83.32,68.31
2026-05-15 21:35:00,10,-138.44,410.16,0.0,33.41,12.43,201.6,0.11,96.5,75.81,65.03
2026-05-15 21:40:00,10,-138.44,410.16,0.0,31.73,12.03,176.8,0.12,83.29,73.55,66.08
2026-05-15 21:45:00,10,-138.44,410.16,0.0,32.88,14.07,283.39,0.05,135.92,84.51,65.5
2026-05-15 21:50:00,10,-138.44,410.16,0.0,33.17,13.81,259.63,0.06,114.59,79.63,66.02
2026-05-15 21:55:00,10,-138.44,410.16,0.0,32.13,13.02,309.13,0.04,151.14,88.05,65.85
2026-05-15 22:00:00,10,-138.44,410.16,0.0,31.03,14.72,275.69,0.06,129.31,83.18,65.64
2026-05-15 22:05:00,10,-138.44,410.16,0.0,32.45,11.76,258.66,0.05,117.87,79.58,65.17
2026-05-15 22:10:00,10,-138.44,410.16,0.0,31.82,14.0,268.98,0.06,136.71,84.7,64.9
2026-05-15 22:15:00,10,-138.44,410.16,0.0,31.69,17.22,242.63,0.1,118.04,81.62,65.99
2026-05-15 22:20:00,10,-138.44,410.16,0.0,32.04,14.59,301.78,0.05,149.56,88.2,64.38
2026-05-15 22:25:00,10,-138.44,410.16,0.0,30.82,17.67,206.64,0.13,95.29,77.47,65.31
2026-05-15 22:30:00,10,-138.44,410.16,0.0,31.14,16.88,285.8,0.07,141.35,86.89,64.99
2026-05-15 22:35:00,10,-138.44,410.16,0.0,30.75,19.38,252.43,0.1,121.73,83.18,63.78
2026-05-15 22:40:00,10,-138.44,410.16,0.0,31.82,17.73,231.9,0.1,103.95,78.99,64.27
2026-05-15 22:45:00,10,-138.44,410.16,0.0,30.36,18.19,280.41,0.07,131.13,84.84,64.26
2026-05-15 22:50:00,10,-138.44,410.16,0.0,31.31,21.21,216.08,0.15,99.72,79.53,64.2
2026-05-15 22:55:00,10,-138.44,410.16,0.0,30.89,20.36,229.66,0.12,107.38,80.6,64.24
2026-05-15 23:00:00,10,-138.44,410.16,0.0,31.05,23.12,278.04,0.1,130.34,86.44,65.0
2026-05-15 23:05:00,10,-138.44,410.16,0.0,31.08,20.95,349.91,0.05,168.87,95.96,63.21
2026-05-15 23:10:00,10,-138.44,410.16,0.0,31.45,25.86,338.72,0.08,164.75,96.5,64.08
2026-05-15 23:15:00,10,-138.44,410.16,0.0,31.02,22.77,252.31,0.11,118.08,83.6,63.32
2026-05-15 23:20:00,10,-138.44,410.16,0.0,30.64,24.08,300.71,0.09,142.97,89.86,62.75
2026-05-15 23:25:00,10,-138.44,410.16,0.0,30.76,23.69,217.34,0.17,99.69,80.43,64.85
2026-05-15 23:30:00,10,-138.44,410.16,0.0,30.62,24.21,272.36,0.11,123.16,85.2,63.57
2026-05-15 23:35:00,10,-138.44,410.16,0.0,31.57,23.62,284.48,0.09,133.91,87.44,64.06
2026-05-15 23:40:00,10,-138.44,410.16,0.0,31.55,24.27,276.97,0.1,133.3,87.55,63.43
2026-05-15 23:45:00,10,-138.44,410.16,0.0,31.7,23.68,163.45,0.27,76.22,76.91,61.89
2026-05-15 23:50:00,10,-138.44,410.16,0.0,30.58,27.22,212.37,0.19,100.25,81.81,63.0
2026-05-15 23:55:00,10,-138.44,410.16,0.0,30.7,26.37,274.98,0.11,134.08,88.49,62.21
2026-05-16 00:00:00,10,231.47,730.9,-2.06,30.54,27.29,209.81,0.22,100.7,81.97,62.74
2026-05-16 00:05:00,10,231.47,730.9,-2.06,31.43,26.63,234.5,0.15,114.76,84.33,64.25
2026-05-16 00:10:00,10,231.47,730.9,-2.06,31.44,26.17,308.06,0.09,148.52,92.05,61.95
2026-05-16 00:15:00,10,231.47,730.9,-2.06,31.29,28.52,229.98,0.17,114.27,84.93,60.85
2026-05-16 00:20:00,10,231.47,730.9,-2.06,31.5,26.75,379.15,0.06,186.47,103.64,62.15
2026-05-16 00:25:00,10,231.47,730.9,-2.06,31.52,29.43,258.31,0.14,123.07,87.07,60.32
2026-05-16 00:30:00,10,231.47,730.9,-2.06,30.68,26.67,315.97,0.09,146.3,91.64,61.1
2026-05-16 00:35:00,10,231.47,730.9,-2.06,31.14,28.37,245.83,0.15,118.27,85.68,61.38
2026-05-16 00:40:00,10,231.47,730.9,-2.06,31.6,29.87,158.45,0.36,75.9,79.22,62.31
2026-05-16 00:45:00,10,231.47,730.9,-2.06,31.65,29.68,231.3,0.17,99.28,82.46,60.86
2026-05-16 00:50:00,10,231.47,730.9,-2.06,31.5,30.6,166.86,0.37,81.79,80.33,61.16
2026-05-16 00:55:00,10,231.47,730.9,-2.06,31.75,30.67,302.86,0.11,141.74,91.89,60.55
2026-05-16 01:00:00,10,231.47,730.9,-2.06,31.09,30.6,218.49,0.22,102.15,83.4,60.37
2026-05-16 01:05:00,10,231.47,730.9,-2.06,31.25,30.79,289.48,0.11,134.94,90.24,61.37
2026-05-16 01:10:00,10,231.47,730.9,-2.06,30.95,30.86,208.57,0.2,103.71,83.74,60.69
2026-05-16 01:15:00,10,231.47,730.9,-2.06,32.22,29.28,266.02,0.13,115.64,85.4,61.63
2026-05-16 01:20:00,10,231.47,730.9,-2.06,31.28,32.69,286.57,0.13,135.02,90.97,58.38
2026-05-16 01:25:00,10,231.47,730.9,-2.06,32.04,32.36,191.75,0.27,91.35,82.23,60.47
2026-05-16 01:30:00,10,231.47,730.9,-2.06,31.85,33.67,291.03,0.13,136.21,91.6,59.69
2026-05-16 01:35:00,10,231.47,730.9,-2.06,31.95,32.16,260.37,0.16,129.28,89.48,60.67
2026-05-16 01:40:00,10,231.47,730.9,-2.06,31.22,32.87,286.67,0.13,129.31,89.67,59.54
2026-05-16 01:45:00,10,231.47,730.9,-2.06,31.82,33.92,188.58,0.3,88.52,82.38,59.4
2026-05-16 01:50:00,10,231.47,730.9,-2.06,31.89,33.59,186.43,0.29,88.25,82.21,60.06
2026-05-16 01:55:00,10,231.47,730.9,-2.06,31.59,34.71,180.72,0.37,82.26,81.84,59.86
2026-05-16 02:00:00,10,231.47,730.9,-2.06,31.69,30.85,193.85,0.29,92.72,81.97,59.49
2026-05-16 02:05:00,10,231.47,730.9,-2.06,31.2,33.93,216.38,0.2,104.06,84.88,59.26
2026-05-16 02:10:00,10,231.47,730.9,-2.06,32.68,34.72,247.04,0.18,126.32,89.73,57.66
2026-05-16 02:15:00,10,231.47,730.9,-2.06,32.22,30.46,215.73,0.22,105.59,83.99,58.59
2026-05-16 02:20:00,10,231.47,730.9,-2.06,32.66,33.21,323.64,0.1,147.97,94.39,58.02
2026-05-16 02:25:00,10,231.47,730.9,-2.06,31.83,32.41,110.99,0.82,54.08,78.48,57.98
2026-05-16 02:30:00,10,231.47,730.9,-2.06,32.42,31.83,211.56,0.24,96.97,82.94,58.51
2026-05-16 02:35:00,10,231.47,730.9,-2.06,31.5,30.06,262.35,0.14,130.35,88.95,59.6
2026-05-16 02:40:00,10,231.47,730.9,-2.06,32.55,31.3,232.16,0.18,102.22,83.58,58.2
2026-05-16 02:45:00,10,231.47,730.9,-2.06,32.1,32.48,310.78,0.1,141.97,92.57,58.34
2026-05-16 02:50:00,10,231.47,730.9,-2.06,33.45,32.47,264.3,0.15,126.35,88.9,57.08
2026-05-16 02:55:00,10,231.47,730.9,-2.06,33.05,29.26,196.32,0.25,98.28,82.3,57.28
2026-05-16 03:00:00,10,231.47,730.9,-2.06,33.11,31.23,311.75,0.11,150.5,94.4,57.27
2026-05-16 03:05:00,10,231.47,730.9,-2.06,32.87,29.58,218.18,0.21,106.5,83.84,56.11
2026-05-16 03:10:00,10,231.47,730.9,-2.06,34.28,30.83,252.45,0.16,109.32,84.73,57.95
2026-05-16 03:15:00,10,231.47,730.9,-2.06,33.75,30.69,206.89,0.24,95.9,82.36,57.12
2026-05-16 03:20:00,10,231.47,730.9,-2.06,33.67,29.78,348.13,0.07,162.46,97.18,57.34
2026-05-16 03:25:00,10,231.47,730.9,-2.06,33.16,28.07,282.75,0.11,148.69,92.8,56.51
2026-05-16 03:30:00,10,231.47,730.9,-2.06,33.69,28.98,236.31,0.16,108.01,83.82,56.55
2026-05-16 03:35:00,10,231.47,730.9,-2.06,33.54,26.75,309.99,0.09,138.32,89.62,55.61
2026-05-16 03:40:00,10,231.47,730.9,-2.06,33.67,26.94,257.19,0.12,126.91,87.03,56.1
2026-05-16 03:45:00,10,231.47,730.9,-2.06,33.27,30.54,185.03,0.3,92.0,81.77,56.04
2026-05-16 03:50:00,10,231.47,730.9,-2.06,33.74,27.47,218.46,0.19,103.85,82.56,55.73
2026-05-16 03:55:00,10,231.47,730.9,-2.06,34.43,25.31,245.38,0.13,117.01,84.3,56.42
2026-05-16 04:00:00,10,231.47,730.9,-2.06,34.03,27.47,251.07,0.14,125.49,86.93,56.61
2026-05-16 04:05:00,10,231.47,730.9,-2.06,35.59,26.81,212.29,0.2,102.89,82.18,55.66
2026-05-16 04:10:00,10,231.47,730.9,-2.06,34.85,27.4,224.81,0.18,106.49,83.02,55.59
2026-05-16 04:15:00,10,231.47,730.9,-2.06,34.69,26.09,336.76,0.08,158.27,94.7,55.9
2026-05-16 04:20:00,10,231.47,730.9,-2.06,34.29,25.56,224.15,0.16,98.9,80.93,57.01
2026-05-16 04:25:00,10,231.47,730.9,-2.06,35.61,24.91,215.43,0.16,102.66,81.39,55.5
2026-05-16 04:30:00,10,231.47,730.9,-2.06,35.97,24.12,285.09,0.09,137.38,88.48,53.98
2026-05-16 04:35:00,10,231.47,730.9,-2.06,34.79,22.81,236.81,0.13,108.04,81.61,54.27
2026-05-16 04:40:00,10,231.47,730.9,-2.06,35.28,23.92,232.87,0.15,109.78,96.58,55.63
2026-05-16 04:45:00,10,231.47,730.9,-2.06,36.05,22.48,246.42,0.12,110.69,82.0,55.65
2026-05-16 04:50:00,10,231.47,730.9,-2.06,35.27,21.82,272.53,0.08,140.0,88.3,54.95
2026-05-16 04:55:00,10,231.47,730.9,-2.06,35.62,22.14,228.86,0.13,110.37,81.84,54.92
2026-05-16 05:00:00,10,231.47,730.9,-2.06,35.39,20.97,216.78,0.15,105.64,80.55,53.12
2026-05-16 05:05:00,10,231.47,730.9,-2.06,37.08,19.53,270.14,0.08,126.39,84.24,55.43
2026-05-16 05:10:00,10,231.47,730.9,-2.06,36.12,17.51,288.4,0.06,130.68,84.48,54.84
2026-05-16 05:15:00,10,231.47,730.9,-2.06,35.84,17.37,215.81,0.12,106.66,79.42,55.09
2026-05-16 05:20:00,10,231.47,730.9,-2.06,36.42,19.2,245.8,0.1,118.61,82.45,53.89
2026-05-16 05:25:00,10,231.47,730.9,-2.06,37.26,17.31,252.07,0.09,115.38,81.09,54.81
2026-05-16 05:30:00,10,231.47,730.9,-2.06,36.76,17.17,208.14,0.13,96.4,77.5,54.81
2026-05-16 05:35:00,10,231.47,730.9,-2.06,37.03,17.89,213.26,0.13,107.87,90.35,53.86
2026-05-16 05:40:00,10,231.47,730.9,-2.06,37.43,16.38,198.83,0.12,88.25,75.85,52.69
2026-05-16 05:45:00,10,231.47,730.9,-2.06,37.7,16.98,275.19,0.07,137.12,85.87,53.28
2026-05-16 05:50:00,10,231.47,730.9,-2.06,37.84,14.56,249.67,0.07,112.97,79.59,54.42
2026-05-16 05:55:00,10,231.47,730.9,-2.06,37.94,15.01,249.63,0.08,117.88,80.79,52.4
2026-05-16 06:00:00,10,231.47,730.9,-2.06,39.13,11.94,252.81,0.06,123.78,80.96,52.55
2026-05-16 06:05:00,10,231.47,730.9,-2.06,37.98,13.77,238.09,0.08,111.77,79.09,52.34
2026-05-16 06:10:00,10,231.47,730.9,-2.06,37.62,17.03,288.22,0.06,132.11,84.66,52.35
2026-05-16 06:15:00,10,231.47,730.9,-2.06,38.02,14.48,223.09,0.09,107.02,78.43,52.98
2026-05-16 06:20:00,10,231.47,730.9,-2.06,38.32,11.81,236.83,0.07,119.15,79.92,54.31
2026-05-16 06:25:00,10,231.47,730.9,-2.06,39.03,11.94,286.93,0.05,130.13,82.39,49.94
2026-05-16 06:30:00,10,231.47,730.9,-2.06,38.7,10.96,227.74,0.07,106.66,77.09,49.8
2026-05-16 06:35:00,10,231.47,730.9,-2.06,38.86,12.85,328.0,0.04,157.6,89.8,53.66
2026-05-16 06:40:00,10,231.47,730.9,-2.06,39.38,11.93,224.88,0.07,107.05,77.5,51.01
2026-05-16 06:45:00,10,231.47,730.9,-2.06,39.56,9.84,245.63,0.05,111.37,77.58,52.74
2026-05-16 06:50:00,10,231.47,730.9,-2.06,39.2,9.52,273.16,0.04,124.8,80.3,52.68
2026-05-16 06:55:00,10,231.47,730.9,-2.06,39.41,10.1,239.98,0.06,119.45,79.37,51.71
2026-05-16 07:00:00,10,231.47,730.9,-2.06,39.1,8.28,325.03,0.02,151.74,86.53,51.82
2026-05-16 07:05:00,10,231.47,730.9,-2.06,39.91,7.75,259.81,0.04,126.18,80.0,51.46
2026-05-16 07:10:00,10,231.47,730.9,-2.06,39.93,10.62,283.95,0.04,127.29,81.25,50.29
2026-05-16 07:15:00,10,231.47,730.9,-2.06,40.81,6.97,253.63,0.04,118.4,78.01,50.72
2026-05-16 07:20:00,10,231.47,730.9,-2.06,40.24,8.99,282.28,0.04,136.55,82.88,51.5
2026-05-16 07:25:00,10,231.47,730.9,-2.06,40.83,9.31,239.87,0.05,106.43,76.43,52.27
2026-05-16 07:30:00,10,231.47,730.9,-2.06,41.0,9.31,307.64,0.03,146.72,85.57,52.11
2026-05-16 07:35:00,10,231.47,730.9,-2.06,41.37,7.29,249.95,0.03,119.73,78.39,50.47
2026-05-16 07:40:00,10,231.47,730.9,-2.06,41.28,9.7,259.72,0.04,120.1,79.33,51.94
2026-05-16 07:45:00,10,231.47,730.9,-2.06,39.79,5.99,311.65,0.02,156.72,87.11,49.35
2026-05-16 07:50:00,10,231.47,730.9,-2.06,40.01,9.57,257.3,0.05,117.64,78.78,50.39
2026-05-16 07:55:00,10,231.47,730.9,-2.06,41.42,6.12,241.6,0.03,117.47,77.5,50.12
2026-05-16 08:00:00,10,231.47,730.9,-2.06,41.62,8.33,154.81,0.12,71.93,70.69,50.3
2026-05-16 08:05:00,10,231.47,730.9,-2.06,40.97,7.35,244.28,0.04,111.3,76.68,49.98
2026-05-16 08:10:00,10,231.47,730.9,-2.06,41.72,7.48,269.83,0.03,129.01,80.54,50.54
2026-05-16 08:15:00,10,231.47,730.9,-2.06,41.71,7.74,318.88,0.02,153.01,86.7,50.43
2026-05-16 08:20:00,10,231.47,730.9,-2.06,41.56,9.82,287.76,0.04,138.65,83.7,49.69
2026-05-16 08:25:00,10,231.47,730.9,-2.06,41.52,9.04,285.54,0.03,129.62,81.22,49.96
2026-05-16 08:30:00,10,231.47,730.9,-2.06,42.71,7.34,243.41,0.04,125.1,79.62,47.92
2026-05-16 08:35:00,10,231.47,730.9,-2.06,41.9,8.71,247.26,0.04,123.07,79.64,50.15
2026-05-16 08:40:00,10,231.47,730.9,-2.06,41.93,8.9,174.74,0.09,75.69,71.33,50.18
2026-05-16 08:45:00,10,231.47,730.9,-2.06,42.99,9.88,275.03,0.04,140.74,84.24,48.45
2026-05-16 08:50:00,10,231.47,730.9,-2.06,42.62,9.29,329.08,0.03,161.61,89.7,47.84
2026-05-16 08:55:00,10,231.47,730.9,-2.06,42.93,8.44,267.45,0.04,124.95,79.97,48.58
2026-05-16 09:00:00,10,231.47,730.9,-2.06,42.73,9.29,199.34,0.07,96.1,74.58,48.25
2026-05-16 09:05:00,10,231.47,730.9,-2.06,43.59,8.38,293.57,0.03,143.86,84.5,47.86
2026-05-16 09:10:00,10,231.47,730.9,-2.06,42.54,9.35,264.87,0.04,125.69,80.45,48.2
2026-05-16 09:15:00,10,231.47,730.9,-2.06,42.66,12.4,168.75,0.14,73.89,72.41,49.16
2026-05-16 09:20:00,10,231.47,730.9,-2.06,44.04,11.36,228.44,0.07,107.08,77.32,48.74
2026-05-16 09:25:00,10,231.47,730.9,-2.06,43.78,11.75,318.24,0.03,149.89,87.27,48.64
2026-05-16 09:30:00,10,231.47,730.9,-2.06,43.76,11.94,308.23,0.04,145.9,86.3,49.04
2026-05-16 09:35:00,10,231.47,730.9,-2.06,44.18,10.25,208.96,0.08,103.46,76.26,48.46
2026-05-16 09:40:00,10,231.47,730.9,-2.06,43.75,14.33,295.95,0.05,140.55,85.78,47.54
2026-05-16 09:45:00,10,231.47,730.9,-2.06,44.37,10.96,240.4,0.06,108.94,77.52,47.85
2026-05-16 09:50:00,10,231.47,730.9,-2.06,43.51,13.55,322.15,0.04,154.24,89.12,47.66
2026-05-16 09:55:00,10,231.47,730.9,-2.06,44.04,14.07,186.55,0.14,90.67,75.48,47.67
2026-05-16 10:00:00,10,231.47,730.9,-2.06,43.32,14.2,324.46,0.05,132.34,83.71,45.86
2026-05-16 10:05:00,10,231.47,730.9,-2.06,43.57,15.29,178.96,0.15,81.39,74.5,46.76
2026-05-16 10:10:00,10,231.47,730.9,-2.06,43.32,13.81,247.0,0.08,111.71,94.4,47.35
2026-05-16 10:15:00,10,231.47,730.9,-2.06,44.78,14.77,188.03,0.13,88.18,75.31,46.77
2026-05-16 10:20:00,10,231.47,730.9,-2.06,43.77,14.84,268.08,0.07,126.94,82.72,46.44
2026-05-16 10:25:00,10,231.47,730.9,-2.06,44.27,17.62,203.0,0.13,102.79,78.82,46.82
2026-05-16 10:30:00,10,231.47,730.9,-2.06,44.53,17.49,217.11,0.12,108.72,79.88,45.44
2026-05-16 10:35:00,10,231.47,730.9,-2.06,44.49,19.63,201.38,0.16,89.47,77.28,45.5
2026-05-16 10:40:00,10,231.47,730.9,-2.06,44.91,18.07,285.68,0.07,134.94,85.74,45.77
2026-05-16 10:45:00,10,231.47,730.9,-2.06,44.27,17.23,171.82,0.18,90.43,76.63,46.4
2026-05-16 10:50:00,10,231.47,730.9,-2.06,43.96,20.08,231.73,0.11,110.85,81.19,44.56
2026-05-16 10:55:00,10,231.47,730.9,-2.06,45.26,19.95,285.09,0.08,134.02,86.19,45.48
2026-05-16 11:00:00,10,231.47,730.9,-2.06,44.58,20.79,289.22,0.08,137.15,87.25,46.08
2026-05-16 11:05:00,10,231.47,730.9,-2.06,44.13,20.85,218.0,0.14,100.43,79.54,44.69
2026-05-16 11:10:00,10,231.47,730.9,-2.06,45.41,18.97,297.66,0.07,141.65,87.72,46.24
2026-05-16 11:15:00,10,231.47,730.9,-2.06,45.77,23.62,253.66,0.12,115.79,83.46,45.83
2026-05-16 11:20:00,10,231.47,730.9,-2.06,44.39,20.9,198.23,0.17,96.04,78.84,45.14
2026-05-16 11:25:00,10,231.47,730.9,-2.06,44.29,23.56,218.48,0.15,101.74,80.74,45.29
2026-05-16 11:30:00,10,231.47,730.9,-2.06,45.32,22.65,296.58,0.09,138.45,88.25,46.78
2026-05-16 11:35:00,10,231.47,730.9,-2.06,45.35,24.26,257.47,0.11,116.38,83.79,45.91
2026-05-16 11:40:00,10,231.47,730.9,-2.06,44.76,25.17,230.4,0.14,103.68,81.65,42.69
2026-05-16 11:45:00,10,231.47,730.9,-2.06,44.83,23.81,348.2,0.05,171.53,97.8,43.5
2026-05-16 11:50:00,10,231.47,730.9,-2.06,44.02,25.6,226.59,0.16,105.28,82.14,45.02
2026-05-16 11:55:00,10,231.47,730.9,-2.06,45.57,26.31,225.19,0.15,103.08,81.96,43.87
2026-05-16 12:00:00,10,231.47,730.9,-2.06,44.44,27.03,231.83,0.17,112.08,83.99,45.54
2026-05-16 12:05:00,10,231.47,730.9,-2.06,44.99,29.09,257.19,0.13,117.69,85.79,43.65
2026-05-16 12:10:00,10,231.47,730.9,-2.06,44.86,25.73,210.46,0.18,104.21,82.02,44.6
2026-05-16 12:15:00,10,231.47,730.9,-2.06,44.51,30.19,236.59,0.17,111.88,85.05,44.48
2026-05-16 12:20:00,10,231.47,730.9,-2.06,44.44,28.24,284.82,0.11,141.8,91.09,41.69
2026-05-16 12:25:00,10,231.47,730.9,-2.06,44.29,27.27,252.26,0.14,121.75,86.05,42.41
2026-05-16 12:30:00,10,231.47,730.9,-2.06,45.54,27.13,280.58,0.1,134.55,88.88,43.4
2026-05-16 12:35:00,10,231.47,730.9,-2.06,45.4,26.93,329.55,0.07,165.13,96.99,42.01
2026-05-16 12:40:00,10,231.47,730.9,-2.06,45.23,27.37,256.98,0.14,126.73,87.2,42.45
2026-05-16 12:45:00,10,231.47,730.9,-2.06,45.0,28.34,190.31,0.27,86.69,80.11,41.59
2026-05-16 12:50:00,10,231.47,730.9,-2.06,45.22,28.34,222.79,0.2,102.14,82.59,44.98
2026-05-16 12:55:00,10,231.47,730.9,-2.06,44.88,30.79,257.25,0.15,120.23,86.97,41.83
2026-05-16 13:00:00,10,231.47,730.9,-2.06,44.13,30.59,217.71,0.22,103.42,83.66,42.55
2026-05-16 13:05:00,10,231.47,730.9,-2.06,44.52,29.5,259.78,0.14,124.4,87.42,42.82
2026-05-16 13:10:00,10,231.47,730.9,-2.06,44.52,29.43,315.77,0.09,157.68,95.74,40.97
2026-05-16 13:15:00,10,231.47,730.9,-2.06,44.86,30.97,242.72,0.17,111.53,85.26,43.56
2026-05-16 13:20:00,10,231.47,730.9,-2.06,44.64,32.84,250.22,0.16,125.23,88.81,41.96
2026-05-16 13:25:00,10,231.47,730.9,-2.06,45.04,30.51,294.7,0.11,135.53,90.32,42.52
2026-05-16 13:30:00,10,231.47,730.9,-2.06,45.03,31.28,220.43,0.21,107.72,84.7,42.0
2026-05-16 13:35:00,10,231.47,730.9,-2.06,45.26,32.12,224.17,0.21,111.78,85.79,39.62
2026-05-16 13:40:00,10,231.47,730.9,-2.06,44.42,33.6,286.35,0.13,130.33,90.19,42.07
2026-05-16 13:45:00,10,231.47,730.9,-2.06,44.62,34.3,264.42,0.15,120.28,88.21,40.75
2026-05-16 13:50:00,10,231.47,730.9,-2.06,44.87,32.49,227.26,0.21,105.07,84.61,42.19
2026-05-16 13:55:00,10,231.47,730.9,-2.06,43.55,30.55,251.27,0.15,117.39,86.28,42.02
2026-05-16 14:00:00,10,231.47,730.9,-2.06,43.78,31.45,289.27,0.11,140.41,91.85,40.45
2026-05-16 14:05:00,10,231.47,730.9,-2.06,43.98,34.4,289.56,0.12,142.42,93.42,40.98
2026-05-16 14:10:00,10,231.47,730.9,-2.06,43.78,33.17,151.57,0.41,74.98,80.37,39.67
2026-05-16 14:15:00,10,231.47,730.9,-2.06,43.64,31.57,278.23,0.13,122.5,87.7,40.47
2026-05-16 14:20:00,10,231.47,730.9,-2.06,43.97,31.18,198.2,0.24,94.11,82.25,41.61
2026-05-16 14:25:00,10,231.47,730.9,-2.06,43.04,31.89,229.3,0.18,107.62,84.82,41.04
2026-05-16 14:30:00,10,231.47,730.9,-2.06,42.4,32.34,234.28,0.18,111.32,85.71,39.81
2026-05-16 14:35:00,10,231.47,730.9,-2.06,44.07,33.43,307.29,0.11,141.49,92.82,38.45
2026-05-16 14:40:00,10,231.47,730.9,-2.06,43.78,31.23,291.62,0.13,135.45,90.59,39.78
2026-05-16 14:45:00,10,231.47,730.9,-2.06,43.8,32.38,286.41,0.13,136.05,112.08,39.11
2026-05-16 14:50:00,10,231.47,730.9,-2.06,43.23,31.45,231.96,0.19,108.93,84.95,41.13
2026-05-16 14:55:00,10,231.47,730.9,-2.06,42.91,30.35,349.58,0.08,156.99,95.84,38.86
2026-05-16 15:00:00,10,231.47,730.9,-2.06,43.26,30.85,248.22,0.16,104.22,83.77,38.65
2026-05-16 15:05:00,10,231.47,730.9,-2.06,42.07,31.94,238.41,0.19,111.22,85.57,38.02
2026-05-16 15:10:00,10,231.47,730.9,-2.06,42.59,31.81,284.71,0.13,131.56,89.85,37.99
2026-05-16 15:15:00,10,231.47,730.9,-2.06,42.58,28.14,194.52,0.24,94.71,81.28,36.64
2026-05-16 15:20:00,10,231.47,730.9,-2.06,42.74,30.84,290.59,0.11,132.15,89.61,36.51
2026-05-16 15:25:00,10,231.47,730.9,-2.06,42.38,29.8,281.48,0.11,135.53,90.06,39.34
2026-05-16 15:30:00,10,231.47,730.9,-2.06,41.62,28.12,258.71,0.13,120.28,86.0,36.57
2026-05-16 15:35:00,10,231.47,730.9,-2.06,42.06,29.15,228.98,0.18,117.93,85.96,38.44
2026-05-16 15:40:00,10,231.47,730.9,-2.06,42.42,25.61,286.6,0.09,136.51,88.79,38.45
2026-05-16 15:45:00,10,231.47,730.9,-2.06,41.05,27.72,273.18,0.12,127.61,87.47,37.4
2026-05-16 15:50:00,10,231.47,730.9,-2.06,41.42,27.52,240.1,0.15,117.51,85.24,38.91
2026-05-16 15:55:00,10,231.47,730.9,-2.06,42.82,26.36,282.85,0.1,133.12,88.26,38.89
2026-05-16 16:00:00,10,231.47,730.9,-2.06,41.68,27.0,171.54,0.29,84.18,79.28,37.45
2026-05-16 16:05:00,10,231.47,730.9,-2.06,41.92,24.88,271.62,0.11,114.23,83.55,39.81
2026-05-16 16:10:00,10,231.47,730.9,-2.06,41.25,24.95,221.83,0.16,104.18,81.7,37.67
2026-05-16 16:15:00,10,231.47,730.9,-2.06,40.16,23.66,272.35,0.1,126.55,85.77,36.91
2026-05-16 16:20:00,10,231.47,730.9,-2.06,41.12,23.98,238.37,0.13,114.76,83.38,37.29
2026-05-16 16:25:00,10,231.47,730.9,-2.06,41.16,21.99,255.22,0.11,122.7,84.34,37.24
2026-05-16 16:30:00,10,231.47,730.9,-2.06,40.15,23.72,172.71,0.23,82.51,77.76,34.67
2026-05-16 16:35:00,10,231.47,730.9,-2.06,40.19,20.9,247.09,0.11,122.35,83.88,37.35
2026-05-16 16:40:00,10,231.47,730.9,-2.06,40.46,20.7,240.59,0.11,120.29,83.36,38.4
2026-05-16 16:45:00,10,231.47,730.9,-2.06,40.26,23.64,236.65,0.14,112.54,82.83,36.58
2026-05-16 16:50:00,10,231.47,730.9,-2.06,40.21,21.85,170.74,0.23,82.23,77.07,35.63
2026-05-16 16:55:00,10,231.47,730.9,-2.06,40.04,22.04,357.35,0.05,155.78,92.53,35.73
2026-05-16 17:00:00,10,231.47,730.9,-2.06,39.21,17.93,221.95,0.11,97.7,77.96,37.98
2026-05-16 17:05:00,10,231.47,730.9,-2.06,39.13,19.02,323.13,0.06,151.08,90.19,36.41
2026-05-16 17:10:00,10,231.47,730.9,-2.06,39.67,19.78,245.59,0.11,120.62,83.11,36.59
2026-05-16 17:15:00,10,231.47,730.9,-2.06,38.85,18.5,256.81,0.09,116.72,81.79,35.73
2026-05-16 17:20:00,10,231.47,730.9,-2.06,40.21,17.28,229.44,0.1,108.41,79.7,36.56
2026-05-16 17:25:00,10,231.47,730.9,-2.06,39.49,18.24,223.04,0.11,102.56,78.94,32.25
2026-05-16 17:30:00,10,231.47,730.9,-2.06,38.88,15.42,280.61,0.06,127.91,83.11,34.53
2026-05-16 17:35:00,10,231.47,730.9,-2.06,38.28,15.29,252.61,0.08,120.5,81.45,34.39
2026-05-16 17:40:00,10,231.47,730.9,-2.06,39.39,17.46,201.47,0.13,96.39,77.61,34.31
2026-05-16 17:45:00,10,231.47,730.9,-2.06,38.56,16.12,230.26,0.1,108.9,79.39,34.54
2026-05-16 17:50:00,10,231.47,730.9,-2.06,39.12,15.09,315.78,0.05,149.17,88.28,34.75
2026-05-16 17:55:00,10,231.47,730.9,-2.06,37.55,13.29,165.84,0.15,77.09,73.17,36.47
2026-05-16 18:00:00,10,231.47,730.9,-2.06,37.31,14.57,277.59,0.06,133.79,84.2,33.81
2026-05-16 18:05:00,10,231.47,730.9,-2.06,38.08,14.5,285.92,0.06,124.61,82.04,33.07
2026-05-16 18:10:00,10,231.47,730.9,-2.06,37.21,10.92,219.6,0.07,99.23,75.69,33.57
2026-05-16 18:15:00,10,231.47,730.9,-2.06,37.95,12.9,265.22,0.06,116.75,79.77,34.69
2026-05-16 18:20:00,10,231.47,730.9,-2.06,37.29,13.41,293.79,0.05,133.16,83.62,33.47
2026-05-16 18:25:00,10,231.47,730.9,-2.06,36.8,13.22,221.15,0.08,100.49,76.74,32.99
2026-05-16 18:30:00,10,231.47,730.9,-2.06,37.31,10.85,233.47,0.07,104.9,76.71,32.17
2026-05-16 18:35:00,10,231.47,730.9,-2.06,37.41,13.47,211.23,0.1,103.35,77.4,33.37
2026-05-16 18:40:00,10,231.47,730.9,-2.06,36.43,10.53,257.17,0.05,130.62,82.01,33.03
2026-05-16 18:45:00,10,231.47,730.9,-2.06,35.74,11.68,337.55,0.03,159.38,89.88,32.57
2026-05-16 18:50:00,10,231.47,730.9,-2.06,37.14,11.03,170.73,0.12,80.62,72.82,31.69
2026-05-16 18:55:00,10,231.47,730.9,-2.06,36.61,7.46,275.96,0.03,142.84,83.9,32.16
2026-05-16 19:00:00,10,231.47,730.9,-2.06,36.34,7.2,185.38,0.07,94.38,73.55,33.2
2026-05-16 19:05:00,10,231.47,730.9,-2.06,36.48,9.75,279.99,0.04,127.33,93.21,32.41
2026-05-16 19:10:00,10,231.47,730.9,-2.06,36.42,6.88,283.96,0.02,142.06,83.48,33.03
2026-05-16 19:15:00,10,231.47,730.9,-2.06,36.68,10.38,315.14,0.03,140.25,84.26,31.85
2026-05-16 19:20:00,10,231.47,730.9,-2.06,35.71,11.65,205.56,0.09,96.03,75.42,33.29
2026-05-16 19:25:00,10,231.47,730.9,-2.06,34.63,6.68,225.66,0.04,113.09,76.79,32.21
2026-05-16 19:30:00,10,231.47,730.9,-2.06,35.34,7.64,197.9,0.06,95.44,73.86,32.1
2026-05-16 19:35:00,10,231.47,730.9,-2.06,35.34,8.15,236.61,0.05,119.97,78.77,30.84
2026-05-16 19:40:00,10,231.47,730.9,-2.06,35.1,6.36,279.59,0.03,129.49,80.24,31.83
2026-05-16 19:45:00,10,231.47,730.9,-2.06,34.91,9.35,196.52,0.08,99.56,75.22,31.84
2026-05-16 19:50:00,10,231.47,730.9,-2.06,35.06,7.0,294.29,0.03,137.73,82.45,32.04
2026-05-16 19:55:00,10,231.47,730.9,-2.06,34.78,9.22,208.35,0.07,101.67,75.53,30.1
2026-05-16 20:00:00,10,231.47,730.9,-2.06,34.72,6.87,270.55,0.03,134.52,81.61,30.41
2026-05-16 20:05:00,10,231.47,730.9,-2.06,34.63,9.09,251.21,0.04,111.14,77.24,29.12
2026-05-16 20:10:00,10,231.47,730.9,-2.06,34.47,7.75,233.52,0.04,113.47,77.24,30.7
2026-05-16 20:15:00,10,231.47,730.9,-2.06,34.1,9.34,237.78,0.05,108.13,76.75,31.52
2026-05-16 20:20:00,10,231.47,730.9,-2.06,33.71,8.96,281.68,0.04,132.63,81.91,30.6
2026-05-16 20:25:00,10,231.47,730.9,-2.06,34.13,6.54,256.3,0.03,124.91,79.25,31.48
2026-05-16 20:30:00,10,231.47,730.9,-2.06,34.15,8.06,168.3,0.09,78.67,71.44,30.08
2026-05-16 20:35:00,10,231.47,730.9,-2.06,33.69,7.43,270.37,0.03,123.43,79.23,31.38
2026-05-16 20:40:00,10,231.47,730.9,-2.06,33.22,9.08,220.7,0.06,115.84,78.24,30.99
2026-05-16 20:45:00,10,231.47,730.9,-2.06,33.4,10.6,254.42,0.05,123.76,80.46,30.38
2026-05-16 20:50:00,10,231.47,730.9,-2.06,33.61,10.09,234.19,0.06,112.46,77.89,30.01
2026-05-16 20:55:00,10,231.47,730.9,-2.06,33.1,10.34,283.21,0.04,140.76,84.39,31.21
2026-05-16 21:00:00,10,231.47,730.9,-2.06,33.67,9.13,270.62,0.04,127.9,80.86,29.9
2026-05-16 21:05:00,10,231.47,730.9,-2.06,33.26,8.68,285.05,0.03,134.39,82.21,28.75
2026-05-16 21:10:00,10,231.47,730.9,-2.06,33.17,10.77,368.42,0.03,176.29,94.66,29.19
2026-05-16 21:15:00,10,231.47,730.9,-2.06,32.37,12.08,266.7,0.05,112.17,78.51,29.83
2026-05-16 21:20:00,10,231.47,730.9,-2.06,32.98,10.5,286.06,0.04,136.62,83.42,30.41
2026-05-16 21:25:00,10,231.47,730.9,-2.06,32.75,12.52,225.53,0.08,112.88,78.87,29.47
2026-05-16 21:30:00,10,231.47,730.9,-2.06,32.25,12.65,284.47,0.05,130.52,82.72,29.27
2026-05-16 21:35:00,10,231.47,730.9,-2.06,32.11,12.14,262.32,0.05,128.67,82.11,29.79
2026-05-16 21:40:00,10,231.47,730.9,-2.06,31.82,10.8,257.91,0.05,114.99,78.64,28.25
2026-05-16 21:45:00,10,231.47,730.9,-2.06,32.06,12.32,139.34,0.22,65.28,85.94,28.17
2026-05-16 21:50:00,10,231.47,730.9,-2.06,32.59,12.37,289.16,0.05,145.58,86.36,29.31
2026-05-16 21:55:00,10,231.47,730.9,-2.06,32.06,13.56,190.14,0.11,88.58,74.89,27.7
2026-05-16 22:00:00,10,231.47,730.9,-2.06,32.25,14.39,254.24,0.07,113.71,79.67,27.35
2026-05-16 22:05:00,10,231.47,730.9,-2.06,32.1,12.3,320.95,0.04,154.07,88.61,28.42
2026-05-16 22:10:00,10,231.47,730.9,-2.06,31.98,14.37,214.41,0.09,104.39,77.88,28.69
2026-05-16 22:15:00,10,231.47,730.9,-2.06,31.25,14.94,286.6,0.06,137.2,85.15,29.63
2026-05-16 22:20:00,10,231.47,730.9,-2.06,32.16,14.61,229.19,0.09,102.09,77.53,28.22
2026-05-16 22:25:00,10,231.47,730.9,-2.06,32.32,16.5,320.12,0.05,153.0,89.8,27.3
2026-05-16 22:30:00,10,231.47,730.9,-2.06,30.98,15.92,269.55,0.08,122.99,82.2,29.78
2026-05-16 22:35:00,10,231.47,730.9,-2.06,31.77,18.68,316.92,0.06,151.77,90.25,25.57
2026-05-16 22:40:00,10,231.47,730.9,-2.06,31.49,17.23,200.13,0.13,91.85,76.74,27.13
2026-05-16 22:45:00,10,231.47,730.9,-2.06,30.92,19.99,223.2,0.12,108.61,80.71,28.26
2026-05-16 22:50:00,10,231.47,730.9,-2.06,30.86,20.49,369.91,0.05,164.38,94.45,28.94
2026-05-16 22:55:00,10,231.47,730.9,-2.06,31.39,21.1,246.11,0.12,116.48,82.69,27.44
2026-05-16 23:00:00,10,231.47,730.9,-2.06,30.95,18.65,284.94,0.07,128.35,84.35,28.5
2026-05-16 23:05:00,10,231.47,730.9,-2.06,31.43,20.08,276.99,0.08,127.49,84.68,26.39
2026-05-16 23:10:00,10,231.47,730.9,-2.06,30.84,20.26,331.73,0.06,155.04,91.7,26.09
2026-05-16 23:15:00,10,231.47,730.9,-2.06,30.98,20.68,212.13,0.15,99.46,79.3,25.76
2026-05-16 23:20:00,10,231.47,730.9,-2.06,31.35,21.18,268.11,0.1,121.59,83.78,25.67
2026-05-16 23:25:00,10,231.47,730.9,-2.06,31.85,22.99,271.95,0.1,136.3,87.82,26.95
2026-05-16 23:30:00,10,231.47,730.9,-2.06,31.09,23.66,244.97,0.13,119.94,84.35,24.92
2026-05-16 23:35:00,10,231.47,730.9,-2.06,30.34,24.34,174.26,0.24,77.11,77.21,27.63
2026-05-16 23:40:00,10,231.47,730.9,-2.06,31.14,23.78,342.53,0.07,167.82,96.67,25.02
2026-05-16 23:45:00,10,231.47,730.9,-2.06,29.85,24.75,250.85,0.13,115.61,83.81,26.12
2026-05-16 23:50:00,10,231.47,730.9,-2.06,31.17,25.18,270.07,0.11,138.89,89.25,24.42
2026-05-16 23:55:00,10,231.47,730.9,-2.06,31.27,25.66,226.49,0.16,115.35,84.14,24.57
2026-05-17 00:00:00,10,187.23,753.19,-2.58,31.59,25.59,251.81,0.12,120.78,85.19,26.18
2026-05-17 00:05:00,10,187.23,753.19,-2.58,31.99,26.96,296.39,0.1,140.93,90.37,25.08
2026-05-17 00:10:00,10,187.23,753.19,-2.58,30.98,25.57,242.32,0.14,112.37,83.45,25.66
2026-05-17 00:15:00,10,187.23,753.19,-2.58,30.47,27.43,257.37,0.13,127.64,87.38,26.07
2026-05-17 00:20:00,10,187.23,753.19,-2.58,30.85,24.18,119.34,0.56,54.25,75.09,24.71
2026-05-17 00:25:00,10,187.23,753.19,-2.58,31.66,26.86,283.88,0.1,135.33,88.94,24.61
2026-05-17 00:30:00,10,187.23,753.19,-2.58,30.8,26.03,190.04,0.22,95.22,80.57,23.79
2026-05-17 00:35:00,10,187.23,753.19,-2.58,30.61,28.4,213.81,0.21,100.73,82.35,24.43
2026-05-17 00:40:00,10,187.23,753.19,-2.58,30.43,24.59,347.72,0.06,153.13,92.69,25.15
2026-05-17 00:45:00,10,187.23,753.19,-2.58,30.15,28.98,278.28,0.12,129.51,88.34,24.14
2026-05-17 00:50:00,10,187.23,753.19,-2.58,31.27,27.79,313.93,0.09,151.41,93.4,24.47
2026-05-17 00:55:00,10,187.23,753.19,-2.58,30.48,28.45,218.31,0.19,101.31,82.43,24.45
2026-05-17 01:00:00,10,187.23,753.19,-2.58,31.78,30.43,194.73,0.27,90.81,81.47,24.63
2026-05-17 01:05:00,10,187.23,753.19,-2.58,30.81,30.37,298.09,0.11,142.33,91.94,21.95
2026-05-17 01:10:00,10,187.23,753.19,-2.58,31.26,29.91,215.08,0.22,104.74,83.64,22.1
2026-05-17 01:15:00,10,187.23,753.19,-2.58,31.72,27.23,236.28,0.15,113.71,84.33,24.34
2026-05-17 01:20:00,10,187.23,753.19,-2.58,32.06,32.37,233.21,0.18,109.99,85.44,21.85
2026-05-17 01:25:00,10,187.23,753.19,-2.58,30.65,30.57,171.87,0.35,77.03,79.6,23.64
2026-05-17 01:30:00,10,187.23,753.19,-2.58,31.79,31.37,257.41,0.14,123.99,87.96,24.07
2026-05-17 01:35:00,10,187.23,753.19,-2.58,31.92,30.37,180.04,0.31,85.05,80.62,22.63
2026-05-17 01:40:00,10,187.23,753.19,-2.58,31.8,32.6,240.94,0.17,116.76,86.88,23.71
2026-05-17 01:45:00,10,187.23,753.19,-2.58,31.67,32.15,249.48,0.16,114.32,86.19,23.84
2026-05-17 01:50:00,10,187.23,753.19,-2.58,32.71,31.76,273.65,0.13,132.83,90.12,22.92
2026-05-17 01:55:00,10,187.23,753.19,-2.58,31.39,30.81,256.33,0.15,120.2,86.95,21.04
2026-05-17 02:00:00,10,187.23,753.19,-2.58,32.3,30.42,235.66,0.17,108.52,84.45,22.97
2026-05-17 02:05:00,10,187.23,753.19,-2.58,31.62,31.28,316.07,0.1,156.35,96.01,20.56
2026-05-17 02:10:00,10,187.23,753.19,-2.58,32.03,31.18,204.37,0.27,96.42,82.68,21.33
2026-05-17 02:15:00,10,187.23,753.19,-2.58,33.08,28.9,233.65,0.16,103.96,83.02,20.7
2026-05-17 02:20:00,10,187.23,753.19,-2.58,32.48,29.81,231.84,0.19,111.58,84.88,20.53
2026-05-17 02:25:00,10,187.23,753.19,-2.58,32.65,31.34,257.12,0.16,112.64,105.51,21.93
2026-05-17 02:30:00,10,187.23,753.19,-2.58,31.97,30.73,233.55,0.17,113.7,85.59,21.67
2026-05-17 02:35:00,10,187.23,753.19,-2.58,33.19,31.09,254.48,0.15,118.04,86.58,20.07
2026-05-17 02:40:00,10,187.23,753.19,-2.58,32.27,30.71,230.26,0.18,107.91,84.45,20.89
2026-05-17 02:45:00,10,187.23,753.19,-2.58,33.48,29.35,206.33,0.22,97.7,82.16,20.51
2026-05-17 02:50:00,10,187.23,753.19,-2.58,33.42,29.4,232.25,0.17,108.87,84.16,20.67
2026-05-17 02:55:00,10,187.23,753.19,-2.58,33.28,29.08,260.38,0.14,120.78,86.45,17.18
2026-05-17 03:00:00,10,187.23,753.19,-2.58,32.61,30.53,253.11,0.16,116.97,86.18,20.48
2026-05-17 03:05:00,10,187.23,753.19,-2.58,33.37,28.74,240.5,0.15,114.37,84.99,19.33
2026-05-17 03:10:00,10,187.23,753.19,-2.58,33.73,27.12,139.15,0.44,69.17,77.54,21.12
2026-05-17 03:15:00,10,187.23,753.19,-2.58,33.9,31.54,239.68,0.17,116.62,86.48,20.31
2026-05-17 03:20:00,10,187.23,753.19,-2.58,33.53,28.34,264.94,0.12,126.77,87.48,20.56
2026-05-17 03:25:00,10,187.23,753.19,-2.58,33.77,27.83,219.05,0.19,106.53,83.2,19.7
2026-05-17 03:30:00,10,187.23,753.19,-2.58,33.44,27.27,331.28,0.08,153.83,93.86,20.45
2026-05-17 03:35:00,10,187.23,753.19,-2.58,33.33,26.38,313.6,0.09,136.68,89.09,19.31
2026-05-17 03:40:00,10,187.23,753.19,-2.58,34.85,24.34,277.4,0.1,138.6,88.87,20.69
2026-05-17 03:45:00,10,187.23,753.19,-2.58,33.97,26.4,213.92,0.17,102.99,81.99,18.71
2026-05-17 03:50:00,10,187.23,753.19,-2.58,34.32,25.84,230.34,0.16,113.93,83.91,19.18
2026-05-17 03:55:00,10,187.23,753.19,-2.58,33.67,25.03,268.63,0.1,126.86,86.31,19.33
2026-05-17 04:00:00,10,187.23,753.19,-2.58,34.29,22.15,338.65,0.06,164.21,95.0,18.17
2026-05-17 04:05:00,10,187.23,753.19,-2.58,34.44,25.53,261.31,0.12,119.85,84.97,19.45
2026-05-17 04:10:00,10,187.23,753.19,-2.58,33.93,22.9,322.52,0.07,149.39,91.1,19.9
2026-05-17 04:15:00,10,187.23,753.19,-2.58,34.67,23.91,286.47,0.1,134.43,87.7,19.49
2026-05-17 04:20:00,10,187.23,753.19,-2.58,34.86,22.43,244.41,0.11,108.08,81.45,20.03
2026-05-17 04:25:00,10,187.23,753.19,-2.58,35.17,21.57,253.23,0.1,117.66,83.07,18.1
2026-05-17 04:30:00,10,187.23,753.19,-2.58,35.53,20.7,293.68,0.07,143.61,88.81,18.43
2026-05-17 04:35:00,10,187.23,753.19,-2.58,35.71,21.41,268.42,0.1,127.8,85.26,18.34
2026-05-17 04:40:00,10,187.23,753.19,-2.58,35.01,20.47,288.79,0.08,139.13,87.61,17.56
2026-05-17 04:45:00,10,187.23,753.19,-2.58,35.92,20.63,222.32,0.13,101.58,79.63,17.43
2026-05-17 04:50:00,10,187.23,753.19,-2.58,35.95,18.02,292.22,0.07,139.16,86.74,17.4
2026-05-17 04:55:00,10,187.23,753.19,-2.58,36.1,18.96,241.97,0.11,113.01,81.22,19.92
2026-05-17 05:00:00,10,187.23,753.19,-2.58,36.22,18.65,306.05,0.07,140.53,87.31,16.65
2026-05-17 05:05:00,10,187.23,753.19,-2.58,36.0,16.4,263.07,0.08,122.27,82.22,15.55
2026-05-17 05:10:00,10,187.23,753.19,-2.58,36.75,17.65,220.29,0.12,99.81,78.25,18.2
2026-05-17 05:15:00,10,187.23,753.19,-2.58,36.21,14.33,299.98,0.04,144.82,107.55,14.63
2026-05-17 05:20:00,10,187.23,753.19,-2.58,36.51,15.85,239.39,0.09,113.54,80.2,17.19
2026-05-17 05:25:00,10,187.23,753.19,-2.58,37.0,15.24,280.99,0.07,141.03,98.3,17.66
2026-05-17 05:30:00,10,187.23,753.19,-2.58,37.17,17.36,288.45,0.07,133.96,85.24,15.57
2026-05-17 05:35:00,10,187.23,753.19,-2.58,37.04,15.01,212.92,0.12,98.67,77.12,16.92
2026-05-17 05:40:00,10,187.23,753.19,-2.58,37.98,14.59,264.73,0.06,122.97,81.71,15.5
2026-05-17 05:45:00,10,187.23,753.19,-2.58,37.06,14.04,239.79,0.08,116.4,80.14,16.97
2026-05-17 05:50:00,10,187.23,753.19,-2.58,36.95,15.16,248.12,0.08,112.82,79.79,17.8
2026-05-17 05:55:00,10,187.23,753.19,-2.58,38.5,15.74,276.02,0.07,133.5,84.56,16.55
2026-05-17 06:00:00,10,187.23,753.19,-2.58,37.28,10.66,294.72,0.04,136.16,83.37,14.99
2026-05-17 06:05:00,10,187.23,753.19,-2.58,38.63,12.97,214.45,0.09,101.19,76.81,13.95
2026-05-17 06:10:00,10,187.23,753.19,-2.58,37.79,9.33,250.95,0.05,109.83,77.09,15.48
2026-05-17 06:15:00,10,187.23,753.19,-2.58,38.67,11.05,228.31,0.07,108.68,77.51,15.21
2026-05-17 06:20:00,10,187.23,753.19,-2.58,38.51,11.75,230.59,0.07,112.37,78.49,14.12
2026-05-17 06:25:00,10,187.23,753.19,-2.58,39.61,10.61,286.42,0.04,128.45,81.52,14.83
2026-05-17 06:30:00,10,187.23,753.19,-2.58,38.76,12.91,320.14,0.04,146.32,86.74,15.04
2026-05-17 06:35:00,10,187.23,753.19,-2.58,39.32,9.93,261.94,0.05,119.97,79.4,13.62
2026-05-17 06:40:00,10,187.23,753.19,-2.58,39.15,10.34,237.87,0.06,117.35,79.0,15.72
2026-05-17 06:45:00,10,187.23,753.19,-2.58,39.28,10.62,302.81,0.04,150.32,87.01,16.01
2026-05-17 06:50:00,10,187.23,753.19,-2.58,39.43,10.96,210.17,0.08,94.25,74.86,15.59
2026-05-17 06:55:00,10,187.23,753.19,-2.58,39.21,10.24,244.28,0.06,111.9,77.85,14.32
2026-05-17 07:00:00,10,187.23,753.19,-2.58,39.42,7.88,193.12,0.07,91.42,73.29,16.49
2026-05-17 07:05:00,10,187.23,753.19,-2.58,39.95,10.82,204.05,0.08,99.19,75.68,14.09
2026-05-17 07:10:00,10,187.23,753.19,-2.58,40.17,7.99,194.9,0.07,92.23,73.47,13.77
2026-05-17 07:15:00,10,187.23,753.19,-2.58,40.15,7.17,367.52,0.02,165.33,90.02,15.56
2026-05-17 07:20:00,10,187.23,753.19,-2.58,40.3,6.91,309.98,0.02,143.38,83.84,13.54
2026-05-17 07:25:00,10,187.23,753.19,-2.58,40.52,8.48,217.78,0.06,99.79,74.93,13.71
2026-05-17 07:30:00,10,187.23,753.19,-2.58,42.02,5.91,251.77,0.03,119.07,77.77,12.25
2026-05-17 07:35:00,10,187.23,753.19,-2.58,40.99,8.35,226.77,0.06,102.02,75.29,13.17
2026-05-17 07:40:00,10,187.23,753.19,-2.58,41.17,7.24,230.51,0.04,113.8,77.15,13.03
2026-05-17 07:45:00,10,187.23,753.19,-2.58,41.45,6.71,322.72,0.02,155.9,87.14,12.6
2026-05-17 07:50:00,10,187.23,753.19,-2.58,40.72,8.73,294.7,0.03,128.95,80.96,13.01
2026-05-17 07:55:00,10,187.23,753.19,-2.58,41.42,8.71,226.88,0.06,104.46,75.87,12.25
2026-05-17 08:00:00,10,187.23,753.19,-2.58,40.97,7.66,309.16,0.02,144.04,84.27,13.66
2026-05-17 08:05:00,10,187.23,753.19,-2.58,41.8,7.41,245.62,0.04,116.06,77.68,13.19
2026-05-17 08:10:00,10,187.23,753.19,-2.58,41.53,5.61,272.63,0.02,134.3,81.11,13.31
2026-05-17 08:15:00,10,187.23,753.19,-2.58,42.04,8.14,295.3,0.03,137.87,82.9,11.32
2026-05-17 08:20:00,10,187.23,753.19,-2.58,42.77,5.76,274.63,0.03,129.45,80.04,11.92
2026-05-17 08:25:00,10,187.23,753.19,-2.58,42.16,6.68,274.74,0.03,128.67,80.18,11.49
2026-05-17 08:30:00,10,187.23,753.19,-2.58,42.77,6.2,339.59,0.02,157.69,87.47,13.23
2026-05-17 08:35:00,10,187.23,753.19,-2.58,41.86,8.48,349.98,0.02,157.34,88.17,13.26
2026-05-17 08:40:00,10,187.23,753.19,-2.58,42.97,7.03,262.62,0.03,125.74,79.63,11.92
2026-05-17 08:45:00,10,187.23,753.19,-2.58,42.49,8.33,292.82,0.03,146.29,85.12,8.9
2026-05-17 08:50:00,10,187.23,753.19,-2.58,43.04,7.0,266.71,0.03,128.43,80.24,10.83
2026-05-17 08:55:00,10,187.23,753.19,-2.58,43.66,8.81,227.44,0.05,112.17,77.39,8.55
2026-05-17 09:00:00,10,187.23,753.19,-2.58,43.31,9.19,242.72,0.05,112.89,77.67,9.97
2026-05-17 09:05:00,10,187.23,753.19,-2.58,44.66,7.54,281.73,0.03,146.58,84.92,10.56
2026-05-17 09:10:00,10,187.23,753.19,-2.58,43.63,10.35,253.65,0.04,120.39,79.63,10.0
2026-05-17 09:15:00,10,187.23,753.19,-2.58,43.97,9.09,231.39,0.05,103.27,75.76,11.83
2026-05-17 09:20:00,10,187.23,753.19,-2.58,44.4,10.88,227.98,0.07,106.68,86.65,11.06
2026-05-17 09:25:00,10,187.23,753.19,-2.58,44.25,8.54,183.45,0.09,83.61,72.35,11.58
2026-05-17 09:30:00,10,187.23,753.19,-2.58,43.74,8.37,350.27,0.02,167.53,91.11,11.0
2026-05-17 09:35:00,10,187.23,753.19,-2.58,44.47,8.4,246.57,0.04,119.21,78.69,9.16
2026-05-17 09:40:00,10,187.23,753.19,-2.58,43.65,10.05,257.95,0.05,131.18,81.99,10.84
2026-05-17 09:45:00,10,187.23,753.19,-2.58,43.68,10.92,330.24,0.03,160.16,89.85,11.57
2026-05-17 09:50:00,10,187.23,753.19,-2.58,43.88,10.66,169.08,0.12,84.76,73.32,10.6
2026-05-17 09:55:00,10,187.23,753.19,-2.58,44.37,12.37,199.21,0.1,92.61,75.13,10.89
2026-05-17 10:00:00,10,187.23,753.19,-2.58,43.74,11.63,233.82,0.07,107.46,77.49,9.35
2026-05-17 10:05:00,10,187.23,753.19,-2.58,44.12,15.21,243.57,0.08,114.7,80.21,11.55
2026-05-17 10:10:00,10,187.23,753.19,-2.58,43.81,12.8,206.86,0.09,95.03,75.67,10.52
2026-05-17 10:15:00,10,187.23,753.19,-2.58,44.23,12.78,217.66,0.09,106.53,77.75,10.28
2026-05-17 10:20:00,10,187.23,753.19,-2.58,44.57,13.8,236.85,0.08,112.78,79.32,10.36
2026-05-17 10:25:00,10,187.23,753.19,-2.58,44.27,14.1,221.79,0.09,110.59,79.01,8.54
2026-05-17 10:30:00,10,187.23,753.19,-2.58,44.21,14.67,296.59,0.06,139.0,85.53,8.33
2026-05-17 10:35:00,10,187.23,753.19,-2.58,43.82,15.98,383.91,0.04,171.74,95.1,7.71
2026-05-17 10:40:00,10,187.23,753.19,-2.58,44.6,15.04,250.59,0.07,123.36,81.98,8.59
2026-05-17 10:45:00,10,187.23,753.19,-2.58,44.42,14.62,303.99,0.05,142.48,86.37,9.25
2026-05-17 10:50:00,10,187.23,753.19,-2.58,45.81,15.43,262.13,0.07,125.78,82.66,8.1
2026-05-17 10:55:00,10,187.23,753.19,-2.58,44.16,15.38,254.19,0.08,122.51,81.93,6.62
2026-05-17 11:00:00,10,187.23,753.19,-2.58,44.7,17.64,285.14,0.06,132.32,84.94,8.07
2026-05-17 11:05:00,10,187.23,753.19,-2.58,44.86,17.15,267.41,0.08,126.71,83.5,6.95
2026-05-17 11:10:00,10,187.23,753.19,-2.58,46.04,16.46,224.28,0.1,107.17,79.19,8.95
2026-05-17 11:15:00,10,187.23,753.19,-2.58,44.94,18.28,311.74,0.06,147.36,88.95,7.49
2026-05-17 11:20:00,10,187.23,753.19,-2.58,44.8,19.26,292.4,0.07,137.42,86.76,6.89
2026-05-17 11:25:00,10,187.23,753.19,-2.58,45.24,19.49,319.75,0.06,153.75,91.1,7.63
2026-05-17 11:30:00,10,187.23,753.19,-2.58,45.66,18.77,279.94,0.08,130.76,85.0,7.48
2026-05-17 11:35:00,10,187.23,753.19,-2.58,44.74,18.84,138.78,0.31,64.09,73.8,5.2
2026-05-17 11:40:00,10,187.23,753.19,-2.58,45.84,17.87,208.46,0.13,97.36,77.93,6.02
2026-05-17 11:45:00,10,187.23,753.19,-2.58,44.59,19.06,362.44,0.05,177.64,98.06,4.85
2026-05-17 11:50:00,10,187.23,753.19,-2.58,44.82,21.77,311.1,0.07,144.46,89.43,8.65
2026-05-17 11:55:00,10,187.23,753.19,-2.58,45.54,20.74,177.72,0.21,82.41,76.68,7.7
2026-05-17 12:00:00,10,187.23,753.19,-2.58,45.5,22.58,320.72,0.07,155.84,92.79,7.22
2026-05-17 12:05:00,10,187.23,753.19,-2.58,44.43,20.1,267.4,0.1,123.33,83.81,6.65
2026-05-17 12:10:00,10,187.23,753.19,-2.58,45.37,20.07,220.45,0.13,96.01,78.47,5.77
2026-05-17 12:15:00,10,187.23,753.19,-2.58,44.3,20.46,266.87,0.09,132.31,85.98,5.48
2026-05-17 12:20:00,10,187.23,753.19,-2.58,45.58,21.86,260.64,0.11,123.01,84.37,7.17
2026-05-17 12:25:00,10,187.23,753.19,-2.58,45.56,23.05,243.65,0.12,112.73,82.63,5.99
2026-05-17 12:30:00,10,187.23,753.19,-2.58,44.98,21.55,235.01,0.11,107.94,81.13,6.85
2026-05-17 12:35:00,10,187.23,753.19,-2.58,44.63,21.79,226.99,0.13,118.2,83.35,5.42
2026-05-17 12:40:00,10,187.23,753.19,-2.58,44.89,22.17,202.58,0.18,93.75,78.92,5.4
2026-05-17 12:45:00,10,187.23,753.19,-2.58,45.24,23.88,282.69,0.09,137.41,88.42,5.1
2026-05-17 12:50:00,10,187.23,753.19,-2.58,45.64,22.74,256.8,0.11,127.86,85.78,4.84
2026-05-17 12:55:00,10,187.23,753.19,-2.58,44.82,23.56,276.74,0.1,131.81,86.97,6.62
2026-05-17 13:00:00,10,187.23,753.19,-2.58,46.07,21.72,251.97,0.1,116.38,82.88,5.31
2026-05-17 13:05:00,10,187.23,753.19,-2.58,43.93,23.06,264.49,0.11,122.97,84.78,4.5
2026-05-17 13:10:00,10,187.23,753.19,-2.58,44.65,21.87,221.84,0.14,106.8,81.08,5.91
2026-05-17 13:15:00,10,187.23,753.19,-2.58,45.53,21.91,250.23,0.11,118.6,83.43,4.78
2026-05-17 13:20:00,10,187.23,753.19,-2.58,44.36,23.94,340.16,0.06,165.77,96.12,3.95
2026-05-17 13:25:00,10,187.23,753.19,-2.58,44.2,22.01,277.55,0.08,130.96,86.18,5.02
2026-05-17 13:30:00,10,187.23,753.19,-2.58,44.33,22.04,275.25,0.09,124.9,84.82,5.15
2026-05-17 13:35:00,10,187.23,753.19,-2.58,45.35,22.8,279.72,0.08,130.91,86.45,4.59
2026-05-17 13:40:00,10,187.23,753.19,-2.58,45.2,24.55,190.02,0.21,91.06,79.36,4.44
2026-05-17 13:45:00,10,187.23,753.19,-2.58,44.81,23.2,262.86,0.11,126.01,85.52,5.39
2026-05-17 13:50:00,10,187.23,753.19,-2.58,45.04,21.95,270.4,0.08,129.48,85.82,4.09
2026-05-17 13:55:00,10,187.23,753.19,-2.58,43.69,21.61,227.92,0.13,113.66,82.33,6.68
2026-05-17 14:00:00,10,187.23,753.19,-2.58,44.16,21.44,231.03,0.14,111.36,81.83,4.18
2026-05-17 14:05:00,10,187.23,753.19,-2.58,43.77,22.41,317.95,0.07,152.61,91.83,4.74
2026-05-17 14:10:00,10,187.23,753.19,-2.58,43.76,21.47,276.31,0.09,132.24,86.31,2.38
2026-05-17 14:15:00,10,187.23,753.19,-2.58,43.83,20.12,159.65,0.27,74.09,89.48,3.97
2026-05-17 14:20:00,10,187.23,753.19,-2.58,43.45,19.58,202.73,0.16,101.72,79.37,3.26
2026-05-17 14:25:00,10,187.23,753.19,-2.58,43.27,20.09,265.22,0.09,130.84,85.5,1.52
2026-05-17 14:30:00,10,187.23,753.19,-2.58,44.75,19.07,194.35,0.16,90.07,77.18,2.24
2026-05-17 14:35:00,10,187.23,753.19,-2.58,43.32,18.36,340.85,0.05,168.22,94.87,2.77
2026-05-17 14:40:00,10,187.23,753.19,-2.58,42.59,18.59,229.88,0.11,109.03,80.3,2.17
2026-05-17 14:45:00,10,187.23,753.19,-2.58,43.66,17.14,223.1,0.11,102.0,78.47,1.73
2026-05-17 14:50:00,10,187.23,753.19,-2.58,43.15,17.34,268.16,0.08,125.82,83.36,4.22
2026-05-17 14:55:00,10,187.23,753.19,-2.58,43.38,17.41,231.99,0.11,110.44,80.17,1.65
2026-05-17 15:00:00,10,187.23,753.19,-2.58,43.56,15.67,261.95,0.07,117.07,80.84,2.47
2026-05-17 15:05:00,10,187.23,753.19,-2.58,43.06,16.2,287.79,0.07,137.52,85.71,1.22
2026-05-17 15:10:00,10,187.23,753.19,-2.58,42.93,14.84,295.47,0.06,136.03,84.85,3.31
2026-05-17 15:15:00,10,187.23,753.19,-2.58,42.38,13.29,225.2,0.08,107.32,78.06,0.01
2026-05-17 15:20:00,10,187.23,753.19,-2.58,42.92,14.46,237.88,0.08,109.2,78.84,1.93
2026-05-17 15:25:00,10,187.23,753.19,-2.58,42.14,12.09,183.18,0.12,90.57,74.73,0.9
2026-05-17 15:30:00,10,187.23,753.19,-2.58,42.88,12.12,211.92,0.08,94.33,75.29,0.61
2026-05-17 15:35:00,10,187.23,753.19,-2.58,42.68,11.42,289.6,0.04,139.54,84.48,2.56
2026-05-17 15:40:00,10,187.23,753.19,-2.58,42.49,10.09,327.62,0.03,153.73,99.99,0.45
2026-05-17 15:45:00,10,187.23,753.19,-2.58,42.36,8.91,241.39,0.05,115.71,78.15,0.37
2026-05-17 15:50:00,10,187.23,753.19,-2.58,41.14,8.29,254.7,0.04,117.72,78.33,0.0
2026-05-17 15:55:00,10,187.23,753.19,-2.58,41.96,7.25,242.98,0.04,108.56,76.1,0.03
2026-05-17 16:00:00,10,187.23,753.19,-2.58,41.2,6.78,277.89,0.03,139.34,82.78,0.25
2026-05-17 16:05:00,10,187.23,753.19,-2.58,41.36,5.49,209.64,0.04,100.32,73.94,0.0
2026-05-17 16:10:00,10,187.23,753.19,-2.58,39.88,4.38,247.9,0.02,114.09,76.16,1.23
2026-05-17 16:15:00,10,187.23,753.19,-2.58,40.92,2.96,211.64,0.02,98.88,72.75,0.03
2026-05-17 16:20:00,10,187.23,753.19,-2.58,40.5,2.19,179.74,0.02,85.99,70.34,0.21
2026-05-17 16:25:00,10,187.23,753.19,-2.58,40.22,1.22,262.3,0.01,121.76,76.66,0.0
2026-05-17 16:30:00,10,187.23,753.19,-2.58,41.39,0.03,264.69,0.0,128.77,77.81,1.02
2026-05-17 16:35:00,10,187.23,753.19,-2.58,40.75,0.0,232.19,0.0,111.9,74.15,0.26
2026-05-17 16:40:00,10,187.23,753.19,-2.58,39.77,0.0,211.33,0.0,103.35,72.49,0.0
2026-05-17 16:45:00,10,187.23,753.19,-2.58,39.76,0.0,226.22,0.0,110.37,73.84,0.36
2026-05-17 16:50:00,10,187.23,753.19,-2.58,39.92,0.0,227.63,0.0,109.59,73.68,0.0
2026-05-17 16:55:00,10,187.23,753.19,-2.58,39.64,0.0,262.44,0.0,134.2,79.08,0.73
2026-05-17 17:00:00,10,187.23,753.19,-2.58,39.84,0.0,198.12,0.0,92.06,70.5,0.04
2026-05-17 17:05:00,10,187.23,753.19,-2.58,40.77,0.0,225.33,0.0,105.49,72.89,0.0
2026-05-17 17:10:00,10,187.23,753.19,-2.58,39.44,0.0,244.29,0.0,114.62,74.7,0.38
2026-05-17 17:15:00,10,187.23,753.19,-2.58,39.07,0.0,126.44,0.0,58.77,65.98,0.0
2026-05-17 17:20:00,10,187.23,753.19,-2.58,39.7,0.0,248.11,0.0,120.29,75.9,0.0
2026-05-17 17:25:00,10,187.23,753.19,-2.58,39.44,0.0,200.41,0.0,97.42,71.41,0.91
2026-05-17 17:30:00,10,187.23,753.19,-2.58,39.18,0.0,251.25,0.0,131.5,78.44,0.0
2026-05-17 17:35:00,10,187.23,753.19,-2.58,38.65,0.0,248.27,0.0,113.97,74.56,0.0
2026-05-17 17:40:00,10,187.23,753.19,-2.58,38.1,0.0,241.14,0.0,121.38,76.13,0.0
2026-05-17 17:45:00,10,187.23,753.19,-2.58,38.24,0.0,271.94,0.0,128.47,77.72,0.52
2026-05-17 17:50:00,10,187.23,753.19,-2.58,37.45,0.0,213.04,0.0,98.23,71.55,0.25
2026-05-17 17:55:00,10,187.23,753.19,-2.58,39.31,0.0,239.94,0.0,121.48,76.15,0.51
2026-05-17 18:00:00,10,187.23,753.19,-2.58,37.94,0.0,353.0,0.0,165.5,87.52,0.1
2026-05-17 18:05:00,10,187.23,753.19,-2.58,38.4,0.0,194.59,0.0,91.02,70.33,0.47
2026-05-17 18:10:00,10,187.23,753.19,-2.58,37.73,0.0,288.09,0.0,139.21,80.31,0.73
2026-05-17 18:15:00,10,187.23,753.19,-2.58,36.44,0.0,206.1,0.0,105.19,72.83,0.0
2026-05-17 18:20:00,10,187.23,753.19,-2.58,37.08,0.0,223.32,0.0,97.68,71.46,0.51
2026-05-17 18:25:00,10,187.23,753.19,-2.58,37.77,0.0,325.59,0.0,152.79,83.88,0.49
2026-05-17 18:30:00,10,187.23,753.19,-2.58,37.19,0.0,310.66,0.0,147.73,82.51,0.0
2026-05-17 18:35:00,10,187.23,753.19,-2.58,36.72,0.0,259.64,0.0,121.62,76.18,0.0
2026-05-17 18:40:00,10,187.23,753.19,-2.58,36.91,0.0,204.7,0.0,94.84,70.96,0.32
2026-05-17 18:45:00,10,187.23,753.19,-2.58,36.67,0.0,358.6,0.0,165.42,87.5,0.0
2026-05-17 18:50:00,10,187.23,753.19,-2.58,36.76,0.0,359.22,0.0,170.56,89.05,0.0
2026-05-17 18:55:00,10,187.23,753.19,-2.58,36.68,0.0,262.0,0.0,121.59,76.17,0.68
2026-05-17 19:00:00,10,187.23,753.19,-2.58,36.16,0.0,387.11,0.0,180.23,92.1,0.0
2026-05-17 19:05:00,10,187.23,753.19,-2.58,36.02,0.0,153.4,0.0,73.69,67.75,0.0
2026-05-17 19:10:00,10,187.23,753.19,-2.58,36.96,0.0,316.26,0.0,153.54,84.09,0.0
2026-05-17 19:15:00,10,187.23,753.19,-2.58,35.8,0.0,284.35,0.0,141.8,80.96,0.0
2026-05-17 19:20:00,10,187.23,753.19,-2.58,36.04,0.0,193.54,0.0,93.71,70.77,0.0
2026-05-17 19:25:00,10,187.23,753.19,-2.58,34.54,0.0,247.52,0.0,114.43,74.65,0.18
2026-05-17 19:30:00,10,187.23,753.19,-2.58,35.85,0.0,226.11,0.0,109.44,73.65,0.0
2026-05-17 19:35:00,10,187.23,753.19,-2.58,35.25,0.0,189.89,0.0,89.09,70.01,0.38
2026-05-17 19:40:00,10,187.23,753.19,-2.58,35.59,0.0,226.37,0.0,102.69,72.36,0.0
2026-05-17 19:45:00,10,187.23,753.19,-2.58,34.66,0.0,220.48,0.0,101.3,72.1,1.2
2026-05-17 19:50:00,10,187.23,753.19,-2.58,34.59,0.0,221.08,0.0,104.05,72.61,0.0
2026-05-17 19:55:00,10,187.23,753.19,-2.58,35.17,0.0,190.18,0.0,89.87,70.13,0.16
2026-05-17 20:00:00,10,187.23,753.19,-2.58,35.04,0.0,322.5,0.0,149.88,83.08,0.15
2026-05-17 20:05:00,10,187.23,753.19,-2.58,34.58,0.0,212.6,0.0,97.27,71.38,0.0
2026-05-17 20:10:00,10,187.23,753.19,-2.58,34.54,0.0,286.25,0.0,127.13,77.41,1.43
2026-05-17 20:15:00,10,187.23,753.19,-2.58,34.62,0.0,288.11,0.0,134.65,79.18,1.15
2026-05-17 20:20:00,10,187.23,753.19,-2.58,33.29,0.0,291.05,0.0,136.7,79.68,0.0
2026-05-17 20:25:00,10,187.23,753.19,-2.58,33.74,0.0,195.39,0.0,91.07,70.33,0.0
2026-05-17 20:30:00,10,187.23,753.19,-2.58,33.75,0.0,239.13,0.0,111.86,74.12,0.3
2026-05-17 20:35:00,10,187.23,753.19,-2.58,34.5,0.0,215.44,0.0,104.77,72.74,0.9
2026-05-17 20:40:00,10,187.23,753.19,-2.58,33.2,0.0,227.07,0.0,111.22,73.99,0.48
2026-05-17 20:45:00,10,187.23,753.19,-2.58,33.23,0.0,222.74,0.0,104.36,72.66,0.91
2026-05-17 20:50:00,10,187.23,753.19,-2.58,33.16,0.0,328.31,0.0,156.16,84.81,0.45
2026-05-17 20:55:00,10,187.23,753.19,-2.58,32.95,0.0,139.8,0.0,68.31,76.96,0.0
2026-05-17 21:00:00,10,187.23,753.19,-2.58,32.53,0.0,229.4,0.0,105.23,72.83,0.0
2026-05-17 21:05:00,10,187.23,753.19,-2.58,32.93,0.0,223.47,0.0,105.58,72.89,0.62
2026-05-17 21:10:00,10,187.23,753.19,-2.58,33.59,0.0,126.29,0.0,59.56,66.05,0.63
2026-05-17 21:15:00,10,187.23,753.19,-2.58,32.88,0.0,171.48,0.0,84.85,69.34,0.89
2026-05-17 21:20:00,10,187.23,753.19,-2.58,32.87,0.0,252.03,0.0,129.43,77.94,0.0
2026-05-17 21:25:00,10,187.23,753.19,-2.58,32.21,0.0,292.89,0.0,144.72,81.71,1.23
2026-05-17 21:30:00,10,187.23,753.19,-2.58,32.58,0.0,248.67,0.0,115.46,74.86,0.11
2026-05-17 21:35:00,10,187.23,753.19,-2.58,32.38,0.0,302.58,0.0,149.9,83.08,0.0
2026-05-17 21:40:00,10,187.23,753.19,-2.58,32.37,0.0,255.94,0.0,132.16,78.58,0.0
2026-05-17 21:45:00,10,187.23,753.19,-2.58,32.21,0.0,234.79,0.0,112.12,74.17,0.0
2026-05-17 21:50:00,10,187.23,753.19,-2.58,31.91,0.0,243.95,0.0,117.61,75.31,0.61
2026-05-17 21:55:00,10,187.23,753.19,-2.58,31.86,0.0,223.21,0.0,110.71,73.89,0.96
2026-05-17 22:00:00,10,187.23,753.19,-2.58,31.7,0.0,239.22,0.0,117.3,75.24,0.0
2026-05-17 22:05:00,10,187.23,753.19,-2.58,32.33,0.0,240.23,0.0,121.62,76.17,0.21
2026-05-17 22:10:00,10,187.23,753.19,-2.58,32.05,0.0,197.1,0.0,94.56,70.91,0.86
2026-05-17 22:15:00,10,187.23,753.19,-2.58,32.23,0.0,290.32,0.0,132.67,78.7,0.0
2026-05-17 22:20:00,10,187.23,753.19,-2.58,31.17,0.0,313.83,0.0,147.0,82.31,1.04
2026-05-17 22:25:00,10,187.23,753.19,-2.58,31.1,0.0,276.4,0.0,129.6,77.97,0.0
2026-05-17 22:30:00,10,187.23,753.19,-2.58,31.92,0.0,243.26,0.0,110.45,73.84,0.9
2026-05-17 22:35:00,10,187.23,753.19,-2.58,31.79,0.0,317.5,0.0,149.71,83.03,0.44
2026-05-17 22:40:00,10,187.23,753.19,-2.58,31.07,0.0,245.31,0.0,122.84,76.44,0.44
2026-05-17 22:45:00,10,187.23,753.19,-2.58,31.31,0.0,244.99,0.0,118.48,75.49,0.42
2026-05-17 22:50:00,10,187.23,753.19,-2.58,31.16,0.0,266.3,0.0,123.87,76.67,0.43
2026-05-17 22:55:00,10,187.23,753.19,-2.58,30.39,0.0,192.51,0.0,81.1,68.78,0.75
2026-05-17 23:00:00,10,187.23,753.19,-2.58,31.26,0.0,197.38,0.0,94.28,70.86,0.0
2026-05-17 23:05:00,10,187.23,753.19,-2.58,32.46,0.0,192.14,0.0,93.96,70.81,0.54
2026-05-17 23:10:00,10,187.23,753.19,-2.58,31.5,0.0,217.17,0.0,106.34,73.04,0.0
2026-05-17 23:15:00,10,187.23,753.19,-2.58,30.98,0.0,199.93,0.0,95.05,70.99,0.89
2026-05-17 23:20:00,10,187.23,753.19,-2.58,31.09,0.0,261.32,0.0,122.77,76.42,0.0
2026-05-17 23:25:00,10,187.23,753.19,-2.58,30.7,0.0,247.72,0.0,123.37,76.56,2.41
2026-05-17 23:30:00,10,187.23,753.19,-2.58,30.91,0.0,239.54,0.0,108.6,73.47,0.0
2026-05-17 23:35:00,10,187.23,753.19,-2.58,31.07,0.0,277.4,0.0,133.9,78.99,0.0
2026-05-17 23:40:00,10,187.23,753.19,-2.58,31.04,0.0,147.06,0.0,71.78,67.49,0.9
2026-05-17 23:45:00,10,187.23,753.19,-2.58,30.67,0.0,306.33,0.0,143.78,81.46,0.0
2026-05-17 23:50:00,10,187.23,753.19,-2.58,30.29,0.0,260.86,0.0,125.59,77.05,0.0
2026-05-17 23:55:00,10,187.23,753.19,-2.58,30.88,0.0,255.92,0.0,117.94,75.38,0.0
2026-05-18 00:00:00,10,662.9,612.9,0.0,30.69,0.0,296.88,0.0,148.78,82.78,0.2
2026-05-18 00:05:00,10,662.9,612.9,0.0,31.29,0.0,224.47,0.0,108.41,73.44,0.06
2026-05-18 00:10:00,10,662.9,612.9,0.0,31.26,0.0,209.99,0.0,99.42,71.75,0.12
2026-05-18 00:15:00,10,662.9,612.9,0.0,31.48,0.0,189.67,0.0,96.23,71.19,0.0
2026-05-18 00:20:00,10,662.9,612.9,0.0,30.19,0.0,206.75,0.0,93.75,70.77,0.0
2026-05-18 00:25:00,10,662.9,612.9,0.0,31.24,0.0,246.24,0.0,114.66,74.69,0.26
2026-05-18 00:30:00,10,662.9,612.9,0.0,30.62,0.0,309.77,0.0,150.72,83.3,0.63
2026-05-18 00:35:00,10,662.9,612.9,0.0,31.11,0.0,260.52,0.0,119.39,75.69,0.34
2026-05-18 00:40:00,10,662.9,612.9,0.0,31.76,0.0,286.02,0.0,129.77,78.02,0.0
2026-05-18 00:45:00,10,662.9,612.9,0.0,30.62,0.0,226.24,0.0,108.67,73.49,1.2
2026-05-18 00:50:00,10,662.9,612.9,0.0,31.79,0.0,287.57,0.0,133.97,79.01,0.16
2026-05-18 00:55:00,10,662.9,612.9,0.0,30.97,0.0,193.12,0.0,87.1,69.69,0.0
2026-05-18 01:00:00,10,662.9,612.9,0.0,31.21,0.0,221.08,0.0,110.19,73.79,0.0
2026-05-18 01:05:00,10,662.9,612.9,0.0,30.9,0.0,251.15,0.0,114.47,74.65,0.47
2026-05-18 01:10:00,10,662.9,612.9,0.0,31.93,0.0,249.6,0.0,117.12,75.2,0.35
2026-05-18 01:15:00,10,662.9,612.9,0.0,31.45,0.0,257.18,0.0,124.35,76.78,0.0
2026-05-18 01:20:00,10,662.9,612.9,0.0,31.52,0.0,220.02,0.0,101.84,72.19,0.0
2026-05-18 01:25:00,10,662.9,612.9,0.0,30.58,0.0,258.55,0.0,114.98,74.76,0.46
2026-05-18 01:30:00,10,662.9,612.9,0.0,31.65,0.0,292.38,0.0,141.84,80.97,0.0
2026-05-18 01:35:00,10,662.9,612.9,0.0,31.0,0.0,222.67,0.0,112.71,74.29,1.02
2026-05-18 01:40:00,10,662.9,612.9,0.0,31.72,0.0,252.78,0.0,130.05,78.08,0.04
2026-05-18 01:45:00,10,662.9,612.9,0.0,32.28,0.0,188.25,0.0,92.13,70.5,1.3
2026-05-18 01:50:00,10,662.9,612.9,0.0,31.42,0.0,268.19,0.0,129.4,77.93,0.12
2026-05-18 01:55:00,10,662.9,612.9,0.0,31.56,0.0,217.07,0.0,101.9,72.2,0.0
2026-05-18 02:00:00,10,662.9,612.9,0.0,31.95,0.0,229.97,0.0,107.44,73.25,0.0
2026-05-18 02:05:00,10,662.9,612.9,0.0,31.27,0.0,265.42,0.0,124.51,76.81,1.03
2026-05-18 02:10:00,10,662.9,612.9,0.0,31.17,0.0,280.84,0.0,127.72,77.54,0.0
2026-05-18 02:15:00,10,662.9,612.9,0.0,32.22,0.0,227.59,0.0,104.93,72.77,1.62
2026-05-18 02:20:00,10,662.9,612.9,0.0,32.21,0.0,274.92,0.0,131.0,78.3,0.0
2026-05-18 02:25:00,10,662.9,612.9,0.0,32.38,0.0,214.13,0.0,103.2,72.45,80.47
2026-05-18 02:30:00,10,662.9,612.9,0.0,33.2,39.02,234.17,0.22,111.04,88.06,79.21
2026-05-18 02:35:00,10,662.9,612.9,0.0,32.8,36.63,269.18,0.17,129.91,91.21,80.39
2026-05-18 02:40:00,10,662.9,612.9,0.0,33.21,38.38,287.34,0.14,130.17,103.81,79.1
2026-05-18 02:45:00,10,662.9,612.9,0.0,31.99,39.32,216.96,0.25,91.94,100.17,78.38
2026-05-18 02:50:00,10,662.9,612.9,0.0,32.97,38.2,290.55,0.14,143.11,94.94,79.2
2026-05-18 02:55:00,10,662.9,612.9,0.0,33.05,35.33,342.72,0.1,166.73,100.45,79.27
2026-05-18 03:00:00,10,662.9,612.9,0.0,33.83,36.51,202.16,0.28,97.9,84.83,79.15
2026-05-18 03:05:00,10,662.9,612.9,0.0,33.26,36.43,262.42,0.18,114.91,87.86,78.69
2026-05-18 03:10:00,10,662.9,612.9,0.0,33.83,39.05,252.58,0.19,119.61,89.79,78.95
2026-05-18 03:15:00,10,662.9,612.9,0.0,33.32,36.19,263.1,0.16,113.33,87.41,78.51
2026-05-18 03:20:00,10,662.9,612.9,0.0,33.98,36.98,247.87,0.19,117.99,88.72,78.76
2026-05-18 03:25:00,10,662.9,612.9,0.0,33.47,36.5,256.67,0.18,119.4,88.83,79.35
2026-05-18 03:30:00,10,662.9,612.9,0.0,35.19,34.27,162.57,0.42,76.3,80.94,78.36
2026-05-18 03:35:00,10,662.9,612.9,0.0,34.72,34.75,252.42,0.16,119.37,88.17,78.07
2026-05-18 03:40:00,10,662.9,612.9,0.0,34.02,34.75,237.75,0.2,112.5,86.82,77.06
2026-05-18 03:45:00,10,662.9,612.9,0.0,34.78,33.95,199.95,0.26,96.89,83.72,80.28
2026-05-18 03:50:00,10,662.9,612.9,0.0,35.03,36.34,259.55,0.16,111.16,87.02,76.86
2026-05-18 03:55:00,10,662.9,612.9,0.0,34.32,31.25,222.02,0.22,101.18,83.45,76.56
2026-05-18 04:00:00,10,662.9,612.9,0.0,33.92,31.41,181.4,0.3,85.13,80.98,78.62
2026-05-18 04:05:00,10,662.9,612.9,0.0,34.9,32.6,207.95,0.25,91.07,82.24,76.75
2026-05-18 04:10:00,10,662.9,612.9,0.0,34.53,30.69,141.18,0.49,67.42,78.68,78.42
2026-05-18 04:15:00,10,662.9,612.9,0.0,34.93,26.97,248.79,0.13,121.6,85.87,76.11
2026-05-18 04:20:00,10,662.9,612.9,0.0,35.4,26.26,221.82,0.17,104.61,82.25,76.41
2026-05-18 04:25:00,10,662.9,612.9,0.0,35.58,27.74,236.42,0.16,108.77,83.54,76.73
2026-05-18 04:30:00,10,662.9,612.9,0.0,34.93,25.92,262.13,0.12,127.69,86.85,77.03
2026-05-18 04:35:00,10,662.9,612.9,0.0,35.6,23.23,192.51,0.21,88.54,78.47,75.47
2026-05-18 04:40:00,10,662.9,612.9,0.0,35.73,25.31,297.71,0.09,133.89,88.04,75.88
2026-05-18 04:45:00,10,662.9,612.9,0.0,35.78,21.54,266.09,0.1,126.96,85.11,76.1
2026-05-18 04:50:00,10,662.9,612.9,0.0,35.95,24.9,256.39,0.12,118.37,84.43,77.0
2026-05-18 04:55:00,10,662.9,612.9,0.0,36.41,21.67,247.16,0.12,111.69,81.92,76.44
2026-05-18 05:00:00,10,662.9,612.9,0.0,36.23,21.8,278.2,0.09,138.85,88.03,75.21
2026-05-18 05:05:00,10,662.9,612.9,0.0,36.18,20.99,238.99,0.12,118.58,83.11,75.32
2026-05-18 05:10:00,10,662.9,612.9,0.0,36.37,20.05,221.24,0.13,109.34,80.9,74.91
2026-05-18 05:15:00,10,662.9,612.9,0.0,35.68,19.55,165.83,0.23,77.23,75.54,75.67
2026-05-18 05:20:00,10,662.9,612.9,0.0,36.29,16.93,263.72,0.07,121.45,82.21,75.51
2026-05-18 05:25:00,10,662.9,612.9,0.0,37.05,17.86,328.86,0.05,145.9,88.38,73.27
2026-05-18 05:30:00,10,662.9,612.9,0.0,36.99,17.17,235.29,0.1,114.26,80.83,74.58
2026-05-18 05:35:00,10,662.9,612.9,0.0,37.68,14.92,219.45,0.1,101.81,77.62,74.88
2026-05-18 05:40:00,10,662.9,612.9,0.0,36.96,15.17,245.45,0.07,120.46,81.38,75.31
2026-05-18 05:45:00,10,662.9,612.9,0.0,37.57,13.61,189.21,0.12,91.79,75.46,75.94
2026-05-18 05:50:00,10,662.9,612.9,0.0,37.84,14.55,246.05,0.07,110.62,79.11,74.4
2026-05-18 05:55:00,10,662.9,612.9,0.0,37.53,12.17,210.85,0.09,99.87,76.29,76.63
2026-05-18 06:00:00,10,662.9,612.9,0.0,37.57,15.17,231.12,0.09,106.52,78.57,72.48
2026-05-18 06:05:00,10,662.9,612.9,0.0,37.87,13.17,224.61,0.08,111.18,78.76,75.5
2026-05-18 06:10:00,10,662.9,612.9,0.0,37.47,13.61,282.22,0.05,130.47,83.05,74.4
2026-05-18 06:15:00,10,662.9,612.9,0.0,38.98,11.67,265.98,0.05,117.56,79.49,73.82
2026-05-18 06:20:00,10,662.9,612.9,0.0,36.95,11.73,219.77,0.08,108.32,77.69,72.44
2026-05-18 06:25:00,10,662.9,612.9,0.0,39.05,11.92,258.06,0.05,118.82,79.85,74.56
2026-05-18 06:30:00,10,662.9,612.9,0.0,39.57,9.29,242.7,0.05,111.54,77.42,73.36
2026-05-18 06:35:00,10,662.9,612.9,0.0,38.45,11.1,298.19,0.04,147.8,86.5,73.22
2026-05-18 06:40:00,10,662.9,612.9,0.0,40.44,10.48,262.06,0.05,120.16,79.64,73.7
2026-05-18 06:45:00,10,662.9,612.9,0.0,39.4,9.35,273.39,0.04,119.14,79.0,73.34
2026-05-18 06:50:00,10,662.9,612.9,0.0,38.67,8.91,288.23,0.03,137.5,83.07,72.61
2026-05-18 06:55:00,10,662.9,612.9,0.0,39.23,10.22,234.54,0.06,108.44,77.15,73.69
2026-05-18 07:00:00,10,662.9,612.9,0.0,39.46,9.54,211.45,0.07,96.32,74.7,72.51
2026-05-18 07:05:00,10,662.9,612.9,0.0,38.98,10.84,281.64,0.04,136.61,83.54,72.9
2026-05-18 07:10:00,10,662.9,612.9,0.0,39.33,10.59,261.57,0.05,127.88,81.4,71.72
2026-05-18 07:15:00,10,662.9,612.9,0.0,40.6,9.9,250.83,0.05,116.71,78.7,71.75
2026-05-18 07:20:00,10,662.9,612.9,0.0,39.32,7.72,211.83,0.05,100.13,74.7,73.27
2026-05-18 07:25:00,10,662.9,612.9,0.0,39.73,7.66,202.27,0.06,87.42,72.55,72.36
2026-05-18 07:30:00,10,662.9,612.9,0.0,40.48,8.78,264.15,0.04,130.24,81.29,71.82
2026-05-18 07:35:00,10,662.9,612.9,0.0,40.5,7.16,205.58,0.05,98.13,74.15,71.76
2026-05-18 07:40:00,10,662.9,612.9,0.0,40.18,8.9,254.41,0.04,114.19,77.81,72.56
2026-05-18 07:45:00,10,662.9,612.9,0.0,42.39,9.84,315.14,0.03,141.6,84.43,72.34
2026-05-18 07:50:00,10,662.9,612.9,0.0,41.2,8.34,267.97,0.04,126.1,80.19,71.59
2026-05-18 07:55:00,10,662.9,612.9,0.0,40.88,6.91,207.16,0.05,97.72,73.99,71.54
2026-05-18 08:00:00,10,662.9,612.9,0.0,41.52,7.28,220.73,0.04,108.85,76.17,70.84
2026-05-18 08:05:00,10,662.9,612.9,0.0,42.62,7.53,178.38,0.08,88.49,72.72,71.3
2026-05-18 08:10:00,10,662.9,612.9,0.0,41.72,5.35,295.84,0.02,145.0,83.71,71.79
2026-05-18 08:15:00,10,662.9,612.9,0.0,42.56,6.84,208.45,0.05,99.81,74.34,70.84
2026-05-18 08:20:00,10,662.9,612.9,0.0,42.16,7.34,210.65,0.05,104.08,75.3,71.47
2026-05-18 08:25:00,10,662.9,612.9,0.0,42.58,9.52,201.01,0.07,97.63,91.99,70.23
2026-05-18 08:30:00,10,662.9,612.9,0.0,42.68,8.95,252.43,0.04,114.45,77.88,70.52
2026-05-18 08:35:00,10,662.9,612.9,0.0,41.74,8.58,282.47,0.03,130.64,81.3,70.5
2026-05-18 08:40:00,10,662.9,612.9,0.0,41.59,7.15,292.27,0.02,132.02,81.11,70.71
2026-05-18 08:45:00,10,662.9,612.9,0.0,43.77,8.89,204.06,0.07,90.83,73.56,69.7
2026-05-18 08:50:00,10,662.9,612.9,0.0,42.73,10.13,291.54,0.04,134.98,82.9,68.69
2026-05-18 08:55:00,10,662.9,612.9,0.0,43.15,10.44,310.44,0.03,159.44,89.47,70.47
2026-05-18 09:00:00,10,662.9,612.9,0.0,43.43,8.01,244.13,0.05,107.37,76.16,69.61
2026-05-18 09:05:00,10,662.9,612.9,0.0,43.17,8.7,244.17,0.04,123.36,79.7,70.86
2026-05-18 09:10:00,10,662.9,612.9,0.0,44.2,10.31,252.28,0.05,120.39,79.64,70.09
2026-05-18 09:15:00,10,662.9,612.9,0.0,43.29,10.62,181.89,0.1,87.06,73.62,70.32
2026-05-18 09:20:00,10,662.9,612.9,0.0,43.42,10.43,306.75,0.04,134.61,82.92,69.61
2026-05-18 09:25:00,10,662.9,612.9,0.0,43.69,11.92,274.31,0.05,129.35,82.21,68.46
2026-05-18 09:30:00,10,662.9,612.9,0.0,43.72,11.3,283.4,0.04,133.32,82.91,70.21
2026-05-18 09:35:00,10,662.9,612.9,0.0,43.69,12.47,314.65,0.04,147.57,86.93,68.54
2026-05-18 09:40:00,10,662.9,612.9,0.0,45.0,11.91,189.92,0.1,91.76,74.83,68.25
2026-05-18 09:45:00,10,662.9,612.9,0.0,44.75,9.74,244.24,0.05,118.41,79.01,68.65
2026-05-18 09:50:00,10,662.9,612.9,0.0,43.72,13.33,134.79,0.24,62.6,71.56,68.68
2026-05-18 09:55:00,10,662.9,612.9,0.0,44.07,10.79,323.41,0.03,158.13,89.22,69.17
2026-05-18 10:00:00,10,662.9,612.9,0.0,44.74,14.01,212.26,0.1,98.17,76.66,66.64
2026-05-18 10:05:00,10,662.9,612.9,0.0,44.83,16.49,347.75,0.04,162.29,92.44,70.0
2026-05-18 10:10:00,10,662.9,612.9,0.0,43.71,13.57,286.99,0.05,138.49,84.99,67.6
2026-05-18 10:15:00,10,662.9,612.9,0.0,44.51,14.62,303.47,0.05,133.42,84.12,68.49
2026-05-18 10:20:00,10,662.9,612.9,0.0,44.03,15.98,180.54,0.15,79.74,74.5,68.69
2026-05-18 10:25:00,10,662.9,612.9,0.0,44.8,15.43,183.04,0.14,92.67,76.29,68.55
2026-05-18 10:30:00,10,662.9,612.9,0.0,43.87,17.72,256.89,0.09,122.38,82.74,67.25
2026-05-18 10:35:00,10,662.9,612.9,0.0,44.26,16.66,306.51,0.06,149.5,88.95,67.49
2026-05-18 10:40:00,10,662.9,612.9,0.0,44.85,17.83,187.61,0.15,87.08,76.25,65.96
2026-05-18 10:45:00,10,662.9,612.9,0.0,44.35,15.85,293.65,0.06,146.53,87.88,66.04
2026-05-18 10:50:00,10,662.9,612.9,0.0,44.35,17.64,260.71,0.08,123.81,83.01,67.41
2026-05-18 10:55:00,10,662.9,612.9,0.0,44.9,19.06,262.54,0.08,125.19,83.82,67.46
2026-05-18 11:00:00,10,662.9,612.9,0.0,44.76,19.8,235.77,0.12,114.03,81.76,67.41
2026-05-18 11:05:00,10,662.9,612.9,0.0,44.35,20.73,325.71,0.07,152.76,91.28,65.45
2026-05-18 11:10:00,10,662.9,612.9,0.0,44.57,18.99,258.26,0.1,117.79,82.22,67.19
2026-05-18 11:15:00,10,662.9,612.9,0.0,44.61,19.73,177.7,0.19,80.25,75.97,66.49
2026-05-18 11:20:00,10,662.9,612.9,0.0,45.15,20.91,260.33,0.09,124.7,84.38,66.38
2026-05-18 11:25:00,10,662.9,612.9,0.0,44.57,20.78,241.47,0.1,111.55,81.56,66.45
2026-05-18 11:30:00,10,662.9,612.9,0.0,45.21,22.75,242.75,0.12,114.68,82.93,66.79
2026-05-18 11:35:00,10,662.9,612.9,0.0,44.96,23.31,325.96,0.07,153.47,92.38,65.99
2026-05-18 11:40:00,10,662.9,612.9,0.0,44.96,23.05,236.56,0.13,115.2,83.16,67.49
2026-05-18 11:45:00,10,662.9,612.9,0.0,44.47,23.36,214.65,0.17,102.94,80.94,65.11
2026-05-18 11:50:00,10,662.9,612.9,0.0,45.38,23.54,224.14,0.15,110.15,82.34,65.23
2026-05-18 11:55:00,10,662.9,612.9,0.0,45.6,24.22,294.35,0.09,132.61,87.37,64.71
2026-05-18 12:00:00,10,662.9,612.9,0.0,45.0,25.82,174.67,0.27,80.93,78.36,66.02
2026-05-18 12:05:00,10,662.9,612.9,0.0,44.4,25.82,277.09,0.1,130.02,87.33,64.29
2026-05-18 12:10:00,10,662.9,612.9,0.0,45.79,26.55,286.4,0.11,132.2,88.13,63.84
2026-05-18 12:15:00,10,662.9,612.9,0.0,45.76,28.09,304.31,0.1,147.8,92.58,63.55
2026-05-18 12:20:00,10,662.9,612.9,0.0,44.86,25.31,338.37,0.07,154.79,93.45,66.12
2026-05-18 12:25:00,10,662.9,612.9,0.0,44.55,27.46,261.13,0.14,129.22,87.8,65.54
2026-05-18 12:30:00,10,662.9,612.9,0.0,44.47,28.5,273.18,0.12,132.14,88.81,65.61
2026-05-18 12:35:00,10,662.9,612.9,0.0,44.39,29.35,226.58,0.19,100.31,82.59,64.17
2026-05-18 12:40:00,10,662.9,612.9,0.0,45.22,28.43,240.11,0.16,117.48,85.58,64.09
2026-05-18 12:45:00,10,662.9,612.9,0.0,44.99,27.13,252.04,0.14,122.36,86.14,64.27
2026-05-18 12:50:00,10,662.9,612.9,0.0,45.35,28.11,248.73,0.15,117.66,85.49,62.5
2026-05-18 12:55:00,10,662.9,612.9,0.0,44.71,26.94,175.28,0.29,83.89,79.23,64.54
2026-05-18 13:00:00,10,662.9,612.9,0.0,43.71,26.75,295.88,0.09,139.93,90.05,64.53
2026-05-18 13:05:00,10,662.9,612.9,0.0,45.59,29.95,308.49,0.1,142.65,91.88,62.87
2026-05-18 13:10:00,10,662.9,612.9,0.0,44.63,29.63,248.48,0.15,113.93,85.24,64.05
2026-05-18 13:15:00,10,662.9,612.9,0.0,44.95,29.32,258.1,0.13,124.34,87.32,62.15
2026-05-18 13:20:00,10,662.9,612.9,0.0,44.84,29.62,229.73,0.19,114.89,85.51,63.82
2026-05-18 13:25:00,10,662.9,612.9,0.0,44.13,31.03,234.49,0.16,117.86,86.57,63.16
2026-05-18 13:30:00,10,662.9,612.9,0.0,44.15,31.58,228.15,0.19,101.51,83.59,62.71
2026-05-18 13:35:00,10,662.9,612.9,0.0,44.39,29.73,291.96,0.11,135.56,90.05,63.27
2026-05-18 13:40:00,10,662.9,612.9,0.0,44.4,29.05,135.92,0.49,61.31,77.41,61.49
2026-05-18 13:45:00,10,662.9,612.9,0.0,45.17,29.17,207.78,0.22,97.96,82.17,62.9
2026-05-18 13:50:00,10,662.9,612.9,0.0,43.82,30.16,271.61,0.13,134.78,90.05,62.09
2026-05-18 13:55:00,10,662.9,612.9,0.0,43.52,31.5,234.06,0.18,102.98,83.81,63.02
2026-05-18 14:00:00,10,662.9,612.9,0.0,43.91,28.73,265.58,0.12,125.77,87.42,61.92
2026-05-18 14:05:00,10,662.9,612.9,0.0,43.67,30.88,190.29,0.27,94.36,82.24,62.75
2026-05-18 14:10:00,10,662.9,612.9,0.0,44.45,31.98,272.37,0.14,132.61,90.19,61.96
2026-05-18 14:15:00,10,662.9,612.9,0.0,43.45,28.72,247.91,0.15,113.1,84.74,61.93
2026-05-18 14:20:00,10,662.9,612.9,0.0,43.71,31.73,304.21,0.1,154.94,95.79,60.64
2026-05-18 14:25:00,10,662.9,612.9,0.0,43.79,29.25,213.74,0.2,109.24,84.26,61.51
2026-05-18 14:30:00,10,662.9,612.9,0.0,43.99,30.48,201.09,0.24,93.43,81.89,60.53
2026-05-18 14:35:00,10,662.9,612.9,0.0,43.22,30.3,204.98,0.22,89.08,81.07,60.91
2026-05-18 14:40:00,10,662.9,612.9,0.0,43.08,29.37,251.91,0.14,120.99,86.62,61.37
2026-05-18 14:45:00,10,662.9,612.9,0.0,42.76,29.06,301.13,0.1,149.68,93.41,61.41
2026-05-18 14:50:00,10,662.9,612.9,0.0,43.78,28.62,299.1,0.1,132.42,88.88,60.43
2026-05-18 14:55:00,10,662.9,612.9,0.0,43.62,30.46,265.24,0.14,128.36,88.65,59.49
2026-05-18 15:00:00,10,662.9,612.9,0.0,42.73,29.47,246.53,0.15,117.23,85.86,61.19
2026-05-18 15:05:00,10,662.9,612.9,0.0,43.17,30.39,233.05,0.16,113.47,85.42,60.81
2026-05-18 15:10:00,10,662.9,612.9,0.0,42.57,27.74,333.82,0.08,163.58,96.83,59.77
2026-05-18 15:15:00,10,662.9,612.9,0.0,42.26,29.2,222.88,0.2,101.96,82.86,59.32
2026-05-18 15:20:00,10,662.9,612.9,0.0,42.33,29.69,282.23,0.12,126.5,87.91,61.32
2026-05-18 15:25:00,10,662.9,612.9,0.0,41.86,27.05,270.8,0.11,131.35,88.09,60.44
2026-05-18 15:30:00,10,662.9,612.9,0.0,41.93,29.18,266.35,0.13,124.75,87.36,60.28
2026-05-18 15:35:00,10,662.9,612.9,0.0,41.66,27.22,238.5,0.14,110.66,83.7,59.52
2026-05-18 15:40:00,10,662.9,612.9,0.0,42.23,26.54,255.2,0.13,119.43,85.26,59.52
2026-05-18 15:45:00,10,662.9,612.9,0.0,41.56,26.9,183.15,0.26,88.22,79.82,58.25
2026-05-18 15:50:00,10,662.9,612.9,0.0,41.51,26.84,284.93,0.11,135.32,88.97,58.5
2026-05-18 15:55:00,10,662.9,612.9,0.0,42.19,24.2,250.99,0.12,127.16,86.14,58.63
2026-05-18 16:00:00,10,662.9,612.9,0.0,41.02,25.48,186.87,0.24,94.14,80.25,59.85
2026-05-18 16:05:00,10,662.9,612.9,0.0,41.7,24.56,249.57,0.12,111.26,82.85,59.56
2026-05-18 16:10:00,10,662.9,612.9,0.0,41.68,24.25,306.42,0.08,145.28,90.52,60.43
2026-05-18 16:15:00,10,662.9,612.9,0.0,42.75,21.85,233.51,0.14,117.01,83.13,59.03
2026-05-18 16:20:00,10,662.9,612.9,0.0,40.92,22.95,265.29,0.1,131.02,86.56,59.65
2026-05-18 16:25:00,10,662.9,612.9,0.0,40.71,23.0,226.36,0.14,105.42,81.21,58.5
2026-05-18 16:30:00,10,662.9,612.9,0.0,40.07,21.96,202.99,0.16,93.76,78.79,58.65
2026-05-18 16:35:00,10,662.9,612.9,0.0,41.94,22.81,292.57,0.08,144.21,89.74,59.0
2026-05-18 16:40:00,10,662.9,612.9,0.0,41.12,20.79,346.32,0.05,160.05,93.31,57.46
2026-05-18 16:45:00,10,662.9,612.9,0.0,40.38,20.65,259.82,0.1,113.26,81.85,57.74
2026-05-18 16:50:00,10,662.9,612.9,0.0,40.27,21.39,233.35,0.14,113.04,82.14,58.38
2026-05-18 16:55:00,10,662.9,612.9,0.0,39.42,20.53,287.49,0.08,137.9,87.33,58.29
2026-05-18 17:00:00,10,662.9,612.9,0.0,39.16,19.72,309.75,0.07,145.5,88.97,57.57
2026-05-18 17:05:00,10,662.9,612.9,0.0,39.49,20.08,271.43,0.08,129.03,85.05,57.02
2026-05-18 17:10:00,10,662.9,612.9,0.0,39.95,15.87,252.98,0.08,110.0,79.48,57.11
2026-05-18 17:15:00,10,662.9,612.9,0.0,39.67,17.45,193.94,0.13,95.03,77.37,57.43
2026-05-18 17:20:00,10,662.9,612.9,0.0,38.79,17.33,238.67,0.1,118.53,81.78,57.55
2026-05-18 17:25:00,10,662.9,612.9,0.0,38.56,17.63,320.35,0.05,149.92,89.37,56.31
2026-05-18 17:30:00,10,662.9,612.9,0.0,39.01,16.1,262.03,0.08,122.16,82.1,57.52
2026-05-18 17:35:00,10,662.9,612.9,0.0,39.16,17.56,305.66,0.06,144.89,88.03,55.85
2026-05-18 17:40:00,10,662.9,612.9,0.0,38.78,14.57,235.8,0.08,115.21,80.08,56.92
2026-05-18 17:45:00,10,662.9,612.9,0.0,39.08,14.99,195.86,0.11,94.61,76.4,54.83
2026-05-18 17:50:00,10,662.9,612.9,0.0,38.15,14.2,222.82,0.08,103.24,77.59,55.93
2026-05-18 17:55:00,10,662.9,612.9,0.0,38.87,14.87,269.61,0.07,123.94,82.04,55.07
2026-05-18 18:00:00,10,662.9,612.9,0.0,37.24,13.34,204.07,0.11,100.5,76.85,55.44
2026-05-18 18:05:00,10,662.9,612.9,0.0,37.72,12.67,318.31,0.04,145.29,86.38,54.58
2026-05-18 18:10:00,10,662.9,612.9,0.0,37.85,10.41,239.17,0.06,108.77,77.28,57.11
2026-05-18 18:15:00,10,662.9,612.9,0.0,37.3,13.15,261.38,0.06,118.87,80.31,55.38
2026-05-18 18:20:00,10,662.9,612.9,0.0,37.41,10.35,271.72,0.04,128.36,81.4,56.44
2026-05-18 18:25:00,10,662.9,612.9,0.0,36.98,10.22,221.95,0.06,108.33,77.13,55.2
2026-05-18 18:30:00,10,662.9,612.9,0.0,36.52,11.44,249.97,0.06,118.3,79.59,56.11
2026-05-18 18:35:00,10,662.9,612.9,0.0,36.94,9.06,168.34,0.1,83.45,72.51,54.48
2026-05-18 18:40:00,10,662.9,612.9,0.0,37.05,9.12,245.91,0.05,101.45,75.42,56.11
2026-05-18 18:45:00,10,662.9,612.9,0.0,36.15,10.16,187.01,0.09,86.97,73.41,55.36
2026-05-18 18:50:00,10,662.9,612.9,0.0,36.94,9.97,251.0,0.05,116.04,78.58,54.75
2026-05-18 18:55:00,10,662.9,612.9,0.0,36.43,8.88,227.8,0.05,102.23,75.48,54.2
2026-05-18 19:00:00,10,662.9,612.9,0.0,36.19,6.87,212.85,0.05,99.84,89.49,53.01
2026-05-18 19:05:00,10,662.9,612.9,0.0,35.86,8.87,310.57,0.03,153.63,87.27,53.82
2026-05-18 19:10:00,10,662.9,612.9,0.0,35.86,10.45,175.63,0.11,81.85,72.77,53.02
2026-05-18 19:15:00,10,662.9,612.9,0.0,36.75,10.87,248.66,0.06,118.5,79.43,54.36
2026-05-18 19:20:00,10,662.9,612.9,0.0,34.78,7.16,259.41,0.03,125.11,79.52,54.23
2026-05-18 19:25:00,10,662.9,612.9,0.0,35.87,8.44,287.31,0.03,140.7,83.7,53.77
2026-05-18 19:30:00,10,662.9,612.9,0.0,35.62,7.4,242.3,0.04,112.68,76.96,54.58
2026-05-18 19:35:00,10,662.9,612.9,0.0,35.13,9.59,257.68,0.04,122.04,79.7,52.08
2026-05-18 19:40:00,10,662.9,612.9,0.0,34.63,8.25,249.38,0.04,110.55,76.83,51.71
2026-05-18 19:45:00,10,662.9,612.9,0.0,35.71,10.49,215.24,0.08,102.58,76.17,54.99
2026-05-18 19:50:00,10,662.9,612.9,0.0,34.72,8.31,234.47,0.05,109.42,76.65,52.18
2026-05-18 19:55:00,10,662.9,612.9,0.0,34.41,6.85,312.55,0.02,148.22,85.07,53.94
2026-05-18 20:00:00,10,662.9,612.9,0.0,33.89,6.18,252.3,0.03,120.07,78.06,53.5
2026-05-18 20:05:00,10,662.9,612.9,0.0,34.49,9.03,225.74,0.05,105.13,76.07,52.34
2026-05-18 20:10:00,10,662.9,612.9,0.0,33.93,8.54,311.37,0.03,145.7,85.02,54.0
2026-05-18 20:15:00,10,662.9,612.9,0.0,33.41,7.75,236.12,0.04,108.71,76.29,52.52
2026-05-18 20:20:00,10,662.9,612.9,0.0,34.26,7.02,273.52,0.03,129.4,80.45,53.5
2026-05-18 20:25:00,10,662.9,612.9,0.0,34.3,7.2,226.73,0.04,111.43,76.64,52.53
2026-05-18 20:30:00,10,662.9,612.9,0.0,33.17,7.02,287.9,0.03,132.46,81.17,52.37
2026-05-18 20:35:00,10,662.9,612.9,0.0,34.26,7.93,187.43,0.07,93.54,73.65,52.77
2026-05-18 20:40:00,10,662.9,612.9,0.0,33.44,7.44,264.1,0.04,123.0,79.16,54.49
2026-05-18 20:45:00,10,662.9,612.9,0.0,33.24,8.77,302.08,0.03,131.47,81.55,50.99
2026-05-18 20:50:00,10,662.9,612.9,0.0,32.5,7.74,308.58,0.02,145.42,84.64,51.5
2026-05-18 20:55:00,10,662.9,612.9,0.0,33.54,7.8,293.97,0.03,144.13,84.35,52.2
2026-05-18 21:00:00,10,662.9,612.9,0.0,32.89,10.39,203.97,0.08,99.56,75.58,51.0
2026-05-18 21:05:00,10,662.9,612.9,0.0,32.63,9.6,259.1,0.05,122.08,79.74,50.17
2026-05-18 21:10:00,10,662.9,612.9,0.0,32.68,7.0,315.95,0.02,154.71,86.89,51.8
2026-05-18 21:15:00,10,662.9,612.9,0.0,32.57,9.29,210.41,0.07,102.59,75.73,52.23
2026-05-18 21:20:00,10,662.9,612.9,0.0,32.38,10.08,287.74,0.04,132.57,82.28,49.91
2026-05-18 21:25:00,10,662.9,612.9,0.0,31.51,8.93,280.92,0.04,140.56,83.84,49.96
2026-05-18 21:30:00,10,662.9,612.9,0.0,32.33,13.15,257.15,0.06,124.49,81.53,48.99
2026-05-18 21:35:00,10,662.9,612.9,0.0,31.75,13.38,262.31,0.06,127.43,82.28,50.04
2026-05-18 21:40:00,10,662.9,612.9,0.0,32.64,9.46,305.95,0.03,138.62,83.53,50.87
2026-05-18 21:45:00,10,662.9,612.9,0.0,31.98,11.02,269.41,0.05,122.21,80.26,49.39
2026-05-18 21:50:00,10,662.9,612.9,0.0,31.3,12.35,262.52,0.06,128.51,82.16,50.24
2026-05-18 21:55:00,10,662.9,612.9,0.0,31.53,11.62,271.37,0.05,128.94,81.99,52.26
2026-05-18 22:00:00,10,662.9,612.9,0.0,32.24,15.23,215.41,0.1,97.74,76.99,50.74
2026-05-18 22:05:00,10,662.9,612.9,0.0,32.79,13.78,284.36,0.06,132.97,83.72,49.03
2026-05-18 22:10:00,10,662.9,612.9,0.0,32.34,13.17,295.14,0.05,139.72,85.14,50.02
2026-05-18 22:15:00,10,662.9,612.9,0.0,31.31,13.59,248.63,0.07,115.73,79.81,49.28
2026-05-18 22:20:00,10,662.9,612.9,0.0,32.21,16.77,302.7,0.06,148.2,88.62,50.8
2026-05-18 22:25:00,10,662.9,612.9,0.0,32.83,15.08,275.88,0.06,132.17,83.98,49.7
2026-05-18 22:30:00,10,662.9,612.9,0.0,30.95,13.75,248.63,0.07,111.81,79.06,48.9
2026-05-18 22:35:00,10,662.9,612.9,0.0,30.67,17.48,240.63,0.09,113.62,80.77,50.0
2026-05-18 22:40:00,10,662.9,612.9,0.0,31.26,16.87,323.01,0.05,158.01,91.33,49.2
2026-05-18 22:45:00,10,662.9,612.9,0.0,31.59,17.88,252.82,0.09,121.63,100.7,49.74
2026-05-18 22:50:00,10,662.9,612.9,0.0,31.52,16.49,242.62,0.09,114.95,80.7,47.17
2026-05-18 22:55:00,10,662.9,612.9,0.0,31.51,20.14,182.86,0.19,89.59,77.51,49.14
2026-05-18 23:00:00,10,662.9,612.9,0.0,31.07,20.32,356.35,0.05,153.99,91.41,48.03
2026-05-18 23:05:00,10,662.9,612.9,0.0,30.94,20.19,216.4,0.12,99.44,79.06,50.13
2026-05-18 23:10:00,10,662.9,612.9,0.0,30.33,18.57,336.02,0.06,164.1,93.71,49.71
2026-05-18 23:15:00,10,662.9,612.9,0.0,31.85,21.25,306.77,0.08,144.74,89.31,46.91
2026-05-18 23:20:00,10,662.9,612.9,0.0,30.9,20.7,259.43,0.09,128.84,85.22,49.12
2026-05-18 23:25:00,10,662.9,612.9,0.0,30.09,21.17,193.41,0.19,90.76,78.06,44.61
2026-05-18 23:30:00,10,662.9,612.9,0.0,31.32,23.5,279.45,0.1,130.44,86.6,46.46
2026-05-18 23:35:00,10,662.9,612.9,0.0,30.59,23.56,200.0,0.18,100.19,80.5,47.03
2026-05-18 23:40:00,10,662.9,612.9,0.0,31.53,21.76,345.17,0.06,169.74,96.53,48.57
2026-05-18 23:45:00,10,662.9,612.9,0.0,30.56,20.85,280.17,0.09,128.12,85.11,47.69
2026-05-18 23:50:00,10,662.9,612.9,0.0,31.16,23.71,394.7,0.05,191.48,104.25,46.4
2026-05-18 23:55:00,10,662.9,612.9,0.0,30.78,22.67,325.64,0.06,153.29,92.06,46.76
2026-05-19 00:00:00,10,150.0,179.36,0.0,30.87,23.55,307.14,0.08,151.12,91.82,48.56
2026-05-19 00:05:00,10,150.0,179.36,0.0,31.12,25.09,238.66,0.15,116.79,84.22,47.17
2026-05-19 00:10:00,10,150.0,179.36,0.0,31.05,24.55,337.62,0.07,157.16,93.82,47.26
2026-05-19 00:15:00,10,150.0,179.36,0.0,31.7,25.43,303.37,0.09,149.55,92.07,47.2
2026-05-19 00:20:00,10,150.0,179.36,0.0,30.87,26.37,228.65,0.15,115.13,84.32,44.53
2026-05-19 00:25:00,10,150.0,179.36,0.0,30.4,25.47,285.75,0.1,134.97,88.37,45.01
2026-05-19 00:30:00,10,150.0,179.36,0.0,32.03,26.23,309.91,0.09,141.37,90.21,44.92
2026-05-19 00:35:00,10,150.0,179.36,0.0,31.39,24.85,198.4,0.21,92.4,79.66,46.66
2026-05-19 00:40:00,10,150.0,179.36,0.0,31.16,26.63,220.03,0.18,103.52,82.18,46.37
2026-05-19 00:45:00,10,150.0,179.36,0.0,31.42,29.12,309.4,0.09,145.28,92.22,45.45
2026-05-19 00:50:00,10,150.0,179.36,0.0,31.84,29.99,305.0,0.1,146.95,92.99,46.13
2026-05-19 00:55:00,10,150.0,179.36,0.0,31.2,29.32,276.55,0.13,130.87,88.8,46.1
2026-05-19 01:00:00,10,150.0,179.36,0.0,31.08,27.59,191.75,0.25,89.1,80.16,46.92
2026-05-19 01:05:00,10,150.0,179.36,0.0,32.15,28.18,333.91,0.08,148.83,92.82,44.44
2026-05-19 01:10:00,10,150.0,179.36,0.0,31.35,30.53,305.5,0.1,142.41,92.0,45.33
2026-05-19 01:15:00,10,150.0,179.36,0.0,31.41,28.03,184.22,0.25,87.79,80.11,45.27
2026-05-19 01:20:00,10,150.0,179.36,0.0,32.07,31.11,223.4,0.2,109.97,85.03,45.21
2026-05-19 01:25:00,10,150.0,179.36,0.0,31.07,29.68,249.08,0.16,111.41,84.74,45.17
2026-05-19 01:30:00,10,150.0,179.36,0.0,31.09,29.91,216.75,0.21,100.63,82.86,43.78
2026-05-19 01:35:00,10,150.0,179.36,0.0,31.76,29.19,259.61,0.14,120.15,86.35,44.42
2026-05-19 01:40:00,10,150.0,179.36,0.0,31.34,29.3,206.46,0.22,94.25,81.55,44.62
2026-05-19 01:45:00,10,150.0,179.36,0.0,31.88,28.41,328.75,0.08,152.69,93.94,44.14
2026-05-19 01:50:00,10,150.0,179.36,0.0,31.23,30.93,236.88,0.17,109.34,84.78,43.61
2026-05-19 01:55:00,10,150.0,179.36,0.0,31.3,28.74,259.55,0.13,118.69,85.85,44.15
2026-05-19 02:00:00,10,150.0,179.36,0.0,32.36,31.27,264.6,0.14,126.48,88.48,44.03
2026-05-19 02:05:00,10,150.0,179.36,0.0,32.43,27.83,233.38,0.15,108.91,83.58,41.89
2026-05-19 02:10:00,10,150.0,179.36,0.0,31.4,29.0,237.6,0.16,106.96,83.63,43.58
2026-05-19 02:15:00,10,150.0,179.36,0.0,31.86,30.06,233.73,0.18,112.42,85.11,43.04
2026-05-19 02:20:00,10,150.0,179.36,0.0,32.39,29.93,249.33,0.16,125.25,87.77,42.64
2026-05-19 02:25:00,10,150.0,179.36,0.0,32.34,29.98,285.22,0.11,146.04,92.77,43.16
2026-05-19 02:30:00,10,150.0,179.36,0.0,31.89,29.49,210.38,0.21,101.41,82.86,42.28
2026-05-19 02:35:00,10,150.0,179.36,0.0,32.43,30.55,238.25,0.17,104.39,83.7,42.51
2026-05-19 02:40:00,10,150.0,179.36,0.0,32.81,30.19,264.32,0.14,126.56,88.12,43.26
2026-05-19 02:45:00,10,150.0,179.36,0.0,32.82,29.82,179.47,0.31,85.63,80.52,42.38
2026-05-19 02:50:00,10,150.0,179.36,0.0,33.39,27.93,325.26,0.08,154.52,94.29,43.02
2026-05-19 02:55:00,10,150.0,179.36,0.0,32.8,28.39,277.57,0.11,124.2,86.9,43.23
2026-05-19 03:00:00,10,150.0,179.36,0.0,32.42,27.38,276.04,0.11,139.12,90.08,41.28
2026-05-19 03:05:00,10,150.0,179.36,0.0,33.12,24.77,238.97,0.13,115.38,83.77,40.98
2026-05-19 03:10:00,10,150.0,179.36,0.0,32.69,28.76,229.85,0.17,114.02,97.71,41.74
2026-05-19 03:15:00,10,150.0,179.36,0.0,33.7,27.39,297.76,0.1,148.89,92.6,41.73
2026-05-19 03:20:00,10,150.0,179.36,0.0,32.89,26.61,303.16,0.09,142.2,90.55,41.31
2026-05-19 03:25:00,10,150.0,179.36,0.0,33.22,25.25,252.67,0.14,124.04,85.83,41.48
2026-05-19 03:30:00,10,150.0,179.36,0.0,34.21,23.95,307.19,0.08,150.07,91.67,41.78
2026-05-19 03:35:00,10,150.0,179.36,0.0,33.66,27.92,255.2,0.13,119.64,85.78,41.24
2026-05-19 03:40:00,10,150.0,179.36,0.0,33.44,26.09,179.18,0.26,85.95,79.16,41.49
2026-05-19 03:45:00,10,150.0,179.36,0.0,33.81,26.73,273.65,0.11,140.38,90.17,41.94
2026-05-19 03:50:00,10,150.0,179.36,0.0,33.83,25.19,255.02,0.12,121.21,85.14,42.23
2026-05-19 03:55:00,10,150.0,179.36,0.0,34.45,22.02,175.22,0.25,86.07,77.74,42.02
2026-05-19 04:00:00,10,150.0,179.36,0.0,34.55,22.25,236.08,0.13,112.4,82.28,41.53
2026-05-19 04:05:00,10,150.0,179.36,0.0,34.08,22.12,325.91,0.06,157.88,93.16,41.55
2026-05-19 04:10:00,10,150.0,179.36,0.0,34.65,23.1,266.1,0.1,133.56,87.2,38.99
2026-05-19 04:15:00,10,150.0,179.36,0.0,34.73,23.38,204.42,0.18,94.86,79.51,41.44
2026-05-19 04:20:00,10,150.0,179.36,0.0,34.87,21.97,301.17,0.08,146.71,90.09,39.35
2026-05-19 04:25:00,10,150.0,179.36,0.0,36.0,22.02,285.69,0.09,129.07,85.75,40.48
2026-05-19 04:30:00,10,150.0,179.36,0.0,35.62,21.89,376.54,0.05,176.29,98.6,38.89
2026-05-19 04:35:00,10,150.0,179.36,0.0,35.7,19.94,203.26,0.17,100.36,92.57,39.66
2026-05-19 04:40:00,10,150.0,179.36,0.0,35.21,23.83,214.03,0.16,103.66,81.2,39.71
2026-05-19 04:45:00,10,150.0,179.36,0.0,36.53,18.0,251.29,0.08,123.08,82.96,39.88
2026-05-19 04:50:00,10,150.0,179.36,0.0,34.79,19.04,334.99,0.05,161.48,93.1,39.35
2026-05-19 04:55:00,10,150.0,179.36,0.0,36.53,18.33,268.11,0.08,126.03,83.74,40.51
2026-05-19 05:00:00,10,150.0,179.36,0.0,36.45,17.45,228.37,0.11,108.0,79.69,38.1
2026-05-19 05:05:00,10,150.0,179.36,0.0,37.06,16.8,329.47,0.05,152.19,89.69,37.18
2026-05-19 05:10:00,10,150.0,179.36,0.0,37.17,15.45,224.41,0.09,97.12,76.95,37.93
2026-05-19 05:15:00,10,150.0,179.36,0.0,36.77,16.67,198.42,0.13,97.42,77.5,39.16
2026-05-19 05:20:00,10,150.0,179.36,0.0,37.45,19.28,242.71,0.11,118.45,82.46,39.36
2026-05-19 05:25:00,10,150.0,179.36,0.0,37.09,15.85,304.14,0.05,137.59,85.55,37.9
2026-05-19 05:30:00,10,150.0,179.36,0.0,36.92,12.94,202.01,0.1,96.76,76.02,38.63
2026-05-19 05:35:00,10,150.0,179.36,0.0,38.16,15.48,337.24,0.04,166.63,93.36,39.46
2026-05-19 05:40:00,10,150.0,179.36,0.0,37.18,15.64,254.7,0.07,109.19,79.21,36.65
2026-05-19 05:45:00,10,150.0,179.36,0.0,38.15,15.64,219.93,0.11,106.78,78.83,37.09
2026-05-19 05:50:00,10,150.0,179.36,0.0,39.07,16.27,318.56,0.05,144.99,87.59,36.57
2026-05-19 05:55:00,10,150.0,179.36,0.0,38.08,13.31,254.8,0.07,124.93,81.71,37.8
2026-05-19 06:00:00,10,150.0,179.36,0.0,37.45,13.3,294.6,0.05,141.18,85.56,36.47
2026-05-19 06:05:00,10,150.0,179.36,0.0,38.06,12.43,320.79,0.04,144.66,101.87,38.81
2026-05-19 06:10:00,10,150.0,179.36,0.0,38.2,12.06,255.57,0.05,110.83,78.25,37.19
2026-05-19 06:15:00,10,150.0,179.36,0.0,38.19,10.73,242.57,0.06,111.51,77.94,37.75
2026-05-19 06:20:00,10,150.0,179.36,0.0,38.87,10.04,264.95,0.05,123.32,80.17,38.09
2026-05-19 06:25:00,10,150.0,179.36,0.0,38.32,10.66,197.01,0.09,98.9,75.59,36.43
2026-05-19 06:30:00,10,150.0,179.36,0.0,38.74,9.62,202.8,0.08,100.15,75.43,36.2
2026-05-19 06:35:00,10,150.0,179.36,0.0,39.29,11.12,252.24,0.05,122.16,80.3,36.38
2026-05-19 06:40:00,10,150.0,179.36,0.0,39.31,9.21,209.97,0.06,99.32,75.1,36.29
2026-05-19 06:45:00,10,150.0,179.36,0.0,38.77,10.25,265.01,0.04,117.49,78.96,35.77
2026-05-19 06:50:00,10,150.0,179.36,0.0,39.45,8.98,303.95,0.03,146.83,85.48,36.61
2026-05-19 06:55:00,10,150.0,179.36,0.0,40.18,8.97,268.14,0.04,119.54,78.95,36.96
2026-05-19 07:00:00,10,150.0,179.36,0.0,40.52,9.65,287.49,0.04,133.68,82.42,35.65
2026-05-19 07:05:00,10,150.0,179.36,0.0,39.38,10.62,184.71,0.1,87.84,73.74,34.84
2026-05-19 07:10:00,10,150.0,179.36,0.0,40.08,9.99,271.67,0.04,126.89,80.94,35.52
2026-05-19 07:15:00,10,150.0,179.36,0.0,40.08,6.54,382.01,0.01,181.82,94.94,34.96
2026-05-19 07:20:00,10,150.0,179.36,0.0,40.26,8.42,239.79,0.04,113.99,94.2,36.79
2026-05-19 07:25:00,10,150.0,179.36,0.0,40.13,8.41,265.28,0.03,127.17,80.43,35.63
2026-05-19 07:30:00,10,150.0,179.36,0.0,41.57,7.49,269.61,0.03,129.93,80.75,34.69
2026-05-19 07:35:00,10,150.0,179.36,0.0,40.45,8.0,253.52,0.04,119.98,78.71,34.31
2026-05-19 07:40:00,10,150.0,179.36,0.0,41.09,4.86,299.63,0.02,135.93,81.25,34.59
2026-05-19 07:45:00,10,150.0,179.36,0.0,40.19,10.34,231.71,0.06,103.45,76.24,34.46
2026-05-19 07:50:00,10,150.0,179.36,0.0,40.53,7.82,273.39,0.03,131.55,93.02,34.49
2026-05-19 07:55:00,10,150.0,179.36,0.0,41.49,6.9,297.84,0.02,129.59,80.45,35.94
2026-05-19 08:00:00,10,150.0,179.36,0.0,41.05,6.44,240.41,0.03,104.15,74.95,35.09
2026-05-19 08:05:00,10,150.0,179.36,0.0,42.21,7.23,243.27,0.04,114.6,77.31,32.22
2026-05-19 08:10:00,10,150.0,179.36,0.0,41.92,8.48,239.93,0.05,117.39,78.35,32.89
2026-05-19 08:15:00,10,150.0,179.36,0.0,41.48,7.17,199.53,0.06,96.12,73.82,33.24
2026-05-19 08:20:00,10,150.0,179.36,0.0,41.65,8.36,289.2,0.03,130.2,81.12,34.06
2026-05-19 08:25:00,10,150.0,179.36,0.0,42.33,5.63,230.27,0.03,103.16,74.49,33.86
2026-05-19 08:30:00,10,150.0,179.36,0.0,42.68,7.21,328.34,0.02,155.06,87.08,32.35
2026-05-19 08:35:00,10,150.0,179.36,0.0,42.63,7.83,291.47,0.03,137.81,82.77,32.26
2026-05-19 08:40:00,10,150.0,179.36,0.0,42.06,6.58,108.31,0.18,52.2,67.99,32.36
2026-05-19 08:45:00,10,150.0,179.36,0.0,42.45,8.11,241.83,0.04,124.64,79.78,32.8
2026-05-19 08:50:00,10,150.0,179.36,0.0,41.98,10.88,218.43,0.07,104.23,76.6,32.03
2026-05-19 08:55:00,10,150.0,179.36,0.0,43.47,7.31,303.17,0.03,137.82,82.59,31.47
2026-05-19 09:00:00,10,150.0,179.36,0.0,43.21,10.81,218.88,0.07,97.38,75.34,32.34
2026-05-19 09:05:00,10,150.0,179.36,0.0,43.34,8.6,230.21,0.05,111.16,77.11,31.95
2026-05-19 09:10:00,10,150.0,179.36,0.0,42.8,9.61,262.27,0.04,130.42,81.63,31.27
2026-05-19 09:15:00,10,150.0,179.36,0.0,42.85,9.15,239.39,0.06,113.85,77.87,32.95
2026-05-19 09:20:00,10,150.0,179.36,0.0,42.58,10.22,253.8,0.05,121.69,79.88,31.84
2026-05-19 09:25:00,10,150.0,179.36,0.0,43.3,9.76,273.32,0.04,122.64,79.91,31.07
2026-05-19 09:30:00,10,150.0,179.36,0.0,44.1,11.22,282.84,0.04,131.06,82.35,33.86
2026-05-19 09:35:00,10,150.0,179.36,0.0,42.98,11.27,265.33,0.05,123.95,80.75,31.79
2026-05-19 09:40:00,10,150.0,179.36,0.0,43.78,10.25,230.66,0.06,105.75,76.65,31.4
2026-05-19 09:45:00,10,150.0,179.36,0.0,43.49,12.05,254.19,0.06,122.46,80.71,31.77
2026-05-19 09:50:00,10,150.0,179.36,0.0,43.91,11.03,232.43,0.06,105.47,76.87,30.15
2026-05-19 09:55:00,10,150.0,179.36,0.0,44.38,14.56,202.41,0.11,95.21,76.36,31.17
2026-05-19 10:00:00,10,150.0,179.36,0.0,44.22,12.03,306.02,0.04,147.25,86.69,31.17
2026-05-19 10:05:00,10,150.0,179.36,0.0,44.13,12.97,261.12,0.06,129.91,82.73,32.06
2026-05-19 10:10:00,10,150.0,179.36,0.0,43.62,11.17,313.2,0.04,150.18,87.17,31.56
2026-05-19 10:15:00,10,150.0,179.36,0.0,44.09,13.28,238.49,0.07,116.27,79.84,31.74
2026-05-19 10:20:00,10,150.0,179.36,0.0,43.58,13.89,219.44,0.09,102.38,77.36,31.12
2026-05-19 10:25:00,10,150.0,179.36,0.0,43.48,15.12,293.49,0.06,142.38,86.54,31.17
2026-05-19 10:30:00,10,150.0,179.36,0.0,44.11,14.99,370.35,0.03,181.87,97.96,29.0
2026-05-19 10:35:00,10,150.0,179.36,0.0,45.14,15.19,245.3,0.08,111.8,79.61,31.15
2026-05-19 10:40:00,10,150.0,179.36,0.0,44.13,15.4,170.52,0.16,81.86,86.36,30.21
2026-05-19 10:45:00,10,150.0,179.36,0.0,44.08,15.22,218.7,0.1,95.04,76.54,30.02
2026-05-19 10:50:00,10,150.0,179.36,0.0,44.6,15.77,280.6,0.07,134.23,84.76,29.44
2026-05-19 10:55:00,10,150.0,179.36,0.0,44.48,17.43,257.66,0.08,126.14,83.47,30.4
2026-05-19 11:00:00,10,150.0,179.36,0.0,44.3,17.86,295.67,0.07,140.79,87.12,28.73
2026-05-19 11:05:00,10,150.0,179.36,0.0,44.79,16.4,273.39,0.07,126.69,83.21,32.42
2026-05-19 11:10:00,10,150.0,179.36,0.0,45.49,20.28,320.82,0.06,153.11,91.2,30.05
2026-05-19 11:15:00,10,150.0,179.36,0.0,44.25,16.09,260.06,0.08,130.01,83.89,31.01
2026-05-19 11:20:00,10,150.0,179.36,0.0,45.22,18.19,241.9,0.1,112.39,80.82,29.52
2026-05-19 11:25:00,10,150.0,179.36,0.0,45.99,18.06,233.59,0.1,108.75,80.05,28.84
2026-05-19 11:30:00,10,150.0,179.36,0.0,44.86,18.99,215.76,0.14,102.75,79.31,31.34
2026-05-19 11:35:00,10,150.0,179.36,0.0,44.27,21.03,332.61,0.06,163.22,94.34,27.81
2026-05-19 11:40:00,10,150.0,179.36,0.0,45.42,20.45,176.1,0.21,85.89,77.1,30.0
2026-05-19 11:45:00,10,150.0,179.36,0.0,45.28,20.28,236.56,0.12,110.82,81.27,27.55
2026-05-19 11:50:00,10,150.0,179.36,0.0,44.56,22.36,207.49,0.17,96.48,79.43,28.74
2026-05-19 11:55:00,10,150.0,179.36,0.0,45.4,22.9,201.8,0.17,89.46,78.44,27.83
2026-05-19 12:00:00,10,150.0,179.36,0.0,44.23,21.78,252.68,0.1,125.07,84.79,28.7
2026-05-19 12:05:00,10,150.0,179.36,0.0,44.83,24.74,247.92,0.14,120.86,84.97,26.59
2026-05-19 12:10:00,10,150.0,179.36,0.0,45.59,21.52,264.97,0.1,134.18,86.82,27.55
2026-05-19 12:15:00,10,150.0,179.36,0.0,44.33,22.38,314.29,0.07,148.41,90.68,27.73
2026-05-19 12:20:00,10,150.0,179.36,0.0,44.92,23.18,256.82,0.11,119.91,84.16,27.46
2026-05-19 12:25:00,10,150.0,179.36,0.0,45.01,25.14,225.4,0.16,112.48,83.39,26.64
2026-05-19 12:30:00,10,150.0,179.36,0.0,45.15,25.5,226.25,0.17,110.79,83.2,26.88
2026-05-19 12:35:00,10,150.0,179.36,0.0,45.18,24.78,220.93,0.17,102.04,81.27,27.53
2026-05-19 12:40:00,10,150.0,179.36,0.0,45.5,24.1,223.79,0.16,101.62,80.94,25.46
2026-05-19 12:45:00,10,150.0,179.36,0.0,44.81,25.73,232.94,0.17,109.26,82.97,25.72
2026-05-19 12:50:00,10,150.0,179.36,0.0,44.25,24.08,286.17,0.1,135.68,88.08,27.71
2026-05-19 12:55:00,10,150.0,179.36,0.0,44.92,24.76,300.94,0.09,143.68,90.31,25.55
2026-05-19 13:00:00,10,150.0,179.36,0.0,44.48,25.55,247.25,0.13,113.4,83.66,27.22
2026-05-19 13:05:00,10,150.0,179.36,0.0,44.25,25.97,249.82,0.14,117.44,84.66,26.18
2026-05-19 13:10:00,10,150.0,179.36,0.0,44.31,25.84,203.85,0.2,87.22,79.17,27.09
2026-05-19 13:15:00,10,150.0,179.36,0.0,44.35,25.23,159.22,0.31,85.16,78.86,25.54
2026-05-19 13:20:00,10,150.0,179.36,0.0,44.17,26.68,265.07,0.12,125.77,86.7,26.51
2026-05-19 13:25:00,10,150.0,179.36,0.0,44.35,26.77,270.98,0.11,133.07,88.41,25.5
2026-05-19 13:30:00,10,150.0,179.36,0.0,44.13,27.01,237.43,0.16,115.16,99.97,27.08
2026-05-19 13:35:00,10,150.0,179.36,0.0,44.17,26.64,206.2,0.2,95.33,80.79,27.29
2026-05-19 13:40:00,10,150.0,179.36,0.0,44.41,27.87,257.94,0.14,130.29,88.19,24.19
2026-05-19 13:45:00,10,150.0,179.36,0.0,44.27,26.38,237.76,0.15,113.57,84.02,24.18
2026-05-19 13:50:00,10,150.0,179.36,0.0,43.53,27.49,263.8,0.12,123.9,86.56,25.96
2026-05-19 13:55:00,10,150.0,179.36,0.0,44.63,28.11,243.81,0.14,118.6,85.66,26.05
2026-05-19 14:00:00,10,150.0,179.36,0.0,45.22,26.84,251.66,0.13,118.97,85.28,25.48
2026-05-19 14:05:00,10,150.0,179.36,0.0,44.18,26.39,299.47,0.1,149.7,92.49,25.81
2026-05-19 14:10:00,10,150.0,179.36,0.0,44.56,27.37,129.63,0.5,59.92,76.7,24.41
2026-05-19 14:15:00,10,150.0,179.36,0.0,44.14,28.49,244.31,0.14,111.6,84.34,24.81
2026-05-19 14:20:00,10,150.0,179.36,0.0,43.85,26.64,345.33,0.07,168.76,97.98,26.68
2026-05-19 14:25:00,10,150.0,179.36,0.0,44.62,26.49,244.42,0.15,107.97,95.77,24.8
2026-05-19 14:30:00,10,150.0,179.36,0.0,43.59,26.07,245.03,0.15,116.55,84.53,24.08
2026-05-19 14:35:00,10,150.0,179.36,0.0,43.81,26.32,176.48,0.28,86.16,79.33,24.6
2026-05-19 14:40:00,10,150.0,179.36,0.0,43.39,27.1,255.63,0.15,127.23,87.24,25.14
2026-05-19 14:45:00,10,150.0,179.36,0.0,43.12,26.16,227.21,0.16,107.32,82.72,24.05
2026-05-19 14:50:00,10,150.0,179.36,0.0,42.65,27.26,218.7,0.17,106.74,97.04,24.69
2026-05-19 14:55:00,10,150.0,179.36,0.0,42.93,24.81,252.05,0.12,124.26,85.7,23.39
2026-05-19 15:00:00,10,150.0,179.36,0.0,42.28,26.54,285.23,0.11,132.28,88.14,23.54
2026-05-19 15:05:00,10,150.0,179.36,0.0,43.37,23.8,266.61,0.11,125.27,85.55,23.89
2026-05-19 15:10:00,10,150.0,179.36,0.0,42.3,24.35,288.06,0.09,131.49,87.14,24.55
2026-05-19 15:15:00,10,150.0,179.36,0.0,42.86,23.85,282.37,0.09,132.44,87.19,22.13
2026-05-19 15:20:00,10,150.0,179.36,0.0,41.48,25.41,292.98,0.09,132.58,87.77,23.24
2026-05-19 15:25:00,10,150.0,179.36,0.0,41.98,22.83,243.59,0.12,116.5,83.32,22.91
2026-05-19 15:30:00,10,150.0,179.36,0.0,42.72,22.33,261.82,0.11,126.07,85.22,21.65
2026-05-19 15:35:00,10,150.0,179.36,0.0,42.05,21.99,327.95,0.07,146.13,89.93,23.64
2026-05-19 15:40:00,10,150.0,179.36,0.0,42.12,21.37,237.03,0.12,104.47,80.42,23.44
2026-05-19 15:45:00,10,150.0,179.36,0.0,41.42,22.25,295.4,0.08,140.58,105.16,23.86
2026-05-19 15:50:00,10,150.0,179.36,0.0,42.15,22.61,256.43,0.11,111.95,82.29,19.76
2026-05-19 15:55:00,10,150.0,179.36,0.0,41.35,21.11,308.89,0.07,138.87,107.04,23.25
2026-05-19 16:00:00,10,150.0,179.36,0.0,41.25,21.68,261.08,0.1,115.61,82.7,21.57
2026-05-19 16:05:00,10,150.0,179.36,0.0,42.5,21.08,238.38,0.12,112.37,81.86,20.88
2026-05-19 16:10:00,10,150.0,179.36,0.0,40.77,21.21,228.15,0.14,109.56,81.38,22.19
2026-05-19 16:15:00,10,150.0,179.36,0.0,41.32,19.89,220.58,0.13,104.5,79.93,21.95
2026-05-19 16:20:00,10,150.0,179.36,0.0,41.5,20.23,206.75,0.15,95.24,78.42,22.16
2026-05-19 16:25:00,10,150.0,179.36,0.0,40.92,21.56,285.0,0.09,143.76,89.2,21.84
2026-05-19 16:30:00,10,150.0,179.36,0.0,40.42,18.72,343.39,0.05,166.31,94.42,20.83
2026-05-19 16:35:00,10,150.0,179.36,0.0,40.51,18.42,272.34,0.09,130.23,84.77,22.05
2026-05-19 16:40:00,10,150.0,179.36,0.0,40.84,16.27,238.82,0.09,111.97,80.03,19.25
2026-05-19 16:45:00,10,150.0,179.36,0.0,40.24,19.05,134.91,0.34,62.83,73.77,21.27
2026-05-19 16:50:00,10,150.0,179.36,0.0,40.37,15.26,285.01,0.06,139.58,85.87,21.55
2026-05-19 16:55:00,10,150.0,179.36,0.0,40.19,15.7,351.1,0.04,166.81,93.49,20.72
2026-05-19 17:00:00,10,150.0,179.36,0.0,39.23,16.13,270.05,0.07,132.12,84.37,19.68
2026-05-19 17:05:00,10,150.0,179.36,0.0,39.83,16.51,204.78,0.12,92.96,76.67,20.11
2026-05-19 17:10:00,10,150.0,179.36,0.0,40.4,15.46,206.86,0.12,97.51,77.08,19.46
2026-05-19 17:15:00,10,150.0,179.36,0.0,38.84,16.12,297.0,0.06,139.78,86.22,19.61
2026-05-19 17:20:00,10,150.0,179.36,0.0,39.58,12.81,236.68,0.07,103.17,77.08,20.24
2026-05-19 17:25:00,10,150.0,179.36,0.0,39.61,12.54,145.89,0.18,70.17,72.05,19.22
2026-05-19 17:30:00,10,150.0,179.36,0.0,39.28,13.14,252.09,0.07,126.5,82.01,19.38
2026-05-19 17:35:00,10,150.0,179.36,0.0,39.13,12.76,210.21,0.1,107.35,77.91,18.44
2026-05-19 17:40:00,10,150.0,179.36,0.0,38.14,13.51,312.33,0.05,147.7,87.33,19.97
2026-05-19 17:45:00,10,150.0,179.36,0.0,38.67,12.16,332.59,0.04,167.39,92.43,18.65
2026-05-19 17:50:00,10,150.0,179.36,0.0,38.8,11.88,266.93,0.05,117.92,79.64,19.04
2026-05-19 17:55:00,10,150.0,179.36,0.0,37.99,10.64,254.68,0.05,118.57,79.35,20.81
2026-05-19 18:00:00,10,150.0,179.36,0.0,38.55,9.87,276.67,0.04,128.22,81.2,17.97
2026-05-19 18:05:00,10,150.0,179.36,0.0,38.38,10.05,233.62,0.06,115.38,78.49,19.93
2026-05-19 18:10:00,10,150.0,179.36,0.0,38.23,9.83,277.52,0.04,137.32,83.36,20.63
2026-05-19 18:15:00,10,150.0,179.36,0.0,38.2,9.87,159.66,0.12,73.72,71.45,19.75
2026-05-19 18:20:00,10,150.0,179.36,0.0,37.72,9.4,277.78,0.04,136.77,83.08,18.78
2026-05-19 18:25:00,10,150.0,179.36,0.0,36.87,8.58,292.55,0.03,132.0,81.61,18.37
2026-05-19 18:30:00,10,150.0,179.36,0.0,36.92,9.22,233.96,0.05,110.3,77.14,18.52
2026-05-19 18:35:00,10,150.0,179.36,0.0,36.86,9.65,215.66,0.06,107.57,76.78,17.82
2026-05-19 18:40:00,10,150.0,179.36,0.0,36.32,7.94,310.94,0.03,133.25,81.69,16.63
2026-05-19 18:45:00,10,150.0,179.36,0.0,37.57,7.43,301.97,0.03,144.62,84.35,18.86
2026-05-19 18:50:00,10,150.0,179.36,0.0,36.41,8.85,357.39,0.02,170.26,92.09,15.69
2026-05-19 18:55:00,10,150.0,179.36,0.0,36.96,7.98,322.82,0.03,167.53,90.98,18.03
2026-05-19 19:00:00,10,150.0,179.36,0.0,36.48,7.76,293.31,0.03,137.67,82.7,17.49
2026-05-19 19:05:00,10,150.0,179.36,0.0,35.72,7.4,335.16,0.02,160.7,88.74,15.81
2026-05-19 19:10:00,10,150.0,179.36,0.0,35.76,7.23,273.47,0.03,127.07,79.99,17.03
2026-05-19 19:15:00,10,150.0,179.36,0.0,35.1,6.53,226.4,0.04,97.98,73.87,16.89
2026-05-19 19:20:00,10,150.0,179.36,0.0,35.27,5.64,293.98,0.02,141.56,82.91,17.34
2026-05-19 19:25:00,10,150.0,179.36,0.0,35.03,8.56,264.83,0.04,124.01,79.78,16.33
2026-05-19 19:30:00,10,150.0,179.36,0.0,34.25,5.76,270.48,0.02,125.72,79.14,16.68
2026-05-19 19:35:00,10,150.0,179.36,0.0,35.18,8.18,228.17,0.05,107.78,76.28,17.34
2026-05-19 19:40:00,10,150.0,179.36,0.0,33.98,5.1,286.02,0.02,137.44,81.69,16.79
2026-05-19 19:45:00,10,150.0,179.36,0.0,35.7,6.26,249.35,0.03,115.06,77.03,16.36
2026-05-19 19:50:00,10,150.0,179.36,0.0,35.57,6.2,233.45,0.04,110.87,76.18,16.0
2026-05-19 19:55:00,10,150.0,179.36,0.0,35.13,5.31,370.24,0.01,168.68,90.35,14.79
2026-05-19 20:00:00,10,150.0,179.36,0.0,33.87,6.4,277.64,0.03,123.81,78.96,17.17
2026-05-19 20:05:00,10,150.0,179.36,0.0,33.74,7.49,229.8,0.05,114.63,77.41,18.12
2026-05-19 20:10:00,10,150.0,179.36,0.0,34.36,5.56,303.26,0.02,140.86,82.71,14.31
2026-05-19 20:15:00,10,150.0,179.36,0.0,33.32,4.64,240.42,0.02,117.95,77.05,16.31
2026-05-19 20:20:00,10,150.0,179.36,0.0,34.37,6.49,279.73,0.03,133.45,81.22,15.99
2026-05-19 20:25:00,10,150.0,179.36,0.0,33.15,7.47,259.41,0.04,127.95,80.29,14.62
2026-05-19 20:30:00,10,150.0,179.36,0.0,33.27,4.65,288.76,0.02,146.31,83.8,14.29
2026-05-19 20:35:00,10,150.0,179.36,0.0,33.12,7.43,197.11,0.06,89.03,72.71,16.8
2026-05-19 20:40:00,10,150.0,179.36,0.0,32.79,5.9,297.92,0.02,137.28,81.93,14.47
2026-05-19 20:45:00,10,150.0,179.36,0.0,33.5,5.89,233.52,0.03,107.34,75.35,14.8
2026-05-19 20:50:00,10,150.0,179.36,0.0,32.71,7.99,227.47,0.05,100.36,74.82,13.08
2026-05-19 20:55:00,10,150.0,179.36,0.0,32.82,6.28,232.17,0.04,111.12,76.25,14.25
2026-05-19 21:00:00,10,150.0,179.36,0.0,32.85,6.36,193.77,0.05,85.41,71.75,14.01
2026-05-19 21:05:00,10,150.0,179.36,0.0,32.98,7.75,207.07,0.06,101.87,75.03,15.52
2026-05-19 21:10:00,10,150.0,179.36,0.0,33.35,6.85,297.03,0.03,141.92,83.45,14.56
2026-05-19 21:15:00,10,150.0,179.36,0.0,32.53,6.69,172.31,0.08,86.56,72.1,14.09
2026-05-19 21:20:00,10,150.0,179.36,0.0,32.67,8.81,270.03,0.04,132.76,81.89,13.71
2026-05-19 21:25:00,10,150.0,179.36,0.0,32.77,8.5,264.52,0.04,124.2,79.8,13.74
2026-05-19 21:30:00,10,150.0,179.36,0.0,32.38,8.11,271.36,0.04,133.1,81.72,14.09
2026-05-19 21:35:00,10,150.0,179.36,0.0,31.63,8.13,328.1,0.02,141.51,83.77,12.39
2026-05-19 21:40:00,10,150.0,179.36,0.0,32.48,8.11,204.79,0.06,97.89,74.44,12.44
2026-05-19 21:45:00,10,150.0,179.36,0.0,32.23,9.96,269.45,0.04,126.85,80.91,13.54
2026-05-19 21:50:00,10,150.0,179.36,0.0,32.54,8.79,165.41,0.11,77.17,71.52,11.26
2026-05-19 21:55:00,10,150.0,179.36,0.0,31.79,9.63,257.31,0.05,117.69,78.8,11.95
2026-05-19 22:00:00,10,150.0,179.36,0.0,32.0,9.92,130.2,0.18,61.87,70.14,12.8
2026-05-19 22:05:00,10,150.0,179.36,0.0,31.49,9.86,357.6,0.02,173.33,93.39,12.63
2026-05-19 22:10:00,10,150.0,179.36,0.0,31.79,10.26,325.44,0.03,152.32,87.39,13.81
2026-05-19 22:15:00,10,150.0,179.36,0.0,32.11,9.95,247.51,0.06,125.81,80.71,11.57
2026-05-19 22:20:00,10,150.0,179.36,0.0,31.31,12.29,214.15,0.08,99.4,76.21,12.58
2026-05-19 22:25:00,10,150.0,179.36,0.0,31.22,12.52,291.06,0.05,140.53,85.12,12.66
2026-05-19 22:30:00,10,150.0,179.36,0.0,30.93,12.07,263.86,0.05,130.3,82.46,12.99
2026-05-19 22:35:00,10,150.0,179.36,0.0,31.09,12.83,234.99,0.08,105.48,77.52,11.84
2026-05-19 22:40:00,10,150.0,179.36,0.0,31.9,12.74,257.98,0.06,125.04,81.51,11.23
2026-05-19 22:45:00,10,150.0,179.36,0.0,30.85,13.4,181.67,0.13,88.46,74.85,12.21
2026-05-19 22:50:00,10,150.0,179.36,0.0,31.69,13.28,180.92,0.12,82.53,73.88,10.44
2026-05-19 22:55:00,10,150.0,179.36,0.0,31.23,12.63,260.53,0.06,128.02,82.15,12.3
2026-05-19 23:00:00,10,150.0,179.36,0.0,31.28,15.76,255.0,0.08,131.13,84.01,11.39
2026-05-19 23:05:00,10,150.0,179.36,0.0,31.07,13.14,278.48,0.05,130.46,82.87,14.05
2026-05-19 23:10:00,10,150.0,179.36,0.0,30.12,12.91,226.61,0.09,104.45,77.38,10.37
2026-05-19 23:15:00,10,150.0,179.36,0.0,31.26,13.86,275.2,0.06,128.04,82.58,11.26
2026-05-19 23:20:00,10,150.0,179.36,0.0,32.15,12.77,209.83,0.1,99.14,76.38,10.88
2026-05-19 23:25:00,10,150.0,179.36,0.0,30.92,17.34,233.57,0.1,111.38,80.29,10.81
2026-05-19 23:30:00,10,150.0,179.36,0.0,30.7,16.26,214.83,0.12,107.03,79.1,8.94
2026-05-19 23:35:00,10,150.0,179.36,0.0,31.3,15.43,237.92,0.08,111.18,79.54,10.14
2026-05-19 23:40:00,10,150.0,179.36,0.0,31.03,15.62,273.13,0.07,128.13,83.24,9.09
2026-05-19 23:45:00,10,150.0,179.36,0.0,29.77,14.09,216.06,0.1,95.31,76.16,11.23
2026-05-19 23:50:00,10,150.0,179.36,0.0,30.88,16.67,349.16,0.04,160.39,91.93,9.78
2026-05-19 23:55:00,10,150.0,179.36,0.0,31.62,18.11,309.17,0.06,146.56,101.4,9.96
2026-05-20 00:00:00,10,-504.88,104.12,-0.19,30.32,16.04,217.83,0.1,108.9,79.34,9.79
2026-05-20 00:05:00,10,-504.88,104.12,-0.19,30.85,17.25,199.71,0.13,96.52,77.54,9.93
2026-05-20 00:10:00,10,-504.88,104.12,-0.19,30.6,17.3,280.68,0.07,133.06,84.99,9.35
2026-05-20 00:15:00,10,-504.88,104.12,-0.19,30.97,18.35,212.49,0.13,101.59,78.83,9.73
2026-05-20 00:20:00,10,-504.88,104.12,-0.19,31.1,16.93,215.58,0.12,101.91,78.37,8.66
2026-05-20 00:25:00,10,-504.88,104.12,-0.19,30.15,17.74,286.05,0.07,137.03,86.11,9.68
2026-05-20 00:30:00,10,-504.88,104.12,-0.19,31.29,18.16,297.87,0.06,135.04,85.75,9.72
2026-05-20 00:35:00,10,-504.88,104.12,-0.19,30.83,16.86,306.83,0.06,150.57,89.28,8.93
2026-05-20 00:40:00,10,-504.88,104.12,-0.19,30.66,17.26,342.16,0.05,153.63,90.24,8.29
2026-05-20 00:45:00,10,-504.88,104.12,-0.19,30.89,18.05,234.76,0.12,115.95,81.51,7.71
2026-05-20 00:50:00,10,-504.88,104.12,-0.19,30.54,18.22,201.67,0.15,92.13,77.17,8.72
2026-05-20 00:55:00,10,-504.88,104.12,-0.19,30.83,17.98,197.15,0.15,92.03,77.07,8.3
2026-05-20 01:00:00,10,-504.88,104.12,-0.19,31.78,19.21,169.87,0.22,80.96,75.92,7.6
2026-05-20 01:05:00,10,-504.88,104.12,-0.19,31.31,18.31,201.55,0.13,97.79,78.13,7.67
2026-05-20 01:10:00,10,-504.88,104.12,-0.19,32.07,17.98,257.32,0.08,117.22,81.68,5.68
2026-05-20 01:15:00,10,-504.88,104.12,-0.19,30.67,18.29,162.83,0.24,73.08,74.54,7.54
2026-05-20 01:20:00,10,-504.88,104.12,-0.19,31.1,18.16,218.07,0.12,98.62,78.21,6.02
2026-05-20 01:25:00,10,-504.88,104.12,-0.19,31.27,18.13,160.44,0.21,72.37,74.34,7.04
2026-05-20 01:30:00,10,-504.88,104.12,-0.19,31.62,19.21,210.29,0.14,100.58,78.97,7.47
2026-05-20 01:35:00,10,-504.88,104.12,-0.19,31.21,19.68,188.09,0.18,100.66,79.23,8.46
2026-05-20 01:40:00,10,-504.88,104.12,-0.19,31.18,17.48,212.99,0.12,97.09,77.7,7.9
2026-05-20 01:45:00,10,-504.88,104.12,-0.19,32.09,17.55,322.19,0.05,152.32,89.98,7.12
2026-05-20 01:50:00,10,-504.88,104.12,-0.19,31.25,18.83,215.01,0.13,97.74,78.3,6.17
2026-05-20 01:55:00,10,-504.88,104.12,-0.19,31.77,17.25,340.13,0.05,160.06,92.05,5.38
2026-05-20 02:00:00,10,-504.88,104.12,-0.19,32.65,20.1,315.68,0.06,146.92,89.44,7.74
2026-05-20 02:05:00,10,-504.88,104.12,-0.19,32.44,17.81,269.52,0.08,122.02,82.65,6.52
2026-05-20 02:10:00,10,-504.88,104.12,-0.19,31.61,17.97,295.08,0.07,147.44,88.85,6.23
2026-05-20 02:15:00,10,-504.88,104.12,-0.19,32.05,17.73,276.61,0.08,122.33,82.69,6.09
2026-05-20 02:20:00,10,-504.88,104.12,-0.19,31.91,17.98,216.04,0.11,97.73,77.97,7.14
2026-05-20 02:25:00,10,-504.88,104.12,-0.19,33.29,18.42,237.8,0.09,105.41,79.49,5.6
2026-05-20 02:30:00,10,-504.88,104.12,-0.19,32.79,17.17,241.93,0.1,110.38,80.04,6.05
2026-05-20 02:35:00,10,-504.88,104.12,-0.19,32.66,16.17,326.39,0.05,159.61,91.55,4.78
2026-05-20 02:40:00,10,-504.88,104.12,-0.19,33.14,16.57,204.5,0.14,96.55,77.33,5.68
2026-05-20 02:45:00,10,-504.88,104.12,-0.19,33.5,16.39,251.28,0.08,118.86,81.47,5.41
2026-05-20 02:50:00,10,-504.88,104.12,-0.19,32.67,16.64,200.61,0.13,97.52,77.5,6.49
2026-05-20 02:55:00,10,-504.88,104.12,-0.19,33.26,14.44,191.45,0.12,87.07,74.98,5.22
2026-05-20 03:00:00,10,-504.88,104.12,-0.19,32.45,15.37,249.48,0.07,119.75,98.77,5.34
2026-05-20 03:05:00,10,-504.88,104.12,-0.19,32.97,13.91,258.39,0.06,120.41,80.9,4.69
2026-05-20 03:10:00,10,-504.88,104.12,-0.19,33.94,14.4,243.37,0.07,114.91,79.93,4.64
2026-05-20 03:15:00,10,-504.88,104.12,-0.19,33.67,13.8,282.35,0.05,131.47,83.35,3.96
2026-05-20 03:20:00,10,-504.88,104.12,-0.19,33.13,14.8,201.86,0.11,95.6,76.49,4.36
2026-05-20 03:25:00,10,-504.88,104.12,-0.19,32.63,14.1,231.68,0.08,104.3,77.74,5.05
2026-05-20 03:30:00,10,-504.88,104.12,-0.19,33.91,13.04,226.16,0.09,109.26,78.35,3.85
2026-05-20 03:35:00,10,-504.88,104.12,-0.19,33.24,12.74,236.14,0.07,112.08,78.77,4.99
2026-05-20 03:40:00,10,-504.88,104.12,-0.19,33.97,12.8,213.42,0.09,99.8,76.49,3.94
2026-05-20 03:45:00,10,-504.88,104.12,-0.19,33.5,11.95,171.99,0.13,84.22,73.69,2.08
2026-05-20 03:50:00,10,-504.88,104.12,-0.19,33.73,12.24,241.57,0.06,120.12,80.25,5.32
2026-05-20 03:55:00,10,-504.88,104.12,-0.19,35.22,10.73,228.77,0.07,112.18,78.08,2.21
2026-05-20 04:00:00,10,-504.88,104.12,-0.19,34.4,10.98,274.1,0.05,133.71,82.9,3.16
2026-05-20 04:05:00,10,-504.88,104.12,-0.19,34.04,9.88,268.84,0.04,119.99,79.36,4.88
2026-05-20 04:10:00,10,-504.88,104.12,-0.19,34.63,10.16,234.79,0.05,109.3,77.27,3.26
2026-05-20 04:15:00,10,-504.88,104.12,-0.19,35.05,9.42,203.94,0.08,91.44,73.85,2.4
2026-05-20 04:20:00,10,-504.88,104.12,-0.19,34.79,9.35,275.04,0.04,131.64,81.81,4.52
2026-05-20 04:25:00,10,-504.88,104.12,-0.19,35.09,8.37,225.33,0.05,115.47,77.9,1.41
2026-05-20 04:30:00,10,-504.88,104.12,-0.19,35.43,8.94,267.54,0.04,130.84,81.48,1.56
2026-05-20 04:35:00,10,-504.88,104.12,-0.19,36.59,7.38,243.55,0.04,104.03,75.27,3.24
2026-05-20 04:40:00,10,-504.88,104.12,-0.19,36.11,7.46,226.4,0.05,107.36,75.95,3.64
2026-05-20 04:45:00,10,-504.88,104.12,-0.19,35.61,7.83,310.49,0.03,146.45,84.97,3.01
2026-05-20 04:50:00,10,-504.88,104.12,-0.19,35.06,7.13,220.93,0.05,102.48,74.91,3.04
2026-05-20 04:55:00,10,-504.88,104.12,-0.19,35.86,6.82,260.49,0.03,119.81,78.23,1.52
2026-05-20 05:00:00,10,-504.88,104.12,-0.19,36.15,6.19,234.33,0.03,111.29,76.24,0.25
2026-05-20 05:05:00,10,-504.88,104.12,-0.19,36.36,5.92,259.32,0.03,119.76,77.91,2.19
2026-05-20 05:10:00,10,-504.88,104.12,-0.19,36.53,5.04,256.81,0.03,127.61,79.35,1.0
2026-05-20 05:15:00,10,-504.88,104.12,-0.19,36.61,5.17,257.99,0.02,122.37,78.2,2.64
2026-05-20 05:20:00,10,-504.88,104.12,-0.19,36.77,4.75,293.45,0.02,152.73,85.56,2.16
2026-05-20 05:25:00,10,-504.88,104.12,-0.19,37.4,4.32,249.55,0.02,114.13,76.14,3.18
2026-05-20 05:30:00,10,-504.88,104.12,-0.19,37.23,3.79,303.71,0.01,136.66,81.02,1.07
2026-05-20 05:35:00,10,-504.88,104.12,-0.19,36.91,3.72,104.67,0.11,48.34,66.49,1.13
2026-05-20 05:40:00,10,-504.88,104.12,-0.19,37.32,3.28,153.84,0.05,73.72,69.01,0.06
2026-05-20 05:45:00,10,-504.88,104.12,-0.19,36.72,3.13,247.54,0.02,109.4,74.77,1.77
2026-05-20 05:50:00,10,-504.88,104.12,-0.19,38.35,2.72,246.6,0.01,114.4,75.62,0.61
2026-05-20 05:55:00,10,-504.88,104.12,-0.19,38.27,2.49,203.18,0.02,91.84,71.37,1.52
2026-05-20 06:00:00,10,-504.88,104.12,-0.19,38.44,2.06,226.55,0.01,106.3,73.78,1.51
2026-05-20 06:05:00,10,-504.88,104.12,-0.19,37.63,2.01,220.91,0.01,106.17,73.74,0.26
2026-05-20 06:10:00,10,-504.88,104.12,-0.19,39.45,1.72,231.11,0.01,106.52,73.71,0.45
2026-05-20 06:15:00,10,-504.88,104.12,-0.19,39.14,1.41,252.78,0.01,118.2,75.96,0.76
2026-05-20 06:20:00,10,-504.88,104.12,-0.19,38.59,1.28,253.87,0.01,115.12,75.26,1.33
2026-05-20 06:25:00,10,-504.88,104.12,-0.19,39.05,0.91,298.86,0.0,141.14,81.12,0.63
2026-05-20 06:30:00,10,-504.88,104.12,-0.19,38.97,0.58,260.18,0.0,122.14,76.5,2.12
2026-05-20 06:35:00,10,-504.88,104.12,-0.19,39.67,0.44,333.1,0.0,160.43,86.19,0.74
2026-05-20 06:40:00,10,-504.88,104.12,-0.19,38.91,0.17,341.45,0.0,171.33,89.35,0.48
2026-05-20 06:45:00,10,-504.88,104.12,-0.19,39.63,0.0,245.54,0.0,110.39,73.84,0.0
2026-05-20 06:50:00,10,-504.88,104.12,-0.19,39.16,0.0,288.48,0.0,142.31,81.1,0.0
2026-05-20 06:55:00,10,-504.88,104.12,-0.19,39.57,0.0,284.87,0.0,128.97,77.84,0.0
2026-05-20 07:00:00,10,-504.88,104.12,-0.19,39.64,0.0,246.92,0.0,109.99,73.76,0.0
2026-05-20 07:05:00,10,-504.88,104.12,-0.19,40.13,0.0,284.44,0.0,136.0,79.52,0.26
2026-05-20 07:10:00,10,-504.88,104.12,-0.19,40.7,0.0,244.43,0.0,115.43,74.87,1.14
2026-05-20 07:15:00,10,-504.88,104.12,-0.19,40.51,0.0,254.72,0.0,115.48,74.88,0.4
2026-05-20 07:20:00,10,-504.88,104.12,-0.19,40.41,0.0,175.06,0.0,84.51,69.3,0.47
2026-05-20 07:25:00,10,-504.88,104.12,-0.19,41.3,0.0,208.33,0.0,96.55,71.27,0.55
2026-05-20 07:30:00,10,-504.88,104.12,-0.19,40.28,0.0,264.93,0.0,130.62,78.23,0.0
2026-05-20 07:35:00,10,-504.88,104.12,-0.19,41.13,0.0,284.96,0.0,132.59,78.7,0.15
2026-05-20 07:40:00,10,-504.88,104.12,-0.19,41.78,0.0,316.04,0.0,155.66,84.68,1.04
2026-05-20 07:45:00,10,-504.88,104.12,-0.19,41.29,0.0,193.51,0.0,90.18,70.2,0.0
2026-05-20 07:50:00,10,-504.88,104.12,-0.19,41.47,0.0,268.78,0.0,127.91,77.6,0.0
2026-05-20 07:55:00,10,-504.88,104.12,-0.19,41.42,0.0,287.98,0.0,130.08,78.11,1.08
2026-05-20 08:00:00,10,-504.88,104.12,-0.19,41.06,0.0,212.6,0.0,99.22,71.74,0.0
2026-05-20 08:05:00,10,-504.88,104.12,-0.19,41.33,0.0,245.9,0.0,110.63,73.89,0.53
2026-05-20 08:10:00,10,-504.88,104.12,-0.19,40.76,0.0,207.58,0.0,97.67,71.46,1.95
2026-05-20 08:15:00,10,-504.88,104.12,-0.19,41.51,0.0,204.11,0.0,97.83,71.49,0.0
2026-05-20 08:20:00,10,-504.88,104.12,-0.19,42.02,0.0,187.9,0.0,90.25,70.21,0.48
2026-05-20 08:25:00,10,-504.88,104.12,-0.19,42.06,0.0,267.08,0.0,118.41,75.5,0.54
2026-05-20 08:30:00,10,-504.88,104.12,-0.19,42.18,0.0,269.06,0.0,130.25,78.15,0.87
2026-05-20 08:35:00,10,-504.88,104.12,-0.19,42.58,0.0,268.89,0.0,127.47,77.5,0.0
2026-05-20 08:40:00,10,-504.88,104.12,-0.19,42.36,0.0,254.28,0.0,121.07,94.05,0.16
2026-05-20 08:45:00,10,-504.88,104.12,-0.19,42.37,0.0,265.91,0.0,119.4,75.71,1.25
2026-05-20 08:50:00,10,-504.88,104.12,-0.19,42.45,0.0,202.43,0.0,95.17,71.03,0.0
2026-05-20 08:55:00,10,-504.88,104.12,-0.19,43.08,0.0,268.29,0.0,125.68,77.1,0.66
2026-05-20 09:00:00,10,-504.88,104.12,-0.19,43.12,0.0,241.23,0.0,112.76,74.32,0.87
2026-05-20 09:05:00,10,-504.88,104.12,-0.19,44.27,0.0,328.88,0.0,162.91,86.77,0.0
2026-05-20 09:10:00,10,-504.88,104.12,-0.19,43.73,0.0,332.94,0.0,143.45,81.4,3.09
2026-05-20 09:15:00,10,-504.88,104.12,-0.19,43.15,0.0,278.3,0.0,127.39,93.93,0.0
2026-05-20 09:20:00,10,-504.88,104.12,-0.19,43.69,0.0,192.45,0.0,90.42,70.24,1.2
2026-05-20 09:25:00,10,-504.88,104.12,-0.19,43.52,0.0,211.09,0.0,99.55,71.8,0.53
2026-05-20 09:30:00,10,-504.88,104.12,-0.19,44.0,0.0,305.42,0.0,143.44,81.4,0.0
2026-05-20 09:35:00,10,-504.88,104.12,-0.19,42.98,0.0,265.02,0.0,115.93,74.98,0.17
2026-05-20 09:40:00,10,-504.88,104.12,-0.19,43.87,0.0,228.46,0.0,106.46,73.08,0.0
2026-05-20 09:45:00,10,-504.88,104.12,-0.19,43.96,0.0,223.25,0.0,106.22,73.04,0.78
2026-05-20 09:50:00,10,-504.88,104.12,-0.19,43.75,0.0,244.29,0.0,117.05,75.21,0.0
2026-05-20 09:55:00,10,-504.88,104.12,-0.19,43.78,0.0,198.39,0.0,102.66,72.37,0.53
2026-05-20 10:00:00,10,-504.88,104.12,-0.19,44.61,0.0,263.0,0.0,117.83,75.38,0.42
2026-05-20 10:05:00,10,-504.88,104.12,-0.19,45.28,0.0,218.61,0.0,106.23,73.04,0.0
2026-05-20 10:10:00,10,-504.88,104.12,-0.19,44.06,0.0,262.13,0.0,129.52,77.98,0.48
2026-05-20 10:15:00,10,-504.88,104.12,-0.19,44.81,0.0,250.64,0.0,111.32,74.04,0.0
2026-05-20 10:20:00,10,-504.88,104.12,-0.19,44.94,0.0,233.47,0.0,109.05,73.59,0.56
2026-05-20 10:25:00,10,-504.88,104.12,-0.19,44.07,0.0,292.23,0.0,130.3,78.16,0.0
2026-05-20 10:30:00,10,-504.88,104.12,-0.19,44.72,0.0,240.65,0.0,116.31,75.06,0.0
2026-05-20 10:35:00,10,-504.88,104.12,-0.19,44.4,0.0,166.36,0.0,73.35,67.73,0.0
2026-05-20 10:40:00,10,-504.88,104.12,-0.19,44.88,0.0,203.0,0.0,97.86,71.5,1.0
2026-05-20 10:45:00,10,-504.88,104.12,-0.19,44.52,0.0,195.51,0.0,94.73,70.96,0.0
2026-05-20 10:50:00,10,-504.88,104.12,-0.19,44.65,0.0,287.55,0.0,139.55,80.41,0.0
2026-05-20 10:55:00,10,-504.88,104.12,-0.19,44.79,0.0,170.37,0.0,84.89,69.37,0.85
2026-05-20 11:00:00,10,-504.88,104.12,-0.19,44.31,0.0,218.5,0.0,108.62,73.5,0.0
2026-05-20 11:05:00,10,-504.88,104.12,-0.19,44.94,0.0,346.11,0.0,161.97,86.5,0.0
2026-05-20 11:10:00,10,-504.88,104.12,-0.19,44.35,0.0,312.97,0.0,146.94,82.32,0.0
2026-05-20 11:15:00,10,-504.88,104.12,-0.19,45.39,0.0,199.87,0.0,97.51,71.44,0.43
2026-05-20 11:20:00,10,-504.88,104.12,-0.19,45.77,0.0,295.8,0.0,136.25,79.59,1.0
2026-05-20 11:25:00,10,-504.88,104.12,-0.19,45.58,0.0,264.24,0.0,131.44,78.44,0.42
2026-05-20 11:30:00,10,-504.88,104.12,-0.19,45.74,0.0,160.18,0.0,70.8,67.4,0.0
2026-05-20 11:35:00,10,-504.88,104.12,-0.19,44.87,0.0,265.08,0.0,123.04,76.51,1.55
2026-05-20 11:40:00,10,-504.88,104.12,-0.19,45.15,0.0,198.73,0.0,95.05,71.02,0.0
2026-05-20 11:45:00,10,-504.88,104.12,-0.19,44.81,0.0,288.65,0.0,136.43,79.64,0.0
2026-05-20 11:50:00,10,-504.88,104.12,-0.19,45.03,0.0,288.54,0.0,126.9,77.38,0.0
2026-05-20 11:55:00,10,-504.88,104.12,-0.19,44.44,0.0,247.6,0.0,120.64,75.98,0.0
2026-05-20 12:00:00,10,-504.88,104.12,-0.19,45.88,0.0,193.05,0.0,89.45,70.09,0.0
2026-05-20 12:05:00,10,-504.88,104.12,-0.19,45.8,0.0,268.52,0.0,122.91,76.48,0.0
2026-05-20 12:10:00,10,-504.88,104.12,-0.19,44.81,0.0,323.58,0.0,144.88,81.78,0.0
2026-05-20 12:15:00,10,-504.88,104.12,-0.19,44.8,0.0,310.6,0.0,138.17,80.07,0.0
2026-05-20 12:20:00,10,-504.88,104.12,-0.19,45.6,0.0,216.11,0.0,96.77,71.31,0.0
2026-05-20 12:25:00,10,-504.88,104.12,-0.19,44.81,0.0,290.76,0.0,138.18,80.07,2.88
2026-05-20 12:30:00,10,-504.88,104.12,-0.19,44.83,0.0,279.08,0.0,134.9,79.26,0.0
2026-05-20 12:35:00,10,-504.88,104.12,-0.19,45.25,0.0,163.57,0.0,74.9,67.93,0.0
2026-05-20 12:40:00,10,-504.88,104.12,-0.19,43.99,0.0,274.92,0.0,133.46,78.91,0.0
2026-05-20 12:45:00,10,-504.88,104.12,-0.19,45.25,0.0,213.45,0.0,102.05,72.26,0.22
2026-05-20 12:50:00,10,-504.88,104.12,-0.19,43.89,0.0,174.97,0.0,83.14,69.1,0.54
2026-05-20 12:55:00,10,-504.88,104.12,-0.19,44.91,0.0,288.36,0.0,136.47,79.65,0.0
2026-05-20 13:00:00,10,-504.88,104.12,-0.19,44.91,0.0,314.73,0.0,146.44,82.19,0.04
2026-05-20 13:05:00,10,-504.88,104.12,-0.19,44.59,0.0,276.72,0.0,133.66,78.96,0.0
2026-05-20 13:10:00,10,-504.88,104.12,-0.19,44.53,0.0,263.25,0.0,126.97,77.39,0.0
2026-05-20 13:15:00,10,-504.88,104.12,-0.19,43.72,0.0,163.07,0.0,80.57,68.72,0.59
2026-05-20 13:20:00,10,-504.88,104.12,-0.19,44.12,0.0,276.44,0.0,123.98,76.72,0.0
2026-05-20 13:25:00,10,-504.88,104.12,-0.19,43.93,0.0,210.87,0.0,100.29,71.93,0.53
2026-05-20 13:30:00,10,-504.88,104.12,-0.19,45.03,0.0,257.73,0.0,125.39,77.04,0.0
2026-05-20 13:35:00,10,-504.88,104.12,-0.19,43.11,0.0,278.56,0.0,116.37,75.07,0.0
2026-05-20 13:40:00,10,-504.88,104.12,-0.19,44.53,0.0,244.75,0.0,110.61,73.9,0.0
2026-05-20 13:45:00,10,-504.88,104.12,-0.19,43.18,0.0,196.35,0.0,92.22,70.54,0.0
2026-05-20 13:50:00,10,-504.88,104.12,-0.19,44.03,0.0,205.25,0.0,97.53,71.44,1.46
2026-05-20 13:55:00,10,-504.88,104.12,-0.19,43.97,0.0,211.26,0.0,98.12,71.55,1.32
2026-05-20 14:00:00,10,-504.88,104.12,-0.19,44.19,0.0,207.27,0.0,92.37,70.56,1.48
2026-05-20 14:05:00,10,-504.88,104.12,-0.19,43.73,0.0,289.3,0.0,132.97,78.8,0.0
2026-05-20 14:10:00,10,-504.88,104.12,-0.19,44.81,0.0,228.25,0.0,106.42,73.08,1.34
2026-05-20 14:15:00,10,-504.88,104.12,-0.19,43.12,0.0,224.35,0.0,110.01,73.77,0.0
2026-05-20 14:20:00,10,-504.88,104.12,-0.19,43.82,0.0,232.69,0.0,109.06,73.59,0.84
2026-05-20 14:25:00,10,-504.88,104.12,-0.19,43.2,0.0,261.93,0.0,126.88,77.37,0.71
2026-05-20 14:30:00,10,-504.88,104.12,-0.19,42.82,0.0,306.85,0.0,138.68,80.19,0.38
2026-05-20 14:35:00,10,-504.88,104.12,-0.19,43.56,0.0,264.86,0.0,122.96,76.49,0.0
2026-05-20 14:40:00,10,-504.88,104.12,-0.19,43.24,0.0,305.11,0.0,134.07,79.06,1.17
2026-05-20 14:45:00,10,-504.88,104.12,-0.19,43.7,0.0,206.98,0.0,97.26,71.4,0.6
2026-05-20 14:50:00,10,-504.88,104.12,-0.19,43.13,0.0,198.52,0.0,87.12,69.71,1.04
2026-05-20 14:55:00,10,-504.88,104.12,-0.19,42.69,0.0,258.03,0.0,127.79,77.58,91.99
2026-05-20 15:00:00,10,-504.88,104.12,-0.19,43.09,126.83,244.51,0.63,115.67,120.57,92.7
2026-05-20 15:05:00,10,-504.88,104.12,-0.19,43.06,129.48,271.96,0.52,137.4,126.23,90.06
2026-05-20 15:10:00,10,-504.88,104.12,-0.19,42.6,127.96,282.67,0.53,128.48,123.58,88.8
2026-05-20 15:15:00,10,-504.88,104.12,-0.19,42.42,123.1,253.09,0.64,112.38,118.61,89.58
2026-05-20 15:20:00,10,-504.88,104.12,-0.19,43.31,124.09,364.64,0.28,168.07,132.29,89.2
2026-05-20 15:25:00,10,-504.88,104.12,-0.19,43.43,135.1,219.94,0.88,107.54,122.33,90.68
2026-05-20 15:30:00,10,-504.88,104.12,-0.19,41.77,136.38,243.51,0.74,115.42,124.08,89.43
2026-05-20 15:35:00,10,-504.88,104.12,-0.19,41.79,94.91,231.28,0.61,110.14,108.23,88.91
2026-05-20 15:40:00,10,-504.88,104.12,-0.19,41.92,78.51,199.05,0.59,98.38,100.25,89.36
2026-05-20 15:45:00,10,-504.88,104.12,-0.19,42.16,75.19,336.79,0.21,162.69,113.44,88.78
2026-05-20 15:50:00,10,-504.88,104.12,-0.19,40.95,78.07,216.84,0.53,108.27,101.81,88.37
2026-05-20 15:55:00,10,-504.88,104.12,-0.19,41.64,75.09,243.11,0.38,114.93,101.81,88.52
2026-05-20 16:00:00,10,-504.88,104.12,-0.19,41.16,73.18,222.34,0.49,108.12,99.99,89.64
2026-05-20 16:05:00,10,-504.88,104.12,-0.19,41.1,70.72,255.52,0.32,121.79,101.62,88.34
2026-05-20 16:10:00,10,-504.88,104.12,-0.19,41.05,64.88,168.15,0.7,79.19,92.63,86.72
2026-05-20 16:15:00,10,-504.88,104.12,-0.19,40.96,68.31,322.55,0.2,154.07,108.55,88.05
2026-05-20 16:20:00,10,-504.88,104.12,-0.19,41.65,63.89,283.46,0.23,136.23,102.4,88.87
2026-05-20 16:25:00,10,-504.88,104.12,-0.19,40.66,68.75,219.06,0.47,97.21,96.38,87.16
2026-05-20 16:30:00,10,-504.88,104.12,-0.19,41.64,63.96,232.29,0.37,115.64,98.04,86.29
2026-05-20 16:35:00,10,-504.88,104.12,-0.19,39.97,64.71,358.87,0.15,175.8,113.64,86.0
2026-05-20 16:40:00,10,-504.88,104.12,-0.19,40.58,64.35,287.49,0.24,135.35,102.37,87.4
2026-05-20 16:45:00,10,-504.88,104.12,-0.19,40.28,60.43,229.4,0.35,112.7,96.16,88.85
2026-05-20 16:50:00,10,-504.88,104.12,-0.19,39.74,59.74,197.04,0.5,90.91,92.22,85.61
2026-05-20 16:55:00,10,-504.88,104.12,-0.19,40.16,56.18,234.55,0.37,109.27,94.02,86.51
2026-05-20 17:00:00,10,-504.88,104.12,-0.19,39.69,56.74,156.0,0.77,71.27,88.84,87.2
2026-05-20 17:05:00,10,-504.88,104.12,-0.19,40.26,56.05,285.17,0.21,141.7,100.98,87.18
2026-05-20 17:10:00,10,-504.88,104.12,-0.19,40.83,58.21,275.21,0.26,133.23,99.74,85.6
2026-05-20 17:15:00,10,-504.88,104.12,-0.19,39.45,36.89,323.28,0.11,152.81,97.02,86.1
2026-05-20 17:20:00,10,-504.88,104.12,-0.19,39.37,43.89,181.24,0.43,90.32,86.43,84.86
2026-05-20 17:25:00,10,-504.88,104.12,-0.19,39.08,38.04,242.07,0.22,113.58,88.24,84.64
2026-05-20 17:30:00,10,-504.88,104.12,-0.19,39.0,31.88,191.82,0.27,82.6,80.71,86.2
2026-05-20 17:35:00,10,-504.88,104.12,-0.19,39.17,35.83,289.36,0.13,132.56,91.49,86.91
2026-05-20 17:40:00,10,-504.88,104.12,-0.19,38.38,28.45,220.21,0.19,103.89,82.92,87.63
2026-05-20 17:45:00,10,-504.88,104.12,-0.19,38.28,29.84,281.01,0.12,131.66,89.15,85.05
2026-05-20 17:50:00,10,-504.88,104.12,-0.19,38.48,26.5,248.92,0.14,111.97,83.71,84.72
2026-05-20 17:55:00,10,-504.88,104.12,-0.19,38.52,25.46,276.4,0.11,138.08,89.16,84.91
2026-05-20 18:00:00,10,-504.88,104.12,-0.19,37.33,24.08,266.27,0.11,122.72,85.07,84.46
2026-05-20 18:05:00,10,-504.88,104.12,-0.19,37.92,23.28,185.72,0.23,83.56,77.76,84.55
2026-05-20 18:10:00,10,-504.88,104.12,-0.19,38.14,24.32,194.78,0.18,96.08,80.05,84.91
2026-05-20 18:15:00,10,-504.88,104.12,-0.19,38.03,22.7,205.29,0.16,98.99,79.96,82.37
2026-05-20 18:20:00,10,-504.88,104.12,-0.19,37.14,25.82,267.97,0.11,126.64,86.56,83.33
2026-05-20 18:25:00,10,-504.88,104.12,-0.19,37.29,18.33,186.5,0.15,83.83,75.91,82.91
2026-05-20 18:30:00,10,-504.88,104.12,-0.19,37.3,18.27,231.79,0.11,109.44,80.26,84.41
2026-05-20 18:35:00,10,-504.88,104.12,-0.19,37.23,17.86,305.73,0.06,149.38,89.32,84.32
2026-05-20 18:40:00,10,-504.88,104.12,-0.19,36.54,18.06,243.22,0.1,109.7,80.22,83.99
2026-05-20 18:45:00,10,-504.88,104.12,-0.19,37.35,17.86,311.27,0.06,139.33,86.71,84.37
2026-05-20 18:50:00,10,-504.88,104.12,-0.19,37.46,17.35,279.47,0.07,132.8,84.95,83.92
2026-05-20 18:55:00,10,-504.88,104.12,-0.19,36.01,14.05,286.38,0.05,141.36,85.87,84.15
2026-05-20 19:00:00,10,-504.88,104.12,-0.19,36.83,13.86,234.01,0.08,115.63,79.91,82.61
2026-05-20 19:05:00,10,-504.88,104.12,-0.19,36.0,12.85,168.31,0.15,72.57,72.41,84.86
2026-05-20 19:10:00,10,-504.88,104.12,-0.19,36.09,14.97,283.01,0.05,128.69,83.11,83.9
2026-05-20 19:15:00,10,-504.88,104.12,-0.19,35.82,11.48,148.73,0.16,68.72,85.4,83.12
2026-05-20 19:20:00,10,-504.88,104.12,-0.19,35.64,10.84,176.41,0.11,83.83,73.2,82.83
2026-05-20 19:25:00,10,-504.88,104.12,-0.19,35.29,12.21,230.31,0.07,103.45,76.91,83.93
2026-05-20 19:30:00,10,-504.88,104.12,-0.19,35.57,11.8,246.6,0.06,114.56,78.93,82.33
2026-05-20 19:35:00,10,-504.88,104.12,-0.19,34.83,10.55,274.71,0.04,123.39,80.34,81.41
2026-05-20 19:40:00,10,-504.88,104.12,-0.19,35.11,9.22,241.4,0.05,123.4,79.9,83.59
2026-05-20 19:45:00,10,-504.88,104.12,-0.19,35.09,9.47,255.75,0.05,127.59,80.93,82.76
2026-05-20 19:50:00,10,-504.88,104.12,-0.19,34.4,11.88,324.06,0.03,163.19,91.05,81.08
2026-05-20 19:55:00,10,-504.88,104.12,-0.19,34.11,12.29,307.2,0.04,140.5,85.01,80.91
2026-05-20 20:00:00,10,-504.88,104.12,-0.19,34.56,11.13,263.33,0.05,116.83,79.14,81.35
2026-05-20 20:05:00,10,-504.88,104.12,-0.19,34.69,7.97,316.31,0.03,148.33,85.52,79.58
2026-05-20 20:10:00,10,-504.88,104.12,-0.19,33.8,12.71,303.18,0.04,138.6,84.68,81.32
2026-05-20 20:15:00,10,-504.88,104.12,-0.19,34.18,11.54,208.81,0.08,99.86,76.04,80.65
2026-05-20 20:20:00,10,-504.88,104.12,-0.19,34.32,12.04,282.6,0.04,140.18,84.84,80.15
2026-05-20 20:25:00,10,-504.88,104.12,-0.19,34.51,12.54,208.36,0.1,98.84,76.24,83.52
2026-05-20 20:30:00,10,-504.88,104.12,-0.19,34.12,9.26,249.92,0.05,112.41,77.58,80.87
2026-05-20 20:35:00,10,-504.88,104.12,-0.19,33.71,7.97,253.42,0.03,121.82,79.07,81.56
2026-05-20 20:40:00,10,-504.88,104.12,-0.19,33.72,11.31,327.25,0.03,148.35,86.69,81.55
2026-05-20 20:45:00,10,-504.88,104.12,-0.19,33.34,9.79,227.66,0.06,103.6,93.94,81.5
2026-05-20 20:50:00,10,-504.88,104.12,-0.19,32.99,9.48,271.24,0.04,127.8,80.96,79.88
2026-05-20 20:55:00,10,-504.88,104.12,-0.19,32.54,9.79,267.58,0.04,132.83,82.24,80.07
2026-05-20 21:00:00,10,-504.88,104.12,-0.19,32.22,11.45,254.13,0.06,120.08,79.97,79.81
2026-05-20 21:05:00,10,-504.88,104.12,-0.19,32.24,12.29,233.39,0.07,115.9,79.39,81.12
2026-05-20 21:10:00,10,-504.88,104.12,-0.19,33.55,12.14,208.77,0.09,104.53,77.12,81.13
2026-05-20 21:15:00,10,-504.88,104.12,-0.19,31.89,14.49,229.87,0.09,102.18,77.51,80.88
2026-05-20 21:20:00,10,-504.88,104.12,-0.19,32.76,14.18,216.3,0.1,97.48,76.58,81.68
2026-05-20 21:25:00,10,-504.88,104.12,-0.19,32.01,13.5,266.55,0.06,130.29,82.98,80.51
2026-05-20 21:30:00,10,-504.88,104.12,-0.19,32.58,12.82,173.71,0.14,84.81,74.1,79.48
2026-05-20 21:35:00,10,-504.88,104.12,-0.19,31.63,14.64,225.44,0.1,106.47,78.39,79.96
2026-05-20 21:40:00,10,-504.88,104.12,-0.19,31.71,14.49,237.45,0.08,106.6,78.32,80.02
2026-05-20 21:45:00,10,-504.88,104.12,-0.19,31.9,14.64,204.93,0.11,103.42,77.83,78.6
2026-05-20 21:50:00,10,-504.88,104.12,-0.19,32.25,15.33,314.55,0.05,151.74,89.05,79.04
2026-05-20 21:55:00,10,-504.88,104.12,-0.19,32.13,12.2,227.6,0.07,105.42,77.27,78.66
2026-05-20 22:00:00,10,-504.88,104.12,-0.19,32.03,13.87,246.99,0.07,115.73,79.91,78.36
2026-05-20 22:05:00,10,-504.88,104.12,-0.19,32.4,15.96,197.09,0.12,93.84,76.61,79.57
2026-05-20 22:10:00,10,-504.88,104.12,-0.19,31.2,15.4,228.89,0.09,108.4,91.93,78.4
2026-05-20 22:15:00,10,-504.88,104.12,-0.19,32.22,15.75,254.93,0.08,126.25,82.88,77.45
2026-05-20 22:20:00,10,-504.88,104.12,-0.19,31.22,16.44,235.11,0.1,106.31,78.98,78.98
2026-05-20 22:25:00,10,-504.88,104.12,-0.19,31.58,16.37,298.85,0.06,142.64,87.02,79.05
2026-05-20 22:30:00,10,-504.88,104.12,-0.19,31.16,19.99,177.68,0.2,83.82,76.58,77.3
2026-05-20 22:35:00,10,-504.88,104.12,-0.19,32.07,18.09,313.43,0.06,150.69,89.75,78.76
2026-05-20 22:40:00,10,-504.88,104.12,-0.19,32.55,19.24,263.63,0.09,125.41,83.93,76.56
2026-05-20 22:45:00,10,-504.88,104.12,-0.19,32.06,18.79,195.15,0.15,89.83,77.0,79.05
2026-05-20 22:50:00,10,-504.88,104.12,-0.19,31.53,18.02,252.94,0.09,118.12,81.9,78.18
2026-05-20 22:55:00,10,-504.88,104.12,-0.19,30.04,20.2,224.96,0.13,104.95,80.1,76.96
2026-05-20 23:00:00,10,-504.88,104.12,-0.19,31.18,19.49,223.69,0.12,103.04,79.48,78.9
2026-05-20 23:05:00,10,-504.88,104.12,-0.19,31.02,22.45,275.96,0.1,124.52,84.87,75.99
2026-05-20 23:10:00,10,-504.88,104.12,-0.19,30.6,22.84,328.52,0.06,157.07,93.17,76.93
2026-05-20 23:15:00,10,-504.88,104.12,-0.19,30.48,20.77,275.99,0.08,134.79,86.64,77.42
2026-05-20 23:20:00,10,-504.88,104.12,-0.19,31.72,21.48,188.86,0.18,94.17,78.72,76.32
2026-05-20 23:25:00,10,-504.88,104.12,-0.19,30.62,21.86,234.43,0.12,105.28,80.72,76.31
2026-05-20 23:30:00,10,-504.88,104.12,-0.19,30.79,22.83,291.2,0.09,136.07,87.69,76.86
2026-05-20 23:35:00,10,-504.88,104.12,-0.19,30.88,24.56,258.69,0.11,126.83,86.15,77.79
2026-05-20 23:40:00,10,-504.88,104.12,-0.19,30.8,23.72,272.42,0.1,131.47,86.92,75.82
2026-05-20 23:45:00,10,-504.88,104.12,-0.19,30.33,24.42,225.77,0.15,108.69,82.34,75.98
2026-05-20 23:50:00,10,-504.88,104.12,-0.19,31.89,27.83,203.52,0.22,97.24,81.55,76.59
2026-05-20 23:55:00,10,-504.88,104.12,-0.19,31.04,26.8,259.39,0.15,128.56,87.41,75.94
2026-05-21 00:00:00,10,-287.5,250.0,-1.6,30.69,25.96,238.79,0.14,110.93,83.3,76.68
2026-05-21 00:05:00,10,-287.5,250.0,-1.6,30.46,26.54,206.97,0.21,101.55,81.85,76.79
2026-05-21 00:10:00,10,-287.5,250.0,-1.6,31.32,26.99,293.2,0.11,130.2,87.78,77.4
2026-05-21 00:15:00,10,-287.5,250.0,-1.6,30.28,26.67,242.25,0.15,115.63,84.52,75.1
2026-05-21 00:20:00,10,-287.5,250.0,-1.6,30.22,27.31,320.8,0.08,158.22,95.1,75.68
2026-05-21 00:25:00,10,-287.5,250.0,-1.6,30.24,26.85,256.01,0.13,122.12,85.94,75.22
2026-05-21 00:30:00,10,-287.5,250.0,-1.6,30.53,28.45,229.57,0.17,105.0,83.08,73.62
2026-05-21 00:35:00,10,-287.5,250.0,-1.6,31.05,30.51,313.33,0.11,144.9,92.65,74.82
2026-05-21 00:40:00,10,-287.5,250.0,-1.6,31.02,27.1,252.76,0.13,112.88,84.07,75.21
2026-05-21 00:45:00,10,-287.5,250.0,-1.6,31.28,29.6,231.12,0.18,117.1,85.92,74.59
2026-05-21 00:50:00,10,-287.5,250.0,-1.6,30.67,30.63,179.39,0.28,85.83,80.77,73.96
2026-05-21 00:55:00,10,-287.5,250.0,-1.6,30.94,32.04,207.79,0.23,92.7,82.27,73.86
2026-05-21 01:00:00,10,-287.5,250.0,-1.6,31.26,32.04,291.61,0.11,135.52,90.82,74.39
2026-05-21 01:05:00,10,-287.5,250.0,-1.6,31.84,30.56,253.11,0.15,113.96,85.54,74.27
2026-05-21 01:10:00,10,-287.5,250.0,-1.6,31.95,28.76,270.54,0.14,130.08,88.43,73.58
2026-05-21 01:15:00,10,-287.5,250.0,-1.6,31.58,30.87,260.18,0.15,132.55,89.78,73.89
2026-05-21 01:20:00,10,-287.5,250.0,-1.6,31.32,33.12,245.33,0.17,110.08,85.69,72.61
2026-05-21 01:25:00,10,-287.5,250.0,-1.6,30.89,31.06,286.68,0.12,145.16,92.93,73.41
2026-05-21 01:30:00,10,-287.5,250.0,-1.6,31.1,32.53,289.13,0.13,137.31,91.47,73.2
2026-05-21 01:35:00,10,-287.5,250.0,-1.6,31.71,30.92,289.32,0.12,135.8,90.52,74.31
2026-05-21 01:40:00,10,-287.5,250.0,-1.6,31.45,31.36,246.23,0.16,117.44,86.57,72.26
2026-05-21 01:45:00,10,-287.5,250.0,-1.6,31.78,32.45,251.35,0.17,115.2,86.5,72.46
2026-05-21 01:50:00,10,-287.5,250.0,-1.6,31.3,31.62,295.74,0.11,141.71,92.22,72.64
2026-05-21 01:55:00,10,-287.5,250.0,-1.6,31.04,31.93,228.55,0.18,102.7,83.89,72.25
2026-05-21 02:00:00,10,-287.5,250.0,-1.6,31.68,30.84,212.35,0.22,97.8,82.7,73.74
2026-05-21 02:05:00,10,-287.5,250.0,-1.6,30.87,33.15,231.74,0.18,112.85,86.28,71.89
2026-05-21 02:10:00,10,-287.5,250.0,-1.6,31.13,32.38,288.84,0.13,130.5,89.78,71.65
2026-05-21 02:15:00,10,-287.5,250.0,-1.6,32.1,34.88,340.96,0.09,161.49,98.72,72.99
2026-05-21 02:20:00,10,-287.5,250.0,-1.6,31.75,31.15,176.75,0.31,84.53,80.81,70.19
2026-05-21 02:25:00,10,-287.5,250.0,-1.6,32.37,33.01,279.92,0.14,121.68,88.02,73.69
2026-05-21 02:30:00,10,-287.5,250.0,-1.6,32.29,31.08,312.69,0.1,154.81,95.51,72.33
2026-05-21 02:35:00,10,-287.5,250.0,-1.6,32.13,31.78,216.3,0.22,97.81,83.03,72.19
2026-05-21 02:40:00,10,-287.5,250.0,-1.6,32.21,31.84,237.95,0.18,109.33,85.12,70.99
2026-05-21 02:45:00,10,-287.5,250.0,-1.6,33.47,28.7,249.84,0.15,124.82,87.23,71.87
2026-05-21 02:50:00,10,-287.5,250.0,-1.6,33.02,31.52,287.92,0.11,137.79,91.2,71.4
2026-05-21 02:55:00,10,-287.5,250.0,-1.6,32.84,28.31,179.11,0.28,84.84,79.81,71.41
2026-05-21 03:00:00,10,-287.5,250.0,-1.6,32.78,29.02,217.9,0.21,99.03,82.26,71.89
2026-05-21 03:05:00,10,-287.5,250.0,-1.6,33.44,30.42,183.77,0.28,85.44,80.64,70.58
2026-05-21 03:10:00,10,-287.5,250.0,-1.6,33.23,29.53,263.01,0.13,129.39,88.52,68.88
2026-05-21 03:15:00,10,-287.5,250.0,-1.6,32.83,28.31,231.97,0.16,109.86,83.95,70.76
2026-05-21 03:20:00,10,-287.5,250.0,-1.6,33.08,30.17,342.75,0.08,169.28,117.0,72.71
2026-05-21 03:25:00,10,-287.5,250.0,-1.6,33.21,27.58,234.42,0.16,109.54,83.63,69.07
2026-05-21 03:30:00,10,-287.5,250.0,-1.6,34.22,27.77,241.57,0.14,106.48,83.07,70.15
2026-05-21 03:35:00,10,-287.5,250.0,-1.6,34.58,28.22,130.44,0.49,62.95,77.29,70.45
2026-05-21 03:40:00,10,-287.5,250.0,-1.6,34.22,24.19,249.99,0.12,121.14,84.78,69.12
2026-05-21 03:45:00,10,-287.5,250.0,-1.6,34.31,24.51,329.64,0.07,150.48,91.96,68.95
2026-05-21 03:50:00,10,-287.5,250.0,-1.6,34.88,24.82,215.08,0.17,104.31,81.68,68.68
2026-05-21 03:55:00,10,-287.5,250.0,-1.6,34.72,25.33,270.54,0.1,118.48,84.56,69.05
2026-05-21 04:00:00,10,-287.5,250.0,-1.6,34.38,26.1,259.65,0.12,121.08,85.43,69.12
2026-05-21 04:05:00,10,-287.5,250.0,-1.6,34.73,24.37,223.14,0.15,104.78,81.57,69.18
2026-05-21 04:10:00,10,-287.5,250.0,-1.6,34.18,25.01,326.97,0.08,156.15,93.72,69.46
2026-05-21 04:15:00,10,-287.5,250.0,-1.6,34.11,23.72,320.51,0.07,140.89,89.17,67.9
2026-05-21 04:20:00,10,-287.5,250.0,-1.6,35.9,24.1,306.42,0.08,143.02,89.87,68.34
2026-05-21 04:25:00,10,-287.5,250.0,-1.6,34.39,20.9,178.03,0.21,84.08,76.96,67.21
2026-05-21 04:30:00,10,-287.5,250.0,-1.6,35.97,20.46,229.65,0.12,100.47,79.35,69.41
2026-05-21 04:35:00,10,-287.5,250.0,-1.6,35.37,22.82,250.25,0.11,124.59,85.04,67.35
2026-05-21 04:40:00,10,-287.5,250.0,-1.6,36.06,20.52,245.99,0.11,109.71,81.1,68.24
2026-05-21 04:45:00,10,-287.5,250.0,-1.6,36.23,23.01,199.34,0.18,99.07,80.11,67.46
2026-05-21 04:50:00,10,-287.5,250.0,-1.6,36.42,20.33,173.43,0.21,84.21,76.78,68.27
2026-05-21 04:55:00,10,-287.5,250.0,-1.6,35.52,21.35,250.31,0.11,113.57,82.17,67.83
2026-05-21 05:00:00,10,-287.5,250.0,-1.6,36.71,17.39,194.13,0.15,90.04,76.55,68.59
2026-05-21 05:05:00,10,-287.5,250.0,-1.6,36.35,18.34,300.45,0.07,144.28,88.16,66.48
2026-05-21 05:10:00,10,-287.5,250.0,-1.6,35.57,15.59,291.88,0.06,141.9,86.57,67.29
2026-05-21 05:15:00,10,-287.5,250.0,-1.6,35.65,18.27,299.96,0.06,138.52,86.65,66.55
2026-05-21 05:20:00,10,-287.5,250.0,-1.6,36.62,16.03,221.31,0.1,106.87,78.96,67.79
2026-05-21 05:25:00,10,-287.5,250.0,-1.6,37.34,19.48,192.04,0.17,90.49,77.4,67.5
2026-05-21 05:30:00,10,-287.5,250.0,-1.6,37.51,16.35,179.04,0.16,82.54,75.04,66.45
2026-05-21 05:35:00,10,-287.5,250.0,-1.6,37.54,16.8,234.4,0.1,120.05,81.92,66.32
2026-05-21 05:40:00,10,-287.5,250.0,-1.6,37.18,15.71,324.79,0.04,158.52,91.06,67.24
2026-05-21 05:45:00,10,-287.5,250.0,-1.6,37.01,16.03,313.44,0.05,150.06,88.84,67.29
2026-05-21 05:50:00,10,-287.5,250.0,-1.6,37.18,13.98,225.2,0.09,107.36,78.32,67.14
2026-05-21 05:55:00,10,-287.5,250.0,-1.6,37.99,11.94,307.75,0.04,150.48,87.51,67.04
2026-05-21 06:00:00,10,-287.5,250.0,-1.6,37.1,13.27,302.02,0.05,140.2,85.3,66.2
2026-05-21 06:05:00,10,-287.5,250.0,-1.6,38.62,12.95,276.39,0.05,131.98,83.18,66.6
2026-05-21 06:10:00,10,-287.5,250.0,-1.6,38.11,13.4,219.73,0.09,104.71,77.61,64.63
2026-05-21 06:15:00,10,-287.5,250.0,-1.6,39.12,13.39,191.05,0.11,92.94,75.55,66.76
2026-05-21 06:20:00,10,-287.5,250.0,-1.6,38.62,12.88,288.22,0.05,130.8,82.88,65.6
2026-05-21 06:25:00,10,-287.5,250.0,-1.6,38.62,9.31,170.92,0.11,87.27,90.77,66.84
2026-05-21 06:30:00,10,-287.5,250.0,-1.6,39.61,11.86,201.83,0.09,99.02,76.03,64.68
2026-05-21 06:35:00,10,-287.5,250.0,-1.6,38.96,10.33,227.22,0.06,101.89,75.95,65.92
2026-05-21 06:40:00,10,-287.5,250.0,-1.6,39.24,10.07,271.97,0.04,136.07,83.14,64.13
2026-05-21 06:45:00,10,-287.5,250.0,-1.6,39.77,10.39,292.37,0.04,142.08,101.79,65.59
2026-05-21 06:50:00,10,-287.5,250.0,-1.6,39.55,10.38,295.89,0.04,131.16,82.07,65.31
2026-05-21 06:55:00,10,-287.5,250.0,-1.6,40.09,9.68,316.53,0.03,148.03,86.04,65.81
2026-05-21 07:00:00,10,-287.5,250.0,-1.6,39.51,11.27,303.1,0.04,163.38,90.92,63.43
2026-05-21 07:05:00,10,-287.5,250.0,-1.6,40.36,11.33,264.77,0.05,122.2,80.38,63.7
2026-05-21 07:10:00,10,-287.5,250.0,-1.6,40.19,9.23,295.53,0.03,138.85,83.52,64.07
2026-05-21 07:15:00,10,-287.5,250.0,-1.6,40.84,7.7,255.84,0.04,125.39,79.8,65.75
2026-05-21 07:20:00,10,-287.5,250.0,-1.6,40.81,9.35,306.49,0.03,133.66,82.29,65.34
2026-05-21 07:25:00,10,-287.5,250.0,-1.6,40.28,9.67,204.9,0.08,92.62,74.14,62.77
2026-05-21 07:30:00,10,-287.5,250.0,-1.6,40.45,8.14,218.69,0.05,104.19,75.59,63.78
2026-05-21 07:35:00,10,-287.5,250.0,-1.6,41.09,8.65,237.3,0.05,118.2,78.58,64.15
2026-05-21 07:40:00,10,-287.5,250.0,-1.6,41.38,6.68,303.94,0.02,136.0,81.9,63.0
2026-05-21 07:45:00,10,-287.5,250.0,-1.6,42.02,6.87,310.99,0.02,154.94,86.93,64.85
2026-05-21 07:50:00,10,-287.5,250.0,-1.6,42.06,8.52,254.29,0.04,123.33,79.63,64.13
2026-05-21 07:55:00,10,-287.5,250.0,-1.6,40.9,8.52,207.35,0.07,93.29,73.83,63.5
2026-05-21 08:00:00,10,-287.5,250.0,-1.6,40.8,9.15,270.45,0.04,128.68,81.06,64.03
2026-05-21 08:05:00,10,-287.5,250.0,-1.6,41.67,9.22,233.82,0.05,104.2,75.98,63.43
2026-05-21 08:10:00,10,-287.5,250.0,-1.6,41.59,8.14,213.48,0.06,102.16,84.81,63.42
2026-05-21 08:15:00,10,-287.5,250.0,-1.6,42.11,9.85,243.59,0.05,116.17,78.57,62.78
2026-05-21 08:20:00,10,-287.5,250.0,-1.6,41.84,9.66,259.08,0.05,123.81,80.15,63.23
2026-05-21 08:25:00,10,-287.5,250.0,-1.6,42.06,7.5,244.54,0.04,118.07,78.13,63.15
2026-05-21 08:30:00,10,-287.5,250.0,-1.6,41.57,8.32,212.39,0.06,96.81,74.34,61.3
2026-05-21 08:35:00,10,-287.5,250.0,-1.6,42.17,6.35,192.09,0.05,97.23,73.71,62.28
2026-05-21 08:40:00,10,-287.5,250.0,-1.6,42.02,9.46,238.83,0.05,110.56,77.29,61.11
2026-05-21 08:45:00,10,-287.5,250.0,-1.6,42.13,8.07,176.55,0.08,83.55,72.14,61.89
2026-05-21 08:50:00,10,-287.5,250.0,-1.6,42.78,10.29,237.74,0.06,116.05,78.72,62.0
2026-05-21 08:55:00,10,-287.5,250.0,-1.6,42.73,8.57,193.34,0.07,91.63,73.58,63.24
2026-05-21 09:00:00,10,-287.5,250.0,-1.6,42.69,10.16,304.55,0.04,139.13,83.94,63.23
2026-05-21 09:05:00,10,-287.5,250.0,-1.6,42.75,8.95,280.13,0.04,141.11,84.01,61.79
2026-05-21 09:10:00,10,-287.5,250.0,-1.6,42.65,9.97,272.76,0.04,131.29,81.96,60.32
2026-05-21 09:15:00,10,-287.5,250.0,-1.6,44.33,9.65,282.18,0.04,130.59,81.69,61.17
2026-05-21 09:20:00,10,-287.5,250.0,-1.6,42.63,11.86,244.8,0.06,107.16,87.23,61.95
2026-05-21 09:25:00,10,-287.5,250.0,-1.6,43.3,10.53,379.16,0.02,172.51,110.64,61.99
2026-05-21 09:30:00,10,-287.5,250.0,-1.6,43.12,9.44,295.34,0.03,138.99,83.63,61.67
2026-05-21 09:35:00,10,-287.5,250.0,-1.6,44.06,11.91,290.05,0.05,130.97,82.59,60.68
2026-05-21 09:40:00,10,-287.5,250.0,-1.6,43.96,11.28,284.5,0.04,143.55,85.46,60.3
2026-05-21 09:45:00,10,-287.5,250.0,-1.6,44.35,12.86,193.4,0.11,93.83,75.53,60.8
2026-05-21 09:50:00,10,-287.5,250.0,-1.6,43.82,12.03,246.06,0.06,121.71,80.55,60.35
2026-05-21 09:55:00,10,-287.5,250.0,-1.6,44.37,14.06,213.94,0.09,87.98,74.95,61.23
2026-05-21 10:00:00,10,-287.5,250.0,-1.6,44.01,14.82,318.19,0.05,144.35,86.92,59.11
2026-05-21 10:05:00,10,-287.5,250.0,-1.6,43.84,14.18,176.18,0.14,84.41,74.54,59.68
2026-05-21 10:10:00,10,-287.5,250.0,-1.6,43.96,16.33,193.65,0.13,97.07,77.34,59.22
2026-05-21 10:15:00,10,-287.5,250.0,-1.6,43.19,14.12,323.69,0.04,154.27,89.32,60.22
2026-05-21 10:20:00,10,-287.5,250.0,-1.6,43.95,15.57,263.53,0.07,115.33,80.44,59.67
2026-05-21 10:25:00,10,-287.5,250.0,-1.6,44.59,17.72,291.41,0.06,129.19,84.23,59.53
2026-05-21 10:30:00,10,-287.5,250.0,-1.6,44.6,17.97,249.55,0.09,115.49,81.36,60.19
2026-05-21 10:35:00,10,-287.5,250.0,-1.6,45.51,16.13,255.1,0.08,118.41,81.31,59.48
2026-05-21 10:40:00,10,-287.5,250.0,-1.6,44.49,17.01,332.66,0.05,156.93,91.1,59.38
2026-05-21 10:45:00,10,-287.5,250.0,-1.6,45.1,17.13,290.67,0.07,129.45,84.1,57.02
2026-05-21 10:50:00,10,-287.5,250.0,-1.6,43.94,18.71,284.75,0.07,136.63,86.37,57.55
2026-05-21 10:55:00,10,-287.5,250.0,-1.6,45.3,19.46,166.55,0.21,78.44,75.66,59.67
2026-05-21 11:00:00,10,-287.5,250.0,-1.6,44.78,18.39,239.34,0.1,113.26,81.07,59.25
2026-05-21 11:05:00,10,-287.5,250.0,-1.6,44.67,21.23,216.69,0.15,100.07,79.63,58.58
2026-05-21 11:10:00,10,-287.5,250.0,-1.6,44.81,20.54,230.57,0.12,108.4,80.89,58.52
2026-05-21 11:15:00,10,-287.5,250.0,-1.6,43.91,21.29,213.37,0.14,101.29,79.85,58.67
2026-05-21 11:20:00,10,-287.5,250.0,-1.6,45.38,20.47,228.97,0.13,113.75,81.96,58.67
2026-05-21 11:25:00,10,-287.5,250.0,-1.6,44.95,21.17,387.6,0.04,173.16,97.36,56.79
2026-05-21 11:30:00,10,-287.5,250.0,-1.6,45.27,22.86,212.34,0.15,105.27,81.16,57.54
2026-05-21 11:35:00,10,-287.5,250.0,-1.6,45.69,20.97,230.03,0.13,97.54,79.05,57.61
2026-05-21 11:40:00,10,-287.5,250.0,-1.6,44.94,22.35,252.74,0.11,118.97,83.67,56.86
2026-05-21 11:45:00,10,-287.5,250.0,-1.6,44.39,26.01,289.72,0.09,130.97,87.61,57.77
2026-05-21 11:50:00,10,-287.5,250.0,-1.6,44.67,24.18,231.99,0.15,108.67,82.27,56.95
2026-05-21 11:55:00,10,-287.5,250.0,-1.6,45.22,26.32,191.63,0.24,90.37,90.97,55.47
2026-05-21 12:00:00,10,-287.5,250.0,-1.6,45.03,24.99,271.67,0.11,133.57,87.91,56.96
2026-05-21 12:05:00,10,-287.5,250.0,-1.6,45.0,26.94,210.64,0.19,102.98,82.24,58.92
2026-05-21 12:10:00,10,-287.5,250.0,-1.6,45.18,26.5,272.6,0.11,131.62,87.97,55.76
2026-05-21 12:15:00,10,-287.5,250.0,-1.6,45.1,26.68,291.77,0.1,137.61,89.47,57.48
2026-05-21 12:20:00,10,-287.5,250.0,-1.6,45.2,25.91,314.04,0.09,146.53,91.46,55.68
2026-05-21 12:25:00,10,-287.5,250.0,-1.6,45.63,27.99,281.68,0.11,140.48,90.66,55.65
2026-05-21 12:30:00,10,-287.5,250.0,-1.6,44.41,28.3,314.13,0.09,150.3,93.3,55.58
2026-05-21 12:35:00,10,-287.5,250.0,-1.6,44.74,26.96,304.97,0.09,147.21,92.01,57.24
2026-05-21 12:40:00,10,-287.5,250.0,-1.6,44.14,29.48,336.22,0.08,159.49,116.1,56.93
2026-05-21 12:45:00,10,-287.5,250.0,-1.6,45.52,27.81,136.65,0.5,63.92,77.3,55.68
2026-05-21 12:50:00,10,-287.5,250.0,-1.6,45.32,29.83,200.87,0.23,92.06,81.41,55.74
2026-05-21 12:55:00,10,-287.5,250.0,-1.6,45.02,32.91,258.54,0.17,124.01,88.59,55.65
2026-05-21 13:00:00,10,-287.5,250.0,-1.6,44.86,28.76,230.99,0.17,112.43,84.67,53.93
2026-05-21 13:05:00,10,-287.5,250.0,-1.6,44.53,29.95,300.97,0.1,137.63,90.61,55.26
2026-05-21 13:10:00,10,-287.5,250.0,-1.6,44.59,27.24,231.01,0.15,108.32,83.28,53.94
2026-05-21 13:15:00,10,-287.5,250.0,-1.6,44.4,31.83,180.6,0.31,88.92,81.76,54.67
2026-05-21 13:20:00,10,-287.5,250.0,-1.6,43.52,32.01,299.09,0.11,135.31,90.78,53.66
2026-05-21 13:25:00,10,-287.5,250.0,-1.6,44.24,33.14,246.23,0.15,119.61,87.66,54.93
2026-05-21 13:30:00,10,-287.5,250.0,-1.6,44.84,30.49,246.57,0.16,122.32,87.34,54.87
2026-05-21 13:35:00,10,-287.5,250.0,-1.6,45.04,30.99,293.46,0.12,129.78,89.13,54.05
2026-05-21 13:40:00,10,-287.5,250.0,-1.6,45.04,30.35,156.47,0.38,73.69,79.16,54.28
2026-05-21 13:45:00,10,-287.5,250.0,-1.6,43.19,32.12,131.5,0.62,62.58,78.89,53.73
2026-05-21 13:50:00,10,-287.5,250.0,-1.6,43.97,32.31,275.64,0.13,123.29,88.13,53.76
2026-05-21 13:55:00,10,-287.5,250.0,-1.6,43.44,30.67,260.61,0.15,126.9,88.41,54.47
2026-05-21 14:00:00,10,-287.5,250.0,-1.6,44.15,30.41,229.02,0.16,116.81,86.13,52.66
2026-05-21 14:05:00,10,-287.5,250.0,-1.6,43.55,32.79,236.55,0.21,114.53,86.59,53.48
2026-05-21 14:10:00,10,-287.5,250.0,-1.6,44.27,32.79,253.47,0.18,120.76,87.85,53.55
2026-05-21 14:15:00,10,-287.5,250.0,-1.6,43.39,30.27,255.36,0.15,117.46,86.19,53.21
2026-05-21 14:20:00,10,-287.5,250.0,-1.6,44.33,29.39,180.7,0.28,93.31,81.57,53.51
2026-05-21 14:25:00,10,-287.5,250.0,-1.6,43.91,30.46,183.51,0.29,87.99,81.09,53.02
2026-05-21 14:30:00,10,-287.5,250.0,-1.6,42.91,30.58,313.36,0.1,155.75,95.62,54.24
2026-05-21 14:35:00,10,-287.5,250.0,-1.6,43.31,29.57,271.68,0.13,116.58,85.72,51.92
2026-05-21 14:40:00,10,-287.5,250.0,-1.6,43.45,30.88,153.44,0.43,74.98,79.61,53.29
2026-05-21 14:45:00,10,-287.5,250.0,-1.6,44.01,28.69,335.38,0.08,165.9,97.85,52.65
2026-05-21 14:50:00,10,-287.5,250.0,-1.6,42.82,30.87,247.1,0.15,120.38,87.03,52.43
2026-05-21 14:55:00,10,-287.5,250.0,-1.6,43.03,31.36,290.2,0.12,139.85,91.7,53.27
2026-05-21 15:00:00,10,-287.5,250.0,-1.6,42.7,29.97,191.94,0.22,90.98,81.26,53.14
2026-05-21 15:05:00,10,-287.5,250.0,-1.6,42.17,28.16,298.04,0.09,137.89,90.03,52.45
2026-05-21 15:10:00,10,-287.5,250.0,-1.6,42.94,28.78,256.71,0.14,122.22,86.68,52.68
2026-05-21 15:15:00,10,-287.5,250.0,-1.6,42.38,28.21,182.53,0.3,81.97,79.4,52.3
2026-05-21 15:20:00,10,-287.5,250.0,-1.6,42.94,26.89,314.16,0.09,144.97,112.15,51.78
2026-05-21 15:25:00,10,-287.5,250.0,-1.6,42.09,28.75,215.55,0.2,104.14,83.1,52.04
2026-05-21 15:30:00,10,-287.5,250.0,-1.6,41.65,28.24,210.03,0.2,102.11,82.55,53.55
2026-05-21 15:35:00,10,-287.5,250.0,-1.6,43.27,28.55,270.92,0.12,126.32,87.48,52.46
2026-05-21 15:40:00,10,-287.5,250.0,-1.6,41.59,28.61,318.71,0.09,146.18,92.3,50.77
2026-05-21 15:45:00,10,-287.5,250.0,-1.6,42.62,24.28,238.78,0.14,112.64,83.08,50.98
2026-05-21 15:50:00,10,-287.5,250.0,-1.6,41.81,26.97,212.34,0.17,98.22,81.34,51.17
2026-05-21 15:55:00,10,-287.5,250.0,-1.6,41.89,24.84,280.01,0.1,146.78,106.85,50.72
2026-05-21 16:00:00,10,-287.5,250.0,-1.6,41.3,25.82,275.3,0.11,127.31,86.72,49.77
2026-05-21 16:05:00,10,-287.5,250.0,-1.6,40.77,23.0,323.59,0.06,152.07,91.86,50.21
2026-05-21 16:10:00,10,-287.5,250.0,-1.6,40.9,26.3,204.14,0.21,93.11,80.31,50.33
2026-05-21 16:15:00,10,-287.5,250.0,-1.6,39.49,23.8,217.23,0.15,108.36,82.07,50.71
2026-05-21 16:20:00,10,-287.5,250.0,-1.6,41.32,22.36,244.52,0.11,110.25,81.86,50.97
2026-05-21 16:25:00,10,-287.5,250.0,-1.6,41.52,21.3,215.19,0.14,108.5,81.21,49.43
2026-05-21 16:30:00,10,-287.5,250.0,-1.6,40.47,20.42,233.05,0.12,112.61,81.68,48.78
2026-05-21 16:35:00,10,-287.5,250.0,-1.6,41.64,21.48,202.88,0.14,91.83,78.27,48.59
2026-05-21 16:40:00,10,-287.5,250.0,-1.6,40.28,21.11,249.55,0.11,117.83,82.98,49.7
2026-05-21 16:45:00,10,-287.5,250.0,-1.6,40.94,19.29,172.87,0.19,79.36,75.68,50.14
2026-05-21 16:50:00,10,-287.5,250.0,-1.6,39.09,21.66,249.84,0.11,114.31,82.43,46.79
2026-05-21 16:55:00,10,-287.5,250.0,-1.6,39.37,20.66,281.39,0.09,145.59,89.36,49.62
2026-05-21 17:00:00,10,-287.5,250.0,-1.6,40.06,18.03,241.22,0.1,115.88,81.47,48.69
2026-05-21 17:05:00,10,-287.5,250.0,-1.6,39.78,19.09,276.52,0.08,117.16,82.07,50.28
2026-05-21 17:10:00,10,-287.5,250.0,-1.6,39.85,20.34,245.31,0.11,127.01,84.73,50.27
2026-05-21 17:15:00,10,-287.5,250.0,-1.6,38.73,18.02,253.25,0.09,126.27,83.71,47.54
2026-05-21 17:20:00,10,-287.5,250.0,-1.6,39.1,16.46,262.47,0.08,122.75,82.35,47.79
2026-05-21 17:25:00,10,-287.5,250.0,-1.6,38.74,16.14,236.38,0.09,102.75,78.2,48.13
2026-05-21 17:30:00,10,-287.5,250.0,-1.6,38.42,16.64,231.84,0.1,113.38,80.46,46.72
2026-05-21 17:35:00,10,-287.5,250.0,-1.6,38.44,16.95,278.25,0.06,127.64,83.59,47.17
2026-05-21 17:40:00,10,-287.5,250.0,-1.6,38.45,15.95,278.6,0.06,125.44,96.88,48.44
2026-05-21 17:45:00,10,-287.5,250.0,-1.6,38.33,15.13,326.88,0.04,159.19,91.05,48.26
2026-05-21 17:50:00,10,-287.5,250.0,-1.6,38.59,11.32,276.6,0.05,127.79,81.63,48.34
2026-05-21 17:55:00,10,-287.5,250.0,-1.6,38.07,13.44,221.41,0.09,97.96,76.39,48.75
2026-05-21 18:00:00,10,-287.5,250.0,-1.6,36.91,12.25,261.29,0.05,123.92,81.08,47.96
2026-05-21 18:05:00,10,-287.5,250.0,-1.6,37.66,12.62,247.53,0.07,120.36,80.47,47.42
2026-05-21 18:10:00,10,-287.5,250.0,-1.6,37.68,12.25,220.04,0.08,108.7,77.95,47.25
2026-05-21 18:15:00,10,-287.5,250.0,-1.6,37.5,10.5,244.03,0.06,115.35,78.64,49.27
2026-05-21 18:20:00,10,-287.5,250.0,-1.6,37.51,13.11,173.21,0.13,80.37,73.53,45.96
2026-05-21 18:25:00,10,-287.5,250.0,-1.6,37.18,12.31,203.32,0.1,92.48,75.07,47.09
2026-05-21 18:30:00,10,-287.5,250.0,-1.6,36.96,9.94,337.11,0.02,157.13,88.61,46.91
2026-05-21 18:35:00,10,-287.5,250.0,-1.6,37.03,10.37,200.77,0.08,88.12,73.65,45.49
2026-05-21 18:40:00,10,-287.5,250.0,-1.6,37.03,7.14,242.96,0.04,125.88,79.71,45.83
2026-05-21 18:45:00,10,-287.5,250.0,-1.6,36.91,9.19,216.68,0.06,101.78,75.53,46.08
2026-05-21 18:50:00,10,-287.5,250.0,-1.6,36.91,11.11,255.97,0.05,114.37,78.63,45.68
2026-05-21 18:55:00,10,-287.5,250.0,-1.6,36.61,8.57,273.0,0.04,128.03,80.7,46.74
2026-05-21 19:00:00,10,-287.5,250.0,-1.6,36.98,8.13,231.02,0.05,118.08,78.36,46.25
2026-05-21 19:05:00,10,-287.5,250.0,-1.6,36.19,7.88,201.53,0.06,93.14,85.03,44.63
2026-05-21 19:10:00,10,-287.5,250.0,-1.6,35.01,9.06,266.17,0.04,126.75,80.57,45.11
2026-05-21 19:15:00,10,-287.5,250.0,-1.6,36.48,8.18,259.19,0.04,122.95,79.42,45.91
2026-05-21 19:20:00,10,-287.5,250.0,-1.6,34.92,8.55,182.26,0.08,88.26,73.03,45.24
2026-05-21 19:25:00,10,-287.5,250.0,-1.6,35.85,7.19,295.89,0.03,143.39,83.95,46.57
2026-05-21 19:30:00,10,-287.5,250.0,-1.6,34.84,8.12,309.36,0.03,151.68,86.47,45.5
2026-05-21 19:35:00,10,-287.5,250.0,-1.6,35.29,7.74,152.16,0.1,74.89,87.17,44.97
2026-05-21 19:40:00,10,-287.5,250.0,-1.6,34.58,8.85,221.95,0.07,105.03,76.03,45.15
2026-05-21 19:45:00,10,-287.5,250.0,-1.6,34.85,7.92,272.39,0.03,125.29,79.83,44.23
2026-05-21 19:50:00,10,-287.5,250.0,-1.6,35.01,7.24,248.63,0.04,122.73,79.04,45.67
2026-05-21 19:55:00,10,-287.5,250.0,-1.6,33.58,8.17,221.44,0.05,108.33,76.38,45.74
2026-05-21 20:00:00,10,-287.5,250.0,-1.6,34.97,7.92,266.38,0.04,126.47,80.11,44.05
2026-05-21 20:05:00,10,-287.5,250.0,-1.6,35.04,8.66,244.87,0.04,122.11,79.4,43.4
2026-05-21 20:10:00,10,-287.5,250.0,-1.6,34.31,7.23,310.25,0.02,153.12,86.54,44.87
2026-05-21 20:15:00,10,-287.5,250.0,-1.6,34.52,8.78,221.16,0.05,105.2,76.0,44.91
2026-05-21 20:20:00,10,-287.5,250.0,-1.6,34.21,6.3,288.39,0.03,134.66,81.45,43.63
2026-05-21 20:25:00,10,-287.5,250.0,-1.6,34.21,8.65,246.7,0.05,121.36,90.76,45.41
2026-05-21 20:30:00,10,-287.5,250.0,-1.6,33.64,8.03,336.12,0.02,160.78,88.98,43.29
2026-05-21 20:35:00,10,-287.5,250.0,-1.6,33.07,10.06,230.2,0.06,106.08,76.63,44.05
2026-05-21 20:40:00,10,-287.5,250.0,-1.6,33.36,9.62,220.48,0.06,106.14,76.49,44.03
2026-05-21 20:45:00,10,-287.5,250.0,-1.6,33.6,8.51,256.31,0.04,121.87,79.29,43.34
2026-05-21 20:50:00,10,-287.5,250.0,-1.6,33.65,6.91,199.89,0.06,86.76,72.17,41.93
2026-05-21 20:55:00,10,-287.5,250.0,-1.6,32.69,9.74,203.15,0.07,96.44,74.78,42.8
2026-05-21 21:00:00,10,-287.5,250.0,-1.6,32.74,6.97,286.11,0.03,133.74,99.59,42.7
2026-05-21 21:05:00,10,-287.5,250.0,-1.6,33.21,9.3,286.0,0.04,132.73,82.05,42.97
2026-05-21 21:10:00,10,-287.5,250.0,-1.6,32.7,10.16,217.53,0.06,107.92,77.02,43.67
2026-05-21 21:15:00,10,-287.5,250.0,-1.6,31.92,11.58,287.75,0.05,138.23,84.21,42.0
2026-05-21 21:20:00,10,-287.5,250.0,-1.6,31.99,10.89,323.48,0.03,153.9,88.05,42.2
2026-05-21 21:25:00,10,-287.5,250.0,-1.6,32.13,11.93,235.82,0.07,110.96,78.26,41.81
2026-05-21 21:30:00,10,-287.5,250.0,-1.6,32.25,11.87,229.86,0.08,112.12,78.49,41.26
2026-05-21 21:35:00,10,-287.5,250.0,-1.6,32.46,10.27,311.39,0.03,155.47,88.27,41.47
2026-05-21 21:40:00,10,-287.5,250.0,-1.6,32.12,12.84,241.42,0.07,114.87,79.37,41.82
2026-05-21 21:45:00,10,-287.5,250.0,-1.6,32.53,11.24,100.06,0.38,48.94,69.71,41.42
2026-05-21 21:50:00,10,-287.5,250.0,-1.6,31.84,14.99,290.57,0.06,140.54,86.0,40.73
2026-05-21 21:55:00,10,-287.5,250.0,-1.6,32.39,13.33,237.31,0.08,108.81,90.33,41.77
2026-05-21 22:00:00,10,-287.5,250.0,-1.6,31.93,14.0,273.32,0.06,129.78,83.04,41.76
2026-05-21 22:05:00,10,-287.5,250.0,-1.6,30.76,16.2,265.61,0.07,120.16,81.66,40.21
2026-05-21 22:10:00,10,-287.5,250.0,-1.6,31.33,12.94,271.64,0.06,127.86,82.22,40.42
2026-05-21 22:15:00,10,-287.5,250.0,-1.6,32.14,14.72,284.67,0.05,131.22,83.61,41.52
2026-05-21 22:20:00,10,-287.5,250.0,-1.6,32.01,14.22,238.29,0.08,114.16,79.73,41.61
2026-05-21 22:25:00,10,-287.5,250.0,-1.6,32.26,14.96,258.48,0.07,122.19,81.67,38.95
2026-05-21 22:30:00,10,-287.5,250.0,-1.6,31.79,17.34,261.71,0.08,124.22,82.98,39.98
2026-05-21 22:35:00,10,-287.5,250.0,-1.6,31.55,18.26,161.42,0.22,75.77,74.86,40.67
2026-05-21 22:40:00,10,-287.5,250.0,-1.6,31.82,13.91,235.04,0.08,120.35,80.92,40.13
2026-05-21 22:45:00,10,-287.5,250.0,-1.6,30.75,16.66,265.06,0.08,128.6,83.73,41.22
2026-05-21 22:50:00,10,-287.5,250.0,-1.6,31.36,17.39,293.2,0.06,135.52,85.59,39.71
2026-05-21 22:55:00,10,-287.5,250.0,-1.6,30.91,20.07,330.19,0.06,148.53,89.86,41.0
2026-05-21 23:00:00,10,-287.5,250.0,-1.6,31.67,19.02,290.55,0.07,141.46,87.67,41.37
2026-05-21 23:05:00,10,-287.5,250.0,-1.6,30.96,19.68,300.69,0.07,136.72,86.71,39.96
2026-05-21 23:10:00,10,-287.5,250.0,-1.6,31.19,20.53,276.07,0.09,121.99,83.62,39.91
2026-05-21 23:15:00,10,-287.5,250.0,-1.6,31.54,21.14,246.56,0.11,113.46,93.76,38.46
2026-05-21 23:20:00,10,-287.5,250.0,-1.6,30.46,20.82,247.6,0.1,115.15,82.28,40.22
2026-05-21 23:25:00,10,-287.5,250.0,-1.6,31.15,23.62,224.24,0.14,111.79,82.65,37.86
2026-05-21 23:30:00,10,-287.5,250.0,-1.6,31.59,24.9,182.71,0.23,81.94,78.08,39.07
2026-05-21 23:35:00,10,-287.5,250.0,-1.6,31.0,21.66,173.29,0.23,85.69,77.51,40.35
2026-05-21 23:40:00,10,-287.5,250.0,-1.6,31.29,23.49,210.07,0.17,101.22,80.64,38.98
2026-05-21 23:45:00,10,-287.5,250.0,-1.6,30.29,22.45,190.86,0.2,94.49,79.15,37.72
2026-05-21 23:50:00,10,-287.5,250.0,-1.6,30.75,23.48,202.25,0.18,93.83,79.36,39.87
2026-05-21 23:55:00,10,-287.5,250.0,-1.6,30.97,25.12,260.42,0.12,123.6,85.64,39.66
2026-05-22 00:00:00,10,-548.0,282.4,-0.54,31.08,23.59,241.43,0.13,111.56,94.47,38.11
2026-05-22 00:05:00,10,-548.0,282.4,-0.54,31.64,26.55,246.82,0.15,109.41,83.23,38.17
2026-05-22 00:10:00,10,-548.0,282.4,-0.54,30.59,27.46,269.08,0.12,122.96,86.32,37.96
2026-05-22 00:15:00,10,-548.0,282.4,-0.54,31.12,25.81,252.27,0.14,128.85,87.11,39.77
2026-05-22 00:20:00,10,-548.0,282.4,-0.54,30.65,26.72,269.21,0.13,135.55,89.0,38.03
2026-05-22 00:25:00,10,-548.0,282.4,-0.54,30.87,25.91,287.99,0.09,130.29,87.39,38.11
2026-05-22 00:30:00,10,-548.0,282.4,-0.54,30.32,26.57,258.92,0.13,126.65,86.85,38.53
2026-05-22 00:35:00,10,-548.0,282.4,-0.54,32.08,28.87,186.32,0.24,85.44,80.01,39.27
2026-05-22 00:40:00,10,-548.0,282.4,-0.54,31.56,28.2,223.63,0.17,108.81,83.72,37.26
2026-05-22 00:45:00,10,-548.0,282.4,-0.54,30.68,30.63,241.6,0.17,109.47,84.7,37.57
2026-05-22 00:50:00,10,-548.0,282.4,-0.54,31.04,29.16,279.26,0.13,137.44,90.32,36.97
2026-05-22 00:55:00,10,-548.0,282.4,-0.54,31.72,29.75,222.07,0.2,105.9,83.77,38.22
2026-05-22 01:00:00,10,-548.0,282.4,-0.54,31.47,30.35,290.53,0.11,136.13,90.38,36.82
2026-05-22 01:05:00,10,-548.0,282.4,-0.54,30.3,29.37,264.51,0.13,125.88,87.66,35.3
2026-05-22 01:10:00,10,-548.0,282.4,-0.54,31.48,28.27,283.33,0.1,136.14,89.63,37.13
2026-05-22 01:15:00,10,-548.0,282.4,-0.54,31.77,30.5,299.25,0.1,148.09,93.47,36.93
2026-05-22 01:20:00,10,-548.0,282.4,-0.54,32.25,28.78,297.93,0.1,132.66,88.97,36.22
2026-05-22 01:25:00,10,-548.0,282.4,-0.54,31.28,28.47,247.13,0.14,121.85,86.46,35.38
2026-05-22 01:30:00,10,-548.0,282.4,-0.54,32.35,30.45,286.67,0.11,137.82,90.83,35.3
2026-05-22 01:35:00,10,-548.0,282.4,-0.54,31.78,28.62,228.98,0.16,112.45,84.58,36.41
2026-05-22 01:40:00,10,-548.0,282.4,-0.54,32.0,29.58,251.55,0.16,120.22,86.54,34.78
2026-05-22 01:45:00,10,-548.0,282.4,-0.54,31.86,30.12,196.41,0.27,91.56,81.48,35.51
2026-05-22 01:50:00,10,-548.0,282.4,-0.54,32.15,28.23,211.92,0.19,97.15,81.62,35.5
2026-05-22 01:55:00,10,-548.0,282.4,-0.54,31.73,29.92,145.57,0.46,68.77,78.51,35.17
2026-05-22 02:00:00,10,-548.0,282.4,-0.54,31.38,28.95,196.91,0.24,90.46,80.84,35.28
2026-05-22 02:05:00,10,-548.0,282.4,-0.54,32.73,30.58,251.2,0.15,128.74,88.78,35.63
2026-05-22 02:10:00,10,-548.0,282.4,-0.54,31.87,30.87,213.9,0.22,109.46,84.89,33.0
2026-05-22 02:15:00,10,-548.0,282.4,-0.54,32.4,31.05,220.64,0.18,100.35,83.15,34.03
2026-05-22 02:20:00,10,-548.0,282.4,-0.54,32.5,30.86,178.96,0.29,84.71,80.7,34.84
2026-05-22 02:25:00,10,-548.0,282.4,-0.54,32.68,30.19,235.37,0.18,115.89,85.88,34.74
2026-05-22 02:30:00,10,-548.0,282.4,-0.54,32.78,28.37,247.62,0.13,114.46,84.84,34.0
2026-05-22 02:35:00,10,-548.0,282.4,-0.54,31.91,30.72,185.47,0.27,84.24,80.54,33.48
2026-05-22 02:40:00,10,-548.0,282.4,-0.54,32.97,28.79,188.76,0.26,92.29,81.12,31.84
2026-05-22 02:45:00,10,-548.0,282.4,-0.54,32.03,28.84,256.27,0.14,119.44,86.07,33.64
2026-05-22 02:50:00,10,-548.0,282.4,-0.54,33.96,28.71,278.43,0.12,132.84,89.03,32.24
2026-05-22 02:55:00,10,-548.0,282.4,-0.54,32.31,28.88,304.83,0.1,145.03,92.1,33.3
2026-05-22 03:00:00,10,-548.0,282.4,-0.54,33.12,27.71,291.01,0.11,141.85,90.89,33.0
2026-05-22 03:05:00,10,-548.0,282.4,-0.54,32.51,27.39,257.05,0.13,119.94,85.66,33.6
2026-05-22 03:10:00,10,-548.0,282.4,-0.54,33.83,28.22,261.37,0.13,123.33,86.69,32.83
2026-05-22 03:15:00,10,-548.0,282.4,-0.54,33.85,29.29,251.42,0.14,111.78,84.64,32.5
2026-05-22 03:20:00,10,-548.0,282.4,-0.54,33.97,28.93,273.53,0.13,127.92,87.97,32.35
2026-05-22 03:25:00,10,-548.0,282.4,-0.54,34.71,25.37,292.72,0.09,140.95,89.8,32.5
2026-05-22 03:30:00,10,-548.0,282.4,-0.54,34.55,24.81,268.45,0.11,126.19,86.1,33.36
2026-05-22 03:35:00,10,-548.0,282.4,-0.54,33.38,27.02,279.38,0.12,130.06,87.78,33.33
2026-05-22 03:40:00,10,-548.0,282.4,-0.54,33.86,23.17,210.53,0.16,99.74,80.24,33.65
2026-05-22 03:45:00,10,-548.0,282.4,-0.54,33.82,24.66,310.7,0.08,149.78,91.84,31.89
2026-05-22 03:50:00,10,-548.0,282.4,-0.54,34.61,24.82,274.13,0.1,136.06,88.41,32.17
2026-05-22 03:55:00,10,-548.0,282.4,-0.54,34.54,26.18,261.29,0.11,127.71,86.93,31.26
2026-05-22 04:00:00,10,-548.0,282.4,-0.54,34.52,23.78,292.88,0.08,134.94,87.73,31.32
2026-05-22 04:05:00,10,-548.0,282.4,-0.54,34.65,24.96,290.54,0.1,133.83,87.92,31.45
2026-05-22 04:10:00,10,-548.0,282.4,-0.54,34.82,22.85,301.46,0.09,141.75,89.13,30.01
2026-05-22 04:15:00,10,-548.0,282.4,-0.54,35.51,21.28,276.6,0.09,130.97,85.93,31.98
2026-05-22 04:20:00,10,-548.0,282.4,-0.54,34.86,21.87,186.46,0.19,87.2,77.74,29.99
2026-05-22 04:25:00,10,-548.0,282.4,-0.54,35.5,21.33,295.57,0.08,147.3,90.02,31.19
2026-05-22 04:30:00,10,-548.0,282.4,-0.54,35.72,21.55,287.99,0.09,139.7,88.15,29.73
2026-05-22 04:35:00,10,-548.0,282.4,-0.54,35.25,21.12,221.42,0.14,104.07,80.28,30.68
2026-05-22 04:40:00,10,-548.0,282.4,-0.54,36.02,20.51,284.73,0.08,133.53,97.88,30.25
2026-05-22 04:45:00,10,-548.0,282.4,-0.54,35.34,21.51,277.74,0.09,126.94,85.07,30.77
2026-05-22 04:50:00,10,-548.0,282.4,-0.54,36.36,20.54,271.38,0.08,122.06,83.62,31.44
2026-05-22 04:55:00,10,-548.0,282.4,-0.54,36.6,18.56,252.83,0.09,123.67,83.31,30.29
2026-05-22 05:00:00,10,-548.0,282.4,-0.54,36.38,20.58,189.52,0.19,90.85,77.88,32.63
2026-05-22 05:05:00,10,-548.0,282.4,-0.54,36.21,18.37,231.9,0.11,113.63,81.14,29.05
2026-05-22 05:10:00,10,-548.0,282.4,-0.54,36.38,18.36,227.98,0.12,104.7,79.4,29.18
2026-05-22 05:15:00,10,-548.0,282.4,-0.54,36.19,18.3,231.43,0.11,111.92,80.76,30.84
2026-05-22 05:20:00,10,-548.0,282.4,-0.54,36.29,17.1,289.52,0.07,129.93,84.19,29.72
2026-05-22 05:25:00,10,-548.0,282.4,-0.54,36.85,16.14,233.5,0.08,105.0,78.6,30.1
2026-05-22 05:30:00,10,-548.0,282.4,-0.54,37.11,15.36,294.13,0.06,143.52,86.9,30.36
2026-05-22 05:35:00,10,-548.0,282.4,-0.54,37.79,16.42,217.06,0.11,107.82,79.3,29.84
2026-05-22 05:40:00,10,-548.0,282.4,-0.54,36.91,15.05,252.94,0.07,118.78,80.97,27.68
2026-05-22 05:45:00,10,-548.0,282.4,-0.54,37.65,13.09,286.09,0.05,129.54,82.65,28.59
2026-05-22 05:50:00,10,-548.0,282.4,-0.54,38.41,14.56,271.72,0.06,132.9,83.98,29.84
2026-05-22 05:55:00,10,-548.0,282.4,-0.54,38.69,14.07,308.82,0.05,151.09,88.44,28.72
2026-05-22 06:00:00,10,-548.0,282.4,-0.54,37.7,14.36,247.06,0.08,117.01,98.99,28.62
2026-05-22 06:05:00,10,-548.0,282.4,-0.54,38.78,11.92,287.09,0.05,133.09,83.08,27.41
2026-05-22 06:10:00,10,-548.0,282.4,-0.54,38.54,12.2,331.96,0.03,160.73,90.45,28.99
2026-05-22 06:15:00,10,-548.0,282.4,-0.54,38.19,11.72,249.67,0.06,116.76,79.36,29.02
2026-05-22 06:20:00,10,-548.0,282.4,-0.54,37.99,10.65,281.44,0.04,133.16,82.64,27.2
2026-05-22 06:25:00,10,-548.0,282.4,-0.54,39.18,9.47,232.38,0.06,107.02,76.62,26.75
2026-05-22 06:30:00,10,-548.0,282.4,-0.54,38.74,12.47,293.05,0.05,141.04,85.24,27.56
2026-05-22 06:35:00,10,-548.0,282.4,-0.54,39.63,12.05,215.52,0.08,103.11,90.77,27.24
2026-05-22 06:40:00,10,-548.0,282.4,-0.54,39.89,11.03,274.26,0.05,134.28,83.06,27.83
2026-05-22 06:45:00,10,-548.0,282.4,-0.54,39.1,9.91,294.11,0.04,142.24,84.63,26.97
2026-05-22 06:50:00,10,-548.0,282.4,-0.54,39.3,7.38,286.45,0.03,129.92,80.71,28.22
2026-05-22 06:55:00,10,-548.0,282.4,-0.54,39.48,8.61,317.03,0.03,139.35,83.42,27.07
2026-05-22 07:00:00,10,-548.0,282.4,-0.54,40.22,10.36,262.75,0.05,135.29,83.07,28.4
2026-05-22 07:05:00,10,-548.0,282.4,-0.54,39.61,10.82,235.91,0.06,114.82,78.64,26.68
2026-05-22 07:10:00,10,-548.0,282.4,-0.54,40.17,6.66,267.4,0.03,121.56,78.57,26.32
2026-05-22 07:15:00,10,-548.0,282.4,-0.54,40.72,8.35,306.22,0.03,153.13,86.96,26.34
2026-05-22 07:20:00,10,-548.0,282.4,-0.54,40.68,9.16,274.58,0.04,131.6,81.75,26.9
2026-05-22 07:25:00,10,-548.0,282.4,-0.54,40.12,6.53,363.8,0.02,167.76,90.53,27.82
2026-05-22 07:30:00,10,-548.0,282.4,-0.54,41.08,8.79,228.65,0.05,109.64,76.87,27.61
2026-05-22 07:35:00,10,-548.0,282.4,-0.54,40.62,8.15,261.59,0.04,117.73,78.28,26.23
2026-05-22 07:40:00,10,-548.0,282.4,-0.54,40.73,9.25,250.77,0.04,127.9,80.91,26.12
2026-05-22 07:45:00,10,-548.0,282.4,-0.54,40.93,9.36,187.52,0.09,88.51,73.38,26.08
2026-05-22 07:50:00,10,-548.0,282.4,-0.54,40.4,5.98,273.45,0.03,129.39,80.1,26.38
2026-05-22 07:55:00,10,-548.0,282.4,-0.54,41.26,5.52,379.54,0.01,182.68,94.86,26.89
2026-05-22 08:00:00,10,-548.0,282.4,-0.54,41.62,8.06,280.72,0.03,132.84,81.64,26.52
2026-05-22 08:05:00,10,-548.0,282.4,-0.54,42.24,7.36,236.74,0.04,112.51,76.93,25.87
2026-05-22 08:10:00,10,-548.0,282.4,-0.54,41.99,6.48,396.14,0.01,189.74,97.57,23.57
2026-05-22 08:15:00,10,-548.0,282.4,-0.54,41.83,7.86,282.01,0.03,130.96,81.12,25.12
2026-05-22 08:20:00,10,-548.0,282.4,-0.54,41.46,5.95,335.83,0.02,154.13,86.38,25.17
2026-05-22 08:25:00,10,-548.0,282.4,-0.54,40.99,8.48,277.94,0.03,136.67,82.71,25.42
2026-05-22 08:30:00,10,-548.0,282.4,-0.54,42.21,8.19,256.79,0.04,120.17,78.82,23.93
2026-05-22 08:35:00,10,-548.0,282.4,-0.54,42.0,8.53,276.62,0.04,122.11,79.36,26.92
2026-05-22 08:40:00,10,-548.0,282.4,-0.54,41.88,7.66,282.22,0.03,134.25,81.84,23.56
2026-05-22 08:45:00,10,-548.0,282.4,-0.54,42.54,7.71,260.52,0.04,127.35,80.25,23.2
2026-05-22 08:50:00,10,-548.0,282.4,-0.54,42.88,8.91,200.67,0.08,96.5,74.54,24.07
2026-05-22 08:55:00,10,-548.0,282.4,-0.54,42.97,6.2,262.3,0.03,117.29,77.49,23.59
2026-05-22 09:00:00,10,-548.0,282.4,-0.54,43.01,9.59,234.62,0.05,106.38,91.99,24.2
2026-05-22 09:05:00,10,-548.0,282.4,-0.54,43.48,9.06,291.68,0.03,126.41,80.49,23.8
2026-05-22 09:10:00,10,-548.0,282.4,-0.54,43.94,6.87,151.75,0.1,72.2,70.18,25.12
2026-05-22 09:15:00,10,-548.0,282.4,-0.54,42.51,11.11,251.32,0.05,111.04,77.96,23.1
2026-05-22 09:20:00,10,-548.0,282.4,-0.54,42.72,8.7,353.01,0.02,166.17,90.82,23.02
2026-05-22 09:25:00,10,-548.0,282.4,-0.54,43.82,10.57,228.56,0.06,108.11,87.26,24.29
2026-05-22 09:30:00,10,-548.0,282.4,-0.54,43.23,9.76,323.72,0.03,159.1,89.14,22.59
2026-05-22 09:35:00,10,-548.0,282.4,-0.54,43.61,11.23,264.83,0.05,119.4,91.27,24.12
2026-05-22 09:40:00,10,-548.0,282.4,-0.54,42.88,10.87,313.84,0.04,147.39,86.32,22.64
2026-05-22 09:45:00,10,-548.0,282.4,-0.54,43.54,12.16,306.07,0.04,138.48,84.48,25.41
2026-05-22 09:50:00,10,-548.0,282.4,-0.54,43.61,10.22,257.05,0.05,121.15,79.77,23.49
2026-05-22 09:55:00,10,-548.0,282.4,-0.54,43.42,13.44,269.84,0.06,127.63,82.37,22.12
2026-05-22 10:00:00,10,-548.0,282.4,-0.54,44.41,14.33,207.08,0.1,98.84,76.89,21.5
2026-05-22 10:05:00,10,-548.0,282.4,-0.54,43.64,13.59,234.31,0.08,106.46,78.0,23.07
2026-05-22 10:10:00,10,-548.0,282.4,-0.54,45.06,13.07,261.04,0.06,117.37,79.98,21.75
2026-05-22 10:15:00,10,-548.0,282.4,-0.54,44.74,12.44,238.4,0.07,113.16,78.9,22.48
2026-05-22 10:20:00,10,-548.0,282.4,-0.54,44.7,14.07,238.3,0.07,114.5,79.75,22.94
2026-05-22 10:25:00,10,-548.0,282.4,-0.54,44.07,14.51,227.77,0.09,112.8,79.59,22.67
2026-05-22 10:30:00,10,-548.0,282.4,-0.54,44.16,15.4,266.03,0.07,131.28,83.92,20.47
2026-05-22 10:35:00,10,-548.0,282.4,-0.54,43.87,13.81,251.2,0.06,125.17,81.94,21.4
2026-05-22 10:40:00,10,-548.0,282.4,-0.54,45.03,15.93,237.01,0.09,110.56,79.64,21.94
2026-05-22 10:45:00,10,-548.0,282.4,-0.54,44.12,15.52,300.93,0.05,131.6,84.0,22.04
2026-05-22 10:50:00,10,-548.0,282.4,-0.54,44.15,16.01,246.04,0.08,114.08,80.36,21.07
2026-05-22 10:55:00,10,-548.0,282.4,-0.54,44.85,17.85,249.96,0.1,110.97,80.42,22.12
2026-05-22 11:00:00,10,-548.0,282.4,-0.54,44.74,17.89,324.29,0.05,155.66,91.05,19.96
2026-05-22 11:05:00,10,-548.0,282.4,-0.54,44.84,18.09,242.54,0.11,120.07,82.41,20.71
2026-05-22 11:10:00,10,-548.0,282.4,-0.54,44.54,20.19,202.29,0.13,93.06,78.01,21.47
2026-05-22 11:15:00,10,-548.0,282.4,-0.54,45.42,19.18,195.21,0.16,89.36,77.1,19.58
2026-05-22 11:20:00,10,-548.0,282.4,-0.54,44.04,20.45,231.95,0.13,109.85,81.16,20.2
2026-05-22 11:25:00,10,-548.0,282.4,-0.54,44.93,19.65,225.99,0.11,104.8,79.87,19.8
2026-05-22 11:30:00,10,-548.0,282.4,-0.54,44.27,22.03,389.81,0.04,186.89,102.11,19.95
2026-05-22 11:35:00,10,-548.0,282.4,-0.54,44.87,19.98,283.15,0.08,130.81,85.44,22.38
2026-05-22 11:40:00,10,-548.0,282.4,-0.54,45.36,18.51,247.77,0.1,121.58,82.87,20.35
2026-05-22 11:45:00,10,-548.0,282.4,-0.54,45.51,21.87,298.56,0.07,144.89,89.58,21.98
2026-05-22 11:50:00,10,-548.0,282.4,-0.54,45.38,21.9,240.7,0.11,112.18,82.1,19.49
2026-05-22 11:55:00,10,-548.0,282.4,-0.54,45.23,21.71,263.19,0.09,121.03,83.85,19.87
2026-05-22 12:00:00,10,-548.0,282.4,-0.54,45.03,22.69,200.82,0.17,101.43,80.43,20.25
2026-05-22 12:05:00,10,-548.0,282.4,-0.54,44.72,22.11,348.92,0.06,167.88,96.11,17.91
2026-05-22 12:10:00,10,-548.0,282.4,-0.54,45.67,22.95,221.81,0.14,109.88,82.07,19.62
2026-05-22 12:15:00,10,-548.0,282.4,-0.54,45.27,25.02,221.86,0.17,106.35,82.16,19.45
2026-05-22 12:20:00,10,-548.0,282.4,-0.54,44.98,24.5,221.42,0.17,114.95,83.69,18.73
2026-05-22 12:25:00,10,-548.0,282.4,-0.54,44.39,25.02,185.44,0.24,82.48,78.24,18.4
2026-05-22 12:30:00,10,-548.0,282.4,-0.54,45.39,25.33,160.44,0.32,78.35,77.92,19.37
2026-05-22 12:35:00,10,-548.0,282.4,-0.54,45.83,26.47,277.7,0.11,125.18,86.47,19.57
2026-05-22 12:40:00,10,-548.0,282.4,-0.54,44.92,26.1,233.42,0.15,107.96,82.81,16.53
2026-05-22 12:45:00,10,-548.0,282.4,-0.54,44.22,24.93,217.23,0.17,103.16,81.52,18.85
2026-05-22 12:50:00,10,-548.0,282.4,-0.54,44.46,25.51,181.63,0.22,89.76,79.5,19.94
2026-05-22 12:55:00,10,-548.0,282.4,-0.54,44.88,27.13,185.83,0.23,87.38,79.71,17.56
2026-05-22 13:00:00,10,-548.0,282.4,-0.54,44.08,26.28,306.61,0.09,143.56,90.81,17.47
2026-05-22 13:05:00,10,-548.0,282.4,-0.54,44.91,24.55,281.01,0.1,132.12,87.39,17.18
2026-05-22 13:10:00,10,-548.0,282.4,-0.54,44.77,26.91,213.47,0.19,98.8,81.47,18.36
2026-05-22 13:15:00,10,-548.0,282.4,-0.54,44.19,26.62,252.16,0.13,111.87,96.5,17.86
2026-05-22 13:20:00,10,-548.0,282.4,-0.54,45.12,26.72,282.98,0.1,132.95,88.35,17.49
2026-05-22 13:25:00,10,-548.0,282.4,-0.54,44.86,27.65,280.2,0.11,134.19,88.99,17.22
2026-05-22 13:30:00,10,-548.0,282.4,-0.54,43.64,27.07,254.54,0.14,116.22,84.79,16.7
2026-05-22 13:35:00,10,-548.0,282.4,-0.54,43.81,25.74,282.19,0.11,126.65,86.55,18.78
2026-05-22 13:40:00,10,-548.0,282.4,-0.54,43.72,27.69,289.27,0.1,139.24,90.22,17.9
2026-05-22 13:45:00,10,-548.0,282.4,-0.54,44.6,26.4,341.17,0.07,161.27,95.67,15.45
2026-05-22 13:50:00,10,-548.0,282.4,-0.54,44.68,27.53,243.77,0.15,106.21,82.97,16.7
2026-05-22 13:55:00,10,-548.0,282.4,-0.54,44.09,26.15,297.11,0.1,135.4,88.74,18.62
2026-05-22 14:00:00,10,-548.0,282.4,-0.54,44.62,27.93,242.4,0.14,111.38,84.1,16.55
2026-05-22 14:05:00,10,-548.0,282.4,-0.54,43.01,27.25,263.59,0.12,122.26,86.11,17.95
2026-05-22 14:10:00,10,-548.0,282.4,-0.54,43.41,26.83,209.81,0.2,97.09,81.16,17.45
2026-05-22 14:15:00,10,-548.0,282.4,-0.54,44.12,27.33,177.48,0.31,86.06,79.74,16.76
2026-05-22 14:20:00,10,-548.0,282.4,-0.54,43.23,25.87,229.15,0.16,108.24,82.8,15.59
2026-05-22 14:25:00,10,-548.0,282.4,-0.54,43.75,26.63,241.42,0.13,116.96,84.77,16.16
2026-05-22 14:30:00,10,-548.0,282.4,-0.54,43.14,26.7,251.22,0.14,125.13,86.6,17.21
2026-05-22 14:35:00,10,-548.0,282.4,-0.54,43.21,26.17,272.33,0.12,124.43,102.41,15.0
2026-05-22 14:40:00,10,-548.0,282.4,-0.54,42.92,25.97,230.58,0.16,113.41,83.86,15.16
2026-05-22 14:45:00,10,-548.0,282.4,-0.54,42.99,25.7,326.51,0.08,159.11,94.82,15.85
2026-05-22 14:50:00,10,-548.0,282.4,-0.54,42.57,24.46,214.25,0.17,98.46,80.5,14.28
2026-05-22 14:55:00,10,-548.0,282.4,-0.54,42.7,24.72,162.54,0.32,76.68,77.46,14.1
2026-05-22 15:00:00,10,-548.0,282.4,-0.54,43.33,24.88,266.7,0.11,120.77,84.94,15.78
2026-05-22 15:05:00,10,-548.0,282.4,-0.54,43.65,25.5,232.12,0.16,107.67,82.56,15.53
2026-05-22 15:10:00,10,-548.0,282.4,-0.54,41.91,24.13,349.23,0.06,163.1,95.39,13.47
2026-05-22 15:15:00,10,-548.0,282.4,-0.54,42.13,23.37,204.32,0.19,90.9,78.87,14.52
2026-05-22 15:20:00,10,-548.0,282.4,-0.54,42.33,24.92,188.47,0.23,90.56,79.44,15.54
2026-05-22 15:25:00,10,-548.0,282.4,-0.54,42.77,23.78,240.88,0.14,113.79,83.14,13.29
2026-05-22 15:30:00,10,-548.0,282.4,-0.54,42.14,21.7,324.2,0.06,148.36,90.4,14.86
2026-05-22 15:35:00,10,-548.0,282.4,-0.54,42.11,24.3,275.91,0.1,132.28,87.33,13.22
2026-05-22 15:40:00,10,-548.0,282.4,-0.54,41.94,22.99,261.08,0.11,123.35,84.84,15.22
2026-05-22 15:45:00,10,-548.0,282.4,-0.54,41.81,22.1,284.98,0.08,134.73,87.11,11.89
2026-05-22 15:50:00,10,-548.0,282.4,-0.54,43.14,19.48,241.6,0.1,111.8,81.15,14.77
2026-05-22 15:55:00,10,-548.0,282.4,-0.54,42.05,21.91,237.22,0.12,109.62,81.6,13.84
2026-05-22 16:00:00,10,-548.0,282.4,-0.54,41.22,18.86,176.09,0.2,84.66,76.33,13.96
2026-05-22 16:05:00,10,-548.0,282.4,-0.54,43.04,20.38,257.28,0.1,125.17,96.3,11.94
2026-05-22 16:10:00,10,-548.0,282.4,-0.54,40.54,19.78,338.63,0.05,163.69,112.49,13.95
2026-05-22 16:15:00,10,-548.0,282.4,-0.54,41.81,20.4,243.42,0.11,119.99,83.2,11.72
2026-05-22 16:20:00,10,-548.0,282.4,-0.54,42.06,17.5,220.07,0.12,101.12,78.45,12.19
2026-05-22 16:25:00,10,-548.0,282.4,-0.54,41.26,17.74,258.2,0.09,124.82,83.29,12.65
2026-05-22 16:30:00,10,-548.0,282.4,-0.54,40.73,17.14,326.17,0.05,151.0,89.49,12.39
2026-05-22 16:35:00,10,-548.0,282.4,-0.54,41.16,19.28,188.1,0.18,86.23,76.68,12.12
2026-05-22 16:40:00,10,-548.0,282.4,-0.54,40.42,16.03,207.36,0.12,101.43,77.99,12.77
2026-05-22 16:45:00,10,-548.0,282.4,-0.54,40.26,14.51,161.76,0.17,77.29,73.67,12.01
2026-05-22 16:50:00,10,-548.0,282.4,-0.54,40.45,16.08,229.05,0.1,105.46,78.71,12.61
2026-05-22 16:55:00,10,-548.0,282.4,-0.54,39.84,16.36,317.08,0.05,158.19,91.22,11.34
2026-05-22 17:00:00,10,-548.0,282.4,-0.54,39.33,16.28,233.58,0.09,100.86,77.91,12.37
2026-05-22 17:05:00,10,-548.0,282.4,-0.54,39.19,14.74,348.24,0.04,170.73,94.34,9.28
2026-05-22 17:10:00,10,-548.0,282.4,-0.54,39.91,13.6,166.72,0.15,69.4,72.27,10.17
2026-05-22 17:15:00,10,-548.0,282.4,-0.54,39.92,12.75,279.58,0.05,132.02,83.12,11.04
2026-05-22 17:20:00,10,-548.0,282.4,-0.54,39.23,13.07,306.64,0.04,148.75,105.14,9.53
2026-05-22 17:25:00,10,-548.0,282.4,-0.54,39.26,11.89,268.55,0.05,125.32,81.27,10.39
2026-05-22 17:30:00,10,-548.0,282.4,-0.54,39.49,13.11,162.99,0.14,77.14,73.1,12.25
2026-05-22 17:35:00,10,-548.0,282.4,-0.54,38.86,12.69,138.04,0.22,60.38,84.45,10.67
2026-05-22 17:40:00,10,-548.0,282.4,-0.54,38.65,11.6,248.32,0.06,116.64,79.3,9.27
2026-05-22 17:45:00,10,-548.0,282.4,-0.54,38.55,11.31,272.8,0.05,120.2,79.93,11.55
2026-05-22 17:50:00,10,-548.0,282.4,-0.54,38.41,10.11,188.83,0.09,87.23,73.44,10.73
2026-05-22 17:55:00,10,-548.0,282.4,-0.54,38.07,11.41,262.75,0.05,121.7,80.29,9.28
2026-05-22 18:00:00,10,-548.0,282.4,-0.54,37.81,10.71,247.73,0.06,117.76,79.22,12.01
2026-05-22 18:05:00,10,-548.0,282.4,-0.54,37.7,8.89,205.91,0.06,97.17,74.6,10.28
2026-05-22 18:10:00,10,-548.0,282.4,-0.54,38.4,7.53,221.69,0.05,110.56,76.61,8.58
2026-05-22 18:15:00,10,-548.0,282.4,-0.54,36.86,9.48,227.0,0.06,108.57,86.84,9.95
2026-05-22 18:20:00,10,-548.0,282.4,-0.54,36.91,7.5,270.71,0.03,119.35,96.15,8.68
2026-05-22 18:25:00,10,-548.0,282.4,-0.54,37.03,8.82,256.98,0.04,127.45,80.65,8.75
2026-05-22 18:30:00,10,-548.0,282.4,-0.54,37.51,6.42,259.69,0.03,127.95,79.91,10.32
2026-05-22 18:35:00,10,-548.0,282.4,-0.54,36.83,8.23,273.08,0.04,131.15,81.31,11.69
2026-05-22 18:40:00,10,-548.0,282.4,-0.54,37.19,5.69,205.99,0.04,103.49,74.58,9.44
2026-05-22 18:45:00,10,-548.0,282.4,-0.54,36.77,7.84,213.46,0.06,104.93,75.64,10.68
2026-05-22 18:50:00,10,-548.0,282.4,-0.54,36.88,5.5,285.08,0.02,138.25,82.04,9.85
2026-05-22 18:55:00,10,-548.0,282.4,-0.54,36.58,6.97,205.33,0.05,88.85,72.51,8.73
2026-05-22 19:00:00,10,-548.0,282.4,-0.54,36.89,6.59,224.51,0.04,108.19,75.79,9.8
2026-05-22 19:05:00,10,-548.0,282.4,-0.54,36.23,5.28,194.31,0.05,91.39,72.33,8.32
2026-05-22 19:10:00,10,-548.0,282.4,-0.54,34.73,8.17,259.21,0.04,121.67,79.13,7.01
2026-05-22 19:15:00,10,-548.0,282.4,-0.54,35.32,5.38,154.11,0.07,74.38,69.87,6.88
2026-05-22 19:20:00,10,-548.0,282.4,-0.54,36.04,5.52,275.19,0.02,126.48,79.24,7.99
2026-05-22 19:25:00,10,-548.0,282.4,-0.54,36.24,7.11,379.05,0.02,186.99,96.86,8.49
2026-05-22 19:30:00,10,-548.0,282.4,-0.54,36.29,5.14,230.41,0.03,103.81,74.43,8.27
2026-05-22 19:35:00,10,-548.0,282.4,-0.54,34.98,5.19,241.65,0.03,117.72,77.21,7.62
2026-05-22 19:40:00,10,-548.0,282.4,-0.54,34.35,5.6,209.25,0.04,94.54,72.95,9.96
2026-05-22 19:45:00,10,-548.0,282.4,-0.54,35.53,4.76,203.11,0.04,101.08,73.81,8.46
2026-05-22 19:50:00,10,-548.0,282.4,-0.54,35.61,5.21,250.36,0.03,125.96,79.03,8.25
2026-05-22 19:55:00,10,-548.0,282.4,-0.54,35.31,6.0,292.31,0.02,126.76,79.47,6.63
2026-05-22 20:00:00,10,-548.0,282.4,-0.54,35.14,3.98,307.12,0.01,148.29,84.07,7.22
2026-05-22 20:05:00,10,-548.0,282.4,-0.54,34.37,4.26,214.08,0.02,104.02,74.13,7.95
2026-05-22 20:10:00,10,-548.0,282.4,-0.54,34.1,4.97,256.92,0.02,121.96,94.52,6.75
2026-05-22 20:15:00,10,-548.0,282.4,-0.54,34.65,3.83,244.74,0.02,103.37,73.86,5.96
2026-05-22 20:20:00,10,-548.0,282.4,-0.54,34.27,5.13,186.26,0.05,87.55,82.78,6.93
2026-05-22 20:25:00,10,-548.0,282.4,-0.54,33.26,5.12,265.23,0.02,125.78,78.93,7.77
2026-05-22 20:30:00,10,-548.0,282.4,-0.54,34.33,3.99,215.95,0.03,106.69,74.56,5.67
2026-05-22 20:35:00,10,-548.0,282.4,-0.54,33.28,3.96,201.68,0.03,94.27,72.3,5.91
2026-05-22 20:40:00,10,-548.0,282.4,-0.54,34.39,5.02,356.25,0.01,173.23,91.65,6.04
2026-05-22 20:45:00,10,-548.0,282.4,-0.54,33.89,5.21,197.68,0.04,92.14,72.41,4.2
2026-05-22 20:50:00,10,-548.0,282.4,-0.54,33.57,5.09,261.42,0.02,124.47,78.63,7.12
2026-05-22 20:55:00,10,-548.0,282.4,-0.54,32.86,5.07,188.04,0.05,87.83,71.68,5.54
2026-05-22 21:00:00,10,-548.0,282.4,-0.54,32.9,5.38,267.16,0.03,130.19,80.06,7.1
2026-05-22 21:05:00,10,-548.0,282.4,-0.54,32.91,5.42,188.31,0.05,85.85,71.49,5.88
2026-05-22 21:10:00,10,-548.0,282.4,-0.54,32.88,5.88,202.71,0.04,96.53,73.39,6.61
2026-05-22 21:15:00,10,-548.0,282.4,-0.54,33.53,6.37,204.53,0.05,98.23,73.87,5.38
2026-05-22 21:20:00,10,-548.0,282.4,-0.54,33.19,4.78,247.63,0.02,116.48,76.79,7.43
2026-05-22 21:25:00,10,-548.0,282.4,-0.54,31.78,6.19,238.05,0.04,112.9,76.58,5.27
2026-05-22 21:30:00,10,-548.0,282.4,-0.54,32.62,5.19,245.54,0.03,114.95,76.63,6.01
2026-05-22 21:35:00,10,-548.0,282.4,-0.54,32.11,5.29,220.62,0.04,103.78,74.48,3.41
2026-05-22 21:40:00,10,-548.0,282.4,-0.54,32.95,6.31,263.12,0.03,132.45,80.92,3.35
2026-05-22 21:45:00,10,-548.0,282.4,-0.54,32.42,5.71,226.46,0.03,111.31,76.07,4.28
2026-05-22 21:50:00,10,-548.0,282.4,-0.54,32.32,6.41,262.54,0.03,119.53,78.02,3.26
2026-05-22 21:55:00,10,-548.0,282.4,-0.54,32.18,5.12,352.28,0.01,168.34,90.18,4.41
2026-05-22 22:00:00,10,-548.0,282.4,-0.54,32.29,6.91,268.79,0.03,127.38,79.94,4.48
2026-05-22 22:05:00,10,-548.0,282.4,-0.54,31.8,6.4,326.34,0.02,163.18,89.11,4.31
2026-05-22 22:10:00,10,-548.0,282.4,-0.54,31.78,6.76,264.35,0.03,120.34,78.32,4.62
2026-05-22 22:15:00,10,-548.0,282.4,-0.54,31.93,6.27,257.73,0.03,116.69,92.76,4.14
2026-05-22 22:20:00,10,-548.0,282.4,-0.54,32.01,5.78,259.08,0.03,116.81,77.22,4.25
2026-05-22 22:25:00,10,-548.0,282.4,-0.54,31.45,6.88,264.42,0.03,123.11,78.97,2.59
2026-05-22 22:30:00,10,-548.0,282.4,-0.54,31.76,7.35,193.06,0.07,95.64,88.19,3.24
2026-05-22 22:35:00,10,-548.0,282.4,-0.54,31.81,6.67,307.15,0.02,138.49,82.49,1.7
2026-05-22 22:40:00,10,-548.0,282.4,-0.54,30.74,7.21,231.47,0.04,108.12,75.98,2.69
2026-05-22 22:45:00,10,-548.0,282.4,-0.54,31.49,7.17,243.41,0.04,116.64,77.69,3.31
2026-05-22 22:50:00,10,-548.0,282.4,-0.54,31.64,6.72,311.25,0.02,140.06,82.91,3.31
2026-05-22 22:55:00,10,-548.0,282.4,-0.54,30.47,7.03,144.69,0.11,67.73,69.66,4.24
2026-05-22 23:00:00,10,-548.0,282.4,-0.54,31.01,7.11,208.21,0.05,97.47,74.0,3.28
2026-05-22 23:05:00,10,-548.0,282.4,-0.54,30.32,6.21,239.53,0.04,116.76,77.38,1.97
2026-05-22 23:10:00,10,-548.0,282.4,-0.54,32.03,6.72,192.49,0.05,87.69,72.23,2.78
2026-05-22 23:15:00,10,-548.0,282.4,-0.54,31.26,4.25,245.38,0.02,107.38,74.76,2.75
2026-05-22 23:20:00,10,-548.0,282.4,-0.54,31.27,3.84,215.92,0.03,103.87,73.97,2.96
2026-05-22 23:25:00,10,-548.0,282.4,-0.54,30.79,4.08,227.54,0.02,108.06,74.83,2.49
2026-05-22 23:30:00,10,-548.0,282.4,-0.54,30.87,3.78,239.28,0.02,117.14,76.57,2.32
2026-05-22 23:35:00,10,-548.0,282.4,-0.54,31.71,3.97,258.84,0.02,119.84,77.21,1.96
2026-05-22 23:40:00,10,-548.0,282.4,-0.54,31.1,3.79,297.23,0.01,145.96,83.38,2.28
2026-05-22 23:45:00,10,-548.0,282.4,-0.54,30.65,3.58,206.72,0.03,97.4,72.71,1.91
2026-05-22 23:50:00,10,-548.0,282.4,-0.54,30.87,3.45,200.97,0.03,95.55,72.34,1.85
2026-05-22 23:55:00,10,-548.0,282.4,-0.54,30.78,3.27,199.5,0.03,93.54,71.94,1.81
2026-05-23 00:00:00,10,667.5,200.0,0.0,31.28,2.93,173.62,0.03,83.28,70.19,0.65
2026-05-23 00:05:00,10,667.5,200.0,0.0,31.01,2.95,230.3,0.02,107.45,74.32,1.81
2026-05-23 00:10:00,10,667.5,200.0,0.0,31.19,2.72,227.3,0.02,108.56,74.46,2.65
2026-05-23 00:15:00,10,667.5,200.0,0.0,31.22,2.83,229.38,0.02,113.96,75.58,2.43
2026-05-23 00:20:00,10,667.5,200.0,0.0,30.82,2.48,262.81,0.01,118.47,76.38,1.05
2026-05-23 00:25:00,10,667.5,200.0,0.0,30.85,1.54,222.94,0.01,105.99,73.53,0.0
2026-05-23 00:30:00,10,667.5,200.0,0.0,31.49,1.41,306.35,0.0,142.73,81.69,1.21
2026-05-23 00:35:00,10,667.5,200.0,0.0,32.22,1.28,320.16,0.0,150.01,83.56,2.16
2026-05-23 00:40:00,10,667.5,200.0,0.0,30.39,0.98,259.37,0.0,127.29,77.78,0.0
2026-05-23 00:45:00,10,667.5,200.0,0.0,31.01,0.94,249.08,0.01,120.62,76.3,0.58
2026-05-23 00:50:00,10,667.5,200.0,0.0,31.26,0.72,243.67,0.0,109.51,73.9,0.68
2026-05-23 00:55:00,10,667.5,200.0,0.0,30.97,0.57,353.06,0.0,160.99,86.38,0.23
2026-05-23 01:00:00,10,667.5,200.0,0.0,31.42,0.34,252.43,0.0,125.9,77.24,1.09
2026-05-23 01:05:00,10,667.5,200.0,0.0,31.24,0.13,301.23,0.0,146.34,82.18,0.54
2026-05-23 01:10:00,10,667.5,200.0,0.0,31.06,0.0,220.13,0.0,110.1,73.77,0.0
2026-05-23 01:15:00,10,667.5,200.0,0.0,31.05,0.0,189.22,0.0,92.54,70.57,0.0
2026-05-23 01:20:00,10,667.5,200.0,0.0,31.49,0.0,285.91,0.0,137.67,79.92,0.0
2026-05-23 01:25:00,10,667.5,200.0,0.0,31.12,0.0,230.19,0.0,108.89,73.53,1.94
2026-05-23 01:30:00,10,667.5,200.0,0.0,31.49,0.0,261.33,0.0,117.78,75.34,0.76
2026-05-23 01:35:00,10,667.5,200.0,0.0,31.12,0.0,297.44,0.0,139.12,80.28,1.44
2026-05-23 01:40:00,10,667.5,200.0,0.0,32.41,0.0,312.64,0.0,141.36,80.84,0.36
2026-05-23 01:45:00,10,667.5,200.0,0.0,31.83,0.0,257.79,0.0,127.74,77.54,0.0
2026-05-23 01:50:00,10,667.5,200.0,0.0,32.08,0.0,175.69,0.0,77.68,68.29,0.0
2026-05-23 01:55:00,10,667.5,200.0,0.0,31.74,0.0,253.53,0.0,126.49,77.26,0.0
2026-05-23 02:00:00,10,667.5,200.0,0.0,32.45,0.0,313.1,0.0,155.56,84.64,0.0
2026-05-23 02:05:00,10,667.5,200.0,0.0,31.98,0.0,273.18,0.0,131.47,78.42,0.19
2026-05-23 02:10:00,10,667.5,200.0,0.0,31.8,0.0,328.8,0.0,158.09,85.35,1.3
2026-05-23 02:15:00,10,667.5,200.0,0.0,31.73,0.0,269.83,0.0,135.98,79.5,0.98
2026-05-23 02:20:00,10,667.5,200.0,0.0,32.84,0.0,234.43,0.0,106.77,73.12,0.27
2026-05-23 02:25:00,10,667.5,200.0,0.0,33.0,0.0,321.28,0.0,147.26,82.38,0.0
2026-05-23 02:30:00,10,667.5,200.0,0.0,32.77,0.0,228.24,0.0,106.59,73.09,0.67
2026-05-23 02:35:00,10,667.5,200.0,0.0,32.78,0.0,268.14,0.0,126.48,77.26,0.0
2026-05-23 02:40:00,10,667.5,200.0,0.0,33.55,0.0,295.41,0.0,142.12,81.04,0.0
2026-05-23 02:45:00,10,667.5,200.0,0.0,32.61,0.0,273.53,0.0,125.27,76.98,0.21
2026-05-23 02:50:00,10,667.5,200.0,0.0,33.3,0.0,332.7,0.0,152.85,83.89,0.0
2026-05-23 02:55:00,10,667.5,200.0,0.0,33.25,0.0,197.14,0.0,95.62,71.09,0.0
2026-05-23 03:00:00,10,667.5,200.0,0.0,33.39,0.0,198.85,0.0,91.21,70.35,0.03
2026-05-23 03:05:00,10,667.5,200.0,0.0,32.95,0.0,228.08,0.0,111.25,74.0,0.0
2026-05-23 03:10:00,10,667.5,200.0,0.0,33.36,0.0,297.25,0.0,132.32,78.62,0.88
2026-05-23 03:15:00,10,667.5,200.0,0.0,32.39,0.0,227.57,0.0,109.03,73.56,0.0
2026-05-23 03:20:00,10,667.5,200.0,0.0,33.57,0.0,277.48,0.0,127.11,86.75,0.0
2026-05-23 03:25:00,10,667.5,200.0,0.0,33.34,0.0,249.33,0.0,117.78,75.35,1.34
2026-05-23 03:30:00,10,667.5,200.0,0.0,33.68,0.0,238.13,0.0,112.99,74.35,0.0
2026-05-23 03:35:00,10,667.5,200.0,0.0,34.45,0.0,244.27,0.0,122.8,76.44,0.0
2026-05-23 03:40:00,10,667.5,200.0,0.0,34.33,0.0,235.22,0.0,120.49,75.93,0.63
2026-05-23 03:45:00,10,667.5,200.0,0.0,34.46,0.0,166.74,0.0,75.95,68.06,0.0
2026-05-23 03:50:00,10,667.5,200.0,0.0,34.07,0.0,218.26,0.0,104.84,72.76,0.0
2026-05-23 03:55:00,10,667.5,200.0,0.0,34.99,0.0,311.04,0.0,141.29,80.83,90.04
2026-05-23 04:00:00,10,667.5,200.0,0.0,34.29,89.09,164.78,1.07,76.88,118.85,87.61
2026-05-23 04:05:00,10,667.5,200.0,0.0,34.9,83.25,225.64,0.53,106.74,103.31,88.79
2026-05-23 04:10:00,10,667.5,200.0,0.0,34.24,84.96,288.0,0.33,135.75,109.84,89.35
2026-05-23 04:15:00,10,667.5,200.0,0.0,34.56,89.7,226.95,0.56,101.93,104.73,90.25
2026-05-23 04:20:00,10,667.5,200.0,0.0,35.97,81.0,283.89,0.3,132.54,107.63,88.68
2026-05-23 04:25:00,10,667.5,200.0,0.0,35.34,78.14,223.2,0.49,102.69,100.68,89.12
2026-05-23 04:30:00,10,667.5,200.0,0.0,35.45,83.34,276.78,0.34,131.86,108.36,89.23
2026-05-23 04:35:00,10,667.5,200.0,0.0,34.47,75.87,301.84,0.27,133.67,106.04,87.02
2026-05-23 04:40:00,10,667.5,200.0,0.0,35.32,76.91,260.64,0.37,117.05,102.85,86.99
2026-05-23 04:45:00,10,667.5,200.0,0.0,36.2,76.2,206.86,0.57,98.18,99.35,86.71
2026-05-23 04:50:00,10,667.5,200.0,0.0,36.19,71.09,169.21,0.75,79.85,94.99,87.61
2026-05-23 04:55:00,10,667.5,200.0,0.0,36.38,60.21,272.9,0.24,129.8,99.59,86.25
2026-05-23 05:00:00,10,667.5,200.0,0.0,35.69,60.34,264.47,0.27,128.17,99.31,87.79
2026-05-23 05:05:00,10,667.5,200.0,0.0,36.27,57.81,311.47,0.19,157.73,105.87,87.23
2026-05-23 05:10:00,10,667.5,200.0,0.0,36.16,60.82,236.24,0.34,109.55,95.63,85.01
2026-05-23 05:15:00,10,667.5,200.0,0.0,35.63,58.72,185.06,0.52,83.83,90.78,86.6
2026-05-23 05:20:00,10,667.5,200.0,0.0,37.16,64.21,291.81,0.25,149.47,105.95,87.56
2026-05-23 05:25:00,10,667.5,200.0,0.0,35.94,64.57,253.98,0.32,117.64,98.56,86.0
2026-05-23 05:30:00,10,667.5,200.0,0.0,37.12,59.12,166.85,0.59,75.42,89.86,86.63
2026-05-23 05:35:00,10,667.5,200.0,0.0,37.6,54.32,318.27,0.19,147.54,101.85,85.33
2026-05-23 05:40:00,10,667.5,200.0,0.0,36.94,53.08,206.73,0.4,101.67,91.55,85.53
2026-05-23 05:45:00,10,667.5,200.0,0.0,37.55,43.97,260.59,0.23,126.05,93.02,84.47
2026-05-23 05:50:00,10,667.5,200.0,0.0,38.05,49.49,236.12,0.27,111.77,91.97,86.12
2026-05-23 05:55:00,10,667.5,200.0,0.0,37.99,47.33,249.41,0.22,120.01,92.84,85.86
2026-05-23 06:00:00,10,667.5,200.0,0.0,39.17,48.35,178.58,0.5,83.36,87.05,85.05
2026-05-23 06:05:00,10,667.5,200.0,0.0,38.01,47.79,222.81,0.28,108.14,90.68,85.91
2026-05-23 06:10:00,10,667.5,200.0,0.0,38.57,45.16,336.73,0.13,163.13,102.89,85.58
2026-05-23 06:15:00,10,667.5,200.0,0.0,38.7,50.29,273.16,0.23,127.58,95.58,85.04
2026-05-23 06:20:00,10,667.5,200.0,0.0,38.2,42.39,170.64,0.51,78.6,84.29,85.33
2026-05-23 06:25:00,10,667.5,200.0,0.0,38.87,39.51,289.2,0.15,138.15,94.18,85.37
2026-05-23 06:30:00,10,667.5,200.0,0.0,38.68,38.91,280.28,0.17,137.57,93.86,84.59
2026-05-23 06:35:00,10,667.5,200.0,0.0,39.3,38.54,217.82,0.25,107.64,87.29,84.81
2026-05-23 06:40:00,10,667.5,200.0,0.0,39.7,32.15,370.63,0.08,178.54,102.98,84.54
2026-05-23 06:45:00,10,667.5,200.0,0.0,38.53,38.48,283.94,0.16,138.66,93.96,83.44
2026-05-23 06:50:00,10,667.5,200.0,0.0,39.56,29.74,235.57,0.17,109.88,84.49,83.81
2026-05-23 06:55:00,10,667.5,200.0,0.0,38.86,38.9,261.34,0.17,123.85,90.63,84.0
2026-05-23 07:00:00,10,667.5,200.0,0.0,40.0,32.92,278.48,0.13,124.8,88.68,83.39
2026-05-23 07:05:00,10,667.5,200.0,0.0,39.93,44.23,211.26,0.34,95.11,87.18,84.01
2026-05-23 07:10:00,10,667.5,200.0,0.0,39.96,20.41,184.72,0.19,87.67,77.31,81.06
2026-05-23 07:15:00,10,667.5,200.0,0.0,40.08,28.91,294.24,0.11,139.7,90.78,83.21
2026-05-23 07:20:00,10,667.5,200.0,0.0,40.83,28.72,251.14,0.13,117.1,85.53,83.53
2026-05-23 07:25:00,10,667.5,200.0,0.0,39.84,33.73,333.4,0.1,151.98,95.67,83.22
2026-05-23 07:30:00,10,667.5,200.0,0.0,40.9,22.1,244.18,0.12,112.72,82.29,82.01
2026-05-23 07:35:00,10,667.5,200.0,0.0,40.63,21.94,234.92,0.13,104.59,80.66,83.44
2026-05-23 07:40:00,10,667.5,200.0,0.0,40.48,23.3,296.21,0.09,139.33,101.28,81.57
2026-05-23 07:45:00,10,667.5,200.0,0.0,41.14,21.81,261.33,0.1,125.24,84.83,83.73
2026-05-23 07:50:00,10,667.5,200.0,0.0,41.53,26.39,376.01,0.06,171.11,98.58,82.9
2026-05-23 07:55:00,10,667.5,200.0,0.0,41.41,31.36,245.54,0.15,111.15,96.21,83.67
2026-05-23 08:00:00,10,667.5,200.0,0.0,42.23,22.26,244.1,0.11,106.5,81.1,82.43
2026-05-23 08:05:00,10,667.5,200.0,0.0,41.15,24.76,239.23,0.15,112.88,83.31,81.4
2026-05-23 08:10:00,10,667.5,200.0,0.0,41.61,21.55,238.46,0.12,109.24,81.4,80.04
2026-05-23 08:15:00,10,667.5,200.0,0.0,41.83,22.54,205.2,0.19,104.1,80.9,80.9
2026-05-23 08:20:00,10,667.5,200.0,0.0,42.33,22.19,224.62,0.14,103.01,80.47,81.62
2026-05-23 08:25:00,10,667.5,200.0,0.0,41.99,30.07,296.45,0.1,137.07,90.51,79.29
2026-05-23 08:30:00,10,667.5,200.0,0.0,42.76,24.93,258.25,0.12,125.81,86.09,79.96
2026-05-23 08:35:00,10,667.5,200.0,0.0,42.71,22.46,252.04,0.12,115.41,82.97,81.29
2026-05-23 08:40:00,10,667.5,200.0,0.0,42.21,18.26,214.26,0.12,95.27,77.68,81.43
2026-05-23 08:45:00,10,667.5,200.0,0.0,42.6,26.76,242.03,0.14,116.37,84.71,81.31
2026-05-23 08:50:00,10,667.5,200.0,0.0,42.33,37.0,214.76,0.28,100.19,85.42,79.29
2026-05-23 08:55:00,10,667.5,200.0,0.0,42.52,29.71,269.63,0.13,131.84,89.18,79.25
2026-05-23 09:00:00,10,667.5,200.0,0.0,43.02,27.42,301.22,0.1,138.34,89.9,80.68
2026-05-23 09:05:00,10,667.5,200.0,0.0,42.52,31.31,209.35,0.22,104.14,84.04,83.17
2026-05-23 09:10:00,10,667.5,200.0,0.0,42.93,31.74,210.07,0.23,91.24,81.94,79.31
2026-05-23 09:15:00,10,667.5,200.0,0.0,44.48,31.39,202.36,0.23,95.27,82.5,79.41
2026-05-23 09:20:00,10,667.5,200.0,0.0,44.32,25.95,299.58,0.09,132.2,87.88,80.23
2026-05-23 09:25:00,10,667.5,200.0,0.0,43.55,28.88,232.3,0.18,120.05,86.32,80.01
2026-05-23 09:30:00,10,667.5,200.0,0.0,44.49,32.29,218.64,0.21,110.9,85.68,78.39
2026-05-23 09:35:00,10,667.5,200.0,0.0,43.21,26.02,276.15,0.1,131.69,87.8,79.43
2026-05-23 09:40:00,10,667.5,200.0,0.0,43.14,35.91,297.24,0.13,148.07,95.44,81.21
2026-05-23 09:45:00,10,667.5,200.0,0.0,44.0,33.51,262.15,0.16,126.13,89.25,80.03
2026-05-23 09:50:00,10,667.5,200.0,0.0,44.18,40.02,280.7,0.17,129.83,92.4,78.48
2026-05-23 09:55:00,10,667.5,200.0,0.0,43.31,32.6,304.55,0.1,142.49,92.76,79.21
2026-05-23 10:00:00,10,667.5,200.0,0.0,44.33,34.89,287.37,0.14,140.26,93.08,79.17
2026-05-23 10:05:00,10,667.5,200.0,0.0,44.73,34.28,202.45,0.27,89.02,82.55,77.21
2026-05-23 10:10:00,10,667.5,200.0,0.0,44.18,40.33,317.74,0.13,141.32,95.23,78.0
2026-05-23 10:15:00,10,667.5,200.0,0.0,44.54,34.66,331.53,0.1,161.78,121.94,78.26
2026-05-23 10:20:00,10,667.5,200.0,0.0,43.61,36.19,262.53,0.18,127.4,90.51,78.38
2026-05-23 10:25:00,10,667.5,200.0,0.0,44.33,37.3,215.18,0.25,105.44,86.45,78.66
2026-05-23 10:30:00,10,667.5,200.0,0.0,44.34,39.52,323.08,0.11,153.1,98.03,77.85
2026-05-23 10:35:00,10,667.5,200.0,0.0,44.71,35.42,261.53,0.16,117.38,88.0,78.3
2026-05-23 10:40:00,10,667.5,200.0,0.0,43.98,34.21,262.23,0.16,123.95,109.26,77.34
2026-05-23 10:45:00,10,667.5,200.0,0.0,44.27,37.92,283.85,0.16,136.12,93.15,77.25
2026-05-23 10:50:00,10,667.5,200.0,0.0,44.67,39.59,268.95,0.18,121.59,90.41,77.1
2026-05-23 10:55:00,10,667.5,200.0,0.0,44.19,41.26,204.52,0.33,102.71,87.48,77.23
2026-05-23 11:00:00,10,667.5,200.0,0.0,44.37,46.64,332.4,0.14,150.51,99.87,77.48
2026-05-23 11:05:00,10,667.5,200.0,0.0,44.82,43.9,289.81,0.17,135.32,95.07,77.01
2026-05-23 11:10:00,10,667.5,200.0,0.0,44.32,38.54,306.71,0.14,151.08,97.19,77.96
2026-05-23 11:15:00,10,667.5,200.0,0.0,44.42,45.29,216.66,0.3,101.11,88.54,75.32
2026-05-23 11:20:00,10,667.5,200.0,0.0,44.84,45.73,273.52,0.2,133.82,95.41,77.79
2026-05-23 11:25:00,10,667.5,200.0,0.0,45.28,48.5,257.77,0.21,119.58,93.15,75.64
2026-05-23 11:30:00,10,667.5,200.0,0.0,44.49,49.62,303.07,0.18,134.75,96.95,74.87
2026-05-23 11:35:00,10,667.5,200.0,0.0,46.32,47.55,249.62,0.25,126.49,94.43,75.72
2026-05-23 11:40:00,10,667.5,200.0,0.0,44.59,43.69,217.51,0.28,98.55,87.48,76.59
2026-05-23 11:45:00,10,667.5,200.0,0.0,45.56,55.0,375.58,0.13,177.58,110.78,74.14
2026-05-23 11:50:00,10,667.5,200.0,0.0,44.2,46.11,233.08,0.28,106.85,89.86,76.05
2026-05-23 11:55:00,10,667.5,200.0,0.0,45.14,45.76,227.35,0.29,107.47,89.88,75.53
2026-05-23 12:00:00,10,667.5,200.0,0.0,45.75,47.89,211.19,0.35,101.15,89.56,75.37
2026-05-23 12:05:00,10,667.5,200.0,0.0,44.35,46.7,201.85,0.37,93.47,87.83,75.95
2026-05-23 12:10:00,10,667.5,200.0,0.0,44.93,51.67,253.38,0.26,110.99,92.58,74.16
2026-05-23 12:15:00,10,667.5,200.0,0.0,45.17,50.37,271.79,0.22,127.89,95.68,74.32
2026-05-23 12:20:00,10,667.5,200.0,0.0,45.28,48.59,308.79,0.14,150.17,100.47,75.25
2026-05-23 12:25:00,10,667.5,200.0,0.0,45.69,51.18,224.9,0.34,99.24,90.34,72.51
2026-05-23 12:30:00,10,667.5,200.0,0.0,44.54,56.62,275.95,0.25,120.49,96.27,76.15
2026-05-23 12:35:00,10,667.5,200.0,0.0,45.19,53.07,251.52,0.27,120.91,95.16,71.85
2026-05-23 12:40:00,10,667.5,200.0,0.0,45.08,56.96,226.77,0.36,109.37,94.31,75.43
2026-05-23 12:45:00,10,667.5,200.0,0.0,44.49,53.42,178.73,0.54,85.24,89.2,74.83
2026-05-23 12:50:00,10,667.5,200.0,0.0,44.69,54.01,224.97,0.34,108.21,93.01,74.73
2026-05-23 12:55:00,10,667.5,200.0,0.0,44.56,51.17,353.26,0.13,177.77,109.5,74.0
2026-05-23 13:00:00,10,667.5,200.0,0.0,43.88,50.09,214.22,0.35,103.44,90.75,72.77
2026-05-23 13:05:00,10,667.5,200.0,0.0,44.42,52.07,240.92,0.28,107.15,92.0,73.65
2026-05-23 13:10:00,10,667.5,200.0,0.0,44.44,50.4,211.68,0.37,101.05,90.46,72.3
2026-05-23 13:15:00,10,667.5,200.0,0.0,45.23,47.6,237.8,0.26,114.99,91.96,72.98
2026-05-23 13:20:00,10,667.5,200.0,0.0,44.84,52.79,207.3,0.38,95.83,90.39,71.95
2026-05-23 13:25:00,10,667.5,200.0,0.0,44.07,46.97,224.87,0.28,105.45,89.89,73.44
2026-05-23 13:30:00,10,667.5,200.0,0.0,44.12,54.04,279.37,0.23,130.95,97.69,72.03
2026-05-23 13:35:00,10,667.5,200.0,0.0,44.61,54.44,255.92,0.28,120.36,95.54,72.19
2026-05-23 13:40:00,10,667.5,200.0,0.0,44.8,51.64,247.47,0.26,118.99,94.22,72.99
2026-05-23 13:45:00,10,667.5,200.0,0.0,44.76,48.83,249.74,0.25,118.39,93.09,71.41
2026-05-23 13:50:00,10,667.5,200.0,0.0,43.62,44.38,162.28,0.52,73.18,84.27,70.83
2026-05-23 13:55:00,10,667.5,200.0,0.0,43.85,40.51,232.72,0.24,104.66,87.4,74.2
2026-05-23 14:00:00,10,667.5,200.0,0.0,43.93,39.35,155.43,0.5,73.17,82.48,71.95
2026-05-23 14:05:00,10,667.5,200.0,0.0,44.29,39.92,248.09,0.2,114.36,89.03,72.01
2026-05-23 14:10:00,10,667.5,200.0,0.0,43.5,36.89,325.07,0.12,147.14,95.52,70.76
2026-05-23 14:15:00,10,667.5,200.0,0.0,44.38,39.09,265.92,0.18,132.52,92.73,69.24
2026-05-23 14:20:00,10,667.5,200.0,0.0,43.61,41.04,190.17,0.37,85.86,84.62,71.58
2026-05-23 14:25:00,10,667.5,200.0,0.0,43.39,39.0,244.54,0.19,119.52,89.77,71.74
2026-05-23 14:30:00,10,667.5,200.0,0.0,43.55,32.91,281.16,0.14,131.48,107.74,70.18
2026-05-23 14:35:00,10,667.5,200.0,0.0,44.0,32.59,287.52,0.13,135.24,91.01,71.35
2026-05-23 14:40:00,10,667.5,200.0,0.0,43.71,32.58,210.69,0.23,101.1,83.94,70.01
2026-05-23 14:45:00,10,667.5,200.0,0.0,43.37,33.45,262.23,0.16,130.26,90.18,69.26
2026-05-23 14:50:00,10,667.5,200.0,0.0,42.81,30.07,235.66,0.17,104.83,83.63,71.61
2026-05-23 14:55:00,10,667.5,200.0,0.0,43.21,29.25,238.78,0.16,115.89,85.53,70.81
2026-05-23 15:00:00,10,667.5,200.0,0.0,44.57,32.68,279.4,0.14,138.02,91.75,71.15
2026-05-23 15:05:00,10,667.5,200.0,0.0,42.88,31.19,300.31,0.11,148.45,93.85,68.77
2026-05-23 15:10:00,10,667.5,200.0,0.0,43.0,32.59,229.48,0.19,110.89,101.94,69.86
2026-05-23 15:15:00,10,667.5,200.0,0.0,42.86,29.55,215.86,0.23,98.66,82.44,68.28
2026-05-23 15:20:00,10,667.5,200.0,0.0,42.39,28.2,277.91,0.12,131.22,88.48,70.53
2026-05-23 15:25:00,10,667.5,200.0,0.0,42.32,29.2,195.15,0.26,91.33,81.12,67.53
2026-05-23 15:30:00,10,667.5,200.0,0.0,41.72,29.33,177.42,0.31,83.86,80.09,69.01
2026-05-23 15:35:00,10,667.5,200.0,0.0,42.37,28.99,261.14,0.14,115.05,85.22,70.47
2026-05-23 15:40:00,10,667.5,200.0,0.0,41.82,28.65,241.19,0.16,110.29,84.17,69.83
2026-05-23 15:45:00,10,667.5,200.0,0.0,41.68,30.99,249.08,0.16,110.86,85.11,70.75
2026-05-23 15:50:00,10,667.5,200.0,0.0,41.76,25.41,277.28,0.11,120.72,85.11,69.32
2026-05-23 15:55:00,10,667.5,200.0,0.0,41.45,27.55,246.14,0.15,114.22,84.56,68.13
2026-05-23 16:00:00,10,667.5,200.0,0.0,41.06,28.09,227.0,0.17,108.44,83.63,68.85
2026-05-23 16:05:00,10,667.5,200.0,0.0,41.45,26.6,253.36,0.13,125.45,86.61,69.16
2026-05-23 16:10:00,10,667.5,200.0,0.0,41.67,24.38,217.83,0.16,100.89,80.89,68.85
2026-05-23 16:15:00,10,667.5,200.0,0.0,41.75,27.19,244.39,0.15,108.34,83.26,69.01
2026-05-23 16:20:00,10,667.5,200.0,0.0,41.62,23.56,229.03,0.15,111.07,82.53,67.45
2026-05-23 16:25:00,10,667.5,200.0,0.0,41.28,24.9,393.4,0.05,195.05,105.93,68.03
2026-05-23 16:30:00,10,667.5,200.0,0.0,40.57,24.88,258.59,0.13,128.1,86.61,66.82
2026-05-23 16:35:00,10,667.5,200.0,0.0,40.25,22.77,287.49,0.08,132.81,86.88,69.02
2026-05-23 16:40:00,10,667.5,200.0,0.0,40.24,21.53,259.44,0.1,122.49,84.11,67.73
2026-05-23 16:45:00,10,667.5,200.0,0.0,40.58,20.46,257.58,0.1,118.45,82.87,66.46
2026-05-23 16:50:00,10,667.5,200.0,0.0,39.6,18.54,230.52,0.12,106.09,79.73,66.8
2026-05-23 16:55:00,10,667.5,200.0,0.0,40.08,21.45,346.2,0.06,158.31,93.06,65.95
2026-05-23 17:00:00,10,667.5,200.0,0.0,40.1,17.1,279.78,0.07,129.82,84.17,67.13
2026-05-23 17:05:00,10,667.5,200.0,0.0,39.51,19.9,306.35,0.07,146.09,89.19,68.92
2026-05-23 17:10:00,10,667.5,200.0,0.0,40.01,18.17,280.33,0.07,127.55,84.02,65.51
2026-05-23 17:15:00,10,667.5,200.0,0.0,39.48,16.0,303.86,0.05,145.09,87.52,67.67
2026-05-23 17:20:00,10,667.5,200.0,0.0,38.96,14.73,250.18,0.07,113.73,79.81,67.2
2026-05-23 17:25:00,10,667.5,200.0,0.0,39.35,17.99,159.09,0.24,72.24,74.34,65.11
2026-05-23 17:30:00,10,667.5,200.0,0.0,39.15,16.33,305.81,0.06,152.0,89.5,66.58
2026-05-23 17:35:00,10,667.5,200.0,0.0,38.72,13.35,283.61,0.05,137.32,84.62,66.62
2026-05-23 17:40:00,10,667.5,200.0,0.0,39.14,12.38,237.84,0.07,112.11,78.66,65.99
2026-05-23 17:45:00,10,667.5,200.0,0.0,38.13,13.12,246.63,0.07,122.96,81.21,64.87
2026-05-23 17:50:00,10,667.5,200.0,0.0,37.98,13.06,282.92,0.05,132.69,83.39,65.45
2026-05-23 17:55:00,10,667.5,200.0,0.0,38.63,13.96,254.69,0.07,123.66,81.66,65.45
2026-05-23 18:00:00,10,667.5,200.0,0.0,37.89,12.99,240.46,0.08,105.83,77.66,65.2
2026-05-23 18:05:00,10,667.5,200.0,0.0,37.64,13.22,198.2,0.11,92.33,75.39,64.65
2026-05-23 18:10:00,10,667.5,200.0,0.0,38.21,12.02,231.93,0.07,105.06,77.15,66.07
2026-05-23 18:15:00,10,667.5,200.0,0.0,36.81,10.53,318.51,0.03,136.6,83.41,64.81
2026-05-23 18:20:00,10,667.5,200.0,0.0,37.15,10.82,279.11,0.04,140.92,84.61,63.73
2026-05-23 18:25:00,10,667.5,200.0,0.0,36.74,10.18,198.58,0.07,92.86,74.33,62.5
2026-05-23 18:30:00,10,667.5,200.0,0.0,37.43,9.39,255.5,0.05,120.25,89.6,63.83
2026-05-23 18:35:00,10,667.5,200.0,0.0,36.52,11.03,229.49,0.07,105.64,76.91,65.17
2026-05-23 18:40:00,10,667.5,200.0,0.0,36.76,8.58,280.18,0.04,125.66,80.16,64.29
2026-05-23 18:45:00,10,667.5,200.0,0.0,36.39,9.49,232.78,0.06,109.22,77.04,62.56
2026-05-23 18:50:00,10,667.5,200.0,0.0,35.16,10.17,294.68,0.04,144.08,85.19,63.52
2026-05-23 18:55:00,10,667.5,200.0,0.0,36.41,9.03,306.99,0.03,138.66,83.39,63.02
2026-05-23 19:00:00,10,667.5,200.0,0.0,36.39,8.0,229.16,0.05,103.85,75.47,64.03
2026-05-23 19:05:00,10,667.5,200.0,0.0,35.72,8.8,283.53,0.04,129.6,81.14,62.03
2026-05-23 19:10:00,10,667.5,200.0,0.0,36.32,5.79,286.64,0.02,129.92,80.12,64.2
2026-05-23 19:15:00,10,667.5,200.0,0.0,36.15,6.41,281.39,0.02,133.38,81.16,65.21
2026-05-23 19:20:00,10,667.5,200.0,0.0,35.49,6.8,159.9,0.08,72.91,70.19,63.0
2026-05-23 19:25:00,10,667.5,200.0,0.0,35.17,7.09,190.19,0.06,83.53,71.74,64.48
2026-05-23 19:30:00,10,667.5,200.0,0.0,35.82,7.71,257.9,0.03,126.58,80.04,64.26
2026-05-23 19:35:00,10,667.5,200.0,0.0,35.2,8.84,258.34,0.05,123.48,79.78,63.4
2026-05-23 19:40:00,10,667.5,200.0,0.0,34.96,8.1,141.86,0.13,68.26,70.15,61.8
2026-05-23 19:45:00,10,667.5,200.0,0.0,34.99,7.99,245.57,0.04,114.8,77.6,63.39
2026-05-23 19:50:00,10,667.5,200.0,0.0,34.45,7.02,238.49,0.04,116.15,77.54,62.17
2026-05-23 19:55:00,10,667.5,200.0,0.0,34.82,4.75,258.16,0.02,126.76,79.03,62.92
2026-05-23 20:00:00,10,667.5,200.0,0.0,34.46,6.0,304.08,0.02,143.66,83.58,62.12
2026-05-23 20:05:00,10,667.5,200.0,0.0,34.97,6.67,172.25,0.07,83.78,71.66,60.88
2026-05-23 20:10:00,10,667.5,200.0,0.0,34.74,6.28,226.26,0.04,111.44,76.32,62.74
2026-05-23 20:15:00,10,667.5,200.0,0.0,34.91,7.07,166.11,0.08,78.53,71.05,62.39
2026-05-23 20:20:00,10,667.5,200.0,0.0,33.58,7.12,258.6,0.03,127.87,80.13,61.05
2026-05-23 20:25:00,10,667.5,200.0,0.0,33.79,4.18,300.27,0.01,142.79,82.7,60.66
2026-05-23 20:30:00,10,667.5,200.0,0.0,34.04,8.36,255.76,0.04,115.1,77.79,61.51
2026-05-23 20:35:00,10,667.5,200.0,0.0,35.16,8.19,278.41,0.03,131.92,81.45,62.15
2026-05-23 20:40:00,10,667.5,200.0,0.0,33.96,6.26,234.5,0.04,116.24,77.3,61.3
2026-05-23 20:45:00,10,667.5,200.0,0.0,33.46,6.71,208.96,0.05,94.96,73.43,61.5
2026-05-23 20:50:00,10,667.5,200.0,0.0,32.84,9.19,231.44,0.06,105.57,76.23,62.14
2026-05-23 20:55:00,10,667.5,200.0,0.0,32.53,7.33,173.57,0.08,81.72,71.6,60.32
2026-05-23 21:00:00,10,667.5,200.0,0.0,33.31,6.77,320.87,0.02,147.36,84.81,60.6
2026-05-23 21:05:00,10,667.5,200.0,0.0,31.99,11.21,171.06,0.13,80.97,72.94,59.71
2026-05-23 21:10:00,10,667.5,200.0,0.0,32.13,8.79,305.1,0.03,144.05,84.67,60.84
2026-05-23 21:15:00,10,667.5,200.0,0.0,32.04,7.66,276.93,0.03,130.23,80.86,61.01
2026-05-23 21:20:00,10,667.5,200.0,0.0,31.16,8.16,215.03,0.05,102.83,75.33,61.06
2026-05-23 21:25:00,10,667.5,200.0,0.0,33.64,9.91,247.68,0.05,122.01,79.83,60.62
2026-05-23 21:30:00,10,667.5,200.0,0.0,31.93,9.0,307.76,0.03,143.37,84.57,61.4
2026-05-23 21:35:00,10,667.5,200.0,0.0,32.19,11.47,311.2,0.04,159.36,89.81,60.19
2026-05-23 21:40:00,10,667.5,200.0,0.0,31.92,11.69,282.56,0.04,133.13,82.98,60.32
2026-05-23 21:45:00,10,667.5,200.0,0.0,31.79,10.06,299.41,0.03,139.88,84.05,58.98
2026-05-23 21:50:00,10,667.5,200.0,0.0,32.0,11.29,190.25,0.1,90.73,74.42,60.25
2026-05-23 21:55:00,10,667.5,200.0,0.0,32.83,12.41,289.44,0.05,127.62,81.96,58.0
2026-05-23 22:00:00,10,667.5,200.0,0.0,32.18,14.31,232.81,0.07,111.83,79.26,58.68
2026-05-23 22:05:00,10,667.5,200.0,0.0,32.71,11.45,295.19,0.04,137.79,84.03,59.6
2026-05-23 22:10:00,10,667.5,200.0,0.0,31.93,13.63,197.38,0.11,89.38,75.04,60.14
2026-05-23 22:15:00,10,667.5,200.0,0.0,31.38,13.23,222.36,0.08,107.55,78.06,60.49
2026-05-23 22:20:00,10,667.5,200.0,0.0,32.0,12.84,288.12,0.05,125.7,81.67,59.7
2026-05-23 22:25:00,10,667.5,200.0,0.0,31.63,13.51,214.21,0.09,105.67,77.82,57.36
2026-05-23 22:30:00,10,667.5,200.0,0.0,30.99,14.57,226.47,0.09,104.09,77.89,58.55
2026-05-23 22:35:00,10,667.5,200.0,0.0,31.78,15.85,315.34,0.05,145.08,87.45,59.45
2026-05-23 22:40:00,10,667.5,200.0,0.0,30.16,15.9,240.39,0.08,116.23,80.74,57.09
2026-05-23 22:45:00,10,667.5,200.0,0.0,31.03,14.89,257.05,0.08,118.22,80.81,58.85
2026-05-23 22:50:00,10,667.5,200.0,0.0,31.33,16.84,248.4,0.09,112.46,95.16,58.95
2026-05-23 22:55:00,10,667.5,200.0,0.0,31.0,17.55,261.95,0.08,121.33,82.41,58.67
2026-05-23 23:00:00,10,667.5,200.0,0.0,31.8,15.98,256.2,0.07,112.33,79.95,57.88
2026-05-23 23:05:00,10,667.5,200.0,0.0,31.05,15.87,196.41,0.12,89.99,75.94,57.86
2026-05-23 23:10:00,10,667.5,200.0,0.0,31.17,17.87,255.02,0.09,122.43,98.84,57.77
2026-05-23 23:15:00,10,667.5,200.0,0.0,30.64,19.7,212.76,0.13,105.42,80.01,59.33
2026-05-23 23:20:00,10,667.5,200.0,0.0,31.09,17.46,310.8,0.05,149.58,89.21,57.28
2026-05-23 23:25:00,10,667.5,200.0,0.0,30.77,17.56,225.49,0.11,104.88,79.12,57.48
2026-05-23 23:30:00,10,667.5,200.0,0.0,31.09,22.13,295.34,0.07,149.74,90.92,57.0
2026-05-23 23:35:00,10,667.5,200.0,0.0,30.57,19.61,314.23,0.07,136.41,86.61,58.82
2026-05-23 23:40:00,10,667.5,200.0,0.0,30.8,20.38,336.98,0.05,138.5,87.35,56.07
2026-05-23 23:45:00,10,667.5,200.0,0.0,31.05,21.54,301.17,0.08,142.44,88.82,56.95
2026-05-23 23:50:00,10,667.5,200.0,0.0,31.12,22.59,191.88,0.2,95.22,79.32,57.43
2026-05-23 23:55:00,10,667.5,200.0,0.0,31.64,22.02,184.25,0.21,88.55,78.04,57.25
2026-05-24 00:00:00,10,610.16,600.0,0.0,29.77,21.8,234.88,0.13,105.19,80.7,55.45
2026-05-24 00:05:00,10,610.16,600.0,0.0,31.46,21.01,231.14,0.13,108.31,81.03,56.72
2026-05-24 00:10:00,10,610.16,600.0,0.0,31.64,23.39,316.61,0.08,147.65,90.83,58.65
2026-05-24 00:15:00,10,610.16,600.0,0.0,30.82,25.38,283.7,0.1,130.42,87.25,55.35
2026-05-24 00:20:00,10,610.16,600.0,0.0,31.61,26.37,287.76,0.1,143.64,90.86,55.62
2026-05-24 00:25:00,10,610.16,600.0,0.0,31.76,25.63,175.95,0.28,82.58,78.53,55.7
2026-05-24 00:30:00,10,610.16,600.0,0.0,30.44,24.4,235.81,0.15,107.37,82.07,54.28
2026-05-24 00:35:00,10,610.16,600.0,0.0,31.29,24.18,230.81,0.15,106.17,81.76,55.89
2026-05-24 00:40:00,10,610.16,600.0,0.0,31.32,23.39,245.21,0.13,113.51,82.9,55.12
2026-05-24 00:45:00,10,610.16,600.0,0.0,29.96,24.99,254.97,0.12,120.08,84.82,54.44
2026-05-24 00:50:00,10,610.16,600.0,0.0,31.48,26.92,275.81,0.12,128.69,87.43,56.11
2026-05-24 00:55:00,10,610.16,600.0,0.0,30.0,25.69,224.4,0.17,98.71,80.96,55.52
2026-05-24 01:00:00,10,610.16,600.0,0.0,30.99,26.73,261.35,0.12,123.16,97.79,55.71
2026-05-24 01:05:00,10,610.16,600.0,0.0,31.15,25.72,291.89,0.1,141.46,90.07,52.72
2026-05-24 01:10:00,10,610.16,600.0,0.0,30.58,26.7,248.09,0.15,114.71,84.34,54.75
2026-05-24 01:15:00,10,610.16,600.0,0.0,31.82,29.01,267.18,0.14,118.86,86.01,54.77
2026-05-24 01:20:00,10,610.16,600.0,0.0,31.37,26.02,228.68,0.16,108.68,82.91,53.49
2026-05-24 01:25:00,10,610.16,600.0,0.0,31.37,27.17,249.93,0.12,119.28,85.41,53.05
2026-05-24 01:30:00,10,610.16,600.0,0.0,31.13,26.93,229.6,0.17,110.84,83.68,54.98
2026-05-24 01:35:00,10,610.16,600.0,0.0,30.6,27.86,219.21,0.2,99.27,81.88,55.59
2026-05-24 01:40:00,10,610.16,600.0,0.0,32.0,27.08,190.15,0.23,93.53,80.67,52.61
2026-05-24 01:45:00,10,610.16,600.0,0.0,31.93,26.25,276.15,0.11,132.12,87.98,52.59
2026-05-24 01:50:00,10,610.16,600.0,0.0,32.07,27.44,249.8,0.13,118.38,85.34,53.79
2026-05-24 01:55:00,10,610.16,600.0,0.0,31.6,27.54,266.97,0.12,120.16,85.73,53.24
2026-05-24 02:00:00,10,610.16,600.0,0.0,30.94,27.42,217.66,0.18,101.52,82.09,52.78
2026-05-24 02:05:00,10,610.16,600.0,0.0,32.24,28.52,264.49,0.13,122.76,86.66,52.77
2026-05-24 02:10:00,10,610.16,600.0,0.0,31.82,29.27,240.67,0.16,115.78,85.49,52.86
2026-05-24 02:15:00,10,610.16,600.0,0.0,33.04,27.83,356.74,0.07,164.85,97.2,51.98
2026-05-24 02:20:00,10,610.16,600.0,0.0,32.73,27.26,274.34,0.11,133.13,88.57,53.4
2026-05-24 02:25:00,10,610.16,600.0,0.0,31.42,28.29,191.83,0.25,85.54,79.85,53.27
2026-05-24 02:30:00,10,610.16,600.0,0.0,32.19,26.36,252.17,0.13,116.14,84.49,54.07
2026-05-24 02:35:00,10,610.16,600.0,0.0,31.99,26.08,261.49,0.12,118.64,84.89,53.05
2026-05-24 02:40:00,10,610.16,600.0,0.0,33.33,26.83,274.95,0.11,139.0,89.86,50.78
2026-05-24 02:45:00,10,610.16,600.0,0.0,32.84,26.27,239.71,0.14,108.72,82.97,50.67
2026-05-24 02:50:00,10,610.16,600.0,0.0,32.22,27.41,291.64,0.1,142.15,90.84,50.54
2026-05-24 02:55:00,10,610.16,600.0,0.0,33.36,28.55,273.35,0.12,127.27,87.67,51.77
2026-05-24 03:00:00,10,610.16,600.0,0.0,33.09,27.77,155.85,0.34,69.96,77.66,52.26
2026-05-24 03:05:00,10,610.16,600.0,0.0,33.2,24.8,299.82,0.09,143.76,90.32,52.02
2026-05-24 03:10:00,10,610.16,600.0,0.0,32.51,24.13,298.41,0.09,141.63,89.54,50.61
2026-05-24 03:15:00,10,610.16,600.0,0.0,32.27,27.56,231.07,0.17,106.94,83.14,51.27
2026-05-24 03:20:00,10,610.16,600.0,0.0,33.94,24.0,266.22,0.09,129.44,102.43,51.06
2026-05-24 03:25:00,10,610.16,600.0,0.0,33.06,25.29,310.82,0.08,149.02,91.86,51.56
2026-05-24 03:30:00,10,610.16,600.0,0.0,33.85,23.91,256.37,0.11,114.39,83.23,51.5
2026-05-24 03:35:00,10,610.16,600.0,0.0,33.48,23.13,226.94,0.15,98.22,79.94,50.91
2026-05-24 03:40:00,10,610.16,600.0,0.0,33.8,23.94,210.66,0.17,93.38,79.43,50.25
2026-05-24 03:45:00,10,610.16,600.0,0.0,33.42,24.7,99.22,0.8,47.63,75.15,49.85
2026-05-24 03:50:00,10,610.16,600.0,0.0,34.99,24.04,221.4,0.15,107.84,82.05,52.26
2026-05-24 03:55:00,10,610.16,600.0,0.0,34.9,21.91,276.56,0.09,135.07,87.13,49.2
2026-05-24 04:00:00,10,610.16,600.0,0.0,33.56,22.93,263.13,0.11,114.32,82.87,50.62
2026-05-24 04:05:00,10,610.16,600.0,0.0,34.62,20.47,179.37,0.19,83.87,76.74,51.1
2026-05-24 04:10:00,10,610.16,600.0,0.0,34.76,24.39,243.96,0.13,114.23,83.4,49.05
2026-05-24 04:15:00,10,610.16,600.0,0.0,33.93,19.48,177.44,0.19,87.13,76.89,48.63
2026-05-24 04:20:00,10,610.16,600.0,0.0,35.82,20.78,159.94,0.27,78.94,76.29,49.3
2026-05-24 04:25:00,10,610.16,600.0,0.0,34.89,21.05,268.84,0.09,119.55,83.27,49.75
2026-05-24 04:30:00,10,610.16,600.0,0.0,36.22,18.64,329.07,0.06,157.02,91.7,49.73
2026-05-24 04:35:00,10,610.16,600.0,0.0,34.79,19.93,265.26,0.09,131.7,85.63,49.67
2026-05-24 04:40:00,10,610.16,600.0,0.0,34.83,18.84,243.73,0.1,120.53,82.73,47.4
2026-05-24 04:45:00,10,610.16,600.0,0.0,36.44,17.53,198.54,0.15,88.91,76.42,49.33
2026-05-24 04:50:00,10,610.16,600.0,0.0,35.94,16.71,273.78,0.07,131.4,84.39,49.3
2026-05-24 04:55:00,10,610.16,600.0,0.0,36.22,16.7,229.2,0.1,102.71,78.41,48.54
2026-05-24 05:00:00,10,610.16,600.0,0.0,35.92,17.99,248.48,0.09,126.63,83.77,49.54
2026-05-24 05:05:00,10,610.16,600.0,0.0,36.77,17.66,271.68,0.08,124.38,83.13,47.67
2026-05-24 05:10:00,10,610.16,600.0,0.0,36.96,16.02,275.42,0.07,133.56,84.67,49.14
2026-05-24 05:15:00,10,610.16,600.0,0.0,35.9,14.61,202.12,0.12,96.91,76.67,48.01
2026-05-24 05:20:00,10,610.16,600.0,0.0,37.91,14.06,233.53,0.08,120.6,81.04,47.6
2026-05-24 05:25:00,10,610.16,600.0,0.0,36.53,14.11,230.66,0.09,105.09,77.92,46.95
2026-05-24 05:30:00,10,610.16,600.0,0.0,35.27,16.37,239.67,0.09,112.3,80.13,47.3
2026-05-24 05:35:00,10,610.16,600.0,0.0,36.91,12.42,280.83,0.05,143.56,85.86,47.05
2026-05-24 05:40:00,10,610.16,600.0,0.0,37.05,13.6,262.38,0.06,122.34,81.22,47.04
2026-05-24 05:45:00,10,610.16,600.0,0.0,37.68,13.43,259.06,0.06,121.39,80.95,48.67
2026-05-24 05:50:00,10,610.16,600.0,0.0,38.05,14.13,248.61,0.07,111.47,79.14,46.42
2026-05-24 05:55:00,10,610.16,600.0,0.0,36.92,11.75,201.96,0.1,91.77,74.76,46.52
2026-05-24 06:00:00,10,610.16,600.0,0.0,37.66,10.51,282.64,0.04,135.17,83.07,47.09
2026-05-24 06:05:00,10,610.16,600.0,0.0,37.99,13.68,309.74,0.05,140.92,85.63,48.86
2026-05-24 06:10:00,10,610.16,600.0,0.0,38.06,10.81,260.17,0.05,132.2,82.48,47.0
2026-05-24 06:15:00,10,610.16,600.0,0.0,38.49,12.64,226.92,0.08,104.49,77.28,46.59
2026-05-24 06:20:00,10,610.16,600.0,0.0,38.62,9.73,309.86,0.03,143.05,84.75,45.84
2026-05-24 06:25:00,10,610.16,600.0,0.0,37.72,10.1,254.87,0.05,124.13,80.37,46.89
2026-05-24 06:30:00,10,610.16,600.0,0.0,39.9,8.37,281.68,0.03,134.79,82.22,47.27
2026-05-24 06:35:00,10,610.16,600.0,0.0,39.86,10.14,213.02,0.08,105.03,76.51,45.68
2026-05-24 06:40:00,10,610.16,600.0,0.0,39.02,8.63,267.92,0.04,128.79,80.9,45.8
2026-05-24 06:45:00,10,610.16,600.0,0.0,39.31,8.41,248.51,0.04,116.61,91.38,46.33
2026-05-24 06:50:00,10,610.16,600.0,0.0,38.61,8.46,318.83,0.03,148.8,85.82,45.78
2026-05-24 06:55:00,10,610.16,600.0,0.0,39.53,8.4,158.2,0.11,74.5,71.03,46.45
2026-05-24 07:00:00,10,610.16,600.0,0.0,39.0,8.93,295.23,0.03,134.7,93.15,45.75
2026-05-24 07:05:00,10,610.16,600.0,0.0,40.57,6.84,275.21,0.03,134.79,81.68,43.96
2026-05-24 07:10:00,10,610.16,600.0,0.0,39.77,7.26,283.44,0.03,134.03,81.64,46.63
2026-05-24 07:15:00,10,610.16,600.0,0.0,39.78,7.52,199.97,0.06,96.38,73.99,45.32
2026-05-24 07:20:00,10,610.16,600.0,0.0,40.41,8.69,272.67,0.04,130.76,81.39,44.65
2026-05-24 07:25:00,10,610.16,600.0,0.0,40.03,7.25,222.97,0.04,111.61,76.7,45.8
2026-05-24 07:30:00,10,610.16,600.0,0.0,40.04,6.18,279.07,0.02,132.91,80.98,46.35
2026-05-24 07:35:00,10,610.16,600.0,0.0,41.16,6.5,246.29,0.03,117.39,77.61,44.45
2026-05-24 07:40:00,10,610.16,600.0,0.0,40.5,7.77,264.24,0.03,122.12,79.08,43.35
2026-05-24 07:45:00,10,610.16,600.0,0.0,40.82,8.93,271.83,0.04,119.69,78.98,43.42
2026-05-24 07:50:00,10,610.16,600.0,0.0,41.94,5.53,268.34,0.03,134.72,81.21,44.83
2026-05-24 07:55:00,10,610.16,600.0,0.0,41.33,5.95,246.9,0.03,117.11,77.36,43.61
2026-05-24 08:00:00,10,610.16,600.0,0.0,42.88,6.0,293.6,0.02,138.78,82.35,43.35
2026-05-24 08:05:00,10,610.16,600.0,0.0,40.37,6.47,246.11,0.03,118.28,77.79,46.14
2026-05-24 08:10:00,10,610.16,600.0,0.0,41.59,7.9,321.61,0.02,150.63,86.1,45.19
2026-05-24 08:15:00,10,610.16,600.0,0.0,42.0,7.47,254.54,0.04,121.32,78.82,44.24
2026-05-24 08:20:00,10,610.16,600.0,0.0,40.62,5.67,248.36,0.03,119.25,77.72,43.16
2026-05-24 08:25:00,10,610.16,600.0,0.0,42.09,9.63,231.46,0.06,108.64,76.99,43.04
2026-05-24 08:30:00,10,610.16,600.0,0.0,42.81,5.24,337.57,0.01,167.54,90.0,44.26
2026-05-24 08:35:00,10,610.16,600.0,0.0,42.6,7.71,173.84,0.09,83.04,71.97,43.28
2026-05-24 08:40:00,10,610.16,600.0,0.0,42.2,7.34,263.57,0.04,128.08,80.29,42.27
2026-05-24 08:45:00,10,610.16,600.0,0.0,42.91,8.18,291.1,0.03,135.53,82.34,41.54
2026-05-24 08:50:00,10,610.16,600.0,0.0,41.86,8.07,273.85,0.03,139.15,83.19,41.69
2026-05-24 08:55:00,10,610.16,600.0,0.0,42.67,7.48,363.1,0.02,174.61,92.98,43.37
2026-05-24 09:00:00,10,610.16,600.0,0.0,42.9,7.0,197.33,0.05,90.62,72.82,44.31
2026-05-24 09:05:00,10,610.16,600.0,0.0,43.06,7.89,196.88,0.07,96.18,74.11,41.47
2026-05-24 09:10:00,10,610.16,600.0,0.0,43.03,8.78,233.11,0.05,112.57,77.46,42.17
2026-05-24 09:15:00,10,610.16,600.0,0.0,43.52,7.99,325.06,0.03,152.16,86.58,43.57
2026-05-24 09:20:00,10,610.16,600.0,0.0,43.32,9.4,238.83,0.05,116.62,78.51,41.26
2026-05-24 09:25:00,10,610.16,600.0,0.0,42.55,6.98,249.31,0.04,114.91,77.29,42.62
2026-05-24 09:30:00,10,610.16,600.0,0.0,43.3,9.81,316.53,0.03,147.02,85.83,42.49
2026-05-24 09:35:00,10,610.16,600.0,0.0,43.48,11.27,280.56,0.05,135.75,83.51,42.15
2026-05-24 09:40:00,10,610.16,600.0,0.0,43.49,9.48,307.24,0.03,144.96,85.17,40.18
2026-05-24 09:45:00,10,610.16,600.0,0.0,44.24,10.57,272.5,0.04,129.37,81.73,41.74
2026-05-24 09:50:00,10,610.16,600.0,0.0,44.31,9.83,245.58,0.05,123.26,80.1,40.03
2026-05-24 09:55:00,10,610.16,600.0,0.0,43.34,9.46,246.77,0.05,112.0,77.58,41.53
2026-05-24 10:00:00,10,610.16,600.0,0.0,44.71,10.86,299.09,0.04,139.41,84.26,40.85
2026-05-24 10:05:00,10,610.16,600.0,0.0,43.69,12.0,330.25,0.04,146.05,86.36,41.81
2026-05-24 10:10:00,10,610.16,600.0,0.0,43.58,12.77,321.87,0.04,139.25,84.88,40.57
2026-05-24 10:15:00,10,610.16,600.0,0.0,44.51,13.6,238.99,0.08,111.49,78.99,39.37
2026-05-24 10:20:00,10,610.16,600.0,0.0,43.29,10.57,268.83,0.05,122.17,80.11,39.62
2026-05-24 10:25:00,10,610.16,600.0,0.0,44.84,14.41,277.22,0.06,129.29,83.09,40.73
2026-05-24 10:30:00,10,610.16,600.0,0.0,44.34,13.62,218.25,0.09,101.2,77.05,40.01
2026-05-24 10:35:00,10,610.16,600.0,0.0,44.74,13.56,223.34,0.09,102.93,77.35,40.28
2026-05-24 10:40:00,10,610.16,600.0,0.0,43.24,16.1,317.61,0.05,161.56,92.11,40.77
2026-05-24 10:45:00,10,610.16,600.0,0.0,44.73,15.87,210.78,0.11,102.47,78.11,39.26
2026-05-24 10:50:00,10,610.16,600.0,0.0,45.17,13.95,244.55,0.07,110.68,78.93,39.14
2026-05-24 10:55:00,10,610.16,600.0,0.0,45.1,15.18,299.76,0.05,136.22,85.0,39.71
2026-05-24 11:00:00,10,610.16,600.0,0.0,45.8,16.2,251.97,0.08,122.23,82.16,39.08
2026-05-24 11:05:00,10,610.16,600.0,0.0,45.1,16.71,269.21,0.07,124.49,82.82,39.83
2026-05-24 11:10:00,10,610.16,600.0,0.0,45.38,15.66,230.05,0.09,108.32,79.11,38.61
2026-05-24 11:15:00,10,610.16,600.0,0.0,45.3,17.62,241.02,0.09,118.3,81.83,39.51
2026-05-24 11:20:00,10,610.16,600.0,0.0,44.38,19.98,260.87,0.1,122.81,83.65,39.37
2026-05-24 11:25:00,10,610.16,600.0,0.0,44.41,18.88,306.86,0.06,142.04,87.77,39.88
2026-05-24 11:30:00,10,610.16,600.0,0.0,44.07,20.26,235.54,0.12,113.04,81.71,39.51
2026-05-24 11:35:00,10,610.16,600.0,0.0,45.03,19.98,315.01,0.07,156.1,91.95,38.16
2026-05-24 11:40:00,10,610.16,600.0,0.0,45.23,20.48,256.69,0.1,127.49,84.88,37.92
2026-05-24 11:45:00,10,610.16,600.0,0.0,45.23,19.59,279.62,0.07,128.22,84.68,37.97
2026-05-24 11:50:00,10,610.16,600.0,0.0,44.31,19.16,198.7,0.17,92.11,77.57,38.38
2026-05-24 11:55:00,10,610.16,600.0,0.0,44.9,20.95,345.83,0.05,153.11,91.42,37.07
2026-05-24 12:00:00,10,610.16,600.0,0.0,45.16,19.28,300.07,0.07,142.47,88.04,37.96
2026-05-24 12:05:00,10,610.16,600.0,0.0,44.22,20.7,269.48,0.09,123.39,84.01,37.17
2026-05-24 12:10:00,10,610.16,600.0,0.0,45.82,20.74,274.74,0.1,126.21,84.68,38.03
2026-05-24 12:15:00,10,610.16,600.0,0.0,45.06,20.97,281.74,0.09,124.89,84.44,36.47
2026-05-24 12:20:00,10,610.16,600.0,0.0,44.83,21.67,234.06,0.13,110.05,81.63,37.53
2026-05-24 12:25:00,10,610.16,600.0,0.0,45.63,21.35,249.7,0.11,119.69,83.47,37.88
2026-05-24 12:30:00,10,610.16,600.0,0.0,44.89,22.97,227.95,0.14,107.7,81.64,35.94
2026-05-24 12:35:00,10,610.16,600.0,0.0,45.04,23.77,255.29,0.12,122.3,84.91,36.48
2026-05-24 12:40:00,10,610.16,600.0,0.0,44.95,24.57,296.54,0.09,139.46,89.17,36.14
2026-05-24 12:45:00,10,610.16,600.0,0.0,44.84,22.56,195.72,0.19,93.38,79.01,35.95
2026-05-24 12:50:00,10,610.16,600.0,0.0,45.28,24.83,364.44,0.06,170.71,97.92,36.88
2026-05-24 12:55:00,10,610.16,600.0,0.0,45.3,23.68,229.4,0.15,106.93,81.76,37.55
2026-05-24 13:00:00,10,610.16,600.0,0.0,45.41,24.58,375.96,0.05,184.47,102.22,36.31
2026-05-24 13:05:00,10,610.16,600.0,0.0,45.61,24.39,261.2,0.11,124.2,85.53,35.89
2026-05-24 13:10:00,10,610.16,600.0,0.0,45.61,25.48,250.61,0.12,128.35,86.87,37.88
2026-05-24 13:15:00,10,610.16,600.0,0.0,43.01,23.54,330.22,0.07,158.74,93.94,35.43
2026-05-24 13:20:00,10,610.16,600.0,0.0,45.04,23.41,290.5,0.09,143.1,110.47,36.08
2026-05-24 13:25:00,10,610.16,600.0,0.0,44.99,22.66,306.59,0.07,139.19,88.39,35.6
2026-05-24 13:30:00,10,610.16,600.0,0.0,44.23,25.46,274.73,0.11,124.86,86.04,35.02
2026-05-24 13:35:00,10,610.16,600.0,0.0,44.53,24.63,220.84,0.16,103.97,96.11,34.78
2026-05-24 13:40:00,10,610.16,600.0,0.0,45.03,24.95,230.53,0.16,101.35,81.18,35.09
2026-05-24 13:45:00,10,610.16,600.0,0.0,43.93,24.53,298.82,0.09,126.81,86.12,33.7
2026-05-24 13:50:00,10,610.16,600.0,0.0,44.59,26.17,307.75,0.09,145.76,91.34,34.77
2026-05-24 13:55:00,10,610.16,600.0,0.0,43.74,27.34,224.81,0.16,105.95,82.87,34.23
2026-05-24 14:00:00,10,610.16,600.0,0.0,44.52,24.11,220.69,0.16,109.3,82.39,33.78
2026-05-24 14:05:00,10,610.16,600.0,0.0,43.34,24.44,206.27,0.19,99.77,80.77,33.64
2026-05-24 14:10:00,10,610.16,600.0,0.0,43.89,25.12,242.67,0.13,117.6,84.38,34.96
2026-05-24 14:15:00,10,610.16,600.0,0.0,44.47,23.1,280.7,0.08,129.34,86.18,33.71
2026-05-24 14:20:00,10,610.16,600.0,0.0,44.47,25.23,169.15,0.24,83.03,78.4,35.2
2026-05-24 14:25:00,10,610.16,600.0,0.0,43.94,24.86,287.72,0.1,134.91,88.16,34.34
2026-05-24 14:30:00,10,610.16,600.0,0.0,42.51,24.98,236.85,0.14,111.97,93.66,33.17
2026-05-24 14:35:00,10,610.16,600.0,0.0,43.5,23.96,271.31,0.1,125.55,85.65,35.23
2026-05-24 14:40:00,10,610.16,600.0,0.0,43.11,24.28,336.89,0.06,162.19,95.17,35.1
2026-05-24 14:45:00,10,610.16,600.0,0.0,41.8,22.81,314.2,0.07,154.08,92.37,34.71
2026-05-24 14:50:00,10,610.16,600.0,0.0,43.12,23.42,232.66,0.14,110.55,82.36,33.73
2026-05-24 14:55:00,10,610.16,600.0,0.0,42.92,22.56,278.69,0.09,127.29,85.54,35.89
2026-05-24 15:00:00,10,610.16,600.0,0.0,42.12,24.22,280.02,0.11,128.78,86.5,33.0
2026-05-24 15:05:00,10,610.16,600.0,0.0,43.79,25.24,263.19,0.12,133.44,87.98,33.77
2026-05-24 15:10:00,10,610.16,600.0,0.0,43.19,21.99,305.02,0.08,133.93,86.88,35.65
2026-05-24 15:15:00,10,610.16,600.0,0.0,42.75,22.07,258.81,0.11,113.64,82.45,32.56
2026-05-24 15:20:00,10,610.16,600.0,0.0,43.13,21.85,336.99,0.06,154.42,92.11,31.45
2026-05-24 15:25:00,10,610.16,600.0,0.0,42.18,22.76,201.92,0.18,94.76,79.28,32.02
2026-05-24 15:30:00,10,610.16,600.0,0.0,41.79,21.31,276.67,0.08,126.48,84.89,32.93
2026-05-24 15:35:00,10,610.16,600.0,0.0,42.37,21.59,264.32,0.1,130.15,85.88,32.38
2026-05-24 15:40:00,10,610.16,600.0,0.0,41.46,22.64,274.73,0.09,126.43,85.37,31.64
2026-05-24 15:45:00,10,610.16,600.0,0.0,42.23,19.28,208.13,0.15,99.84,78.9,31.11
2026-05-24 15:50:00,10,610.16,600.0,0.0,40.79,20.0,222.29,0.13,106.63,80.37,32.89
2026-05-24 15:55:00,10,610.16,600.0,0.0,41.4,20.23,371.41,0.05,175.5,97.78,32.33
2026-05-24 16:00:00,10,610.16,600.0,0.0,41.44,18.38,272.4,0.08,129.87,84.65,32.34
2026-05-24 16:05:00,10,610.16,600.0,0.0,40.66,18.66,291.04,0.07,138.73,86.87,31.27
2026-05-24 16:10:00,10,610.16,600.0,0.0,41.79,19.27,149.14,0.28,72.41,84.13,31.33
2026-05-24 16:15:00,10,610.16,600.0,0.0,41.64,18.42,193.81,0.16,96.6,78.04,31.73
2026-05-24 16:20:00,10,610.16,600.0,0.0,40.62,18.45,209.64,0.13,96.64,78.0,30.24
2026-05-24 16:25:00,10,610.16,600.0,0.0,40.79,18.34,315.39,0.05,150.61,89.81,32.85
2026-05-24 16:30:00,10,610.16,600.0,0.0,40.47,18.7,190.17,0.16,88.07,76.72,30.75
2026-05-24 16:35:00,10,610.16,600.0,0.0,40.43,17.23,250.48,0.08,116.06,81.19,30.57
2026-05-24 16:40:00,10,610.16,600.0,0.0,39.36,17.11,240.13,0.1,111.12,80.18,28.39
2026-05-24 16:45:00,10,610.16,600.0,0.0,39.68,16.71,279.29,0.07,132.06,84.56,30.11
2026-05-24 16:50:00,10,610.16,600.0,0.0,41.22,14.99,160.04,0.19,74.71,73.53,30.66
2026-05-24 16:55:00,10,610.16,600.0,0.0,39.65,13.87,248.53,0.08,122.77,81.45,30.01
2026-05-24 17:00:00,10,610.16,600.0,0.0,39.52,13.81,248.89,0.08,118.0,80.4,30.47
2026-05-24 17:05:00,10,610.16,600.0,0.0,39.56,15.14,292.58,0.06,144.64,87.12,29.8
2026-05-24 17:10:00,10,610.16,600.0,0.0,39.49,14.78,246.1,0.08,110.36,79.17,28.61
2026-05-24 17:15:00,10,610.16,600.0,0.0,39.72,13.47,236.99,0.07,108.5,78.32,28.6
2026-05-24 17:20:00,10,610.16,600.0,0.0,39.52,12.4,170.08,0.13,81.48,73.45,30.28
2026-05-24 17:25:00,10,610.16,600.0,0.0,38.56,13.59,227.81,0.08,110.84,78.84,29.17
2026-05-24 17:30:00,10,610.16,600.0,0.0,38.61,13.48,210.58,0.09,92.72,75.51,28.39
2026-05-24 17:35:00,10,610.16,600.0,0.0,38.77,12.7,223.58,0.08,108.03,77.98,29.85
2026-05-24 17:40:00,10,610.16,600.0,0.0,38.51,11.97,234.14,0.07,113.05,78.7,29.26
2026-05-24 17:45:00,10,610.16,600.0,0.0,38.36,10.09,326.16,0.03,146.01,85.65,26.65
2026-05-24 17:50:00,10,610.16,600.0,0.0,37.76,11.17,305.01,0.04,133.11,82.81,27.38
2026-05-24 17:55:00,10,610.16,600.0,0.0,38.1,11.68,226.17,0.08,107.2,77.46,28.34
2026-05-24 18:00:00,10,610.16,600.0,0.0,38.61,10.19,229.52,0.06,112.67,77.98,30.48
2026-05-24 18:05:00,10,610.16,600.0,0.0,37.92,9.85,254.06,0.05,135.17,82.86,29.34
2026-05-24 18:10:00,10,610.16,600.0,0.0,37.97,10.31,370.13,0.02,174.62,93.96,28.37
2026-05-24 18:15:00,10,610.16,600.0,0.0,37.0,8.63,278.58,0.03,135.93,95.75,28.06
2026-05-24 18:20:00,10,610.16,600.0,0.0,37.71,8.28,198.02,0.07,96.28,74.25,28.3
2026-05-24 18:25:00,10,610.16,600.0,0.0,37.68,6.95,274.22,0.03,123.07,78.99,27.25
2026-05-24 18:30:00,10,610.16,600.0,0.0,38.01,8.07,290.87,0.03,137.19,82.69,28.44
2026-05-24 18:35:00,10,610.16,600.0,0.0,37.15,8.2,223.19,0.05,110.07,76.74,27.77
2026-05-24 18:40:00,10,610.16,600.0,0.0,36.88,7.2,230.88,0.04,115.11,77.39,28.29
2026-05-24 18:45:00,10,610.16,600.0,0.0,37.31,7.38,293.51,0.03,136.93,82.39,27.06
2026-05-24 18:50:00,10,610.16,600.0,0.0,37.07,6.24,199.82,0.05,94.9,73.26,28.13
2026-05-24 18:55:00,10,610.16,600.0,0.0,34.63,5.81,252.32,0.03,119.83,95.94,26.3
2026-05-24 19:00:00,10,610.16,600.0,0.0,36.25,6.46,243.44,0.03,124.44,79.12,26.56
2026-05-24 19:05:00,10,610.16,600.0,0.0,35.11,7.01,357.84,0.02,151.72,86.07,26.35
2026-05-24 19:10:00,10,610.16,600.0,0.0,36.16,5.36,254.09,0.03,126.93,79.3,27.79
2026-05-24 19:15:00,10,610.16,600.0,0.0,35.57,7.73,228.79,0.05,105.88,75.76,26.14
2026-05-24 19:20:00,10,610.16,600.0,0.0,35.28,4.88,306.37,0.02,145.15,83.58,24.84
2026-05-24 19:25:00,10,610.16,600.0,0.0,35.85,5.15,166.73,0.06,73.49,69.65,26.78
2026-05-24 19:30:00,10,610.16,600.0,0.0,35.02,7.14,286.63,0.02,133.38,81.42,25.48
2026-05-24 19:35:00,10,610.16,600.0,0.0,34.63,6.86,207.64,0.05,99.49,74.27,25.99
2026-05-24 19:40:00,10,610.16,600.0,0.0,34.37,7.4,221.56,0.05,103.87,75.26,27.07
2026-05-24 19:45:00,10,610.16,600.0,0.0,33.91,5.87,176.39,0.06,83.34,71.29,25.26
2026-05-24 19:50:00,10,610.16,600.0,0.0,35.01,7.99,237.78,0.05,109.47,76.55,25.93
2026-05-24 19:55:00,10,610.16,600.0,0.0,35.11,6.59,249.83,0.03,124.67,79.22,25.76
2026-05-24 20:00:00,10,610.16,600.0,0.0,33.98,4.1,292.14,0.02,133.99,80.49,24.62
2026-05-24 20:05:00,10,610.16,600.0,0.0,34.12,7.4,289.17,0.03,147.31,85.04,23.86
2026-05-24 20:10:00,10,610.16,600.0,0.0,34.95,5.09,249.2,0.03,115.48,76.71,24.91
2026-05-24 20:15:00,10,610.16,600.0,0.0,34.85,5.13,247.77,0.02,122.21,78.14,26.4
2026-05-24 20:20:00,10,610.16,600.0,0.0,34.82,5.44,334.39,0.02,146.75,100.73,24.19
2026-05-24 20:25:00,10,610.16,600.0,0.0,33.56,3.88,304.25,0.01,139.32,81.71,25.5
2026-05-24 20:30:00,10,610.16,600.0,0.0,33.86,6.28,339.85,0.02,164.26,89.38,23.91
2026-05-24 20:35:00,10,610.16,600.0,0.0,34.2,6.63,156.52,0.08,78.63,70.91,24.89
2026-05-24 20:40:00,10,610.16,600.0,0.0,33.72,4.49,240.26,0.03,114.42,76.28,23.34
2026-05-24 20:45:00,10,610.16,600.0,0.0,33.28,6.48,321.96,0.02,149.87,98.43,22.93
2026-05-24 20:50:00,10,610.16,600.0,0.0,33.22,5.42,224.98,0.03,99.49,73.73,24.87
2026-05-24 20:55:00,10,610.16,600.0,0.0,33.56,4.6,277.51,0.02,135.82,81.11,24.49
2026-05-24 21:00:00,10,610.16,600.0,0.0,33.45,6.39,246.41,0.03,115.97,77.26,24.34
2026-05-24 21:05:00,10,610.16,600.0,0.0,32.98,6.38,318.22,0.02,143.9,83.77,23.82
2026-05-24 21:10:00,10,610.16,600.0,0.0,33.8,8.21,262.49,0.04,121.6,79.12,23.25
2026-05-24 21:15:00,10,610.16,600.0,0.0,32.98,7.66,292.22,0.03,138.78,82.93,22.75
2026-05-24 21:20:00,10,610.16,600.0,0.0,32.58,8.22,303.04,0.03,151.08,86.34,23.32
2026-05-24 21:25:00,10,610.16,600.0,0.0,32.72,8.79,199.97,0.07,96.46,74.45,21.91
2026-05-24 21:30:00,10,610.16,600.0,0.0,32.34,7.75,256.47,0.04,122.88,79.24,24.7
2026-05-24 21:35:00,10,610.16,600.0,0.0,32.64,9.83,317.88,0.03,149.77,86.55,23.74
2026-05-24 21:40:00,10,610.16,600.0,0.0,32.04,7.01,254.73,0.03,126.82,79.85,23.64
2026-05-24 21:45:00,10,610.16,600.0,0.0,32.16,9.7,259.01,0.05,120.79,79.48,24.2
2026-05-24 21:50:00,10,610.16,600.0,0.0,31.94,8.44,300.41,0.03,144.78,84.74,22.61
2026-05-24 21:55:00,10,610.16,600.0,0.0,32.69,10.5,280.75,0.04,138.18,83.8,22.58
2026-05-24 22:00:00,10,610.16,600.0,0.0,32.59,8.58,235.2,0.05,112.16,77.29,21.35
2026-05-24 22:05:00,10,610.16,600.0,0.0,32.28,9.01,262.85,0.04,121.19,79.31,21.8
2026-05-24 22:10:00,10,610.16,600.0,0.0,31.81,10.48,290.72,0.04,135.9,83.23,21.96
2026-05-24 22:15:00,10,610.16,600.0,0.0,31.23,9.89,241.3,0.05,114.89,78.3,21.86
2026-05-24 22:20:00,10,610.16,600.0,0.0,31.01,9.96,219.53,0.07,108.73,77.12,20.92
2026-05-24 22:25:00,10,610.16,600.0,0.0,31.73,11.69,330.09,0.04,162.84,90.9,21.78
2026-05-24 22:30:00,10,610.16,600.0,0.0,31.35,11.09,268.35,0.05,137.45,83.84,20.97
2026-05-24 22:35:00,10,610.16,600.0,0.0,31.27,11.89,234.21,0.08,105.11,90.15,22.67
2026-05-24 22:40:00,10,610.16,600.0,0.0,31.09,12.38,278.3,0.05,128.74,82.21,19.61
2026-05-24 22:45:00,10,610.16,600.0,0.0,31.21,12.87,201.95,0.09,100.79,76.69,22.15
2026-05-24 22:50:00,10,610.16,600.0,0.0,31.0,12.51,249.87,0.06,121.93,80.73,23.25
2026-05-24 22:55:00,10,610.16,600.0,0.0,31.06,12.31,221.33,0.08,109.62,78.14,22.68
2026-05-24 23:00:00,10,610.16,600.0,0.0,31.75,14.18,167.49,0.17,77.51,73.57,20.58
2026-05-24 23:05:00,10,610.16,600.0,0.0,30.69,13.3,174.3,0.14,75.94,72.98,20.7
2026-05-24 23:10:00,10,610.16,600.0,0.0,31.7,14.73,244.3,0.08,123.62,81.93,20.34
2026-05-24 23:15:00,10,610.16,600.0,0.0,31.21,14.49,237.91,0.08,117.08,80.43,20.93
2026-05-24 23:20:00,10,610.16,600.0,0.0,31.47,14.93,276.49,0.07,118.23,80.8,20.74
2026-05-24 23:25:00,10,610.16,600.0,0.0,31.14,16.05,301.99,0.06,146.54,87.92,19.8
2026-05-24 23:30:00,10,610.16,600.0,0.0,31.03,15.32,210.47,0.11,97.49,76.99,20.15
2026-05-24 23:35:00,10,610.16,600.0,0.0,30.99,15.97,273.4,0.07,142.45,86.85,19.9
2026-05-24 23:40:00,10,610.16,600.0,0.0,30.51,15.97,230.97,0.09,109.74,79.47,21.07
2026-05-24 23:45:00,10,610.16,600.0,0.0,30.9,16.24,251.43,0.07,121.5,81.97,19.32
2026-05-24 23:50:00,10,610.16,600.0,0.0,31.44,17.09,217.39,0.11,100.24,78.1,22.9
2026-05-24 23:55:00,10,610.16,600.0,0.0,30.82,16.67,283.99,0.07,133.76,84.94,18.7
2026-05-25 00:00:00,10,-41.88,717.5,-0.12,30.47,16.17,207.92,0.13,94.52,76.82,19.86
2026-05-25 00:05:00,10,-41.88,717.5,-0.12,31.6,17.18,215.36,0.12,98.87,77.91,19.99
2026-05-25 00:10:00,10,-41.88,717.5,-0.12,31.23,17.4,205.79,0.13,95.55,77.42,18.98
2026-05-25 00:15:00,10,-41.88,717.5,-0.12,31.42,17.28,216.78,0.12,101.72,78.46,19.02
2026-05-25 00:20:00,10,-41.88,717.5,-0.12,31.8,17.28,271.51,0.08,122.91,99.15,19.42
2026-05-25 00:25:00,10,-41.88,717.5,-0.12,31.36,17.34,250.89,0.09,120.8,82.24,17.66
2026-05-25 00:30:00,10,-41.88,717.5,-0.12,30.82,17.18,320.55,0.05,153.78,90.25,20.47
2026-05-25 00:35:00,10,-41.88,717.5,-0.12,30.69,18.77,235.23,0.11,116.21,81.8,18.86
2026-05-25 00:40:00,10,-41.88,717.5,-0.12,30.55,17.98,165.12,0.19,80.78,75.4,18.62
2026-05-25 00:45:00,10,-41.88,717.5,-0.12,30.64,18.15,277.29,0.08,138.44,86.62,19.37
2026-05-25 00:50:00,10,-41.88,717.5,-0.12,31.84,18.88,168.17,0.21,79.33,75.55,18.41
2026-05-25 00:55:00,10,-41.88,717.5,-0.12,32.15,17.98,230.29,0.11,106.04,79.49,16.75
2026-05-25 01:00:00,10,-41.88,717.5,-0.12,31.69,18.55,361.15,0.04,162.63,93.24,16.96
2026-05-25 01:05:00,10,-41.88,717.5,-0.12,31.3,19.78,269.59,0.08,130.35,85.23,18.06
2026-05-25 01:10:00,10,-41.88,717.5,-0.12,31.54,19.12,216.31,0.13,101.42,79.07,16.67
2026-05-25 01:15:00,10,-41.88,717.5,-0.12,31.58,18.79,256.92,0.08,119.47,82.44,18.82
2026-05-25 01:20:00,10,-41.88,717.5,-0.12,31.33,18.98,218.47,0.12,110.71,80.77,17.46
2026-05-25 01:25:00,10,-41.88,717.5,-0.12,31.37,20.26,220.01,0.13,105.9,80.3,17.2
2026-05-25 01:30:00,10,-41.88,717.5,-0.12,30.74,19.37,228.93,0.12,112.68,81.3,17.43
2026-05-25 01:35:00,10,-41.88,717.5,-0.12,31.85,19.44,178.67,0.19,80.84,75.92,17.39
2026-05-25 01:40:00,10,-41.88,717.5,-0.12,32.22,18.95,236.96,0.1,117.26,82.07,16.93
2026-05-25 01:45:00,10,-41.88,717.5,-0.12,31.76,20.68,209.4,0.16,96.38,78.78,15.62
2026-05-25 01:50:00,10,-41.88,717.5,-0.12,32.04,18.89,219.89,0.14,108.12,80.27,17.21
2026-05-25 01:55:00,10,-41.88,717.5,-0.12,31.46,19.35,223.62,0.13,101.56,79.18,16.85
2026-05-25 02:00:00,10,-41.88,717.5,-0.12,31.72,20.33,230.48,0.12,105.55,80.24,17.39
2026-05-25 02:05:00,10,-41.88,717.5,-0.12,32.6,18.7,234.78,0.11,116.64,81.87,15.48
2026-05-25 02:10:00,10,-41.88,717.5,-0.12,32.31,18.84,189.82,0.17,88.19,76.79,16.51
2026-05-25 02:15:00,10,-41.88,717.5,-0.12,31.95,20.51,208.37,0.15,96.28,78.68,16.42
2026-05-25 02:20:00,10,-41.88,717.5,-0.12,32.66,20.03,233.62,0.12,108.45,80.7,16.29
2026-05-25 02:25:00,10,-41.88,717.5,-0.12,32.78,21.1,220.54,0.14,108.96,81.21,15.54
2026-05-25 02:30:00,10,-41.88,717.5,-0.12,32.06,19.25,227.7,0.11,110.19,80.75,16.73
2026-05-25 02:35:00,10,-41.88,717.5,-0.12,31.88,18.5,263.83,0.08,119.25,82.29,16.01
2026-05-25 02:40:00,10,-41.88,717.5,-0.12,32.6,18.95,266.56,0.09,136.08,86.34,15.54
2026-05-25 02:45:00,10,-41.88,717.5,-0.12,33.19,18.41,255.72,0.09,122.73,83.04,14.97
2026-05-25 02:50:00,10,-41.88,717.5,-0.12,32.84,19.0,314.87,0.07,153.16,90.76,14.8
2026-05-25 02:55:00,10,-41.88,717.5,-0.12,32.23,16.79,260.34,0.08,126.84,83.38,14.84
2026-05-25 03:00:00,10,-41.88,717.5,-0.12,33.71,17.6,253.29,0.09,126.41,83.59,14.93
2026-05-25 03:05:00,10,-41.88,717.5,-0.12,33.68,18.67,250.13,0.09,125.77,83.81,14.24
2026-05-25 03:10:00,10,-41.88,717.5,-0.12,33.44,17.93,200.72,0.15,95.43,77.63,13.59
2026-05-25 03:15:00,10,-41.88,717.5,-0.12,33.5,18.51,296.39,0.06,139.87,106.34,14.43
2026-05-25 03:20:00,10,-41.88,717.5,-0.12,34.0,15.68,269.21,0.07,134.92,84.87,15.51
2026-05-25 03:25:00,10,-41.88,717.5,-0.12,33.36,17.55,295.19,0.06,150.26,110.3,14.78
2026-05-25 03:30:00,10,-41.88,717.5,-0.12,34.17,16.03,298.66,0.06,138.63,85.89,15.83
2026-05-25 03:35:00,10,-41.88,717.5,-0.12,33.4,15.78,328.19,0.05,159.02,91.24,15.39
2026-05-25 03:40:00,10,-41.88,717.5,-0.12,32.91,16.69,341.41,0.05,166.3,93.69,12.48
2026-05-25 03:45:00,10,-41.88,717.5,-0.12,33.62,15.44,264.05,0.07,120.46,81.46,14.25
2026-05-25 03:50:00,10,-41.88,717.5,-0.12,34.07,14.25,304.31,0.05,151.01,88.48,12.97
2026-05-25 03:55:00,10,-41.88,717.5,-0.12,34.74,14.25,299.15,0.05,150.77,88.41,14.15
2026-05-25 04:00:00,10,-41.88,717.5,-0.12,34.41,15.55,211.33,0.11,103.47,78.16,12.06
2026-05-25 04:05:00,10,-41.88,717.5,-0.12,34.73,13.34,234.34,0.08,108.61,78.31,11.96
2026-05-25 04:10:00,10,-41.88,717.5,-0.12,35.21,12.79,175.74,0.14,84.67,74.07,11.92
2026-05-25 04:15:00,10,-41.88,717.5,-0.12,34.23,13.77,251.01,0.07,119.02,95.37,11.16
2026-05-25 04:20:00,10,-41.88,717.5,-0.12,35.01,13.2,233.08,0.08,111.4,78.81,12.86
2026-05-25 04:25:00,10,-41.88,717.5,-0.12,36.49,12.65,199.96,0.09,98.64,76.23,13.07
2026-05-25 04:30:00,10,-41.88,717.5,-0.12,35.71,11.45,320.87,0.04,152.03,87.75,11.27
2026-05-25 04:35:00,10,-41.88,717.5,-0.12,35.63,12.43,321.4,0.04,156.37,89.3,10.14
2026-05-25 04:40:00,10,-41.88,717.5,-0.12,35.87,10.7,281.16,0.04,139.98,84.32,10.6
2026-05-25 04:45:00,10,-41.88,717.5,-0.12,36.41,11.57,211.78,0.08,103.01,76.63,12.1
2026-05-25 04:50:00,10,-41.88,717.5,-0.12,35.71,10.97,285.87,0.04,139.08,84.19,11.32
2026-05-25 04:55:00,10,-41.88,717.5,-0.12,36.2,10.6,262.87,0.05,121.22,79.9,10.44
2026-05-25 05:00:00,10,-41.88,717.5,-0.12,36.37,10.69,259.05,0.05,120.72,79.82,12.41
2026-05-25 05:05:00,10,-41.88,717.5,-0.12,36.48,9.92,243.19,0.05,112.03,77.74,12.02
2026-05-25 05:10:00,10,-41.88,717.5,-0.12,36.12,9.74,351.4,0.03,164.55,90.71,10.91
2026-05-25 05:15:00,10,-41.88,717.5,-0.12,36.99,9.44,290.19,0.04,132.13,81.97,11.29
2026-05-25 05:20:00,10,-41.88,717.5,-0.12,37.42,9.32,293.11,0.03,136.38,82.93,12.33
2026-05-25 05:25:00,10,-41.88,717.5,-0.12,36.1,9.83,300.51,0.03,141.52,84.39,10.2
2026-05-25 05:30:00,10,-41.88,717.5,-0.12,37.2,8.46,331.61,0.03,156.24,87.86,9.93
2026-05-25 05:35:00,10,-41.88,717.5,-0.12,37.31,8.56,230.63,0.05,107.3,76.33,11.2
2026-05-25 05:40:00,10,-41.88,717.5,-0.12,36.81,8.39,269.89,0.04,116.28,78.05,11.44
2026-05-25 05:45:00,10,-41.88,717.5,-0.12,36.65,8.21,126.32,0.16,58.37,69.13,10.01
2026-05-25 05:50:00,10,-41.88,717.5,-0.12,38.59,6.73,235.36,0.04,112.72,76.74,10.54
2026-05-25 05:55:00,10,-41.88,717.5,-0.12,37.28,9.03,199.84,0.07,91.44,73.69,9.1
2026-05-25 06:00:00,10,-41.88,717.5,-0.12,37.66,7.11,227.71,0.05,104.73,75.33,11.25
2026-05-25 06:05:00,10,-41.88,717.5,-0.12,37.65,5.9,314.18,0.02,143.12,83.41,10.23
2026-05-25 06:10:00,10,-41.88,717.5,-0.12,38.28,7.21,191.97,0.06,84.88,72.0,11.45
2026-05-25 06:15:00,10,-41.88,717.5,-0.12,38.09,5.36,269.95,0.02,131.16,80.27,8.03
2026-05-25 06:20:00,10,-41.88,717.5,-0.12,38.77,6.22,138.95,0.1,64.05,68.94,8.41
2026-05-25 06:25:00,10,-41.88,717.5,-0.12,38.29,7.11,228.35,0.04,104.61,75.29,7.95
2026-05-25 06:30:00,10,-41.88,717.5,-0.12,39.93,5.6,226.27,0.03,109.92,75.77,9.82
2026-05-25 06:35:00,10,-41.88,717.5,-0.12,38.78,4.8,326.95,0.01,153.32,85.73,9.41
2026-05-25 06:40:00,10,-41.88,717.5,-0.12,39.41,4.4,331.97,0.01,149.55,84.56,10.22
2026-05-25 06:45:00,10,-41.88,717.5,-0.12,38.75,5.41,278.81,0.02,126.5,79.21,9.65
2026-05-25 06:50:00,10,-41.88,717.5,-0.12,39.09,4.75,261.21,0.02,120.56,77.66,9.09
2026-05-25 06:55:00,10,-41.88,717.5,-0.12,40.11,4.07,300.38,0.01,141.34,82.3,8.94
2026-05-25 07:00:00,10,-41.88,717.5,-0.12,39.83,4.15,242.72,0.02,120.27,77.39,9.97
2026-05-25 07:05:00,10,-41.88,717.5,-0.12,40.02,3.83,176.41,0.04,88.69,71.37,9.2
2026-05-25 07:10:00,10,-41.88,717.5,-0.12,39.29,3.52,208.86,0.02,102.74,73.64,6.75
2026-05-25 07:15:00,10,-41.88,717.5,-0.12,40.49,3.06,267.31,0.01,126.01,78.26,6.83
2026-05-25 07:20:00,10,-41.88,717.5,-0.12,40.3,3.18,355.2,0.01,159.2,86.82,7.36
2026-05-25 07:25:00,10,-41.88,717.5,-0.12,40.9,3.54,283.13,0.01,138.34,81.36,7.12
2026-05-25 07:30:00,10,-41.88,717.5,-0.12,39.7,3.79,248.74,0.02,124.61,78.21,8.08
2026-05-25 07:35:00,10,-41.88,717.5,-0.12,41.56,3.61,240.12,0.02,113.11,75.7,7.7
2026-05-25 07:40:00,10,-41.88,717.5,-0.12,40.55,3.14,190.31,0.03,88.67,71.11,7.11
2026-05-25 07:45:00,10,-41.88,717.5,-0.12,40.47,2.28,301.51,0.01,143.64,82.26,8.84
2026-05-25 07:50:00,10,-41.88,717.5,-0.12,40.88,3.3,176.38,0.03,86.12,70.77,5.98
2026-05-25 07:55:00,10,-41.88,717.5,-0.12,40.29,4.31,195.31,0.03,91.81,72.03,6.88
2026-05-25 08:00:00,10,-41.88,717.5,-0.12,41.81,2.95,108.83,0.07,51.54,66.44,7.86
2026-05-25 08:05:00,10,-41.88,717.5,-0.12,41.65,3.53,278.42,0.02,132.17,79.88,6.13
2026-05-25 08:10:00,10,-41.88,717.5,-0.12,41.21,3.65,255.4,0.02,124.53,78.15,6.67
2026-05-25 08:15:00,10,-41.88,717.5,-0.12,41.76,2.82,243.93,0.02,108.47,74.49,6.12
2026-05-25 08:20:00,10,-41.88,717.5,-0.12,41.91,3.72,247.25,0.02,120.57,77.31,7.5
2026-05-25 08:25:00,10,-41.88,717.5,-0.12,41.89,3.81,241.42,0.02,117.0,76.57,6.49
2026-05-25 08:30:00,10,-41.88,717.5,-0.12,42.14,2.85,270.85,0.01,129.93,79.09,7.37
2026-05-25 08:35:00,10,-41.88,717.5,-0.12,41.84,3.52,274.37,0.01,126.17,78.46,7.42
2026-05-25 08:40:00,10,-41.88,717.5,-0.12,42.08,3.14,180.47,0.03,85.17,70.57,6.25
2026-05-25 08:45:00,10,-41.88,717.5,-0.12,43.09,2.8,274.93,0.01,127.93,78.61,6.95
2026-05-25 08:50:00,10,-41.88,717.5,-0.12,42.92,3.61,263.44,0.02,121.49,88.44,3.24
2026-05-25 08:55:00,10,-41.88,717.5,-0.12,42.87,3.05,324.09,0.01,152.42,84.88,4.55
2026-05-25 09:00:00,10,-41.88,717.5,-0.12,43.8,3.87,216.56,0.03,101.71,73.61,6.35
2026-05-25 09:05:00,10,-41.88,717.5,-0.12,42.39,3.08,303.49,0.01,145.71,83.08,6.24
2026-05-25 09:10:00,10,-41.88,717.5,-0.12,42.64,3.72,257.36,0.02,126.23,78.56,6.68
2026-05-25 09:15:00,10,-41.88,717.5,-0.12,43.23,3.38,243.8,0.02,117.98,93.71,5.6
2026-05-25 09:20:00,10,-41.88,717.5,-0.12,43.91,3.53,274.18,0.01,133.85,80.26,5.82
2026-05-25 09:25:00,10,-41.88,717.5,-0.12,43.37,3.82,184.94,0.03,85.09,70.79,5.92
2026-05-25 09:30:00,10,-41.88,717.5,-0.12,44.02,4.03,209.48,0.03,98.92,73.16,4.44
2026-05-25 09:35:00,10,-41.88,717.5,-0.12,44.14,2.97,255.84,0.02,117.51,76.39,5.58
2026-05-25 09:40:00,10,-41.88,717.5,-0.12,43.36,3.75,176.08,0.04,82.77,70.44,4.4
2026-05-25 09:45:00,10,-41.88,717.5,-0.12,43.24,3.95,338.43,0.01,151.19,84.86,4.49
2026-05-25 09:50:00,10,-41.88,717.5,-0.12,43.54,4.21,261.25,0.02,126.06,78.7,4.61
2026-05-25 09:55:00,10,-41.88,717.5,-0.12,44.51,3.86,237.14,0.02,112.19,75.6,4.41
2026-05-25 10:00:00,10,-41.88,717.5,-0.12,44.33,4.13,345.35,0.01,163.42,88.38,5.43
2026-05-25 10:05:00,10,-41.88,717.5,-0.12,43.46,4.66,304.41,0.02,145.26,83.54,4.19
2026-05-25 10:10:00,10,-41.88,717.5,-0.12,43.95,4.42,279.22,0.02,133.49,80.51,3.65
2026-05-25 10:15:00,10,-41.88,717.5,-0.12,44.28,3.93,261.67,0.02,118.98,77.04,2.75
2026-05-25 10:20:00,10,-41.88,717.5,-0.12,43.51,4.28,263.01,0.02,133.64,98.06,3.38
2026-05-25 10:25:00,10,-41.88,717.5,-0.12,44.47,4.72,270.15,0.02,129.17,79.59,4.87
2026-05-25 10:30:00,10,-41.88,717.5,-0.12,44.32,4.05,301.85,0.01,135.94,80.95,3.75
2026-05-25 10:35:00,10,-41.88,717.5,-0.12,44.1,4.43,171.36,0.05,87.53,71.43,2.03
2026-05-25 10:40:00,10,-41.88,717.5,-0.12,44.89,5.27,292.49,0.02,138.56,82.05,5.27
2026-05-25 10:45:00,10,-41.88,717.5,-0.12,44.19,4.14,268.87,0.02,124.64,78.36,2.62
2026-05-25 10:50:00,10,-41.88,717.5,-0.12,45.23,4.75,279.12,0.02,130.18,79.84,3.14
2026-05-25 10:55:00,10,-41.88,717.5,-0.12,45.24,4.35,222.29,0.03,109.96,75.35,3.7
2026-05-25 11:00:00,10,-41.88,717.5,-0.12,45.28,4.16,262.75,0.02,121.08,77.58,4.23
2026-05-25 11:05:00,10,-41.88,717.5,-0.12,44.16,4.25,234.39,0.02,111.44,75.59,2.41
2026-05-25 11:10:00,10,-41.88,717.5,-0.12,44.58,3.93,270.04,0.02,129.82,79.47,3.97
2026-05-25 11:15:00,10,-41.88,717.5,-0.12,44.74,3.95,248.3,0.02,113.34,75.87,2.61
2026-05-25 11:20:00,10,-41.88,717.5,-0.12,44.36,3.9,290.24,0.02,137.58,81.32,1.77
2026-05-25 11:25:00,10,-41.88,717.5,-0.12,45.19,4.16,288.77,0.02,130.22,79.64,1.45
2026-05-25 11:30:00,10,-41.88,717.5,-0.12,45.19,3.92,302.43,0.01,146.73,102.1,5.3
2026-05-25 11:35:00,10,-41.88,717.5,-0.12,44.91,3.89,294.23,0.02,152.96,85.34,2.75
2026-05-25 11:40:00,10,-41.88,717.5,-0.12,44.57,3.76,190.76,0.03,90.49,71.63,2.65
2026-05-25 11:45:00,10,-41.88,717.5,-0.12,46.07,3.73,310.64,0.01,134.76,97.61,1.65
2026-05-25 11:50:00,10,-41.88,717.5,-0.12,45.36,3.26,222.88,0.02,102.12,73.45,1.78
2026-05-25 11:55:00,10,-41.88,717.5,-0.12,44.91,3.28,266.98,0.02,131.09,79.54,2.17
2026-05-25 12:00:00,10,-41.88,717.5,-0.12,44.67,3.06,252.71,0.01,116.07,76.1,1.37
2026-05-25 12:05:00,10,-41.88,717.5,-0.12,45.49,2.82,295.5,0.01,141.48,81.91,2.13
2026-05-25 12:10:00,10,-41.88,717.5,-0.12,45.18,2.57,268.52,0.01,127.97,78.55,2.8
2026-05-25 12:15:00,10,-41.88,717.5,-0.12,43.73,2.69,246.53,0.01,112.06,75.15,0.0
2026-05-25 12:20:00,10,-41.88,717.5,-0.12,45.08,2.32,205.82,0.02,96.71,72.15,0.0
2026-05-25 12:25:00,10,-41.88,717.5,-0.12,45.43,2.18,279.87,0.01,124.7,77.67,1.5
2026-05-25 12:30:00,10,-41.88,717.5,-0.12,44.65,2.0,308.18,0.01,152.16,84.44,1.28
2026-05-25 12:35:00,10,-41.88,717.5,-0.12,44.91,1.73,261.34,0.01,117.24,75.88,0.03
2026-05-25 12:40:00,10,-41.88,717.5,-0.12,45.11,1.47,273.83,0.01,130.35,78.71,0.0
2026-05-25 12:45:00,10,-41.88,717.5,-0.12,43.96,1.22,268.85,0.01,128.44,78.18,0.03
2026-05-25 12:50:00,10,-41.88,717.5,-0.12,44.14,1.02,199.83,0.01,98.76,72.04,0.0
2026-05-25 12:55:00,10,-41.88,717.5,-0.12,44.54,0.69,284.92,0.0,131.0,78.57,1.03
2026-05-25 13:00:00,10,-41.88,717.5,-0.12,45.01,0.37,279.25,0.0,123.65,76.77,0.0
2026-05-25 13:05:00,10,-41.88,717.5,-0.12,44.22,0.05,199.08,0.0,99.02,71.73,0.0
2026-05-25 13:10:00,10,-41.88,717.5,-0.12,44.58,0.0,227.1,0.0,104.85,72.78,0.0
2026-05-25 13:15:00,10,-41.88,717.5,-0.12,44.21,0.0,209.97,0.0,101.17,72.1,0.0
2026-05-25 13:20:00,10,-41.88,717.5,-0.12,44.9,0.0,208.65,0.0,105.72,72.94,0.65
2026-05-25 13:25:00,10,-41.88,717.5,-0.12,44.22,0.0,306.02,0.0,140.77,80.72,0.0
2026-05-25 13:30:00,10,-41.88,717.5,-0.12,44.4,0.0,214.59,0.0,99.72,71.83,0.22
2026-05-25 13:35:00,10,-41.88,717.5,-0.12,44.56,0.0,245.7,0.0,115.56,74.9,0.0
2026-05-25 13:40:00,10,-41.88,717.5,-0.12,44.9,0.0,347.04,0.0,163.39,86.91,0.86
2026-05-25 13:45:00,10,-41.88,717.5,-0.12,44.57,0.0,309.49,0.0,147.41,82.44,0.68
2026-05-25 13:50:00,10,-41.88,717.5,-0.12,43.9,0.0,130.57,0.0,64.58,66.64,0.0
2026-05-25 13:55:00,10,-41.88,717.5,-0.12,44.09,0.0,231.49,0.0,113.17,74.41,0.0
2026-05-25 14:00:00,10,-41.88,717.5,-0.12,44.68,0.0,294.74,0.0,148.45,82.72,0.22
2026-05-25 14:05:00,10,-41.88,717.5,-0.12,43.46,0.0,199.34,0.0,101.01,72.06,0.0
2026-05-25 14:10:00,10,-41.88,717.5,-0.12,44.7,0.0,206.82,0.0,104.11,72.64,0.0
2026-05-25 14:15:00,10,-41.88,717.5,-0.12,44.07,0.0,192.14,0.0,95.49,82.66,0.24
2026-05-25 14:20:00,10,-41.88,717.5,-0.12,43.53,0.0,304.62,0.0,145.56,81.95,0.0
2026-05-25 14:25:00,10,-41.88,717.5,-0.12,43.53,0.0,268.61,0.0,122.9,76.48,0.11
2026-05-25 14:30:00,10,-41.88,717.5,-0.12,43.01,0.0,335.56,0.0,158.84,85.59,1.89
2026-05-25 14:35:00,10,-41.88,717.5,-0.12,43.63,0.0,254.35,0.0,116.65,75.13,0.23
2026-05-25 14:40:00,10,-41.88,717.5,-0.12,42.87,0.0,209.73,0.0,103.58,72.54,0.0
2026-05-25 14:45:00,10,-41.88,717.5,-0.12,43.26,0.0,236.46,0.0,112.37,74.25,0.0
2026-05-25 14:50:00,10,-41.88,717.5,-0.12,42.93,0.0,234.13,0.0,115.74,91.16,0.0
2026-05-25 14:55:00,10,-41.88,717.5,-0.12,43.55,0.0,196.23,0.0,97.84,71.5,1.09
2026-05-25 15:00:00,10,-41.88,717.5,-0.12,42.66,0.0,232.76,0.0,104.91,72.79,0.84
2026-05-25 15:05:00,10,-41.88,717.5,-0.12,42.91,0.0,310.97,0.0,148.43,82.71,1.59
2026-05-25 15:10:00,10,-41.88,717.5,-0.12,42.47,0.0,291.16,0.0,138.32,80.1,0.0
2026-05-25 15:15:00,10,-41.88,717.5,-0.12,42.08,0.0,312.62,0.0,147.26,82.4,1.85
2026-05-25 15:20:00,10,-41.88,717.5,-0.12,42.4,0.0,229.8,0.0,110.81,73.93,0.0
2026-05-25 15:25:00,10,-41.88,717.5,-0.12,42.53,0.0,183.98,0.0,90.48,70.25,0.05
2026-05-25 15:30:00,10,-41.88,717.5,-0.12,43.35,0.0,279.69,0.0,130.35,78.17,0.52
2026-05-25 15:35:00,10,-41.88,717.5,-0.12,41.63,0.0,194.63,0.0,86.24,69.57,97.52
2026-05-25 15:40:00,10,-41.88,717.5,-0.12,43.35,143.93,263.21,0.69,130.23,129.9,100.0
2026-05-25 15:45:00,10,-41.88,717.5,-0.12,41.85,133.15,317.98,0.44,149.87,130.58,100.0
2026-05-25 15:50:00,10,-41.88,717.5,-0.12,41.58,127.63,291.43,0.49,142.01,126.68,100.0
2026-05-25 15:55:00,10,-41.88,717.5,-0.12,41.11,135.01,287.27,0.51,132.35,126.92,99.54
2026-05-25 16:00:00,10,-41.88,717.5,-0.12,40.76,122.22,173.08,1.24,85.91,114.78,98.01
2026-05-25 16:05:00,10,-41.88,717.5,-0.12,41.72,122.98,219.68,0.8,97.01,115.99,98.77
2026-05-25 16:10:00,10,-41.88,717.5,-0.12,41.56,121.83,234.09,0.68,109.16,117.6,98.76
2026-05-25 16:15:00,10,-41.88,717.5,-0.12,40.63,124.18,333.82,0.35,139.05,124.44,97.91
2026-05-25 16:20:00,10,-41.88,717.5,-0.12,40.4,122.71,212.42,0.95,103.54,117.37,96.86
2026-05-25 16:25:00,10,-41.88,717.5,-0.12,40.39,119.31,269.6,0.49,131.5,121.18,97.31
2026-05-25 16:30:00,10,-41.88,717.5,-0.12,41.78,118.14,305.89,0.41,150.04,125.31,98.09
2026-05-25 16:35:00,10,-41.88,717.5,-0.12,40.82,122.13,144.9,1.82,70.57,113.74,98.53
2026-05-25 16:40:00,10,-41.88,717.5,-0.12,40.34,111.53,173.14,1.19,77.95,109.76,99.09
2026-05-25 16:45:00,10,-41.88,717.5,-0.12,40.46,119.49,255.74,0.55,124.56,119.76,96.77
2026-05-25 16:50:00,10,-41.88,717.5,-0.12,39.62,117.33,311.84,0.41,143.0,123.16,96.17
2026-05-25 16:55:00,10,-41.88,717.5,-0.12,39.6,107.57,262.08,0.52,127.08,116.1,97.27
2026-05-25 17:00:00,10,-41.88,717.5,-0.12,39.91,98.73,298.92,0.37,143.01,116.58,96.31
2026-05-25 17:05:00,10,-41.88,717.5,-0.12,39.55,113.68,285.98,0.45,152.73,124.55,96.21
2026-05-25 17:10:00,10,-41.88,717.5,-0.12,39.78,100.47,258.54,0.49,120.93,112.18,95.93
2026-05-25 17:15:00,10,-41.88,717.5,-0.12,39.21,103.87,185.28,0.98,86.82,107.97,95.08
2026-05-25 17:20:00,10,-41.88,717.5,-0.12,38.88,89.15,202.47,0.7,95.73,103.72,96.31
2026-05-25 17:25:00,10,-41.88,717.5,-0.12,39.08,88.12,293.37,0.3,140.15,111.99,96.4
2026-05-25 17:30:00,10,-41.88,717.5,-0.12,39.13,81.68,265.99,0.36,125.7,106.4,95.91
2026-05-25 17:35:00,10,-41.88,717.5,-0.12,37.9,88.43,275.9,0.38,137.28,111.54,96.12
2026-05-25 17:40:00,10,-41.88,717.5,-0.12,38.18,78.22,251.99,0.42,120.78,104.22,94.18
2026-05-25 17:45:00,10,-41.88,717.5,-0.12,38.47,75.43,368.06,0.17,173.67,116.76,96.8
2026-05-25 17:50:00,10,-41.88,717.5,-0.12,37.55,77.06,251.98,0.4,117.51,103.07,94.74
2026-05-25 17:55:00,10,-41.88,717.5,-0.12,37.68,56.93,334.63,0.16,153.84,123.28,94.33
2026-05-25 18:00:00,10,-41.88,717.5,-0.12,37.61,48.4,265.49,0.21,138.82,97.57,94.36
2026-05-25 18:05:00,10,-41.88,717.5,-0.12,37.97,48.53,273.47,0.21,135.13,96.71,92.52
2026-05-25 18:10:00,10,-41.88,717.5,-0.12,37.84,44.82,221.17,0.28,98.73,87.89,93.35
2026-05-25 18:15:00,10,-41.88,717.5,-0.12,37.7,49.84,283.59,0.2,129.95,95.91,94.29
2026-05-25 18:20:00,10,-41.88,717.5,-0.12,38.34,48.18,268.79,0.2,116.14,92.27,94.25
2026-05-25 18:25:00,10,-41.88,717.5,-0.12,37.28,52.72,300.79,0.2,142.03,99.88,93.48
2026-05-25 18:30:00,10,-41.88,717.5,-0.12,37.01,57.28,273.21,0.24,120.18,96.39,95.62
2026-05-25 18:35:00,10,-41.88,717.5,-0.12,36.32,48.34,243.25,0.26,118.34,92.91,95.58
2026-05-25 18:40:00,10,-41.88,717.5,-0.12,36.87,41.18,181.29,0.4,88.61,85.15,92.06
2026-05-25 18:45:00,10,-41.88,717.5,-0.12,37.41,38.69,320.35,0.11,146.1,95.84,93.09
2026-05-25 18:50:00,10,-41.88,717.5,-0.12,36.69,38.8,242.77,0.21,129.71,92.01,93.06
2026-05-25 18:55:00,10,-41.88,717.5,-0.12,36.73,39.44,239.0,0.22,108.92,87.79,93.23
2026-05-25 19:00:00,10,-41.88,717.5,-0.12,36.73,36.38,277.65,0.16,131.67,91.52,91.43
2026-05-25 19:05:00,10,-41.88,717.5,-0.12,36.61,41.5,239.42,0.22,107.73,88.28,93.31
2026-05-25 19:10:00,10,-41.88,717.5,-0.12,35.22,40.82,332.12,0.13,154.23,98.82,93.49
2026-05-25 19:15:00,10,-41.88,717.5,-0.12,35.2,41.99,271.77,0.17,133.32,93.9,91.84
2026-05-25 19:20:00,10,-41.88,717.5,-0.12,34.01,35.98,219.68,0.24,109.91,86.81,92.67
2026-05-25 19:25:00,10,-41.88,717.5,-0.12,34.91,40.08,197.97,0.31,90.62,84.9,93.53
2026-05-25 19:30:00,10,-41.88,717.5,-0.12,35.2,33.77,233.78,0.2,107.88,85.56,91.95
2026-05-25 19:35:00,10,-41.88,717.5,-0.12,35.05,34.4,201.19,0.28,97.5,84.02,93.01
2026-05-25 19:40:00,10,-41.88,717.5,-0.12,35.55,43.12,200.87,0.36,94.37,86.69,91.43
2026-05-25 19:45:00,10,-41.88,717.5,-0.12,35.09,35.68,215.9,0.25,102.62,85.33,91.22
2026-05-25 19:50:00,10,-41.88,717.5,-0.12,34.3,23.25,339.53,0.06,160.06,94.18,91.48
2026-05-25 19:55:00,10,-41.88,717.5,-0.12,34.11,14.37,272.5,0.06,128.66,82.91,90.99
2026-05-25 20:00:00,10,-41.88,717.5,-0.12,34.0,20.07,283.81,0.08,140.03,87.7,90.61
2026-05-25 20:05:00,10,-41.88,717.5,-0.12,34.25,22.52,201.19,0.16,91.67,78.63,90.78
2026-05-25 20:10:00,10,-41.88,717.5,-0.12,34.25,22.36,237.55,0.13,110.04,81.85,91.02
2026-05-25 20:15:00,10,-41.88,717.5,-0.12,33.76,27.25,236.93,0.16,112.46,84.1,91.31
2026-05-25 20:20:00,10,-41.88,717.5,-0.12,34.22,30.62,190.13,0.26,96.17,82.42,91.55
2026-05-25 20:25:00,10,-41.88,717.5,-0.12,33.89,28.26,218.1,0.19,110.18,84.06,90.62
2026-05-25 20:30:00,10,-41.88,717.5,-0.12,34.07,23.02,283.28,0.09,125.86,85.36,88.81
2026-05-25 20:35:00,10,-41.88,717.5,-0.12,33.35,29.06,313.25,0.09,142.88,91.58,89.99
2026-05-25 20:40:00,10,-41.88,717.5,-0.12,33.31,28.0,256.18,0.14,123.64,86.7,89.96
2026-05-25 20:45:00,10,-41.88,717.5,-0.12,32.76,32.52,303.6,0.11,149.93,94.69,90.98
2026-05-25 20:50:00,10,-41.88,717.5,-0.12,34.04,25.44,319.44,0.08,152.33,92.81,91.25
2026-05-25 20:55:00,10,-41.88,717.5,-0.12,33.35,32.65,238.83,0.18,115.35,86.62,89.49
2026-05-25 21:00:00,10,-41.88,717.5,-0.12,33.71,37.64,263.17,0.17,117.75,88.85,90.79
2026-05-25 21:05:00,10,-41.88,717.5,-0.12,33.88,28.28,264.42,0.12,134.97,89.4,89.4
2026-05-25 21:10:00,10,-41.88,717.5,-0.12,32.85,33.95,317.05,0.12,151.76,95.71,89.14
2026-05-25 21:15:00,10,-41.88,717.5,-0.12,33.19,34.46,134.52,0.59,61.97,79.56,91.02
2026-05-25 21:20:00,10,-41.88,717.5,-0.12,33.65,33.18,241.7,0.17,108.67,85.44,89.07
2026-05-25 21:25:00,10,-41.88,717.5,-0.12,32.95,41.38,204.53,0.32,94.75,86.06,89.2
2026-05-25 21:30:00,10,-41.88,717.5,-0.12,32.47,38.52,273.26,0.17,143.68,95.26,88.32
2026-05-25 21:35:00,10,-41.88,717.5,-0.12,33.2,46.54,234.76,0.29,116.42,91.93,88.97
2026-05-25 21:40:00,10,-41.88,717.5,-0.12,31.68,49.58,298.32,0.2,135.63,97.17,89.69
2026-05-25 21:45:00,10,-41.88,717.5,-0.12,31.88,44.44,324.28,0.14,150.83,99.17,89.23
2026-05-25 21:50:00,10,-41.88,717.5,-0.12,31.29,47.27,251.8,0.25,120.05,92.87,88.88
2026-05-25 21:55:00,10,-41.88,717.5,-0.12,32.02,58.57,200.3,0.48,90.02,91.61,87.78
2026-05-25 22:00:00,10,-41.88,717.5,-0.12,31.11,48.37,238.19,0.29,101.96,89.72,88.0
2026-05-25 22:05:00,10,-41.88,717.5,-0.12,31.51,52.14,251.47,0.26,117.14,109.32,87.06
2026-05-25 22:10:00,10,-41.88,717.5,-0.12,31.54,60.74,209.22,0.42,100.97,94.13,89.21
2026-05-25 22:15:00,10,-41.88,717.5,-0.12,31.99,53.26,170.75,0.6,84.54,89.13,88.74
2026-05-25 22:20:00,10,-41.88,717.5,-0.12,31.3,56.15,219.74,0.35,99.94,92.2,87.66
2026-05-25 22:25:00,10,-41.88,717.5,-0.12,30.3,60.67,286.84,0.24,128.73,99.48,87.85
2026-05-25 22:30:00,10,-41.88,717.5,-0.12,31.84,58.24,222.65,0.38,106.85,94.28,87.33
2026-05-25 22:35:00,10,-41.88,717.5,-0.12,31.35,66.97,354.48,0.18,152.27,107.53,88.73
2026-05-25 22:40:00,10,-41.88,717.5,-0.12,31.91,62.68,302.15,0.21,139.86,102.82,86.4
2026-05-25 22:45:00,10,-41.88,717.5,-0.12,32.18,74.48,287.41,0.29,134.71,105.84,85.4
2026-05-25 22:50:00,10,-41.88,717.5,-0.12,31.67,73.7,284.92,0.3,135.77,105.84,86.19
2026-05-25 22:55:00,10,-41.88,717.5,-0.12,31.28,69.17,308.42,0.22,137.98,104.64,85.87
2026-05-25 23:00:00,10,-41.88,717.5,-0.12,31.13,81.99,225.93,0.51,105.49,102.59,85.38
2026-05-25 23:05:00,10,-41.88,717.5,-0.12,31.52,80.05,304.98,0.28,147.49,111.01,87.47
2026-05-25 23:10:00,10,-41.88,717.5,-0.12,30.82,55.08,284.33,0.23,136.25,99.3,87.1
2026-05-25 23:15:00,10,-41.88,717.5,-0.12,31.1,52.9,270.86,0.24,123.83,95.65,86.67
2026-05-25 23:20:00,10,-41.88,717.5,-0.12,30.64,56.52,279.74,0.22,134.43,99.35,83.92
2026-05-25 23:25:00,10,-41.88,717.5,-0.12,31.32,60.63,225.24,0.36,106.48,95.0,85.03
2026-05-25 23:30:00,10,-41.88,717.5,-0.12,30.7,60.72,209.14,0.42,100.02,93.95,85.88
2026-05-25 23:35:00,10,-41.88,717.5,-0.12,31.6,55.95,286.33,0.2,137.36,99.82,85.33
2026-05-25 23:40:00,10,-41.88,717.5,-0.12,31.57,59.59,244.54,0.31,120.58,97.42,84.92
2026-05-25 23:45:00,10,-41.88,717.5,-0.12,30.96,61.93,281.14,0.24,145.67,104.11,84.8
2026-05-25 23:50:00,10,-41.88,717.5,-0.12,31.05,66.06,270.41,0.29,125.9,123.68,84.62
2026-05-25 23:55:00,10,-41.88,717.5,-0.12,30.4,67.58,217.17,0.47,111.21,98.58,83.6
2026-05-26 00:00:00,10,589.84,600.0,0.0,30.48,66.54,262.99,0.29,121.14,99.93,84.61
2026-05-26 00:05:00,10,589.84,600.0,0.0,30.43,65.65,257.6,0.3,116.57,98.66,84.71
2026-05-26 00:10:00,10,589.84,600.0,0.0,31.09,70.95,266.83,0.33,123.46,102.07,83.73
2026-05-26 00:15:00,10,589.84,600.0,0.0,31.54,65.5,219.67,0.45,99.88,95.66,84.28
2026-05-26 00:20:00,10,589.84,600.0,0.0,30.34,66.9,186.69,0.61,88.18,94.49,83.28
2026-05-26 00:25:00,10,589.84,600.0,0.0,32.32,54.36,279.84,0.23,134.46,98.62,83.08
2026-05-26 00:30:00,10,589.84,600.0,0.0,31.47,60.61,246.76,0.31,114.13,96.42,83.49
2026-05-26 00:35:00,10,589.84,600.0,0.0,32.0,62.19,155.94,0.83,74.49,91.28,81.71
2026-05-26 00:40:00,10,589.84,600.0,0.0,31.32,67.38,256.88,0.3,117.42,99.45,84.57
2026-05-26 00:45:00,10,589.84,600.0,0.0,31.83,67.73,210.4,0.46,97.86,96.1,80.54
2026-05-26 00:50:00,10,589.84,600.0,0.0,30.8,68.35,211.41,0.49,99.82,96.73,83.75
2026-05-26 00:55:00,10,589.84,600.0,0.0,31.77,63.57,325.95,0.19,162.16,109.15,84.39
2026-05-26 01:00:00,10,589.84,600.0,0.0,31.8,68.2,243.22,0.4,111.5,98.72,81.66
2026-05-26 01:05:00,10,589.84,600.0,0.0,31.82,66.74,243.47,0.33,113.22,98.41,82.15
2026-05-26 01:10:00,10,589.84,600.0,0.0,30.55,64.57,262.32,0.27,121.13,99.2,82.78
2026-05-26 01:15:00,10,589.84,600.0,0.0,31.39,64.76,187.05,0.59,86.76,93.48,82.1
2026-05-26 01:20:00,10,589.84,600.0,0.0,31.43,69.27,225.72,0.43,113.26,99.51,80.3
2026-05-26 01:25:00,10,589.84,600.0,0.0,31.21,67.8,248.78,0.35,114.69,99.13,81.19
2026-05-26 01:30:00,10,589.84,600.0,0.0,31.68,67.43,231.92,0.38,114.1,98.94,81.85
2026-05-26 01:35:00,10,589.84,600.0,0.0,32.2,70.55,223.08,0.44,98.76,97.21,80.75
2026-05-26 01:40:00,10,589.84,600.0,0.0,30.8,71.02,232.61,0.44,111.42,99.77,82.04
2026-05-26 01:45:00,10,589.84,600.0,0.0,31.94,72.9,277.09,0.3,124.62,102.95,81.21
2026-05-26 01:50:00,10,589.84,600.0,0.0,32.35,67.64,339.52,0.18,161.35,110.32,81.41
2026-05-26 01:55:00,10,589.84,600.0,0.0,32.65,67.12,278.96,0.29,131.63,102.53,81.35
2026-05-26 02:00:00,10,589.84,600.0,0.0,31.37,67.45,219.56,0.43,94.78,95.41,82.2
2026-05-26 02:05:00,10,589.84,600.0,0.0,31.86,69.89,194.05,0.59,94.45,96.53,80.17
2026-05-26 02:10:00,10,589.84,600.0,0.0,31.85,72.74,252.34,0.36,123.39,102.74,80.34
2026-05-26 02:15:00,10,589.84,600.0,0.0,32.08,66.91,298.27,0.23,148.97,106.71,80.17
2026-05-26 02:20:00,10,589.84,600.0,0.0,32.15,70.75,165.63,0.75,81.07,95.04,80.28
2026-05-26 02:25:00,10,589.84,600.0,0.0,32.0,66.6,288.46,0.25,133.19,102.63,79.78
2026-05-26 02:30:00,10,589.84,600.0,0.0,31.69,69.18,218.65,0.49,99.65,96.99,80.23
2026-05-26 02:35:00,10,589.84,600.0,0.0,32.5,68.39,238.12,0.4,106.9,97.88,79.31
2026-05-26 02:40:00,10,589.84,600.0,0.0,32.43,67.46,265.53,0.32,126.39,101.49,79.38
2026-05-26 02:45:00,10,589.84,600.0,0.0,32.42,66.67,249.96,0.33,121.66,100.18,78.75
2026-05-26 02:50:00,10,589.84,600.0,0.0,32.08,69.12,286.42,0.25,138.49,104.81,77.74
2026-05-26 02:55:00,10,589.84,600.0,0.0,32.54,67.76,156.38,0.9,71.68,93.0,77.73
2026-05-26 03:00:00,10,589.84,600.0,0.0,32.59,64.98,218.76,0.43,108.52,97.06,79.44
2026-05-26 03:05:00,10,589.84,600.0,0.0,33.77,66.02,316.2,0.2,147.87,106.05,77.92
2026-05-26 03:10:00,10,589.84,600.0,0.0,32.97,66.33,191.47,0.6,88.52,94.33,79.34
2026-05-26 03:15:00,10,589.84,600.0,0.0,33.33,64.82,270.31,0.29,117.35,98.52,77.71
2026-05-26 03:20:00,10,589.84,600.0,0.0,33.46,60.9,269.92,0.26,125.3,98.83,79.05
2026-05-26 03:25:00,10,589.84,600.0,0.0,33.96,69.3,229.86,0.39,107.19,98.24,77.21
2026-05-26 03:30:00,10,589.84,600.0,0.0,34.17,66.94,225.86,0.4,103.13,96.66,79.1
2026-05-26 03:35:00,10,589.84,600.0,0.0,33.78,64.72,191.28,0.56,91.61,94.19,78.15
2026-05-26 03:40:00,10,589.84,600.0,0.0,33.44,64.48,182.78,0.68,84.46,93.21,77.65
2026-05-26 03:45:00,10,589.84,600.0,0.0,33.99,63.53,186.31,0.6,84.76,92.77,76.49
2026-05-26 03:50:00,10,589.84,600.0,0.0,33.56,57.89,235.15,0.33,108.2,94.32,76.58
2026-05-26 03:55:00,10,589.84,600.0,0.0,34.73,56.64,259.71,0.28,119.22,96.04,76.84
2026-05-26 04:00:00,10,589.84,600.0,0.0,34.33,53.82,198.84,0.43,89.58,89.78,78.5
2026-05-26 04:05:00,10,589.84,600.0,0.0,34.44,57.55,287.72,0.22,140.55,101.23,74.99
2026-05-26 04:10:00,10,589.84,600.0,0.0,34.71,58.0,168.94,0.61,82.58,90.52,76.42
2026-05-26 04:15:00,10,589.84,600.0,0.0,34.52,57.03,269.87,0.24,133.55,99.36,76.81
2026-05-26 04:20:00,10,589.84,600.0,0.0,35.74,43.27,222.48,0.27,104.06,88.3,76.48
2026-05-26 04:25:00,10,589.84,600.0,0.0,35.48,40.51,265.31,0.19,125.12,91.51,75.35
2026-05-26 04:30:00,10,589.84,600.0,0.0,35.67,41.73,225.75,0.25,103.5,87.61,76.73
2026-05-26 04:35:00,10,589.84,600.0,0.0,35.48,40.54,207.64,0.31,95.17,85.83,75.25
2026-05-26 04:40:00,10,589.84,600.0,0.0,35.74,37.78,205.92,0.28,98.84,85.44,75.38
2026-05-26 04:45:00,10,589.84,600.0,0.0,35.95,43.22,309.84,0.14,142.26,96.49,75.52
2026-05-26 04:50:00,10,589.84,600.0,0.0,36.24,38.77,225.68,0.23,108.34,87.46,76.59
2026-05-26 04:55:00,10,589.84,600.0,0.0,35.48,33.94,228.14,0.21,105.68,85.22,74.86
2026-05-26 05:00:00,10,589.84,600.0,0.0,35.66,38.43,270.2,0.18,124.67,90.66,75.14
2026-05-26 05:05:00,10,589.84,600.0,0.0,35.78,40.48,300.61,0.14,138.88,94.67,75.68
2026-05-26 05:10:00,10,589.84,600.0,0.0,36.72,31.18,279.91,0.13,133.5,90.08,74.2
2026-05-26 05:15:00,10,589.84,600.0,0.0,36.81,32.75,285.79,0.13,141.63,92.65,73.11
2026-05-26 05:20:00,10,589.84,600.0,0.0,36.5,33.72,258.27,0.17,129.84,90.18,74.3
2026-05-26 05:25:00,10,589.84,600.0,0.0,37.18,33.48,216.18,0.24,107.69,97.7,74.43
2026-05-26 05:30:00,10,589.84,600.0,0.0,37.79,26.78,330.66,0.07,160.51,95.57,73.37
2026-05-26 05:35:00,10,589.84,600.0,0.0,37.61,22.58,321.27,0.08,150.18,91.23,75.43
2026-05-26 05:40:00,10,589.84,600.0,0.0,38.27,25.09,181.02,0.25,79.6,77.86,74.37
2026-05-26 05:45:00,10,589.84,600.0,0.0,37.08,25.0,304.31,0.08,145.57,90.85,74.78
2026-05-26 05:50:00,10,589.84,600.0,0.0,37.5,25.42,272.96,0.11,130.39,87.29,72.93
2026-05-26 05:55:00,10,589.84,600.0,0.0,38.29,25.1,252.79,0.12,124.25,85.79,73.21
2026-05-26 06:00:00,10,589.84,600.0,0.0,38.74,21.43,329.37,0.07,154.68,92.04,73.75
2026-05-26 06:05:00,10,589.84,600.0,0.0,38.59,23.11,238.09,0.14,114.37,83.01,73.26
2026-05-26 06:10:00,10,589.84,600.0,0.0,38.66,22.27,177.98,0.23,85.39,77.69,71.08
2026-05-26 06:15:00,10,589.84,600.0,0.0,38.43,20.07,263.0,0.1,123.78,83.88,73.3
2026-05-26 06:20:00,10,589.84,600.0,0.0,37.81,18.07,261.3,0.09,119.65,82.26,72.06
2026-05-26 06:25:00,10,589.84,600.0,0.0,38.25,18.6,244.75,0.1,111.71,80.81,72.51
2026-05-26 06:30:00,10,589.84,600.0,0.0,39.44,20.17,231.56,0.13,115.31,82.16,72.13
2026-05-26 06:35:00,10,589.84,600.0,0.0,38.73,15.76,283.74,0.07,135.78,85.12,71.99
2026-05-26 06:40:00,10,589.84,600.0,0.0,39.69,16.71,281.94,0.07,141.84,86.97,73.69
2026-05-26 06:45:00,10,589.84,600.0,0.0,39.42,15.55,359.05,0.04,165.0,92.9,70.14
2026-05-26 06:50:00,10,589.84,600.0,0.0,39.17,14.81,272.14,0.07,133.16,84.16,73.82
2026-05-26 06:55:00,10,589.84,600.0,0.0,40.0,20.28,202.35,0.15,98.36,78.98,71.49
2026-05-26 07:00:00,10,589.84,600.0,0.0,40.15,15.97,284.99,0.06,135.23,85.04,72.93
2026-05-26 07:05:00,10,589.84,600.0,0.0,40.36,16.81,214.56,0.11,97.84,77.59,73.85
2026-05-26 07:10:00,10,589.84,600.0,0.0,40.36,14.5,272.35,0.06,122.11,81.49,70.92
2026-05-26 07:15:00,10,589.84,600.0,0.0,39.95,12.72,304.22,0.05,142.16,85.61,71.83
2026-05-26 07:20:00,10,589.84,600.0,0.0,40.08,15.76,327.09,0.05,151.64,89.19,71.33
2026-05-26 07:25:00,10,589.84,600.0,0.0,40.69,13.14,284.74,0.05,124.85,81.6,70.67
2026-05-26 07:30:00,10,589.84,600.0,0.0,40.41,12.93,281.1,0.05,127.74,82.19,70.94
2026-05-26 07:35:00,10,589.84,600.0,0.0,40.76,16.82,268.41,0.07,123.89,82.72,70.99
2026-05-26 07:40:00,10,589.84,600.0,0.0,40.83,11.66,364.74,0.03,178.56,95.71,70.41
2026-05-26 07:45:00,10,589.84,600.0,0.0,40.79,17.96,265.56,0.09,123.76,83.13,71.8
2026-05-26 07:50:00,10,589.84,600.0,0.0,41.35,13.55,175.14,0.14,89.27,75.07,70.64
2026-05-26 07:55:00,10,589.84,600.0,0.0,41.71,12.18,280.94,0.05,131.92,82.9,72.11
2026-05-26 08:00:00,10,589.84,600.0,0.0,41.96,10.69,264.77,0.05,125.71,80.94,71.83
2026-05-26 08:05:00,10,589.84,600.0,0.0,41.19,16.36,291.81,0.06,133.39,84.74,71.07
2026-05-26 08:10:00,10,589.84,600.0,0.0,41.81,9.92,238.77,0.05,114.9,78.33,70.64
2026-05-26 08:15:00,10,589.84,600.0,0.0,42.06,8.19,303.23,0.03,149.97,86.05,70.4
2026-05-26 08:20:00,10,589.84,600.0,0.0,41.79,9.59,216.46,0.06,100.88,75.51,69.8
2026-05-26 08:25:00,10,589.84,600.0,0.0,41.35,9.75,238.56,0.06,123.93,80.23,68.66
2026-05-26 08:30:00,10,589.84,600.0,0.0,42.49,7.85,286.85,0.03,140.23,83.39,69.34
2026-05-26 08:35:00,10,589.84,600.0,0.0,41.6,8.92,219.05,0.06,111.18,77.25,70.51
2026-05-26 08:40:00,10,589.84,600.0,0.0,43.02,11.73,320.28,0.04,155.91,88.94,69.36
2026-05-26 08:45:00,10,589.84,600.0,0.0,42.13,14.12,361.63,0.04,168.22,93.37,66.7
2026-05-26 08:50:00,10,589.84,600.0,0.0,42.93,11.27,260.12,0.06,125.06,81.02,71.29
2026-05-26 08:55:00,10,589.84,600.0,0.0,42.46,10.36,242.56,0.06,119.3,79.44,67.66
2026-05-26 09:00:00,10,589.84,600.0,0.0,43.03,11.26,284.64,0.05,135.42,83.43,69.69
2026-05-26 09:05:00,10,589.84,600.0,0.0,42.69,12.91,272.01,0.05,131.2,82.99,67.1
2026-05-26 09:10:00,10,589.84,600.0,0.0,43.72,12.98,292.14,0.05,136.73,84.35,68.2
2026-05-26 09:15:00,10,589.84,600.0,0.0,43.59,10.13,293.86,0.04,143.98,85.16,69.48
2026-05-26 09:20:00,10,589.84,600.0,0.0,43.58,12.68,205.72,0.09,95.75,75.75,68.2
2026-05-26 09:25:00,10,589.84,600.0,0.0,43.29,14.32,295.07,0.05,134.96,84.39,69.2
2026-05-26 09:30:00,10,589.84,600.0,0.0,44.33,11.44,299.36,0.04,152.48,87.89,66.84
2026-05-26 09:35:00,10,589.84,600.0,0.0,43.04,12.88,224.41,0.08,115.27,79.51,67.11
2026-05-26 09:40:00,10,589.84,600.0,0.0,43.26,12.54,262.27,0.06,118.52,80.03,67.98
2026-05-26 09:45:00,10,589.84,600.0,0.0,43.43,11.64,205.99,0.09,91.61,74.69,68.54
2026-05-26 09:50:00,10,589.84,600.0,0.0,43.92,13.42,269.09,0.06,127.57,82.35,67.93
2026-05-26 09:55:00,10,589.84,600.0,0.0,44.34,12.87,263.7,0.06,134.12,83.7,68.41
2026-05-26 10:00:00,10,589.84,600.0,0.0,44.14,14.99,353.88,0.04,154.0,89.55,68.16
2026-05-26 10:05:00,10,589.84,600.0,0.0,45.8,16.42,260.28,0.08,124.54,82.75,65.99
2026-05-26 10:10:00,10,589.84,600.0,0.0,43.24,16.55,273.69,0.07,130.85,84.22,67.64
2026-05-26 10:15:00,10,589.84,600.0,0.0,44.48,18.6,229.04,0.11,104.97,79.53,67.27
2026-05-26 10:20:00,10,589.84,600.0,0.0,43.69,16.82,256.09,0.08,115.49,80.93,67.35
2026-05-26 10:25:00,10,589.84,600.0,0.0,43.7,18.25,226.42,0.11,107.66,79.92,67.43
2026-05-26 10:30:00,10,589.84,600.0,0.0,45.03,16.75,251.94,0.07,124.0,82.72,65.84
2026-05-26 10:35:00,10,589.84,600.0,0.0,44.69,18.79,352.55,0.05,155.97,91.46,66.23
2026-05-26 10:40:00,10,589.84,600.0,0.0,44.54,17.82,254.88,0.09,122.04,82.7,66.59
2026-05-26 10:45:00,10,589.84,600.0,0.0,44.84,18.0,330.41,0.05,154.46,90.76,66.18
2026-05-26 10:50:00,10,589.84,600.0,0.0,44.35,18.3,303.53,0.06,137.02,86.31,66.71
2026-05-26 10:55:00,10,589.84,600.0,0.0,44.26,20.48,253.68,0.11,123.95,104.12,65.97
2026-05-26 11:00:00,10,589.84,600.0,0.0,44.54,20.72,224.23,0.14,109.41,93.08,67.07
2026-05-26 11:05:00,10,589.84,600.0,0.0,45.22,19.9,284.95,0.08,128.92,84.97,66.35
2026-05-26 11:10:00,10,589.84,600.0,0.0,44.52,19.33,219.41,0.14,100.33,78.99,65.93
2026-05-26 11:15:00,10,589.84,600.0,0.0,44.76,22.26,324.87,0.07,151.02,91.34,65.35
2026-05-26 11:20:00,10,589.84,600.0,0.0,44.38,22.43,260.26,0.11,125.31,85.09,65.49
2026-05-26 11:25:00,10,589.84,600.0,0.0,44.57,23.43,280.13,0.09,129.19,86.28,65.17
2026-05-26 11:30:00,10,589.84,600.0,0.0,44.07,23.36,195.6,0.21,89.84,90.1,65.47
2026-05-26 11:35:00,10,589.84,600.0,0.0,46.57,22.35,306.63,0.08,134.08,87.05,65.21
2026-05-26 11:40:00,10,589.84,600.0,0.0,44.5,28.38,191.43,0.25,93.6,81.2,66.6
2026-05-26 11:45:00,10,589.84,600.0,0.0,45.56,21.41,164.28,0.26,80.61,76.75,65.67
2026-05-26 11:50:00,10,589.84,600.0,0.0,44.45,24.27,187.91,0.23,88.31,78.86,64.6
2026-05-26 11:55:00,10,589.84,600.0,0.0,45.27,24.83,337.73,0.07,167.57,96.99,65.32
2026-05-26 12:00:00,10,589.84,600.0,0.0,45.74,25.68,212.77,0.17,99.35,81.1,64.04
2026-05-26 12:05:00,10,589.84,600.0,0.0,44.56,27.92,266.03,0.12,130.23,88.16,64.93
2026-05-26 12:10:00,10,589.84,600.0,0.0,44.96,25.3,301.85,0.09,152.14,92.75,63.85
2026-05-26 12:15:00,10,589.84,600.0,0.0,44.19,27.96,201.82,0.23,99.34,82.01,62.83
2026-05-26 12:20:00,10,589.84,600.0,0.0,45.6,25.78,329.39,0.07,148.63,91.93,64.69
2026-05-26 12:25:00,10,589.84,600.0,0.0,45.8,27.69,315.38,0.09,147.76,92.41,63.64
2026-05-26 12:30:00,10,589.84,600.0,0.0,44.87,27.74,253.12,0.12,115.15,84.77,63.65
2026-05-26 12:35:00,10,589.84,600.0,0.0,44.59,26.8,214.56,0.19,101.84,81.98,63.2
2026-05-26 12:40:00,10,589.84,600.0,0.0,44.38,28.91,243.36,0.14,111.76,84.52,63.75
2026-05-26 12:45:00,10,589.84,600.0,0.0,44.59,30.08,236.94,0.17,110.36,84.71,62.8
2026-05-26 12:50:00,10,589.84,600.0,0.0,44.36,29.89,217.08,0.21,111.25,84.9,63.05
2026-05-26 12:55:00,10,589.84,600.0,0.0,44.45,28.58,255.5,0.14,117.64,85.62,63.58
2026-05-26 13:00:00,10,589.84,600.0,0.0,45.29,28.07,282.89,0.11,136.29,109.16,62.21
2026-05-26 13:05:00,10,589.84,600.0,0.0,44.78,31.77,266.54,0.15,131.9,89.96,62.68
2026-05-26 13:10:00,10,589.84,600.0,0.0,44.71,27.92,259.87,0.12,121.13,86.1,62.52
2026-05-26 13:15:00,10,589.84,600.0,0.0,44.29,28.28,240.56,0.17,121.79,86.47,63.72
2026-05-26 13:20:00,10,589.84,600.0,0.0,44.75,28.46,187.54,0.26,92.46,81.06,60.85
2026-05-26 13:25:00,10,589.84,600.0,0.0,44.03,28.21,260.81,0.14,125.82,87.28,59.89
2026-05-26 13:30:00,10,589.84,600.0,0.0,43.93,31.91,232.23,0.19,104.1,84.18,61.43
2026-05-26 13:35:00,10,589.84,600.0,0.0,45.15,27.9,210.69,0.21,102.03,82.44,60.31
2026-05-26 13:40:00,10,589.84,600.0,0.0,44.28,29.42,143.2,0.43,67.41,90.94,61.33
2026-05-26 13:45:00,10,589.84,600.0,0.0,44.14,27.25,235.68,0.14,115.54,84.72,60.56
2026-05-26 13:50:00,10,589.84,600.0,0.0,43.62,28.21,282.04,0.11,129.67,88.11,61.33
2026-05-26 13:55:00,10,589.84,600.0,0.0,43.7,29.33,302.67,0.1,147.78,93.0,60.87
2026-05-26 14:00:00,10,589.84,600.0,0.0,44.28,30.74,270.21,0.15,129.57,89.05,60.5
2026-05-26 14:05:00,10,589.84,600.0,0.0,43.77,29.76,257.5,0.14,117.29,85.96,62.27
2026-05-26 14:10:00,10,589.84,600.0,0.0,44.4,27.15,205.88,0.2,101.43,82.04,58.86
2026-05-26 14:15:00,10,589.84,600.0,0.0,43.69,29.24,270.08,0.13,128.28,88.19,60.83
2026-05-26 14:20:00,10,589.84,600.0,0.0,42.94,27.81,233.77,0.17,115.57,84.98,60.95
2026-05-26 14:25:00,10,589.84,600.0,0.0,43.47,29.84,315.52,0.1,152.26,114.33,58.76
2026-05-26 14:30:00,10,589.84,600.0,0.0,43.89,30.09,260.84,0.14,131.5,89.26,60.35
2026-05-26 14:35:00,10,589.84,600.0,0.0,43.28,28.1,290.19,0.1,142.14,91.1,59.07
2026-05-26 14:40:00,10,589.84,600.0,0.0,43.25,27.92,238.16,0.16,111.57,84.18,57.99
2026-05-26 14:45:00,10,589.84,600.0,0.0,44.43,27.24,315.95,0.09,148.01,92.31,61.14
2026-05-26 14:50:00,10,589.84,600.0,0.0,42.78,27.28,241.41,0.15,116.82,85.01,61.26
2026-05-26 14:55:00,10,589.84,600.0,0.0,42.7,27.95,240.18,0.16,119.09,85.75,58.17
2026-05-26 15:00:00,10,589.84,600.0,0.0,43.14,26.19,259.2,0.12,120.93,85.45,58.15
2026-05-26 15:05:00,10,589.84,600.0,0.0,42.91,27.31,240.7,0.15,108.52,83.34,60.4
2026-05-26 15:10:00,10,589.84,600.0,0.0,43.02,25.95,332.72,0.08,154.81,93.69,59.96
2026-05-26 15:15:00,10,589.84,600.0,0.0,43.27,27.23,335.53,0.08,166.62,97.56,59.01
2026-05-26 15:20:00,10,589.84,600.0,0.0,42.53,27.55,165.58,0.34,79.92,78.95,59.51
2026-05-26 15:25:00,10,589.84,600.0,0.0,42.57,25.07,369.68,0.06,171.35,98.2,57.35
2026-05-26 15:30:00,10,589.84,600.0,0.0,42.21,26.35,265.2,0.12,127.39,86.95,57.58
2026-05-26 15:35:00,10,589.84,600.0,0.0,41.84,26.79,276.69,0.12,132.05,88.19,58.77
2026-05-26 15:40:00,10,589.84,600.0,0.0,42.87,24.3,162.84,0.31,78.48,77.55,56.72
2026-05-26 15:45:00,10,589.84,600.0,0.0,41.28,25.03,268.93,0.11,124.93,85.9,56.11
2026-05-26 15:50:00,10,589.84,600.0,0.0,41.77,23.61,181.19,0.23,87.05,78.42,57.44
2026-05-26 15:55:00,10,589.84,600.0,0.0,41.59,21.75,271.49,0.1,127.15,85.24,56.22
2026-05-26 16:00:00,10,589.84,600.0,0.0,40.96,22.76,302.89,0.08,140.66,88.81,57.51
2026-05-26 16:05:00,10,589.84,600.0,0.0,41.56,23.47,210.06,0.18,102.08,80.83,58.08
2026-05-26 16:10:00,10,589.84,600.0,0.0,41.89,20.44,229.55,0.12,105.23,80.24,58.8
2026-05-26 16:15:00,10,589.84,600.0,0.0,41.21,21.78,202.84,0.16,95.41,79.01,57.97
2026-05-26 16:20:00,10,589.84,600.0,0.0,40.56,19.25,287.78,0.07,128.33,84.57,55.38
2026-05-26 16:25:00,10,589.84,600.0,0.0,40.69,21.32,308.02,0.07,151.33,91.09,56.88
2026-05-26 16:30:00,10,589.84,600.0,0.0,40.1,19.34,220.99,0.12,105.71,79.94,57.3
2026-05-26 16:35:00,10,589.84,600.0,0.0,40.03,20.57,193.56,0.18,86.33,77.14,56.22
2026-05-26 16:40:00,10,589.84,600.0,0.0,40.36,19.28,274.24,0.08,116.86,82.07,57.16
2026-05-26 16:45:00,10,589.84,600.0,0.0,40.15,18.94,252.44,0.1,119.15,82.48,56.85
2026-05-26 16:50:00,10,589.84,600.0,0.0,40.17,18.54,215.45,0.13,106.48,79.83,56.78
2026-05-26 16:55:00,10,589.84,600.0,0.0,39.63,20.43,275.58,0.09,128.11,84.98,57.09
2026-05-26 17:00:00,10,589.84,600.0,0.0,39.75,17.07,215.81,0.12,104.22,78.86,55.33
2026-05-26 17:05:00,10,589.84,600.0,0.0,40.37,17.51,278.81,0.08,136.74,85.99,55.95
2026-05-26 17:10:00,10,589.84,600.0,0.0,39.29,15.1,248.88,0.07,121.76,81.64,56.9
2026-05-26 17:15:00,10,589.84,600.0,0.0,38.12,16.21,278.58,0.07,129.52,83.78,53.79
2026-05-26 17:20:00,10,589.84,600.0,0.0,38.85,14.86,215.24,0.11,105.43,78.3,55.48
2026-05-26 17:25:00,10,589.84,600.0,0.0,39.32,17.26,226.5,0.12,108.28,79.71,54.4
2026-05-26 17:30:00,10,589.84,600.0,0.0,39.12,13.96,224.73,0.09,110.34,78.9,55.64
2026-05-26 17:35:00,10,589.84,600.0,0.0,39.61,15.24,210.93,0.11,101.9,77.77,55.82
2026-05-26 17:40:00,10,589.84,600.0,0.0,38.07,14.12,262.94,0.06,110.62,78.94,57.25
2026-05-26 17:45:00,10,589.84,600.0,0.0,38.85,14.89,186.7,0.14,88.33,75.39,55.98
2026-05-26 17:50:00,10,589.84,600.0,0.0,37.49,14.22,312.2,0.05,149.93,88.18,53.63
2026-05-26 17:55:00,10,589.84,600.0,0.0,38.45,11.48,329.02,0.03,154.53,88.44,55.01
2026-05-26 18:00:00,10,589.84,600.0,0.0,37.57,11.25,250.13,0.06,114.48,78.72,54.24
2026-05-26 18:05:00,10,589.84,600.0,0.0,37.93,11.69,179.25,0.11,84.63,73.63,53.01
2026-05-26 18:10:00,10,589.84,600.0,0.0,37.03,11.8,172.4,0.12,86.72,74.01,54.78
2026-05-26 18:15:00,10,589.84,600.0,0.0,37.11,12.41,252.22,0.06,109.32,78.09,54.19
2026-05-26 18:20:00,10,589.84,600.0,0.0,37.11,12.85,248.84,0.07,116.45,79.71,53.97
2026-05-26 18:25:00,10,589.84,600.0,0.0,37.16,10.12,174.86,0.1,86.92,73.41,51.86
2026-05-26 18:30:00,10,589.84,600.0,0.0,37.53,8.17,256.92,0.04,129.21,80.84,52.1
2026-05-26 18:35:00,10,589.84,600.0,0.0,36.4,9.28,262.63,0.04,116.54,78.42,52.44
2026-05-26 18:40:00,10,589.84,600.0,0.0,37.77,9.33,217.12,0.06,102.32,75.68,53.94
2026-05-26 18:45:00,10,589.84,600.0,0.0,36.94,8.78,265.53,0.04,125.02,80.09,54.37
2026-05-26 18:50:00,10,589.84,600.0,0.0,37.0,9.66,231.34,0.06,112.3,77.72,53.13
2026-05-26 18:55:00,10,589.84,600.0,0.0,36.1,8.71,300.91,0.03,138.37,83.21,53.62
2026-05-26 19:00:00,10,589.84,600.0,0.0,35.87,8.82,258.92,0.04,122.7,79.58,53.55
2026-05-26 19:05:00,10,589.84,600.0,0.0,36.66,8.15,321.23,0.03,149.28,85.84,53.51
2026-05-26 19:10:00,10,589.84,600.0,0.0,35.35,7.09,269.26,0.03,130.79,80.8,51.83
2026-05-26 19:15:00,10,589.84,600.0,0.0,36.39,8.36,277.26,0.03,127.85,80.57,53.96
2026-05-26 19:20:00,10,589.84,600.0,0.0,35.37,7.2,194.8,0.06,93.03,73.29,53.21
2026-05-26 19:25:00,10,589.84,600.0,0.0,34.92,10.29,300.59,0.04,144.22,85.27,51.15
2026-05-26 19:30:00,10,589.84,600.0,0.0,34.29,6.14,260.01,0.03,125.63,79.28,53.51
2026-05-26 19:35:00,10,589.84,600.0,0.0,35.35,7.08,286.97,0.03,136.93,82.28,52.72
2026-05-26 19:40:00,10,589.84,600.0,0.0,35.07,6.46,199.36,0.05,91.56,72.77,52.67
2026-05-26 19:45:00,10,589.84,600.0,0.0,34.1,7.35,150.81,0.1,75.07,70.71,52.15
2026-05-26 19:50:00,10,589.84,600.0,0.0,33.95,5.8,230.24,0.03,108.22,75.49,52.29
2026-05-26 19:55:00,10,589.84,600.0,0.0,34.67,5.19,232.91,0.03,104.21,74.51,51.22
2026-05-26 20:00:00,10,589.84,600.0,0.0,34.69,8.17,311.38,0.02,150.78,86.22,52.01
2026-05-26 20:05:00,10,589.84,600.0,0.0,34.07,6.4,302.26,0.02,142.65,83.46,51.93
2026-05-26 20:10:00,10,589.84,600.0,0.0,34.54,8.6,197.2,0.07,93.8,73.93,51.7
2026-05-26 20:15:00,10,589.84,600.0,0.0,34.08,6.83,290.87,0.03,143.39,83.82,50.44
2026-05-26 20:20:00,10,589.84,600.0,0.0,34.06,8.21,254.11,0.04,124.37,79.74,50.75
2026-05-26 20:25:00,10,589.84,600.0,0.0,33.49,8.26,172.87,0.1,78.62,71.52,51.04
2026-05-26 20:30:00,10,589.84,600.0,0.0,32.91,7.21,234.6,0.04,114.75,77.32,51.18
2026-05-26 20:35:00,10,589.84,600.0,0.0,34.11,7.98,233.54,0.05,112.0,77.04,53.39
2026-05-26 20:40:00,10,589.84,600.0,0.0,33.21,8.96,195.69,0.08,87.9,73.11,49.86
2026-05-26 20:45:00,10,589.84,600.0,0.0,32.72,8.85,244.57,0.05,122.17,79.49,49.59
2026-05-26 20:50:00,10,589.84,600.0,0.0,33.26,8.13,207.59,0.06,107.04,76.14,49.97
2026-05-26 20:55:00,10,589.84,600.0,0.0,33.2,7.09,242.67,0.04,117.56,77.86,49.6
2026-05-26 21:00:00,10,589.84,600.0,0.0,33.22,7.08,350.73,0.02,156.92,87.54,49.65
2026-05-26 21:05:00,10,589.84,600.0,0.0,33.17,7.63,216.04,0.05,104.39,75.44,50.97
2026-05-26 21:10:00,10,589.84,600.0,0.0,32.13,6.91,276.33,0.03,132.85,81.22,49.79
2026-05-26 21:15:00,10,589.84,600.0,0.0,32.95,10.03,224.12,0.07,102.36,75.94,50.26
2026-05-26 21:20:00,10,589.84,600.0,0.0,32.75,8.71,248.42,0.04,119.99,78.95,49.4
2026-05-26 21:25:00,10,589.84,600.0,0.0,32.57,8.93,198.11,0.07,89.58,73.35,51.04
2026-05-26 21:30:00,10,589.84,600.0,0.0,32.52,7.94,274.94,0.03,140.66,83.51,49.37
2026-05-26 21:35:00,10,589.84,600.0,0.0,32.04,10.34,282.54,0.04,133.94,82.71,50.28
2026-05-26 21:40:00,10,589.84,600.0,0.0,33.01,10.83,231.02,0.06,109.6,77.58,49.31
2026-05-26 21:45:00,10,589.84,600.0,0.0,32.17,10.55,160.28,0.11,72.96,71.56,50.6
2026-05-26 21:50:00,10,589.84,600.0,0.0,32.56,12.68,214.88,0.09,104.45,77.3,50.21
2026-05-26 21:55:00,10,589.84,600.0,0.0,32.43,13.66,277.57,0.05,130.17,82.99,49.59
2026-05-26 22:00:00,10,589.84,600.0,0.0,31.65,13.82,229.17,0.08,111.98,79.14,50.28
2026-05-26 22:05:00,10,589.84,600.0,0.0,31.73,11.96,269.04,0.05,129.37,82.21,47.27
2026-05-26 22:10:00,10,589.84,600.0,0.0,31.8,12.01,228.89,0.07,106.83,77.47,48.2
2026-05-26 22:15:00,10,589.84,600.0,0.0,32.07,14.78,275.82,0.06,122.3,81.62,47.71
2026-05-26 22:20:00,10,589.84,600.0,0.0,31.38,14.01,275.12,0.05,131.12,83.34,46.77
2026-05-26 22:25:00,10,589.84,600.0,0.0,31.55,14.55,322.29,0.05,153.08,89.14,47.47
2026-05-26 22:30:00,10,589.84,600.0,0.0,32.14,16.01,207.33,0.12,97.93,77.34,48.85
2026-05-26 22:35:00,10,589.84,600.0,0.0,31.11,13.88,311.62,0.05,142.99,86.22,48.4
2026-05-26 22:40:00,10,589.84,600.0,0.0,31.93,14.31,208.71,0.1,96.91,76.52,46.49
2026-05-26 22:45:00,10,589.84,600.0,0.0,30.49,14.52,265.49,0.07,121.69,81.41,47.11
2026-05-26 22:50:00,10,589.84,600.0,0.0,32.17,16.58,257.08,0.08,126.82,83.3,48.03
2026-05-26 22:55:00,10,589.84,600.0,0.0,31.37,15.32,200.64,0.13,96.72,76.9,47.09
2026-05-26 23:00:00,10,589.84,600.0,0.0,30.59,15.75,283.98,0.06,125.85,82.75,48.49
2026-05-26 23:05:00,10,589.84,600.0,0.0,31.39,18.13,305.95,0.06,144.47,88.11,46.66
2026-05-26 23:10:00,10,589.84,600.0,0.0,30.68,18.99,180.11,0.18,80.94,75.76,47.86
2026-05-26 23:15:00,10,589.84,600.0,0.0,31.17,18.93,337.48,0.05,164.34,93.89,46.15
2026-05-26 23:20:00,10,589.84,600.0,0.0,30.86,20.71,200.73,0.17,92.5,78.15,45.79
2026-05-26 23:25:00,10,589.84,600.0,0.0,30.63,18.42,265.0,0.09,125.7,83.71,47.73
2026-05-26 23:30:00,10,589.84,600.0,0.0,30.6,21.07,315.84,0.07,154.75,110.45,46.98
2026-05-26 23:35:00,10,589.84,600.0,0.0,30.48,19.58,252.85,0.1,121.29,83.15,48.08
2026-05-26 23:40:00,10,589.84,600.0,0.0,31.32,19.46,266.07,0.08,126.8,84.3,46.96
2026-05-26 23:45:00,10,589.84,600.0,0.0,31.3,20.58,263.34,0.09,118.39,82.86,45.76
2026-05-26 23:50:00,10,589.84,600.0,0.0,30.96,20.52,246.16,0.11,112.45,81.64,43.89
2026-05-26 23:55:00,10,589.84,600.0,0.0,31.07,23.15,212.95,0.15,110.46,82.24,45.15
2026-05-27 00:00:00,10,700.0,325.0,0.0,31.16,23.68,240.27,0.14,113.81,83.08,44.56
2026-05-27 00:05:00,10,700.0,325.0,0.0,30.35,20.44,238.94,0.12,115.53,82.26,45.2
2026-05-27 00:10:00,10,700.0,325.0,0.0,31.47,22.26,210.13,0.16,100.84,80.12,47.11
2026-05-27 00:15:00,10,700.0,325.0,0.0,31.17,23.01,331.18,0.06,152.29,91.9,46.26
2026-05-27 00:20:00,10,700.0,325.0,0.0,31.49,21.7,264.13,0.1,117.93,83.17,45.02
2026-05-27 00:25:00,10,700.0,325.0,0.0,31.4,23.03,257.73,0.11,122.19,84.58,45.39
2026-05-27 00:30:00,10,700.0,325.0,0.0,31.61,22.91,295.72,0.08,134.38,87.29,44.88
2026-05-27 00:35:00,10,700.0,325.0,0.0,30.9,23.49,356.87,0.06,160.81,94.47,44.98
2026-05-27 00:40:00,10,700.0,325.0,0.0,31.55,22.93,213.12,0.15,93.83,79.11,44.73
2026-05-27 00:45:00,10,700.0,325.0,0.0,31.35,24.15,258.56,0.11,123.53,102.32,44.85
2026-05-27 00:50:00,10,700.0,325.0,0.0,31.27,23.86,233.26,0.12,114.17,83.18,45.39
2026-05-27 00:55:00,10,700.0,325.0,0.0,31.17,25.83,267.43,0.11,121.48,85.4,44.2
2026-05-27 01:00:00,10,700.0,325.0,0.0,30.44,23.08,232.81,0.13,111.88,82.46,42.92
2026-05-27 01:05:00,10,700.0,325.0,0.0,32.04,26.39,255.17,0.13,112.56,83.76,44.31
2026-05-27 01:10:00,10,700.0,325.0,0.0,32.52,24.4,211.2,0.16,97.92,80.35,44.15
2026-05-27 01:15:00,10,700.0,325.0,0.0,30.87,26.04,241.76,0.14,114.95,84.15,43.93
2026-05-27 01:20:00,10,700.0,325.0,0.0,31.07,24.32,298.34,0.09,150.65,91.98,43.87
2026-05-27 01:25:00,10,700.0,325.0,0.0,32.63,26.12,191.19,0.22,88.26,91.84,43.33
2026-05-27 01:30:00,10,700.0,325.0,0.0,31.8,26.31,176.86,0.27,82.0,78.66,43.42
2026-05-27 01:35:00,10,700.0,325.0,0.0,32.27,26.35,354.92,0.07,175.37,99.9,44.14
2026-05-27 01:40:00,10,700.0,325.0,0.0,31.52,24.35,190.41,0.21,92.77,79.55,44.12
2026-05-27 01:45:00,10,700.0,325.0,0.0,32.56,25.99,275.41,0.1,130.08,87.39,42.75
2026-05-27 01:50:00,10,700.0,325.0,0.0,32.44,27.31,288.65,0.1,145.32,91.62,43.76
2026-05-27 01:55:00,10,700.0,325.0,0.0,31.88,27.6,338.42,0.08,141.77,90.77,43.09
2026-05-27 02:00:00,10,700.0,325.0,0.0,31.73,27.69,274.01,0.12,131.4,88.33,41.94
2026-05-27 02:05:00,10,700.0,325.0,0.0,31.75,26.18,224.94,0.18,108.51,82.98,43.26
2026-05-27 02:10:00,10,700.0,325.0,0.0,31.83,24.84,231.41,0.15,109.37,82.62,41.01
2026-05-27 02:15:00,10,700.0,325.0,0.0,32.19,25.57,242.19,0.14,117.75,84.57,42.74
2026-05-27 02:20:00,10,700.0,325.0,0.0,32.7,26.99,269.54,0.12,137.97,89.68,41.17
2026-05-27 02:25:00,10,700.0,325.0,0.0,31.86,27.34,221.04,0.17,102.64,82.25,42.59
2026-05-27 02:30:00,10,700.0,325.0,0.0,32.57,26.43,268.94,0.11,130.76,87.72,39.78
2026-05-27 02:35:00,10,700.0,325.0,0.0,33.32,24.66,268.49,0.12,127.89,86.45,41.32
2026-05-27 02:40:00,10,700.0,325.0,0.0,33.35,26.44,238.3,0.14,109.42,102.39,42.02
2026-05-27 02:45:00,10,700.0,325.0,0.0,33.25,24.72,205.95,0.2,94.88,80.02,42.04
2026-05-27 02:50:00,10,700.0,325.0,0.0,32.48,26.51,263.58,0.13,122.36,85.87,40.26
2026-05-27 02:55:00,10,700.0,325.0,0.0,32.88,25.75,232.66,0.15,105.14,82.12,40.55
2026-05-27 03:00:00,10,700.0,325.0,0.0,32.57,24.63,215.02,0.17,97.67,80.41,41.9
2026-05-27 03:05:00,10,700.0,325.0,0.0,33.29,25.36,214.25,0.19,102.22,94.86,41.85
2026-05-27 03:10:00,10,700.0,325.0,0.0,33.47,24.23,229.9,0.15,92.24,79.3,39.73
2026-05-27 03:15:00,10,700.0,325.0,0.0,31.83,24.53,197.35,0.19,96.53,80.21,39.73
2026-05-27 03:20:00,10,700.0,325.0,0.0,33.06,24.94,246.33,0.13,118.2,84.42,38.93
2026-05-27 03:25:00,10,700.0,325.0,0.0,33.05,24.93,163.91,0.3,73.88,77.1,39.83
2026-05-27 03:30:00,10,700.0,325.0,0.0,33.58,24.97,259.57,0.13,122.84,85.44,41.19
2026-05-27 03:35:00,10,700.0,325.0,0.0,33.87,23.64,266.14,0.11,124.69,85.35,41.71
2026-05-27 03:40:00,10,700.0,325.0,0.0,34.18,22.2,246.32,0.13,110.92,81.97,39.93
2026-05-27 03:45:00,10,700.0,325.0,0.0,33.5,21.56,332.99,0.06,161.74,94.07,41.38
2026-05-27 03:50:00,10,700.0,325.0,0.0,34.44,22.85,206.95,0.16,100.33,80.24,38.42
2026-05-27 03:55:00,10,700.0,325.0,0.0,34.02,19.95,248.11,0.1,118.55,82.7,38.78
2026-05-27 04:00:00,10,700.0,325.0,0.0,34.6,22.03,285.53,0.09,134.78,87.1,40.32
2026-05-27 04:05:00,10,700.0,325.0,0.0,35.06,20.92,184.25,0.19,85.73,92.99,39.59
2026-05-27 04:10:00,10,700.0,325.0,0.0,34.32,21.21,348.82,0.06,172.56,97.21,39.26
2026-05-27 04:15:00,10,700.0,325.0,0.0,35.95,21.03,228.95,0.14,113.26,82.05,39.38
2026-05-27 04:20:00,10,700.0,325.0,0.0,34.54,19.56,175.18,0.21,75.49,75.26,39.59
2026-05-27 04:25:00,10,700.0,325.0,0.0,34.56,17.88,173.37,0.21,85.92,76.19,38.59
2026-05-27 04:30:00,10,700.0,325.0,0.0,35.82,17.51,267.44,0.08,127.57,95.65,38.88
2026-05-27 04:35:00,10,700.0,325.0,0.0,35.4,19.67,231.51,0.12,113.08,81.5,38.5
2026-05-27 04:40:00,10,700.0,325.0,0.0,34.7,19.86,226.6,0.13,110.88,81.14,38.83
2026-05-27 04:45:00,10,700.0,325.0,0.0,36.18,16.68,305.3,0.06,135.8,85.42,39.26
2026-05-27 04:50:00,10,700.0,325.0,0.0,35.72,17.34,250.75,0.08,118.52,81.74,37.81
2026-05-27 04:55:00,10,700.0,325.0,0.0,36.24,14.37,165.84,0.17,73.88,73.15,38.24
2026-05-27 05:00:00,10,700.0,325.0,0.0,36.66,14.52,240.8,0.08,108.62,78.73,37.76
2026-05-27 05:05:00,10,700.0,325.0,0.0,35.93,14.46,312.14,0.05,155.9,89.9,37.3
2026-05-27 05:10:00,10,700.0,325.0,0.0,38.19,14.19,201.43,0.11,93.11,75.86,36.5
2026-05-27 05:15:00,10,700.0,325.0,0.0,36.89,13.97,313.18,0.05,148.99,87.84,37.75
2026-05-27 05:20:00,10,700.0,325.0,0.0,36.96,14.68,234.55,0.08,108.61,78.78,36.92
2026-05-27 05:25:00,10,700.0,325.0,0.0,36.95,13.12,287.05,0.05,136.77,84.4,37.93
2026-05-27 05:30:00,10,700.0,325.0,0.0,36.9,13.52,269.87,0.06,140.55,85.5,37.51
2026-05-27 05:35:00,10,700.0,325.0,0.0,37.93,12.89,216.41,0.08,103.21,77.13,37.04
2026-05-27 05:40:00,10,700.0,325.0,0.0,37.32,13.19,157.97,0.16,71.98,72.47,37.99
2026-05-27 05:45:00,10,700.0,325.0,0.0,37.42,13.08,202.56,0.1,93.85,75.58,35.98
2026-05-27 05:50:00,10,700.0,325.0,0.0,37.04,13.08,207.15,0.1,102.5,77.1,36.94
2026-05-27 05:55:00,10,700.0,325.0,0.0,37.24,12.14,341.4,0.03,169.35,92.99,36.75
2026-05-27 06:00:00,10,700.0,325.0,0.0,38.58,11.82,266.68,0.05,121.36,80.36,36.57
2026-05-27 06:05:00,10,700.0,325.0,0.0,38.51,11.66,320.52,0.04,165.14,91.57,35.46
2026-05-27 06:10:00,10,700.0,325.0,0.0,37.59,10.05,229.03,0.07,108.99,77.22,34.78
2026-05-27 06:15:00,10,700.0,325.0,0.0,38.43,8.46,218.17,0.06,101.34,75.19,36.61
2026-05-27 06:20:00,10,700.0,325.0,0.0,37.33,10.04,178.62,0.09,82.1,72.63,33.5
2026-05-27 06:25:00,10,700.0,325.0,0.0,39.79,8.85,261.97,0.04,116.36,78.24,34.85
2026-05-27 06:30:00,10,700.0,325.0,0.0,38.37,10.38,240.96,0.06,108.55,77.23,34.99
2026-05-27 06:35:00,10,700.0,325.0,0.0,39.17,8.33,247.89,0.04,127.07,80.4,35.68
2026-05-27 06:40:00,10,700.0,325.0,0.0,38.44,7.4,243.32,0.04,118.94,78.27,36.79
2026-05-27 06:45:00,10,700.0,325.0,0.0,40.35,9.49,426.35,0.02,210.45,106.1,33.54
2026-05-27 06:50:00,10,700.0,325.0,0.0,39.72,9.98,244.54,0.05,113.08,77.98,34.4
2026-05-27 06:55:00,10,700.0,325.0,0.0,40.71,6.92,257.06,0.03,119.18,78.14,35.26
2026-05-27 07:00:00,10,700.0,325.0,0.0,39.54,7.17,244.47,0.04,111.21,76.59,34.1
2026-05-27 07:05:00,10,700.0,325.0,0.0,40.1,9.4,212.05,0.07,92.86,74.06,33.92
2026-05-27 07:10:00,10,700.0,325.0,0.0,40.06,6.14,292.73,0.02,129.72,80.21,34.32
2026-05-27 07:15:00,10,700.0,325.0,0.0,39.82,5.93,237.55,0.03,103.0,74.56,32.49
2026-05-27 07:20:00,10,700.0,325.0,0.0,39.56,6.54,361.63,0.02,170.8,91.46,33.83
2026-05-27 07:25:00,10,700.0,325.0,0.0,40.5,5.67,190.39,0.05,90.66,72.36,34.98
2026-05-27 07:30:00,10,700.0,325.0,0.0,40.91,6.63,145.64,0.1,66.94,69.43,33.27
2026-05-27 07:35:00,10,700.0,325.0,0.0,40.69,5.11,228.49,0.03,106.2,74.87,33.57
2026-05-27 07:40:00,10,700.0,325.0,0.0,40.93,6.06,270.14,0.02,127.28,79.62,32.94
2026-05-27 07:45:00,10,700.0,325.0,0.0,41.08,7.37,249.84,0.04,125.37,98.42,33.86
2026-05-27 07:50:00,10,700.0,325.0,0.0,41.48,3.43,296.09,0.01,132.97,80.01,33.28
2026-05-27 07:55:00,10,700.0,325.0,0.0,41.33,6.24,235.31,0.04,109.19,75.87,34.34
2026-05-27 08:00:00,10,700.0,325.0,0.0,41.36,5.48,253.36,0.03,125.27,78.98,31.88
2026-05-27 08:05:00,10,700.0,325.0,0.0,41.89,4.77,228.51,0.03,108.73,75.25,32.61
2026-05-27 08:10:00,10,700.0,325.0,0.0,42.24,7.23,281.75,0.03,136.95,82.35,33.43
2026-05-27 08:15:00,10,700.0,325.0,0.0,42.5,6.82,198.35,0.06,96.8,73.82,31.85
2026-05-27 08:20:00,10,700.0,325.0,0.0,41.63,5.86,284.47,0.02,133.37,80.98,33.52
2026-05-27 08:25:00,10,700.0,325.0,0.0,42.07,6.31,287.03,0.03,124.65,79.13,32.14
2026-05-27 08:30:00,10,700.0,325.0,0.0,42.07,7.8,234.71,0.04,110.35,76.65,32.61
2026-05-27 08:35:00,10,700.0,325.0,0.0,42.97,5.69,280.31,0.02,138.61,82.2,32.58
2026-05-27 08:40:00,10,700.0,325.0,0.0,42.74,5.74,277.48,0.03,128.11,98.77,32.88
2026-05-27 08:45:00,10,700.0,325.0,0.0,43.18,5.68,254.75,0.03,112.49,76.32,31.91
2026-05-27 08:50:00,10,700.0,325.0,0.0,42.42,6.12,233.26,0.04,111.33,76.26,31.72
2026-05-27 08:55:00,10,700.0,325.0,0.0,43.19,5.92,302.54,0.02,134.85,81.36,31.05
2026-05-27 09:00:00,10,700.0,325.0,0.0,43.12,7.89,285.21,0.03,128.8,80.63,31.29
2026-05-27 09:05:00,10,700.0,325.0,0.0,43.33,8.13,297.7,0.03,148.37,85.6,31.94
2026-05-27 09:10:00,10,700.0,325.0,0.0,43.37,9.66,300.84,0.04,140.08,84.0,31.53
2026-05-27 09:15:00,10,700.0,325.0,0.0,43.25,8.16,279.57,0.03,136.51,82.57,32.1
2026-05-27 09:20:00,10,700.0,325.0,0.0,43.68,8.65,293.05,0.03,137.68,83.03,31.38
2026-05-27 09:25:00,10,700.0,325.0,0.0,44.14,9.43,278.35,0.04,119.88,79.2,31.16
2026-05-27 09:30:00,10,700.0,325.0,0.0,43.75,8.88,213.14,0.07,102.14,75.52,32.22
2026-05-27 09:35:00,10,700.0,325.0,0.0,43.59,9.9,310.59,0.03,146.62,85.76,30.24
2026-05-27 09:40:00,10,700.0,325.0,0.0,44.15,9.0,257.97,0.04,116.99,78.43,30.86
2026-05-27 09:45:00,10,700.0,325.0,0.0,43.75,10.27,238.15,0.06,111.94,77.88,30.48
2026-05-27 09:50:00,10,700.0,325.0,0.0,43.26,9.13,192.16,0.07,89.42,73.41,30.56
2026-05-27 09:55:00,10,700.0,325.0,0.0,44.19,11.43,194.41,0.1,93.62,74.97,30.5
2026-05-27 10:00:00,10,700.0,325.0,0.0,44.49,10.34,248.19,0.05,122.66,80.15,30.89
2026-05-27 10:05:00,10,700.0,325.0,0.0,44.0,10.97,230.93,0.07,111.47,78.04,29.75
2026-05-27 10:10:00,10,700.0,325.0,0.0,44.16,11.06,274.52,0.05,132.56,82.67,29.84
2026-05-27 10:15:00,10,700.0,325.0,0.0,44.85,13.05,285.48,0.05,141.18,85.49,29.61
2026-05-27 10:20:00,10,700.0,325.0,0.0,44.17,10.73,289.7,0.04,124.52,80.67,29.51
2026-05-27 10:25:00,10,700.0,325.0,0.0,44.2,12.96,258.48,0.06,119.99,80.5,30.25
2026-05-27 10:30:00,10,700.0,325.0,0.0,44.63,12.95,368.03,0.03,175.06,95.06,30.33
2026-05-27 10:35:00,10,700.0,325.0,0.0,44.61,11.71,259.41,0.06,128.66,82.0,28.47
2026-05-27 10:40:00,10,700.0,325.0,0.0,44.99,13.73,333.57,0.04,153.74,89.04,29.99
2026-05-27 10:45:00,10,700.0,325.0,0.0,45.01,12.89,349.84,0.03,161.87,91.04,30.02
2026-05-27 10:50:00,10,700.0,325.0,0.0,44.71,14.46,333.87,0.04,155.89,89.9,28.35
2026-05-27 10:55:00,10,700.0,325.0,0.0,44.84,16.03,320.09,0.05,160.89,91.89,29.48
2026-05-27 11:00:00,10,700.0,325.0,0.0,44.55,15.04,184.06,0.13,89.68,75.65,28.36
2026-05-27 11:05:00,10,700.0,325.0,0.0,44.14,15.61,277.81,0.07,131.78,84.12,27.29
2026-05-27 11:10:00,10,700.0,325.0,0.0,44.91,14.1,207.08,0.11,105.7,78.09,29.27
2026-05-27 11:15:00,10,700.0,325.0,0.0,45.6,15.48,228.65,0.09,104.09,78.23,27.77
2026-05-27 11:20:00,10,700.0,325.0,0.0,43.16,16.13,218.29,0.1,97.92,77.36,29.38
2026-05-27 11:25:00,10,700.0,325.0,0.0,45.65,16.98,281.38,0.07,130.72,84.35,29.08
2026-05-27 11:30:00,10,700.0,325.0,0.0,45.42,16.43,183.15,0.16,84.92,75.45,28.19
2026-05-27 11:35:00,10,700.0,325.0,0.0,44.8,17.33,168.89,0.17,85.75,85.54,28.86
2026-05-27 11:40:00,10,700.0,325.0,0.0,44.39,17.11,222.3,0.11,106.82,79.36,28.48
2026-05-27 11:45:00,10,700.0,325.0,0.0,44.85,18.86,311.43,0.06,153.12,90.71,27.79
2026-05-27 11:50:00,10,700.0,325.0,0.0,45.88,19.73,323.23,0.06,162.85,93.78,27.28
2026-05-27 11:55:00,10,700.0,325.0,0.0,44.91,19.12,264.29,0.09,122.51,83.27,26.85
2026-05-27 12:00:00,10,700.0,325.0,0.0,44.4,19.24,274.91,0.08,122.84,83.36,26.8
2026-05-27 12:05:00,10,700.0,325.0,0.0,44.65,18.36,229.92,0.11,101.57,78.82,27.78
2026-05-27 12:10:00,10,700.0,325.0,0.0,44.37,19.76,267.89,0.09,121.7,83.31,24.2
2026-05-27 12:15:00,10,700.0,325.0,0.0,45.14,20.87,231.16,0.13,109.99,81.34,25.73
2026-05-27 12:20:00,10,700.0,325.0,0.0,44.59,19.19,245.09,0.09,105.36,79.77,28.76
2026-05-27 12:25:00,10,700.0,325.0,0.0,44.4,20.96,253.53,0.1,114.47,82.21,27.53
2026-05-27 12:30:00,10,700.0,325.0,0.0,44.58,21.5,292.98,0.09,136.03,87.24,26.99
2026-05-27 12:35:00,10,700.0,325.0,0.0,45.06,20.62,301.9,0.07,144.76,89.1,26.4
2026-05-27 12:40:00,10,700.0,325.0,0.0,45.3,21.95,308.43,0.07,136.39,87.45,26.79
2026-05-27 12:45:00,10,700.0,325.0,0.0,45.22,22.43,250.39,0.11,120.77,84.08,26.73
2026-05-27 12:50:00,10,700.0,325.0,0.0,44.22,22.86,176.45,0.24,86.22,78.06,25.93
2026-05-27 12:55:00,10,700.0,325.0,0.0,44.82,23.92,296.84,0.09,138.72,88.75,25.57
2026-05-27 13:00:00,10,700.0,325.0,0.0,45.7,21.45,238.28,0.13,113.77,95.67,24.87
2026-05-27 13:05:00,10,700.0,325.0,0.0,44.07,23.87,268.64,0.11,137.3,88.42,25.18
2026-05-27 13:10:00,10,700.0,325.0,0.0,44.71,23.78,282.52,0.09,125.01,85.45,24.82
2026-05-27 13:15:00,10,700.0,325.0,0.0,45.24,22.91,309.36,0.07,155.95,92.93,27.1
2026-05-27 13:20:00,10,700.0,325.0,0.0,44.6,22.03,274.97,0.09,133.34,86.78,25.64
2026-05-27 13:25:00,10,700.0,325.0,0.0,44.4,22.92,291.78,0.09,135.56,87.62,25.04
2026-05-27 13:30:00,10,700.0,325.0,0.0,44.1,22.74,223.76,0.14,107.38,81.5,26.0
2026-05-27 13:35:00,10,700.0,325.0,0.0,43.92,23.35,285.01,0.09,138.27,88.44,26.5
2026-05-27 13:40:00,10,700.0,325.0,0.0,44.66,22.21,258.81,0.1,111.42,82.03,26.81
2026-05-27 13:45:00,10,700.0,325.0,0.0,44.57,22.87,287.78,0.08,128.14,85.83,25.71
2026-05-27 13:50:00,10,700.0,325.0,0.0,44.52,20.3,228.53,0.13,107.7,80.69,23.43
2026-05-27 13:55:00,10,700.0,325.0,0.0,44.17,23.02,302.64,0.07,144.51,89.88,23.62
2026-05-27 14:00:00,10,700.0,325.0,0.0,43.71,23.16,177.14,0.25,86.37,78.2,25.12
2026-05-27 14:05:00,10,700.0,325.0,0.0,43.27,24.0,262.77,0.12,126.53,85.93,23.73
2026-05-27 14:10:00,10,700.0,325.0,0.0,43.35,23.19,313.47,0.07,141.71,89.21,22.75
2026-05-27 14:15:00,10,700.0,325.0,0.0,43.16,22.78,317.39,0.07,151.47,91.64,24.46
2026-05-27 14:20:00,10,700.0,325.0,0.0,44.09,22.82,323.17,0.07,149.21,91.05,23.44
2026-05-27 14:25:00,10,700.0,325.0,0.0,44.16,23.13,198.33,0.18,86.42,78.06,22.77
2026-05-27 14:30:00,10,700.0,325.0,0.0,43.38,23.15,265.63,0.1,131.53,86.75,21.76
2026-05-27 14:35:00,10,700.0,325.0,0.0,44.04,23.2,263.05,0.11,126.6,85.65,23.4
2026-05-27 14:40:00,10,700.0,325.0,0.0,43.16,23.07,339.17,0.06,159.59,94.0,21.98
2026-05-27 14:45:00,10,700.0,325.0,0.0,42.83,21.48,207.44,0.15,104.24,80.48,24.03
2026-05-27 14:50:00,10,700.0,325.0,0.0,42.51,22.03,229.8,0.12,102.83,80.35,21.96
2026-05-27 14:55:00,10,700.0,325.0,0.0,43.49,20.38,224.97,0.13,106.37,80.46,21.21
2026-05-27 15:00:00,10,700.0,325.0,0.0,42.34,21.78,301.31,0.07,136.89,87.51,22.26
2026-05-27 15:05:00,10,700.0,325.0,0.0,43.1,21.16,203.46,0.17,101.07,79.82,21.97
2026-05-27 15:10:00,10,700.0,325.0,0.0,43.17,20.77,308.8,0.07,148.84,90.23,21.93
2026-05-27 15:15:00,10,700.0,325.0,0.0,43.11,19.56,199.19,0.14,91.64,77.56,22.98
2026-05-27 15:20:00,10,700.0,325.0,0.0,42.33,21.04,150.35,0.29,71.02,75.36,22.07
2026-05-27 15:25:00,10,700.0,325.0,0.0,42.04,19.77,201.38,0.16,98.94,78.93,20.58
2026-05-27 15:30:00,10,700.0,325.0,0.0,42.26,20.14,214.77,0.14,103.32,93.41,21.77
2026-05-27 15:35:00,10,700.0,325.0,0.0,41.78,19.86,317.11,0.06,152.63,90.92,20.64
2026-05-27 15:40:00,10,700.0,325.0,0.0,41.34,19.06,264.55,0.08,126.35,84.08,21.17
2026-05-27 15:45:00,10,700.0,325.0,0.0,41.57,18.19,196.31,0.16,96.35,77.92,22.42
2026-05-27 15:50:00,10,700.0,325.0,0.0,40.75,17.06,209.8,0.12,98.86,77.88,20.49
2026-05-27 15:55:00,10,700.0,325.0,0.0,42.2,18.39,245.43,0.09,116.69,81.75,20.09
2026-05-27 16:00:00,10,700.0,325.0,0.0,41.4,16.17,223.19,0.1,101.95,78.09,21.16
2026-05-27 16:05:00,10,700.0,325.0,0.0,40.94,17.97,314.55,0.06,153.35,90.45,20.42
2026-05-27 16:10:00,10,700.0,325.0,0.0,40.37,17.36,256.95,0.08,111.57,80.31,20.57
2026-05-27 16:15:00,10,700.0,325.0,0.0,40.67,16.45,310.49,0.06,145.92,87.92,20.53
2026-05-27 16:20:00,10,700.0,325.0,0.0,41.15,17.58,254.44,0.09,127.52,83.85,20.83
2026-05-27 16:25:00,10,700.0,325.0,0.0,42.28,16.68,287.0,0.07,133.62,84.93,18.67
2026-05-27 16:30:00,10,700.0,325.0,0.0,40.58,16.12,267.86,0.07,132.05,84.35,19.57
2026-05-27 16:35:00,10,700.0,325.0,0.0,40.41,16.34,223.12,0.11,109.23,79.55,18.92
2026-05-27 16:40:00,10,700.0,325.0,0.0,40.32,14.12,242.04,0.08,114.27,79.73,18.82
2026-05-27 16:45:00,10,700.0,325.0,0.0,39.33,13.74,247.25,0.07,122.31,81.29,18.67
2026-05-27 16:50:00,10,700.0,325.0,0.0,40.18,14.35,309.24,0.05,143.11,86.43,19.27
2026-05-27 16:55:00,10,700.0,325.0,0.0,39.47,13.21,296.85,0.05,139.18,85.03,19.41
2026-05-27 17:00:00,10,700.0,325.0,0.0,40.89,13.51,310.99,0.05,144.44,86.48,18.79
2026-05-27 17:05:00,10,700.0,325.0,0.0,39.48,13.56,242.25,0.07,121.23,80.99,19.46
2026-05-27 17:10:00,10,700.0,325.0,0.0,40.08,13.83,282.96,0.05,126.9,82.31,19.42
2026-05-27 17:15:00,10,700.0,325.0,0.0,39.31,12.4,251.73,0.06,115.22,79.28,20.55
2026-05-27 17:20:00,10,700.0,325.0,0.0,38.96,11.27,207.76,0.08,94.43,75.0,20.67
2026-05-27 17:25:00,10,700.0,325.0,0.0,39.39,10.11,169.47,0.11,75.62,71.78,18.07
2026-05-27 17:30:00,10,700.0,325.0,0.0,39.5,11.78,170.25,0.13,85.21,73.79,20.21
2026-05-27 17:35:00,10,700.0,325.0,0.0,39.14,10.79,241.53,0.06,123.97,80.6,19.93
2026-05-27 17:40:00,10,700.0,325.0,0.0,38.06,9.3,297.73,0.03,131.17,81.67,17.71
2026-05-27 17:45:00,10,700.0,325.0,0.0,38.27,10.44,269.18,0.04,123.56,80.35,17.35
2026-05-27 17:50:00,10,700.0,325.0,0.0,38.11,10.25,199.66,0.08,91.67,74.18,18.96
2026-05-27 17:55:00,10,700.0,325.0,0.0,38.57,8.81,317.23,0.03,156.68,88.11,18.17
2026-05-27 18:00:00,10,700.0,325.0,0.0,38.08,8.91,261.64,0.04,124.31,79.98,18.4
2026-05-27 18:05:00,10,700.0,325.0,0.0,37.16,8.27,220.73,0.06,106.41,76.07,16.88
2026-05-27 18:10:00,10,700.0,325.0,0.0,37.16,8.49,179.48,0.08,85.67,72.61,18.56
2026-05-27 18:15:00,10,700.0,325.0,0.0,37.62,8.81,201.23,0.07,97.22,74.6,16.17
2026-05-27 18:20:00,10,700.0,325.0,0.0,37.9,7.06,261.82,0.03,128.45,80.25,15.72
2026-05-27 18:25:00,10,700.0,325.0,0.0,37.11,8.88,255.76,0.04,123.55,79.8,17.75
2026-05-27 18:30:00,10,700.0,325.0,0.0,37.34,9.39,245.63,0.05,115.44,78.25,17.05
2026-05-27 18:35:00,10,700.0,325.0,0.0,37.32,6.76,252.56,0.03,115.52,77.3,16.8
2026-05-27 18:40:00,10,700.0,325.0,0.0,36.45,6.33,299.7,0.02,126.41,79.51,16.75
2026-05-27 18:45:00,10,700.0,325.0,0.0,37.42,5.22,187.48,0.05,86.85,71.59,15.31
2026-05-27 18:50:00,10,700.0,325.0,0.0,36.68,5.82,275.4,0.02,135.68,81.51,16.42
2026-05-27 18:55:00,10,700.0,325.0,0.0,36.96,5.6,265.32,0.02,126.35,79.23,15.97
2026-05-27 19:00:00,10,700.0,325.0,0.0,36.75,5.74,353.16,0.01,171.69,91.43,15.12
2026-05-27 19:05:00,10,700.0,325.0,0.0,36.82,4.8,240.17,0.03,114.88,76.48,16.74
2026-05-27 19:10:00,10,700.0,325.0,0.0,35.93,6.1,293.21,0.02,149.04,85.03,15.44
2026-05-27 19:15:00,10,700.0,325.0,0.0,35.41,5.8,273.56,0.02,127.28,79.51,15.61
2026-05-27 19:20:00,10,700.0,325.0,0.0,36.46,5.58,263.75,0.02,124.55,92.6,17.23
2026-05-27 19:25:00,10,700.0,325.0,0.0,35.89,5.56,242.95,0.03,122.73,78.43,15.6
2026-05-27 19:30:00,10,700.0,325.0,0.0,35.42,6.05,257.17,0.03,131.04,80.5,13.65
2026-05-27 19:35:00,10,700.0,325.0,0.0,34.54,4.03,262.45,0.02,123.19,77.97,15.35
2026-05-27 19:40:00,10,700.0,325.0,0.0,35.45,4.99,221.66,0.03,105.13,74.62,16.6
2026-05-27 19:45:00,10,700.0,325.0,0.0,35.44,4.82,286.38,0.02,135.49,81.12,15.86
2026-05-27 19:50:00,10,700.0,325.0,0.0,34.5,3.57,247.49,0.02,115.31,76.12,14.56
2026-05-27 19:55:00,10,700.0,325.0,0.0,34.86,5.26,221.84,0.03,101.1,73.96,12.81
2026-05-27 20:00:00,10,700.0,325.0,0.0,34.03,3.47,230.78,0.02,106.77,74.38,15.52
2026-05-27 20:05:00,10,700.0,325.0,0.0,34.33,4.26,188.32,0.03,83.32,70.66,14.39
2026-05-27 20:10:00,10,700.0,325.0,0.0,34.95,3.79,248.32,0.02,114.97,76.13,15.79
2026-05-27 20:15:00,10,700.0,325.0,0.0,33.74,5.04,296.71,0.02,132.05,80.36,15.02
2026-05-27 20:20:00,10,700.0,325.0,0.0,33.85,4.26,315.3,0.01,140.2,82.06,14.2
2026-05-27 20:25:00,10,700.0,325.0,0.0,34.11,5.49,71.7,0.31,33.66,66.43,14.91
2026-05-27 20:30:00,10,700.0,325.0,0.0,33.72,5.59,336.69,0.02,162.84,88.72,14.3
2026-05-27 20:35:00,10,700.0,325.0,0.0,33.04,4.06,259.62,0.02,124.05,78.17,14.05
2026-05-27 20:40:00,10,700.0,325.0,0.0,34.02,5.28,331.43,0.01,154.81,86.3,14.47
2026-05-27 20:45:00,10,700.0,325.0,0.0,32.19,6.26,326.34,0.02,166.32,89.99,14.57
2026-05-27 20:50:00,10,700.0,325.0,0.0,31.83,4.3,269.04,0.02,128.55,79.28,13.21
2026-05-27 20:55:00,10,700.0,325.0,0.0,32.86,5.98,321.37,0.02,154.12,86.37,13.16
2026-05-27 21:00:00,10,700.0,325.0,0.0,33.16,6.36,216.81,0.04,95.61,73.39,12.95
2026-05-27 21:05:00,10,700.0,325.0,0.0,32.4,5.24,268.9,0.02,133.43,80.76,14.2
2026-05-27 21:10:00,10,700.0,325.0,0.0,32.26,6.64,284.8,0.03,134.72,81.58,12.34
2026-05-27 21:15:00,10,700.0,325.0,0.0,33.52,6.5,229.86,0.04,103.7,74.9,14.45
2026-05-27 21:20:00,10,700.0,325.0,0.0,32.65,5.1,304.46,0.02,143.01,83.09,14.28
2026-05-27 21:25:00,10,700.0,325.0,0.0,32.61,6.59,239.41,0.04,118.35,77.85,13.53
2026-05-27 21:30:00,10,700.0,325.0,0.0,32.26,5.63,172.3,0.06,80.79,70.82,11.27
2026-05-27 21:35:00,10,700.0,325.0,0.0,31.84,8.32,188.25,0.08,91.2,73.42,13.34
2026-05-27 21:40:00,10,700.0,325.0,0.0,33.07,5.8,195.72,0.04,92.71,72.71,11.25
2026-05-27 21:45:00,10,700.0,325.0,0.0,32.23,6.17,96.19,0.2,48.63,67.55,12.0
2026-05-27 21:50:00,10,700.0,325.0,0.0,32.7,7.38,186.63,0.07,86.75,72.36,12.36
2026-05-27 21:55:00,10,700.0,325.0,0.0,31.42,7.29,351.04,0.02,165.36,90.06,12.85
2026-05-27 22:00:00,10,700.0,325.0,0.0,31.26,7.38,269.08,0.03,119.66,78.39,10.7
2026-05-27 22:05:00,10,700.0,325.0,0.0,31.9,7.28,287.02,0.03,136.9,82.33,12.85
2026-05-27 22:10:00,10,700.0,325.0,0.0,32.1,7.93,328.26,0.02,149.38,85.76,11.04
2026-05-27 22:15:00,10,700.0,325.0,0.0,32.04,8.57,237.47,0.05,116.6,78.2,11.89
2026-05-27 22:20:00,10,700.0,325.0,0.0,32.01,7.23,244.05,0.04,120.48,78.53,11.08
2026-05-27 22:25:00,10,700.0,325.0,0.0,31.01,8.49,295.57,0.03,143.07,84.31,12.63
2026-05-27 22:30:00,10,700.0,325.0,0.0,30.98,8.4,245.52,0.04,117.52,78.31,11.35
2026-05-27 22:35:00,10,700.0,325.0,0.0,31.07,10.34,260.97,0.05,127.75,81.27,10.31
2026-05-27 22:40:00,10,700.0,325.0,0.0,32.09,9.44,173.19,0.1,83.77,72.68,10.26
2026-05-27 22:45:00,10,700.0,325.0,0.0,31.71,9.8,311.6,0.03,160.66,89.58,10.54
2026-05-27 22:50:00,10,700.0,325.0,0.0,32.04,8.86,310.4,0.03,145.78,85.15,10.3
2026-05-27 22:55:00,10,700.0,325.0,0.0,31.54,10.81,258.66,0.05,124.89,80.78,10.49
2026-05-27 23:00:00,10,700.0,325.0,0.0,31.53,10.54,303.78,0.04,133.02,82.55,10.43
2026-05-27 23:05:00,10,700.0,325.0,0.0,31.28,9.92,277.48,0.04,127.47,81.03,9.51
2026-05-27 23:10:00,10,700.0,325.0,0.0,31.62,11.05,315.31,0.03,134.85,83.15,9.32
2026-05-27 23:15:00,10,700.0,325.0,0.0,31.57,10.62,234.93,0.06,114.04,78.4,8.98
2026-05-27 23:20:00,10,700.0,325.0,0.0,30.17,11.63,288.24,0.04,128.08,81.77,9.83
2026-05-27 23:25:00,10,700.0,325.0,0.0,31.05,11.33,305.78,0.04,142.52,85.18,8.97
2026-05-27 23:30:00,10,700.0,325.0,0.0,31.25,11.0,375.11,0.03,171.4,93.21,10.26
2026-05-27 23:35:00,10,700.0,325.0,0.0,30.72,11.02,245.06,0.06,114.9,78.72,9.22
2026-05-27 23:40:00,10,700.0,325.0,0.0,30.71,11.72,315.26,0.04,140.62,84.83,9.28
2026-05-27 23:45:00,10,700.0,325.0,0.0,31.24,11.04,292.07,0.04,139.7,84.37,10.46
2026-05-27 23:50:00,10,700.0,325.0,0.0,30.22,11.77,208.85,0.09,101.91,76.5,8.82
2026-05-27 23:55:00,10,700.0,325.0,0.0,32.15,12.27,315.57,0.04,148.33,87.03,10.21
2026-05-28 00:00:00,10,151.37,-199.94,-2.51,31.27,12.22,315.53,0.04,144.89,86.11,10.47
2026-05-28 00:05:00,10,151.37,-199.94,-2.51,30.79,11.19,245.7,0.06,116.81,79.18,8.43
2026-05-28 00:10:00,10,151.37,-199.94,-2.51,31.43,12.61,219.73,0.07,102.85,76.93,8.78
2026-05-28 00:15:00,10,151.37,-199.94,-2.51,31.6,14.0,186.64,0.12,85.46,74.57,7.57
2026-05-28 00:20:00,10,151.37,-199.94,-2.51,32.14,12.92,211.05,0.1,102.25,76.99,10.17
2026-05-28 00:25:00,10,151.37,-199.94,-2.51,31.38,12.73,257.12,0.06,122.3,80.9,9.41
2026-05-28 00:30:00,10,151.37,-199.94,-2.51,31.15,12.82,299.39,0.05,143.58,86.0,8.71
2026-05-28 00:35:00,10,151.37,-199.94,-2.51,31.55,12.09,288.07,0.05,130.38,82.49,8.81
2026-05-28 00:40:00,10,151.37,-199.94,-2.51,31.02,12.62,300.34,0.05,136.12,84.05,6.61
2026-05-28 00:45:00,10,151.37,-199.94,-2.51,31.4,13.12,286.04,0.05,130.16,82.8,6.26
2026-05-28 00:50:00,10,151.37,-199.94,-2.51,30.06,13.51,311.27,0.04,141.21,85.61,6.4
2026-05-28 00:55:00,10,151.37,-199.94,-2.51,31.5,12.36,292.99,0.05,131.96,82.96,8.03
2026-05-28 01:00:00,10,151.37,-199.94,-2.51,31.48,12.6,222.25,0.08,109.68,78.26,6.8
2026-05-28 01:05:00,10,151.37,-199.94,-2.51,31.84,11.98,250.28,0.06,124.95,81.22,8.2
2026-05-28 01:10:00,10,151.37,-199.94,-2.51,31.09,11.27,210.04,0.08,102.18,76.36,8.1
2026-05-28 01:15:00,10,151.37,-199.94,-2.51,31.18,12.03,228.99,0.08,112.56,78.63,7.66
2026-05-28 01:20:00,10,151.37,-199.94,-2.51,31.99,11.31,243.36,0.06,111.81,78.19,6.48
2026-05-28 01:25:00,10,151.37,-199.94,-2.51,31.77,12.23,301.47,0.05,144.9,86.14,7.45
2026-05-28 01:30:00,10,151.37,-199.94,-2.51,30.6,12.15,346.16,0.03,165.11,91.7,6.79
2026-05-28 01:35:00,10,151.37,-199.94,-2.51,30.88,12.39,262.49,0.06,128.39,82.15,5.85
2026-05-28 01:40:00,10,151.37,-199.94,-2.51,31.31,11.55,317.68,0.04,151.56,87.65,6.05
2026-05-28 01:45:00,10,151.37,-199.94,-2.51,30.89,11.55,309.12,0.04,137.46,83.99,6.63
2026-05-28 01:50:00,10,151.37,-199.94,-2.51,32.82,11.47,269.14,0.05,121.73,80.31,3.95
2026-05-28 01:55:00,10,151.37,-199.94,-2.51,31.99,11.22,242.34,0.06,114.23,78.65,6.1
2026-05-28 02:00:00,10,151.37,-199.94,-2.51,32.21,11.4,251.97,0.06,116.81,79.25,5.94
2026-05-28 02:05:00,10,151.37,-199.94,-2.51,32.19,10.58,254.04,0.05,106.49,76.87,5.0
2026-05-28 02:10:00,10,151.37,-199.94,-2.51,31.58,11.96,213.82,0.08,102.08,76.58,5.48
2026-05-28 02:15:00,10,151.37,-199.94,-2.51,30.79,11.17,286.8,0.04,123.37,97.22,6.12
2026-05-28 02:20:00,10,151.37,-199.94,-2.51,32.6,11.13,251.73,0.06,122.07,80.29,4.79
2026-05-28 02:25:00,10,151.37,-199.94,-2.51,32.81,10.37,293.27,0.04,143.5,85.1,6.01
2026-05-28 02:30:00,10,151.37,-199.94,-2.51,31.62,9.52,215.89,0.06,103.14,75.88,5.22
2026-05-28 02:35:00,10,151.37,-199.94,-2.51,32.27,9.66,218.31,0.06,103.95,76.09,4.67
2026-05-28 02:40:00,10,151.37,-199.94,-2.51,32.77,9.87,228.04,0.06,105.29,76.41,3.88
2026-05-28 02:45:00,10,151.37,-199.94,-2.51,32.03,9.6,236.66,0.05,111.98,77.61,3.7
2026-05-28 02:50:00,10,151.37,-199.94,-2.51,34.05,9.14,205.95,0.07,95.9,74.48,5.05
2026-05-28 02:55:00,10,151.37,-199.94,-2.51,33.7,8.89,278.61,0.04,133.5,82.09,3.51
2026-05-28 03:00:00,10,151.37,-199.94,-2.51,33.23,9.35,224.37,0.06,101.31,75.49,4.37
2026-05-28 03:05:00,10,151.37,-199.94,-2.51,32.91,8.73,294.16,0.03,137.55,83.0,3.71
2026-05-28 03:10:00,10,151.37,-199.94,-2.51,33.07,8.61,223.33,0.06,100.35,75.06,5.25
2026-05-28 03:15:00,10,151.37,-199.94,-2.51,33.19,7.73,234.56,0.05,110.58,76.67,3.8
2026-05-28 03:20:00,10,151.37,-199.94,-2.51,33.7,7.98,202.28,0.06,94.91,73.88,3.05
2026-05-28 03:25:00,10,151.37,-199.94,-2.51,34.71,7.61,235.09,0.04,110.32,76.56,4.52
2026-05-28 03:30:00,10,151.37,-199.94,-2.51,34.05,5.16,243.33,0.03,115.62,76.76,4.83
2026-05-28 03:35:00,10,151.37,-199.94,-2.51,33.36,5.14,241.32,0.03,112.0,76.01,4.05
2026-05-28 03:40:00,10,151.37,-199.94,-2.51,33.72,5.04,291.48,0.02,127.71,79.34,5.1
2026-05-28 03:45:00,10,151.37,-199.94,-2.51,33.47,4.64,346.44,0.01,163.55,88.58,4.22
2026-05-28 03:50:00,10,151.37,-199.94,-2.51,33.72,4.38,223.67,0.03,101.47,73.72,2.72
2026-05-28 03:55:00,10,151.37,-199.94,-2.51,34.32,4.36,293.48,0.02,145.26,83.42,3.59
2026-05-28 04:00:00,10,151.37,-199.94,-2.51,34.9,3.7,204.65,0.03,95.97,72.51,3.97
2026-05-28 04:05:00,10,151.37,-199.94,-2.51,34.55,4.19,263.54,0.02,119.35,77.19,3.05
2026-05-28 04:10:00,10,151.37,-199.94,-2.51,34.85,3.85,301.63,0.01,134.24,80.45,2.62
2026-05-28 04:15:00,10,151.37,-199.94,-2.51,35.16,3.35,262.21,0.02,117.26,76.45,2.59
2026-05-28 04:20:00,10,151.37,-199.94,-2.51,34.7,3.35,215.72,0.02,105.71,74.14,2.45
2026-05-28 04:25:00,10,151.37,-199.94,-2.51,35.34,3.22,253.17,0.01,118.25,76.6,3.86
2026-05-28 04:30:00,10,151.37,-199.94,-2.51,35.3,2.84,274.05,0.01,126.91,78.38,2.42
2026-05-28 04:35:00,10,151.37,-199.94,-2.51,35.59,2.76,132.59,0.05,63.5,67.56,3.02
2026-05-28 04:40:00,10,151.37,-199.94,-2.51,35.29,2.63,280.14,0.01,121.95,77.19,2.78
2026-05-28 04:45:00,10,151.37,-199.94,-2.51,36.05,2.22,211.27,0.02,105.67,73.73,2.05
2026-05-28 04:50:00,10,151.37,-199.94,-2.51,36.51,2.19,258.08,0.01,126.18,77.98,1.18
2026-05-28 04:55:00,10,151.37,-199.94,-2.51,35.62,1.89,253.22,0.01,121.45,76.82,2.56
2026-05-28 05:00:00,10,151.37,-199.94,-2.51,35.95,1.74,173.86,0.02,80.73,69.38,1.45
2026-05-28 05:05:00,10,151.37,-199.94,-2.51,36.25,1.77,253.62,0.01,124.32,77.42,0.0
2026-05-28 05:10:00,10,151.37,-199.94,-2.51,36.71,1.34,208.37,0.01,97.87,71.98,2.64
2026-05-28 05:15:00,10,151.37,-199.94,-2.51,36.1,1.23,223.73,0.01,108.27,73.87,1.34
2026-05-28 05:20:00,10,151.37,-199.94,-2.51,36.77,1.17,260.33,0.01,122.65,76.84,1.79
2026-05-28 05:25:00,10,151.37,-199.94,-2.51,36.95,1.18,292.99,0.0,147.17,82.77,1.07
2026-05-28 05:30:00,10,151.37,-199.94,-2.51,37.53,0.99,209.12,0.01,102.19,72.63,3.93
2026-05-28 05:35:00,10,151.37,-199.94,-2.51,37.11,0.74,286.14,0.0,136.27,79.84,0.0
2026-05-28 05:40:00,10,151.37,-199.94,-2.51,37.7,0.68,229.07,0.0,103.24,72.7,0.47
2026-05-28 05:45:00,10,151.37,-199.94,-2.51,36.17,0.59,213.72,0.0,99.72,72.02,0.2
2026-05-28 05:50:00,10,151.37,-199.94,-2.51,37.81,0.48,288.17,0.0,135.81,79.64,1.49
2026-05-28 05:55:00,10,151.37,-199.94,-2.51,37.0,0.32,242.86,0.0,113.34,74.54,0.89
2026-05-28 06:00:00,10,151.37,-199.94,-2.51,38.37,0.23,250.92,0.0,112.75,74.39,1.47
2026-05-28 06:05:00,10,151.37,-199.94,-2.51,38.0,0.13,199.94,0.0,94.43,70.94,0.54
2026-05-28 06:10:00,10,151.37,-199.94,-2.51,38.22,0.03,237.47,0.0,108.43,73.46,0.0
2026-05-28 06:15:00,10,151.37,-199.94,-2.51,39.1,0.0,218.32,0.0,102.71,72.37,0.47
2026-05-28 06:20:00,10,151.37,-199.94,-2.51,39.21,0.0,226.68,0.0,110.13,73.79,0.0
2026-05-28 06:25:00,10,151.37,-199.94,-2.51,39.01,0.0,161.8,0.0,80.56,68.71,0.0
2026-05-28 06:30:00,10,151.37,-199.94,-2.51,39.14,0.0,240.44,0.0,120.84,76.01,0.0
2026-05-28 06:35:00,10,151.37,-199.94,-2.51,39.95,0.0,238.78,0.0,112.76,74.32,0.16
2026-05-28 06:40:00,10,151.37,-199.94,-2.51,39.42,0.0,172.3,0.0,88.5,69.92,0.0
2026-05-28 06:45:00,10,151.37,-199.94,-2.51,38.92,0.0,259.35,0.0,125.24,76.99,0.0
2026-05-28 06:50:00,10,151.37,-199.94,-2.51,39.79,0.0,298.3,0.0,143.48,81.4,0.0
2026-05-28 06:55:00,10,151.37,-199.94,-2.51,38.76,0.0,168.24,0.0,78.57,68.43,0.0
2026-05-28 07:00:00,10,151.37,-199.94,-2.51,40.12,0.0,275.28,0.0,128.14,77.65,0.0
2026-05-28 07:05:00,10,151.37,-199.94,-2.51,38.75,0.0,271.46,0.0,128.7,77.78,0.0
2026-05-28 07:10:00,10,151.37,-199.94,-2.51,39.46,0.0,298.64,0.0,140.72,80.7,0.29
2026-05-28 07:15:00,10,151.37,-199.94,-2.51,40.39,0.0,384.21,0.0,191.25,95.79,0.34
2026-05-28 07:20:00,10,151.37,-199.94,-2.51,40.27,0.0,278.03,0.0,132.24,78.61,0.0
2026-05-28 07:25:00,10,151.37,-199.94,-2.51,40.3,0.0,266.1,0.0,126.0,77.16,1.35
2026-05-28 07:30:00,10,151.37,-199.94,-2.51,40.77,0.0,298.52,0.0,150.38,83.23,0.74
2026-05-28 07:35:00,10,151.37,-199.94,-2.51,40.31,0.0,330.96,0.0,159.75,85.84,0.52
2026-05-28 07:40:00,10,151.37,-199.94,-2.51,40.85,0.0,277.68,0.0,131.6,78.46,0.0
2026-05-28 07:45:00,10,151.37,-199.94,-2.51,41.43,0.0,262.06,0.0,126.82,77.35,0.0
2026-05-28 07:50:00,10,151.37,-199.94,-2.51,41.3,0.0,232.01,0.0,101.26,72.11,1.15
2026-05-28 07:55:00,10,151.37,-199.94,-2.51,40.58,0.0,299.59,0.0,139.95,80.5,0.48
2026-05-28 08:00:00,10,151.37,-199.94,-2.51,41.62,0.0,258.61,0.0,124.4,76.81,0.0
2026-05-28 08:05:00,10,151.37,-199.94,-2.51,42.35,0.0,294.58,0.0,145.5,81.93,0.0
2026-05-28 08:10:00,10,151.37,-199.94,-2.51,41.14,0.0,266.79,0.0,126.53,77.29,0.0
2026-05-28 08:15:00,10,151.37,-199.94,-2.51,41.49,0.0,245.05,0.0,121.49,76.16,0.0
2026-05-28 08:20:00,10,151.37,-199.94,-2.51,42.07,0.0,293.46,0.0,139.95,80.51,0.0
2026-05-28 08:25:00,10,151.37,-199.94,-2.51,41.67,0.0,261.16,0.0,125.32,77.01,0.0
2026-05-28 08:30:00,10,151.37,-199.94,-2.51,41.6,0.0,289.66,0.0,143.96,81.53,0.0
2026-05-28 08:35:00,10,151.37,-199.94,-2.51,43.12,0.0,267.99,0.0,130.36,78.18,0.47
2026-05-28 08:40:00,10,151.37,-199.94,-2.51,42.84,0.0,305.35,0.0,151.87,83.64,0.05
2026-05-28 08:45:00,10,151.37,-199.94,-2.51,42.19,0.0,256.75,0.0,121.7,76.21,0.0
2026-05-28 08:50:00,10,151.37,-199.94,-2.51,42.64,0.0,243.81,0.0,111.71,74.11,0.54
2026-05-28 08:55:00,10,151.37,-199.94,-2.51,42.85,0.0,360.41,0.0,169.31,88.68,0.0
2026-05-28 09:00:00,10,151.37,-199.94,-2.51,43.26,0.0,272.53,0.0,127.07,77.41,0.0
2026-05-28 09:05:00,10,151.37,-199.94,-2.51,42.25,0.0,238.92,0.0,118.88,75.6,0.0
2026-05-28 09:10:00,10,151.37,-199.94,-2.51,43.26,0.0,273.29,0.0,126.92,77.38,0.0
2026-05-28 09:15:00,10,151.37,-199.94,-2.51,42.82,0.0,236.9,0.0,103.94,72.6,0.0
2026-05-28 09:20:00,10,151.37,-199.94,-2.51,43.68,0.0,257.07,0.0,118.28,75.47,0.0
2026-05-28 09:25:00,10,151.37,-199.94,-2.51,44.41,0.0,298.56,0.0,137.07,79.79,0.8
2026-05-28 09:30:00,10,151.37,-199.94,-2.51,43.49,0.0,246.92,0.0,123.12,76.52,1.1
2026-05-28 09:35:00,10,151.37,-199.94,-2.51,43.18,0.0,308.34,0.0,151.66,83.58,1.2
2026-05-28 09:40:00,10,151.37,-199.94,-2.51,44.67,0.0,232.91,0.0,110.88,90.44,0.0
2026-05-28 09:45:00,10,151.37,-199.94,-2.51,45.89,0.0,251.98,0.0,114.12,74.61,1.55
2026-05-28 09:50:00,10,151.37,-199.94,-2.51,43.36,0.0,294.26,0.0,137.64,79.93,0.77
2026-05-28 09:55:00,10,151.37,-199.94,-2.51,43.69,0.0,249.42,0.0,122.83,76.46,0.41
2026-05-28 10:00:00,10,151.37,-199.94,-2.51,44.65,0.0,229.5,0.0,109.02,73.58,84.31
2026-05-28 10:05:00,10,151.37,-199.94,-2.51,43.83,38.09,253.56,0.19,117.68,89.06,86.22
2026-05-28 10:10:00,10,151.37,-199.94,-2.51,44.55,43.53,208.93,0.29,94.86,86.8,83.54
2026-05-28 10:15:00,10,151.37,-199.94,-2.51,43.57,41.58,293.2,0.16,141.2,95.7,84.42
2026-05-28 10:20:00,10,151.37,-199.94,-2.51,44.53,44.82,260.69,0.21,121.58,92.29,84.68
2026-05-28 10:25:00,10,151.37,-199.94,-2.51,44.4,49.76,259.59,0.23,112.53,92.15,83.14
2026-05-28 10:30:00,10,151.37,-199.94,-2.51,44.76,46.31,277.62,0.2,128.9,94.45,81.89
2026-05-28 10:35:00,10,151.37,-199.94,-2.51,44.64,47.71,268.81,0.2,126.65,94.42,83.28
2026-05-28 10:40:00,10,151.37,-199.94,-2.51,44.56,55.85,234.47,0.33,108.09,93.61,82.81
2026-05-28 10:45:00,10,151.37,-199.94,-2.51,43.72,56.16,265.83,0.24,123.92,96.84,81.9
2026-05-28 10:50:00,10,151.37,-199.94,-2.51,44.94,57.4,265.17,0.25,126.68,97.92,82.12
2026-05-28 10:55:00,10,151.37,-199.94,-2.51,44.57,59.59,254.99,0.31,121.06,97.55,82.31
2026-05-28 11:00:00,10,151.37,-199.94,-2.51,43.87,64.82,312.83,0.24,151.69,106.76,82.65
2026-05-28 11:05:00,10,151.37,-199.94,-2.51,43.9,56.23,251.74,0.28,119.77,96.03,83.44
2026-05-28 11:10:00,10,151.37,-199.94,-2.51,45.31,60.14,306.93,0.22,142.68,102.7,81.35
2026-05-28 11:15:00,10,151.37,-199.94,-2.51,45.4,65.77,259.33,0.3,128.46,101.36,83.06
2026-05-28 11:20:00,10,151.37,-199.94,-2.51,44.69,63.81,267.37,0.26,128.96,100.71,82.25
2026-05-28 11:25:00,10,151.37,-199.94,-2.51,45.02,73.87,216.12,0.52,108.68,100.41,81.62
2026-05-28 11:30:00,10,151.37,-199.94,-2.51,44.63,69.25,206.04,0.54,93.76,96.11,80.98
2026-05-28 11:35:00,10,151.37,-199.94,-2.51,45.08,73.44,225.3,0.43,116.51,101.67,80.86
2026-05-28 11:40:00,10,151.37,-199.94,-2.51,45.67,71.49,242.66,0.41,116.46,100.93,81.99
2026-05-28 11:45:00,10,151.37,-199.94,-2.51,44.36,70.29,272.89,0.3,116.03,100.2,81.67
2026-05-28 11:50:00,10,151.37,-199.94,-2.51,45.02,79.51,249.96,0.4,123.59,105.26,80.76
2026-05-28 11:55:00,10,151.37,-199.94,-2.51,45.31,79.28,212.04,0.56,100.38,100.82,81.09
2026-05-28 12:00:00,10,151.37,-199.94,-2.51,45.9,81.2,201.22,0.65,94.55,100.65,79.84
2026-05-28 12:05:00,10,151.37,-199.94,-2.51,44.74,78.27,283.79,0.32,139.22,108.36,81.52
2026-05-28 12:10:00,10,151.37,-199.94,-2.51,44.83,86.8,222.37,0.52,106.67,104.55,81.62
2026-05-28 12:15:00,10,151.37,-199.94,-2.51,45.89,78.02,251.28,0.4,109.97,101.88,79.43
2026-05-28 12:20:00,10,151.37,-199.94,-2.51,44.51,77.22,202.79,0.6,97.11,99.6,79.07
2026-05-28 12:25:00,10,151.37,-199.94,-2.51,44.15,87.2,333.66,0.27,160.43,117.11,77.84
2026-05-28 12:30:00,10,151.37,-199.94,-2.51,44.16,89.93,250.32,0.49,108.96,106.02,79.9
2026-05-28 12:35:00,10,151.37,-199.94,-2.51,44.85,86.98,173.93,0.93,86.74,101.96,77.36
2026-05-28 12:40:00,10,151.37,-199.94,-2.51,44.0,81.26,280.53,0.32,138.54,109.24,79.15
2026-05-28 12:45:00,10,151.37,-199.94,-2.51,44.6,86.96,184.06,0.77,85.84,101.49,77.0
2026-05-28 12:50:00,10,151.37,-199.94,-2.51,45.55,87.96,224.05,0.54,101.3,103.99,79.65
2026-05-28 12:55:00,10,151.37,-199.94,-2.51,44.16,99.89,179.57,1.01,84.55,106.3,79.14
2026-05-28 13:00:00,10,151.37,-199.94,-2.51,44.93,100.53,213.97,0.64,98.22,108.03,77.42
2026-05-28 13:05:00,10,151.37,-199.94,-2.51,44.13,95.17,265.61,0.42,122.28,110.49,78.14
2026-05-28 13:10:00,10,151.37,-199.94,-2.51,44.5,95.8,262.18,0.45,125.37,111.46,77.63
2026-05-28 13:15:00,10,151.37,-199.94,-2.51,44.08,101.05,280.0,0.41,135.6,115.62,79.06
2026-05-28 13:20:00,10,151.37,-199.94,-2.51,44.52,90.43,310.45,0.31,140.53,112.93,79.33
2026-05-28 13:25:00,10,151.37,-199.94,-2.51,43.71,91.03,226.65,0.57,117.79,108.37,78.36
2026-05-28 13:30:00,10,151.37,-199.94,-2.51,44.8,97.71,262.23,0.42,120.76,111.05,78.11
2026-05-28 13:35:00,10,151.37,-199.94,-2.51,43.52,102.8,311.58,0.36,147.11,119.06,75.95
2026-05-28 13:40:00,10,151.37,-199.94,-2.51,44.3,100.82,213.9,0.72,98.82,108.4,77.08
2026-05-28 13:45:00,10,151.37,-199.94,-2.51,45.11,97.41,199.26,0.81,95.81,106.86,77.61
2026-05-28 13:50:00,10,151.37,-199.94,-2.51,44.59,103.98,246.02,0.55,110.33,137.66,76.02
2026-05-28 13:55:00,10,151.37,-199.94,-2.51,44.7,99.9,220.46,0.69,103.14,108.8,75.53
2026-05-28 14:00:00,10,151.37,-199.94,-2.51,44.11,104.05,222.27,0.67,110.52,111.63,77.32
2026-05-28 14:05:00,10,151.37,-199.94,-2.51,44.24,99.39,237.77,0.54,112.3,110.1,74.91
2026-05-28 14:10:00,10,151.37,-199.94,-2.51,43.85,100.06,293.4,0.38,143.72,117.25,76.2
2026-05-28 14:15:00,10,151.37,-199.94,-2.51,43.67,100.08,276.17,0.39,139.15,116.12,76.38
2026-05-28 14:20:00,10,151.37,-199.94,-2.51,43.32,93.51,389.35,0.21,181.82,125.78,75.76
2026-05-28 14:25:00,10,151.37,-199.94,-2.51,43.46,93.94,295.08,0.35,137.13,113.39,75.73
2026-05-28 14:30:00,10,151.37,-199.94,-2.51,42.76,99.8,229.07,0.59,105.65,109.04,76.36
2026-05-28 14:35:00,10,151.37,-199.94,-2.51,42.98,98.4,268.48,0.43,126.36,112.55,73.39
2026-05-28 14:40:00,10,151.37,-199.94,-2.51,43.97,98.66,280.96,0.4,136.02,114.86,73.47
2026-05-28 14:45:00,10,151.37,-199.94,-2.51,43.59,102.48,211.92,0.76,95.86,108.54,75.61
2026-05-28 14:50:00,10,151.37,-199.94,-2.51,43.47,100.02,276.81,0.44,116.52,110.99,75.17
2026-05-28 14:55:00,10,151.37,-199.94,-2.51,42.65,99.87,241.97,0.54,115.29,110.88,73.5
2026-05-28 15:00:00,10,151.37,-199.94,-2.51,42.73,101.59,314.81,0.31,145.65,118.15,74.36
2026-05-28 15:05:00,10,151.37,-199.94,-2.51,42.38,79.52,243.77,0.44,112.46,102.97,73.6
2026-05-28 15:10:00,10,151.37,-199.94,-2.51,42.15,75.17,248.9,0.37,119.37,102.75,73.97
2026-05-28 15:15:00,10,151.37,-199.94,-2.51,42.32,73.8,222.29,0.49,111.93,100.96,74.64
2026-05-28 15:20:00,10,151.37,-199.94,-2.51,42.9,79.29,266.59,0.32,125.78,105.51,73.2
2026-05-28 15:25:00,10,151.37,-199.94,-2.51,42.57,70.21,235.88,0.4,112.92,99.73,73.93
2026-05-28 15:30:00,10,151.37,-199.94,-2.51,41.78,76.56,296.13,0.29,135.26,106.72,72.84
2026-05-28 15:35:00,10,151.37,-199.94,-2.51,42.16,69.46,246.38,0.36,113.95,99.6,73.1
2026-05-28 15:40:00,10,151.37,-199.94,-2.51,41.63,69.77,329.99,0.21,143.21,106.17,73.65
2026-05-28 15:45:00,10,151.37,-199.94,-2.51,42.06,71.24,238.75,0.41,109.49,99.42,72.08
2026-05-28 15:50:00,10,151.37,-199.94,-2.51,41.92,68.67,213.08,0.5,97.86,96.53,73.05
2026-05-28 15:55:00,10,151.37,-199.94,-2.51,41.1,69.99,209.08,0.49,97.21,96.86,73.56
2026-05-28 16:00:00,10,151.37,-199.94,-2.51,42.38,72.67,250.59,0.37,124.26,102.95,71.65
2026-05-28 16:05:00,10,151.37,-199.94,-2.51,42.42,68.9,176.77,0.73,85.15,94.98,70.83
2026-05-28 16:10:00,10,151.37,-199.94,-2.51,40.7,58.42,205.44,0.44,97.44,92.75,73.41
2026-05-28 16:15:00,10,151.37,-199.94,-2.51,41.29,50.77,205.58,0.37,96.97,89.85,73.12
2026-05-28 16:20:00,10,151.37,-199.94,-2.51,41.01,50.57,250.09,0.25,124.67,95.06,70.3
2026-05-28 16:25:00,10,151.37,-199.94,-2.51,41.23,48.56,290.19,0.19,145.28,99.25,72.44
2026-05-28 16:30:00,10,151.37,-199.94,-2.51,40.72,48.07,216.98,0.31,100.71,89.45,71.15
2026-05-28 16:35:00,10,151.37,-199.94,-2.51,41.81,45.92,273.53,0.17,124.04,93.14,72.34
2026-05-28 16:40:00,10,151.37,-199.94,-2.51,40.56,52.82,239.02,0.29,120.85,95.09,71.58
2026-05-28 16:45:00,10,151.37,-199.94,-2.51,40.05,49.83,207.6,0.34,101.12,90.2,72.17
2026-05-28 16:50:00,10,151.37,-199.94,-2.51,40.1,45.99,181.76,0.47,85.33,86.46,71.55
2026-05-28 16:55:00,10,151.37,-199.94,-2.51,40.4,50.41,312.75,0.16,147.15,100.33,70.6
2026-05-28 17:00:00,10,151.37,-199.94,-2.51,40.26,41.93,238.96,0.24,106.18,88.18,71.98
2026-05-28 17:05:00,10,151.37,-199.94,-2.51,39.24,41.57,281.16,0.16,131.5,93.31,70.62
2026-05-28 17:10:00,10,151.37,-199.94,-2.51,39.43,42.74,274.55,0.18,126.6,92.62,69.44
2026-05-28 17:15:00,10,151.37,-199.94,-2.51,39.59,40.26,205.93,0.29,97.1,86.03,70.67
2026-05-28 17:20:00,10,151.37,-199.94,-2.51,39.61,36.38,182.98,0.34,77.92,81.75,69.41
2026-05-28 17:25:00,10,151.37,-199.94,-2.51,38.82,38.83,309.19,0.13,137.22,93.67,71.1
2026-05-28 17:30:00,10,151.37,-199.94,-2.51,39.05,36.62,262.94,0.17,127.38,90.63,69.81
2026-05-28 17:35:00,10,151.37,-199.94,-2.51,38.96,37.1,240.97,0.2,110.38,87.22,70.01
2026-05-28 17:40:00,10,151.37,-199.94,-2.51,38.78,35.87,288.5,0.13,128.3,90.5,70.38
2026-05-28 17:45:00,10,151.37,-199.94,-2.51,38.14,37.91,272.2,0.15,129.89,91.62,70.41
2026-05-28 17:50:00,10,151.37,-199.94,-2.51,38.26,29.86,263.03,0.13,121.61,86.89,70.52
2026-05-28 17:55:00,10,151.37,-199.94,-2.51,37.32,33.32,263.89,0.16,121.38,88.11,68.93
2026-05-28 18:00:00,10,151.37,-199.94,-2.51,37.59,34.08,268.18,0.14,122.07,88.49,69.12
2026-05-28 18:05:00,10,151.37,-199.94,-2.51,37.74,32.41,285.27,0.13,132.94,90.38,69.4
2026-05-28 18:10:00,10,151.37,-199.94,-2.51,37.79,27.31,233.31,0.16,113.42,84.33,69.52
2026-05-28 18:15:00,10,151.37,-199.94,-2.51,37.61,27.64,187.73,0.26,88.22,80.07,69.43
2026-05-28 18:20:00,10,151.37,-199.94,-2.51,36.82,27.39,267.71,0.12,126.93,87.19,68.62
2026-05-28 18:25:00,10,151.37,-199.94,-2.51,37.34,22.54,226.53,0.14,109.53,81.84,68.88
2026-05-28 18:30:00,10,151.37,-199.94,-2.51,36.87,24.15,320.25,0.07,145.96,90.63,67.65
2026-05-28 18:35:00,10,151.37,-199.94,-2.51,36.37,22.02,286.48,0.08,133.6,86.8,67.27
2026-05-28 18:40:00,10,151.37,-199.94,-2.51,35.86,30.68,258.22,0.15,121.79,87.25,67.74
2026-05-28 18:45:00,10,151.37,-199.94,-2.51,36.51,29.99,256.85,0.14,115.58,85.67,67.76
2026-05-28 18:50:00,10,151.37,-199.94,-2.51,36.05,22.66,269.89,0.1,123.72,84.77,67.14
2026-05-28 18:55:00,10,151.37,-199.94,-2.51,36.68,22.53,249.6,0.12,117.2,83.36,68.05
2026-05-28 19:00:00,10,151.37,-199.94,-2.51,36.1,19.67,250.92,0.11,125.72,84.2,67.1
2026-05-28 19:05:00,10,151.37,-199.94,-2.51,35.05,25.04,276.87,0.1,130.33,87.12,65.51
2026-05-28 19:10:00,10,151.37,-199.94,-2.51,35.79,19.71,297.28,0.07,135.6,86.45,68.33
2026-05-28 19:15:00,10,151.37,-199.94,-2.51,35.98,20.31,162.56,0.26,74.17,75.45,68.18
2026-05-28 19:20:00,10,151.37,-199.94,-2.51,35.49,17.72,208.05,0.13,97.81,77.94,67.99
2026-05-28 19:25:00,10,151.37,-199.94,-2.51,35.28,22.24,260.73,0.1,124.81,84.87,67.38
2026-05-28 19:30:00,10,151.37,-199.94,-2.51,34.91,19.06,190.01,0.17,85.54,76.46,66.84
2026-05-28 19:35:00,10,151.37,-199.94,-2.51,34.05,16.46,196.67,0.15,92.7,76.66,66.51
2026-05-28 19:40:00,10,151.37,-199.94,-2.51,36.08,23.63,249.78,0.12,116.54,83.6,64.76
2026-05-28 19:45:00,10,151.37,-199.94,-2.51,34.9,13.0,273.77,0.05,139.98,85.15,65.57
2026-05-28 19:50:00,10,151.37,-199.94,-2.51,34.67,16.81,324.04,0.05,164.24,93.13,67.14
2026-05-28 19:55:00,10,151.37,-199.94,-2.51,34.15,21.07,208.44,0.15,92.21,78.19,65.9
2026-05-28 20:00:00,10,151.37,-199.94,-2.51,34.59,21.97,265.22,0.11,118.8,83.48,65.73
2026-05-28 20:05:00,10,151.37,-199.94,-2.51,34.25,22.14,247.79,0.12,114.65,82.68,65.29
2026-05-28 20:10:00,10,151.37,-199.94,-2.51,35.04,15.78,216.12,0.11,110.27,79.55,65.66
2026-05-28 20:15:00,10,151.37,-199.94,-2.51,33.45,17.03,254.56,0.08,118.55,81.63,64.15
2026-05-28 20:20:00,10,151.37,-199.94,-2.51,34.11,16.67,346.36,0.04,162.42,92.52,65.93
2026-05-28 20:25:00,10,151.37,-199.94,-2.51,33.29,11.0,292.18,0.04,136.43,83.54,64.61
2026-05-28 20:30:00,10,151.37,-199.94,-2.51,33.34,15.71,311.07,0.05,149.09,88.46,66.11
2026-05-28 20:35:00,10,151.37,-199.94,-2.51,34.7,15.1,307.85,0.05,143.9,86.89,65.33
2026-05-28 20:40:00,10,151.37,-199.94,-2.51,33.44,19.81,275.21,0.08,140.04,87.61,64.25
2026-05-28 20:45:00,10,151.37,-199.94,-2.51,33.98,20.44,248.55,0.11,123.26,94.51,64.8
2026-05-28 20:50:00,10,151.37,-199.94,-2.51,33.45,18.72,329.2,0.05,153.68,90.77,63.36
2026-05-28 20:55:00,10,151.37,-199.94,-2.51,32.71,18.85,271.07,0.08,124.39,83.54,65.03
2026-05-28 21:00:00,10,151.37,-199.94,-2.51,34.11,18.98,259.5,0.09,122.45,83.18,64.74
2026-05-28 21:05:00,10,151.37,-199.94,-2.51,32.3,18.12,264.19,0.09,120.21,82.39,63.52
2026-05-28 21:10:00,10,151.37,-199.94,-2.51,32.4,19.87,290.99,0.07,132.89,85.85,64.38
2026-05-28 21:15:00,10,151.37,-199.94,-2.51,32.51,18.26,279.11,0.07,124.97,98.23,64.1
2026-05-28 21:20:00,10,151.37,-199.94,-2.51,33.73,21.24,165.85,0.24,74.76,75.81,62.69
2026-05-28 21:25:00,10,151.37,-199.94,-2.51,32.96,22.25,240.9,0.11,110.19,81.8,62.28
2026-05-28 21:30:00,10,151.37,-199.94,-2.51,32.97,23.88,237.4,0.13,110.68,82.5,62.83
2026-05-28 21:35:00,10,151.37,-199.94,-2.51,32.07,22.39,299.79,0.08,148.38,90.67,61.93
2026-05-28 21:40:00,10,151.37,-199.94,-2.51,32.14,20.16,270.88,0.09,124.01,83.94,62.98
2026-05-28 21:45:00,10,151.37,-199.94,-2.51,32.77,22.78,202.79,0.18,94.17,91.14,62.58
2026-05-28 21:50:00,10,151.37,-199.94,-2.51,31.8,25.15,298.44,0.09,132.89,87.73,62.39
2026-05-28 21:55:00,10,151.37,-199.94,-2.51,31.75,27.76,172.22,0.29,82.72,79.31,62.71
2026-05-28 22:00:00,10,151.37,-199.94,-2.51,31.15,29.14,250.22,0.14,123.42,87.05,62.67
2026-05-28 22:05:00,10,151.37,-199.94,-2.51,31.77,26.41,190.57,0.23,82.92,78.75,62.18
2026-05-28 22:10:00,10,151.37,-199.94,-2.51,31.93,30.65,288.29,0.13,138.37,91.08,60.77
2026-05-28 22:15:00,10,151.37,-199.94,-2.51,31.62,25.67,323.91,0.07,146.15,91.21,61.6
2026-05-28 22:20:00,10,151.37,-199.94,-2.51,31.77,30.78,269.77,0.14,126.33,88.28,62.39
2026-05-28 22:25:00,10,151.37,-199.94,-2.51,32.28,30.66,268.83,0.14,120.87,87.02,60.39
2026-05-28 22:30:00,10,151.37,-199.94,-2.51,31.52,32.17,187.17,0.3,84.86,81.2,62.31
2026-05-28 22:35:00,10,151.37,-199.94,-2.51,32.1,36.29,256.9,0.18,121.5,89.21,59.69
2026-05-28 22:40:00,10,151.37,-199.94,-2.51,31.34,33.81,273.54,0.15,131.92,90.65,62.65
2026-05-28 22:45:00,10,151.37,-199.94,-2.51,31.32,40.05,207.65,0.29,100.96,86.63,61.95
2026-05-28 22:50:00,10,151.37,-199.94,-2.51,31.05,38.57,195.13,0.32,92.62,84.72,60.97
2026-05-28 22:55:00,10,151.37,-199.94,-2.51,31.44,29.65,225.52,0.18,110.44,84.57,61.17
2026-05-28 23:00:00,10,151.37,-199.94,-2.51,32.27,32.48,232.63,0.2,113.92,86.31,60.51
2026-05-28 23:05:00,10,151.37,-199.94,-2.51,30.76,30.91,237.09,0.17,115.24,85.97,59.33
2026-05-28 23:10:00,10,151.37,-199.94,-2.51,30.96,33.32,306.15,0.11,142.62,93.05,59.1
2026-05-28 23:15:00,10,151.37,-199.94,-2.51,30.55,33.0,272.08,0.15,130.35,90.0,61.07
2026-05-28 23:20:00,10,151.37,-199.94,-2.51,30.88,35.71,208.93,0.28,95.0,84.04,59.85
2026-05-28 23:25:00,10,151.37,-199.94,-2.51,30.7,38.11,181.47,0.34,84.86,83.36,60.28
2026-05-28 23:30:00,10,151.37,-199.94,-2.51,30.39,38.95,288.2,0.15,127.1,91.33,59.59
2026-05-28 23:35:00,10,151.37,-199.94,-2.51,30.94,41.34,272.37,0.17,125.93,91.94,60.84
2026-05-28 23:40:00,10,151.37,-199.94,-2.51,31.49,38.93,269.6,0.16,128.5,91.67,59.31
2026-05-28 23:45:00,10,151.37,-199.94,-2.51,30.42,38.93,280.92,0.16,132.4,92.58,59.65
2026-05-28 23:50:00,10,151.37,-199.94,-2.51,30.21,44.97,218.96,0.31,103.55,88.87,60.64
2026-05-28 23:55:00,10,151.37,-199.94,-2.51,31.14,43.09,297.2,0.16,141.54,96.29,59.19
2026-05-29 00:00:00,10,-534.88,157.29,-0.37,31.79,41.62,276.94,0.18,133.01,93.71,60.38
2026-05-29 00:05:00,10,-534.88,157.29,-0.37,31.55,39.95,189.29,0.36,85.3,84.11,59.29
2026-05-29 00:10:00,10,-534.88,157.29,-0.37,31.06,45.16,240.69,0.23,112.0,90.41,60.1
2026-05-29 00:15:00,10,-534.88,157.29,-0.37,30.32,44.64,216.17,0.3,93.03,86.87,57.68
2026-05-29 00:20:00,10,-534.88,157.29,-0.37,29.57,45.47,230.83,0.26,109.17,90.02,58.43
2026-05-29 00:25:00,10,-534.88,157.29,-0.37,30.25,46.82,320.9,0.15,144.9,98.44,58.08
2026-05-29 00:30:00,10,-534.88,157.29,-0.37,31.16,48.05,251.87,0.24,119.24,92.95,57.9
2026-05-29 00:35:00,10,-534.88,157.29,-0.37,30.94,49.7,290.93,0.18,139.39,98.1,57.53
2026-05-29 00:40:00,10,-534.88,157.29,-0.37,30.8,47.18,250.74,0.24,120.54,92.93,57.26
2026-05-29 00:45:00,10,-534.88,157.29,-0.37,30.93,46.75,220.16,0.29,103.54,89.45,57.38
2026-05-29 00:50:00,10,-534.88,157.29,-0.37,31.07,49.44,264.97,0.22,125.71,94.83,58.94
2026-05-29 00:55:00,10,-534.88,157.29,-0.37,31.17,48.59,303.99,0.17,138.57,97.49,57.94
2026-05-29 01:00:00,10,-534.88,157.29,-0.37,31.08,51.27,205.3,0.38,98.71,90.33,59.66
2026-05-29 01:05:00,10,-534.88,157.29,-0.37,31.75,47.62,287.7,0.19,142.17,98.1,57.21
2026-05-29 01:10:00,10,-534.88,157.29,-0.37,30.57,48.74,207.54,0.33,97.77,89.18,57.94
2026-05-29 01:15:00,10,-534.88,157.29,-0.37,31.78,40.87,329.32,0.11,144.62,96.21,56.78
2026-05-29 01:20:00,10,-534.88,157.29,-0.37,31.95,42.78,210.64,0.31,98.77,100.61,56.68
2026-05-29 01:25:00,10,-534.88,157.29,-0.37,30.88,41.79,312.77,0.14,157.05,99.96,56.89
2026-05-29 01:30:00,10,-534.88,157.29,-0.37,31.92,45.98,259.58,0.21,126.62,93.8,54.87
2026-05-29 01:35:00,10,-534.88,157.29,-0.37,31.63,44.9,310.21,0.14,140.92,96.73,55.81
2026-05-29 01:40:00,10,-534.88,157.29,-0.37,32.32,40.22,206.22,0.32,109.59,88.39,57.71
2026-05-29 01:45:00,10,-534.88,157.29,-0.37,31.75,44.42,216.12,0.29,99.64,87.92,57.1
2026-05-29 01:50:00,10,-534.88,157.29,-0.37,32.02,43.26,309.93,0.13,141.36,96.25,54.46
2026-05-29 01:55:00,10,-534.88,157.29,-0.37,31.09,39.11,201.97,0.3,91.8,84.73,55.29
2026-05-29 02:00:00,10,-534.88,157.29,-0.37,31.8,40.68,179.53,0.42,83.92,84.28,54.52
2026-05-29 02:05:00,10,-534.88,157.29,-0.37,32.45,43.47,264.85,0.19,133.4,94.47,54.77
2026-05-29 02:10:00,10,-534.88,157.29,-0.37,32.4,39.81,257.2,0.18,122.11,90.57,54.47
2026-05-29 02:15:00,10,-534.88,157.29,-0.37,32.46,34.9,248.6,0.18,125.7,89.66,54.46
2026-05-29 02:20:00,10,-534.88,157.29,-0.37,31.91,33.57,185.13,0.35,90.02,82.6,55.06
2026-05-29 02:25:00,10,-534.88,157.29,-0.37,32.09,29.89,205.35,0.23,94.36,81.79,55.54
2026-05-29 02:30:00,10,-534.88,157.29,-0.37,32.58,31.29,230.16,0.19,106.42,84.39,54.7
2026-05-29 02:35:00,10,-534.88,157.29,-0.37,32.27,27.96,224.29,0.18,102.4,82.44,55.56
2026-05-29 02:40:00,10,-534.88,157.29,-0.37,32.88,29.85,246.32,0.16,121.23,86.85,55.11
2026-05-29 02:45:00,10,-534.88,157.29,-0.37,32.51,29.22,98.69,1.01,46.52,77.05,55.2
2026-05-29 02:50:00,10,-534.88,157.29,-0.37,32.47,27.87,249.26,0.15,111.88,84.18,52.16
2026-05-29 02:55:00,10,-534.88,157.29,-0.37,33.42,26.56,240.89,0.14,118.35,85.05,54.92
2026-05-29 03:00:00,10,-534.88,157.29,-0.37,33.38,24.54,309.15,0.09,152.98,92.69,54.65
2026-05-29 03:05:00,10,-534.88,157.29,-0.37,33.29,28.65,149.94,0.37,72.63,78.38,53.86
2026-05-29 03:10:00,10,-534.88,157.29,-0.37,33.63,26.79,284.03,0.11,121.96,85.85,54.9
2026-05-29 03:15:00,10,-534.88,157.29,-0.37,33.65,24.77,262.95,0.12,116.11,99.26,53.97
2026-05-29 03:20:00,10,-534.88,157.29,-0.37,34.21,26.08,245.11,0.14,111.83,83.53,54.85
2026-05-29 03:25:00,10,-534.88,157.29,-0.37,33.2,23.89,244.21,0.12,117.96,83.99,56.52
2026-05-29 03:30:00,10,-534.88,157.29,-0.37,32.89,23.88,206.51,0.19,101.11,80.8,54.86
2026-05-29 03:35:00,10,-534.88,157.29,-0.37,33.89,23.2,271.28,0.1,128.8,86.11,53.81
2026-05-29 03:40:00,10,-534.88,157.29,-0.37,34.26,25.91,187.4,0.23,91.28,79.89,53.63
2026-05-29 03:45:00,10,-534.88,157.29,-0.37,34.74,24.39,251.16,0.12,127.04,86.17,53.37
2026-05-29 03:50:00,10,-534.88,157.29,-0.37,34.75,22.43,298.2,0.08,137.29,87.84,55.36
2026-05-29 03:55:00,10,-534.88,157.29,-0.37,33.85,23.3,281.0,0.1,129.4,86.29,52.94
2026-05-29 04:00:00,10,-534.88,157.29,-0.37,34.59,21.79,175.6,0.22,84.42,77.34,51.95
2026-05-29 04:05:00,10,-534.88,157.29,-0.37,34.87,21.84,259.35,0.1,121.0,83.88,54.37
2026-05-29 04:10:00,10,-534.88,157.29,-0.37,35.56,21.27,309.07,0.07,149.84,90.66,52.25
2026-05-29 04:15:00,10,-534.88,157.29,-0.37,35.28,20.59,287.11,0.08,129.18,85.25,53.29
2026-05-29 04:20:00,10,-534.88,157.29,-0.37,34.47,20.29,272.02,0.09,134.22,86.36,52.07
2026-05-29 04:25:00,10,-534.88,157.29,-0.37,35.51,20.67,202.99,0.15,94.64,78.46,51.44
2026-05-29 04:30:00,10,-534.88,157.29,-0.37,35.26,21.37,195.24,0.17,93.14,78.49,52.03
2026-05-29 04:35:00,10,-534.88,157.29,-0.37,36.26,18.99,209.49,0.14,103.3,79.4,51.84
2026-05-29 04:40:00,10,-534.88,157.29,-0.37,35.17,19.64,220.44,0.13,102.38,79.43,52.63
2026-05-29 04:45:00,10,-534.88,157.29,-0.37,35.4,18.31,232.67,0.1,104.71,79.34,51.76
2026-05-29 04:50:00,10,-534.88,157.29,-0.37,36.13,18.52,284.49,0.07,137.99,86.62,51.91
2026-05-29 04:55:00,10,-534.88,157.29,-0.37,35.23,16.96,221.9,0.11,103.11,78.59,51.2
2026-05-29 05:00:00,10,-534.88,157.29,-0.37,35.94,16.4,307.38,0.05,144.56,87.51,54.0
2026-05-29 05:05:00,10,-534.88,157.29,-0.37,36.72,15.89,202.41,0.12,94.71,76.74,51.74
2026-05-29 05:10:00,10,-534.88,157.29,-0.37,36.38,15.88,248.78,0.08,120.2,81.59,52.03
2026-05-29 05:15:00,10,-534.88,157.29,-0.37,37.37,16.36,205.31,0.13,99.04,77.68,50.04
2026-05-29 05:20:00,10,-534.88,157.29,-0.37,35.98,17.07,283.71,0.07,137.54,86.01,49.87
2026-05-29 05:25:00,10,-534.88,157.29,-0.37,37.72,15.13,223.55,0.11,107.33,78.75,50.82
2026-05-29 05:30:00,10,-534.88,157.29,-0.37,37.51,15.84,257.67,0.07,117.34,80.94,51.12
2026-05-29 05:35:00,10,-534.88,157.29,-0.37,36.23,12.54,218.3,0.08,98.56,76.16,49.71
2026-05-29 05:40:00,10,-534.88,157.29,-0.37,36.67,14.4,234.38,0.08,113.65,79.69,50.28
2026-05-29 05:45:00,10,-534.88,157.29,-0.37,37.13,13.57,270.79,0.06,126.89,82.23,50.02
2026-05-29 05:50:00,10,-534.88,157.29,-0.37,37.45,10.55,288.36,0.04,138.59,83.93,49.8
2026-05-29 05:55:00,10,-534.88,157.29,-0.37,38.25,10.98,229.99,0.06,101.37,76.08,50.33
2026-05-29 06:00:00,10,-534.88,157.29,-0.37,38.95,13.26,200.99,0.1,99.27,76.58,48.72
2026-05-29 06:05:00,10,-534.88,157.29,-0.37,38.46,9.67,187.64,0.09,89.34,73.62,50.1
2026-05-29 06:10:00,10,-534.88,157.29,-0.37,38.78,10.21,256.32,0.05,123.46,80.26,49.3
2026-05-29 06:15:00,10,-534.88,157.29,-0.37,38.92,10.89,131.86,0.2,62.74,70.63,50.6
2026-05-29 06:20:00,10,-534.88,157.29,-0.37,38.92,9.45,277.18,0.04,134.28,82.49,47.71
2026-05-29 06:25:00,10,-534.88,157.29,-0.37,38.4,9.39,258.2,0.04,129.15,94.05,47.62
2026-05-29 06:30:00,10,-534.88,157.29,-0.37,38.58,9.19,334.69,0.03,154.27,107.99,47.97
2026-05-29 06:35:00,10,-534.88,157.29,-0.37,39.45,8.53,320.48,0.03,142.85,84.28,48.45
2026-05-29 06:40:00,10,-534.88,157.29,-0.37,39.3,8.03,257.67,0.04,123.56,79.5,47.85
2026-05-29 06:45:00,10,-534.88,157.29,-0.37,39.09,6.69,363.46,0.02,166.99,90.35,47.88
2026-05-29 06:50:00,10,-534.88,157.29,-0.37,39.5,8.75,242.68,0.05,111.11,77.15,47.92
2026-05-29 06:55:00,10,-534.88,157.29,-0.37,40.26,9.38,364.57,0.02,163.05,90.13,47.92
2026-05-29 07:00:00,10,-534.88,157.29,-0.37,39.36,7.95,330.71,0.02,154.12,87.07,47.16
2026-05-29 07:05:00,10,-534.88,157.29,-0.37,40.12,5.69,203.25,0.05,98.01,73.61,47.59
2026-05-29 07:10:00,10,-534.88,157.29,-0.37,40.03,6.42,287.97,0.02,144.2,83.87,47.97
2026-05-29 07:15:00,10,-534.88,157.29,-0.37,39.94,5.97,175.11,0.06,80.4,70.9,46.91
2026-05-29 07:20:00,10,-534.88,157.29,-0.37,40.02,5.06,180.37,0.05,86.78,71.52,48.6
2026-05-29 07:25:00,10,-534.88,157.29,-0.37,40.27,6.58,261.47,0.03,125.35,79.38,47.09
2026-05-29 07:30:00,10,-534.88,157.29,-0.37,40.42,6.98,242.66,0.04,116.44,77.6,46.59
2026-05-29 07:35:00,10,-534.88,157.29,-0.37,41.92,7.24,368.65,0.02,175.44,93.15,46.14
2026-05-29 07:40:00,10,-534.88,157.29,-0.37,40.43,5.4,218.61,0.04,97.4,73.38,46.39
2026-05-29 07:45:00,10,-534.88,157.29,-0.37,41.18,5.26,324.62,0.02,143.01,83.17,45.8
2026-05-29 07:50:00,10,-534.88,157.29,-0.37,41.28,6.41,239.39,0.03,116.93,77.49,46.42
2026-05-29 07:55:00,10,-534.88,157.29,-0.37,40.77,6.19,229.53,0.04,108.81,75.78,46.42
2026-05-29 08:00:00,10,-534.88,157.29,-0.37,41.02,5.51,255.94,0.03,121.48,78.15,46.59
2026-05-29 08:05:00,10,-534.88,157.29,-0.37,41.65,5.69,275.89,0.02,133.98,81.06,46.59
2026-05-29 08:10:00,10,-534.88,157.29,-0.37,41.81,5.86,311.73,0.02,137.48,81.98,45.98
2026-05-29 08:15:00,10,-534.88,157.29,-0.37,43.01,4.52,295.55,0.02,142.84,82.87,46.16
2026-05-29 08:20:00,10,-534.88,157.29,-0.37,43.06,5.05,244.9,0.03,120.95,77.87,45.24
2026-05-29 08:25:00,10,-534.88,157.29,-0.37,41.43,5.75,211.45,0.04,105.85,75.05,46.86
2026-05-29 08:30:00,10,-534.88,157.29,-0.37,42.2,5.35,233.47,0.03,108.0,75.31,48.06
2026-05-29 08:35:00,10,-534.88,157.29,-0.37,42.39,5.75,244.63,0.03,118.26,77.54,45.78
2026-05-29 08:40:00,10,-534.88,157.29,-0.37,42.74,6.14,187.7,0.05,85.61,71.72,45.76
2026-05-29 08:45:00,10,-534.88,157.29,-0.37,43.3,6.88,306.24,0.02,153.6,86.56,44.84
2026-05-29 08:50:00,10,-534.88,157.29,-0.37,43.02,4.67,261.54,0.02,125.67,78.77,45.16
2026-05-29 08:55:00,10,-534.88,157.29,-0.37,42.73,6.16,234.98,0.03,114.63,76.92,46.96
2026-05-29 09:00:00,10,-534.88,157.29,-0.37,42.59,6.69,292.63,0.02,135.94,81.89,44.67
2026-05-29 09:05:00,10,-534.88,157.29,-0.37,44.04,6.46,340.2,0.02,168.61,90.77,46.78
2026-05-29 09:10:00,10,-534.88,157.29,-0.37,43.42,6.45,265.49,0.03,136.43,81.95,44.51
2026-05-29 09:15:00,10,-534.88,157.29,-0.37,44.01,7.94,323.52,0.02,164.84,90.16,46.09
2026-05-29 09:20:00,10,-534.88,157.29,-0.37,43.0,7.23,206.57,0.05,101.04,74.7,45.92
2026-05-29 09:25:00,10,-534.88,157.29,-0.37,43.74,7.53,277.03,0.03,132.86,81.46,46.35
2026-05-29 09:30:00,10,-534.88,157.29,-0.37,42.92,7.3,267.67,0.03,127.81,80.2,44.45
2026-05-29 09:35:00,10,-534.88,157.29,-0.37,44.22,8.56,315.3,0.03,147.43,85.5,44.02
2026-05-29 09:40:00,10,-534.88,157.29,-0.37,42.8,8.55,287.46,0.03,134.48,82.21,42.82
2026-05-29 09:45:00,10,-534.88,157.29,-0.37,43.71,8.06,213.63,0.06,96.95,74.28,43.66
2026-05-29 09:50:00,10,-534.88,157.29,-0.37,44.45,10.1,302.06,0.04,135.12,82.93,44.07
2026-05-29 09:55:00,10,-534.88,157.29,-0.37,44.38,9.13,223.81,0.06,116.63,78.44,44.62
2026-05-29 10:00:00,10,-534.88,157.29,-0.37,45.06,10.6,257.92,0.05,122.68,80.24,43.25
2026-05-29 10:05:00,10,-534.88,157.29,-0.37,44.88,9.2,260.35,0.04,126.28,80.54,44.88
2026-05-29 10:10:00,10,-534.88,157.29,-0.37,44.21,9.84,215.38,0.07,105.1,76.41,44.55
2026-05-29 10:15:00,10,-534.88,157.29,-0.37,44.18,10.22,311.65,0.03,136.06,83.18,41.8
2026-05-29 10:20:00,10,-534.88,157.29,-0.37,44.25,10.52,290.18,0.04,141.39,84.64,42.73
2026-05-29 10:25:00,10,-534.88,157.29,-0.37,44.43,12.02,157.55,0.16,76.0,72.61,44.06
2026-05-29 10:30:00,10,-534.88,157.29,-0.37,45.21,8.98,256.27,0.04,118.81,78.81,42.34
2026-05-29 10:35:00,10,-534.88,157.29,-0.37,44.38,10.35,284.45,0.04,132.23,82.32,43.04
2026-05-29 10:40:00,10,-534.88,157.29,-0.37,44.78,10.17,171.73,0.11,73.55,81.51,42.28
2026-05-29 10:45:00,10,-534.88,157.29,-0.37,44.53,12.96,244.84,0.07,118.55,80.21,43.52
2026-05-29 10:50:00,10,-534.88,157.29,-0.37,44.37,12.64,315.6,0.04,145.64,86.48,43.21
2026-05-29 10:55:00,10,-534.88,157.29,-0.37,44.42,13.02,331.88,0.04,151.45,88.16,41.74
2026-05-29 11:00:00,10,-534.88,157.29,-0.37,45.13,13.47,301.54,0.05,154.51,89.19,40.45
2026-05-29 11:05:00,10,-534.88,157.29,-0.37,45.59,15.51,298.15,0.06,143.83,87.05,42.53
2026-05-29 11:10:00,10,-534.88,157.29,-0.37,43.92,14.12,275.47,0.05,128.48,82.78,41.22
2026-05-29 11:15:00,10,-534.88,157.29,-0.37,44.61,12.82,281.81,0.05,132.64,83.31,41.95
2026-05-29 11:20:00,10,-534.88,157.29,-0.37,45.37,14.47,279.75,0.06,136.74,84.9,42.46
2026-05-29 11:25:00,10,-534.88,157.29,-0.37,44.98,15.48,289.16,0.06,137.01,85.32,40.06
2026-05-29 11:30:00,10,-534.88,157.29,-0.37,44.45,14.82,220.4,0.09,108.14,78.78,41.5
2026-05-29 11:35:00,10,-534.88,157.29,-0.37,45.11,17.11,304.29,0.05,151.86,89.73,42.12
2026-05-29 11:40:00,10,-534.88,157.29,-0.37,45.2,15.64,200.22,0.13,91.63,76.18,42.62
2026-05-29 11:45:00,10,-534.88,157.29,-0.37,44.47,17.54,285.42,0.07,133.1,85.11,41.77
2026-05-29 11:50:00,10,-534.88,157.29,-0.37,46.28,17.26,327.2,0.05,144.63,87.86,41.68
2026-05-29 11:55:00,10,-534.88,157.29,-0.37,44.18,15.16,247.99,0.08,117.09,80.69,42.6
2026-05-29 12:00:00,10,-534.88,157.29,-0.37,44.92,17.64,273.48,0.08,118.54,81.87,39.74
2026-05-29 12:05:00,10,-534.88,157.29,-0.37,44.92,17.12,258.39,0.08,113.7,80.67,39.55
2026-05-29 12:10:00,10,-534.88,157.29,-0.37,45.0,18.7,350.15,0.05,170.78,95.78,39.51
2026-05-29 12:15:00,10,-534.88,157.29,-0.37,45.23,17.62,304.72,0.07,149.28,89.25,38.31
2026-05-29 12:20:00,10,-534.88,157.29,-0.37,45.02,18.35,260.73,0.09,119.72,82.39,40.4
2026-05-29 12:25:00,10,-534.88,157.29,-0.37,44.67,17.66,217.36,0.12,101.44,78.57,41.68
2026-05-29 12:30:00,10,-534.88,157.29,-0.37,45.28,18.02,287.65,0.06,130.89,84.73,38.1
2026-05-29 12:35:00,10,-534.88,157.29,-0.37,44.74,20.18,233.83,0.12,113.35,81.75,39.87
2026-05-29 12:40:00,10,-534.88,157.29,-0.37,44.41,19.95,263.9,0.09,127.88,84.76,40.23
2026-05-29 12:45:00,10,-534.88,157.29,-0.37,45.29,20.14,275.09,0.09,120.72,83.23,40.23
2026-05-29 12:50:00,10,-534.88,157.29,-0.37,45.23,20.28,283.5,0.08,135.41,86.65,38.58
2026-05-29 12:55:00,10,-534.88,157.29,-0.37,45.03,19.0,256.16,0.09,124.52,83.67,40.12
2026-05-29 13:00:00,10,-534.88,157.29,-0.37,44.82,19.35,255.06,0.09,121.1,83.04,39.07
2026-05-29 13:05:00,10,-534.88,157.29,-0.37,44.32,18.79,186.25,0.17,89.18,76.96,38.59
2026-05-29 13:10:00,10,-534.88,157.29,-0.37,44.79,20.85,246.68,0.1,115.07,82.3,39.9
2026-05-29 13:15:00,10,-534.88,157.29,-0.37,45.18,19.96,203.61,0.15,94.7,78.24,38.53
2026-05-29 13:20:00,10,-534.88,157.29,-0.37,44.35,20.39,297.59,0.08,139.44,87.68,39.4
2026-05-29 13:25:00,10,-534.88,157.29,-0.37,44.5,19.2,249.54,0.11,118.79,82.53,38.04
2026-05-29 13:30:00,10,-534.88,157.29,-0.37,44.34,19.89,279.8,0.08,133.85,86.13,37.7
2026-05-29 13:35:00,10,-534.88,157.29,-0.37,44.38,18.74,282.99,0.08,129.91,84.79,38.61
2026-05-29 13:40:00,10,-534.88,157.29,-0.37,43.91,21.73,334.03,0.05,161.9,112.8,38.94
2026-05-29 13:45:00,10,-534.88,157.29,-0.37,43.76,20.53,261.53,0.09,121.93,83.63,36.58
2026-05-29 13:50:00,10,-534.88,157.29,-0.37,45.15,21.82,198.02,0.17,95.96,79.15,38.4
2026-05-29 13:55:00,10,-534.88,157.29,-0.37,43.32,19.54,308.97,0.07,152.6,110.09,37.52
2026-05-29 14:00:00,10,-534.88,157.29,-0.37,43.98,20.81,305.04,0.07,148.78,90.23,37.39
2026-05-29 14:05:00,10,-534.88,157.29,-0.37,43.85,21.31,255.86,0.11,119.32,83.37,38.3
2026-05-29 14:10:00,10,-534.88,157.29,-0.37,44.41,20.34,265.39,0.09,125.22,84.29,37.92
2026-05-29 14:15:00,10,-534.88,157.29,-0.37,43.67,19.86,263.07,0.1,131.14,85.51,37.06
2026-05-29 14:20:00,10,-534.88,157.29,-0.37,44.65,20.65,321.91,0.06,162.76,94.07,36.71
2026-05-29 14:25:00,10,-534.88,157.29,-0.37,43.78,18.91,274.46,0.08,114.7,81.5,37.41
2026-05-29 14:30:00,10,-534.88,157.29,-0.37,42.93,20.68,246.37,0.11,122.42,83.83,36.46
2026-05-29 14:35:00,10,-534.88,157.29,-0.37,43.34,19.84,240.31,0.1,117.44,82.44,36.35
2026-05-29 14:40:00,10,-534.88,157.29,-0.37,43.51,20.74,322.83,0.06,154.25,91.68,35.38
2026-05-29 14:45:00,10,-534.88,157.29,-0.37,43.3,18.2,240.48,0.1,112.94,80.93,36.07
2026-05-29 14:50:00,10,-534.88,157.29,-0.37,42.99,20.97,314.33,0.07,140.38,88.09,35.9
2026-05-29 14:55:00,10,-534.88,157.29,-0.37,43.15,18.31,280.37,0.07,133.24,85.41,38.06
2026-05-29 15:00:00,10,-534.88,157.29,-0.37,42.72,19.25,300.48,0.06,136.78,86.58,37.07
2026-05-29 15:05:00,10,-534.88,157.29,-0.37,42.51,19.02,208.89,0.14,97.43,78.36,35.08
2026-05-29 15:10:00,10,-534.88,157.29,-0.37,42.52,18.96,326.61,0.05,151.92,90.39,36.37
2026-05-29 15:15:00,10,-534.88,157.29,-0.37,42.08,19.05,300.74,0.07,148.91,89.64,35.55
2026-05-29 15:20:00,10,-534.88,157.29,-0.37,42.61,17.61,213.12,0.13,100.72,78.43,35.22
2026-05-29 15:25:00,10,-534.88,157.29,-0.37,42.97,18.27,263.07,0.08,132.64,85.27,35.14
2026-05-29 15:30:00,10,-534.88,157.29,-0.37,42.78,18.89,248.55,0.09,124.85,83.7,33.55
2026-05-29 15:35:00,10,-534.88,157.29,-0.37,42.29,15.9,215.89,0.11,101.22,77.89,33.17
2026-05-29 15:40:00,10,-534.88,157.29,-0.37,42.38,17.0,253.37,0.09,114.49,80.81,35.86
2026-05-29 15:45:00,10,-534.88,157.29,-0.37,43.12,16.93,310.32,0.05,141.26,86.87,35.57
2026-05-29 15:50:00,10,-534.88,157.29,-0.37,41.55,16.55,217.91,0.11,98.8,77.67,34.86
2026-05-29 15:55:00,10,-534.88,157.29,-0.37,41.64,14.9,273.21,0.06,131.73,83.83,34.48
2026-05-29 16:00:00,10,-534.88,157.29,-0.37,41.49,15.47,214.2,0.11,107.06,78.83,33.88
2026-05-29 16:05:00,10,-534.88,157.29,-0.37,42.23,16.48,225.4,0.09,110.09,79.74,34.01
2026-05-29 16:10:00,10,-534.88,157.29,-0.37,41.7,14.52,177.71,0.15,82.95,74.45,34.64
2026-05-29 16:15:00,10,-534.88,157.29,-0.37,41.04,15.49,291.72,0.06,133.8,84.53,34.07
2026-05-29 16:20:00,10,-534.88,157.29,-0.37,40.88,14.16,216.31,0.09,101.51,77.29,32.59
2026-05-29 16:25:00,10,-534.88,157.29,-0.37,40.77,14.34,243.06,0.08,117.8,80.55,32.73
2026-05-29 16:30:00,10,-534.88,157.29,-0.37,40.95,14.05,301.14,0.05,139.81,85.48,32.5
2026-05-29 16:35:00,10,-534.88,157.29,-0.37,40.2,13.71,212.82,0.09,104.96,77.77,33.28
2026-05-29 16:40:00,10,-534.88,157.29,-0.37,40.52,12.32,269.3,0.05,126.94,81.79,33.24
2026-05-29 16:45:00,10,-534.88,157.29,-0.37,39.8,12.3,232.69,0.08,113.6,78.95,32.18
2026-05-29 16:50:00,10,-534.88,157.29,-0.37,40.26,14.08,348.14,0.04,173.67,95.03,32.84
2026-05-29 16:55:00,10,-534.88,157.29,-0.37,39.72,12.68,244.37,0.07,109.26,78.2,32.56
2026-05-29 17:00:00,10,-534.88,157.29,-0.37,40.13,13.13,324.04,0.04,155.65,89.36,32.8
2026-05-29 17:05:00,10,-534.88,157.29,-0.37,39.96,10.97,310.99,0.04,143.61,85.35,32.25
2026-05-29 17:10:00,10,-534.88,157.29,-0.37,40.07,10.72,256.46,0.05,127.02,81.25,32.91
2026-05-29 17:15:00,10,-534.88,157.29,-0.37,38.84,10.54,283.25,0.04,135.85,83.25,33.81
2026-05-29 17:20:00,10,-534.88,157.29,-0.37,39.35,10.88,188.14,0.1,88.25,73.89,32.82
2026-05-29 17:25:00,10,-534.88,157.29,-0.37,38.92,9.82,211.42,0.07,95.79,74.71,31.55
2026-05-29 17:30:00,10,-534.88,157.29,-0.37,40.31,10.04,247.4,0.05,109.25,77.23,32.85
2026-05-29 17:35:00,10,-534.88,157.29,-0.37,39.47,10.29,182.45,0.1,87.15,73.51,32.41
2026-05-29 17:40:00,10,-534.88,157.29,-0.37,38.15,10.74,271.29,0.05,128.81,81.66,30.41
2026-05-29 17:45:00,10,-534.88,157.29,-0.37,39.54,10.84,250.45,0.06,120.65,79.89,32.27
2026-05-29 17:50:00,10,-534.88,157.29,-0.37,37.98,9.82,335.82,0.03,165.68,91.07,29.6
2026-05-29 17:55:00,10,-534.88,157.29,-0.37,37.44,8.46,261.7,0.04,127.79,80.61,30.65
2026-05-29 18:00:00,10,-534.88,157.29,-0.37,37.5,8.02,160.04,0.11,77.1,71.25,32.7
2026-05-29 18:05:00,10,-534.88,157.29,-0.37,38.35,8.4,353.49,0.02,164.81,90.3,30.69
2026-05-29 18:10:00,10,-534.88,157.29,-0.37,38.51,7.84,311.2,0.02,143.15,84.1,32.09
2026-05-29 18:15:00,10,-534.88,157.29,-0.37,37.17,8.02,288.02,0.03,131.44,81.28,31.05
2026-05-29 18:20:00,10,-534.88,157.29,-0.37,37.91,7.97,219.58,0.05,98.75,74.53,31.47
2026-05-29 18:25:00,10,-534.88,157.29,-0.37,37.95,6.14,300.01,0.02,146.19,84.29,30.59
2026-05-29 18:30:00,10,-534.88,157.29,-0.37,37.28,5.48,356.73,0.01,171.73,91.35,30.98
2026-05-29 18:35:00,10,-534.88,157.29,-0.37,36.25,7.81,281.6,0.03,136.07,101.8,31.2
2026-05-29 18:40:00,10,-534.88,157.29,-0.37,36.1,6.58,239.65,0.03,119.12,78.0,32.28
2026-05-29 18:45:00,10,-534.88,157.29,-0.37,36.79,6.94,360.32,0.02,160.17,88.43,28.85
2026-05-29 18:50:00,10,-534.88,157.29,-0.37,36.02,4.87,294.71,0.02,139.02,82.0,30.12
2026-05-29 18:55:00,10,-534.88,157.29,-0.37,35.98,6.28,346.24,0.02,162.86,88.98,29.98
2026-05-29 19:00:00,10,-534.88,157.29,-0.37,36.19,4.92,338.05,0.01,160.35,87.75,28.91
2026-05-29 19:05:00,10,-534.88,157.29,-0.37,36.52,5.77,213.23,0.04,98.55,73.71,28.17
2026-05-29 19:10:00,10,-534.88,157.29,-0.37,36.0,5.28,257.46,0.03,121.29,78.01,31.19
2026-05-29 19:15:00,10,-534.88,157.29,-0.37,36.67,4.15,262.6,0.02,128.26,79.17,29.35
2026-05-29 19:20:00,10,-534.88,157.29,-0.37,35.73,4.18,185.33,0.04,88.46,71.45,28.55
2026-05-29 19:25:00,10,-534.88,157.29,-0.37,35.12,5.51,190.47,0.05,89.94,72.17,29.81
2026-05-29 19:30:00,10,-534.88,157.29,-0.37,35.37,4.13,278.57,0.02,122.07,77.76,29.95
2026-05-29 19:35:00,10,-534.88,157.29,-0.37,35.14,5.67,238.91,0.03,121.59,78.22,28.36
2026-05-29 19:40:00,10,-534.88,157.29,-0.37,35.23,5.88,256.04,0.03,122.82,78.56,29.25
2026-05-29 19:45:00,10,-534.88,157.29,-0.37,33.63,4.95,289.65,0.02,140.4,82.38,29.38
2026-05-29 19:50:00,10,-534.88,157.29,-0.37,34.4,4.06,244.03,0.02,108.07,74.84,30.1
2026-05-29 19:55:00,10,-534.88,157.29,-0.37,34.33,4.72,288.5,0.02,135.11,80.98,28.26
2026-05-29 20:00:00,10,-534.88,157.29,-0.37,34.74,2.85,188.71,0.02,81.94,69.94,30.33
2026-05-29 20:05:00,10,-534.88,157.29,-0.37,34.99,2.73,246.44,0.02,120.92,77.02,27.5
2026-05-29 20:10:00,10,-534.88,157.29,-0.37,33.61,4.22,271.56,0.02,135.74,80.96,27.99
2026-05-29 20:15:00,10,-534.88,157.29,-0.37,33.36,5.19,195.12,0.04,97.08,73.24,28.11
2026-05-29 20:20:00,10,-534.88,157.29,-0.37,32.94,5.32,200.33,0.04,98.31,73.5,27.66
2026-05-29 20:25:00,10,-534.88,157.29,-0.37,34.61,4.73,205.92,0.04,97.95,73.24,26.45
2026-05-29 20:30:00,10,-534.88,157.29,-0.37,33.36,4.91,203.99,0.04,92.96,72.44,27.61
2026-05-29 20:35:00,10,-534.88,157.29,-0.37,33.17,5.58,256.08,0.03,127.02,79.4,27.41
2026-05-29 20:40:00,10,-534.88,157.29,-0.37,33.83,4.82,171.08,0.05,77.35,70.03,28.01
2026-05-29 20:45:00,10,-534.88,157.29,-0.37,32.65,5.24,291.37,0.02,147.72,84.37,26.73
2026-05-29 20:50:00,10,-534.88,157.29,-0.37,33.53,4.98,293.06,0.02,132.63,80.48,27.98
2026-05-29 20:55:00,10,-534.88,157.29,-0.37,33.46,5.68,279.66,0.02,130.02,80.1,26.33
2026-05-29 21:00:00,10,-534.88,157.29,-0.37,33.26,5.2,299.36,0.02,145.1,83.67,27.16
2026-05-29 21:05:00,10,-534.88,157.29,-0.37,33.37,4.37,356.19,0.01,167.12,89.55,26.38
2026-05-29 21:10:00,10,-534.88,157.29,-0.37,33.92,7.38,344.78,0.02,166.03,90.29,25.88
2026-05-29 21:15:00,10,-534.88,157.29,-0.37,31.93,5.94,260.43,0.03,114.26,76.75,26.04
2026-05-29 21:20:00,10,-534.88,157.29,-0.37,31.8,6.42,213.92,0.04,100.03,74.19,27.23
2026-05-29 21:25:00,10,-534.88,157.29,-0.37,32.5,6.87,235.51,0.04,105.02,75.27,26.37
2026-05-29 21:30:00,10,-534.88,157.29,-0.37,33.34,5.55,282.44,0.02,140.51,82.61,24.8
2026-05-29 21:35:00,10,-534.88,157.29,-0.37,31.58,6.42,252.79,0.04,125.77,79.42,25.77
2026-05-29 21:40:00,10,-534.88,157.29,-0.37,32.03,6.68,168.89,0.07,77.72,70.77,25.8
2026-05-29 21:45:00,10,-534.88,157.29,-0.37,31.83,6.53,315.75,0.02,156.16,87.13,26.3
2026-05-29 21:50:00,10,-534.88,157.29,-0.37,32.01,7.14,283.21,0.03,132.68,81.26,26.72
2026-05-29 21:55:00,10,-534.88,157.29,-0.37,32.0,7.78,236.18,0.05,108.68,76.31,25.96
2026-05-29 22:00:00,10,-534.88,157.29,-0.37,32.29,7.42,349.12,0.02,158.89,88.22,25.06
2026-05-29 22:05:00,10,-534.88,157.29,-0.37,31.53,7.16,264.04,0.03,124.45,79.36,23.71
2026-05-29 22:10:00,10,-534.88,157.29,-0.37,31.85,6.83,303.47,0.02,146.02,84.48,25.64
2026-05-29 22:15:00,10,-534.88,157.29,-0.37,31.94,8.08,281.54,0.03,137.09,100.43,25.49
2026-05-29 22:20:00,10,-534.88,157.29,-0.37,30.93,7.78,342.34,0.02,173.86,92.83,24.62
2026-05-29 22:25:00,10,-534.88,157.29,-0.37,30.87,7.89,253.38,0.04,113.7,77.33,25.39
2026-05-29 22:30:00,10,-534.88,157.29,-0.37,31.37,7.19,248.03,0.04,119.44,78.29,24.79
2026-05-29 22:35:00,10,-534.88,157.29,-0.37,31.17,9.28,201.01,0.07,96.47,74.62,26.45
2026-05-29 22:40:00,10,-534.88,157.29,-0.37,31.44,9.98,284.04,0.04,126.13,80.75,23.55
2026-05-29 22:45:00,10,-534.88,157.29,-0.37,31.9,10.12,184.29,0.1,85.8,73.23,23.44
2026-05-29 22:50:00,10,-534.88,157.29,-0.37,31.35,9.63,217.7,0.06,109.89,77.22,23.37
2026-05-29 22:55:00,10,-534.88,157.29,-0.37,30.9,11.12,283.38,0.05,131.64,82.45,24.1
2026-05-29 23:00:00,10,-534.88,157.29,-0.37,31.43,10.32,255.17,0.05,115.18,78.51,24.56
2026-05-29 23:05:00,10,-534.88,157.29,-0.37,31.48,9.79,228.24,0.06,105.72,76.46,23.73
2026-05-29 23:10:00,10,-534.88,157.29,-0.37,31.35,12.11,310.98,0.04,153.39,88.35,23.58
2026-05-29 23:15:00,10,-534.88,157.29,-0.37,30.55,13.01,194.99,0.11,85.49,74.21,23.77
2026-05-29 23:20:00,10,-534.88,157.29,-0.37,31.09,10.81,271.28,0.04,126.83,81.2,21.17
2026-05-29 23:25:00,10,-534.88,157.29,-0.37,30.74,11.55,176.27,0.12,78.26,72.65,22.13
2026-05-29 23:30:00,10,-534.88,157.29,-0.37,31.22,12.19,309.91,0.04,139.91,84.82,23.19
2026-05-29 23:35:00,10,-534.88,157.29,-0.37,31.21,11.39,260.83,0.05,114.79,78.8,21.78
2026-05-29 23:40:00,10,-534.88,157.29,-0.37,31.28,13.11,272.76,0.06,125.18,81.67,21.79
2026-05-29 23:45:00,10,-534.88,157.29,-0.37,31.14,12.12,234.19,0.07,115.02,79.15,22.7
2026-05-29 23:50:00,10,-534.88,157.29,-0.37,31.39,14.02,195.73,0.12,94.57,76.05,23.16
2026-05-29 23:55:00,10,-534.88,157.29,-0.37,30.89,13.17,289.97,0.05,138.73,84.89,22.67
2026-05-30 00:00:00,10,-474.0,89.6,-0.24,31.92,11.57,292.69,0.04,137.22,83.93,22.36
2026-05-30 00:05:00,10,-474.0,89.6,-0.24,30.84,12.83,189.06,0.12,91.22,75.08,23.63
2026-05-30 00:10:00,10,-474.0,89.6,-0.24,29.77,13.97,273.72,0.06,127.93,82.59,21.86
2026-05-30 00:15:00,10,-474.0,89.6,-0.24,31.44,13.21,287.57,0.05,139.8,85.17,22.83
2026-05-30 00:20:00,10,-474.0,89.6,-0.24,31.52,13.3,343.73,0.04,155.35,89.31,20.34
2026-05-30 00:25:00,10,-474.0,89.6,-0.24,30.18,14.77,226.63,0.09,111.71,79.44,22.89
2026-05-30 00:30:00,10,-474.0,89.6,-0.24,31.06,13.38,325.25,0.04,152.47,88.54,22.38
2026-05-30 00:35:00,10,-474.0,89.6,-0.24,31.12,14.55,161.09,0.19,70.65,72.82,21.25
2026-05-30 00:40:00,10,-474.0,89.6,-0.24,30.65,14.48,263.54,0.07,119.82,80.99,21.33
2026-05-30 00:45:00,10,-474.0,89.6,-0.24,30.95,14.82,230.45,0.09,109.71,79.06,22.35
2026-05-30 00:50:00,10,-474.0,89.6,-0.24,31.87,14.4,238.68,0.07,109.67,78.86,21.9
2026-05-30 00:55:00,10,-474.0,89.6,-0.24,30.52,14.7,246.86,0.08,120.99,81.34,19.97
2026-05-30 01:00:00,10,-474.0,89.6,-0.24,31.84,14.63,203.25,0.11,96.46,76.57,19.69
2026-05-30 01:05:00,10,-474.0,89.6,-0.24,31.12,14.59,278.61,0.06,130.85,83.49,20.84
2026-05-30 01:10:00,10,-474.0,89.6,-0.24,31.63,14.04,234.4,0.08,106.33,78.11,20.91
2026-05-30 01:15:00,10,-474.0,89.6,-0.24,31.74,15.15,214.77,0.1,99.18,77.22,21.87
2026-05-30 01:20:00,10,-474.0,89.6,-0.24,31.76,14.55,309.85,0.05,156.29,90.04,20.51
2026-05-30 01:25:00,10,-474.0,89.6,-0.24,31.83,14.71,331.26,0.04,169.58,93.97,20.09
2026-05-30 01:30:00,10,-474.0,89.6,-0.24,31.49,14.34,216.41,0.09,109.01,78.75,19.78
2026-05-30 01:35:00,10,-474.0,89.6,-0.24,32.01,15.38,192.22,0.14,93.96,90.05,20.68
2026-05-30 01:40:00,10,-474.0,89.6,-0.24,31.2,15.19,289.04,0.06,126.94,82.8,19.84
2026-05-30 01:45:00,10,-474.0,89.6,-0.24,31.02,15.6,209.68,0.13,102.19,77.98,19.57
2026-05-30 01:50:00,10,-474.0,89.6,-0.24,32.76,14.82,252.04,0.08,112.84,79.67,20.61
2026-05-30 01:55:00,10,-474.0,89.6,-0.24,31.32,13.41,249.24,0.07,118.03,97.09,18.43
2026-05-30 02:00:00,10,-474.0,89.6,-0.24,32.85,14.4,251.69,0.07,118.66,80.71,19.42
2026-05-30 02:05:00,10,-474.0,89.6,-0.24,31.83,15.08,259.77,0.07,118.79,80.98,17.7
2026-05-30 02:10:00,10,-474.0,89.6,-0.24,32.29,14.96,273.73,0.06,140.39,85.96,18.15
2026-05-30 02:15:00,10,-474.0,89.6,-0.24,32.53,14.79,277.94,0.06,128.46,83.01,18.28
2026-05-30 02:20:00,10,-474.0,89.6,-0.24,32.13,12.86,197.39,0.1,88.08,74.54,19.51
2026-05-30 02:25:00,10,-474.0,89.6,-0.24,31.83,15.04,337.63,0.04,157.95,90.66,17.07
2026-05-30 02:30:00,10,-474.0,89.6,-0.24,32.32,13.56,245.35,0.08,121.24,81.0,19.2
2026-05-30 02:35:00,10,-474.0,89.6,-0.24,32.44,14.01,302.75,0.04,141.94,85.98,16.54
2026-05-30 02:40:00,10,-474.0,89.6,-0.24,32.2,13.16,201.09,0.1,92.65,75.39,19.77
2026-05-30 02:45:00,10,-474.0,89.6,-0.24,32.37,13.56,219.47,0.09,103.34,77.4,18.77
2026-05-30 02:50:00,10,-474.0,89.6,-0.24,31.91,14.3,292.28,0.05,138.13,85.14,18.49
2026-05-30 02:55:00,10,-474.0,89.6,-0.24,33.25,13.72,300.32,0.05,146.45,87.07,16.96
2026-05-30 03:00:00,10,-474.0,89.6,-0.24,32.6,13.11,188.32,0.11,86.27,74.37,17.63
2026-05-30 03:05:00,10,-474.0,89.6,-0.24,33.07,12.95,246.92,0.07,116.06,79.66,19.06
2026-05-30 03:10:00,10,-474.0,89.6,-0.24,32.8,12.9,229.39,0.08,112.32,78.89,16.57
2026-05-30 03:15:00,10,-474.0,89.6,-0.24,32.81,12.31,285.63,0.05,129.8,82.43,17.59
2026-05-30 03:20:00,10,-474.0,89.6,-0.24,32.85,12.86,203.23,0.1,96.28,86.33,16.88
2026-05-30 03:25:00,10,-474.0,89.6,-0.24,34.27,13.08,245.7,0.07,116.63,79.82,17.71
2026-05-30 03:30:00,10,-474.0,89.6,-0.24,33.02,11.56,295.8,0.04,137.59,84.03,17.98
2026-05-30 03:35:00,10,-474.0,89.6,-0.24,33.41,12.05,126.0,0.23,59.98,70.78,17.55
2026-05-30 03:40:00,10,-474.0,89.6,-0.24,34.25,11.34,295.28,0.04,138.23,84.11,17.12
2026-05-30 03:45:00,10,-474.0,89.6,-0.24,34.41,11.9,295.46,0.04,146.34,86.38,16.21
2026-05-30 03:50:00,10,-474.0,89.6,-0.24,33.98,11.9,203.14,0.09,100.16,76.24,15.78
2026-05-30 03:55:00,10,-474.0,89.6,-0.24,34.18,10.86,272.53,0.05,131.52,82.33,15.77
2026-05-30 04:00:00,10,-474.0,89.6,-0.24,33.68,9.79,266.22,0.04,129.8,81.53,15.71
2026-05-30 04:05:00,10,-474.0,89.6,-0.24,34.82,9.58,283.04,0.04,129.65,81.43,16.24
2026-05-30 04:10:00,10,-474.0,89.6,-0.24,35.08,10.22,255.51,0.05,115.45,78.54,15.02
2026-05-30 04:15:00,10,-474.0,89.6,-0.24,34.81,10.69,199.17,0.08,94.21,74.75,14.47
2026-05-30 04:20:00,10,-474.0,89.6,-0.24,35.23,9.43,293.09,0.04,139.25,83.7,14.95
2026-05-30 04:25:00,10,-474.0,89.6,-0.24,34.96,9.97,205.25,0.07,101.33,75.74,14.25
2026-05-30 04:30:00,10,-474.0,89.6,-0.24,35.12,9.48,292.78,0.04,140.16,83.94,15.88
2026-05-30 04:35:00,10,-474.0,89.6,-0.24,35.61,9.24,187.13,0.09,87.51,73.17,14.94
2026-05-30 04:40:00,10,-474.0,89.6,-0.24,35.05,8.75,267.05,0.04,116.37,78.2,15.85
2026-05-30 04:45:00,10,-474.0,89.6,-0.24,35.66,9.29,200.62,0.08,94.4,74.3,15.19
2026-05-30 04:50:00,10,-474.0,89.6,-0.24,36.3,7.81,236.22,0.05,115.02,77.61,15.38
2026-05-30 04:55:00,10,-474.0,89.6,-0.24,37.42,7.3,305.4,0.03,146.39,84.77,15.46
2026-05-30 05:00:00,10,-474.0,89.6,-0.24,36.47,8.02,351.26,0.02,164.71,90.13,15.78
2026-05-30 05:05:00,10,-474.0,89.6,-0.24,37.78,7.66,242.24,0.04,100.93,74.8,13.65
2026-05-30 05:10:00,10,-474.0,89.6,-0.24,36.24,6.8,287.36,0.03,129.11,97.56,13.75
2026-05-30 05:15:00,10,-474.0,89.6,-0.24,36.98,6.96,299.83,0.03,150.09,85.64,13.74
2026-05-30 05:20:00,10,-474.0,89.6,-0.24,36.13,6.0,236.65,0.03,110.72,76.06,14.74
2026-05-30 05:25:00,10,-474.0,89.6,-0.24,36.79,6.43,233.69,0.04,103.17,74.78,14.07
2026-05-30 05:30:00,10,-474.0,89.6,-0.24,37.19,6.34,192.19,0.05,92.62,72.91,15.44
2026-05-30 05:35:00,10,-474.0,89.6,-0.24,37.94,5.31,269.35,0.03,132.77,80.65,15.5
2026-05-30 05:40:00,10,-474.0,89.6,-0.24,37.98,5.43,191.17,0.04,89.91,72.13,13.36
2026-05-30 05:45:00,10,-474.0,89.6,-0.24,36.7,5.45,275.25,0.02,125.24,78.93,15.13
2026-05-30 05:50:00,10,-474.0,89.6,-0.24,37.56,5.27,283.14,0.02,131.04,80.21,11.34
2026-05-30 05:55:00,10,-474.0,89.6,-0.24,37.29,4.73,179.06,0.04,89.01,71.73,14.61
2026-05-30 06:00:00,10,-474.0,89.6,-0.24,37.54,5.05,234.61,0.03,109.65,75.52,13.1
2026-05-30 06:05:00,10,-474.0,89.6,-0.24,38.51,4.75,210.86,0.03,97.57,73.16,11.54
2026-05-30 06:10:00,10,-474.0,89.6,-0.24,38.35,5.14,268.67,0.02,123.75,78.49,13.02
2026-05-30 06:15:00,10,-474.0,89.6,-0.24,38.4,4.58,322.78,0.01,139.62,82.04,12.91
2026-05-30 06:20:00,10,-474.0,89.6,-0.24,39.46,3.79,275.53,0.02,129.3,79.29,12.18
2026-05-30 06:25:00,10,-474.0,89.6,-0.24,38.47,4.9,276.88,0.02,127.84,79.34,14.1
2026-05-30 06:30:00,10,-474.0,89.6,-0.24,38.49,3.48,303.24,0.01,144.57,82.92,12.73
2026-05-30 06:35:00,10,-474.0,89.6,-0.24,38.22,3.95,358.2,0.01,169.54,90.14,13.39
2026-05-30 06:40:00,10,-474.0,89.6,-0.24,39.26,4.08,252.39,0.02,119.71,77.24,13.16
2026-05-30 06:45:00,10,-474.0,89.6,-0.24,39.7,3.59,346.53,0.01,170.31,90.26,11.97
2026-05-30 06:50:00,10,-474.0,89.6,-0.24,40.21,3.7,365.07,0.01,176.2,92.13,12.03
2026-05-30 06:55:00,10,-474.0,89.6,-0.24,39.15,3.22,280.45,0.01,130.15,79.26,12.48
2026-05-30 07:00:00,10,-474.0,89.6,-0.24,38.52,3.74,280.92,0.02,131.13,79.69,10.64
2026-05-30 07:05:00,10,-474.0,89.6,-0.24,40.62,3.8,236.3,0.02,110.9,75.31,10.55
2026-05-30 07:10:00,10,-474.0,89.6,-0.24,40.04,3.18,241.43,0.02,107.99,74.52,11.23
2026-05-30 07:15:00,10,-474.0,89.6,-0.24,40.65,2.67,266.38,0.01,128.34,78.65,13.4
2026-05-30 07:20:00,10,-474.0,89.6,-0.24,40.88,2.85,165.64,0.03,77.47,69.33,11.42
2026-05-30 07:25:00,10,-474.0,89.6,-0.24,40.96,2.98,240.51,0.02,110.93,75.03,11.51
2026-05-30 07:30:00,10,-474.0,89.6,-0.24,41.45,3.18,209.31,0.02,94.91,72.14,11.01
2026-05-30 07:35:00,10,-474.0,89.6,-0.24,40.24,2.13,262.68,0.01,125.93,77.91,10.53
2026-05-30 07:40:00,10,-474.0,89.6,-0.24,40.91,1.68,206.69,0.01,97.82,72.1,12.03
2026-05-30 07:45:00,10,-474.0,89.6,-0.24,41.11,1.63,276.2,0.01,139.44,80.97,10.13
2026-05-30 07:50:00,10,-474.0,89.6,-0.24,41.35,1.93,258.95,0.01,124.99,77.63,9.46
2026-05-30 07:55:00,10,-474.0,89.6,-0.24,41.34,2.56,382.78,0.01,168.62,89.38,10.09
2026-05-30 08:00:00,10,-474.0,89.6,-0.24,40.82,2.1,330.61,0.01,148.0,83.35,11.22
2026-05-30 08:05:00,10,-474.0,89.6,-0.24,41.79,2.96,288.92,0.01,133.48,79.97,9.28
2026-05-30 08:10:00,10,-474.0,89.6,-0.24,41.39,2.05,215.22,0.01,101.3,72.85,8.84
2026-05-30 08:15:00,10,-474.0,89.6,-0.24,41.5,1.91,307.9,0.01,153.31,84.72,10.34
2026-05-30 08:20:00,10,-474.0,89.6,-0.24,41.73,2.91,244.42,0.01,114.5,75.72,8.48
2026-05-30 08:25:00,10,-474.0,89.6,-0.24,42.14,2.37,263.77,0.01,119.81,76.65,9.84
2026-05-30 08:30:00,10,-474.0,89.6,-0.24,42.28,2.64,231.04,0.02,106.34,74.02,11.42
2026-05-30 08:35:00,10,-474.0,89.6,-0.24,42.57,2.49,253.77,0.01,110.82,74.82,8.23
2026-05-30 08:40:00,10,-474.0,89.6,-0.24,42.83,2.5,250.75,0.01,110.25,74.72,10.98
2026-05-30 08:45:00,10,-474.0,89.6,-0.24,41.83,2.9,303.56,0.01,144.23,82.64,8.52
2026-05-30 08:50:00,10,-474.0,89.6,-0.24,42.94,3.69,238.28,0.02,108.9,74.88,8.05
2026-05-30 08:55:00,10,-474.0,89.6,-0.24,43.66,2.36,227.41,0.02,111.66,74.97,9.06
2026-05-30 09:00:00,10,-474.0,89.6,-0.24,42.72,2.41,353.38,0.01,168.39,89.26,8.8
2026-05-30 09:05:00,10,-474.0,89.6,-0.24,43.01,2.79,229.67,0.02,111.27,75.04,9.11
2026-05-30 09:10:00,10,-474.0,89.6,-0.24,44.15,2.76,146.47,0.04,68.47,68.15,8.49
2026-05-30 09:15:00,10,-474.0,89.6,-0.24,43.27,2.68,296.1,0.01,146.32,83.11,7.91
2026-05-30 09:20:00,10,-474.0,89.6,-0.24,43.17,3.49,258.04,0.02,121.88,77.51,8.17
2026-05-30 09:25:00,10,-474.0,89.6,-0.24,43.44,2.06,331.89,0.01,162.59,87.42,8.11
2026-05-30 09:30:00,10,-474.0,89.6,-0.24,44.05,2.84,261.1,0.01,120.3,76.92,7.04
2026-05-30 09:35:00,10,-474.0,89.6,-0.24,44.01,3.32,284.59,0.01,134.34,80.31,8.75
2026-05-30 09:40:00,10,-474.0,89.6,-0.24,43.89,3.42,214.85,0.02,102.93,73.66,6.99
2026-05-30 09:45:00,10,-474.0,89.6,-0.24,43.56,3.05,230.43,0.02,108.64,74.61,8.06
2026-05-30 09:50:00,10,-474.0,89.6,-0.24,44.14,2.88,179.31,0.03,86.96,70.76,7.78
2026-05-30 09:55:00,10,-474.0,89.6,-0.24,44.46,3.73,296.36,0.01,140.99,82.1,7.78
2026-05-30 10:00:00,10,-474.0,89.6,-0.24,44.1,3.65,302.79,0.01,141.82,82.28,7.58
2026-05-30 10:05:00,10,-474.0,89.6,-0.24,44.58,3.34,298.91,0.01,136.52,80.85,7.53
2026-05-30 10:10:00,10,-474.0,89.6,-0.24,44.26,3.37,303.67,0.01,148.64,83.97,7.36
2026-05-30 10:15:00,10,-474.0,89.6,-0.24,43.83,3.75,300.45,0.01,143.61,82.78,9.11
2026-05-30 10:20:00,10,-474.0,89.6,-0.24,44.54,3.99,200.87,0.03,98.39,73.05,7.65
2026-05-30 10:25:00,10,-474.0,89.6,-0.24,44.25,3.75,244.09,0.02,112.94,75.72,6.54
2026-05-30 10:30:00,10,-474.0,89.6,-0.24,44.7,3.6,303.73,0.01,146.99,83.61,6.15
2026-05-30 10:35:00,10,-474.0,89.6,-0.24,44.2,3.84,216.52,0.03,99.69,73.23,8.23
2026-05-30 10:40:00,10,-474.0,89.6,-0.24,44.36,3.82,295.17,0.01,134.42,80.5,4.03
2026-05-30 10:45:00,10,-474.0,89.6,-0.24,44.79,3.43,214.68,0.02,101.24,73.35,5.49
2026-05-30 10:50:00,10,-474.0,89.6,-0.24,44.71,4.04,241.09,0.02,106.25,74.5,5.33
2026-05-30 10:55:00,10,-474.0,89.6,-0.24,44.89,4.03,327.09,0.01,160.91,87.62,5.83
2026-05-30 11:00:00,10,-474.0,89.6,-0.24,44.05,4.12,296.82,0.01,135.01,80.75,5.55
2026-05-30 11:05:00,10,-474.0,89.6,-0.24,44.37,4.1,212.52,0.03,103.1,73.95,6.15
2026-05-30 11:10:00,10,-474.0,89.6,-0.24,43.9,4.27,203.21,0.03,92.59,72.15,6.44
2026-05-30 11:15:00,10,-474.0,89.6,-0.24,44.72,3.9,285.74,0.02,127.18,78.85,4.67
2026-05-30 11:20:00,10,-474.0,89.6,-0.24,43.95,4.19,247.97,0.02,117.85,76.89,5.21
2026-05-30 11:25:00,10,-474.0,89.6,-0.24,44.65,4.73,290.49,0.02,135.46,81.09,6.21
2026-05-30 11:30:00,10,-474.0,89.6,-0.24,45.46,4.06,285.18,0.01,130.59,79.68,5.43
2026-05-30 11:35:00,10,-474.0,89.6,-0.24,44.64,3.92,328.08,0.01,151.83,85.02,5.09
2026-05-30 11:40:00,10,-474.0,89.6,-0.24,44.34,4.0,289.66,0.02,127.79,79.02,5.38
2026-05-30 11:45:00,10,-474.0,89.6,-0.24,45.66,4.03,298.95,0.01,135.92,80.94,5.15
2026-05-30 11:50:00,10,-474.0,89.6,-0.24,45.21,3.75,218.31,0.03,100.67,73.38,5.81
2026-05-30 11:55:00,10,-474.0,89.6,-0.24,45.52,3.73,272.35,0.02,128.49,79.09,3.18
2026-05-30 12:00:00,10,-474.0,89.6,-0.24,45.28,4.01,383.23,0.01,173.29,110.03,4.51
2026-05-30 12:05:00,10,-474.0,89.6,-0.24,44.91,3.92,311.65,0.01,156.72,86.38,2.86
2026-05-30 12:10:00,10,-474.0,89.6,-0.24,45.02,4.22,206.37,0.03,92.85,72.18,4.25
2026-05-30 12:15:00,10,-474.0,89.6,-0.24,44.77,3.91,173.09,0.04,83.86,70.66,4.46
2026-05-30 12:20:00,10,-474.0,89.6,-0.24,45.04,4.06,270.86,0.02,129.94,79.54,2.35
2026-05-30 12:25:00,10,-474.0,89.6,-0.24,45.2,3.66,181.75,0.04,83.99,70.6,3.13
2026-05-30 12:30:00,10,-474.0,89.6,-0.24,45.02,3.96,261.38,0.02,124.71,78.31,3.37
2026-05-30 12:35:00,10,-474.0,89.6,-0.24,44.99,3.66,218.78,0.02,103.91,73.92,3.89
2026-05-30 12:40:00,10,-474.0,89.6,-0.24,44.99,3.94,276.03,0.02,128.01,79.05,2.3
2026-05-30 12:45:00,10,-474.0,89.6,-0.24,43.91,3.56,210.17,0.03,94.01,72.14,3.8
2026-05-30 12:50:00,10,-474.0,89.6,-0.24,44.98,3.4,288.71,0.01,140.23,81.79,2.95
2026-05-30 12:55:00,10,-474.0,89.6,-0.24,44.23,3.52,271.01,0.02,131.73,79.77,3.2
2026-05-30 13:00:00,10,-474.0,89.6,-0.24,44.95,3.32,223.87,0.02,96.24,72.42,3.56
2026-05-30 13:05:00,10,-474.0,89.6,-0.24,44.46,3.28,187.38,0.03,85.46,70.67,2.45
2026-05-30 13:10:00,10,-474.0,89.6,-0.24,44.75,3.39,247.74,0.02,121.85,77.47,3.98
2026-05-30 13:15:00,10,-474.0,89.6,-0.24,44.77,3.3,296.8,0.01,142.67,82.38,2.32
2026-05-30 13:20:00,10,-474.0,89.6,-0.24,44.59,3.13,240.0,0.02,112.61,90.0,2.92
2026-05-30 13:25:00,10,-474.0,89.6,-0.24,45.13,2.97,193.61,0.03,96.43,72.35,3.58
2026-05-30 13:30:00,10,-474.0,89.6,-0.24,45.03,2.87,300.32,0.01,140.14,81.59,2.68
2026-05-30 13:35:00,10,-474.0,89.6,-0.24,44.58,2.62,275.32,0.01,123.29,77.5,1.67
2026-05-30 13:40:00,10,-474.0,89.6,-0.24,43.83,2.4,244.76,0.01,116.35,75.93,0.0
2026-05-30 13:45:00,10,-474.0,89.6,-0.24,44.14,2.56,224.42,0.02,107.92,74.3,1.18
2026-05-30 13:50:00,10,-474.0,89.6,-0.24,44.09,2.24,153.59,0.03,75.28,68.83,1.24
2026-05-30 13:55:00,10,-474.0,89.6,-0.24,43.16,2.01,248.96,0.01,118.42,76.23,1.67
2026-05-30 14:00:00,10,-474.0,89.6,-0.24,43.37,2.04,209.44,0.01,97.04,72.09,1.69
2026-05-30 14:05:00,10,-474.0,89.6,-0.24,43.63,2.02,219.38,0.01,106.56,73.83,1.14
2026-05-30 14:10:00,10,-474.0,89.6,-0.24,43.32,1.68,242.04,0.01,109.88,74.35,1.92
2026-05-30 14:15:00,10,-474.0,89.6,-0.24,43.28,1.57,328.48,0.0,155.6,85.22,1.17
2026-05-30 14:20:00,10,-474.0,89.6,-0.24,44.14,1.48,232.55,0.01,112.33,74.78,0.0
2026-05-30 14:25:00,10,-474.0,89.6,-0.24,43.29,1.29,238.94,0.01,114.82,75.22,1.09
2026-05-30 14:30:00,10,-474.0,89.6,-0.24,42.66,1.22,282.32,0.01,133.42,79.35,0.6
2026-05-30 14:35:00,10,-474.0,89.6,-0.24,43.93,1.1,324.9,0.0,152.07,84.08,1.12
2026-05-30 14:40:00,10,-474.0,89.6,-0.24,43.53,0.87,303.87,0.0,143.53,81.73,0.0
2026-05-30 14:45:00,10,-474.0,89.6,-0.24,42.82,0.65,213.06,0.0,108.25,73.65,0.78
2026-05-30 14:50:00,10,-474.0,89.6,-0.24,43.91,0.54,210.48,0.0,101.46,72.34,0.0
2026-05-30 14:55:00,10,-474.0,89.6,-0.24,42.86,0.41,270.01,0.0,126.66,77.46,0.0
2026-05-30 15:00:00,10,-474.0,89.6,-0.24,42.87,0.22,238.62,0.0,112.35,74.32,0.0
2026-05-30 15:05:00,10,-474.0,89.6,-0.24,42.84,0.08,268.88,0.0,133.97,79.06,0.0
2026-05-30 15:10:00,10,-474.0,89.6,-0.24,42.77,0.0,209.7,0.0,99.57,71.8,0.0
2026-05-30 15:15:00,10,-474.0,89.6,-0.24,41.97,0.0,286.36,0.0,135.82,79.48,0.41
2026-05-30 15:20:00,10,-474.0,89.6,-0.24,42.43,0.0,291.13,0.0,139.93,80.5,0.69
2026-05-30 15:25:00,10,-474.0,89.6,-0.24,42.77,0.0,199.36,0.0,92.1,70.51,0.0
2026-05-30 15:30:00,10,-474.0,89.6,-0.24,42.75,0.0,156.84,0.0,78.44,68.42,0.0
2026-05-30 15:35:00,10,-474.0,89.6,-0.24,41.92,0.0,240.71,0.0,111.31,74.03,0.0
2026-05-30 15:40:00,10,-474.0,89.6,-0.24,42.23,0.0,381.8,0.0,179.34,91.83,1.47
2026-05-30 15:45:00,10,-474.0,89.6,-0.24,41.29,0.0,307.14,0.0,144.71,81.72,0.77
2026-05-30 15:50:00,10,-474.0,89.6,-0.24,42.63,0.0,280.55,0.0,121.6,76.19,0.0
2026-05-30 15:55:00,10,-474.0,89.6,-0.24,41.3,0.0,271.31,0.0,129.26,77.91,0.68
2026-05-30 16:00:00,10,-474.0,89.6,-0.24,40.47,0.0,315.88,0.0,154.94,84.48,0.0
2026-05-30 16:05:00,10,-474.0,89.6,-0.24,41.2,0.0,250.14,0.0,119.18,75.66,0.06
2026-05-30 16:10:00,10,-474.0,89.6,-0.24,40.83,0.0,302.94,0.0,144.34,81.63,0.7
2026-05-30 16:15:00,10,-474.0,89.6,-0.24,41.87,0.0,307.3,0.0,150.4,83.24,0.0
2026-05-30 16:20:00,10,-474.0,89.6,-0.24,40.49,0.0,219.47,0.0,103.83,72.58,0.0
2026-05-30 16:25:00,10,-474.0,89.6,-0.24,39.8,0.0,252.68,0.0,117.27,75.25,0.05
2026-05-30 16:30:00,10,-474.0,89.6,-0.24,40.78,0.0,296.99,0.0,145.21,81.85,0.61
2026-05-30 16:35:00,10,-474.0,89.6,-0.24,40.04,0.0,268.11,0.0,121.81,76.23,1.62
2026-05-30 16:40:00,10,-474.0,89.6,-0.24,40.5,0.0,242.59,0.0,111.1,73.98,1.9
2026-05-30 16:45:00,10,-474.0,89.6,-0.24,40.29,0.0,253.47,0.0,114.76,74.73,0.0
2026-05-30 16:50:00,10,-474.0,89.6,-0.24,39.98,0.0,288.06,0.0,132.36,78.64,0.0
2026-05-30 16:55:00,10,-474.0,89.6,-0.24,40.14,0.0,188.24,0.0,87.91,69.83,0.0
2026-05-30 17:00:00,10,-474.0,89.6,-0.24,39.45,0.0,264.4,0.0,118.66,75.55,0.0
2026-05-30 17:05:00,10,-474.0,89.6,-0.24,39.37,0.0,306.36,0.0,141.14,80.8,0.69
2026-05-30 17:10:00,10,-474.0,89.6,-0.24,38.7,0.0,268.8,0.0,132.75,78.73,0.0
2026-05-30 17:15:00,10,-474.0,89.6,-0.24,38.85,0.0,263.71,0.0,129.76,78.03,0.0
2026-05-30 17:20:00,10,-474.0,89.6,-0.24,38.86,0.0,261.49,0.0,117.68,75.34,0.18
2026-05-30 17:25:00,10,-474.0,89.6,-0.24,38.81,0.0,168.29,0.0,88.4,69.9,0.0
2026-05-30 17:30:00,10,-474.0,89.6,-0.24,38.5,0.0,299.8,0.0,140.04,80.52,2.29
2026-05-30 17:35:00,10,-474.0,89.6,-0.24,38.74,0.0,249.87,0.0,114.43,74.66,0.03
2026-05-30 17:40:00,10,-474.0,89.6,-0.24,38.87,0.0,223.79,0.0,101.61,72.16,1.86
2026-05-30 17:45:00,10,-474.0,89.6,-0.24,38.52,0.0,291.54,0.0,123.01,76.49,0.0
2026-05-30 17:50:00,10,-474.0,89.6,-0.24,38.7,0.0,250.37,0.0,119.61,75.75,0.0
2026-05-30 17:55:00,10,-474.0,89.6,-0.24,37.65,0.0,255.54,0.0,114.32,74.63,0.45
2026-05-30 18:00:00,10,-474.0,89.6,-0.24,38.56,0.0,249.29,0.0,117.44,75.28,0.0
2026-05-30 18:05:00,10,-474.0,89.6,-0.24,38.58,0.0,291.94,0.0,142.14,81.05,1.12
2026-05-30 18:10:00,10,-474.0,89.6,-0.24,37.32,0.0,98.58,0.0,45.11,64.7,0.0
2026-05-30 18:15:00,10,-474.0,89.6,-0.24,36.94,0.0,258.37,0.0,119.9,75.81,0.86
2026-05-30 18:20:00,10,-474.0,89.6,-0.24,37.77,0.0,296.72,0.0,131.14,78.35,0.78
2026-05-30 18:25:00,10,-474.0,89.6,-0.24,36.37,0.0,241.03,0.0,113.23,74.41,0.0
2026-05-30 18:30:00,10,-474.0,89.6,-0.24,36.69,0.0,255.41,0.0,116.64,75.11,1.33
2026-05-30 18:35:00,10,-474.0,89.6,-0.24,36.81,0.0,281.84,0.0,135.64,79.43,0.98
2026-05-30 18:40:00,10,-474.0,89.6,-0.24,36.79,0.0,354.63,0.0,167.39,88.09,0.0
2026-05-30 18:45:00,10,-474.0,89.6,-0.24,36.85,0.0,240.6,0.0,111.53,74.06,0.16
2026-05-30 18:50:00,10,-474.0,89.6,-0.24,36.79,0.0,211.64,0.0,99.32,88.34,0.04
2026-05-30 18:55:00,10,-474.0,89.6,-0.24,36.91,0.0,202.96,0.0,99.02,71.69,0.2
2026-05-30 19:00:00,10,-474.0,89.6,-0.24,35.97,0.0,252.11,0.0,118.6,75.53,0.64
2026-05-30 19:05:00,10,-474.0,89.6,-0.24,35.6,0.0,295.76,0.0,139.48,80.37,0.23
2026-05-30 19:10:00,10,-474.0,89.6,-0.24,36.21,0.0,283.87,0.0,125.32,77.0,0.0
2026-05-30 19:15:00,10,-474.0,89.6,-0.24,34.82,0.0,201.93,0.0,92.38,70.54,0.0
2026-05-30 19:20:00,10,-474.0,89.6,-0.24,34.79,0.0,227.27,0.0,105.38,72.86,1.12
2026-05-30 19:25:00,10,-474.0,89.6,-0.24,34.87,0.0,311.72,0.0,143.56,81.41,0.0
2026-05-30 19:30:00,10,-474.0,89.6,-0.24,34.94,0.0,191.96,0.0,90.84,70.29,0.0
2026-05-30 19:35:00,10,-474.0,89.6,-0.24,35.53,0.0,314.53,0.0,137.61,79.91,0.2
2026-05-30 19:40:00,10,-474.0,89.6,-0.24,35.13,0.0,252.85,0.0,116.32,75.04,0.43
2026-05-30 19:45:00,10,-474.0,89.6,-0.24,34.43,0.0,250.82,0.0,110.81,73.91,0.0
2026-05-30 19:50:00,10,-474.0,89.6,-0.24,35.07,0.0,291.06,0.0,134.08,79.04,0.43
2026-05-30 19:55:00,10,-474.0,89.6,-0.24,34.35,0.0,191.23,0.0,93.46,70.72,0.0
2026-05-30 20:00:00,10,-474.0,89.6,-0.24,35.36,0.0,319.52,0.0,151.08,83.41,0.0
2026-05-30 20:05:00,10,-474.0,89.6,-0.24,34.87,0.0,272.05,0.0,123.74,76.64,0.22
2026-05-30 20:10:00,10,-474.0,89.6,-0.24,35.34,0.0,236.08,0.0,113.2,74.4,0.0
2026-05-30 20:15:00,10,-474.0,89.6,-0.24,34.13,0.0,198.48,0.0,96.53,71.25,0.0
2026-05-30 20:20:00,10,-474.0,89.6,-0.24,33.28,0.0,310.81,0.0,141.65,80.92,1.94
2026-05-30 20:25:00,10,-474.0,89.6,-0.24,33.87,0.0,232.66,0.0,103.42,72.49,1.42
2026-05-30 20:30:00,10,-474.0,89.6,-0.24,33.21,0.0,162.95,0.0,75.79,68.03,0.47
2026-05-30 20:35:00,10,-474.0,89.6,-0.24,33.46,0.0,258.09,0.0,125.16,76.96,1.43
2026-05-30 20:40:00,10,-474.0,89.6,-0.24,34.02,0.0,281.77,0.0,133.07,78.8,0.0
2026-05-30 20:45:00,10,-474.0,89.6,-0.24,33.36,0.0,324.06,0.0,155.15,84.53,0.0
2026-05-30 20:50:00,10,-474.0,89.6,-0.24,33.39,0.0,280.25,0.0,138.61,80.15,1.6
2026-05-30 20:55:00,10,-474.0,89.6,-0.24,32.82,0.0,224.1,0.0,103.62,72.52,0.93
2026-05-30 21:00:00,10,-474.0,89.6,-0.24,33.24,0.0,268.66,0.0,121.01,76.04,0.26
2026-05-30 21:05:00,10,-474.0,89.6,-0.24,32.49,0.0,236.63,0.0,120.4,75.91,0.0
2026-05-30 21:10:00,10,-474.0,89.6,-0.24,33.59,0.0,248.61,0.0,115.58,74.88,0.55
2026-05-30 21:15:00,10,-474.0,89.6,-0.24,33.1,0.0,322.12,0.0,157.55,85.2,0.0
2026-05-30 21:20:00,10,-474.0,89.6,-0.24,33.42,0.0,313.18,0.0,138.47,80.12,0.36
2026-05-30 21:25:00,10,-474.0,89.6,-0.24,32.84,0.0,239.69,0.0,118.44,75.49,0.0
2026-05-30 21:30:00,10,-474.0,89.6,-0.24,32.51,0.0,240.22,0.0,114.56,74.67,0.0
2026-05-30 21:35:00,10,-474.0,89.6,-0.24,32.68,0.0,230.49,0.0,108.77,73.51,0.0
2026-05-30 21:40:00,10,-474.0,89.6,-0.24,31.69,0.0,205.84,0.0,95.05,70.99,0.0
2026-05-30 21:45:00,10,-474.0,89.6,-0.24,32.41,0.0,201.3,0.0,95.62,71.09,0.06
2026-05-30 21:50:00,10,-474.0,89.6,-0.24,31.66,0.0,281.85,0.0,129.84,78.03,0.15
2026-05-30 21:55:00,10,-474.0,89.6,-0.24,32.19,0.0,314.66,0.0,145.46,81.9,0.17
2026-05-30 22:00:00,10,-474.0,89.6,-0.24,31.37,0.0,220.66,0.0,104.54,72.69,0.01
2026-05-30 22:05:00,10,-474.0,89.6,-0.24,32.04,0.0,195.06,0.0,95.98,71.15,0.0
2026-05-30 22:10:00,10,-474.0,89.6,-0.24,32.19,0.0,293.96,0.0,137.72,79.93,0.0
2026-05-30 22:15:00,10,-474.0,89.6,-0.24,32.43,0.0,255.36,0.0,116.57,75.09,0.32
2026-05-30 22:20:00,10,-474.0,89.6,-0.24,31.8,0.0,288.93,0.0,144.52,81.66,0.0
2026-05-30 22:25:00,10,-474.0,89.6,-0.24,31.34,0.0,271.88,0.0,126.4,77.24,0.08
2026-05-30 22:30:00,10,-474.0,89.6,-0.24,31.13,0.0,200.84,0.0,95.96,71.15,0.0
2026-05-30 22:35:00,10,-474.0,89.6,-0.24,31.22,0.0,206.78,0.0,97.37,71.39,0.0
2026-05-30 22:40:00,10,-474.0,89.6,-0.24,31.03,0.0,309.96,0.0,145.7,81.96,0.0
2026-05-30 22:45:00,10,-474.0,89.6,-0.24,30.67,0.0,220.78,0.0,111.63,74.07,0.0
2026-05-30 22:50:00,10,-474.0,89.6,-0.24,30.73,0.0,281.07,0.0,132.23,78.59,0.0
2026-05-30 22:55:00,10,-474.0,89.6,-0.24,32.34,0.0,275.41,0.0,134.99,79.26,0.0
2026-05-30 23:00:00,10,-474.0,89.6,-0.24,31.34,0.0,225.09,0.0,110.69,73.89,0.0
2026-05-30 23:05:00,10,-474.0,89.6,-0.24,30.68,0.0,303.75,0.0,145.38,81.88,84.0
2026-05-30 23:10:00,10,-474.0,89.6,-0.24,30.82,66.26,248.13,0.33,118.19,117.64,84.39
2026-05-30 23:15:00,10,-474.0,89.6,-0.24,30.96,61.75,258.33,0.28,116.22,97.19,82.78
2026-05-30 23:20:00,10,-474.0,89.6,-0.24,30.58,59.84,354.89,0.14,174.89,111.61,84.25
2026-05-30 23:25:00,10,-474.0,89.6,-0.24,31.43,59.77,231.22,0.36,105.65,94.55,82.34
2026-05-30 23:30:00,10,-474.0,89.6,-0.24,31.51,65.89,178.27,0.59,84.01,93.45,82.27
2026-05-30 23:35:00,10,-474.0,89.6,-0.24,29.55,65.1,232.62,0.35,114.39,98.12,82.08
2026-05-30 23:40:00,10,-474.0,89.6,-0.24,30.8,63.75,271.04,0.27,129.02,100.69,81.36
2026-05-30 23:45:00,10,-474.0,89.6,-0.24,30.62,62.38,249.34,0.32,110.24,96.27,83.35
2026-05-30 23:50:00,10,-474.0,89.6,-0.24,30.8,65.17,326.18,0.18,143.19,104.48,82.52
2026-05-30 23:55:00,10,-474.0,89.6,-0.24,31.72,71.91,250.26,0.35,120.05,123.98,81.29
2026-05-31 00:00:00,10,700.0,168.8,0.0,31.76,75.45,249.44,0.38,117.58,102.47,79.75
2026-05-31 00:05:00,10,700.0,168.8,0.0,30.7,82.26,267.36,0.35,126.78,106.82,81.54
2026-05-31 00:10:00,10,700.0,168.8,0.0,30.65,74.86,241.26,0.41,112.1,101.19,81.46
2026-05-31 00:15:00,10,700.0,168.8,0.0,31.51,84.0,200.02,0.69,94.06,101.6,80.92
2026-05-31 00:20:00,10,700.0,168.8,0.0,30.95,82.1,284.95,0.34,139.59,109.81,80.86
2026-05-31 00:25:00,10,700.0,168.8,0.0,31.11,82.87,246.26,0.43,116.87,105.01,80.89
2026-05-31 00:30:00,10,700.0,168.8,0.0,31.63,85.36,270.77,0.34,136.8,110.26,79.32
2026-05-31 00:35:00,10,700.0,168.8,0.0,30.6,86.14,275.12,0.39,134.78,110.14,80.72
2026-05-31 00:40:00,10,700.0,168.8,0.0,31.13,86.53,174.1,0.98,81.66,101.11,81.04
2026-05-31 00:45:00,10,700.0,168.8,0.0,31.53,85.01,232.02,0.47,113.52,105.15,79.23
2026-05-31 00:50:00,10,700.0,168.8,0.0,30.76,91.22,198.62,0.77,93.25,104.15,79.06
2026-05-31 00:55:00,10,700.0,168.8,0.0,31.2,88.73,315.13,0.3,148.9,114.47,80.11
2026-05-31 01:00:00,10,700.0,168.8,0.0,30.9,97.71,272.98,0.4,115.98,109.96,77.58
2026-05-31 01:05:00,10,700.0,168.8,0.0,31.48,100.1,184.7,0.93,91.59,107.3,80.27
2026-05-31 01:10:00,10,700.0,168.8,0.0,30.66,94.68,174.46,0.97,87.25,104.79,78.62
2026-05-31 01:15:00,10,700.0,168.8,0.0,30.98,97.09,263.92,0.42,135.12,114.11,78.44
2026-05-31 01:20:00,10,700.0,168.8,0.0,31.48,93.98,259.66,0.46,118.81,109.38,79.43
2026-05-31 01:25:00,10,700.0,168.8,0.0,32.65,91.67,304.64,0.31,138.25,112.77,77.29
2026-05-31 01:30:00,10,700.0,168.8,0.0,31.33,98.41,281.16,0.4,135.62,114.66,78.29
2026-05-31 01:35:00,10,700.0,168.8,0.0,32.39,97.08,242.34,0.5,110.28,108.78,78.59
2026-05-31 01:40:00,10,700.0,168.8,0.0,32.31,103.49,286.23,0.42,144.52,118.72,78.55
2026-05-31 01:45:00,10,700.0,168.8,0.0,32.58,98.58,255.18,0.5,123.43,112.07,79.45
2026-05-31 01:50:00,10,700.0,168.8,0.0,31.57,97.44,248.8,0.51,118.17,110.55,80.58
2026-05-31 01:55:00,10,700.0,168.8,0.0,32.23,100.3,259.63,0.48,126.72,113.38,76.48
2026-05-31 02:00:00,10,700.0,168.8,0.0,31.29,90.94,327.81,0.27,155.18,116.9,76.92
2026-05-31 02:05:00,10,700.0,168.8,0.0,31.1,98.82,300.47,0.31,145.64,117.15,77.63
2026-05-31 02:10:00,10,700.0,168.8,0.0,31.83,95.84,246.43,0.49,124.28,111.28,76.08
2026-05-31 02:15:00,10,700.0,168.8,0.0,32.09,100.55,273.51,0.44,131.79,114.56,76.75
2026-05-31 02:20:00,10,700.0,168.8,0.0,32.76,99.41,264.97,0.43,118.64,111.18,77.52
2026-05-31 02:25:00,10,700.0,168.8,0.0,32.36,100.08,308.0,0.32,154.94,120.13,74.62
2026-05-31 02:30:00,10,700.0,168.8,0.0,33.24,79.23,264.01,0.37,123.55,105.07,76.15
2026-05-31 02:35:00,10,700.0,168.8,0.0,32.59,77.78,250.91,0.37,113.51,102.42,76.97
2026-05-31 02:40:00,10,700.0,168.8,0.0,31.64,83.33,223.54,0.56,106.99,103.45,75.91
2026-05-31 02:45:00,10,700.0,168.8,0.0,32.67,77.79,294.44,0.29,131.13,106.14,75.3
2026-05-31 02:50:00,10,700.0,168.8,0.0,33.07,74.54,234.11,0.44,105.28,99.8,75.51
2026-05-31 02:55:00,10,700.0,168.8,0.0,32.97,80.43,274.41,0.34,125.55,105.88,75.82
2026-05-31 03:00:00,10,700.0,168.8,0.0,33.06,76.66,239.03,0.45,108.93,101.27,76.46
2026-05-31 03:05:00,10,700.0,168.8,0.0,33.52,74.86,202.94,0.58,101.54,99.5,75.22
2026-05-31 03:10:00,10,700.0,168.8,0.0,33.87,68.6,247.46,0.39,112.03,115.05,74.79
2026-05-31 03:15:00,10,700.0,168.8,0.0,33.54,82.62,274.84,0.37,131.22,108.02,75.14
2026-05-31 03:20:00,10,700.0,168.8,0.0,33.86,72.53,242.32,0.39,113.92,100.71,73.94
2026-05-31 03:25:00,10,700.0,168.8,0.0,33.63,69.71,257.52,0.32,119.07,100.66,74.84
2026-05-31 03:30:00,10,700.0,168.8,0.0,33.92,77.03,243.59,0.38,118.48,103.22,74.36
2026-05-31 03:35:00,10,700.0,168.8,0.0,34.38,71.7,246.0,0.37,107.03,99.01,75.12
2026-05-31 03:40:00,10,700.0,168.8,0.0,33.58,76.9,380.66,0.18,175.89,117.98,73.75
2026-05-31 03:45:00,10,700.0,168.8,0.0,33.98,65.49,220.03,0.43,105.16,96.6,74.77
2026-05-31 03:50:00,10,700.0,168.8,0.0,34.7,71.35,185.32,0.68,87.63,96.11,73.48
2026-05-31 03:55:00,10,700.0,168.8,0.0,34.23,68.84,212.25,0.52,105.07,97.93,73.19
2026-05-31 04:00:00,10,700.0,168.8,0.0,33.88,70.53,241.01,0.41,110.85,99.43,72.61
2026-05-31 04:05:00,10,700.0,168.8,0.0,34.82,68.49,376.25,0.15,171.58,113.63,72.88
2026-05-31 04:10:00,10,700.0,168.8,0.0,35.78,61.69,250.58,0.3,126.42,99.44,73.25
2026-05-31 04:15:00,10,700.0,168.8,0.0,34.58,63.36,207.45,0.46,99.93,94.95,71.2
2026-05-31 04:20:00,10,700.0,168.8,0.0,34.67,60.95,265.38,0.26,119.5,97.57,73.63
2026-05-31 04:25:00,10,700.0,168.8,0.0,34.95,62.1,344.03,0.17,154.13,106.32,71.69
2026-05-31 04:30:00,10,700.0,168.8,0.0,35.23,62.73,324.83,0.19,151.36,105.82,73.96
2026-05-31 04:35:00,10,700.0,168.8,0.0,35.74,62.86,338.66,0.17,157.72,107.6,71.5
2026-05-31 04:40:00,10,700.0,168.8,0.0,35.4,63.67,221.8,0.41,104.03,95.71,72.88
2026-05-31 04:45:00,10,700.0,168.8,0.0,36.21,55.57,208.92,0.38,86.67,89.84,70.96
2026-05-31 04:50:00,10,700.0,168.8,0.0,36.23,61.73,276.47,0.27,133.78,101.12,71.48
2026-05-31 04:55:00,10,700.0,168.8,0.0,35.45,46.84,230.52,0.28,104.52,89.65,72.42
2026-05-31 05:00:00,10,700.0,168.8,0.0,36.53,54.57,208.99,0.38,100.29,91.78,70.35
2026-05-31 05:05:00,10,700.0,168.8,0.0,36.62,57.47,296.9,0.21,145.16,102.37,71.54
2026-05-31 05:10:00,10,700.0,168.8,0.0,36.1,56.72,304.61,0.19,135.65,99.66,70.53
2026-05-31 05:15:00,10,700.0,168.8,0.0,37.78,54.21,316.71,0.17,165.67,106.89,71.95
2026-05-31 05:20:00,10,700.0,168.8,0.0,37.3,46.81,346.4,0.11,156.84,101.61,70.91
2026-05-31 05:25:00,10,700.0,168.8,0.0,37.06,44.62,258.26,0.22,126.47,93.32,70.56
2026-05-31 05:30:00,10,700.0,168.8,0.0,38.09,53.13,292.41,0.2,133.72,97.96,71.0
2026-05-31 05:35:00,10,700.0,168.8,0.0,37.18,46.04,310.12,0.15,140.08,96.94,71.37
2026-05-31 05:40:00,10,700.0,168.8,0.0,37.61,44.53,313.91,0.15,156.31,100.75,70.29
2026-05-31 05:45:00,10,700.0,168.8,0.0,37.45,40.9,246.29,0.22,124.6,91.6,70.64
2026-05-31 05:50:00,10,700.0,168.8,0.0,37.54,40.62,289.4,0.15,143.64,95.96,70.77
2026-05-31 05:55:00,10,700.0,168.8,0.0,37.99,41.58,297.09,0.14,135.24,94.16,69.69
2026-05-31 06:00:00,10,700.0,168.8,0.0,38.26,39.35,242.99,0.21,109.82,87.92,70.13
2026-05-31 06:05:00,10,700.0,168.8,0.0,38.06,35.7,269.12,0.16,122.49,89.19,69.96
2026-05-31 06:10:00,10,700.0,168.8,0.0,37.72,38.25,216.62,0.25,104.72,86.63,70.96
2026-05-31 06:15:00,10,700.0,168.8,0.0,38.72,39.93,258.92,0.19,126.61,91.65,68.91
2026-05-31 06:20:00,10,700.0,168.8,0.0,38.37,37.32,245.56,0.2,114.78,88.19,69.96
2026-05-31 06:25:00,10,700.0,168.8,0.0,38.89,33.99,253.24,0.16,121.46,88.37,69.99
2026-05-31 06:30:00,10,700.0,168.8,0.0,38.43,34.24,266.98,0.15,119.86,88.08,69.05
2026-05-31 06:35:00,10,700.0,168.8,0.0,38.3,32.51,286.03,0.14,144.28,93.26,70.09
2026-05-31 06:40:00,10,700.0,168.8,0.0,39.51,33.29,236.04,0.21,110.98,86.03,69.96
2026-05-31 06:45:00,10,700.0,168.8,0.0,38.62,29.57,183.56,0.28,85.77,80.4,68.79
2026-05-31 06:50:00,10,700.0,168.8,0.0,39.78,31.97,262.9,0.14,126.22,88.68,68.12
2026-05-31 06:55:00,10,700.0,168.8,0.0,39.97,30.59,167.36,0.36,77.86,79.76,68.68
2026-05-31 07:00:00,10,700.0,168.8,0.0,39.14,24.3,222.19,0.16,107.88,82.17,67.97
2026-05-31 07:05:00,10,700.0,168.8,0.0,40.05,22.89,232.02,0.14,109.67,81.99,69.22
2026-05-31 07:10:00,10,700.0,168.8,0.0,40.57,22.76,251.5,0.11,119.72,83.96,67.54
2026-05-31 07:15:00,10,700.0,168.8,0.0,39.85,24.63,302.32,0.08,149.91,91.88,67.27
2026-05-31 07:20:00,10,700.0,168.8,0.0,40.6,23.21,238.48,0.14,115.18,83.22,66.71
2026-05-31 07:25:00,10,700.0,168.8,0.0,40.27,21.97,173.19,0.21,82.05,77.04,66.25
2026-05-31 07:30:00,10,700.0,168.8,0.0,41.32,17.06,233.75,0.11,109.88,79.94,67.87
2026-05-31 07:35:00,10,700.0,168.8,0.0,40.84,24.45,215.59,0.17,95.32,79.95,68.91
2026-05-31 07:40:00,10,700.0,168.8,0.0,40.67,18.24,260.71,0.08,126.14,83.74,66.69
2026-05-31 07:45:00,10,700.0,168.8,0.0,40.56,14.12,201.63,0.11,87.58,74.94,66.0
2026-05-31 07:50:00,10,700.0,168.8,0.0,41.53,19.1,206.96,0.16,95.12,78.02,67.76
2026-05-31 07:55:00,10,700.0,168.8,0.0,40.85,18.54,190.52,0.15,88.52,76.72,65.47
2026-05-31 08:00:00,10,700.0,168.8,0.0,40.95,23.11,236.58,0.13,120.56,84.31,67.83
2026-05-31 08:05:00,10,700.0,168.8,0.0,41.44,18.9,250.18,0.1,120.22,82.7,65.7
2026-05-31 08:10:00,10,700.0,168.8,0.0,41.63,18.78,287.44,0.07,144.26,88.32,67.83
2026-05-31 08:15:00,10,700.0,168.8,0.0,42.24,17.04,278.1,0.07,132.78,84.85,66.12
2026-05-31 08:20:00,10,700.0,168.8,0.0,42.68,21.93,253.71,0.11,124.14,84.64,65.07
2026-05-31 08:25:00,10,700.0,168.8,0.0,41.45,16.95,218.64,0.11,99.3,77.9,66.22
2026-05-31 08:30:00,10,700.0,168.8,0.0,42.46,18.31,216.72,0.13,110.23,80.48,66.11
2026-05-31 08:35:00,10,700.0,168.8,0.0,42.06,20.26,240.5,0.11,106.45,80.39,66.81
2026-05-31 08:40:00,10,700.0,168.8,0.0,42.84,19.25,245.72,0.09,111.46,80.98,67.46
2026-05-31 08:45:00,10,700.0,168.8,0.0,42.15,9.79,283.11,0.04,133.52,82.43,66.18
2026-05-31 08:50:00,10,700.0,168.8,0.0,43.03,19.31,327.62,0.06,148.9,89.71,65.03
2026-05-31 08:55:00,10,700.0,168.8,0.0,42.41,20.83,194.55,0.18,87.97,77.49,65.52
2026-05-31 09:00:00,10,700.0,168.8,0.0,42.75,23.25,307.18,0.08,147.93,90.87,64.33
2026-05-31 09:05:00,10,700.0,168.8,0.0,42.36,21.64,267.81,0.1,132.72,86.51,63.23
2026-05-31 09:10:00,10,700.0,168.8,0.0,43.29,17.94,159.72,0.21,74.62,74.59,65.58
2026-05-31 09:15:00,10,700.0,168.8,0.0,43.81,15.74,308.24,0.05,150.26,88.81,64.45
2026-05-31 09:20:00,10,700.0,168.8,0.0,43.85,21.81,277.91,0.09,133.15,86.65,64.32
2026-05-31 09:25:00,10,700.0,168.8,0.0,43.43,19.06,211.01,0.14,101.16,79.04,64.34
2026-05-31 09:30:00,10,700.0,168.8,0.0,44.01,25.54,287.92,0.1,139.36,89.5,63.89
2026-05-31 09:35:00,10,700.0,168.8,0.0,43.74,15.82,327.92,0.04,152.34,89.39,64.79
2026-05-31 09:40:00,10,700.0,168.8,0.0,43.63,23.07,232.49,0.14,121.5,84.52,63.66
2026-05-31 09:45:00,10,700.0,168.8,0.0,43.27,22.08,170.18,0.23,79.84,86.65,64.79
2026-05-31 09:50:00,10,700.0,168.8,0.0,43.84,30.62,283.3,0.12,135.6,90.39,63.66
2026-05-31 09:55:00,10,700.0,168.8,0.0,44.23,30.16,303.42,0.11,144.03,92.33,63.49
2026-05-31 10:00:00,10,700.0,168.8,0.0,43.86,29.17,237.86,0.18,110.14,84.37,63.37
2026-05-31 10:05:00,10,700.0,168.8,0.0,44.47,30.62,305.72,0.1,148.83,93.74,62.6
2026-05-31 10:10:00,10,700.0,168.8,0.0,43.83,26.83,275.82,0.12,119.66,85.4,63.66
2026-05-31 10:15:00,10,700.0,168.8,0.0,44.88,32.36,247.5,0.18,122.92,88.17,63.61
2026-05-31 10:20:00,10,700.0,168.8,0.0,44.84,27.54,237.91,0.15,119.09,85.59,63.33
2026-05-31 10:25:00,10,700.0,168.8,0.0,44.73,33.36,308.79,0.11,145.07,93.72,63.07
2026-05-31 10:30:00,10,700.0,168.8,0.0,44.86,31.99,262.49,0.14,116.94,86.67,62.65
2026-05-31 10:35:00,10,700.0,168.8,0.0,44.74,32.29,264.78,0.15,126.34,88.85,62.82
2026-05-31 10:40:00,10,700.0,168.8,0.0,45.33,38.64,198.47,0.32,86.75,83.82,60.13
2026-05-31 10:45:00,10,700.0,168.8,0.0,44.66,39.61,205.32,0.29,97.55,85.89,61.69
2026-05-31 10:50:00,10,700.0,168.8,0.0,45.16,36.7,285.09,0.15,132.18,91.76,62.97
2026-05-31 10:55:00,10,700.0,168.8,0.0,44.96,37.4,289.4,0.13,127.49,90.86,63.75
2026-05-31 11:00:00,10,700.0,168.8,0.0,44.75,43.81,235.34,0.26,108.97,89.43,62.33
2026-05-31 11:05:00,10,700.0,168.8,0.0,44.42,42.84,230.07,0.26,106.01,88.51,62.9
2026-05-31 11:10:00,10,700.0,168.8,0.0,45.05,41.23,215.43,0.3,91.35,85.42,62.05
2026-05-31 11:15:00,10,700.0,168.8,0.0,44.46,43.25,226.55,0.27,105.62,102.19,61.6
2026-05-31 11:20:00,10,700.0,168.8,0.0,45.28,39.13,239.29,0.2,110.7,88.01,61.3
2026-05-31 11:25:00,10,700.0,168.8,0.0,44.5,38.14,282.48,0.16,131.33,92.07,60.96
2026-05-31 11:30:00,10,700.0,168.8,0.0,44.41,39.28,164.15,0.49,72.58,82.35,61.5
2026-05-31 11:35:00,10,700.0,168.8,0.0,45.62,40.32,283.55,0.16,127.27,91.9,61.38
2026-05-31 11:40:00,10,700.0,168.8,0.0,44.44,39.05,165.56,0.43,76.64,82.7,60.55
2026-05-31 11:45:00,10,700.0,168.8,0.0,44.41,40.2,272.78,0.17,126.77,91.76,60.9
2026-05-31 11:50:00,10,700.0,168.8,0.0,44.13,47.0,162.63,0.56,83.02,86.65,61.09
2026-05-31 11:55:00,10,700.0,168.8,0.0,45.3,43.74,239.51,0.22,110.87,89.7,59.55
2026-05-31 12:00:00,10,700.0,168.8,0.0,45.73,48.55,269.97,0.21,134.77,96.65,61.13
2026-05-31 12:05:00,10,700.0,168.8,0.0,44.14,45.81,233.91,0.28,102.72,88.97,61.5
2026-05-31 12:10:00,10,700.0,168.8,0.0,45.22,49.52,243.12,0.27,118.34,93.36,61.22
2026-05-31 12:15:00,10,700.0,168.8,0.0,44.84,50.89,242.06,0.28,114.87,93.13,59.5
2026-05-31 12:20:00,10,700.0,168.8,0.0,45.43,49.93,251.03,0.24,120.74,93.96,58.22
2026-05-31 12:25:00,10,700.0,168.8,0.0,45.22,48.75,238.6,0.27,117.74,92.96,59.33
2026-05-31 12:30:00,10,700.0,168.8,0.0,45.19,50.24,211.78,0.36,95.68,89.43,59.26
2026-05-31 12:35:00,10,700.0,168.8,0.0,45.08,48.39,245.81,0.26,120.11,93.32,58.77
2026-05-31 12:40:00,10,700.0,168.8,0.0,45.21,47.76,252.15,0.24,121.84,93.44,56.86
2026-05-31 12:45:00,10,700.0,168.8,0.0,44.1,50.03,191.38,0.46,86.33,88.02,56.59
2026-05-31 12:50:00,10,700.0,168.8,0.0,44.19,49.75,178.85,0.5,82.56,87.43,57.72
2026-05-31 12:55:00,10,700.0,168.8,0.0,45.2,50.8,249.06,0.26,117.51,93.61,59.59
2026-05-31 13:00:00,10,700.0,168.8,0.0,44.74,50.83,177.71,0.55,83.48,88.05,59.23
2026-05-31 13:05:00,10,700.0,168.8,0.0,44.31,50.65,232.93,0.29,113.29,92.74,59.05
2026-05-31 13:10:00,10,700.0,168.8,0.0,45.56,49.11,306.03,0.17,150.07,100.68,58.24
2026-05-31 13:15:00,10,700.0,168.8,0.0,44.52,55.3,323.67,0.19,155.26,104.32,56.47
2026-05-31 13:20:00,10,700.0,168.8,0.0,44.31,52.98,348.07,0.14,161.94,105.31,59.21
2026-05-31 13:25:00,10,700.0,168.8,0.0,44.24,55.02,310.29,0.19,139.15,99.95,58.16
2026-05-31 13:30:00,10,700.0,168.8,0.0,44.4,57.85,334.67,0.17,155.78,105.31,57.69
2026-05-31 13:35:00,10,700.0,168.8,0.0,44.27,51.92,275.27,0.22,126.97,96.01,56.37
2026-05-31 13:40:00,10,700.0,168.8,0.0,44.01,53.87,241.72,0.3,114.4,94.12,57.95
2026-05-31 13:45:00,10,700.0,168.8,0.0,44.28,56.72,264.59,0.28,129.01,98.28,58.62
2026-05-31 13:50:00,10,700.0,168.8,0.0,44.11,54.96,314.51,0.17,149.78,102.65,56.04
2026-05-31 13:55:00,10,700.0,168.8,0.0,43.93,54.42,202.11,0.42,93.86,90.7,56.79
2026-05-31 14:00:00,10,700.0,168.8,0.0,44.73,59.2,246.35,0.29,110.15,95.1,55.84
2026-05-31 14:05:00,10,700.0,168.8,0.0,43.52,57.55,282.55,0.23,141.83,101.59,56.76
2026-05-31 14:10:00,10,700.0,168.8,0.0,44.38,56.0,330.52,0.17,151.74,103.55,57.71
2026-05-31 14:15:00,10,700.0,168.8,0.0,43.94,59.08,272.74,0.26,127.33,98.67,57.54
2026-05-31 14:20:00,10,700.0,168.8,0.0,44.09,54.94,262.47,0.27,120.57,95.74,56.34
2026-05-31 14:25:00,10,700.0,168.8,0.0,43.28,58.47,221.16,0.39,108.18,94.66,55.62
2026-05-31 14:30:00,10,700.0,168.8,0.0,44.1,57.14,233.05,0.34,111.71,94.79,55.88
2026-05-31 14:35:00,10,700.0,168.8,0.0,43.45,54.57,214.39,0.38,105.16,92.69,54.73
2026-05-31 14:40:00,10,700.0,168.8,0.0,42.98,56.52,207.76,0.41,97.03,91.96,55.12
2026-05-31 14:45:00,10,700.0,168.8,0.0,43.62,55.65,209.51,0.39,102.44,92.58,55.54
2026-05-31 14:50:00,10,700.0,168.8,0.0,43.51,53.3,291.51,0.2,130.03,97.15,54.14
2026-05-31 14:55:00,10,700.0,168.8,0.0,42.41,52.65,238.29,0.3,106.57,92.13,56.94
2026-05-31 15:00:00,10,700.0,168.8,0.0,44.03,54.27,223.17,0.36,108.02,93.1,54.24
2026-05-31 15:05:00,10,700.0,168.8,0.0,44.07,51.57,254.6,0.24,119.01,94.16,54.23
2026-05-31 15:10:00,10,700.0,168.8,0.0,42.18,46.94,297.57,0.18,137.19,96.61,54.04
2026-05-31 15:15:00,10,700.0,168.8,0.0,42.71,52.18,170.29,0.59,81.07,88.24,54.7
2026-05-31 15:20:00,10,700.0,168.8,0.0,42.58,50.39,340.66,0.15,156.3,102.8,54.69
2026-05-31 15:25:00,10,700.0,168.8,0.0,41.94,49.28,222.88,0.33,97.99,89.43,52.83
2026-05-31 15:30:00,10,700.0,168.8,0.0,42.76,49.76,237.02,0.28,104.83,90.75,53.5
2026-05-31 15:35:00,10,700.0,168.8,0.0,41.62,48.43,291.18,0.2,127.85,94.94,55.34
2026-05-31 15:40:00,10,700.0,168.8,0.0,42.84,50.27,220.0,0.35,107.74,91.62,53.15
2026-05-31 15:45:00,10,700.0,168.8,0.0,40.73,48.48,259.74,0.23,119.14,93.08,53.27
2026-05-31 15:50:00,10,700.0,168.8,0.0,41.29,49.41,228.5,0.32,110.02,91.7,52.14
2026-05-31 15:55:00,10,700.0,168.8,0.0,41.82,49.9,213.1,0.33,98.82,89.79,50.63
2026-05-31 16:00:00,10,700.0,168.8,0.0,42.57,48.79,197.53,0.41,93.21,88.6,54.15
2026-05-31 16:05:00,10,700.0,168.8,0.0,40.86,39.57,222.46,0.27,103.09,100.98,53.46
2026-05-31 16:10:00,10,700.0,168.8,0.0,41.39,43.01,242.44,0.22,109.7,89.2,53.01
2026-05-31 16:15:00,10,700.0,168.8,0.0,41.25,44.29,268.09,0.18,125.98,93.02,51.96
2026-05-31 16:20:00,10,700.0,168.8,0.0,40.63,44.08,270.98,0.2,125.26,92.83,52.34
2026-05-31 16:25:00,10,700.0,168.8,0.0,40.39,39.18,275.99,0.17,129.09,91.93,52.54
2026-05-31 16:30:00,10,700.0,168.8,0.0,40.51,37.94,247.07,0.19,111.63,87.75,51.83
2026-05-31 16:35:00,10,700.0,168.8,0.0,41.39,40.49,230.47,0.23,106.23,87.66,51.83
2026-05-31 16:40:00,10,700.0,168.8,0.0,40.63,38.33,245.56,0.19,120.71,89.79,53.81
2026-05-31 16:45:00,10,700.0,168.8,0.0,40.13,35.71,293.52,0.13,136.72,92.46,53.13
2026-05-31 16:50:00,10,700.0,168.8,0.0,40.45,37.56,307.72,0.12,138.31,93.48,52.24
2026-05-31 16:55:00,10,700.0,168.8,0.0,40.1,35.74,262.73,0.17,118.14,104.27,52.08
2026-05-31 17:00:00,10,700.0,168.8,0.0,40.0,34.02,228.37,0.21,112.92,101.32,50.47
2026-05-31 17:05:00,10,700.0,168.8,0.0,40.29,35.64,253.71,0.18,120.57,88.79,51.19
2026-05-31 17:10:00,10,700.0,168.8,0.0,39.07,31.41,192.26,0.28,90.52,81.8,49.0
2026-05-31 17:15:00,10,700.0,168.8,0.0,38.19,29.16,302.05,0.1,138.06,90.43,49.75
2026-05-31 17:20:00,10,700.0,168.8,0.0,38.74,23.8,274.14,0.11,131.36,86.95,51.29
2026-05-31 17:25:00,10,700.0,168.8,0.0,38.93,29.85,281.7,0.12,142.34,91.79,51.57
2026-05-31 17:30:00,10,700.0,168.8,0.0,38.77,26.98,265.71,0.12,123.7,86.33,50.6
2026-05-31 17:35:00,10,700.0,168.8,0.0,38.66,22.57,185.57,0.21,90.4,78.54,50.51
2026-05-31 17:40:00,10,700.0,168.8,0.0,38.38,24.69,254.97,0.13,120.33,84.8,50.71
2026-05-31 17:45:00,10,700.0,168.8,0.0,38.34,22.78,273.18,0.1,127.59,85.69,50.22
2026-05-31 17:50:00,10,700.0,168.8,0.0,37.8,22.3,238.81,0.12,108.61,81.53,50.95
2026-05-31 17:55:00,10,700.0,168.8,0.0,38.32,21.25,351.26,0.06,178.04,98.96,50.27
2026-05-31 18:00:00,10,700.0,168.8,0.0,37.63,21.35,203.42,0.17,97.15,79.18,48.94
2026-05-31 18:05:00,10,700.0,168.8,0.0,38.07,18.09,363.96,0.04,157.88,91.71,48.57
2026-05-31 18:10:00,10,700.0,168.8,0.0,37.06,21.94,301.45,0.08,148.21,90.48,50.17
2026-05-31 18:15:00,10,700.0,168.8,0.0,37.42,21.56,281.65,0.09,147.41,90.15,48.21
2026-05-31 18:20:00,10,700.0,168.8,0.0,37.73,20.31,230.45,0.13,120.21,83.24,48.72
2026-05-31 18:25:00,10,700.0,168.8,0.0,37.69,16.94,177.4,0.18,84.28,75.55,48.57
2026-05-31 18:30:00,10,700.0,168.8,0.0,37.44,18.56,290.02,0.07,135.11,85.93,48.1
2026-05-31 18:35:00,10,700.0,168.8,0.0,37.31,15.59,274.08,0.06,129.14,83.46,49.33
2026-05-31 18:40:00,10,700.0,168.8,0.0,36.86,13.61,353.36,0.04,169.74,93.64,48.91
2026-05-31 18:45:00,10,700.0,168.8,0.0,37.06,12.61,215.86,0.09,105.24,77.43,49.29
2026-05-31 18:50:00,10,700.0,168.8,0.0,37.6,12.45,240.53,0.07,120.34,80.4,50.06
2026-05-31 18:55:00,10,700.0,168.8,0.0,36.92,12.78,268.6,0.06,123.68,81.23,48.97
2026-05-31 19:00:00,10,700.0,168.8,0.0,35.81,11.54,271.92,0.05,120.4,80.05,48.23
2026-05-31 19:05:00,10,700.0,168.8,0.0,37.12,8.9,238.82,0.05,107.45,76.48,48.17
2026-05-31 19:10:00,10,700.0,168.8,0.0,35.77,11.71,201.07,0.1,90.08,74.47,48.39
2026-05-31 19:15:00,10,700.0,168.8,0.0,35.69,10.88,243.98,0.06,113.86,78.46,48.97
2026-05-31 19:20:00,10,700.0,168.8,0.0,35.4,12.37,277.78,0.05,136.21,83.99,46.88
2026-05-31 19:25:00,10,700.0,168.8,0.0,35.35,8.08,233.9,0.05,112.43,77.17,48.63
2026-05-31 19:30:00,10,700.0,168.8,0.0,34.69,12.12,220.16,0.08,98.5,76.0,48.0
2026-05-31 19:35:00,10,700.0,168.8,0.0,33.72,10.14,152.84,0.13,71.53,85.25,46.43
2026-05-31 19:40:00,10,700.0,168.8,0.0,35.87,10.63,270.58,0.05,132.52,82.49,48.27
2026-05-31 19:45:00,10,700.0,168.8,0.0,34.26,11.12,223.82,0.08,113.22,78.45,47.58
2026-05-31 19:50:00,10,700.0,168.8,0.0,35.04,11.29,219.64,0.07,103.87,76.67,48.07
2026-05-31 19:55:00,10,700.0,168.8,0.0,34.47,8.65,310.87,0.03,150.3,86.28,48.95
2026-05-31 20:00:00,10,700.0,168.8,0.0,34.74,8.72,181.64,0.08,89.02,73.21,48.52
2026-05-31 20:05:00,10,700.0,168.8,0.0,34.31,11.76,254.64,0.06,120.34,80.13,46.36
2026-05-31 20:10:00,10,700.0,168.8,0.0,34.03,8.96,188.13,0.07,89.26,73.31,46.22
2026-05-31 20:15:00,10,700.0,168.8,0.0,33.56,9.26,203.48,0.07,95.56,74.46,47.44
2026-05-31 20:20:00,10,700.0,168.8,0.0,33.79,9.75,224.75,0.06,108.09,76.91,44.82
2026-05-31 20:25:00,10,700.0,168.8,0.0,33.62,7.78,273.76,0.03,125.94,79.92,47.09
2026-05-31 20:30:00,10,700.0,168.8,0.0,34.77,9.94,283.11,0.04,140.69,84.24,46.54
2026-05-31 20:35:00,10,700.0,168.8,0.0,32.32,11.75,295.17,0.04,143.7,85.64,42.76
2026-05-31 20:40:00,10,700.0,168.8,0.0,33.64,13.7,255.54,0.07,117.29,80.18,46.16
2026-05-31 20:45:00,10,700.0,168.8,0.0,34.27,7.96,189.82,0.07,87.63,72.7,43.12
2026-05-31 20:50:00,10,700.0,168.8,0.0,33.21,11.66,116.01,0.27,58.77,70.59,44.1
2026-05-31 20:55:00,10,700.0,168.8,0.0,33.68,11.93,255.4,0.06,116.5,79.37,44.94
2026-05-31 21:00:00,10,700.0,168.8,0.0,32.84,10.88,328.09,0.03,154.24,88.14,45.21
2026-05-31 21:05:00,10,700.0,168.8,0.0,33.51,10.31,231.81,0.06,123.54,80.33,44.58
2026-05-31 21:10:00,10,700.0,168.8,0.0,33.27,9.53,324.93,0.03,166.2,91.12,44.98
2026-05-31 21:15:00,10,700.0,168.8,0.0,32.91,13.97,225.95,0.09,108.36,78.5,43.96
2026-05-31 21:20:00,10,700.0,168.8,0.0,32.78,9.31,227.03,0.06,110.38,89.62,45.07
2026-05-31 21:25:00,10,700.0,168.8,0.0,31.96,12.21,268.63,0.06,126.86,81.74,44.53
2026-05-31 21:30:00,10,700.0,168.8,0.0,31.76,10.47,260.81,0.05,122.49,80.13,44.08
2026-05-31 21:35:00,10,700.0,168.8,0.0,32.61,10.16,277.47,0.04,123.1,80.14,46.61
2026-05-31 21:40:00,10,700.0,168.8,0.0,32.38,14.26,153.08,0.2,69.83,72.64,43.87
2026-05-31 21:45:00,10,700.0,168.8,0.0,32.55,10.15,293.24,0.04,140.25,84.19,44.33
2026-05-31 21:50:00,10,700.0,168.8,0.0,31.76,11.76,165.24,0.14,76.51,72.52,45.83
2026-05-31 21:55:00,10,700.0,168.8,0.0,32.22,11.27,229.61,0.07,111.01,78.04,44.62
2026-05-31 22:00:00,10,700.0,168.8,0.0,31.61,14.04,164.79,0.16,76.16,73.31,43.82
2026-05-31 22:05:00,10,700.0,168.8,0.0,31.72,13.12,351.07,0.04,168.6,93.12,44.09
2026-05-31 22:10:00,10,700.0,168.8,0.0,32.26,14.19,188.8,0.12,96.64,76.47,42.82
2026-05-31 22:15:00,10,700.0,168.8,0.0,31.76,13.94,256.61,0.06,120.96,81.03,42.22
2026-05-31 22:20:00,10,700.0,168.8,0.0,31.57,12.78,258.31,0.06,127.55,82.1,43.64
2026-05-31 22:25:00,10,700.0,168.8,0.0,31.7,13.85,253.19,0.07,123.86,81.65,43.91
2026-05-31 22:30:00,10,700.0,168.8,0.0,31.29,15.81,300.2,0.06,144.85,87.4,43.99
2026-05-31 22:35:00,10,700.0,168.8,0.0,32.08,16.1,208.66,0.11,93.94,76.66,42.53
2026-05-31 22:40:00,10,700.0,168.8,0.0,32.29,16.08,210.81,0.11,101.66,78.01,44.53
2026-05-31 22:45:00,10,700.0,168.8,0.0,31.12,15.71,264.08,0.07,124.04,82.34,43.11
2026-05-31 22:50:00,10,700.0,168.8,0.0,30.41,19.39,331.62,0.06,157.31,92.04,43.61
2026-05-31 22:55:00,10,700.0,168.8,0.0,31.96,18.12,305.49,0.06,135.48,85.84,42.4
2026-05-31 23:00:00,10,700.0,168.8,0.0,31.25,18.99,260.94,0.09,120.75,82.81,41.71
2026-05-31 23:05:00,10,700.0,168.8,0.0,30.93,18.97,180.48,0.18,78.05,75.34,41.66
2026-05-31 23:10:00,10,700.0,168.8,0.0,30.7,18.78,259.59,0.09,117.78,82.1,41.94
2026-05-31 23:15:00,10,700.0,168.8,0.0,31.61,19.18,228.49,0.11,107.45,80.18,42.4
2026-05-31 23:20:00,10,700.0,168.8,0.0,31.75,19.16,295.21,0.07,142.18,87.9,41.51
2026-05-31 23:25:00,10,700.0,168.8,0.0,31.16,21.51,297.11,0.08,130.55,85.88,41.55
2026-05-31 23:30:00,10,700.0,168.8,0.0,31.64,20.77,343.91,0.05,173.55,97.34,41.05
2026-05-31 23:35:00,10,700.0,168.8,0.0,30.06,22.87,205.26,0.17,93.54,79.08,41.72
2026-05-31 23:40:00,10,700.0,168.8,0.0,31.93,21.26,262.21,0.11,125.47,84.69,41.29
2026-05-31 23:45:00,10,700.0,168.8,0.0,31.02,21.0,264.19,0.1,127.73,85.09,40.84
2026-05-31 23:50:00,10,700.0,168.8,0.0,30.34,23.57,224.63,0.14,102.14,80.78,41.79
2026-05-31 23:55:00,10,700.0,168.8,0.0,30.35,23.25,249.2,0.12,114.74,83.08,41.04
2026-06-01 00:00:00,10,534.21,615.79,0.0,30.53,26.11,269.07,0.12,128.54,87.11,39.16
2026-06-01 00:05:00,10,534.21,615.79,0.0,30.8,24.03,303.49,0.09,139.25,88.9,41.78
2026-06-01 00:10:00,10,534.21,615.79,0.0,31.18,23.94,273.15,0.1,140.6,89.23,40.05
2026-06-01 00:15:00,10,534.21,615.79,0.0,31.42,24.44,246.41,0.13,120.9,95.34,39.47
2026-06-01 00:20:00,10,534.21,615.79,0.0,30.45,24.4,318.27,0.07,147.83,91.21,39.67
2026-06-01 00:25:00,10,534.21,615.79,0.0,31.53,22.75,279.23,0.09,134.44,87.27,39.76
2026-06-01 00:30:00,10,534.21,615.79,0.0,31.3,22.92,228.35,0.14,105.85,81.25,39.42
2026-06-01 00:35:00,10,534.21,615.79,0.0,31.89,24.49,190.31,0.22,89.84,79.14,39.45
2026-06-01 00:40:00,10,534.21,615.79,0.0,31.16,22.57,265.59,0.11,118.73,83.66,39.28
2026-06-01 00:45:00,10,534.21,615.79,0.0,31.04,23.62,210.75,0.17,91.31,78.97,39.23
2026-06-01 00:50:00,10,534.21,615.79,0.0,31.15,23.6,276.84,0.1,130.49,86.64,38.25
2026-06-01 00:55:00,10,534.21,615.79,0.0,30.94,25.77,207.79,0.2,97.1,80.76,39.24
2026-06-01 01:00:00,10,534.21,615.79,0.0,31.23,22.47,185.69,0.21,86.73,77.91,39.22
2026-06-01 01:05:00,10,534.21,615.79,0.0,31.37,24.49,229.46,0.15,113.04,83.23,38.42
2026-06-01 01:10:00,10,534.21,615.79,0.0,30.5,26.25,222.62,0.17,101.57,81.67,38.64
2026-06-01 01:15:00,10,534.21,615.79,0.0,31.76,25.81,335.22,0.07,147.63,91.65,38.47
2026-06-01 01:20:00,10,534.21,615.79,0.0,32.09,24.5,318.29,0.07,146.61,90.92,38.45
2026-06-01 01:25:00,10,534.21,615.79,0.0,31.73,25.84,305.9,0.09,151.2,92.66,38.32
2026-06-01 01:30:00,10,534.21,615.79,0.0,31.83,23.77,249.35,0.13,122.02,84.84,39.43
2026-06-01 01:35:00,10,534.21,615.79,0.0,32.49,23.64,234.87,0.14,112.91,82.89,38.75
2026-06-01 01:40:00,10,534.21,615.79,0.0,31.26,23.97,292.81,0.09,137.39,88.42,37.7
2026-06-01 01:45:00,10,534.21,615.79,0.0,32.89,25.4,294.6,0.09,134.86,88.3,38.78
2026-06-01 01:50:00,10,534.21,615.79,0.0,32.08,24.96,315.83,0.08,142.49,90.03,38.42
2026-06-01 01:55:00,10,534.21,615.79,0.0,31.92,25.63,269.19,0.11,123.86,85.86,39.33
2026-06-01 02:00:00,10,534.21,615.79,0.0,32.45,26.05,286.3,0.1,132.02,87.87,36.91
2026-06-01 02:05:00,10,534.21,615.79,0.0,32.08,23.36,211.02,0.16,104.83,81.24,37.66
2026-06-01 02:10:00,10,534.21,615.79,0.0,32.2,26.29,296.63,0.1,141.17,90.2,38.66
2026-06-01 02:15:00,10,534.21,615.79,0.0,32.49,22.02,322.94,0.06,160.33,93.82,37.54
2026-06-01 02:20:00,10,534.21,615.79,0.0,32.08,22.56,232.02,0.14,107.83,81.5,38.22
2026-06-01 02:25:00,10,534.21,615.79,0.0,32.36,21.45,276.44,0.1,126.11,84.88,36.42
2026-06-01 02:30:00,10,534.21,615.79,0.0,32.9,20.98,319.06,0.06,145.84,89.46,35.08
2026-06-01 02:35:00,10,534.21,615.79,0.0,33.13,21.61,270.97,0.09,127.41,85.22,38.1
2026-06-01 02:40:00,10,534.21,615.79,0.0,32.18,20.42,349.85,0.05,167.75,95.43,36.02
2026-06-01 02:45:00,10,534.21,615.79,0.0,33.34,19.57,200.16,0.15,91.17,77.49,35.78
2026-06-01 02:50:00,10,534.21,615.79,0.0,32.71,17.08,243.85,0.09,111.96,80.3,35.77
2026-06-01 02:55:00,10,534.21,615.79,0.0,32.62,19.52,302.39,0.07,146.17,89.06,36.47
2026-06-01 03:00:00,10,534.21,615.79,0.0,33.56,19.61,223.14,0.12,101.08,79.16,34.8
2026-06-01 03:05:00,10,534.21,615.79,0.0,33.05,18.34,341.33,0.06,160.19,113.35,35.0
2026-06-01 03:10:00,10,534.21,615.79,0.0,33.24,19.09,223.18,0.11,110.29,80.71,36.66
2026-06-01 03:15:00,10,534.21,615.79,0.0,32.63,18.86,298.98,0.06,144.87,88.47,33.5
2026-06-01 03:20:00,10,534.21,615.79,0.0,34.26,18.43,339.28,0.05,157.87,91.84,35.37
2026-06-01 03:25:00,10,534.21,615.79,0.0,33.77,17.0,254.37,0.09,119.96,81.94,33.74
2026-06-01 03:30:00,10,534.21,615.79,0.0,33.17,17.57,281.11,0.07,129.33,84.2,36.06
2026-06-01 03:35:00,10,534.21,615.79,0.0,32.97,15.66,188.44,0.15,85.61,75.24,33.93
2026-06-01 03:40:00,10,534.21,615.79,0.0,34.97,15.42,236.48,0.09,108.67,79.07,35.38
2026-06-01 03:45:00,10,534.21,615.79,0.0,34.86,14.68,251.06,0.07,120.53,81.22,35.47
2026-06-01 03:50:00,10,534.21,615.79,0.0,34.07,15.31,246.43,0.08,126.55,82.79,34.42
2026-06-01 03:55:00,10,534.21,615.79,0.0,34.16,14.77,247.98,0.07,127.95,93.21,36.36
2026-06-01 04:00:00,10,534.21,615.79,0.0,34.35,14.42,258.04,0.06,120.78,81.16,35.52
2026-06-01 04:05:00,10,534.21,615.79,0.0,35.45,14.93,324.55,0.04,149.45,88.27,34.79
2026-06-01 04:10:00,10,534.21,615.79,0.0,34.9,14.4,203.37,0.11,99.38,77.01,34.43
2026-06-01 04:15:00,10,534.21,615.79,0.0,35.07,14.27,324.71,0.04,151.25,88.53,35.14
2026-06-01 04:20:00,10,534.21,615.79,0.0,35.51,13.74,260.77,0.06,122.29,81.26,33.22
2026-06-01 04:25:00,10,534.21,615.79,0.0,35.51,12.0,186.92,0.11,91.68,74.85,34.93
2026-06-01 04:30:00,10,534.21,615.79,0.0,36.29,12.16,178.68,0.13,83.34,73.64,33.75
2026-06-01 04:35:00,10,534.21,615.79,0.0,35.37,12.32,254.0,0.06,122.93,80.9,33.88
2026-06-01 04:40:00,10,534.21,615.79,0.0,35.76,11.34,326.56,0.04,144.83,85.79,32.36
2026-06-01 04:45:00,10,534.21,615.79,0.0,35.67,13.52,229.33,0.08,106.41,77.95,33.73
2026-06-01 04:50:00,10,534.21,615.79,0.0,36.39,10.98,262.18,0.05,133.07,82.75,32.1
2026-06-01 04:55:00,10,534.21,615.79,0.0,35.6,11.0,256.01,0.06,115.83,78.91,32.83
2026-06-01 05:00:00,10,534.21,615.79,0.0,36.11,9.63,235.81,0.05,114.4,78.12,33.94
2026-06-01 05:05:00,10,534.21,615.79,0.0,37.64,10.54,263.6,0.06,122.38,80.16,33.16
2026-06-01 05:10:00,10,534.21,615.79,0.0,36.24,10.66,184.34,0.1,85.92,73.44,33.19
2026-06-01 05:15:00,10,534.21,615.79,0.0,36.47,9.97,281.77,0.04,141.33,84.41,32.55
2026-06-01 05:20:00,10,534.21,615.79,0.0,37.34,9.36,179.68,0.1,89.3,73.52,30.27
2026-06-01 05:25:00,10,534.21,615.79,0.0,36.31,9.27,297.96,0.04,143.59,84.75,33.03
2026-06-01 05:30:00,10,534.21,615.79,0.0,37.64,8.17,243.12,0.05,110.85,76.89,33.14
2026-06-01 05:35:00,10,534.21,615.79,0.0,37.48,8.64,195.08,0.07,87.85,72.98,33.86
2026-06-01 05:40:00,10,534.21,615.79,0.0,37.4,8.56,254.34,0.04,119.94,92.07,31.14
2026-06-01 05:45:00,10,534.21,615.79,0.0,36.71,8.05,284.53,0.03,124.17,79.62,32.1
2026-06-01 05:50:00,10,534.21,615.79,0.0,38.92,8.31,265.1,0.04,122.98,79.47,30.99
2026-06-01 05:55:00,10,534.21,615.79,0.0,37.61,7.15,210.3,0.05,97.19,73.97,31.25
2026-06-01 06:00:00,10,534.21,615.79,0.0,37.96,8.08,266.38,0.03,130.78,81.15,31.76
2026-06-01 06:05:00,10,534.21,615.79,0.0,37.87,7.78,305.12,0.03,146.5,84.97,30.8
2026-06-01 06:10:00,10,534.21,615.79,0.0,37.83,6.28,320.49,0.02,143.58,83.66,30.49
2026-06-01 06:15:00,10,534.21,615.79,0.0,38.34,5.72,235.86,0.03,115.64,76.97,32.02
2026-06-01 06:20:00,10,534.21,615.79,0.0,38.92,6.12,188.24,0.05,89.35,72.3,29.48
2026-06-01 06:25:00,10,534.21,615.79,0.0,37.6,6.15,343.5,0.02,156.0,86.96,29.85
2026-06-01 06:30:00,10,534.21,615.79,0.0,38.39,6.41,272.25,0.03,134.33,81.41,31.59
2026-06-01 06:35:00,10,534.21,615.79,0.0,39.63,5.85,214.69,0.04,116.2,77.15,30.07
2026-06-01 06:40:00,10,534.21,615.79,0.0,38.43,6.45,248.4,0.03,114.94,77.08,31.35
2026-06-01 06:45:00,10,534.21,615.79,0.0,39.7,6.03,344.19,0.02,152.4,85.93,29.81
2026-06-01 06:50:00,10,534.21,615.79,0.0,38.98,5.2,353.29,0.01,171.19,91.09,29.59
2026-06-01 06:55:00,10,534.21,615.79,0.0,39.88,5.83,233.0,0.04,118.49,77.63,28.33
2026-06-01 07:00:00,10,534.21,615.79,0.0,39.39,4.36,222.33,0.03,106.1,74.59,30.58
2026-06-01 07:05:00,10,534.21,615.79,0.0,39.88,4.49,295.24,0.02,147.12,83.97,28.78
2026-06-01 07:10:00,10,534.21,615.79,0.0,40.78,4.78,275.42,0.02,131.52,80.16,27.78
2026-06-01 07:15:00,10,534.21,615.79,0.0,40.18,4.71,237.3,0.03,114.29,76.34,28.27
2026-06-01 07:20:00,10,534.21,615.79,0.0,40.97,4.46,316.3,0.01,149.04,84.45,28.52
2026-06-01 07:25:00,10,534.21,615.79,0.0,40.55,4.65,282.86,0.02,130.47,79.86,28.33
2026-06-01 07:30:00,10,534.21,615.79,0.0,40.33,4.21,223.62,0.03,109.62,75.22,27.41
2026-06-01 07:35:00,10,534.21,615.79,0.0,41.06,3.7,216.71,0.02,99.84,73.18,29.15
2026-06-01 07:40:00,10,534.21,615.79,0.0,40.18,5.02,223.95,0.03,101.57,73.98,28.93
2026-06-01 07:45:00,10,534.21,615.79,0.0,41.26,4.58,292.67,0.02,128.06,79.28,28.42
2026-06-01 07:50:00,10,534.21,615.79,0.0,41.71,4.5,208.91,0.03,102.61,73.99,28.91
2026-06-01 07:55:00,10,534.21,615.79,0.0,41.57,4.76,187.45,0.04,85.36,71.18,29.62
2026-06-01 08:00:00,10,534.21,615.79,0.0,41.85,3.93,299.72,0.01,144.39,83.04,28.51
2026-06-01 08:05:00,10,534.21,615.79,0.0,42.18,4.58,263.96,0.02,133.68,80.6,29.57
2026-06-01 08:10:00,10,534.21,615.79,0.0,42.36,4.57,262.24,0.02,126.23,78.86,28.82
2026-06-01 08:15:00,10,534.21,615.79,0.0,41.17,3.47,242.96,0.02,113.49,75.72,28.13
2026-06-01 08:20:00,10,534.21,615.79,0.0,41.74,4.02,229.46,0.02,111.84,75.58,27.64
2026-06-01 08:25:00,10,534.21,615.79,0.0,42.2,3.88,254.72,0.02,120.48,77.34,26.66
2026-06-01 08:30:00,10,534.21,615.79,0.0,42.19,4.14,274.71,0.02,132.63,80.2,28.42
2026-06-01 08:35:00,10,534.21,615.79,0.0,42.23,3.77,363.04,0.01,176.82,92.36,28.55
2026-06-01 08:40:00,10,534.21,615.79,0.0,42.33,4.05,247.79,0.02,113.15,75.86,27.68
2026-06-01 08:45:00,10,534.21,615.79,0.0,42.3,6.11,283.09,0.02,137.83,82.15,27.41
2026-06-01 08:50:00,10,534.21,615.79,0.0,42.87,5.29,240.25,0.03,118.2,77.37,27.33
2026-06-01 08:55:00,10,534.21,615.79,0.0,43.36,4.38,176.59,0.05,83.44,70.78,25.26
2026-06-01 09:00:00,10,534.21,615.79,0.0,43.56,4.69,269.17,0.02,138.04,81.71,27.41
2026-06-01 09:05:00,10,534.21,615.79,0.0,43.78,5.45,194.76,0.04,88.96,71.99,26.13
2026-06-01 09:10:00,10,534.21,615.79,0.0,43.03,4.16,257.31,0.02,123.73,78.15,27.48
2026-06-01 09:15:00,10,534.21,615.79,0.0,43.51,4.02,240.81,0.02,112.24,75.67,27.19
2026-06-01 09:20:00,10,534.21,615.79,0.0,43.51,4.65,262.46,0.02,124.69,78.54,27.0
2026-06-01 09:25:00,10,534.21,615.79,0.0,42.69,5.78,234.16,0.03,106.2,75.11,26.66
2026-06-01 09:30:00,10,534.21,615.79,0.0,43.0,6.05,292.1,0.02,145.9,84.2,25.96
2026-06-01 09:35:00,10,534.21,615.79,0.0,43.95,5.05,359.58,0.01,168.15,90.12,24.38
2026-06-01 09:40:00,10,534.21,615.79,0.0,43.32,5.48,233.09,0.03,111.51,76.05,25.27
2026-06-01 09:45:00,10,534.21,615.79,0.0,44.29,5.94,306.84,0.02,144.86,83.89,25.73
2026-06-01 09:50:00,10,534.21,615.79,0.0,43.71,6.77,283.23,0.03,135.87,81.92,25.57
2026-06-01 09:55:00,10,534.21,615.79,0.0,44.25,7.06,251.46,0.04,122.07,78.85,26.35
2026-06-01 10:00:00,10,534.21,615.79,0.0,43.75,6.26,200.16,0.05,92.57,72.89,25.91
2026-06-01 10:05:00,10,534.21,615.79,0.0,43.9,6.44,286.1,0.03,133.87,81.32,23.83
2026-06-01 10:10:00,10,534.21,615.79,0.0,44.73,7.78,284.3,0.03,137.12,82.59,25.84
2026-06-01 10:15:00,10,534.21,615.79,0.0,44.2,7.05,205.97,0.05,98.12,74.12,26.05
2026-06-01 10:20:00,10,534.21,615.79,0.0,44.14,8.33,316.47,0.03,138.3,83.07,23.71
2026-06-01 10:25:00,10,534.21,615.79,0.0,44.02,6.52,144.85,0.1,66.8,69.38,24.73
2026-06-01 10:30:00,10,534.21,615.79,0.0,44.8,7.67,275.17,0.03,132.19,81.36,25.54
2026-06-01 10:35:00,10,534.21,615.79,0.0,43.89,8.51,301.84,0.03,146.26,85.17,24.64
2026-06-01 10:40:00,10,534.21,615.79,0.0,45.53,7.57,254.44,0.04,125.58,79.81,25.42
2026-06-01 10:45:00,10,534.21,615.79,0.0,44.69,9.22,291.69,0.04,132.61,82.02,23.74
2026-06-01 10:50:00,10,534.21,615.79,0.0,44.71,8.68,323.63,0.03,158.95,88.72,25.01
2026-06-01 10:55:00,10,534.21,615.79,0.0,44.67,8.89,290.02,0.03,136.16,82.74,24.22
2026-06-01 11:00:00,10,534.21,615.79,0.0,44.39,9.41,262.03,0.04,124.31,80.16,21.72
2026-06-01 11:05:00,10,534.21,615.79,0.0,44.25,7.94,270.74,0.03,137.04,82.62,23.67
2026-06-01 11:10:00,10,534.21,615.79,0.0,44.91,11.06,322.97,0.04,148.33,86.64,22.32
2026-06-01 11:15:00,10,534.21,615.79,0.0,45.45,9.26,187.88,0.08,82.96,72.48,24.33
2026-06-01 11:20:00,10,534.21,615.79,0.0,44.43,9.27,268.31,0.04,110.21,77.14,23.83
2026-06-01 11:25:00,10,534.21,615.79,0.0,44.83,9.78,241.45,0.05,108.42,76.99,22.79
2026-06-01 11:30:00,10,534.21,615.79,0.0,44.94,10.5,247.57,0.06,110.58,77.68,22.65
2026-06-01 11:35:00,10,534.21,615.79,0.0,44.18,11.21,186.97,0.1,83.27,73.25,24.36
2026-06-01 11:40:00,10,534.21,615.79,0.0,44.79,12.51,188.12,0.11,88.07,74.46,23.09
2026-06-01 11:45:00,10,534.21,615.79,0.0,44.77,12.0,287.66,0.05,132.07,82.88,21.36
2026-06-01 11:50:00,10,534.21,615.79,0.0,45.26,10.82,191.27,0.09,90.84,74.28,21.12
2026-06-01 11:55:00,10,534.21,615.79,0.0,44.86,11.12,350.6,0.03,163.35,90.85,23.1
2026-06-01 12:00:00,10,534.21,615.79,0.0,45.66,11.89,285.48,0.05,129.73,82.3,22.96
2026-06-01 12:05:00,10,534.21,615.79,0.0,44.53,11.85,250.72,0.06,117.7,79.62,22.15
2026-06-01 12:10:00,10,534.21,615.79,0.0,44.61,11.99,268.4,0.05,125.66,81.39,22.72
2026-06-01 12:15:00,10,534.21,615.79,0.0,45.64,12.19,234.22,0.07,106.17,77.44,23.41
2026-06-01 12:20:00,10,534.21,615.79,0.0,45.47,12.21,218.49,0.08,102.12,76.7,21.58
2026-06-01 12:25:00,10,534.21,615.79,0.0,44.59,11.91,89.06,0.49,41.85,69.61,21.54
2026-06-01 12:30:00,10,534.21,615.79,0.0,45.02,12.54,212.76,0.08,99.83,76.41,21.89
2026-06-01 12:35:00,10,534.21,615.79,0.0,44.58,12.65,231.19,0.08,108.12,77.99,21.81
2026-06-01 12:40:00,10,534.21,615.79,0.0,45.06,12.33,213.44,0.08,92.8,75.11,21.12
2026-06-01 12:45:00,10,534.21,615.79,0.0,44.84,13.09,301.34,0.05,153.98,88.9,21.88
2026-06-01 12:50:00,10,534.21,615.79,0.0,44.67,13.63,251.24,0.07,122.57,81.32,21.58
2026-06-01 12:55:00,10,534.21,615.79,0.0,44.63,12.91,177.2,0.14,75.99,72.88,20.94
2026-06-01 13:00:00,10,534.21,615.79,0.0,44.78,13.44,337.27,0.04,159.02,90.43,20.63
2026-06-01 13:05:00,10,534.21,615.79,0.0,45.0,13.47,306.1,0.05,151.56,88.37,21.09
2026-06-01 13:10:00,10,534.21,615.79,0.0,45.27,13.72,212.32,0.09,103.63,77.53,20.75
2026-06-01 13:15:00,10,534.21,615.79,0.0,44.74,12.71,287.47,0.05,131.73,83.05,20.89
2026-06-01 13:20:00,10,534.21,615.79,0.0,45.08,12.03,315.05,0.04,137.43,84.17,20.29
2026-06-01 13:25:00,10,534.21,615.79,0.0,45.11,13.44,254.02,0.07,116.39,79.92,21.0
2026-06-01 13:30:00,10,534.21,615.79,0.0,45.14,13.81,287.87,0.06,145.59,86.92,20.68
2026-06-01 13:35:00,10,534.21,615.79,0.0,44.58,13.67,297.27,0.05,142.56,86.06,19.33
2026-06-01 13:40:00,10,534.21,615.79,0.0,44.66,12.99,245.28,0.07,118.86,80.29,20.42
2026-06-01 13:45:00,10,534.21,615.79,0.0,44.28,13.11,239.88,0.07,114.4,79.39,19.66
2026-06-01 13:50:00,10,534.21,615.79,0.0,44.41,13.74,256.87,0.06,124.87,81.85,19.87
2026-06-01 13:55:00,10,534.21,615.79,0.0,44.11,13.42,258.05,0.07,114.34,79.49,20.28
2026-06-01 14:00:00,10,534.21,615.79,0.0,44.23,13.54,281.03,0.06,135.33,84.22,19.34
2026-06-01 14:05:00,10,534.21,615.79,0.0,44.67,13.13,186.95,0.12,82.87,73.9,18.57
2026-06-01 14:10:00,10,534.21,615.79,0.0,44.56,11.62,281.97,0.05,134.64,83.37,18.85
2026-06-01 14:15:00,10,534.21,615.79,0.0,43.43,13.7,228.99,0.08,108.44,78.42,19.56
2026-06-01 14:20:00,10,534.21,615.79,0.0,43.38,13.58,224.72,0.07,109.29,78.52,18.81
2026-06-01 14:25:00,10,534.21,615.79,0.0,44.35,12.63,271.15,0.05,123.89,81.22,17.81
2026-06-01 14:30:00,10,534.21,615.79,0.0,43.21,13.21,199.0,0.11,93.92,75.66,18.62
2026-06-01 14:35:00,10,534.21,615.79,0.0,43.19,13.09,253.26,0.06,126.48,81.98,18.31
2026-06-01 14:40:00,10,534.21,615.79,0.0,44.33,13.01,218.84,0.08,98.53,76.33,19.73
2026-06-01 14:45:00,10,534.21,615.79,0.0,43.21,13.27,153.91,0.17,71.28,72.44,18.89
2026-06-01 14:50:00,10,534.21,615.79,0.0,43.53,13.2,281.19,0.05,126.52,82.01,18.67
2026-06-01 14:55:00,10,534.21,615.79,0.0,43.43,12.17,325.89,0.04,153.12,88.32,19.21
2026-06-01 15:00:00,10,534.21,615.79,0.0,43.04,12.5,330.57,0.04,168.5,92.89,16.99
2026-06-01 15:05:00,10,534.21,615.79,0.0,42.32,11.95,242.28,0.07,113.52,78.8,18.6
2026-06-01 15:10:00,10,534.21,615.79,0.0,42.75,11.67,299.92,0.04,143.09,85.47,19.47
2026-06-01 15:15:00,10,534.21,615.79,0.0,42.67,11.16,243.29,0.06,117.01,79.23,16.12
2026-06-01 15:20:00,10,534.21,615.79,0.0,42.89,10.91,282.68,0.04,140.4,84.52,16.41
2026-06-01 15:25:00,10,534.21,615.79,0.0,41.91,10.74,269.68,0.04,123.14,80.36,16.39
2026-06-01 15:30:00,10,534.21,615.79,0.0,41.96,10.91,212.57,0.07,98.93,75.65,19.05
2026-06-01 15:35:00,10,534.21,615.79,0.0,41.36,10.47,241.52,0.06,117.57,79.1,16.68
2026-06-01 15:40:00,10,534.21,615.79,0.0,42.41,10.67,255.16,0.05,122.25,80.17,18.07
2026-06-01 15:45:00,10,534.21,615.79,0.0,42.46,10.5,278.36,0.04,139.33,84.11,16.45
2026-06-01 15:50:00,10,534.21,615.79,0.0,42.72,10.3,299.06,0.04,143.17,85.01,15.53
2026-06-01 15:55:00,10,534.21,615.79,0.0,42.58,10.47,273.62,0.05,130.31,81.93,16.0
2026-06-01 16:00:00,10,534.21,615.79,0.0,42.06,9.62,188.97,0.08,94.92,74.51,15.47
2026-06-01 16:05:00,10,534.21,615.79,0.0,40.66,9.87,228.63,0.06,100.82,75.6,16.14
2026-06-01 16:10:00,10,534.21,615.79,0.0,41.31,9.46,299.68,0.03,144.19,84.96,17.11
2026-06-01 16:15:00,10,534.21,615.79,0.0,40.98,9.7,211.68,0.06,90.0,73.68,18.27
2026-06-01 16:20:00,10,534.21,615.79,0.0,40.54,8.4,263.06,0.04,118.69,78.57,15.93
2026-06-01 16:25:00,10,534.21,615.79,0.0,40.92,9.4,251.78,0.05,119.84,79.19,15.42
2026-06-01 16:30:00,10,534.21,615.79,0.0,40.83,7.56,270.13,0.03,127.42,80.19,17.06
2026-06-01 16:35:00,10,534.21,615.79,0.0,41.42,9.22,250.59,0.05,115.77,78.27,15.28
2026-06-01 16:40:00,10,534.21,615.79,0.0,40.67,7.79,170.7,0.08,81.92,71.8,14.17
2026-06-01 16:45:00,10,534.21,615.79,0.0,41.1,7.45,228.24,0.04,104.81,75.45,14.91
2026-06-01 16:50:00,10,534.21,615.79,0.0,40.01,7.28,291.42,0.03,136.16,82.17,15.49
2026-06-01 16:55:00,10,534.21,615.79,0.0,39.57,7.26,271.03,0.03,123.32,79.16,15.92
2026-06-01 17:00:00,10,534.21,615.79,0.0,39.63,6.72,180.09,0.07,82.88,71.55,15.13
2026-06-01 17:05:00,10,534.21,615.79,0.0,39.22,6.84,317.59,0.02,140.14,82.98,14.4
2026-06-01 17:10:00,10,534.21,615.79,0.0,39.07,6.81,294.58,0.02,135.02,81.7,14.16
2026-06-01 17:15:00,10,534.21,615.79,0.0,39.3,6.54,174.59,0.07,78.11,70.79,14.25
2026-06-01 17:20:00,10,534.21,615.79,0.0,40.38,6.56,311.23,0.02,145.12,84.16,13.29
2026-06-01 17:25:00,10,534.21,615.79,0.0,39.09,5.42,182.54,0.05,86.18,71.55,13.96
2026-06-01 17:30:00,10,534.21,615.79,0.0,38.83,6.17,334.62,0.02,158.91,87.8,14.03
2026-06-01 17:35:00,10,534.21,615.79,0.0,38.9,6.06,299.0,0.02,139.35,82.51,14.33
2026-06-01 17:40:00,10,534.21,615.79,0.0,39.1,5.94,236.77,0.03,115.9,77.1,13.28
2026-06-01 17:45:00,10,534.21,615.79,0.0,38.4,5.05,241.67,0.03,114.44,76.49,13.64
2026-06-01 17:50:00,10,534.21,615.79,0.0,38.41,5.39,209.19,0.04,103.87,74.55,14.31
2026-06-01 17:55:00,10,534.21,615.79,0.0,37.4,4.52,281.62,0.02,129.38,79.56,14.15
2026-06-01 18:00:00,10,534.21,615.79,0.0,37.94,4.23,243.95,0.02,109.48,75.18,14.13
2026-06-01 18:05:00,10,534.21,615.79,0.0,38.54,4.68,245.1,0.02,118.18,77.12,13.4
2026-06-01 18:10:00,10,534.21,615.79,0.0,37.14,4.2,298.22,0.02,140.53,82.15,12.64
2026-06-01 18:15:00,10,534.21,615.79,0.0,38.33,4.38,374.03,0.01,170.31,90.53,13.73
2026-06-01 18:20:00,10,534.21,615.79,0.0,37.63,4.43,233.09,0.02,99.93,73.45,13.85
2026-06-01 18:25:00,10,534.21,615.79,0.0,37.58,4.13,360.0,0.01,165.81,89.08,12.9
2026-06-01 18:30:00,10,534.21,615.79,0.0,36.65,3.46,300.7,0.01,142.84,82.46,13.0
2026-06-01 18:35:00,10,534.21,615.79,0.0,37.16,3.7,248.84,0.02,119.89,77.14,11.97
2026-06-01 18:40:00,10,534.21,615.79,0.0,36.98,3.68,304.84,0.01,143.16,82.62,11.16
2026-06-01 18:45:00,10,534.21,615.79,0.0,37.07,2.86,264.87,0.01,130.83,79.3,12.99
2026-06-01 18:50:00,10,534.21,615.79,0.0,36.81,3.08,279.4,0.01,134.75,80.31,12.51
2026-06-01 18:55:00,10,534.21,615.79,0.0,36.88,3.4,352.79,0.01,170.25,90.16,12.76
2026-06-01 19:00:00,10,534.21,615.79,0.0,35.63,2.56,324.47,0.01,148.17,83.54,12.48
2026-06-01 19:05:00,10,534.21,615.79,0.0,36.5,2.93,228.14,0.02,105.63,73.98,12.43
2026-06-01 19:10:00,10,534.21,615.79,0.0,36.27,3.42,307.56,0.01,138.46,81.34,13.21
2026-06-01 19:15:00,10,534.21,615.79,0.0,35.51,3.12,230.32,0.02,112.59,75.41,11.36
2026-06-01 19:20:00,10,534.21,615.79,0.0,35.87,2.79,234.21,0.02,116.46,76.09,12.52
2026-06-01 19:25:00,10,534.21,615.79,0.0,36.18,2.68,283.63,0.01,148.76,83.74,11.53
2026-06-01 19:30:00,10,534.21,615.79,0.0,36.5,2.47,371.65,0.01,179.78,92.84,11.3
2026-06-01 19:35:00,10,534.21,615.79,0.0,35.15,1.7,229.47,0.01,103.62,73.14,11.63
2026-06-01 19:40:00,10,534.21,615.79,0.0,34.95,1.83,193.35,0.02,93.18,71.36,10.38
2026-06-01 19:45:00,10,534.21,615.79,0.0,34.62,1.74,206.52,0.01,94.13,71.47,11.59
2026-06-01 19:50:00,10,534.21,615.79,0.0,34.1,1.75,189.72,0.02,90.13,70.83,10.69
2026-06-01 19:55:00,10,534.21,615.79,0.0,35.52,2.41,246.9,0.01,118.24,76.31,13.13
2026-06-01 20:00:00,10,534.21,615.79,0.0,34.57,2.26,265.79,0.01,126.69,78.12,11.23
2026-06-01 20:05:00,10,534.21,615.79,0.0,34.71,2.37,203.93,0.02,97.42,72.27,11.33
2026-06-01 20:10:00,10,534.21,615.79,0.0,33.93,2.65,274.24,0.01,135.44,80.32,10.24
2026-06-01 20:15:00,10,534.21,615.79,0.0,34.89,2.13,231.47,0.01,111.11,74.74,9.66
2026-06-01 20:20:00,10,534.21,615.79,0.0,33.89,1.98,209.54,0.01,100.64,72.69,8.59
2026-06-01 20:25:00,10,534.21,615.79,0.0,34.07,2.51,188.52,0.02,93.61,71.67,9.4
2026-06-01 20:30:00,10,534.21,615.79,0.0,33.55,2.37,256.74,0.01,118.27,76.3,10.15
2026-06-01 20:35:00,10,534.21,615.79,0.0,33.72,2.64,260.15,0.01,118.66,93.97,10.24
2026-06-01 20:40:00,10,534.21,615.79,0.0,33.86,2.55,245.06,0.01,118.82,76.48,7.78
2026-06-01 20:45:00,10,534.21,615.79,0.0,32.91,2.4,232.98,0.01,110.51,74.71,10.6
2026-06-01 20:50:00,10,534.21,615.79,0.0,33.37,2.62,300.8,0.01,135.7,80.37,8.82
2026-06-01 20:55:00,10,534.21,615.79,0.0,32.21,2.76,211.74,0.02,104.4,73.67,10.11
2026-06-01 21:00:00,10,534.21,615.79,0.0,33.87,2.39,314.5,0.01,153.42,84.9,8.4
2026-06-01 21:05:00,10,534.21,615.79,0.0,32.62,1.89,251.73,0.01,132.45,79.33,8.79
2026-06-01 21:10:00,10,534.21,615.79,0.0,32.9,2.4,210.68,0.02,94.28,71.74,8.47
2026-06-01 21:15:00,10,534.21,615.79,0.0,32.21,1.98,241.39,0.01,110.67,74.59,8.41
2026-06-01 21:20:00,10,534.21,615.79,0.0,31.61,2.45,216.34,0.02,98.9,72.56,9.12
2026-06-01 21:25:00,10,534.21,615.79,0.0,33.25,2.18,288.53,0.01,135.76,80.23,7.47
2026-06-01 21:30:00,10,534.21,615.79,0.0,32.36,2.82,237.03,0.02,105.52,73.91,8.06
2026-06-01 21:35:00,10,534.21,615.79,0.0,33.29,3.15,241.05,0.02,110.3,74.95,8.23
2026-06-01 21:40:00,10,534.21,615.79,0.0,31.35,2.93,259.43,0.01,118.91,76.63,8.35
2026-06-01 21:45:00,10,534.21,615.79,0.0,33.1,3.0,229.59,0.02,104.74,73.83,8.67
2026-06-01 21:50:00,10,534.21,615.79,0.0,31.61,3.2,273.88,0.01,124.31,77.91,7.31
2026-06-01 21:55:00,10,534.21,615.79,0.0,31.67,3.02,306.16,0.01,140.45,81.69,7.24
2026-06-01 22:00:00,10,534.21,615.79,0.0,32.23,3.29,358.44,0.01,181.31,93.62,7.57
2026-06-01 22:05:00,10,534.21,615.79,0.0,31.81,2.98,257.69,0.01,129.98,91.7,7.83
2026-06-01 22:10:00,10,534.21,615.79,0.0,32.01,2.9,253.75,0.01,121.37,77.15,6.35
2026-06-01 22:15:00,10,534.21,615.79,0.0,32.07,3.38,240.77,0.02,117.83,76.58,7.05
2026-06-01 22:20:00,10,534.21,615.79,0.0,31.12,3.07,238.57,0.02,116.02,76.09,6.91
2026-06-01 22:25:00,10,534.21,615.79,0.0,31.05,3.29,292.79,0.01,129.16,79.04,6.35
2026-06-01 22:30:00,10,534.21,615.79,0.0,31.98,3.37,239.89,0.02,109.28,74.83,6.71
2026-06-01 22:35:00,10,534.21,615.79,0.0,31.51,3.6,224.08,0.02,91.31,71.66,6.43
2026-06-01 22:40:00,10,534.21,615.79,0.0,31.91,3.63,292.99,0.01,143.5,82.68,7.1
2026-06-01 22:45:00,10,534.21,615.79,0.0,32.52,3.36,248.16,0.02,117.5,76.5,7.26
2026-06-01 22:50:00,10,534.21,615.79,0.0,30.77,3.23,227.1,0.02,106.17,74.17,5.39
2026-06-01 22:55:00,10,534.21,615.79,0.0,30.6,3.18,247.96,0.02,110.17,74.93,6.71
2026-06-01 23:00:00,10,534.21,615.79,0.0,31.94,3.04,291.91,0.01,146.2,83.18,8.02
2026-06-01 23:05:00,10,534.21,615.79,0.0,31.35,3.09,220.25,0.02,95.01,72.11,6.64
2026-06-01 23:10:00,10,534.21,615.79,0.0,30.74,3.11,238.22,0.02,114.94,75.88,5.44
2026-06-01 23:15:00,10,534.21,615.79,0.0,31.01,3.15,261.77,0.02,132.32,79.76,5.88
2026-06-01 23:20:00,10,534.21,615.79,0.0,31.39,3.17,239.99,0.02,116.1,76.14,5.11
2026-06-01 23:25:00,10,534.21,615.79,0.0,30.27,2.83,264.61,0.01,128.51,95.86,5.5
2026-06-01 23:30:00,10,534.21,615.79,0.0,30.54,3.22,255.9,0.02,124.86,78.06,5.81
2026-06-01 23:35:00,10,534.21,615.79,0.0,31.45,2.99,251.95,0.02,126.47,96.78,4.75
2026-06-01 23:40:00,10,534.21,615.79,0.0,30.76,3.37,272.79,0.01,124.36,77.98,4.52
2026-06-01 23:45:00,10,534.21,615.79,0.0,31.0,3.29,272.72,0.01,131.53,79.6,4.27
2026-06-01 23:50:00,10,534.21,615.79,0.0,30.59,2.98,239.48,0.02,103.92,73.66,4.37
2026-06-01 23:55:00,10,534.21,615.79,0.0,30.5,3.26,324.62,0.01,152.1,84.84,3.51
2026-06-02 00:00:00,10,0.0,750.0,-0.61,31.2,3.02,228.61,0.02,112.12,75.27,3.78
2026-06-02 00:05:00,10,0.0,750.0,-0.61,30.36,3.39,243.94,0.02,118.68,76.76,4.2
2026-06-02 00:10:00,10,0.0,750.0,-0.61,30.74,3.45,240.62,0.02,108.37,74.67,4.8
2026-06-02 00:15:00,10,0.0,750.0,-0.61,30.33,3.3,144.56,0.05,67.55,68.22,5.37
2026-06-02 00:20:00,10,0.0,750.0,-0.61,31.08,2.87,276.13,0.01,132.48,79.68,5.82
2026-06-02 00:25:00,10,0.0,750.0,-0.61,31.73,2.94,296.04,0.01,143.34,82.4,3.59
2026-06-02 00:30:00,10,0.0,750.0,-0.61,30.85,3.08,283.58,0.01,132.72,79.81,1.87
2026-06-02 00:35:00,10,0.0,750.0,-0.61,30.97,3.0,196.0,0.03,92.34,71.64,4.91
2026-06-02 00:40:00,10,0.0,750.0,-0.61,31.21,2.73,230.86,0.02,108.12,74.38,3.41
2026-06-02 00:45:00,10,0.0,750.0,-0.61,31.59,3.11,299.84,0.01,143.47,82.49,2.92
2026-06-02 00:50:00,10,0.0,750.0,-0.61,31.64,2.82,219.83,0.02,102.34,73.31,4.28
2026-06-02 00:55:00,10,0.0,750.0,-0.61,31.42,2.79,249.58,0.02,117.7,76.34,3.74
2026-06-02 01:00:00,10,0.0,750.0,-0.61,30.21,2.85,262.12,0.01,118.09,76.43,3.34
2026-06-02 01:05:00,10,0.0,750.0,-0.61,31.35,2.62,263.67,0.01,120.64,76.89,3.51
2026-06-02 01:10:00,10,0.0,750.0,-0.61,30.6,2.56,318.29,0.01,146.37,99.21,3.66
2026-06-02 01:15:00,10,0.0,750.0,-0.61,30.48,2.57,178.26,0.02,80.83,69.68,1.97
2026-06-02 01:20:00,10,0.0,750.0,-0.61,30.75,2.45,274.25,0.01,138.13,80.91,1.25
2026-06-02 01:25:00,10,0.0,750.0,-0.61,31.13,2.32,208.25,0.02,98.11,72.37,0.46
2026-06-02 01:30:00,10,0.0,750.0,-0.61,31.77,2.3,295.32,0.01,142.74,82.02,2.56
2026-06-02 01:35:00,10,0.0,750.0,-0.61,32.05,2.31,272.61,0.01,132.28,79.44,2.16
2026-06-02 01:40:00,10,0.0,750.0,-0.61,31.61,1.99,304.8,0.01,146.1,82.79,2.26
2026-06-02 01:45:00,10,0.0,750.0,-0.61,31.28,2.0,262.93,0.01,121.69,76.91,3.57
2026-06-02 01:50:00,10,0.0,750.0,-0.61,32.4,1.9,231.92,0.01,112.85,75.01,2.32
2026-06-02 01:55:00,10,0.0,750.0,-0.61,32.45,1.91,295.91,0.01,138.26,80.75,1.8
2026-06-02 02:00:00,10,0.0,750.0,-0.61,32.01,1.7,215.38,0.01,102.52,72.94,1.77
2026-06-02 02:05:00,10,0.0,750.0,-0.61,33.04,1.74,269.97,0.01,124.37,77.41,3.07
2026-06-02 02:10:00,10,0.0,750.0,-0.61,31.7,1.47,285.39,0.01,135.08,79.81,0.81
2026-06-02 02:15:00,10,0.0,750.0,-0.61,32.63,1.33,224.12,0.01,114.58,75.16,2.74
2026-06-02 02:20:00,10,0.0,750.0,-0.61,32.0,1.27,287.7,0.0,137.38,80.29,0.88
2026-06-02 02:25:00,10,0.0,750.0,-0.61,31.62,1.12,302.27,0.0,145.85,82.4,0.0
2026-06-02 02:30:00,10,0.0,750.0,-0.61,32.04,1.06,314.19,0.0,147.92,82.92,2.68
2026-06-02 02:35:00,10,0.0,750.0,-0.61,32.52,0.88,229.12,0.01,103.43,72.82,0.0
2026-06-02 02:40:00,10,0.0,750.0,-0.61,32.39,0.86,261.81,0.0,117.07,90.71,1.71
2026-06-02 02:45:00,10,0.0,750.0,-0.61,33.61,0.65,133.69,0.01,66.01,67.03,0.91
2026-06-02 02:50:00,10,0.0,750.0,-0.61,32.37,0.58,204.02,0.0,98.83,71.86,0.29
2026-06-02 02:55:00,10,0.0,750.0,-0.61,33.07,0.47,248.09,0.0,119.3,75.84,0.0
2026-06-02 03:00:00,10,0.0,750.0,-0.61,33.04,0.36,240.53,0.0,116.19,75.14,0.0
2026-06-02 03:05:00,10,0.0,750.0,-0.61,34.1,0.27,301.0,0.0,152.65,83.93,0.0
2026-06-02 03:10:00,10,0.0,750.0,-0.61,33.65,0.13,229.59,0.0,111.27,74.05,0.0
2026-06-02 03:15:00,10,0.0,750.0,-0.61,34.08,0.04,242.26,0.0,122.29,76.34,0.0
2026-06-02 03:20:00,10,0.0,750.0,-0.61,34.22,0.0,198.9,0.0,89.54,70.08,0.0
2026-06-02 03:25:00,10,0.0,750.0,-0.61,33.3,0.0,240.03,0.0,114.8,74.72,0.0
2026-06-02 03:30:00,10,0.0,750.0,-0.61,33.98,0.0,296.57,0.0,140.97,80.75,0.0
2026-06-02 03:35:00,10,0.0,750.0,-0.61,34.19,0.0,324.02,0.0,151.88,100.86,0.67
2026-06-02 03:40:00,10,0.0,750.0,-0.61,33.18,0.0,255.51,0.0,128.79,94.22,2.3
2026-06-02 03:45:00,10,0.0,750.0,-0.61,33.53,0.0,272.14,0.0,124.76,76.87,0.0
2026-06-02 03:50:00,10,0.0,750.0,-0.61,33.89,0.0,304.34,0.0,143.73,81.46,0.0
2026-06-02 03:55:00,10,0.0,750.0,-0.61,34.3,0.0,241.62,0.0,113.73,74.5,0.22
2026-06-02 04:00:00,10,0.0,750.0,-0.61,35.13,0.0,328.66,0.0,154.22,84.27,0.0
2026-06-02 04:05:00,10,0.0,750.0,-0.61,34.7,0.0,249.78,0.0,119.55,75.73,1.08
2026-06-02 04:10:00,10,0.0,750.0,-0.61,34.72,0.0,240.68,0.0,113.64,90.33,0.3
2026-06-02 04:15:00,10,0.0,750.0,-0.61,35.11,0.0,227.74,0.0,110.09,73.77,0.0
2026-06-02 04:20:00,10,0.0,750.0,-0.61,34.77,0.0,232.3,0.0,111.21,74.0,1.29
2026-06-02 04:25:00,10,0.0,750.0,-0.61,35.31,0.0,193.12,0.0,99.07,71.7,0.0
2026-06-02 04:30:00,10,0.0,750.0,-0.61,36.24,0.0,201.85,0.0,94.87,70.97,0.16
2026-06-02 04:35:00,10,0.0,750.0,-0.61,35.97,0.0,218.86,0.0,108.32,73.43,1.3
2026-06-02 04:40:00,10,0.0,750.0,-0.61,36.59,0.0,203.28,0.0,97.02,71.34,0.95
2026-06-02 04:45:00,10,0.0,750.0,-0.61,35.36,0.0,324.73,0.0,157.63,85.23,1.03
2026-06-02 04:50:00,10,0.0,750.0,-0.61,35.39,0.0,201.73,0.0,96.72,71.28,0.89
2026-06-02 04:55:00,10,0.0,750.0,-0.61,37.02,0.0,198.39,0.0,91.83,70.46,0.0
2026-06-02 05:00:00,10,0.0,750.0,-0.61,36.67,0.0,258.56,0.0,122.47,76.37,0.11
2026-06-02 05:05:00,10,0.0,750.0,-0.61,36.6,0.0,283.49,0.0,137.32,79.84,0.0
2026-06-02 05:10:00,10,0.0,750.0,-0.61,35.76,0.0,256.59,0.0,125.45,77.03,0.0
2026-06-02 05:15:00,10,0.0,750.0,-0.61,37.48,0.0,282.35,0.0,128.95,77.83,0.0
2026-06-02 05:20:00,10,0.0,750.0,-0.61,36.45,0.0,326.11,0.0,153.3,84.02,0.86
2026-06-02 05:25:00,10,0.0,750.0,-0.61,37.55,0.0,174.9,0.0,81.04,68.78,0.0
2026-06-02 05:30:00,10,0.0,750.0,-0.61,36.15,0.0,279.52,0.0,126.83,77.34,0.26
2026-06-02 05:35:00,10,0.0,750.0,-0.61,36.72,0.0,297.39,0.0,148.36,82.68,0.0
2026-06-02 05:40:00,10,0.0,750.0,-0.61,37.95,0.0,258.23,0.0,123.75,76.65,0.0
2026-06-02 05:45:00,10,0.0,750.0,-0.61,37.03,0.0,309.6,0.0,144.85,81.75,0.0
2026-06-02 05:50:00,10,0.0,750.0,-0.61,37.6,0.0,327.15,0.0,147.59,82.47,0.0
2026-06-02 05:55:00,10,0.0,750.0,-0.61,38.63,0.0,223.64,0.0,104.25,72.65,1.0
2026-06-02 06:00:00,10,0.0,750.0,-0.61,37.83,0.0,263.28,0.0,115.9,74.96,0.0
2026-06-02 06:05:00,10,0.0,750.0,-0.61,37.94,0.0,274.66,0.0,128.1,77.64,0.0
2026-06-02 06:10:00,10,0.0,750.0,-0.61,38.93,0.0,220.26,0.0,110.19,73.8,0.0
2026-06-02 06:15:00,10,0.0,750.0,-0.61,38.33,0.0,287.65,0.0,147.24,82.38,0.0
2026-06-02 06:20:00,10,0.0,750.0,-0.61,38.65,0.0,166.42,0.0,72.14,67.56,0.35
2026-06-02 06:25:00,10,0.0,750.0,-0.61,39.4,0.0,256.26,0.0,118.93,75.6,0.23
2026-06-02 06:30:00,10,0.0,750.0,-0.61,39.03,0.0,343.1,0.0,158.77,85.56,0.1
2026-06-02 06:35:00,10,0.0,750.0,-0.61,39.58,0.0,272.36,0.0,121.84,76.23,0.0
2026-06-02 06:40:00,10,0.0,750.0,-0.61,38.94,0.0,244.69,0.0,110.22,73.81,0.29
2026-06-02 06:45:00,10,0.0,750.0,-0.61,39.02,0.0,244.25,0.0,113.89,74.55,0.0
2026-06-02 06:50:00,10,0.0,750.0,-0.61,39.42,0.0,193.96,0.0,92.4,70.56,0.63
2026-06-02 06:55:00,10,0.0,750.0,-0.61,39.78,0.0,215.98,0.0,99.05,71.7,0.0
2026-06-02 07:00:00,10,0.0,750.0,-0.61,39.78,0.0,286.9,0.0,128.87,87.83,0.0
2026-06-02 07:05:00,10,0.0,750.0,-0.61,40.5,0.0,246.38,0.0,115.32,74.84,0.0
2026-06-02 07:10:00,10,0.0,750.0,-0.61,40.19,0.0,221.91,0.0,107.51,73.28,0.0
2026-06-02 07:15:00,10,0.0,750.0,-0.61,39.96,0.0,281.93,0.0,133.06,78.81,1.07
2026-06-02 07:20:00,10,0.0,750.0,-0.61,40.04,0.0,240.62,0.0,115.11,74.8,0.0
2026-06-02 07:25:00,10,0.0,750.0,-0.61,40.81,0.0,256.28,0.0,109.98,73.76,0.0
2026-06-02 07:30:00,10,0.0,750.0,-0.61,40.97,0.0,207.35,0.0,106.8,73.14,0.0
2026-06-02 07:35:00,10,0.0,750.0,-0.61,39.96,0.0,264.43,0.0,121.06,76.06,0.07
2026-06-02 07:40:00,10,0.0,750.0,-0.61,41.05,0.0,220.81,0.0,102.45,72.32,0.84
2026-06-02 07:45:00,10,0.0,750.0,-0.61,40.94,0.0,311.49,0.0,152.56,83.82,0.0
2026-06-02 07:50:00,10,0.0,750.0,-0.61,42.04,0.0,245.24,0.0,115.76,74.94,0.0
2026-06-02 07:55:00,10,0.0,750.0,-0.61,40.59,0.0,253.57,0.0,119.43,75.71,0.46
2026-06-02 08:00:00,10,0.0,750.0,-0.61,41.37,0.0,212.16,0.0,104.41,72.69,0.0
2026-06-02 08:05:00,10,0.0,750.0,-0.61,42.09,0.0,221.26,0.0,104.53,72.71,0.49
2026-06-02 08:10:00,10,0.0,750.0,-0.61,42.23,0.0,175.81,0.0,81.84,68.91,0.0
2026-06-02 08:15:00,10,0.0,750.0,-0.61,42.14,0.0,189.62,0.0,93.76,70.79,0.0
2026-06-02 08:20:00,10,0.0,750.0,-0.61,41.61,0.0,325.34,0.0,145.68,81.98,0.0
2026-06-02 08:25:00,10,0.0,750.0,-0.61,42.32,0.0,241.01,0.0,112.5,74.27,0.0
2026-06-02 08:30:00,10,0.0,750.0,-0.61,42.07,0.0,299.23,0.0,148.53,82.73,0.33
2026-06-02 08:35:00,10,0.0,750.0,-0.61,42.86,0.0,266.42,0.0,121.86,76.25,0.0
2026-06-02 08:40:00,10,0.0,750.0,-0.61,42.43,0.0,292.14,0.0,133.28,78.87,0.19
2026-06-02 08:45:00,10,0.0,750.0,-0.61,42.94,0.0,279.11,0.0,125.53,77.06,0.98
2026-06-02 08:50:00,10,0.0,750.0,-0.61,43.41,0.0,233.99,0.0,103.38,72.5,0.61
2026-06-02 08:55:00,10,0.0,750.0,-0.61,42.77,0.0,295.35,0.0,135.18,79.33,0.0
2026-06-02 09:00:00,10,0.0,750.0,-0.61,43.33,0.0,355.92,0.0,159.36,85.74,0.62
2026-06-02 09:05:00,10,0.0,750.0,-0.61,43.19,0.0,273.74,0.0,125.31,77.01,0.45
2026-06-02 09:10:00,10,0.0,750.0,-0.61,43.02,0.0,238.61,0.0,105.67,72.93,0.0
2026-06-02 09:15:00,10,0.0,750.0,-0.61,43.51,0.0,142.65,0.0,68.71,67.13,0.0
2026-06-02 09:20:00,10,0.0,750.0,-0.61,43.59,0.0,200.66,0.0,95.43,71.08,0.0
2026-06-02 09:25:00,10,0.0,750.0,-0.61,43.58,0.0,293.89,0.0,142.51,81.16,0.43
2026-06-02 09:30:00,10,0.0,750.0,-0.61,44.0,0.0,219.0,0.0,98.71,71.65,0.29
2026-06-02 09:35:00,10,0.0,750.0,-0.61,43.85,0.0,182.15,0.0,87.28,69.74,0.0
2026-06-02 09:40:00,10,0.0,750.0,-0.61,43.45,0.0,297.2,0.0,140.73,80.71,0.0
2026-06-02 09:45:00,10,0.0,750.0,-0.61,44.26,0.0,245.5,0.0,117.66,75.34,0.0
2026-06-02 09:50:00,10,0.0,750.0,-0.61,43.92,0.0,209.59,0.0,95.7,71.13,0.36
2026-06-02 09:55:00,10,0.0,750.0,-0.61,43.54,0.0,304.83,0.0,136.1,79.55,1.36
2026-06-02 10:00:00,10,0.0,750.0,-0.61,44.63,0.0,241.67,0.0,112.54,74.28,0.0
2026-06-02 10:05:00,10,0.0,750.0,-0.61,43.97,0.0,255.29,0.0,121.06,76.07,0.0
2026-06-02 10:10:00,10,0.0,750.0,-0.61,43.99,0.0,196.03,0.0,95.82,71.15,0.08
2026-06-02 10:15:00,10,0.0,750.0,-0.61,43.53,0.0,266.02,0.0,119.67,75.77,0.0
2026-06-02 10:20:00,10,0.0,750.0,-0.61,46.1,0.0,288.82,0.0,134.7,79.22,0.18
2026-06-02 10:25:00,10,0.0,750.0,-0.61,44.52,0.0,279.44,0.0,133.94,79.03,0.0
2026-06-02 10:30:00,10,0.0,750.0,-0.61,43.67,0.0,305.63,0.0,135.99,79.53,0.11
2026-06-02 10:35:00,10,0.0,750.0,-0.61,44.03,0.0,365.31,0.0,183.33,93.13,0.0
2026-06-02 10:40:00,10,0.0,750.0,-0.61,44.39,0.0,272.11,0.0,130.4,78.19,0.68
2026-06-02 10:45:00,10,0.0,750.0,-0.61,44.77,0.0,204.13,0.0,97.1,71.37,0.02
2026-06-02 10:50:00,10,0.0,750.0,-0.61,44.26,0.0,214.75,0.0,99.18,71.74,0.23
2026-06-02 10:55:00,10,0.0,750.0,-0.61,45.42,0.0,294.23,0.0,137.49,79.9,1.38
2026-06-02 11:00:00,10,0.0,750.0,-0.61,44.64,0.0,279.8,0.0,133.65,78.96,0.0
2026-06-02 11:05:00,10,0.0,750.0,-0.61,44.64,0.0,198.2,0.0,90.38,70.24,2.26
2026-06-02 11:10:00,10,0.0,750.0,-0.61,44.62,0.0,249.46,0.0,112.67,74.31,0.0
2026-06-02 11:15:00,10,0.0,750.0,-0.61,45.23,0.0,291.93,0.0,138.6,80.17,0.0
2026-06-02 11:20:00,10,0.0,750.0,-0.61,45.09,0.0,231.51,0.0,108.76,73.53,0.0
2026-06-02 11:25:00,10,0.0,750.0,-0.61,44.61,0.0,268.34,0.0,128.17,77.67,0.0
2026-06-02 11:30:00,10,0.0,750.0,-0.61,45.59,0.0,297.73,0.0,137.57,79.92,0.0
2026-06-02 11:35:00,10,0.0,750.0,-0.61,44.8,0.0,135.51,0.0,64.57,66.64,0.0
2026-06-02 11:40:00,10,0.0,750.0,-0.61,45.61,0.0,208.69,0.0,96.99,71.35,0.0
2026-06-02 11:45:00,10,0.0,750.0,-0.61,44.28,0.0,230.28,0.0,107.67,73.32,0.0
2026-06-02 11:50:00,10,0.0,750.0,-0.61,44.3,0.0,332.93,0.0,158.27,85.43,0.0
2026-06-02 11:55:00,10,0.0,750.0,-0.61,45.08,0.0,202.18,0.0,93.17,70.7,1.41
2026-06-02 12:00:00,10,0.0,750.0,-0.61,45.13,0.0,217.14,0.0,95.14,71.03,0.0
2026-06-02 12:05:00,10,0.0,750.0,-0.61,45.41,0.0,289.5,0.0,141.95,81.02,99.01
2026-06-02 12:10:00,10,0.0,750.0,-0.61,44.93,78.25,232.75,0.52,105.51,101.33,98.39
2026-06-02 12:15:00,10,0.0,750.0,-0.61,45.36,74.21,303.76,0.26,148.72,109.29,98.01
2026-06-02 12:20:00,10,0.0,750.0,-0.61,44.97,77.47,249.09,0.39,119.4,103.61,96.09
2026-06-02 12:25:00,10,0.0,750.0,-0.61,45.36,81.86,203.35,0.61,94.5,100.79,96.18
2026-06-02 12:30:00,10,0.0,750.0,-0.61,44.57,81.3,282.04,0.34,138.29,109.23,95.62
2026-06-02 12:35:00,10,0.0,750.0,-0.61,44.92,82.57,274.84,0.37,126.05,106.83,97.48
2026-06-02 12:40:00,10,0.0,750.0,-0.61,45.57,86.23,283.02,0.33,133.47,109.76,97.45
2026-06-02 12:45:00,10,0.0,750.0,-0.61,45.19,78.81,296.08,0.28,131.29,106.54,97.4
2026-06-02 12:50:00,10,0.0,750.0,-0.61,44.28,85.25,273.32,0.33,123.82,107.18,95.4
2026-06-02 12:55:00,10,0.0,750.0,-0.61,44.84,87.27,241.72,0.51,121.96,107.84,97.19
2026-06-02 13:00:00,10,0.0,750.0,-0.61,44.87,88.74,202.49,0.68,99.14,104.15,96.3
2026-06-02 13:05:00,10,0.0,750.0,-0.61,46.0,91.7,233.83,0.58,117.2,108.51,94.97
2026-06-02 13:10:00,10,0.0,750.0,-0.61,44.28,86.47,234.66,0.44,112.44,105.41,95.93
2026-06-02 13:15:00,10,0.0,750.0,-0.61,45.18,97.86,298.62,0.34,136.91,114.69,94.57
2026-06-02 13:20:00,10,0.0,750.0,-0.61,44.77,81.35,215.98,0.57,99.13,101.34,94.64
2026-06-02 13:25:00,10,0.0,750.0,-0.61,44.75,93.35,214.13,0.68,99.7,105.86,95.87
2026-06-02 13:30:00,10,0.0,750.0,-0.61,42.7,86.57,301.84,0.33,139.11,135.69,94.16
2026-06-02 13:35:00,10,0.0,750.0,-0.61,44.21,92.36,277.0,0.36,122.58,109.45,95.28
2026-06-02 13:40:00,10,0.0,750.0,-0.61,43.97,92.92,231.05,0.54,104.72,106.35,91.63
2026-06-02 13:45:00,10,0.0,750.0,-0.61,44.4,98.79,234.42,0.61,104.63,108.53,95.2
2026-06-02 13:50:00,10,0.0,750.0,-0.61,44.77,89.32,222.2,0.54,108.28,105.78,95.77
2026-06-02 13:55:00,10,0.0,750.0,-0.61,44.68,93.12,274.05,0.41,132.36,112.06,94.21
2026-06-02 14:00:00,10,0.0,750.0,-0.61,44.29,92.54,214.06,0.58,100.06,105.44,93.04
2026-06-02 14:05:00,10,0.0,750.0,-0.61,44.04,95.59,271.95,0.38,125.73,111.33,94.43
2026-06-02 14:10:00,10,0.0,750.0,-0.61,44.25,90.81,182.57,0.96,86.69,103.35,93.69
2026-06-02 14:15:00,10,0.0,750.0,-0.61,42.93,98.28,252.95,0.47,117.58,110.66,92.67
2026-06-02 14:20:00,10,0.0,750.0,-0.61,43.47,94.08,225.28,0.56,105.98,107.04,94.82
2026-06-02 14:25:00,10,0.0,750.0,-0.61,43.7,93.51,266.14,0.41,129.05,132.11,93.83
2026-06-02 14:30:00,10,0.0,750.0,-0.61,43.6,95.79,332.71,0.27,167.98,122.34,93.87
2026-06-02 14:35:00,10,0.0,750.0,-0.61,42.7,99.45,271.09,0.41,126.46,112.9,91.87
2026-06-02 14:40:00,10,0.0,750.0,-0.61,42.86,94.44,212.25,0.66,100.29,106.31,91.56
2026-06-02 14:45:00,10,0.0,750.0,-0.61,42.71,92.9,257.33,0.46,127.88,111.03,90.0
2026-06-02 14:50:00,10,0.0,750.0,-0.61,43.57,90.18,270.01,0.38,131.8,110.84,90.9
2026-06-02 14:55:00,10,0.0,750.0,-0.61,42.85,92.9,245.45,0.49,116.28,108.54,91.0
2026-06-02 15:00:00,10,0.0,750.0,-0.61,42.84,83.74,286.45,0.35,141.36,110.87,90.72
2026-06-02 15:05:00,10,0.0,750.0,-0.61,42.36,87.63,297.07,0.32,143.34,112.68,92.09
2026-06-02 15:10:00,10,0.0,750.0,-0.61,42.5,92.52,268.95,0.39,122.38,109.52,91.48
2026-06-02 15:15:00,10,0.0,750.0,-0.61,42.19,85.65,209.85,0.61,98.24,102.76,91.25
2026-06-02 15:20:00,10,0.0,750.0,-0.61,42.54,86.63,260.02,0.4,113.37,105.57,90.19
2026-06-02 15:25:00,10,0.0,750.0,-0.61,43.13,84.26,235.93,0.48,116.21,105.49,91.67
2026-06-02 15:30:00,10,0.0,750.0,-0.61,42.74,89.19,234.81,0.51,110.14,106.04,91.29
2026-06-02 15:35:00,10,0.0,750.0,-0.61,41.6,82.45,206.28,0.61,96.35,101.31,89.0
2026-06-02 15:40:00,10,0.0,750.0,-0.61,42.19,83.83,250.88,0.44,107.54,103.51,91.39
2026-06-02 15:45:00,10,0.0,750.0,-0.61,42.05,85.62,242.83,0.44,106.07,103.85,90.41
2026-06-02 15:50:00,10,0.0,750.0,-0.61,41.69,80.03,278.23,0.33,131.18,107.04,90.03
2026-06-02 15:55:00,10,0.0,750.0,-0.61,42.07,72.21,192.72,0.61,93.09,97.17,89.24
2026-06-02 16:00:00,10,0.0,750.0,-0.61,41.94,84.01,275.24,0.33,135.88,109.56,89.96
2026-06-02 16:05:00,10,0.0,750.0,-0.61,40.78,81.19,296.76,0.3,130.51,107.22,88.82
2026-06-02 16:10:00,10,0.0,750.0,-0.61,41.24,74.33,226.09,0.45,97.83,98.41,89.27
2026-06-02 16:15:00,10,0.0,750.0,-0.61,41.23,71.08,259.71,0.36,121.93,101.85,89.69
2026-06-02 16:20:00,10,0.0,750.0,-0.61,40.7,69.02,308.34,0.22,147.18,106.97,90.35
2026-06-02 16:25:00,10,0.0,750.0,-0.61,40.96,71.4,209.94,0.53,100.09,97.94,88.84
2026-06-02 16:30:00,10,0.0,750.0,-0.61,39.5,74.19,269.82,0.33,120.89,102.65,87.26
2026-06-02 16:35:00,10,0.0,750.0,-0.61,41.16,73.32,226.85,0.46,100.96,98.63,89.6
2026-06-02 16:40:00,10,0.0,750.0,-0.61,41.04,70.82,238.83,0.41,115.16,100.42,89.33
2026-06-02 16:45:00,10,0.0,750.0,-0.61,39.85,67.08,329.24,0.2,162.42,110.5,87.74
2026-06-02 16:50:00,10,0.0,750.0,-0.61,39.82,65.78,261.17,0.29,128.99,101.45,87.45
2026-06-02 16:55:00,10,0.0,750.0,-0.61,39.28,63.25,210.73,0.46,100.4,95.0,87.61
2026-06-02 17:00:00,10,0.0,750.0,-0.61,41.14,68.95,289.43,0.27,135.34,104.03,88.91
2026-06-02 17:05:00,10,0.0,750.0,-0.61,38.69,55.69,223.58,0.38,100.47,92.21,89.33
2026-06-02 17:10:00,10,0.0,750.0,-0.61,38.95,56.65,310.0,0.18,149.09,103.07,89.2
2026-06-02 17:15:00,10,0.0,750.0,-0.61,38.11,66.92,214.91,0.46,100.75,96.35,87.53
2026-06-02 17:20:00,10,0.0,750.0,-0.61,38.34,54.61,242.8,0.3,120.37,95.63,87.75
2026-06-02 17:25:00,10,0.0,750.0,-0.61,39.34,62.44,203.56,0.46,90.86,93.08,87.22
2026-06-02 17:30:00,10,0.0,750.0,-0.61,39.41,54.24,231.57,0.32,102.01,91.86,87.9
2026-06-02 17:35:00,10,0.0,750.0,-0.61,38.59,55.83,284.5,0.23,134.08,99.05,87.41
2026-06-02 17:40:00,10,0.0,750.0,-0.61,38.56,54.49,258.17,0.28,120.87,95.65,87.66
2026-06-02 17:45:00,10,0.0,750.0,-0.61,38.56,50.41,261.52,0.21,122.78,94.5,88.43
2026-06-02 17:50:00,10,0.0,750.0,-0.61,38.12,50.32,201.59,0.38,94.77,89.32,85.81
2026-06-02 17:55:00,10,0.0,750.0,-0.61,38.2,39.23,206.88,0.28,100.11,86.18,85.66
2026-06-02 18:00:00,10,0.0,750.0,-0.61,37.34,40.36,226.74,0.27,116.0,89.65,85.75
2026-06-02 18:05:00,10,0.0,750.0,-0.61,36.73,39.04,168.28,0.47,80.56,83.31,84.86
2026-06-02 18:10:00,10,0.0,750.0,-0.61,37.4,35.09,258.32,0.18,119.85,88.44,85.67
2026-06-02 18:15:00,10,0.0,750.0,-0.61,38.2,33.4,248.6,0.17,125.2,89.01,86.17
2026-06-02 18:20:00,10,0.0,750.0,-0.61,37.97,33.11,209.87,0.24,104.57,84.78,86.16
2026-06-02 18:25:00,10,0.0,750.0,-0.61,37.73,33.0,217.26,0.22,107.97,85.35,85.25
2026-06-02 18:30:00,10,0.0,750.0,-0.61,36.49,30.06,257.81,0.14,106.08,83.8,86.21
2026-06-02 18:35:00,10,0.0,750.0,-0.61,36.67,35.97,319.95,0.11,151.49,96.33,84.6
2026-06-02 18:40:00,10,0.0,750.0,-0.61,37.74,30.0,210.57,0.23,103.68,83.51,85.12
2026-06-02 18:45:00,10,0.0,750.0,-0.61,36.24,25.62,192.54,0.23,90.43,79.65,85.37
2026-06-02 18:50:00,10,0.0,750.0,-0.61,36.48,25.85,229.63,0.16,117.97,84.76,83.82
2026-06-02 18:55:00,10,0.0,750.0,-0.61,36.28,25.19,382.28,0.05,190.32,104.38,84.49
2026-06-02 19:00:00,10,0.0,750.0,-0.61,35.64,33.83,274.96,0.13,133.0,90.89,83.84
2026-06-02 19:05:00,10,0.0,750.0,-0.61,36.17,26.72,216.64,0.17,110.44,83.54,83.44
2026-06-02 19:10:00,10,0.0,750.0,-0.61,35.4,22.46,256.98,0.1,122.73,84.48,83.86
2026-06-02 19:15:00,10,0.0,750.0,-0.61,36.31,23.77,180.88,0.23,89.93,78.92,84.85
2026-06-02 19:20:00,10,0.0,750.0,-0.61,35.89,21.11,280.33,0.09,126.91,97.96,85.37
2026-06-02 19:25:00,10,0.0,750.0,-0.61,35.23,21.87,285.98,0.09,135.62,87.25,82.75
2026-06-02 19:30:00,10,0.0,750.0,-0.61,35.59,24.63,211.5,0.17,97.19,80.33,84.94
2026-06-02 19:35:00,10,0.0,750.0,-0.61,35.04,23.24,288.52,0.09,134.07,87.35,82.76
2026-06-02 19:40:00,10,0.0,750.0,-0.61,34.51,19.83,247.22,0.11,113.44,81.61,82.91
2026-06-02 19:45:00,10,0.0,750.0,-0.61,36.03,20.05,274.48,0.08,130.55,85.38,84.19
2026-06-02 19:50:00,10,0.0,750.0,-0.61,34.98,27.04,191.26,0.25,89.07,79.97,83.29
2026-06-02 19:55:00,10,0.0,750.0,-0.61,35.04,23.98,258.54,0.13,132.28,87.27,83.63
2026-06-02 20:00:00,10,0.0,750.0,-0.61,34.9,24.03,241.48,0.13,120.58,84.62,83.34
2026-06-02 20:05:00,10,0.0,750.0,-0.61,34.81,24.09,267.38,0.11,126.1,85.83,82.31
2026-06-02 20:10:00,10,0.0,750.0,-0.61,34.03,27.27,299.18,0.1,141.89,90.73,83.0
2026-06-02 20:15:00,10,0.0,750.0,-0.61,33.99,23.05,197.21,0.18,88.69,78.37,83.12
2026-06-02 20:20:00,10,0.0,750.0,-0.61,33.63,15.96,262.47,0.08,129.55,83.71,82.49
2026-06-02 20:25:00,10,0.0,750.0,-0.61,33.88,21.01,237.82,0.13,114.22,82.22,80.9
2026-06-02 20:30:00,10,0.0,750.0,-0.61,33.05,19.52,311.37,0.07,148.75,89.75,82.93
2026-06-02 20:35:00,10,0.0,750.0,-0.61,33.29,19.4,271.21,0.08,132.39,85.58,80.74
2026-06-02 20:40:00,10,0.0,750.0,-0.61,33.45,17.74,263.33,0.08,121.6,82.54,81.47
2026-06-02 20:45:00,10,0.0,750.0,-0.61,32.37,22.22,133.59,0.43,67.1,75.55,80.73
2026-06-02 20:50:00,10,0.0,750.0,-0.61,34.4,17.65,203.81,0.13,99.72,78.25,82.36
2026-06-02 20:55:00,10,0.0,750.0,-0.61,33.37,19.68,269.0,0.09,121.29,83.17,81.35
2026-06-02 21:00:00,10,0.0,750.0,-0.61,33.25,19.25,273.19,0.08,123.86,100.1,80.45
2026-06-02 21:05:00,10,0.0,750.0,-0.61,32.83,26.99,246.46,0.15,123.27,86.28,81.22
2026-06-02 21:10:00,10,0.0,750.0,-0.61,33.39,25.64,220.94,0.16,102.34,81.58,80.19
2026-06-02 21:15:00,10,0.0,750.0,-0.61,32.67,27.7,262.58,0.12,122.61,86.32,81.33
2026-06-02 21:20:00,10,0.0,750.0,-0.61,33.47,28.67,328.88,0.09,143.08,91.5,81.97
2026-06-02 21:25:00,10,0.0,750.0,-0.61,32.37,23.13,258.3,0.11,122.45,84.67,81.05
2026-06-02 21:30:00,10,0.0,750.0,-0.61,31.52,28.92,305.85,0.1,134.4,89.44,79.95
2026-06-02 21:35:00,10,0.0,750.0,-0.61,32.27,34.26,175.9,0.35,86.68,82.31,82.23
2026-06-02 21:40:00,10,0.0,750.0,-0.61,32.62,28.08,206.53,0.22,97.19,81.63,79.77
2026-06-02 21:45:00,10,0.0,750.0,-0.61,31.76,25.32,307.63,0.09,147.79,91.56,79.74
2026-06-02 21:50:00,10,0.0,750.0,-0.61,32.62,35.06,296.93,0.13,153.58,96.62,80.39
2026-06-02 21:55:00,10,0.0,750.0,-0.61,32.43,28.69,207.45,0.22,98.33,82.04,80.21
2026-06-02 22:00:00,10,0.0,750.0,-0.61,31.65,31.88,243.51,0.17,115.59,86.38,78.94
2026-06-02 22:05:00,10,0.0,750.0,-0.61,31.54,30.52,232.44,0.18,115.67,85.94,79.47
2026-06-02 22:10:00,10,0.0,750.0,-0.61,31.98,34.2,276.53,0.15,126.42,89.51,78.18
2026-06-02 22:15:00,10,0.0,750.0,-0.61,31.75,31.26,271.45,0.13,128.49,88.92,79.08
2026-06-02 22:20:00,10,0.0,750.0,-0.61,31.46,37.17,255.78,0.18,128.21,91.02,79.31
2026-06-02 22:25:00,10,0.0,750.0,-0.61,31.93,49.27,193.11,0.4,82.8,87.08,77.71
2026-06-02 22:30:00,10,0.0,750.0,-0.61,31.8,42.54,318.57,0.13,144.87,96.9,78.97
2026-06-02 22:35:00,10,0.0,750.0,-0.61,30.96,45.47,228.35,0.3,106.4,89.56,78.61
2026-06-02 22:40:00,10,0.0,750.0,-0.61,31.49,44.59,235.21,0.24,102.68,88.43,77.43
2026-06-02 22:45:00,10,0.0,750.0,-0.61,30.58,45.62,222.01,0.29,112.05,90.7,77.22
2026-06-02 22:50:00,10,0.0,750.0,-0.61,31.88,47.28,203.76,0.37,97.04,88.62,78.78
2026-06-02 22:55:00,10,0.0,750.0,-0.61,29.94,45.61,298.1,0.16,139.05,96.54,78.08
2026-06-02 23:00:00,10,0.0,750.0,-0.61,32.03,52.09,187.87,0.51,80.76,100.55,78.51
2026-06-02 23:05:00,10,0.0,750.0,-0.61,30.89,52.0,247.02,0.28,118.12,94.18,77.66
2026-06-02 23:10:00,10,0.0,750.0,-0.61,31.57,56.26,205.03,0.42,99.47,92.3,78.04
2026-06-02 23:15:00,10,0.0,750.0,-0.61,30.88,53.78,246.93,0.27,107.37,92.6,76.37
2026-06-02 23:20:00,10,0.0,750.0,-0.61,30.59,54.68,272.3,0.23,120.52,95.53,77.81
2026-06-02 23:25:00,10,0.0,750.0,-0.61,31.34,55.08,317.36,0.17,150.42,102.84,76.37
2026-06-02 23:30:00,10,0.0,750.0,-0.61,30.78,61.48,156.17,0.74,74.1,112.32,75.99
2026-06-02 23:35:00,10,0.0,750.0,-0.61,31.26,56.54,209.42,0.39,97.96,92.06,76.56
2026-06-02 23:40:00,10,0.0,750.0,-0.61,31.66,55.82,210.87,0.39,93.03,90.97,77.33
2026-06-02 23:45:00,10,0.0,750.0,-0.61,32.45,70.22,188.48,0.63,89.95,95.98,75.48
2026-06-02 23:50:00,10,0.0,750.0,-0.61,31.2,56.34,121.43,1.2,56.03,87.8,77.2
2026-06-02 23:55:00,10,0.0,750.0,-0.61,31.64,68.18,254.53,0.33,118.39,100.0,78.69
2026-06-03 00:00:00,10,100.0,-300.0,-2.4,31.45,67.32,238.69,0.39,116.68,99.45,76.36
2026-06-03 00:05:00,10,100.0,-300.0,-2.4,31.7,68.9,213.49,0.51,91.81,95.58,75.98
2026-06-03 00:10:00,10,100.0,-300.0,-2.4,31.29,63.77,323.3,0.21,155.65,107.4,74.2
2026-06-03 00:15:00,10,100.0,-300.0,-2.4,30.43,65.51,191.23,0.6,87.94,93.95,75.75
2026-06-03 00:20:00,10,100.0,-300.0,-2.4,31.26,70.57,263.9,0.35,126.0,102.55,76.79
2026-06-03 00:25:00,10,100.0,-300.0,-2.4,31.91,70.19,188.62,0.64,84.79,95.18,76.78
2026-06-03 00:30:00,10,100.0,-300.0,-2.4,29.65,72.13,315.83,0.23,141.7,106.63,73.95
2026-06-03 00:35:00,10,100.0,-300.0,-2.4,31.43,77.88,273.32,0.34,127.99,105.54,75.6
2026-06-03 00:40:00,10,100.0,-300.0,-2.4,30.23,75.03,231.74,0.46,108.49,100.63,74.78
2026-06-03 00:45:00,10,100.0,-300.0,-2.4,30.77,81.63,333.07,0.23,155.55,113.66,75.03
2026-06-03 00:50:00,10,100.0,-300.0,-2.4,31.0,72.62,206.7,0.57,101.23,98.64,74.25
2026-06-03 00:55:00,10,100.0,-300.0,-2.4,31.09,76.91,262.18,0.36,125.97,104.78,74.01
2026-06-03 01:00:00,10,100.0,-300.0,-2.4,31.49,76.38,218.76,0.5,103.75,100.28,73.51
2026-06-03 01:05:00,10,100.0,-300.0,-2.4,32.19,78.7,276.14,0.31,125.17,105.13,75.72
2026-06-03 01:10:00,10,100.0,-300.0,-2.4,31.99,78.67,260.05,0.38,128.69,106.06,72.75
2026-06-03 01:15:00,10,100.0,-300.0,-2.4,31.61,83.0,254.53,0.4,116.57,104.94,73.83
2026-06-03 01:20:00,10,100.0,-300.0,-2.4,31.13,76.43,234.53,0.46,106.67,100.77,74.01
2026-06-03 01:25:00,10,100.0,-300.0,-2.4,31.75,86.84,207.83,0.63,101.91,103.86,73.98
2026-06-03 01:30:00,10,100.0,-300.0,-2.4,31.92,83.97,347.91,0.2,164.38,116.97,75.87
2026-06-03 01:35:00,10,100.0,-300.0,-2.4,30.77,77.87,259.03,0.38,120.65,103.97,74.32
2026-06-03 01:40:00,10,100.0,-300.0,-2.4,31.43,87.32,250.24,0.41,116.57,106.47,72.92
2026-06-03 01:45:00,10,100.0,-300.0,-2.4,32.12,82.74,315.88,0.26,163.25,116.32,72.86
2026-06-03 01:50:00,10,100.0,-300.0,-2.4,31.6,84.24,314.1,0.28,155.64,114.71,72.79
2026-06-03 01:55:00,10,100.0,-300.0,-2.4,32.61,86.6,279.46,0.39,133.31,109.94,72.32
2026-06-03 02:00:00,10,100.0,-300.0,-2.4,31.53,74.65,240.83,0.41,108.59,100.42,71.96
2026-06-03 02:05:00,10,100.0,-300.0,-2.4,31.57,78.05,198.35,0.65,97.46,100.02,69.93
2026-06-03 02:10:00,10,100.0,-300.0,-2.4,32.11,80.59,338.03,0.23,165.09,116.06,73.13
2026-06-03 02:15:00,10,100.0,-300.0,-2.4,32.82,78.68,263.26,0.36,124.33,105.03,70.6
2026-06-03 02:20:00,10,100.0,-300.0,-2.4,32.64,80.21,271.71,0.36,127.93,106.39,70.83
2026-06-03 02:25:00,10,100.0,-300.0,-2.4,33.46,87.08,264.71,0.4,132.97,110.05,71.75
2026-06-03 02:30:00,10,100.0,-300.0,-2.4,33.14,82.07,248.91,0.41,110.82,103.46,71.95
2026-06-03 02:35:00,10,100.0,-300.0,-2.4,33.71,82.04,190.82,0.74,90.3,100.4,71.0
2026-06-03 02:40:00,10,100.0,-300.0,-2.4,33.56,80.97,246.01,0.48,115.24,104.11,70.66
2026-06-03 02:45:00,10,100.0,-300.0,-2.4,32.58,85.97,217.81,0.53,99.73,102.96,71.77
2026-06-03 02:50:00,10,100.0,-300.0,-2.4,32.11,78.84,234.17,0.46,115.12,103.3,71.25
2026-06-03 02:55:00,10,100.0,-300.0,-2.4,33.62,81.93,285.81,0.31,136.59,108.95,70.95
2026-06-03 03:00:00,10,100.0,-300.0,-2.4,34.24,66.81,228.56,0.41,106.7,97.31,69.41
2026-06-03 03:05:00,10,100.0,-300.0,-2.4,33.83,65.92,198.95,0.51,93.9,94.89,68.99
2026-06-03 03:10:00,10,100.0,-300.0,-2.4,33.54,65.46,217.7,0.48,101.66,96.03,71.43
2026-06-03 03:15:00,10,100.0,-300.0,-2.4,34.0,71.21,219.15,0.45,96.28,97.03,68.79
2026-06-03 03:20:00,10,100.0,-300.0,-2.4,32.76,62.95,178.77,0.62,81.89,92.17,70.32
2026-06-03 03:25:00,10,100.0,-300.0,-2.4,33.48,66.59,301.18,0.25,145.04,105.6,71.05
2026-06-03 03:30:00,10,100.0,-300.0,-2.4,33.91,61.7,236.48,0.36,121.54,98.47,68.06
2026-06-03 03:35:00,10,100.0,-300.0,-2.4,33.06,59.79,300.58,0.22,141.23,102.18,68.62
2026-06-03 03:40:00,10,100.0,-300.0,-2.4,33.98,62.15,296.67,0.22,129.87,100.24,70.27
2026-06-03 03:45:00,10,100.0,-300.0,-2.4,35.0,58.11,232.43,0.34,115.32,95.85,70.29
2026-06-03 03:50:00,10,100.0,-300.0,-2.4,35.5,61.48,213.1,0.4,101.01,94.37,69.5
2026-06-03 03:55:00,10,100.0,-300.0,-2.4,34.4,61.0,227.53,0.41,103.22,94.62,66.83
2026-06-03 04:00:00,10,100.0,-300.0,-2.4,35.79,57.36,244.43,0.32,115.73,95.64,68.58
2026-06-03 04:05:00,10,100.0,-300.0,-2.4,34.94,48.83,223.09,0.29,105.63,90.58,68.61
2026-06-03 04:10:00,10,100.0,-300.0,-2.4,34.68,45.2,260.5,0.19,131.33,94.59,69.04
2026-06-03 04:15:00,10,100.0,-300.0,-2.4,35.05,40.84,229.08,0.23,106.54,87.84,68.69
2026-06-03 04:20:00,10,100.0,-300.0,-2.4,35.13,42.56,169.11,0.47,80.9,84.59,67.41
2026-06-03 04:25:00,10,100.0,-300.0,-2.4,35.58,42.49,238.85,0.25,108.9,88.91,67.74
2026-06-03 04:30:00,10,100.0,-300.0,-2.4,36.2,42.06,248.44,0.21,115.24,89.96,67.1
2026-06-03 04:35:00,10,100.0,-300.0,-2.4,35.56,44.98,331.65,0.13,160.2,101.97,66.21
2026-06-03 04:40:00,10,100.0,-300.0,-2.4,35.09,41.19,214.05,0.29,100.41,86.94,67.02
2026-06-03 04:45:00,10,100.0,-300.0,-2.4,35.48,38.24,117.53,0.86,55.63,80.75,68.11
2026-06-03 04:50:00,10,100.0,-300.0,-2.4,35.99,41.76,262.55,0.2,124.98,91.94,67.56
2026-06-03 04:55:00,10,100.0,-300.0,-2.4,35.75,37.48,216.76,0.25,105.44,86.49,67.05
2026-06-03 05:00:00,10,100.0,-300.0,-2.4,35.97,34.99,269.34,0.15,127.62,90.07,67.96
2026-06-03 05:05:00,10,100.0,-300.0,-2.4,35.82,37.07,251.15,0.18,118.55,88.85,66.86
2026-06-03 05:10:00,10,100.0,-300.0,-2.4,36.48,37.11,219.27,0.26,108.32,105.57,67.0
2026-06-03 05:15:00,10,100.0,-300.0,-2.4,36.51,37.13,255.66,0.18,125.15,90.32,65.35
2026-06-03 05:20:00,10,100.0,-300.0,-2.4,37.41,35.36,278.28,0.15,137.51,92.56,66.38
2026-06-03 05:25:00,10,100.0,-300.0,-2.4,37.41,32.73,274.15,0.13,132.5,90.39,65.69
2026-06-03 05:30:00,10,100.0,-300.0,-2.4,37.61,36.63,277.57,0.14,127.59,90.62,64.5
2026-06-03 05:35:00,10,100.0,-300.0,-2.4,37.09,28.43,327.85,0.09,157.45,95.31,66.12
2026-06-03 05:40:00,10,100.0,-300.0,-2.4,37.76,30.64,278.09,0.14,129.47,88.96,66.24
2026-06-03 05:45:00,10,100.0,-300.0,-2.4,36.92,30.3,191.31,0.24,91.66,81.52,65.38
2026-06-03 05:50:00,10,100.0,-300.0,-2.4,38.0,28.76,170.74,0.32,80.15,79.36,65.31
2026-06-03 05:55:00,10,100.0,-300.0,-2.4,38.31,26.24,273.66,0.11,133.88,88.41,66.18
2026-06-03 06:00:00,10,100.0,-300.0,-2.4,37.66,24.32,239.14,0.13,104.67,81.5,65.03
2026-06-03 06:05:00,10,100.0,-300.0,-2.4,37.96,25.68,303.52,0.09,149.87,92.25,63.75
2026-06-03 06:10:00,10,100.0,-300.0,-2.4,38.29,23.76,214.02,0.17,94.7,79.6,64.89
2026-06-03 06:15:00,10,100.0,-300.0,-2.4,38.84,24.64,285.37,0.09,129.83,86.85,64.6
2026-06-03 06:20:00,10,100.0,-300.0,-2.4,39.1,20.02,235.88,0.12,104.11,79.88,63.82
2026-06-03 06:25:00,10,100.0,-300.0,-2.4,38.86,22.49,184.64,0.21,85.73,77.78,63.19
2026-06-03 06:30:00,10,100.0,-300.0,-2.4,39.15,21.66,279.59,0.09,125.83,84.88,62.01
2026-06-03 06:35:00,10,100.0,-300.0,-2.4,38.9,22.66,173.99,0.24,83.68,77.58,64.79
2026-06-03 06:40:00,10,100.0,-300.0,-2.4,38.65,18.51,132.66,0.33,59.92,73.24,64.34
2026-06-03 06:45:00,10,100.0,-300.0,-2.4,39.11,21.11,269.19,0.09,118.81,83.15,66.17
2026-06-03 06:50:00,10,100.0,-300.0,-2.4,38.1,21.01,257.15,0.1,121.83,83.78,62.91
2026-06-03 06:55:00,10,100.0,-300.0,-2.4,39.75,20.17,205.46,0.16,98.72,79.03,62.47
2026-06-03 07:00:00,10,100.0,-300.0,-2.4,39.26,16.01,341.96,0.04,158.13,91.06,63.13
2026-06-03 07:05:00,10,100.0,-300.0,-2.4,39.09,15.04,255.57,0.07,108.59,93.43,61.26
2026-06-03 07:10:00,10,100.0,-300.0,-2.4,40.44,18.99,208.9,0.14,103.24,79.4,63.1
2026-06-03 07:15:00,10,100.0,-300.0,-2.4,39.06,17.78,211.4,0.12,98.52,78.07,64.22
2026-06-03 07:20:00,10,100.0,-300.0,-2.4,40.75,18.54,282.6,0.07,134.06,85.68,64.99
2026-06-03 07:25:00,10,100.0,-300.0,-2.4,40.63,18.1,189.04,0.17,90.98,77.0,62.35
2026-06-03 07:30:00,10,100.0,-300.0,-2.4,40.55,10.47,259.05,0.06,116.68,78.91,63.27
2026-06-03 07:35:00,10,100.0,-300.0,-2.4,40.88,12.99,247.56,0.07,113.76,96.3,62.61
2026-06-03 07:40:00,10,100.0,-300.0,-2.4,40.49,13.84,221.61,0.1,106.12,78.05,61.93
2026-06-03 07:45:00,10,100.0,-300.0,-2.4,40.48,12.17,247.88,0.07,118.97,80.01,62.73
2026-06-03 07:50:00,10,100.0,-300.0,-2.4,40.78,9.66,278.39,0.04,129.79,81.5,62.25
2026-06-03 07:55:00,10,100.0,-300.0,-2.4,41.94,13.45,193.4,0.1,96.11,76.1,62.06
2026-06-03 08:00:00,10,100.0,-300.0,-2.4,41.67,10.73,199.91,0.09,99.73,75.77,60.99
2026-06-03 08:05:00,10,100.0,-300.0,-2.4,41.34,9.48,170.49,0.11,86.48,73.15,61.94
2026-06-03 08:10:00,10,100.0,-300.0,-2.4,41.45,13.18,268.81,0.06,126.32,81.97,62.78
2026-06-03 08:15:00,10,100.0,-300.0,-2.4,41.93,13.61,309.87,0.04,148.31,87.52,62.0
2026-06-03 08:20:00,10,100.0,-300.0,-2.4,41.73,15.21,272.89,0.07,125.2,82.45,62.44
2026-06-03 08:25:00,10,100.0,-300.0,-2.4,41.9,12.79,241.01,0.07,106.58,77.72,62.7
2026-06-03 08:30:00,10,100.0,-300.0,-2.4,42.53,11.21,212.25,0.09,101.62,76.28,61.56
2026-06-03 08:35:00,10,100.0,-300.0,-2.4,42.55,13.77,202.38,0.11,97.36,76.45,60.76
2026-06-03 08:40:00,10,100.0,-300.0,-2.4,42.78,12.01,176.13,0.12,82.86,73.5,62.38
2026-06-03 08:45:00,10,100.0,-300.0,-2.4,43.27,13.42,202.59,0.1,91.33,75.28,60.39
2026-06-03 08:50:00,10,100.0,-300.0,-2.4,42.69,10.07,288.44,0.04,139.95,84.11,60.64
2026-06-03 08:55:00,10,100.0,-300.0,-2.4,43.01,12.5,248.06,0.07,121.39,80.66,60.72
2026-06-03 09:00:00,10,100.0,-300.0,-2.4,42.3,14.01,251.75,0.07,121.08,81.12,59.7
2026-06-03 09:05:00,10,100.0,-300.0,-2.4,41.72,14.77,263.5,0.07,125.96,82.46,59.65
2026-06-03 09:10:00,10,100.0,-300.0,-2.4,42.13,14.87,200.09,0.12,97.62,76.9,61.03
2026-06-03 09:15:00,10,100.0,-300.0,-2.4,43.09,13.38,248.04,0.07,121.61,81.02,62.35
2026-06-03 09:20:00,10,100.0,-300.0,-2.4,42.97,18.36,317.07,0.06,156.29,91.41,60.18
2026-06-03 09:25:00,10,100.0,-300.0,-2.4,43.48,16.02,334.23,0.05,153.11,89.69,59.51
2026-06-03 09:30:00,10,100.0,-300.0,-2.4,43.55,16.03,269.92,0.07,128.52,83.5,59.34
2026-06-03 09:35:00,10,100.0,-300.0,-2.4,43.72,16.33,209.53,0.11,97.23,77.33,59.25
2026-06-03 09:40:00,10,100.0,-300.0,-2.4,44.14,16.53,319.35,0.05,147.98,88.48,60.71
2026-06-03 09:45:00,10,100.0,-300.0,-2.4,43.93,20.77,263.64,0.1,119.61,83.23,60.44
2026-06-03 09:50:00,10,100.0,-300.0,-2.4,43.74,21.63,302.91,0.07,146.49,89.91,58.87
2026-06-03 09:55:00,10,100.0,-300.0,-2.4,44.33,18.16,165.57,0.22,76.84,74.99,58.99
2026-06-03 10:00:00,10,100.0,-300.0,-2.4,44.32,17.61,173.63,0.18,87.67,76.32,61.66
2026-06-03 10:05:00,10,100.0,-300.0,-2.4,44.36,23.56,148.61,0.33,72.88,76.57,59.93
2026-06-03 10:10:00,10,100.0,-300.0,-2.4,44.28,22.16,370.32,0.06,183.45,101.05,59.22
2026-06-03 10:15:00,10,100.0,-300.0,-2.4,44.13,23.58,258.95,0.11,119.65,97.13,59.36
2026-06-03 10:20:00,10,100.0,-300.0,-2.4,43.91,24.63,250.91,0.12,118.67,84.42,60.34
2026-06-03 10:25:00,10,100.0,-300.0,-2.4,44.87,24.73,260.09,0.12,120.62,84.88,59.41
2026-06-03 10:30:00,10,100.0,-300.0,-2.4,44.57,26.73,251.91,0.14,111.66,83.74,58.97
2026-06-03 10:35:00,10,100.0,-300.0,-2.4,44.82,25.43,236.86,0.14,103.18,81.65,57.79
2026-06-03 10:40:00,10,100.0,-300.0,-2.4,45.18,27.43,228.4,0.17,113.08,84.34,59.55
2026-06-03 10:45:00,10,100.0,-300.0,-2.4,44.15,27.26,237.7,0.17,114.13,84.49,57.6
2026-06-03 10:50:00,10,100.0,-300.0,-2.4,43.92,26.52,249.85,0.13,110.33,98.47,56.55
2026-06-03 10:55:00,10,100.0,-300.0,-2.4,45.4,28.43,256.72,0.13,120.16,86.09,57.28
2026-06-03 11:00:00,10,100.0,-300.0,-2.4,44.73,28.82,236.85,0.15,115.32,85.24,58.45
2026-06-03 11:05:00,10,100.0,-300.0,-2.4,45.44,32.15,316.02,0.1,151.97,95.13,59.75
2026-06-03 11:10:00,10,100.0,-300.0,-2.4,45.2,31.31,272.77,0.13,120.76,87.23,56.04
2026-06-03 11:15:00,10,100.0,-300.0,-2.4,44.46,34.17,248.75,0.17,122.58,88.71,57.16
2026-06-03 11:20:00,10,100.0,-300.0,-2.4,44.04,30.67,222.13,0.22,100.06,83.07,56.45
2026-06-03 11:25:00,10,100.0,-300.0,-2.4,45.07,36.66,218.47,0.22,106.87,86.44,55.97
2026-06-03 11:30:00,10,100.0,-300.0,-2.4,44.91,33.06,243.42,0.18,117.81,87.31,56.55
2026-06-03 11:35:00,10,100.0,-300.0,-2.4,44.33,30.6,364.63,0.07,165.84,98.49,57.61
2026-06-03 11:40:00,10,100.0,-300.0,-2.4,45.3,36.3,196.4,0.29,88.98,83.3,57.09
2026-06-03 11:45:00,10,100.0,-300.0,-2.4,44.69,37.08,220.09,0.25,104.09,86.11,57.52
2026-06-03 11:50:00,10,100.0,-300.0,-2.4,45.02,36.33,225.33,0.22,104.72,85.91,56.69
2026-06-03 11:55:00,10,100.0,-300.0,-2.4,44.12,40.43,331.57,0.13,155.68,99.11,55.24
2026-06-03 12:00:00,10,100.0,-300.0,-2.4,44.37,38.62,270.7,0.16,129.28,91.76,55.23
2026-06-03 12:05:00,10,100.0,-300.0,-2.4,45.29,38.73,210.17,0.27,104.36,86.78,55.83
2026-06-03 12:10:00,10,100.0,-300.0,-2.4,44.16,43.5,309.72,0.15,148.61,98.29,53.37
2026-06-03 12:15:00,10,100.0,-300.0,-2.4,44.59,40.36,360.24,0.09,179.1,106.06,54.27
2026-06-03 12:20:00,10,100.0,-300.0,-2.4,44.7,41.22,242.18,0.22,114.67,89.58,55.24
2026-06-03 12:25:00,10,100.0,-300.0,-2.4,45.37,41.23,246.75,0.23,113.87,89.45,54.51
2026-06-03 12:30:00,10,100.0,-300.0,-2.4,44.53,39.43,242.24,0.22,117.63,89.58,55.69
2026-06-03 12:35:00,10,100.0,-300.0,-2.4,45.01,42.68,222.34,0.26,108.34,88.91,53.66
2026-06-03 12:40:00,10,100.0,-300.0,-2.4,45.36,39.93,202.42,0.34,91.68,85.1,54.18
2026-06-03 12:45:00,10,100.0,-300.0,-2.4,44.88,43.94,272.65,0.18,127.88,111.11,53.43
2026-06-03 12:50:00,10,100.0,-300.0,-2.4,44.76,44.39,209.77,0.31,100.53,88.13,54.14
2026-06-03 12:55:00,10,100.0,-300.0,-2.4,45.22,39.53,259.55,0.2,115.77,89.18,54.94
2026-06-03 13:00:00,10,100.0,-300.0,-2.4,44.78,40.58,213.26,0.27,105.72,87.68,54.0
2026-06-03 13:05:00,10,100.0,-300.0,-2.4,45.07,44.86,317.66,0.14,148.23,98.64,53.76
2026-06-03 13:10:00,10,100.0,-300.0,-2.4,44.53,40.56,246.2,0.19,112.85,88.92,53.23
2026-06-03 13:15:00,10,100.0,-300.0,-2.4,44.18,46.47,306.27,0.15,138.41,96.69,53.95
2026-06-03 13:20:00,10,100.0,-300.0,-2.4,44.93,46.93,250.08,0.24,121.39,93.05,54.55
2026-06-03 13:25:00,10,100.0,-300.0,-2.4,45.27,45.6,202.98,0.35,91.13,87.02,52.36
2026-06-03 13:30:00,10,100.0,-300.0,-2.4,44.48,46.07,242.42,0.27,112.01,90.84,52.15
2026-06-03 13:35:00,10,100.0,-300.0,-2.4,44.26,47.12,317.16,0.16,152.8,100.71,51.73
2026-06-03 13:40:00,10,100.0,-300.0,-2.4,43.66,45.58,209.07,0.32,100.52,88.57,53.75
2026-06-03 13:45:00,10,100.0,-300.0,-2.4,42.93,50.25,256.85,0.26,121.25,94.22,52.13
2026-06-03 13:50:00,10,100.0,-300.0,-2.4,42.98,49.86,257.93,0.25,124.44,94.77,53.5
2026-06-03 13:55:00,10,100.0,-300.0,-2.4,43.71,48.33,281.55,0.22,134.72,96.57,51.5
2026-06-03 14:00:00,10,100.0,-300.0,-2.4,43.15,44.14,302.3,0.15,133.59,94.69,52.11
2026-06-03 14:05:00,10,100.0,-300.0,-2.4,44.39,47.46,230.2,0.26,107.62,90.44,51.23
2026-06-03 14:10:00,10,100.0,-300.0,-2.4,44.01,47.64,273.25,0.2,127.49,94.59,50.85
2026-06-03 14:15:00,10,100.0,-300.0,-2.4,43.59,48.12,208.2,0.37,100.75,89.6,51.57
2026-06-03 14:20:00,10,100.0,-300.0,-2.4,43.6,45.83,208.98,0.32,96.61,87.96,51.68
2026-06-03 14:25:00,10,100.0,-300.0,-2.4,43.52,45.17,207.94,0.36,98.46,88.13,51.68
2026-06-03 14:30:00,10,100.0,-300.0,-2.4,43.4,49.54,259.64,0.22,121.53,93.95,50.09
2026-06-03 14:35:00,10,100.0,-300.0,-2.4,43.34,46.77,309.25,0.15,140.83,97.4,50.61
2026-06-03 14:40:00,10,100.0,-300.0,-2.4,43.48,43.82,272.14,0.19,133.35,94.6,51.82
2026-06-03 14:45:00,10,100.0,-300.0,-2.4,43.9,49.41,300.63,0.16,140.56,98.28,51.6
2026-06-03 14:50:00,10,100.0,-300.0,-2.4,44.23,45.41,289.54,0.16,124.22,92.99,50.59
2026-06-03 14:55:00,10,100.0,-300.0,-2.4,42.85,45.02,307.5,0.16,139.21,96.4,50.5
2026-06-03 15:00:00,10,100.0,-300.0,-2.4,42.91,47.09,244.83,0.26,111.88,91.15,49.77
2026-06-03 15:05:00,10,100.0,-300.0,-2.4,42.78,44.7,242.34,0.24,112.16,90.33,50.8
2026-06-03 15:10:00,10,100.0,-300.0,-2.4,42.73,42.13,276.85,0.18,138.26,95.19,50.6
2026-06-03 15:15:00,10,100.0,-300.0,-2.4,42.68,43.73,345.74,0.12,165.0,102.93,48.23
2026-06-03 15:20:00,10,100.0,-300.0,-2.4,42.67,44.65,187.5,0.41,89.27,86.5,50.81
2026-06-03 15:25:00,10,100.0,-300.0,-2.4,41.98,42.74,367.83,0.1,172.27,104.75,50.35
2026-06-03 15:30:00,10,100.0,-300.0,-2.4,41.4,44.61,245.93,0.23,117.64,91.4,49.92
2026-06-03 15:35:00,10,100.0,-300.0,-2.4,41.87,41.47,278.37,0.17,127.17,92.29,49.17
2026-06-03 15:40:00,10,100.0,-300.0,-2.4,42.38,40.32,324.96,0.12,146.57,96.57,48.87
2026-06-03 15:45:00,10,100.0,-300.0,-2.4,41.31,34.39,311.6,0.11,147.53,94.72,49.87
2026-06-03 15:50:00,10,100.0,-300.0,-2.4,41.88,29.21,256.65,0.14,122.83,86.96,49.02
2026-06-03 15:55:00,10,100.0,-300.0,-2.4,40.77,33.71,203.57,0.26,96.49,83.57,48.05
2026-06-03 16:00:00,10,100.0,-300.0,-2.4,41.28,33.86,274.76,0.15,128.37,89.86,49.23
2026-06-03 16:05:00,10,100.0,-300.0,-2.4,41.06,31.38,257.75,0.15,120.41,87.21,48.46
2026-06-03 16:10:00,10,100.0,-300.0,-2.4,41.08,29.78,138.52,0.48,67.35,78.34,49.26
2026-06-03 16:15:00,10,100.0,-300.0,-2.4,41.17,27.95,327.34,0.09,160.74,96.09,45.9
2026-06-03 16:20:00,10,100.0,-300.0,-2.4,40.57,30.78,277.22,0.13,127.19,88.47,48.31
2026-06-03 16:25:00,10,100.0,-300.0,-2.4,40.88,27.28,285.45,0.1,142.26,90.84,46.48
2026-06-03 16:30:00,10,100.0,-300.0,-2.4,40.59,24.25,217.62,0.16,96.3,80.03,46.97
2026-06-03 16:35:00,10,100.0,-300.0,-2.4,41.05,24.38,258.52,0.12,132.25,87.39,48.25
2026-06-03 16:40:00,10,100.0,-300.0,-2.4,39.24,23.19,300.31,0.08,142.37,89.39,47.15
2026-06-03 16:45:00,10,100.0,-300.0,-2.4,39.53,21.72,317.55,0.07,162.88,94.49,46.29
2026-06-03 16:50:00,10,100.0,-300.0,-2.4,39.84,22.94,253.8,0.12,129.13,86.15,47.55
2026-06-03 16:55:00,10,100.0,-300.0,-2.4,40.67,22.51,233.95,0.14,116.77,83.31,46.74
2026-06-03 17:00:00,10,100.0,-300.0,-2.4,39.04,22.91,228.33,0.15,100.06,95.91,47.74
2026-06-03 17:05:00,10,100.0,-300.0,-2.4,40.02,19.66,254.53,0.09,118.09,82.49,48.91
2026-06-03 17:10:00,10,100.0,-300.0,-2.4,38.88,18.82,212.07,0.14,100.2,78.78,46.48
2026-06-03 17:15:00,10,100.0,-300.0,-2.4,39.77,21.35,299.86,0.08,151.05,91.04,47.36
2026-06-03 17:20:00,10,100.0,-300.0,-2.4,39.13,17.77,329.19,0.05,159.28,92.02,45.8
2026-06-03 17:25:00,10,100.0,-300.0,-2.4,39.28,16.21,246.6,0.08,118.74,81.4,46.11
2026-06-03 17:30:00,10,100.0,-300.0,-2.4,38.79,16.38,166.56,0.19,77.37,74.37,46.84
2026-06-03 17:35:00,10,100.0,-300.0,-2.4,38.27,13.49,253.2,0.07,114.99,79.63,46.38
2026-06-03 17:40:00,10,100.0,-300.0,-2.4,39.06,15.1,311.57,0.05,141.93,86.39,46.53
2026-06-03 17:45:00,10,100.0,-300.0,-2.4,37.64,11.91,180.94,0.11,91.49,74.79,45.88
2026-06-03 17:50:00,10,100.0,-300.0,-2.4,38.29,13.4,214.04,0.09,97.68,76.33,44.94
2026-06-03 17:55:00,10,100.0,-300.0,-2.4,38.11,9.99,209.49,0.07,97.37,75.04,45.57
2026-06-03 18:00:00,10,100.0,-300.0,-2.4,38.36,13.27,199.22,0.11,96.61,76.13,46.16
2026-06-03 18:05:00,10,100.0,-300.0,-2.4,38.72,11.11,274.06,0.05,120.47,79.92,45.98
2026-06-03 18:10:00,10,100.0,-300.0,-2.4,38.69,12.23,221.77,0.08,99.35,76.2,44.74
2026-06-03 18:15:00,10,100.0,-300.0,-2.4,38.45,13.0,264.3,0.06,115.0,79.44,45.09
2026-06-03 18:20:00,10,100.0,-300.0,-2.4,36.97,11.08,264.63,0.05,121.13,80.05,45.27
2026-06-03 18:25:00,10,100.0,-300.0,-2.4,36.63,11.55,214.17,0.08,103.78,76.76,45.67
2026-06-03 18:30:00,10,100.0,-300.0,-2.4,36.87,12.32,247.47,0.06,109.1,78.01,45.22
2026-06-03 18:35:00,10,100.0,-300.0,-2.4,36.33,9.52,201.16,0.07,97.92,74.97,44.25
2026-06-03 18:40:00,10,100.0,-300.0,-2.4,37.06,8.2,277.31,0.04,135.49,82.34,44.62
2026-06-03 18:45:00,10,100.0,-300.0,-2.4,36.89,9.03,221.23,0.06,108.72,76.79,44.85
2026-06-03 18:50:00,10,100.0,-300.0,-2.4,37.21,7.95,271.29,0.03,125.25,79.83,45.1
2026-06-03 18:55:00,10,100.0,-300.0,-2.4,37.0,8.12,236.17,0.04,102.62,75.27,44.85
2026-06-03 19:00:00,10,100.0,-300.0,-2.4,36.36,9.01,230.91,0.05,107.5,76.52,44.31
2026-06-03 19:05:00,10,100.0,-300.0,-2.4,35.82,6.61,273.84,0.03,129.34,80.29,42.29
2026-06-03 19:10:00,10,100.0,-300.0,-2.4,35.7,6.81,177.53,0.07,81.95,81.96,43.3
2026-06-03 19:15:00,10,100.0,-300.0,-2.4,35.76,6.85,286.13,0.03,135.64,95.43,42.34
2026-06-03 19:20:00,10,100.0,-300.0,-2.4,34.64,6.74,230.06,0.04,108.31,75.86,44.69
2026-06-03 19:25:00,10,100.0,-300.0,-2.4,36.16,6.42,322.65,0.02,152.75,86.15,43.45
2026-06-03 19:30:00,10,100.0,-300.0,-2.4,33.97,6.2,248.34,0.03,114.15,76.82,44.0
2026-06-03 19:35:00,10,100.0,-300.0,-2.4,34.83,6.93,248.42,0.04,113.92,77.05,41.85
2026-06-03 19:40:00,10,100.0,-300.0,-2.4,35.15,7.23,310.89,0.02,154.4,86.89,41.94
2026-06-03 19:45:00,10,100.0,-300.0,-2.4,34.5,6.6,221.42,0.05,105.48,75.29,42.59
2026-06-03 19:50:00,10,100.0,-300.0,-2.4,36.09,5.92,213.65,0.04,102.49,74.47,43.04
2026-06-03 19:55:00,10,100.0,-300.0,-2.4,33.68,5.61,264.37,0.03,117.44,77.3,43.83
2026-06-03 20:00:00,10,100.0,-300.0,-2.4,34.94,7.42,286.78,0.03,128.39,80.36,43.7
2026-06-03 20:05:00,10,100.0,-300.0,-2.4,34.37,5.54,256.76,0.03,117.72,77.34,42.36
2026-06-03 20:10:00,10,100.0,-300.0,-2.4,34.03,6.57,249.05,0.03,110.75,76.26,40.75
2026-06-03 20:15:00,10,100.0,-300.0,-2.4,33.46,6.72,225.98,0.05,104.08,75.06,42.18
2026-06-03 20:20:00,10,100.0,-300.0,-2.4,32.67,5.84,255.56,0.03,118.2,77.54,42.21
2026-06-03 20:25:00,10,100.0,-300.0,-2.4,33.92,6.31,216.7,0.04,107.71,75.59,40.77
2026-06-03 20:30:00,10,100.0,-300.0,-2.4,33.77,5.01,322.77,0.01,157.45,86.95,42.42
2026-06-03 20:35:00,10,100.0,-300.0,-2.4,33.14,5.09,281.75,0.02,142.13,82.86,42.9
2026-06-03 20:40:00,10,100.0,-300.0,-2.4,32.95,5.5,161.35,0.06,81.59,70.9,41.52
2026-06-03 20:45:00,10,100.0,-300.0,-2.4,33.34,6.19,231.05,0.04,108.06,75.62,41.73
2026-06-03 20:50:00,10,100.0,-300.0,-2.4,34.21,6.97,287.74,0.03,125.15,79.46,40.77
2026-06-03 20:55:00,10,100.0,-300.0,-2.4,32.69,4.98,209.64,0.03,96.55,73.05,43.16
2026-06-03 21:00:00,10,100.0,-300.0,-2.4,34.46,6.45,209.67,0.04,99.44,74.1,40.83
2026-06-03 21:05:00,10,100.0,-300.0,-2.4,32.42,4.74,327.65,0.01,152.27,85.41,41.16
2026-06-03 21:10:00,10,100.0,-300.0,-2.4,33.17,8.18,282.01,0.03,129.67,80.92,39.42
2026-06-03 21:15:00,10,100.0,-300.0,-2.4,32.13,7.16,178.47,0.07,79.31,71.17,41.29
2026-06-03 21:20:00,10,100.0,-300.0,-2.4,33.21,8.08,233.94,0.04,109.97,76.65,40.66
2026-06-03 21:25:00,10,100.0,-300.0,-2.4,32.12,8.02,231.9,0.05,111.88,77.03,41.28
2026-06-03 21:30:00,10,100.0,-300.0,-2.4,32.35,8.43,256.67,0.04,120.46,78.95,41.47
2026-06-03 21:35:00,10,100.0,-300.0,-2.4,32.86,8.37,197.13,0.06,92.35,87.78,41.28
2026-06-03 21:40:00,10,100.0,-300.0,-2.4,32.07,8.77,210.55,0.06,103.3,75.65,39.19
2026-06-03 21:45:00,10,100.0,-300.0,-2.4,33.26,9.95,272.13,0.04,132.56,82.24,39.78
2026-06-03 21:50:00,10,100.0,-300.0,-2.4,31.98,10.07,233.71,0.07,108.02,77.03,40.31
2026-06-03 21:55:00,10,100.0,-300.0,-2.4,32.31,10.57,189.4,0.09,90.87,74.17,38.01
2026-06-03 22:00:00,10,100.0,-300.0,-2.4,32.32,10.51,290.98,0.04,137.7,83.68,40.91
2026-06-03 22:05:00,10,100.0,-300.0,-2.4,31.69,10.0,227.79,0.06,103.61,76.14,40.66
2026-06-03 22:10:00,10,100.0,-300.0,-2.4,32.12,9.85,255.04,0.05,124.49,80.36,38.87
2026-06-03 22:15:00,10,100.0,-300.0,-2.4,32.12,10.88,206.73,0.08,100.87,75.99,40.23
2026-06-03 22:20:00,10,100.0,-300.0,-2.4,32.0,10.42,232.37,0.06,109.98,77.51,39.56
2026-06-03 22:25:00,10,100.0,-300.0,-2.4,31.89,12.85,299.75,0.05,143.35,85.95,39.3
2026-06-03 22:30:00,10,100.0,-300.0,-2.4,31.19,12.66,280.61,0.05,130.81,82.79,39.22
2026-06-03 22:35:00,10,100.0,-300.0,-2.4,32.16,10.74,292.11,0.04,130.97,82.14,39.93
2026-06-03 22:40:00,10,100.0,-300.0,-2.4,32.21,13.3,216.56,0.08,103.46,77.31,39.36
2026-06-03 22:45:00,10,100.0,-300.0,-2.4,30.72,13.11,306.14,0.04,147.42,87.08,38.6
2026-06-03 22:50:00,10,100.0,-300.0,-2.4,31.85,13.13,280.38,0.05,130.69,82.93,38.49
2026-06-03 22:55:00,10,100.0,-300.0,-2.4,31.07,11.99,296.04,0.04,137.94,84.26,36.19
2026-06-03 23:00:00,10,100.0,-300.0,-2.4,31.87,11.26,326.25,0.03,148.19,86.62,39.0
2026-06-03 23:05:00,10,100.0,-300.0,-2.4,30.35,12.36,271.74,0.05,126.42,81.67,38.51
2026-06-03 23:10:00,10,100.0,-300.0,-2.4,31.21,14.27,271.28,0.07,135.39,84.49,38.14
2026-06-03 23:15:00,10,100.0,-300.0,-2.4,30.8,13.85,322.31,0.04,154.08,89.15,39.77
2026-06-03 23:20:00,10,100.0,-300.0,-2.4,30.49,13.1,261.46,0.06,130.05,98.37,39.02
2026-06-03 23:25:00,10,100.0,-300.0,-2.4,31.87,15.04,311.72,0.05,143.85,86.85,38.65
2026-06-03 23:30:00,10,100.0,-300.0,-2.4,30.91,14.1,257.42,0.06,123.52,81.64,38.17
2026-06-03 23:35:00,10,100.0,-300.0,-2.4,31.54,15.79,254.4,0.08,119.91,81.49,35.68
2026-06-03 23:40:00,10,100.0,-300.0,-2.4,31.41,14.02,323.34,0.04,143.44,86.36,36.15
2026-06-03 23:45:00,10,100.0,-300.0,-2.4,31.35,14.88,275.55,0.06,126.8,82.66,36.73
2026-06-03 23:50:00,10,100.0,-300.0,-2.4,31.04,14.78,301.34,0.06,146.62,87.5,37.67
2026-06-03 23:55:00,10,100.0,-300.0,-2.4,30.42,16.5,302.43,0.06,136.28,85.47,38.19
2026-06-04 00:00:00,10,206.69,301.53,0.0,30.95,15.68,320.71,0.05,150.65,88.87,38.0
2026-06-04 00:05:00,10,206.69,301.53,0.0,30.1,17.16,252.9,0.09,124.68,83.03,37.79
2026-06-04 00:10:00,10,206.69,301.53,0.0,31.06,17.89,258.85,0.09,115.72,81.35,37.22
2026-06-04 00:15:00,10,206.69,301.53,0.0,30.01,17.15,233.55,0.1,111.26,80.2,37.54
2026-06-04 00:20:00,10,206.69,301.53,0.0,30.69,16.58,267.69,0.07,127.83,83.51,35.82
2026-06-04 00:25:00,10,206.69,301.53,0.0,30.39,17.89,299.41,0.06,145.3,88.24,36.38
2026-06-04 00:30:00,10,206.69,301.53,0.0,31.27,17.51,266.41,0.08,133.78,85.25,37.12
2026-06-04 00:35:00,10,206.69,301.53,0.0,30.83,18.82,251.74,0.09,116.63,81.87,34.87
2026-06-04 00:40:00,10,206.69,301.53,0.0,30.34,17.54,241.92,0.1,110.05,80.09,36.46
2026-06-04 00:45:00,10,206.69,301.53,0.0,31.03,17.59,271.86,0.08,133.35,85.18,36.51
2026-06-04 00:50:00,10,206.69,301.53,0.0,31.35,17.29,198.07,0.13,93.84,77.1,34.83
2026-06-04 00:55:00,10,206.69,301.53,0.0,30.8,17.62,263.88,0.07,119.38,81.99,35.97
2026-06-04 01:00:00,10,206.69,301.53,0.0,31.1,17.72,293.75,0.06,132.99,85.1,35.31
2026-06-04 01:05:00,10,206.69,301.53,0.0,31.25,19.48,251.32,0.09,110.53,80.85,35.44
2026-06-04 01:10:00,10,206.69,301.53,0.0,31.74,18.59,287.51,0.07,136.38,86.25,34.59
2026-06-04 01:15:00,10,206.69,301.53,0.0,30.37,19.03,236.97,0.1,110.51,80.71,35.32
2026-06-04 01:20:00,10,206.69,301.53,0.0,31.14,18.5,257.41,0.09,120.74,82.63,35.74
2026-06-04 01:25:00,10,206.69,301.53,0.0,31.16,18.98,276.28,0.08,139.77,87.24,32.62
2026-06-04 01:30:00,10,206.69,301.53,0.0,31.13,20.14,300.27,0.07,142.74,88.38,33.2
2026-06-04 01:35:00,10,206.69,301.53,0.0,30.89,18.18,215.62,0.13,102.8,78.99,33.98
2026-06-04 01:40:00,10,206.69,301.53,0.0,31.78,18.66,199.88,0.15,91.54,77.23,33.59
2026-06-04 01:45:00,10,206.69,301.53,0.0,31.7,19.09,247.21,0.1,115.66,81.78,36.39
2026-06-04 01:50:00,10,206.69,301.53,0.0,31.9,18.61,317.4,0.05,158.5,92.08,33.5
2026-06-04 01:55:00,10,206.69,301.53,0.0,31.59,18.03,265.16,0.08,129.55,84.44,31.69
2026-06-04 02:00:00,10,206.69,301.53,0.0,31.93,18.58,266.0,0.09,126.98,84.05,33.99
2026-06-04 02:05:00,10,206.69,301.53,0.0,32.69,19.85,242.67,0.11,119.04,82.78,34.11
2026-06-04 02:10:00,10,206.69,301.53,0.0,32.15,20.08,264.82,0.1,127.46,84.71,32.5
2026-06-04 02:15:00,10,206.69,301.53,0.0,31.77,19.78,259.29,0.09,126.23,84.3,33.15
2026-06-04 02:20:00,10,206.69,301.53,0.0,32.59,18.54,252.95,0.09,113.29,81.08,32.76
2026-06-04 02:25:00,10,206.69,301.53,0.0,31.89,19.15,390.06,0.04,181.33,99.24,33.29
2026-06-04 02:30:00,10,206.69,301.53,0.0,33.35,17.71,184.62,0.17,80.3,75.2,33.48
2026-06-04 02:35:00,10,206.69,301.53,0.0,32.48,18.14,321.19,0.05,147.68,88.94,31.88
2026-06-04 02:40:00,10,206.69,301.53,0.0,32.57,17.46,277.0,0.07,137.31,86.08,30.85
2026-06-04 02:45:00,10,206.69,301.53,0.0,33.99,16.79,240.79,0.09,107.74,79.37,31.77
2026-06-04 02:50:00,10,206.69,301.53,0.0,33.55,18.2,298.56,0.07,154.45,110.5,33.6
2026-06-04 02:55:00,10,206.69,301.53,0.0,32.74,18.07,223.54,0.11,111.14,80.52,32.21
2026-06-04 03:00:00,10,206.69,301.53,0.0,33.09,17.66,223.14,0.12,96.65,77.69,33.07
2026-06-04 03:05:00,10,206.69,301.53,0.0,32.62,17.75,229.21,0.11,109.66,80.12,30.59
2026-06-04 03:10:00,10,206.69,301.53,0.0,33.04,18.66,270.55,0.08,125.47,83.72,32.02
2026-06-04 03:15:00,10,206.69,301.53,0.0,33.27,15.87,248.63,0.08,124.58,82.54,32.87
2026-06-04 03:20:00,10,206.69,301.53,0.0,33.09,16.81,370.82,0.04,181.54,98.48,31.69
2026-06-04 03:25:00,10,206.69,301.53,0.0,34.1,15.91,312.57,0.05,152.52,89.47,29.8
2026-06-04 03:30:00,10,206.69,301.53,0.0,33.22,16.17,230.58,0.09,112.14,80.02,31.94
2026-06-04 03:35:00,10,206.69,301.53,0.0,33.62,15.56,211.95,0.11,100.2,77.56,32.09
2026-06-04 03:40:00,10,206.69,301.53,0.0,33.65,15.94,240.14,0.09,104.89,78.52,31.22
2026-06-04 03:45:00,10,206.69,301.53,0.0,34.77,14.92,272.85,0.07,130.04,83.45,30.79
2026-06-04 03:50:00,10,206.69,301.53,0.0,33.58,14.89,197.06,0.12,87.58,75.22,31.73
2026-06-04 03:55:00,10,206.69,301.53,0.0,34.88,15.94,272.07,0.07,118.45,81.21,29.7
2026-06-04 04:00:00,10,206.69,301.53,0.0,34.7,14.33,236.74,0.09,109.06,97.01,30.67
2026-06-04 04:05:00,10,206.69,301.53,0.0,35.18,14.55,296.68,0.05,137.78,85.14,28.9
2026-06-04 04:10:00,10,206.69,301.53,0.0,35.6,14.2,276.56,0.06,130.46,83.27,29.14
2026-06-04 04:15:00,10,206.69,301.53,0.0,33.49,14.9,238.44,0.09,110.44,79.23,31.22
2026-06-04 04:20:00,10,206.69,301.53,0.0,35.99,12.91,194.14,0.11,89.79,74.86,30.36
2026-06-04 04:25:00,10,206.69,301.53,0.0,35.64,13.47,201.32,0.11,91.57,75.35,30.95
2026-06-04 04:30:00,10,206.69,301.53,0.0,35.21,13.74,343.36,0.04,162.34,91.47,28.1
2026-06-04 04:35:00,10,206.69,301.53,0.0,35.69,12.04,253.55,0.06,120.66,80.3,28.91
2026-06-04 04:40:00,10,206.69,301.53,0.0,35.97,13.35,287.76,0.05,142.73,85.97,28.74
2026-06-04 04:45:00,10,206.69,301.53,0.0,35.34,11.92,318.52,0.04,154.81,88.69,27.75
2026-06-04 04:50:00,10,206.69,301.53,0.0,35.5,12.07,191.86,0.11,91.3,74.81,28.91
2026-06-04 04:55:00,10,206.69,301.53,0.0,36.14,11.41,233.99,0.07,104.24,76.78,30.18
2026-06-04 05:00:00,10,206.69,301.53,0.0,35.49,9.99,201.23,0.08,96.95,74.98,29.78
2026-06-04 05:05:00,10,206.69,301.53,0.0,37.04,12.05,289.09,0.04,127.69,81.84,28.66
2026-06-04 05:10:00,10,206.69,301.53,0.0,36.15,11.52,274.91,0.05,131.21,82.49,29.18
2026-06-04 05:15:00,10,206.69,301.53,0.0,37.48,10.22,169.93,0.11,82.69,72.82,28.22
2026-06-04 05:20:00,10,206.69,301.53,0.0,37.54,11.23,243.63,0.06,113.72,78.56,28.7
2026-06-04 05:25:00,10,206.69,301.53,0.0,37.24,8.9,220.43,0.06,106.34,76.28,29.25
2026-06-04 05:30:00,10,206.69,301.53,0.0,38.03,9.52,226.16,0.06,107.95,76.81,29.23
2026-06-04 05:35:00,10,206.69,301.53,0.0,37.45,9.18,234.63,0.06,113.62,77.82,28.76
2026-06-04 05:40:00,10,206.69,301.53,0.0,37.96,8.95,335.69,0.03,169.73,91.99,29.17
2026-06-04 05:45:00,10,206.69,301.53,0.0,37.5,8.54,348.95,0.02,166.78,90.93,27.11
2026-06-04 05:50:00,10,206.69,301.53,0.0,37.82,7.89,292.16,0.03,136.02,82.34,27.61
2026-06-04 05:55:00,10,206.69,301.53,0.0,38.34,8.36,192.63,0.07,88.15,72.93,29.05
2026-06-04 06:00:00,10,206.69,301.53,0.0,38.18,7.68,283.17,0.03,132.42,81.4,27.36
2026-06-04 06:05:00,10,206.69,301.53,0.0,37.64,8.01,216.81,0.06,105.89,75.88,27.6
2026-06-04 06:10:00,10,206.69,301.53,0.0,38.0,7.54,374.29,0.02,179.79,94.64,27.24
2026-06-04 06:15:00,10,206.69,301.53,0.0,38.64,6.82,295.52,0.02,141.8,83.4,26.19
2026-06-04 06:20:00,10,206.69,301.53,0.0,38.6,6.63,199.61,0.05,93.59,73.18,26.29
2026-06-04 06:25:00,10,206.69,301.53,0.0,38.99,5.52,214.37,0.04,99.77,73.84,26.03
2026-06-04 06:30:00,10,206.69,301.53,0.0,38.25,7.02,272.95,0.03,134.26,81.61,27.07
2026-06-04 06:35:00,10,206.69,301.53,0.0,38.17,5.97,252.52,0.03,122.64,78.56,26.07
2026-06-04 06:40:00,10,206.69,301.53,0.0,38.44,5.34,350.04,0.01,157.45,87.07,26.16
2026-06-04 06:45:00,10,206.69,301.53,0.0,38.97,5.43,217.56,0.04,99.55,73.77,25.98
2026-06-04 06:50:00,10,206.69,301.53,0.0,40.22,4.63,302.99,0.02,136.5,81.31,27.22
2026-06-04 06:55:00,10,206.69,301.53,0.0,39.61,4.69,206.35,0.03,100.48,73.66,27.57
2026-06-04 07:00:00,10,206.69,301.53,0.0,39.82,5.53,298.03,0.02,140.6,82.64,24.75
2026-06-04 07:05:00,10,206.69,301.53,0.0,39.96,4.33,255.54,0.02,115.11,76.35,25.06
2026-06-04 07:10:00,10,206.69,301.53,0.0,40.26,4.82,264.02,0.02,131.24,80.1,25.48
2026-06-04 07:15:00,10,206.69,301.53,0.0,40.33,5.38,255.79,0.03,121.1,78.02,25.24
2026-06-04 07:20:00,10,206.69,301.53,0.0,41.71,3.72,285.71,0.01,134.22,80.41,26.23
2026-06-04 07:25:00,10,206.69,301.53,0.0,40.77,4.38,236.01,0.03,108.05,74.98,25.1
2026-06-04 07:30:00,10,206.69,301.53,0.0,41.08,4.17,272.01,0.02,127.08,91.78,25.73
2026-06-04 07:35:00,10,206.69,301.53,0.0,41.14,4.33,211.03,0.03,96.67,72.86,25.19
2026-06-04 07:40:00,10,206.69,301.53,0.0,41.2,4.81,227.14,0.03,105.6,74.66,24.37
2026-06-04 07:45:00,10,206.69,301.53,0.0,40.34,5.17,193.17,0.05,86.87,71.58,24.94
2026-06-04 07:50:00,10,206.69,301.53,0.0,41.27,4.06,284.78,0.02,149.16,84.36,24.55
2026-06-04 07:55:00,10,206.69,301.53,0.0,41.33,2.87,231.33,0.02,105.79,73.99,23.72
2026-06-04 08:00:00,10,206.69,301.53,0.0,41.49,3.65,243.09,0.02,119.38,77.02,23.41
2026-06-04 08:05:00,10,206.69,301.53,0.0,41.54,5.21,257.83,0.02,129.35,79.8,25.69
2026-06-04 08:10:00,10,206.69,301.53,0.0,41.49,4.87,289.47,0.02,140.67,82.43,25.33
2026-06-04 08:15:00,10,206.69,301.53,0.0,41.33,2.64,337.32,0.01,160.07,86.88,25.4
2026-06-04 08:20:00,10,206.69,301.53,0.0,41.6,4.0,273.42,0.02,130.22,79.58,23.9
2026-06-04 08:25:00,10,206.69,301.53,0.0,41.36,3.47,325.7,0.01,151.06,84.65,24.13
2026-06-04 08:30:00,10,206.69,301.53,0.0,41.8,3.75,164.81,0.04,71.69,68.89,22.45
2026-06-04 08:35:00,10,206.69,301.53,0.0,42.51,4.12,233.95,0.02,104.06,74.11,25.19
2026-06-04 08:40:00,10,206.69,301.53,0.0,42.27,4.59,254.44,0.02,127.19,79.09,23.7
2026-06-04 08:45:00,10,206.69,301.53,0.0,43.4,4.26,214.29,0.03,107.53,74.84,23.61
2026-06-04 08:50:00,10,206.69,301.53,0.0,42.79,4.47,291.14,0.02,138.16,81.67,24.04
2026-06-04 08:55:00,10,206.69,301.53,0.0,42.02,4.2,181.07,0.04,88.11,71.42,24.32
2026-06-04 09:00:00,10,206.69,301.53,0.0,43.47,4.45,267.75,0.02,121.83,77.84,22.05
2026-06-04 09:05:00,10,206.69,301.53,0.0,43.0,5.35,324.34,0.02,156.01,86.7,23.59
2026-06-04 09:10:00,10,206.69,301.53,0.0,43.07,5.53,329.91,0.02,151.09,85.4,22.2
2026-06-04 09:15:00,10,206.69,301.53,0.0,43.56,5.16,226.39,0.03,109.46,75.53,24.48
2026-06-04 09:20:00,10,206.69,301.53,0.0,44.21,4.77,353.47,0.01,169.78,90.51,22.92
2026-06-04 09:25:00,10,206.69,301.53,0.0,43.02,4.8,286.3,0.02,128.85,79.54,22.76
2026-06-04 09:30:00,10,206.69,301.53,0.0,43.83,4.87,310.11,0.02,146.81,84.03,22.06
2026-06-04 09:35:00,10,206.69,301.53,0.0,44.31,5.41,213.49,0.04,102.9,74.39,22.03
2026-06-04 09:40:00,10,206.69,301.53,0.0,43.96,6.18,249.32,0.03,115.93,77.2,20.76
2026-06-04 09:45:00,10,206.69,301.53,0.0,42.81,5.33,199.76,0.04,91.22,72.31,23.17
2026-06-04 09:50:00,10,206.69,301.53,0.0,43.43,5.23,231.93,0.03,114.44,76.56,21.9
2026-06-04 09:55:00,10,206.69,301.53,0.0,43.4,6.29,311.77,0.02,140.41,82.87,21.07
2026-06-04 10:00:00,10,206.69,301.53,0.0,43.24,5.55,219.87,0.04,103.57,74.56,21.62
2026-06-04 10:05:00,10,206.69,301.53,0.0,43.93,6.08,222.77,0.04,104.98,75.01,21.37
2026-06-04 10:10:00,10,206.69,301.53,0.0,43.76,6.09,241.08,0.03,108.4,75.65,20.45
2026-06-04 10:15:00,10,206.69,301.53,0.0,44.34,6.84,287.59,0.02,132.32,81.07,21.11
2026-06-04 10:20:00,10,206.69,301.53,0.0,44.29,6.49,312.33,0.02,155.39,86.92,21.61
2026-06-04 10:25:00,10,206.69,301.53,0.0,44.21,6.41,299.26,0.02,148.64,85.05,20.77
2026-06-04 10:30:00,10,206.69,301.53,0.0,44.89,7.38,288.26,0.03,137.31,82.5,22.1
2026-06-04 10:35:00,10,206.69,301.53,0.0,44.19,6.95,295.95,0.03,133.95,81.52,20.82
2026-06-04 10:40:00,10,206.69,301.53,0.0,44.39,7.7,271.62,0.03,118.48,78.27,18.45
2026-06-04 10:45:00,10,206.69,301.53,0.0,44.25,7.4,206.35,0.06,95.68,84.23,20.95
2026-06-04 10:50:00,10,206.69,301.53,0.0,44.63,7.05,321.09,0.02,145.63,84.48,19.71
2026-06-04 10:55:00,10,206.69,301.53,0.0,44.81,7.18,327.0,0.02,154.91,87.04,19.85
2026-06-04 11:00:00,10,206.69,301.53,0.0,45.13,7.6,289.41,0.03,139.07,83.01,20.55
2026-06-04 11:05:00,10,206.69,301.53,0.0,45.41,8.25,191.64,0.07,83.47,72.18,21.07
2026-06-04 11:10:00,10,206.69,301.53,0.0,44.59,8.7,334.63,0.02,152.16,86.81,19.61
2026-06-04 11:15:00,10,206.69,301.53,0.0,45.29,7.78,215.05,0.05,100.53,74.8,18.7
2026-06-04 11:20:00,10,206.69,301.53,0.0,44.89,9.67,285.59,0.04,147.33,85.88,17.86
2026-06-04 11:25:00,10,206.69,301.53,0.0,45.18,9.01,242.84,0.06,113.31,77.71,20.76
2026-06-04 11:30:00,10,206.69,301.53,0.0,44.62,10.08,326.89,0.03,153.57,87.7,19.0
2026-06-04 11:35:00,10,206.69,301.53,0.0,45.71,9.32,288.88,0.03,136.55,82.99,20.5
2026-06-04 11:40:00,10,206.69,301.53,0.0,45.12,9.71,273.26,0.04,125.37,80.51,20.28
2026-06-04 11:45:00,10,206.69,301.53,0.0,44.18,8.91,379.97,0.02,168.81,91.69,19.92
2026-06-04 11:50:00,10,206.69,301.53,0.0,44.04,9.83,353.39,0.03,164.28,90.67,18.07
2026-06-04 11:55:00,10,206.69,301.53,0.0,45.41,11.11,229.45,0.07,110.95,78.0,17.95
2026-06-04 12:00:00,10,206.69,301.53,0.0,44.31,10.4,285.16,0.04,138.26,83.81,17.28
2026-06-04 12:05:00,10,206.69,301.53,0.0,45.72,10.62,277.89,0.04,127.04,96.74,18.91
2026-06-04 12:10:00,10,206.69,301.53,0.0,44.89,10.44,268.43,0.04,132.59,82.44,18.28
2026-06-04 12:15:00,10,206.69,301.53,0.0,45.62,9.58,325.6,0.03,146.36,85.58,18.5
2026-06-04 12:20:00,10,206.69,301.53,0.0,44.84,10.89,307.17,0.04,136.26,83.49,19.13
2026-06-04 12:25:00,10,206.69,301.53,0.0,44.92,10.5,290.62,0.04,130.95,82.07,18.9
2026-06-04 12:30:00,10,206.69,301.53,0.0,45.64,10.65,229.58,0.06,117.64,79.19,17.23
2026-06-04 12:35:00,10,206.69,301.53,0.0,45.5,11.67,248.31,0.06,116.46,79.3,17.58
2026-06-04 12:40:00,10,206.69,301.53,0.0,45.94,11.5,269.01,0.05,119.13,79.78,17.07
2026-06-04 12:45:00,10,206.69,301.53,0.0,44.74,11.35,264.26,0.05,126.81,81.43,17.75
2026-06-04 12:50:00,10,206.69,301.53,0.0,44.97,10.73,268.46,0.05,119.11,79.51,17.13
2026-06-04 12:55:00,10,206.69,301.53,0.0,43.72,11.13,256.44,0.05,122.73,80.43,14.87
2026-06-04 13:00:00,10,206.69,301.53,0.0,44.28,9.94,192.11,0.09,90.21,73.87,17.59
2026-06-04 13:05:00,10,206.69,301.53,0.0,44.93,10.99,207.06,0.08,98.89,75.69,15.89
2026-06-04 13:10:00,10,206.69,301.53,0.0,45.19,11.63,221.19,0.08,106.6,77.34,17.1
2026-06-04 13:15:00,10,206.69,301.53,0.0,43.42,11.32,91.11,0.41,44.41,69.44,16.23
2026-06-04 13:20:00,10,206.69,301.53,0.0,44.36,12.07,272.77,0.05,133.43,83.23,16.85
2026-06-04 13:25:00,10,206.69,301.53,0.0,44.19,11.57,224.27,0.07,105.41,77.07,16.81
2026-06-04 13:30:00,10,206.69,301.53,0.0,44.48,11.93,181.46,0.11,85.87,73.92,16.69
2026-06-04 13:35:00,10,206.69,301.53,0.0,44.56,11.58,247.91,0.06,118.14,79.62,15.82
2026-06-04 13:40:00,10,206.69,301.53,0.0,44.99,11.14,189.56,0.09,96.39,75.32,15.37
2026-06-04 13:45:00,10,206.69,301.53,0.0,44.1,11.91,247.62,0.06,117.99,79.7,16.77
2026-06-04 13:50:00,10,206.69,301.53,0.0,44.39,10.8,196.34,0.09,97.71,75.44,16.44
2026-06-04 13:55:00,10,206.69,301.53,0.0,43.93,11.25,257.41,0.06,116.88,79.24,13.0
2026-06-04 14:00:00,10,206.69,301.53,0.0,44.48,10.9,300.04,0.04,144.68,85.62,15.48
2026-06-04 14:05:00,10,206.69,301.53,0.0,43.75,10.93,274.02,0.05,129.86,81.99,14.62
2026-06-04 14:10:00,10,206.69,301.53,0.0,43.6,10.21,271.7,0.04,130.51,81.86,15.86
2026-06-04 14:15:00,10,206.69,301.53,0.0,43.34,11.44,273.02,0.05,125.38,81.13,14.49
2026-06-04 14:20:00,10,206.69,301.53,0.0,44.28,11.05,264.96,0.05,126.02,81.14,14.97
2026-06-04 14:25:00,10,206.69,301.53,0.0,43.74,10.53,206.69,0.07,97.13,75.2,14.76
2026-06-04 14:30:00,10,206.69,301.53,0.0,42.64,10.1,259.51,0.05,122.7,80.07,14.47
2026-06-04 14:35:00,10,206.69,301.53,0.0,43.32,10.87,171.02,0.11,82.04,72.96,14.68
2026-06-04 14:40:00,10,206.69,301.53,0.0,43.69,10.52,216.1,0.07,109.86,77.57,14.49
2026-06-04 14:45:00,10,206.69,301.53,0.0,43.6,10.63,205.9,0.08,92.29,74.43,14.37
2026-06-04 14:50:00,10,206.69,301.53,0.0,44.25,10.45,278.25,0.04,124.78,80.63,14.86
2026-06-04 14:55:00,10,206.69,301.53,0.0,42.75,10.26,231.76,0.06,102.14,75.98,13.66
2026-06-04 15:00:00,10,206.69,301.53,0.0,43.64,10.59,296.56,0.04,132.02,82.35,14.19
2026-06-04 15:05:00,10,206.69,301.53,0.0,42.86,9.64,178.14,0.1,80.93,72.35,14.07
2026-06-04 15:10:00,10,206.69,301.53,0.0,41.58,10.41,257.58,0.05,118.44,79.24,14.07
2026-06-04 15:15:00,10,206.69,301.53,0.0,43.02,9.7,163.33,0.12,74.14,71.46,14.33
2026-06-04 15:20:00,10,206.69,301.53,0.0,42.44,10.17,253.12,0.05,120.86,97.41,12.44
2026-06-04 15:25:00,10,206.69,301.53,0.0,41.71,8.72,292.35,0.03,140.57,83.77,13.96
2026-06-04 15:30:00,10,206.69,301.53,0.0,42.05,7.76,164.07,0.09,76.07,70.98,14.42
2026-06-04 15:35:00,10,206.69,301.53,0.0,43.08,8.51,232.77,0.05,109.82,76.81,12.29
2026-06-04 15:40:00,10,206.69,301.53,0.0,41.92,8.4,283.64,0.03,130.97,81.32,13.66
2026-06-04 15:45:00,10,206.69,301.53,0.0,41.93,8.19,248.79,0.04,116.04,77.94,13.03
2026-06-04 15:50:00,10,206.69,301.53,0.0,42.5,8.05,333.22,0.02,165.63,90.43,11.22
2026-06-04 15:55:00,10,206.69,301.53,0.0,40.8,7.66,268.81,0.03,128.17,80.4,14.04
2026-06-04 16:00:00,10,206.69,301.53,0.0,41.45,8.7,248.24,0.04,117.34,78.39,12.97
2026-06-04 16:05:00,10,206.69,301.53,0.0,40.93,7.59,232.57,0.05,104.34,75.43,13.82
2026-06-04 16:10:00,10,206.69,301.53,0.0,40.86,7.2,285.23,0.03,136.55,82.24,11.68
2026-06-04 16:15:00,10,206.69,301.53,0.0,41.47,7.32,221.31,0.05,105.65,86.64,12.94
2026-06-04 16:20:00,10,206.69,301.53,0.0,41.39,7.16,258.45,0.03,127.23,80.01,12.24
2026-06-04 16:25:00,10,206.69,301.53,0.0,41.76,6.94,294.3,0.03,148.86,85.31,11.82
2026-06-04 16:30:00,10,206.69,301.53,0.0,41.05,6.25,301.39,0.02,140.5,82.87,12.06
2026-06-04 16:35:00,10,206.69,301.53,0.0,40.62,5.85,271.02,0.03,131.91,80.64,11.06
2026-06-04 16:40:00,10,206.69,301.53,0.0,40.55,5.77,186.35,0.05,87.48,71.88,12.08
2026-06-04 16:45:00,10,206.69,301.53,0.0,40.96,6.26,274.96,0.03,141.09,83.04,11.37
2026-06-04 16:50:00,10,206.69,301.53,0.0,41.44,6.12,222.11,0.04,106.44,85.12,10.4
2026-06-04 16:55:00,10,206.69,301.53,0.0,39.32,6.41,272.59,0.03,121.79,78.52,10.61
2026-06-04 17:00:00,10,206.69,301.53,0.0,40.12,5.68,221.51,0.04,93.33,72.78,11.45
2026-06-04 17:05:00,10,206.69,301.53,0.0,40.02,5.42,267.42,0.02,130.25,80.08,10.34
2026-06-04 17:10:00,10,206.69,301.53,0.0,39.51,5.33,238.77,0.03,104.39,74.6,11.18
2026-06-04 17:15:00,10,206.69,301.53,0.0,38.82,4.53,204.77,0.04,96.56,72.93,10.12
2026-06-04 17:20:00,10,206.69,301.53,0.0,39.75,4.29,251.18,0.02,118.11,76.97,9.49
2026-06-04 17:25:00,10,206.69,301.53,0.0,39.03,4.69,225.98,0.03,115.9,76.66,11.63
2026-06-04 17:30:00,10,206.69,301.53,0.0,39.34,5.14,267.66,0.02,115.78,76.78,8.98
2026-06-04 17:35:00,10,206.69,301.53,0.0,38.9,3.71,292.17,0.01,140.77,93.15,9.09
2026-06-04 17:40:00,10,206.69,301.53,0.0,39.6,4.32,238.19,0.03,119.52,77.3,10.73
2026-06-04 17:45:00,10,206.69,301.53,0.0,38.36,3.61,282.18,0.01,131.03,79.61,8.48
2026-06-04 17:50:00,10,206.69,301.53,0.0,38.95,4.2,306.83,0.01,143.9,83.0,10.22
2026-06-04 17:55:00,10,206.69,301.53,0.0,38.94,3.7,168.9,0.04,76.57,69.52,9.69
2026-06-04 18:00:00,10,206.69,301.53,0.0,38.15,3.7,293.76,0.01,141.07,82.1,11.01
2026-06-04 18:05:00,10,206.69,301.53,0.0,37.94,3.44,316.61,0.01,158.17,86.61,8.75
2026-06-04 18:10:00,10,206.69,301.53,0.0,38.18,3.39,243.65,0.02,118.8,76.8,9.21
2026-06-04 18:15:00,10,206.69,301.53,0.0,36.99,3.61,212.69,0.02,105.17,74.12,9.82
2026-06-04 18:20:00,10,206.69,301.53,0.0,37.39,2.66,234.83,0.02,109.42,74.62,9.12
2026-06-04 18:25:00,10,206.69,301.53,0.0,36.9,2.08,257.21,0.01,127.02,78.14,8.41
2026-06-04 18:30:00,10,206.69,301.53,0.0,37.41,2.79,201.82,0.02,101.33,73.13,8.61
2026-06-04 18:35:00,10,206.69,301.53,0.0,37.14,2.7,252.98,0.01,123.7,77.61,8.62
2026-06-04 18:40:00,10,206.69,301.53,0.0,36.44,2.35,258.0,0.01,127.4,78.32,6.57
2026-06-04 18:45:00,10,206.69,301.53,0.0,36.88,2.8,213.94,0.02,98.83,72.68,9.56
2026-06-04 18:50:00,10,206.69,301.53,0.0,36.08,2.11,281.19,0.01,125.14,77.72,8.37
2026-06-04 18:55:00,10,206.69,301.53,0.0,35.86,2.28,261.31,0.01,123.92,77.51,9.31
2026-06-04 19:00:00,10,206.69,301.53,0.0,36.7,2.37,228.4,0.02,113.81,75.4,7.43
2026-06-04 19:05:00,10,206.69,301.53,0.0,34.96,2.05,216.27,0.01,103.24,73.19,8.48
2026-06-04 19:10:00,10,206.69,301.53,0.0,36.02,1.97,204.4,0.02,99.91,72.58,8.67
2026-06-04 19:15:00,10,206.69,301.53,0.0,36.0,2.03,205.55,0.01,98.87,72.39,6.96
2026-06-04 19:20:00,10,206.69,301.53,0.0,34.72,2.03,235.72,0.01,108.11,74.12,8.81
2026-06-04 19:25:00,10,206.69,301.53,0.0,35.99,2.02,277.43,0.01,134.28,79.82,8.64
2026-06-04 19:30:00,10,206.69,301.53,0.0,35.62,1.69,211.55,0.01,101.29,72.71,8.04
2026-06-04 19:35:00,10,206.69,301.53,0.0,35.14,1.69,216.04,0.01,105.03,73.4,8.86
2026-06-04 19:40:00,10,206.69,301.53,0.0,34.79,1.75,205.98,0.01,97.89,72.12,7.2
2026-06-04 19:45:00,10,206.69,301.53,0.0,35.03,1.62,217.1,0.01,102.29,72.87,8.23
2026-06-04 19:50:00,10,206.69,301.53,0.0,34.81,1.87,297.81,0.01,138.5,80.8,5.94
2026-06-04 19:55:00,10,206.69,301.53,0.0,34.79,1.16,213.52,0.01,100.83,72.44,6.87
2026-06-04 20:00:00,10,206.69,301.53,0.0,34.31,1.31,246.01,0.01,118.06,75.89,8.75
2026-06-04 20:05:00,10,206.69,301.53,0.0,34.12,1.1,247.66,0.01,108.78,73.92,6.46
2026-06-04 20:10:00,10,206.69,301.53,0.0,34.39,1.22,256.34,0.01,112.0,74.6,5.48
2026-06-04 20:15:00,10,206.69,301.53,0.0,33.44,1.4,286.3,0.01,132.17,79.1,6.67
2026-06-04 20:20:00,10,206.69,301.53,0.0,34.62,1.21,336.12,0.0,150.95,83.79,5.85
2026-06-04 20:25:00,10,206.69,301.53,0.0,33.58,1.58,233.69,0.01,106.06,73.56,6.96
2026-06-04 20:30:00,10,206.69,301.53,0.0,33.89,1.48,230.59,0.01,112.84,74.86,6.63
2026-06-04 20:35:00,10,206.69,301.53,0.0,34.48,1.38,243.26,0.01,119.3,76.18,5.32
2026-06-04 20:40:00,10,206.69,301.53,0.0,32.81,1.29,269.86,0.01,121.71,76.67,4.28
2026-06-04 20:45:00,10,206.69,301.53,0.0,32.77,1.37,200.48,0.01,92.35,71.03,5.05
2026-06-04 20:50:00,10,206.69,301.53,0.0,33.96,1.52,249.36,0.01,113.99,75.11,4.28
2026-06-04 20:55:00,10,206.69,301.53,0.0,32.92,1.26,280.61,0.0,128.58,78.18,6.17
2026-06-04 21:00:00,10,206.69,301.53,0.0,32.7,1.79,232.56,0.01,107.66,73.94,4.78
2026-06-04 21:05:00,10,206.69,301.53,0.0,33.07,1.76,341.61,0.0,172.58,90.28,5.38
2026-06-04 21:10:00,10,206.69,301.53,0.0,32.67,1.68,174.72,0.02,82.27,69.58,5.38
2026-06-04 21:15:00,10,206.69,301.53,0.0,32.66,1.48,305.73,0.01,146.69,82.77,3.96
2026-06-04 21:20:00,10,206.69,301.53,0.0,32.19,1.2,274.58,0.0,129.23,78.31,4.08
2026-06-04 21:25:00,10,206.69,301.53,0.0,31.99,1.57,249.63,0.01,116.99,75.75,4.07
2026-06-04 21:30:00,10,206.69,301.53,0.0,32.19,1.74,323.69,0.01,150.2,83.79,5.75
2026-06-04 21:35:00,10,206.69,301.53,0.0,33.34,1.88,300.26,0.01,133.53,79.59,3.41
2026-06-04 21:40:00,10,206.69,301.53,0.0,31.88,1.51,230.38,0.01,104.53,73.24,5.09
2026-06-04 21:45:00,10,206.69,301.53,0.0,33.18,1.59,252.95,0.01,122.89,77.03,4.07
2026-06-04 21:50:00,10,206.69,301.53,0.0,31.63,1.54,304.49,0.01,136.33,80.15,6.01
2026-06-04 21:55:00,10,206.69,301.53,0.0,32.21,1.85,277.12,0.01,133.64,79.6,5.33
2026-06-04 22:00:00,10,206.69,301.53,0.0,30.8,1.88,229.18,0.01,107.0,73.84,3.94
2026-06-04 22:05:00,10,206.69,301.53,0.0,31.89,1.49,196.41,0.01,94.14,71.38,3.15
2026-06-04 22:10:00,10,206.69,301.53,0.0,31.17,1.78,300.39,0.01,133.31,79.5,3.89
2026-06-04 22:15:00,10,206.69,301.53,0.0,32.55,1.36,267.81,0.01,130.02,78.57,1.81
2026-06-04 22:20:00,10,206.69,301.53,0.0,31.76,1.62,307.33,0.01,141.79,81.54,2.67
2026-06-04 22:25:00,10,206.69,301.53,0.0,31.2,1.67,216.7,0.01,98.86,72.26,4.48
2026-06-04 22:30:00,10,206.69,301.53,0.0,32.33,1.6,240.67,0.01,113.23,74.98,3.35
2026-06-04 22:35:00,10,206.69,301.53,0.0,31.44,1.81,188.97,0.02,86.05,70.19,2.81
2026-06-04 22:40:00,10,206.69,301.53,0.0,32.4,1.62,242.45,0.01,116.26,75.61,1.8
2026-06-04 22:45:00,10,206.69,301.53,0.0,30.75,1.66,288.82,0.01,133.68,79.54,2.86
2026-06-04 22:50:00,10,206.69,301.53,0.0,30.57,1.56,254.48,0.01,116.51,75.64,3.41
2026-06-04 22:55:00,10,206.69,301.53,0.0,31.47,1.48,370.46,0.0,173.23,90.38,1.22
2026-06-04 23:00:00,10,206.69,301.53,0.0,31.13,1.62,235.61,0.01,105.12,73.39,1.98
2026-06-04 23:05:00,10,206.69,301.53,0.0,32.29,1.45,193.48,0.01,94.98,71.51,1.64
2026-06-04 23:10:00,10,206.69,301.53,0.0,30.87,1.58,194.98,0.01,94.86,71.53,1.65
2026-06-04 23:15:00,10,206.69,301.53,0.0,31.22,1.53,192.75,0.01,91.51,70.95,0.93
2026-06-04 23:20:00,10,206.69,301.53,0.0,31.28,1.52,292.79,0.01,140.37,81.14,3.45
2026-06-04 23:25:00,10,206.69,301.53,0.0,31.0,1.34,193.22,0.01,93.86,71.28,0.45
2026-06-04 23:30:00,10,206.69,301.53,0.0,30.61,1.32,262.3,0.01,122.29,76.8,2.01
2026-06-04 23:35:00,10,206.69,301.53,0.0,30.12,1.18,289.11,0.0,135.81,79.87,1.2
2026-06-04 23:40:00,10,206.69,301.53,0.0,31.64,1.0,300.56,0.0,139.44,80.71,0.0
2026-06-04 23:45:00,10,206.69,301.53,0.0,30.57,1.0,269.36,0.0,127.49,77.83,1.65
2026-06-04 23:50:00,10,206.69,301.53,0.0,30.42,0.93,276.32,0.0,126.95,77.69,1.87
2026-06-04 23:55:00,10,206.69,301.53,0.0,31.51,0.85,277.16,0.0,135.77,79.75,0.0
2026-06-05 00:00:00,10,600.0,-200.0,-2.74,31.04,0.75,246.02,0.0,116.11,75.25,1.0
2026-06-05 00:05:00,10,600.0,-200.0,-2.74,30.66,0.71,261.31,0.0,120.13,76.09,0.34
2026-06-05 00:10:00,10,600.0,-200.0,-2.74,31.15,0.64,244.02,0.0,111.16,89.57,0.99
2026-06-05 00:15:00,10,600.0,-200.0,-2.74,30.62,0.49,197.95,0.0,89.81,70.29,0.32
2026-06-05 00:20:00,10,600.0,-200.0,-2.74,31.0,0.43,320.61,0.0,144.97,81.92,1.61
2026-06-05 00:25:00,10,600.0,-200.0,-2.74,30.54,0.36,189.13,0.0,87.72,69.91,0.87
2026-06-05 00:30:00,10,600.0,-200.0,-2.74,31.26,0.29,278.17,0.0,126.45,77.35,1.53
2026-06-05 00:35:00,10,600.0,-200.0,-2.74,31.01,0.19,139.84,0.0,71.05,67.47,1.16
2026-06-05 00:40:00,10,600.0,-200.0,-2.74,30.7,0.1,239.84,0.0,113.55,74.5,0.67
2026-06-05 00:45:00,10,600.0,-200.0,-2.74,31.04,0.01,343.38,0.0,170.0,88.87,0.28
2026-06-05 00:50:00,10,600.0,-200.0,-2.74,30.54,0.0,280.47,0.0,131.44,78.41,0.27
2026-06-05 00:55:00,10,600.0,-200.0,-2.74,32.06,0.0,235.64,0.0,109.9,73.73,0.71
2026-06-05 01:00:00,10,600.0,-200.0,-2.74,31.41,0.0,255.8,0.0,117.08,75.2,0.93
2026-06-05 01:05:00,10,600.0,-200.0,-2.74,31.61,0.0,151.13,0.0,75.57,68.0,1.02
2026-06-05 01:10:00,10,600.0,-200.0,-2.74,31.18,0.0,309.03,0.0,143.65,81.43,0.0
2026-06-05 01:15:00,10,600.0,-200.0,-2.74,32.22,0.0,252.46,0.0,122.52,76.37,0.0
2026-06-05 01:20:00,10,600.0,-200.0,-2.74,31.74,0.0,242.02,0.0,116.37,75.05,0.0
2026-06-05 01:25:00,10,600.0,-200.0,-2.74,31.7,0.0,257.95,0.0,121.35,76.11,0.0
2026-06-05 01:30:00,10,600.0,-200.0,-2.74,31.57,0.0,183.52,0.0,82.26,68.95,0.0
2026-06-05 01:35:00,10,600.0,-200.0,-2.74,31.28,0.0,286.29,0.0,138.36,80.09,0.0
2026-06-05 01:40:00,10,600.0,-200.0,-2.74,31.51,0.0,241.96,0.0,106.86,73.14,0.66
2026-06-05 01:45:00,10,600.0,-200.0,-2.74,32.16,0.0,155.77,0.0,70.86,67.38,1.28
2026-06-05 01:50:00,10,600.0,-200.0,-2.74,31.85,0.0,236.05,0.0,112.63,74.28,0.0
2026-06-05 01:55:00,10,600.0,-200.0,-2.74,31.71,0.0,220.71,0.0,104.32,72.65,1.0
2026-06-05 02:00:00,10,600.0,-200.0,-2.74,31.39,0.0,269.98,0.0,127.79,77.56,2.28
2026-06-05 02:05:00,10,600.0,-200.0,-2.74,31.66,0.0,185.37,0.0,93.3,70.69,2.17
2026-06-05 02:10:00,10,600.0,-200.0,-2.74,30.86,0.0,245.28,0.0,108.91,73.53,0.86
2026-06-05 02:15:00,10,600.0,-200.0,-2.74,31.34,0.0,235.29,0.0,109.64,73.68,0.75
2026-06-05 02:20:00,10,600.0,-200.0,-2.74,32.08,0.0,201.3,0.0,96.11,71.17,0.0
2026-06-05 02:25:00,10,600.0,-200.0,-2.74,31.69,0.0,227.1,0.0,103.35,72.47,0.0
2026-06-05 02:30:00,10,600.0,-200.0,-2.74,32.4,0.0,212.78,0.0,99.44,71.76,0.6
2026-06-05 02:35:00,10,600.0,-200.0,-2.74,32.36,0.0,262.47,0.0,118.42,75.48,0.87
2026-06-05 02:40:00,10,600.0,-200.0,-2.74,33.0,0.0,192.21,0.0,93.04,70.65,1.49
2026-06-05 02:45:00,10,600.0,-200.0,-2.74,32.83,0.0,349.1,0.0,164.26,87.14,0.3
2026-06-05 02:50:00,10,600.0,-200.0,-2.74,32.82,0.0,221.31,0.0,109.85,73.72,0.36
2026-06-05 02:55:00,10,600.0,-200.0,-2.74,32.79,0.0,245.86,0.0,109.0,73.55,0.0
2026-06-05 03:00:00,10,600.0,-200.0,-2.74,32.24,0.0,293.55,0.0,145.47,81.91,0.0
2026-06-05 03:05:00,10,600.0,-200.0,-2.74,34.09,0.0,208.91,0.0,96.51,71.25,0.0
2026-06-05 03:10:00,10,600.0,-200.0,-2.74,33.98,0.0,316.68,0.0,148.65,82.75,1.31
2026-06-05 03:15:00,10,600.0,-200.0,-2.74,34.04,0.0,284.7,0.0,132.66,78.7,0.99
2026-06-05 03:20:00,10,600.0,-200.0,-2.74,33.25,0.0,238.24,0.0,124.76,76.87,1.38
2026-06-05 03:25:00,10,600.0,-200.0,-2.74,34.56,0.0,224.32,0.0,108.47,73.45,0.0
2026-06-05 03:30:00,10,600.0,-200.0,-2.74,34.54,0.0,161.54,0.0,80.39,68.68,0.36
2026-06-05 03:35:00,10,600.0,-200.0,-2.74,34.25,0.0,195.99,0.0,96.11,71.18,0.0
2026-06-05 03:40:00,10,600.0,-200.0,-2.74,34.06,0.0,140.15,0.0,65.5,66.72,0.0
2026-06-05 03:45:00,10,600.0,-200.0,-2.74,34.27,0.0,235.24,0.0,116.21,75.02,0.0
2026-06-05 03:50:00,10,600.0,-200.0,-2.74,33.52,0.0,276.97,0.0,126.56,93.95,0.0
2026-06-05 03:55:00,10,600.0,-200.0,-2.74,34.66,0.0,206.98,0.0,100.36,71.93,0.0
2026-06-05 04:00:00,10,600.0,-200.0,-2.74,34.92,0.0,288.02,0.0,130.97,78.3,0.0
2026-06-05 04:05:00,10,600.0,-200.0,-2.74,35.05,0.0,229.27,0.0,104.91,72.77,0.0
2026-06-05 04:10:00,10,600.0,-200.0,-2.74,34.59,0.0,209.64,0.0,98.92,71.67,0.44
2026-06-05 04:15:00,10,600.0,-200.0,-2.74,34.63,0.0,324.54,0.0,153.79,84.15,0.0
2026-06-05 04:20:00,10,600.0,-200.0,-2.74,35.85,0.0,237.58,0.0,112.18,74.19,0.11
2026-06-05 04:25:00,10,600.0,-200.0,-2.74,34.56,0.0,206.28,0.0,97.48,71.42,1.65
2026-06-05 04:30:00,10,600.0,-200.0,-2.74,35.18,0.0,314.71,0.0,149.5,82.98,0.36
2026-06-05 04:35:00,10,600.0,-200.0,-2.74,36.0,0.0,308.37,0.0,150.41,83.23,0.0
2026-06-05 04:40:00,10,600.0,-200.0,-2.74,35.32,0.0,221.76,0.0,111.37,74.03,0.32
2026-06-05 04:45:00,10,600.0,-200.0,-2.74,36.21,0.0,208.16,0.0,103.57,72.52,0.82
2026-06-05 04:50:00,10,600.0,-200.0,-2.74,35.4,0.0,234.03,0.0,120.28,75.89,1.43
2026-06-05 04:55:00,10,600.0,-200.0,-2.74,36.06,0.0,286.48,0.0,129.4,77.94,0.0
2026-06-05 05:00:00,10,600.0,-200.0,-2.74,36.32,0.0,225.79,0.0,102.75,72.37,0.99
2026-06-05 05:05:00,10,600.0,-200.0,-2.74,37.34,0.0,176.41,0.0,83.81,69.19,0.0
2026-06-05 05:10:00,10,600.0,-200.0,-2.74,36.6,0.0,328.02,0.0,164.81,87.31,0.0
2026-06-05 05:15:00,10,600.0,-200.0,-2.74,37.22,0.0,292.04,0.0,143.14,81.31,0.65
2026-06-05 05:20:00,10,600.0,-200.0,-2.74,37.1,0.0,206.49,0.0,95.18,71.02,1.1
2026-06-05 05:25:00,10,600.0,-200.0,-2.74,36.9,0.0,282.9,0.0,129.53,77.97,0.0
2026-06-05 05:30:00,10,600.0,-200.0,-2.74,37.8,0.0,221.8,0.0,104.54,72.71,0.06
2026-06-05 05:35:00,10,600.0,-200.0,-2.74,37.78,0.0,238.34,0.0,113.02,74.37,0.0
2026-06-05 05:40:00,10,600.0,-200.0,-2.74,36.93,0.0,236.31,0.0,115.41,74.86,0.06
2026-06-05 05:45:00,10,600.0,-200.0,-2.74,37.18,0.0,224.9,0.0,112.8,74.32,0.14
2026-06-05 05:50:00,10,600.0,-200.0,-2.74,37.91,0.0,286.42,0.0,146.13,82.09,0.0
2026-06-05 05:55:00,10,600.0,-200.0,-2.74,37.73,0.0,281.1,0.0,140.02,80.51,1.18
2026-06-05 06:00:00,10,600.0,-200.0,-2.74,38.13,0.0,284.79,0.0,137.21,79.81,1.34
2026-06-05 06:05:00,10,600.0,-200.0,-2.74,39.03,0.0,208.56,0.0,97.16,71.37,0.0
2026-06-05 06:10:00,10,600.0,-200.0,-2.74,38.14,0.0,297.83,0.0,142.09,81.04,0.79
2026-06-05 06:15:00,10,600.0,-200.0,-2.74,38.74,0.0,318.38,0.0,144.99,81.79,0.0
2026-06-05 06:20:00,10,600.0,-200.0,-2.74,38.59,0.0,279.76,0.0,132.57,97.4,1.27
2026-06-05 06:25:00,10,600.0,-200.0,-2.74,39.27,0.0,325.25,0.0,150.84,83.35,0.0
2026-06-05 06:30:00,10,600.0,-200.0,-2.74,39.21,0.0,212.06,0.0,99.59,71.8,0.38
2026-06-05 06:35:00,10,600.0,-200.0,-2.74,38.87,0.0,254.22,0.0,116.31,86.68,0.19
2026-06-05 06:40:00,10,600.0,-200.0,-2.74,39.73,0.0,250.0,0.0,116.78,75.15,0.0
2026-06-05 06:45:00,10,600.0,-200.0,-2.74,39.64,0.0,352.87,0.0,175.06,90.45,0.57
2026-06-05 06:50:00,10,600.0,-200.0,-2.74,38.25,0.0,216.71,0.0,104.26,72.65,0.44
2026-06-05 06:55:00,10,600.0,-200.0,-2.74,39.21,0.0,261.78,0.0,121.38,76.13,0.0
2026-06-05 07:00:00,10,600.0,-200.0,-2.74,39.57,0.0,355.92,0.0,166.3,87.76,1.17
2026-06-05 07:05:00,10,600.0,-200.0,-2.74,39.78,0.0,264.06,0.0,130.04,78.09,0.0
2026-06-05 07:10:00,10,600.0,-200.0,-2.74,40.25,0.0,304.61,0.0,135.33,79.36,0.0
2026-06-05 07:15:00,10,600.0,-200.0,-2.74,39.77,0.0,317.31,0.0,147.89,82.56,0.43
2026-06-05 07:20:00,10,600.0,-200.0,-2.74,39.89,0.0,290.02,0.0,136.43,79.63,0.85
2026-06-05 07:25:00,10,600.0,-200.0,-2.74,41.24,0.0,208.36,0.0,98.56,71.62,0.0
2026-06-05 07:30:00,10,600.0,-200.0,-2.74,40.0,0.0,201.61,0.0,96.78,71.3,0.0
2026-06-05 07:35:00,10,600.0,-200.0,-2.74,40.92,0.0,274.65,0.0,114.26,74.63,93.47
2026-06-05 07:40:00,10,600.0,-200.0,-2.74,40.53,17.16,162.64,0.2,80.72,75.14,91.03
2026-06-05 07:45:00,10,600.0,-200.0,-2.74,42.09,21.29,232.97,0.12,114.64,82.4,93.0
2026-06-05 07:50:00,10,600.0,-200.0,-2.74,41.83,24.33,269.41,0.1,119.12,84.36,91.47
2026-06-05 07:55:00,10,600.0,-200.0,-2.74,40.88,19.31,232.73,0.11,114.39,81.63,89.25
2026-06-05 08:00:00,10,600.0,-200.0,-2.74,41.57,19.02,216.56,0.14,98.37,78.53,91.5
2026-06-05 08:05:00,10,600.0,-200.0,-2.74,41.07,17.63,283.9,0.07,135.29,85.66,91.73
2026-06-05 08:10:00,10,600.0,-200.0,-2.74,42.03,18.93,221.1,0.12,108.9,80.42,90.36
2026-06-05 08:15:00,10,600.0,-200.0,-2.74,41.33,18.33,271.47,0.08,125.78,83.69,91.34
2026-06-05 08:20:00,10,600.0,-200.0,-2.74,41.75,19.0,213.32,0.14,97.16,78.3,90.05
2026-06-05 08:25:00,10,600.0,-200.0,-2.74,42.52,19.99,248.54,0.1,122.59,83.6,90.73
2026-06-05 08:30:00,10,600.0,-200.0,-2.74,42.61,22.27,281.65,0.09,132.25,86.59,90.28
2026-06-05 08:35:00,10,600.0,-200.0,-2.74,42.55,21.83,206.11,0.17,96.36,79.22,89.87
2026-06-05 08:40:00,10,600.0,-200.0,-2.74,42.98,16.08,204.4,0.13,95.79,77.03,90.62
2026-06-05 08:45:00,10,600.0,-200.0,-2.74,42.55,16.43,222.48,0.11,104.8,78.74,91.98
2026-06-05 08:50:00,10,600.0,-200.0,-2.74,42.44,20.5,315.28,0.07,140.16,87.87,90.43
2026-06-05 08:55:00,10,600.0,-200.0,-2.74,41.94,25.87,299.98,0.09,145.42,91.14,90.59
2026-06-05 09:00:00,10,600.0,-200.0,-2.74,43.13,23.97,152.08,0.31,67.95,76.05,92.16
2026-06-05 09:05:00,10,600.0,-200.0,-2.74,42.84,25.15,201.38,0.19,96.32,80.41,89.91
2026-06-05 09:10:00,10,600.0,-200.0,-2.74,43.24,27.15,263.27,0.12,121.67,85.95,89.03
2026-06-05 09:15:00,10,600.0,-200.0,-2.74,44.09,28.34,213.58,0.2,99.55,82.12,91.17
2026-06-05 09:20:00,10,600.0,-200.0,-2.74,42.96,26.93,303.74,0.09,148.17,92.24,88.23
2026-06-05 09:25:00,10,600.0,-200.0,-2.74,43.69,27.96,238.65,0.17,107.55,83.42,89.3
2026-06-05 09:30:00,10,600.0,-200.0,-2.74,43.99,31.95,303.28,0.11,137.18,91.22,91.47
2026-06-05 09:35:00,10,600.0,-200.0,-2.74,43.46,24.45,170.61,0.25,79.79,77.67,90.78
2026-06-05 09:40:00,10,600.0,-200.0,-2.74,43.76,27.46,218.53,0.2,105.08,82.83,89.28
2026-06-05 09:45:00,10,600.0,-200.0,-2.74,43.8,30.31,288.64,0.12,137.24,90.68,89.64
2026-06-05 09:50:00,10,600.0,-200.0,-2.74,44.06,36.81,236.16,0.21,112.42,87.56,88.31
2026-06-05 09:55:00,10,600.0,-200.0,-2.74,44.27,35.89,215.16,0.26,102.47,105.15,88.42
2026-06-05 10:00:00,10,600.0,-200.0,-2.74,43.74,39.1,284.12,0.15,136.65,93.67,87.89
2026-06-05 10:05:00,10,600.0,-200.0,-2.74,44.89,42.5,215.96,0.32,98.71,87.17,88.87
2026-06-05 10:10:00,10,600.0,-200.0,-2.74,44.83,37.58,252.34,0.19,120.94,89.58,88.64
2026-06-05 10:15:00,10,600.0,-200.0,-2.74,44.25,42.48,252.82,0.21,114.31,89.93,88.5
2026-06-05 10:20:00,10,600.0,-200.0,-2.74,44.5,41.72,189.24,0.37,91.26,85.72,88.27
2026-06-05 10:25:00,10,600.0,-200.0,-2.74,44.69,38.62,245.77,0.2,116.61,89.04,89.12
2026-06-05 10:30:00,10,600.0,-200.0,-2.74,44.15,44.71,276.81,0.19,136.89,114.72,88.78
2026-06-05 10:35:00,10,600.0,-200.0,-2.74,45.11,47.12,169.16,0.53,77.35,85.82,88.3
2026-06-05 10:40:00,10,600.0,-200.0,-2.74,44.39,42.51,203.29,0.33,96.22,86.75,88.44
2026-06-05 10:45:00,10,600.0,-200.0,-2.74,44.57,46.79,256.09,0.24,122.93,93.34,86.5
2026-06-05 10:50:00,10,600.0,-200.0,-2.74,46.06,50.58,239.31,0.29,117.19,93.53,89.77
2026-06-05 10:55:00,10,600.0,-200.0,-2.74,43.97,47.8,281.37,0.19,129.62,95.11,86.97
2026-06-05 11:00:00,10,600.0,-200.0,-2.74,45.64,53.3,244.77,0.29,109.64,92.94,86.06
2026-06-05 11:05:00,10,600.0,-200.0,-2.74,44.81,52.89,206.31,0.37,101.42,91.39,86.17
2026-06-05 11:10:00,10,600.0,-200.0,-2.74,45.23,51.8,272.36,0.24,131.13,96.97,87.11
2026-06-05 11:15:00,10,600.0,-200.0,-2.74,45.68,58.53,197.73,0.51,90.46,109.32,87.08
2026-06-05 11:20:00,10,600.0,-200.0,-2.74,44.53,57.43,293.52,0.2,148.08,116.53,86.49
2026-06-05 11:25:00,10,600.0,-200.0,-2.74,44.96,62.47,285.4,0.23,134.38,101.46,87.79
2026-06-05 11:30:00,10,600.0,-200.0,-2.74,45.18,63.44,337.74,0.17,170.44,111.58,86.02
2026-06-05 11:35:00,10,600.0,-200.0,-2.74,45.37,59.1,220.81,0.39,104.69,112.98,85.93
2026-06-05 11:40:00,10,600.0,-200.0,-2.74,44.89,61.26,287.98,0.22,135.52,101.29,84.38
2026-06-05 11:45:00,10,600.0,-200.0,-2.74,45.24,63.09,209.43,0.5,106.68,96.21,85.82
2026-06-05 11:50:00,10,600.0,-200.0,-2.74,45.6,68.72,246.87,0.36,113.94,99.34,83.16
2026-06-05 11:55:00,10,600.0,-200.0,-2.74,45.1,71.79,226.94,0.46,113.07,100.44,84.66
2026-06-05 12:00:00,10,600.0,-200.0,-2.74,44.77,68.99,229.77,0.42,99.21,96.73,85.14
2026-06-05 12:05:00,10,600.0,-200.0,-2.74,45.11,75.37,277.08,0.32,141.46,107.91,84.06
2026-06-05 12:10:00,10,600.0,-200.0,-2.74,44.79,67.87,301.17,0.26,151.08,107.7,85.21
2026-06-05 12:15:00,10,600.0,-200.0,-2.74,45.02,73.91,172.86,0.78,80.19,96.1,84.3
2026-06-05 12:20:00,10,600.0,-200.0,-2.74,43.89,71.28,154.32,0.96,71.73,94.38,83.49
2026-06-05 12:25:00,10,600.0,-200.0,-2.74,44.56,72.13,281.81,0.29,134.02,104.87,84.8
2026-06-05 12:30:00,10,600.0,-200.0,-2.74,44.06,82.23,289.18,0.32,140.83,110.15,83.09
2026-06-05 12:35:00,10,600.0,-200.0,-2.74,45.23,78.0,383.89,0.18,180.03,119.72,83.88
2026-06-05 12:40:00,10,600.0,-200.0,-2.74,45.38,79.89,202.79,0.64,97.9,100.75,85.39
2026-06-05 12:45:00,10,600.0,-200.0,-2.74,44.91,79.36,304.0,0.31,141.11,109.2,83.45
2026-06-05 12:50:00,10,600.0,-200.0,-2.74,44.3,83.91,297.32,0.27,132.83,108.67,84.69
2026-06-05 12:55:00,10,600.0,-200.0,-2.74,45.35,77.01,183.82,0.74,83.99,97.67,81.72
2026-06-05 13:00:00,10,600.0,-200.0,-2.74,44.37,82.31,202.05,0.65,97.89,101.61,82.68
2026-06-05 13:05:00,10,600.0,-200.0,-2.74,45.18,77.33,285.59,0.3,140.6,108.34,83.91
2026-06-05 13:10:00,10,600.0,-200.0,-2.74,44.87,82.63,293.02,0.31,135.49,108.95,82.2
2026-06-05 13:15:00,10,600.0,-200.0,-2.74,44.03,89.57,227.62,0.53,100.84,104.44,81.79
2026-06-05 13:20:00,10,600.0,-200.0,-2.74,44.92,91.71,156.68,1.28,72.16,102.23,82.67
2026-06-05 13:25:00,10,600.0,-200.0,-2.74,44.88,88.49,310.77,0.29,140.19,112.12,82.91
2026-06-05 13:30:00,10,600.0,-200.0,-2.74,43.81,87.76,317.22,0.28,152.31,115.04,80.79
2026-06-05 13:35:00,10,600.0,-200.0,-2.74,44.1,89.52,261.15,0.4,124.12,108.88,80.72
2026-06-05 13:40:00,10,600.0,-200.0,-2.74,43.98,93.46,192.59,0.87,88.5,104.38,82.11
2026-06-05 13:45:00,10,600.0,-200.0,-2.74,44.46,91.47,323.93,0.28,164.64,119.86,81.62
2026-06-05 13:50:00,10,600.0,-200.0,-2.74,44.29,90.01,202.07,0.7,96.25,104.12,79.21
2026-06-05 13:55:00,10,600.0,-200.0,-2.74,44.12,85.86,289.23,0.3,145.84,112.68,82.86
2026-06-05 14:00:00,10,600.0,-200.0,-2.74,43.86,90.54,206.0,0.7,100.11,104.99,82.38
2026-06-05 14:05:00,10,600.0,-200.0,-2.74,43.65,80.38,143.63,1.17,62.45,96.86,81.16
2026-06-05 14:10:00,10,600.0,-200.0,-2.74,43.56,89.44,201.57,0.68,91.56,103.09,79.89
2026-06-05 14:15:00,10,600.0,-200.0,-2.74,43.51,89.99,175.69,0.97,88.63,103.39,81.28
2026-06-05 14:20:00,10,600.0,-200.0,-2.74,43.92,92.73,242.86,0.48,113.32,107.85,79.99
2026-06-05 14:25:00,10,600.0,-200.0,-2.74,43.47,80.29,319.4,0.25,156.73,113.59,80.24
2026-06-05 14:30:00,10,600.0,-200.0,-2.74,43.85,93.64,244.03,0.52,113.46,108.28,78.79
2026-06-05 14:35:00,10,600.0,-200.0,-2.74,43.08,94.57,191.87,0.72,93.84,105.35,78.79
2026-06-05 14:40:00,10,600.0,-200.0,-2.74,42.31,82.44,337.61,0.25,156.13,135.16,79.91
2026-06-05 14:45:00,10,600.0,-200.0,-2.74,43.43,86.07,203.13,0.72,91.93,102.05,79.49
2026-06-05 14:50:00,10,600.0,-200.0,-2.74,43.08,84.58,172.39,0.92,78.25,99.84,80.8
2026-06-05 14:55:00,10,600.0,-200.0,-2.74,42.81,81.8,297.49,0.3,134.7,108.44,79.87
2026-06-05 15:00:00,10,600.0,-200.0,-2.74,42.78,88.46,211.83,0.57,104.39,104.79,78.21
2026-06-05 15:05:00,10,600.0,-200.0,-2.74,42.44,80.65,276.51,0.33,138.81,109.11,79.05
2026-06-05 15:10:00,10,600.0,-200.0,-2.74,43.12,88.07,256.7,0.4,123.12,108.15,79.74
2026-06-05 15:15:00,10,600.0,-200.0,-2.74,42.45,84.15,210.2,0.6,98.04,102.18,79.64
2026-06-05 15:20:00,10,600.0,-200.0,-2.74,43.07,88.26,316.95,0.28,158.86,117.04,77.52
2026-06-05 15:25:00,10,600.0,-200.0,-2.74,43.19,87.48,271.27,0.38,128.73,109.17,78.09
2026-06-05 15:30:00,10,600.0,-200.0,-2.74,41.48,87.66,271.39,0.36,124.94,108.33,78.5
2026-06-05 15:35:00,10,600.0,-200.0,-2.74,42.77,80.88,284.6,0.33,142.51,110.13,78.18
2026-06-05 15:40:00,10,600.0,-200.0,-2.74,42.79,81.62,248.02,0.41,115.31,104.23,76.39
2026-06-05 15:45:00,10,600.0,-200.0,-2.74,41.63,76.69,215.55,0.52,97.94,99.39,77.1
2026-06-05 15:50:00,10,600.0,-200.0,-2.74,41.61,78.19,147.02,1.16,73.44,97.42,78.3
2026-06-05 15:55:00,10,600.0,-200.0,-2.74,41.52,78.17,206.84,0.58,97.75,100.0,76.74
2026-06-05 16:00:00,10,600.0,-200.0,-2.74,41.39,67.13,372.64,0.17,186.74,118.1,77.49
2026-06-05 16:05:00,10,600.0,-200.0,-2.74,41.43,76.4,234.42,0.48,112.1,101.89,77.63
2026-06-05 16:10:00,10,600.0,-200.0,-2.74,41.37,70.27,280.09,0.29,129.22,103.08,77.44
2026-06-05 16:15:00,10,600.0,-200.0,-2.74,41.16,73.1,198.56,0.58,95.85,97.89,76.18
2026-06-05 16:20:00,10,600.0,-200.0,-2.74,42.81,67.51,218.3,0.44,101.38,96.64,76.4
2026-06-05 16:25:00,10,600.0,-200.0,-2.74,41.45,70.74,183.08,0.66,81.62,94.95,77.7
2026-06-05 16:30:00,10,600.0,-200.0,-2.74,40.78,73.8,255.33,0.37,122.2,102.88,75.3
2026-06-05 16:35:00,10,600.0,-200.0,-2.74,39.95,65.27,277.12,0.29,132.07,102.0,75.2
2026-06-05 16:40:00,10,600.0,-200.0,-2.74,40.19,73.35,241.49,0.38,112.17,100.63,77.01
2026-06-05 16:45:00,10,600.0,-200.0,-2.74,40.8,57.82,230.77,0.34,104.58,93.63,75.33
2026-06-05 16:50:00,10,600.0,-200.0,-2.74,40.18,63.98,147.69,0.84,64.77,90.72,75.58
2026-06-05 16:55:00,10,600.0,-200.0,-2.74,39.34,62.36,210.71,0.49,102.13,95.07,75.84
2026-06-05 17:00:00,10,600.0,-200.0,-2.74,39.85,61.72,234.85,0.33,107.37,107.19,74.99
2026-06-05 17:05:00,10,600.0,-200.0,-2.74,39.54,46.59,290.02,0.17,143.58,98.07,74.98
2026-06-05 17:10:00,10,600.0,-200.0,-2.74,39.43,46.81,268.24,0.2,124.73,93.66,74.69
2026-06-05 17:15:00,10,600.0,-200.0,-2.74,39.64,45.94,258.15,0.22,114.7,91.23,74.33
2026-06-05 17:20:00,10,600.0,-200.0,-2.74,40.05,38.66,200.02,0.3,98.44,85.73,74.76
2026-06-05 17:25:00,10,600.0,-200.0,-2.74,38.99,42.8,362.96,0.11,169.06,103.8,74.01
2026-06-05 17:30:00,10,600.0,-200.0,-2.74,39.08,41.76,284.09,0.16,130.99,93.25,74.27
2026-06-05 17:35:00,10,600.0,-200.0,-2.74,38.51,40.25,251.24,0.19,117.33,89.73,74.23
2026-06-05 17:40:00,10,600.0,-200.0,-2.74,38.91,35.12,159.77,0.42,77.52,81.41,72.99
2026-06-05 17:45:00,10,600.0,-200.0,-2.74,38.92,33.92,273.79,0.14,134.15,91.22,71.64
2026-06-05 17:50:00,10,600.0,-200.0,-2.74,37.93,34.44,323.83,0.11,147.72,94.78,74.68
2026-06-05 17:55:00,10,600.0,-200.0,-2.74,39.05,41.46,198.45,0.36,94.05,86.06,70.77
2026-06-05 18:00:00,10,600.0,-200.0,-2.74,37.97,37.57,253.63,0.19,117.75,88.88,73.82
2026-06-05 18:05:00,10,600.0,-200.0,-2.74,38.55,37.32,269.85,0.15,124.79,101.77,73.0
2026-06-05 18:10:00,10,600.0,-200.0,-2.74,37.42,27.84,189.89,0.26,79.96,78.89,73.6
2026-06-05 18:15:00,10,600.0,-200.0,-2.74,37.2,24.96,259.07,0.13,118.18,84.44,73.84
2026-06-05 18:20:00,10,600.0,-200.0,-2.74,37.34,25.39,214.22,0.18,98.03,80.77,74.68
2026-06-05 18:25:00,10,600.0,-200.0,-2.74,36.95,22.1,305.67,0.08,143.52,89.3,70.76
2026-06-05 18:30:00,10,600.0,-200.0,-2.74,36.74,21.59,308.45,0.08,145.95,89.76,71.78
2026-06-05 18:35:00,10,600.0,-200.0,-2.74,37.04,20.69,243.19,0.11,113.25,81.87,72.21
2026-06-05 18:40:00,10,600.0,-200.0,-2.74,37.37,23.25,255.85,0.12,115.03,83.16,72.14
2026-06-05 18:45:00,10,600.0,-200.0,-2.74,36.87,23.95,198.06,0.21,98.12,80.34,72.22
2026-06-05 18:50:00,10,600.0,-200.0,-2.74,36.0,27.07,243.83,0.14,120.06,85.59,72.96
2026-06-05 18:55:00,10,600.0,-200.0,-2.74,36.07,18.92,281.8,0.07,128.8,84.56,73.29
2026-06-05 19:00:00,10,600.0,-200.0,-2.74,37.11,21.37,208.12,0.15,103.62,80.31,71.38
2026-06-05 19:05:00,10,600.0,-200.0,-2.74,36.14,21.4,218.53,0.14,107.11,80.96,71.19
2026-06-05 19:10:00,10,600.0,-200.0,-2.74,36.44,19.81,259.42,0.09,122.4,83.46,73.05
2026-06-05 19:15:00,10,600.0,-200.0,-2.74,36.28,23.08,245.45,0.12,116.01,83.3,71.22
2026-06-05 19:20:00,10,600.0,-200.0,-2.74,35.07,14.06,245.99,0.07,114.63,79.75,71.09
2026-06-05 19:25:00,10,600.0,-200.0,-2.74,35.2,19.9,234.45,0.12,106.54,80.28,71.98
2026-06-05 19:30:00,10,600.0,-200.0,-2.74,35.57,16.95,255.97,0.09,124.13,82.84,71.62
2026-06-05 19:35:00,10,600.0,-200.0,-2.74,34.96,19.28,353.46,0.05,162.22,93.4,71.69
2026-06-05 19:40:00,10,600.0,-200.0,-2.74,35.07,14.54,260.36,0.06,125.49,82.25,71.61
2026-06-05 19:45:00,10,600.0,-200.0,-2.74,35.35,20.01,160.13,0.26,69.34,74.72,71.91
2026-06-05 19:50:00,10,600.0,-200.0,-2.74,34.99,19.09,257.9,0.09,124.59,83.7,70.63
2026-06-05 19:55:00,10,600.0,-200.0,-2.74,34.73,19.66,214.36,0.14,97.52,78.58,70.53
2026-06-05 20:00:00,10,600.0,-200.0,-2.74,34.2,18.32,261.67,0.08,125.38,83.58,69.85
2026-06-05 20:05:00,10,600.0,-200.0,-2.74,34.73,16.02,199.68,0.13,90.93,76.17,69.68
2026-06-05 20:10:00,10,600.0,-200.0,-2.74,33.56,16.74,249.22,0.09,125.91,83.17,70.5
2026-06-05 20:15:00,10,600.0,-200.0,-2.74,33.98,17.04,211.73,0.12,100.15,78.09,70.9
2026-06-05 20:20:00,10,600.0,-200.0,-2.74,34.19,20.64,232.21,0.12,114.85,82.2,70.37
2026-06-05 20:25:00,10,600.0,-200.0,-2.74,33.63,10.61,187.92,0.1,93.06,74.57,69.13
2026-06-05 20:30:00,10,600.0,-200.0,-2.74,34.07,14.5,233.07,0.09,112.49,79.51,70.39
2026-06-05 20:35:00,10,600.0,-200.0,-2.74,33.93,16.87,306.54,0.06,154.56,90.39,70.18
2026-06-05 20:40:00,10,600.0,-200.0,-2.74,34.33,16.07,338.18,0.04,145.45,87.61,68.15
2026-06-05 20:45:00,10,600.0,-200.0,-2.74,33.36,16.31,276.26,0.07,128.49,83.57,69.09
2026-06-05 20:50:00,10,600.0,-200.0,-2.74,33.44,18.32,283.59,0.07,131.93,85.08,69.29
2026-06-05 20:55:00,10,600.0,-200.0,-2.74,33.84,20.67,287.96,0.09,138.15,87.45,68.48
2026-06-05 21:00:00,10,600.0,-200.0,-2.74,33.41,20.22,361.13,0.05,169.01,95.75,68.89
2026-06-05 21:05:00,10,600.0,-200.0,-2.74,32.91,15.68,235.2,0.09,110.89,79.59,68.58
2026-06-05 21:10:00,10,600.0,-200.0,-2.74,33.26,20.5,272.25,0.09,133.05,86.15,68.45
2026-06-05 21:15:00,10,600.0,-200.0,-2.74,32.82,16.76,345.8,0.04,170.15,94.86,68.34
2026-06-05 21:20:00,10,600.0,-200.0,-2.74,32.74,21.82,235.69,0.12,117.49,83.16,68.02
2026-06-05 21:25:00,10,600.0,-200.0,-2.74,32.65,22.31,292.32,0.08,150.06,91.1,66.36
2026-06-05 21:30:00,10,600.0,-200.0,-2.74,32.38,18.45,281.68,0.08,122.11,82.9,68.66
2026-06-05 21:35:00,10,600.0,-200.0,-2.74,32.49,22.23,196.76,0.19,92.36,78.7,67.72
2026-06-05 21:40:00,10,600.0,-200.0,-2.74,32.74,20.84,308.4,0.07,147.9,89.98,69.69
2026-06-05 21:45:00,10,600.0,-200.0,-2.74,32.45,21.45,157.4,0.26,73.24,75.71,65.61
2026-06-05 21:50:00,10,600.0,-200.0,-2.74,32.55,21.82,236.96,0.13,108.2,81.29,66.24
2026-06-05 21:55:00,10,600.0,-200.0,-2.74,31.34,22.91,241.57,0.13,106.91,81.42,66.28
2026-06-05 22:00:00,10,600.0,-200.0,-2.74,32.05,26.0,254.0,0.13,118.44,84.84,66.68
2026-06-05 22:05:00,10,600.0,-200.0,-2.74,30.91,26.85,233.94,0.16,111.23,83.71,67.93
2026-06-05 22:10:00,10,600.0,-200.0,-2.74,32.94,29.24,202.6,0.21,98.8,82.3,67.79
2026-06-05 22:15:00,10,600.0,-200.0,-2.74,32.1,26.07,206.72,0.21,104.72,82.27,66.55
2026-06-05 22:20:00,10,600.0,-200.0,-2.74,31.63,28.35,295.68,0.1,132.07,88.68,66.75
2026-06-05 22:25:00,10,600.0,-200.0,-2.74,32.0,31.82,343.22,0.08,160.21,97.26,67.22
2026-06-05 22:30:00,10,600.0,-200.0,-2.74,31.26,25.9,258.96,0.12,122.36,85.64,66.57
2026-06-05 22:35:00,10,600.0,-200.0,-2.74,31.01,34.13,294.67,0.12,148.81,94.97,65.4
2026-06-05 22:40:00,10,600.0,-200.0,-2.74,32.44,31.54,201.36,0.23,92.88,82.12,66.04
2026-06-05 22:45:00,10,600.0,-200.0,-2.74,30.12,31.45,180.58,0.32,81.62,80.5,65.83
2026-06-05 22:50:00,10,600.0,-200.0,-2.74,31.78,35.07,304.71,0.12,137.0,92.26,66.81
2026-06-05 22:55:00,10,600.0,-200.0,-2.74,31.8,36.05,314.82,0.12,145.77,94.84,66.95
2026-06-05 23:00:00,10,600.0,-200.0,-2.74,31.42,38.95,324.62,0.12,141.76,94.82,64.33
2026-06-05 23:05:00,10,600.0,-200.0,-2.74,31.83,38.98,279.95,0.16,129.35,91.88,65.98
2026-06-05 23:10:00,10,600.0,-200.0,-2.74,31.29,41.65,286.99,0.16,134.31,93.99,66.97
2026-06-05 23:15:00,10,600.0,-200.0,-2.74,31.66,41.69,195.73,0.35,95.86,86.42,64.48
2026-06-05 23:20:00,10,600.0,-200.0,-2.74,30.97,42.81,360.84,0.11,171.34,104.48,63.01
2026-06-05 23:25:00,10,600.0,-200.0,-2.74,30.8,46.2,226.37,0.28,120.06,92.56,65.04
2026-06-05 23:30:00,10,600.0,-200.0,-2.74,31.27,46.25,266.28,0.2,127.84,94.15,67.07
2026-06-05 23:35:00,10,600.0,-200.0,-2.74,30.97,44.38,163.09,0.52,73.76,84.33,64.59
2026-06-05 23:40:00,10,600.0,-200.0,-2.74,30.84,46.23,255.52,0.24,120.43,92.57,65.54
2026-06-05 23:45:00,10,600.0,-200.0,-2.74,31.85,43.74,201.59,0.35,94.04,86.83,62.96
2026-06-05 23:50:00,10,600.0,-200.0,-2.74,31.16,47.05,258.09,0.22,119.1,92.53,65.15
2026-06-05 23:55:00,10,600.0,-200.0,-2.74,30.74,50.84,311.97,0.17,147.66,100.62,62.72
2026-06-06 00:00:00,10,155.62,-306.19,-2.66,31.09,40.11,235.01,0.22,116.27,89.5,64.28
2026-06-06 00:05:00,10,155.62,-306.19,-2.66,31.68,43.2,212.62,0.32,99.68,87.56,64.21
2026-06-06 00:10:00,10,155.62,-306.19,-2.66,32.33,42.01,182.64,0.41,81.81,84.41,63.69
2026-06-06 00:15:00,10,155.62,-306.19,-2.66,31.4,43.99,247.68,0.22,119.47,91.54,63.93
2026-06-06 00:20:00,10,155.62,-306.19,-2.66,30.87,43.81,166.59,0.51,73.88,84.12,61.39
2026-06-06 00:25:00,10,155.62,-306.19,-2.66,30.96,45.9,216.32,0.33,100.91,88.75,63.11
2026-06-06 00:30:00,10,155.62,-306.19,-2.66,30.77,48.49,256.8,0.23,122.26,93.74,62.07
2026-06-06 00:35:00,10,155.62,-306.19,-2.66,30.74,45.35,188.44,0.44,90.2,86.93,61.73
2026-06-06 00:40:00,10,155.62,-306.19,-2.66,31.09,41.4,241.59,0.21,114.46,89.56,61.98
2026-06-06 00:45:00,10,155.62,-306.19,-2.66,31.71,47.27,274.92,0.2,132.84,95.69,61.94
2026-06-06 00:50:00,10,155.62,-306.19,-2.66,31.28,48.64,243.49,0.26,117.76,92.88,61.77
2026-06-06 00:55:00,10,155.62,-306.19,-2.66,31.27,50.84,273.47,0.21,132.63,96.9,61.5
2026-06-06 01:00:00,10,155.62,-306.19,-2.66,31.34,52.11,237.55,0.29,112.52,93.07,62.02
2026-06-06 01:05:00,10,155.62,-306.19,-2.66,31.39,50.41,240.5,0.27,104.12,90.8,62.11
2026-06-06 01:10:00,10,155.62,-306.19,-2.66,31.43,51.49,276.0,0.22,136.32,98.04,61.89
2026-06-06 01:15:00,10,155.62,-306.19,-2.66,32.11,49.36,218.76,0.32,109.16,91.5,61.87
2026-06-06 01:20:00,10,155.62,-306.19,-2.66,30.73,48.99,302.97,0.17,148.22,100.12,62.95
2026-06-06 01:25:00,10,155.62,-306.19,-2.66,31.4,48.82,370.96,0.11,179.04,109.01,61.18
2026-06-06 01:30:00,10,155.62,-306.19,-2.66,31.03,52.14,289.17,0.18,141.45,99.48,60.5
2026-06-06 01:35:00,10,155.62,-306.19,-2.66,31.53,50.94,252.88,0.24,121.1,94.37,62.42
2026-06-06 01:40:00,10,155.62,-306.19,-2.66,31.18,54.29,305.23,0.19,137.43,99.24,59.66
2026-06-06 01:45:00,10,155.62,-306.19,-2.66,32.16,52.88,195.28,0.45,97.05,90.74,59.38
2026-06-06 01:50:00,10,155.62,-306.19,-2.66,31.78,50.96,225.5,0.33,101.54,90.63,61.02
2026-06-06 01:55:00,10,155.62,-306.19,-2.66,33.03,51.43,188.31,0.48,87.15,88.66,61.44
2026-06-06 02:00:00,10,155.62,-306.19,-2.66,32.49,51.58,203.62,0.4,95.36,89.9,60.17
2026-06-06 02:05:00,10,155.62,-306.19,-2.66,32.35,53.6,291.1,0.2,134.11,98.21,59.49
2026-06-06 02:10:00,10,155.62,-306.19,-2.66,32.31,50.11,261.23,0.22,119.59,93.71,62.23
2026-06-06 02:15:00,10,155.62,-306.19,-2.66,32.42,51.82,229.03,0.31,117.84,94.11,59.26
2026-06-06 02:20:00,10,155.62,-306.19,-2.66,31.89,51.76,242.86,0.29,112.09,92.86,57.95
2026-06-06 02:25:00,10,155.62,-306.19,-2.66,32.58,50.55,201.56,0.42,99.48,90.3,59.12
2026-06-06 02:30:00,10,155.62,-306.19,-2.66,32.42,52.06,297.62,0.19,136.13,98.14,59.02
2026-06-06 02:35:00,10,155.62,-306.19,-2.66,32.33,47.4,299.43,0.17,137.05,96.7,59.34
2026-06-06 02:40:00,10,155.62,-306.19,-2.66,32.09,54.44,351.9,0.14,161.39,105.64,58.19
2026-06-06 02:45:00,10,155.62,-306.19,-2.66,32.58,50.19,245.26,0.26,116.09,93.08,59.03
2026-06-06 02:50:00,10,155.62,-306.19,-2.66,32.16,47.41,217.95,0.31,105.08,90.01,57.57
2026-06-06 02:55:00,10,155.62,-306.19,-2.66,32.71,48.29,278.48,0.2,121.84,93.52,59.34
2026-06-06 03:00:00,10,155.62,-306.19,-2.66,33.25,51.17,294.29,0.19,141.54,99.18,57.48
2026-06-06 03:05:00,10,155.62,-306.19,-2.66,32.37,48.69,262.57,0.22,122.69,93.89,59.54
2026-06-06 03:10:00,10,155.62,-306.19,-2.66,33.12,46.74,231.61,0.26,100.06,88.75,55.93
2026-06-06 03:15:00,10,155.62,-306.19,-2.66,34.02,48.99,298.49,0.17,136.76,97.18,58.22
2026-06-06 03:20:00,10,155.62,-306.19,-2.66,33.78,46.4,258.93,0.23,130.88,94.98,58.43
2026-06-06 03:25:00,10,155.62,-306.19,-2.66,33.16,47.28,232.23,0.3,104.6,89.86,58.76
2026-06-06 03:30:00,10,155.62,-306.19,-2.66,33.65,41.43,247.55,0.21,113.36,89.35,57.27
2026-06-06 03:35:00,10,155.62,-306.19,-2.66,32.63,44.94,166.56,0.52,82.24,85.72,57.64
2026-06-06 03:40:00,10,155.62,-306.19,-2.66,33.15,44.24,277.88,0.18,136.29,95.42,57.55
2026-06-06 03:45:00,10,155.62,-306.19,-2.66,34.84,42.47,260.22,0.19,129.47,93.2,54.76
2026-06-06 03:50:00,10,155.62,-306.19,-2.66,34.44,44.93,135.68,0.83,64.35,83.98,56.01
2026-06-06 03:55:00,10,155.62,-306.19,-2.66,34.53,45.51,229.22,0.25,113.35,90.85,56.18
2026-06-06 04:00:00,10,155.62,-306.19,-2.66,34.1,46.07,223.36,0.27,105.66,89.58,57.29
2026-06-06 04:05:00,10,155.62,-306.19,-2.66,34.32,41.34,184.33,0.35,84.54,84.46,56.23
2026-06-06 04:10:00,10,155.62,-306.19,-2.66,35.03,39.47,116.79,0.9,55.52,81.25,57.21
2026-06-06 04:15:00,10,155.62,-306.19,-2.66,35.19,40.46,314.06,0.13,148.24,97.06,56.72
2026-06-06 04:20:00,10,155.62,-306.19,-2.66,35.17,41.12,337.42,0.11,162.95,101.38,54.52
2026-06-06 04:25:00,10,155.62,-306.19,-2.66,34.99,37.96,231.54,0.23,112.64,88.03,55.67
2026-06-06 04:30:00,10,155.62,-306.19,-2.66,35.37,38.95,204.61,0.29,99.29,85.95,56.71
2026-06-06 04:35:00,10,155.62,-306.19,-2.66,35.03,35.14,278.87,0.14,128.32,90.26,55.95
2026-06-06 04:40:00,10,155.62,-306.19,-2.66,35.18,39.11,282.36,0.15,135.65,93.42,55.01
2026-06-06 04:45:00,10,155.62,-306.19,-2.66,35.38,36.26,294.07,0.14,131.35,91.36,55.33
2026-06-06 04:50:00,10,155.62,-306.19,-2.66,36.35,30.95,317.24,0.09,140.94,91.76,57.11
2026-06-06 04:55:00,10,155.62,-306.19,-2.66,35.71,39.09,158.03,0.5,71.86,82.2,54.04
2026-06-06 05:00:00,10,155.62,-306.19,-2.66,36.36,34.86,281.08,0.14,135.18,91.79,54.73
2026-06-06 05:05:00,10,155.62,-306.19,-2.66,36.86,30.28,270.08,0.12,120.27,86.72,54.54
2026-06-06 05:10:00,10,155.62,-306.19,-2.66,36.55,32.77,220.98,0.19,105.88,84.81,54.09
2026-06-06 05:15:00,10,155.62,-306.19,-2.66,37.11,29.15,350.06,0.07,160.03,96.26,53.96
2026-06-06 05:20:00,10,155.62,-306.19,-2.66,37.36,31.96,302.62,0.12,141.94,92.43,54.48
2026-06-06 05:25:00,10,155.62,-306.19,-2.66,37.58,29.84,207.99,0.23,105.63,83.81,53.66
2026-06-06 05:30:00,10,155.62,-306.19,-2.66,37.28,26.42,254.31,0.12,122.8,85.93,54.06
2026-06-06 05:35:00,10,155.62,-306.19,-2.66,37.01,23.76,287.77,0.09,141.08,89.28,55.27
2026-06-06 05:40:00,10,155.62,-306.19,-2.66,37.33,25.07,226.83,0.17,102.64,81.46,55.51
2026-06-06 05:45:00,10,155.62,-306.19,-2.66,37.69,23.69,238.48,0.14,109.98,82.33,52.62
2026-06-06 05:50:00,10,155.62,-306.19,-2.66,38.52,21.88,208.72,0.15,99.39,79.72,53.68
2026-06-06 05:55:00,10,155.62,-306.19,-2.66,37.66,26.11,261.58,0.12,120.59,85.34,55.73
2026-06-06 06:00:00,10,155.62,-306.19,-2.66,38.34,23.11,230.93,0.14,109.8,82.09,54.29
2026-06-06 06:05:00,10,155.62,-306.19,-2.66,38.07,22.59,285.08,0.09,130.64,86.32,53.88
2026-06-06 06:10:00,10,155.62,-306.19,-2.66,37.03,24.23,275.22,0.1,133.74,87.65,53.92
2026-06-06 06:15:00,10,155.62,-306.19,-2.66,38.4,19.81,276.8,0.08,123.95,83.79,53.61
2026-06-06 06:20:00,10,155.62,-306.19,-2.66,38.64,21.02,244.72,0.12,121.45,83.74,52.91
2026-06-06 06:25:00,10,155.62,-306.19,-2.66,38.3,20.49,360.34,0.05,172.23,96.84,51.49
2026-06-06 06:30:00,10,155.62,-306.19,-2.66,38.46,18.55,291.75,0.07,132.67,85.35,53.06
2026-06-06 06:35:00,10,155.62,-306.19,-2.66,38.99,18.57,238.48,0.1,115.7,81.62,52.79
2026-06-06 06:40:00,10,155.62,-306.19,-2.66,39.51,16.52,228.95,0.1,104.54,78.69,53.31
2026-06-06 06:45:00,10,155.62,-306.19,-2.66,39.58,18.53,201.92,0.13,99.06,78.45,53.32
2026-06-06 06:50:00,10,155.62,-306.19,-2.66,39.63,15.75,297.92,0.06,140.75,86.34,53.3
2026-06-06 06:55:00,10,155.62,-306.19,-2.66,39.33,15.39,292.08,0.05,131.77,83.99,52.51
2026-06-06 07:00:00,10,155.62,-306.19,-2.66,39.05,14.28,195.76,0.12,91.37,75.62,50.56
2026-06-06 07:05:00,10,155.62,-306.19,-2.66,39.31,11.3,152.6,0.15,75.48,81.41,51.42
2026-06-06 07:10:00,10,155.62,-306.19,-2.66,39.88,13.74,241.14,0.07,119.31,80.63,52.76
2026-06-06 07:15:00,10,155.62,-306.19,-2.66,40.59,11.87,225.39,0.07,105.83,77.25,50.85
2026-06-06 07:20:00,10,155.62,-306.19,-2.66,40.19,14.88,342.96,0.04,174.57,95.59,52.56
2026-06-06 07:25:00,10,155.62,-306.19,-2.66,41.22,11.98,295.06,0.05,143.02,85.58,52.33
2026-06-06 07:30:00,10,155.62,-306.19,-2.66,40.44,13.2,283.62,0.05,137.7,84.66,50.94
2026-06-06 07:35:00,10,155.62,-306.19,-2.66,40.51,14.62,306.79,0.05,146.86,107.94,52.13
2026-06-06 07:40:00,10,155.62,-306.19,-2.66,41.2,11.34,264.5,0.05,119.29,79.75,50.48
2026-06-06 07:45:00,10,155.62,-306.19,-2.66,41.7,12.1,293.64,0.04,139.46,84.7,49.0
2026-06-06 07:50:00,10,155.62,-306.19,-2.66,42.11,11.92,314.86,0.04,151.78,87.86,50.12
2026-06-06 07:55:00,10,155.62,-306.19,-2.66,41.38,11.08,188.37,0.1,92.78,74.7,50.14
2026-06-06 08:00:00,10,155.62,-306.19,-2.66,41.76,12.03,322.64,0.03,145.65,86.24,49.86
2026-06-06 08:05:00,10,155.62,-306.19,-2.66,41.78,11.47,307.74,0.04,148.86,86.92,51.15
2026-06-06 08:10:00,10,155.62,-306.19,-2.66,41.93,15.05,263.02,0.07,117.52,80.72,51.17
2026-06-06 08:15:00,10,155.62,-306.19,-2.66,42.63,8.0,277.94,0.03,136.94,82.62,49.92
2026-06-06 08:20:00,10,155.62,-306.19,-2.66,42.67,11.12,368.4,0.02,185.99,97.94,49.93
2026-06-06 08:25:00,10,155.62,-306.19,-2.66,41.82,14.79,326.29,0.04,143.09,86.56,48.81
2026-06-06 08:30:00,10,155.62,-306.19,-2.66,41.71,11.5,233.21,0.07,104.7,76.91,48.77
2026-06-06 08:35:00,10,155.62,-306.19,-2.66,41.53,12.08,198.25,0.09,98.6,76.03,49.8
2026-06-06 08:40:00,10,155.62,-306.19,-2.66,41.99,14.45,300.02,0.05,141.9,86.16,48.53
2026-06-06 08:45:00,10,155.62,-306.19,-2.66,42.91,14.17,251.12,0.07,119.53,80.84,47.81
2026-06-06 08:50:00,10,155.62,-306.19,-2.66,43.01,14.75,248.21,0.08,113.39,79.77,47.78
2026-06-06 08:55:00,10,155.62,-306.19,-2.66,43.01,14.85,161.39,0.18,78.84,74.03,49.49
2026-06-06 09:00:00,10,155.62,-306.19,-2.66,42.65,16.29,292.56,0.06,143.94,87.35,47.65
2026-06-06 09:05:00,10,155.62,-306.19,-2.66,43.52,12.22,261.74,0.06,132.36,83.05,48.41
2026-06-06 09:10:00,10,155.62,-306.19,-2.66,43.2,16.21,308.61,0.06,152.54,101.66,48.7
2026-06-06 09:15:00,10,155.62,-306.19,-2.66,43.47,17.07,329.42,0.05,154.1,90.33,49.11
2026-06-06 09:20:00,10,155.62,-306.19,-2.66,43.48,15.47,232.65,0.09,112.05,79.77,48.44
2026-06-06 09:25:00,10,155.62,-306.19,-2.66,43.43,11.96,186.48,0.12,85.56,73.9,48.99
2026-06-06 09:30:00,10,155.62,-306.19,-2.66,43.54,17.49,199.9,0.14,93.37,77.13,49.26
2026-06-06 09:35:00,10,155.62,-306.19,-2.66,43.79,18.17,266.26,0.09,122.51,82.93,46.53
2026-06-06 09:40:00,10,155.62,-306.19,-2.66,44.36,18.37,314.35,0.06,139.68,86.99,47.03
2026-06-06 09:45:00,10,155.62,-306.19,-2.66,44.51,16.2,380.78,0.04,173.79,95.82,49.16
2026-06-06 09:50:00,10,155.62,-306.19,-2.66,43.35,21.73,245.44,0.11,119.05,83.46,45.78
2026-06-06 09:55:00,10,155.62,-306.19,-2.66,44.01,21.18,345.18,0.05,160.38,93.54,47.68
2026-06-06 10:00:00,10,155.62,-306.19,-2.66,44.01,22.24,275.58,0.1,129.65,85.99,46.43
2026-06-06 10:05:00,10,155.62,-306.19,-2.66,44.41,20.91,175.04,0.22,80.63,76.49,46.14
2026-06-06 10:10:00,10,155.62,-306.19,-2.66,44.11,24.09,290.22,0.09,132.86,87.38,46.19
2026-06-06 10:15:00,10,155.62,-306.19,-2.66,43.89,20.37,281.53,0.08,133.45,86.2,46.95
2026-06-06 10:20:00,10,155.62,-306.19,-2.66,44.33,24.31,309.64,0.08,147.76,91.2,47.69
2026-06-06 10:25:00,10,155.62,-306.19,-2.66,44.35,25.46,288.63,0.11,142.76,90.36,45.65
2026-06-06 10:30:00,10,155.62,-306.19,-2.66,43.93,19.91,168.15,0.22,79.16,75.93,44.38
2026-06-06 10:35:00,10,155.62,-306.19,-2.66,43.88,22.49,324.45,0.07,155.97,92.79,46.34
2026-06-06 10:40:00,10,155.62,-306.19,-2.66,44.23,21.99,354.21,0.05,169.59,96.56,45.41
2026-06-06 10:45:00,10,155.62,-306.19,-2.66,44.96,24.42,265.84,0.11,121.01,84.83,45.65
2026-06-06 10:50:00,10,155.62,-306.19,-2.66,44.37,22.87,219.73,0.15,108.65,81.81,47.22
2026-06-06 10:55:00,10,155.62,-306.19,-2.66,44.9,20.67,230.54,0.12,113.92,82.04,44.47
2026-06-06 11:00:00,10,155.62,-306.19,-2.66,46.22,23.83,272.16,0.11,125.17,85.55,46.87
2026-06-06 11:05:00,10,155.62,-306.19,-2.66,44.37,24.72,184.01,0.22,85.24,78.51,46.0
2026-06-06 11:10:00,10,155.62,-306.19,-2.66,44.99,26.1,246.1,0.13,116.73,84.54,44.56
2026-06-06 11:15:00,10,155.62,-306.19,-2.66,45.41,26.42,161.73,0.31,77.3,78.13,44.46
2026-06-06 11:20:00,10,155.62,-306.19,-2.66,45.84,26.74,201.06,0.22,95.2,80.84,45.77
2026-06-06 11:25:00,10,155.62,-306.19,-2.66,44.42,28.68,242.93,0.14,107.92,83.68,46.37
2026-06-06 11:30:00,10,155.62,-306.19,-2.66,45.48,28.1,189.37,0.26,91.69,80.81,45.61
2026-06-06 11:35:00,10,155.62,-306.19,-2.66,44.69,30.77,228.57,0.16,107.89,84.45,44.71
2026-06-06 11:40:00,10,155.62,-306.19,-2.66,44.24,28.89,230.25,0.18,116.25,85.52,44.59
2026-06-06 11:45:00,10,155.62,-306.19,-2.66,44.75,29.68,287.3,0.12,141.64,91.57,44.23
2026-06-06 11:50:00,10,155.62,-306.19,-2.66,44.01,31.45,258.74,0.15,114.66,86.02,44.0
2026-06-06 11:55:00,10,155.62,-306.19,-2.66,44.93,33.54,200.71,0.24,97.9,83.73,45.09
2026-06-06 12:00:00,10,155.62,-306.19,-2.66,44.41,28.26,207.56,0.2,99.42,101.35,43.84
2026-06-06 12:05:00,10,155.62,-306.19,-2.66,45.26,33.08,270.57,0.15,126.95,89.27,41.96
2026-06-06 12:10:00,10,155.62,-306.19,-2.66,44.86,32.82,242.52,0.18,115.18,86.67,44.29
2026-06-06 12:15:00,10,155.62,-306.19,-2.66,45.04,32.32,134.22,0.59,58.45,78.45,43.57
2026-06-06 12:20:00,10,155.62,-306.19,-2.66,45.88,34.58,221.73,0.23,102.06,84.82,43.67
2026-06-06 12:25:00,10,155.62,-306.19,-2.66,44.76,32.86,235.06,0.18,106.17,84.89,43.6
2026-06-06 12:30:00,10,155.62,-306.19,-2.66,45.48,35.35,298.42,0.13,136.7,92.34,43.75
2026-06-06 12:35:00,10,155.62,-306.19,-2.66,44.56,37.02,299.76,0.14,140.46,93.88,42.63
2026-06-06 12:40:00,10,155.62,-306.19,-2.66,45.39,29.73,184.93,0.29,91.51,81.41,43.04
2026-06-06 12:45:00,10,155.62,-306.19,-2.66,44.97,29.71,326.44,0.09,151.24,94.05,42.22
2026-06-06 12:50:00,10,155.62,-306.19,-2.66,45.05,27.06,128.53,0.51,65.18,95.29,42.71
2026-06-06 12:55:00,10,155.62,-306.19,-2.66,44.18,32.27,263.42,0.15,127.52,89.11,43.34
2026-06-06 13:00:00,10,155.62,-306.19,-2.66,45.46,30.32,238.08,0.18,111.66,85.08,42.09
2026-06-06 13:05:00,10,155.62,-306.19,-2.66,44.54,30.71,252.14,0.15,110.94,85.01,40.22
2026-06-06 13:10:00,10,155.62,-306.19,-2.66,44.77,31.86,257.23,0.15,122.48,87.84,41.93
2026-06-06 13:15:00,10,155.62,-306.19,-2.66,44.73,30.88,186.02,0.28,85.63,80.85,41.19
2026-06-06 13:20:00,10,155.62,-306.19,-2.66,44.66,32.03,222.08,0.22,108.38,85.11,42.1
2026-06-06 13:25:00,10,155.62,-306.19,-2.66,44.54,34.14,179.98,0.34,82.97,81.71,39.65
2026-06-06 13:30:00,10,155.62,-306.19,-2.66,44.54,37.14,206.45,0.28,95.7,84.69,41.16
2026-06-06 13:35:00,10,155.62,-306.19,-2.66,44.07,31.91,145.25,0.47,67.91,79.14,42.49
2026-06-06 13:40:00,10,155.62,-306.19,-2.66,45.17,33.2,195.65,0.26,89.86,82.29,42.26
2026-06-06 13:45:00,10,155.62,-306.19,-2.66,44.02,35.23,251.52,0.17,116.85,87.84,40.81
2026-06-06 13:50:00,10,155.62,-306.19,-2.66,44.13,35.41,248.72,0.18,119.23,88.43,41.77
2026-06-06 13:55:00,10,155.62,-306.19,-2.66,44.71,33.81,187.56,0.3,88.83,82.42,39.26
2026-06-06 14:00:00,10,155.62,-306.19,-2.66,44.6,33.45,217.6,0.22,102.57,84.5,40.01
2026-06-06 14:05:00,10,155.62,-306.19,-2.66,44.18,33.91,290.47,0.12,139.28,92.45,40.27
2026-06-06 14:10:00,10,155.62,-306.19,-2.66,43.92,35.66,348.88,0.09,166.36,100.45,42.0
2026-06-06 14:15:00,10,155.62,-306.19,-2.66,43.42,33.77,252.08,0.17,126.85,89.52,40.82
2026-06-06 14:20:00,10,155.62,-306.19,-2.66,43.34,32.65,262.69,0.14,123.88,88.4,40.84
2026-06-06 14:25:00,10,155.62,-306.19,-2.66,42.65,34.47,287.87,0.13,138.47,92.46,39.85
2026-06-06 14:30:00,10,155.62,-306.19,-2.66,43.48,31.37,266.17,0.14,117.59,86.59,38.91
2026-06-06 14:35:00,10,155.62,-306.19,-2.66,43.08,35.97,332.06,0.1,146.59,95.01,41.09
2026-06-06 14:40:00,10,155.62,-306.19,-2.66,44.31,29.96,277.19,0.13,128.54,88.5,38.43
2026-06-06 14:45:00,10,155.62,-306.19,-2.66,43.81,31.69,256.33,0.15,118.52,86.92,39.6
2026-06-06 14:50:00,10,155.62,-306.19,-2.66,43.29,34.52,329.62,0.1,152.07,95.98,39.63
2026-06-06 14:55:00,10,155.62,-306.19,-2.66,42.08,32.58,178.0,0.33,86.89,81.74,36.98
2026-06-06 15:00:00,10,155.62,-306.19,-2.66,43.11,32.29,195.66,0.27,87.83,94.25,40.88
2026-06-06 15:05:00,10,155.62,-306.19,-2.66,43.18,29.49,138.51,0.5,62.23,77.69,39.02
2026-06-06 15:10:00,10,155.62,-306.19,-2.66,42.83,29.81,294.72,0.11,153.04,94.61,38.49
2026-06-06 15:15:00,10,155.62,-306.19,-2.66,42.02,29.03,201.08,0.23,95.73,81.75,38.65
2026-06-06 15:20:00,10,155.62,-306.19,-2.66,42.48,29.35,223.26,0.18,105.33,83.5,39.85
2026-06-06 15:25:00,10,155.62,-306.19,-2.66,41.7,30.01,262.07,0.13,124.64,87.62,38.76
2026-06-06 15:30:00,10,155.62,-306.19,-2.66,42.7,29.77,272.45,0.12,129.13,88.55,37.68
2026-06-06 15:35:00,10,155.62,-306.19,-2.66,42.36,31.29,303.03,0.11,142.11,92.23,37.43
2026-06-06 15:40:00,10,155.62,-306.19,-2.66,41.87,27.96,229.75,0.18,119.45,85.86,38.75
2026-06-06 15:45:00,10,155.62,-306.19,-2.66,41.43,27.25,325.95,0.08,160.73,95.83,38.27
2026-06-06 15:50:00,10,155.62,-306.19,-2.66,42.0,30.43,243.32,0.17,117.04,86.2,37.73
2026-06-06 15:55:00,10,155.62,-306.19,-2.66,41.78,25.58,322.4,0.08,153.95,93.32,35.48
2026-06-06 16:00:00,10,155.62,-306.19,-2.66,41.98,28.22,341.77,0.08,162.14,96.57,36.74
2026-06-06 16:05:00,10,155.62,-306.19,-2.66,41.53,24.57,220.04,0.16,97.86,80.42,36.82
2026-06-06 16:10:00,10,155.62,-306.19,-2.66,40.65,27.08,349.88,0.07,170.27,98.59,37.82
2026-06-06 16:15:00,10,155.62,-306.19,-2.66,40.3,23.51,164.81,0.29,80.4,77.5,37.73
2026-06-06 16:20:00,10,155.62,-306.19,-2.66,40.88,24.55,243.74,0.12,113.98,83.4,38.19
2026-06-06 16:25:00,10,155.62,-306.19,-2.66,40.84,22.93,216.67,0.17,102.04,80.61,36.67
2026-06-06 16:30:00,10,155.62,-306.19,-2.66,41.23,24.44,282.66,0.09,146.38,90.9,35.7
2026-06-06 16:35:00,10,155.62,-306.19,-2.66,39.93,23.35,261.77,0.1,125.08,85.33,36.12
2026-06-06 16:40:00,10,155.62,-306.19,-2.66,41.43,19.41,106.63,0.61,50.12,73.15,35.62
2026-06-06 16:45:00,10,155.62,-306.19,-2.66,40.47,21.51,279.4,0.09,137.0,87.48,37.43
2026-06-06 16:50:00,10,155.62,-306.19,-2.66,40.55,21.09,282.81,0.09,128.29,85.25,37.17
2026-06-06 16:55:00,10,155.62,-306.19,-2.66,40.45,22.32,236.38,0.12,113.56,82.53,36.53
2026-06-06 17:00:00,10,155.62,-306.19,-2.66,40.23,21.51,261.66,0.1,125.15,84.7,36.6
2026-06-06 17:05:00,10,155.62,-306.19,-2.66,39.3,16.54,269.49,0.08,123.22,82.49,35.65
2026-06-06 17:10:00,10,155.62,-306.19,-2.66,39.72,18.82,216.62,0.12,104.63,79.55,34.49
2026-06-06 17:15:00,10,155.62,-306.19,-2.66,39.08,17.09,236.04,0.1,116.84,81.34,33.15
2026-06-06 17:20:00,10,155.62,-306.19,-2.66,39.47,18.32,252.47,0.09,116.8,81.74,35.37
2026-06-06 17:25:00,10,155.62,-306.19,-2.66,38.5,18.04,334.77,0.06,158.28,91.85,32.97
2026-06-06 17:30:00,10,155.62,-306.19,-2.66,39.01,16.5,182.97,0.16,89.02,76.1,34.87
2026-06-06 17:35:00,10,155.62,-306.19,-2.66,38.08,14.27,304.44,0.05,142.46,86.23,34.07
2026-06-06 17:40:00,10,155.62,-306.19,-2.66,38.56,11.81,211.45,0.08,105.39,77.16,34.62
2026-06-06 17:45:00,10,155.62,-306.19,-2.66,39.35,11.53,312.15,0.04,138.84,84.34,33.99
2026-06-06 17:50:00,10,155.62,-306.19,-2.66,38.82,11.02,234.69,0.06,116.83,79.13,35.77
2026-06-06 17:55:00,10,155.62,-306.19,-2.66,37.85,9.56,275.74,0.04,130.19,81.55,35.63
2026-06-06 18:00:00,10,155.62,-306.19,-2.66,38.06,8.1,247.33,0.04,125.53,79.97,34.43
2026-06-06 18:05:00,10,155.62,-306.19,-2.66,37.23,9.83,231.09,0.06,115.83,78.51,34.79
2026-06-06 18:10:00,10,155.62,-306.19,-2.66,37.71,6.72,209.53,0.05,103.68,75.0,34.99
2026-06-06 18:15:00,10,155.62,-306.19,-2.66,37.49,8.15,259.71,0.04,122.71,79.35,33.82
2026-06-06 18:20:00,10,155.62,-306.19,-2.66,36.88,8.96,325.01,0.03,151.88,86.83,33.22
2026-06-06 18:25:00,10,155.62,-306.19,-2.66,37.32,6.56,308.37,0.02,146.93,84.63,34.36
2026-06-06 18:30:00,10,155.62,-306.19,-2.66,36.45,8.75,267.19,0.04,114.62,77.84,33.45
2026-06-06 18:35:00,10,155.62,-306.19,-2.66,36.79,6.23,273.05,0.03,133.12,81.06,32.19
2026-06-06 18:40:00,10,155.62,-306.19,-2.66,36.92,8.03,308.59,0.03,151.81,86.48,33.18
2026-06-06 18:45:00,10,155.62,-306.19,-2.66,37.41,5.18,303.87,0.02,136.78,81.56,34.06
2026-06-06 18:50:00,10,155.62,-306.19,-2.66,36.68,5.44,233.28,0.03,115.59,76.86,32.32
2026-06-06 18:55:00,10,155.62,-306.19,-2.66,36.87,5.78,233.35,0.03,108.18,75.48,32.94
2026-06-06 19:00:00,10,155.62,-306.19,-2.66,36.49,5.43,286.0,0.02,139.9,82.42,33.71
2026-06-06 19:05:00,10,155.62,-306.19,-2.66,36.17,5.45,319.18,0.02,147.44,84.38,34.16
2026-06-06 19:10:00,10,155.62,-306.19,-2.66,36.14,7.21,213.18,0.05,106.15,75.63,31.47
2026-06-06 19:15:00,10,155.62,-306.19,-2.66,35.25,5.78,272.37,0.03,126.75,79.41,33.67
2026-06-06 19:20:00,10,155.62,-306.19,-2.66,34.87,5.16,192.77,0.05,95.63,73.0,31.38
2026-06-06 19:25:00,10,155.62,-306.19,-2.66,36.14,5.45,287.93,0.02,130.95,80.25,31.51
2026-06-06 19:30:00,10,155.62,-306.19,-2.66,34.68,5.98,213.39,0.04,95.56,73.25,31.57
2026-06-06 19:35:00,10,155.62,-306.19,-2.66,35.16,4.41,268.48,0.02,127.88,79.17,32.37
2026-06-06 19:40:00,10,155.62,-306.19,-2.66,35.25,5.01,269.18,0.02,126.4,79.04,31.43
2026-06-06 19:45:00,10,155.62,-306.19,-2.66,34.56,3.98,313.68,0.01,144.49,83.07,31.68
2026-06-06 19:50:00,10,155.62,-306.19,-2.66,33.76,4.03,232.11,0.02,115.14,76.24,31.25
2026-06-06 19:55:00,10,155.62,-306.19,-2.66,33.69,3.57,186.42,0.03,81.96,70.22,30.67
2026-06-06 20:00:00,10,155.62,-306.19,-2.66,34.49,4.7,243.04,0.02,108.95,75.23,31.42
2026-06-06 20:05:00,10,155.62,-306.19,-2.66,34.3,5.72,263.58,0.03,133.27,80.91,31.8
2026-06-06 20:10:00,10,155.62,-306.19,-2.66,34.39,4.31,246.05,0.02,110.59,75.42,30.84
2026-06-06 20:15:00,10,155.62,-306.19,-2.66,34.34,4.43,117.39,0.09,54.04,67.22,30.76
2026-06-06 20:20:00,10,155.62,-306.19,-2.66,33.93,5.21,246.11,0.03,118.65,77.42,29.21
2026-06-06 20:25:00,10,155.62,-306.19,-2.66,32.96,3.88,187.47,0.03,85.26,70.82,31.69
2026-06-06 20:30:00,10,155.62,-306.19,-2.66,33.49,4.85,282.97,0.02,127.39,79.21,30.18
2026-06-06 20:35:00,10,155.62,-306.19,-2.66,33.63,5.05,293.99,0.02,135.34,81.15,30.27
2026-06-06 20:40:00,10,155.62,-306.19,-2.66,34.45,4.33,201.83,0.03,95.29,72.61,28.83
2026-06-06 20:45:00,10,155.62,-306.19,-2.66,33.59,4.32,173.82,0.05,84.53,70.91,31.23
2026-06-06 20:50:00,10,155.62,-306.19,-2.66,32.85,5.26,275.18,0.02,125.29,78.87,31.2
2026-06-06 20:55:00,10,155.62,-306.19,-2.66,33.26,5.52,245.47,0.03,124.01,78.69,30.9
2026-06-06 21:00:00,10,155.62,-306.19,-2.66,32.4,4.97,314.6,0.02,147.25,84.15,29.52
2026-06-06 21:05:00,10,155.62,-306.19,-2.66,33.39,4.99,206.05,0.04,101.04,73.88,31.13
2026-06-06 21:10:00,10,155.62,-306.19,-2.66,32.45,6.58,239.2,0.04,108.71,75.88,30.0
2026-06-06 21:15:00,10,155.62,-306.19,-2.66,33.36,5.44,316.87,0.02,147.57,84.4,30.23
2026-06-06 21:20:00,10,155.62,-306.19,-2.66,32.24,5.79,235.23,0.03,114.43,76.73,29.07
2026-06-06 21:25:00,10,155.62,-306.19,-2.66,33.4,5.35,227.03,0.03,106.06,74.92,30.35
2026-06-06 21:30:00,10,155.62,-306.19,-2.66,32.65,5.97,264.09,0.03,126.42,79.39,29.42
2026-06-06 21:35:00,10,155.62,-306.19,-2.66,32.59,5.86,352.27,0.01,160.08,99.48,27.77
2026-06-06 21:40:00,10,155.62,-306.19,-2.66,31.59,6.1,266.7,0.03,126.21,79.39,28.43
2026-06-06 21:45:00,10,155.62,-306.19,-2.66,32.08,6.42,234.33,0.04,105.83,75.27,29.7
2026-06-06 21:50:00,10,155.62,-306.19,-2.66,32.02,6.76,312.84,0.02,152.99,86.33,28.25
2026-06-06 21:55:00,10,155.62,-306.19,-2.66,32.33,7.6,269.24,0.03,134.56,81.88,28.29
2026-06-06 22:00:00,10,155.62,-306.19,-2.66,32.41,7.16,298.61,0.03,150.73,85.87,27.83
2026-06-06 22:05:00,10,155.62,-306.19,-2.66,31.98,6.55,206.1,0.05,96.56,73.64,29.11
2026-06-06 22:10:00,10,155.62,-306.19,-2.66,31.99,8.2,274.89,0.04,131.35,81.34,27.99
2026-06-06 22:15:00,10,155.62,-306.19,-2.66,32.3,7.79,214.92,0.05,105.8,75.76,27.89
2026-06-06 22:20:00,10,155.62,-306.19,-2.66,31.52,8.71,210.73,0.06,101.73,75.34,28.4
2026-06-06 22:25:00,10,155.62,-306.19,-2.66,31.6,8.83,262.39,0.04,120.92,79.19,27.26
2026-06-06 22:30:00,10,155.62,-306.19,-2.66,32.15,8.65,265.8,0.04,121.95,79.35,26.85
2026-06-06 22:35:00,10,155.62,-306.19,-2.66,31.82,8.05,245.1,0.05,110.92,76.85,28.24
2026-06-06 22:40:00,10,155.62,-306.19,-2.66,31.55,8.83,157.72,0.12,73.29,71.02,28.44
2026-06-06 22:45:00,10,155.62,-306.19,-2.66,30.71,9.59,266.32,0.04,128.41,81.13,27.26
2026-06-06 22:50:00,10,155.62,-306.19,-2.66,31.67,9.5,221.44,0.06,107.47,76.7,28.47
2026-06-06 22:55:00,10,155.62,-306.19,-2.66,31.14,8.49,180.87,0.09,85.72,72.62,26.43
2026-06-06 23:00:00,10,155.62,-306.19,-2.66,31.24,9.36,255.48,0.05,128.44,81.08,25.64
2026-06-06 23:05:00,10,155.62,-306.19,-2.66,31.89,10.74,228.04,0.06,112.1,78.05,27.85
2026-06-06 23:10:00,10,155.62,-306.19,-2.66,31.03,10.4,275.79,0.05,130.35,81.89,27.27
2026-06-06 23:15:00,10,155.62,-306.19,-2.66,30.56,11.29,220.97,0.08,104.71,76.84,25.86
2026-06-06 23:20:00,10,155.62,-306.19,-2.66,30.33,10.29,247.23,0.06,121.68,79.9,27.07
2026-06-06 23:25:00,10,155.62,-306.19,-2.66,31.08,11.87,340.38,0.03,164.94,91.56,25.77
2026-06-06 23:30:00,10,155.62,-306.19,-2.66,31.49,10.45,145.14,0.16,69.93,71.24,26.02
2026-06-06 23:35:00,10,155.62,-306.19,-2.66,30.04,12.43,302.8,0.04,145.94,86.46,25.73
2026-06-06 23:40:00,10,155.62,-306.19,-2.66,31.05,11.4,265.53,0.05,122.33,80.42,27.28
2026-06-06 23:45:00,10,155.62,-306.19,-2.66,30.64,9.69,211.26,0.06,97.0,74.84,26.94
2026-06-06 23:50:00,10,155.62,-306.19,-2.66,30.62,12.53,258.09,0.06,116.3,79.53,26.47
2026-06-06 23:55:00,10,155.62,-306.19,-2.66,31.28,12.19,233.95,0.07,103.77,76.95,26.71
2026-06-07 00:00:00,10,589.84,600.0,0.0,30.16,13.02,160.07,0.16,75.41,72.85,25.75
2026-06-07 00:05:00,10,589.84,600.0,0.0,32.03,12.5,295.15,0.04,143.43,85.83,26.54
2026-06-07 00:10:00,10,589.84,600.0,0.0,31.36,13.33,259.06,0.06,124.01,81.48,24.72
2026-06-07 00:15:00,10,589.84,600.0,0.0,30.84,13.02,232.84,0.07,114.03,79.26,25.28
2026-06-07 00:20:00,10,589.84,600.0,0.0,30.42,14.42,188.87,0.12,87.87,75.09,24.49
2026-06-07 00:25:00,10,589.84,600.0,0.0,31.17,14.02,282.12,0.06,134.6,84.19,24.71
2026-06-07 00:30:00,10,589.84,600.0,0.0,30.28,14.35,191.16,0.12,85.96,74.77,26.65
2026-06-07 00:35:00,10,589.84,600.0,0.0,31.2,13.5,229.73,0.08,111.19,78.87,26.14
2026-06-07 00:40:00,10,589.84,600.0,0.0,30.71,14.28,242.33,0.08,113.12,79.53,24.08
2026-06-07 00:45:00,10,589.84,600.0,0.0,31.58,13.0,255.01,0.06,115.56,79.55,25.49
2026-06-07 00:50:00,10,589.84,600.0,0.0,30.07,13.78,294.73,0.05,145.56,101.36,24.51
2026-06-07 00:55:00,10,589.84,600.0,0.0,31.84,14.09,282.1,0.06,135.5,84.43,23.68
2026-06-07 01:00:00,10,589.84,600.0,0.0,30.67,13.81,240.21,0.07,117.38,80.23,23.14
2026-06-07 01:05:00,10,589.84,600.0,0.0,30.91,14.37,305.13,0.05,136.32,84.71,23.86
2026-06-07 01:10:00,10,589.84,600.0,0.0,31.39,14.26,256.52,0.07,124.07,81.84,25.32
2026-06-07 01:15:00,10,589.84,600.0,0.0,31.12,14.84,265.83,0.07,122.35,81.67,24.79
2026-06-07 01:20:00,10,589.84,600.0,0.0,31.58,14.03,205.81,0.11,95.98,76.28,24.39
2026-06-07 01:25:00,10,589.84,600.0,0.0,31.8,14.64,157.16,0.18,75.06,73.41,23.44
2026-06-07 01:30:00,10,589.84,600.0,0.0,31.53,14.25,278.08,0.06,129.44,83.05,23.43
2026-06-07 01:35:00,10,589.84,600.0,0.0,30.7,14.38,346.51,0.04,160.26,91.09,23.34
2026-06-07 01:40:00,10,589.84,600.0,0.0,31.63,14.83,229.43,0.09,114.63,80.05,22.71
2026-06-07 01:45:00,10,589.84,600.0,0.0,30.89,14.08,218.26,0.09,103.48,77.6,22.33
2026-06-07 01:50:00,10,589.84,600.0,0.0,32.0,14.04,249.89,0.07,121.25,81.15,22.12
2026-06-07 01:55:00,10,589.84,600.0,0.0,31.85,14.58,291.33,0.05,140.53,85.84,23.95
2026-06-07 02:00:00,10,589.84,600.0,0.0,31.88,13.37,286.49,0.05,134.03,83.81,23.93
2026-06-07 02:05:00,10,589.84,600.0,0.0,30.61,13.18,220.96,0.08,108.8,78.28,22.82
2026-06-07 02:10:00,10,589.84,600.0,0.0,32.12,14.06,192.58,0.13,89.52,75.25,21.44
2026-06-07 02:15:00,10,589.84,600.0,0.0,32.35,14.96,232.47,0.09,102.69,77.77,22.73
2026-06-07 02:20:00,10,589.84,600.0,0.0,32.87,13.69,338.73,0.04,167.84,93.09,20.58
2026-06-07 02:25:00,10,589.84,600.0,0.0,32.58,14.15,313.29,0.05,142.73,86.25,23.73
2026-06-07 02:30:00,10,589.84,600.0,0.0,31.91,13.67,276.87,0.06,120.8,80.9,21.89
2026-06-07 02:35:00,10,589.84,600.0,0.0,33.24,13.54,236.79,0.07,112.94,79.22,21.87
2026-06-07 02:40:00,10,589.84,600.0,0.0,32.4,12.96,205.77,0.1,92.95,75.37,21.4
2026-06-07 02:45:00,10,589.84,600.0,0.0,32.64,13.12,255.04,0.07,127.36,82.19,21.56
2026-06-07 02:50:00,10,589.84,600.0,0.0,32.77,12.91,258.65,0.07,118.15,80.08,21.97
2026-06-07 02:55:00,10,589.84,600.0,0.0,32.83,13.06,283.94,0.05,149.41,87.62,21.51
2026-06-07 03:00:00,10,589.84,600.0,0.0,33.24,12.73,249.1,0.07,115.32,79.43,20.9
2026-06-07 03:05:00,10,589.84,600.0,0.0,32.95,13.26,202.53,0.1,97.26,76.22,21.36
2026-06-07 03:10:00,10,589.84,600.0,0.0,32.64,13.58,220.69,0.1,96.49,76.19,22.2
2026-06-07 03:15:00,10,589.84,600.0,0.0,33.92,12.58,239.57,0.07,116.73,79.67,20.71
2026-06-07 03:20:00,10,589.84,600.0,0.0,33.54,12.61,257.01,0.06,120.49,80.46,19.24
2026-06-07 03:25:00,10,589.84,600.0,0.0,34.87,13.14,219.48,0.09,108.09,78.16,19.57
2026-06-07 03:30:00,10,589.84,600.0,0.0,32.97,11.52,301.97,0.04,145.69,86.08,20.24
2026-06-07 03:35:00,10,589.84,600.0,0.0,34.23,11.64,249.73,0.06,119.91,80.0,20.17
2026-06-07 03:40:00,10,589.84,600.0,0.0,34.07,12.35,306.79,0.04,143.29,85.74,21.4
2026-06-07 03:45:00,10,589.84,600.0,0.0,34.31,11.03,259.02,0.05,127.48,81.45,19.69
2026-06-07 03:50:00,10,589.84,600.0,0.0,33.88,11.55,279.13,0.05,126.8,81.48,20.42
2026-06-07 03:55:00,10,589.84,600.0,0.0,33.23,11.72,283.28,0.05,134.64,83.38,18.64
2026-06-07 04:00:00,10,589.84,600.0,0.0,33.48,10.59,277.61,0.04,127.93,81.38,18.13
2026-06-07 04:05:00,10,589.84,600.0,0.0,34.33,9.7,363.56,0.02,161.82,89.86,18.64
2026-06-07 04:10:00,10,589.84,600.0,0.0,35.08,10.23,233.35,0.06,111.49,77.75,19.42
2026-06-07 04:15:00,10,589.84,600.0,0.0,34.83,10.3,256.48,0.05,118.48,79.2,19.4
2026-06-07 04:20:00,10,589.84,600.0,0.0,34.96,9.55,183.22,0.09,80.96,72.29,19.15
2026-06-07 04:25:00,10,589.84,600.0,0.0,35.4,9.34,289.51,0.04,142.07,84.38,19.42
2026-06-07 04:30:00,10,589.84,600.0,0.0,34.36,8.85,249.26,0.04,114.16,77.77,19.26
2026-06-07 04:35:00,10,589.84,600.0,0.0,34.9,9.57,221.78,0.07,103.48,75.99,18.37
2026-06-07 04:40:00,10,589.84,600.0,0.0,35.76,8.71,205.77,0.06,96.45,74.41,20.19
2026-06-07 04:45:00,10,589.84,600.0,0.0,35.99,9.06,177.76,0.09,91.76,84.25,17.01
2026-06-07 04:50:00,10,589.84,600.0,0.0,35.68,7.92,176.01,0.08,87.88,72.75,18.89
2026-06-07 04:55:00,10,589.84,600.0,0.0,36.55,7.46,237.38,0.04,111.3,76.71,18.27
2026-06-07 05:00:00,10,589.84,600.0,0.0,35.9,9.05,256.37,0.04,120.48,79.18,18.03
2026-06-07 05:05:00,10,589.84,600.0,0.0,36.29,7.78,265.93,0.04,130.37,80.97,18.09
2026-06-07 05:10:00,10,589.84,600.0,0.0,36.24,7.49,275.23,0.03,125.58,79.74,18.7
2026-06-07 05:15:00,10,589.84,600.0,0.0,36.43,7.18,342.25,0.02,157.39,87.72,18.43
2026-06-07 05:20:00,10,589.84,600.0,0.0,36.55,6.4,318.56,0.02,156.53,87.2,17.65
2026-06-07 05:25:00,10,589.84,600.0,0.0,36.85,6.46,184.39,0.06,84.22,71.63,17.2
2026-06-07 05:30:00,10,589.84,600.0,0.0,36.52,6.07,231.4,0.03,111.32,76.21,16.77
2026-06-07 05:35:00,10,589.84,600.0,0.0,37.18,5.6,234.03,0.04,105.22,74.87,18.91
2026-06-07 05:40:00,10,589.84,600.0,0.0,38.04,5.82,328.04,0.02,157.62,87.31,17.28
2026-06-07 05:45:00,10,589.84,600.0,0.0,37.29,5.11,220.41,0.03,100.89,73.88,16.89
2026-06-07 05:50:00,10,589.84,600.0,0.0,38.39,5.79,227.12,0.03,109.55,75.76,16.31
2026-06-07 05:55:00,10,589.84,600.0,0.0,38.11,5.48,275.52,0.02,139.29,82.29,16.98
2026-06-07 06:00:00,10,589.84,600.0,0.0,38.04,4.9,247.88,0.03,121.18,77.86,17.03
2026-06-07 06:05:00,10,589.84,600.0,0.0,38.39,3.88,166.7,0.05,82.58,70.47,15.97
2026-06-07 06:10:00,10,589.84,600.0,0.0,38.46,4.29,172.98,0.05,79.53,70.16,16.95
2026-06-07 06:15:00,10,589.84,600.0,0.0,37.81,4.24,269.26,0.02,118.04,76.94,16.25
2026-06-07 06:20:00,10,589.84,600.0,0.0,38.51,4.41,286.13,0.02,131.63,80.05,18.39
2026-06-07 06:25:00,10,589.84,600.0,0.0,38.39,4.29,260.86,0.02,134.5,80.7,17.24
2026-06-07 06:30:00,10,589.84,600.0,0.0,39.15,4.13,319.55,0.01,142.6,82.64,13.65
2026-06-07 06:35:00,10,589.84,600.0,0.0,38.64,3.99,273.78,0.02,121.97,77.7,15.62
2026-06-07 06:40:00,10,589.84,600.0,0.0,39.71,4.25,302.79,0.01,141.19,82.32,16.64
2026-06-07 06:45:00,10,589.84,600.0,0.0,39.01,3.36,210.83,0.02,94.71,72.16,14.53
2026-06-07 06:50:00,10,589.84,600.0,0.0,40.03,3.48,293.8,0.01,143.42,82.63,15.88
2026-06-07 06:55:00,10,589.84,600.0,0.0,38.57,3.14,229.93,0.02,105.37,74.0,15.58
2026-06-07 07:00:00,10,589.84,600.0,0.0,39.39,3.72,263.0,0.02,112.31,75.57,14.77
2026-06-07 07:05:00,10,589.84,600.0,0.0,40.2,2.61,291.01,0.01,131.78,79.44,13.81
2026-06-07 07:10:00,10,589.84,600.0,0.0,39.51,2.6,254.9,0.01,116.39,75.99,13.68
2026-06-07 07:15:00,10,589.84,600.0,0.0,39.42,2.99,319.14,0.01,152.88,84.98,15.5
2026-06-07 07:20:00,10,589.84,600.0,0.0,40.29,2.8,324.43,0.01,140.78,81.71,12.73
2026-06-07 07:25:00,10,589.84,600.0,0.0,40.52,2.84,261.46,0.01,124.91,77.93,13.97
2026-06-07 07:30:00,10,589.84,600.0,0.0,40.65,2.38,265.69,0.01,124.61,77.7,13.61
2026-06-07 07:35:00,10,589.84,600.0,0.0,40.51,2.23,212.51,0.01,100.26,72.72,14.11
2026-06-07 07:40:00,10,589.84,600.0,0.0,41.49,2.26,240.39,0.01,112.67,75.11,14.34
2026-06-07 07:45:00,10,589.84,600.0,0.0,40.57,2.3,244.79,0.01,113.04,75.2,14.33
2026-06-07 07:50:00,10,589.84,600.0,0.0,40.62,2.74,211.44,0.02,105.12,73.82,14.59
2026-06-07 07:55:00,10,589.84,600.0,0.0,41.48,2.52,273.59,0.01,125.18,77.88,13.13
2026-06-07 08:00:00,10,589.84,600.0,0.0,41.42,2.89,272.01,0.01,127.93,93.88,11.98
2026-06-07 08:05:00,10,589.84,600.0,0.0,41.01,2.55,309.09,0.01,144.38,82.55,12.9
2026-06-07 08:10:00,10,589.84,600.0,0.0,41.27,1.62,271.99,0.01,124.15,77.34,15.9
2026-06-07 08:15:00,10,589.84,600.0,0.0,41.25,2.79,258.44,0.01,129.87,79.05,12.22
2026-06-07 08:20:00,10,589.84,600.0,0.0,42.19,2.02,204.49,0.02,96.97,72.09,13.57
2026-06-07 08:25:00,10,589.84,600.0,0.0,42.75,3.08,236.93,0.02,111.83,75.25,12.26
2026-06-07 08:30:00,10,589.84,600.0,0.0,42.45,2.26,191.75,0.02,86.92,70.51,12.64
2026-06-07 08:35:00,10,589.84,600.0,0.0,42.88,2.72,181.84,0.03,84.58,70.33,12.37
2026-06-07 08:40:00,10,589.84,600.0,0.0,41.85,2.12,299.12,0.01,143.28,82.12,12.68
2026-06-07 08:45:00,10,589.84,600.0,0.0,42.65,2.54,253.3,0.01,119.96,76.74,11.6
2026-06-07 08:50:00,10,589.84,600.0,0.0,42.57,1.97,223.89,0.01,106.2,73.74,12.25
2026-06-07 08:55:00,10,589.84,600.0,0.0,41.97,2.48,307.67,0.01,153.28,84.91,13.22
2026-06-07 09:00:00,10,589.84,600.0,0.0,43.46,2.63,249.36,0.01,111.81,75.07,9.87
2026-06-07 09:05:00,10,589.84,600.0,0.0,43.37,2.78,214.61,0.02,103.89,85.62,12.8
2026-06-07 09:10:00,10,589.84,600.0,0.0,43.21,3.19,192.21,0.03,90.72,71.46,12.23
2026-06-07 09:15:00,10,589.84,600.0,0.0,43.18,2.67,195.24,0.02,93.13,71.66,11.64
2026-06-07 09:20:00,10,589.84,600.0,0.0,44.38,2.96,239.64,0.02,116.64,76.21,11.07
2026-06-07 09:25:00,10,589.84,600.0,0.0,44.17,3.02,287.13,0.01,135.87,80.58,10.06
2026-06-07 09:30:00,10,589.84,600.0,0.0,42.81,2.93,276.83,0.01,126.92,78.42,11.01
2026-06-07 09:35:00,10,589.84,600.0,0.0,44.12,2.91,247.02,0.02,115.42,75.93,11.9
2026-06-07 09:40:00,10,589.84,600.0,0.0,43.59,3.0,260.4,0.01,119.1,76.72,11.75
2026-06-07 09:45:00,10,589.84,600.0,0.0,43.7,2.77,253.68,0.01,121.25,77.1,11.37
2026-06-07 09:50:00,10,589.84,600.0,0.0,44.11,2.97,265.6,0.01,127.22,78.51,10.6
2026-06-07 09:55:00,10,589.84,600.0,0.0,43.83,3.6,297.6,0.01,146.03,83.35,10.33
2026-06-07 10:00:00,10,589.84,600.0,0.0,43.33,3.35,236.48,0.02,111.76,75.33,10.03
2026-06-07 10:05:00,10,589.84,600.0,0.0,44.02,3.81,235.37,0.02,112.63,75.67,11.65
2026-06-07 10:10:00,10,589.84,600.0,0.0,44.71,3.57,320.42,0.01,148.28,83.94,9.66
2026-06-07 10:15:00,10,589.84,600.0,0.0,44.74,3.64,242.92,0.02,115.16,76.13,12.01
2026-06-07 10:20:00,10,589.84,600.0,0.0,43.78,3.68,309.44,0.01,149.73,84.37,11.41
2026-06-07 10:25:00,10,589.84,600.0,0.0,44.37,4.01,291.77,0.02,138.62,81.62,11.47
2026-06-07 10:30:00,10,589.84,600.0,0.0,44.21,4.02,264.41,0.02,117.07,91.94,8.6
2026-06-07 10:35:00,10,589.84,600.0,0.0,43.78,3.88,279.83,0.01,136.07,80.93,8.88
2026-06-07 10:40:00,10,589.84,600.0,0.0,44.67,4.46,212.02,0.03,99.64,73.44,9.27
2026-06-07 10:45:00,10,589.84,600.0,0.0,44.86,4.18,274.39,0.02,124.33,78.3,10.34
2026-06-07 10:50:00,10,589.84,600.0,0.0,45.14,4.17,185.81,0.04,89.38,71.61,9.81
2026-06-07 10:55:00,10,589.84,600.0,0.0,44.98,3.92,298.27,0.01,136.5,93.61,7.8
2026-06-07 11:00:00,10,589.84,600.0,0.0,44.32,4.34,238.08,0.02,121.87,77.81,8.91
2026-06-07 11:05:00,10,589.84,600.0,0.0,45.24,4.28,264.08,0.02,130.42,79.73,9.94
2026-06-07 11:10:00,10,589.84,600.0,0.0,44.18,4.15,322.71,0.01,161.4,99.43,8.1
2026-06-07 11:15:00,10,589.84,600.0,0.0,44.79,5.1,250.55,0.02,115.73,76.76,8.46
2026-06-07 11:20:00,10,589.84,600.0,0.0,45.5,4.72,241.98,0.03,117.01,76.92,8.09
2026-06-07 11:25:00,10,589.84,600.0,0.0,44.91,4.83,294.78,0.02,134.81,80.97,9.08
2026-06-07 11:30:00,10,589.84,600.0,0.0,44.73,4.82,218.2,0.03,100.4,73.7,9.14
2026-06-07 11:35:00,10,589.84,600.0,0.0,44.52,5.18,242.33,0.03,114.37,76.53,7.53
2026-06-07 11:40:00,10,589.84,600.0,0.0,44.82,4.45,258.78,0.02,128.58,79.36,8.17
2026-06-07 11:45:00,10,589.84,600.0,0.0,44.93,4.76,259.51,0.02,122.79,78.16,7.63
2026-06-07 11:50:00,10,589.84,600.0,0.0,45.39,4.5,227.05,0.03,114.03,76.22,8.18
2026-06-07 11:55:00,10,589.84,600.0,0.0,45.04,4.89,257.68,0.02,132.6,80.46,6.78
2026-06-07 12:00:00,10,589.84,600.0,0.0,44.69,4.68,252.14,0.02,127.48,79.19,6.99
2026-06-07 12:05:00,10,589.84,600.0,0.0,45.35,5.1,249.4,0.03,121.88,78.1,7.44
2026-06-07 12:10:00,10,589.84,600.0,0.0,45.23,4.7,224.63,0.03,103.14,74.16,6.42
2026-06-07 12:15:00,10,589.84,600.0,0.0,45.02,4.79,295.62,0.02,137.88,81.71,7.36
2026-06-07 12:20:00,10,589.84,600.0,0.0,44.97,5.15,304.99,0.02,137.82,81.82,8.26
2026-06-07 12:25:00,10,589.84,600.0,0.0,44.14,5.08,276.14,0.02,136.5,81.47,6.14
2026-06-07 12:30:00,10,589.84,600.0,0.0,45.29,4.79,283.74,0.02,138.47,81.86,6.93
2026-06-07 12:35:00,10,589.84,600.0,0.0,44.96,4.87,339.13,0.01,160.78,106.67,6.45
2026-06-07 12:40:00,10,589.84,600.0,0.0,44.67,5.0,253.29,0.02,114.01,76.37,5.52
2026-06-07 12:45:00,10,589.84,600.0,0.0,45.26,4.71,287.05,0.02,137.49,98.14,7.12
2026-06-07 12:50:00,10,589.84,600.0,0.0,44.95,4.96,179.03,0.05,86.89,71.52,8.27
2026-06-07 12:55:00,10,589.84,600.0,0.0,44.65,4.67,265.9,0.02,130.32,79.84,7.56
2026-06-07 13:00:00,10,589.84,600.0,0.0,45.48,4.79,189.43,0.05,89.96,71.95,5.27
2026-06-07 13:05:00,10,589.84,600.0,0.0,45.21,4.59,251.49,0.02,110.76,75.57,5.39
2026-06-07 13:10:00,10,589.84,600.0,0.0,44.45,4.66,235.97,0.03,109.94,75.45,6.29
2026-06-07 13:15:00,10,589.84,600.0,0.0,44.89,4.37,259.37,0.02,118.79,77.15,6.25
2026-06-07 13:20:00,10,589.84,600.0,0.0,44.32,4.35,303.76,0.01,146.2,83.66,3.72
2026-06-07 13:25:00,10,589.84,600.0,0.0,43.82,4.55,228.78,0.03,110.54,75.53,4.52
2026-06-07 13:30:00,10,589.84,600.0,0.0,44.61,4.49,252.04,0.02,115.01,76.4,5.89
2026-06-07 13:35:00,10,589.84,600.0,0.0,44.57,4.14,278.44,0.02,127.93,79.1,6.58
2026-06-07 13:40:00,10,589.84,600.0,0.0,43.12,4.0,173.08,0.04,82.58,82.0,5.36
2026-06-07 13:45:00,10,589.84,600.0,0.0,44.46,4.4,174.11,0.05,82.84,70.7,5.49
2026-06-07 13:50:00,10,589.84,600.0,0.0,44.57,4.21,204.44,0.03,92.84,72.18,5.75
2026-06-07 13:55:00,10,589.84,600.0,0.0,43.55,3.87,266.2,0.02,127.72,78.96,7.27
2026-06-07 14:00:00,10,589.84,600.0,0.0,43.96,4.09,212.08,0.03,97.2,72.88,4.31
2026-06-07 14:05:00,10,589.84,600.0,0.0,43.8,3.76,252.68,0.02,123.8,78.03,3.16
2026-06-07 14:10:00,10,589.84,600.0,0.0,43.97,3.47,336.14,0.01,164.58,88.5,4.51
2026-06-07 14:15:00,10,589.84,600.0,0.0,44.13,3.7,304.49,0.01,135.36,80.69,4.07
2026-06-07 14:20:00,10,589.84,600.0,0.0,43.41,3.52,308.23,0.01,143.67,82.71,3.32
2026-06-07 14:25:00,10,589.84,600.0,0.0,43.23,3.48,232.71,0.02,109.23,74.88,5.79
2026-06-07 14:30:00,10,589.84,600.0,0.0,43.75,3.25,260.5,0.01,125.9,78.31,4.03
2026-06-07 14:35:00,10,589.84,600.0,0.0,42.51,3.3,255.56,0.02,128.73,78.99,3.1
2026-06-07 14:40:00,10,589.84,600.0,0.0,43.31,3.02,244.15,0.01,112.01,75.25,2.6
2026-06-07 14:45:00,10,589.84,600.0,0.0,43.24,3.01,272.87,0.01,132.77,79.82,3.36
2026-06-07 14:50:00,10,589.84,600.0,0.0,43.16,2.84,234.9,0.02,114.19,75.65,1.9
2026-06-07 14:55:00,10,589.84,600.0,0.0,42.72,2.77,210.16,0.02,95.92,72.17,2.57
2026-06-07 15:00:00,10,589.84,600.0,0.0,42.7,2.76,284.05,0.01,138.52,81.13,2.74
2026-06-07 15:05:00,10,589.84,600.0,0.0,43.44,2.43,304.7,0.01,148.78,83.68,2.93
2026-06-07 15:10:00,10,589.84,600.0,0.0,42.31,2.42,254.5,0.01,111.21,74.88,2.4
2026-06-07 15:15:00,10,589.84,600.0,0.0,42.77,2.24,171.95,0.02,84.02,70.06,1.07
2026-06-07 15:20:00,10,589.84,600.0,0.0,43.06,2.11,289.12,0.01,131.42,91.66,1.66
2026-06-07 15:25:00,10,589.84,600.0,0.0,42.81,2.12,244.88,0.01,123.54,77.38,2.8
2026-06-07 15:30:00,10,589.84,600.0,0.0,41.65,2.05,253.39,0.01,112.44,74.99,3.35
2026-06-07 15:35:00,10,589.84,600.0,0.0,42.62,1.96,299.17,0.01,134.6,79.89,3.58
2026-06-07 15:40:00,10,589.84,600.0,0.0,42.11,1.8,175.34,0.02,79.75,69.27,3.27
2026-06-07 15:45:00,10,589.84,600.0,0.0,41.82,1.74,253.29,0.01,129.09,78.5,2.94
2026-06-07 15:50:00,10,589.84,600.0,0.0,41.46,1.62,218.03,0.01,100.08,72.48,1.43
2026-06-07 15:55:00,10,589.84,600.0,0.0,41.1,1.48,199.33,0.01,98.0,72.06,0.19
2026-06-07 16:00:00,10,589.84,600.0,0.0,42.49,1.41,260.03,0.01,120.19,76.39,0.48
2026-06-07 16:05:00,10,589.84,600.0,0.0,40.91,1.26,283.1,0.0,137.43,80.32,4.11
2026-06-07 16:10:00,10,589.84,600.0,0.0,41.87,1.16,318.72,0.0,145.53,82.35,1.06
2026-06-07 16:15:00,10,589.84,600.0,0.0,41.05,1.01,293.03,0.0,131.51,78.79,1.07
2026-06-07 16:20:00,10,589.84,600.0,0.0,41.52,0.99,272.59,0.0,130.15,78.47,0.96
2026-06-07 16:25:00,10,589.84,600.0,0.0,41.62,0.84,196.64,0.01,92.48,70.89,3.07
2026-06-07 16:30:00,10,589.84,600.0,0.0,41.45,0.76,265.05,0.0,128.26,77.95,1.74
2026-06-07 16:35:00,10,589.84,600.0,0.0,40.04,0.69,187.71,0.01,88.22,70.14,0.0
2026-06-07 16:40:00,10,589.84,600.0,0.0,40.08,0.59,285.95,0.0,136.05,79.74,0.98
2026-06-07 16:45:00,10,589.84,600.0,0.0,40.69,0.52,249.81,0.0,116.34,75.24,0.0
2026-06-07 16:50:00,10,589.84,600.0,0.0,39.87,0.37,274.15,0.0,122.5,76.51,0.57
2026-06-07 16:55:00,10,589.84,600.0,0.0,40.24,0.31,224.87,0.0,110.72,74.02,0.0
2026-06-07 17:00:00,10,589.84,600.0,0.0,39.89,0.28,202.13,0.0,95.83,71.24,0.75
2026-06-07 17:05:00,10,589.84,600.0,0.0,39.88,0.18,201.13,0.0,95.17,71.09,0.38
2026-06-07 17:10:00,10,589.84,600.0,0.0,39.72,0.11,218.87,0.0,107.04,73.22,0.54
2026-06-07 17:15:00,10,589.84,600.0,0.0,39.71,0.05,248.51,0.0,109.99,73.78,0.0
2026-06-07 17:20:00,10,589.84,600.0,0.0,38.61,0.0,321.48,0.0,149.27,82.92,0.99
2026-06-07 17:25:00,10,589.84,600.0,0.0,39.08,0.0,194.92,0.0,91.1,70.34,0.0
2026-06-07 17:30:00,10,589.84,600.0,0.0,39.04,0.0,218.4,0.0,106.26,73.03,0.0
2026-06-07 17:35:00,10,589.84,600.0,0.0,39.08,0.0,186.99,0.0,90.24,70.2,0.25
2026-06-07 17:40:00,10,589.84,600.0,0.0,38.62,0.0,234.65,0.0,108.63,73.49,0.17
2026-06-07 17:45:00,10,589.84,600.0,0.0,38.02,0.0,244.67,0.0,115.39,74.85,0.45
2026-06-07 17:50:00,10,589.84,600.0,0.0,38.72,0.0,232.88,0.0,118.28,75.46,0.0
2026-06-07 17:55:00,10,589.84,600.0,0.0,38.51,0.0,227.78,0.0,114.62,74.7,0.0
2026-06-07 18:00:00,10,589.84,600.0,0.0,38.08,0.0,223.42,0.0,107.71,73.31,0.0
2026-06-07 18:05:00,10,589.84,600.0,0.0,37.2,0.0,229.33,0.0,110.37,73.83,0.09
2026-06-07 18:10:00,10,589.84,600.0,0.0,37.2,0.0,285.3,0.0,124.28,76.77,0.34
2026-06-07 18:15:00,10,589.84,600.0,0.0,38.06,0.0,158.43,0.0,75.88,68.05,0.0
2026-06-07 18:20:00,10,589.84,600.0,0.0,37.59,0.0,140.98,0.0,61.53,66.28,1.01
2026-06-07 18:25:00,10,589.84,600.0,0.0,36.89,0.0,213.64,0.0,101.61,72.16,0.43
2026-06-07 18:30:00,10,589.84,600.0,0.0,37.72,0.0,202.14,0.0,90.61,70.26,0.0
2026-06-07 18:35:00,10,589.84,600.0,0.0,37.22,0.0,219.14,0.0,100.05,71.88,0.14
2026-06-07 18:40:00,10,589.84,600.0,0.0,37.68,0.0,272.99,0.0,133.27,78.85,0.0
2026-06-07 18:45:00,10,589.84,600.0,0.0,36.92,0.0,227.29,0.0,109.64,73.69,0.0
2026-06-07 18:50:00,10,589.84,600.0,0.0,36.09,0.0,234.57,0.0,109.02,73.56,0.22
2026-06-07 18:55:00,10,589.84,600.0,0.0,36.37,0.0,309.37,0.0,146.06,82.07,0.0
2026-06-07 19:00:00,10,589.84,600.0,0.0,36.51,0.0,224.01,0.0,104.77,72.75,0.97
2026-06-07 19:05:00,10,589.84,600.0,0.0,35.96,0.0,220.3,0.0,103.28,72.47,1.55
2026-06-07 19:10:00,10,589.84,600.0,0.0,36.74,0.0,203.74,0.0,94.75,70.95,0.33
2026-06-07 19:15:00,10,589.84,600.0,0.0,35.79,0.0,306.73,0.0,150.34,83.21,0.0
2026-06-07 19:20:00,10,589.84,600.0,0.0,35.07,0.0,207.88,0.0,96.01,71.16,0.0
2026-06-07 19:25:00,10,589.84,600.0,0.0,34.82,0.0,241.36,0.0,112.11,74.18,0.0
2026-06-07 19:30:00,10,589.84,600.0,0.0,34.9,0.0,205.17,0.0,94.71,70.94,0.0
2026-06-07 19:35:00,10,589.84,600.0,0.0,35.51,0.0,237.72,0.0,110.02,73.76,0.23
2026-06-07 19:40:00,10,589.84,600.0,0.0,34.71,0.0,261.38,0.0,123.43,76.58,0.24
2026-06-07 19:45:00,10,589.84,600.0,0.0,35.23,0.0,189.87,0.0,91.93,70.47,2.17
2026-06-07 19:50:00,10,589.84,600.0,0.0,35.06,0.0,161.21,0.0,75.48,67.99,0.98
2026-06-07 19:55:00,10,589.84,600.0,0.0,33.81,0.0,234.22,0.0,108.85,73.53,0.82
2026-06-07 20:00:00,10,589.84,600.0,0.0,34.15,0.0,240.87,0.0,113.59,84.26,0.39
2026-06-07 20:05:00,10,589.84,600.0,0.0,34.36,0.0,192.07,0.0,96.47,71.24,0.0
2026-06-07 20:10:00,10,589.84,600.0,0.0,34.16,0.0,353.41,0.0,171.44,89.32,0.0
2026-06-07 20:15:00,10,589.84,600.0,0.0,34.99,0.0,187.96,0.0,89.12,70.01,0.0
2026-06-07 20:20:00,10,589.84,600.0,0.0,34.68,0.0,312.12,0.0,148.94,82.83,0.16
2026-06-07 20:25:00,10,589.84,600.0,0.0,34.46,0.0,232.16,0.0,112.24,74.2,0.0
2026-06-07 20:30:00,10,589.84,600.0,0.0,33.8,0.0,155.31,0.0,73.49,67.72,0.0
2026-06-07 20:35:00,10,589.84,600.0,0.0,33.55,0.0,330.54,0.0,157.95,85.32,0.0
2026-06-07 20:40:00,10,589.84,600.0,0.0,32.84,0.0,268.85,0.0,129.2,77.88,0.19
2026-06-07 20:45:00,10,589.84,600.0,0.0,32.94,0.0,191.48,0.0,86.04,69.52,0.0
2026-06-07 20:50:00,10,589.84,600.0,0.0,33.59,0.0,270.98,0.0,133.7,78.95,0.7
2026-06-07 20:55:00,10,589.84,600.0,0.0,33.73,0.0,284.93,0.0,134.22,79.08,1.35
2026-06-07 21:00:00,10,589.84,600.0,0.0,32.87,0.0,167.91,0.0,74.82,67.9,0.0
2026-06-07 21:05:00,10,589.84,600.0,0.0,32.81,0.0,226.07,0.0,116.57,75.09,0.0
2026-06-07 21:10:00,10,589.84,600.0,0.0,32.47,0.0,221.08,0.0,96.22,71.19,0.75
2026-06-07 21:15:00,10,589.84,600.0,0.0,32.4,0.0,284.69,0.0,140.08,80.52,0.23
2026-06-07 21:20:00,10,589.84,600.0,0.0,32.43,0.0,248.12,0.0,124.56,76.82,0.0
2026-06-07 21:25:00,10,589.84,600.0,0.0,33.53,0.0,239.87,0.0,101.57,72.15,0.0
2026-06-07 21:30:00,10,589.84,600.0,0.0,32.13,0.0,187.88,0.0,91.44,70.38,0.0
2026-06-07 21:35:00,10,589.84,600.0,0.0,32.29,0.0,239.16,0.0,117.75,75.34,0.0
2026-06-07 21:40:00,10,589.84,600.0,0.0,32.3,0.0,249.54,0.0,114.46,74.65,0.84
2026-06-07 21:45:00,10,589.84,600.0,0.0,32.14,0.0,293.84,0.0,137.29,79.82,0.04
2026-06-07 21:50:00,10,589.84,600.0,0.0,31.64,0.0,175.41,0.0,83.52,69.14,0.0
2026-06-07 21:55:00,10,589.84,600.0,0.0,31.69,0.0,240.07,0.0,113.11,74.37,0.26
2026-06-07 22:00:00,10,589.84,600.0,0.0,32.06,0.0,263.26,0.0,123.08,76.49,0.77
2026-06-07 22:05:00,10,589.84,600.0,0.0,32.01,0.0,208.18,0.0,91.81,70.45,0.0
2026-06-07 22:10:00,10,589.84,600.0,0.0,31.44,0.0,248.64,0.0,120.21,75.86,0.0
2026-06-07 22:15:00,10,589.84,600.0,0.0,31.09,0.0,216.29,0.0,98.53,71.6,0.23
2026-06-07 22:20:00,10,589.84,600.0,0.0,32.57,0.0,262.89,0.0,125.08,76.94,0.0
2026-06-07 22:25:00,10,589.84,600.0,0.0,32.15,0.0,135.3,0.0,63.85,66.53,0.0
2026-06-07 22:30:00,10,589.84,600.0,0.0,31.25,0.0,249.39,0.0,116.21,75.01,0.59
2026-06-07 22:35:00,10,589.84,600.0,0.0,31.42,0.0,262.16,0.0,120.12,75.84,92.71
2026-06-07 22:40:00,10,589.84,600.0,0.0,31.71,52.62,178.95,0.56,80.2,88.19,91.62
2026-06-07 22:45:00,10,589.84,600.0,0.0,31.59,59.82,258.94,0.28,119.26,97.16,93.36
2026-06-07 22:50:00,10,589.84,600.0,0.0,30.95,53.58,230.13,0.32,104.57,92.09,92.23
2026-06-07 22:55:00,10,589.84,600.0,0.0,31.25,43.91,276.07,0.17,129.59,93.68,91.33
2026-06-07 23:00:00,10,589.84,600.0,0.0,31.06,50.61,312.81,0.16,154.89,102.48,92.08
2026-06-07 23:05:00,10,589.84,600.0,0.0,31.0,49.42,294.19,0.2,132.25,96.3,92.71
2026-06-07 23:10:00,10,589.84,600.0,0.0,31.73,48.72,246.46,0.25,103.99,90.14,90.95
2026-06-07 23:15:00,10,589.84,600.0,0.0,31.25,49.92,135.76,0.86,70.13,86.48,90.45
2026-06-07 23:20:00,10,589.84,600.0,0.0,31.25,53.5,263.23,0.24,133.84,98.19,91.41
2026-06-07 23:25:00,10,589.84,600.0,0.0,30.7,52.8,377.07,0.12,179.74,110.65,91.36
2026-06-07 23:30:00,10,589.84,600.0,0.0,31.54,54.32,273.22,0.23,131.58,97.91,89.69
2026-06-07 23:35:00,10,589.84,600.0,0.0,30.48,56.97,327.97,0.18,150.93,103.66,89.81
2026-06-07 23:40:00,10,589.84,600.0,0.0,31.14,59.94,265.43,0.27,124.4,98.3,89.36
2026-06-07 23:45:00,10,589.84,600.0,0.0,30.67,56.85,199.61,0.47,96.86,92.14,90.11
2026-06-07 23:50:00,10,589.84,600.0,0.0,30.91,67.7,316.14,0.24,145.95,106.2,89.6
2026-06-07 23:55:00,10,589.84,600.0,0.0,31.48,64.28,275.51,0.25,129.05,100.85,88.27
2026-06-08 00:00:00,10,542.4,607.6,0.0,31.0,64.07,249.48,0.3,117.08,98.22,88.77
2026-06-08 00:05:00,10,542.4,607.6,0.0,31.56,59.84,185.85,0.52,88.03,91.82,89.45
2026-06-08 00:10:00,10,542.4,607.6,0.0,31.11,69.97,272.73,0.31,125.88,102.23,87.59
2026-06-08 00:15:00,10,542.4,607.6,0.0,31.21,64.76,333.68,0.18,148.53,105.74,89.93
2026-06-08 00:20:00,10,542.4,607.6,0.0,30.8,65.68,287.9,0.22,132.55,102.1,89.49
2026-06-08 00:25:00,10,542.4,607.6,0.0,31.03,64.02,232.49,0.37,109.85,96.86,88.89
2026-06-08 00:30:00,10,542.4,607.6,0.0,31.13,67.56,251.97,0.33,119.93,100.11,87.9
2026-06-08 00:35:00,10,542.4,607.6,0.0,30.85,71.11,131.66,1.24,62.22,93.71,88.9
2026-06-08 00:40:00,10,542.4,607.6,0.0,31.24,76.31,294.45,0.28,143.57,108.68,89.19
2026-06-08 00:45:00,10,542.4,607.6,0.0,31.6,74.16,293.13,0.28,132.67,105.21,87.69
2026-06-08 00:50:00,10,542.4,607.6,0.0,31.88,75.93,294.76,0.29,146.61,109.36,88.71
2026-06-08 00:55:00,10,542.4,607.6,0.0,31.59,74.44,259.32,0.36,130.16,104.88,88.78
2026-06-08 01:00:00,10,542.4,607.6,0.0,30.95,74.58,320.06,0.24,157.13,111.66,87.61
2026-06-08 01:05:00,10,542.4,607.6,0.0,30.63,75.2,296.13,0.26,133.96,105.85,86.38
2026-06-08 01:10:00,10,542.4,607.6,0.0,32.02,81.45,183.62,0.82,88.94,100.13,88.44
2026-06-08 01:15:00,10,542.4,607.6,0.0,32.28,80.3,226.65,0.49,111.24,103.08,85.83
2026-06-08 01:20:00,10,542.4,607.6,0.0,31.3,79.62,282.09,0.32,143.78,109.97,86.59
2026-06-08 01:25:00,10,542.4,607.6,0.0,31.63,75.45,187.75,0.7,90.16,114.12,85.76
2026-06-08 01:30:00,10,542.4,607.6,0.0,31.61,79.74,229.45,0.52,111.89,103.08,86.93
2026-06-08 01:35:00,10,542.4,607.6,0.0,31.99,89.93,307.45,0.32,140.21,112.67,88.36
2026-06-08 01:40:00,10,542.4,607.6,0.0,30.83,83.08,287.02,0.32,128.33,107.4,87.4
2026-06-08 01:45:00,10,542.4,607.6,0.0,31.84,86.59,268.36,0.35,119.85,106.79,86.53
2026-06-08 01:50:00,10,542.4,607.6,0.0,31.91,79.21,248.99,0.4,121.01,104.56,83.87
2026-06-08 01:55:00,10,542.4,607.6,0.0,31.4,78.86,236.84,0.42,109.01,101.99,86.16
2026-06-08 02:00:00,10,542.4,607.6,0.0,31.97,78.52,242.25,0.39,121.49,104.41,86.64
2026-06-08 02:05:00,10,542.4,607.6,0.0,32.59,82.23,261.51,0.39,123.54,106.16,85.1
2026-06-08 02:10:00,10,542.4,607.6,0.0,31.89,76.98,247.9,0.41,122.17,104.06,85.24
2026-06-08 02:15:00,10,542.4,607.6,0.0,31.26,83.07,321.26,0.24,145.94,111.58,85.91
2026-06-08 02:20:00,10,542.4,607.6,0.0,32.48,81.53,264.3,0.37,126.4,106.52,85.85
2026-06-08 02:25:00,10,542.4,607.6,0.0,32.89,84.09,194.48,0.71,89.01,122.54,86.08
2026-06-08 02:30:00,10,542.4,607.6,0.0,32.41,82.37,246.53,0.44,120.39,105.61,85.23
2026-06-08 02:35:00,10,542.4,607.6,0.0,32.44,75.71,310.08,0.23,152.03,110.62,86.07
2026-06-08 02:40:00,10,542.4,607.6,0.0,31.63,78.09,202.7,0.63,89.25,98.62,82.9
2026-06-08 02:45:00,10,542.4,607.6,0.0,33.0,84.62,251.4,0.41,122.44,106.79,83.52
2026-06-08 02:50:00,10,542.4,607.6,0.0,32.86,80.84,200.88,0.64,99.42,101.33,83.47
2026-06-08 02:55:00,10,542.4,607.6,0.0,32.97,82.74,220.71,0.55,102.05,102.29,83.76
2026-06-08 03:00:00,10,542.4,607.6,0.0,33.2,81.55,141.01,1.33,66.19,98.01,83.32
2026-06-08 03:05:00,10,542.4,607.6,0.0,33.11,79.14,207.37,0.55,100.59,100.77,83.22
2026-06-08 03:10:00,10,542.4,607.6,0.0,32.81,78.28,205.07,0.61,101.87,100.82,83.38
2026-06-08 03:15:00,10,542.4,607.6,0.0,33.71,75.14,229.61,0.44,106.02,100.16,82.54
2026-06-08 03:20:00,10,542.4,607.6,0.0,33.89,81.42,304.12,0.28,145.09,110.86,82.1
2026-06-08 03:25:00,10,542.4,607.6,0.0,34.43,74.61,199.81,0.65,95.75,98.53,81.43
2026-06-08 03:30:00,10,542.4,607.6,0.0,33.97,83.36,310.37,0.26,148.34,112.36,81.79
2026-06-08 03:35:00,10,542.4,607.6,0.0,34.39,73.9,172.07,0.77,84.86,96.75,82.96
2026-06-08 03:40:00,10,542.4,607.6,0.0,34.54,78.49,216.21,0.57,106.07,101.6,82.66
2026-06-08 03:45:00,10,542.4,607.6,0.0,33.07,75.15,291.82,0.28,126.31,104.08,82.04
2026-06-08 03:50:00,10,542.4,607.6,0.0,34.41,69.66,262.66,0.32,124.43,101.82,82.78
2026-06-08 03:55:00,10,542.4,607.6,0.0,33.76,68.93,226.47,0.44,112.55,118.44,80.9
2026-06-08 04:00:00,10,542.4,607.6,0.0,34.35,72.62,285.66,0.29,137.31,105.83,82.22
2026-06-08 04:05:00,10,542.4,607.6,0.0,33.94,71.54,322.0,0.2,162.01,111.92,81.23
2026-06-08 04:10:00,10,542.4,607.6,0.0,35.01,69.03,295.99,0.25,144.8,106.39,80.63
2026-06-08 04:15:00,10,542.4,607.6,0.0,34.77,74.91,267.89,0.32,133.74,105.82,81.15
2026-06-08 04:20:00,10,542.4,607.6,0.0,35.18,59.85,355.57,0.15,169.06,109.84,81.45
2026-06-08 04:25:00,10,542.4,607.6,0.0,35.08,59.98,225.52,0.37,99.59,93.52,80.64
2026-06-08 04:30:00,10,542.4,607.6,0.0,34.73,65.54,241.15,0.34,111.51,97.68,79.92
2026-06-08 04:35:00,10,542.4,607.6,0.0,35.47,64.79,151.25,0.89,74.04,92.26,80.62
2026-06-08 04:40:00,10,542.4,607.6,0.0,36.57,62.61,270.63,0.28,123.65,99.1,80.37
2026-06-08 04:45:00,10,542.4,607.6,0.0,36.35,64.39,334.01,0.18,158.31,122.85,80.23
2026-06-08 04:50:00,10,542.4,607.6,0.0,36.24,59.45,242.62,0.32,123.76,98.1,80.79
2026-06-08 04:55:00,10,542.4,607.6,0.0,36.72,49.76,304.44,0.17,136.3,97.34,80.15
2026-06-08 05:00:00,10,542.4,607.6,0.0,36.04,57.19,194.09,0.46,90.38,91.16,79.86
2026-06-08 05:05:00,10,542.4,607.6,0.0,36.71,54.04,240.42,0.3,107.86,92.85,81.22
2026-06-08 05:10:00,10,542.4,607.6,0.0,36.41,47.2,270.47,0.2,127.41,94.4,79.68
2026-06-08 05:15:00,10,542.4,607.6,0.0,36.63,53.58,262.24,0.27,118.58,94.82,79.69
2026-06-08 05:20:00,10,542.4,607.6,0.0,35.96,48.92,244.71,0.26,119.66,93.39,78.5
2026-06-08 05:25:00,10,542.4,607.6,0.0,37.07,55.89,267.26,0.26,125.54,97.14,79.75
2026-06-08 05:30:00,10,542.4,607.6,0.0,37.27,52.31,328.01,0.16,146.53,100.82,78.38
2026-06-08 05:35:00,10,542.4,607.6,0.0,37.12,45.18,280.5,0.2,134.01,95.24,79.78
2026-06-08 05:40:00,10,542.4,607.6,0.0,36.96,45.84,279.0,0.19,137.9,96.41,78.47
2026-06-08 05:45:00,10,542.4,607.6,0.0,38.14,42.58,281.0,0.18,139.12,95.55,77.93
2026-06-08 05:50:00,10,542.4,607.6,0.0,37.82,47.54,324.46,0.14,146.96,99.23,78.97
2026-06-08 05:55:00,10,542.4,607.6,0.0,38.15,45.02,209.05,0.31,98.39,87.96,80.01
2026-06-08 06:00:00,10,542.4,607.6,0.0,38.44,33.85,283.23,0.13,137.09,91.89,78.21
2026-06-08 06:05:00,10,542.4,607.6,0.0,37.78,43.92,292.34,0.17,135.56,95.12,77.48
2026-06-08 06:10:00,10,542.4,607.6,0.0,38.38,38.73,196.65,0.3,93.42,84.88,77.6
2026-06-08 06:15:00,10,542.4,607.6,0.0,38.71,31.63,179.14,0.32,83.31,80.83,78.89
2026-06-08 06:20:00,10,542.4,607.6,0.0,38.93,27.53,215.77,0.21,105.39,82.92,77.74
2026-06-08 06:25:00,10,542.4,607.6,0.0,39.11,36.93,219.52,0.24,105.16,86.23,78.15
2026-06-08 06:30:00,10,542.4,607.6,0.0,38.45,36.26,288.62,0.14,141.39,93.83,77.84
2026-06-08 06:35:00,10,542.4,607.6,0.0,38.43,37.88,282.77,0.14,131.56,91.99,78.27
2026-06-08 06:40:00,10,542.4,607.6,0.0,38.9,27.42,176.87,0.26,82.81,79.16,77.78
2026-06-08 06:45:00,10,542.4,607.6,0.0,38.95,36.53,229.94,0.23,107.64,86.55,76.75
2026-06-08 06:50:00,10,542.4,607.6,0.0,39.55,27.18,284.71,0.12,139.02,90.02,77.11
2026-06-08 06:55:00,10,542.4,607.6,0.0,39.34,32.85,251.44,0.18,115.03,106.85,76.78
2026-06-08 07:00:00,10,542.4,607.6,0.0,39.81,26.92,295.79,0.11,144.33,91.26,75.05
2026-06-08 07:05:00,10,542.4,607.6,0.0,39.75,31.26,200.12,0.24,95.4,82.49,76.32
2026-06-08 07:10:00,10,542.4,607.6,0.0,40.73,29.2,278.67,0.12,134.04,89.51,75.81
2026-06-08 07:15:00,10,542.4,607.6,0.0,40.78,24.01,185.93,0.23,87.02,78.55,75.83
2026-06-08 07:20:00,10,542.4,607.6,0.0,40.46,32.88,318.73,0.11,152.07,95.41,76.24
2026-06-08 07:25:00,10,542.4,607.6,0.0,41.01,24.12,201.72,0.2,88.82,78.82,74.29
2026-06-08 07:30:00,10,542.4,607.6,0.0,40.92,32.64,181.13,0.33,84.51,81.39,75.45
2026-06-08 07:35:00,10,542.4,607.6,0.0,40.87,22.47,304.06,0.07,137.37,87.86,74.27
2026-06-08 07:40:00,10,542.4,607.6,0.0,40.83,23.9,284.79,0.1,129.13,86.45,75.06
2026-06-08 07:45:00,10,542.4,607.6,0.0,40.79,24.35,273.75,0.1,133.42,87.62,74.94
2026-06-08 07:50:00,10,542.4,607.6,0.0,41.65,29.37,277.42,0.12,132.36,89.17,73.17
2026-06-08 07:55:00,10,542.4,607.6,0.0,41.22,21.68,234.5,0.12,107.46,81.1,75.66
2026-06-08 08:00:00,10,542.4,607.6,0.0,42.58,27.32,233.33,0.16,110.19,83.69,75.16
2026-06-08 08:05:00,10,542.4,607.6,0.0,41.75,25.19,262.84,0.12,123.35,85.63,73.66
2026-06-08 08:10:00,10,542.4,607.6,0.0,42.18,26.65,321.45,0.09,161.73,95.93,75.48
2026-06-08 08:15:00,10,542.4,607.6,0.0,42.2,21.9,267.39,0.09,128.3,85.54,74.5
2026-06-08 08:20:00,10,542.4,607.6,0.0,41.82,26.38,168.66,0.31,85.27,79.27,73.47
2026-06-08 08:25:00,10,542.4,607.6,0.0,42.27,24.83,234.42,0.13,115.89,83.92,73.47
2026-06-08 08:30:00,10,542.4,607.6,0.0,41.79,28.74,281.68,0.12,138.77,90.51,73.11
2026-06-08 08:35:00,10,542.4,607.6,0.0,42.91,27.39,212.7,0.17,97.93,81.44,73.26
2026-06-08 08:40:00,10,542.4,607.6,0.0,42.31,27.26,356.02,0.07,154.92,94.16,74.15
2026-06-08 08:45:00,10,542.4,607.6,0.0,42.03,34.05,200.35,0.3,95.99,102.69,73.55
2026-06-08 08:50:00,10,542.4,607.6,0.0,42.84,31.68,277.24,0.14,132.59,90.07,70.76
2026-06-08 08:55:00,10,542.4,607.6,0.0,43.21,26.23,358.07,0.06,180.68,101.56,73.15
2026-06-08 09:00:00,10,542.4,607.6,0.0,42.8,27.11,288.97,0.1,137.27,89.53,72.43
2026-06-08 09:05:00,10,542.4,607.6,0.0,42.49,36.44,271.23,0.14,130.91,91.34,73.58
2026-06-08 09:10:00,10,542.4,607.6,0.0,43.18,31.17,303.96,0.12,145.48,93.08,73.96
2026-06-08 09:15:00,10,542.4,607.6,0.0,43.9,38.7,260.66,0.17,123.13,108.91,73.23
2026-06-08 09:20:00,10,542.4,607.6,0.0,42.77,30.07,233.22,0.17,105.19,83.7,72.38
2026-06-08 09:25:00,10,542.4,607.6,0.0,42.4,37.42,239.66,0.2,119.33,89.19,72.7
2026-06-08 09:30:00,10,542.4,607.6,0.0,43.57,40.84,307.78,0.14,149.2,97.49,71.93
2026-06-08 09:35:00,10,542.4,607.6,0.0,43.86,38.43,246.6,0.2,121.72,104.1,71.7
2026-06-08 09:40:00,10,542.4,607.6,0.0,44.04,41.66,307.62,0.13,142.53,96.01,70.83
2026-06-08 09:45:00,10,542.4,607.6,0.0,43.56,43.86,267.26,0.21,127.96,93.39,71.72
2026-06-08 09:50:00,10,542.4,607.6,0.0,44.06,29.24,201.11,0.23,95.21,81.73,72.31
2026-06-08 09:55:00,10,542.4,607.6,0.0,44.87,40.7,240.3,0.23,105.29,87.57,71.4
2026-06-08 10:00:00,10,542.4,607.6,0.0,44.52,41.86,364.51,0.1,170.29,103.83,72.37
2026-06-08 10:05:00,10,542.4,607.6,0.0,44.39,48.52,198.74,0.43,97.51,89.28,69.86
2026-06-08 10:10:00,10,542.4,607.6,0.0,44.18,53.74,252.2,0.26,106.94,92.5,70.66
2026-06-08 10:15:00,10,542.4,607.6,0.0,43.91,57.07,285.18,0.23,141.78,101.41,72.35
2026-06-08 10:20:00,10,542.4,607.6,0.0,43.99,50.16,297.72,0.18,139.85,98.4,70.98
2026-06-08 10:25:00,10,542.4,607.6,0.0,44.15,47.93,218.11,0.3,107.26,90.61,70.86
2026-06-08 10:30:00,10,542.4,607.6,0.0,44.95,63.73,179.31,0.62,80.07,92.2,69.13
2026-06-08 10:35:00,10,542.4,607.6,0.0,44.7,58.31,329.48,0.18,161.34,107.08,69.75
2026-06-08 10:40:00,10,542.4,607.6,0.0,44.39,64.27,375.17,0.14,170.53,111.83,69.09
2026-06-08 10:45:00,10,542.4,607.6,0.0,45.48,58.8,281.1,0.24,137.59,100.98,69.48
2026-06-08 10:50:00,10,542.4,607.6,0.0,44.09,61.55,230.28,0.37,114.5,96.97,70.8
2026-06-08 10:55:00,10,542.4,607.6,0.0,45.27,61.94,199.21,0.53,90.9,93.06,70.84
2026-06-08 11:00:00,10,542.4,607.6,0.0,44.61,65.38,207.42,0.49,97.2,95.25,70.31
2026-06-08 11:05:00,10,542.4,607.6,0.0,44.42,72.99,225.46,0.49,104.48,99.24,70.02
2026-06-08 11:10:00,10,542.4,607.6,0.0,45.36,75.17,270.39,0.32,124.73,103.84,70.19
2026-06-08 11:15:00,10,542.4,607.6,0.0,43.98,71.41,328.2,0.21,151.6,108.98,69.06
2026-06-08 11:20:00,10,542.4,607.6,0.0,44.5,74.69,246.49,0.36,106.58,99.97,68.89
2026-06-08 11:25:00,10,542.4,607.6,0.0,45.08,77.34,290.81,0.27,131.87,106.14,67.94
2026-06-08 11:30:00,10,542.4,607.6,0.0,45.31,79.33,348.78,0.21,174.47,118.47,68.26
2026-06-08 11:35:00,10,542.4,607.6,0.0,44.36,76.86,316.42,0.25,138.32,107.5,67.31
2026-06-08 11:40:00,10,542.4,607.6,0.0,45.68,83.96,236.22,0.46,115.43,105.18,69.01
2026-06-08 11:45:00,10,542.4,607.6,0.0,44.63,80.84,269.5,0.35,116.7,104.13,68.77
2026-06-08 11:50:00,10,542.4,607.6,0.0,45.91,83.53,273.41,0.34,120.12,105.79,67.71
2026-06-08 11:55:00,10,542.4,607.6,0.0,45.37,94.53,195.84,0.8,97.7,106.16,65.51
2026-06-08 12:00:00,10,542.4,607.6,0.0,45.01,89.86,265.18,0.41,126.12,109.47,67.1
2026-06-08 12:05:00,10,542.4,607.6,0.0,44.06,100.74,299.81,0.36,140.19,116.55,67.41
2026-06-08 12:10:00,10,542.4,607.6,0.0,45.24,100.8,214.43,0.73,105.85,109.71,68.14
2026-06-08 12:15:00,10,542.4,607.6,0.0,45.13,93.6,271.5,0.43,133.55,112.56,66.89
2026-06-08 12:20:00,10,542.4,607.6,0.0,44.92,86.8,232.85,0.48,110.74,105.26,65.65
2026-06-08 12:25:00,10,542.4,607.6,0.0,45.37,98.47,237.62,0.56,112.46,109.85,66.83
2026-06-08 12:30:00,10,542.4,607.6,0.0,44.24,104.25,279.87,0.48,135.88,116.95,67.14
2026-06-08 12:35:00,10,542.4,607.6,0.0,44.91,72.23,233.25,0.42,112.06,100.31,65.61
2026-06-08 12:40:00,10,542.4,607.6,0.0,44.36,74.62,199.66,0.6,99.83,99.17,65.54
2026-06-08 12:45:00,10,542.4,607.6,0.0,45.57,71.35,245.56,0.37,117.38,101.0,65.54
2026-06-08 12:50:00,10,542.4,607.6,0.0,44.3,82.21,228.14,0.47,109.48,103.39,65.79
2026-06-08 12:55:00,10,542.4,607.6,0.0,45.05,75.81,152.29,1.06,66.48,111.56,65.88
2026-06-08 13:00:00,10,542.4,607.6,0.0,44.93,86.19,214.66,0.53,99.48,103.02,64.04
2026-06-08 13:05:00,10,542.4,607.6,0.0,44.89,85.53,282.2,0.38,130.53,108.91,64.87
2026-06-08 13:10:00,10,542.4,607.6,0.0,45.22,83.26,215.11,0.6,104.03,102.96,63.47
2026-06-08 13:15:00,10,542.4,607.6,0.0,44.42,87.27,285.43,0.35,130.18,109.38,65.78
2026-06-08 13:20:00,10,542.4,607.6,0.0,44.35,87.25,280.83,0.33,142.0,112.23,65.06
2026-06-08 13:25:00,10,542.4,607.6,0.0,44.6,83.38,277.38,0.36,140.15,110.47,64.52
2026-06-08 13:30:00,10,542.4,607.6,0.0,44.79,86.18,261.69,0.4,126.0,108.13,64.33
2026-06-08 13:35:00,10,542.4,607.6,0.0,44.59,87.39,235.96,0.5,118.53,131.78,63.99
2026-06-08 13:40:00,10,542.4,607.6,0.0,43.96,89.62,216.22,0.64,100.45,104.61,64.51
2026-06-08 13:45:00,10,542.4,607.6,0.0,43.98,86.46,217.35,0.59,101.61,103.61,64.23
2026-06-08 13:50:00,10,542.4,607.6,0.0,43.74,88.22,256.17,0.39,121.22,107.76,64.04
2026-06-08 13:55:00,10,542.4,607.6,0.0,44.41,86.8,215.04,0.54,103.17,103.92,63.03
2026-06-08 14:00:00,10,542.4,607.6,0.0,44.47,86.28,276.72,0.4,123.41,107.59,63.43
2026-06-08 14:05:00,10,542.4,607.6,0.0,43.91,93.92,225.57,0.52,103.25,106.39,63.98
2026-06-08 14:10:00,10,542.4,607.6,0.0,43.02,91.79,232.58,0.55,108.25,106.65,62.63
2026-06-08 14:15:00,10,542.4,607.6,0.0,44.16,83.23,224.18,0.57,107.21,103.5,62.96
2026-06-08 14:20:00,10,542.4,607.6,0.0,44.81,88.79,276.03,0.38,135.35,111.21,64.65
2026-06-08 14:25:00,10,542.4,607.6,0.0,43.99,89.86,258.56,0.43,114.43,106.98,62.4
2026-06-08 14:30:00,10,542.4,607.6,0.0,43.35,86.28,225.18,0.56,101.72,103.51,60.27
2026-06-08 14:35:00,10,542.4,607.6,0.0,43.42,82.51,196.43,0.68,93.81,101.04,62.44
2026-06-08 14:40:00,10,542.4,607.6,0.0,43.64,85.95,286.97,0.34,141.46,111.66,62.08
2026-06-08 14:45:00,10,542.4,607.6,0.0,44.33,91.74,282.45,0.36,133.82,111.83,60.69
2026-06-08 14:50:00,10,542.4,607.6,0.0,43.63,83.75,177.66,0.9,87.16,100.83,60.71
2026-06-08 14:55:00,10,542.4,607.6,0.0,42.14,79.91,270.34,0.35,123.08,105.18,61.42
2026-06-08 15:00:00,10,542.4,607.6,0.0,43.14,88.79,219.44,0.58,104.71,104.99,60.95
2026-06-08 15:05:00,10,542.4,607.6,0.0,43.01,87.32,253.17,0.43,122.47,107.8,61.78
2026-06-08 15:10:00,10,542.4,607.6,0.0,41.92,87.11,228.68,0.55,105.15,104.42,62.22
2026-06-08 15:15:00,10,542.4,607.6,0.0,42.71,76.67,218.26,0.54,101.33,100.04,60.95
2026-06-08 15:20:00,10,542.4,607.6,0.0,43.95,85.62,331.11,0.27,159.21,116.2,60.19
2026-06-08 15:25:00,10,542.4,607.6,0.0,42.08,84.3,212.05,0.53,102.15,102.83,60.56
2026-06-08 15:30:00,10,542.4,607.6,0.0,42.68,81.16,312.51,0.27,134.64,108.14,61.41
2026-06-08 15:35:00,10,542.4,607.6,0.0,42.07,82.23,222.09,0.55,107.71,103.2,59.9
2026-06-08 15:40:00,10,542.4,607.6,0.0,42.61,77.04,245.45,0.4,110.35,101.6,60.84
2026-06-08 15:45:00,10,542.4,607.6,0.0,42.8,85.34,280.19,0.35,142.11,111.63,58.63
2026-06-08 15:50:00,10,542.4,607.6,0.0,41.99,76.03,361.32,0.18,165.39,114.47,59.71
2026-06-08 15:55:00,10,542.4,607.6,0.0,41.12,74.68,168.5,0.84,80.32,96.5,61.45
2026-06-08 16:00:00,10,542.4,607.6,0.0,41.15,74.83,269.81,0.31,123.89,103.5,58.53
2026-06-08 16:05:00,10,542.4,607.6,0.0,40.5,71.62,290.22,0.29,143.51,107.06,60.48
2026-06-08 16:10:00,10,542.4,607.6,0.0,41.93,71.57,216.92,0.52,97.6,97.54,58.86
2026-06-08 16:15:00,10,542.4,607.6,0.0,41.39,71.17,232.74,0.42,108.54,99.23,59.1
2026-06-08 16:20:00,10,542.4,607.6,0.0,41.41,67.2,280.64,0.29,137.72,104.05,58.34
2026-06-08 16:25:00,10,542.4,607.6,0.0,41.25,67.14,260.73,0.31,126.19,101.33,58.34
2026-06-08 16:30:00,10,542.4,607.6,0.0,40.86,73.3,215.26,0.49,100.77,98.65,60.04
2026-06-08 16:35:00,10,542.4,607.6,0.0,41.72,64.03,190.97,0.54,87.7,93.29,58.95
2026-06-08 16:40:00,10,542.4,607.6,0.0,40.83,62.85,246.49,0.33,115.7,97.58,57.22
2026-06-08 16:45:00,10,542.4,607.6,0.0,41.03,68.5,285.31,0.27,134.42,103.65,57.47
2026-06-08 16:50:00,10,542.4,607.6,0.0,39.73,47.13,283.14,0.2,135.71,96.34,57.92
2026-06-08 16:55:00,10,542.4,607.6,0.0,39.65,46.6,284.62,0.18,135.07,95.96,57.59
2026-06-08 17:00:00,10,542.4,607.6,0.0,39.07,51.42,259.38,0.24,126.58,95.77,55.74
2026-06-08 17:05:00,10,542.4,607.6,0.0,39.34,44.82,287.38,0.18,134.38,95.17,56.94
2026-06-08 17:10:00,10,542.4,607.6,0.0,39.83,46.22,199.28,0.38,92.04,87.44,57.05
2026-06-08 17:15:00,10,542.4,607.6,0.0,39.05,48.09,247.0,0.25,115.6,92.23,57.21
2026-06-08 17:20:00,10,542.4,607.6,0.0,38.99,43.1,234.84,0.24,109.21,89.17,58.3
2026-06-08 17:25:00,10,542.4,607.6,0.0,38.85,40.78,243.8,0.21,117.95,90.08,58.63
2026-06-08 17:30:00,10,542.4,607.6,0.0,38.54,33.96,193.89,0.3,91.73,82.93,54.85
2026-06-08 17:35:00,10,542.4,607.6,0.0,39.44,34.02,287.84,0.14,140.9,92.93,57.33
2026-06-08 17:40:00,10,542.4,607.6,0.0,38.17,34.37,226.66,0.21,104.38,85.13,56.38
2026-06-08 17:45:00,10,542.4,607.6,0.0,38.82,36.53,233.26,0.2,106.6,86.29,57.95
2026-06-08 17:50:00,10,542.4,607.6,0.0,37.92,30.72,310.58,0.1,142.32,92.05,57.14
2026-06-08 17:55:00,10,542.4,607.6,0.0,37.81,37.11,176.57,0.38,84.42,83.03,56.62
2026-06-08 18:00:00,10,542.4,607.6,0.0,38.09,29.32,324.21,0.09,151.24,93.9,56.35
2026-06-08 18:05:00,10,542.4,607.6,0.0,36.82,28.6,263.9,0.13,123.12,86.78,56.75
2026-06-08 18:10:00,10,542.4,607.6,0.0,37.58,30.16,313.98,0.1,157.64,95.99,54.9
2026-06-08 18:15:00,10,542.4,607.6,0.0,36.55,28.84,269.55,0.13,126.85,87.7,54.75
2026-06-08 18:20:00,10,542.4,607.6,0.0,37.41,29.04,175.37,0.28,83.72,79.9,55.25
2026-06-08 18:25:00,10,542.4,607.6,0.0,37.64,31.69,144.44,0.5,64.74,78.73,54.6
2026-06-08 18:30:00,10,542.4,607.6,0.0,37.95,27.63,239.31,0.16,117.37,85.26,56.03
2026-06-08 18:35:00,10,542.4,607.6,0.0,35.89,26.61,187.33,0.25,83.51,78.95,56.76
2026-06-08 18:40:00,10,542.4,607.6,0.0,36.79,21.49,163.32,0.26,80.38,76.72,54.22
2026-06-08 18:45:00,10,542.4,607.6,0.0,36.18,19.45,349.9,0.05,166.67,94.77,55.11
2026-06-08 18:50:00,10,542.4,607.6,0.0,35.59,17.62,266.01,0.08,126.54,83.61,54.49
2026-06-08 18:55:00,10,542.4,607.6,0.0,36.42,15.03,274.93,0.06,129.28,83.29,55.91
2026-06-08 19:00:00,10,542.4,607.6,0.0,36.16,13.94,303.38,0.05,145.03,86.77,53.52
2026-06-08 19:05:00,10,542.4,607.6,0.0,36.32,14.24,279.54,0.06,122.89,81.56,54.51
2026-06-08 19:10:00,10,542.4,607.6,0.0,35.28,13.45,170.42,0.14,79.66,73.56,54.76
2026-06-08 19:15:00,10,542.4,607.6,0.0,35.91,14.77,302.75,0.05,141.45,86.14,52.38
2026-06-08 19:20:00,10,542.4,607.6,0.0,34.73,17.59,272.41,0.08,135.24,85.64,54.58
2026-06-08 19:25:00,10,542.4,607.6,0.0,35.14,12.04,228.03,0.08,103.53,76.88,53.55
2026-06-08 19:30:00,10,542.4,607.6,0.0,35.27,10.65,201.1,0.08,96.97,75.21,53.6
2026-06-08 19:35:00,10,542.4,607.6,0.0,35.66,11.61,257.77,0.06,120.81,80.19,53.88
2026-06-08 19:40:00,10,542.4,607.6,0.0,35.52,11.18,211.39,0.08,99.4,75.83,52.97
2026-06-08 19:45:00,10,542.4,607.6,0.0,36.46,13.99,361.28,0.04,180.14,97.05,54.04
2026-06-08 19:50:00,10,542.4,607.6,0.0,35.33,9.97,240.31,0.06,101.89,75.82,52.33
2026-06-08 19:55:00,10,542.4,607.6,0.0,34.69,11.29,223.45,0.07,105.98,77.06,52.87
2026-06-08 20:00:00,10,542.4,607.6,0.0,34.3,8.4,314.71,0.03,153.26,87.0,53.03
2026-06-08 20:05:00,10,542.4,607.6,0.0,34.51,11.21,301.68,0.04,136.53,83.64,51.6
2026-06-08 20:10:00,10,542.4,607.6,0.0,35.43,12.96,265.39,0.06,125.36,81.67,52.01
2026-06-08 20:15:00,10,542.4,607.6,0.0,34.49,7.54,236.2,0.04,114.14,77.31,53.73
2026-06-08 20:20:00,10,542.4,607.6,0.0,33.0,8.77,235.37,0.05,117.14,78.38,52.52
2026-06-08 20:25:00,10,542.4,607.6,0.0,33.88,12.19,269.1,0.06,129.02,82.23,51.94
2026-06-08 20:30:00,10,542.4,607.6,0.0,32.81,12.64,261.08,0.06,128.99,82.38,52.9
2026-06-08 20:35:00,10,542.4,607.6,0.0,33.65,11.15,268.35,0.05,120.57,79.95,52.14
2026-06-08 20:40:00,10,542.4,607.6,0.0,34.05,13.35,267.59,0.06,118.28,80.25,51.78
2026-06-08 20:45:00,10,542.4,607.6,0.0,33.9,12.13,117.46,0.28,57.01,70.59,52.27
2026-06-08 20:50:00,10,542.4,607.6,0.0,33.28,8.62,236.59,0.05,115.93,78.07,51.37
2026-06-08 20:55:00,10,542.4,607.6,0.0,32.72,17.07,269.4,0.08,126.77,83.46,49.5
2026-06-08 21:00:00,10,542.4,607.6,0.0,32.85,15.85,227.91,0.1,112.87,80.07,53.08
2026-06-08 21:05:00,10,542.4,607.6,0.0,32.78,14.1,315.68,0.04,149.54,88.0,51.33
2026-06-08 21:10:00,10,542.4,607.6,0.0,32.99,16.22,194.76,0.13,98.0,77.44,49.79
2026-06-08 21:15:00,10,542.4,607.6,0.0,32.09,14.02,296.41,0.05,135.87,84.48,50.63
2026-06-08 21:20:00,10,542.4,607.6,0.0,33.25,15.0,196.9,0.13,97.94,77.0,51.67
2026-06-08 21:25:00,10,542.4,607.6,0.0,32.18,15.1,259.72,0.07,126.19,82.61,51.79
2026-06-08 21:30:00,10,542.4,607.6,0.0,32.41,16.34,284.43,0.06,138.52,85.97,51.57
2026-06-08 21:35:00,10,542.4,607.6,0.0,32.55,16.96,218.69,0.12,107.76,79.49,49.76
2026-06-08 21:40:00,10,542.4,607.6,0.0,32.78,13.89,280.71,0.06,127.83,82.55,49.88
2026-06-08 21:45:00,10,542.4,607.6,0.0,32.04,15.57,283.93,0.06,138.81,85.77,48.49
2026-06-08 21:50:00,10,542.4,607.6,0.0,32.82,14.51,252.79,0.07,112.5,79.47,50.38
2026-06-08 21:55:00,10,542.4,607.6,0.0,32.22,16.49,215.86,0.11,108.89,79.52,51.13
2026-06-08 22:00:00,10,542.4,607.6,0.0,31.48,16.65,300.31,0.06,143.7,87.39,50.52
2026-06-08 22:05:00,10,542.4,607.6,0.0,32.04,14.44,271.63,0.06,138.63,85.33,49.48
2026-06-08 22:10:00,10,542.4,607.6,0.0,31.95,16.5,209.42,0.11,90.35,76.2,49.7
2026-06-08 22:15:00,10,542.4,607.6,0.0,32.27,17.87,198.69,0.14,98.13,78.06,49.88
2026-06-08 22:20:00,10,542.4,607.6,0.0,31.04,19.78,231.47,0.12,111.92,81.29,48.88
2026-06-08 22:25:00,10,542.4,607.6,0.0,30.43,20.62,316.55,0.06,138.41,87.43,50.08
2026-06-08 22:30:00,10,542.4,607.6,0.0,32.21,23.5,282.79,0.1,134.01,87.45,49.62
2026-06-08 22:35:00,10,542.4,607.6,0.0,31.47,21.91,291.26,0.09,138.97,88.09,47.44
2026-06-08 22:40:00,10,542.4,607.6,0.0,31.37,19.7,268.93,0.09,126.27,84.28,48.66
2026-06-08 22:45:00,10,542.4,607.6,0.0,31.2,21.99,379.8,0.04,173.87,97.84,46.5
2026-06-08 22:50:00,10,542.4,607.6,0.0,30.89,21.68,175.35,0.22,83.19,77.11,46.76
2026-06-08 22:55:00,10,542.4,607.6,0.0,31.36,23.51,276.31,0.1,122.39,104.77,45.82
2026-06-08 23:00:00,10,542.4,607.6,0.0,31.34,20.0,269.92,0.09,136.76,86.87,47.05
2026-06-08 23:05:00,10,542.4,607.6,0.0,31.43,21.14,315.34,0.06,152.2,91.23,49.92
2026-06-08 23:10:00,10,542.4,607.6,0.0,31.06,26.0,155.04,0.39,76.42,77.99,47.77
2026-06-08 23:15:00,10,542.4,607.6,0.0,31.14,24.18,287.7,0.09,129.65,86.63,46.03
2026-06-08 23:20:00,10,542.4,607.6,0.0,32.0,28.67,303.63,0.1,149.06,93.09,46.66
2026-06-08 23:25:00,10,542.4,607.6,0.0,30.93,28.29,248.99,0.15,125.2,87.17,48.59
2026-06-08 23:30:00,10,542.4,607.6,0.0,30.75,26.4,247.13,0.14,114.57,84.19,48.77
2026-06-08 23:35:00,10,542.4,607.6,0.0,30.61,26.47,247.77,0.12,120.82,85.5,47.34
2026-06-08 23:40:00,10,542.4,607.6,0.0,30.99,28.15,224.69,0.19,107.69,83.53,47.72
2026-06-08 23:45:00,10,542.4,607.6,0.0,30.89,28.69,293.85,0.11,131.68,88.72,46.88
2026-06-08 23:50:00,10,542.4,607.6,0.0,30.98,30.13,289.28,0.11,146.05,92.82,45.88
2026-06-08 23:55:00,10,542.4,607.6,0.0,30.76,24.88,273.14,0.11,126.58,86.21,46.39
2026-06-09 00:00:00,10,242.35,-233.43,-1.81,31.74,29.6,269.95,0.13,132.09,89.18,45.34
2026-06-09 00:05:00,10,242.35,-233.43,-1.81,31.19,32.63,268.35,0.14,126.24,88.9,47.33
2026-06-09 00:10:00,10,242.35,-233.43,-1.81,31.29,30.57,229.79,0.17,105.13,83.85,46.45
2026-06-09 00:15:00,10,242.35,-233.43,-1.81,31.17,33.53,287.07,0.14,146.03,94.07,46.0
2026-06-09 00:20:00,10,242.35,-233.43,-1.81,31.31,34.35,209.1,0.26,96.26,83.74,45.91
2026-06-09 00:25:00,10,242.35,-233.43,-1.81,31.45,30.09,236.19,0.18,111.42,84.92,48.2
2026-06-09 00:30:00,10,242.35,-233.43,-1.81,30.54,34.04,264.74,0.16,117.25,87.46,45.69
2026-06-09 00:35:00,10,242.35,-233.43,-1.81,30.7,34.18,262.55,0.15,121.38,88.38,45.18
2026-06-09 00:40:00,10,242.35,-233.43,-1.81,30.16,35.69,288.45,0.14,139.3,93.09,46.4
2026-06-09 00:45:00,10,242.35,-233.43,-1.81,30.7,35.75,197.53,0.31,91.02,83.45,44.14
2026-06-09 00:50:00,10,242.35,-233.43,-1.81,31.51,35.07,335.94,0.1,161.66,98.85,45.78
2026-06-09 00:55:00,10,242.35,-233.43,-1.81,30.51,33.07,213.4,0.22,104.97,84.79,45.51
2026-06-09 01:00:00,10,242.35,-233.43,-1.81,31.09,35.79,205.78,0.26,99.17,84.76,45.9
2026-06-09 01:05:00,10,242.35,-233.43,-1.81,30.95,37.68,202.48,0.3,96.19,84.97,45.07
2026-06-09 01:10:00,10,242.35,-233.43,-1.81,31.08,35.48,237.98,0.22,113.87,87.39,45.25
2026-06-09 01:15:00,10,242.35,-233.43,-1.81,30.71,36.98,246.61,0.19,116.51,88.4,43.59
2026-06-09 01:20:00,10,242.35,-233.43,-1.81,31.4,37.8,222.73,0.25,109.19,87.32,43.09
2026-06-09 01:25:00,10,242.35,-233.43,-1.81,31.49,35.36,271.71,0.14,123.75,89.3,43.72
2026-06-09 01:30:00,10,242.35,-233.43,-1.81,31.64,37.31,322.81,0.11,152.39,97.04,44.2
2026-06-09 01:35:00,10,242.35,-233.43,-1.81,31.7,37.51,201.43,0.28,100.23,85.59,44.53
2026-06-09 01:40:00,10,242.35,-233.43,-1.81,32.18,37.73,298.38,0.14,142.76,94.69,42.53
2026-06-09 01:45:00,10,242.35,-233.43,-1.81,31.74,38.31,212.14,0.28,100.43,85.91,43.38
2026-06-09 01:50:00,10,242.35,-233.43,-1.81,30.89,37.84,283.06,0.15,134.74,92.74,42.39
2026-06-09 01:55:00,10,242.35,-233.43,-1.81,31.85,37.59,339.16,0.1,165.24,100.79,44.02
2026-06-09 02:00:00,10,242.35,-233.43,-1.81,31.67,37.94,186.36,0.33,88.98,83.92,42.85
2026-06-09 02:05:00,10,242.35,-233.43,-1.81,32.68,38.83,258.33,0.19,124.68,90.82,43.42
2026-06-09 02:10:00,10,242.35,-233.43,-1.81,32.12,36.32,218.92,0.25,102.97,85.62,45.55
2026-06-09 02:15:00,10,242.35,-233.43,-1.81,31.95,38.42,326.91,0.12,152.99,97.61,42.64
2026-06-09 02:20:00,10,242.35,-233.43,-1.81,32.68,37.41,284.1,0.15,131.85,91.9,41.48
2026-06-09 02:25:00,10,242.35,-233.43,-1.81,31.44,35.66,235.27,0.2,113.33,87.3,41.75
2026-06-09 02:30:00,10,242.35,-233.43,-1.81,32.59,35.94,200.2,0.31,93.22,83.88,43.24
2026-06-09 02:35:00,10,242.35,-233.43,-1.81,32.31,35.25,252.94,0.16,119.13,88.29,41.89
2026-06-09 02:40:00,10,242.35,-233.43,-1.81,32.8,35.76,327.0,0.1,151.91,96.35,40.92
2026-06-09 02:45:00,10,242.35,-233.43,-1.81,31.75,35.13,218.88,0.22,98.96,84.41,40.2
2026-06-09 02:50:00,10,242.35,-233.43,-1.81,33.04,36.17,270.14,0.15,126.81,90.29,42.1
2026-06-09 02:55:00,10,242.35,-233.43,-1.81,32.47,27.39,320.97,0.08,153.58,93.84,41.32
2026-06-09 03:00:00,10,242.35,-233.43,-1.81,33.12,31.3,173.47,0.31,77.25,79.81,41.4
2026-06-09 03:05:00,10,242.35,-233.43,-1.81,33.24,30.37,233.5,0.17,112.56,85.23,41.85
2026-06-09 03:10:00,10,242.35,-233.43,-1.81,32.86,29.63,240.05,0.17,116.72,85.83,40.97
2026-06-09 03:15:00,10,242.35,-233.43,-1.81,33.7,30.72,289.66,0.11,136.01,90.48,41.59
2026-06-09 03:20:00,10,242.35,-233.43,-1.81,33.6,32.2,262.49,0.14,121.68,87.74,41.75
2026-06-09 03:25:00,10,242.35,-233.43,-1.81,32.88,26.43,289.84,0.11,127.4,86.94,41.9
2026-06-09 03:30:00,10,242.35,-233.43,-1.81,33.88,28.17,218.57,0.2,111.87,84.39,40.4
2026-06-09 03:35:00,10,242.35,-233.43,-1.81,34.01,28.94,280.69,0.11,136.46,89.97,40.1
2026-06-09 03:40:00,10,242.35,-233.43,-1.81,34.07,26.24,218.02,0.17,107.31,82.75,41.06
2026-06-09 03:45:00,10,242.35,-233.43,-1.81,33.98,29.67,288.75,0.11,137.51,90.49,41.11
2026-06-09 03:50:00,10,242.35,-233.43,-1.81,33.56,23.93,263.1,0.1,124.3,85.34,38.08
2026-06-09 03:55:00,10,242.35,-233.43,-1.81,35.17,26.06,165.47,0.32,80.64,78.48,39.49
2026-06-09 04:00:00,10,242.35,-233.43,-1.81,34.26,25.91,251.74,0.12,121.28,85.41,39.72
2026-06-09 04:05:00,10,242.35,-233.43,-1.81,35.11,26.03,269.04,0.12,116.34,84.4,39.86
2026-06-09 04:10:00,10,242.35,-233.43,-1.81,34.17,27.57,256.26,0.13,121.59,86.08,39.11
2026-06-09 04:15:00,10,242.35,-233.43,-1.81,35.66,24.76,242.4,0.13,115.1,83.72,37.82
2026-06-09 04:20:00,10,242.35,-233.43,-1.81,35.35,24.16,227.92,0.15,110.93,82.7,40.71
2026-06-09 04:25:00,10,242.35,-233.43,-1.81,34.76,24.53,226.61,0.15,104.58,81.59,39.96
2026-06-09 04:30:00,10,242.35,-233.43,-1.81,34.75,24.45,292.22,0.09,133.82,106.12,38.85
2026-06-09 04:35:00,10,242.35,-233.43,-1.81,34.44,23.71,296.11,0.09,153.05,92.42,38.78
2026-06-09 04:40:00,10,242.35,-233.43,-1.81,36.24,22.07,252.53,0.12,111.81,82.08,38.13
2026-06-09 04:45:00,10,242.35,-233.43,-1.81,35.79,21.28,266.67,0.1,134.48,86.79,38.99
2026-06-09 04:50:00,10,242.35,-233.43,-1.81,36.88,20.3,302.63,0.07,144.72,88.96,38.05
2026-06-09 04:55:00,10,242.35,-233.43,-1.81,35.19,20.47,301.45,0.07,146.8,89.56,38.47
2026-06-09 05:00:00,10,242.35,-233.43,-1.81,36.43,20.13,283.62,0.08,118.73,82.76,39.89
2026-06-09 05:05:00,10,242.35,-233.43,-1.81,36.31,20.5,195.67,0.18,97.02,78.87,38.96
2026-06-09 05:10:00,10,242.35,-233.43,-1.81,37.03,19.91,230.29,0.12,111.88,81.34,38.23
2026-06-09 05:15:00,10,242.35,-233.43,-1.81,36.34,16.55,208.72,0.12,99.86,77.88,37.64
2026-06-09 05:20:00,10,242.35,-233.43,-1.81,36.56,18.72,222.65,0.11,103.03,79.19,36.32
2026-06-09 05:25:00,10,242.35,-233.43,-1.81,36.86,18.39,245.18,0.11,121.11,93.9,37.76
2026-06-09 05:30:00,10,242.35,-233.43,-1.81,37.4,14.79,172.39,0.15,83.0,74.54,37.55
2026-06-09 05:35:00,10,242.35,-233.43,-1.81,37.14,15.61,170.42,0.17,82.71,74.83,38.5
2026-06-09 05:40:00,10,242.35,-233.43,-1.81,37.63,14.83,252.92,0.08,117.86,80.72,38.67
2026-06-09 05:45:00,10,242.35,-233.43,-1.81,37.79,15.34,253.53,0.08,115.37,80.38,36.03
2026-06-09 05:50:00,10,242.35,-233.43,-1.81,38.25,14.75,184.27,0.14,89.93,75.59,37.08
2026-06-09 05:55:00,10,242.35,-233.43,-1.81,37.6,14.17,221.69,0.1,104.56,77.87,36.9
2026-06-09 06:00:00,10,242.35,-233.43,-1.81,37.49,12.56,266.31,0.06,124.71,81.38,38.1
2026-06-09 06:05:00,10,242.35,-233.43,-1.81,38.18,13.57,277.77,0.05,125.49,81.89,35.05
2026-06-09 06:10:00,10,242.35,-233.43,-1.81,38.46,12.35,236.02,0.07,115.1,95.03,36.95
2026-06-09 06:15:00,10,242.35,-233.43,-1.81,38.45,12.14,290.69,0.04,124.54,81.16,35.46
2026-06-09 06:20:00,10,242.35,-233.43,-1.81,39.36,10.73,218.74,0.07,109.9,77.64,34.84
2026-06-09 06:25:00,10,242.35,-233.43,-1.81,39.16,11.23,196.14,0.09,91.19,74.47,35.54
2026-06-09 06:30:00,10,242.35,-233.43,-1.81,38.6,12.61,301.16,0.04,146.84,86.77,36.62
2026-06-09 06:35:00,10,242.35,-233.43,-1.81,38.71,11.58,282.92,0.04,131.34,82.53,35.28
2026-06-09 06:40:00,10,242.35,-233.43,-1.81,39.96,10.75,245.25,0.06,116.27,78.92,37.98
2026-06-09 06:45:00,10,242.35,-233.43,-1.81,39.66,9.85,159.65,0.13,74.15,71.53,37.06
2026-06-09 06:50:00,10,242.35,-233.43,-1.81,39.58,8.46,222.22,0.05,103.81,75.63,36.09
2026-06-09 06:55:00,10,242.35,-233.43,-1.81,39.72,10.03,315.5,0.03,151.69,87.15,36.79
2026-06-09 07:00:00,10,242.35,-233.43,-1.81,40.53,9.13,311.65,0.03,147.2,85.63,34.68
2026-06-09 07:05:00,10,242.35,-233.43,-1.81,39.5,7.04,168.76,0.08,83.76,71.81,35.34
2026-06-09 07:10:00,10,242.35,-233.43,-1.81,40.0,8.36,299.43,0.03,142.48,84.13,35.85
2026-06-09 07:15:00,10,242.35,-233.43,-1.81,41.05,7.47,218.7,0.05,109.2,76.32,35.78
2026-06-09 07:20:00,10,242.35,-233.43,-1.81,40.47,7.77,242.38,0.04,116.27,77.84,34.4
2026-06-09 07:25:00,10,242.35,-233.43,-1.81,41.11,6.76,196.94,0.05,89.54,72.56,33.69
2026-06-09 07:30:00,10,242.35,-233.43,-1.81,40.89,8.05,224.89,0.05,105.66,75.84,36.16
2026-06-09 07:35:00,10,242.35,-233.43,-1.81,40.14,7.28,175.95,0.08,80.06,71.35,35.52
2026-06-09 07:40:00,10,242.35,-233.43,-1.81,41.41,7.92,360.49,0.02,175.97,93.56,35.13
2026-06-09 07:45:00,10,242.35,-233.43,-1.81,40.36,8.12,240.95,0.04,117.21,78.16,33.91
2026-06-09 07:50:00,10,242.35,-233.43,-1.81,41.33,7.52,282.89,0.03,130.74,80.95,35.06
2026-06-09 07:55:00,10,242.35,-233.43,-1.81,42.2,6.75,235.81,0.04,110.02,76.22,34.11
2026-06-09 08:00:00,10,242.35,-233.43,-1.81,41.38,7.12,238.25,0.04,117.52,77.88,34.03
2026-06-09 08:05:00,10,242.35,-233.43,-1.81,41.52,5.42,269.52,0.02,118.39,77.43,31.78
2026-06-09 08:10:00,10,242.35,-233.43,-1.81,42.09,5.65,288.12,0.02,133.48,80.93,34.71
2026-06-09 08:15:00,10,242.35,-233.43,-1.81,41.85,4.71,297.3,0.02,131.93,80.23,32.46
2026-06-09 08:20:00,10,242.35,-233.43,-1.81,42.37,5.86,222.81,0.04,104.62,74.86,33.81
2026-06-09 08:25:00,10,242.35,-233.43,-1.81,42.5,6.37,287.21,0.03,135.1,81.6,32.35
2026-06-09 08:30:00,10,242.35,-233.43,-1.81,42.35,4.59,235.92,0.02,111.71,75.76,32.91
2026-06-09 08:35:00,10,242.35,-233.43,-1.81,41.59,5.05,261.29,0.02,129.36,79.75,32.22
2026-06-09 08:40:00,10,242.35,-233.43,-1.81,42.11,4.63,334.03,0.01,165.46,104.55,34.48
2026-06-09 08:45:00,10,242.35,-233.43,-1.81,42.22,4.62,309.16,0.02,150.18,84.83,33.61
2026-06-09 08:50:00,10,242.35,-233.43,-1.81,43.66,5.66,288.16,0.02,126.79,79.37,32.19
2026-06-09 08:55:00,10,242.35,-233.43,-1.81,43.51,5.69,284.8,0.02,132.08,80.62,34.19
2026-06-09 09:00:00,10,242.35,-233.43,-1.81,43.38,6.33,305.72,0.02,142.98,83.54,32.53
2026-06-09 09:05:00,10,242.35,-233.43,-1.81,42.94,5.71,194.06,0.05,97.22,73.49,31.4
2026-06-09 09:10:00,10,242.35,-233.43,-1.81,43.45,8.0,323.17,0.03,146.22,84.98,31.28
2026-06-09 09:15:00,10,242.35,-233.43,-1.81,43.41,5.53,271.36,0.03,130.47,80.2,31.76
2026-06-09 09:20:00,10,242.35,-233.43,-1.81,42.99,7.2,260.87,0.03,123.96,79.29,30.76
2026-06-09 09:25:00,10,242.35,-233.43,-1.81,44.52,6.67,258.52,0.03,121.22,78.5,31.54
2026-06-09 09:30:00,10,242.35,-233.43,-1.81,43.87,6.94,281.7,0.03,121.16,78.58,31.05
2026-06-09 09:35:00,10,242.35,-233.43,-1.81,42.28,8.52,235.93,0.05,101.16,75.17,31.27
2026-06-09 09:40:00,10,242.35,-233.43,-1.81,43.65,7.83,234.96,0.05,107.53,76.13,31.01
2026-06-09 09:45:00,10,242.35,-233.43,-1.81,44.19,8.21,251.49,0.04,120.02,78.8,30.23
2026-06-09 09:50:00,10,242.35,-233.43,-1.81,43.89,8.0,270.72,0.03,126.05,80.04,30.19
2026-06-09 09:55:00,10,242.35,-233.43,-1.81,43.3,8.3,227.81,0.05,102.48,75.34,31.39
2026-06-09 10:00:00,10,242.35,-233.43,-1.81,45.39,7.0,279.49,0.03,129.27,80.44,30.65
2026-06-09 10:05:00,10,242.35,-233.43,-1.81,44.18,7.79,276.23,0.03,128.43,80.52,30.48
2026-06-09 10:10:00,10,242.35,-233.43,-1.81,44.52,7.67,242.44,0.04,113.41,77.22,29.76
2026-06-09 10:15:00,10,242.35,-233.43,-1.81,44.19,9.43,351.25,0.02,158.44,88.82,30.73
2026-06-09 10:20:00,10,242.35,-233.43,-1.81,45.2,8.61,242.51,0.05,111.0,77.09,29.43
2026-06-09 10:25:00,10,242.35,-233.43,-1.81,44.22,8.87,198.79,0.07,93.59,74.01,29.05
2026-06-09 10:30:00,10,242.35,-233.43,-1.81,44.47,8.68,208.24,0.06,101.15,75.25,28.14
2026-06-09 10:35:00,10,242.35,-233.43,-1.81,45.08,8.73,319.85,0.03,155.57,87.78,30.31
2026-06-09 10:40:00,10,242.35,-233.43,-1.81,45.42,10.67,320.61,0.03,149.68,86.85,29.4
2026-06-09 10:45:00,10,242.35,-233.43,-1.81,45.07,9.1,216.34,0.06,107.54,76.6,29.12
2026-06-09 10:50:00,10,242.35,-233.43,-1.81,44.9,9.32,199.82,0.07,87.04,73.11,30.08
2026-06-09 10:55:00,10,242.35,-233.43,-1.81,44.64,10.23,259.41,0.05,129.63,92.74,29.13
2026-06-09 11:00:00,10,242.35,-233.43,-1.81,44.33,10.92,221.64,0.07,101.12,76.05,30.69
2026-06-09 11:05:00,10,242.35,-233.43,-1.81,45.53,10.08,281.56,0.04,139.03,83.89,29.75
2026-06-09 11:10:00,10,242.35,-233.43,-1.81,44.33,11.07,238.44,0.06,116.47,79.09,29.72
2026-06-09 11:15:00,10,242.35,-233.43,-1.81,43.94,10.44,270.27,0.05,125.63,80.84,29.91
2026-06-09 11:20:00,10,242.35,-233.43,-1.81,45.15,11.73,162.42,0.15,77.23,72.66,31.19
2026-06-09 11:25:00,10,242.35,-233.43,-1.81,44.93,11.1,238.14,0.07,109.56,77.71,28.03
2026-06-09 11:30:00,10,242.35,-233.43,-1.81,45.77,12.96,182.26,0.12,87.06,74.49,27.34
2026-06-09 11:35:00,10,242.35,-233.43,-1.81,45.2,12.23,235.35,0.07,114.16,79.04,28.89
2026-06-09 11:40:00,10,242.35,-233.43,-1.81,45.26,13.34,323.69,0.04,147.76,87.29,28.12
2026-06-09 11:45:00,10,242.35,-233.43,-1.81,44.76,12.77,217.01,0.08,112.93,78.99,27.1
2026-06-09 11:50:00,10,242.35,-233.43,-1.81,44.86,12.78,232.46,0.08,110.25,78.46,26.94
2026-06-09 11:55:00,10,242.35,-233.43,-1.81,44.5,13.28,206.01,0.1,95.89,76.01,27.44
2026-06-09 12:00:00,10,242.35,-233.43,-1.81,44.19,13.61,325.45,0.04,157.34,90.01,27.63
2026-06-09 12:05:00,10,242.35,-233.43,-1.81,44.95,13.31,213.74,0.09,103.99,77.46,26.36
2026-06-09 12:10:00,10,242.35,-233.43,-1.81,44.38,14.27,200.14,0.12,95.4,76.31,27.71
2026-06-09 12:15:00,10,242.35,-233.43,-1.81,45.97,14.27,235.76,0.08,106.83,78.31,27.26
2026-06-09 12:20:00,10,242.35,-233.43,-1.81,44.08,14.47,284.32,0.06,148.72,87.97,28.31
2026-06-09 12:25:00,10,242.35,-233.43,-1.81,44.24,13.74,202.18,0.1,97.15,76.39,28.88
2026-06-09 12:30:00,10,242.35,-233.43,-1.81,45.01,14.95,256.02,0.07,119.74,81.16,25.8
2026-06-09 12:35:00,10,242.35,-233.43,-1.81,44.33,14.88,254.66,0.07,119.09,80.99,26.11
2026-06-09 12:40:00,10,242.35,-233.43,-1.81,44.34,13.96,233.49,0.09,111.11,79.06,26.63
2026-06-09 12:45:00,10,242.35,-233.43,-1.81,45.61,16.07,249.33,0.08,110.78,79.71,27.51
2026-06-09 12:50:00,10,242.35,-233.43,-1.81,44.45,15.48,263.24,0.07,118.38,81.05,25.78
2026-06-09 12:55:00,10,242.35,-233.43,-1.81,45.31,15.79,218.14,0.1,104.96,78.53,26.93
2026-06-09 13:00:00,10,242.35,-233.43,-1.81,45.52,14.92,230.1,0.09,104.56,78.13,27.12
2026-06-09 13:05:00,10,242.35,-233.43,-1.81,44.4,16.26,265.36,0.07,126.28,83.07,26.67
2026-06-09 13:10:00,10,242.35,-233.43,-1.81,45.45,15.77,317.04,0.05,152.4,105.81,26.32
2026-06-09 13:15:00,10,242.35,-233.43,-1.81,45.25,15.32,259.9,0.07,113.68,80.02,26.45
2026-06-09 13:20:00,10,242.35,-233.43,-1.81,45.33,16.14,288.41,0.06,133.47,84.69,26.07
2026-06-09 13:25:00,10,242.35,-233.43,-1.81,44.52,15.77,308.89,0.06,143.91,87.16,27.46
2026-06-09 13:30:00,10,242.35,-233.43,-1.81,44.34,16.04,281.89,0.07,134.29,84.87,26.13
2026-06-09 13:35:00,10,242.35,-233.43,-1.81,43.52,14.83,240.9,0.09,113.85,79.92,24.82
2026-06-09 13:40:00,10,242.35,-233.43,-1.81,43.41,16.67,319.98,0.05,149.55,88.95,23.66
2026-06-09 13:45:00,10,242.35,-233.43,-1.81,45.34,15.8,250.18,0.08,113.68,80.21,26.13
2026-06-09 13:50:00,10,242.35,-233.43,-1.81,43.82,15.11,228.0,0.09,110.22,79.28,24.64
2026-06-09 13:55:00,10,242.35,-233.43,-1.81,44.4,15.59,276.26,0.06,135.93,85.09,25.38
2026-06-09 14:00:00,10,242.35,-233.43,-1.81,43.76,16.14,184.47,0.15,86.31,75.53,25.06
2026-06-09 14:05:00,10,242.35,-233.43,-1.81,44.35,15.29,219.21,0.1,103.43,92.18,24.14
2026-06-09 14:10:00,10,242.35,-233.43,-1.81,43.95,14.65,371.65,0.03,169.61,93.96,23.39
2026-06-09 14:15:00,10,242.35,-233.43,-1.81,43.76,15.15,242.11,0.09,113.32,90.82,23.84
2026-06-09 14:20:00,10,242.35,-233.43,-1.81,44.15,13.37,217.82,0.09,98.53,76.48,24.57
2026-06-09 14:25:00,10,242.35,-233.43,-1.81,44.0,14.56,238.33,0.08,115.06,80.05,25.06
2026-06-09 14:30:00,10,242.35,-233.43,-1.81,43.31,15.89,284.26,0.06,133.16,84.52,22.18
2026-06-09 14:35:00,10,242.35,-233.43,-1.81,44.48,13.83,305.31,0.05,136.81,84.67,22.89
2026-06-09 14:40:00,10,242.35,-233.43,-1.81,43.76,13.79,274.63,0.06,132.08,83.53,26.44
2026-06-09 14:45:00,10,242.35,-233.43,-1.81,43.68,14.14,228.57,0.09,105.73,78.07,23.07
2026-06-09 14:50:00,10,242.35,-233.43,-1.81,43.43,13.55,259.43,0.07,126.28,82.12,25.16
2026-06-09 14:55:00,10,242.35,-233.43,-1.81,43.95,13.66,222.99,0.09,105.62,77.88,22.52
2026-06-09 15:00:00,10,242.35,-233.43,-1.81,43.09,14.01,234.18,0.09,112.35,79.32,22.02
2026-06-09 15:05:00,10,242.35,-233.43,-1.81,42.46,13.25,275.3,0.06,129.45,82.72,22.36
2026-06-09 15:10:00,10,242.35,-233.43,-1.81,42.88,14.37,264.98,0.07,127.24,82.62,20.69
2026-06-09 15:15:00,10,242.35,-233.43,-1.81,42.82,13.25,284.77,0.05,142.86,85.99,21.53
2026-06-09 15:20:00,10,242.35,-233.43,-1.81,42.83,13.0,277.28,0.05,131.88,83.18,21.43
2026-06-09 15:25:00,10,242.35,-233.43,-1.81,42.99,12.54,251.96,0.06,115.97,79.49,23.47
2026-06-09 15:30:00,10,242.35,-233.43,-1.81,42.97,13.41,241.61,0.08,117.11,80.08,21.91
2026-06-09 15:35:00,10,242.35,-233.43,-1.81,41.82,12.23,301.92,0.05,138.07,84.41,24.98
2026-06-09 15:40:00,10,242.35,-233.43,-1.81,41.41,12.91,228.65,0.08,105.95,77.66,22.02
2026-06-09 15:45:00,10,242.35,-233.43,-1.81,41.95,12.49,290.2,0.05,132.05,83.04,21.41
2026-06-09 15:50:00,10,242.35,-233.43,-1.81,42.07,11.06,256.15,0.06,122.32,80.33,21.83
2026-06-09 15:55:00,10,242.35,-233.43,-1.81,40.79,11.8,327.48,0.03,156.48,89.1,23.64
2026-06-09 16:00:00,10,242.35,-233.43,-1.81,41.73,11.29,267.54,0.05,126.5,81.33,19.93
2026-06-09 16:05:00,10,242.35,-233.43,-1.81,41.83,10.48,200.08,0.08,95.78,74.96,20.95
2026-06-09 16:10:00,10,242.35,-233.43,-1.81,41.17,10.9,285.52,0.04,132.25,82.51,20.32
2026-06-09 16:15:00,10,242.35,-233.43,-1.81,40.31,11.54,274.87,0.05,137.57,84.05,20.38
2026-06-09 16:20:00,10,242.35,-233.43,-1.81,41.23,10.76,303.61,0.04,136.23,83.43,22.33
2026-06-09 16:25:00,10,242.35,-233.43,-1.81,41.19,11.31,280.22,0.05,134.21,83.15,19.68
2026-06-09 16:30:00,10,242.35,-233.43,-1.81,40.42,9.95,283.82,0.04,135.66,83.0,19.83
2026-06-09 16:35:00,10,242.35,-233.43,-1.81,40.22,10.41,266.76,0.04,135.88,83.22,20.61
2026-06-09 16:40:00,10,242.35,-233.43,-1.81,40.41,9.45,179.27,0.1,87.42,73.26,21.85
2026-06-09 16:45:00,10,242.35,-233.43,-1.81,40.59,8.98,282.26,0.04,141.11,84.02,19.21
2026-06-09 16:50:00,10,242.35,-233.43,-1.81,40.26,9.13,316.03,0.03,155.51,87.9,19.78
2026-06-09 16:55:00,10,242.35,-233.43,-1.81,38.71,9.07,298.51,0.03,137.77,83.19,19.55
2026-06-09 17:00:00,10,242.35,-233.43,-1.81,40.04,8.81,222.95,0.06,106.13,76.21,19.89
2026-06-09 17:05:00,10,242.35,-233.43,-1.81,39.83,8.34,284.97,0.03,125.38,80.0,19.14
2026-06-09 17:10:00,10,242.35,-233.43,-1.81,38.45,8.23,275.14,0.04,132.98,81.75,21.52
2026-06-09 17:15:00,10,242.35,-233.43,-1.81,40.16,6.03,239.85,0.03,117.19,77.4,18.64
2026-06-09 17:20:00,10,242.35,-233.43,-1.81,39.23,6.84,215.3,0.05,97.52,73.93,18.68
2026-06-09 17:25:00,10,242.35,-233.43,-1.81,39.29,5.72,275.44,0.02,127.74,79.6,18.96
2026-06-09 17:30:00,10,242.35,-233.43,-1.81,38.25,5.46,214.17,0.04,101.72,74.17,19.47
2026-06-09 17:35:00,10,242.35,-233.43,-1.81,38.77,6.07,236.06,0.03,112.13,76.37,19.98
2026-06-09 17:40:00,10,242.35,-233.43,-1.81,37.92,5.39,229.23,0.03,105.48,74.83,18.79
2026-06-09 17:45:00,10,242.35,-233.43,-1.81,38.41,5.89,220.14,0.04,101.15,74.22,18.59
2026-06-09 17:50:00,10,242.35,-233.43,-1.81,37.83,5.75,217.47,0.04,106.26,75.12,18.98
2026-06-09 17:55:00,10,242.35,-233.43,-1.81,38.32,4.82,342.35,0.01,161.63,88.09,17.69
2026-06-09 18:00:00,10,242.35,-233.43,-1.81,38.65,5.86,241.64,0.03,119.96,77.93,19.06
2026-06-09 18:05:00,10,242.35,-233.43,-1.81,37.52,5.32,351.5,0.01,167.32,109.09,18.05
2026-06-09 18:10:00,10,242.35,-233.43,-1.81,37.88,4.1,267.45,0.02,114.53,76.15,18.69
2026-06-09 18:15:00,10,242.35,-233.43,-1.81,37.43,5.7,226.92,0.04,109.25,75.68,18.3
2026-06-09 18:20:00,10,242.35,-233.43,-1.81,37.4,4.17,233.77,0.03,107.79,74.85,18.03
2026-06-09 18:25:00,10,242.35,-233.43,-1.81,36.93,4.09,274.54,0.02,126.08,78.65,18.94
2026-06-09 18:30:00,10,242.35,-233.43,-1.81,38.2,3.73,283.91,0.02,136.0,80.86,17.07
2026-06-09 18:35:00,10,242.35,-233.43,-1.81,36.97,3.89,186.74,0.03,89.35,71.48,17.74
2026-06-09 18:40:00,10,242.35,-233.43,-1.81,36.49,3.72,266.78,0.02,128.4,79.05,16.23
2026-06-09 18:45:00,10,242.35,-233.43,-1.81,37.06,3.48,265.63,0.02,122.02,77.53,19.47
2026-06-09 18:50:00,10,242.35,-233.43,-1.81,36.38,3.55,290.11,0.01,150.13,84.42,16.68
2026-06-09 18:55:00,10,242.35,-233.43,-1.81,36.74,2.26,234.24,0.01,107.38,74.06,17.43
2026-06-09 19:00:00,10,242.35,-233.43,-1.81,36.34,2.88,255.7,0.01,124.41,77.83,14.69
2026-06-09 19:05:00,10,242.35,-233.43,-1.81,36.37,3.2,314.26,0.01,147.71,83.64,17.71
2026-06-09 19:10:00,10,242.35,-233.43,-1.81,34.9,2.92,204.48,0.02,100.11,72.95,16.1
2026-06-09 19:15:00,10,242.35,-233.43,-1.81,36.26,3.01,261.71,0.01,127.22,78.51,15.77
2026-06-09 19:20:00,10,242.35,-233.43,-1.81,35.77,3.1,240.47,0.02,109.73,74.83,15.5
2026-06-09 19:25:00,10,242.35,-233.43,-1.81,35.29,2.81,298.78,0.01,131.77,79.5,16.27
2026-06-09 19:30:00,10,242.35,-233.43,-1.81,36.01,2.52,220.59,0.02,103.59,73.45,17.26
2026-06-09 19:35:00,10,242.35,-233.43,-1.81,35.37,3.08,239.91,0.02,116.67,76.23,16.41
2026-06-09 19:40:00,10,242.35,-233.43,-1.81,35.34,2.67,275.58,0.01,131.71,79.43,17.02
2026-06-09 19:45:00,10,242.35,-233.43,-1.81,34.57,2.13,234.02,0.01,106.12,73.76,15.44
2026-06-09 19:50:00,10,242.35,-233.43,-1.81,34.99,1.87,258.44,0.01,120.35,76.57,15.05
2026-06-09 19:55:00,10,242.35,-233.43,-1.81,35.09,3.2,292.68,0.01,137.44,81.01,16.32
2026-06-09 20:00:00,10,242.35,-233.43,-1.81,34.42,2.2,405.89,0.0,188.53,95.62,12.6
2026-06-09 20:05:00,10,242.35,-233.43,-1.81,33.99,2.49,263.03,0.01,124.81,77.77,16.54
2026-06-09 20:10:00,10,242.35,-233.43,-1.81,34.27,2.74,276.81,0.01,121.9,77.22,16.39
2026-06-09 20:15:00,10,242.35,-233.43,-1.81,33.96,2.46,307.87,0.01,138.51,97.65,14.6
2026-06-09 20:20:00,10,242.35,-233.43,-1.81,33.89,2.12,288.15,0.01,140.79,81.46,17.01
2026-06-09 20:25:00,10,242.35,-233.43,-1.81,33.94,2.11,303.68,0.01,140.65,81.42,14.34
2026-06-09 20:30:00,10,242.35,-233.43,-1.81,33.73,3.0,270.12,0.01,129.36,78.99,15.82
2026-06-09 20:35:00,10,242.35,-233.43,-1.81,33.24,2.57,259.62,0.01,120.51,76.85,13.39
2026-06-09 20:40:00,10,242.35,-233.43,-1.81,34.34,2.66,181.33,0.03,75.77,69.02,16.6
2026-06-09 20:45:00,10,242.35,-233.43,-1.81,32.92,2.99,221.74,0.02,95.47,72.15,14.98
2026-06-09 20:50:00,10,242.35,-233.43,-1.81,33.74,2.94,229.32,0.02,101.64,73.23,14.08
2026-06-09 20:55:00,10,242.35,-233.43,-1.81,32.59,1.7,244.53,0.01,112.43,74.85,14.65
2026-06-09 21:00:00,10,242.35,-233.43,-1.81,33.26,2.77,284.72,0.01,128.59,78.73,12.61
2026-06-09 21:05:00,10,242.35,-233.43,-1.81,31.96,2.48,358.66,0.01,175.78,91.56,14.84
2026-06-09 21:10:00,10,242.35,-233.43,-1.81,33.2,2.48,267.57,0.01,125.28,77.87,14.05
2026-06-09 21:15:00,10,242.35,-233.43,-1.81,33.57,2.89,157.95,0.04,74.33,68.93,12.88
2026-06-09 21:20:00,10,242.35,-233.43,-1.81,33.01,2.75,312.03,0.01,144.19,82.55,12.91
2026-06-09 21:25:00,10,242.35,-233.43,-1.81,32.67,3.14,230.52,0.02,109.56,74.8,12.69
2026-06-09 21:30:00,10,242.35,-233.43,-1.81,32.28,3.46,71.18,0.21,33.18,65.48,13.32
2026-06-09 21:35:00,10,242.35,-233.43,-1.81,31.98,2.97,232.42,0.02,114.7,75.78,12.47
2026-06-09 21:40:00,10,242.35,-233.43,-1.81,32.68,2.74,210.86,0.02,96.92,72.31,12.51
2026-06-09 21:45:00,10,242.35,-233.43,-1.81,33.13,3.26,310.08,0.01,156.85,86.16,13.67
2026-06-09 21:50:00,10,242.35,-233.43,-1.81,32.41,3.13,225.01,0.02,108.92,74.67,12.5
2026-06-09 21:55:00,10,242.35,-233.43,-1.81,31.66,3.37,247.97,0.02,114.15,75.8,14.27
2026-06-09 22:00:00,10,242.35,-233.43,-1.81,31.04,3.31,260.46,0.01,127.13,78.58,12.13
2026-06-09 22:05:00,10,242.35,-233.43,-1.81,31.93,3.9,181.39,0.04,87.6,71.21,11.32
2026-06-09 22:10:00,10,242.35,-233.43,-1.81,32.24,3.81,215.93,0.03,102.11,73.64,11.7
2026-06-09 22:15:00,10,242.35,-233.43,-1.81,32.07,3.54,201.05,0.03,98.4,72.87,12.28
2026-06-09 22:20:00,10,242.35,-233.43,-1.81,31.94,4.13,243.3,0.02,113.28,75.89,13.06
2026-06-09 22:25:00,10,242.35,-233.43,-1.81,31.74,3.55,225.09,0.02,103.22,73.73,12.25
2026-06-09 22:30:00,10,242.35,-233.43,-1.81,31.24,4.05,236.29,0.02,111.05,75.42,14.32
2026-06-09 22:35:00,10,242.35,-233.43,-1.81,31.23,4.19,255.97,0.02,123.17,78.02,12.64
2026-06-09 22:40:00,10,242.35,-233.43,-1.81,30.75,3.59,266.96,0.02,129.8,79.32,13.05
2026-06-09 22:45:00,10,242.35,-233.43,-1.81,31.03,3.99,228.81,0.02,106.07,85.21,10.77
2026-06-09 22:50:00,10,242.35,-233.43,-1.81,31.75,4.51,144.5,0.07,68.47,68.8,13.29
2026-06-09 22:55:00,10,242.35,-233.43,-1.81,30.57,3.97,221.54,0.03,107.32,74.67,11.8
2026-06-09 23:00:00,10,242.35,-233.43,-1.81,31.59,4.75,166.51,0.05,79.71,70.34,11.77
2026-06-09 23:05:00,10,242.35,-233.43,-1.81,30.98,4.43,231.32,0.03,115.57,76.49,12.7
2026-06-09 23:10:00,10,242.35,-233.43,-1.81,31.57,4.22,282.64,0.02,131.55,79.95,9.26
2026-06-09 23:15:00,10,242.35,-233.43,-1.81,31.2,4.31,170.0,0.05,83.51,70.74,11.69
2026-06-09 23:20:00,10,242.35,-233.43,-1.81,30.75,5.0,193.3,0.04,91.31,72.19,10.0
2026-06-09 23:25:00,10,242.35,-233.43,-1.81,31.62,5.19,219.23,0.03,109.28,75.48,10.35
2026-06-09 23:30:00,10,242.35,-233.43,-1.81,31.08,5.31,298.54,0.02,143.27,83.23,10.41
2026-06-09 23:35:00,10,242.35,-233.43,-1.81,31.08,5.13,209.33,0.04,102.49,74.19,11.49
2026-06-09 23:40:00,10,242.35,-233.43,-1.81,31.58,5.24,316.69,0.02,150.17,85.03,11.35
2026-06-09 23:45:00,10,242.35,-233.43,-1.81,31.04,5.29,228.57,0.03,111.4,75.94,10.12
2026-06-09 23:50:00,10,242.35,-233.43,-1.81,31.15,5.43,274.96,0.02,130.64,80.16,9.27
2026-06-09 23:55:00,10,242.35,-233.43,-1.81,31.17,5.18,263.92,0.02,122.78,78.28,9.93
2026-06-10 00:00:00,10,100.0,221.88,0.0,31.4,5.28,284.78,0.02,128.37,79.58,9.79
2026-06-10 00:05:00,10,100.0,221.88,0.0,31.36,5.34,286.94,0.02,136.65,81.57,8.9
2026-06-10 00:10:00,10,100.0,221.88,0.0,30.08,5.17,331.66,0.01,149.82,84.89,8.22
2026-06-10 00:15:00,10,100.0,221.88,0.0,30.66,5.6,315.42,0.02,150.8,85.32,10.26
2026-06-10 00:20:00,10,100.0,221.88,0.0,30.96,5.12,223.0,0.03,108.08,75.22,8.64
2026-06-10 00:25:00,10,100.0,221.88,0.0,31.58,5.09,269.67,0.02,123.84,89.8,9.88
2026-06-10 00:30:00,10,100.0,221.88,0.0,31.35,5.2,321.01,0.01,155.67,86.51,8.11
2026-06-10 00:35:00,10,100.0,221.88,0.0,31.26,5.24,331.71,0.02,163.77,88.87,8.15
2026-06-10 00:40:00,10,100.0,221.88,0.0,31.7,5.09,211.22,0.04,99.46,85.84,8.04
2026-06-10 00:45:00,10,100.0,221.88,0.0,31.22,5.33,200.8,0.04,91.41,72.32,8.58
2026-06-10 00:50:00,10,100.0,221.88,0.0,30.78,5.53,355.9,0.01,173.4,91.87,9.54
2026-06-10 00:55:00,10,100.0,221.88,0.0,30.45,5.51,259.59,0.03,122.85,78.43,8.69
2026-06-10 01:00:00,10,100.0,221.88,0.0,31.64,5.22,229.17,0.03,108.36,75.31,7.74
2026-06-10 01:05:00,10,100.0,221.88,0.0,30.96,5.28,273.08,0.02,131.92,80.41,8.57
2026-06-10 01:10:00,10,100.0,221.88,0.0,31.22,5.34,249.59,0.03,112.48,76.18,8.22
2026-06-10 01:15:00,10,100.0,221.88,0.0,32.26,5.38,215.06,0.04,103.36,74.44,7.71
2026-06-10 01:20:00,10,100.0,221.88,0.0,31.6,5.62,159.17,0.07,79.19,70.61,7.18
2026-06-10 01:25:00,10,100.0,221.88,0.0,31.32,5.0,294.18,0.02,142.52,82.93,9.62
2026-06-10 01:30:00,10,100.0,221.88,0.0,31.65,5.38,383.67,0.01,188.15,96.62,7.47
2026-06-10 01:35:00,10,100.0,221.88,0.0,30.97,5.34,245.79,0.03,108.86,75.45,6.2
2026-06-10 01:40:00,10,100.0,221.88,0.0,32.06,4.73,235.27,0.03,107.68,75.01,7.22
2026-06-10 01:45:00,10,100.0,221.88,0.0,30.9,4.87,137.96,0.08,65.9,68.63,5.8
2026-06-10 01:50:00,10,100.0,221.88,0.0,31.82,4.99,278.59,0.02,130.99,97.29,7.08
2026-06-10 01:55:00,10,100.0,221.88,0.0,31.76,4.77,216.23,0.03,104.92,74.49,7.89
2026-06-10 02:00:00,10,100.0,221.88,0.0,31.82,4.8,274.87,0.02,131.74,80.2,5.88
2026-06-10 02:05:00,10,100.0,221.88,0.0,32.76,4.76,208.28,0.04,100.27,73.65,7.02
2026-06-10 02:10:00,10,100.0,221.88,0.0,32.33,4.61,250.41,0.02,109.57,75.32,5.79
2026-06-10 02:15:00,10,100.0,221.88,0.0,31.67,4.18,238.16,0.03,109.38,75.15,6.54
2026-06-10 02:20:00,10,100.0,221.88,0.0,32.2,4.55,228.24,0.03,113.53,76.11,5.72
2026-06-10 02:25:00,10,100.0,221.88,0.0,32.77,4.49,284.95,0.02,137.58,81.51,8.22
2026-06-10 02:30:00,10,100.0,221.88,0.0,32.94,4.21,202.01,0.03,84.95,70.89,5.34
2026-06-10 02:35:00,10,100.0,221.88,0.0,33.05,4.34,276.74,0.02,131.43,79.97,4.18
2026-06-10 02:40:00,10,100.0,221.88,0.0,32.63,4.01,260.32,0.02,126.74,78.76,5.86
2026-06-10 02:45:00,10,100.0,221.88,0.0,32.34,4.06,252.61,0.02,120.45,77.38,6.67
2026-06-10 02:50:00,10,100.0,221.88,0.0,33.79,3.98,210.26,0.03,101.41,73.57,5.42
2026-06-10 02:55:00,10,100.0,221.88,0.0,33.43,3.92,285.92,0.01,138.28,81.46,6.45
2026-06-10 03:00:00,10,100.0,221.88,0.0,32.96,3.24,261.39,0.02,123.11,77.68,5.28
2026-06-10 03:05:00,10,100.0,221.88,0.0,32.55,3.17,159.53,0.04,75.56,69.19,4.96
2026-06-10 03:10:00,10,100.0,221.88,0.0,33.73,3.1,270.56,0.01,128.27,78.78,5.55
2026-06-10 03:15:00,10,100.0,221.88,0.0,33.54,3.08,233.47,0.02,106.9,74.26,4.74
2026-06-10 03:20:00,10,100.0,221.88,0.0,34.27,2.89,226.06,0.02,116.37,76.1,4.64
2026-06-10 03:25:00,10,100.0,221.88,0.0,33.29,2.92,257.19,0.01,118.53,76.55,5.22
2026-06-10 03:30:00,10,100.0,221.88,0.0,34.22,2.59,195.93,0.02,91.23,71.3,3.85
2026-06-10 03:35:00,10,100.0,221.88,0.0,34.46,2.58,339.65,0.01,165.07,88.31,5.57
2026-06-10 03:40:00,10,100.0,221.88,0.0,34.36,2.56,277.16,0.01,132.12,79.49,5.68
2026-06-10 03:45:00,10,100.0,221.88,0.0,33.95,2.63,273.09,0.01,128.17,78.59,5.0
2026-06-10 03:50:00,10,100.0,221.88,0.0,33.01,2.54,246.37,0.01,117.25,76.14,3.65
2026-06-10 03:55:00,10,100.0,221.88,0.0,34.64,1.95,263.51,0.01,128.36,78.39,1.66
2026-06-10 04:00:00,10,100.0,221.88,0.0,34.56,2.1,261.62,0.01,121.01,76.8,3.54
2026-06-10 04:05:00,10,100.0,221.88,0.0,34.79,1.96,321.69,0.01,156.79,85.69,4.68
2026-06-10 04:10:00,10,100.0,221.88,0.0,34.67,1.96,215.88,0.01,100.19,81.7,4.52
2026-06-10 04:15:00,10,100.0,221.88,0.0,34.3,1.93,285.11,0.01,136.16,80.25,2.88
2026-06-10 04:20:00,10,100.0,221.88,0.0,34.86,1.77,208.3,0.01,99.97,72.5,4.23
2026-06-10 04:25:00,10,100.0,221.88,0.0,34.94,1.67,243.78,0.01,111.92,74.74,3.14
2026-06-10 04:30:00,10,100.0,221.88,0.0,34.69,1.55,271.93,0.01,119.53,76.29,2.61
2026-06-10 04:35:00,10,100.0,221.88,0.0,35.92,1.37,314.97,0.0,146.51,82.66,3.32
2026-06-10 04:40:00,10,100.0,221.88,0.0,35.63,1.37,246.92,0.01,112.85,74.83,2.9
2026-06-10 04:45:00,10,100.0,221.88,0.0,36.11,1.43,294.9,0.01,144.93,82.29,3.35
2026-06-10 04:50:00,10,100.0,221.88,0.0,34.67,1.19,248.44,0.01,123.1,76.94,2.41
2026-06-10 04:55:00,10,100.0,221.88,0.0,35.94,1.1,317.28,0.0,149.15,83.27,4.22
2026-06-10 05:00:00,10,100.0,221.88,0.0,36.31,1.17,290.55,0.0,135.2,79.73,2.44
2026-06-10 05:05:00,10,100.0,221.88,0.0,36.11,0.99,222.29,0.01,107.65,73.66,2.06
2026-06-10 05:10:00,10,100.0,221.88,0.0,36.25,0.89,283.61,0.0,137.15,80.11,2.28
2026-06-10 05:15:00,10,100.0,221.88,0.0,36.54,0.83,300.27,0.0,136.51,79.93,2.49
2026-06-10 05:20:00,10,100.0,221.88,0.0,36.93,0.85,296.35,0.0,138.78,80.5,1.49
2026-06-10 05:25:00,10,100.0,221.88,0.0,36.27,0.78,318.12,0.0,152.13,83.97,0.82
2026-06-10 05:30:00,10,100.0,221.88,0.0,37.14,0.59,245.98,0.0,116.67,75.33,1.44
2026-06-10 05:35:00,10,100.0,221.88,0.0,37.67,0.51,254.44,0.0,124.46,76.99,1.88
2026-06-10 05:40:00,10,100.0,221.88,0.0,37.18,0.48,315.71,0.0,152.98,84.1,2.87
2026-06-10 05:45:00,10,100.0,221.88,0.0,37.81,0.5,216.13,0.0,100.8,72.19,2.15
2026-06-10 05:50:00,10,100.0,221.88,0.0,38.7,0.43,222.15,0.0,107.56,73.44,0.25
2026-06-10 05:55:00,10,100.0,221.88,0.0,38.08,0.36,263.95,0.0,127.04,77.52,1.46
2026-06-10 06:00:00,10,100.0,221.88,0.0,38.14,0.29,164.95,0.0,78.92,68.58,2.64
2026-06-10 06:05:00,10,100.0,221.88,0.0,37.66,0.28,262.55,0.0,130.73,78.35,0.0
2026-06-10 06:10:00,10,100.0,221.88,0.0,37.74,0.21,107.71,0.01,50.27,65.24,0.63
2026-06-10 06:15:00,10,100.0,221.88,0.0,37.74,0.18,239.51,0.0,111.48,74.12,0.72
2026-06-10 06:20:00,10,100.0,221.88,0.0,38.0,0.15,340.55,0.0,162.49,86.69,1.08
2026-06-10 06:25:00,10,100.0,221.88,0.0,40.24,0.12,230.23,0.0,110.86,73.98,0.42
2026-06-10 06:30:00,10,100.0,221.88,0.0,39.05,0.1,253.43,0.0,115.37,74.89,0.65
2026-06-10 06:35:00,10,100.0,221.88,0.0,39.21,0.07,223.9,0.0,105.17,72.85,0.29
2026-06-10 06:40:00,10,100.0,221.88,0.0,38.95,0.03,305.04,0.0,135.06,79.3,0.0
2026-06-10 06:45:00,10,100.0,221.88,0.0,39.76,0.0,303.18,0.0,145.26,81.86,0.72
2026-06-10 06:50:00,10,100.0,221.88,0.0,39.34,0.0,266.58,0.0,121.12,76.08,0.0
2026-06-10 06:55:00,10,100.0,221.88,0.0,39.79,0.0,290.62,0.0,139.31,80.34,1.01
2026-06-10 07:00:00,10,100.0,221.88,0.0,39.17,0.0,229.94,0.0,105.98,72.98,0.73
2026-06-10 07:05:00,10,100.0,221.88,0.0,39.29,0.0,196.72,0.0,95.46,71.07,0.4
2026-06-10 07:10:00,10,100.0,221.88,0.0,39.98,0.0,269.26,0.0,134.94,79.26,0.16
2026-06-10 07:15:00,10,100.0,221.88,0.0,40.43,0.0,342.64,0.0,157.08,85.08,0.18
2026-06-10 07:20:00,10,100.0,221.88,0.0,40.59,0.0,281.99,0.0,134.16,79.07,0.36
2026-06-10 07:25:00,10,100.0,221.88,0.0,40.4,0.0,278.23,0.0,125.0,76.94,0.0
2026-06-10 07:30:00,10,100.0,221.88,0.0,40.52,0.0,207.39,0.0,94.31,70.88,0.0
2026-06-10 07:35:00,10,100.0,221.88,0.0,40.82,0.0,262.12,0.0,123.94,76.7,0.0
2026-06-10 07:40:00,10,100.0,221.88,0.0,41.06,0.0,266.2,0.0,124.52,76.83,0.16
2026-06-10 07:45:00,10,100.0,221.88,0.0,41.23,0.0,259.3,0.0,120.22,75.88,0.0
2026-06-10 07:50:00,10,100.0,221.88,0.0,40.76,0.0,242.18,0.0,116.05,75.0,1.32
2026-06-10 07:55:00,10,100.0,221.88,0.0,41.86,0.0,270.49,0.0,129.4,77.95,0.73
2026-06-10 08:00:00,10,100.0,221.88,0.0,40.88,0.0,157.39,0.0,70.47,67.35,0.0
2026-06-10 08:05:00,10,100.0,221.88,0.0,41.33,0.0,251.53,0.0,125.44,77.04,0.11
2026-06-10 08:10:00,10,100.0,221.88,0.0,41.35,0.0,132.04,0.0,64.06,66.57,0.0
2026-06-10 08:15:00,10,100.0,221.88,0.0,42.35,0.0,310.18,0.0,144.78,81.74,0.0
2026-06-10 08:20:00,10,100.0,221.88,0.0,42.75,0.0,332.9,0.0,145.44,81.92,0.03
2026-06-10 08:25:00,10,100.0,221.88,0.0,42.09,0.0,346.22,0.0,161.04,86.22,0.0
2026-06-10 08:30:00,10,100.0,221.88,0.0,42.78,0.0,175.1,0.0,86.27,69.58,0.61
2026-06-10 08:35:00,10,100.0,221.88,0.0,41.55,0.0,224.33,0.0,99.43,71.78,1.33
2026-06-10 08:40:00,10,100.0,221.88,0.0,41.95,0.0,159.29,0.0,77.55,68.29,0.73
2026-06-10 08:45:00,10,100.0,221.88,0.0,42.63,0.0,255.24,0.0,123.27,76.56,0.0
2026-06-10 08:50:00,10,100.0,221.88,0.0,43.33,0.0,234.66,0.0,111.52,74.07,0.52
2026-06-10 08:55:00,10,100.0,221.88,0.0,42.36,0.0,282.97,0.0,140.07,80.54,0.67
2026-06-10 09:00:00,10,100.0,221.88,0.0,42.81,0.0,256.45,0.0,121.94,76.26,0.0
2026-06-10 09:05:00,10,100.0,221.88,0.0,43.02,0.0,323.53,0.0,150.63,83.3,0.0
2026-06-10 09:10:00,10,100.0,221.88,0.0,43.22,0.0,306.51,0.0,149.29,82.94,0.0
2026-06-10 09:15:00,10,100.0,221.88,0.0,43.78,0.0,274.26,0.0,129.05,77.87,0.0
2026-06-10 09:20:00,10,100.0,221.88,0.0,43.5,0.0,231.12,0.0,113.72,74.52,0.0
2026-06-10 09:25:00,10,100.0,221.88,0.0,43.37,0.0,267.42,0.0,124.0,76.72,0.0
2026-06-10 09:30:00,10,100.0,221.88,0.0,43.52,0.0,241.52,0.0,113.35,74.45,0.0
2026-06-10 09:35:00,10,100.0,221.88,0.0,43.2,0.0,268.32,0.0,133.61,78.95,0.22
2026-06-10 09:40:00,10,100.0,221.88,0.0,42.64,0.0,322.64,0.0,149.85,83.09,0.0
2026-06-10 09:45:00,10,100.0,221.88,0.0,43.48,0.0,231.65,0.0,109.1,73.59,0.0
2026-06-10 09:50:00,10,100.0,221.88,0.0,44.25,0.0,237.28,0.0,116.89,75.18,0.0
2026-06-10 09:55:00,10,100.0,221.88,0.0,43.56,0.0,315.97,0.0,145.75,82.0,0.59
2026-06-10 10:00:00,10,100.0,221.88,0.0,44.04,0.0,271.19,0.0,121.95,76.27,0.0
2026-06-10 10:05:00,10,100.0,221.88,0.0,44.49,0.0,241.24,0.0,109.2,73.62,0.0
2026-06-10 10:10:00,10,100.0,221.88,0.0,43.77,0.0,269.93,0.0,139.09,80.29,0.0
2026-06-10 10:15:00,10,100.0,221.88,0.0,44.18,0.0,217.02,0.0,96.23,71.22,0.0
2026-06-10 10:20:00,10,100.0,221.88,0.0,44.1,0.0,278.05,0.0,136.38,79.62,0.39
2026-06-10 10:25:00,10,100.0,221.88,0.0,45.1,0.0,303.65,0.0,151.6,83.57,0.0
2026-06-10 10:30:00,10,100.0,221.88,0.0,44.48,0.0,171.62,0.0,81.65,68.88,0.0
2026-06-10 10:35:00,10,100.0,221.88,0.0,44.91,0.0,308.23,0.0,139.64,80.43,0.0
2026-06-10 10:40:00,10,100.0,221.88,0.0,44.07,0.0,243.96,0.0,118.8,75.59,0.77
2026-06-10 10:45:00,10,100.0,221.88,0.0,45.33,0.0,202.26,0.0,97.57,71.45,1.18
2026-06-10 10:50:00,10,100.0,221.88,0.0,45.03,0.0,253.65,0.0,128.38,77.72,0.0
2026-06-10 10:55:00,10,100.0,221.88,0.0,45.06,0.0,356.16,0.0,165.1,87.42,0.6
2026-06-10 11:00:00,10,100.0,221.88,0.0,44.58,0.0,295.91,0.0,143.14,81.32,1.23
2026-06-10 11:05:00,10,100.0,221.88,0.0,45.67,0.0,231.98,0.0,116.1,75.02,0.31
2026-06-10 11:10:00,10,100.0,221.88,0.0,44.29,0.0,300.52,0.0,148.52,82.74,0.0
2026-06-10 11:15:00,10,100.0,221.88,0.0,43.75,0.0,193.55,0.0,91.57,70.43,0.0
2026-06-10 11:20:00,10,100.0,221.88,0.0,45.01,0.0,258.92,0.0,116.05,75.01,0.18
2026-06-10 11:25:00,10,100.0,221.88,0.0,45.07,0.0,281.85,0.0,133.88,79.02,0.0
2026-06-10 11:30:00,10,100.0,221.88,0.0,45.2,0.0,275.62,0.0,134.22,79.1,0.0
2026-06-10 11:35:00,10,100.0,221.88,0.0,45.01,0.0,337.18,0.0,168.16,88.34,0.22
2026-06-10 11:40:00,10,100.0,221.88,0.0,45.26,0.0,261.69,0.0,116.4,91.08,0.0
2026-06-10 11:45:00,10,100.0,221.88,0.0,45.37,0.0,245.24,0.0,125.51,77.06,0.51
2026-06-10 11:50:00,10,100.0,221.88,0.0,44.69,0.0,194.58,0.0,94.09,70.85,0.0
2026-06-10 11:55:00,10,100.0,221.88,0.0,46.16,0.0,271.83,0.0,129.75,78.04,0.0
2026-06-10 12:00:00,10,100.0,221.88,0.0,45.22,0.0,297.69,0.0,133.42,78.91,0.53
2026-06-10 12:05:00,10,100.0,221.88,0.0,45.87,0.0,245.75,0.0,111.63,74.1,1.11
2026-06-10 12:10:00,10,100.0,221.88,0.0,45.14,0.0,317.73,0.0,154.8,84.45,0.0
2026-06-10 12:15:00,10,100.0,221.88,0.0,45.65,0.0,310.18,0.0,147.42,82.45,0.0
2026-06-10 12:20:00,10,100.0,221.88,0.0,44.71,0.0,314.89,0.0,147.48,82.46,0.0
2026-06-10 12:25:00,10,100.0,221.88,0.0,44.67,0.0,288.33,0.0,133.25,78.86,0.0
2026-06-10 12:30:00,10,100.0,221.88,0.0,44.48,0.0,269.15,0.0,127.26,77.46,0.67
2026-06-10 12:35:00,10,100.0,221.88,0.0,45.03,0.0,193.39,0.0,89.11,70.03,0.0
2026-06-10 12:40:00,10,100.0,221.88,0.0,44.52,0.0,185.55,0.0,83.36,69.14,0.0
2026-06-10 12:45:00,10,100.0,221.88,0.0,44.83,0.0,289.25,0.0,142.75,81.22,0.06
2026-06-10 12:50:00,10,100.0,221.88,0.0,44.57,0.0,245.51,0.0,116.99,75.2,0.0
2026-06-10 12:55:00,10,100.0,221.88,0.0,44.31,0.0,240.29,0.0,114.42,74.67,0.0
2026-06-10 13:00:00,10,100.0,221.88,0.0,44.41,0.0,281.69,0.0,124.34,76.8,1.7
2026-06-10 13:05:00,10,100.0,221.88,0.0,44.96,0.0,260.3,0.0,120.5,75.95,1.63
2026-06-10 13:10:00,10,100.0,221.88,0.0,44.66,0.0,296.69,0.0,137.65,79.94,0.66
2026-06-10 13:15:00,10,100.0,221.88,0.0,45.42,0.0,230.16,0.0,108.41,73.46,0.07
2026-06-10 13:20:00,10,100.0,221.88,0.0,44.88,0.0,323.28,0.0,153.52,84.1,0.0
2026-06-10 13:25:00,10,100.0,221.88,0.0,43.74,0.0,188.39,0.0,92.76,70.63,0.11
2026-06-10 13:30:00,10,100.0,221.88,0.0,43.45,0.0,255.78,0.0,116.26,75.05,0.0
2026-06-10 13:35:00,10,100.0,221.88,0.0,44.73,0.0,331.9,0.0,154.46,84.36,0.0
2026-06-10 13:40:00,10,100.0,221.88,0.0,43.72,0.0,212.93,0.0,99.31,71.76,0.54
2026-06-10 13:45:00,10,100.0,221.88,0.0,44.66,0.0,209.95,0.0,96.07,71.19,0.28
2026-06-10 13:50:00,10,100.0,221.88,0.0,43.79,0.0,206.78,0.0,90.93,70.32,0.0
2026-06-10 13:55:00,10,100.0,221.88,0.0,44.14,0.0,197.8,0.0,94.41,70.91,0.0
2026-06-10 14:00:00,10,100.0,221.88,0.0,44.14,0.0,196.89,0.0,95.41,71.08,0.36
2026-06-10 14:05:00,10,100.0,221.88,0.0,43.74,0.0,282.19,0.0,135.42,92.92,0.14
2026-06-10 14:10:00,10,100.0,221.88,0.0,44.36,0.0,241.23,0.0,124.33,76.8,0.48
2026-06-10 14:15:00,10,100.0,221.88,0.0,44.11,0.0,294.33,0.0,151.32,83.49,0.0
2026-06-10 14:20:00,10,100.0,221.88,0.0,43.66,0.0,353.94,0.0,169.16,88.64,0.78
2026-06-10 14:25:00,10,100.0,221.88,0.0,43.58,0.0,176.19,0.0,79.46,68.56,0.0
2026-06-10 14:30:00,10,100.0,221.88,0.0,43.02,0.0,329.41,0.0,163.37,86.9,0.0
2026-06-10 14:35:00,10,100.0,221.88,0.0,43.8,0.0,274.08,0.0,129.65,78.01,0.44
2026-06-10 14:40:00,10,100.0,221.88,0.0,42.67,0.0,201.73,0.0,92.72,70.62,0.0
2026-06-10 14:45:00,10,100.0,221.88,0.0,43.84,0.0,178.53,0.0,82.77,69.05,0.64
2026-06-10 14:50:00,10,100.0,221.88,0.0,42.33,0.0,182.96,0.0,87.98,69.85,0.0
2026-06-10 14:55:00,10,100.0,221.88,0.0,43.67,0.0,226.42,0.0,109.22,73.62,0.0
2026-06-10 15:00:00,10,100.0,221.88,0.0,42.95,0.0,286.3,0.0,134.18,79.08,0.28
2026-06-10 15:05:00,10,100.0,221.88,0.0,43.13,0.0,157.38,0.0,76.02,68.08,0.22
2026-06-10 15:10:00,10,100.0,221.88,0.0,42.94,0.0,203.98,0.0,94.38,70.9,1.05
2026-06-10 15:15:00,10,100.0,221.88,0.0,42.61,0.0,230.78,0.0,108.03,73.38,0.0
2026-06-10 15:20:00,10,100.0,221.88,0.0,42.36,0.0,206.93,0.0,96.06,71.18,0.74
2026-06-10 15:25:00,10,100.0,221.88,0.0,42.03,0.0,260.7,0.0,117.24,75.25,0.0
2026-06-10 15:30:00,10,100.0,221.88,0.0,42.85,0.0,215.28,0.0,95.07,71.01,0.0
2026-06-10 15:35:00,10,100.0,221.88,0.0,41.85,0.0,184.31,0.0,88.05,69.86,0.07
2026-06-10 15:40:00,10,100.0,221.88,0.0,41.73,0.0,224.36,0.0,105.52,89.63,1.1
2026-06-10 15:45:00,10,100.0,221.88,0.0,42.66,0.0,273.69,0.0,135.23,79.34,0.0
2026-06-10 15:50:00,10,100.0,221.88,0.0,41.34,0.0,183.86,0.0,89.28,70.05,0.0
2026-06-10 15:55:00,10,100.0,221.88,0.0,42.3,0.0,229.77,0.0,96.31,71.23,0.42
2026-06-10 16:00:00,10,100.0,221.88,0.0,42.06,0.0,266.5,0.0,123.62,89.12,0.4
2026-06-10 16:05:00,10,100.0,221.88,0.0,41.84,0.0,247.24,0.0,113.41,74.45,95.91
2026-06-10 16:10:00,10,100.0,221.88,0.0,40.91,67.02,290.82,0.24,132.28,102.56,97.65
2026-06-10 16:15:00,10,100.0,221.88,0.0,41.49,61.47,288.94,0.25,142.48,103.16,96.46
2026-06-10 16:20:00,10,100.0,221.88,0.0,41.13,63.84,314.84,0.2,151.31,106.23,96.08
2026-06-10 16:25:00,10,100.0,221.88,0.0,40.59,59.4,240.79,0.36,107.56,94.8,95.69
2026-06-10 16:30:00,10,100.0,221.88,0.0,40.35,55.77,267.91,0.24,123.08,96.51,95.42
2026-06-10 16:35:00,10,100.0,221.88,0.0,40.33,58.62,318.38,0.19,150.33,104.11,96.05
2026-06-10 16:40:00,10,100.0,221.88,0.0,40.89,55.29,247.43,0.28,116.59,95.02,96.13
2026-06-10 16:45:00,10,100.0,221.88,0.0,39.47,53.75,287.77,0.21,131.59,97.69,95.5
2026-06-10 16:50:00,10,100.0,221.88,0.0,40.08,53.52,262.2,0.24,123.48,95.81,96.15
2026-06-10 16:55:00,10,100.0,221.88,0.0,40.07,52.95,291.08,0.2,133.3,97.8,94.98
2026-06-10 17:00:00,10,100.0,221.88,0.0,39.47,52.71,221.21,0.33,100.8,91.13,94.28
2026-06-10 17:05:00,10,100.0,221.88,0.0,38.8,48.53,195.12,0.41,95.94,88.96,94.67
2026-06-10 17:10:00,10,100.0,221.88,0.0,39.43,48.46,254.87,0.22,127.34,94.87,94.73
2026-06-10 17:15:00,10,100.0,221.88,0.0,39.55,49.04,249.53,0.27,114.9,92.46,95.57
2026-06-10 17:20:00,10,100.0,221.88,0.0,39.35,49.13,235.6,0.29,117.41,93.06,93.84
2026-06-10 17:25:00,10,100.0,221.88,0.0,38.79,41.6,235.82,0.26,114.48,89.75,94.9
2026-06-10 17:30:00,10,100.0,221.88,0.0,39.07,43.66,186.15,0.4,89.42,86.15,94.54
2026-06-10 17:35:00,10,100.0,221.88,0.0,38.14,45.41,236.86,0.27,116.96,91.62,94.18
2026-06-10 17:40:00,10,100.0,221.88,0.0,38.41,43.17,279.42,0.16,132.75,94.16,92.55
2026-06-10 17:45:00,10,100.0,221.88,0.0,38.13,42.74,331.92,0.12,159.55,100.98,93.39
2026-06-10 17:50:00,10,100.0,221.88,0.0,37.91,42.31,214.75,0.3,111.96,89.56,92.03
2026-06-10 17:55:00,10,100.0,221.88,0.0,37.83,42.39,322.91,0.14,146.93,97.42,92.49
2026-06-10 18:00:00,10,100.0,221.88,0.0,38.39,41.46,258.9,0.19,116.01,89.88,92.31
2026-06-10 18:05:00,10,100.0,221.88,0.0,37.32,35.15,305.61,0.12,146.78,94.8,94.14
2026-06-10 18:10:00,10,100.0,221.88,0.0,37.15,34.21,257.79,0.17,121.31,88.43,93.54
2026-06-10 18:15:00,10,100.0,221.88,0.0,37.37,34.27,316.25,0.11,150.54,95.48,94.32
2026-06-10 18:20:00,10,100.0,221.88,0.0,37.28,34.16,172.49,0.4,79.92,81.37,92.54
2026-06-10 18:25:00,10,100.0,221.88,0.0,37.72,31.01,216.22,0.21,103.15,83.72,91.27
2026-06-10 18:30:00,10,100.0,221.88,0.0,37.83,27.0,231.71,0.15,114.11,84.34,92.76
2026-06-10 18:35:00,10,100.0,221.88,0.0,36.9,32.33,261.4,0.15,119.31,87.29,92.31
2026-06-10 18:40:00,10,100.0,221.88,0.0,37.27,25.74,197.59,0.22,96.84,80.76,91.29
2026-06-10 18:45:00,10,100.0,221.88,0.0,36.34,21.35,259.63,0.1,118.61,83.2,93.34
2026-06-10 18:50:00,10,100.0,221.88,0.0,36.67,26.36,289.93,0.1,134.87,88.66,92.85
2026-06-10 18:55:00,10,100.0,221.88,0.0,35.42,24.01,306.66,0.09,145.41,90.48,92.03
2026-06-10 19:00:00,10,100.0,221.88,0.0,35.36,28.87,314.33,0.1,154.42,94.63,91.57
2026-06-10 19:05:00,10,100.0,221.88,0.0,35.56,25.48,198.44,0.21,91.76,79.78,92.31
2026-06-10 19:10:00,10,100.0,221.88,0.0,35.58,29.16,233.42,0.17,104.46,83.23,91.3
2026-06-10 19:15:00,10,100.0,221.88,0.0,35.07,28.7,265.44,0.12,120.58,86.24,91.18
2026-06-10 19:20:00,10,100.0,221.88,0.0,35.38,17.15,228.12,0.11,106.87,79.37,90.5
2026-06-10 19:25:00,10,100.0,221.88,0.0,35.24,22.91,355.81,0.06,169.93,96.99,90.91
2026-06-10 19:30:00,10,100.0,221.88,0.0,35.05,22.78,236.1,0.12,111.3,82.23,90.83
2026-06-10 19:35:00,10,100.0,221.88,0.0,35.21,17.95,259.26,0.09,121.57,82.63,88.39
2026-06-10 19:40:00,10,100.0,221.88,0.0,36.02,23.22,277.92,0.1,129.73,86.34,89.49
2026-06-10 19:45:00,10,100.0,221.88,0.0,35.51,18.72,211.32,0.13,99.07,78.51,89.69
2026-06-10 19:50:00,10,100.0,221.88,0.0,35.07,26.3,326.84,0.08,149.94,92.46,89.95
2026-06-10 19:55:00,10,100.0,221.88,0.0,34.38,29.69,218.84,0.2,106.77,83.92,88.72
2026-06-10 20:00:00,10,100.0,221.88,0.0,34.44,19.02,225.87,0.1,113.46,96.35,88.44
2026-06-10 20:05:00,10,100.0,221.88,0.0,33.86,24.17,199.41,0.21,96.16,80.06,89.67
2026-06-10 20:10:00,10,100.0,221.88,0.0,34.0,24.93,284.89,0.09,134.92,88.15,90.41
2026-06-10 20:15:00,10,100.0,221.88,0.0,34.16,26.93,263.77,0.13,128.3,87.36,88.66
2026-06-10 20:20:00,10,100.0,221.88,0.0,34.44,21.66,179.78,0.21,87.13,77.7,88.98
2026-06-10 20:25:00,10,100.0,221.88,0.0,33.89,17.79,276.09,0.08,125.07,83.33,88.4
2026-06-10 20:30:00,10,100.0,221.88,0.0,33.72,24.25,219.11,0.15,96.63,80.05,90.29
2026-06-10 20:35:00,10,100.0,221.88,0.0,34.5,24.48,228.54,0.13,104.89,81.59,89.11
2026-06-10 20:40:00,10,100.0,221.88,0.0,34.33,23.29,261.14,0.11,122.34,84.7,88.37
2026-06-10 20:45:00,10,100.0,221.88,0.0,33.49,22.44,238.75,0.12,122.99,84.57,88.11
2026-06-10 20:50:00,10,100.0,221.88,0.0,34.22,27.53,301.9,0.09,140.13,90.35,87.78
2026-06-10 20:55:00,10,100.0,221.88,0.0,32.39,22.0,269.12,0.1,134.31,86.99,90.42
2026-06-10 21:00:00,10,100.0,221.88,0.0,33.0,32.71,234.98,0.17,109.58,85.46,87.78
2026-06-10 21:05:00,10,100.0,221.88,0.0,32.6,19.74,291.22,0.08,131.83,85.57,89.48
2026-06-10 21:10:00,10,100.0,221.88,0.0,32.96,27.05,288.06,0.1,129.56,87.64,89.72
2026-06-10 21:15:00,10,100.0,221.88,0.0,33.09,31.65,247.27,0.17,118.53,104.46,87.6
2026-06-10 21:20:00,10,100.0,221.88,0.0,32.82,31.17,322.87,0.09,152.96,95.01,84.9
2026-06-10 21:25:00,10,100.0,221.88,0.0,33.16,30.33,341.42,0.08,153.64,94.88,87.84
2026-06-10 21:30:00,10,100.0,221.88,0.0,31.88,32.04,244.91,0.18,110.79,85.48,85.57
2026-06-10 21:35:00,10,100.0,221.88,0.0,32.21,35.23,303.91,0.13,136.34,92.18,86.72
2026-06-10 21:40:00,10,100.0,221.88,0.0,32.03,34.76,288.02,0.13,148.31,95.08,87.15
2026-06-10 21:45:00,10,100.0,221.88,0.0,31.95,34.47,251.56,0.17,123.68,89.03,86.05
2026-06-10 21:50:00,10,100.0,221.88,0.0,33.08,41.39,309.58,0.15,142.23,95.85,86.67
2026-06-10 21:55:00,10,100.0,221.88,0.0,32.46,40.37,286.76,0.17,140.63,95.13,85.6
2026-06-10 22:00:00,10,100.0,221.88,0.0,31.8,39.34,320.68,0.12,150.96,97.38,86.9
2026-06-10 22:05:00,10,100.0,221.88,0.0,31.85,40.73,266.13,0.16,124.08,111.66,88.02
2026-06-10 22:10:00,10,100.0,221.88,0.0,31.75,50.33,294.03,0.18,135.81,97.43,85.39
2026-06-10 22:15:00,10,100.0,221.88,0.0,32.16,39.8,190.4,0.37,90.41,84.89,86.09
2026-06-10 22:20:00,10,100.0,221.88,0.0,30.97,42.89,196.77,0.36,95.37,86.78,85.86
2026-06-10 22:25:00,10,100.0,221.88,0.0,30.19,48.83,238.61,0.27,114.45,92.27,85.8
2026-06-10 22:30:00,10,100.0,221.88,0.0,32.25,44.81,339.23,0.12,166.36,103.69,84.79
2026-06-10 22:35:00,10,100.0,221.88,0.0,32.4,50.0,219.49,0.33,103.04,90.58,86.29
2026-06-10 22:40:00,10,100.0,221.88,0.0,31.86,55.99,214.34,0.4,98.63,92.01,83.02
2026-06-10 22:45:00,10,100.0,221.88,0.0,30.98,53.67,256.67,0.25,116.62,94.38,83.74
2026-06-10 22:50:00,10,100.0,221.88,0.0,30.88,54.37,270.89,0.24,124.58,96.34,86.11
2026-06-10 22:55:00,10,100.0,221.88,0.0,31.05,56.99,311.77,0.2,151.98,127.18,85.89
2026-06-10 23:00:00,10,100.0,221.88,0.0,31.02,60.74,265.78,0.26,123.36,98.33,84.81
2026-06-10 23:05:00,10,100.0,221.88,0.0,30.93,64.54,236.15,0.38,118.02,98.74,86.14
2026-06-10 23:10:00,10,100.0,221.88,0.0,30.98,64.52,338.36,0.18,161.56,109.29,83.45
2026-06-10 23:15:00,10,100.0,221.88,0.0,31.47,60.07,302.05,0.21,138.3,101.52,82.16
2026-06-10 23:20:00,10,100.0,221.88,0.0,30.77,73.34,307.39,0.28,152.36,109.98,84.45
2026-06-10 23:25:00,10,100.0,221.88,0.0,30.52,69.08,308.52,0.23,147.13,106.98,84.85
2026-06-10 23:30:00,10,100.0,221.88,0.0,31.13,71.77,265.26,0.33,123.47,102.36,82.89
2026-06-10 23:35:00,10,100.0,221.88,0.0,30.61,70.22,224.65,0.49,112.19,99.74,83.15
2026-06-10 23:40:00,10,100.0,221.88,0.0,31.35,81.53,222.08,0.5,108.85,103.06,84.3
2026-06-10 23:45:00,10,100.0,221.88,0.0,31.47,72.16,221.3,0.47,110.93,100.13,83.88
2026-06-10 23:50:00,10,100.0,221.88,0.0,31.4,77.07,207.82,0.58,95.75,99.24,81.07
2026-06-10 23:55:00,10,100.0,221.88,0.0,32.06,74.52,300.88,0.26,144.43,108.24,81.56
2026-06-11 00:00:00,10,-75.78,438.68,0.0,30.9,78.46,259.77,0.38,127.55,105.72,82.68
2026-06-11 00:05:00,10,-75.78,438.68,0.0,31.66,77.3,275.69,0.34,131.55,106.17,83.05
2026-06-11 00:10:00,10,-75.78,438.68,0.0,31.41,84.44,319.12,0.28,159.06,115.74,81.35
2026-06-11 00:15:00,10,-75.78,438.68,0.0,30.97,89.24,276.66,0.37,131.91,110.49,80.8
2026-06-11 00:20:00,10,-75.78,438.68,0.0,31.84,89.89,311.3,0.3,150.37,115.27,81.55
2026-06-11 00:25:00,10,-75.78,438.68,0.0,30.78,91.34,223.99,0.56,107.24,106.3,82.67
2026-06-11 00:30:00,10,-75.78,438.68,0.0,31.09,87.99,186.89,0.85,85.17,101.88,83.67
2026-06-11 00:35:00,10,-75.78,438.68,0.0,31.98,88.65,171.17,0.97,83.3,102.07,80.91
2026-06-11 00:40:00,10,-75.78,438.68,0.0,31.06,93.73,344.55,0.24,163.04,120.07,82.18
2026-06-11 00:45:00,10,-75.78,438.68,0.0,30.01,93.38,288.6,0.36,124.41,110.19,78.95
2026-06-11 00:50:00,10,-75.78,438.68,0.0,31.34,95.68,302.49,0.33,148.38,116.82,80.19
2026-06-11 00:55:00,10,-75.78,438.68,0.0,30.99,92.5,224.28,0.56,106.26,106.51,79.79
2026-06-11 01:00:00,10,-75.78,438.68,0.0,31.36,91.31,181.09,0.86,79.93,102.29,81.31
2026-06-11 01:05:00,10,-75.78,438.68,0.0,31.26,97.46,257.47,0.45,119.02,110.62,81.34
2026-06-11 01:10:00,10,-75.78,438.68,0.0,31.63,93.79,150.97,1.31,66.9,102.33,80.89
2026-06-11 01:15:00,10,-75.78,438.68,0.0,30.83,90.94,244.3,0.45,124.51,109.54,79.73
2026-06-11 01:20:00,10,-75.78,438.68,0.0,31.12,97.73,218.06,0.67,101.91,107.75,79.72
2026-06-11 01:25:00,10,-75.78,438.68,0.0,32.11,97.57,187.65,0.84,89.27,105.86,81.47
2026-06-11 01:30:00,10,-75.78,438.68,0.0,31.19,104.64,222.29,0.68,102.44,110.29,79.55
2026-06-11 01:35:00,10,-75.78,438.68,0.0,31.81,97.43,224.74,0.69,105.86,127.9,78.38
2026-06-11 01:40:00,10,-75.78,438.68,0.0,31.48,102.01,173.94,1.08,84.77,107.19,78.67
2026-06-11 01:45:00,10,-75.78,438.68,0.0,31.7,105.81,282.12,0.38,134.72,116.99,78.88
2026-06-11 01:50:00,10,-75.78,438.68,0.0,31.94,106.29,198.94,0.8,94.19,109.65,79.93
2026-06-11 01:55:00,10,-75.78,438.68,0.0,31.82,115.99,203.78,0.81,94.21,113.06,80.07
2026-06-11 02:00:00,10,-75.78,438.68,0.0,32.45,104.95,274.55,0.44,132.06,116.17,78.33
2026-06-11 02:05:00,10,-75.78,438.68,0.0,31.83,106.89,157.44,1.33,75.94,108.12,78.01
2026-06-11 02:10:00,10,-75.78,438.68,0.0,32.88,112.02,188.49,1.07,93.46,127.58,78.5
2026-06-11 02:15:00,10,-75.78,438.68,0.0,31.48,106.58,277.73,0.47,126.24,115.45,77.46
2026-06-11 02:20:00,10,-75.78,438.68,0.0,31.72,108.33,190.69,0.92,86.96,109.42,78.5
2026-06-11 02:25:00,10,-75.78,438.68,0.0,32.91,101.83,304.28,0.32,142.68,117.46,76.93
2026-06-11 02:30:00,10,-75.78,438.68,0.0,32.75,106.31,275.19,0.45,126.37,115.34,76.69
2026-06-11 02:35:00,10,-75.78,438.68,0.0,33.53,104.2,301.09,0.36,142.41,118.3,78.3
2026-06-11 02:40:00,10,-75.78,438.68,0.0,32.4,107.21,221.61,0.72,100.36,110.89,77.37
2026-06-11 02:45:00,10,-75.78,438.68,0.0,33.06,107.89,216.92,0.75,106.3,112.29,76.09
2026-06-11 02:50:00,10,-75.78,438.68,0.0,33.17,98.93,285.39,0.38,133.29,114.23,76.24
2026-06-11 02:55:00,10,-75.78,438.68,0.0,32.59,111.23,253.12,0.63,116.89,115.35,76.56
2026-06-11 03:00:00,10,-75.78,438.68,0.0,33.1,97.24,293.18,0.35,142.09,115.77,77.62
2026-06-11 03:05:00,10,-75.78,438.68,0.0,33.08,79.18,221.46,0.5,97.89,100.2,76.9
2026-06-11 03:10:00,10,-75.78,438.68,0.0,33.27,75.58,308.86,0.25,147.89,109.5,76.9
2026-06-11 03:15:00,10,-75.78,438.68,0.0,33.92,77.77,262.1,0.34,116.98,103.08,75.25
2026-06-11 03:20:00,10,-75.78,438.68,0.0,32.9,79.79,355.81,0.21,164.8,115.65,76.18
2026-06-11 03:25:00,10,-75.78,438.68,0.0,31.81,77.37,295.97,0.26,136.0,107.11,78.25
2026-06-11 03:30:00,10,-75.78,438.68,0.0,33.41,74.59,279.75,0.29,137.07,106.46,74.47
2026-06-11 03:35:00,10,-75.78,438.68,0.0,33.15,80.58,291.02,0.32,134.11,107.89,75.9
2026-06-11 03:40:00,10,-75.78,438.68,0.0,34.35,80.05,236.3,0.44,110.28,102.71,75.16
2026-06-11 03:45:00,10,-75.78,438.68,0.0,34.44,75.88,218.74,0.5,102.47,99.87,76.75
2026-06-11 03:50:00,10,-75.78,438.68,0.0,33.85,73.26,290.96,0.27,138.03,106.19,75.63
2026-06-11 03:55:00,10,-75.78,438.68,0.0,34.36,71.67,242.16,0.4,122.73,102.3,73.27
2026-06-11 04:00:00,10,-75.78,438.68,0.0,34.66,71.81,320.74,0.23,146.15,107.68,73.1
2026-06-11 04:05:00,10,-75.78,438.68,0.0,34.6,70.89,225.28,0.46,102.86,98.12,74.01
2026-06-11 04:10:00,10,-75.78,438.68,0.0,35.19,66.15,273.79,0.3,123.02,100.24,74.91
2026-06-11 04:15:00,10,-75.78,438.68,0.0,34.9,67.5,327.97,0.21,152.23,107.77,73.22
2026-06-11 04:20:00,10,-75.78,438.68,0.0,35.86,62.72,316.63,0.2,148.44,105.05,74.64
2026-06-11 04:25:00,10,-75.78,438.68,0.0,35.09,63.19,320.49,0.19,144.98,104.28,73.73
2026-06-11 04:30:00,10,-75.78,438.68,0.0,36.55,67.71,211.37,0.46,92.47,95.18,74.42
2026-06-11 04:35:00,10,-75.78,438.68,0.0,36.41,57.46,236.93,0.31,106.19,93.75,74.48
2026-06-11 04:40:00,10,-75.78,438.68,0.0,35.84,58.99,256.8,0.29,114.56,95.9,73.72
2026-06-11 04:45:00,10,-75.78,438.68,0.0,34.9,55.92,211.29,0.4,95.41,91.43,73.22
2026-06-11 04:50:00,10,-75.78,438.68,0.0,35.71,60.29,334.25,0.17,150.37,104.66,73.46
2026-06-11 04:55:00,10,-75.78,438.68,0.0,35.73,60.05,271.84,0.27,132.97,100.34,72.82
2026-06-11 05:00:00,10,-75.78,438.68,0.0,35.56,53.59,348.18,0.14,163.25,105.89,73.5
2026-06-11 05:05:00,10,-75.78,438.68,0.0,36.66,60.29,264.03,0.27,125.44,98.67,72.97
2026-06-11 05:10:00,10,-75.78,438.68,0.0,37.38,52.37,150.59,0.74,72.22,87.37,71.54
2026-06-11 05:15:00,10,-75.78,438.68,0.0,37.8,48.9,262.82,0.22,137.6,97.47,70.03
2026-06-11 05:20:00,10,-75.78,438.68,0.0,36.35,46.67,272.95,0.2,129.48,94.69,72.84
2026-06-11 05:25:00,10,-75.78,438.68,0.0,37.18,46.77,262.6,0.19,128.06,94.38,72.08
2026-06-11 05:30:00,10,-75.78,438.68,0.0,36.61,51.19,316.07,0.16,150.97,101.62,71.67
2026-06-11 05:35:00,10,-75.78,438.68,0.0,36.69,47.31,253.92,0.23,132.73,95.74,71.21
2026-06-11 05:40:00,10,-75.78,438.68,0.0,38.76,49.76,156.11,0.68,71.56,86.26,71.65
2026-06-11 05:45:00,10,-75.78,438.68,0.0,37.27,44.8,269.71,0.21,124.04,92.82,70.66
2026-06-11 05:50:00,10,-75.78,438.68,0.0,38.83,45.08,322.14,0.15,147.81,98.61,71.69
2026-06-11 05:55:00,10,-75.78,438.68,0.0,38.06,45.0,221.97,0.29,101.65,88.5,71.31
2026-06-11 06:00:00,10,-75.78,438.68,0.0,38.51,41.27,201.22,0.31,92.13,85.57,70.5
2026-06-11 06:05:00,10,-75.78,438.68,0.0,38.28,40.45,237.74,0.24,114.76,89.36,72.9
2026-06-11 06:10:00,10,-75.78,438.68,0.0,37.62,33.21,199.04,0.29,93.21,82.89,70.12
2026-06-11 06:15:00,10,-75.78,438.68,0.0,38.82,40.83,307.51,0.14,148.26,97.22,71.56
2026-06-11 06:20:00,10,-75.78,438.68,0.0,38.92,40.92,222.62,0.28,112.47,89.14,69.94
2026-06-11 06:25:00,10,-75.78,438.68,0.0,39.73,33.99,296.72,0.13,137.6,92.07,68.62
2026-06-11 06:30:00,10,-75.78,438.68,0.0,39.04,29.26,153.82,0.41,72.48,78.66,69.2
2026-06-11 06:35:00,10,-75.78,438.68,0.0,38.72,37.49,241.14,0.2,117.71,88.86,69.37
2026-06-11 06:40:00,10,-75.78,438.68,0.0,38.82,23.07,188.73,0.2,87.39,78.22,69.9
2026-06-11 06:45:00,10,-75.78,438.68,0.0,40.4,32.45,296.23,0.11,145.63,93.54,71.2
2026-06-11 06:50:00,10,-75.78,438.68,0.0,40.0,30.46,269.51,0.12,117.32,86.16,69.86
2026-06-11 06:55:00,10,-75.78,438.68,0.0,39.46,25.86,157.28,0.34,72.78,77.37,70.01
2026-06-11 07:00:00,10,-75.78,438.68,0.0,40.1,26.49,237.33,0.13,105.3,82.38,69.63
2026-06-11 07:05:00,10,-75.78,438.68,0.0,40.46,29.0,231.79,0.17,114.92,85.25,69.85
2026-06-11 07:10:00,10,-75.78,438.68,0.0,40.16,30.2,306.67,0.1,135.47,90.16,69.9
2026-06-11 07:15:00,10,-75.78,438.68,0.0,40.2,29.52,275.21,0.13,131.37,89.0,67.97
2026-06-11 07:20:00,10,-75.78,438.68,0.0,40.89,28.64,321.97,0.09,145.53,92.14,69.68
2026-06-11 07:25:00,10,-75.78,438.68,0.0,41.29,28.14,272.47,0.13,123.96,86.81,68.7
2026-06-11 07:30:00,10,-75.78,438.68,0.0,40.95,23.63,301.73,0.08,153.06,92.39,68.13
2026-06-11 07:35:00,10,-75.78,438.68,0.0,40.86,23.88,235.58,0.14,108.3,82.07,67.08
2026-06-11 07:40:00,10,-75.78,438.68,0.0,41.12,19.35,292.93,0.08,128.93,84.77,68.72
2026-06-11 07:45:00,10,-75.78,438.68,0.0,40.67,22.28,169.07,0.25,77.92,76.64,67.87
2026-06-11 07:50:00,10,-75.78,438.68,0.0,40.82,26.77,332.87,0.08,153.51,93.61,67.82
2026-06-11 07:55:00,10,-75.78,438.68,0.0,41.06,20.46,259.85,0.09,122.47,83.72,68.06
2026-06-11 08:00:00,10,-75.78,438.68,0.0,41.75,23.81,250.28,0.11,116.66,83.68,66.8
2026-06-11 08:05:00,10,-75.78,438.68,0.0,42.46,30.85,270.3,0.14,119.02,86.71,67.19
2026-06-11 08:10:00,10,-75.78,438.68,0.0,41.62,16.73,263.36,0.08,128.62,95.8,67.06
2026-06-11 08:15:00,10,-75.78,438.68,0.0,41.7,33.35,246.68,0.18,111.5,86.1,67.33
2026-06-11 08:20:00,10,-75.78,438.68,0.0,42.39,25.03,246.68,0.13,110.84,82.96,67.1
2026-06-11 08:25:00,10,-75.78,438.68,0.0,42.16,28.04,301.1,0.1,143.44,91.41,66.01
2026-06-11 08:30:00,10,-75.78,438.68,0.0,41.66,26.94,261.79,0.12,121.88,85.92,65.71
2026-06-11 08:35:00,10,-75.78,438.68,0.0,42.62,25.43,232.9,0.15,112.89,83.55,68.58
2026-06-11 08:40:00,10,-75.78,438.68,0.0,42.58,23.71,146.63,0.36,69.05,76.19,65.47
2026-06-11 08:45:00,10,-75.78,438.68,0.0,42.55,20.4,219.75,0.13,102.5,79.74,65.79
2026-06-11 08:50:00,10,-75.78,438.68,0.0,42.98,26.21,149.54,0.36,71.21,77.34,67.05
2026-06-11 08:55:00,10,-75.78,438.68,0.0,41.69,30.65,204.35,0.22,100.14,83.07,66.0
2026-06-11 09:00:00,10,-75.78,438.68,0.0,43.35,31.52,278.66,0.13,136.82,91.02,67.14
2026-06-11 09:05:00,10,-75.78,438.68,0.0,43.2,31.98,287.0,0.13,132.31,90.09,66.08
2026-06-11 09:10:00,10,-75.78,438.68,0.0,42.96,37.45,299.69,0.14,136.03,92.92,64.93
2026-06-11 09:15:00,10,-75.78,438.68,0.0,42.58,27.49,215.0,0.19,97.29,81.4,66.36
2026-06-11 09:20:00,10,-75.78,438.68,0.0,43.19,30.57,275.37,0.13,127.4,88.45,64.27
2026-06-11 09:25:00,10,-75.78,438.68,0.0,43.52,37.09,251.63,0.19,122.6,89.77,65.52
2026-06-11 09:30:00,10,-75.78,438.68,0.0,43.69,34.95,309.78,0.12,140.39,93.09,64.28
2026-06-11 09:35:00,10,-75.78,438.68,0.0,43.28,33.4,247.55,0.18,115.56,86.95,65.66
2026-06-11 09:40:00,10,-75.78,438.68,0.0,43.79,44.83,223.06,0.29,101.42,88.41,64.79
2026-06-11 09:45:00,10,-75.78,438.68,0.0,42.77,37.62,278.23,0.16,134.03,92.53,64.09
2026-06-11 09:50:00,10,-75.78,438.68,0.0,43.73,32.1,258.02,0.15,130.67,89.78,64.46
2026-06-11 09:55:00,10,-75.78,438.68,0.0,43.83,36.19,256.55,0.2,117.3,88.33,63.95
2026-06-11 10:00:00,10,-75.78,438.68,0.0,44.8,37.06,203.08,0.29,91.74,84.01,64.17
2026-06-11 10:05:00,10,-75.78,438.68,0.0,43.68,33.71,264.81,0.14,134.16,91.16,64.27
2026-06-11 10:10:00,10,-75.78,438.68,0.0,44.37,37.32,259.87,0.17,127.97,91.03,65.74
2026-06-11 10:15:00,10,-75.78,438.68,0.0,45.14,40.3,208.62,0.29,93.77,85.48,62.74
2026-06-11 10:20:00,10,-75.78,438.68,0.0,43.92,40.52,204.75,0.29,93.02,85.43,64.27
2026-06-11 10:25:00,10,-75.78,438.68,0.0,44.06,40.26,204.21,0.29,90.14,84.87,63.61
2026-06-11 10:30:00,10,-75.78,438.68,0.0,44.31,40.16,256.92,0.19,129.83,92.49,64.0
2026-06-11 10:35:00,10,-75.78,438.68,0.0,43.85,44.46,296.24,0.16,155.15,100.43,63.73
2026-06-11 10:40:00,10,-75.78,438.68,0.0,44.13,41.57,330.02,0.13,156.05,99.61,62.64
2026-06-11 10:45:00,10,-75.78,438.68,0.0,44.63,47.04,312.89,0.15,143.68,98.23,62.2
2026-06-11 10:50:00,10,-75.78,438.68,0.0,44.65,45.62,238.85,0.25,107.08,89.67,63.59
2026-06-11 10:55:00,10,-75.78,438.68,0.0,44.77,48.99,262.66,0.22,135.25,96.93,63.46
2026-06-11 11:00:00,10,-75.78,438.68,0.0,45.12,55.97,242.63,0.32,115.67,95.16,62.92
2026-06-11 11:05:00,10,-75.78,438.68,0.0,44.73,46.98,273.64,0.2,133.22,95.7,61.75
2026-06-11 11:10:00,10,-75.78,438.68,0.0,44.65,54.64,239.9,0.27,110.01,93.44,62.43
2026-06-11 11:15:00,10,-75.78,438.68,0.0,45.44,54.56,296.92,0.18,137.85,99.44,63.03
2026-06-11 11:20:00,10,-75.78,438.68,0.0,44.55,55.3,198.11,0.42,88.71,90.16,62.93
2026-06-11 11:25:00,10,-75.78,438.68,0.0,44.88,62.36,297.32,0.23,145.51,104.23,60.89
2026-06-11 11:30:00,10,-75.78,438.68,0.0,43.95,60.96,133.09,1.12,58.9,89.58,60.33
2026-06-11 11:35:00,10,-75.78,438.68,0.0,44.86,63.55,247.25,0.34,120.75,98.93,59.2
2026-06-11 11:40:00,10,-75.78,438.68,0.0,44.84,58.14,237.58,0.3,119.62,96.71,60.48
2026-06-11 11:45:00,10,-75.78,438.68,0.0,44.86,62.04,332.88,0.16,147.59,104.52,60.57
2026-06-11 11:50:00,10,-75.78,438.68,0.0,45.04,62.94,221.68,0.41,107.88,96.21,61.68
2026-06-11 11:55:00,10,-75.78,438.68,0.0,45.46,65.71,184.04,0.59,82.86,93.24,61.42
2026-06-11 12:00:00,10,-75.78,438.68,0.0,45.23,67.3,281.74,0.27,133.14,102.94,60.57
2026-06-11 12:05:00,10,-75.78,438.68,0.0,45.51,68.05,274.0,0.28,132.26,127.32,62.02
2026-06-11 12:10:00,10,-75.78,438.68,0.0,45.25,59.08,268.78,0.25,124.51,98.02,59.81
2026-06-11 12:15:00,10,-75.78,438.68,0.0,44.39,56.67,291.83,0.2,143.81,101.73,61.43
2026-06-11 12:20:00,10,-75.78,438.68,0.0,45.58,57.54,322.11,0.15,146.92,102.75,60.6
2026-06-11 12:25:00,10,-75.78,438.68,0.0,45.7,57.87,325.72,0.18,153.97,104.84,59.26
2026-06-11 12:30:00,10,-75.78,438.68,0.0,44.73,48.19,276.03,0.21,135.67,96.74,60.42
2026-06-11 12:35:00,10,-75.78,438.68,0.0,44.55,52.39,274.4,0.21,122.79,108.44,59.93
2026-06-11 12:40:00,10,-75.78,438.68,0.0,45.67,51.72,261.13,0.21,117.64,93.86,57.58
2026-06-11 12:45:00,10,-75.78,438.68,0.0,44.39,55.13,233.18,0.34,109.14,93.58,59.46
2026-06-11 12:50:00,10,-75.78,438.68,0.0,45.13,45.38,243.4,0.24,106.63,89.48,58.81
2026-06-11 12:55:00,10,-75.78,438.68,0.0,44.59,44.33,203.89,0.35,102.18,88.5,57.98
2026-06-11 13:00:00,10,-75.78,438.68,0.0,44.5,50.11,174.46,0.55,84.52,87.95,59.34
2026-06-11 13:05:00,10,-75.78,438.68,0.0,44.32,47.4,304.56,0.17,144.87,98.7,58.93
2026-06-11 13:10:00,10,-75.78,438.68,0.0,44.63,46.54,278.65,0.19,118.34,92.16,56.39
2026-06-11 13:15:00,10,-75.78,438.68,0.0,44.04,52.04,285.3,0.21,126.63,95.95,58.2
2026-06-11 13:20:00,10,-75.78,438.68,0.0,44.49,46.19,251.03,0.24,118.15,92.1,59.65
2026-06-11 13:25:00,10,-75.78,438.68,0.0,43.99,46.81,255.95,0.24,127.69,94.42,57.66
2026-06-11 13:30:00,10,-75.78,438.68,0.0,43.74,46.83,137.19,0.79,63.41,84.47,57.24
2026-06-11 13:35:00,10,-75.78,438.68,0.0,44.94,47.65,181.8,0.47,84.51,86.93,58.1
2026-06-11 13:40:00,10,-75.78,438.68,0.0,43.96,47.58,285.92,0.18,142.63,98.21,58.62
2026-06-11 13:45:00,10,-75.78,438.68,0.0,44.4,48.09,235.69,0.27,122.17,93.69,57.36
2026-06-11 13:50:00,10,-75.78,438.68,0.0,44.0,43.0,255.45,0.2,113.67,89.96,57.25
2026-06-11 13:55:00,10,-75.78,438.68,0.0,44.19,44.3,278.51,0.18,135.7,95.32,56.26
2026-06-11 14:00:00,10,-75.78,438.68,0.0,43.88,40.64,198.02,0.32,93.63,85.64,55.55
2026-06-11 14:05:00,10,-75.78,438.68,0.0,43.8,43.83,228.81,0.26,110.74,89.78,54.95
2026-06-11 14:10:00,10,-75.78,438.68,0.0,44.42,41.7,279.02,0.18,125.08,91.92,55.95
2026-06-11 14:15:00,10,-75.78,438.68,0.0,44.09,41.2,138.32,0.7,65.64,98.48,55.2
2026-06-11 14:20:00,10,-75.78,438.68,0.0,44.03,42.66,236.2,0.24,113.14,89.82,56.45
2026-06-11 14:25:00,10,-75.78,438.68,0.0,43.79,46.03,362.35,0.11,161.5,102.69,56.91
2026-06-11 14:30:00,10,-75.78,438.68,0.0,43.8,43.72,160.96,0.54,76.11,84.48,57.56
2026-06-11 14:35:00,10,-75.78,438.68,0.0,42.49,44.0,240.36,0.25,115.23,90.73,56.15
2026-06-11 14:40:00,10,-75.78,438.68,0.0,43.63,42.82,304.72,0.16,148.99,98.17,54.7
2026-06-11 14:45:00,10,-75.78,438.68,0.0,43.11,45.32,416.47,0.08,204.81,116.65,55.8
2026-06-11 14:50:00,10,-75.78,438.68,0.0,42.63,42.04,274.71,0.17,132.15,93.65,57.07
2026-06-11 14:55:00,10,-75.78,438.68,0.0,43.07,43.43,294.66,0.17,138.52,95.69,55.43
2026-06-11 15:00:00,10,-75.78,438.68,0.0,43.93,35.31,366.64,0.08,175.67,103.18,54.29
2026-06-11 15:05:00,10,-75.78,438.68,0.0,42.08,36.45,289.67,0.14,147.26,95.43,56.25
2026-06-11 15:10:00,10,-75.78,438.68,0.0,42.87,35.92,240.28,0.19,113.42,87.41,52.92
2026-06-11 15:15:00,10,-75.78,438.68,0.0,42.95,34.65,220.73,0.23,102.66,84.95,55.25
2026-06-11 15:20:00,10,-75.78,438.68,0.0,42.4,35.11,251.84,0.18,116.3,87.7,54.81
2026-06-11 15:25:00,10,-75.78,438.68,0.0,43.04,30.96,233.52,0.16,107.61,84.46,55.68
2026-06-11 15:30:00,10,-75.78,438.68,0.0,42.27,32.41,231.83,0.19,105.21,84.56,53.08
2026-06-11 15:35:00,10,-75.78,438.68,0.0,42.08,33.63,329.8,0.1,166.86,99.91,53.83
2026-06-11 15:40:00,10,-75.78,438.68,0.0,42.59,30.83,279.68,0.13,138.47,91.19,53.07
2026-06-11 15:45:00,10,-75.78,438.68,0.0,42.09,31.74,214.18,0.23,107.82,84.91,54.43
2026-06-11 15:50:00,10,-75.78,438.68,0.0,42.27,31.45,240.31,0.18,114.76,86.1,53.31
2026-06-11 15:55:00,10,-75.78,438.68,0.0,41.63,30.01,249.65,0.15,110.15,84.6,52.79
2026-06-11 16:00:00,10,-75.78,438.68,0.0,41.96,33.06,197.77,0.29,98.42,83.75,53.75
2026-06-11 16:05:00,10,-75.78,438.68,0.0,41.02,30.94,243.52,0.16,113.85,101.35,53.76
2026-06-11 16:10:00,10,-75.78,438.68,0.0,41.55,29.5,179.66,0.29,83.8,80.1,53.57
2026-06-11 16:15:00,10,-75.78,438.68,0.0,41.38,31.25,251.65,0.16,120.28,87.16,53.79
2026-06-11 16:20:00,10,-75.78,438.68,0.0,41.03,26.55,220.74,0.17,106.45,82.71,53.13
2026-06-11 16:25:00,10,-75.78,438.68,0.0,41.51,28.15,302.61,0.1,147.46,92.5,52.9
2026-06-11 16:30:00,10,-75.78,438.68,0.0,41.47,27.77,201.22,0.23,92.37,80.74,52.56
2026-06-11 16:35:00,10,-75.78,438.68,0.0,39.54,28.09,225.25,0.18,108.04,83.57,53.08
2026-06-11 16:40:00,10,-75.78,438.68,0.0,41.17,24.22,215.94,0.16,96.95,80.13,52.0
2026-06-11 16:45:00,10,-75.78,438.68,0.0,41.23,25.36,183.65,0.24,91.37,79.75,52.29
2026-06-11 16:50:00,10,-75.78,438.68,0.0,40.34,24.84,340.83,0.07,157.32,93.98,54.01
2026-06-11 16:55:00,10,-75.78,438.68,0.0,40.06,26.28,338.99,0.07,163.91,96.39,50.42
2026-06-11 17:00:00,10,-75.78,438.68,0.0,39.7,26.27,324.56,0.08,160.57,95.43,52.11
2026-06-11 17:05:00,10,-75.78,438.68,0.0,39.79,23.84,335.75,0.06,154.58,92.84,49.87
2026-06-11 17:10:00,10,-75.78,438.68,0.0,39.48,23.0,195.33,0.19,93.37,79.15,52.59
2026-06-11 17:15:00,10,-75.78,438.68,0.0,39.4,24.07,266.31,0.1,131.27,104.0,51.68
2026-06-11 17:20:00,10,-75.78,438.68,0.0,39.62,22.85,313.89,0.08,142.15,89.22,51.99
2026-06-11 17:25:00,10,-75.78,438.68,0.0,38.13,21.4,279.9,0.08,132.49,86.32,51.56
2026-06-11 17:30:00,10,-75.78,438.68,0.0,39.15,19.66,289.83,0.07,138.16,87.07,51.56
2026-06-11 17:35:00,10,-75.78,438.68,0.0,38.77,19.66,301.25,0.07,149.41,89.98,50.3
2026-06-11 17:40:00,10,-75.78,438.68,0.0,38.53,19.12,252.57,0.09,128.3,84.56,50.45
2026-06-11 17:45:00,10,-75.78,438.68,0.0,38.36,18.36,270.89,0.09,131.12,84.95,51.89
2026-06-11 17:50:00,10,-75.78,438.68,0.0,38.18,14.79,267.35,0.07,126.58,82.61,51.1
2026-06-11 17:55:00,10,-75.78,438.68,0.0,38.72,15.55,267.19,0.08,126.16,82.8,50.64
2026-06-11 18:00:00,10,-75.78,438.68,0.0,38.45,15.78,221.27,0.11,101.35,77.86,50.58
2026-06-11 18:05:00,10,-75.78,438.68,0.0,37.71,13.96,262.37,0.06,134.27,84.1,50.43
2026-06-11 18:10:00,10,-75.78,438.68,0.0,37.6,14.79,298.21,0.06,143.42,86.68,50.31
2026-06-11 18:15:00,10,-75.78,438.68,0.0,37.87,10.69,281.1,0.05,135.88,83.33,48.87
2026-06-11 18:20:00,10,-75.78,438.68,0.0,37.28,14.78,257.38,0.07,113.78,79.83,48.97
2026-06-11 18:25:00,10,-75.78,438.68,0.0,38.52,14.78,324.41,0.05,152.31,89.02,49.04
2026-06-11 18:30:00,10,-75.78,438.68,0.0,37.59,13.57,269.98,0.06,120.47,80.8,50.18
2026-06-11 18:35:00,10,-75.78,438.68,0.0,37.26,14.02,345.02,0.04,156.01,89.76,48.25
2026-06-11 18:40:00,10,-75.78,438.68,0.0,37.09,11.59,237.47,0.07,109.03,77.76,49.32
2026-06-11 18:45:00,10,-75.78,438.68,0.0,35.72,14.39,237.25,0.08,104.76,77.94,48.89
2026-06-11 18:50:00,10,-75.78,438.68,0.0,36.28,12.2,152.71,0.17,67.6,71.59,48.13
2026-06-11 18:55:00,10,-75.78,438.68,0.0,36.68,13.26,308.65,0.05,136.5,84.38,48.5
2026-06-11 19:00:00,10,-75.78,438.68,0.0,36.23,10.61,263.16,0.05,118.75,79.37,48.67
2026-06-11 19:05:00,10,-75.78,438.68,0.0,36.36,11.21,243.61,0.06,104.97,76.83,48.03
2026-06-11 19:10:00,10,-75.78,438.68,0.0,36.13,10.38,267.58,0.05,128.8,81.53,49.06
2026-06-11 19:15:00,10,-75.78,438.68,0.0,36.08,11.21,264.29,0.05,123.41,80.6,49.31
2026-06-11 19:20:00,10,-75.78,438.68,0.0,36.08,9.62,231.86,0.06,103.84,76.06,46.73
2026-06-11 19:25:00,10,-75.78,438.68,0.0,35.12,8.25,242.66,0.05,115.06,77.77,49.41
2026-06-11 19:30:00,10,-75.78,438.68,0.0,36.01,9.16,359.02,0.02,171.9,92.71,47.98
2026-06-11 19:35:00,10,-75.78,438.68,0.0,34.61,7.19,198.76,0.06,93.49,73.37,49.05
2026-06-11 19:40:00,10,-75.78,438.68,0.0,34.7,12.04,227.25,0.07,108.72,77.85,48.68
2026-06-11 19:45:00,10,-75.78,438.68,0.0,34.22,10.45,233.3,0.06,108.75,77.28,47.02
2026-06-11 19:50:00,10,-75.78,438.68,0.0,34.68,7.8,277.19,0.03,131.58,81.24,47.57
2026-06-11 19:55:00,10,-75.78,438.68,0.0,34.5,9.69,173.81,0.1,80.87,72.34,48.44
2026-06-11 20:00:00,10,-75.78,438.68,0.0,34.48,7.8,204.31,0.06,90.07,73.01,48.27
2026-06-11 20:05:00,10,-75.78,438.68,0.0,34.23,9.77,287.99,0.04,140.51,84.13,46.66
2026-06-11 20:10:00,10,-75.78,438.68,0.0,33.32,10.3,254.68,0.06,129.97,81.79,46.7
2026-06-11 20:15:00,10,-75.78,438.68,0.0,33.42,11.58,220.77,0.08,104.81,76.96,45.9
2026-06-11 20:20:00,10,-75.78,438.68,0.0,34.0,7.57,317.83,0.03,153.75,86.85,46.9
2026-06-11 20:25:00,10,-75.78,438.68,0.0,33.66,13.77,287.9,0.05,136.05,84.44,47.62
2026-06-11 20:30:00,10,-75.78,438.68,0.0,33.26,10.44,233.1,0.05,117.44,79.03,47.44
2026-06-11 20:35:00,10,-75.78,438.68,0.0,33.34,9.15,220.92,0.07,103.54,75.85,44.79
2026-06-11 20:40:00,10,-75.78,438.68,0.0,33.38,10.05,136.22,0.16,67.01,70.74,47.01
2026-06-11 20:45:00,10,-75.78,438.68,0.0,33.45,9.92,281.46,0.04,132.48,82.21,47.22
2026-06-11 20:50:00,10,-75.78,438.68,0.0,34.09,10.57,216.12,0.07,100.79,75.84,47.98
2026-06-11 20:55:00,10,-75.78,438.68,0.0,33.58,8.94,209.03,0.07,101.36,75.38,46.3
2026-06-11 21:00:00,10,-75.78,438.68,0.0,33.07,8.67,305.59,0.03,141.91,84.08,46.01
2026-06-11 21:05:00,10,-75.78,438.68,0.0,33.76,9.45,223.44,0.06,102.96,75.83,45.14
2026-06-11 21:10:00,10,-75.78,438.68,0.0,32.97,11.8,252.1,0.06,111.62,78.32,45.31
2026-06-11 21:15:00,10,-75.78,438.68,0.0,32.82,10.43,287.57,0.04,132.23,82.33,45.11
2026-06-11 21:20:00,10,-75.78,438.68,0.0,32.41,10.75,283.05,0.04,132.31,82.46,45.59
2026-06-11 21:25:00,10,-75.78,438.68,0.0,32.45,11.27,264.84,0.04,114.92,78.77,46.04
2026-06-11 21:30:00,10,-75.78,438.68,0.0,32.76,13.54,263.63,0.07,124.82,81.76,45.06
2026-06-11 21:35:00,10,-75.78,438.68,0.0,32.96,10.28,331.74,0.03,159.34,89.37,45.48
2026-06-11 21:40:00,10,-75.78,438.68,0.0,32.56,10.67,291.63,0.04,135.77,83.26,44.93
2026-06-11 21:45:00,10,-75.78,438.68,0.0,31.47,13.33,246.91,0.07,115.82,79.74,43.83
2026-06-11 21:50:00,10,-75.78,438.68,0.0,32.54,14.11,233.65,0.08,109.04,78.66,46.14
2026-06-11 21:55:00,10,-75.78,438.68,0.0,32.55,12.8,319.02,0.04,145.62,99.61,44.3
2026-06-11 22:00:00,10,-75.78,438.68,0.0,32.62,13.25,235.13,0.08,100.7,76.78,45.62
2026-06-11 22:05:00,10,-75.78,438.68,0.0,31.78,12.86,270.93,0.05,134.46,83.73,44.82
2026-06-11 22:10:00,10,-75.78,438.68,0.0,32.07,16.68,274.52,0.06,131.55,84.39,42.79
2026-06-11 22:15:00,10,-75.78,438.68,0.0,31.23,16.54,214.12,0.12,96.93,77.34,43.77
2026-06-11 22:20:00,10,-75.78,438.68,0.0,31.43,16.8,170.55,0.19,81.75,75.13,45.42
2026-06-11 22:25:00,10,-75.78,438.68,0.0,31.07,14.98,323.97,0.05,154.11,89.58,43.99
2026-06-11 22:30:00,10,-75.78,438.68,0.0,31.44,18.99,224.88,0.13,112.09,81.07,43.79
2026-06-11 22:35:00,10,-75.78,438.68,0.0,31.44,17.62,211.83,0.12,93.57,77.15,42.97
2026-06-11 22:40:00,10,-75.78,438.68,0.0,32.47,17.04,262.77,0.08,129.52,84.08,43.0
2026-06-11 22:45:00,10,-75.78,438.68,0.0,31.24,18.39,220.97,0.13,113.07,81.06,42.53
2026-06-11 22:50:00,10,-75.78,438.68,0.0,31.58,17.68,289.11,0.07,126.7,83.63,43.79
2026-06-11 22:55:00,10,-75.78,438.68,0.0,31.33,18.64,316.98,0.05,146.94,88.91,42.88
2026-06-11 23:00:00,10,-75.78,438.68,0.0,32.08,19.93,276.43,0.09,133.75,86.11,42.76
2026-06-11 23:05:00,10,-75.78,438.68,0.0,31.32,20.63,248.83,0.1,120.88,83.43,43.11
2026-06-11 23:10:00,10,-75.78,438.68,0.0,31.88,19.27,263.43,0.09,116.41,81.98,40.67
2026-06-11 23:15:00,10,-75.78,438.68,0.0,31.29,21.59,193.2,0.2,87.35,77.68,43.13
2026-06-11 23:20:00,10,-75.78,438.68,0.0,31.17,22.75,261.02,0.11,127.06,85.57,42.97
2026-06-11 23:25:00,10,-75.78,438.68,0.0,30.75,22.87,211.82,0.16,101.13,80.39,42.96
2026-06-11 23:30:00,10,-75.78,438.68,0.0,31.74,21.38,209.33,0.15,99.05,79.47,41.96
2026-06-11 23:35:00,10,-75.78,438.68,0.0,31.03,22.92,221.73,0.14,103.72,80.84,43.09
2026-06-11 23:40:00,10,-75.78,438.68,0.0,31.31,25.05,309.46,0.09,143.4,90.31,41.92
2026-06-11 23:45:00,10,-75.78,438.68,0.0,31.15,25.68,120.12,0.55,56.17,75.79,42.04
2026-06-11 23:50:00,10,-75.78,438.68,0.0,30.75,23.68,222.62,0.15,105.68,81.5,42.2
2026-06-11 23:55:00,10,-75.78,438.68,0.0,30.04,25.22,325.54,0.08,151.69,92.55,40.83
2026-06-12 00:00:00,10,670.0,300.0,0.0,30.89,25.34,182.84,0.23,91.66,79.75,41.92
2026-06-12 00:05:00,10,670.0,300.0,0.0,31.23,25.85,273.21,0.11,127.18,86.68,40.86
2026-06-12 00:10:00,10,670.0,300.0,0.0,31.39,26.93,291.22,0.1,148.94,92.45,42.31
2026-06-12 00:15:00,10,670.0,300.0,0.0,30.86,27.76,256.31,0.13,110.87,83.89,39.83
2026-06-12 00:20:00,10,670.0,300.0,0.0,31.9,27.3,250.07,0.13,105.43,82.68,41.93
2026-06-12 00:25:00,10,670.0,300.0,0.0,30.72,28.7,253.52,0.15,123.01,100.89,39.23
2026-06-12 00:30:00,10,670.0,300.0,0.0,30.72,27.58,310.35,0.09,139.97,90.32,39.3
2026-06-12 00:35:00,10,670.0,300.0,0.0,30.91,28.6,285.47,0.11,141.49,91.1,40.22
2026-06-12 00:40:00,10,670.0,300.0,0.0,31.02,28.84,274.7,0.12,127.2,87.75,40.08
2026-06-12 00:45:00,10,670.0,300.0,0.0,30.4,29.41,275.53,0.12,137.2,90.33,39.13
2026-06-12 00:50:00,10,670.0,300.0,0.0,31.2,29.07,232.77,0.18,107.42,83.78,37.43
2026-06-12 00:55:00,10,670.0,300.0,0.0,30.98,30.35,288.53,0.12,140.68,91.53,39.45
2026-06-12 01:00:00,10,670.0,300.0,0.0,30.33,29.05,183.51,0.27,83.45,79.83,38.91
2026-06-12 01:05:00,10,670.0,300.0,0.0,31.82,28.73,218.09,0.18,101.57,82.56,38.41
2026-06-12 01:10:00,10,670.0,300.0,0.0,30.34,30.39,186.93,0.29,83.75,80.39,41.0
2026-06-12 01:15:00,10,670.0,300.0,0.0,31.55,31.67,287.47,0.12,131.77,89.81,39.44
2026-06-12 01:20:00,10,670.0,300.0,0.0,31.39,32.81,297.99,0.11,134.46,90.83,39.13
2026-06-12 01:25:00,10,670.0,300.0,0.0,32.26,29.91,245.91,0.14,118.45,86.24,38.66
2026-06-12 01:30:00,10,670.0,300.0,0.0,31.22,31.12,258.79,0.14,122.63,87.56,38.58
2026-06-12 01:35:00,10,670.0,300.0,0.0,31.18,31.1,274.66,0.14,130.0,89.23,38.34
2026-06-12 01:40:00,10,670.0,300.0,0.0,31.85,30.19,253.57,0.14,120.59,86.79,38.95
2026-06-12 01:45:00,10,670.0,300.0,0.0,31.25,30.94,281.96,0.13,138.81,91.29,38.99
2026-06-12 01:50:00,10,670.0,300.0,0.0,31.03,30.28,341.47,0.09,159.71,96.59,38.09
2026-06-12 01:55:00,10,670.0,300.0,0.0,31.66,31.15,190.34,0.26,89.14,81.43,38.3
2026-06-12 02:00:00,10,670.0,300.0,0.0,31.15,32.03,236.74,0.19,119.58,87.32,37.48
2026-06-12 02:05:00,10,670.0,300.0,0.0,32.38,32.77,249.67,0.16,118.18,87.22,37.22
2026-06-12 02:10:00,10,670.0,300.0,0.0,31.52,32.37,239.64,0.18,114.82,86.41,38.19
2026-06-12 02:15:00,10,670.0,300.0,0.0,32.15,31.71,265.0,0.14,130.83,89.64,37.34
2026-06-12 02:20:00,10,670.0,300.0,0.0,32.7,31.5,317.24,0.1,162.12,97.74,37.07
2026-06-12 02:25:00,10,670.0,300.0,0.0,33.03,33.25,221.48,0.23,105.85,85.04,38.39
2026-06-12 02:30:00,10,670.0,300.0,0.0,32.13,29.93,272.59,0.13,127.42,88.21,35.68
2026-06-12 02:35:00,10,670.0,300.0,0.0,33.18,30.86,297.29,0.11,141.08,91.8,37.39
2026-06-12 02:40:00,10,670.0,300.0,0.0,33.39,29.05,242.87,0.15,127.14,87.88,36.66
2026-06-12 02:45:00,10,670.0,300.0,0.0,32.49,30.74,233.4,0.18,118.2,86.55,34.39
2026-06-12 02:50:00,10,670.0,300.0,0.0,31.96,31.73,277.47,0.13,129.73,89.37,38.19
2026-06-12 02:55:00,10,670.0,300.0,0.0,32.77,30.37,266.64,0.13,132.81,89.63,35.68
2026-06-12 03:00:00,10,670.0,300.0,0.0,32.89,29.4,264.71,0.13,116.78,85.68,35.93
2026-06-12 03:05:00,10,670.0,300.0,0.0,32.99,29.18,303.53,0.09,142.96,91.65,37.77
2026-06-12 03:10:00,10,670.0,300.0,0.0,33.57,29.02,236.23,0.17,115.94,85.46,35.1
2026-06-12 03:15:00,10,670.0,300.0,0.0,33.43,25.13,238.68,0.15,117.83,84.45,36.21
2026-06-12 03:20:00,10,670.0,300.0,0.0,34.0,25.75,291.99,0.1,149.92,92.31,36.33
2026-06-12 03:25:00,10,670.0,300.0,0.0,33.6,24.31,267.39,0.11,122.11,85.01,35.33
2026-06-12 03:30:00,10,670.0,300.0,0.0,33.31,24.07,175.15,0.24,80.66,77.62,34.39
2026-06-12 03:35:00,10,670.0,300.0,0.0,34.31,23.99,220.43,0.16,110.49,82.57,36.49
2026-06-12 03:40:00,10,670.0,300.0,0.0,34.52,24.61,204.67,0.18,90.46,79.2,35.22
2026-06-12 03:45:00,10,670.0,300.0,0.0,32.86,24.32,292.4,0.09,132.86,87.44,34.81
2026-06-12 03:50:00,10,670.0,300.0,0.0,34.83,23.16,286.09,0.09,143.62,89.71,34.48
2026-06-12 03:55:00,10,670.0,300.0,0.0,34.43,21.83,242.77,0.12,114.08,82.46,35.39
2026-06-12 04:00:00,10,670.0,300.0,0.0,34.28,19.88,289.59,0.08,136.17,86.67,35.93
2026-06-12 04:05:00,10,670.0,300.0,0.0,34.08,21.46,253.93,0.11,116.28,82.76,35.91
2026-06-12 04:10:00,10,670.0,300.0,0.0,33.84,20.15,218.36,0.13,104.63,80.03,33.44
2026-06-12 04:15:00,10,670.0,300.0,0.0,35.1,20.71,232.54,0.13,109.65,81.19,34.21
2026-06-12 04:20:00,10,670.0,300.0,0.0,35.47,19.94,311.18,0.06,145.48,89.01,32.26
2026-06-12 04:25:00,10,670.0,300.0,0.0,34.22,19.06,323.3,0.06,152.78,90.66,32.6
2026-06-12 04:30:00,10,670.0,300.0,0.0,34.77,19.02,276.55,0.08,116.5,81.9,34.75
2026-06-12 04:35:00,10,670.0,300.0,0.0,35.71,18.47,261.15,0.09,123.36,83.21,34.14
2026-06-12 04:40:00,10,670.0,300.0,0.0,35.73,19.77,351.24,0.05,172.26,96.59,35.45
2026-06-12 04:45:00,10,670.0,300.0,0.0,35.96,19.1,268.85,0.08,121.79,83.06,33.82
2026-06-12 04:50:00,10,670.0,300.0,0.0,35.68,18.39,273.77,0.08,134.88,85.83,32.74
2026-06-12 04:55:00,10,670.0,300.0,0.0,35.6,17.2,275.2,0.07,125.88,83.29,32.22
2026-06-12 05:00:00,10,670.0,300.0,0.0,36.11,15.44,311.15,0.06,144.06,87.07,33.87
2026-06-12 05:05:00,10,670.0,300.0,0.0,36.1,14.73,204.95,0.11,98.23,76.93,33.54
2026-06-12 05:10:00,10,670.0,300.0,0.0,36.06,14.34,175.12,0.15,82.09,74.25,33.23
2026-06-12 05:15:00,10,670.0,300.0,0.0,37.05,13.96,199.92,0.1,94.63,76.01,32.3
2026-06-12 05:20:00,10,670.0,300.0,0.0,36.4,15.15,210.29,0.12,99.73,77.36,32.42
2026-06-12 05:25:00,10,670.0,300.0,0.0,36.62,13.61,354.86,0.04,174.34,95.07,31.9
2026-06-12 05:30:00,10,670.0,300.0,0.0,37.2,15.15,253.84,0.08,118.78,81.03,32.59
2026-06-12 05:35:00,10,670.0,300.0,0.0,37.15,13.1,232.53,0.08,110.57,78.62,31.97
2026-06-12 05:40:00,10,670.0,300.0,0.0,38.18,13.86,169.6,0.15,77.38,73.41,31.86
2026-06-12 05:45:00,10,670.0,300.0,0.0,37.35,12.23,301.53,0.04,138.2,84.42,34.96
2026-06-12 05:50:00,10,670.0,300.0,0.0,37.6,10.39,271.77,0.04,127.77,81.28,32.3
2026-06-12 05:55:00,10,670.0,300.0,0.0,38.12,11.16,212.04,0.08,99.22,75.8,33.19
2026-06-12 06:00:00,10,670.0,300.0,0.0,38.3,11.35,237.04,0.06,106.62,77.19,30.64
2026-06-12 06:05:00,10,670.0,300.0,0.0,38.11,9.58,235.87,0.05,111.64,77.54,32.37
2026-06-12 06:10:00,10,670.0,300.0,0.0,38.12,8.14,179.07,0.08,84.1,72.24,30.35
2026-06-12 06:15:00,10,670.0,300.0,0.0,38.65,9.11,258.63,0.04,119.56,79.0,30.71
2026-06-12 06:20:00,10,670.0,300.0,0.0,37.81,9.67,212.76,0.07,99.98,75.39,33.03
2026-06-12 06:25:00,10,670.0,300.0,0.0,39.67,8.46,242.8,0.05,109.44,95.0,30.39
2026-06-12 06:30:00,10,670.0,300.0,0.0,39.31,7.82,243.41,0.04,116.77,77.96,30.64
2026-06-12 06:35:00,10,670.0,300.0,0.0,39.39,8.51,278.27,0.04,133.03,81.86,32.57
2026-06-12 06:40:00,10,670.0,300.0,0.0,38.97,6.63,284.8,0.03,139.91,82.87,29.66
2026-06-12 06:45:00,10,670.0,300.0,0.0,39.66,6.03,142.68,0.1,66.92,69.21,32.76
2026-06-12 06:50:00,10,670.0,300.0,0.0,39.84,6.37,211.11,0.04,95.87,73.46,31.16
2026-06-12 06:55:00,10,670.0,300.0,0.0,39.66,5.97,248.05,0.03,115.87,77.11,31.5
2026-06-12 07:00:00,10,670.0,300.0,0.0,39.54,5.92,228.3,0.04,109.46,75.81,29.94
2026-06-12 07:05:00,10,670.0,300.0,0.0,39.77,5.25,208.47,0.04,102.93,74.33,30.11
2026-06-12 07:10:00,10,670.0,300.0,0.0,39.27,4.26,172.2,0.05,79.91,70.21,30.5
2026-06-12 07:15:00,10,670.0,300.0,0.0,40.49,5.31,192.33,0.04,91.03,72.27,29.85
2026-06-12 07:20:00,10,670.0,300.0,0.0,40.42,5.18,215.3,0.03,107.93,75.23,29.15
2026-06-12 07:25:00,10,670.0,300.0,0.0,40.33,5.95,251.55,0.03,114.46,76.81,27.55
2026-06-12 07:30:00,10,670.0,300.0,0.0,41.19,5.05,299.32,0.02,143.53,83.22,28.75
2026-06-12 07:35:00,10,670.0,300.0,0.0,40.55,5.23,304.7,0.02,143.87,83.37,29.52
2026-06-12 07:40:00,10,670.0,300.0,0.0,42.11,4.76,303.54,0.02,146.15,83.81,29.19
2026-06-12 07:45:00,10,670.0,300.0,0.0,41.44,4.51,293.48,0.02,133.28,80.48,29.71
2026-06-12 07:50:00,10,670.0,300.0,0.0,41.47,4.62,242.62,0.02,110.85,75.59,27.8
2026-06-12 07:55:00,10,670.0,300.0,0.0,42.01,4.53,253.62,0.02,125.07,78.58,29.78
2026-06-12 08:00:00,10,670.0,300.0,0.0,41.12,3.68,162.63,0.04,79.41,69.92,27.98
2026-06-12 08:05:00,10,670.0,300.0,0.0,41.85,4.67,206.22,0.04,99.83,73.56,29.14
2026-06-12 08:10:00,10,670.0,300.0,0.0,42.31,5.01,254.78,0.02,123.27,78.35,28.2
2026-06-12 08:15:00,10,670.0,300.0,0.0,42.01,4.16,176.47,0.04,81.94,70.46,28.74
2026-06-12 08:20:00,10,670.0,300.0,0.0,42.12,5.67,266.49,0.03,124.61,78.9,28.79
2026-06-12 08:25:00,10,670.0,300.0,0.0,42.96,4.98,264.38,0.02,121.8,78.01,27.8
2026-06-12 08:30:00,10,670.0,300.0,0.0,42.51,6.1,253.33,0.03,127.76,79.77,28.73
2026-06-12 08:35:00,10,670.0,300.0,0.0,42.54,4.27,238.02,0.03,112.19,75.76,27.82
2026-06-12 08:40:00,10,670.0,300.0,0.0,41.93,4.79,229.73,0.03,107.41,75.0,27.55
2026-06-12 08:45:00,10,670.0,300.0,0.0,41.56,5.84,279.28,0.02,129.77,80.12,28.42
2026-06-12 08:50:00,10,670.0,300.0,0.0,42.33,4.77,188.16,0.04,89.42,71.83,28.53
2026-06-12 08:55:00,10,670.0,300.0,0.0,43.32,5.66,325.75,0.02,149.19,84.93,28.11
2026-06-12 09:00:00,10,670.0,300.0,0.0,42.08,6.36,287.56,0.03,138.6,82.45,27.93
2026-06-12 09:05:00,10,670.0,300.0,0.0,43.04,6.42,250.99,0.03,119.97,78.14,27.55
2026-06-12 09:10:00,10,670.0,300.0,0.0,42.56,5.92,334.82,0.02,155.21,86.67,27.59
2026-06-12 09:15:00,10,670.0,300.0,0.0,43.15,5.6,239.06,0.03,109.41,75.68,27.35
2026-06-12 09:20:00,10,670.0,300.0,0.0,43.84,6.11,276.28,0.03,120.6,78.17,27.15
2026-06-12 09:25:00,10,670.0,300.0,0.0,43.06,5.58,295.89,0.02,139.03,82.27,26.79
2026-06-12 09:30:00,10,670.0,300.0,0.0,44.47,5.27,244.01,0.03,118.57,93.69,27.03
2026-06-12 09:35:00,10,670.0,300.0,0.0,43.77,7.16,284.03,0.03,128.01,80.2,26.74
2026-06-12 09:40:00,10,670.0,300.0,0.0,43.49,7.59,318.92,0.02,153.75,86.85,27.89
2026-06-12 09:45:00,10,670.0,300.0,0.0,44.13,7.45,249.85,0.04,126.26,79.92,25.22
2026-06-12 09:50:00,10,670.0,300.0,0.0,44.03,8.31,232.59,0.05,111.78,77.14,27.19
2026-06-12 09:55:00,10,670.0,300.0,0.0,44.0,8.69,220.64,0.05,107.42,76.41,25.82
2026-06-12 10:00:00,10,670.0,300.0,0.0,42.63,9.25,220.69,0.06,103.61,75.9,26.18
2026-06-12 10:05:00,10,670.0,300.0,0.0,45.05,8.62,218.23,0.06,101.1,75.22,24.75
2026-06-12 10:10:00,10,670.0,300.0,0.0,44.29,7.18,289.53,0.03,139.1,82.87,25.71
2026-06-12 10:15:00,10,670.0,300.0,0.0,44.2,6.59,252.39,0.04,124.26,79.16,26.83
2026-06-12 10:20:00,10,670.0,300.0,0.0,44.26,7.9,201.69,0.06,96.39,74.13,25.33
2026-06-12 10:25:00,10,670.0,300.0,0.0,44.85,8.67,324.07,0.03,145.56,85.05,23.27
2026-06-12 10:30:00,10,670.0,300.0,0.0,44.33,8.08,295.8,0.03,141.16,83.7,25.49
2026-06-12 10:35:00,10,670.0,300.0,0.0,43.5,8.12,251.33,0.04,111.74,77.04,25.25
2026-06-12 10:40:00,10,670.0,300.0,0.0,45.33,9.26,248.45,0.05,114.86,78.1,25.42
2026-06-12 10:45:00,10,670.0,300.0,0.0,44.58,10.05,262.28,0.05,123.3,80.18,22.44
2026-06-12 10:50:00,10,670.0,300.0,0.0,45.05,9.68,238.11,0.05,109.46,77.16,26.24
2026-06-12 10:55:00,10,670.0,300.0,0.0,45.37,9.19,259.49,0.05,122.18,79.64,24.43
2026-06-12 11:00:00,10,670.0,300.0,0.0,44.98,10.77,212.19,0.08,99.63,75.75,23.88
2026-06-12 11:05:00,10,670.0,300.0,0.0,44.9,10.47,336.53,0.03,165.74,91.33,23.26
2026-06-12 11:10:00,10,670.0,300.0,0.0,45.1,9.94,262.97,0.05,127.89,81.18,24.09
2026-06-12 11:15:00,10,670.0,300.0,0.0,44.97,9.14,226.15,0.05,103.38,75.8,23.16
2026-06-12 11:20:00,10,670.0,300.0,0.0,44.96,9.42,168.17,0.1,79.68,72.1,25.95
2026-06-12 11:25:00,10,670.0,300.0,0.0,44.23,10.9,174.73,0.12,79.28,72.59,22.24
2026-06-12 11:30:00,10,670.0,300.0,0.0,45.06,11.73,344.67,0.03,147.47,86.62,22.45
2026-06-12 11:35:00,10,670.0,300.0,0.0,45.18,11.2,262.41,0.05,124.82,80.93,24.66
2026-06-12 11:40:00,10,670.0,300.0,0.0,45.19,10.32,251.96,0.05,118.72,79.28,22.8
2026-06-12 11:45:00,10,670.0,300.0,0.0,44.39,11.44,225.13,0.08,110.09,77.95,21.92
2026-06-12 11:50:00,10,670.0,300.0,0.0,44.41,12.31,321.07,0.04,154.24,88.68,22.97
2026-06-12 11:55:00,10,670.0,300.0,0.0,45.5,10.58,253.04,0.05,113.52,78.29,20.31
2026-06-12 12:00:00,10,670.0,300.0,0.0,44.76,12.35,317.34,0.04,144.51,86.08,21.1
2026-06-12 12:05:00,10,670.0,300.0,0.0,45.44,12.6,244.5,0.07,119.79,80.35,22.9
2026-06-12 12:10:00,10,670.0,300.0,0.0,45.18,12.8,304.33,0.04,150.69,87.88,23.02
2026-06-12 12:15:00,10,670.0,300.0,0.0,44.65,12.31,332.73,0.04,159.4,90.14,23.23
2026-06-12 12:20:00,10,670.0,300.0,0.0,45.5,12.8,270.29,0.06,131.53,83.06,21.12
2026-06-12 12:25:00,10,670.0,300.0,0.0,44.64,12.76,254.75,0.06,121.6,80.78,22.69
2026-06-12 12:30:00,10,670.0,300.0,0.0,44.5,13.13,244.89,0.07,119.01,80.37,23.34
2026-06-12 12:35:00,10,670.0,300.0,0.0,44.31,13.09,290.64,0.05,124.12,81.43,21.73
2026-06-12 12:40:00,10,670.0,300.0,0.0,44.12,13.28,246.17,0.07,123.52,81.4,20.97
2026-06-12 12:45:00,10,670.0,300.0,0.0,44.07,12.85,250.6,0.07,121.15,80.73,20.73
2026-06-12 12:50:00,10,670.0,300.0,0.0,45.01,13.01,264.29,0.06,121.25,80.79,21.14
2026-06-12 12:55:00,10,670.0,300.0,0.0,44.02,13.83,243.07,0.08,118.77,80.58,21.88
2026-06-12 13:00:00,10,670.0,300.0,0.0,45.27,14.42,285.18,0.06,145.49,87.1,20.21
2026-06-12 13:05:00,10,670.0,300.0,0.0,45.52,13.13,225.65,0.08,104.06,77.39,22.78
2026-06-12 13:10:00,10,670.0,300.0,0.0,45.03,12.89,279.25,0.05,129.66,82.63,20.8
2026-06-12 13:15:00,10,670.0,300.0,0.0,44.36,13.69,272.01,0.06,134.23,84.01,20.48
2026-06-12 13:20:00,10,670.0,300.0,0.0,44.66,13.24,225.51,0.08,109.55,78.48,20.8
2026-06-12 13:25:00,10,670.0,300.0,0.0,44.63,13.45,186.69,0.13,91.35,75.36,19.54
2026-06-12 13:30:00,10,670.0,300.0,0.0,43.96,13.86,215.36,0.09,97.43,76.46,20.09
2026-06-12 13:35:00,10,670.0,300.0,0.0,44.11,13.95,245.28,0.07,115.0,79.81,18.65
2026-06-12 13:40:00,10,670.0,300.0,0.0,44.02,12.75,209.12,0.09,91.71,75.1,20.64
2026-06-12 13:45:00,10,670.0,300.0,0.0,43.58,14.05,335.14,0.04,159.45,90.76,21.02
2026-06-12 13:50:00,10,670.0,300.0,0.0,43.35,13.63,290.11,0.05,135.13,84.18,17.66
2026-06-12 13:55:00,10,670.0,300.0,0.0,44.46,14.18,243.68,0.07,121.27,100.54,20.0
2026-06-12 14:00:00,10,670.0,300.0,0.0,43.45,14.38,342.52,0.04,161.86,91.57,19.51
2026-06-12 14:05:00,10,670.0,300.0,0.0,44.67,13.54,257.79,0.07,124.16,81.64,20.0
2026-06-12 14:10:00,10,670.0,300.0,0.0,43.05,13.08,288.41,0.05,138.8,84.9,18.84
2026-06-12 14:15:00,10,670.0,300.0,0.0,43.72,13.16,300.34,0.05,144.4,86.35,19.67
2026-06-12 14:20:00,10,670.0,300.0,0.0,43.65,12.42,316.57,0.04,152.87,88.34,19.26
2026-06-12 14:25:00,10,670.0,300.0,0.0,43.63,11.86,224.62,0.08,105.42,77.19,17.32
2026-06-12 14:30:00,10,670.0,300.0,0.0,44.01,13.18,282.6,0.05,141.62,85.64,19.05
2026-06-12 14:35:00,10,670.0,300.0,0.0,42.89,12.85,224.37,0.08,104.0,77.27,17.89
2026-06-12 14:40:00,10,670.0,300.0,0.0,43.65,13.6,247.95,0.07,113.9,79.46,19.22
2026-06-12 14:45:00,10,670.0,300.0,0.0,42.72,13.43,176.87,0.14,78.28,73.38,18.66
2026-06-12 14:50:00,10,670.0,300.0,0.0,42.84,11.59,207.11,0.08,100.1,76.12,17.01
2026-06-12 14:55:00,10,670.0,300.0,0.0,43.01,11.68,262.96,0.05,124.54,81.03,18.1
2026-06-12 15:00:00,10,670.0,300.0,0.0,43.03,12.46,262.57,0.06,124.97,81.42,18.07
2026-06-12 15:05:00,10,670.0,300.0,0.0,42.48,12.33,244.87,0.06,120.09,80.29,19.88
2026-06-12 15:10:00,10,670.0,300.0,0.0,42.19,11.65,305.61,0.04,148.21,86.81,16.93
2026-06-12 15:15:00,10,670.0,300.0,0.0,42.81,11.36,202.59,0.09,98.74,75.81,16.38
2026-06-12 15:20:00,10,670.0,300.0,0.0,43.2,11.83,335.78,0.03,150.86,87.56,17.56
2026-06-12 15:25:00,10,670.0,300.0,0.0,42.49,10.39,295.28,0.04,141.49,84.61,19.32
2026-06-12 15:30:00,10,670.0,300.0,0.0,42.83,11.48,253.96,0.06,124.84,81.04,16.99
2026-06-12 15:35:00,10,670.0,300.0,0.0,41.53,11.15,245.8,0.06,121.98,80.29,16.51
2026-06-12 15:40:00,10,670.0,300.0,0.0,41.94,10.67,310.74,0.03,148.37,86.49,17.8
2026-06-12 15:45:00,10,670.0,300.0,0.0,42.67,9.94,268.31,0.05,129.77,81.61,18.11
2026-06-12 15:50:00,10,670.0,300.0,0.0,42.04,10.39,255.24,0.05,124.65,80.6,17.23
2026-06-12 15:55:00,10,670.0,300.0,0.0,40.63,9.94,238.06,0.06,106.9,76.76,16.69
2026-06-12 16:00:00,10,670.0,300.0,0.0,41.65,10.34,238.81,0.05,112.64,78.01,15.83
2026-06-12 16:05:00,10,670.0,300.0,0.0,41.18,10.29,254.16,0.05,119.13,79.35,16.29
2026-06-12 16:10:00,10,670.0,300.0,0.0,41.77,9.85,276.06,0.04,132.62,82.23,15.92
2026-06-12 16:15:00,10,670.0,300.0,0.0,39.99,9.48,245.63,0.05,120.59,79.38,18.45
2026-06-12 16:20:00,10,670.0,300.0,0.0,42.39,8.61,229.09,0.05,105.91,76.09,16.17
2026-06-12 16:25:00,10,670.0,300.0,0.0,41.09,8.88,330.28,0.03,166.54,91.01,15.56
2026-06-12 16:30:00,10,670.0,300.0,0.0,40.91,9.59,250.25,0.04,121.23,79.54,13.62
2026-06-12 16:35:00,10,670.0,300.0,0.0,39.81,8.47,281.4,0.03,126.07,92.24,16.31
2026-06-12 16:40:00,10,670.0,300.0,0.0,41.99,8.18,285.51,0.03,131.38,81.34,14.93
2026-06-12 16:45:00,10,670.0,300.0,0.0,40.37,8.16,284.11,0.03,137.63,82.84,15.52
2026-06-12 16:50:00,10,670.0,300.0,0.0,40.8,7.17,243.53,0.04,113.77,77.12,15.41
2026-06-12 16:55:00,10,670.0,300.0,0.0,39.29,6.86,225.8,0.04,101.83,74.69,15.35
2026-06-12 17:00:00,10,670.0,300.0,0.0,40.08,6.45,321.92,0.02,154.02,86.52,14.51
2026-06-12 17:05:00,10,670.0,300.0,0.0,39.54,6.98,253.95,0.03,114.56,77.19,14.27
2026-06-12 17:10:00,10,670.0,300.0,0.0,40.22,7.7,171.82,0.08,79.88,71.47,13.86
2026-06-12 17:15:00,10,670.0,300.0,0.0,39.09,6.64,273.31,0.03,125.56,79.45,16.24
2026-06-12 17:20:00,10,670.0,300.0,0.0,38.77,5.63,186.48,0.05,94.61,73.0,14.62
2026-06-12 17:25:00,10,670.0,300.0,0.0,39.07,5.99,306.29,0.02,147.14,84.5,13.07
2026-06-12 17:30:00,10,670.0,300.0,0.0,39.15,4.9,248.56,0.03,121.41,77.91,14.09
2026-06-12 17:35:00,10,670.0,300.0,0.0,39.25,4.95,325.02,0.01,153.43,85.81,13.7
2026-06-12 17:40:00,10,670.0,300.0,0.0,38.8,6.15,292.73,0.02,142.09,83.24,14.25
2026-06-12 17:45:00,10,670.0,300.0,0.0,38.4,4.26,253.12,0.02,120.0,77.36,14.7
2026-06-12 17:50:00,10,670.0,300.0,0.0,37.62,4.18,328.71,0.01,151.36,84.97,13.14
2026-06-12 17:55:00,10,670.0,300.0,0.0,37.24,4.88,277.12,0.02,127.03,79.14,12.96
2026-06-12 18:00:00,10,670.0,300.0,0.0,37.77,3.74,197.45,0.03,96.58,72.63,14.56
2026-06-12 18:05:00,10,670.0,300.0,0.0,38.64,3.96,181.07,0.04,83.77,70.65,15.48
2026-06-12 18:10:00,10,670.0,300.0,0.0,37.16,3.55,182.65,0.04,85.78,70.81,13.23
2026-06-12 18:15:00,10,670.0,300.0,0.0,36.63,3.79,265.61,0.02,125.73,78.46,11.54
2026-06-12 18:20:00,10,670.0,300.0,0.0,38.24,3.41,321.43,0.01,141.38,82.07,13.26
2026-06-12 18:25:00,10,670.0,300.0,0.0,37.55,3.51,287.57,0.01,137.08,81.03,14.16
2026-06-12 18:30:00,10,670.0,300.0,0.0,36.62,3.03,335.71,0.01,152.77,84.95,13.14
2026-06-12 18:35:00,10,670.0,300.0,0.0,36.74,2.86,225.97,0.02,101.6,73.2,12.26
2026-06-12 18:40:00,10,670.0,300.0,0.0,36.89,2.93,268.91,0.01,126.48,78.31,11.57
2026-06-12 18:45:00,10,670.0,300.0,0.0,35.92,3.32,181.49,0.03,84.77,70.56,13.63
2026-06-12 18:50:00,10,670.0,300.0,0.0,36.32,2.5,249.21,0.01,116.17,75.91,11.96
2026-06-12 18:55:00,10,670.0,300.0,0.0,36.44,2.62,253.18,0.01,120.08,90.08,9.56
2026-06-12 19:00:00,10,670.0,300.0,0.0,35.97,2.69,239.62,0.02,109.0,74.54,12.29
2026-06-12 19:05:00,10,670.0,300.0,0.0,36.78,1.86,318.97,0.01,148.78,83.46,10.79
2026-06-12 19:10:00,10,670.0,300.0,0.0,34.54,1.95,350.91,0.01,169.35,89.38,11.33
2026-06-12 19:15:00,10,670.0,300.0,0.0,35.84,2.2,360.28,0.01,181.16,93.19,12.41
2026-06-12 19:20:00,10,670.0,300.0,0.0,35.3,1.94,184.77,0.02,89.16,70.74,11.25
2026-06-12 19:25:00,10,670.0,300.0,0.0,35.23,2.3,242.75,0.01,116.57,75.92,9.68
2026-06-12 19:30:00,10,670.0,300.0,0.0,34.8,1.67,210.64,0.01,96.72,71.89,9.98
2026-06-12 19:35:00,10,670.0,300.0,0.0,35.23,1.68,262.46,0.01,130.25,78.74,11.8
2026-06-12 19:40:00,10,670.0,300.0,0.0,35.25,1.5,295.5,0.01,133.65,79.48,11.01
2026-06-12 19:45:00,10,670.0,300.0,0.0,34.97,1.58,348.61,0.0,160.58,86.63,10.38
2026-06-12 19:50:00,10,670.0,300.0,0.0,34.9,1.37,323.13,0.0,151.27,83.94,10.14
2026-06-12 19:55:00,10,670.0,300.0,0.0,35.21,1.68,262.45,0.01,130.75,78.86,10.32
2026-06-12 20:00:00,10,670.0,300.0,0.0,34.71,1.29,216.28,0.01,97.85,71.95,11.84
2026-06-12 20:05:00,10,670.0,300.0,0.0,33.74,0.88,254.7,0.0,121.18,76.39,11.05
2026-06-12 20:10:00,10,670.0,300.0,0.0,33.79,1.88,260.67,0.01,119.13,76.31,10.45
2026-06-12 20:15:00,10,670.0,300.0,0.0,33.01,1.89,213.39,0.01,104.04,73.28,10.28
2026-06-12 20:20:00,10,670.0,300.0,0.0,34.1,2.15,280.77,0.01,129.41,78.71,8.9
2026-06-12 20:25:00,10,670.0,300.0,0.0,33.68,1.38,198.74,0.01,98.51,72.1,9.33
2026-06-12 20:30:00,10,670.0,300.0,0.0,33.47,1.39,287.38,0.01,139.51,80.89,10.14
2026-06-12 20:35:00,10,670.0,300.0,0.0,33.68,1.75,328.61,0.01,156.34,85.49,11.56
2026-06-12 20:40:00,10,670.0,300.0,0.0,33.89,1.82,251.48,0.01,116.44,75.72,9.67
2026-06-12 20:45:00,10,670.0,300.0,0.0,33.1,1.64,251.47,0.01,118.53,76.1,8.58
2026-06-12 20:50:00,10,670.0,300.0,0.0,33.2,2.05,206.31,0.01,99.81,72.57,8.47
2026-06-12 20:55:00,10,670.0,300.0,0.0,33.06,1.78,138.21,0.03,65.91,67.46,8.54
2026-06-12 21:00:00,10,670.0,300.0,0.0,33.95,1.72,258.83,0.01,125.2,77.59,7.87
2026-06-12 21:05:00,10,670.0,300.0,0.0,32.76,1.81,159.89,0.02,72.14,68.22,7.33
2026-06-12 21:10:00,10,670.0,300.0,0.0,33.1,1.84,238.13,0.01,112.92,75.0,7.81
2026-06-12 21:15:00,10,670.0,300.0,0.0,32.75,1.98,237.77,0.01,112.09,74.88,7.25
2026-06-12 21:20:00,10,670.0,300.0,0.0,33.24,2.17,301.92,0.01,141.85,81.75,8.73
2026-06-12 21:25:00,10,670.0,300.0,0.0,31.67,1.91,317.03,0.01,141.96,81.68,9.07
2026-06-12 21:30:00,10,670.0,300.0,0.0,32.66,2.73,217.89,0.02,104.38,73.66,8.5
2026-06-12 21:35:00,10,670.0,300.0,0.0,31.57,2.42,323.38,0.01,151.28,84.32,9.82
2026-06-12 21:40:00,10,670.0,300.0,0.0,32.39,2.19,245.09,0.01,120.07,76.62,8.71
2026-06-12 21:45:00,10,670.0,300.0,0.0,31.86,2.66,236.22,0.02,114.23,75.57,8.82
2026-06-12 21:50:00,10,670.0,300.0,0.0,31.86,2.14,201.64,0.02,92.68,71.38,8.18
2026-06-12 21:55:00,10,670.0,300.0,0.0,32.07,2.12,276.61,0.01,125.04,77.69,8.73
2026-06-12 22:00:00,10,670.0,300.0,0.0,31.98,2.61,206.39,0.02,94.85,71.91,7.6
2026-06-12 22:05:00,10,670.0,300.0,0.0,31.5,2.19,232.8,0.01,104.98,73.56,7.46
2026-06-12 22:10:00,10,670.0,300.0,0.0,31.07,2.23,255.34,0.01,123.58,77.4,8.29
2026-06-12 22:15:00,10,670.0,300.0,0.0,31.8,2.29,317.57,0.01,139.61,81.22,7.55
2026-06-12 22:20:00,10,670.0,300.0,0.0,31.93,2.66,222.21,0.02,109.48,74.62,8.62
2026-06-12 22:25:00,10,670.0,300.0,0.0,32.25,2.89,224.26,0.02,97.1,72.4,6.08
2026-06-12 22:30:00,10,670.0,300.0,0.0,32.1,2.58,280.44,0.01,135.78,80.37,7.96
2026-06-12 22:35:00,10,670.0,300.0,0.0,31.52,2.78,328.72,0.01,159.82,86.84,7.95
2026-06-12 22:40:00,10,670.0,300.0,0.0,31.42,2.58,279.56,0.01,135.83,80.39,7.4
2026-06-12 22:45:00,10,670.0,300.0,0.0,30.7,2.73,322.63,0.01,150.43,84.2,6.95
2026-06-12 22:50:00,10,670.0,300.0,0.0,30.14,2.58,246.4,0.01,111.84,75.04,7.96
2026-06-12 22:55:00,10,670.0,300.0,0.0,31.11,2.93,401.7,0.01,179.85,93.01,7.83
2026-06-12 23:00:00,10,670.0,300.0,0.0,31.57,2.78,306.82,0.01,146.22,83.09,5.44
2026-06-12 23:05:00,10,670.0,300.0,0.0,31.4,2.81,224.61,0.02,105.29,73.86,5.56
2026-06-12 23:10:00,10,670.0,300.0,0.0,30.26,2.66,265.46,0.01,131.5,79.37,5.23
2026-06-12 23:15:00,10,670.0,300.0,0.0,30.96,2.6,326.78,0.01,148.39,83.6,5.62
2026-06-12 23:20:00,10,670.0,300.0,0.0,30.76,2.87,274.81,0.01,120.45,76.94,5.86
2026-06-12 23:25:00,10,670.0,300.0,0.0,31.35,2.86,176.62,0.03,77.36,69.31,8.18
2026-06-12 23:30:00,10,670.0,300.0,0.0,29.84,2.83,299.3,0.01,139.83,81.46,5.67
2026-06-12 23:35:00,10,670.0,300.0,0.0,30.87,3.18,229.96,0.02,110.12,87.64,4.64
2026-06-12 23:40:00,10,670.0,300.0,0.0,30.15,2.96,247.68,0.02,110.11,74.85,7.65
2026-06-12 23:45:00,10,670.0,300.0,0.0,30.72,2.86,331.44,0.01,154.29,85.3,4.24
2026-06-12 23:50:00,10,670.0,300.0,0.0,30.17,2.94,198.64,0.02,95.57,72.14,3.69
2026-06-12 23:55:00,10,670.0,300.0,0.0,31.21,2.78,191.86,0.02,91.08,71.34,4.47
2026-06-13 00:00:00,10,296.13,752.56,-0.67,30.23,3.12,225.36,0.02,99.52,72.9,3.65
2026-06-13 00:05:00,10,296.13,752.56,-0.67,31.24,2.73,193.67,0.02,88.22,70.86,6.11
2026-06-13 00:10:00,10,296.13,752.56,-0.67,31.39,2.97,246.38,0.02,115.26,75.89,4.0
2026-06-13 00:15:00,10,296.13,752.56,-0.67,30.91,2.71,265.28,0.01,120.44,76.88,6.2
2026-06-13 00:20:00,10,296.13,752.56,-0.67,31.84,3.08,189.59,0.03,88.61,71.06,6.51
2026-06-13 00:25:00,10,296.13,752.56,-0.67,30.47,2.82,298.68,0.01,142.7,82.19,4.07
2026-06-13 00:30:00,10,296.13,752.56,-0.67,30.67,2.75,221.82,0.02,99.0,72.68,3.97
2026-06-13 00:35:00,10,296.13,752.56,-0.67,32.04,2.73,329.45,0.01,159.7,86.79,4.19
2026-06-13 00:40:00,10,296.13,752.56,-0.67,30.7,2.82,331.16,0.01,153.19,84.98,3.38
2026-06-13 00:45:00,10,296.13,752.56,-0.67,31.86,2.61,275.15,0.01,136.84,80.64,3.44
2026-06-13 00:50:00,10,296.13,752.56,-0.67,32.0,2.78,240.42,0.02,116.25,76.03,4.49
2026-06-13 00:55:00,10,296.13,752.56,-0.67,31.12,2.61,281.69,0.01,132.77,79.66,2.58
2026-06-13 01:00:00,10,296.13,752.56,-0.67,30.62,2.43,230.74,0.01,108.04,74.23,4.32
2026-06-13 01:05:00,10,296.13,752.56,-0.67,32.38,2.46,240.69,0.01,118.31,76.34,2.99
2026-06-13 01:10:00,10,296.13,752.56,-0.67,32.3,2.34,274.92,0.01,141.27,81.66,2.5
2026-06-13 01:15:00,10,296.13,752.56,-0.67,31.74,2.26,201.17,0.02,95.46,71.89,3.46
2026-06-13 01:20:00,10,296.13,752.56,-0.67,31.99,2.17,200.41,0.02,91.81,71.25,2.88
2026-06-13 01:25:00,10,296.13,752.56,-0.67,32.1,2.17,290.28,0.01,130.53,78.97,3.04
2026-06-13 01:30:00,10,296.13,752.56,-0.67,31.71,1.97,217.0,0.01,102.04,72.94,2.32
2026-06-13 01:35:00,10,296.13,752.56,-0.67,30.97,2.08,246.31,0.01,122.54,77.12,2.22
2026-06-13 01:40:00,10,296.13,752.56,-0.67,31.35,1.83,380.34,0.0,184.0,93.97,2.64
2026-06-13 01:45:00,10,296.13,752.56,-0.67,31.37,1.7,256.47,0.01,114.22,75.22,1.21
2026-06-13 01:50:00,10,296.13,752.56,-0.67,31.52,1.77,302.98,0.01,134.53,79.79,0.86
2026-06-13 01:55:00,10,296.13,752.56,-0.67,31.51,1.53,263.99,0.01,130.79,78.81,1.14
2026-06-13 02:00:00,10,296.13,752.56,-0.67,32.17,1.56,251.71,0.01,122.44,76.92,0.92
2026-06-13 02:05:00,10,296.13,752.56,-0.67,31.69,1.43,323.08,0.0,161.2,86.75,1.99
2026-06-13 02:10:00,10,296.13,752.56,-0.67,32.07,1.33,259.34,0.01,121.77,76.69,0.33
2026-06-13 02:15:00,10,296.13,752.56,-0.67,32.07,1.25,283.44,0.01,131.92,78.98,2.19
2026-06-13 02:20:00,10,296.13,752.56,-0.67,32.23,1.26,234.67,0.01,112.71,85.36,0.0
2026-06-13 02:25:00,10,296.13,752.56,-0.67,32.81,1.09,261.76,0.01,124.76,77.27,0.56
2026-06-13 02:30:00,10,296.13,752.56,-0.67,32.04,0.92,333.42,0.0,153.15,84.29,1.68
2026-06-13 02:35:00,10,296.13,752.56,-0.67,32.59,0.89,194.01,0.01,90.59,70.58,0.0
2026-06-13 02:40:00,10,296.13,752.56,-0.67,33.14,0.69,278.2,0.0,139.28,80.56,1.54
2026-06-13 02:45:00,10,296.13,752.56,-0.67,33.11,0.64,173.55,0.01,80.09,68.88,0.0
2026-06-13 02:50:00,10,296.13,752.56,-0.67,33.71,0.57,221.93,0.0,113.11,74.58,1.02
2026-06-13 02:55:00,10,296.13,752.56,-0.67,32.75,0.48,200.94,0.0,95.61,71.25,0.0
2026-06-13 03:00:00,10,296.13,752.56,-0.67,32.34,0.4,308.54,0.0,141.25,80.96,0.34
2026-06-13 03:05:00,10,296.13,752.56,-0.67,33.66,0.27,205.08,0.0,95.39,71.15,0.0
2026-06-13 03:10:00,10,296.13,752.56,-0.67,32.89,0.2,329.82,0.0,156.38,84.94,0.0
2026-06-13 03:15:00,10,296.13,752.56,-0.67,33.7,0.09,295.45,0.0,124.84,76.92,2.05
2026-06-13 03:20:00,10,296.13,752.56,-0.67,33.22,0.0,248.13,0.0,122.48,76.36,0.0
2026-06-13 03:25:00,10,296.13,752.56,-0.67,33.76,0.0,295.62,0.0,136.69,79.68,0.0
2026-06-13 03:30:00,10,296.13,752.56,-0.67,33.47,0.0,197.84,0.0,91.24,70.35,0.17
2026-06-13 03:35:00,10,296.13,752.56,-0.67,33.64,0.0,260.1,0.0,126.37,77.23,0.04
2026-06-13 03:40:00,10,296.13,752.56,-0.67,33.67,0.0,286.78,0.0,141.44,80.87,1.05
2026-06-13 03:45:00,10,296.13,752.56,-0.67,34.14,0.0,251.86,0.0,118.7,75.54,0.0
2026-06-13 03:50:00,10,296.13,752.56,-0.67,33.55,0.0,256.24,0.0,116.99,75.18,0.0
2026-06-13 03:55:00,10,296.13,752.56,-0.67,35.68,0.0,227.22,0.0,107.04,73.18,0.09
2026-06-13 04:00:00,10,296.13,752.56,-0.67,33.67,0.0,188.71,0.0,88.23,69.87,1.18
2026-06-13 04:05:00,10,296.13,752.56,-0.67,34.48,0.0,239.53,0.0,99.68,71.81,0.05
2026-06-13 04:10:00,10,296.13,752.56,-0.67,34.4,0.0,258.96,0.0,123.76,76.65,0.0
2026-06-13 04:15:00,10,296.13,752.56,-0.67,34.77,0.0,228.04,0.0,109.38,73.63,0.0
2026-06-13 04:20:00,10,296.13,752.56,-0.67,35.34,0.0,259.6,0.0,113.55,74.47,0.16
2026-06-13 04:25:00,10,296.13,752.56,-0.67,36.05,0.0,252.59,0.0,121.43,76.14,1.6
2026-06-13 04:30:00,10,296.13,752.56,-0.67,35.71,0.0,212.63,0.0,108.8,73.52,0.51
2026-06-13 04:35:00,10,296.13,752.56,-0.67,35.32,0.0,273.29,0.0,132.85,78.75,0.88
2026-06-13 04:40:00,10,296.13,752.56,-0.67,36.27,0.0,205.2,0.0,92.54,70.57,0.05
2026-06-13 04:45:00,10,296.13,752.56,-0.67,36.19,0.0,208.83,0.0,96.48,71.24,1.8
2026-06-13 04:50:00,10,296.13,752.56,-0.67,35.42,0.0,259.37,0.0,120.26,75.88,0.0
2026-06-13 04:55:00,10,296.13,752.56,-0.67,36.28,0.0,328.58,0.0,156.73,84.97,0.0
2026-06-13 05:00:00,10,296.13,752.56,-0.67,36.55,0.0,175.69,0.0,86.65,69.62,0.0
2026-06-13 05:05:00,10,296.13,752.56,-0.67,36.33,0.0,314.91,0.0,148.77,82.79,0.58
2026-06-13 05:10:00,10,296.13,752.56,-0.67,37.02,0.0,296.92,0.0,140.45,80.62,0.94
2026-06-13 05:15:00,10,296.13,752.56,-0.67,36.18,0.0,179.96,0.0,82.21,68.95,0.0
2026-06-13 05:20:00,10,296.13,752.56,-0.67,36.78,0.0,252.97,0.0,114.7,74.71,0.04
2026-06-13 05:25:00,10,296.13,752.56,-0.67,36.59,0.0,213.34,0.0,103.53,72.51,0.52
2026-06-13 05:30:00,10,296.13,752.56,-0.67,37.79,0.0,224.15,0.0,107.47,73.26,0.0
2026-06-13 05:35:00,10,296.13,752.56,-0.67,37.04,0.0,199.29,0.0,90.81,70.29,0.0
2026-06-13 05:40:00,10,296.13,752.56,-0.67,36.88,0.0,217.74,0.0,106.22,73.02,0.0
2026-06-13 05:45:00,10,296.13,752.56,-0.67,36.48,0.0,346.96,0.0,163.11,86.81,0.0
2026-06-13 05:50:00,10,296.13,752.56,-0.67,37.39,0.0,283.18,0.0,131.96,78.54,0.0
2026-06-13 05:55:00,10,296.13,752.56,-0.67,38.26,0.0,374.78,0.0,160.22,85.97,83.62
2026-06-13 06:00:00,10,296.13,752.56,-0.67,38.34,30.55,178.55,0.29,78.95,79.75,85.3
2026-06-13 06:05:00,10,296.13,752.56,-0.67,38.34,26.29,237.24,0.14,119.77,85.26,83.82
2026-06-13 06:10:00,10,296.13,752.56,-0.67,38.19,26.06,301.59,0.1,134.75,88.53,82.86
2026-06-13 06:15:00,10,296.13,752.56,-0.67,38.59,22.31,247.34,0.11,110.16,81.82,82.42
2026-06-13 06:20:00,10,296.13,752.56,-0.67,37.7,23.42,189.88,0.21,88.02,78.46,83.39
2026-06-13 06:25:00,10,296.13,752.56,-0.67,37.79,27.25,247.22,0.14,120.77,85.82,82.63
2026-06-13 06:30:00,10,296.13,752.56,-0.67,38.87,19.55,312.21,0.07,145.19,88.83,82.67
2026-06-13 06:35:00,10,296.13,752.56,-0.67,39.32,25.29,228.88,0.16,107.8,82.5,82.02
2026-06-13 06:40:00,10,296.13,752.56,-0.67,38.6,24.24,313.52,0.08,145.12,90.47,83.92
2026-06-13 06:45:00,10,296.13,752.56,-0.67,39.34,20.86,219.28,0.14,105.99,80.56,82.51
2026-06-13 06:50:00,10,296.13,752.56,-0.67,40.33,21.99,163.1,0.26,74.82,76.13,82.4
2026-06-13 06:55:00,10,296.13,752.56,-0.67,39.65,21.75,212.62,0.15,99.01,79.61,81.42
2026-06-13 07:00:00,10,296.13,752.56,-0.67,39.65,20.55,164.41,0.24,80.64,76.4,84.62
2026-06-13 07:05:00,10,296.13,752.56,-0.67,39.8,18.39,200.05,0.14,86.16,76.27,81.99
2026-06-13 07:10:00,10,296.13,752.56,-0.67,40.77,23.09,234.49,0.14,106.85,81.51,82.08
2026-06-13 07:15:00,10,296.13,752.56,-0.67,40.49,20.79,249.83,0.1,121.48,95.47,82.32
2026-06-13 07:20:00,10,296.13,752.56,-0.67,39.78,18.88,215.72,0.12,93.09,77.52,81.74
2026-06-13 07:25:00,10,296.13,752.56,-0.67,40.54,16.57,266.29,0.08,128.9,102.05,82.47
2026-06-13 07:30:00,10,296.13,752.56,-0.67,40.32,22.11,262.95,0.1,123.9,84.63,81.36
2026-06-13 07:35:00,10,296.13,752.56,-0.67,40.8,17.72,292.24,0.06,148.26,88.98,80.26
2026-06-13 07:40:00,10,296.13,752.56,-0.67,41.19,19.68,200.34,0.15,91.5,77.6,81.81
2026-06-13 07:45:00,10,296.13,752.56,-0.67,40.93,18.88,282.74,0.07,133.33,85.62,82.32
2026-06-13 07:50:00,10,296.13,752.56,-0.67,40.8,20.86,279.76,0.09,132.63,86.19,81.07
2026-06-13 07:55:00,10,296.13,752.56,-0.67,40.68,15.74,289.92,0.06,130.69,83.87,82.04
2026-06-13 08:00:00,10,296.13,752.56,-0.67,40.96,19.66,234.03,0.11,110.48,80.96,81.17
2026-06-13 08:05:00,10,296.13,752.56,-0.67,42.19,21.09,324.33,0.06,144.09,89.07,81.69
2026-06-13 08:10:00,10,296.13,752.56,-0.67,41.19,15.8,345.3,0.04,160.98,91.81,82.92
2026-06-13 08:15:00,10,296.13,752.56,-0.67,42.77,20.17,258.93,0.1,128.33,84.96,79.94
2026-06-13 08:20:00,10,296.13,752.56,-0.67,42.03,20.2,360.32,0.05,174.01,97.3,80.21
2026-06-13 08:25:00,10,296.13,752.56,-0.67,42.41,19.81,263.76,0.08,124.52,83.93,80.39
2026-06-13 08:30:00,10,296.13,752.56,-0.67,42.54,18.01,289.69,0.06,133.73,85.4,80.33
2026-06-13 08:35:00,10,296.13,752.56,-0.67,42.35,17.33,290.15,0.06,143.2,87.52,80.3
2026-06-13 08:40:00,10,296.13,752.56,-0.67,42.12,20.32,296.93,0.08,140.57,87.94,79.48
2026-06-13 08:45:00,10,296.13,752.56,-0.67,42.08,17.39,263.12,0.08,126.15,83.45,78.8
2026-06-13 08:50:00,10,296.13,752.56,-0.67,42.33,21.38,243.54,0.12,116.77,82.87,80.34
2026-06-13 08:55:00,10,296.13,752.56,-0.67,42.95,21.13,292.5,0.08,139.0,87.83,78.84
2026-06-13 09:00:00,10,296.13,752.56,-0.67,42.94,23.3,229.77,0.14,114.6,83.13,80.07
2026-06-13 09:05:00,10,296.13,752.56,-0.67,43.98,20.77,226.23,0.13,107.31,80.78,79.42
2026-06-13 09:10:00,10,296.13,752.56,-0.67,43.31,24.94,288.99,0.1,153.32,92.97,79.72
2026-06-13 09:15:00,10,296.13,752.56,-0.67,44.14,23.27,337.98,0.06,168.77,96.78,78.39
2026-06-13 09:20:00,10,296.13,752.56,-0.67,43.08,29.02,253.35,0.14,116.69,85.57,78.55
2026-06-13 09:25:00,10,296.13,752.56,-0.67,43.27,26.21,300.74,0.09,143.28,90.71,78.0
2026-06-13 09:30:00,10,296.13,752.56,-0.67,43.57,24.24,206.28,0.18,98.81,80.51,78.7
2026-06-13 09:35:00,10,296.13,752.56,-0.67,44.29,28.6,274.08,0.12,134.4,89.39,80.13
2026-06-13 09:40:00,10,296.13,752.56,-0.67,43.5,23.75,176.88,0.26,82.15,77.79,78.26
2026-06-13 09:45:00,10,296.13,752.56,-0.67,43.1,29.99,248.87,0.15,117.71,86.15,78.48
2026-06-13 09:50:00,10,296.13,752.56,-0.67,44.12,28.75,346.79,0.08,170.96,99.41,78.0
2026-06-13 09:55:00,10,296.13,752.56,-0.67,44.54,29.51,208.42,0.23,101.91,83.02,78.96
2026-06-13 10:00:00,10,296.13,752.56,-0.67,44.4,33.48,248.3,0.19,119.01,87.73,77.13
2026-06-13 10:05:00,10,296.13,752.56,-0.67,44.59,36.73,192.65,0.31,89.7,83.6,78.67
2026-06-13 10:10:00,10,296.13,752.56,-0.67,44.74,34.61,321.56,0.1,146.74,94.58,76.3
2026-06-13 10:15:00,10,296.13,752.56,-0.67,43.84,33.8,160.68,0.42,80.09,81.32,77.99
2026-06-13 10:20:00,10,296.13,752.56,-0.67,45.59,34.74,252.42,0.18,117.21,87.77,77.83
2026-06-13 10:25:00,10,296.13,752.56,-0.67,45.0,36.84,257.53,0.18,114.13,87.86,77.03
2026-06-13 10:30:00,10,296.13,752.56,-0.67,44.14,38.23,261.8,0.16,119.42,89.42,77.12
2026-06-13 10:35:00,10,296.13,752.56,-0.67,44.69,40.35,261.29,0.18,126.68,91.81,77.18
2026-06-13 10:40:00,10,296.13,752.56,-0.67,45.05,42.04,181.31,0.43,83.59,84.75,75.43
2026-06-13 10:45:00,10,296.13,752.56,-0.67,44.31,38.0,253.71,0.19,115.03,88.47,75.74
2026-06-13 10:50:00,10,296.13,752.56,-0.67,45.3,41.17,264.34,0.18,122.33,91.12,77.52
2026-06-13 10:55:00,10,296.13,752.56,-0.67,43.82,50.11,260.84,0.22,119.94,93.81,75.39
2026-06-13 11:00:00,10,296.13,752.56,-0.67,44.7,46.8,240.85,0.24,114.48,91.54,76.71
2026-06-13 11:05:00,10,296.13,752.56,-0.67,43.78,45.7,273.86,0.18,132.14,94.95,77.07
2026-06-13 11:10:00,10,296.13,752.56,-0.67,45.12,53.8,241.51,0.3,108.93,93.0,75.02
2026-06-13 11:15:00,10,296.13,752.56,-0.67,44.4,48.54,279.86,0.2,126.02,94.57,75.47
2026-06-13 11:20:00,10,296.13,752.56,-0.67,44.84,55.8,213.9,0.39,101.79,92.52,76.23
2026-06-13 11:25:00,10,296.13,752.56,-0.67,45.13,50.23,245.51,0.25,109.53,91.76,76.41
2026-06-13 11:30:00,10,296.13,752.56,-0.67,45.25,54.53,264.02,0.25,122.52,95.98,76.1
2026-06-13 11:35:00,10,296.13,752.56,-0.67,44.59,53.73,285.66,0.19,137.57,99.1,74.88
2026-06-13 11:40:00,10,296.13,752.56,-0.67,46.33,55.93,236.39,0.3,107.55,93.48,74.96
2026-06-13 11:45:00,10,296.13,752.56,-0.67,45.21,59.81,322.76,0.2,159.19,107.03,73.97
2026-06-13 11:50:00,10,296.13,752.56,-0.67,44.78,57.05,217.62,0.35,97.76,92.15,74.44
2026-06-13 11:55:00,10,296.13,752.56,-0.67,44.97,60.79,236.32,0.38,111.94,96.2,73.98
2026-06-13 12:00:00,10,296.13,752.56,-0.67,46.53,59.69,286.77,0.24,134.58,100.56,74.04
2026-06-13 12:05:00,10,296.13,752.56,-0.67,44.93,66.95,266.04,0.29,131.88,102.55,74.44
2026-06-13 12:10:00,10,296.13,752.56,-0.67,44.47,61.77,159.19,0.8,69.75,90.48,74.81
2026-06-13 12:15:00,10,296.13,752.56,-0.67,45.32,65.25,258.21,0.31,123.12,99.99,72.95
2026-06-13 12:20:00,10,296.13,752.56,-0.67,44.37,61.88,235.15,0.36,103.04,94.82,72.81
2026-06-13 12:25:00,10,296.13,752.56,-0.67,45.77,65.37,246.03,0.35,114.11,98.19,73.77
2026-06-13 12:30:00,10,296.13,752.56,-0.67,44.54,68.58,214.98,0.51,100.56,116.83,73.86
2026-06-13 12:35:00,10,296.13,752.56,-0.67,44.44,68.24,208.16,0.54,89.03,94.98,74.78
2026-06-13 12:40:00,10,296.13,752.56,-0.67,44.88,74.7,323.5,0.24,142.9,133.24,70.88
2026-06-13 12:45:00,10,296.13,752.56,-0.67,44.79,70.34,284.43,0.28,137.73,105.14,72.87
2026-06-13 12:50:00,10,296.13,752.56,-0.67,44.69,72.03,239.66,0.4,108.12,99.41,70.29
2026-06-13 12:55:00,10,296.13,752.56,-0.67,44.09,74.97,295.74,0.27,142.68,107.98,72.02
2026-06-13 13:00:00,10,296.13,752.56,-0.67,44.88,74.66,281.3,0.29,130.01,104.81,72.88
2026-06-13 13:05:00,10,296.13,752.56,-0.67,44.73,72.17,265.7,0.33,112.08,100.11,72.76
2026-06-13 13:10:00,10,296.13,752.56,-0.67,45.4,75.28,320.19,0.24,147.82,109.38,73.5
2026-06-13 13:15:00,10,296.13,752.56,-0.67,44.82,79.03,173.9,0.88,87.25,99.16,72.22
2026-06-13 13:20:00,10,296.13,752.56,-0.67,44.41,74.67,278.05,0.29,138.89,106.96,71.42
2026-06-13 13:25:00,10,296.13,752.56,-0.67,45.3,80.18,357.13,0.2,161.56,114.84,72.43
2026-06-13 13:30:00,10,296.13,752.56,-0.67,45.22,81.9,282.7,0.31,128.28,106.98,70.53
2026-06-13 13:35:00,10,296.13,752.56,-0.67,44.3,72.79,263.95,0.34,122.99,102.65,71.56
2026-06-13 13:40:00,10,296.13,752.56,-0.67,44.9,79.26,268.46,0.36,124.58,105.31,71.01
2026-06-13 13:45:00,10,296.13,752.56,-0.67,45.31,80.22,254.46,0.37,125.89,105.97,71.44
2026-06-13 13:50:00,10,296.13,752.56,-0.67,44.0,81.66,244.35,0.44,113.57,103.95,69.52
2026-06-13 13:55:00,10,296.13,752.56,-0.67,43.84,78.67,297.65,0.25,145.31,133.6,71.12
2026-06-13 14:00:00,10,296.13,752.56,-0.67,44.22,78.49,210.86,0.6,93.3,99.39,70.43
2026-06-13 14:05:00,10,296.13,752.56,-0.67,44.17,72.6,253.87,0.35,125.09,103.08,69.87
2026-06-13 14:10:00,10,296.13,752.56,-0.67,43.05,81.41,270.79,0.37,133.16,108.07,71.13
2026-06-13 14:15:00,10,296.13,752.56,-0.67,43.88,74.86,222.79,0.47,108.69,100.65,70.15
2026-06-13 14:20:00,10,296.13,752.56,-0.67,43.3,81.78,233.05,0.45,111.55,103.6,69.55
2026-06-13 14:25:00,10,296.13,752.56,-0.67,44.0,79.56,290.61,0.31,132.16,107.07,69.41
2026-06-13 14:30:00,10,296.13,752.56,-0.67,43.77,75.87,171.15,0.78,81.0,96.9,68.88
2026-06-13 14:35:00,10,296.13,752.56,-0.67,43.35,75.57,276.22,0.3,124.63,103.91,67.99
2026-06-13 14:40:00,10,296.13,752.56,-0.67,43.75,74.13,250.57,0.35,122.64,103.06,67.83
2026-06-13 14:45:00,10,296.13,752.56,-0.67,43.54,80.97,191.01,0.69,85.19,99.13,68.38
2026-06-13 14:50:00,10,296.13,752.56,-0.67,42.71,83.93,298.67,0.32,146.93,112.33,69.77
2026-06-13 14:55:00,10,296.13,752.56,-0.67,42.7,80.54,203.43,0.62,91.06,99.77,69.43
2026-06-13 15:00:00,10,296.13,752.56,-0.67,43.08,72.72,305.94,0.25,136.59,105.62,68.97
2026-06-13 15:05:00,10,296.13,752.56,-0.67,42.34,76.67,206.06,0.54,101.31,100.03,66.91
2026-06-13 15:10:00,10,296.13,752.56,-0.67,42.21,74.72,223.1,0.45,109.32,100.69,68.03
2026-06-13 15:15:00,10,296.13,752.56,-0.67,42.5,74.56,130.86,1.41,58.57,94.88,68.07
2026-06-13 15:20:00,10,296.13,752.56,-0.67,42.0,75.73,255.39,0.35,115.0,101.98,66.19
2026-06-13 15:25:00,10,296.13,752.56,-0.67,42.86,74.07,276.03,0.3,132.02,105.09,68.17
2026-06-13 15:30:00,10,296.13,752.56,-0.67,41.56,75.4,226.82,0.46,106.63,100.42,67.45
2026-06-13 15:35:00,10,296.13,752.56,-0.67,42.23,75.59,300.73,0.25,134.96,106.23,66.91
2026-06-13 15:40:00,10,296.13,752.56,-0.67,42.24,79.42,274.25,0.35,134.69,107.7,66.1
2026-06-13 15:45:00,10,296.13,752.56,-0.67,41.99,74.91,254.74,0.39,121.56,103.18,67.86
2026-06-13 15:50:00,10,296.13,752.56,-0.67,41.34,68.05,224.9,0.41,104.19,97.28,67.08
2026-06-13 15:55:00,10,296.13,752.56,-0.67,42.28,67.69,277.65,0.29,130.56,102.49,64.75
2026-06-13 16:00:00,10,296.13,752.56,-0.67,41.14,67.66,292.1,0.26,137.4,104.07,66.96
2026-06-13 16:05:00,10,296.13,752.56,-0.67,41.28,67.95,185.79,0.63,85.55,94.51,66.48
2026-06-13 16:10:00,10,296.13,752.56,-0.67,42.03,63.71,286.06,0.27,137.79,102.8,64.86
2026-06-13 16:15:00,10,296.13,752.56,-0.67,41.6,59.94,274.99,0.24,124.61,98.31,65.7
2026-06-13 16:20:00,10,296.13,752.56,-0.67,42.18,64.47,217.07,0.46,101.65,95.66,66.27
2026-06-13 16:25:00,10,296.13,752.56,-0.67,41.45,69.04,213.8,0.47,99.43,96.88,65.86
2026-06-13 16:30:00,10,296.13,752.56,-0.67,40.32,62.38,182.45,0.63,79.57,91.66,66.26
2026-06-13 16:35:00,10,296.13,752.56,-0.67,40.17,60.99,261.94,0.28,124.33,98.69,64.02
2026-06-13 16:40:00,10,296.13,752.56,-0.67,39.77,55.82,247.26,0.32,119.78,95.96,65.14
2026-06-13 16:45:00,10,296.13,752.56,-0.67,39.68,58.17,249.59,0.33,113.88,111.81,64.4
2026-06-13 16:50:00,10,296.13,752.56,-0.67,39.8,60.5,265.39,0.25,131.06,100.01,66.49
2026-06-13 16:55:00,10,296.13,752.56,-0.67,40.14,50.81,174.02,0.53,82.22,87.8,64.64
2026-06-13 17:00:00,10,296.13,752.56,-0.67,39.61,56.11,266.17,0.24,122.84,96.57,63.76
2026-06-13 17:05:00,10,296.13,752.56,-0.67,39.54,56.58,167.67,0.61,76.9,89.22,64.67
2026-06-13 17:10:00,10,296.13,752.56,-0.67,39.04,51.16,318.33,0.17,142.5,99.39,63.32
2026-06-13 17:15:00,10,296.13,752.56,-0.67,38.94,58.56,203.89,0.46,90.37,91.64,64.44
2026-06-13 17:20:00,10,296.13,752.56,-0.67,39.75,56.09,168.99,0.66,77.5,89.23,65.18
2026-06-13 17:25:00,10,296.13,752.56,-0.67,38.78,49.23,267.48,0.22,127.86,95.25,64.21
2026-06-13 17:30:00,10,296.13,752.56,-0.67,39.6,48.45,214.89,0.36,101.81,89.88,64.52
2026-06-13 17:35:00,10,296.13,752.56,-0.67,38.57,44.69,264.34,0.2,133.08,94.85,62.86
2026-06-13 17:40:00,10,296.13,752.56,-0.67,38.54,39.33,292.34,0.14,138.32,94.14,63.37
2026-06-13 17:45:00,10,296.13,752.56,-0.67,38.15,44.16,261.44,0.21,127.71,93.43,61.33
2026-06-13 17:50:00,10,296.13,752.56,-0.67,38.23,45.66,276.58,0.19,132.09,94.93,62.96
2026-06-13 17:55:00,10,296.13,752.56,-0.67,38.25,32.85,293.93,0.12,135.32,91.09,62.95
2026-06-13 18:00:00,10,296.13,752.56,-0.67,37.48,32.05,273.38,0.13,122.1,87.76,61.67
2026-06-13 18:05:00,10,296.13,752.56,-0.67,38.71,31.96,300.32,0.12,135.3,90.77,63.05
2026-06-13 18:10:00,10,296.13,752.56,-0.67,38.03,29.75,260.71,0.15,129.65,88.71,62.03
2026-06-13 18:15:00,10,296.13,752.56,-0.67,37.0,28.8,256.11,0.15,132.59,89.07,61.76
2026-06-13 18:20:00,10,296.13,752.56,-0.67,37.52,26.72,332.2,0.08,155.8,113.08,63.47
2026-06-13 18:25:00,10,296.13,752.56,-0.67,36.75,32.69,267.36,0.14,124.94,88.64,63.09
2026-06-13 18:30:00,10,296.13,752.56,-0.67,36.98,25.09,308.86,0.09,147.27,91.35,62.47
2026-06-13 18:35:00,10,296.13,752.56,-0.67,37.52,19.16,262.68,0.09,121.26,82.99,61.65
2026-06-13 18:40:00,10,296.13,752.56,-0.67,37.07,22.32,316.72,0.07,143.11,89.25,61.61
2026-06-13 18:45:00,10,296.13,752.56,-0.67,36.99,21.93,296.29,0.08,139.23,106.48,60.55
2026-06-13 18:50:00,10,296.13,752.56,-0.67,36.89,19.1,282.49,0.08,136.1,86.38,60.87
2026-06-13 18:55:00,10,296.13,752.56,-0.67,35.88,25.55,221.34,0.17,104.5,81.98,60.84
2026-06-13 19:00:00,10,296.13,752.56,-0.67,35.37,25.73,254.39,0.13,117.14,84.48,60.41
2026-06-13 19:05:00,10,296.13,752.56,-0.67,36.03,21.32,213.92,0.16,102.07,80.03,59.82
2026-06-13 19:10:00,10,296.13,752.56,-0.67,36.42,17.48,303.35,0.05,145.15,88.05,62.2
2026-06-13 19:15:00,10,296.13,752.56,-0.67,36.05,19.37,274.4,0.09,129.94,85.02,61.86
2026-06-13 19:20:00,10,296.13,752.56,-0.67,35.89,17.1,232.02,0.1,112.08,80.36,60.5
2026-06-13 19:25:00,10,296.13,752.56,-0.67,35.9,23.17,208.34,0.18,101.54,80.61,62.84
2026-06-13 19:30:00,10,296.13,752.56,-0.67,35.09,15.28,259.69,0.07,120.16,81.35,60.46
2026-06-13 19:35:00,10,296.13,752.56,-0.67,35.64,21.65,257.01,0.1,126.56,85.06,61.18
2026-06-13 19:40:00,10,296.13,752.56,-0.67,35.67,23.85,224.94,0.16,108.31,82.09,61.08
2026-06-13 19:45:00,10,296.13,752.56,-0.67,34.89,17.51,235.02,0.1,116.05,81.31,59.42
2026-06-13 19:50:00,10,296.13,752.56,-0.67,34.47,18.12,216.84,0.12,104.5,79.27,59.82
2026-06-13 19:55:00,10,296.13,752.56,-0.67,34.17,20.61,266.95,0.09,123.25,83.93,58.26
2026-06-13 20:00:00,10,296.13,752.56,-0.67,34.91,20.78,336.2,0.06,155.5,92.02,60.57
2026-06-13 20:05:00,10,296.13,752.56,-0.67,34.73,20.52,237.32,0.11,106.18,80.41,60.02
2026-06-13 20:10:00,10,296.13,752.56,-0.67,34.01,18.8,224.2,0.12,108.06,80.19,59.27
2026-06-13 20:15:00,10,296.13,752.56,-0.67,34.11,18.1,264.86,0.08,118.97,82.1,59.92
2026-06-13 20:20:00,10,296.13,752.56,-0.67,33.47,15.93,249.8,0.08,120.61,81.69,58.7
2026-06-13 20:25:00,10,296.13,752.56,-0.67,32.8,15.66,324.19,0.04,155.79,90.26,59.33
2026-06-13 20:30:00,10,296.13,752.56,-0.67,33.4,17.73,351.53,0.04,161.88,92.73,59.08
2026-06-13 20:35:00,10,296.13,752.56,-0.67,33.57,20.25,288.07,0.08,124.32,84.02,57.53
2026-06-13 20:40:00,10,296.13,752.56,-0.67,33.41,21.16,252.65,0.1,126.04,84.77,58.95
2026-06-13 20:45:00,10,296.13,752.56,-0.67,33.88,20.6,242.02,0.11,119.53,83.15,58.09
2026-06-13 20:50:00,10,296.13,752.56,-0.67,33.22,21.52,255.06,0.1,116.36,100.43,58.14
2026-06-13 20:55:00,10,296.13,752.56,-0.67,33.34,13.72,333.93,0.04,157.88,90.18,58.83
2026-06-13 21:00:00,10,296.13,752.56,-0.67,33.31,15.22,352.71,0.03,169.07,93.97,57.92
2026-06-13 21:05:00,10,296.13,752.56,-0.67,33.65,22.63,166.56,0.28,81.0,77.25,56.52
2026-06-13 21:10:00,10,296.13,752.56,-0.67,33.04,25.49,256.72,0.11,119.13,84.77,58.07
2026-06-13 21:15:00,10,296.13,752.56,-0.67,33.18,24.79,312.71,0.08,141.0,89.59,56.97
2026-06-13 21:20:00,10,296.13,752.56,-0.67,33.29,27.8,298.88,0.1,133.56,88.85,56.66
2026-06-13 21:25:00,10,296.13,752.56,-0.67,31.9,26.95,323.05,0.08,157.32,94.72,57.67
2026-06-13 21:30:00,10,296.13,752.56,-0.67,32.25,25.79,263.69,0.12,125.79,86.37,56.16
2026-06-13 21:35:00,10,296.13,752.56,-0.67,31.79,26.73,317.17,0.08,147.21,91.88,57.45
2026-06-13 21:40:00,10,296.13,752.56,-0.67,31.9,25.16,276.32,0.12,138.39,89.14,56.29
2026-06-13 21:45:00,10,296.13,752.56,-0.67,32.6,19.19,282.0,0.08,134.76,86.08,58.23
2026-06-13 21:50:00,10,296.13,752.56,-0.67,32.29,28.15,279.31,0.11,136.59,89.72,56.32
2026-06-13 21:55:00,10,296.13,752.56,-0.67,32.46,25.98,280.61,0.1,134.44,88.42,54.27
2026-06-13 22:00:00,10,296.13,752.56,-0.67,31.11,27.36,280.83,0.11,129.21,87.68,54.92
2026-06-13 22:05:00,10,296.13,752.56,-0.67,32.8,27.26,209.81,0.18,98.64,81.52,56.38
2026-06-13 22:10:00,10,296.13,752.56,-0.67,31.75,25.57,260.01,0.11,117.71,84.5,56.26
2026-06-13 22:15:00,10,296.13,752.56,-0.67,32.1,32.99,290.86,0.12,133.86,90.77,55.82
2026-06-13 22:20:00,10,296.13,752.56,-0.67,31.55,31.53,156.72,0.42,76.56,80.01,55.12
2026-06-13 22:25:00,10,296.13,752.56,-0.67,32.03,32.81,242.57,0.17,116.1,86.81,54.94
2026-06-13 22:30:00,10,296.13,752.56,-0.67,31.39,28.39,203.22,0.22,99.63,82.17,55.91
2026-06-13 22:35:00,10,296.13,752.56,-0.67,32.63,31.88,211.86,0.23,100.02,83.48,55.96
2026-06-13 22:40:00,10,296.13,752.56,-0.67,31.4,32.79,196.91,0.28,90.82,82.32,55.64
2026-06-13 22:45:00,10,296.13,752.56,-0.67,31.2,35.55,179.52,0.34,87.6,82.89,55.6
2026-06-13 22:50:00,10,296.13,752.56,-0.67,30.99,35.22,228.35,0.23,120.87,88.79,55.22
2026-06-13 22:55:00,10,296.13,752.56,-0.67,31.7,37.74,217.6,0.29,106.08,86.78,54.4
2026-06-13 23:00:00,10,296.13,752.56,-0.67,31.64,37.54,253.49,0.19,125.75,90.61,53.68
2026-06-13 23:05:00,10,296.13,752.56,-0.67,31.05,36.96,327.49,0.11,143.67,94.59,56.28
2026-06-13 23:10:00,10,296.13,752.56,-0.67,31.35,39.86,209.22,0.29,94.79,85.47,54.75
2026-06-13 23:15:00,10,296.13,752.56,-0.67,30.81,39.52,215.17,0.27,109.44,88.01,53.62
2026-06-13 23:20:00,10,296.13,752.56,-0.67,30.72,40.44,261.55,0.18,117.95,89.89,54.68
2026-06-13 23:25:00,10,296.13,752.56,-0.67,29.93,38.02,366.01,0.1,168.83,102.02,53.61
2026-06-13 23:30:00,10,296.13,752.56,-0.67,30.16,41.44,254.96,0.2,126.53,92.17,53.92
2026-06-13 23:35:00,10,296.13,752.56,-0.67,31.13,37.65,273.01,0.16,124.38,90.28,53.05
2026-06-13 23:40:00,10,296.13,752.56,-0.67,30.26,38.71,284.53,0.15,134.92,93.09,52.58
2026-06-13 23:45:00,10,296.13,752.56,-0.67,30.77,38.42,244.8,0.2,111.0,87.79,52.08
2026-06-13 23:50:00,10,296.13,752.56,-0.67,30.1,42.29,232.51,0.23,111.94,89.39,54.22
2026-06-13 23:55:00,10,296.13,752.56,-0.67,31.16,42.21,177.62,0.44,86.39,85.23,53.54
