datetime,tower_id,x_m,y_m,z_m,temperature_degC,effective_users,coverage_radius_m,coverage_load,tx_power_W,power_consumption_W,battery_soc_percent
2026-05-15 00:00:00,0,150.0,218.75,0.0,31.31,25.93,284.63,0.09,135.96,88.75,100.0
2026-05-15 00:05:00,0,150.0,218.75,0.0,30.98,28.0,309.71,0.1,150.52,93.25,99.99
2026-05-15 00:10:00,0,150.0,218.75,0.0,30.47,28.73,230.69,0.19,110.97,84.37,100.0
2026-05-15 00:15:00,0,150.0,218.75,0.0,30.22,28.13,275.34,0.12,139.71,90.51,99.87
2026-05-15 00:20:00,0,150.0,218.75,0.0,30.89,26.06,193.01,0.22,85.34,78.97,97.41
2026-05-15 00:25:00,0,150.0,218.75,0.0,30.21,29.6,287.56,0.12,142.71,91.79,98.95
2026-05-15 00:30:00,0,150.0,218.75,0.0,31.58,30.59,305.35,0.11,139.15,91.21,98.35
2026-05-15 00:35:00,0,150.0,218.75,0.0,31.28,31.46,177.46,0.34,87.64,81.46,99.34
2026-05-15 00:40:00,0,150.0,218.75,0.0,31.04,29.99,213.98,0.2,103.09,83.32,99.33
2026-05-15 00:45:00,0,150.0,218.75,0.0,32.13,30.99,173.49,0.32,79.42,80.02,98.12
2026-05-15 00:50:00,0,150.0,218.75,0.0,31.2,32.4,248.94,0.15,117.94,87.02,98.85
2026-05-15 00:55:00,0,150.0,218.75,0.0,31.67,30.86,201.09,0.25,92.29,81.83,99.08
2026-05-15 01:00:00,0,150.0,218.75,0.0,31.07,31.8,256.04,0.16,120.78,87.44,96.17
2026-05-15 01:05:00,0,150.0,218.75,0.0,30.72,31.87,272.24,0.13,126.25,88.62,98.7
2026-05-15 01:10:00,0,150.0,218.75,0.0,31.65,32.33,198.5,0.27,93.22,82.54,98.34
2026-05-15 01:15:00,0,150.0,218.75,0.0,30.94,34.33,312.86,0.11,149.09,95.1,97.46
2026-05-15 01:20:00,0,150.0,218.75,0.0,31.54,32.4,314.59,0.11,148.5,94.26,98.85
2026-05-15 01:25:00,0,150.0,218.75,0.0,32.34,29.53,248.87,0.15,114.14,85.22,97.24
2026-05-15 01:30:00,0,150.0,218.75,0.0,31.15,31.66,221.77,0.21,101.11,83.56,97.63
2026-05-15 01:35:00,0,150.0,218.75,0.0,31.69,35.93,196.1,0.28,94.23,83.98,98.37
2026-05-15 01:40:00,0,150.0,218.75,0.0,31.38,33.6,265.37,0.16,123.92,88.76,96.57
2026-05-15 01:45:00,0,150.0,218.75,0.0,32.07,34.06,303.98,0.12,143.55,93.57,96.01
2026-05-15 01:50:00,0,150.0,218.75,0.0,32.33,32.99,311.13,0.1,156.26,96.58,96.42
2026-05-15 01:55:00,0,150.0,218.75,0.0,32.25,34.06,248.73,0.17,116.07,87.24,96.91
2026-05-15 02:00:00,0,150.0,218.75,0.0,32.19,32.46,268.83,0.13,133.54,90.53,96.35
2026-05-15 02:05:00,0,150.0,218.75,0.0,31.64,33.72,262.22,0.16,126.93,89.48,97.27
2026-05-15 02:10:00,0,150.0,218.75,0.0,31.65,33.39,206.42,0.23,96.85,83.45,94.94
2026-05-15 02:15:00,0,150.0,218.75,0.0,31.81,32.25,208.16,0.22,94.02,82.54,95.43
2026-05-15 02:20:00,0,150.0,218.75,0.0,32.09,30.79,249.46,0.15,111.74,85.17,96.04
2026-05-15 02:25:00,0,150.0,218.75,0.0,31.95,36.12,158.74,0.44,73.81,81.29,95.75
2026-05-15 02:30:00,0,150.0,218.75,0.0,33.07,31.93,331.63,0.09,148.22,93.99,96.54
2026-05-15 02:35:00,0,150.0,218.75,0.0,31.4,32.26,294.59,0.13,137.1,91.33,95.13
2026-05-15 02:40:00,0,150.0,218.75,0.0,31.88,33.32,313.99,0.1,147.98,94.43,95.43
2026-05-15 02:45:00,0,150.0,218.75,0.0,32.33,33.12,321.97,0.1,150.98,95.17,95.27
2026-05-15 02:50:00,0,150.0,218.75,0.0,32.29,33.78,277.83,0.14,124.64,88.95,95.84
2026-05-15 02:55:00,0,150.0,218.75,0.0,33.38,32.25,194.64,0.26,94.02,82.63,95.41
2026-05-15 03:00:00,0,150.0,218.75,0.0,32.13,30.65,141.43,0.48,67.42,78.64,94.66
2026-05-15 03:05:00,0,150.0,218.75,0.0,33.6,31.26,282.98,0.13,126.01,88.35,95.44
2026-05-15 03:10:00,0,150.0,218.75,0.0,34.48,32.66,327.19,0.1,149.13,94.51,93.95
2026-05-15 03:15:00,0,150.0,218.75,0.0,33.24,30.99,190.37,0.22,86.28,80.85,95.34
2026-05-15 03:20:00,0,150.0,218.75,0.0,33.19,29.72,158.05,0.42,74.97,79.16,94.87
2026-05-15 03:25:00,0,150.0,218.75,0.0,33.66,29.93,185.82,0.26,86.5,80.59,94.21
2026-05-15 03:30:00,0,150.0,218.75,0.0,34.12,32.0,274.57,0.14,136.92,91.21,93.89
2026-05-15 03:35:00,0,150.0,218.75,0.0,33.12,28.46,208.52,0.19,102.71,82.7,93.36
2026-05-15 03:40:00,0,150.0,218.75,0.0,34.45,29.99,240.74,0.17,120.02,86.67,94.58
2026-05-15 03:45:00,0,150.0,218.75,0.0,34.91,30.13,248.49,0.15,116.05,85.83,94.62
2026-05-15 03:50:00,0,150.0,218.75,0.0,34.37,28.99,265.25,0.13,130.41,88.58,93.73
2026-05-15 03:55:00,0,150.0,218.75,0.0,35.07,25.59,292.64,0.09,135.82,88.6,94.23
2026-05-15 04:00:00,0,150.0,218.75,0.0,34.04,27.73,297.43,0.1,138.6,90.06,96.13
2026-05-15 04:05:00,0,150.0,218.75,0.0,34.33,26.72,265.41,0.12,125.4,86.61,94.01
2026-05-15 04:10:00,0,150.0,218.75,0.0,34.77,25.26,293.25,0.09,141.71,104.52,94.38
2026-05-15 04:15:00,0,150.0,218.75,0.0,34.15,27.58,290.82,0.1,131.99,88.4,93.44
2026-05-15 04:20:00,0,150.0,218.75,0.0,34.73,24.92,340.95,0.07,160.17,94.81,93.97
2026-05-15 04:25:00,0,150.0,218.75,0.0,35.42,23.98,160.96,0.29,78.26,77.35,93.75
2026-05-15 04:30:00,0,150.0,218.75,0.0,35.02,23.52,250.24,0.11,121.88,104.0,91.88
2026-05-15 04:35:00,0,150.0,218.75,0.0,34.87,23.71,219.98,0.16,102.21,80.88,92.54
2026-05-15 04:40:00,0,150.0,218.75,0.0,35.39,23.44,230.74,0.14,119.58,84.22,92.6
2026-05-15 04:45:00,0,150.0,218.75,0.0,35.09,22.38,237.94,0.13,110.42,81.93,92.74
2026-05-15 04:50:00,0,150.0,218.75,0.0,35.78,22.91,237.63,0.13,108.58,81.76,91.99
2026-05-15 04:55:00,0,150.0,218.75,0.0,35.58,20.38,289.64,0.08,135.07,86.58,91.69
2026-05-15 05:00:00,0,150.0,218.75,0.0,36.06,19.91,326.52,0.06,149.67,90.12,93.62
2026-05-15 05:05:00,0,150.0,218.75,0.0,35.8,20.31,335.54,0.06,169.51,95.95,92.11
2026-05-15 05:10:00,0,150.0,218.75,0.0,36.74,19.97,241.0,0.11,108.1,80.6,90.95
2026-05-15 05:15:00,0,150.0,218.75,0.0,35.79,17.91,278.82,0.07,132.91,85.17,90.96
2026-05-15 05:20:00,0,150.0,218.75,0.0,36.57,17.18,277.21,0.07,125.6,83.22,90.57
2026-05-15 05:25:00,0,150.0,218.75,0.0,37.0,17.18,253.44,0.08,117.47,81.46,91.18
2026-05-15 05:30:00,0,150.0,218.75,0.0,36.86,18.31,224.9,0.11,109.53,80.29,91.4
2026-05-15 05:35:00,0,150.0,218.75,0.0,37.64,18.11,287.85,0.07,142.24,87.56,91.17
2026-05-15 05:40:00,0,150.0,218.75,0.0,37.2,18.57,212.71,0.12,97.47,78.16,92.3
2026-05-15 05:45:00,0,150.0,218.75,0.0,38.05,17.24,248.76,0.08,117.93,81.58,91.69
2026-05-15 05:50:00,0,150.0,218.75,0.0,37.93,13.32,293.85,0.05,143.72,86.22,91.41
2026-05-15 05:55:00,0,150.0,218.75,0.0,37.89,16.71,228.24,0.1,104.46,78.74,91.62
2026-05-15 06:00:00,0,150.0,218.75,0.0,37.66,14.25,211.75,0.1,97.11,76.54,90.69
2026-05-15 06:05:00,0,150.0,218.75,0.0,38.98,15.51,206.55,0.12,97.25,77.05,90.3
2026-05-15 06:10:00,0,150.0,218.75,0.0,37.93,11.45,266.64,0.05,125.42,81.14,89.97
2026-05-15 06:15:00,0,150.0,218.75,0.0,38.84,13.45,215.4,0.1,101.56,77.06,90.12
2026-05-15 06:20:00,0,150.0,218.75,0.0,38.95,13.32,351.02,0.04,168.87,93.28,89.7
2026-05-15 06:25:00,0,150.0,218.75,0.0,39.59,11.25,304.55,0.04,146.09,86.1,90.45
2026-05-15 06:30:00,0,150.0,218.75,0.0,38.99,12.45,306.09,0.04,147.57,86.91,89.83
2026-05-15 06:35:00,0,150.0,218.75,0.0,38.53,11.45,258.29,0.06,123.0,80.61,88.95
2026-05-15 06:40:00,0,150.0,218.75,0.0,39.04,10.18,165.96,0.11,77.12,72.01,89.65
2026-05-15 06:45:00,0,150.0,218.75,0.0,39.27,8.39,230.42,0.05,105.17,75.86,87.34
2026-05-15 06:50:00,0,150.0,218.75,0.0,38.89,10.72,273.25,0.04,123.62,80.46,88.42
2026-05-15 06:55:00,0,150.0,218.75,0.0,39.8,8.92,280.24,0.04,138.71,83.39,88.17
2026-05-15 07:00:00,0,150.0,218.75,0.0,39.98,9.45,234.81,0.05,113.85,77.95,91.31
2026-05-15 07:05:00,0,150.0,218.75,0.0,39.67,6.26,322.21,0.02,151.0,85.62,89.43
2026-05-15 07:10:00,0,150.0,218.75,0.0,40.56,8.05,245.7,0.04,115.5,77.78,88.89
2026-05-15 07:15:00,0,150.0,218.75,0.0,40.7,9.65,226.54,0.06,110.2,77.3,89.27
2026-05-15 07:20:00,0,150.0,218.75,0.0,40.39,8.72,240.73,0.05,116.67,78.28,88.36
2026-05-15 07:25:00,0,150.0,218.75,0.0,40.99,8.85,184.51,0.09,86.03,72.82,87.73
2026-05-15 07:30:00,0,150.0,218.75,0.0,41.4,8.59,314.27,0.03,160.94,89.25,88.63
2026-05-15 07:35:00,0,150.0,218.75,0.0,40.08,6.66,153.88,0.09,65.83,69.28,87.79
2026-05-15 07:40:00,0,150.0,218.75,0.0,40.8,8.52,283.25,0.03,139.3,83.38,87.4
2026-05-15 07:45:00,0,150.0,218.75,0.0,40.56,8.25,156.65,0.11,79.56,71.68,87.62
2026-05-15 07:50:00,0,150.0,218.75,0.0,41.3,6.52,230.48,0.04,108.26,75.79,86.43
2026-05-15 07:55:00,0,150.0,218.75,0.0,42.09,7.52,275.44,0.03,126.34,79.94,87.42
2026-05-15 08:00:00,0,150.0,218.75,0.0,41.26,9.25,224.54,0.06,108.21,76.77,86.44
2026-05-15 08:05:00,0,150.0,218.75,0.0,40.9,9.25,194.65,0.08,86.69,73.04,87.86
2026-05-15 08:10:00,0,150.0,218.75,0.0,41.57,9.12,215.22,0.06,103.46,75.82,87.86
2026-05-15 08:15:00,0,150.0,218.75,0.0,41.77,10.12,235.23,0.06,103.53,76.19,87.67
2026-05-15 08:20:00,0,150.0,218.75,0.0,41.73,11.39,246.61,0.06,119.18,79.77,88.36
2026-05-15 08:25:00,0,150.0,218.75,0.0,42.07,12.38,149.5,0.18,69.02,71.86,87.03
2026-05-15 08:30:00,0,150.0,218.75,0.0,42.35,9.52,217.0,0.06,103.13,75.9,87.53
2026-05-15 08:35:00,0,150.0,218.75,0.0,42.64,7.13,293.85,0.02,137.34,82.39,86.52
2026-05-15 08:40:00,0,150.0,218.75,0.0,42.86,7.92,167.3,0.09,74.8,70.87,85.59
2026-05-15 08:45:00,0,150.0,218.75,0.0,42.9,10.72,212.38,0.07,98.73,75.55,84.62
2026-05-15 08:50:00,0,150.0,218.75,0.0,42.21,9.46,316.7,0.03,152.23,87.11,85.83
2026-05-15 08:55:00,0,150.0,218.75,0.0,41.89,11.85,273.15,0.05,124.42,81.06,88.37
2026-05-15 09:00:00,0,150.0,218.75,0.0,43.11,9.06,285.3,0.04,133.76,82.23,84.6
2026-05-15 09:05:00,0,150.0,218.75,0.0,43.41,9.06,208.62,0.07,106.36,76.37,85.66
2026-05-15 09:10:00,0,150.0,218.75,0.0,43.48,10.06,190.78,0.09,89.42,73.78,85.53
2026-05-15 09:15:00,0,150.0,218.75,0.0,43.42,10.12,282.87,0.04,126.94,81.01,84.76
2026-05-15 09:20:00,0,150.0,218.75,0.0,43.51,13.32,286.73,0.05,138.14,84.82,85.68
2026-05-15 09:25:00,0,150.0,218.75,0.0,44.5,12.05,302.49,0.04,136.35,83.91,86.53
2026-05-15 09:30:00,0,150.0,218.75,0.0,43.05,12.79,196.16,0.11,91.63,75.13,84.93
2026-05-15 09:35:00,0,150.0,218.75,0.0,44.07,10.59,290.88,0.04,125.21,80.78,84.61
2026-05-15 09:40:00,0,150.0,218.75,0.0,43.95,12.45,298.7,0.05,134.42,83.6,86.15
2026-05-15 09:45:00,0,150.0,218.75,0.0,44.32,13.05,179.17,0.13,83.53,73.99,85.5
2026-05-15 09:50:00,0,150.0,218.75,0.0,43.79,14.25,253.58,0.07,115.18,79.95,84.58
2026-05-15 09:55:00,0,150.0,218.75,0.0,43.79,14.99,301.6,0.05,151.94,89.0,84.75
2026-05-15 10:00:00,0,150.0,218.75,0.0,43.53,16.71,230.68,0.1,112.39,80.3,83.74
2026-05-15 10:05:00,0,150.0,218.75,0.0,43.76,15.78,243.41,0.09,110.5,79.58,85.19
2026-05-15 10:10:00,0,150.0,218.75,0.0,43.72,16.45,242.5,0.08,115.66,80.84,83.19
2026-05-15 10:15:00,0,150.0,218.75,0.0,44.21,13.92,284.11,0.05,125.8,82.1,84.66
2026-05-15 10:20:00,0,150.0,218.75,0.0,44.33,17.78,282.19,0.07,137.42,86.24,85.6
2026-05-15 10:25:00,0,150.0,218.75,0.0,44.92,17.05,242.96,0.09,119.22,81.82,82.98
2026-05-15 10:30:00,0,150.0,218.75,0.0,44.73,17.18,251.75,0.09,122.39,82.56,83.73
2026-05-15 10:35:00,0,150.0,218.75,0.0,44.65,15.85,210.39,0.11,98.54,77.39,84.28
2026-05-15 10:40:00,0,150.0,218.75,0.0,45.39,19.18,288.21,0.07,133.71,85.83,83.18
2026-05-15 10:45:00,0,150.0,218.75,0.0,45.57,20.31,179.64,0.21,76.9,75.74,83.84
2026-05-15 10:50:00,0,150.0,218.75,0.0,44.44,20.78,125.26,0.41,58.64,74.07,84.22
2026-05-15 10:55:00,0,150.0,218.75,0.0,44.92,18.72,219.13,0.12,94.5,77.71,83.92
2026-05-15 11:00:00,0,150.0,218.75,0.0,44.78,20.18,231.56,0.12,113.7,81.82,84.42
2026-05-15 11:05:00,0,150.0,218.75,0.0,44.75,21.25,256.46,0.11,112.62,81.96,82.4
2026-05-15 11:10:00,0,150.0,218.75,0.0,44.93,22.72,262.28,0.1,122.29,84.5,82.02
2026-05-15 11:15:00,0,150.0,218.75,0.0,45.3,21.12,184.75,0.2,87.0,77.49,80.92
2026-05-15 11:20:00,0,150.0,218.75,0.0,44.16,21.46,213.78,0.14,98.61,79.42,82.03
2026-05-15 11:25:00,0,150.0,218.75,0.0,44.18,22.39,240.56,0.13,118.76,83.67,82.31
2026-05-15 11:30:00,0,150.0,218.75,0.0,44.88,23.19,219.61,0.16,100.17,80.35,82.63
2026-05-15 11:35:00,0,150.0,218.75,0.0,45.19,24.26,216.0,0.15,100.8,80.82,82.81
2026-05-15 11:40:00,0,150.0,218.75,0.0,45.38,24.06,245.2,0.12,125.48,85.72,83.55
2026-05-15 11:45:00,0,150.0,218.75,0.0,45.33,24.19,238.24,0.13,113.37,83.18,83.37
2026-05-15 11:50:00,0,150.0,218.75,0.0,44.63,27.06,235.9,0.14,115.22,84.58,82.02
2026-05-15 11:55:00,0,150.0,218.75,0.0,45.24,22.99,242.05,0.12,117.96,83.7,81.68
2026-05-15 12:00:00,0,150.0,218.75,0.0,44.93,26.46,304.35,0.09,150.17,110.13,81.33
2026-05-15 12:05:00,0,150.0,218.75,0.0,45.31,27.25,304.19,0.09,146.26,91.86,83.04
2026-05-15 12:10:00,0,150.0,218.75,0.0,44.4,28.18,312.59,0.09,150.94,93.43,81.83
2026-05-15 12:15:00,0,150.0,218.75,0.0,45.33,26.91,258.33,0.13,125.26,86.69,81.12
2026-05-15 12:20:00,0,150.0,218.75,0.0,44.17,29.04,289.01,0.11,135.95,89.9,81.27
2026-05-15 12:25:00,0,150.0,218.75,0.0,45.54,27.78,279.51,0.12,132.42,88.63,81.05
2026-05-15 12:30:00,0,150.0,218.75,0.0,44.45,28.77,311.75,0.09,150.89,93.63,79.79
2026-05-15 12:35:00,0,150.0,218.75,0.0,44.43,29.17,230.49,0.19,113.42,85.05,80.01
2026-05-15 12:40:00,0,150.0,218.75,0.0,44.43,27.04,256.02,0.13,121.83,85.97,81.76
2026-05-15 12:45:00,0,150.0,218.75,0.0,45.61,30.63,194.19,0.27,89.62,81.38,79.37
2026-05-15 12:50:00,0,150.0,218.75,0.0,45.13,29.5,201.69,0.23,94.8,81.76,81.82
2026-05-15 12:55:00,0,150.0,218.75,0.0,44.92,32.77,240.38,0.2,120.21,87.76,80.73
2026-05-15 13:00:00,0,150.0,218.75,0.0,44.27,33.3,262.34,0.16,123.65,88.62,79.11
2026-05-15 13:05:00,0,150.0,218.75,0.0,45.26,29.17,228.94,0.18,102.12,82.84,79.17
2026-05-15 13:10:00,0,150.0,218.75,0.0,44.79,34.9,256.85,0.16,131.89,91.08,79.03
2026-05-15 13:15:00,0,150.0,218.75,0.0,44.45,31.77,279.82,0.12,138.1,91.41,79.47
2026-05-15 13:20:00,0,150.0,218.75,0.0,44.21,33.37,224.9,0.21,117.21,87.35,80.29
2026-05-15 13:25:00,0,150.0,218.75,0.0,45.74,32.1,214.7,0.23,98.74,83.36,79.15
2026-05-15 13:30:00,0,150.0,218.75,0.0,44.84,32.24,314.37,0.11,150.88,94.88,79.93
2026-05-15 13:35:00,0,150.0,218.75,0.0,44.22,33.5,253.24,0.16,125.04,89.0,78.94
2026-05-15 13:40:00,0,150.0,218.75,0.0,44.17,30.77,221.0,0.19,103.38,83.65,77.75
2026-05-15 13:45:00,0,150.0,218.75,0.0,44.46,33.97,269.66,0.15,121.84,88.43,79.82
2026-05-15 13:50:00,0,150.0,218.75,0.0,44.16,33.57,254.32,0.16,112.36,86.31,79.98
2026-05-15 13:55:00,0,150.0,218.75,0.0,44.2,33.64,242.56,0.18,112.29,86.36,77.77
2026-05-15 14:00:00,0,150.0,218.75,0.0,43.3,32.84,258.35,0.15,113.23,86.21,79.82
2026-05-15 14:05:00,0,150.0,218.75,0.0,44.14,33.9,216.57,0.24,105.02,85.16,79.18
2026-05-15 14:10:00,0,150.0,218.75,0.0,43.78,33.24,208.62,0.23,99.6,83.9,78.72
2026-05-15 14:15:00,0,150.0,218.75,0.0,44.12,32.78,280.96,0.12,120.94,87.76,78.25
2026-05-15 14:20:00,0,150.0,218.75,0.0,44.06,33.04,324.77,0.1,147.53,94.24,78.73
2026-05-15 14:25:00,0,150.0,218.75,0.0,43.14,31.17,203.03,0.24,92.87,82.03,78.21
2026-05-15 14:30:00,0,150.0,218.75,0.0,43.69,31.38,239.71,0.17,108.29,96.65,79.82
2026-05-15 14:35:00,0,150.0,218.75,0.0,42.93,32.24,193.48,0.28,84.78,81.19,79.15
2026-05-15 14:40:00,0,150.0,218.75,0.0,44.05,29.24,257.43,0.14,123.54,87.13,77.06
2026-05-15 14:45:00,0,150.0,218.75,0.0,43.51,34.04,282.05,0.13,129.46,90.14,76.49
2026-05-15 14:50:00,0,150.0,218.75,0.0,43.68,32.84,227.97,0.21,106.84,99.71,78.98
2026-05-15 14:55:00,0,150.0,218.75,0.0,43.78,28.7,195.69,0.22,96.62,81.77,77.48
2026-05-15 15:00:00,0,150.0,218.75,0.0,43.45,30.97,262.66,0.14,129.01,88.98,75.91
2026-05-15 15:05:00,0,150.0,218.75,0.0,41.84,31.76,249.03,0.16,119.78,87.23,76.64
2026-05-15 15:10:00,0,150.0,218.75,0.0,43.51,31.76,224.39,0.21,95.9,82.7,78.79
2026-05-15 15:15:00,0,150.0,218.75,0.0,42.03,32.23,221.21,0.21,103.6,84.24,75.22
2026-05-15 15:20:00,0,150.0,218.75,0.0,42.59,29.97,277.2,0.13,133.77,89.73,77.58
2026-05-15 15:25:00,0,150.0,218.75,0.0,42.35,29.57,284.9,0.11,139.33,90.92,76.18
2026-05-15 15:30:00,0,150.0,218.75,0.0,42.21,28.97,243.29,0.15,107.38,83.69,76.61
2026-05-15 15:35:00,0,150.0,218.75,0.0,41.68,28.24,287.54,0.11,133.19,88.95,76.83
2026-05-15 15:40:00,0,150.0,218.75,0.0,41.58,29.3,327.29,0.08,150.96,93.8,74.99
2026-05-15 15:45:00,0,150.0,218.75,0.0,42.5,29.16,273.17,0.12,136.1,90.0,75.5
2026-05-15 15:50:00,0,150.0,218.75,0.0,43.04,26.7,251.59,0.12,116.38,84.65,76.12
2026-05-15 15:55:00,0,150.0,218.75,0.0,40.51,26.96,253.8,0.13,118.5,85.21,75.33
2026-05-15 16:00:00,0,150.0,218.75,0.0,41.64,27.83,283.41,0.11,132.56,88.65,73.58
2026-05-15 16:05:00,0,150.0,218.75,0.0,41.58,24.83,276.9,0.1,130.51,87.1,75.36
2026-05-15 16:10:00,0,150.0,218.75,0.0,40.94,28.36,270.66,0.13,126.24,87.41,75.84
2026-05-15 16:15:00,0,150.0,218.75,0.0,41.93,24.56,276.41,0.1,132.49,87.47,76.36
2026-05-15 16:20:00,0,150.0,218.75,0.0,42.05,25.43,178.17,0.27,80.49,78.15,75.3
2026-05-15 16:25:00,0,150.0,218.75,0.0,41.16,25.76,185.45,0.24,87.69,97.56,74.12
2026-05-15 16:30:00,0,150.0,218.75,0.0,39.57,23.63,305.69,0.07,140.41,89.03,73.71
2026-05-15 16:35:00,0,150.0,218.75,0.0,40.41,22.89,308.14,0.08,144.88,89.94,74.44
2026-05-15 16:40:00,0,150.0,218.75,0.0,40.3,22.42,200.0,0.19,94.55,79.15,74.66
2026-05-15 16:45:00,0,150.0,218.75,0.0,40.62,23.89,160.05,0.31,76.41,77.11,73.28
2026-05-15 16:50:00,0,150.0,218.75,0.0,40.44,21.63,245.67,0.11,115.1,82.59,74.96
2026-05-15 16:55:00,0,150.0,218.75,0.0,39.8,18.57,252.49,0.09,127.79,84.25,73.89
2026-05-15 17:00:00,0,150.0,218.75,0.0,39.28,21.83,286.64,0.09,138.04,87.84,73.63
2026-05-15 17:05:00,0,150.0,218.75,0.0,40.23,22.09,194.23,0.18,95.69,79.21,73.26
2026-05-15 17:10:00,0,150.0,218.75,0.0,40.0,17.9,298.21,0.06,128.49,84.12,72.2
2026-05-15 17:15:00,0,150.0,218.75,0.0,38.9,19.7,278.84,0.08,135.44,86.44,72.97
2026-05-15 17:20:00,0,150.0,218.75,0.0,39.45,20.43,257.8,0.1,128.17,85.01,72.38
2026-05-15 17:25:00,0,150.0,218.75,0.0,38.9,17.04,279.72,0.07,136.25,85.68,71.55
2026-05-15 17:30:00,0,150.0,218.75,0.0,39.32,16.5,262.57,0.08,114.21,80.55,71.95
2026-05-15 17:35:00,0,150.0,218.75,0.0,38.89,17.17,312.31,0.06,151.05,89.54,71.83
2026-05-15 17:40:00,0,150.0,218.75,0.0,39.52,16.37,171.89,0.17,81.82,74.97,73.19
2026-05-15 17:45:00,0,150.0,218.75,0.0,39.16,16.57,236.08,0.09,108.49,79.44,71.47
2026-05-15 17:50:00,0,150.0,218.75,0.0,38.38,14.31,252.45,0.07,128.14,82.8,74.6
2026-05-15 17:55:00,0,150.0,218.75,0.0,37.9,16.5,345.87,0.04,154.19,90.12,72.24
2026-05-15 18:00:00,0,150.0,218.75,0.0,38.54,15.5,313.93,0.05,152.97,89.46,71.5
2026-05-15 18:05:00,0,150.0,218.75,0.0,38.04,15.17,321.54,0.05,155.91,90.16,70.24
2026-05-15 18:10:00,0,150.0,218.75,0.0,37.77,13.7,230.64,0.08,100.37,76.89,71.62
2026-05-15 18:15:00,0,150.0,218.75,0.0,37.96,12.84,347.56,0.03,163.03,91.34,70.34
2026-05-15 18:20:00,0,150.0,218.75,0.0,37.64,13.1,303.15,0.04,140.8,85.38,71.62
2026-05-15 18:25:00,0,150.0,218.75,0.0,37.09,12.97,287.82,0.05,148.69,87.4,70.83
2026-05-15 18:30:00,0,150.0,218.75,0.0,37.37,12.43,236.25,0.07,116.99,79.68,74.12
2026-05-15 18:35:00,0,150.0,218.75,0.0,35.97,13.5,253.51,0.06,124.18,81.59,70.68
2026-05-15 18:40:00,0,150.0,218.75,0.0,37.43,11.04,226.38,0.07,104.79,76.75,71.23
2026-05-15 18:45:00,0,150.0,218.75,0.0,36.44,11.9,326.22,0.03,149.1,87.1,72.81
2026-05-15 18:50:00,0,150.0,218.75,0.0,35.71,9.84,290.5,0.04,130.78,81.78,69.59
2026-05-15 18:55:00,0,150.0,218.75,0.0,36.52,8.77,199.38,0.07,97.51,74.64,70.76
2026-05-15 19:00:00,0,150.0,218.75,0.0,36.05,7.51,263.8,0.03,128.43,80.4,70.33
2026-05-15 19:05:00,0,150.0,218.75,0.0,35.53,10.5,302.05,0.04,142.13,84.8,70.75
2026-05-15 19:10:00,0,150.0,218.75,0.0,35.92,11.37,257.92,0.05,125.87,81.2,69.77
2026-05-15 19:15:00,0,150.0,218.75,0.0,36.15,8.18,233.85,0.05,108.92,76.51,69.12
2026-05-15 19:20:00,0,150.0,218.75,0.0,35.42,6.58,235.08,0.04,114.58,77.06,67.93
2026-05-15 19:25:00,0,150.0,218.75,0.0,34.84,10.04,296.63,0.04,144.86,85.34,70.81
2026-05-15 19:30:00,0,150.0,218.75,0.0,36.32,9.44,273.28,0.04,125.29,80.38,69.59
2026-05-15 19:35:00,0,150.0,218.75,0.0,34.6,7.05,203.81,0.05,99.87,74.41,69.57
2026-05-15 19:40:00,0,150.0,218.75,0.0,35.15,8.97,240.81,0.05,116.03,78.22,68.85
2026-05-15 19:45:00,0,150.0,218.75,0.0,34.12,8.58,236.24,0.05,113.01,77.46,69.52
2026-05-15 19:50:00,0,150.0,218.75,0.0,35.31,9.37,277.38,0.04,134.41,82.49,69.09
2026-05-15 19:55:00,0,150.0,218.75,0.0,34.51,9.44,275.01,0.04,131.74,81.87,68.95
2026-05-15 20:00:00,0,150.0,218.75,0.0,34.87,8.71,262.39,0.04,123.56,79.73,69.24
2026-05-15 20:05:00,0,150.0,218.75,0.0,33.97,5.98,194.68,0.05,87.82,72.0,70.28
2026-05-15 20:10:00,0,150.0,218.75,0.0,34.49,10.64,324.07,0.03,164.03,90.86,67.56
2026-05-15 20:15:00,0,150.0,218.75,0.0,35.18,5.65,155.57,0.07,72.08,69.66,68.0
2026-05-15 20:20:00,0,150.0,218.75,0.0,34.72,9.04,194.3,0.09,88.85,73.31,68.8
2026-05-15 20:25:00,0,150.0,218.75,0.0,33.75,9.11,231.6,0.05,113.65,77.77,67.61
2026-05-15 20:30:00,0,150.0,218.75,0.0,34.31,6.58,204.45,0.05,100.69,74.39,68.66
2026-05-15 20:35:00,0,150.0,218.75,0.0,33.93,8.71,228.24,0.06,112.27,77.37,67.99
2026-05-15 20:40:00,0,150.0,218.75,0.0,34.24,10.3,231.11,0.06,105.55,76.62,67.85
2026-05-15 20:45:00,0,150.0,218.75,0.0,33.3,7.98,277.93,0.03,134.7,82.04,67.96
2026-05-15 20:50:00,0,150.0,218.75,0.0,32.8,10.7,223.83,0.07,107.77,77.2,67.73
2026-05-15 20:55:00,0,150.0,218.75,0.0,34.3,6.45,242.52,0.03,113.37,76.75,67.39
2026-05-15 21:00:00,0,150.0,218.75,0.0,33.77,10.84,275.89,0.04,126.51,81.14,67.92
2026-05-15 21:05:00,0,150.0,218.75,0.0,32.52,11.7,165.33,0.13,80.23,73.01,68.65
2026-05-15 21:10:00,0,150.0,218.75,0.0,32.73,7.91,187.6,0.07,83.44,72.04,66.13
2026-05-15 21:15:00,0,150.0,218.75,0.0,33.32,10.04,240.01,0.06,120.03,79.46,68.12
2026-05-15 21:20:00,0,150.0,218.75,0.0,32.8,11.3,312.94,0.03,143.42,85.39,67.24
2026-05-15 21:25:00,0,150.0,218.75,0.0,32.91,11.24,256.16,0.06,123.46,80.63,67.02
2026-05-15 21:30:00,0,150.0,218.75,0.0,31.89,10.37,234.76,0.06,111.35,77.77,67.14
2026-05-15 21:35:00,0,150.0,218.75,0.0,33.41,12.57,293.07,0.05,135.44,83.87,65.73
2026-05-15 21:40:00,0,150.0,218.75,0.0,31.73,12.17,247.06,0.07,121.94,80.64,68.44
2026-05-15 21:45:00,0,150.0,218.75,0.0,32.88,14.23,262.36,0.07,127.97,82.72,68.3
2026-05-15 21:50:00,0,150.0,218.75,0.0,33.17,13.96,219.25,0.1,95.21,76.11,66.65
2026-05-15 21:55:00,0,150.0,218.75,0.0,32.13,13.17,249.45,0.06,113.62,95.91,67.38
2026-05-15 22:00:00,0,150.0,218.75,0.0,31.03,14.89,254.32,0.08,116.21,80.38,65.8
2026-05-15 22:05:00,0,150.0,218.75,0.0,32.45,11.9,200.93,0.1,97.8,75.83,67.36
2026-05-15 22:10:00,0,150.0,218.75,0.0,31.82,14.16,233.29,0.09,110.64,79.01,67.25
2026-05-15 22:15:00,0,150.0,218.75,0.0,31.69,17.42,180.68,0.16,86.63,76.03,66.67
2026-05-15 22:20:00,0,150.0,218.75,0.0,32.04,14.76,180.3,0.15,89.64,75.56,66.47
2026-05-15 22:25:00,0,150.0,218.75,0.0,30.82,17.89,215.37,0.12,103.67,79.03,66.3
2026-05-15 22:30:00,0,150.0,218.75,0.0,31.14,17.09,244.62,0.09,116.9,81.32,66.7
2026-05-15 22:35:00,0,150.0,218.75,0.0,30.75,19.62,213.79,0.14,96.58,78.4,65.6
2026-05-15 22:40:00,0,150.0,218.75,0.0,31.82,17.95,175.49,0.18,79.4,75.18,66.42
2026-05-15 22:45:00,0,150.0,218.75,0.0,30.36,18.42,297.73,0.07,139.01,86.84,66.77
2026-05-15 22:50:00,0,150.0,218.75,0.0,31.31,21.48,146.2,0.34,69.77,75.44,63.95
2026-05-15 22:55:00,0,150.0,218.75,0.0,30.89,20.62,232.49,0.12,106.03,80.43,66.29
2026-05-15 23:00:00,0,150.0,218.75,0.0,31.05,23.42,207.01,0.17,96.07,79.7,64.33
2026-05-15 23:05:00,0,150.0,218.75,0.0,31.08,21.22,236.51,0.13,117.16,82.9,62.93
2026-05-15 23:10:00,0,150.0,218.75,0.0,31.45,26.21,228.69,0.16,103.58,82.01,64.03
2026-05-15 23:15:00,0,150.0,218.75,0.0,31.02,23.09,257.97,0.13,115.45,83.19,63.89
2026-05-15 23:20:00,0,150.0,218.75,0.0,30.64,24.42,286.14,0.1,134.78,87.95,64.51
2026-05-15 23:25:00,0,150.0,218.75,0.0,30.76,24.02,185.86,0.24,87.65,78.66,63.83
2026-05-15 23:30:00,0,150.0,218.75,0.0,30.62,24.56,240.03,0.14,118.08,84.28,65.96
2026-05-15 23:35:00,0,150.0,218.75,0.0,31.57,23.96,321.99,0.07,152.36,92.28,64.47
2026-05-15 23:40:00,0,150.0,218.75,0.0,31.55,24.62,216.02,0.17,102.21,81.22,65.45
2026-05-15 23:45:00,0,150.0,218.75,0.0,31.7,24.02,280.43,0.1,126.31,97.01,62.48
2026-05-15 23:50:00,0,150.0,218.75,0.0,30.58,27.6,262.51,0.12,127.06,87.29,61.56
2026-05-15 23:55:00,0,150.0,218.75,0.0,30.7,26.74,269.95,0.11,125.75,86.67,64.82
2026-05-16 00:00:00,0,600.0,189.84,0.0,30.54,27.67,239.0,0.16,113.22,84.4,63.23
2026-05-16 00:05:00,0,600.0,189.84,0.0,31.43,27.0,278.11,0.11,123.82,86.33,63.24
2026-05-16 00:10:00,0,600.0,189.84,0.0,31.44,26.54,279.98,0.1,135.02,88.75,63.19
2026-05-16 00:15:00,0,600.0,189.84,0.0,31.29,28.93,225.81,0.19,104.76,83.24,63.91
2026-05-16 00:20:00,0,600.0,189.84,0.0,31.5,27.14,234.04,0.14,101.98,82.0,63.65
2026-05-16 00:25:00,0,600.0,189.84,0.0,31.52,29.86,215.72,0.2,113.86,85.38,60.88
2026-05-16 00:30:00,0,600.0,189.84,0.0,30.68,27.07,215.57,0.18,102.9,82.22,62.12
2026-05-16 00:35:00,0,600.0,189.84,0.0,31.14,28.8,311.15,0.1,135.3,89.61,61.75
2026-05-16 00:40:00,0,600.0,189.84,0.0,31.6,30.33,201.9,0.23,88.58,81.0,62.84
2026-05-16 00:45:00,0,600.0,189.84,0.0,31.65,30.13,248.83,0.16,117.85,86.23,61.72
2026-05-16 00:50:00,0,600.0,189.84,0.0,31.5,31.07,192.86,0.26,87.71,81.18,61.19
2026-05-16 00:55:00,0,600.0,189.84,0.0,31.75,31.14,252.24,0.17,127.13,88.64,63.26
2026-05-16 01:00:00,0,600.0,189.84,0.0,31.09,31.07,326.16,0.1,156.38,95.94,62.27
2026-05-16 01:05:00,0,600.0,189.84,0.0,31.25,31.26,201.61,0.24,100.15,83.31,61.63
2026-05-16 01:10:00,0,600.0,189.84,0.0,30.95,31.33,233.42,0.18,100.07,83.2,61.68
2026-05-16 01:15:00,0,600.0,189.84,0.0,32.22,29.74,232.66,0.18,109.02,84.33,61.53
2026-05-16 01:20:00,0,600.0,189.84,0.0,31.28,33.2,220.72,0.22,104.35,84.72,61.19
2026-05-16 01:25:00,0,600.0,189.84,0.0,32.04,32.87,302.81,0.12,127.48,89.23,60.75
2026-05-16 01:30:00,0,600.0,189.84,0.0,31.85,34.2,288.07,0.13,135.02,91.5,60.4
2026-05-16 01:35:00,0,600.0,189.84,0.0,31.95,32.67,304.85,0.12,141.48,92.55,60.16
2026-05-16 01:40:00,0,600.0,189.84,0.0,31.22,33.39,244.12,0.18,109.51,85.7,59.13
2026-05-16 01:45:00,0,600.0,189.84,0.0,31.82,34.46,168.12,0.38,77.92,81.14,62.94
2026-05-16 01:50:00,0,600.0,189.84,0.0,31.89,34.13,295.04,0.12,143.8,93.66,60.03
2026-05-16 01:55:00,0,600.0,189.84,0.0,31.59,35.26,257.91,0.15,120.66,88.6,60.49
2026-05-16 02:00:00,0,600.0,189.84,0.0,31.69,31.34,209.55,0.23,96.84,82.73,59.42
2026-05-16 02:05:00,0,600.0,189.84,0.0,31.2,34.46,349.46,0.1,149.84,114.28,60.34
2026-05-16 02:10:00,0,600.0,189.84,0.0,32.68,35.24,290.02,0.13,139.55,92.98,59.18
2026-05-16 02:15:00,0,600.0,189.84,0.0,32.22,30.92,248.12,0.18,119.61,86.92,58.95
2026-05-16 02:20:00,0,600.0,189.84,0.0,32.66,33.71,224.0,0.22,108.64,85.72,60.25
2026-05-16 02:25:00,0,600.0,189.84,0.0,31.83,32.92,270.22,0.13,129.69,89.78,59.61
2026-05-16 02:30:00,0,600.0,189.84,0.0,32.42,32.31,252.8,0.17,118.68,87.19,59.5
2026-05-16 02:35:00,0,600.0,189.84,0.0,31.5,30.52,370.94,0.07,172.83,100.56,58.29
2026-05-16 02:40:00,0,600.0,189.84,0.0,32.55,31.77,205.07,0.23,103.58,84.1,59.43
2026-05-16 02:45:00,0,600.0,189.84,0.0,32.1,32.97,262.71,0.16,125.44,88.88,59.89
2026-05-16 02:50:00,0,600.0,189.84,0.0,33.45,32.97,223.74,0.2,107.88,85.27,58.19
2026-05-16 02:55:00,0,600.0,189.84,0.0,33.05,29.71,238.93,0.15,118.87,86.28,57.74
2026-05-16 03:00:00,0,600.0,189.84,0.0,33.11,31.71,267.0,0.13,125.55,88.4,58.68
2026-05-16 03:05:00,0,600.0,189.84,0.0,32.87,30.04,256.75,0.14,131.82,89.3,58.96
2026-05-16 03:10:00,0,600.0,189.84,0.0,34.28,31.31,255.44,0.15,114.72,85.96,59.41
2026-05-16 03:15:00,0,600.0,189.84,0.0,33.75,31.17,318.44,0.1,151.41,94.6,58.68
2026-05-16 03:20:00,0,600.0,189.84,0.0,33.67,30.24,250.07,0.16,117.68,86.23,57.11
2026-05-16 03:25:00,0,600.0,189.84,0.0,33.16,28.51,249.11,0.13,114.54,84.91,58.07
2026-05-16 03:30:00,0,600.0,189.84,0.0,33.69,29.44,223.07,0.17,97.07,81.99,57.58
2026-05-16 03:35:00,0,600.0,189.84,0.0,33.54,27.18,258.99,0.14,123.43,86.37,57.27
2026-05-16 03:40:00,0,600.0,189.84,0.0,33.67,27.38,229.77,0.16,110.44,83.74,57.34
2026-05-16 03:45:00,0,600.0,189.84,0.0,33.27,31.04,362.51,0.07,169.08,99.59,57.55
2026-05-16 03:50:00,0,600.0,189.84,0.0,33.74,27.91,358.08,0.07,167.43,98.0,57.09
2026-05-16 03:55:00,0,600.0,189.84,0.0,34.43,25.71,191.23,0.23,86.1,78.99,57.09
2026-05-16 04:00:00,0,600.0,189.84,0.0,34.03,27.9,276.89,0.11,137.55,89.88,57.6
2026-05-16 04:05:00,0,600.0,189.84,0.0,35.59,27.23,276.06,0.12,141.13,90.56,56.89
2026-05-16 04:10:00,0,600.0,189.84,0.0,34.85,27.83,203.23,0.22,88.03,80.02,56.59
2026-05-16 04:15:00,0,600.0,189.84,0.0,34.69,26.51,264.92,0.13,120.3,85.43,56.07
2026-05-16 04:20:00,0,600.0,189.84,0.0,34.29,25.97,301.9,0.09,142.68,90.46,58.01
2026-05-16 04:25:00,0,600.0,189.84,0.0,35.61,25.31,308.09,0.08,144.69,90.72,57.13
2026-05-16 04:30:00,0,600.0,189.84,0.0,35.97,24.5,104.79,0.66,49.76,74.99,56.83
2026-05-16 04:35:00,0,600.0,189.84,0.0,34.79,23.18,220.94,0.15,105.18,81.23,55.34
2026-05-16 04:40:00,0,600.0,189.84,0.0,35.28,24.31,220.91,0.15,97.29,80.19,56.11
2026-05-16 04:45:00,0,600.0,189.84,0.0,36.05,22.85,140.05,0.37,63.15,75.19,55.24
2026-05-16 04:50:00,0,600.0,189.84,0.0,35.27,22.19,269.79,0.1,134.73,87.17,54.79
2026-05-16 04:55:00,0,600.0,189.84,0.0,35.62,22.53,167.89,0.27,79.49,76.98,55.45
2026-05-16 05:00:00,0,600.0,189.84,0.0,35.39,21.33,331.4,0.06,153.88,91.76,55.78
2026-05-16 05:05:00,0,600.0,189.84,0.0,37.08,19.87,212.91,0.14,98.33,78.8,54.13
2026-05-16 05:10:00,0,600.0,189.84,0.0,36.12,17.81,248.32,0.09,116.97,81.59,55.59
2026-05-16 05:15:00,0,600.0,189.84,0.0,35.84,17.68,229.48,0.11,110.5,80.26,55.46
2026-05-16 05:20:00,0,600.0,189.84,0.0,36.42,19.54,218.12,0.13,99.36,78.85,55.56
2026-05-16 05:25:00,0,600.0,189.84,0.0,37.26,17.61,210.62,0.12,94.01,77.23,54.94
2026-05-16 05:30:00,0,600.0,189.84,0.0,36.76,17.48,240.74,0.09,116.73,81.43,55.59
2026-05-16 05:35:00,0,600.0,189.84,0.0,37.03,18.21,255.68,0.08,122.32,82.87,54.64
2026-05-16 05:40:00,0,600.0,189.84,0.0,37.43,16.68,279.08,0.07,128.52,83.71,55.45
2026-05-16 05:45:00,0,600.0,189.84,0.0,37.7,17.28,263.14,0.07,124.54,83.02,54.47
2026-05-16 05:50:00,0,600.0,189.84,0.0,37.84,14.82,223.79,0.1,102.85,77.78,53.77
2026-05-16 05:55:00,0,600.0,189.84,0.0,37.94,15.29,220.62,0.1,102.96,77.96,54.02
2026-05-16 06:00:00,0,600.0,189.84,0.0,39.13,12.17,270.43,0.05,130.13,82.47,54.55
2026-05-16 06:05:00,0,600.0,189.84,0.0,37.98,14.03,207.16,0.11,94.18,75.98,53.56
2026-05-16 06:10:00,0,600.0,189.84,0.0,37.62,17.35,210.05,0.14,98.24,77.91,52.92
2026-05-16 06:15:00,0,600.0,189.84,0.0,38.02,14.76,214.62,0.11,101.24,77.48,52.54
2026-05-16 06:20:00,0,600.0,189.84,0.0,38.32,12.03,235.06,0.08,112.26,78.58,52.69
2026-05-16 06:25:00,0,600.0,189.84,0.0,39.03,12.17,261.25,0.06,123.11,80.89,51.96
2026-05-16 06:30:00,0,600.0,189.84,0.0,38.7,11.17,211.87,0.08,97.85,75.56,54.47
2026-05-16 06:35:00,0,600.0,189.84,0.0,38.86,13.1,308.48,0.04,153.19,88.66,54.12
2026-05-16 06:40:00,0,600.0,189.84,0.0,39.38,12.16,219.37,0.08,109.22,78.03,54.09
2026-05-16 06:45:00,0,600.0,189.84,0.0,39.56,10.04,246.56,0.05,101.76,75.81,52.66
2026-05-16 06:50:00,0,600.0,189.84,0.0,39.2,9.71,254.94,0.05,114.04,78.07,51.64
2026-05-16 06:55:00,0,600.0,189.84,0.0,39.41,10.31,323.44,0.03,149.76,86.73,53.24
2026-05-16 07:00:00,0,600.0,189.84,0.0,39.1,8.44,306.47,0.03,146.45,85.19,52.28
2026-05-16 07:05:00,0,600.0,189.84,0.0,39.91,7.91,314.97,0.03,160.44,88.87,51.86
2026-05-16 07:10:00,0,600.0,189.84,0.0,39.93,10.83,236.54,0.06,109.63,77.6,51.18
2026-05-16 07:15:00,0,600.0,189.84,0.0,40.81,7.11,210.42,0.05,97.86,74.08,52.47
2026-05-16 07:20:00,0,600.0,189.84,0.0,40.24,9.17,196.94,0.07,89.13,73.37,52.41
2026-05-16 07:25:00,0,600.0,189.84,0.0,40.83,9.5,230.82,0.05,102.88,75.83,52.39
2026-05-16 07:30:00,0,600.0,189.84,0.0,41.0,9.51,367.45,0.02,184.99,97.04,51.42
2026-05-16 07:35:00,0,600.0,189.84,0.0,41.37,7.44,172.8,0.08,78.91,71.25,49.35
2026-05-16 07:40:00,0,600.0,189.84,0.0,41.28,9.9,258.63,0.05,125.19,80.55,49.93
2026-05-16 07:45:00,0,600.0,189.84,0.0,39.79,6.11,218.59,0.04,104.54,74.93,53.36
2026-05-16 07:50:00,0,600.0,189.84,0.0,40.01,9.77,223.6,0.06,111.7,77.64,50.61
2026-05-16 07:55:00,0,600.0,189.84,0.0,41.42,6.25,331.7,0.02,157.8,87.51,52.08
2026-05-16 08:00:00,0,600.0,189.84,0.0,41.62,8.5,189.69,0.07,93.03,73.78,51.65
2026-05-16 08:05:00,0,600.0,189.84,0.0,40.97,7.51,239.18,0.04,117.88,78.09,50.29
2026-05-16 08:10:00,0,600.0,189.84,0.0,41.72,7.64,252.51,0.04,120.25,78.65,51.02
2026-05-16 08:15:00,0,600.0,189.84,0.0,41.71,7.91,244.6,0.04,106.89,76.01,49.4
2026-05-16 08:20:00,0,600.0,189.84,0.0,41.56,10.03,245.87,0.06,120.14,79.5,51.63
2026-05-16 08:25:00,0,600.0,189.84,0.0,41.52,9.24,241.33,0.05,120.44,79.26,50.75
2026-05-16 08:30:00,0,600.0,189.84,0.0,42.71,7.51,271.04,0.03,127.13,80.11,49.76
2026-05-16 08:35:00,0,600.0,189.84,0.0,41.9,8.9,272.75,0.04,134.1,82.26,51.95
2026-05-16 08:40:00,0,600.0,189.84,0.0,41.93,9.1,210.21,0.07,92.42,73.89,50.46
2026-05-16 08:45:00,0,600.0,189.84,0.0,42.99,10.1,282.35,0.04,128.89,81.45,50.82
2026-05-16 08:50:00,0,600.0,189.84,0.0,42.62,9.5,220.04,0.07,112.98,77.83,50.2
2026-05-16 08:55:00,0,600.0,189.84,0.0,42.93,8.64,272.5,0.04,136.82,82.83,49.91
2026-05-16 09:00:00,0,600.0,189.84,0.0,42.73,9.5,143.27,0.16,67.04,70.57,51.82
2026-05-16 09:05:00,0,600.0,189.84,0.0,43.59,8.57,176.96,0.1,80.43,71.9,50.43
2026-05-16 09:10:00,0,600.0,189.84,0.0,42.54,9.57,243.41,0.05,112.81,77.78,49.83
2026-05-16 09:15:00,0,600.0,189.84,0.0,42.66,12.69,224.9,0.09,108.57,78.11,49.9
2026-05-16 09:20:00,0,600.0,189.84,0.0,44.04,11.63,212.9,0.09,100.71,76.26,50.53
2026-05-16 09:25:00,0,600.0,189.84,0.0,43.78,12.03,281.49,0.05,125.2,81.3,48.61
2026-05-16 09:30:00,0,600.0,189.84,0.0,43.76,12.23,287.77,0.05,127.17,81.82,50.34
2026-05-16 09:35:00,0,600.0,189.84,0.0,44.18,10.5,238.22,0.06,114.46,78.47,50.52
2026-05-16 09:40:00,0,600.0,189.84,0.0,43.75,14.69,255.38,0.07,115.24,80.11,48.52
2026-05-16 09:45:00,0,600.0,189.84,0.0,44.37,11.23,173.04,0.12,81.83,73.08,48.68
2026-05-16 09:50:00,0,600.0,189.84,0.0,43.51,13.89,289.27,0.05,141.66,85.9,48.41
2026-05-16 09:55:00,0,600.0,189.84,0.0,44.04,14.42,252.99,0.08,121.51,81.38,48.92
2026-05-16 10:00:00,0,600.0,189.84,0.0,43.32,14.55,284.23,0.06,128.94,99.28,49.41
2026-05-16 10:05:00,0,600.0,189.84,0.0,43.57,15.67,282.1,0.07,130.34,83.8,48.26
2026-05-16 10:10:00,0,600.0,189.84,0.0,43.32,14.15,278.69,0.06,135.99,84.6,48.21
2026-05-16 10:15:00,0,600.0,189.84,0.0,44.78,15.14,292.08,0.06,134.01,84.47,46.97
2026-05-16 10:20:00,0,600.0,189.84,0.0,43.77,15.21,279.94,0.06,134.97,84.72,48.14
2026-05-16 10:25:00,0,600.0,189.84,0.0,44.27,18.06,317.66,0.05,148.84,89.24,47.82
2026-05-16 10:30:00,0,600.0,189.84,0.0,44.53,17.92,262.49,0.08,115.72,81.37,46.92
2026-05-16 10:35:00,0,600.0,189.84,0.0,44.49,20.11,245.68,0.11,115.85,82.22,45.89
2026-05-16 10:40:00,0,600.0,189.84,0.0,44.91,18.52,246.13,0.09,122.15,82.98,47.31
2026-05-16 10:45:00,0,600.0,189.84,0.0,44.27,17.66,314.73,0.06,147.95,88.88,45.49
2026-05-16 10:50:00,0,600.0,189.84,0.0,43.96,20.57,262.78,0.1,123.95,100.57,47.44
2026-05-16 10:55:00,0,600.0,189.84,0.0,45.26,20.43,248.41,0.11,112.89,81.73,45.9
2026-05-16 11:00:00,0,600.0,189.84,0.0,44.58,21.29,188.19,0.19,90.64,78.11,47.07
2026-05-16 11:05:00,0,600.0,189.84,0.0,44.13,21.36,221.9,0.13,103.38,80.24,45.49
2026-05-16 11:10:00,0,600.0,189.84,0.0,45.41,19.44,274.59,0.08,124.33,83.76,47.31
2026-05-16 11:15:00,0,600.0,189.84,0.0,45.77,24.21,239.74,0.13,112.35,93.44,46.93
2026-05-16 11:20:00,0,600.0,189.84,0.0,44.39,21.42,297.25,0.08,155.93,107.77,45.91
2026-05-16 11:25:00,0,600.0,189.84,0.0,44.29,24.12,220.3,0.15,101.23,80.85,45.92
2026-05-16 11:30:00,0,600.0,189.84,0.0,45.32,23.2,221.94,0.14,96.55,79.67,45.13
2026-05-16 11:35:00,0,600.0,189.84,0.0,45.35,24.86,253.5,0.12,122.4,85.31,45.79
2026-05-16 11:40:00,0,600.0,189.84,0.0,44.76,25.78,310.04,0.09,145.43,91.12,46.61
2026-05-16 11:45:00,0,600.0,189.84,0.0,44.83,24.39,342.01,0.06,161.55,95.03,45.6
2026-05-16 11:50:00,0,600.0,189.84,0.0,44.02,26.23,224.28,0.17,109.49,83.19,46.65
2026-05-16 11:55:00,0,600.0,189.84,0.0,45.57,26.96,248.57,0.14,124.42,86.54,46.38
2026-05-16 12:00:00,0,600.0,189.84,0.0,44.44,27.69,180.23,0.26,86.75,79.87,42.75
2026-05-16 12:05:00,0,600.0,189.84,0.0,44.99,29.82,342.23,0.08,159.36,96.34,43.05
2026-05-16 12:10:00,0,600.0,189.84,0.0,44.86,26.36,229.87,0.15,103.85,82.12,45.71
2026-05-16 12:15:00,0,600.0,189.84,0.0,44.51,30.93,290.5,0.12,131.7,109.93,44.47
2026-05-16 12:20:00,0,600.0,189.84,0.0,44.44,28.92,296.79,0.11,131.73,88.84,46.54
2026-05-16 12:25:00,0,600.0,189.84,0.0,44.29,27.93,167.79,0.3,75.25,78.35,44.71
2026-05-16 12:30:00,0,600.0,189.84,0.0,45.54,27.8,260.92,0.13,120.48,85.94,44.59
2026-05-16 12:35:00,0,600.0,189.84,0.0,45.4,27.6,227.32,0.16,101.69,82.17,43.67
2026-05-16 12:40:00,0,600.0,189.84,0.0,45.23,28.07,172.06,0.3,81.48,79.28,43.28
2026-05-16 12:45:00,0,600.0,189.84,0.0,45.0,29.07,279.52,0.12,137.82,90.39,44.7
2026-05-16 12:50:00,0,600.0,189.84,0.0,45.22,29.06,269.47,0.12,124.02,87.14,44.31
2026-05-16 12:55:00,0,600.0,189.84,0.0,44.88,31.58,267.93,0.14,128.74,89.13,44.81
2026-05-16 13:00:00,0,600.0,189.84,0.0,44.13,31.38,250.23,0.16,112.8,85.64,43.59
2026-05-16 13:05:00,0,600.0,189.84,0.0,44.52,30.26,301.01,0.1,141.18,91.61,42.8
2026-05-16 13:10:00,0,600.0,189.84,0.0,44.52,30.18,269.3,0.13,124.15,87.58,43.34
2026-05-16 13:15:00,0,600.0,189.84,0.0,44.86,31.78,233.99,0.19,113.38,85.96,42.15
2026-05-16 13:20:00,0,600.0,189.84,0.0,44.64,33.7,238.13,0.18,115.59,87.06,42.5
2026-05-16 13:25:00,0,600.0,189.84,0.0,45.04,31.32,331.43,0.09,162.59,97.82,42.11
2026-05-16 13:30:00,0,600.0,189.84,0.0,45.03,32.1,359.05,0.08,177.09,102.5,44.11
2026-05-16 13:35:00,0,600.0,189.84,0.0,45.26,32.94,238.48,0.19,107.46,85.19,41.67
2026-05-16 13:40:00,0,600.0,189.84,0.0,44.42,34.47,262.18,0.17,123.09,88.92,41.88
2026-05-16 13:45:00,0,600.0,189.84,0.0,44.62,35.19,225.14,0.22,100.66,84.76,43.01
2026-05-16 13:50:00,0,600.0,189.84,0.0,44.87,33.34,251.91,0.16,122.12,88.3,41.11
2026-05-16 13:55:00,0,600.0,189.84,0.0,43.55,31.36,292.01,0.13,141.76,92.2,41.59
2026-05-16 14:00:00,0,600.0,189.84,0.0,43.78,32.28,220.79,0.2,100.2,83.62,41.67
2026-05-16 14:05:00,0,600.0,189.84,0.0,43.98,35.33,301.61,0.12,144.18,115.48,41.49
2026-05-16 14:10:00,0,600.0,189.84,0.0,43.78,34.04,334.19,0.1,161.95,98.6,41.5
2026-05-16 14:15:00,0,600.0,189.84,0.0,43.64,32.37,287.06,0.13,126.61,88.9,41.3
2026-05-16 14:20:00,0,600.0,189.84,0.0,43.97,31.98,295.0,0.12,134.48,90.59,41.94
2026-05-16 14:25:00,0,600.0,189.84,0.0,43.04,32.7,272.61,0.13,135.45,91.1,40.32
2026-05-16 14:30:00,0,600.0,189.84,0.0,42.4,33.16,286.78,0.12,140.49,92.49,41.87
2026-05-16 14:35:00,0,600.0,189.84,0.0,44.07,34.28,296.84,0.13,151.72,95.86,41.34
2026-05-16 14:40:00,0,600.0,189.84,0.0,43.78,32.02,286.18,0.13,123.88,88.16,39.77
2026-05-16 14:45:00,0,600.0,189.84,0.0,43.8,33.21,195.85,0.3,96.58,83.5,41.38
2026-05-16 14:50:00,0,600.0,189.84,0.0,43.23,32.29,272.67,0.14,133.23,90.44,40.03
2026-05-16 14:55:00,0,600.0,189.84,0.0,42.91,31.16,274.81,0.13,136.85,90.9,41.67
2026-05-16 15:00:00,0,600.0,189.84,0.0,43.26,31.69,242.32,0.17,121.74,87.65,38.96
2026-05-16 15:05:00,0,600.0,189.84,0.0,42.07,32.8,298.21,0.12,149.9,94.82,39.33
2026-05-16 15:10:00,0,600.0,189.84,0.0,42.59,32.66,220.99,0.22,102.03,84.12,38.86
2026-05-16 15:15:00,0,600.0,189.84,0.0,42.58,28.91,203.47,0.25,96.1,81.81,39.0
2026-05-16 15:20:00,0,600.0,189.84,0.0,42.74,31.68,248.22,0.17,117.29,86.69,39.86
2026-05-16 15:25:00,0,600.0,189.84,0.0,42.38,30.62,197.03,0.23,95.28,82.23,39.4
2026-05-16 15:30:00,0,600.0,189.84,0.0,41.62,28.91,240.4,0.16,109.8,100.88,39.61
2026-05-16 15:35:00,0,600.0,189.84,0.0,42.06,29.95,239.91,0.17,121.31,86.95,37.58
2026-05-16 15:40:00,0,600.0,189.84,0.0,42.42,26.32,353.12,0.07,174.69,99.7,39.77
2026-05-16 15:45:00,0,600.0,189.84,0.0,41.05,28.48,292.98,0.11,146.06,92.26,39.23
2026-05-16 15:50:00,0,600.0,189.84,0.0,41.42,28.28,170.34,0.33,85.57,80.02,39.39
2026-05-16 15:55:00,0,600.0,189.84,0.0,42.82,27.09,375.41,0.06,182.89,102.59,38.96
2026-05-16 16:00:00,0,600.0,189.84,0.0,41.68,27.73,350.75,0.07,155.78,94.57,37.8
2026-05-16 16:05:00,0,600.0,189.84,0.0,41.92,25.55,257.5,0.12,118.07,84.61,37.73
2026-05-16 16:10:00,0,600.0,189.84,0.0,41.25,25.62,222.06,0.17,113.53,83.78,38.43
2026-05-16 16:15:00,0,600.0,189.84,0.0,40.16,24.3,272.17,0.1,129.54,86.68,37.42
2026-05-16 16:20:00,0,600.0,189.84,0.0,41.12,24.63,272.47,0.11,120.05,84.69,38.12
2026-05-16 16:25:00,0,600.0,189.84,0.0,41.16,22.59,301.3,0.07,141.33,88.9,37.78
2026-05-16 16:30:00,0,600.0,189.84,0.0,40.15,24.36,239.48,0.14,117.75,84.16,37.49
2026-05-16 16:35:00,0,600.0,189.84,0.0,40.19,21.47,243.63,0.12,107.93,81.11,37.49
2026-05-16 16:40:00,0,600.0,189.84,0.0,40.46,21.27,290.9,0.08,139.88,88.09,37.33
2026-05-16 16:45:00,0,600.0,189.84,0.0,40.26,24.29,246.75,0.13,120.53,84.71,37.79
2026-05-16 16:50:00,0,600.0,189.84,0.0,40.21,22.44,271.07,0.1,124.86,84.96,36.29
2026-05-16 16:55:00,0,600.0,189.84,0.0,40.04,22.64,272.7,0.09,132.14,86.69,36.81
2026-05-16 17:00:00,0,600.0,189.84,0.0,39.21,18.42,225.87,0.12,108.34,80.13,36.42
2026-05-16 17:05:00,0,600.0,189.84,0.0,39.13,19.55,318.89,0.06,154.75,91.39,37.6
2026-05-16 17:10:00,0,600.0,189.84,0.0,39.67,20.33,340.39,0.06,168.62,95.7,36.51
2026-05-16 17:15:00,0,600.0,189.84,0.0,38.85,19.01,212.1,0.14,105.02,79.73,36.24
2026-05-16 17:20:00,0,600.0,189.84,0.0,40.21,17.76,285.45,0.07,129.86,84.41,36.55
2026-05-16 17:25:00,0,600.0,189.84,0.0,39.49,18.74,283.61,0.08,140.08,87.25,35.11
2026-05-16 17:30:00,0,600.0,189.84,0.0,38.88,15.84,294.73,0.06,136.65,85.34,35.35
2026-05-16 17:35:00,0,600.0,189.84,0.0,38.28,15.71,283.98,0.06,137.27,85.45,36.34
2026-05-16 17:40:00,0,600.0,189.84,0.0,39.39,17.94,253.45,0.1,116.91,81.65,35.3
2026-05-16 17:45:00,0,600.0,189.84,0.0,38.56,16.56,221.5,0.11,101.4,78.14,35.0
2026-05-16 17:50:00,0,600.0,189.84,0.0,39.12,15.51,255.7,0.08,120.44,81.52,34.42
2026-05-16 17:55:00,0,600.0,189.84,0.0,37.55,13.67,238.05,0.07,108.98,93.28,35.0
2026-05-16 18:00:00,0,600.0,189.84,0.0,37.31,14.97,258.42,0.07,124.12,82.11,35.26
2026-05-16 18:05:00,0,600.0,189.84,0.0,38.08,14.9,246.4,0.08,115.27,80.21,35.43
2026-05-16 18:10:00,0,600.0,189.84,0.0,37.21,11.23,299.9,0.04,148.43,86.71,35.41
2026-05-16 18:15:00,0,600.0,189.84,0.0,37.95,13.26,251.38,0.06,114.31,79.39,35.62
2026-05-16 18:20:00,0,600.0,189.84,0.0,37.29,13.78,327.96,0.04,152.5,88.7,35.63
2026-05-16 18:25:00,0,600.0,189.84,0.0,36.8,13.58,376.77,0.03,185.06,98.5,35.01
2026-05-16 18:30:00,0,600.0,189.84,0.0,37.31,11.14,316.81,0.03,143.94,85.48,35.3
2026-05-16 18:35:00,0,600.0,189.84,0.0,37.41,13.83,282.17,0.06,133.15,83.78,35.24
2026-05-16 18:40:00,0,600.0,189.84,0.0,36.43,10.81,243.46,0.06,111.77,78.01,34.72
2026-05-16 18:45:00,0,600.0,189.84,0.0,35.74,11.99,223.39,0.08,102.63,76.7,34.19
2026-05-16 18:50:00,0,600.0,189.84,0.0,37.14,11.34,278.8,0.05,129.36,82.0,33.96
2026-05-16 18:55:00,0,600.0,189.84,0.0,36.61,7.67,252.41,0.04,117.75,78.11,35.3
2026-05-16 19:00:00,0,600.0,189.84,0.0,36.34,7.4,298.98,0.02,140.93,83.37,33.63
2026-05-16 19:05:00,0,600.0,189.84,0.0,36.48,10.02,222.01,0.06,108.84,77.16,34.1
2026-05-16 19:10:00,0,600.0,189.84,0.0,36.42,7.07,178.07,0.06,80.95,71.36,31.91
2026-05-16 19:15:00,0,600.0,189.84,0.0,36.68,10.68,400.82,0.02,194.4,100.66,33.99
2026-05-16 19:20:00,0,600.0,189.84,0.0,35.71,11.98,233.74,0.07,109.65,78.02,33.33
2026-05-16 19:25:00,0,600.0,189.84,0.0,34.63,6.87,210.05,0.05,98.74,74.14,33.95
2026-05-16 19:30:00,0,600.0,189.84,0.0,35.34,7.86,349.12,0.02,168.99,91.36,32.55
2026-05-16 19:35:00,0,600.0,189.84,0.0,35.34,8.37,249.13,0.04,115.85,77.96,32.34
2026-05-16 19:40:00,0,600.0,189.84,0.0,35.1,6.54,285.41,0.02,130.5,80.52,31.52
2026-05-16 19:45:00,0,600.0,189.84,0.0,34.91,9.62,303.0,0.04,135.52,82.84,31.95
2026-05-16 19:50:00,0,600.0,189.84,0.0,35.06,7.19,138.29,0.12,64.47,69.36,31.03
2026-05-16 19:55:00,0,600.0,189.84,0.0,34.78,9.48,205.85,0.07,97.15,74.82,33.72
2026-05-16 20:00:00,0,600.0,189.84,0.0,34.72,7.07,266.73,0.03,127.86,80.11,32.52
2026-05-16 20:05:00,0,600.0,189.84,0.0,34.63,9.36,225.7,0.06,114.39,90.05,31.39
2026-05-16 20:10:00,0,600.0,189.84,0.0,34.47,7.98,256.06,0.04,122.27,79.19,31.71
2026-05-16 20:15:00,0,600.0,189.84,0.0,34.1,9.61,238.1,0.05,119.09,79.09,32.13
2026-05-16 20:20:00,0,600.0,189.84,0.0,33.71,9.22,231.65,0.06,109.46,76.99,31.74
2026-05-16 20:25:00,0,600.0,189.84,0.0,34.13,6.73,257.61,0.04,121.15,78.51,30.21
2026-05-16 20:30:00,0,600.0,189.84,0.0,34.15,8.3,299.98,0.03,140.32,83.55,31.65
2026-05-16 20:35:00,0,600.0,189.84,0.0,33.69,7.65,223.41,0.05,101.47,74.91,31.6
2026-05-16 20:40:00,0,600.0,189.84,0.0,33.22,9.35,272.5,0.04,127.71,80.89,31.79
2026-05-16 20:45:00,0,600.0,189.84,0.0,33.4,10.91,195.94,0.08,91.23,74.33,31.45
2026-05-16 20:50:00,0,600.0,189.84,0.0,33.61,10.39,255.63,0.05,118.78,79.3,32.23
2026-05-16 20:55:00,0,600.0,189.84,0.0,33.1,10.65,262.15,0.05,123.95,80.52,31.45
2026-05-16 21:00:00,0,600.0,189.84,0.0,33.67,9.41,187.41,0.09,88.83,73.44,29.8
2026-05-16 21:05:00,0,600.0,189.84,0.0,33.26,8.95,284.7,0.04,133.27,82.06,31.49
2026-05-16 21:10:00,0,600.0,189.84,0.0,33.17,11.11,322.69,0.03,164.37,91.12,31.83
2026-05-16 21:15:00,0,600.0,189.84,0.0,32.37,12.47,166.65,0.15,83.7,73.83,30.75
2026-05-16 21:20:00,0,600.0,189.84,0.0,32.98,10.84,322.04,0.04,152.04,87.54,30.65
2026-05-16 21:25:00,0,600.0,189.84,0.0,32.75,12.93,286.22,0.05,138.99,84.87,30.81
2026-05-16 21:30:00,0,600.0,189.84,0.0,32.25,13.06,279.46,0.05,139.06,84.93,29.72
2026-05-16 21:35:00,0,600.0,189.84,0.0,32.11,12.53,297.85,0.05,150.12,87.63,29.31
2026-05-16 21:40:00,0,600.0,189.84,0.0,31.82,11.15,290.6,0.05,137.59,83.9,31.01
2026-05-16 21:45:00,0,600.0,189.84,0.0,32.06,12.71,223.79,0.08,109.77,78.31,28.35
2026-05-16 21:50:00,0,600.0,189.84,0.0,32.59,12.78,233.12,0.08,112.07,78.8,29.6
2026-05-16 21:55:00,0,600.0,189.84,0.0,32.06,14.02,142.4,0.23,64.5,71.97,29.09
2026-05-16 22:00:00,0,600.0,189.84,0.0,32.25,14.87,273.74,0.06,135.78,84.78,29.19
2026-05-16 22:05:00,0,600.0,189.84,0.0,32.1,12.72,211.14,0.09,97.72,76.08,30.54
2026-05-16 22:10:00,0,600.0,189.84,0.0,31.98,14.87,207.03,0.1,96.75,76.69,29.11
2026-05-16 22:15:00,0,600.0,189.84,0.0,31.25,15.46,272.4,0.07,133.09,84.35,27.71
2026-05-16 22:20:00,0,600.0,189.84,0.0,32.16,15.13,254.02,0.07,117.61,80.74,27.07
2026-05-16 22:25:00,0,600.0,189.84,0.0,32.32,17.08,298.43,0.06,139.22,86.4,28.62
2026-05-16 22:30:00,0,600.0,189.84,0.0,30.98,16.49,238.88,0.09,111.24,79.95,30.16
2026-05-16 22:35:00,0,600.0,189.84,0.0,31.77,19.36,234.65,0.11,117.41,82.26,28.41
2026-05-16 22:40:00,0,600.0,189.84,0.0,31.49,17.86,276.47,0.07,133.3,85.24,28.81
2026-05-16 22:45:00,0,600.0,189.84,0.0,30.92,20.72,257.3,0.1,117.2,82.67,30.06
2026-05-16 22:50:00,0,600.0,189.84,0.0,30.86,21.24,285.48,0.09,134.31,86.71,28.68
2026-05-16 22:55:00,0,600.0,189.84,0.0,31.39,21.89,292.38,0.08,138.77,88.01,26.8
2026-05-16 23:00:00,0,600.0,189.84,0.0,30.95,19.34,262.43,0.09,114.37,81.58,26.83
2026-05-16 23:05:00,0,600.0,189.84,0.0,31.43,20.84,244.84,0.12,118.73,83.08,28.43
2026-05-16 23:10:00,0,600.0,189.84,0.0,30.84,21.03,180.56,0.24,82.18,76.78,28.18
2026-05-16 23:15:00,0,600.0,189.84,0.0,30.98,21.49,232.24,0.13,110.97,81.72,27.28
2026-05-16 23:20:00,0,600.0,189.84,0.0,31.35,22.01,249.8,0.11,122.56,84.3,27.66
2026-05-16 23:25:00,0,600.0,189.84,0.0,31.85,23.9,166.87,0.27,72.46,76.49,27.91
2026-05-16 23:30:00,0,600.0,189.84,0.0,31.09,24.62,218.56,0.17,96.53,80.2,28.14
2026-05-16 23:35:00,0,600.0,189.84,0.0,30.34,25.34,212.85,0.17,104.32,81.86,27.34
2026-05-16 23:40:00,0,600.0,189.84,0.0,31.14,24.76,181.84,0.25,87.09,78.85,27.4
2026-05-16 23:45:00,0,600.0,189.84,0.0,29.85,25.8,255.12,0.13,121.68,85.47,26.6
2026-05-16 23:50:00,0,600.0,189.84,0.0,31.17,26.25,292.2,0.1,136.77,89.08,26.42
2026-05-16 23:55:00,0,600.0,189.84,0.0,31.27,26.77,184.17,0.25,92.85,80.49,25.77
2026-05-17 00:00:00,0,150.0,-25.0,0.0,31.59,26.71,304.61,0.1,138.28,89.61,26.66
2026-05-17 00:05:00,0,150.0,-25.0,0.0,31.99,28.13,278.89,0.11,126.47,87.32,26.5
2026-05-17 00:10:00,0,150.0,-25.0,0.0,30.98,26.69,316.31,0.08,152.35,93.25,26.8
2026-05-17 00:15:00,0,150.0,-25.0,0.0,30.47,28.63,181.45,0.28,86.92,80.24,27.15
2026-05-17 00:20:00,0,150.0,-25.0,0.0,30.85,25.25,354.46,0.06,173.64,98.95,27.15
2026-05-17 00:25:00,0,150.0,-25.0,0.0,31.66,28.02,276.04,0.11,140.4,90.63,25.06
2026-05-17 00:30:00,0,150.0,-25.0,0.0,30.8,27.17,226.51,0.16,105.28,82.66,26.47
2026-05-17 00:35:00,0,150.0,-25.0,0.0,30.61,29.64,230.81,0.17,115.32,85.54,26.47
2026-05-17 00:40:00,0,150.0,-25.0,0.0,30.43,25.67,196.37,0.21,95.43,80.46,23.33
2026-05-17 00:45:00,0,150.0,-25.0,0.0,30.15,30.28,255.98,0.14,116.93,86.04,25.95
2026-05-17 00:50:00,0,150.0,-25.0,0.0,31.27,29.05,233.92,0.17,108.98,84.05,26.55
2026-05-17 00:55:00,0,150.0,-25.0,0.0,30.48,29.77,314.63,0.1,141.59,91.52,26.12
2026-05-17 01:00:00,0,150.0,-25.0,0.0,31.78,31.84,339.17,0.09,161.43,97.64,25.63
2026-05-17 01:05:00,0,150.0,-25.0,0.0,30.81,31.75,265.82,0.14,121.82,87.6,24.71
2026-05-17 01:10:00,0,150.0,-25.0,0.0,31.26,31.29,330.13,0.09,163.62,98.08,27.21
2026-05-17 01:15:00,0,150.0,-25.0,0.0,31.72,28.47,221.75,0.21,102.31,82.66,23.29
2026-05-17 01:20:00,0,150.0,-25.0,0.0,32.06,33.86,262.13,0.15,121.57,88.31,25.23
2026-05-17 01:25:00,0,150.0,-25.0,0.0,30.65,31.97,324.69,0.1,155.45,96.0,24.26
2026-05-17 01:30:00,0,150.0,-25.0,0.0,31.79,32.8,272.27,0.13,133.57,90.65,23.99
2026-05-17 01:35:00,0,150.0,-25.0,0.0,31.92,31.75,226.38,0.19,107.58,84.77,23.69
2026-05-17 01:40:00,0,150.0,-25.0,0.0,31.8,34.08,307.27,0.12,144.15,93.73,23.33
2026-05-17 01:45:00,0,150.0,-25.0,0.0,31.67,33.61,201.41,0.26,95.26,83.31,23.68
2026-05-17 01:50:00,0,150.0,-25.0,0.0,32.71,33.22,296.08,0.11,136.2,91.4,24.97
2026-05-17 01:55:00,0,150.0,-25.0,0.0,31.39,32.24,229.87,0.19,114.75,86.37,25.04
2026-05-17 02:00:00,0,150.0,-25.0,0.0,32.3,31.84,227.09,0.19,108.44,84.97,24.26
2026-05-17 02:05:00,0,150.0,-25.0,0.0,31.62,32.75,236.7,0.19,111.6,85.91,22.37
2026-05-17 02:10:00,0,150.0,-25.0,0.0,32.03,32.69,202.9,0.25,93.22,82.62,23.4
2026-05-17 02:15:00,0,150.0,-25.0,0.0,33.08,30.3,283.82,0.12,132.39,89.48,23.04
2026-05-17 02:20:00,0,150.0,-25.0,0.0,32.48,31.26,248.01,0.17,118.51,86.78,22.56
2026-05-17 02:25:00,0,150.0,-25.0,0.0,32.65,32.87,260.25,0.16,119.63,87.56,21.74
2026-05-17 02:30:00,0,150.0,-25.0,0.0,31.97,32.28,241.46,0.19,116.47,86.75,22.57
2026-05-17 02:35:00,0,150.0,-25.0,0.0,33.19,32.67,201.37,0.23,99.58,83.68,22.74
2026-05-17 02:40:00,0,150.0,-25.0,0.0,32.27,32.29,258.97,0.17,134.2,90.71,22.44
2026-05-17 02:45:00,0,150.0,-25.0,0.0,33.48,30.86,267.72,0.12,130.92,89.33,22.88
2026-05-17 02:50:00,0,150.0,-25.0,0.0,33.42,30.91,243.84,0.18,110.34,85.0,21.61
2026-05-17 02:55:00,0,150.0,-25.0,0.0,33.28,30.58,265.37,0.13,118.89,86.55,20.64
2026-05-17 03:00:00,0,150.0,-25.0,0.0,32.61,32.12,277.99,0.13,127.86,89.08,20.97
2026-05-17 03:05:00,0,150.0,-25.0,0.0,33.37,30.24,289.78,0.12,134.43,89.95,20.94
2026-05-17 03:10:00,0,150.0,-25.0,0.0,33.73,28.54,245.44,0.15,115.02,85.06,21.36
2026-05-17 03:15:00,0,150.0,-25.0,0.0,33.9,33.19,220.31,0.22,105.39,84.92,21.86
2026-05-17 03:20:00,0,150.0,-25.0,0.0,33.53,29.83,316.89,0.1,152.36,111.24,22.48
2026-05-17 03:25:00,0,150.0,-25.0,0.0,33.77,29.26,270.84,0.13,128.55,88.24,20.85
2026-05-17 03:30:00,0,150.0,-25.0,0.0,33.44,28.67,272.08,0.12,127.04,87.66,21.42
2026-05-17 03:35:00,0,150.0,-25.0,0.0,33.33,27.77,284.83,0.11,132.41,88.58,20.52
2026-05-17 03:40:00,0,150.0,-25.0,0.0,34.85,25.63,288.0,0.09,141.6,90.06,20.18
2026-05-17 03:45:00,0,150.0,-25.0,0.0,33.97,27.81,328.59,0.08,157.55,95.1,20.11
2026-05-17 03:50:00,0,150.0,-25.0,0.0,34.32,27.2,277.91,0.12,124.83,86.65,20.14
2026-05-17 03:55:00,0,150.0,-25.0,0.0,33.67,26.36,285.99,0.11,137.28,89.27,20.61
2026-05-17 04:00:00,0,150.0,-25.0,0.0,34.29,23.33,235.31,0.15,117.73,83.8,17.99
2026-05-17 04:05:00,0,150.0,-25.0,0.0,34.44,26.93,293.23,0.09,138.36,110.17,18.45
2026-05-17 04:10:00,0,150.0,-25.0,0.0,33.93,24.11,256.63,0.11,121.22,84.75,18.26
2026-05-17 04:15:00,0,150.0,-25.0,0.0,34.67,25.2,267.68,0.11,125.79,86.15,19.77
2026-05-17 04:20:00,0,150.0,-25.0,0.0,34.86,23.66,283.15,0.09,126.08,85.63,18.99
2026-05-17 04:25:00,0,150.0,-25.0,0.0,35.17,22.75,194.41,0.19,93.75,79.12,19.24
2026-05-17 04:30:00,0,150.0,-25.0,0.0,35.53,21.86,150.26,0.33,71.41,75.77,19.82
2026-05-17 04:35:00,0,150.0,-25.0,0.0,35.71,22.63,250.65,0.11,110.34,81.97,19.15
2026-05-17 04:40:00,0,150.0,-25.0,0.0,35.01,21.67,238.93,0.12,109.16,81.41,18.79
2026-05-17 04:45:00,0,150.0,-25.0,0.0,35.92,21.86,270.64,0.09,131.33,86.22,20.28
2026-05-17 04:50:00,0,150.0,-25.0,0.0,35.95,19.09,262.31,0.09,120.93,82.89,17.06
2026-05-17 04:55:00,0,150.0,-25.0,0.0,36.1,20.1,205.13,0.15,90.33,77.55,19.45
2026-05-17 05:00:00,0,150.0,-25.0,0.0,36.22,19.79,163.98,0.23,79.03,75.87,17.44
2026-05-17 05:05:00,0,150.0,-25.0,0.0,36.0,17.42,247.2,0.09,115.45,81.14,18.81
2026-05-17 05:10:00,0,150.0,-25.0,0.0,36.75,18.77,301.5,0.07,143.34,88.07,16.85
2026-05-17 05:15:00,0,150.0,-25.0,0.0,36.21,15.23,252.46,0.07,117.28,80.72,19.23
2026-05-17 05:20:00,0,150.0,-25.0,0.0,36.51,16.9,313.52,0.06,152.85,89.93,18.61
2026-05-17 05:25:00,0,150.0,-25.0,0.0,37.0,16.24,238.69,0.1,104.48,78.58,16.58
2026-05-17 05:30:00,0,150.0,-25.0,0.0,37.17,18.55,282.24,0.08,144.72,88.37,18.17
2026-05-17 05:35:00,0,150.0,-25.0,0.0,37.04,16.04,301.49,0.05,151.71,89.3,16.84
2026-05-17 05:40:00,0,150.0,-25.0,0.0,37.98,15.58,304.23,0.05,145.59,87.5,15.79
2026-05-17 05:45:00,0,150.0,-25.0,0.0,37.06,15.0,180.26,0.14,80.31,74.2,17.38
2026-05-17 05:50:00,0,150.0,-25.0,0.0,36.95,16.21,259.85,0.08,129.71,83.84,18.19
2026-05-17 05:55:00,0,150.0,-25.0,0.0,38.5,16.84,253.15,0.08,133.19,84.89,16.6
2026-05-17 06:00:00,0,150.0,-25.0,0.0,37.28,11.41,266.44,0.05,125.16,81.06,16.54
2026-05-17 06:05:00,0,150.0,-25.0,0.0,38.63,13.89,223.25,0.09,104.96,77.83,19.56
2026-05-17 06:10:00,0,150.0,-25.0,0.0,37.79,10.0,213.13,0.07,93.74,74.42,16.88
2026-05-17 06:15:00,0,150.0,-25.0,0.0,38.67,11.85,239.17,0.06,119.43,79.98,17.21
2026-05-17 06:20:00,0,150.0,-25.0,0.0,38.51,12.61,268.84,0.05,115.98,79.49,15.14
2026-05-17 06:25:00,0,150.0,-25.0,0.0,39.61,11.4,286.39,0.04,134.59,83.25,16.89
2026-05-17 06:30:00,0,150.0,-25.0,0.0,38.76,13.87,252.22,0.06,121.84,81.21,16.07
2026-05-17 06:35:00,0,150.0,-25.0,0.0,39.32,10.69,247.68,0.05,119.39,79.54,16.71
2026-05-17 06:40:00,0,150.0,-25.0,0.0,39.15,11.13,194.05,0.1,89.82,86.4,16.69
2026-05-17 06:45:00,0,150.0,-25.0,0.0,39.28,11.43,217.88,0.07,99.68,75.96,17.42
2026-05-17 06:50:00,0,150.0,-25.0,0.0,39.43,11.82,281.9,0.05,136.0,83.76,17.61
2026-05-17 06:55:00,0,150.0,-25.0,0.0,39.21,11.05,353.49,0.03,157.62,89.16,15.0
2026-05-17 07:00:00,0,150.0,-25.0,0.0,39.42,8.5,204.66,0.06,103.76,75.66,15.23
2026-05-17 07:05:00,0,150.0,-25.0,0.0,39.95,11.67,254.89,0.06,115.67,79.12,14.83
2026-05-17 07:10:00,0,150.0,-25.0,0.0,40.17,8.62,260.76,0.04,124.11,79.84,15.23
2026-05-17 07:15:00,0,150.0,-25.0,0.0,40.15,7.73,247.85,0.04,121.53,78.95,16.29
2026-05-17 07:20:00,0,150.0,-25.0,0.0,40.3,7.48,210.6,0.05,100.84,74.74,14.62
2026-05-17 07:25:00,0,150.0,-25.0,0.0,40.52,9.19,276.89,0.04,128.09,80.94,15.48
2026-05-17 07:30:00,0,150.0,-25.0,0.0,42.02,6.4,201.29,0.05,90.99,72.67,15.28
2026-05-17 07:35:00,0,150.0,-25.0,0.0,40.99,9.06,214.28,0.06,94.86,74.27,15.07
2026-05-17 07:40:00,0,150.0,-25.0,0.0,41.17,7.86,243.75,0.04,119.53,78.57,14.43
2026-05-17 07:45:00,0,150.0,-25.0,0.0,41.45,7.29,238.37,0.04,107.47,75.9,13.56
2026-05-17 07:50:00,0,150.0,-25.0,0.0,40.72,9.5,196.97,0.08,89.62,73.59,15.29
2026-05-17 07:55:00,0,150.0,-25.0,0.0,41.42,9.5,251.97,0.05,116.23,78.46,13.76
2026-05-17 08:00:00,0,150.0,-25.0,0.0,40.97,8.36,260.97,0.04,119.18,78.67,14.18
2026-05-17 08:05:00,0,150.0,-25.0,0.0,41.8,8.1,166.65,0.09,76.11,71.11,15.27
2026-05-17 08:10:00,0,150.0,-25.0,0.0,41.53,6.14,227.24,0.04,105.36,75.1,12.53
2026-05-17 08:15:00,0,150.0,-25.0,0.0,42.04,8.93,283.91,0.03,131.75,81.69,15.41
2026-05-17 08:20:00,0,150.0,-25.0,0.0,42.77,6.33,230.85,0.04,98.62,73.93,13.06
2026-05-17 08:25:00,0,150.0,-25.0,0.0,42.16,7.34,289.35,0.03,142.18,83.7,13.05
2026-05-17 08:30:00,0,150.0,-25.0,0.0,42.77,6.83,269.67,0.03,128.87,80.28,14.53
2026-05-17 08:35:00,0,150.0,-25.0,0.0,41.86,9.35,162.04,0.12,75.72,71.55,13.27
2026-05-17 08:40:00,0,150.0,-25.0,0.0,42.97,7.78,342.16,0.02,160.22,88.75,12.73
2026-05-17 08:45:00,0,150.0,-25.0,0.0,42.49,9.22,231.52,0.06,104.65,92.83,12.46
2026-05-17 08:50:00,0,150.0,-25.0,0.0,43.04,7.75,264.71,0.03,129.28,80.69,12.78
2026-05-17 08:55:00,0,150.0,-25.0,0.0,43.66,9.76,255.08,0.05,114.0,78.09,12.25
2026-05-17 09:00:00,0,150.0,-25.0,0.0,43.31,10.2,240.35,0.05,120.81,79.69,13.75
2026-05-17 09:05:00,0,150.0,-25.0,0.0,44.66,8.37,219.24,0.05,105.2,75.87,13.3
2026-05-17 09:10:00,0,150.0,-25.0,0.0,43.63,11.51,257.66,0.06,124.25,80.93,12.27
2026-05-17 09:15:00,0,150.0,-25.0,0.0,43.97,10.12,213.54,0.07,96.25,74.9,12.91
2026-05-17 09:20:00,0,150.0,-25.0,0.0,44.4,12.14,264.38,0.06,120.32,80.28,12.5
2026-05-17 09:25:00,0,150.0,-25.0,0.0,44.25,9.55,267.76,0.04,123.21,79.97,12.16
2026-05-17 09:30:00,0,150.0,-25.0,0.0,43.74,9.36,101.92,0.29,47.06,68.73,11.26
2026-05-17 09:35:00,0,150.0,-25.0,0.0,44.47,9.43,211.98,0.06,98.35,75.01,12.46
2026-05-17 09:40:00,0,150.0,-25.0,0.0,43.65,11.31,241.28,0.06,119.81,79.88,10.75
2026-05-17 09:45:00,0,150.0,-25.0,0.0,43.68,12.31,307.9,0.04,139.53,84.79,11.01
2026-05-17 09:50:00,0,150.0,-25.0,0.0,43.88,12.05,185.05,0.12,85.48,73.92,10.58
2026-05-17 09:55:00,0,150.0,-25.0,0.0,44.37,14.0,264.66,0.06,123.08,98.27,10.57
2026-05-17 10:00:00,0,150.0,-25.0,0.0,43.74,13.14,253.96,0.06,119.53,80.46,11.76
2026-05-17 10:05:00,0,150.0,-25.0,0.0,44.12,17.21,194.61,0.15,94.85,77.3,10.34
2026-05-17 10:10:00,0,150.0,-25.0,0.0,43.81,14.51,187.8,0.14,89.31,75.42,12.29
2026-05-17 10:15:00,0,150.0,-25.0,0.0,44.23,14.51,264.94,0.07,116.93,80.41,10.63
2026-05-17 10:20:00,0,150.0,-25.0,0.0,44.57,15.69,207.95,0.12,91.76,76.19,10.4
2026-05-17 10:25:00,0,150.0,-25.0,0.0,44.27,16.06,126.35,0.31,60.07,72.37,12.72
2026-05-17 10:30:00,0,150.0,-25.0,0.0,44.21,16.76,307.67,0.06,145.76,87.99,11.05
2026-05-17 10:35:00,0,150.0,-25.0,0.0,43.82,18.29,200.32,0.14,95.7,77.81,9.48
2026-05-17 10:40:00,0,150.0,-25.0,0.0,44.6,17.29,208.89,0.12,93.49,77.04,8.81
2026-05-17 10:45:00,0,150.0,-25.0,0.0,44.42,16.85,272.64,0.07,123.33,82.61,10.6
2026-05-17 10:50:00,0,150.0,-25.0,0.0,45.81,17.84,133.65,0.32,61.78,73.21,8.32
2026-05-17 10:55:00,0,150.0,-25.0,0.0,44.16,17.85,210.75,0.13,92.52,89.22,10.14
2026-05-17 11:00:00,0,150.0,-25.0,0.0,44.7,20.5,215.26,0.14,100.63,79.45,9.29
2026-05-17 11:05:00,0,150.0,-25.0,0.0,44.86,20.0,256.2,0.11,127.11,84.64,8.86
2026-05-17 11:10:00,0,150.0,-25.0,0.0,46.04,19.23,248.49,0.1,118.21,82.4,9.8
2026-05-17 11:15:00,0,150.0,-25.0,0.0,44.94,21.39,274.08,0.1,131.71,86.18,8.21
2026-05-17 11:20:00,0,150.0,-25.0,0.0,44.8,22.61,284.88,0.09,134.28,87.21,8.21
2026-05-17 11:25:00,0,150.0,-25.0,0.0,45.24,22.95,257.8,0.1,124.48,85.06,8.42
2026-05-17 11:30:00,0,150.0,-25.0,0.0,45.66,22.18,133.03,0.39,65.23,75.26,9.21
2026-05-17 11:35:00,0,150.0,-25.0,0.0,44.74,22.37,249.7,0.12,123.95,84.78,9.58
2026-05-17 11:40:00,0,150.0,-25.0,0.0,45.84,21.24,222.94,0.12,99.36,79.44,8.29
2026-05-17 11:45:00,0,150.0,-25.0,0.0,44.59,22.71,317.92,0.07,145.07,89.91,8.07
2026-05-17 11:50:00,0,150.0,-25.0,0.0,44.82,26.07,263.09,0.12,118.34,97.04,7.76
2026-05-17 11:55:00,0,150.0,-25.0,0.0,45.54,24.89,280.78,0.1,138.0,88.94,8.84
2026-05-17 12:00:00,0,150.0,-25.0,0.0,45.5,27.12,227.61,0.16,107.39,83.08,10.37
2026-05-17 12:05:00,0,150.0,-25.0,0.0,44.43,24.28,254.49,0.12,115.08,83.54,9.1
2026-05-17 12:10:00,0,150.0,-25.0,0.0,45.37,24.33,285.69,0.1,128.88,102.42,7.13
2026-05-17 12:15:00,0,150.0,-25.0,0.0,44.3,24.77,343.36,0.07,153.44,92.88,7.26
2026-05-17 12:20:00,0,150.0,-25.0,0.0,45.58,26.53,396.12,0.05,179.13,101.15,6.63
2026-05-17 12:25:00,0,150.0,-25.0,0.0,45.56,28.0,265.53,0.13,122.23,86.39,6.48
2026-05-17 12:30:00,0,150.0,-25.0,0.0,44.98,26.26,227.42,0.14,107.85,82.82,6.82
2026-05-17 12:35:00,0,150.0,-25.0,0.0,44.63,26.65,246.93,0.14,124.45,86.43,8.49
2026-05-17 12:40:00,0,150.0,-25.0,0.0,44.89,27.22,229.78,0.15,103.27,82.31,4.88
2026-05-17 12:45:00,0,150.0,-25.0,0.0,45.24,29.42,195.88,0.24,92.04,81.29,7.41
2026-05-17 12:50:00,0,150.0,-25.0,0.0,45.64,28.19,202.65,0.2,93.23,80.98,6.5
2026-05-17 12:55:00,0,150.0,-25.0,0.0,44.82,29.39,315.24,0.09,147.81,93.01,7.12
2026-05-17 13:00:00,0,150.0,-25.0,0.0,46.07,27.2,149.78,0.41,68.46,77.45,5.92
2026-05-17 13:05:00,0,150.0,-25.0,0.0,43.93,29.06,219.87,0.19,103.42,83.06,6.19
2026-05-17 13:10:00,0,150.0,-25.0,0.0,44.65,27.73,188.63,0.23,88.27,80.06,6.23
2026-05-17 13:15:00,0,150.0,-25.0,0.0,45.53,27.95,264.42,0.13,122.37,86.4,7.01
2026-05-17 13:20:00,0,150.0,-25.0,0.0,44.36,30.7,258.96,0.15,119.77,86.84,6.35
2026-05-17 13:25:00,0,150.0,-25.0,0.0,44.2,28.49,326.8,0.09,166.36,97.94,4.27
2026-05-17 13:30:00,0,150.0,-25.0,0.0,44.33,28.65,294.41,0.1,133.58,89.17,4.82
2026-05-17 13:35:00,0,150.0,-25.0,0.0,45.35,29.82,225.87,0.19,114.83,85.57,6.08
2026-05-17 13:40:00,0,150.0,-25.0,0.0,45.2,32.35,230.95,0.19,106.14,84.73,6.69
2026-05-17 13:45:00,0,150.0,-25.0,0.0,44.81,30.76,245.94,0.15,118.21,86.53,6.01
2026-05-17 13:50:00,0,150.0,-25.0,0.0,45.04,29.34,263.62,0.14,125.45,87.6,4.52
2026-05-17 13:55:00,0,150.0,-25.0,0.0,43.69,29.13,235.92,0.16,115.28,85.36,5.94
2026-05-17 14:00:00,0,150.0,-25.0,0.0,44.16,29.14,207.46,0.23,98.79,82.32,5.16
2026-05-17 14:05:00,0,150.0,-25.0,0.0,43.77,30.75,142.81,0.48,71.0,79.14,5.63
2026-05-17 14:10:00,0,150.0,-25.0,0.0,43.76,29.9,255.2,0.15,118.04,86.19,4.28
2026-05-17 14:15:00,0,150.0,-25.0,0.0,43.83,28.35,302.61,0.11,144.76,91.89,5.65
2026-05-17 14:20:00,0,150.0,-25.0,0.0,43.45,27.92,257.37,0.13,113.14,84.44,4.2
2026-05-17 14:25:00,0,150.0,-25.0,0.0,43.27,28.95,237.57,0.16,107.29,83.69,4.34
2026-05-17 14:30:00,0,150.0,-25.0,0.0,44.75,27.89,361.65,0.06,171.34,99.19,4.14
2026-05-17 14:35:00,0,150.0,-25.0,0.0,43.32,27.0,323.57,0.08,141.39,90.48,2.06
2026-05-17 14:40:00,0,150.0,-25.0,0.0,42.59,27.88,261.08,0.13,119.1,85.66,4.45
2026-05-17 14:45:00,0,150.0,-25.0,0.0,43.66,26.08,202.74,0.19,94.36,80.4,2.52
2026-05-17 14:50:00,0,150.0,-25.0,0.0,43.15,26.81,213.59,0.18,105.22,82.59,4.22
2026-05-17 14:55:00,0,150.0,-25.0,0.0,43.38,27.48,248.17,0.13,117.32,103.47,4.25
2026-05-17 15:00:00,0,150.0,-25.0,0.0,43.56,25.0,247.48,0.13,113.64,83.51,3.41
2026-05-17 15:05:00,0,150.0,-25.0,0.0,43.06,26.4,256.56,0.13,130.8,87.78,1.36
2026-05-17 15:10:00,0,150.0,-25.0,0.0,42.93,24.81,255.27,0.12,122.81,85.38,2.32
2026-05-17 15:15:00,0,150.0,-25.0,0.0,42.38,22.88,299.69,0.08,142.78,89.39,3.01
2026-05-17 15:20:00,0,150.0,-25.0,0.0,42.92,25.5,287.69,0.09,131.25,87.49,4.72
2026-05-17 15:25:00,0,150.0,-25.0,0.0,42.14,21.94,254.5,0.11,118.11,83.33,3.6
2026-05-17 15:30:00,0,150.0,-25.0,0.0,42.88,22.69,260.54,0.11,123.64,98.5,0.7
2026-05-17 15:35:00,0,150.0,-25.0,0.0,42.68,21.96,179.98,0.21,88.26,78.0,3.15
2026-05-17 15:40:00,0,150.0,-25.0,0.0,42.49,20.49,213.99,0.14,102.51,79.79,2.13
2026-05-17 15:45:00,0,150.0,-25.0,0.0,42.36,19.7,169.28,0.23,75.0,75.3,1.99
2026-05-17 15:50:00,0,150.0,-25.0,0.0,41.14,19.68,246.08,0.1,118.13,82.52,1.15
2026-05-17 15:55:00,0,150.0,-25.0,0.0,41.96,18.65,239.77,0.11,109.83,80.48,2.27
2026-05-17 16:00:00,0,150.0,-25.0,0.0,41.2,19.17,258.14,0.09,124.03,83.61,2.3
2026-05-17 16:05:00,0,150.0,-25.0,0.0,41.36,17.75,246.23,0.1,113.75,80.93,1.97
2026-05-17 16:10:00,0,150.0,-25.0,0.0,39.88,16.52,226.0,0.1,107.18,79.19,1.18
2026-05-17 16:15:00,0,150.0,-25.0,0.0,40.92,13.96,265.33,0.06,136.33,84.61,0.0
2026-05-17 16:20:00,0,150.0,-25.0,0.0,40.5,14.13,280.36,0.06,129.13,82.95,1.8
2026-05-17 16:25:00,0,150.0,-25.0,0.0,40.22,13.62,351.88,0.04,168.06,93.14,0.77
2026-05-17 16:30:00,0,150.0,-25.0,0.0,41.39,12.81,205.53,0.1,103.34,77.17,1.4
2026-05-17 16:35:00,0,150.0,-25.0,0.0,40.75,11.84,277.4,0.05,126.4,81.5,0.0
2026-05-17 16:40:00,0,150.0,-25.0,0.0,39.77,10.31,188.25,0.09,85.66,73.26,0.0
2026-05-17 16:45:00,0,150.0,-25.0,0.0,39.76,10.3,251.84,0.05,127.27,81.16,1.01
2026-05-17 16:50:00,0,150.0,-25.0,0.0,39.92,7.88,278.47,0.03,132.22,81.43,0.12
2026-05-17 16:55:00,0,150.0,-25.0,0.0,39.64,6.04,299.33,0.02,147.48,84.6,0.0
2026-05-17 17:00:00,0,150.0,-25.0,0.0,39.84,5.62,256.74,0.03,123.47,78.62,1.78
2026-05-17 17:05:00,0,150.0,-25.0,0.0,40.77,4.27,235.77,0.03,112.39,75.8,0.54
2026-05-17 17:10:00,0,150.0,-25.0,0.0,39.44,3.39,377.9,0.01,174.51,91.49,0.0
2026-05-17 17:15:00,0,150.0,-25.0,0.0,39.07,1.61,180.03,0.02,84.99,69.98,0.0
2026-05-17 17:20:00,0,150.0,-25.0,0.0,39.7,0.13,314.19,0.0,139.5,80.43,0.14
2026-05-17 17:25:00,0,150.0,-25.0,0.0,39.44,0.0,262.26,0.0,121.8,76.22,0.0
2026-05-17 17:30:00,0,150.0,-25.0,0.0,39.18,0.0,230.76,0.0,108.42,73.45,0.33
2026-05-17 17:35:00,0,150.0,-25.0,0.0,38.65,0.0,218.11,0.0,100.93,72.04,0.0
2026-05-17 17:40:00,0,150.0,-25.0,0.0,38.1,0.0,290.71,0.0,140.26,80.58,0.0
2026-05-17 17:45:00,0,150.0,-25.0,0.0,38.24,0.0,308.47,0.0,144.53,81.67,1.25
2026-05-17 17:50:00,0,150.0,-25.0,0.0,37.45,0.0,252.3,0.0,120.76,75.99,0.0
2026-05-17 17:55:00,0,150.0,-25.0,0.0,39.31,0.0,228.73,0.0,114.99,74.77,0.0
2026-05-17 18:00:00,0,150.0,-25.0,0.0,37.94,0.0,288.49,0.0,132.01,78.55,0.22
2026-05-17 18:05:00,0,150.0,-25.0,0.0,38.4,0.0,352.76,0.0,165.72,87.59,0.21
2026-05-17 18:10:00,0,150.0,-25.0,0.0,37.73,0.0,289.64,0.0,133.93,79.01,2.1
2026-05-17 18:15:00,0,150.0,-25.0,0.0,36.44,0.0,122.79,0.0,60.62,66.17,0.0
2026-05-17 18:20:00,0,150.0,-25.0,0.0,37.08,0.0,219.83,0.0,104.38,72.67,0.0
2026-05-17 18:25:00,0,150.0,-25.0,0.0,37.77,0.0,209.88,0.0,106.51,73.08,0.0
2026-05-17 18:30:00,0,150.0,-25.0,0.0,37.19,0.0,197.84,0.0,94.65,70.93,0.0
2026-05-17 18:35:00,0,150.0,-25.0,0.0,36.72,0.0,198.22,0.0,93.16,70.68,0.77
2026-05-17 18:40:00,0,150.0,-25.0,0.0,36.91,0.0,298.22,0.0,138.35,80.09,0.0
2026-05-17 18:45:00,0,150.0,-25.0,0.0,36.67,0.0,189.51,0.0,90.41,70.22,0.29
2026-05-17 18:50:00,0,150.0,-25.0,0.0,36.76,0.0,206.8,0.0,99.75,71.82,0.0
2026-05-17 18:55:00,0,150.0,-25.0,0.0,36.68,0.0,246.52,0.0,110.57,73.87,0.55
2026-05-17 19:00:00,0,150.0,-25.0,0.0,36.16,0.0,246.8,0.0,112.74,74.31,1.85
2026-05-17 19:05:00,0,150.0,-25.0,0.0,36.02,0.0,256.91,0.0,125.22,76.98,0.35
2026-05-17 19:10:00,0,150.0,-25.0,0.0,36.96,0.0,267.21,0.0,128.93,77.83,0.0
2026-05-17 19:15:00,0,150.0,-25.0,0.0,35.8,0.0,222.26,0.0,99.46,71.77,0.51
2026-05-17 19:20:00,0,150.0,-25.0,0.0,36.04,0.0,309.79,0.0,143.68,81.45,0.0
2026-05-17 19:25:00,0,150.0,-25.0,0.0,34.54,0.0,345.29,0.0,167.96,88.25,0.39
2026-05-17 19:30:00,0,150.0,-25.0,0.0,35.85,0.0,271.52,0.0,120.45,75.92,0.0
2026-05-17 19:35:00,0,150.0,-25.0,0.0,35.25,0.0,238.2,0.0,111.57,74.07,1.56
2026-05-17 19:40:00,0,150.0,-25.0,0.0,35.59,0.0,228.2,0.0,102.02,72.23,0.97
2026-05-17 19:45:00,0,150.0,-25.0,0.0,34.66,0.0,237.74,0.0,119.49,75.71,0.0
2026-05-17 19:50:00,0,150.0,-25.0,0.0,34.59,0.0,139.29,0.0,69.56,67.22,0.0
2026-05-17 19:55:00,0,150.0,-25.0,0.0,35.17,0.0,309.16,0.0,138.75,80.19,0.0
2026-05-17 20:00:00,0,150.0,-25.0,0.0,35.04,0.0,262.53,0.0,120.48,75.93,0.41
2026-05-17 20:05:00,0,150.0,-25.0,0.0,34.58,0.0,225.14,0.0,105.53,72.89,0.0
2026-05-17 20:10:00,0,150.0,-25.0,0.0,34.54,0.0,214.23,0.0,93.91,70.8,0.91
2026-05-17 20:15:00,0,150.0,-25.0,0.0,34.62,0.0,287.62,0.0,133.47,78.9,0.0
2026-05-17 20:20:00,0,150.0,-25.0,0.0,33.29,0.0,239.82,0.0,106.68,73.1,0.0
2026-05-17 20:25:00,0,150.0,-25.0,0.0,33.74,0.0,209.84,0.0,100.62,71.97,0.51
2026-05-17 20:30:00,0,150.0,-25.0,0.0,33.75,0.0,228.65,0.0,112.16,74.18,0.83
2026-05-17 20:35:00,0,150.0,-25.0,0.0,34.5,0.0,234.72,0.0,107.14,73.19,0.0
2026-05-17 20:40:00,0,150.0,-25.0,0.0,33.2,0.0,266.38,0.0,126.22,77.2,0.0
2026-05-17 20:45:00,0,150.0,-25.0,0.0,33.23,0.0,299.0,0.0,146.07,82.06,0.55
2026-05-17 20:50:00,0,150.0,-25.0,0.0,33.16,0.0,249.39,0.0,113.77,74.51,0.32
2026-05-17 20:55:00,0,150.0,-25.0,0.0,32.95,0.0,245.36,0.0,115.87,74.94,0.92
2026-05-17 21:00:00,0,150.0,-25.0,0.0,32.53,0.0,162.61,0.0,75.63,68.01,0.0
2026-05-17 21:05:00,0,150.0,-25.0,0.0,32.93,0.0,252.63,0.0,119.35,91.7,0.0
2026-05-17 21:10:00,0,150.0,-25.0,0.0,33.59,0.0,223.54,0.0,100.86,72.02,0.88
2026-05-17 21:15:00,0,150.0,-25.0,0.0,32.88,0.0,230.06,0.0,111.22,73.99,0.54
2026-05-17 21:20:00,0,150.0,-25.0,0.0,32.87,0.0,200.12,0.0,100.66,71.98,0.78
2026-05-17 21:25:00,0,150.0,-25.0,0.0,32.21,0.0,251.72,0.0,120.77,75.99,0.96
2026-05-17 21:30:00,0,150.0,-25.0,0.0,32.58,0.0,241.37,0.0,115.99,74.97,0.69
2026-05-17 21:35:00,0,150.0,-25.0,0.0,32.38,0.0,249.55,0.0,113.33,74.42,0.79
2026-05-17 21:40:00,0,150.0,-25.0,0.0,32.37,0.0,222.24,0.0,98.85,71.65,0.0
2026-05-17 21:45:00,0,150.0,-25.0,0.0,32.21,0.0,245.29,0.0,115.87,74.94,1.69
2026-05-17 21:50:00,0,150.0,-25.0,0.0,31.91,0.0,290.36,0.0,123.92,76.68,0.0
2026-05-17 21:55:00,0,150.0,-25.0,0.0,31.86,0.0,153.37,0.0,73.58,67.73,0.0
2026-05-17 22:00:00,0,150.0,-25.0,0.0,31.7,0.0,282.09,0.0,127.41,77.47,0.47
2026-05-17 22:05:00,0,150.0,-25.0,0.0,32.33,0.0,246.33,0.0,112.79,74.31,0.46
2026-05-17 22:10:00,0,150.0,-25.0,0.0,32.05,0.0,213.67,0.0,98.05,80.76,0.0
2026-05-17 22:15:00,0,150.0,-25.0,0.0,32.23,0.0,194.6,0.0,94.21,70.85,0.0
2026-05-17 22:20:00,0,150.0,-25.0,0.0,31.17,0.0,255.95,0.0,117.62,75.31,0.0
2026-05-17 22:25:00,0,150.0,-25.0,0.0,31.1,0.0,297.82,0.0,134.81,96.6,0.0
2026-05-17 22:30:00,0,150.0,-25.0,0.0,31.92,0.0,257.88,0.0,126.13,77.18,0.25
2026-05-17 22:35:00,0,150.0,-25.0,0.0,31.79,0.0,186.98,0.0,85.72,69.47,0.31
2026-05-17 22:40:00,0,150.0,-25.0,0.0,31.07,0.0,256.48,0.0,119.82,75.78,0.0
2026-05-17 22:45:00,0,150.0,-25.0,0.0,31.31,0.0,221.84,0.0,102.13,72.25,0.0
2026-05-17 22:50:00,0,150.0,-25.0,0.0,31.16,0.0,302.25,0.0,146.98,82.3,0.0
2026-05-17 22:55:00,0,150.0,-25.0,0.0,30.39,0.0,267.72,0.0,130.14,78.1,0.99
2026-05-17 23:00:00,0,150.0,-25.0,0.0,31.26,0.0,210.45,0.0,96.23,71.19,0.0
2026-05-17 23:05:00,0,150.0,-25.0,0.0,32.46,0.0,221.46,0.0,102.09,72.24,0.0
2026-05-17 23:10:00,0,150.0,-25.0,0.0,31.5,0.0,340.16,0.0,158.05,85.34,0.0
2026-05-17 23:15:00,0,150.0,-25.0,0.0,30.98,0.0,200.97,0.0,93.1,70.66,0.0
2026-05-17 23:20:00,0,150.0,-25.0,0.0,31.09,0.0,259.73,0.0,130.27,78.13,98.03
2026-05-17 23:25:00,0,150.0,-25.0,0.0,30.7,55.63,242.6,0.3,117.34,95.32,97.07
2026-05-17 23:30:00,0,150.0,-25.0,0.0,30.91,50.49,253.35,0.23,120.42,94.04,97.18
2026-05-17 23:35:00,0,150.0,-25.0,0.0,31.07,57.98,280.95,0.24,128.66,98.53,97.09
2026-05-17 23:40:00,0,150.0,-25.0,0.0,31.04,53.78,222.08,0.35,113.86,94.05,96.66
2026-05-17 23:45:00,0,150.0,-25.0,0.0,30.67,62.05,269.24,0.28,129.14,100.14,96.15
2026-05-17 23:50:00,0,150.0,-25.0,0.0,30.29,64.39,247.53,0.3,111.2,97.12,95.33
2026-05-17 23:55:00,0,150.0,-25.0,0.0,30.88,64.1,250.92,0.32,124.85,99.96,96.19
2026-05-18 00:00:00,0,619.1,350.0,0.0,30.69,63.02,268.6,0.27,124.71,99.45,94.85
2026-05-18 00:05:00,0,619.1,350.0,0.0,31.29,62.09,338.74,0.17,166.83,109.98,93.87
2026-05-18 00:10:00,0,619.1,350.0,0.0,31.26,64.27,285.89,0.26,133.3,101.86,93.45
2026-05-18 00:15:00,0,619.1,350.0,0.0,31.48,63.03,283.51,0.24,125.03,114.2,94.67
2026-05-18 00:20:00,0,619.1,350.0,0.0,30.19,61.47,267.92,0.26,125.24,99.01,94.49
2026-05-18 00:25:00,0,619.1,350.0,0.0,31.24,64.12,286.24,0.26,127.94,100.55,94.98
2026-05-18 00:30:00,0,619.1,350.0,0.0,30.62,60.49,297.76,0.2,138.13,101.6,93.52
2026-05-18 00:35:00,0,619.1,350.0,0.0,31.11,68.54,339.37,0.21,159.07,110.04,93.15
2026-05-18 00:40:00,0,619.1,350.0,0.0,31.76,63.76,150.18,0.89,74.87,92.0,92.21
2026-05-18 00:45:00,0,619.1,350.0,0.0,30.62,57.44,243.71,0.3,115.82,95.64,94.05
2026-05-18 00:50:00,0,619.1,350.0,0.0,31.79,54.28,225.79,0.38,108.75,93.26,93.78
2026-05-18 00:55:00,0,619.1,350.0,0.0,30.97,58.56,252.19,0.3,119.17,96.74,95.83
2026-05-18 01:00:00,0,619.1,350.0,0.0,31.21,59.79,239.17,0.33,116.12,96.58,93.27
2026-05-18 01:05:00,0,619.1,350.0,0.0,30.9,55.89,326.47,0.17,155.1,104.41,94.73
2026-05-18 01:10:00,0,619.1,350.0,0.0,31.93,49.92,247.21,0.28,118.07,93.44,93.29
2026-05-18 01:15:00,0,619.1,350.0,0.0,31.45,46.45,247.8,0.25,110.35,90.58,93.25
2026-05-18 01:20:00,0,619.1,350.0,0.0,31.52,48.91,263.11,0.23,124.38,94.36,93.74
2026-05-18 01:25:00,0,619.1,350.0,0.0,30.58,51.37,247.07,0.29,112.41,92.79,94.6
2026-05-18 01:30:00,0,619.1,350.0,0.0,31.65,47.25,273.55,0.21,122.75,93.38,91.56
2026-05-18 01:35:00,0,619.1,350.0,0.0,31.0,46.57,220.25,0.28,106.06,89.84,93.06
2026-05-18 01:40:00,0,619.1,350.0,0.0,31.72,50.21,208.37,0.37,95.08,89.31,91.14
2026-05-18 01:45:00,0,619.1,350.0,0.0,32.28,47.18,270.89,0.21,122.29,93.25,94.52
2026-05-18 01:50:00,0,619.1,350.0,0.0,31.42,50.92,208.75,0.36,92.45,89.09,93.87
2026-05-18 01:55:00,0,619.1,350.0,0.0,31.56,48.77,279.69,0.19,135.03,96.72,91.48
2026-05-18 02:00:00,0,619.1,350.0,0.0,31.95,48.28,354.97,0.13,168.25,105.49,92.38
2026-05-18 02:05:00,0,619.1,350.0,0.0,31.27,47.0,188.51,0.41,89.86,87.39,90.52
2026-05-18 02:10:00,0,619.1,350.0,0.0,31.17,48.28,219.89,0.32,105.84,90.48,92.14
2026-05-18 02:15:00,0,619.1,350.0,0.0,32.22,50.06,269.95,0.22,129.12,95.83,92.6
2026-05-18 02:20:00,0,619.1,350.0,0.0,32.21,50.26,241.14,0.28,116.0,93.12,91.67
2026-05-18 02:25:00,0,619.1,350.0,0.0,32.38,48.4,293.36,0.18,144.64,98.99,89.92
2026-05-18 02:30:00,0,619.1,350.0,0.0,33.2,44.36,232.42,0.3,111.52,90.18,90.77
2026-05-18 02:35:00,0,619.1,350.0,0.0,32.8,41.65,281.81,0.16,129.5,92.85,90.07
2026-05-18 02:40:00,0,619.1,350.0,0.0,33.21,43.65,295.08,0.17,131.37,94.01,90.73
2026-05-18 02:45:00,0,619.1,350.0,0.0,31.99,44.74,236.7,0.26,104.29,88.83,89.81
2026-05-18 02:50:00,0,619.1,350.0,0.0,32.97,43.48,284.69,0.17,137.9,95.53,90.53
2026-05-18 02:55:00,0,619.1,350.0,0.0,33.05,40.22,203.39,0.31,100.99,86.74,89.75
2026-05-18 03:00:00,0,619.1,350.0,0.0,33.83,41.59,234.87,0.26,107.1,88.26,90.85
2026-05-18 03:05:00,0,619.1,350.0,0.0,33.26,41.5,360.08,0.09,164.86,102.03,88.82
2026-05-18 03:10:00,0,619.1,350.0,0.0,33.83,44.49,316.51,0.15,130.26,94.01,89.32
2026-05-18 03:15:00,0,619.1,350.0,0.0,33.32,41.23,254.9,0.19,114.75,89.52,89.46
2026-05-18 03:20:00,0,619.1,350.0,0.0,33.98,42.15,251.96,0.23,106.32,88.25,88.87
2026-05-18 03:25:00,0,619.1,350.0,0.0,33.47,41.61,325.02,0.13,147.32,97.22,88.26
2026-05-18 03:30:00,0,619.1,350.0,0.0,35.19,39.07,294.62,0.13,145.59,95.88,88.72
2026-05-18 03:35:00,0,619.1,350.0,0.0,34.72,39.62,295.64,0.14,136.39,93.75,88.3
2026-05-18 03:40:00,0,619.1,350.0,0.0,34.02,39.62,257.82,0.2,123.06,90.76,89.31
2026-05-18 03:45:00,0,619.1,350.0,0.0,34.78,38.72,288.82,0.14,143.01,95.1,87.81
2026-05-18 03:50:00,0,619.1,350.0,0.0,35.03,41.44,197.69,0.34,94.23,86.04,90.75
2026-05-18 03:55:00,0,619.1,350.0,0.0,34.32,35.64,175.58,0.37,89.84,101.82,88.43
2026-05-18 04:00:00,0,619.1,350.0,0.0,33.92,35.82,255.26,0.17,118.39,88.36,89.64
2026-05-18 04:05:00,0,619.1,350.0,0.0,34.9,37.19,251.52,0.19,119.64,89.14,87.77
2026-05-18 04:10:00,0,619.1,350.0,0.0,34.53,35.02,274.28,0.15,126.63,89.85,89.41
2026-05-18 04:15:00,0,619.1,350.0,0.0,34.93,30.76,281.4,0.13,129.71,89.03,88.05
2026-05-18 04:20:00,0,619.1,350.0,0.0,35.4,29.97,290.38,0.11,139.48,91.08,88.31
2026-05-18 04:25:00,0,619.1,350.0,0.0,35.58,31.66,229.02,0.2,110.85,85.41,87.04
2026-05-18 04:30:00,0,619.1,350.0,0.0,34.93,29.59,177.25,0.3,77.63,93.39,86.45
2026-05-18 04:35:00,0,619.1,350.0,0.0,35.6,26.51,313.16,0.08,150.93,92.81,88.22
2026-05-18 04:40:00,0,619.1,350.0,0.0,35.73,28.9,229.98,0.18,105.99,83.45,87.22
2026-05-18 04:45:00,0,619.1,350.0,0.0,35.78,24.6,307.46,0.09,144.28,90.39,88.56
2026-05-18 04:50:00,0,619.1,350.0,0.0,35.95,28.44,310.22,0.1,153.38,94.19,86.99
2026-05-18 04:55:00,0,619.1,350.0,0.0,36.41,24.75,176.1,0.26,83.49,78.32,87.28
2026-05-18 05:00:00,0,619.1,350.0,0.0,36.23,24.91,257.68,0.12,123.04,85.45,87.18
2026-05-18 05:05:00,0,619.1,350.0,0.0,36.18,23.99,169.81,0.26,78.31,77.3,85.73
2026-05-18 05:10:00,0,619.1,350.0,0.0,36.37,22.92,264.18,0.11,135.39,87.6,86.42
2026-05-18 05:15:00,0,619.1,350.0,0.0,35.68,22.35,254.16,0.12,118.38,83.54,87.2
2026-05-18 05:20:00,0,619.1,350.0,0.0,36.29,19.35,206.44,0.15,102.43,79.38,86.97
2026-05-18 05:25:00,0,619.1,350.0,0.0,37.05,20.43,268.29,0.1,129.74,85.37,86.2
2026-05-18 05:30:00,0,619.1,350.0,0.0,36.99,19.65,284.09,0.08,137.78,86.99,86.72
2026-05-18 05:35:00,0,619.1,350.0,0.0,37.68,17.08,273.44,0.07,132.99,84.9,87.25
2026-05-18 05:40:00,0,619.1,350.0,0.0,36.96,17.36,256.33,0.09,128.0,83.87,87.32
2026-05-18 05:45:00,0,619.1,350.0,0.0,37.57,15.58,282.76,0.07,136.93,85.34,86.37
2026-05-18 05:50:00,0,619.1,350.0,0.0,37.84,16.65,243.11,0.1,118.57,81.55,85.16
2026-05-18 05:55:00,0,619.1,350.0,0.0,37.53,13.94,278.36,0.06,134.59,84.17,83.52
2026-05-18 06:00:00,0,619.1,350.0,0.0,37.57,17.37,303.07,0.06,148.7,88.97,86.17
2026-05-18 06:05:00,0,619.1,350.0,0.0,37.87,15.08,278.98,0.06,130.64,83.63,85.53
2026-05-18 06:10:00,0,619.1,350.0,0.0,37.47,15.58,315.66,0.05,155.13,90.08,84.09
2026-05-18 06:15:00,0,619.1,350.0,0.0,38.98,13.36,254.8,0.07,122.44,81.18,83.92
2026-05-18 06:20:00,0,619.1,350.0,0.0,36.95,13.44,295.74,0.05,139.93,85.29,86.92
2026-05-18 06:25:00,0,619.1,350.0,0.0,39.05,13.65,238.63,0.08,111.69,79.04,84.3
2026-05-18 06:30:00,0,619.1,350.0,0.0,39.57,10.65,157.78,0.14,75.65,72.03,86.69
2026-05-18 06:35:00,0,619.1,350.0,0.0,38.45,12.73,182.06,0.13,83.71,73.89,83.6
2026-05-18 06:40:00,0,619.1,350.0,0.0,40.44,12.01,255.45,0.06,120.7,80.31,85.43
2026-05-18 06:45:00,0,619.1,350.0,0.0,39.4,10.73,238.04,0.06,108.99,77.44,83.69
2026-05-18 06:50:00,0,619.1,350.0,0.0,38.67,10.23,231.05,0.07,110.17,77.51,84.87
2026-05-18 06:55:00,0,619.1,350.0,0.0,39.23,11.73,212.72,0.09,108.68,77.79,82.46
2026-05-18 07:00:00,0,619.1,350.0,0.0,39.46,10.95,266.03,0.05,123.46,80.52,83.52
2026-05-18 07:05:00,0,619.1,350.0,0.0,38.98,12.45,303.15,0.04,141.91,85.43,82.26
2026-05-18 07:10:00,0,619.1,350.0,0.0,39.33,12.16,223.77,0.08,104.27,89.28,83.52
2026-05-18 07:15:00,0,619.1,350.0,0.0,40.6,11.38,249.03,0.05,117.44,91.29,81.98
2026-05-18 07:20:00,0,619.1,350.0,0.0,39.32,8.87,209.21,0.06,99.25,74.96,84.07
2026-05-18 07:25:00,0,619.1,350.0,0.0,39.73,8.8,130.5,0.16,66.73,70.28,83.84
2026-05-18 07:30:00,0,619.1,350.0,0.0,40.48,10.09,301.45,0.04,137.59,83.52,82.62
2026-05-18 07:35:00,0,619.1,350.0,0.0,40.5,8.23,266.1,0.04,123.88,79.65,83.27
2026-05-18 07:40:00,0,619.1,350.0,0.0,40.18,10.24,242.72,0.05,105.25,76.53,82.63
2026-05-18 07:45:00,0,619.1,350.0,0.0,42.39,11.31,295.66,0.04,144.52,85.72,81.99
2026-05-18 07:50:00,0,619.1,350.0,0.0,41.2,9.59,224.67,0.06,114.94,78.24,83.15
2026-05-18 07:55:00,0,619.1,350.0,0.0,40.88,7.95,219.06,0.06,106.52,75.99,83.16
2026-05-18 08:00:00,0,619.1,350.0,0.0,41.52,8.38,272.85,0.04,130.17,81.14,82.35
2026-05-18 08:05:00,0,619.1,350.0,0.0,42.62,8.67,178.9,0.08,86.29,72.77,81.45
2026-05-18 08:10:00,0,619.1,350.0,0.0,41.72,6.16,221.14,0.04,105.24,75.08,83.0
2026-05-18 08:15:00,0,619.1,350.0,0.0,42.56,7.88,267.4,0.03,129.76,80.85,82.53
2026-05-18 08:20:00,0,619.1,350.0,0.0,42.16,8.45,314.52,0.03,144.11,84.59,81.93
2026-05-18 08:25:00,0,619.1,350.0,0.0,42.58,10.96,319.97,0.03,151.1,87.32,81.42
2026-05-18 08:30:00,0,619.1,350.0,0.0,42.68,10.32,232.4,0.06,113.3,78.16,83.78
2026-05-18 08:35:00,0,619.1,350.0,0.0,41.74,9.89,239.64,0.06,112.03,77.75,81.01
2026-05-18 08:40:00,0,619.1,350.0,0.0,41.59,8.24,237.29,0.04,108.52,76.44,81.38
2026-05-18 08:45:00,0,619.1,350.0,0.0,43.77,10.25,182.48,0.1,86.41,73.39,82.32
2026-05-18 08:50:00,0,619.1,350.0,0.0,42.73,11.68,209.93,0.08,101.43,76.39,82.48
2026-05-18 08:55:00,0,619.1,350.0,0.0,43.15,12.04,330.08,0.04,150.51,87.56,79.71
2026-05-18 09:00:00,0,619.1,350.0,0.0,43.43,9.25,235.23,0.05,114.85,78.09,80.36
2026-05-18 09:05:00,0,619.1,350.0,0.0,43.17,10.04,282.64,0.04,129.24,81.51,81.11
2026-05-18 09:10:00,0,619.1,350.0,0.0,44.2,11.9,265.64,0.06,120.99,80.34,81.11
2026-05-18 09:15:00,0,619.1,350.0,0.0,43.29,12.26,197.41,0.1,93.15,75.18,81.72
2026-05-18 09:20:00,0,619.1,350.0,0.0,43.42,12.05,303.58,0.04,140.71,85.0,78.95
2026-05-18 09:25:00,0,619.1,350.0,0.0,43.69,13.77,306.78,0.05,144.09,86.49,80.1
2026-05-18 09:30:00,0,619.1,350.0,0.0,43.72,13.05,154.74,0.18,71.3,72.39,80.39
2026-05-18 09:35:00,0,619.1,350.0,0.0,43.69,14.42,265.41,0.06,126.27,82.4,82.01
2026-05-18 09:40:00,0,619.1,350.0,0.0,45.0,13.78,237.2,0.08,104.06,77.61,79.6
2026-05-18 09:45:00,0,619.1,350.0,0.0,44.75,11.27,312.66,0.04,151.99,87.7,78.91
2026-05-18 09:50:00,0,619.1,350.0,0.0,43.72,15.43,297.12,0.06,153.71,89.67,79.89
2026-05-18 09:55:00,0,619.1,350.0,0.0,44.07,12.49,302.9,0.04,142.26,85.55,81.26
2026-05-18 10:00:00,0,619.1,350.0,0.0,44.74,16.22,207.35,0.12,97.3,77.32,79.56
2026-05-18 10:05:00,0,619.1,350.0,0.0,44.83,19.09,255.18,0.09,125.93,84.02,79.96
2026-05-18 10:10:00,0,619.1,350.0,0.0,43.71,15.72,290.83,0.06,128.07,83.27,78.06
2026-05-18 10:15:00,0,619.1,350.0,0.0,44.51,16.94,289.96,0.07,144.96,87.87,78.61
2026-05-18 10:20:00,0,619.1,350.0,0.0,44.03,18.52,240.19,0.1,117.85,82.07,80.0
2026-05-18 10:25:00,0,619.1,350.0,0.0,44.8,17.88,233.29,0.09,102.09,78.7,77.72
2026-05-18 10:30:00,0,619.1,350.0,0.0,43.87,20.54,247.15,0.11,114.46,82.08,79.44
2026-05-18 10:35:00,0,619.1,350.0,0.0,44.26,19.32,318.59,0.07,151.93,90.56,79.12
2026-05-18 10:40:00,0,619.1,350.0,0.0,44.85,20.68,202.12,0.17,86.66,77.22,78.35
2026-05-18 10:45:00,0,619.1,350.0,0.0,44.35,18.39,175.64,0.2,83.56,76.0,77.79
2026-05-18 10:50:00,0,619.1,350.0,0.0,44.35,20.48,190.67,0.16,90.9,77.81,77.64
2026-05-18 10:55:00,0,619.1,350.0,0.0,44.9,22.14,218.49,0.15,100.51,80.02,78.09
2026-05-18 11:00:00,0,619.1,350.0,0.0,44.76,23.0,229.52,0.13,109.34,81.95,78.82
2026-05-18 11:05:00,0,619.1,350.0,0.0,44.35,24.09,298.91,0.08,136.52,88.25,78.35
2026-05-18 11:10:00,0,619.1,350.0,0.0,44.57,22.07,276.09,0.09,129.56,85.9,77.7
2026-05-18 11:15:00,0,619.1,350.0,0.0,44.61,22.94,263.2,0.1,131.22,86.61,78.17
2026-05-18 11:20:00,0,619.1,350.0,0.0,45.15,24.31,306.1,0.08,137.08,88.46,77.7
2026-05-18 11:25:00,0,619.1,350.0,0.0,44.57,24.16,227.82,0.14,110.57,82.62,78.72
2026-05-18 11:30:00,0,619.1,350.0,0.0,45.21,26.47,260.02,0.13,126.46,86.8,75.91
2026-05-18 11:35:00,0,619.1,350.0,0.0,44.96,27.12,233.45,0.15,104.35,82.48,77.6
2026-05-18 11:40:00,0,619.1,350.0,0.0,44.96,26.84,241.73,0.14,112.62,83.97,76.02
2026-05-18 11:45:00,0,619.1,350.0,0.0,44.47,27.2,225.5,0.18,101.21,81.98,76.57
2026-05-18 11:50:00,0,619.1,350.0,0.0,45.38,27.42,283.27,0.11,132.66,88.54,77.05
2026-05-18 11:55:00,0,619.1,350.0,0.0,45.6,28.21,231.47,0.17,105.45,83.11,78.06
2026-05-18 12:00:00,0,619.1,350.0,0.0,45.0,30.09,227.49,0.17,105.92,83.85,76.39
2026-05-18 12:05:00,0,619.1,350.0,0.0,44.4,30.09,247.1,0.16,119.42,86.57,76.14
2026-05-18 12:10:00,0,619.1,350.0,0.0,45.79,30.96,226.94,0.2,101.76,83.44,76.33
2026-05-18 12:15:00,0,619.1,350.0,0.0,45.76,32.77,251.86,0.17,123.86,88.5,74.81
2026-05-18 12:20:00,0,619.1,350.0,0.0,44.86,29.53,246.57,0.15,125.22,87.63,77.65
2026-05-18 12:25:00,0,619.1,350.0,0.0,44.55,32.06,217.75,0.21,117.28,86.9,75.31
2026-05-18 12:30:00,0,619.1,350.0,0.0,44.47,33.29,243.75,0.18,119.44,87.73,75.32
2026-05-18 12:35:00,0,619.1,350.0,0.0,44.39,34.3,333.19,0.1,158.22,97.62,73.2
2026-05-18 12:40:00,0,619.1,350.0,0.0,45.22,33.22,333.23,0.09,150.47,95.07,74.47
2026-05-18 12:45:00,0,619.1,350.0,0.0,44.99,31.7,262.14,0.15,120.13,87.27,74.51
2026-05-18 12:50:00,0,619.1,350.0,0.0,45.35,32.86,299.76,0.12,150.88,95.12,74.73
2026-05-18 12:55:00,0,619.1,350.0,0.0,44.71,31.49,201.48,0.25,102.21,83.81,74.96
2026-05-18 13:00:00,0,619.1,350.0,0.0,43.71,31.28,263.13,0.14,126.04,88.41,73.51
2026-05-18 13:05:00,0,619.1,350.0,0.0,45.59,35.04,265.63,0.16,123.72,89.24,74.72
2026-05-18 13:10:00,0,619.1,350.0,0.0,44.63,34.68,205.2,0.25,96.31,83.87,74.14
2026-05-18 13:15:00,0,619.1,350.0,0.0,44.95,34.32,244.33,0.19,117.31,87.66,73.98
2026-05-18 13:20:00,0,619.1,350.0,0.0,44.84,34.69,259.16,0.17,114.31,87.13,73.45
2026-05-18 13:25:00,0,619.1,350.0,0.0,44.13,36.35,265.9,0.15,117.67,88.37,73.17
2026-05-18 13:30:00,0,619.1,350.0,0.0,44.15,37.01,200.58,0.29,100.78,85.56,73.71
2026-05-18 13:35:00,0,619.1,350.0,0.0,44.39,34.85,269.32,0.14,129.35,90.42,74.19
2026-05-18 13:40:00,0,619.1,350.0,0.0,44.4,34.06,356.69,0.09,161.36,98.42,73.6
2026-05-18 13:45:00,0,619.1,350.0,0.0,45.17,34.2,220.05,0.22,106.1,85.43,74.5
2026-05-18 13:50:00,0,619.1,350.0,0.0,43.82,35.36,391.43,0.07,178.86,104.19,71.99
2026-05-18 13:55:00,0,619.1,350.0,0.0,43.52,36.94,273.93,0.15,134.12,113.38,73.91
2026-05-18 14:00:00,0,619.1,350.0,0.0,43.91,33.69,188.63,0.29,88.16,82.25,72.7
2026-05-18 14:05:00,0,619.1,350.0,0.0,43.67,36.22,324.51,0.11,153.05,114.29,71.71
2026-05-18 14:10:00,0,619.1,350.0,0.0,44.45,37.5,251.03,0.19,120.21,89.4,71.7
2026-05-18 14:15:00,0,619.1,350.0,0.0,43.45,33.68,251.32,0.16,121.69,88.32,72.58
2026-05-18 14:20:00,0,619.1,350.0,0.0,43.71,37.22,231.38,0.22,102.95,85.89,72.31
2026-05-18 14:25:00,0,619.1,350.0,0.0,43.79,34.35,220.27,0.24,111.31,86.53,72.54
2026-05-18 14:30:00,0,619.1,350.0,0.0,43.99,35.8,208.94,0.27,96.55,84.34,72.8
2026-05-18 14:35:00,0,619.1,350.0,0.0,43.22,35.59,317.22,0.1,153.69,96.8,73.62
2026-05-18 14:40:00,0,619.1,350.0,0.0,43.08,34.5,286.75,0.13,129.73,90.36,70.62
2026-05-18 14:45:00,0,619.1,350.0,0.0,42.76,34.15,266.56,0.16,126.96,89.66,70.3
2026-05-18 14:50:00,0,619.1,350.0,0.0,43.78,33.65,278.04,0.14,129.38,90.0,71.54
2026-05-18 14:55:00,0,619.1,350.0,0.0,43.62,35.82,210.11,0.27,95.86,84.23,73.05
2026-05-18 15:00:00,0,619.1,350.0,0.0,42.73,34.67,290.52,0.12,139.2,92.69,71.67
2026-05-18 15:05:00,0,619.1,350.0,0.0,43.17,35.76,206.25,0.27,96.43,102.55,70.79
2026-05-18 15:10:00,0,619.1,350.0,0.0,42.57,32.65,162.53,0.38,77.87,80.52,70.05
2026-05-18 15:15:00,0,619.1,350.0,0.0,42.26,34.39,188.12,0.29,90.78,82.91,71.59
2026-05-18 15:20:00,0,619.1,350.0,0.0,42.33,34.97,303.5,0.13,144.66,94.21,70.26
2026-05-18 15:25:00,0,619.1,350.0,0.0,41.86,31.87,202.48,0.25,90.78,81.95,69.6
2026-05-18 15:30:00,0,619.1,350.0,0.0,41.93,34.41,205.17,0.25,92.8,83.17,70.22
2026-05-18 15:35:00,0,619.1,350.0,0.0,41.66,32.1,225.95,0.19,101.13,83.7,69.17
2026-05-18 15:40:00,0,619.1,350.0,0.0,42.23,31.31,337.27,0.09,164.8,98.46,70.4
2026-05-18 15:45:00,0,619.1,350.0,0.0,41.56,31.74,242.17,0.17,112.88,85.79,70.12
2026-05-18 15:50:00,0,619.1,350.0,0.0,41.51,31.67,308.12,0.11,138.91,91.55,68.85
2026-05-18 15:55:00,0,619.1,350.0,0.0,42.19,28.57,283.23,0.11,129.76,88.25,69.48
2026-05-18 16:00:00,0,619.1,350.0,0.0,41.02,30.09,292.06,0.11,128.66,88.52,69.26
2026-05-18 16:05:00,0,619.1,350.0,0.0,41.7,29.0,246.63,0.15,112.49,84.72,68.51
2026-05-18 16:10:00,0,619.1,350.0,0.0,41.68,28.65,253.48,0.14,124.77,87.19,70.29
2026-05-18 16:15:00,0,619.1,350.0,0.0,42.75,25.83,282.23,0.11,126.62,86.57,70.81
2026-05-18 16:20:00,0,619.1,350.0,0.0,40.92,27.13,218.31,0.18,95.78,80.99,69.94
2026-05-18 16:25:00,0,619.1,350.0,0.0,40.71,27.21,266.22,0.1,121.47,85.88,69.96
2026-05-18 16:30:00,0,619.1,350.0,0.0,40.07,25.98,271.27,0.11,140.35,89.92,69.2
2026-05-18 16:35:00,0,619.1,350.0,0.0,41.94,27.0,199.17,0.2,95.74,92.87,67.91
2026-05-18 16:40:00,0,619.1,350.0,0.0,41.12,24.61,291.12,0.09,125.85,85.92,68.27
2026-05-18 16:45:00,0,619.1,350.0,0.0,40.38,24.47,216.54,0.15,101.39,80.99,68.75
2026-05-18 16:50:00,0,619.1,350.0,0.0,40.27,25.34,265.94,0.11,131.68,87.57,67.82
2026-05-18 16:55:00,0,619.1,350.0,0.0,39.42,24.33,296.69,0.09,147.14,91.05,69.49
2026-05-18 17:00:00,0,619.1,350.0,0.0,39.16,23.39,335.53,0.07,159.17,94.0,69.73
2026-05-18 17:05:00,0,619.1,350.0,0.0,39.49,23.82,246.02,0.12,113.41,97.42,68.63
2026-05-18 17:10:00,0,619.1,350.0,0.0,39.95,18.82,259.75,0.09,121.09,82.84,66.95
2026-05-18 17:15:00,0,619.1,350.0,0.0,39.67,20.71,296.42,0.07,145.45,89.3,69.46
2026-05-18 17:20:00,0,619.1,350.0,0.0,38.79,20.56,290.54,0.08,127.51,84.86,68.48
2026-05-18 17:25:00,0,619.1,350.0,0.0,38.56,20.93,273.15,0.09,136.56,87.16,67.17
2026-05-18 17:30:00,0,619.1,350.0,0.0,39.01,19.12,274.53,0.08,121.7,83.05,66.65
2026-05-18 17:35:00,0,619.1,350.0,0.0,39.16,20.86,212.66,0.15,101.45,79.74,67.81
2026-05-18 17:40:00,0,619.1,350.0,0.0,38.78,17.32,201.54,0.14,92.39,76.89,69.28
2026-05-18 17:45:00,0,619.1,350.0,0.0,39.08,17.83,336.79,0.05,156.86,91.36,66.15
2026-05-18 17:50:00,0,619.1,350.0,0.0,38.15,16.88,235.36,0.11,110.3,79.95,66.62
2026-05-18 17:55:00,0,619.1,350.0,0.0,38.87,17.68,185.16,0.18,88.11,76.41,68.6
2026-05-18 18:00:00,0,619.1,350.0,0.0,37.24,15.88,224.54,0.1,103.05,78.18,65.42
2026-05-18 18:05:00,0,619.1,350.0,0.0,37.72,15.08,286.82,0.06,135.0,84.67,65.93
2026-05-18 18:10:00,0,619.1,350.0,0.0,37.85,12.4,263.84,0.06,117.4,79.73,65.21
2026-05-18 18:15:00,0,619.1,350.0,0.0,37.3,15.67,321.2,0.05,152.22,89.31,66.44
2026-05-18 18:20:00,0,619.1,350.0,0.0,37.41,12.33,309.58,0.05,143.27,85.76,66.36
2026-05-18 18:25:00,0,619.1,350.0,0.0,36.98,12.19,222.68,0.07,106.65,77.51,65.01
2026-05-18 18:30:00,0,619.1,350.0,0.0,36.52,13.64,282.06,0.06,139.35,85.24,65.57
2026-05-18 18:35:00,0,619.1,350.0,0.0,36.94,10.81,236.48,0.06,113.44,78.35,65.42
2026-05-18 18:40:00,0,619.1,350.0,0.0,37.05,10.89,291.31,0.04,133.01,82.68,66.17
2026-05-18 18:45:00,0,619.1,350.0,0.0,36.15,12.12,230.49,0.07,104.65,77.11,66.33
2026-05-18 18:50:00,0,619.1,350.0,0.0,36.94,11.9,301.23,0.04,141.62,85.17,63.62
2026-05-18 18:55:00,0,619.1,350.0,0.0,36.43,10.6,238.36,0.06,111.51,77.89,66.02
2026-05-18 19:00:00,0,619.1,350.0,0.0,36.19,8.2,267.63,0.03,128.89,80.75,64.87
2026-05-18 19:05:00,0,619.1,350.0,0.0,35.86,10.6,208.49,0.08,95.84,75.0,65.91
2026-05-18 19:10:00,0,619.1,350.0,0.0,35.86,12.49,265.66,0.06,126.69,81.8,63.61
2026-05-18 19:15:00,0,619.1,350.0,0.0,36.75,13.0,240.8,0.07,115.51,79.57,65.42
2026-05-18 19:20:00,0,619.1,350.0,0.0,34.78,8.57,233.62,0.05,111.86,77.23,66.01
2026-05-18 19:25:00,0,619.1,350.0,0.0,35.87,10.1,283.91,0.04,136.78,83.32,62.79
2026-05-18 19:30:00,0,619.1,350.0,0.0,35.62,8.87,234.64,0.05,107.78,76.52,64.31
2026-05-18 19:35:00,0,619.1,350.0,0.0,35.13,11.49,315.9,0.03,152.92,87.99,64.94
2026-05-18 19:40:00,0,619.1,350.0,0.0,34.63,9.89,260.5,0.05,127.48,81.05,64.24
2026-05-18 19:45:00,0,619.1,350.0,0.0,35.71,12.58,295.35,0.05,138.82,84.71,64.33
2026-05-18 19:50:00,0,619.1,350.0,0.0,34.72,9.96,251.83,0.05,124.5,80.4,64.12
2026-05-18 19:55:00,0,619.1,350.0,0.0,34.41,8.22,244.8,0.04,117.62,78.27,63.36
2026-05-18 20:00:00,0,619.1,350.0,0.0,33.89,7.42,265.77,0.03,131.33,98.39,64.56
2026-05-18 20:05:00,0,619.1,350.0,0.0,34.49,10.83,233.54,0.06,112.31,78.13,63.4
2026-05-18 20:10:00,0,619.1,350.0,0.0,33.93,10.25,214.67,0.07,105.36,76.58,63.5
2026-05-18 20:15:00,0,619.1,350.0,0.0,33.41,9.31,332.21,0.03,162.26,89.88,62.16
2026-05-18 20:20:00,0,619.1,350.0,0.0,34.26,8.44,153.33,0.11,75.83,71.21,62.94
2026-05-18 20:25:00,0,619.1,350.0,0.0,34.3,8.66,216.83,0.06,98.27,74.71,62.68
2026-05-18 20:30:00,0,619.1,350.0,0.0,33.17,8.44,313.97,0.03,146.77,85.26,61.98
2026-05-18 20:35:00,0,619.1,350.0,0.0,34.26,9.53,315.33,0.03,144.04,84.93,62.34
2026-05-18 20:40:00,0,619.1,350.0,0.0,33.44,8.95,295.47,0.03,132.18,81.78,63.16
2026-05-18 20:45:00,0,619.1,350.0,0.0,33.24,10.56,201.13,0.09,100.77,75.87,62.54
2026-05-18 20:50:00,0,619.1,350.0,0.0,32.5,9.32,235.8,0.05,109.17,91.42,61.95
2026-05-18 20:55:00,0,619.1,350.0,0.0,33.54,9.39,248.74,0.05,114.17,77.98,63.57
2026-05-18 21:00:00,0,619.1,350.0,0.0,32.89,12.52,242.4,0.07,122.77,80.95,62.79
2026-05-18 21:05:00,0,619.1,350.0,0.0,32.63,11.58,289.83,0.04,136.84,83.85,60.67
2026-05-18 21:10:00,0,619.1,350.0,0.0,32.68,8.45,211.89,0.06,107.43,76.32,62.27
2026-05-18 21:15:00,0,619.1,350.0,0.0,32.57,11.22,236.11,0.07,113.88,78.6,61.64
2026-05-18 21:20:00,0,619.1,350.0,0.0,32.38,12.17,230.56,0.07,113.6,78.87,62.36
2026-05-18 21:25:00,0,619.1,350.0,0.0,31.51,10.79,210.55,0.07,100.25,75.82,60.3
2026-05-18 21:30:00,0,619.1,350.0,0.0,32.33,15.89,208.47,0.11,94.18,76.63,60.67
2026-05-18 21:35:00,0,619.1,350.0,0.0,31.75,16.19,241.62,0.09,110.46,79.69,60.88
2026-05-18 21:40:00,0,619.1,350.0,0.0,32.64,11.45,293.11,0.04,128.78,81.87,59.66
2026-05-18 21:45:00,0,619.1,350.0,0.0,31.98,13.35,229.63,0.08,108.13,78.21,60.88
2026-05-18 21:50:00,0,619.1,350.0,0.0,31.3,14.96,289.59,0.06,136.8,85.06,61.66
2026-05-18 21:55:00,0,619.1,350.0,0.0,31.53,14.08,176.8,0.14,85.37,74.63,59.69
2026-05-18 22:00:00,0,619.1,350.0,0.0,32.24,18.47,265.3,0.08,119.16,82.26,61.52
2026-05-18 22:05:00,0,619.1,350.0,0.0,32.79,16.72,236.1,0.09,109.36,79.66,61.91
2026-05-18 22:10:00,0,619.1,350.0,0.0,32.34,15.99,186.63,0.16,91.31,76.28,59.62
2026-05-18 22:15:00,0,619.1,350.0,0.0,31.31,16.51,202.92,0.13,93.44,76.75,60.77
2026-05-18 22:20:00,0,619.1,350.0,0.0,32.21,20.39,248.69,0.11,112.6,81.63,59.44
2026-05-18 22:25:00,0,619.1,350.0,0.0,32.83,18.34,304.92,0.06,138.63,86.7,60.99
2026-05-18 22:30:00,0,619.1,350.0,0.0,30.95,16.74,341.16,0.05,173.43,95.89,59.37
2026-05-18 22:35:00,0,619.1,350.0,0.0,30.67,21.27,299.99,0.08,147.18,89.96,61.18
2026-05-18 22:40:00,0,619.1,350.0,0.0,31.26,20.54,283.0,0.09,139.04,87.62,58.23
2026-05-18 22:45:00,0,619.1,350.0,0.0,31.59,21.78,323.3,0.07,150.71,91.06,60.38
2026-05-18 22:50:00,0,619.1,350.0,0.0,31.52,20.1,232.8,0.12,112.63,81.55,58.86
2026-05-18 22:55:00,0,619.1,350.0,0.0,31.51,24.56,258.39,0.12,120.49,84.76,60.59
2026-05-18 23:00:00,0,619.1,350.0,0.0,31.07,24.79,316.8,0.07,136.32,88.4,59.98
2026-05-18 23:05:00,0,619.1,350.0,0.0,30.94,24.65,253.16,0.12,118.61,84.39,60.31
2026-05-18 23:10:00,0,619.1,350.0,0.0,30.33,22.67,246.31,0.12,112.33,82.39,58.28
2026-05-18 23:15:00,0,619.1,350.0,0.0,31.85,25.97,299.68,0.1,134.5,88.43,58.77
2026-05-18 23:20:00,0,619.1,350.0,0.0,30.9,25.32,279.83,0.09,121.51,85.19,57.61
2026-05-18 23:25:00,0,619.1,350.0,0.0,30.09,25.91,263.09,0.12,127.15,86.71,59.66
2026-05-18 23:30:00,0,619.1,350.0,0.0,31.32,28.77,259.15,0.14,119.14,85.98,57.58
2026-05-18 23:35:00,0,619.1,350.0,0.0,30.59,28.85,292.84,0.11,145.9,92.33,59.65
2026-05-18 23:40:00,0,619.1,350.0,0.0,31.53,26.65,93.65,0.95,43.94,75.82,58.78
2026-05-18 23:45:00,0,619.1,350.0,0.0,30.56,25.57,307.12,0.08,145.35,90.98,57.78
2026-05-18 23:50:00,0,619.1,350.0,0.0,31.16,29.08,275.63,0.12,132.83,89.16,57.76
2026-05-18 23:55:00,0,619.1,350.0,0.0,30.78,27.84,224.64,0.17,108.11,83.46,57.45
2026-05-19 00:00:00,0,50.0,700.55,-1.69,30.87,28.95,274.6,0.13,130.42,88.56,57.05
2026-05-19 00:05:00,0,50.0,700.55,-1.69,31.12,30.86,240.18,0.17,111.96,85.28,57.6
2026-05-19 00:10:00,0,50.0,700.55,-1.69,31.05,30.21,321.37,0.09,150.95,94.12,56.74
2026-05-19 00:15:00,0,50.0,700.55,-1.69,31.7,31.31,161.39,0.38,73.78,79.48,57.06
2026-05-19 00:20:00,0,50.0,700.55,-1.69,30.87,32.5,290.47,0.12,143.65,93.04,56.82
2026-05-19 00:25:00,0,50.0,700.55,-1.69,30.4,31.4,210.3,0.23,101.33,83.55,57.4
2026-05-19 00:30:00,0,50.0,700.55,-1.69,32.03,32.36,196.47,0.26,93.36,82.55,56.2
2026-05-19 00:35:00,0,50.0,700.55,-1.69,31.39,30.68,219.2,0.22,107.75,84.49,56.89
2026-05-19 00:40:00,0,50.0,700.55,-1.69,31.16,32.89,216.81,0.23,95.58,83.05,57.5
2026-05-19 00:45:00,0,50.0,700.55,-1.69,31.42,35.99,267.38,0.16,123.47,89.49,56.82
2026-05-19 00:50:00,0,50.0,700.55,-1.69,31.84,37.1,225.03,0.22,111.1,87.39,57.59
2026-05-19 00:55:00,0,50.0,700.55,-1.69,31.2,36.3,325.65,0.1,154.03,97.11,56.38
2026-05-19 01:00:00,0,50.0,700.55,-1.69,31.08,34.17,241.65,0.19,115.89,87.28,55.84
2026-05-19 01:05:00,0,50.0,700.55,-1.69,32.15,34.91,214.52,0.25,97.01,84.05,57.34
2026-05-19 01:10:00,0,50.0,700.55,-1.69,31.35,37.86,284.92,0.15,141.24,94.36,55.18
2026-05-19 01:15:00,0,50.0,700.55,-1.69,31.41,34.77,224.48,0.23,100.55,84.59,56.41
2026-05-19 01:20:00,0,50.0,700.55,-1.69,32.07,38.61,276.54,0.17,127.14,91.26,56.0
2026-05-19 01:25:00,0,50.0,700.55,-1.69,31.07,36.85,252.38,0.2,115.71,88.21,56.32
2026-05-19 01:30:00,0,50.0,700.55,-1.69,31.09,37.16,188.6,0.35,89.02,83.69,56.46
2026-05-19 01:35:00,0,50.0,700.55,-1.69,31.76,36.29,259.24,0.17,119.04,88.65,55.2
2026-05-19 01:40:00,0,50.0,700.55,-1.69,31.34,36.44,237.47,0.21,112.36,87.39,55.07
2026-05-19 01:45:00,0,50.0,700.55,-1.69,31.88,35.34,309.68,0.11,141.04,93.35,55.69
2026-05-19 01:50:00,0,50.0,700.55,-1.69,31.23,38.52,259.63,0.17,119.77,89.59,54.69
2026-05-19 01:55:00,0,50.0,700.55,-1.69,31.3,35.8,248.63,0.18,123.53,89.48,54.16
2026-05-19 02:00:00,0,50.0,700.55,-1.69,32.36,38.97,270.35,0.17,131.44,92.39,53.7
2026-05-19 02:05:00,0,50.0,700.55,-1.69,32.43,34.7,257.67,0.16,125.14,105.07,55.79
2026-05-19 02:10:00,0,50.0,700.55,-1.69,31.4,36.17,241.26,0.18,113.16,87.4,53.46
2026-05-19 02:15:00,0,50.0,700.55,-1.69,31.86,37.5,252.73,0.19,119.19,89.15,54.21
2026-05-19 02:20:00,0,50.0,700.55,-1.69,32.39,37.36,269.45,0.17,129.75,109.45,53.2
2026-05-19 02:25:00,0,50.0,700.55,-1.69,32.34,37.43,276.3,0.17,139.34,93.77,52.32
2026-05-19 02:30:00,0,50.0,700.55,-1.69,31.89,36.85,280.0,0.16,131.84,91.72,53.66
2026-05-19 02:35:00,0,50.0,700.55,-1.69,32.43,38.18,354.2,0.1,167.76,101.75,53.31
2026-05-19 02:40:00,0,50.0,700.55,-1.69,32.81,37.73,272.93,0.15,133.08,92.31,52.22
2026-05-19 02:45:00,0,50.0,700.55,-1.69,32.82,37.3,240.85,0.19,110.33,107.45,52.76
2026-05-19 02:50:00,0,50.0,700.55,-1.69,33.39,34.93,265.12,0.17,121.27,88.66,52.74
2026-05-19 02:55:00,0,50.0,700.55,-1.69,32.8,35.53,217.16,0.25,100.43,84.87,53.16
2026-05-19 03:00:00,0,50.0,700.55,-1.69,32.42,34.29,306.83,0.12,140.44,92.85,53.25
2026-05-19 03:05:00,0,50.0,700.55,-1.69,33.12,31.05,285.21,0.12,129.02,88.95,51.16
2026-05-19 03:10:00,0,50.0,700.55,-1.69,32.69,36.07,172.54,0.38,82.8,82.41,52.63
2026-05-19 03:15:00,0,50.0,700.55,-1.69,33.7,34.39,262.32,0.17,121.66,88.56,52.92
2026-05-19 03:20:00,0,50.0,700.55,-1.69,32.89,33.44,242.35,0.18,122.37,88.4,52.11
2026-05-19 03:25:00,0,50.0,700.55,-1.69,33.22,31.75,325.69,0.09,143.12,92.59,53.11
2026-05-19 03:30:00,0,50.0,700.55,-1.69,34.21,30.13,320.77,0.1,145.12,92.56,52.15
2026-05-19 03:35:00,0,50.0,700.55,-1.69,33.66,35.15,348.67,0.09,155.8,97.19,50.56
2026-05-19 03:40:00,0,50.0,700.55,-1.69,33.44,32.86,165.77,0.38,73.29,79.96,51.43
2026-05-19 03:45:00,0,50.0,700.55,-1.69,33.81,33.68,257.4,0.16,118.44,87.6,51.02
2026-05-19 03:50:00,0,50.0,700.55,-1.69,33.83,31.77,280.84,0.13,125.29,88.37,50.95
2026-05-19 03:55:00,0,50.0,700.55,-1.69,34.45,27.79,285.72,0.11,137.72,89.88,52.08
2026-05-19 04:00:00,0,50.0,700.55,-1.69,34.55,28.09,229.92,0.17,112.31,84.39,51.39
2026-05-19 04:05:00,0,50.0,700.55,-1.69,34.08,27.95,276.59,0.12,132.01,88.57,50.1
2026-05-19 04:10:00,0,50.0,700.55,-1.69,34.65,29.21,164.02,0.32,78.03,79.21,52.07
2026-05-19 04:15:00,0,50.0,700.55,-1.69,34.73,29.59,243.15,0.16,116.52,85.76,51.62
2026-05-19 04:20:00,0,50.0,700.55,-1.69,34.87,27.83,368.17,0.06,169.08,98.45,52.42
2026-05-19 04:25:00,0,50.0,700.55,-1.69,36.0,27.9,182.8,0.27,89.22,80.34,49.91
2026-05-19 04:30:00,0,50.0,700.55,-1.69,35.62,27.76,290.84,0.1,140.21,90.48,50.01
2026-05-19 04:35:00,0,50.0,700.55,-1.69,35.7,25.32,251.79,0.13,110.78,83.03,50.0
2026-05-19 04:40:00,0,50.0,700.55,-1.69,35.21,30.29,248.99,0.16,116.65,86.03,49.44
2026-05-19 04:45:00,0,50.0,700.55,-1.69,36.53,22.89,301.17,0.08,149.54,91.16,50.27
2026-05-19 04:50:00,0,50.0,700.55,-1.69,34.79,24.22,242.26,0.12,111.65,82.8,50.59
2026-05-19 04:55:00,0,50.0,700.55,-1.69,36.53,23.34,276.2,0.09,130.73,86.6,48.69
2026-05-19 05:00:00,0,50.0,700.55,-1.69,36.45,22.24,224.9,0.13,102.31,80.33,48.79
2026-05-19 05:05:00,0,50.0,700.55,-1.69,37.06,21.43,211.12,0.16,99.2,79.55,48.42
2026-05-19 05:10:00,0,50.0,700.55,-1.69,37.17,19.73,292.21,0.07,147.92,89.61,49.38
2026-05-19 05:15:00,0,50.0,700.55,-1.69,36.77,21.29,324.13,0.07,138.12,87.63,50.3
2026-05-19 05:20:00,0,50.0,700.55,-1.69,37.45,24.63,246.14,0.12,116.97,84.04,48.77
2026-05-19 05:25:00,0,50.0,700.55,-1.69,37.09,20.26,225.08,0.13,104.75,93.33,47.44
2026-05-19 05:30:00,0,50.0,700.55,-1.69,36.92,16.55,292.93,0.06,135.19,85.23,48.15
2026-05-19 05:35:00,0,50.0,700.55,-1.69,38.16,19.82,209.48,0.15,91.9,77.71,47.48
2026-05-19 05:40:00,0,50.0,700.55,-1.69,37.18,20.05,260.44,0.1,117.55,82.52,49.24
2026-05-19 05:45:00,0,50.0,700.55,-1.69,38.15,20.06,182.14,0.22,83.74,76.64,48.72
2026-05-19 05:50:00,0,50.0,700.55,-1.69,39.07,20.88,316.38,0.06,152.93,91.35,47.62
2026-05-19 05:55:00,0,50.0,700.55,-1.69,38.08,17.09,278.48,0.08,133.41,85.03,48.03
2026-05-19 06:00:00,0,50.0,700.55,-1.69,37.45,17.1,306.5,0.06,142.02,87.13,48.34
2026-05-19 06:05:00,0,50.0,700.55,-1.69,38.06,15.99,282.7,0.07,135.24,85.07,47.22
2026-05-19 06:10:00,0,50.0,700.55,-1.69,38.2,15.54,287.73,0.05,130.93,83.84,48.18
2026-05-19 06:15:00,0,50.0,700.55,-1.69,38.19,13.83,252.18,0.07,115.9,79.94,47.75
2026-05-19 06:20:00,0,50.0,700.55,-1.69,38.87,12.95,289.96,0.05,134.19,83.71,46.57
2026-05-19 06:25:00,0,50.0,700.55,-1.69,38.32,13.77,233.87,0.08,104.69,77.71,47.05
2026-05-19 06:30:00,0,50.0,700.55,-1.69,38.74,12.43,336.32,0.03,157.31,89.55,47.02
2026-05-19 06:35:00,0,50.0,700.55,-1.69,39.29,14.37,232.65,0.09,103.89,77.8,46.8
2026-05-19 06:40:00,0,50.0,700.55,-1.69,39.31,11.92,208.95,0.08,99.14,76.05,46.64
2026-05-19 06:45:00,0,50.0,700.55,-1.69,38.77,13.26,272.47,0.06,131.3,83.15,46.0
2026-05-19 06:50:00,0,50.0,700.55,-1.69,39.45,11.63,305.51,0.04,150.58,87.43,47.72
2026-05-19 06:55:00,0,50.0,700.55,-1.69,40.18,11.63,246.09,0.06,120.56,92.33,46.73
2026-05-19 07:00:00,0,50.0,700.55,-1.69,40.52,12.52,219.28,0.08,99.12,76.26,46.85
2026-05-19 07:05:00,0,50.0,700.55,-1.69,39.38,13.79,275.34,0.06,129.46,82.9,46.92
2026-05-19 07:10:00,0,50.0,700.55,-1.69,40.08,12.97,283.6,0.05,126.89,82.01,47.17
2026-05-19 07:15:00,0,50.0,700.55,-1.69,40.08,8.5,211.85,0.06,100.58,75.07,47.05
2026-05-19 07:20:00,0,50.0,700.55,-1.69,40.26,10.97,168.0,0.12,80.43,72.78,46.53
2026-05-19 07:25:00,0,50.0,700.55,-1.69,40.13,10.97,217.68,0.07,97.52,75.41,45.42
2026-05-19 07:30:00,0,50.0,700.55,-1.69,41.57,9.78,230.57,0.06,113.71,78.06,45.04
2026-05-19 07:35:00,0,50.0,700.55,-1.69,40.45,10.46,267.44,0.04,120.46,79.68,46.8
2026-05-19 07:40:00,0,50.0,700.55,-1.69,41.09,6.35,295.37,0.02,133.78,81.25,44.95
2026-05-19 07:45:00,0,50.0,700.55,-1.69,40.19,13.53,236.66,0.07,114.0,79.45,47.29
2026-05-19 07:50:00,0,50.0,700.55,-1.69,40.53,10.24,264.52,0.05,121.32,79.81,43.5
2026-05-19 07:55:00,0,50.0,700.55,-1.69,41.49,9.05,278.63,0.04,126.57,80.54,45.06
2026-05-19 08:00:00,0,50.0,700.55,-1.69,41.05,8.45,184.18,0.07,85.06,72.49,45.47
2026-05-19 08:05:00,0,50.0,700.55,-1.69,42.21,9.51,163.41,0.12,76.92,71.77,44.55
2026-05-19 08:10:00,0,50.0,700.55,-1.69,41.92,11.16,320.65,0.03,158.61,89.48,44.91
2026-05-19 08:15:00,0,50.0,700.55,-1.69,41.48,9.44,290.91,0.03,138.74,83.56,45.96
2026-05-19 08:20:00,0,50.0,700.55,-1.69,41.65,11.01,223.51,0.08,112.04,78.19,43.35
2026-05-19 08:25:00,0,50.0,700.55,-1.69,42.33,7.42,290.76,0.03,128.72,80.45,43.25
2026-05-19 08:30:00,0,50.0,700.55,-1.69,42.68,9.52,329.69,0.03,158.16,88.78,43.84
2026-05-19 08:35:00,0,50.0,700.55,-1.69,42.63,10.34,283.41,0.04,134.01,82.74,44.35
2026-05-19 08:40:00,0,50.0,700.55,-1.69,42.06,8.7,216.07,0.06,96.76,74.47,43.42
2026-05-19 08:45:00,0,50.0,700.55,-1.69,42.45,10.72,263.94,0.06,121.56,80.05,42.28
2026-05-19 08:50:00,0,50.0,700.55,-1.69,41.98,14.4,222.41,0.09,102.4,77.54,44.32
2026-05-19 08:55:00,0,50.0,700.55,-1.69,43.47,9.68,222.11,0.06,102.58,75.86,43.31
2026-05-19 09:00:00,0,50.0,700.55,-1.69,43.21,14.34,220.88,0.09,115.42,80.07,43.76
2026-05-19 09:05:00,0,50.0,700.55,-1.69,43.34,11.42,200.11,0.09,99.38,75.95,42.16
2026-05-19 09:10:00,0,50.0,700.55,-1.69,42.8,12.77,250.41,0.06,117.94,93.06,43.27
2026-05-19 09:15:00,0,50.0,700.55,-1.69,42.85,12.17,241.61,0.07,105.16,77.23,42.92
2026-05-19 09:20:00,0,50.0,700.55,-1.69,42.58,13.6,238.8,0.08,117.2,80.16,43.57
2026-05-19 09:25:00,0,50.0,700.55,-1.69,43.3,13.01,240.07,0.07,109.07,78.28,44.31
2026-05-19 09:30:00,0,50.0,700.55,-1.69,44.1,14.97,250.65,0.07,117.54,80.7,42.97
2026-05-19 09:35:00,0,50.0,700.55,-1.69,42.98,15.05,289.93,0.06,135.14,84.7,43.94
2026-05-19 09:40:00,0,50.0,700.55,-1.69,43.78,13.7,317.2,0.04,153.07,88.84,42.42
2026-05-19 09:45:00,0,50.0,700.55,-1.69,43.49,16.11,268.79,0.08,129.56,83.79,41.65
2026-05-19 09:50:00,0,50.0,700.55,-1.69,43.91,14.76,196.83,0.12,91.23,75.78,40.47
2026-05-19 09:55:00,0,50.0,700.55,-1.69,44.38,19.51,285.35,0.08,132.51,85.68,43.21
2026-05-19 10:00:00,0,50.0,700.55,-1.69,44.22,16.12,287.21,0.06,137.28,85.61,41.99
2026-05-19 10:05:00,0,50.0,700.55,-1.69,44.13,17.41,224.88,0.11,108.92,79.87,43.46
2026-05-19 10:10:00,0,50.0,700.55,-1.69,43.62,15.0,247.25,0.08,118.66,80.97,41.39
2026-05-19 10:15:00,0,50.0,700.55,-1.69,44.09,17.88,286.98,0.07,138.84,86.63,41.28
2026-05-19 10:20:00,0,50.0,700.55,-1.69,43.58,18.71,276.36,0.07,128.77,84.49,40.92
2026-05-19 10:25:00,0,50.0,700.55,-1.69,43.48,20.37,267.18,0.09,124.95,84.24,40.2
2026-05-19 10:30:00,0,50.0,700.55,-1.69,44.11,20.23,280.86,0.08,136.54,86.9,40.26
2026-05-19 10:35:00,0,50.0,700.55,-1.69,45.14,20.54,202.98,0.17,97.99,79.05,40.96
2026-05-19 10:40:00,0,50.0,700.55,-1.69,44.13,20.85,219.24,0.13,102.36,79.87,40.42
2026-05-19 10:45:00,0,50.0,700.55,-1.69,44.08,20.63,261.49,0.1,126.26,84.65,41.46
2026-05-19 10:50:00,0,50.0,700.55,-1.69,44.6,21.4,228.31,0.12,103.86,80.32,42.36
2026-05-19 10:55:00,0,50.0,700.55,-1.69,44.48,23.68,264.46,0.11,123.23,85.06,39.17
2026-05-19 11:00:00,0,50.0,700.55,-1.69,44.3,24.29,272.15,0.11,125.28,85.73,39.88
2026-05-19 11:05:00,0,50.0,700.55,-1.69,44.79,22.33,364.66,0.06,175.78,98.63,39.39
2026-05-19 11:10:00,0,50.0,700.55,-1.69,45.49,27.63,263.75,0.12,121.1,85.99,41.81
2026-05-19 11:15:00,0,50.0,700.55,-1.69,44.25,21.96,234.41,0.13,116.9,83.13,40.15
2026-05-19 11:20:00,0,50.0,700.55,-1.69,45.22,24.85,203.24,0.2,97.76,80.58,39.91
2026-05-19 11:25:00,0,50.0,700.55,-1.69,45.99,24.71,246.3,0.13,114.49,83.59,38.1
2026-05-19 11:30:00,0,50.0,700.55,-1.69,44.86,26.01,252.35,0.13,116.21,84.4,41.15
2026-05-19 11:35:00,0,50.0,700.55,-1.69,44.27,28.82,265.54,0.13,121.89,86.6,39.15
2026-05-19 11:40:00,0,50.0,700.55,-1.69,45.42,28.08,288.24,0.11,146.98,92.38,38.74
2026-05-19 11:45:00,0,50.0,700.55,-1.69,45.28,27.85,190.4,0.25,94.56,81.18,38.75
2026-05-19 11:50:00,0,50.0,700.55,-1.69,44.56,30.75,213.5,0.22,99.35,82.97,40.63
2026-05-19 11:55:00,0,50.0,700.55,-1.69,45.4,31.53,263.23,0.15,131.81,89.86,37.93
2026-05-19 12:00:00,0,50.0,700.55,-1.69,44.23,30.02,255.93,0.15,125.28,87.82,40.54
2026-05-19 12:05:00,0,50.0,700.55,-1.69,44.83,34.13,261.4,0.16,128.96,90.12,39.18
2026-05-19 12:10:00,0,50.0,700.55,-1.69,45.59,29.73,260.57,0.13,123.93,100.36,37.57
2026-05-19 12:15:00,0,50.0,700.55,-1.69,44.33,30.94,249.08,0.16,113.81,85.69,38.09
2026-05-19 12:20:00,0,50.0,700.55,-1.69,44.92,32.1,229.99,0.2,114.73,86.37,39.12
2026-05-19 12:25:00,0,50.0,700.55,-1.69,45.01,34.85,184.16,0.34,87.79,82.7,37.95
2026-05-19 12:30:00,0,50.0,700.55,-1.69,45.15,35.41,185.68,0.32,91.59,83.47,37.67
2026-05-19 12:35:00,0,50.0,700.55,-1.69,45.18,34.45,320.07,0.1,150.86,95.62,38.67
2026-05-19 12:40:00,0,50.0,700.55,-1.69,45.5,33.53,239.68,0.19,118.01,87.54,38.04
2026-05-19 12:45:00,0,50.0,700.55,-1.69,44.81,35.84,243.03,0.2,111.79,87.08,38.09
2026-05-19 12:50:00,0,50.0,700.55,-1.69,44.25,33.57,315.75,0.11,152.29,95.73,37.47
2026-05-19 12:55:00,0,50.0,700.55,-1.69,44.92,34.57,227.97,0.2,107.02,85.69,37.52
2026-05-19 13:00:00,0,50.0,700.55,-1.69,44.48,35.73,307.13,0.12,144.45,94.41,38.61
2026-05-19 13:05:00,0,50.0,700.55,-1.69,44.25,36.35,280.33,0.15,126.92,90.4,37.2
2026-05-19 13:10:00,0,50.0,700.55,-1.69,44.31,36.22,265.07,0.16,127.14,90.43,37.84
2026-05-19 13:15:00,0,50.0,700.55,-1.69,44.35,35.39,199.84,0.29,96.39,84.21,36.74
2026-05-19 13:20:00,0,50.0,700.55,-1.69,44.17,37.48,270.67,0.17,123.85,90.15,36.35
2026-05-19 13:25:00,0,50.0,700.55,-1.69,44.35,37.65,223.86,0.23,104.92,86.43,36.74
2026-05-19 13:30:00,0,50.0,700.55,-1.69,44.13,38.05,223.66,0.25,107.71,87.14,37.16
2026-05-19 13:35:00,0,50.0,700.55,-1.69,44.17,37.61,205.66,0.28,95.46,84.81,36.79
2026-05-19 13:40:00,0,50.0,700.55,-1.69,44.41,39.4,321.16,0.12,161.25,100.32,35.74
2026-05-19 13:45:00,0,50.0,700.55,-1.69,44.27,37.34,295.77,0.14,143.33,94.72,37.03
2026-05-19 13:50:00,0,50.0,700.55,-1.69,43.53,38.95,280.87,0.16,132.49,92.63,37.42
2026-05-19 13:55:00,0,50.0,700.55,-1.69,44.63,39.89,254.69,0.21,120.24,90.28,34.07
2026-05-19 14:00:00,0,50.0,700.55,-1.69,45.22,38.15,274.17,0.16,131.27,92.07,34.38
2026-05-19 14:05:00,0,50.0,700.55,-1.69,44.18,37.54,204.95,0.32,100.15,85.69,34.72
2026-05-19 14:10:00,0,50.0,700.55,-1.69,44.56,39.03,256.28,0.19,118.63,89.59,33.88
2026-05-19 14:15:00,0,50.0,700.55,-1.69,44.14,40.66,319.54,0.13,150.4,97.73,34.57
2026-05-19 14:20:00,0,50.0,700.55,-1.69,43.85,38.06,311.13,0.13,154.74,98.01,34.17
2026-05-19 14:25:00,0,50.0,700.55,-1.69,44.62,37.92,308.19,0.13,145.94,95.58,34.76
2026-05-19 14:30:00,0,50.0,700.55,-1.69,43.59,37.39,323.02,0.13,144.34,94.98,34.31
2026-05-19 14:35:00,0,50.0,700.55,-1.69,43.81,37.79,264.34,0.16,125.51,90.6,34.23
2026-05-19 14:40:00,0,50.0,700.55,-1.69,43.39,38.96,290.39,0.15,129.5,91.91,34.34
2026-05-19 14:45:00,0,50.0,700.55,-1.69,43.12,37.66,213.24,0.24,96.57,84.94,33.35
2026-05-19 14:50:00,0,50.0,700.55,-1.69,42.65,39.3,217.82,0.26,100.98,86.33,33.66
2026-05-19 14:55:00,0,50.0,700.55,-1.69,42.93,35.86,289.73,0.14,147.84,95.38,34.45
2026-05-19 15:00:00,0,50.0,700.55,-1.69,42.28,38.42,201.16,0.33,95.41,85.18,32.7
2026-05-19 15:05:00,0,50.0,700.55,-1.69,43.37,34.52,201.34,0.27,97.71,84.09,34.16
2026-05-19 15:10:00,0,50.0,700.55,-1.69,42.3,35.39,147.39,0.47,69.85,80.6,33.88
2026-05-19 15:15:00,0,50.0,700.55,-1.69,42.86,34.72,259.14,0.16,124.04,89.2,33.69
2026-05-19 15:20:00,0,50.0,700.55,-1.69,41.48,37.06,265.4,0.17,128.01,90.94,32.54
2026-05-19 15:25:00,0,50.0,700.55,-1.69,41.98,33.37,236.86,0.18,113.33,86.48,32.95
2026-05-19 15:30:00,0,50.0,700.55,-1.69,42.72,32.69,227.1,0.19,107.43,85.09,33.39
2026-05-19 15:35:00,0,50.0,700.55,-1.69,42.05,32.25,251.07,0.15,121.75,87.81,32.67
2026-05-19 15:40:00,0,50.0,700.55,-1.69,42.12,31.42,237.26,0.17,106.37,84.4,33.72
2026-05-19 15:45:00,0,50.0,700.55,-1.69,41.42,32.75,281.72,0.13,137.91,91.72,33.43
2026-05-19 15:50:00,0,50.0,700.55,-1.69,42.15,33.39,225.94,0.22,107.16,85.34,31.71
2026-05-19 15:55:00,0,50.0,700.55,-1.69,41.35,31.23,195.15,0.27,95.02,82.48,31.86
2026-05-19 16:00:00,0,50.0,700.55,-1.69,41.25,32.2,248.65,0.16,115.07,86.38,31.81
2026-05-19 16:05:00,0,50.0,700.55,-1.69,42.5,31.36,326.15,0.1,157.5,96.38,32.24
2026-05-19 16:10:00,0,50.0,700.55,-1.69,40.77,31.59,265.54,0.14,135.34,90.7,30.9
2026-05-19 16:15:00,0,50.0,700.55,-1.69,41.32,29.66,282.76,0.12,136.01,90.15,32.42
2026-05-19 16:20:00,0,50.0,700.55,-1.69,41.5,30.22,268.25,0.14,132.76,89.6,31.36
2026-05-19 16:25:00,0,50.0,700.55,-1.69,40.92,32.26,236.36,0.18,101.78,83.85,30.52
2026-05-19 16:30:00,0,50.0,700.55,-1.69,40.42,28.07,219.99,0.19,107.82,83.54,31.97
2026-05-19 16:35:00,0,50.0,700.55,-1.69,40.51,27.7,244.36,0.15,113.95,84.56,30.5
2026-05-19 16:40:00,0,50.0,700.55,-1.69,40.84,24.53,245.22,0.13,114.51,83.52,30.92
2026-05-19 16:45:00,0,50.0,700.55,-1.69,40.24,28.76,222.0,0.18,100.41,82.38,32.25
2026-05-19 16:50:00,0,50.0,700.55,-1.69,40.37,23.08,223.96,0.15,104.33,81.05,29.94
2026-05-19 16:55:00,0,50.0,700.55,-1.69,40.19,23.8,263.58,0.11,133.34,87.43,32.27
2026-05-19 17:00:00,0,50.0,700.55,-1.69,39.23,24.52,262.81,0.12,118.82,84.4,30.13
2026-05-19 17:05:00,0,50.0,700.55,-1.69,39.83,25.16,310.53,0.09,157.81,94.27,31.0
2026-05-19 17:10:00,0,50.0,700.55,-1.69,40.4,23.59,338.13,0.07,156.18,93.23,30.02
2026-05-19 17:15:00,0,50.0,700.55,-1.69,38.84,24.62,320.61,0.07,153.38,92.8,29.25
2026-05-19 17:20:00,0,50.0,700.55,-1.69,39.58,19.61,218.86,0.13,99.95,78.99,29.89
2026-05-19 17:25:00,0,50.0,700.55,-1.69,39.61,19.23,291.84,0.07,152.46,90.66,29.44
2026-05-19 17:30:00,0,50.0,700.55,-1.69,39.28,20.18,258.33,0.1,126.03,84.43,29.79
2026-05-19 17:35:00,0,50.0,700.55,-1.69,39.13,19.64,294.08,0.08,139.73,87.48,29.4
2026-05-19 17:40:00,0,50.0,700.55,-1.69,38.14,20.83,241.75,0.11,117.2,82.74,29.62
2026-05-19 17:45:00,0,50.0,700.55,-1.69,38.67,18.8,237.77,0.11,113.81,81.33,28.74
2026-05-19 17:50:00,0,50.0,700.55,-1.69,38.8,18.42,290.13,0.07,140.02,87.1,29.32
2026-05-19 17:55:00,0,50.0,700.55,-1.69,37.99,16.54,210.42,0.13,98.23,77.6,30.48
2026-05-19 18:00:00,0,50.0,700.55,-1.69,38.55,15.37,266.53,0.07,125.8,82.63,28.26
2026-05-19 18:05:00,0,50.0,700.55,-1.69,38.38,15.7,279.91,0.06,139.14,85.91,30.89
2026-05-19 18:10:00,0,50.0,700.55,-1.69,38.23,15.39,309.15,0.05,147.67,87.98,28.8
2026-05-19 18:15:00,0,50.0,700.55,-1.69,38.2,15.47,236.4,0.09,108.97,79.15,29.14
2026-05-19 18:20:00,0,50.0,700.55,-1.69,37.72,14.78,240.47,0.07,111.8,79.43,28.85
2026-05-19 18:25:00,0,50.0,700.55,-1.69,36.87,13.52,211.12,0.09,94.63,75.84,28.12
2026-05-19 18:30:00,0,50.0,700.55,-1.69,36.92,14.56,249.04,0.07,113.43,79.69,28.59
2026-05-19 18:35:00,0,50.0,700.55,-1.69,36.86,15.29,285.03,0.06,133.34,84.34,28.52
2026-05-19 18:40:00,0,50.0,700.55,-1.69,36.32,12.6,255.02,0.06,119.47,80.24,27.02
2026-05-19 18:45:00,0,50.0,700.55,-1.69,37.57,11.82,225.51,0.08,105.69,77.22,27.76
2026-05-19 18:50:00,0,50.0,700.55,-1.69,36.41,14.13,272.77,0.06,121.81,81.29,27.78
2026-05-19 18:55:00,0,50.0,700.55,-1.69,36.96,12.79,289.21,0.04,138.87,84.78,29.22
2026-05-19 19:00:00,0,50.0,700.55,-1.69,36.48,12.49,184.99,0.12,89.79,74.73,30.29
2026-05-19 19:05:00,0,50.0,700.55,-1.69,35.72,11.94,249.43,0.06,112.9,78.64,28.58
2026-05-19 19:10:00,0,50.0,700.55,-1.69,35.76,11.71,337.67,0.03,160.32,106.85,26.19
2026-05-19 19:15:00,0,50.0,700.55,-1.69,35.1,10.59,250.96,0.05,112.16,77.99,27.44
2026-05-19 19:20:00,0,50.0,700.55,-1.69,35.27,9.16,216.27,0.06,101.52,75.47,26.62
2026-05-19 19:25:00,0,50.0,700.55,-1.69,35.03,13.96,173.42,0.14,84.05,74.39,27.35
2026-05-19 19:30:00,0,50.0,700.55,-1.69,34.25,9.43,216.48,0.07,98.84,75.09,25.15
2026-05-19 19:35:00,0,50.0,700.55,-1.69,35.18,13.43,301.5,0.05,145.63,86.75,27.22
2026-05-19 19:40:00,0,50.0,700.55,-1.69,33.98,8.4,262.84,0.04,118.95,78.62,27.21
2026-05-19 19:45:00,0,50.0,700.55,-1.69,35.7,10.33,363.18,0.02,171.51,93.0,25.64
2026-05-19 19:50:00,0,50.0,700.55,-1.69,35.57,10.25,314.01,0.03,151.16,87.08,27.72
2026-05-19 19:55:00,0,50.0,700.55,-1.69,35.13,8.81,284.05,0.04,140.66,83.84,26.59
2026-05-19 20:00:00,0,50.0,700.55,-1.69,33.87,10.66,201.76,0.08,99.47,75.66,26.31
2026-05-19 20:05:00,0,50.0,700.55,-1.69,33.74,12.52,259.64,0.06,123.37,81.06,27.56
2026-05-19 20:10:00,0,50.0,700.55,-1.69,34.36,9.32,198.76,0.08,95.23,74.45,26.44
2026-05-19 20:15:00,0,50.0,700.55,-1.69,33.32,7.8,212.13,0.06,106.64,75.95,26.16
2026-05-19 20:20:00,0,50.0,700.55,-1.69,34.37,10.95,187.49,0.1,88.48,73.94,24.9
2026-05-19 20:25:00,0,50.0,700.55,-1.69,33.15,12.65,230.22,0.07,112.33,78.79,25.56
2026-05-19 20:30:00,0,50.0,700.55,-1.69,33.27,7.91,277.29,0.03,137.0,82.58,26.08
2026-05-19 20:35:00,0,50.0,700.55,-1.69,33.12,12.67,212.41,0.09,100.51,76.57,26.45
2026-05-19 20:40:00,0,50.0,700.55,-1.69,32.79,10.1,138.97,0.17,65.1,70.55,25.56
2026-05-19 20:45:00,0,50.0,700.55,-1.69,33.5,10.12,253.62,0.05,115.87,78.59,26.01
2026-05-19 20:50:00,0,50.0,700.55,-1.69,32.71,13.77,311.78,0.04,143.59,86.32,25.22
2026-05-19 20:55:00,0,50.0,700.55,-1.69,32.82,10.86,256.31,0.05,124.01,80.6,25.91
2026-05-19 21:00:00,0,50.0,700.55,-1.69,32.85,11.04,320.24,0.03,152.24,87.64,23.71
2026-05-19 21:05:00,0,50.0,700.55,-1.69,32.98,13.48,200.08,0.1,95.5,75.99,24.92
2026-05-19 21:10:00,0,50.0,700.55,-1.69,33.35,11.95,170.58,0.13,72.94,72.09,23.45
2026-05-19 21:15:00,0,50.0,700.55,-1.69,32.53,11.72,213.9,0.08,103.8,76.82,25.21
2026-05-19 21:20:00,0,50.0,700.55,-1.69,32.67,15.49,209.27,0.1,93.02,76.27,24.17
2026-05-19 21:25:00,0,50.0,700.55,-1.69,32.77,15.02,320.24,0.05,154.08,89.58,24.17
2026-05-19 21:30:00,0,50.0,700.55,-1.69,32.38,14.37,226.32,0.09,116.16,80.21,24.55
2026-05-19 21:35:00,0,50.0,700.55,-1.69,31.63,14.47,228.39,0.09,108.39,78.68,22.91
2026-05-19 21:40:00,0,50.0,700.55,-1.69,32.48,14.49,225.82,0.1,115.74,80.19,22.99
2026-05-19 21:45:00,0,50.0,700.55,-1.69,32.23,17.86,254.12,0.09,107.29,79.65,23.11
2026-05-19 21:50:00,0,50.0,700.55,-1.69,32.54,15.83,194.21,0.12,86.84,75.43,22.79
2026-05-19 21:55:00,0,50.0,700.55,-1.69,31.79,17.42,287.19,0.07,140.47,86.85,23.33
2026-05-19 22:00:00,0,50.0,700.55,-1.69,32.0,18.01,282.12,0.07,137.68,86.36,23.07
2026-05-19 22:05:00,0,50.0,700.55,-1.69,31.49,17.94,180.47,0.18,79.51,75.19,22.13
2026-05-19 22:10:00,0,50.0,700.55,-1.69,31.79,18.8,296.15,0.07,141.69,87.65,22.81
2026-05-19 22:15:00,0,50.0,700.55,-1.69,32.11,18.32,359.81,0.05,178.43,98.02,23.44
2026-05-19 22:20:00,0,50.0,700.55,-1.69,31.31,22.7,342.4,0.06,165.14,95.47,22.12
2026-05-19 22:25:00,0,50.0,700.55,-1.69,31.22,23.21,206.85,0.18,99.55,80.26,22.56
2026-05-19 22:30:00,0,50.0,700.55,-1.69,30.93,22.49,320.55,0.07,156.09,92.8,23.49
2026-05-19 22:35:00,0,50.0,700.55,-1.69,31.09,24.0,234.11,0.14,120.98,84.71,23.35
2026-05-19 22:40:00,0,50.0,700.55,-1.69,31.9,23.94,133.24,0.41,62.76,75.6,20.89
2026-05-19 22:45:00,0,50.0,700.55,-1.69,30.85,25.31,319.22,0.08,161.25,95.28,23.2
2026-05-19 22:50:00,0,50.0,700.55,-1.69,31.69,25.16,253.19,0.13,118.3,84.52,21.17
2026-05-19 22:55:00,0,50.0,700.55,-1.69,31.23,24.03,342.81,0.06,176.62,99.46,22.34
2026-05-19 23:00:00,0,50.0,700.55,-1.69,31.28,30.11,180.77,0.29,81.76,93.84,22.65
2026-05-19 23:05:00,0,50.0,700.55,-1.69,31.07,25.23,219.72,0.17,101.65,100.36,19.57
2026-05-19 23:10:00,0,50.0,700.55,-1.69,30.12,24.9,270.1,0.1,135.5,88.3,20.73
2026-05-19 23:15:00,0,50.0,700.55,-1.69,31.26,26.85,284.62,0.11,128.72,87.39,20.43
2026-05-19 23:20:00,0,50.0,700.55,-1.69,32.15,24.88,242.26,0.14,113.62,83.46,21.27
2026-05-19 23:25:00,0,50.0,700.55,-1.69,30.92,33.94,270.94,0.15,117.29,87.42,20.15
2026-05-19 23:30:00,0,50.0,700.55,-1.69,30.7,31.98,225.94,0.2,112.49,85.84,20.07
2026-05-19 23:35:00,0,50.0,700.55,-1.69,31.3,30.52,271.72,0.14,131.31,89.34,20.93
2026-05-19 23:40:00,0,50.0,700.55,-1.69,31.03,31.06,256.16,0.14,114.33,85.77,20.61
2026-05-19 23:45:00,0,50.0,700.55,-1.69,29.77,28.17,286.52,0.1,137.51,89.93,19.15
2026-05-19 23:50:00,0,50.0,700.55,-1.69,30.88,33.5,178.52,0.34,85.23,81.8,20.93
2026-05-19 23:55:00,0,50.0,700.55,-1.69,31.62,36.69,213.46,0.26,98.79,85.0,20.03
2026-05-20 00:00:00,0,250.0,-290.0,-1.61,30.32,32.79,274.42,0.14,142.34,92.85,18.73
2026-05-20 00:05:00,0,250.0,-290.0,-1.61,30.85,35.45,226.7,0.21,106.55,85.9,20.4
2026-05-20 00:10:00,0,250.0,-290.0,-1.61,30.6,35.76,212.95,0.26,98.97,84.71,19.15
2026-05-20 00:15:00,0,250.0,-290.0,-1.61,30.97,38.2,318.39,0.12,151.88,97.23,19.94
2026-05-20 00:20:00,0,250.0,-290.0,-1.61,31.1,35.44,298.58,0.13,136.81,92.37,20.34
2026-05-20 00:25:00,0,250.0,-290.0,-1.61,30.15,37.36,349.34,0.1,169.35,101.94,19.19
2026-05-20 00:30:00,0,250.0,-290.0,-1.61,31.29,38.49,181.17,0.37,89.72,84.32,19.89
2026-05-20 00:35:00,0,250.0,-290.0,-1.61,30.83,36.01,226.95,0.23,105.78,85.99,20.96
2026-05-20 00:40:00,0,250.0,-290.0,-1.61,30.66,37.18,275.09,0.17,119.01,88.96,18.71
2026-05-20 00:45:00,0,250.0,-290.0,-1.61,30.89,39.21,307.66,0.13,137.5,93.86,19.15
2026-05-20 00:50:00,0,250.0,-290.0,-1.61,30.54,39.87,242.06,0.25,118.51,89.95,18.34
2026-05-20 00:55:00,0,250.0,-290.0,-1.61,30.83,39.6,312.62,0.12,157.48,99.28,18.94
2026-05-20 01:00:00,0,250.0,-290.0,-1.61,31.78,42.56,272.49,0.17,132.42,93.88,19.39
2026-05-20 01:05:00,0,250.0,-290.0,-1.61,31.31,40.82,279.56,0.16,137.63,94.51,18.35
2026-05-20 01:10:00,0,250.0,-290.0,-1.61,32.07,40.37,167.73,0.43,76.96,83.18,19.38
2026-05-20 01:15:00,0,250.0,-290.0,-1.61,30.67,41.41,285.39,0.15,138.77,94.98,18.01
2026-05-20 01:20:00,0,250.0,-290.0,-1.61,31.1,41.39,347.49,0.1,174.65,105.0,18.13
2026-05-20 01:25:00,0,250.0,-290.0,-1.61,31.27,41.59,317.76,0.13,139.51,95.19,17.12
2026-05-20 01:30:00,0,250.0,-290.0,-1.61,31.62,44.36,268.65,0.2,132.46,94.57,18.45
2026-05-20 01:35:00,0,250.0,-290.0,-1.61,31.21,45.81,280.52,0.19,137.32,114.22,16.97
2026-05-20 01:40:00,0,250.0,-290.0,-1.61,31.18,40.95,187.5,0.39,86.53,84.71,17.55
2026-05-20 01:45:00,0,250.0,-290.0,-1.61,32.09,41.49,229.88,0.24,110.03,88.76,15.65
2026-05-20 01:50:00,0,250.0,-290.0,-1.61,31.25,45.0,342.8,0.12,165.85,103.6,16.37
2026-05-20 01:55:00,0,250.0,-290.0,-1.61,31.77,41.55,248.41,0.21,124.82,91.85,16.86
2026-05-20 02:00:00,0,250.0,-290.0,-1.61,32.65,49.01,239.31,0.25,115.49,92.52,18.05
2026-05-20 02:05:00,0,250.0,-290.0,-1.61,32.44,43.93,171.57,0.47,81.73,85.19,15.96
2026-05-20 02:10:00,0,250.0,-290.0,-1.61,31.61,44.84,263.39,0.21,128.44,108.99,16.24
2026-05-20 02:15:00,0,250.0,-290.0,-1.61,32.05,44.7,199.27,0.38,96.36,87.62,16.11
2026-05-20 02:20:00,0,250.0,-290.0,-1.61,31.91,45.87,300.63,0.15,138.14,96.39,16.28
2026-05-20 02:25:00,0,250.0,-290.0,-1.61,33.29,47.47,203.88,0.35,100.2,89.21,16.43
2026-05-20 02:30:00,0,250.0,-290.0,-1.61,32.79,44.75,184.8,0.44,87.83,86.35,14.69
2026-05-20 02:35:00,0,250.0,-290.0,-1.61,32.66,42.65,304.68,0.16,148.42,97.93,16.92
2026-05-20 02:40:00,0,250.0,-290.0,-1.61,33.14,44.34,140.45,0.75,64.71,83.65,15.18
2026-05-20 02:45:00,0,250.0,-290.0,-1.61,33.5,44.39,286.28,0.18,130.57,114.63,15.6
2026-05-20 02:50:00,0,250.0,-290.0,-1.61,32.67,45.56,270.94,0.2,129.86,94.38,14.98
2026-05-20 02:55:00,0,250.0,-290.0,-1.61,33.26,40.02,261.89,0.19,115.96,89.35,14.45
2026-05-20 03:00:00,0,250.0,-290.0,-1.61,32.45,43.11,167.92,0.51,79.12,84.6,14.98
2026-05-20 03:05:00,0,250.0,-290.0,-1.61,32.97,39.83,160.61,0.53,74.28,82.83,15.1
2026-05-20 03:10:00,0,250.0,-290.0,-1.61,33.94,41.87,304.26,0.15,148.33,97.62,13.8
2026-05-20 03:15:00,0,250.0,-290.0,-1.61,33.67,40.7,225.61,0.26,108.02,88.13,14.45
2026-05-20 03:20:00,0,250.0,-290.0,-1.61,33.13,44.39,220.58,0.28,104.35,88.76,14.43
2026-05-20 03:25:00,0,250.0,-290.0,-1.61,32.63,42.93,227.16,0.28,112.26,89.79,13.98
2026-05-20 03:30:00,0,250.0,-290.0,-1.61,33.91,40.37,303.75,0.13,143.59,95.81,13.56
2026-05-20 03:35:00,0,250.0,-290.0,-1.61,33.24,40.08,298.82,0.15,137.54,94.21,14.66
2026-05-20 03:40:00,0,250.0,-290.0,-1.61,33.97,40.96,265.55,0.2,122.79,91.17,14.75
2026-05-20 03:45:00,0,250.0,-290.0,-1.61,33.5,38.9,259.32,0.18,127.77,91.53,13.19
2026-05-20 03:50:00,0,250.0,-290.0,-1.61,33.73,40.52,215.06,0.28,111.48,88.79,14.95
2026-05-20 03:55:00,0,250.0,-290.0,-1.61,35.22,36.24,176.28,0.37,83.64,82.59,13.36
2026-05-20 04:00:00,0,250.0,-290.0,-1.61,34.4,37.88,274.46,0.15,124.07,90.28,12.81
2026-05-20 04:05:00,0,250.0,-290.0,-1.61,34.04,34.88,243.43,0.18,121.08,88.63,14.07
2026-05-20 04:10:00,0,250.0,-290.0,-1.61,34.63,36.69,191.3,0.31,94.34,84.34,14.54
2026-05-20 04:15:00,0,250.0,-290.0,-1.61,35.05,34.83,166.4,0.38,81.92,81.85,12.9
2026-05-20 04:20:00,0,250.0,-290.0,-1.61,34.79,35.37,202.31,0.27,97.95,84.42,13.58
2026-05-20 04:25:00,0,250.0,-290.0,-1.61,35.09,32.56,239.5,0.18,115.61,86.65,11.59
2026-05-20 04:30:00,0,250.0,-290.0,-1.61,35.43,35.71,266.65,0.16,124.37,89.61,12.8
2026-05-20 04:35:00,0,250.0,-290.0,-1.61,36.59,30.34,366.72,0.07,172.87,100.52,13.25
2026-05-20 04:40:00,0,250.0,-290.0,-1.61,36.11,31.48,294.95,0.12,146.22,93.37,12.9
2026-05-20 04:45:00,0,250.0,-290.0,-1.61,35.61,34.05,306.53,0.11,142.94,93.39,11.17
2026-05-20 04:50:00,0,250.0,-290.0,-1.61,35.06,32.14,174.32,0.38,84.84,81.35,10.7
2026-05-20 04:55:00,0,250.0,-290.0,-1.61,35.86,31.75,218.11,0.21,108.48,84.99,12.38
2026-05-20 05:00:00,0,250.0,-290.0,-1.61,36.15,29.93,255.63,0.14,115.53,85.64,10.71
2026-05-20 05:05:00,0,250.0,-290.0,-1.61,36.36,29.71,280.68,0.12,143.46,92.03,13.1
2026-05-20 05:10:00,0,250.0,-290.0,-1.61,36.53,26.34,266.73,0.13,126.26,86.69,12.23
2026-05-20 05:15:00,0,250.0,-290.0,-1.61,36.61,28.29,276.23,0.12,121.6,86.32,10.86
2026-05-20 05:20:00,0,250.0,-290.0,-1.61,36.77,27.21,217.68,0.19,97.01,81.24,11.26
2026-05-20 05:25:00,0,250.0,-290.0,-1.61,37.4,26.23,304.13,0.09,137.1,89.15,9.85
2026-05-20 05:30:00,0,250.0,-290.0,-1.61,37.23,24.27,256.5,0.11,117.24,83.95,10.93
2026-05-20 05:35:00,0,250.0,-290.0,-1.61,36.91,25.38,166.27,0.28,79.13,77.95,10.43
2026-05-20 05:40:00,0,250.0,-290.0,-1.61,37.32,23.64,209.26,0.18,93.82,79.43,11.29
2026-05-20 05:45:00,0,250.0,-290.0,-1.61,36.72,23.99,218.55,0.17,107.74,82.05,12.07
2026-05-20 05:50:00,0,250.0,-290.0,-1.61,38.35,22.42,232.1,0.13,107.85,81.45,9.68
2026-05-20 05:55:00,0,250.0,-290.0,-1.61,38.27,22.29,338.12,0.05,159.75,93.74,10.82
2026-05-20 06:00:00,0,250.0,-290.0,-1.61,38.44,20.1,259.16,0.09,123.87,83.89,8.9
2026-05-20 06:05:00,0,250.0,-290.0,-1.61,37.63,21.71,250.55,0.11,128.01,85.43,9.62
2026-05-20 06:10:00,0,250.0,-290.0,-1.61,39.45,20.79,229.07,0.13,108.55,81.02,11.35
2026-05-20 06:15:00,0,250.0,-290.0,-1.61,39.14,19.57,192.16,0.17,90.57,77.45,9.43
2026-05-20 06:20:00,0,250.0,-290.0,-1.61,38.59,20.83,270.1,0.09,127.04,84.87,8.76
2026-05-20 06:25:00,0,250.0,-290.0,-1.61,39.05,18.23,233.24,0.11,108.92,80.15,10.51
2026-05-20 06:30:00,0,250.0,-290.0,-1.61,38.97,15.34,149.72,0.22,67.38,72.77,9.0
2026-05-20 06:35:00,0,250.0,-290.0,-1.61,39.67,17.2,261.26,0.08,127.03,83.58,9.2
2026-05-20 06:40:00,0,250.0,-290.0,-1.61,38.91,13.96,189.9,0.11,95.28,76.15,9.57
2026-05-20 06:45:00,0,250.0,-290.0,-1.61,39.63,16.62,284.18,0.07,138.38,86.06,8.61
2026-05-20 06:50:00,0,250.0,-290.0,-1.61,39.16,12.54,178.59,0.12,83.57,73.79,8.87
2026-05-20 06:55:00,0,250.0,-290.0,-1.61,39.57,18.32,305.98,0.06,144.01,88.07,10.36
2026-05-20 07:00:00,0,250.0,-290.0,-1.61,39.64,8.46,213.16,0.06,99.11,89.1,9.13
2026-05-20 07:05:00,0,250.0,-290.0,-1.61,40.13,7.33,249.41,0.04,109.7,76.35,7.45
2026-05-20 07:10:00,0,250.0,-290.0,-1.61,40.7,6.09,206.69,0.04,98.98,73.9,8.91
2026-05-20 07:15:00,0,250.0,-290.0,-1.61,40.51,7.8,303.77,0.03,139.19,83.1,8.62
2026-05-20 07:20:00,0,250.0,-290.0,-1.61,40.41,5.36,294.81,0.02,141.14,82.72,7.95
2026-05-20 07:25:00,0,250.0,-290.0,-1.61,41.3,6.7,280.21,0.03,132.57,81.1,9.25
2026-05-20 07:30:00,0,250.0,-290.0,-1.61,40.28,6.0,296.71,0.02,134.99,81.41,6.62
2026-05-20 07:35:00,0,250.0,-290.0,-1.61,41.13,6.0,280.64,0.02,131.29,80.53,7.95
2026-05-20 07:40:00,0,250.0,-290.0,-1.61,41.78,5.63,288.07,0.02,133.36,96.5,7.35
2026-05-20 07:45:00,0,250.0,-290.0,-1.61,41.29,7.37,263.55,0.03,124.32,79.43,8.46
2026-05-20 07:50:00,0,250.0,-290.0,-1.61,41.47,5.77,222.64,0.04,104.02,74.71,7.25
2026-05-20 07:55:00,0,250.0,-290.0,-1.61,41.42,5.78,161.73,0.07,73.65,69.92,7.89
2026-05-20 08:00:00,0,250.0,-290.0,-1.61,41.06,5.29,265.65,0.02,119.05,77.52,8.05
2026-05-20 08:05:00,0,250.0,-290.0,-1.61,41.33,6.2,306.67,0.02,152.07,85.9,7.47
2026-05-20 08:10:00,0,250.0,-290.0,-1.61,40.76,4.36,223.11,0.03,105.98,74.57,9.44
2026-05-20 08:15:00,0,250.0,-290.0,-1.61,41.51,3.63,213.54,0.02,97.25,72.7,6.37
2026-05-20 08:20:00,0,250.0,-290.0,-1.61,42.02,4.3,336.78,0.01,163.86,88.57,7.37
2026-05-20 08:25:00,0,250.0,-290.0,-1.61,42.06,6.51,253.76,0.03,122.81,96.86,7.41
2026-05-20 08:30:00,0,250.0,-290.0,-1.61,42.18,6.0,252.88,0.03,117.48,77.46,4.51
2026-05-20 08:35:00,0,250.0,-290.0,-1.61,42.58,6.41,215.15,0.04,100.26,74.25,8.05
2026-05-20 08:40:00,0,250.0,-290.0,-1.61,42.36,6.11,281.64,0.03,133.0,81.0,4.98
2026-05-20 08:45:00,0,250.0,-290.0,-1.61,42.37,6.21,208.39,0.05,101.79,74.48,5.81
2026-05-20 08:50:00,0,250.0,-290.0,-1.61,42.45,6.44,302.78,0.02,150.16,85.47,5.59
2026-05-20 08:55:00,0,250.0,-290.0,-1.61,43.08,6.93,182.73,0.07,84.02,71.8,5.44
2026-05-20 09:00:00,0,250.0,-290.0,-1.61,43.12,6.95,296.57,0.02,148.15,85.11,6.31
2026-05-20 09:05:00,0,250.0,-290.0,-1.61,44.27,6.42,228.02,0.04,108.67,75.84,6.88
2026-05-20 09:10:00,0,250.0,-290.0,-1.61,43.73,6.19,273.43,0.03,139.03,82.5,5.27
2026-05-20 09:15:00,0,250.0,-290.0,-1.61,43.15,6.84,249.63,0.03,123.39,79.04,4.89
2026-05-20 09:20:00,0,250.0,-290.0,-1.61,43.69,7.33,135.73,0.12,67.03,69.73,3.99
2026-05-20 09:25:00,0,250.0,-290.0,-1.61,43.52,7.25,155.31,0.1,76.87,70.94,4.55
2026-05-20 09:30:00,0,250.0,-290.0,-1.61,44.0,7.69,211.31,0.05,96.57,74.07,8.03
2026-05-20 09:35:00,0,250.0,-290.0,-1.61,42.98,6.26,227.08,0.04,107.31,75.51,4.93
2026-05-20 09:40:00,0,250.0,-290.0,-1.61,43.87,7.34,323.61,0.02,149.24,85.54,4.51
2026-05-20 09:45:00,0,250.0,-290.0,-1.61,43.96,5.23,267.21,0.02,120.98,77.93,3.79
2026-05-20 09:50:00,0,250.0,-290.0,-1.61,43.75,4.32,203.87,0.04,98.47,73.2,4.01
2026-05-20 09:55:00,0,250.0,-290.0,-1.61,43.78,5.14,278.5,0.02,132.84,80.6,4.3
2026-05-20 10:00:00,0,250.0,-290.0,-1.61,44.61,4.64,193.11,0.04,90.96,72.03,3.15
2026-05-20 10:05:00,0,250.0,-290.0,-1.61,45.28,4.88,362.07,0.01,169.52,90.48,3.14
2026-05-20 10:10:00,0,250.0,-290.0,-1.61,44.06,4.32,278.3,0.02,139.82,82.03,5.25
2026-05-20 10:15:00,0,250.0,-290.0,-1.61,44.81,4.69,260.24,0.02,129.8,79.73,6.75
2026-05-20 10:20:00,0,250.0,-290.0,-1.61,44.94,4.7,241.71,0.02,113.61,76.19,4.03
2026-05-20 10:25:00,0,250.0,-290.0,-1.61,44.07,4.68,206.65,0.03,100.48,73.67,3.68
2026-05-20 10:30:00,0,250.0,-290.0,-1.61,44.72,4.25,184.8,0.04,88.58,71.51,4.62
2026-05-20 10:35:00,0,250.0,-290.0,-1.61,44.4,4.55,279.35,0.02,139.21,81.96,6.14
2026-05-20 10:40:00,0,250.0,-290.0,-1.61,44.88,5.08,268.68,0.02,130.09,79.93,3.12
2026-05-20 10:45:00,0,250.0,-290.0,-1.61,44.52,4.93,220.19,0.03,105.54,74.69,3.37
2026-05-20 10:50:00,0,250.0,-290.0,-1.61,44.65,4.83,188.5,0.04,86.2,71.34,4.96
2026-05-20 10:55:00,0,250.0,-290.0,-1.61,44.79,4.8,251.55,0.02,114.88,76.48,2.92
2026-05-20 11:00:00,0,250.0,-290.0,-1.61,44.31,4.42,313.95,0.02,141.51,82.49,2.93
2026-05-20 11:05:00,0,250.0,-290.0,-1.61,44.94,4.91,242.72,0.02,126.0,78.93,2.83
2026-05-20 11:10:00,0,250.0,-290.0,-1.61,44.35,4.77,242.84,0.02,113.28,76.14,3.4
2026-05-20 11:15:00,0,250.0,-290.0,-1.61,45.39,4.25,306.42,0.01,147.92,84.09,1.98
2026-05-20 11:20:00,0,250.0,-290.0,-1.61,45.77,4.72,305.03,0.02,144.23,83.3,3.24
2026-05-20 11:25:00,0,250.0,-290.0,-1.61,45.58,4.51,215.56,0.03,102.57,73.99,3.58
2026-05-20 11:30:00,0,250.0,-290.0,-1.61,45.74,4.02,258.94,0.02,130.04,79.55,1.22
2026-05-20 11:35:00,0,250.0,-290.0,-1.61,44.87,3.0,221.7,0.02,106.52,74.19,1.95
2026-05-20 11:40:00,0,250.0,-290.0,-1.61,45.15,2.95,223.05,0.02,105.55,73.99,2.95
2026-05-20 11:45:00,0,250.0,-290.0,-1.61,44.81,2.89,282.71,0.01,136.77,98.22,2.13
2026-05-20 11:50:00,0,250.0,-290.0,-1.61,45.03,2.84,227.04,0.02,105.39,73.91,1.67
2026-05-20 11:55:00,0,250.0,-290.0,-1.61,44.44,2.78,278.42,0.01,136.51,80.65,1.64
2026-05-20 12:00:00,0,250.0,-290.0,-1.61,45.88,2.56,209.22,0.02,97.88,72.45,2.12
2026-05-20 12:05:00,0,250.0,-290.0,-1.61,45.8,2.58,204.73,0.02,93.03,71.62,2.4
2026-05-20 12:10:00,0,250.0,-290.0,-1.61,44.81,2.2,286.9,0.01,140.87,81.53,2.56
2026-05-20 12:15:00,0,250.0,-290.0,-1.61,44.8,2.1,243.81,0.01,121.23,76.87,1.88
2026-05-20 12:20:00,0,250.0,-290.0,-1.61,45.6,2.04,282.98,0.01,138.56,80.9,0.82
2026-05-20 12:25:00,0,250.0,-290.0,-1.61,44.81,1.78,341.54,0.01,162.49,103.57,1.5
2026-05-20 12:30:00,0,250.0,-290.0,-1.61,44.83,1.45,273.37,0.01,134.15,79.61,0.32
2026-05-20 12:35:00,0,250.0,-290.0,-1.61,45.25,1.34,242.06,0.01,108.88,74.05,1.97
2026-05-20 12:40:00,0,250.0,-290.0,-1.61,43.99,1.22,254.21,0.01,123.22,76.99,0.0
2026-05-20 12:45:00,0,250.0,-290.0,-1.61,45.25,0.99,271.0,0.0,133.15,88.89,0.99
2026-05-20 12:50:00,0,250.0,-290.0,-1.61,43.89,0.87,229.39,0.01,101.7,72.52,1.78
2026-05-20 12:55:00,0,250.0,-290.0,-1.61,44.91,0.68,225.82,0.0,104.81,73.01,0.81
2026-05-20 13:00:00,0,250.0,-290.0,-1.61,44.91,0.45,216.4,0.0,103.32,72.65,0.0
2026-05-20 13:05:00,0,250.0,-290.0,-1.61,44.59,0.25,363.63,0.0,171.38,89.41,0.0
2026-05-20 13:10:00,0,250.0,-290.0,-1.61,44.53,0.01,304.08,0.0,140.36,80.62,0.14
2026-05-20 13:15:00,0,250.0,-290.0,-1.61,43.72,0.0,210.66,0.0,98.27,71.57,0.09
2026-05-20 13:20:00,0,250.0,-290.0,-1.61,44.12,0.0,178.02,0.0,89.0,70.01,1.7
2026-05-20 13:25:00,0,250.0,-290.0,-1.61,43.93,0.0,243.31,0.0,115.45,74.88,1.88
2026-05-20 13:30:00,0,250.0,-290.0,-1.61,45.03,0.0,263.0,0.0,127.99,77.63,1.48
2026-05-20 13:35:00,0,250.0,-290.0,-1.61,43.11,0.0,246.94,0.0,117.7,90.49,0.65
2026-05-20 13:40:00,0,250.0,-290.0,-1.61,44.53,0.0,298.9,0.0,157.01,85.07,0.48
2026-05-20 13:45:00,0,250.0,-290.0,-1.61,43.18,0.0,261.9,0.0,117.63,75.33,0.0
2026-05-20 13:50:00,0,250.0,-290.0,-1.61,44.03,0.0,181.19,0.0,85.03,69.39,0.0
2026-05-20 13:55:00,0,250.0,-290.0,-1.61,43.97,0.0,253.0,0.0,116.48,75.09,0.0
2026-05-20 14:00:00,0,250.0,-290.0,-1.61,44.19,0.0,273.14,0.0,127.76,77.57,1.94
2026-05-20 14:05:00,0,250.0,-290.0,-1.61,43.73,0.0,236.6,0.0,112.99,74.37,0.0
2026-05-20 14:10:00,0,250.0,-290.0,-1.61,44.81,0.0,242.39,0.0,118.37,75.49,0.0
2026-05-20 14:15:00,0,250.0,-290.0,-1.61,43.12,0.0,237.64,0.0,120.56,75.96,0.6
2026-05-20 14:20:00,0,250.0,-290.0,-1.61,43.82,0.0,246.37,0.0,123.24,76.55,0.0
2026-05-20 14:25:00,0,250.0,-290.0,-1.61,43.2,0.0,270.76,0.0,122.68,76.43,0.0
2026-05-20 14:30:00,0,250.0,-290.0,-1.61,42.82,0.0,264.4,0.0,129.55,77.99,0.51
2026-05-20 14:35:00,0,250.0,-290.0,-1.61,43.56,0.0,269.67,0.0,120.02,75.85,0.96
2026-05-20 14:40:00,0,250.0,-290.0,-1.61,43.24,0.0,323.67,0.0,154.57,84.38,0.0
2026-05-20 14:45:00,0,250.0,-290.0,-1.61,43.7,0.0,308.8,0.0,148.28,82.67,1.5
2026-05-20 14:50:00,0,250.0,-290.0,-1.61,43.13,0.0,238.09,0.0,107.98,73.37,1.17
2026-05-20 14:55:00,0,250.0,-290.0,-1.61,42.69,0.0,210.61,0.0,103.28,72.48,0.83
2026-05-20 15:00:00,0,250.0,-290.0,-1.61,43.09,0.0,319.8,0.0,160.96,86.2,0.27
2026-05-20 15:05:00,0,250.0,-290.0,-1.61,43.06,0.0,303.51,0.0,156.97,85.06,0.0
2026-05-20 15:10:00,0,250.0,-290.0,-1.61,42.6,0.0,191.64,0.0,93.79,70.8,0.0
2026-05-20 15:15:00,0,250.0,-290.0,-1.61,42.42,0.0,186.86,0.0,82.67,69.03,0.0
2026-05-20 15:20:00,0,250.0,-290.0,-1.61,43.31,0.0,302.52,0.0,136.26,79.59,0.0
2026-05-20 15:25:00,0,250.0,-290.0,-1.61,43.43,0.0,253.98,0.0,122.23,76.33,0.0
2026-05-20 15:30:00,0,250.0,-290.0,-1.61,41.77,0.0,235.74,0.0,117.71,75.35,0.0
2026-05-20 15:35:00,0,250.0,-290.0,-1.61,41.79,0.0,169.95,0.0,77.46,68.28,97.2
2026-05-20 15:40:00,0,250.0,-290.0,-1.61,41.92,86.64,189.1,0.8,87.24,101.65,97.9
2026-05-20 15:45:00,0,250.0,-290.0,-1.61,42.16,82.99,283.54,0.32,128.96,107.53,99.56
2026-05-20 15:50:00,0,250.0,-290.0,-1.61,40.95,86.2,270.76,0.38,127.83,108.51,97.79
2026-05-20 15:55:00,0,250.0,-290.0,-1.61,41.64,82.92,213.06,0.58,104.9,102.96,97.57
2026-05-20 16:00:00,0,250.0,-290.0,-1.61,41.16,80.82,217.21,0.54,95.45,100.44,96.44
2026-05-20 16:05:00,0,250.0,-290.0,-1.61,41.1,78.12,227.89,0.49,106.31,101.37,98.26
2026-05-20 16:10:00,0,250.0,-290.0,-1.61,41.05,71.68,321.8,0.23,153.89,109.74,98.05
2026-05-20 16:15:00,0,250.0,-290.0,-1.61,40.96,75.47,284.65,0.29,145.14,108.83,97.54
2026-05-20 16:20:00,0,250.0,-290.0,-1.61,41.65,70.59,297.96,0.25,142.66,106.4,97.45
2026-05-20 16:25:00,0,250.0,-290.0,-1.61,40.66,75.97,316.53,0.23,149.07,109.92,95.87
2026-05-20 16:30:00,0,250.0,-290.0,-1.61,41.64,70.69,285.95,0.27,132.53,103.97,96.71
2026-05-20 16:35:00,0,250.0,-290.0,-1.61,39.97,71.51,200.28,0.61,97.01,97.59,96.6
2026-05-20 16:40:00,0,250.0,-290.0,-1.61,40.58,71.16,173.59,0.77,77.87,94.78,97.79
2026-05-20 16:45:00,0,250.0,-290.0,-1.61,40.28,66.84,239.06,0.38,116.69,99.28,94.63
2026-05-20 16:50:00,0,250.0,-290.0,-1.61,39.74,66.08,292.11,0.23,136.94,117.33,95.36
2026-05-20 16:55:00,0,250.0,-290.0,-1.61,40.16,62.14,317.25,0.2,153.26,106.16,96.22
2026-05-20 17:00:00,0,250.0,-290.0,-1.61,39.69,62.75,170.35,0.68,79.8,91.93,96.13
2026-05-20 17:05:00,0,250.0,-290.0,-1.61,40.26,62.0,199.45,0.48,89.27,92.71,96.69
2026-05-20 17:10:00,0,250.0,-290.0,-1.61,40.83,64.41,228.41,0.38,108.9,96.85,95.33
2026-05-20 17:15:00,0,250.0,-290.0,-1.61,39.45,40.83,253.45,0.2,126.72,92.02,95.09
2026-05-20 17:20:00,0,250.0,-290.0,-1.61,39.37,48.58,270.41,0.22,124.46,94.26,95.92
2026-05-20 17:25:00,0,250.0,-290.0,-1.61,39.08,42.11,275.89,0.17,135.58,94.49,95.9
2026-05-20 17:30:00,0,250.0,-290.0,-1.61,39.0,35.3,312.63,0.12,145.47,94.51,94.65
2026-05-20 17:35:00,0,250.0,-290.0,-1.61,39.17,39.66,230.87,0.23,110.85,88.27,94.06
2026-05-20 17:40:00,0,250.0,-290.0,-1.61,38.38,31.51,230.21,0.18,106.18,84.4,95.27
2026-05-20 17:45:00,0,250.0,-290.0,-1.61,38.28,33.04,268.32,0.14,122.19,88.15,92.61
2026-05-20 17:50:00,0,250.0,-290.0,-1.61,38.48,29.35,237.47,0.18,116.58,85.74,94.01
2026-05-20 17:55:00,0,250.0,-290.0,-1.61,38.52,28.21,254.1,0.13,117.54,85.44,94.0
2026-05-20 18:00:00,0,250.0,-290.0,-1.61,37.33,26.68,291.11,0.1,138.91,89.77,93.81
2026-05-20 18:05:00,0,250.0,-290.0,-1.61,37.92,25.79,157.31,0.33,73.34,77.4,94.57
2026-05-20 18:10:00,0,250.0,-290.0,-1.61,38.14,26.95,267.41,0.12,121.36,85.8,93.82
2026-05-20 18:15:00,0,250.0,-290.0,-1.61,38.03,25.17,325.83,0.07,145.13,90.78,93.24
2026-05-20 18:20:00,0,250.0,-290.0,-1.61,37.14,28.62,268.17,0.12,131.96,88.8,93.83
2026-05-20 18:25:00,0,250.0,-290.0,-1.61,37.29,20.32,212.52,0.15,108.99,80.97,94.25
2026-05-20 18:30:00,0,250.0,-290.0,-1.61,37.3,20.25,305.45,0.07,139.33,87.57,93.02
2026-05-20 18:35:00,0,250.0,-290.0,-1.61,37.23,19.8,273.72,0.08,124.7,100.82,93.77
2026-05-20 18:40:00,0,250.0,-290.0,-1.61,36.54,20.03,257.95,0.09,131.84,85.7,92.34
2026-05-20 18:45:00,0,250.0,-290.0,-1.61,37.35,19.8,274.72,0.08,135.13,86.39,92.6
2026-05-20 18:50:00,0,250.0,-290.0,-1.61,37.46,19.24,250.81,0.09,116.5,82.0,92.84
2026-05-20 18:55:00,0,250.0,-290.0,-1.61,36.01,15.59,283.77,0.06,137.89,85.55,92.39
2026-05-20 19:00:00,0,250.0,-290.0,-1.61,36.83,15.38,265.43,0.07,127.57,83.04,92.7
2026-05-20 19:05:00,0,250.0,-290.0,-1.61,36.0,14.26,260.94,0.06,136.76,84.81,91.95
2026-05-20 19:10:00,0,250.0,-290.0,-1.61,36.09,16.61,251.82,0.07,114.68,80.66,90.42
2026-05-20 19:15:00,0,250.0,-290.0,-1.61,35.82,12.74,260.34,0.06,128.04,82.2,91.05
2026-05-20 19:20:00,0,250.0,-290.0,-1.61,35.64,12.03,201.86,0.1,94.03,75.23,90.19
2026-05-20 19:25:00,0,250.0,-290.0,-1.61,35.29,13.56,250.3,0.06,121.1,80.93,92.71
2026-05-20 19:30:00,0,250.0,-290.0,-1.61,35.57,13.1,243.87,0.07,117.83,80.09,92.11
2026-05-20 19:35:00,0,250.0,-290.0,-1.61,34.83,11.72,204.58,0.09,102.7,76.64,92.1
2026-05-20 19:40:00,0,250.0,-290.0,-1.61,35.11,10.24,227.6,0.07,102.77,76.1,91.14
2026-05-20 19:45:00,0,250.0,-290.0,-1.61,35.09,10.52,273.94,0.05,132.31,82.4,91.54
2026-05-20 19:50:00,0,250.0,-290.0,-1.61,34.4,13.2,230.91,0.07,103.96,77.35,93.1
2026-05-20 19:55:00,0,250.0,-290.0,-1.61,34.11,13.67,267.18,0.06,123.85,81.57,93.33
2026-05-20 20:00:00,0,250.0,-290.0,-1.61,34.56,12.37,239.95,0.07,108.64,77.96,91.85
2026-05-20 20:05:00,0,250.0,-290.0,-1.61,34.69,8.87,280.78,0.04,139.28,83.51,90.18
2026-05-20 20:10:00,0,250.0,-290.0,-1.61,33.8,14.13,279.94,0.06,139.29,85.39,90.52
2026-05-20 20:15:00,0,250.0,-290.0,-1.61,34.18,12.84,299.81,0.04,136.9,84.31,89.87
2026-05-20 20:20:00,0,250.0,-290.0,-1.61,34.32,13.4,253.69,0.07,110.37,78.66,89.56
2026-05-20 20:25:00,0,250.0,-290.0,-1.61,34.51,13.95,357.04,0.04,171.77,94.38,90.98
2026-05-20 20:30:00,0,250.0,-290.0,-1.61,34.12,10.3,299.62,0.04,147.8,86.21,90.76
2026-05-20 20:35:00,0,250.0,-290.0,-1.61,33.71,8.87,264.22,0.04,128.35,80.87,90.15
2026-05-20 20:40:00,0,250.0,-290.0,-1.61,33.72,12.59,278.25,0.05,120.83,80.51,88.82
2026-05-20 20:45:00,0,250.0,-290.0,-1.61,33.34,10.9,262.59,0.05,127.99,81.52,89.91
2026-05-20 20:50:00,0,250.0,-290.0,-1.61,32.99,10.56,252.59,0.05,118.45,79.28,90.55
2026-05-20 20:55:00,0,250.0,-290.0,-1.61,32.54,10.9,261.14,0.05,124.49,80.72,89.41
2026-05-20 21:00:00,0,250.0,-290.0,-1.61,32.22,12.76,274.31,0.05,133.84,83.55,88.06
2026-05-20 21:05:00,0,250.0,-290.0,-1.61,32.24,13.69,281.12,0.05,130.38,83.05,89.89
2026-05-20 21:10:00,0,250.0,-290.0,-1.61,33.55,13.52,225.3,0.1,102.26,77.21,89.64
2026-05-20 21:15:00,0,250.0,-290.0,-1.61,31.89,16.15,218.97,0.11,106.15,78.87,88.01
2026-05-20 21:20:00,0,250.0,-290.0,-1.61,32.76,15.81,282.8,0.06,133.44,84.54,88.59
2026-05-20 21:25:00,0,250.0,-290.0,-1.61,32.01,15.05,274.3,0.07,123.84,82.07,88.83
2026-05-20 21:30:00,0,250.0,-290.0,-1.61,32.58,14.29,266.79,0.07,122.81,81.58,90.1
2026-05-20 21:35:00,0,250.0,-290.0,-1.61,31.63,16.33,237.03,0.09,119.52,81.61,89.53
2026-05-20 21:40:00,0,250.0,-290.0,-1.61,31.71,16.16,176.33,0.17,78.87,74.45,88.06
2026-05-20 21:45:00,0,250.0,-290.0,-1.61,31.9,16.33,294.06,0.06,143.94,87.34,87.83
2026-05-20 21:50:00,0,250.0,-290.0,-1.61,32.25,17.11,257.74,0.08,115.39,80.99,87.65
2026-05-20 21:55:00,0,250.0,-290.0,-1.61,32.13,13.61,157.64,0.17,79.34,73.63,89.46
2026-05-20 22:00:00,0,250.0,-290.0,-1.61,32.03,15.48,236.02,0.09,111.35,79.62,87.82
2026-05-20 22:05:00,0,250.0,-290.0,-1.61,32.4,17.82,348.14,0.05,162.93,93.09,86.94
2026-05-20 22:10:00,0,250.0,-290.0,-1.61,31.2,17.19,287.31,0.06,133.96,85.15,87.69
2026-05-20 22:15:00,0,250.0,-290.0,-1.61,32.22,17.58,242.01,0.09,110.05,80.09,86.46
2026-05-20 22:20:00,0,250.0,-290.0,-1.61,31.22,18.36,278.04,0.08,133.98,85.6,88.73
2026-05-20 22:25:00,0,250.0,-290.0,-1.61,31.58,18.29,273.73,0.08,125.97,83.7,86.83
2026-05-20 22:30:00,0,250.0,-290.0,-1.61,31.16,22.33,303.36,0.08,137.2,87.78,88.38
2026-05-20 22:35:00,0,250.0,-290.0,-1.61,32.07,20.21,326.21,0.06,157.12,92.27,87.68
2026-05-20 22:40:00,0,250.0,-290.0,-1.61,32.55,21.5,306.79,0.07,147.53,90.11,87.26
2026-05-20 22:45:00,0,250.0,-290.0,-1.61,32.06,21.0,231.21,0.11,107.58,80.84,85.63
2026-05-20 22:50:00,0,250.0,-290.0,-1.61,31.53,20.14,269.48,0.09,125.04,84.16,87.17
2026-05-20 22:55:00,0,250.0,-290.0,-1.61,30.04,22.58,211.46,0.17,99.55,80.02,85.16
2026-05-20 23:00:00,0,250.0,-290.0,-1.61,31.18,21.8,236.14,0.14,104.57,80.61,86.51
2026-05-20 23:05:00,0,250.0,-290.0,-1.61,31.02,25.11,221.2,0.16,103.52,81.61,86.57
2026-05-20 23:10:00,0,250.0,-290.0,-1.61,30.6,25.54,253.41,0.12,122.28,85.49,86.17
2026-05-20 23:15:00,0,250.0,-290.0,-1.61,30.48,23.24,248.37,0.13,111.46,82.43,85.59
2026-05-20 23:20:00,0,250.0,-290.0,-1.61,31.72,24.04,286.36,0.09,131.12,86.93,86.42
2026-05-20 23:25:00,0,250.0,-290.0,-1.61,30.62,24.47,285.54,0.1,147.68,91.25,86.92
2026-05-20 23:30:00,0,250.0,-290.0,-1.61,30.79,25.55,251.58,0.14,111.59,83.29,84.07
2026-05-20 23:35:00,0,250.0,-290.0,-1.61,30.88,27.5,246.29,0.14,111.6,83.97,86.25
2026-05-20 23:40:00,0,250.0,-290.0,-1.61,30.8,26.56,240.6,0.15,111.56,83.66,85.14
2026-05-20 23:45:00,0,250.0,-290.0,-1.61,30.33,27.36,237.84,0.15,105.85,82.82,84.44
2026-05-20 23:50:00,0,250.0,-290.0,-1.61,31.89,31.18,224.01,0.2,110.66,85.19,86.55
2026-05-20 23:55:00,0,250.0,-290.0,-1.61,31.04,30.04,250.24,0.13,118.17,86.2,85.01
2026-05-21 00:00:00,0,685.0,350.0,0.0,30.69,29.1,291.52,0.11,138.12,90.43,85.5
2026-05-21 00:05:00,0,685.0,350.0,0.0,30.46,29.75,205.69,0.22,95.52,81.92,85.78
2026-05-21 00:10:00,0,685.0,350.0,0.0,31.32,30.26,288.85,0.13,134.29,89.94,84.36
2026-05-21 00:15:00,0,685.0,350.0,0.0,30.28,29.9,315.67,0.09,147.48,93.08,84.37
2026-05-21 00:20:00,0,685.0,350.0,0.0,30.22,30.62,315.68,0.1,143.1,92.2,84.02
2026-05-21 00:25:00,0,685.0,350.0,0.0,30.24,30.12,247.93,0.15,113.3,85.25,83.57
2026-05-21 00:30:00,0,685.0,350.0,0.0,30.53,31.92,259.78,0.14,121.87,87.68,84.94
2026-05-21 00:35:00,0,685.0,350.0,0.0,31.05,34.23,224.62,0.23,102.37,84.73,84.92
2026-05-21 00:40:00,0,685.0,350.0,0.0,31.02,30.42,141.91,0.46,68.04,78.59,83.15
2026-05-21 00:45:00,0,685.0,350.0,0.0,31.28,33.24,258.03,0.16,116.46,87.02,85.81
2026-05-21 00:50:00,0,685.0,350.0,0.0,30.67,34.4,272.42,0.16,127.98,89.96,83.66
2026-05-21 00:55:00,0,685.0,350.0,0.0,30.94,35.99,275.97,0.14,143.6,94.29,82.9
2026-05-21 01:00:00,0,685.0,350.0,0.0,31.26,35.99,292.68,0.13,138.69,93.03,84.65
2026-05-21 01:05:00,0,685.0,350.0,0.0,31.84,34.33,359.59,0.08,175.79,102.85,82.55
2026-05-21 01:10:00,0,685.0,350.0,0.0,31.95,32.31,303.63,0.11,136.71,91.21,84.74
2026-05-21 01:15:00,0,685.0,350.0,0.0,31.58,34.69,267.97,0.14,125.53,89.46,83.71
2026-05-21 01:20:00,0,685.0,350.0,0.0,31.32,37.22,268.87,0.17,127.98,90.96,82.72
2026-05-21 01:25:00,0,685.0,350.0,0.0,30.89,34.91,273.49,0.15,113.17,86.9,82.6
2026-05-21 01:30:00,0,685.0,350.0,0.0,31.1,36.57,272.48,0.16,125.11,90.07,81.89
2026-05-21 01:35:00,0,685.0,350.0,0.0,31.71,34.77,229.53,0.23,108.15,86.02,81.91
2026-05-21 01:40:00,0,685.0,350.0,0.0,31.45,35.28,155.69,0.51,73.38,81.07,82.09
2026-05-21 01:45:00,0,685.0,350.0,0.0,31.78,36.52,257.15,0.2,126.42,90.43,83.86
2026-05-21 01:50:00,0,685.0,350.0,0.0,31.3,35.59,280.28,0.15,137.35,92.59,81.15
2026-05-21 01:55:00,0,685.0,350.0,0.0,31.04,35.95,248.77,0.19,114.0,87.52,81.52
2026-05-21 02:00:00,0,685.0,350.0,0.0,31.68,34.73,294.61,0.12,140.37,106.7,81.85
2026-05-21 02:05:00,0,685.0,350.0,0.0,30.87,37.32,326.73,0.12,155.28,97.86,83.04
2026-05-21 02:10:00,0,685.0,350.0,0.0,31.13,36.45,201.35,0.28,94.21,84.16,81.62
2026-05-21 02:15:00,0,685.0,350.0,0.0,32.1,39.28,226.26,0.25,103.03,86.66,82.17
2026-05-21 02:20:00,0,685.0,350.0,0.0,31.75,35.09,266.54,0.16,125.92,89.73,80.33
2026-05-21 02:25:00,0,685.0,350.0,0.0,32.37,37.19,281.34,0.14,129.47,91.24,81.17
2026-05-21 02:30:00,0,685.0,350.0,0.0,32.29,35.03,348.83,0.09,155.6,116.16,81.51
2026-05-21 02:35:00,0,685.0,350.0,0.0,32.13,35.81,247.94,0.17,113.87,87.4,82.1
2026-05-21 02:40:00,0,685.0,350.0,0.0,32.21,35.88,251.74,0.18,119.05,88.54,80.73
2026-05-21 02:45:00,0,685.0,350.0,0.0,33.47,32.35,221.85,0.22,106.94,84.92,80.53
2026-05-21 02:50:00,0,685.0,350.0,0.0,33.02,35.53,220.48,0.25,104.66,85.66,77.57
2026-05-21 02:55:00,0,685.0,350.0,0.0,32.84,31.93,252.05,0.16,123.43,88.07,80.33
2026-05-21 03:00:00,0,685.0,350.0,0.0,32.78,32.73,196.92,0.27,92.18,82.5,80.84
2026-05-21 03:05:00,0,685.0,350.0,0.0,33.44,34.32,331.79,0.09,163.57,99.14,80.72
2026-05-21 03:10:00,0,685.0,350.0,0.0,33.23,33.31,292.98,0.12,131.39,90.3,79.5
2026-05-21 03:15:00,0,685.0,350.0,0.0,32.83,31.94,283.27,0.13,135.83,90.91,80.38
2026-05-21 03:20:00,0,685.0,350.0,0.0,33.08,34.04,165.14,0.35,75.69,80.63,79.01
2026-05-21 03:25:00,0,685.0,350.0,0.0,33.21,31.16,357.91,0.08,174.58,101.36,79.48
2026-05-21 03:30:00,0,685.0,350.0,0.0,34.22,31.37,279.64,0.14,129.31,89.17,79.83
2026-05-21 03:35:00,0,685.0,350.0,0.0,34.58,31.88,195.45,0.26,94.14,82.52,78.64
2026-05-21 03:40:00,0,685.0,350.0,0.0,34.22,27.33,302.44,0.1,132.06,88.32,79.53
2026-05-21 03:45:00,0,685.0,350.0,0.0,34.31,27.69,291.2,0.1,144.96,91.67,77.59
2026-05-21 03:50:00,0,685.0,350.0,0.0,34.88,28.05,185.46,0.25,85.01,79.69,79.15
2026-05-21 03:55:00,0,685.0,350.0,0.0,34.72,28.64,272.55,0.12,137.18,90.06,78.51
2026-05-21 04:00:00,0,685.0,350.0,0.0,34.38,29.51,351.51,0.07,159.1,96.11,77.98
2026-05-21 04:05:00,0,685.0,350.0,0.0,34.73,27.55,244.33,0.14,120.48,85.85,77.09
2026-05-21 04:10:00,0,685.0,350.0,0.0,34.18,28.28,334.61,0.08,168.47,98.47,78.18
2026-05-21 04:15:00,0,685.0,350.0,0.0,34.11,26.83,274.91,0.11,127.25,87.05,79.56
2026-05-21 04:20:00,0,685.0,350.0,0.0,35.9,27.27,205.56,0.21,99.0,81.65,76.48
2026-05-21 04:25:00,0,685.0,350.0,0.0,34.39,23.66,328.39,0.07,154.95,92.89,78.26
2026-05-21 04:30:00,0,685.0,350.0,0.0,35.97,23.15,212.11,0.15,99.67,80.21,76.65
2026-05-21 04:35:00,0,685.0,350.0,0.0,35.37,25.84,266.88,0.11,131.34,87.65,76.27
2026-05-21 04:40:00,0,685.0,350.0,0.0,36.06,23.23,257.74,0.11,129.14,86.23,77.03
2026-05-21 04:45:00,0,685.0,350.0,0.0,36.23,26.06,198.86,0.21,94.29,80.41,75.62
2026-05-21 04:50:00,0,685.0,350.0,0.0,36.42,23.02,227.19,0.15,109.09,81.94,78.15
2026-05-21 04:55:00,0,685.0,350.0,0.0,35.52,24.19,234.61,0.13,107.13,81.92,75.26
2026-05-21 05:00:00,0,685.0,350.0,0.0,36.71,19.7,284.47,0.09,133.21,85.91,76.95
2026-05-21 05:05:00,0,685.0,350.0,0.0,36.35,20.79,252.78,0.1,124.72,84.34,78.2
2026-05-21 05:10:00,0,685.0,350.0,0.0,35.57,17.68,275.75,0.07,133.79,85.3,75.85
2026-05-21 05:15:00,0,685.0,350.0,0.0,35.65,20.72,321.68,0.06,148.83,90.17,76.43
2026-05-21 05:20:00,0,685.0,350.0,0.0,36.62,18.18,252.6,0.08,123.86,83.2,77.03
2026-05-21 05:25:00,0,685.0,350.0,0.0,37.34,22.1,304.35,0.08,144.55,89.57,76.52
2026-05-21 05:30:00,0,685.0,350.0,0.0,37.51,18.55,292.29,0.07,140.72,87.32,74.46
2026-05-21 05:35:00,0,685.0,350.0,0.0,37.54,19.05,245.85,0.11,118.02,82.29,76.33
2026-05-21 05:40:00,0,685.0,350.0,0.0,37.18,17.83,187.6,0.16,90.86,76.86,74.77
2026-05-21 05:45:00,0,685.0,350.0,0.0,37.01,18.19,168.94,0.21,78.45,75.19,75.74
2026-05-21 05:50:00,0,685.0,350.0,0.0,37.18,15.88,278.42,0.07,130.87,83.98,75.89
2026-05-21 05:55:00,0,685.0,350.0,0.0,37.99,13.56,309.76,0.04,139.68,85.25,75.37
2026-05-21 06:00:00,0,685.0,350.0,0.0,37.1,15.08,193.01,0.14,87.99,75.39,76.43
2026-05-21 06:05:00,0,685.0,350.0,0.0,38.62,14.72,210.06,0.1,102.98,77.77,74.67
2026-05-21 06:10:00,0,685.0,350.0,0.0,38.11,15.23,256.1,0.07,123.96,82.17,75.42
2026-05-21 06:15:00,0,685.0,350.0,0.0,39.12,15.23,216.85,0.11,105.8,78.5,74.32
2026-05-21 06:20:00,0,685.0,350.0,0.0,38.62,14.66,264.81,0.06,124.95,97.76,74.29
2026-05-21 06:25:00,0,685.0,350.0,0.0,38.62,10.59,216.12,0.07,102.03,76.09,75.41
2026-05-21 06:30:00,0,685.0,350.0,0.0,39.61,13.5,289.44,0.05,134.94,103.21,74.33
2026-05-21 06:35:00,0,685.0,350.0,0.0,38.96,11.75,284.37,0.05,141.85,85.19,74.43
2026-05-21 06:40:00,0,685.0,350.0,0.0,39.24,11.46,235.79,0.07,104.1,76.78,74.64
2026-05-21 06:45:00,0,685.0,350.0,0.0,39.77,11.83,209.32,0.09,95.71,75.44,73.55
2026-05-21 06:50:00,0,685.0,350.0,0.0,39.55,11.83,229.98,0.08,103.48,76.81,73.5
2026-05-21 06:55:00,0,685.0,350.0,0.0,40.09,11.03,318.16,0.04,153.83,88.11,74.1
2026-05-21 07:00:00,0,685.0,350.0,0.0,39.51,12.85,225.03,0.09,112.16,78.87,74.09
2026-05-21 07:05:00,0,685.0,350.0,0.0,40.36,12.92,252.1,0.06,112.41,78.89,74.17
2026-05-21 07:10:00,0,685.0,350.0,0.0,40.19,10.53,285.65,0.04,136.39,83.38,73.88
2026-05-21 07:15:00,0,685.0,350.0,0.0,40.84,8.79,273.06,0.04,134.88,82.4,74.63
2026-05-21 07:20:00,0,685.0,350.0,0.0,40.81,10.68,227.33,0.07,110.71,77.78,73.76
2026-05-21 07:25:00,0,685.0,350.0,0.0,40.28,11.04,270.77,0.05,128.86,81.78,71.35
2026-05-21 07:30:00,0,685.0,350.0,0.0,40.45,9.3,270.65,0.04,123.02,79.83,72.6
2026-05-21 07:35:00,0,685.0,350.0,0.0,41.09,9.88,232.21,0.06,106.49,76.66,74.68
2026-05-21 07:40:00,0,685.0,350.0,0.0,41.38,7.63,236.81,0.04,112.54,77.03,71.79
2026-05-21 07:45:00,0,685.0,350.0,0.0,42.02,7.85,348.23,0.02,172.24,92.37,72.18
2026-05-21 07:50:00,0,685.0,350.0,0.0,42.06,9.74,257.63,0.05,126.83,80.86,73.92
2026-05-21 07:55:00,0,685.0,350.0,0.0,40.9,9.74,179.58,0.1,82.54,72.62,70.19
2026-05-21 08:00:00,0,685.0,350.0,0.0,40.8,10.47,340.17,0.03,149.14,86.62,72.46
2026-05-21 08:05:00,0,685.0,350.0,0.0,41.67,10.54,232.09,0.06,99.91,75.67,73.17
2026-05-21 08:10:00,0,685.0,350.0,0.0,41.59,9.31,235.25,0.06,102.49,75.71,70.94
2026-05-21 08:15:00,0,685.0,350.0,0.0,42.11,11.28,193.99,0.09,88.96,74.13,69.86
2026-05-21 08:20:00,0,685.0,350.0,0.0,41.84,11.06,256.04,0.06,121.48,80.15,71.5
2026-05-21 08:25:00,0,685.0,350.0,0.0,42.06,8.59,239.99,0.05,113.42,77.56,70.83
2026-05-21 08:30:00,0,685.0,350.0,0.0,41.57,9.54,299.24,0.04,131.05,81.75,71.49
2026-05-21 08:35:00,0,685.0,350.0,0.0,42.17,7.28,273.74,0.03,127.63,80.15,72.16
2026-05-21 08:40:00,0,685.0,350.0,0.0,42.02,10.85,277.12,0.04,127.11,81.3,70.2
2026-05-21 08:45:00,0,685.0,350.0,0.0,42.13,9.25,214.27,0.06,103.32,75.84,72.24
2026-05-21 08:50:00,0,685.0,350.0,0.0,42.78,11.8,286.6,0.04,136.25,83.8,70.71
2026-05-21 08:55:00,0,685.0,350.0,0.0,42.73,9.83,292.03,0.04,132.4,82.18,72.26
2026-05-21 09:00:00,0,685.0,350.0,0.0,42.69,11.65,270.16,0.05,119.31,79.87,71.01
2026-05-21 09:05:00,0,685.0,350.0,0.0,42.75,10.27,267.61,0.04,122.84,80.14,71.23
2026-05-21 09:10:00,0,685.0,350.0,0.0,42.65,11.44,272.18,0.05,128.55,81.86,69.69
2026-05-21 09:15:00,0,685.0,350.0,0.0,44.33,11.07,252.76,0.06,113.96,78.57,68.57
2026-05-21 09:20:00,0,685.0,350.0,0.0,42.63,13.63,275.3,0.05,124.69,81.74,69.48
2026-05-21 09:25:00,0,685.0,350.0,0.0,43.3,12.1,248.75,0.06,114.22,78.98,69.45
2026-05-21 09:30:00,0,685.0,350.0,0.0,43.12,10.86,261.18,0.05,130.55,82.12,69.5
2026-05-21 09:35:00,0,685.0,350.0,0.0,44.06,13.71,208.32,0.1,92.65,87.94,70.42
2026-05-21 09:40:00,0,685.0,350.0,0.0,43.96,12.98,227.17,0.09,104.46,77.43,70.05
2026-05-21 09:45:00,0,685.0,350.0,0.0,44.35,14.8,154.2,0.19,74.16,73.39,68.47
2026-05-21 09:50:00,0,685.0,350.0,0.0,43.82,13.86,243.74,0.07,123.88,81.68,70.42
2026-05-21 09:55:00,0,685.0,350.0,0.0,44.37,16.19,227.31,0.09,104.46,96.04,68.12
2026-05-21 10:00:00,0,685.0,350.0,0.0,44.01,17.07,251.05,0.09,120.99,82.21,69.35
2026-05-21 10:05:00,0,685.0,350.0,0.0,43.84,16.34,226.8,0.09,110.71,79.81,69.39
2026-05-21 10:10:00,0,685.0,350.0,0.0,43.96,18.82,266.2,0.09,136.32,86.38,69.14
2026-05-21 10:15:00,0,685.0,350.0,0.0,43.19,16.27,323.31,0.05,133.14,84.63,67.57
2026-05-21 10:20:00,0,685.0,350.0,0.0,43.95,17.95,140.69,0.28,64.53,73.47,69.1
2026-05-21 10:25:00,0,685.0,350.0,0.0,44.59,20.44,252.46,0.09,114.7,82.06,68.98
2026-05-21 10:30:00,0,685.0,350.0,0.0,44.6,20.74,313.22,0.07,147.94,89.98,69.69
2026-05-21 10:35:00,0,685.0,350.0,0.0,45.51,18.62,246.55,0.1,117.2,81.96,67.24
2026-05-21 10:40:00,0,685.0,350.0,0.0,44.49,19.64,202.97,0.15,97.73,78.66,68.85
2026-05-21 10:45:00,0,685.0,350.0,0.0,45.1,19.8,221.24,0.13,104.6,79.92,70.33
2026-05-21 10:50:00,0,685.0,350.0,0.0,43.94,21.63,321.67,0.07,161.21,93.98,67.96
2026-05-21 10:55:00,0,685.0,350.0,0.0,45.3,22.5,184.89,0.2,86.93,77.96,67.26
2026-05-21 11:00:00,0,685.0,350.0,0.0,44.78,21.26,215.69,0.16,103.68,80.32,67.85
2026-05-21 11:05:00,0,685.0,350.0,0.0,44.67,24.56,293.29,0.09,132.18,87.38,68.78
2026-05-21 11:10:00,0,685.0,350.0,0.0,44.81,23.76,192.73,0.2,89.95,78.88,67.77
2026-05-21 11:15:00,0,685.0,350.0,0.0,43.91,24.64,200.81,0.19,83.9,78.22,67.51
2026-05-21 11:20:00,0,685.0,350.0,0.0,45.38,23.7,322.95,0.06,148.94,91.27,66.34
2026-05-21 11:25:00,0,685.0,350.0,0.0,44.95,24.51,163.16,0.28,75.07,77.09,66.59
2026-05-21 11:30:00,0,685.0,350.0,0.0,45.27,26.49,270.96,0.11,124.9,86.42,67.3
2026-05-21 11:35:00,0,685.0,350.0,0.0,45.69,24.3,264.95,0.11,130.34,86.9,66.94
2026-05-21 11:40:00,0,685.0,350.0,0.0,44.94,25.91,263.11,0.12,123.24,85.86,66.92
2026-05-21 11:45:00,0,685.0,350.0,0.0,44.39,30.16,288.47,0.11,137.33,90.63,66.93
2026-05-21 11:50:00,0,685.0,350.0,0.0,44.67,28.04,321.05,0.09,155.26,94.57,66.5
2026-05-21 11:55:00,0,685.0,350.0,0.0,45.22,30.53,189.2,0.28,92.59,81.85,66.23
2026-05-21 12:00:00,0,685.0,350.0,0.0,45.03,29.0,284.69,0.12,130.82,88.68,67.24
2026-05-21 12:05:00,0,685.0,350.0,0.0,45.0,31.28,270.36,0.14,122.41,87.6,64.12
2026-05-21 12:10:00,0,685.0,350.0,0.0,45.18,30.77,244.43,0.17,106.98,84.29,67.27
2026-05-21 12:15:00,0,685.0,350.0,0.0,45.1,30.99,141.35,0.48,69.28,79.01,64.42
2026-05-21 12:20:00,0,685.0,350.0,0.0,45.2,30.12,266.18,0.14,124.67,87.7,67.38
2026-05-21 12:25:00,0,685.0,350.0,0.0,45.63,32.55,357.02,0.08,160.15,97.52,63.73
2026-05-21 12:30:00,0,685.0,350.0,0.0,44.41,32.92,233.08,0.2,107.16,85.14,65.98
2026-05-21 12:35:00,0,685.0,350.0,0.0,44.74,31.38,279.78,0.13,136.13,90.81,64.79
2026-05-21 12:40:00,0,685.0,350.0,0.0,44.14,34.32,187.62,0.31,86.16,82.2,65.32
2026-05-21 12:45:00,0,685.0,350.0,0.0,45.52,32.43,214.37,0.2,99.13,83.48,65.03
2026-05-21 12:50:00,0,685.0,350.0,0.0,45.32,34.79,296.78,0.13,135.66,103.43,64.12
2026-05-21 12:55:00,0,685.0,350.0,0.0,45.02,38.38,313.03,0.12,152.67,97.53,64.77
2026-05-21 13:00:00,0,685.0,350.0,0.0,44.86,33.53,298.64,0.12,137.39,91.85,66.38
2026-05-21 13:05:00,0,685.0,350.0,0.0,44.53,34.93,279.6,0.13,129.15,90.38,65.17
2026-05-21 13:10:00,0,685.0,350.0,0.0,44.59,31.78,257.54,0.15,117.8,86.8,64.56
2026-05-21 13:15:00,0,685.0,350.0,0.0,44.4,37.15,180.25,0.37,86.36,83.34,64.28
2026-05-21 13:20:00,0,685.0,350.0,0.0,43.52,37.38,318.28,0.11,147.19,95.68,63.27
2026-05-21 13:25:00,0,685.0,350.0,0.0,44.24,38.7,322.16,0.12,151.44,97.31,64.99
2026-05-21 13:30:00,0,685.0,350.0,0.0,44.84,35.62,377.57,0.07,176.72,103.6,63.9
2026-05-21 13:35:00,0,685.0,350.0,0.0,45.04,36.2,283.34,0.15,136.94,92.73,64.11
2026-05-21 13:40:00,0,685.0,350.0,0.0,45.04,35.47,314.26,0.12,149.07,95.54,62.65
2026-05-21 13:45:00,0,685.0,350.0,0.0,43.19,37.52,215.5,0.25,100.95,85.69,63.6
2026-05-21 13:50:00,0,685.0,350.0,0.0,43.97,37.76,272.67,0.16,138.24,93.62,62.2
2026-05-21 13:55:00,0,685.0,350.0,0.0,43.44,35.85,209.17,0.26,98.74,84.72,62.58
2026-05-21 14:00:00,0,685.0,350.0,0.0,44.15,35.57,286.24,0.14,140.98,93.5,63.1
2026-05-21 14:05:00,0,685.0,350.0,0.0,43.55,38.36,319.81,0.12,146.23,95.79,62.6
2026-05-21 14:10:00,0,685.0,350.0,0.0,44.27,38.36,182.12,0.4,85.65,83.71,62.93
2026-05-21 14:15:00,0,685.0,350.0,0.0,43.39,35.44,233.17,0.2,116.85,87.97,62.58
2026-05-21 14:20:00,0,685.0,350.0,0.0,44.33,34.41,243.79,0.17,106.49,85.47,62.25
2026-05-21 14:25:00,0,685.0,350.0,0.0,43.91,35.67,334.14,0.11,154.39,117.99,63.75
2026-05-21 14:30:00,0,685.0,350.0,0.0,42.91,35.8,248.01,0.2,118.34,88.42,61.03
2026-05-21 14:35:00,0,685.0,350.0,0.0,43.31,34.63,282.78,0.13,133.39,91.28,61.61
2026-05-21 14:40:00,0,685.0,350.0,0.0,43.45,36.18,237.04,0.19,112.69,87.35,61.16
2026-05-21 14:45:00,0,685.0,350.0,0.0,44.01,33.62,196.57,0.26,96.58,83.56,62.78
2026-05-21 14:50:00,0,685.0,350.0,0.0,42.82,36.2,292.01,0.15,128.08,90.62,63.36
2026-05-21 14:55:00,0,685.0,350.0,0.0,43.03,36.8,300.6,0.14,140.18,93.72,61.92
2026-05-21 15:00:00,0,685.0,350.0,0.0,42.7,35.18,242.42,0.19,110.46,86.55,62.23
2026-05-21 15:05:00,0,685.0,350.0,0.0,42.17,33.06,268.27,0.15,122.81,88.32,62.62
2026-05-21 15:10:00,0,685.0,350.0,0.0,42.94,33.8,225.38,0.21,108.31,85.69,60.93
2026-05-21 15:15:00,0,685.0,350.0,0.0,42.38,33.15,237.9,0.19,108.36,85.43,60.73
2026-05-21 15:20:00,0,685.0,350.0,0.0,42.94,31.61,235.43,0.18,112.14,85.62,60.89
2026-05-21 15:25:00,0,685.0,350.0,0.0,42.09,33.83,225.58,0.22,104.79,85.04,60.31
2026-05-21 15:30:00,0,685.0,350.0,0.0,41.65,33.25,245.36,0.19,115.72,86.95,60.86
2026-05-21 15:35:00,0,685.0,350.0,0.0,43.27,33.62,271.78,0.14,131.49,90.49,60.11
2026-05-21 15:40:00,0,685.0,350.0,0.0,41.59,33.7,228.23,0.22,95.61,83.34,60.2
2026-05-21 15:45:00,0,685.0,350.0,0.0,42.62,28.62,304.61,0.09,153.15,94.19,61.42
2026-05-21 15:50:00,0,685.0,350.0,0.0,41.81,31.79,260.34,0.15,120.56,87.39,60.08
2026-05-21 15:55:00,0,685.0,350.0,0.0,41.89,29.29,272.71,0.13,132.74,89.25,60.48
2026-05-21 16:00:00,0,685.0,350.0,0.0,41.3,30.48,145.85,0.45,66.82,78.46,59.58
2026-05-21 16:05:00,0,685.0,350.0,0.0,40.77,27.17,249.76,0.15,120.36,85.72,59.65
2026-05-21 16:10:00,0,685.0,350.0,0.0,40.9,31.09,228.71,0.19,113.07,85.64,59.59
2026-05-21 16:15:00,0,685.0,350.0,0.0,39.49,28.14,252.83,0.14,117.95,85.52,59.48
2026-05-21 16:20:00,0,685.0,350.0,0.0,41.32,26.45,260.71,0.13,129.48,87.48,59.01
2026-05-21 16:25:00,0,685.0,350.0,0.0,41.52,25.2,251.82,0.13,123.6,105.22,59.78
2026-05-21 16:30:00,0,685.0,350.0,0.0,40.47,24.15,210.15,0.17,107.36,82.04,58.25
2026-05-21 16:35:00,0,685.0,350.0,0.0,41.64,25.42,232.98,0.15,105.6,82.11,57.7
2026-05-21 16:40:00,0,685.0,350.0,0.0,40.28,24.98,213.95,0.17,106.25,82.12,57.43
2026-05-21 16:45:00,0,685.0,350.0,0.0,40.94,22.84,158.84,0.28,75.93,76.62,59.57
2026-05-21 16:50:00,0,685.0,350.0,0.0,39.09,25.66,247.33,0.14,110.59,83.14,59.95
2026-05-21 16:55:00,0,685.0,350.0,0.0,39.37,24.48,292.7,0.09,148.97,91.6,58.83
2026-05-21 17:00:00,0,685.0,350.0,0.0,40.06,21.38,272.92,0.09,131.04,85.99,59.68
2026-05-21 17:05:00,0,685.0,350.0,0.0,39.78,22.64,225.32,0.14,110.09,81.99,59.7
2026-05-21 17:10:00,0,685.0,350.0,0.0,39.85,24.13,247.19,0.14,127.25,86.17,59.08
2026-05-21 17:15:00,0,685.0,350.0,0.0,38.73,21.39,201.52,0.16,97.42,79.22,57.15
2026-05-21 17:20:00,0,685.0,350.0,0.0,39.1,19.55,203.44,0.17,96.17,78.38,56.48
2026-05-21 17:25:00,0,685.0,350.0,0.0,38.74,19.18,151.46,0.24,77.01,75.4,57.52
2026-05-21 17:30:00,0,685.0,350.0,0.0,38.42,19.78,290.58,0.07,137.5,86.95,57.51
2026-05-21 17:35:00,0,685.0,350.0,0.0,38.44,20.16,258.79,0.1,120.55,83.2,57.16
2026-05-21 17:40:00,0,685.0,350.0,0.0,38.45,18.97,243.42,0.1,124.76,83.72,56.75
2026-05-21 17:45:00,0,685.0,350.0,0.0,38.33,18.01,315.73,0.05,154.34,90.71,57.04
2026-05-21 17:50:00,0,685.0,350.0,0.0,38.59,13.49,299.05,0.05,133.25,96.65,56.77
2026-05-21 17:55:00,0,685.0,350.0,0.0,38.07,16.01,346.6,0.05,156.82,90.71,56.01
2026-05-21 18:00:00,0,685.0,350.0,0.0,36.91,14.6,258.41,0.07,119.58,80.99,56.98
2026-05-21 18:05:00,0,685.0,350.0,0.0,37.66,15.05,217.65,0.1,103.16,77.91,56.07
2026-05-21 18:10:00,0,685.0,350.0,0.0,37.68,14.61,310.52,0.05,141.04,85.99,54.19
2026-05-21 18:15:00,0,685.0,350.0,0.0,37.5,12.53,328.1,0.04,158.85,90.05,56.63
2026-05-21 18:20:00,0,685.0,350.0,0.0,37.51,15.64,285.06,0.06,142.17,86.66,54.79
2026-05-21 18:25:00,0,685.0,350.0,0.0,37.18,14.68,238.84,0.08,117.69,80.63,54.17
2026-05-21 18:30:00,0,685.0,350.0,0.0,36.96,11.87,219.56,0.08,101.68,76.49,58.53
2026-05-21 18:35:00,0,685.0,350.0,0.0,37.03,12.39,275.87,0.05,127.17,81.86,55.15
2026-05-21 18:40:00,0,685.0,350.0,0.0,37.03,8.53,284.79,0.03,127.61,80.57,56.47
2026-05-21 18:45:00,0,685.0,350.0,0.0,36.91,10.98,282.17,0.04,137.31,83.76,55.74
2026-05-21 18:50:00,0,685.0,350.0,0.0,36.91,13.29,264.71,0.06,116.8,79.92,56.34
2026-05-21 18:55:00,0,685.0,350.0,0.0,36.61,10.25,280.11,0.04,123.94,80.36,55.04
2026-05-21 19:00:00,0,685.0,350.0,0.0,36.98,9.73,273.09,0.04,125.23,80.47,54.77
2026-05-21 19:05:00,0,685.0,350.0,0.0,36.19,9.43,343.67,0.03,158.17,88.74,54.56
2026-05-21 19:10:00,0,685.0,350.0,0.0,35.01,10.84,223.65,0.07,115.28,90.34,54.29
2026-05-21 19:15:00,0,685.0,350.0,0.0,36.48,9.8,226.95,0.06,110.12,77.33,55.49
2026-05-21 19:20:00,0,685.0,350.0,0.0,34.92,10.25,254.38,0.05,118.03,79.09,54.74
2026-05-21 19:25:00,0,685.0,350.0,0.0,35.85,8.62,275.29,0.04,127.63,80.62,55.22
2026-05-21 19:30:00,0,685.0,350.0,0.0,34.84,9.74,280.9,0.04,135.59,82.9,53.87
2026-05-21 19:35:00,0,685.0,350.0,0.0,35.29,9.29,353.76,0.02,175.14,93.76,55.54
2026-05-21 19:40:00,0,685.0,350.0,0.0,34.58,10.63,248.88,0.06,120.88,79.85,52.98
2026-05-21 19:45:00,0,685.0,350.0,0.0,34.85,9.52,253.87,0.05,125.08,80.38,53.89
2026-05-21 19:50:00,0,685.0,350.0,0.0,35.01,8.7,285.9,0.03,140.07,83.63,54.73
2026-05-21 19:55:00,0,685.0,350.0,0.0,33.58,9.82,225.56,0.06,113.65,78.04,55.43
2026-05-21 20:00:00,0,685.0,350.0,0.0,34.97,9.52,268.48,0.04,120.87,79.43,54.53
2026-05-21 20:05:00,0,685.0,350.0,0.0,35.04,10.42,289.8,0.04,152.55,87.54,54.15
2026-05-21 20:10:00,0,685.0,350.0,0.0,34.31,8.71,244.1,0.05,110.43,76.99,52.95
2026-05-21 20:15:00,0,685.0,350.0,0.0,34.52,10.57,309.04,0.03,146.51,85.94,52.7
2026-05-21 20:20:00,0,685.0,350.0,0.0,34.21,7.59,216.68,0.05,101.2,74.84,54.98
2026-05-21 20:25:00,0,685.0,350.0,0.0,34.21,10.43,289.63,0.04,133.19,82.56,54.58
2026-05-21 20:30:00,0,685.0,350.0,0.0,33.64,9.68,276.28,0.04,129.83,81.5,53.46
2026-05-21 20:35:00,0,685.0,350.0,0.0,33.07,12.15,255.71,0.06,115.53,79.24,53.31
2026-05-21 20:40:00,0,685.0,350.0,0.0,33.36,11.63,316.5,0.04,157.35,89.29,51.7
2026-05-21 20:45:00,0,685.0,350.0,0.0,33.6,10.29,179.09,0.1,82.04,72.72,50.04
2026-05-21 20:50:00,0,685.0,350.0,0.0,33.65,8.35,291.79,0.03,133.8,81.96,53.27
2026-05-21 20:55:00,0,685.0,350.0,0.0,32.69,11.78,305.52,0.04,140.96,84.95,51.62
2026-05-21 21:00:00,0,685.0,350.0,0.0,32.74,8.43,286.63,0.03,132.33,81.63,53.91
2026-05-21 21:05:00,0,685.0,350.0,0.0,33.21,11.26,301.84,0.04,138.45,84.14,52.09
2026-05-21 21:10:00,0,685.0,350.0,0.0,32.7,12.31,255.71,0.06,111.97,78.57,51.04
2026-05-21 21:15:00,0,685.0,350.0,0.0,31.92,14.03,303.31,0.05,141.35,85.85,52.03
2026-05-21 21:20:00,0,685.0,350.0,0.0,31.99,13.21,178.74,0.13,84.11,74.11,52.74
2026-05-21 21:25:00,0,685.0,350.0,0.0,32.13,14.49,288.03,0.06,135.49,84.57,50.21
2026-05-21 21:30:00,0,685.0,350.0,0.0,32.25,14.42,286.45,0.06,138.79,85.36,50.81
2026-05-21 21:35:00,0,685.0,350.0,0.0,32.46,12.48,256.13,0.06,120.47,80.41,51.75
2026-05-21 21:40:00,0,685.0,350.0,0.0,32.12,15.62,288.62,0.06,134.23,84.66,52.94
2026-05-21 21:45:00,0,685.0,350.0,0.0,32.53,13.68,254.18,0.07,119.52,80.64,50.0
2026-05-21 21:50:00,0,685.0,350.0,0.0,31.84,18.24,166.28,0.22,77.97,75.16,50.96
2026-05-21 21:55:00,0,685.0,350.0,0.0,32.39,16.23,333.26,0.04,164.84,93.08,50.88
2026-05-21 22:00:00,0,685.0,350.0,0.0,31.93,17.05,210.94,0.12,99.47,77.97,51.16
2026-05-21 22:05:00,0,685.0,350.0,0.0,30.76,19.76,271.52,0.09,128.71,84.86,49.34
2026-05-21 22:10:00,0,685.0,350.0,0.0,31.33,15.79,227.17,0.1,108.91,79.26,51.98
2026-05-21 22:15:00,0,685.0,350.0,0.0,32.14,17.97,304.83,0.06,145.95,109.46,50.56
2026-05-21 22:20:00,0,685.0,350.0,0.0,32.01,17.36,194.75,0.13,91.41,76.72,49.27
2026-05-21 22:25:00,0,685.0,350.0,0.0,32.26,18.27,247.16,0.1,121.34,82.7,48.95
2026-05-21 22:30:00,0,685.0,350.0,0.0,31.79,21.2,254.1,0.11,115.76,82.56,48.65
2026-05-21 22:35:00,0,685.0,350.0,0.0,31.55,22.33,174.92,0.24,78.48,76.7,49.42
2026-05-21 22:40:00,0,685.0,350.0,0.0,31.82,17.01,166.33,0.22,78.78,74.84,49.07
2026-05-21 22:45:00,0,685.0,350.0,0.0,30.75,20.4,313.32,0.07,151.65,90.83,49.02
2026-05-21 22:50:00,0,685.0,350.0,0.0,31.36,21.3,261.57,0.11,123.83,84.33,50.34
2026-05-21 22:55:00,0,685.0,350.0,0.0,30.91,24.6,243.06,0.14,111.81,83.0,49.04
2026-05-21 23:00:00,0,685.0,350.0,0.0,31.67,23.34,235.21,0.14,118.99,84.05,49.85
2026-05-21 23:05:00,0,685.0,350.0,0.0,30.96,24.17,296.72,0.09,136.6,88.29,48.79
2026-05-21 23:10:00,0,685.0,350.0,0.0,31.19,25.22,265.25,0.12,126.8,86.4,50.29
2026-05-21 23:15:00,0,685.0,350.0,0.0,31.54,25.98,274.62,0.12,129.31,87.24,48.37
2026-05-21 23:20:00,0,685.0,350.0,0.0,30.46,25.62,317.4,0.08,145.98,91.16,48.84
2026-05-21 23:25:00,0,685.0,350.0,0.0,31.15,29.08,309.94,0.09,155.86,95.08,47.83
2026-05-21 23:30:00,0,685.0,350.0,0.0,31.59,30.65,241.08,0.17,108.85,84.59,47.84
2026-05-21 23:35:00,0,685.0,350.0,0.0,31.0,26.68,257.48,0.14,116.17,84.62,47.89
2026-05-21 23:40:00,0,685.0,350.0,0.0,31.29,28.94,240.01,0.16,109.42,84.08,46.87
2026-05-21 23:45:00,0,685.0,350.0,0.0,30.29,27.67,274.92,0.11,127.9,87.49,47.97
2026-05-21 23:50:00,0,685.0,350.0,0.0,30.75,28.96,192.98,0.25,80.72,79.36,47.1
2026-05-21 23:55:00,0,685.0,350.0,0.0,30.97,31.0,182.24,0.31,86.1,81.0,46.06
2026-05-22 00:00:00,0,234.38,728.12,-2.01,31.08,29.13,347.45,0.07,162.35,96.92,47.18
2026-05-22 00:05:00,0,234.38,728.12,-2.01,31.64,32.82,324.43,0.1,145.52,93.61,48.46
2026-05-22 00:10:00,0,234.38,728.12,-2.01,30.59,33.96,287.63,0.12,134.47,91.26,47.7
2026-05-22 00:15:00,0,234.38,728.12,-2.01,31.12,31.93,273.36,0.14,142.19,92.51,47.93
2026-05-22 00:20:00,0,234.38,728.12,-2.01,30.65,33.07,288.35,0.12,137.8,91.76,47.21
2026-05-22 00:25:00,0,234.38,728.12,-2.01,30.87,32.1,349.97,0.08,161.45,97.71,45.94
2026-05-22 00:30:00,0,234.38,728.12,-2.01,30.32,32.93,270.51,0.14,128.32,89.48,47.7
2026-05-22 00:35:00,0,234.38,728.12,-2.01,32.08,35.8,294.51,0.13,137.29,92.61,46.93
2026-05-22 00:40:00,0,234.38,728.12,-2.01,31.56,34.98,264.1,0.17,118.19,88.01,47.2
2026-05-22 00:45:00,0,234.38,728.12,-2.01,30.68,38.01,189.03,0.34,86.41,83.56,45.74
2026-05-22 00:50:00,0,234.38,728.12,-2.01,31.04,36.21,211.74,0.25,102.57,85.5,46.03
2026-05-22 00:55:00,0,234.38,728.12,-2.01,31.72,36.99,196.27,0.32,90.68,83.84,45.39
2026-05-22 01:00:00,0,234.38,728.12,-2.01,31.47,37.76,268.74,0.17,128.64,91.31,46.28
2026-05-22 01:05:00,0,234.38,728.12,-2.01,30.3,36.56,229.68,0.2,104.67,85.91,46.64
2026-05-22 01:10:00,0,234.38,728.12,-2.01,31.48,35.22,269.59,0.15,121.16,88.7,44.88
2026-05-22 01:15:00,0,234.38,728.12,-2.01,31.77,38.03,313.57,0.13,150.5,96.81,45.11
2026-05-22 01:20:00,0,234.38,728.12,-2.01,32.25,35.92,317.7,0.11,144.81,94.52,43.84
2026-05-22 01:25:00,0,234.38,728.12,-2.01,31.28,35.55,230.18,0.22,103.35,85.35,45.56
2026-05-22 01:30:00,0,234.38,728.12,-2.01,32.35,38.06,303.26,0.13,135.15,111.56,43.57
2026-05-22 01:35:00,0,234.38,728.12,-2.01,31.78,35.78,216.38,0.25,111.69,87.11,43.78
2026-05-22 01:40:00,0,234.38,728.12,-2.01,32.0,37.0,235.88,0.21,111.46,87.41,44.82
2026-05-22 01:45:00,0,234.38,728.12,-2.01,31.86,37.69,272.85,0.18,128.54,91.28,45.08
2026-05-22 01:50:00,0,234.38,728.12,-2.01,32.15,35.35,247.17,0.18,112.18,86.92,46.09
2026-05-22 01:55:00,0,234.38,728.12,-2.01,31.73,37.49,276.68,0.14,140.83,94.11,44.54
2026-05-22 02:00:00,0,234.38,728.12,-2.01,31.38,36.28,226.7,0.23,108.68,86.65,44.72
2026-05-22 02:05:00,0,234.38,728.12,-2.01,32.73,38.34,271.76,0.16,124.8,90.62,43.56
2026-05-22 02:10:00,0,234.38,728.12,-2.01,31.87,38.74,258.54,0.18,114.17,88.51,42.95
2026-05-22 02:15:00,0,234.38,728.12,-2.01,32.4,38.99,244.09,0.2,113.01,108.48,45.02
2026-05-22 02:20:00,0,234.38,728.12,-2.01,32.5,38.75,297.43,0.13,143.65,95.25,41.76
2026-05-22 02:25:00,0,234.38,728.12,-2.01,32.68,37.92,319.1,0.13,161.97,116.67,42.98
2026-05-22 02:30:00,0,234.38,728.12,-2.01,32.78,35.62,325.78,0.1,148.51,95.38,42.4
2026-05-22 02:35:00,0,234.38,728.12,-2.01,31.91,38.58,199.81,0.31,96.81,85.42,43.07
2026-05-22 02:40:00,0,234.38,728.12,-2.01,32.97,36.18,198.57,0.3,92.96,83.9,42.34
2026-05-22 02:45:00,0,234.38,728.12,-2.01,32.03,36.27,244.88,0.19,119.53,88.79,43.19
2026-05-22 02:50:00,0,234.38,728.12,-2.01,33.96,36.14,288.01,0.15,123.38,89.51,42.46
2026-05-22 02:55:00,0,234.38,728.12,-2.01,32.31,36.38,243.89,0.18,109.67,86.78,41.94
2026-05-22 03:00:00,0,234.38,728.12,-2.01,33.12,34.95,270.23,0.16,134.77,91.76,41.77
2026-05-22 03:05:00,0,234.38,728.12,-2.01,32.51,34.58,239.97,0.19,112.81,86.8,40.49
2026-05-22 03:10:00,0,234.38,728.12,-2.01,33.83,35.66,238.91,0.19,106.63,85.96,42.11
2026-05-22 03:15:00,0,234.38,728.12,-2.01,33.85,37.04,226.7,0.25,110.6,87.34,40.66
2026-05-22 03:20:00,0,234.38,728.12,-2.01,33.97,36.61,237.77,0.2,119.56,88.94,42.93
2026-05-22 03:25:00,0,234.38,728.12,-2.01,34.71,32.13,196.34,0.25,87.32,81.47,42.42
2026-05-22 03:30:00,0,234.38,728.12,-2.01,34.55,31.47,215.57,0.21,102.04,83.67,42.76
2026-05-22 03:35:00,0,234.38,728.12,-2.01,33.38,34.3,200.25,0.28,91.55,82.97,41.41
2026-05-22 03:40:00,0,234.38,728.12,-2.01,33.86,29.44,226.66,0.17,102.16,82.9,40.82
2026-05-22 03:45:00,0,234.38,728.12,-2.01,33.82,31.36,300.75,0.11,145.65,93.15,41.72
2026-05-22 03:50:00,0,234.38,728.12,-2.01,34.61,31.6,217.14,0.21,102.61,83.82,43.9
2026-05-22 03:55:00,0,234.38,728.12,-2.01,34.54,33.37,226.17,0.2,109.65,85.76,41.07
2026-05-22 04:00:00,0,234.38,728.12,-2.01,34.52,30.33,298.61,0.11,133.1,89.64,40.42
2026-05-22 04:05:00,0,234.38,728.12,-2.01,34.65,31.87,230.07,0.19,112.53,85.8,41.44
2026-05-22 04:10:00,0,234.38,728.12,-2.01,34.82,29.21,272.14,0.11,121.8,86.66,41.73
2026-05-22 04:15:00,0,234.38,728.12,-2.01,35.51,27.23,270.55,0.11,129.04,87.6,41.02
2026-05-22 04:20:00,0,234.38,728.12,-2.01,34.86,28.01,283.06,0.11,146.78,92.28,39.26
2026-05-22 04:25:00,0,234.38,728.12,-2.01,35.5,27.32,297.78,0.1,138.56,89.91,39.57
2026-05-22 04:30:00,0,234.38,728.12,-2.01,35.72,27.64,262.38,0.12,129.26,87.82,40.7
2026-05-22 04:35:00,0,234.38,728.12,-2.01,35.25,27.11,173.39,0.29,82.54,79.07,40.18
2026-05-22 04:40:00,0,234.38,728.12,-2.01,36.02,26.36,292.99,0.1,135.08,88.72,40.94
2026-05-22 04:45:00,0,234.38,728.12,-2.01,35.34,27.68,233.73,0.17,114.23,84.64,40.31
2026-05-22 04:50:00,0,234.38,728.12,-2.01,36.36,26.46,218.88,0.17,105.35,82.46,38.81
2026-05-22 04:55:00,0,234.38,728.12,-2.01,36.6,23.94,195.95,0.2,93.82,79.57,38.59
2026-05-22 05:00:00,0,234.38,728.12,-2.01,36.38,26.57,190.03,0.23,84.98,79.12,39.67
2026-05-22 05:05:00,0,234.38,728.12,-2.01,36.21,23.74,195.99,0.19,88.69,78.64,39.28
2026-05-22 05:10:00,0,234.38,728.12,-2.01,36.38,23.75,234.79,0.14,106.7,81.71,39.09
2026-05-22 05:15:00,0,234.38,728.12,-2.01,36.19,23.69,205.87,0.19,93.8,79.46,40.69
2026-05-22 05:20:00,0,234.38,728.12,-2.01,36.29,22.17,273.71,0.1,123.87,84.63,38.03
2026-05-22 05:25:00,0,234.38,728.12,-2.01,36.85,20.94,270.03,0.08,123.44,84.07,37.99
2026-05-22 05:30:00,0,234.38,728.12,-2.01,37.11,19.95,246.07,0.11,111.82,81.32,39.22
2026-05-22 05:35:00,0,234.38,728.12,-2.01,37.79,21.35,270.17,0.09,137.38,87.51,38.7
2026-05-22 05:40:00,0,234.38,728.12,-2.01,36.91,19.58,223.67,0.13,103.06,79.54,38.9
2026-05-22 05:45:00,0,234.38,728.12,-2.01,37.65,17.04,230.88,0.1,111.53,80.23,38.88
2026-05-22 05:50:00,0,234.38,728.12,-2.01,38.41,18.98,244.81,0.1,116.62,81.96,38.3
2026-05-22 05:55:00,0,234.38,728.12,-2.01,38.69,18.37,240.74,0.1,112.64,80.92,38.03
2026-05-22 06:00:00,0,234.38,728.12,-2.01,37.7,18.77,270.56,0.08,132.14,85.31,38.01
2026-05-22 06:05:00,0,234.38,728.12,-2.01,38.78,15.61,239.22,0.08,107.24,78.85,38.52
2026-05-22 06:10:00,0,234.38,728.12,-2.01,38.54,16.01,305.18,0.05,147.73,88.21,38.98
2026-05-22 06:15:00,0,234.38,728.12,-2.01,38.19,15.39,249.6,0.08,120.11,81.4,37.03
2026-05-22 06:20:00,0,234.38,728.12,-2.01,37.99,14.01,310.48,0.05,146.28,87.13,37.11
2026-05-22 06:25:00,0,234.38,728.12,-2.01,39.18,12.46,255.98,0.06,113.95,79.04,35.87
2026-05-22 06:30:00,0,234.38,728.12,-2.01,38.74,16.42,213.95,0.11,98.26,77.53,35.46
2026-05-22 06:35:00,0,234.38,728.12,-2.01,39.63,15.89,117.22,0.36,53.46,87.98,36.6
2026-05-22 06:40:00,0,234.38,728.12,-2.01,39.89,14.58,243.68,0.09,113.9,79.83,38.81
2026-05-22 06:45:00,0,234.38,728.12,-2.01,39.1,13.11,321.0,0.04,152.73,88.53,37.27
2026-05-22 06:50:00,0,234.38,728.12,-2.01,39.3,9.78,237.09,0.06,112.82,77.87,36.43
2026-05-22 06:55:00,0,234.38,728.12,-2.01,39.48,11.41,229.71,0.07,104.78,76.89,37.63
2026-05-22 07:00:00,0,234.38,728.12,-2.01,40.22,13.75,289.94,0.05,139.87,85.39,35.23
2026-05-22 07:05:00,0,234.38,728.12,-2.01,39.61,14.38,255.02,0.06,117.27,80.4,36.98
2026-05-22 07:10:00,0,234.38,728.12,-2.01,40.17,8.86,288.85,0.03,134.98,82.43,34.72
2026-05-22 07:15:00,0,234.38,728.12,-2.01,40.72,11.12,294.68,0.05,137.38,83.86,35.62
2026-05-22 07:20:00,0,234.38,728.12,-2.01,40.68,12.22,204.01,0.1,95.06,75.48,36.6
2026-05-22 07:25:00,0,234.38,728.12,-2.01,40.12,8.72,209.53,0.06,94.28,74.05,36.24
2026-05-22 07:30:00,0,234.38,728.12,-2.01,41.08,11.77,240.87,0.07,115.69,79.18,35.89
2026-05-22 07:35:00,0,234.38,728.12,-2.01,40.62,10.92,171.94,0.12,82.88,73.12,34.99
2026-05-22 07:40:00,0,234.38,728.12,-2.01,40.73,12.41,230.21,0.07,109.7,78.19,35.92
2026-05-22 07:45:00,0,234.38,728.12,-2.01,40.93,12.57,234.13,0.07,110.57,78.42,36.24
2026-05-22 07:50:00,0,234.38,728.12,-2.01,40.4,8.05,315.62,0.03,157.31,88.02,35.37
2026-05-22 07:55:00,0,234.38,728.12,-2.01,41.26,7.43,303.83,0.02,154.6,87.03,36.81
2026-05-22 08:00:00,0,234.38,728.12,-2.01,41.62,10.87,245.66,0.06,115.79,92.77,37.02
2026-05-22 08:05:00,0,234.38,728.12,-2.01,42.24,9.93,226.97,0.07,112.09,77.8,33.91
2026-05-22 08:10:00,0,234.38,728.12,-2.01,41.99,8.76,241.54,0.04,110.8,77.07,32.48
2026-05-22 08:15:00,0,234.38,728.12,-2.01,41.83,10.65,283.08,0.04,132.81,82.56,33.1
2026-05-22 08:20:00,0,234.38,728.12,-2.01,41.46,8.07,283.47,0.03,126.04,80.06,33.17
2026-05-22 08:25:00,0,234.38,728.12,-2.01,40.99,11.52,232.32,0.07,104.2,76.82,33.3
2026-05-22 08:30:00,0,234.38,728.12,-2.01,42.21,11.14,255.44,0.05,118.55,79.53,36.08
2026-05-22 08:35:00,0,234.38,728.12,-2.01,42.0,11.62,204.33,0.1,96.24,75.48,32.37
2026-05-22 08:40:00,0,234.38,728.12,-2.01,41.88,10.45,230.52,0.06,108.86,77.32,33.29
2026-05-22 08:45:00,0,234.38,728.12,-2.01,42.54,10.54,318.69,0.03,152.32,87.51,33.88
2026-05-22 08:50:00,0,234.38,728.12,-2.01,42.88,12.19,171.39,0.13,88.33,74.43,34.27
2026-05-22 08:55:00,0,234.38,728.12,-2.01,42.97,8.5,330.89,0.02,150.64,86.32,32.92
2026-05-22 09:00:00,0,234.38,728.12,-2.01,43.01,13.15,306.28,0.05,145.12,86.54,34.02
2026-05-22 09:05:00,0,234.38,728.12,-2.01,43.48,12.45,253.37,0.06,109.97,78.24,32.27
2026-05-22 09:10:00,0,234.38,728.12,-2.01,43.94,9.46,281.43,0.04,139.58,83.81,33.21
2026-05-22 09:15:00,0,234.38,728.12,-2.01,42.51,15.3,258.85,0.07,124.67,82.36,34.67
2026-05-22 09:20:00,0,234.38,728.12,-2.01,42.72,12.0,279.25,0.05,134.82,83.54,32.54
2026-05-22 09:25:00,0,234.38,728.12,-2.01,43.82,14.61,296.16,0.05,141.47,86.11,33.2
2026-05-22 09:30:00,0,234.38,728.12,-2.01,43.23,13.51,289.0,0.05,135.71,84.29,32.71
2026-05-22 09:35:00,0,234.38,728.12,-2.01,43.61,15.58,216.96,0.11,105.64,78.6,31.95
2026-05-22 09:40:00,0,234.38,728.12,-2.01,42.88,15.11,207.5,0.11,101.0,77.57,31.68
2026-05-22 09:45:00,0,234.38,728.12,-2.01,43.54,16.95,289.3,0.06,139.93,86.56,32.84
2026-05-22 09:50:00,0,234.38,728.12,-2.01,43.61,14.26,271.53,0.06,125.22,82.1,32.18
2026-05-22 09:55:00,0,234.38,728.12,-2.01,43.42,18.79,236.63,0.1,104.94,79.57,30.76
2026-05-22 10:00:00,0,234.38,728.12,-2.01,44.41,20.07,255.49,0.09,119.12,82.86,31.34
2026-05-22 10:05:00,0,234.38,728.12,-2.01,43.64,19.05,274.27,0.08,130.72,85.09,31.84
2026-05-22 10:10:00,0,234.38,728.12,-2.01,45.06,18.35,254.99,0.1,124.85,83.54,31.23
2026-05-22 10:15:00,0,234.38,728.12,-2.01,44.74,17.48,203.9,0.12,98.96,78.06,32.94
2026-05-22 10:20:00,0,234.38,728.12,-2.01,44.7,19.81,307.46,0.07,142.38,88.2,31.69
2026-05-22 10:25:00,0,234.38,728.12,-2.01,44.07,20.45,143.84,0.33,68.93,74.98,30.22
2026-05-22 10:30:00,0,234.38,728.12,-2.01,44.16,21.75,284.34,0.08,133.03,86.58,30.53
2026-05-22 10:35:00,0,234.38,728.12,-2.01,43.87,19.54,251.61,0.09,111.93,81.18,31.73
2026-05-22 10:40:00,0,234.38,728.12,-2.01,45.03,22.58,318.22,0.07,145.06,89.87,30.53
2026-05-22 10:45:00,0,234.38,728.12,-2.01,44.12,22.03,245.2,0.11,114.0,82.51,30.14
2026-05-22 10:50:00,0,234.38,728.12,-2.01,44.15,22.76,186.24,0.21,93.7,79.17,31.19
2026-05-22 10:55:00,0,234.38,728.12,-2.01,44.85,25.43,309.55,0.09,160.59,95.17,29.78
2026-05-22 11:00:00,0,234.38,728.12,-2.01,44.74,25.51,259.84,0.11,118.82,84.74,29.79
2026-05-22 11:05:00,0,234.38,728.12,-2.01,44.84,25.85,200.79,0.2,97.18,80.83,28.43
2026-05-22 11:10:00,0,234.38,728.12,-2.01,44.54,28.92,246.98,0.16,116.97,85.64,29.77
2026-05-22 11:15:00,0,234.38,728.12,-2.01,45.42,27.5,166.55,0.31,75.47,78.26,30.55
2026-05-22 11:20:00,0,234.38,728.12,-2.01,44.04,29.38,297.69,0.1,142.24,91.58,30.55
2026-05-22 11:25:00,0,234.38,728.12,-2.01,44.93,28.27,231.06,0.17,114.06,84.83,30.53
2026-05-22 11:30:00,0,234.38,728.12,-2.01,44.27,31.75,341.68,0.09,155.79,96.02,32.4
2026-05-22 11:35:00,0,234.38,728.12,-2.01,44.87,28.87,222.11,0.19,105.91,83.46,27.63
2026-05-22 11:40:00,0,234.38,728.12,-2.01,45.36,26.8,253.5,0.13,119.86,85.46,28.87
2026-05-22 11:45:00,0,234.38,728.12,-2.01,45.51,31.74,313.26,0.1,138.42,91.44,30.11
2026-05-22 11:50:00,0,234.38,728.12,-2.01,45.38,31.84,197.53,0.25,97.95,83.16,28.8
2026-05-22 11:55:00,0,234.38,728.12,-2.01,45.23,31.62,308.51,0.11,138.47,111.14,29.79
2026-05-22 12:00:00,0,234.38,728.12,-2.01,45.03,33.08,143.8,0.47,62.66,78.94,29.01
2026-05-22 12:05:00,0,234.38,728.12,-2.01,44.72,32.31,252.0,0.16,123.09,88.15,28.84
2026-05-22 12:10:00,0,234.38,728.12,-2.01,45.67,33.63,254.26,0.18,114.51,86.82,29.22
2026-05-22 12:15:00,0,234.38,728.12,-2.01,45.27,36.73,171.09,0.38,83.21,82.73,28.19
2026-05-22 12:20:00,0,234.38,728.12,-2.01,44.98,36.05,246.25,0.18,110.28,86.81,27.91
2026-05-22 12:25:00,0,234.38,728.12,-2.01,44.39,36.89,229.67,0.22,109.31,86.99,28.87
2026-05-22 12:30:00,0,234.38,728.12,-2.01,45.39,37.41,289.34,0.15,135.91,92.9,30.05
2026-05-22 12:35:00,0,234.38,728.12,-2.01,45.83,39.13,248.26,0.19,117.99,89.49,25.64
2026-05-22 12:40:00,0,234.38,728.12,-2.01,44.92,38.68,335.59,0.11,156.68,98.74,28.28
2026-05-22 12:45:00,0,234.38,728.12,-2.01,44.22,36.99,351.53,0.1,159.01,98.78,26.97
2026-05-22 12:50:00,0,234.38,728.12,-2.01,44.46,37.9,305.14,0.13,137.54,93.43,28.23
2026-05-22 12:55:00,0,234.38,728.12,-2.01,44.88,40.36,186.61,0.38,91.17,85.25,27.05
2026-05-22 13:00:00,0,234.38,728.12,-2.01,44.08,39.19,183.44,0.37,85.1,83.86,27.61
2026-05-22 13:05:00,0,234.38,728.12,-2.01,44.91,36.71,217.79,0.25,103.81,85.93,25.44
2026-05-22 13:10:00,0,234.38,728.12,-2.01,44.77,40.35,241.98,0.21,116.11,89.56,25.22
2026-05-22 13:15:00,0,234.38,728.12,-2.01,44.19,39.99,301.12,0.15,129.95,92.38,25.91
2026-05-22 13:20:00,0,234.38,728.12,-2.01,45.12,40.27,291.57,0.15,145.8,96.41,27.26
2026-05-22 13:25:00,0,234.38,728.12,-2.01,44.86,41.77,286.72,0.18,131.54,93.44,25.65
2026-05-22 13:30:00,0,234.38,728.12,-2.01,43.64,40.99,236.3,0.23,112.94,89.17,25.83
2026-05-22 13:35:00,0,234.38,728.12,-2.01,43.81,39.06,232.41,0.23,109.69,87.84,26.66
2026-05-22 13:40:00,0,234.38,728.12,-2.01,43.72,42.15,296.43,0.15,140.88,95.8,26.88
2026-05-22 13:45:00,0,234.38,728.12,-2.01,44.6,40.29,271.71,0.16,118.89,90.03,25.8
2026-05-22 13:50:00,0,234.38,728.12,-2.01,44.68,42.14,184.92,0.36,88.25,85.36,25.86
2026-05-22 13:55:00,0,234.38,728.12,-2.01,44.09,40.14,209.17,0.29,97.28,86.03,25.83
2026-05-22 14:00:00,0,234.38,728.12,-2.01,44.62,43.0,211.96,0.32,96.99,87.04,23.82
2026-05-22 14:05:00,0,234.38,728.12,-2.01,43.01,42.07,243.48,0.22,121.44,91.32,25.86
2026-05-22 14:10:00,0,234.38,728.12,-2.01,43.41,41.54,209.87,0.3,94.36,86.03,25.52
2026-05-22 14:15:00,0,234.38,728.12,-2.01,44.12,42.42,350.39,0.11,168.42,103.48,26.48
2026-05-22 14:20:00,0,234.38,728.12,-2.01,43.23,40.2,352.85,0.11,158.39,99.75,25.28
2026-05-22 14:25:00,0,234.38,728.12,-2.01,43.75,41.45,244.09,0.23,120.24,108.59,24.96
2026-05-22 14:30:00,0,234.38,728.12,-2.01,43.14,41.63,226.61,0.26,110.49,88.96,25.07
2026-05-22 14:35:00,0,234.38,728.12,-2.01,43.21,40.94,278.75,0.17,126.78,92.01,23.93
2026-05-22 14:40:00,0,234.38,728.12,-2.01,42.92,40.79,315.73,0.13,160.04,100.47,23.58
2026-05-22 14:45:00,0,234.38,728.12,-2.01,42.99,40.47,314.83,0.13,149.29,97.36,25.55
2026-05-22 14:50:00,0,234.38,728.12,-2.01,42.57,38.63,209.19,0.29,95.06,85.11,24.08
2026-05-22 14:55:00,0,234.38,728.12,-2.01,42.7,39.16,243.05,0.21,116.29,89.18,23.68
2026-05-22 15:00:00,0,234.38,728.12,-2.01,43.33,39.51,275.58,0.16,130.31,92.31,23.24
2026-05-22 15:05:00,0,234.38,728.12,-2.01,43.65,40.6,261.84,0.18,121.96,90.84,23.59
2026-05-22 15:10:00,0,234.38,728.12,-2.01,41.91,38.53,319.53,0.11,147.92,96.28,23.54
2026-05-22 15:15:00,0,234.38,728.12,-2.01,42.13,37.45,321.72,0.11,159.78,99.18,25.36
2026-05-22 15:20:00,0,234.38,728.12,-2.01,42.33,40.02,210.82,0.31,101.21,86.73,21.54
2026-05-22 15:25:00,0,234.38,728.12,-2.01,42.77,38.3,224.6,0.25,99.38,85.67,24.19
2026-05-22 15:30:00,0,234.38,728.12,-2.01,42.14,35.07,276.74,0.14,121.46,88.71,21.92
2026-05-22 15:35:00,0,234.38,728.12,-2.01,42.11,39.41,185.51,0.39,85.85,84.09,23.3
2026-05-22 15:40:00,0,234.38,728.12,-2.01,41.94,37.44,211.73,0.25,92.92,84.25,22.26
2026-05-22 15:45:00,0,234.38,728.12,-2.01,41.81,36.13,281.26,0.14,132.82,91.68,21.59
2026-05-22 15:50:00,0,234.38,728.12,-2.01,43.14,31.97,169.37,0.35,80.04,80.54,22.79
2026-05-22 15:55:00,0,234.38,728.12,-2.01,42.05,36.08,268.15,0.15,126.63,90.24,22.07
2026-05-22 16:00:00,0,234.38,728.12,-2.01,41.22,31.16,236.87,0.19,105.56,84.19,19.49
2026-05-22 16:05:00,0,234.38,728.12,-2.01,43.04,33.77,299.26,0.13,135.03,91.37,21.8
2026-05-22 16:10:00,0,234.38,728.12,-2.01,40.54,32.94,274.21,0.13,129.56,89.77,22.7
2026-05-22 16:15:00,0,234.38,728.12,-2.01,41.81,34.21,298.78,0.13,139.22,92.56,20.25
2026-05-22 16:20:00,0,234.38,728.12,-2.01,42.06,29.45,265.65,0.14,126.14,87.79,22.46
2026-05-22 16:25:00,0,234.38,728.12,-2.01,41.26,29.96,219.08,0.21,93.71,81.69,20.68
2026-05-22 16:30:00,0,234.38,728.12,-2.01,40.73,29.06,297.62,0.11,143.2,91.72,21.33
2026-05-22 16:35:00,0,234.38,728.12,-2.01,41.16,32.83,276.18,0.13,133.33,90.63,22.84
2026-05-22 16:40:00,0,234.38,728.12,-2.01,40.42,27.39,185.06,0.24,89.18,80.1,21.19
2026-05-22 16:45:00,0,234.38,728.12,-2.01,40.26,24.89,227.67,0.17,107.07,82.24,20.34
2026-05-22 16:50:00,0,234.38,728.12,-2.01,40.45,27.67,308.5,0.09,150.1,93.02,21.28
2026-05-22 16:55:00,0,234.38,728.12,-2.01,39.84,28.25,201.41,0.22,89.05,80.34,20.8
2026-05-22 17:00:00,0,234.38,728.12,-2.01,39.33,28.28,252.49,0.15,115.51,85.08,21.06
2026-05-22 17:05:00,0,234.38,728.12,-2.01,39.19,25.69,230.83,0.15,101.67,81.47,19.8
2026-05-22 17:10:00,0,234.38,728.12,-2.01,39.91,23.87,252.86,0.13,111.57,82.69,19.1
2026-05-22 17:15:00,0,234.38,728.12,-2.01,39.92,22.45,244.99,0.12,107.52,81.38,19.26
2026-05-22 17:20:00,0,234.38,728.12,-2.01,39.23,23.14,207.74,0.16,96.26,79.63,20.4
2026-05-22 17:25:00,0,234.38,728.12,-2.01,39.26,21.22,376.55,0.04,179.54,99.39,21.05
2026-05-22 17:30:00,0,234.38,728.12,-2.01,39.49,23.48,253.99,0.12,106.42,81.52,19.56
2026-05-22 17:35:00,0,234.38,728.12,-2.01,38.86,22.82,158.78,0.29,75.32,76.54,20.98
2026-05-22 17:40:00,0,234.38,728.12,-2.01,38.65,20.99,187.73,0.2,86.12,77.29,19.65
2026-05-22 17:45:00,0,234.38,728.12,-2.01,38.55,20.58,230.97,0.12,116.81,82.6,18.72
2026-05-22 17:50:00,0,234.38,728.12,-2.01,38.41,18.48,274.9,0.08,128.62,84.39,19.34
2026-05-22 17:55:00,0,234.38,728.12,-2.01,38.07,20.94,266.54,0.1,124.75,84.41,19.98
2026-05-22 18:00:00,0,234.38,728.12,-2.01,37.81,19.77,187.31,0.17,86.47,76.86,18.92
2026-05-22 18:05:00,0,234.38,728.12,-2.01,37.7,16.5,322.82,0.05,137.83,85.84,19.48
2026-05-22 18:10:00,0,234.38,728.12,-2.01,38.4,14.05,330.9,0.04,157.08,90.07,16.03
2026-05-22 18:15:00,0,234.38,728.12,-2.01,36.86,17.76,311.68,0.06,146.55,88.53,18.77
2026-05-22 18:20:00,0,234.38,728.12,-2.01,36.91,14.13,220.32,0.1,105.07,77.95,18.2
2026-05-22 18:25:00,0,234.38,728.12,-2.01,37.03,16.77,371.06,0.04,170.37,94.94,17.84
2026-05-22 18:30:00,0,234.38,728.12,-2.01,37.51,12.27,143.1,0.19,69.4,71.88,17.18
2026-05-22 18:35:00,0,234.38,728.12,-2.01,36.83,15.85,234.56,0.09,113.1,80.11,16.54
2026-05-22 18:40:00,0,234.38,728.12,-2.01,37.19,11.02,231.9,0.06,116.74,79.11,18.53
2026-05-22 18:45:00,0,234.38,728.12,-2.01,36.77,15.27,227.82,0.09,112.59,94.37,17.04
2026-05-22 18:50:00,0,234.38,728.12,-2.01,36.88,10.77,215.91,0.07,104.54,76.61,18.34
2026-05-22 18:55:00,0,234.38,728.12,-2.01,36.58,13.75,240.61,0.07,115.3,79.79,17.82
2026-05-22 19:00:00,0,234.38,728.12,-2.01,36.89,13.08,300.74,0.05,135.6,84.1,18.02
2026-05-22 19:05:00,0,234.38,728.12,-2.01,36.23,10.53,251.98,0.05,115.95,78.75,17.06
2026-05-22 19:10:00,0,234.38,728.12,-2.01,34.73,16.41,221.09,0.12,104.14,78.61,18.9
2026-05-22 19:15:00,0,234.38,728.12,-2.01,35.32,10.89,278.59,0.04,132.86,82.64,16.19
2026-05-22 19:20:00,0,234.38,728.12,-2.01,36.04,11.23,188.36,0.11,91.56,74.56,15.76
2026-05-22 19:25:00,0,234.38,728.12,-2.01,36.24,14.57,253.06,0.07,117.36,80.5,16.3
2026-05-22 19:30:00,0,234.38,728.12,-2.01,36.29,10.66,282.95,0.04,135.73,83.26,16.5
2026-05-22 19:35:00,0,234.38,728.12,-2.01,34.98,10.83,292.13,0.04,141.04,84.64,17.9
2026-05-22 19:40:00,0,234.38,728.12,-2.01,34.35,11.77,231.76,0.07,103.77,76.82,16.79
2026-05-22 19:45:00,0,234.38,728.12,-2.01,35.53,10.08,202.59,0.08,97.9,75.18,15.47
2026-05-22 19:50:00,0,234.38,728.12,-2.01,35.61,11.11,278.06,0.05,135.01,83.26,15.85
2026-05-22 19:55:00,0,234.38,728.12,-2.01,35.31,12.91,252.51,0.07,108.29,78.08,17.18
2026-05-22 20:00:00,0,234.38,728.12,-2.01,35.14,8.65,251.81,0.04,120.25,78.99,15.52
2026-05-22 20:05:00,0,234.38,728.12,-2.01,34.37,9.34,288.59,0.04,143.61,84.78,14.69
2026-05-22 20:10:00,0,234.38,728.12,-2.01,34.1,10.97,138.18,0.19,63.69,70.73,15.22
2026-05-22 20:15:00,0,234.38,728.12,-2.01,34.65,8.59,219.99,0.06,105.14,75.94,14.91
2026-05-22 20:20:00,0,234.38,728.12,-2.01,34.27,11.6,297.83,0.04,138.81,84.35,14.95
2026-05-22 20:25:00,0,234.38,728.12,-2.01,33.26,11.7,202.84,0.09,94.93,75.25,16.14
2026-05-22 20:30:00,0,234.38,728.12,-2.01,34.33,9.22,252.81,0.05,116.82,78.47,15.5
2026-05-22 20:35:00,0,234.38,728.12,-2.01,33.28,9.22,165.23,0.11,78.38,71.84,14.82
2026-05-22 20:40:00,0,234.38,728.12,-2.01,34.39,11.83,255.11,0.06,126.73,81.58,13.73
2026-05-22 20:45:00,0,234.38,728.12,-2.01,33.89,12.45,249.88,0.07,113.16,78.88,15.68
2026-05-22 20:50:00,0,234.38,728.12,-2.01,33.57,12.29,221.72,0.08,108.92,78.0,14.06
2026-05-22 20:55:00,0,234.38,728.12,-2.01,32.86,12.39,322.09,0.04,155.41,89.01,14.43
2026-05-22 21:00:00,0,234.38,728.12,-2.01,32.9,13.26,90.16,0.48,39.64,69.87,13.79
2026-05-22 21:05:00,0,234.38,728.12,-2.01,32.91,13.54,200.74,0.1,98.94,76.61,13.51
2026-05-22 21:10:00,0,234.38,728.12,-2.01,32.88,14.86,200.9,0.12,92.42,75.99,14.2
2026-05-22 21:15:00,0,234.38,728.12,-2.01,33.53,16.27,307.43,0.06,147.6,88.28,13.26
2026-05-22 21:20:00,0,234.38,728.12,-2.01,33.19,12.36,259.65,0.06,116.35,79.49,14.15
2026-05-22 21:25:00,0,234.38,728.12,-2.01,31.78,16.21,237.55,0.1,109.75,79.57,13.25
2026-05-22 21:30:00,0,234.38,728.12,-2.01,32.62,13.78,284.67,0.05,135.81,84.38,13.8
2026-05-22 21:35:00,0,234.38,728.12,-2.01,32.11,14.23,270.97,0.06,136.34,84.69,15.73
2026-05-22 21:40:00,0,234.38,728.12,-2.01,32.95,17.2,257.62,0.08,127.97,83.78,14.86
2026-05-22 21:45:00,0,234.38,728.12,-2.01,32.42,15.82,314.2,0.05,147.72,88.13,13.52
2026-05-22 21:50:00,0,234.38,728.12,-2.01,32.32,18.01,173.03,0.19,83.65,75.84,14.24
2026-05-22 21:55:00,0,234.38,728.12,-2.01,32.18,14.63,218.67,0.1,104.71,78.05,13.75
2026-05-22 22:00:00,0,234.38,728.12,-2.01,32.29,20.17,280.64,0.08,132.98,86.0,12.58
2026-05-22 22:05:00,0,234.38,728.12,-2.01,31.8,19.04,276.34,0.09,130.51,85.03,14.0
2026-05-22 22:10:00,0,234.38,728.12,-2.01,31.78,20.53,285.85,0.08,135.35,86.69,13.68
2026-05-22 22:15:00,0,234.38,728.12,-2.01,31.93,19.39,281.61,0.08,131.31,85.32,13.38
2026-05-22 22:20:00,0,234.38,728.12,-2.01,32.01,18.34,202.56,0.15,99.29,78.45,14.16
2026-05-22 22:25:00,0,234.38,728.12,-2.01,31.45,22.3,246.81,0.12,119.07,83.66,11.66
2026-05-22 22:30:00,0,234.38,728.12,-2.01,31.76,24.33,264.2,0.11,128.49,86.45,11.61
2026-05-22 22:35:00,0,234.38,728.12,-2.01,31.81,22.67,280.93,0.09,132.09,86.68,13.32
2026-05-22 22:40:00,0,234.38,728.12,-2.01,30.74,25.13,252.65,0.12,117.35,84.29,11.25
2026-05-22 22:45:00,0,234.38,728.12,-2.01,31.49,25.58,251.37,0.13,123.24,85.74,12.18
2026-05-22 22:50:00,0,234.38,728.12,-2.01,31.64,24.62,242.75,0.14,112.86,83.22,12.5
2026-05-22 22:55:00,0,234.38,728.12,-2.01,30.47,26.49,214.09,0.19,106.84,82.78,12.29
2026-05-22 23:00:00,0,234.38,728.12,-2.01,31.01,27.48,189.75,0.24,90.66,80.35,11.76
2026-05-22 23:05:00,0,234.38,728.12,-2.01,30.32,24.69,266.18,0.11,117.02,84.04,11.8
2026-05-22 23:10:00,0,234.38,728.12,-2.01,32.03,27.52,194.79,0.25,82.94,79.18,11.13
2026-05-22 23:15:00,0,234.38,728.12,-2.01,31.26,17.95,246.56,0.1,122.95,82.94,10.93
2026-05-22 23:20:00,0,234.38,728.12,-2.01,31.27,16.77,200.62,0.13,88.66,76.06,10.81
2026-05-22 23:25:00,0,234.38,728.12,-2.01,30.79,18.43,231.83,0.11,110.06,80.43,9.66
2026-05-22 23:30:00,0,234.38,728.12,-2.01,30.87,17.77,227.24,0.1,111.63,80.49,12.26
2026-05-22 23:35:00,0,234.38,728.12,-2.01,31.71,19.41,206.42,0.15,95.4,78.14,9.18
2026-05-22 23:40:00,0,234.38,728.12,-2.01,31.1,19.35,233.33,0.11,109.87,80.72,11.4
2026-05-22 23:45:00,0,234.38,728.12,-2.01,30.65,19.28,352.18,0.05,163.73,93.83,9.18
2026-05-22 23:50:00,0,234.38,728.12,-2.01,30.87,19.47,193.83,0.16,91.0,77.45,11.42
2026-05-22 23:55:00,0,234.38,728.12,-2.01,30.78,19.41,243.01,0.1,110.57,80.85,9.53
2026-05-23 00:00:00,0,698.57,-148.57,-1.73,31.28,18.35,240.68,0.1,118.59,82.14,10.28
2026-05-23 00:05:00,0,698.57,-148.57,-1.73,31.01,19.54,237.19,0.1,117.78,82.38,9.96
2026-05-23 00:10:00,0,698.57,-148.57,-1.73,31.19,19.26,311.58,0.06,149.92,89.95,9.81
2026-05-23 00:15:00,0,698.57,-148.57,-1.73,31.22,21.55,280.56,0.09,138.85,87.93,8.77
2026-05-23 00:20:00,0,698.57,-148.57,-1.73,30.82,20.5,172.73,0.21,83.02,76.66,11.12
2026-05-23 00:25:00,0,698.57,-148.57,-1.73,30.85,14.0,226.28,0.09,106.44,78.14,9.73
2026-05-23 00:30:00,0,698.57,-148.57,-1.73,31.49,14.19,203.36,0.11,93.52,75.92,10.23
2026-05-23 00:35:00,0,698.57,-148.57,-1.73,32.22,14.69,283.79,0.06,140.09,85.79,9.12
2026-05-23 00:40:00,0,698.57,-148.57,-1.73,30.39,13.1,311.22,0.04,136.73,84.35,9.35
2026-05-23 00:45:00,0,698.57,-148.57,-1.73,31.01,15.16,232.23,0.09,106.86,78.62,8.55
2026-05-23 00:50:00,0,698.57,-148.57,-1.73,31.26,14.52,276.4,0.07,125.4,82.23,8.93
2026-05-23 00:55:00,0,698.57,-148.57,-1.73,30.97,15.13,192.81,0.13,92.36,76.09,7.89
2026-05-23 01:00:00,0,698.57,-148.57,-1.73,31.42,15.08,283.5,0.05,142.67,86.56,8.72
2026-05-23 01:05:00,0,698.57,-148.57,-1.73,31.24,14.25,231.59,0.09,109.5,78.82,9.08
2026-05-23 01:10:00,0,698.57,-148.57,-1.73,31.06,14.52,293.85,0.06,139.27,85.52,9.01
2026-05-23 01:15:00,0,698.57,-148.57,-1.73,31.05,14.35,198.46,0.13,90.42,75.5,9.68
2026-05-23 01:20:00,0,698.57,-148.57,-1.73,31.49,14.05,204.97,0.11,95.12,76.14,8.08
2026-05-23 01:25:00,0,698.57,-148.57,-1.73,31.12,14.89,292.3,0.06,134.2,84.4,8.36
2026-05-23 01:30:00,0,698.57,-148.57,-1.73,31.49,14.48,200.59,0.11,89.62,75.37,8.89
2026-05-23 01:35:00,0,698.57,-148.57,-1.73,31.12,14.66,344.26,0.04,168.41,93.59,8.11
2026-05-23 01:40:00,0,698.57,-148.57,-1.73,32.41,13.89,211.87,0.1,102.48,77.37,5.73
2026-05-23 01:45:00,0,698.57,-148.57,-1.73,31.83,14.45,275.83,0.06,135.91,84.66,9.09
2026-05-23 01:50:00,0,698.57,-148.57,-1.73,32.08,13.71,177.38,0.15,86.73,74.73,6.9
2026-05-23 01:55:00,0,698.57,-148.57,-1.73,31.74,12.98,300.74,0.05,142.91,85.88,6.24
2026-05-23 02:00:00,0,698.57,-148.57,-1.73,32.45,13.95,240.29,0.08,116.21,80.06,9.07
2026-05-23 02:05:00,0,698.57,-148.57,-1.73,31.98,12.68,263.71,0.06,131.38,82.95,6.57
2026-05-23 02:10:00,0,698.57,-148.57,-1.73,31.8,14.15,315.79,0.05,147.44,87.48,6.28
2026-05-23 02:15:00,0,698.57,-148.57,-1.73,31.73,12.72,176.95,0.14,83.8,73.91,7.54
2026-05-23 02:20:00,0,698.57,-148.57,-1.73,32.84,13.83,305.24,0.05,145.95,86.97,7.11
2026-05-23 02:25:00,0,698.57,-148.57,-1.73,33.0,12.25,228.43,0.08,112.28,78.66,8.42
2026-05-23 02:30:00,0,698.57,-148.57,-1.73,32.77,11.83,216.53,0.08,96.45,75.53,6.1
2026-05-23 02:35:00,0,698.57,-148.57,-1.73,32.78,12.65,339.95,0.04,159.2,90.18,5.34
2026-05-23 02:40:00,0,698.57,-148.57,-1.73,33.55,12.11,262.39,0.05,125.96,81.48,5.89
2026-05-23 02:45:00,0,698.57,-148.57,-1.73,32.61,11.82,267.82,0.05,127.56,81.74,7.74
2026-05-23 02:50:00,0,698.57,-148.57,-1.73,33.3,11.89,253.89,0.06,119.0,79.89,3.86
2026-05-23 02:55:00,0,698.57,-148.57,-1.73,33.25,10.69,228.95,0.06,108.69,77.36,5.75
2026-05-23 03:00:00,0,698.57,-148.57,-1.73,33.39,10.86,286.59,0.04,128.62,81.63,5.59
2026-05-23 03:05:00,0,698.57,-148.57,-1.73,32.95,9.74,295.04,0.03,141.59,100.83,4.71
2026-05-23 03:10:00,0,698.57,-148.57,-1.73,33.36,9.78,295.45,0.04,135.4,82.86,5.07
2026-05-23 03:15:00,0,698.57,-148.57,-1.73,32.39,10.0,305.37,0.03,145.25,85.41,4.3
2026-05-23 03:20:00,0,698.57,-148.57,-1.73,33.57,9.92,251.58,0.05,120.57,79.52,5.11
2026-05-23 03:25:00,0,698.57,-148.57,-1.73,33.34,9.48,276.35,0.04,127.29,80.84,4.74
2026-05-23 03:30:00,0,698.57,-148.57,-1.73,33.68,9.39,201.28,0.07,94.04,74.25,5.17
2026-05-23 03:35:00,0,698.57,-148.57,-1.73,34.45,5.92,360.64,0.02,176.09,92.88,4.29
2026-05-23 03:40:00,0,698.57,-148.57,-1.73,34.33,5.98,237.28,0.03,113.66,76.64,4.19
2026-05-23 03:45:00,0,698.57,-148.57,-1.73,34.46,5.65,288.44,0.02,141.44,82.89,5.1
2026-05-23 03:50:00,0,698.57,-148.57,-1.73,34.07,6.09,226.26,0.04,109.17,75.8,4.92
2026-05-23 03:55:00,0,698.57,-148.57,-1.73,34.99,5.17,209.58,0.04,95.25,72.92,4.03
2026-05-23 04:00:00,0,698.57,-148.57,-1.73,34.29,4.21,265.91,0.02,128.27,79.18,3.43
2026-05-23 04:05:00,0,698.57,-148.57,-1.73,34.9,3.83,388.09,0.01,183.89,94.66,4.75
2026-05-23 04:10:00,0,698.57,-148.57,-1.73,34.24,3.77,270.13,0.02,130.4,79.53,2.67
2026-05-23 04:15:00,0,698.57,-148.57,-1.73,34.56,3.87,198.72,0.03,94.62,72.34,3.32
2026-05-23 04:20:00,0,698.57,-148.57,-1.73,35.97,3.4,232.95,0.02,111.45,75.28,3.44
2026-05-23 04:25:00,0,698.57,-148.57,-1.73,35.34,3.18,182.88,0.03,91.16,71.52,2.97
2026-05-23 04:30:00,0,698.57,-148.57,-1.73,35.45,3.3,244.9,0.02,107.65,74.49,3.74
2026-05-23 04:35:00,0,698.57,-148.57,-1.73,34.47,2.91,229.5,0.02,100.48,73.01,3.63
2026-05-23 04:40:00,0,698.57,-148.57,-1.73,35.32,2.86,155.31,0.04,71.6,68.56,3.11
2026-05-23 04:45:00,0,698.57,-148.57,-1.73,36.2,2.75,249.37,0.01,120.41,76.9,5.05
2026-05-23 04:50:00,0,698.57,-148.57,-1.73,36.19,2.47,291.64,0.01,137.77,80.83,3.33
2026-05-23 04:55:00,0,698.57,-148.57,-1.73,36.38,2.01,284.31,0.01,143.3,82.07,3.23
2026-05-23 05:00:00,0,698.57,-148.57,-1.73,35.69,1.93,199.46,0.02,89.37,70.77,2.0
2026-05-23 05:05:00,0,698.57,-148.57,-1.73,36.27,1.78,291.16,0.01,133.53,79.56,3.25
2026-05-23 05:10:00,0,698.57,-148.57,-1.73,36.16,1.8,221.43,0.01,103.15,73.09,1.69
2026-05-23 05:15:00,0,698.57,-148.57,-1.73,35.63,1.66,308.51,0.01,143.33,81.96,2.3
2026-05-23 05:20:00,0,698.57,-148.57,-1.73,37.16,1.73,245.45,0.01,118.2,76.07,0.43
2026-05-23 05:25:00,0,698.57,-148.57,-1.73,35.94,1.65,262.45,0.01,121.81,76.82,0.65
2026-05-23 05:30:00,0,698.57,-148.57,-1.73,37.12,1.44,199.72,0.01,85.25,69.93,1.94
2026-05-23 05:35:00,0,698.57,-148.57,-1.73,37.6,1.26,166.44,0.01,77.52,68.74,2.29
2026-05-23 05:40:00,0,698.57,-148.57,-1.73,36.94,1.16,292.6,0.0,135.11,79.71,0.0
2026-05-23 05:45:00,0,698.57,-148.57,-1.73,37.55,0.9,287.71,0.0,130.95,78.62,1.68
2026-05-23 05:50:00,0,698.57,-148.57,-1.73,38.05,0.95,162.03,0.01,77.35,68.61,1.55
2026-05-23 05:55:00,0,698.57,-148.57,-1.73,37.99,0.85,300.07,0.0,138.83,80.51,0.26
2026-05-23 06:00:00,0,698.57,-148.57,-1.73,39.17,0.8,253.64,0.0,121.25,76.38,1.98
2026-05-23 06:05:00,0,698.57,-148.57,-1.73,38.01,0.73,276.53,0.0,129.9,78.31,2.22
2026-05-23 06:10:00,0,698.57,-148.57,-1.73,38.57,0.63,187.35,0.01,81.88,69.14,1.49
2026-05-23 06:15:00,0,698.57,-148.57,-1.73,38.7,0.64,206.83,0.0,95.7,71.34,0.14
2026-05-23 06:20:00,0,698.57,-148.57,-1.73,38.2,0.48,268.83,0.0,130.67,78.41,0.0
2026-05-23 06:25:00,0,698.57,-148.57,-1.73,38.87,0.4,276.73,0.0,127.63,77.67,1.31
2026-05-23 06:30:00,0,698.57,-148.57,-1.73,38.68,0.34,314.62,0.0,146.65,82.34,1.43
2026-05-23 06:35:00,0,698.57,-148.57,-1.73,39.3,0.28,350.22,0.0,170.44,89.11,0.12
2026-05-23 06:40:00,0,698.57,-148.57,-1.73,39.7,0.18,265.82,0.0,120.69,76.05,1.6
2026-05-23 06:45:00,0,698.57,-148.57,-1.73,38.53,0.16,277.59,0.0,125.3,77.06,1.18
2026-05-23 06:50:00,0,698.57,-148.57,-1.73,39.56,0.08,217.68,0.0,105.64,72.95,0.0
2026-05-23 06:55:00,0,698.57,-148.57,-1.73,38.86,0.06,255.57,0.0,130.75,78.28,0.53
2026-05-23 07:00:00,0,698.57,-148.57,-1.73,40.0,0.0,268.18,0.0,124.9,76.92,0.0
2026-05-23 07:05:00,0,698.57,-148.57,-1.73,39.93,0.0,240.43,0.0,101.98,72.23,1.53
2026-05-23 07:10:00,0,698.57,-148.57,-1.73,39.96,0.0,242.24,0.0,112.76,74.32,0.0
2026-05-23 07:15:00,0,698.57,-148.57,-1.73,40.08,0.0,252.74,0.0,114.41,87.4,1.34
2026-05-23 07:20:00,0,698.57,-148.57,-1.73,40.83,0.0,276.95,0.0,121.31,76.12,0.12
2026-05-23 07:25:00,0,698.57,-148.57,-1.73,39.84,0.0,320.76,0.0,154.68,84.41,0.09
2026-05-23 07:30:00,0,698.57,-148.57,-1.73,40.9,0.0,223.32,0.0,110.41,73.85,0.22
2026-05-23 07:35:00,0,698.57,-148.57,-1.73,40.63,0.0,161.92,0.0,79.94,68.63,0.0
2026-05-23 07:40:00,0,698.57,-148.57,-1.73,40.48,0.0,215.54,0.0,101.52,72.15,1.25
2026-05-23 07:45:00,0,698.57,-148.57,-1.73,41.14,0.0,336.33,0.0,170.89,89.16,1.15
2026-05-23 07:50:00,0,698.57,-148.57,-1.73,41.53,0.0,226.61,0.0,105.47,72.89,0.96
2026-05-23 07:55:00,0,698.57,-148.57,-1.73,41.41,0.0,300.85,0.0,132.38,78.65,0.0
2026-05-23 08:00:00,0,698.57,-148.57,-1.73,42.23,0.0,276.14,0.0,131.1,78.35,0.61
2026-05-23 08:05:00,0,698.57,-148.57,-1.73,41.15,0.0,240.69,0.0,108.26,73.42,0.0
2026-05-23 08:10:00,0,698.57,-148.57,-1.73,41.61,0.0,304.93,0.0,134.19,79.08,0.0
2026-05-23 08:15:00,0,698.57,-148.57,-1.73,41.83,0.0,266.76,0.0,122.59,76.4,0.0
2026-05-23 08:20:00,0,698.57,-148.57,-1.73,42.33,0.0,262.89,0.0,129.72,78.02,0.83
2026-05-23 08:25:00,0,698.57,-148.57,-1.73,41.99,0.0,215.04,0.0,105.38,72.87,0.0
2026-05-23 08:30:00,0,698.57,-148.57,-1.73,42.76,0.0,325.74,0.0,160.65,86.11,0.79
2026-05-23 08:35:00,0,698.57,-148.57,-1.73,42.71,0.0,259.25,0.0,129.64,78.01,1.55
2026-05-23 08:40:00,0,698.57,-148.57,-1.73,42.21,0.0,259.18,0.0,113.24,74.42,0.0
2026-05-23 08:45:00,0,698.57,-148.57,-1.73,42.6,0.0,179.29,0.0,82.35,68.98,0.88
2026-05-23 08:50:00,0,698.57,-148.57,-1.73,42.33,0.0,304.34,0.0,152.76,83.88,0.0
2026-05-23 08:55:00,0,698.57,-148.57,-1.73,42.52,0.0,244.18,0.0,119.19,75.67,1.05
2026-05-23 09:00:00,0,698.57,-148.57,-1.73,43.02,0.0,261.89,0.0,121.32,76.13,0.0
2026-05-23 09:05:00,0,698.57,-148.57,-1.73,42.52,0.0,265.73,0.0,120.11,75.86,0.82
2026-05-23 09:10:00,0,698.57,-148.57,-1.73,42.93,0.0,269.56,0.0,128.16,77.66,0.0
2026-05-23 09:15:00,0,698.57,-148.57,-1.73,44.48,0.0,258.16,0.0,119.95,75.83,0.0
2026-05-23 09:20:00,0,698.57,-148.57,-1.73,44.32,0.0,299.22,0.0,140.93,80.76,0.31
2026-05-23 09:25:00,0,698.57,-148.57,-1.73,43.55,0.0,262.6,0.0,114.41,74.66,0.0
2026-05-23 09:30:00,0,698.57,-148.57,-1.73,44.49,0.0,283.39,0.0,131.12,78.36,0.0
2026-05-23 09:35:00,0,698.57,-148.57,-1.73,43.21,0.0,276.97,0.0,132.69,78.73,0.0
2026-05-23 09:40:00,0,698.57,-148.57,-1.73,43.14,0.0,333.92,0.0,149.26,82.93,0.96
2026-05-23 09:45:00,0,698.57,-148.57,-1.73,44.0,0.0,297.35,0.0,143.33,81.37,0.0
2026-05-23 09:50:00,0,698.57,-148.57,-1.73,44.18,0.0,201.05,0.0,92.8,70.63,0.0
2026-05-23 09:55:00,0,698.57,-148.57,-1.73,43.31,0.0,246.06,0.0,120.1,85.02,0.0
2026-05-23 10:00:00,0,698.57,-148.57,-1.73,44.33,0.0,279.87,0.0,136.98,79.77,0.0
2026-05-23 10:05:00,0,698.57,-148.57,-1.73,44.73,0.0,164.1,0.0,76.53,68.16,0.71
2026-05-23 10:10:00,0,698.57,-148.57,-1.73,44.18,0.0,253.01,0.0,117.86,75.39,0.36
2026-05-23 10:15:00,0,698.57,-148.57,-1.73,44.54,0.0,257.17,0.0,118.28,75.48,91.36
2026-05-23 10:20:00,0,698.57,-148.57,-1.73,43.61,41.71,263.03,0.19,119.18,90.64,91.52
2026-05-23 10:25:00,0,698.57,-148.57,-1.73,44.33,43.01,284.71,0.17,133.16,94.23,88.66
2026-05-23 10:30:00,0,698.57,-148.57,-1.73,44.34,45.57,211.72,0.34,106.41,89.71,90.16
2026-05-23 10:35:00,0,698.57,-148.57,-1.73,44.71,40.86,253.26,0.21,117.28,106.46,90.64
2026-05-23 10:40:00,0,698.57,-148.57,-1.73,43.98,39.46,252.84,0.2,129.65,92.22,87.91
2026-05-23 10:45:00,0,698.57,-148.57,-1.73,44.27,43.77,270.78,0.2,125.62,92.81,87.88
2026-05-23 10:50:00,0,698.57,-148.57,-1.73,44.67,45.71,261.22,0.2,119.32,92.1,88.62
2026-05-23 10:55:00,0,698.57,-148.57,-1.73,44.19,47.64,205.82,0.35,93.43,88.11,88.35
2026-05-23 11:00:00,0,698.57,-148.57,-1.73,44.37,53.87,219.87,0.37,101.69,91.78,88.75
2026-05-23 11:05:00,0,698.57,-148.57,-1.73,44.82,50.73,210.39,0.35,99.66,90.28,89.07
2026-05-23 11:10:00,0,698.57,-148.57,-1.73,44.32,44.55,257.97,0.23,116.67,91.19,86.64
2026-05-23 11:15:00,0,698.57,-148.57,-1.73,44.42,52.38,244.24,0.3,109.83,92.67,86.82
2026-05-23 11:20:00,0,698.57,-148.57,-1.73,44.84,52.89,257.3,0.26,116.85,94.21,89.39
2026-05-23 11:25:00,0,698.57,-148.57,-1.73,45.28,56.11,249.29,0.31,113.65,94.77,88.0
2026-05-23 11:30:00,0,698.57,-148.57,-1.73,44.49,57.42,294.4,0.23,142.12,101.62,88.16
2026-05-23 11:35:00,0,698.57,-148.57,-1.73,46.32,55.05,198.86,0.37,97.19,91.4,87.55
2026-05-23 11:40:00,0,698.57,-148.57,-1.73,44.59,50.59,304.93,0.19,148.4,100.79,88.37
2026-05-23 11:45:00,0,698.57,-148.57,-1.73,45.56,63.69,239.9,0.34,114.31,97.62,88.84
2026-05-23 11:50:00,0,698.57,-148.57,-1.73,44.2,53.43,295.03,0.2,139.03,99.38,87.49
2026-05-23 11:55:00,0,698.57,-148.57,-1.73,45.14,53.03,249.14,0.28,117.39,94.41,88.19
2026-05-23 12:00:00,0,698.57,-148.57,-1.73,45.75,55.5,213.28,0.38,102.24,92.48,86.12
2026-05-23 12:05:00,0,698.57,-148.57,-1.73,44.35,54.14,168.06,0.58,84.94,89.49,87.28
2026-05-23 12:10:00,0,698.57,-148.57,-1.73,44.93,59.91,301.48,0.22,144.34,103.04,85.88
2026-05-23 12:15:00,0,698.57,-148.57,-1.73,45.17,58.41,274.71,0.23,139.04,101.19,86.57
2026-05-23 12:20:00,0,698.57,-148.57,-1.73,45.28,56.36,292.77,0.22,128.21,97.85,86.99
2026-05-23 12:25:00,0,698.57,-148.57,-1.73,45.69,59.39,270.87,0.24,124.61,98.13,86.41
2026-05-23 12:30:00,0,698.57,-148.57,-1.73,44.54,65.7,320.14,0.19,153.6,107.49,86.19
2026-05-23 12:35:00,0,698.57,-148.57,-1.73,45.19,61.59,307.81,0.21,140.3,102.58,87.2
2026-05-23 12:40:00,0,698.57,-148.57,-1.73,45.08,66.12,276.48,0.26,131.86,120.99,87.15
2026-05-23 12:45:00,0,698.57,-148.57,-1.73,44.49,62.0,292.17,0.22,140.91,102.89,86.59
2026-05-23 12:50:00,0,698.57,-148.57,-1.73,44.69,62.69,343.24,0.17,156.84,107.3,85.99
2026-05-23 12:55:00,0,698.57,-148.57,-1.73,44.56,59.4,219.47,0.38,104.57,94.27,86.58
2026-05-23 13:00:00,0,698.57,-148.57,-1.73,43.88,58.18,236.89,0.34,113.01,95.42,85.72
2026-05-23 13:05:00,0,698.57,-148.57,-1.73,44.42,60.49,174.81,0.61,81.95,91.32,84.38
2026-05-23 13:10:00,0,698.57,-148.57,-1.73,44.44,58.57,287.92,0.21,136.09,100.47,85.89
2026-05-23 13:15:00,0,698.57,-148.57,-1.73,45.23,55.31,249.14,0.29,115.96,94.93,85.11
2026-05-23 13:20:00,0,698.57,-148.57,-1.73,44.84,61.36,201.45,0.45,95.05,93.39,84.3
2026-05-23 13:25:00,0,698.57,-148.57,-1.73,44.07,54.61,179.17,0.53,85.24,89.6,83.85
2026-05-23 13:30:00,0,698.57,-148.57,-1.73,44.12,62.85,261.21,0.3,117.75,97.96,83.64
2026-05-23 13:35:00,0,698.57,-148.57,-1.73,44.61,63.34,297.7,0.24,149.41,105.62,84.64
2026-05-23 13:40:00,0,698.57,-148.57,-1.73,44.8,60.08,321.47,0.18,151.44,104.91,84.99
2026-05-23 13:45:00,0,698.57,-148.57,-1.73,44.76,56.82,253.83,0.27,125.61,97.51,84.84
2026-05-23 13:50:00,0,698.57,-148.57,-1.73,43.62,51.65,208.0,0.37,96.46,90.07,84.06
2026-05-23 13:55:00,0,698.57,-148.57,-1.73,43.85,47.16,229.93,0.3,111.93,91.26,84.44
2026-05-23 14:00:00,0,698.57,-148.57,-1.73,43.93,45.82,237.2,0.28,107.95,89.97,84.07
2026-05-23 14:05:00,0,698.57,-148.57,-1.73,44.29,46.49,265.32,0.22,122.48,93.1,82.68
2026-05-23 14:10:00,0,698.57,-148.57,-1.73,43.5,42.97,368.16,0.1,160.3,101.25,84.35
2026-05-23 14:15:00,0,698.57,-148.57,-1.73,44.38,45.54,232.07,0.27,107.02,89.67,81.98
2026-05-23 14:20:00,0,698.57,-148.57,-1.73,43.61,47.83,307.44,0.16,152.09,100.76,84.21
2026-05-23 14:25:00,0,698.57,-148.57,-1.73,43.39,45.45,266.99,0.19,127.18,93.73,84.59
2026-05-23 14:30:00,0,698.57,-148.57,-1.73,43.55,38.37,242.09,0.21,112.94,88.21,83.39
2026-05-23 14:35:00,0,698.57,-148.57,-1.73,44.0,38.02,146.21,0.54,67.19,81.33,81.13
2026-05-23 14:40:00,0,698.57,-148.57,-1.73,43.71,38.02,334.22,0.11,161.23,99.81,83.57
2026-05-23 14:45:00,0,698.57,-148.57,-1.73,43.37,39.04,229.84,0.23,102.23,86.41,80.56
2026-05-23 14:50:00,0,698.57,-148.57,-1.73,42.81,35.11,289.25,0.13,132.33,91.19,82.38
2026-05-23 14:55:00,0,698.57,-148.57,-1.73,43.21,34.16,217.74,0.24,102.25,84.73,80.94
2026-05-23 15:00:00,0,698.57,-148.57,-1.73,44.57,38.18,247.88,0.2,120.74,103.17,80.72
2026-05-23 15:05:00,0,698.57,-148.57,-1.73,42.88,36.44,243.14,0.21,115.26,88.01,82.52
2026-05-23 15:10:00,0,698.57,-148.57,-1.73,43.0,38.09,237.46,0.23,119.35,89.49,82.1
2026-05-23 15:15:00,0,698.57,-148.57,-1.73,42.86,34.55,297.06,0.14,136.14,91.93,82.25
2026-05-23 15:20:00,0,698.57,-148.57,-1.73,42.39,32.98,233.21,0.2,105.34,84.81,79.87
2026-05-23 15:25:00,0,698.57,-148.57,-1.73,42.32,34.16,318.83,0.11,148.0,94.77,80.75
2026-05-23 15:30:00,0,698.57,-148.57,-1.73,41.72,34.31,311.38,0.11,138.91,92.47,81.37
2026-05-23 15:35:00,0,698.57,-148.57,-1.73,42.37,33.92,201.4,0.29,99.57,84.25,82.08
2026-05-23 15:40:00,0,698.57,-148.57,-1.73,41.82,33.53,157.87,0.42,72.32,80.16,79.6
2026-05-23 15:45:00,0,698.57,-148.57,-1.73,41.68,36.29,305.73,0.12,149.31,95.88,80.97
2026-05-23 15:50:00,0,698.57,-148.57,-1.73,41.76,29.75,297.55,0.11,135.74,111.31,80.0
2026-05-23 15:55:00,0,698.57,-148.57,-1.73,41.45,32.26,249.54,0.16,112.39,85.86,78.87
2026-05-23 16:00:00,0,698.57,-148.57,-1.73,41.06,32.89,261.98,0.15,128.31,89.51,80.27
2026-05-23 16:05:00,0,698.57,-148.57,-1.73,41.45,31.16,287.64,0.12,137.79,91.11,79.36
2026-05-23 16:10:00,0,698.57,-148.57,-1.73,41.67,28.56,207.42,0.21,100.59,82.4,80.53
2026-05-23 16:15:00,0,698.57,-148.57,-1.73,41.75,31.87,307.91,0.1,140.02,91.88,80.29
2026-05-23 16:20:00,0,698.57,-148.57,-1.73,41.62,27.62,275.33,0.11,135.65,89.33,79.61
2026-05-23 16:25:00,0,698.57,-148.57,-1.73,41.28,29.19,250.84,0.15,121.93,86.77,80.13
2026-05-23 16:30:00,0,698.57,-148.57,-1.73,40.57,29.19,267.36,0.14,127.56,88.02,80.47
2026-05-23 16:35:00,0,698.57,-148.57,-1.73,40.25,26.72,272.71,0.11,129.28,87.49,81.23
2026-05-23 16:40:00,0,698.57,-148.57,-1.73,40.24,25.27,211.68,0.2,95.7,80.36,78.78
2026-05-23 16:45:00,0,698.57,-148.57,-1.73,40.58,24.03,215.78,0.18,94.4,79.67,78.32
2026-05-23 16:50:00,0,698.57,-148.57,-1.73,39.6,21.78,238.89,0.11,105.34,80.7,78.55
2026-05-23 16:55:00,0,698.57,-148.57,-1.73,40.08,25.2,170.6,0.28,82.79,78.42,78.94
2026-05-23 17:00:00,0,698.57,-148.57,-1.73,40.1,20.11,252.4,0.11,118.48,82.77,78.92
2026-05-23 17:05:00,0,698.57,-148.57,-1.73,39.51,23.4,229.56,0.14,105.86,81.43,78.47
2026-05-23 17:10:00,0,698.57,-148.57,-1.73,40.01,21.39,284.32,0.08,140.81,88.36,79.22
2026-05-23 17:15:00,0,698.57,-148.57,-1.73,39.48,18.83,209.48,0.14,96.18,78.07,79.78
2026-05-23 17:20:00,0,698.57,-148.57,-1.73,38.96,17.35,262.36,0.08,130.01,84.32,78.66
2026-05-23 17:25:00,0,698.57,-148.57,-1.73,39.35,21.19,247.77,0.11,111.89,81.78,79.75
2026-05-23 17:30:00,0,698.57,-148.57,-1.73,39.15,19.24,277.53,0.08,119.23,82.56,77.84
2026-05-23 17:35:00,0,698.57,-148.57,-1.73,38.72,15.74,287.08,0.06,130.16,83.75,77.76
2026-05-23 17:40:00,0,698.57,-148.57,-1.73,39.14,14.6,113.11,0.36,51.5,71.09,76.52
2026-05-23 17:45:00,0,698.57,-148.57,-1.73,38.13,15.47,226.8,0.09,102.25,77.88,76.96
2026-05-23 17:50:00,0,698.57,-148.57,-1.73,37.98,15.41,298.69,0.05,129.01,83.34,76.59
2026-05-23 17:55:00,0,698.57,-148.57,-1.73,38.63,16.48,325.81,0.05,142.35,86.98,77.85
2026-05-23 18:00:00,0,698.57,-148.57,-1.73,37.89,15.34,137.22,0.24,61.92,72.17,76.37
2026-05-23 18:05:00,0,698.57,-148.57,-1.73,37.64,15.61,200.09,0.12,87.99,75.54,78.16
2026-05-23 18:10:00,0,698.57,-148.57,-1.73,38.21,14.2,276.91,0.06,127.2,82.52,77.45
2026-05-23 18:15:00,0,698.57,-148.57,-1.73,36.81,12.45,223.7,0.08,108.44,77.97,75.28
2026-05-23 18:20:00,0,698.57,-148.57,-1.73,37.15,12.79,323.76,0.04,153.22,88.55,77.59
2026-05-23 18:25:00,0,698.57,-148.57,-1.73,36.74,12.04,327.55,0.03,156.22,89.11,76.4
2026-05-23 18:30:00,0,698.57,-148.57,-1.73,37.43,11.1,270.41,0.05,126.85,81.34,77.3
2026-05-23 18:35:00,0,698.57,-148.57,-1.73,36.52,13.05,225.72,0.08,108.14,78.12,78.09
2026-05-23 18:40:00,0,698.57,-148.57,-1.73,36.76,10.16,288.15,0.04,134.36,82.75,74.46
2026-05-23 18:45:00,0,698.57,-148.57,-1.73,36.39,11.24,284.92,0.05,133.08,82.84,75.97
2026-05-23 18:50:00,0,698.57,-148.57,-1.73,35.16,12.04,220.46,0.08,102.43,76.68,76.49
2026-05-23 18:55:00,0,698.57,-148.57,-1.73,36.41,10.7,224.59,0.07,97.79,75.36,76.84
2026-05-23 19:00:00,0,698.57,-148.57,-1.73,36.39,9.49,292.95,0.03,136.2,82.94,74.78
2026-05-23 19:05:00,0,698.57,-148.57,-1.73,35.72,10.43,232.03,0.06,106.46,76.84,74.51
2026-05-23 19:10:00,0,698.57,-148.57,-1.73,36.32,6.86,219.14,0.04,97.11,73.84,76.18
2026-05-23 19:15:00,0,698.57,-148.57,-1.73,36.15,7.6,258.18,0.04,119.41,78.44,76.31
2026-05-23 19:20:00,0,698.57,-148.57,-1.73,35.49,8.07,234.58,0.04,115.63,77.81,74.47
2026-05-23 19:25:00,0,698.57,-148.57,-1.73,35.17,8.41,139.0,0.13,64.44,69.81,76.31
2026-05-23 19:30:00,0,698.57,-148.57,-1.73,35.82,9.15,296.1,0.03,146.46,85.44,75.27
2026-05-23 19:35:00,0,698.57,-148.57,-1.73,35.2,10.5,264.93,0.05,127.05,81.17,74.12
2026-05-23 19:40:00,0,698.57,-148.57,-1.73,34.96,9.62,204.59,0.08,98.8,75.18,75.7
2026-05-23 19:45:00,0,698.57,-148.57,-1.73,34.99,9.49,273.45,0.04,129.82,81.43,74.84
2026-05-23 19:50:00,0,698.57,-148.57,-1.73,34.45,8.35,280.38,0.03,143.43,84.36,74.74
2026-05-23 19:55:00,0,698.57,-148.57,-1.73,34.82,5.65,206.44,0.04,94.02,72.88,75.61
2026-05-23 20:00:00,0,698.57,-148.57,-1.73,34.46,7.13,223.7,0.04,112.08,76.75,73.08
2026-05-23 20:05:00,0,698.57,-148.57,-1.73,34.97,7.94,244.61,0.05,119.19,78.53,73.83
2026-05-23 20:10:00,0,698.57,-148.57,-1.73,34.74,7.47,383.27,0.02,179.46,94.5,74.05
2026-05-23 20:15:00,0,698.57,-148.57,-1.73,34.91,8.41,197.84,0.07,90.31,73.29,73.54
2026-05-23 20:20:00,0,698.57,-148.57,-1.73,33.58,8.48,178.02,0.08,85.07,72.5,73.02
2026-05-23 20:25:00,0,698.57,-148.57,-1.73,33.79,4.98,245.91,0.03,117.62,77.12,74.24
2026-05-23 20:30:00,0,698.57,-148.57,-1.73,34.04,9.96,208.54,0.07,100.28,75.54,74.33
2026-05-23 20:35:00,0,698.57,-148.57,-1.73,35.16,9.76,320.78,0.03,156.01,88.25,72.93
2026-05-23 20:40:00,0,698.57,-148.57,-1.73,33.96,7.47,204.84,0.05,95.03,73.7,72.03
2026-05-23 20:45:00,0,698.57,-148.57,-1.73,33.46,8.01,290.24,0.03,145.39,84.75,73.99
2026-05-23 20:50:00,0,698.57,-148.57,-1.73,32.84,10.97,241.41,0.06,111.26,77.96,72.82
2026-05-23 20:55:00,0,698.57,-148.57,-1.73,32.53,8.75,126.56,0.17,60.28,69.53,72.59
2026-05-23 21:00:00,0,698.57,-148.57,-1.73,33.31,8.08,234.58,0.05,110.94,76.87,73.86
2026-05-23 21:05:00,0,698.57,-148.57,-1.73,31.99,13.39,250.18,0.06,118.96,80.4,73.15
2026-05-23 21:10:00,0,698.57,-148.57,-1.73,32.13,10.5,294.94,0.04,145.19,85.59,72.64
2026-05-23 21:15:00,0,698.57,-148.57,-1.73,32.04,9.15,322.7,0.03,161.93,89.72,71.75
2026-05-23 21:20:00,0,698.57,-148.57,-1.73,31.16,9.76,246.87,0.05,111.61,77.58,73.7
2026-05-23 21:25:00,0,698.57,-148.57,-1.73,33.64,11.84,352.45,0.03,172.87,93.96,73.71
2026-05-23 21:30:00,0,698.57,-148.57,-1.73,31.93,10.76,252.27,0.05,115.54,78.74,72.44
2026-05-23 21:35:00,0,698.57,-148.57,-1.73,32.19,13.73,299.39,0.05,132.99,83.68,72.33
2026-05-23 21:40:00,0,698.57,-148.57,-1.73,31.92,13.99,215.0,0.09,98.18,76.61,71.67
2026-05-23 21:45:00,0,698.57,-148.57,-1.73,31.79,12.04,201.46,0.08,97.6,75.81,72.51
2026-05-23 21:50:00,0,698.57,-148.57,-1.73,32.0,13.53,275.38,0.06,130.89,83.13,70.55
2026-05-23 21:55:00,0,698.57,-148.57,-1.73,32.83,14.87,333.11,0.04,161.46,91.61,70.15
2026-05-23 22:00:00,0,698.57,-148.57,-1.73,32.18,17.16,266.75,0.08,128.64,83.92,72.17
2026-05-23 22:05:00,0,698.57,-148.57,-1.73,32.71,13.73,289.21,0.05,133.14,83.72,70.42
2026-05-23 22:10:00,0,698.57,-148.57,-1.73,31.93,16.35,246.51,0.09,116.49,80.97,70.12
2026-05-23 22:15:00,0,698.57,-148.57,-1.73,31.38,15.88,218.61,0.11,107.91,79.12,71.68
2026-05-23 22:20:00,0,698.57,-148.57,-1.73,32.0,15.41,282.14,0.07,134.91,84.77,70.19
2026-05-23 22:25:00,0,698.57,-148.57,-1.73,31.63,16.21,273.4,0.07,123.7,82.45,71.17
2026-05-23 22:30:00,0,698.57,-148.57,-1.73,30.99,17.49,251.07,0.09,119.33,81.98,72.12
2026-05-23 22:35:00,0,698.57,-148.57,-1.73,31.78,19.04,208.17,0.16,91.44,77.37,69.58
2026-05-23 22:40:00,0,698.57,-148.57,-1.73,30.16,19.11,203.78,0.15,94.2,77.83,70.98
2026-05-23 22:45:00,0,698.57,-148.57,-1.73,31.03,17.9,167.95,0.22,78.0,75.04,68.33
2026-05-23 22:50:00,0,698.57,-148.57,-1.73,31.33,20.26,191.28,0.17,81.34,76.24,70.44
2026-05-23 22:55:00,0,698.57,-148.57,-1.73,31.0,21.14,223.5,0.14,107.26,80.89,69.56
2026-05-23 23:00:00,0,698.57,-148.57,-1.73,31.8,19.25,187.65,0.18,89.5,77.17,71.29
2026-05-23 23:05:00,0,698.57,-148.57,-1.73,31.05,19.12,262.75,0.09,120.27,82.75,70.41
2026-05-23 23:10:00,0,698.57,-148.57,-1.73,31.17,21.54,227.66,0.14,100.14,79.7,70.03
2026-05-23 23:15:00,0,698.57,-148.57,-1.73,30.64,23.77,246.85,0.11,113.05,82.9,68.54
2026-05-23 23:20:00,0,698.57,-148.57,-1.73,31.09,21.08,233.65,0.13,108.43,81.08,70.18
2026-05-23 23:25:00,0,698.57,-148.57,-1.73,30.77,21.21,225.92,0.13,115.16,82.48,70.05
2026-05-23 23:30:00,0,698.57,-148.57,-1.73,31.09,26.73,241.32,0.15,110.47,83.5,67.91
2026-05-23 23:35:00,0,698.57,-148.57,-1.73,30.57,23.7,195.28,0.2,88.9,78.67,68.43
2026-05-23 23:40:00,0,698.57,-148.57,-1.73,30.8,24.65,260.4,0.12,116.52,83.94,68.77
2026-05-23 23:45:00,0,698.57,-148.57,-1.73,31.05,26.07,253.24,0.11,125.96,86.48,68.96
2026-05-23 23:50:00,0,698.57,-148.57,-1.73,31.12,27.35,301.42,0.09,142.62,90.92,69.96
2026-05-23 23:55:00,0,698.57,-148.57,-1.73,31.64,26.67,208.84,0.2,98.31,81.29,68.27
2026-05-24 00:00:00,0,518.8,-168.8,-2.09,29.77,26.4,250.32,0.14,120.54,85.45,69.0
2026-05-24 00:05:00,0,518.8,-168.8,-2.09,31.46,25.46,192.92,0.22,89.08,79.35,68.72
2026-05-24 00:10:00,0,518.8,-168.8,-2.09,31.64,28.36,279.16,0.11,135.85,89.61,68.22
2026-05-24 00:15:00,0,518.8,-168.8,-2.09,30.82,30.78,257.02,0.13,125.13,87.98,68.42
2026-05-24 00:20:00,0,518.8,-168.8,-2.09,31.61,31.99,241.38,0.16,112.7,85.81,67.82
2026-05-24 00:25:00,0,518.8,-168.8,-2.09,31.76,31.12,289.13,0.13,141.28,106.51,67.47
2026-05-24 00:30:00,0,518.8,-168.8,-2.09,30.44,29.62,279.22,0.12,116.77,85.74,69.42
2026-05-24 00:35:00,0,518.8,-168.8,-2.09,31.29,29.35,262.31,0.14,122.81,86.99,67.11
2026-05-24 00:40:00,0,518.8,-168.8,-2.09,31.32,28.41,199.01,0.23,86.14,79.94,67.52
2026-05-24 00:45:00,0,518.8,-168.8,-2.09,29.96,30.37,276.69,0.13,121.67,87.07,66.01
2026-05-24 00:50:00,0,518.8,-168.8,-2.09,31.48,32.73,289.64,0.12,132.06,90.25,67.97
2026-05-24 00:55:00,0,518.8,-168.8,-2.09,30.0,31.24,349.95,0.08,164.48,98.3,69.75
2026-05-24 01:00:00,0,518.8,-168.8,-2.09,30.99,32.52,219.28,0.21,93.96,82.6,67.61
2026-05-24 01:05:00,0,518.8,-168.8,-2.09,31.15,31.31,279.85,0.14,131.22,89.59,66.76
2026-05-24 01:10:00,0,518.8,-168.8,-2.09,30.58,32.52,247.63,0.18,121.49,87.88,65.94
2026-05-24 01:15:00,0,518.8,-168.8,-2.09,31.82,35.34,280.15,0.15,125.55,89.72,66.49
2026-05-24 01:20:00,0,518.8,-168.8,-2.09,31.37,31.71,241.56,0.16,119.26,87.08,66.6
2026-05-24 01:25:00,0,518.8,-168.8,-2.09,31.37,33.12,212.23,0.24,98.65,83.69,67.51
2026-05-24 01:30:00,0,518.8,-168.8,-2.09,31.13,32.86,223.91,0.19,105.91,84.83,66.76
2026-05-24 01:35:00,0,518.8,-168.8,-2.09,30.6,34.0,313.42,0.11,149.27,95.03,67.29
2026-05-24 01:40:00,0,518.8,-168.8,-2.09,32.0,33.05,371.85,0.08,159.65,97.53,65.25
2026-05-24 01:45:00,0,518.8,-168.8,-2.09,31.93,32.04,250.2,0.17,109.89,85.28,64.95
2026-05-24 01:50:00,0,518.8,-168.8,-2.09,32.07,33.52,255.36,0.17,114.76,86.78,65.24
2026-05-24 01:55:00,0,518.8,-168.8,-2.09,31.6,33.66,253.85,0.17,122.01,88.38,65.44
2026-05-24 02:00:00,0,518.8,-168.8,-2.09,30.94,33.52,250.6,0.18,123.18,109.34,65.21
2026-05-24 02:05:00,0,518.8,-168.8,-2.09,32.24,34.85,264.75,0.15,133.07,91.29,66.13
2026-05-24 02:10:00,0,518.8,-168.8,-2.09,31.82,35.79,238.04,0.19,124.41,89.7,65.73
2026-05-24 02:15:00,0,518.8,-168.8,-2.09,33.04,34.04,230.11,0.21,113.45,86.78,64.43
2026-05-24 02:20:00,0,518.8,-168.8,-2.09,32.73,33.37,314.69,0.1,149.7,94.91,63.98
2026-05-24 02:25:00,0,518.8,-168.8,-2.09,31.42,34.64,246.22,0.17,111.3,86.47,64.68
2026-05-24 02:30:00,0,518.8,-168.8,-2.09,32.19,32.29,271.5,0.13,138.43,91.67,64.79
2026-05-24 02:35:00,0,518.8,-168.8,-2.09,31.99,31.95,170.97,0.37,81.61,80.78,63.62
2026-05-24 02:40:00,0,518.8,-168.8,-2.09,33.33,32.9,232.22,0.2,107.55,85.19,62.95
2026-05-24 02:45:00,0,518.8,-168.8,-2.09,32.84,32.23,293.6,0.13,140.43,92.15,63.76
2026-05-24 02:50:00,0,518.8,-168.8,-2.09,32.22,33.64,264.1,0.14,124.46,88.85,64.52
2026-05-24 02:55:00,0,518.8,-168.8,-2.09,33.36,35.05,265.36,0.16,133.17,91.41,63.97
2026-05-24 03:00:00,0,518.8,-168.8,-2.09,33.09,34.11,226.12,0.22,102.25,84.65,63.12
2026-05-24 03:05:00,0,518.8,-168.8,-2.09,33.2,30.48,328.64,0.09,147.28,93.23,61.78
2026-05-24 03:10:00,0,518.8,-168.8,-2.09,32.51,29.67,271.59,0.13,129.96,88.7,62.63
2026-05-24 03:15:00,0,518.8,-168.8,-2.09,32.27,33.9,282.99,0.13,142.44,93.25,64.75
2026-05-24 03:20:00,0,518.8,-168.8,-2.09,33.94,29.53,287.83,0.11,137.26,90.37,61.87
2026-05-24 03:25:00,0,518.8,-168.8,-2.09,33.06,31.14,266.44,0.14,126.57,88.46,62.0
2026-05-24 03:30:00,0,518.8,-168.8,-2.09,33.85,29.46,229.69,0.18,112.72,84.97,62.52
2026-05-24 03:35:00,0,518.8,-168.8,-2.09,33.48,28.52,338.59,0.08,152.91,94.05,64.41
2026-05-24 03:40:00,0,518.8,-168.8,-2.09,33.8,29.52,266.48,0.14,129.34,102.76,60.4
2026-05-24 03:45:00,0,518.8,-168.8,-2.09,33.42,30.45,265.87,0.15,129.28,88.86,62.5
2026-05-24 03:50:00,0,518.8,-168.8,-2.09,34.99,29.65,272.14,0.13,123.81,87.3,63.66
2026-05-24 03:55:00,0,518.8,-168.8,-2.09,34.9,27.02,293.3,0.1,139.31,89.99,62.42
2026-05-24 04:00:00,0,518.8,-168.8,-2.09,33.56,28.3,271.11,0.12,129.22,88.03,61.69
2026-05-24 04:05:00,0,518.8,-168.8,-2.09,34.62,25.27,294.84,0.1,135.76,88.5,61.46
2026-05-24 04:10:00,0,518.8,-168.8,-2.09,34.76,30.11,299.33,0.11,135.42,90.13,60.2
2026-05-24 04:15:00,0,518.8,-168.8,-2.09,33.93,24.06,268.64,0.11,121.42,84.77,60.98
2026-05-24 04:20:00,0,518.8,-168.8,-2.09,35.82,25.67,291.4,0.11,143.66,90.65,61.63
2026-05-24 04:25:00,0,518.8,-168.8,-2.09,34.89,26.01,286.42,0.1,132.01,87.85,59.63
2026-05-24 04:30:00,0,518.8,-168.8,-2.09,36.22,23.05,209.39,0.18,99.94,80.28,62.3
2026-05-24 04:35:00,0,518.8,-168.8,-2.09,34.79,24.66,197.51,0.22,96.62,80.34,61.41
2026-05-24 04:40:00,0,518.8,-168.8,-2.09,34.83,23.32,261.32,0.11,122.1,84.66,59.74
2026-05-24 04:45:00,0,518.8,-168.8,-2.09,36.44,21.71,228.92,0.12,96.22,79.04,59.89
2026-05-24 04:50:00,0,518.8,-168.8,-2.09,35.94,20.7,289.02,0.08,130.54,85.61,61.67
2026-05-24 04:55:00,0,518.8,-168.8,-2.09,36.22,20.7,321.58,0.06,143.24,88.7,60.31
2026-05-24 05:00:00,0,518.8,-168.8,-2.09,35.92,22.31,183.4,0.22,82.64,77.26,59.89
2026-05-24 05:05:00,0,518.8,-168.8,-2.09,36.77,21.91,266.36,0.08,132.0,86.38,59.77
2026-05-24 05:10:00,0,518.8,-168.8,-2.09,36.96,19.89,331.5,0.06,160.62,93.17,59.35
2026-05-24 05:15:00,0,518.8,-168.8,-2.09,35.9,18.14,173.14,0.18,85.32,76.13,57.75
2026-05-24 05:20:00,0,518.8,-168.8,-2.09,37.91,17.47,237.78,0.1,115.52,81.2,58.23
2026-05-24 05:25:00,0,518.8,-168.8,-2.09,36.53,17.54,211.92,0.12,92.74,76.99,58.74
2026-05-24 05:30:00,0,518.8,-168.8,-2.09,35.27,20.37,338.41,0.06,159.27,92.94,59.53
2026-05-24 05:35:00,0,518.8,-168.8,-2.09,36.91,15.46,218.87,0.1,105.61,78.52,58.21
2026-05-24 05:40:00,0,518.8,-168.8,-2.09,37.05,16.94,207.93,0.13,104.32,78.85,60.34
2026-05-24 05:45:00,0,518.8,-168.8,-2.09,37.68,16.74,309.75,0.06,149.98,89.09,60.8
2026-05-24 05:50:00,0,518.8,-168.8,-2.09,38.05,17.61,274.81,0.07,134.18,85.38,59.03
2026-05-24 05:55:00,0,518.8,-168.8,-2.09,36.92,14.65,248.9,0.08,118.79,80.86,58.69
2026-05-24 06:00:00,0,518.8,-168.8,-2.09,37.66,13.1,295.28,0.05,140.63,85.36,57.95
2026-05-24 06:05:00,0,518.8,-168.8,-2.09,37.99,17.07,220.11,0.12,106.44,79.28,59.18
2026-05-24 06:10:00,0,518.8,-168.8,-2.09,38.06,13.51,270.65,0.06,128.96,82.69,58.28
2026-05-24 06:15:00,0,518.8,-168.8,-2.09,38.49,15.79,201.08,0.12,95.64,76.87,57.64
2026-05-24 06:20:00,0,518.8,-168.8,-2.09,38.62,12.16,235.81,0.07,115.81,79.34,58.61
2026-05-24 06:25:00,0,518.8,-168.8,-2.09,37.72,12.64,235.21,0.07,118.37,80.04,59.0
2026-05-24 06:30:00,0,518.8,-168.8,-2.09,39.9,10.49,299.67,0.04,134.99,83.02,58.98
2026-05-24 06:35:00,0,518.8,-168.8,-2.09,39.86,12.7,296.13,0.04,138.16,84.58,58.15
2026-05-24 06:40:00,0,518.8,-168.8,-2.09,39.02,10.82,300.8,0.04,147.12,86.22,57.41
2026-05-24 06:45:00,0,518.8,-168.8,-2.09,39.31,10.55,222.38,0.07,103.15,76.28,56.84
2026-05-24 06:50:00,0,518.8,-168.8,-2.09,38.61,10.62,236.16,0.06,110.12,77.62,59.25
2026-05-24 06:55:00,0,518.8,-168.8,-2.09,39.53,10.55,260.79,0.05,118.55,79.31,57.31
2026-05-24 07:00:00,0,518.8,-168.8,-2.09,39.0,11.22,266.2,0.05,119.8,79.82,56.39
2026-05-24 07:05:00,0,518.8,-168.8,-2.09,40.57,8.6,224.62,0.05,101.89,75.33,57.89
2026-05-24 07:10:00,0,518.8,-168.8,-2.09,39.77,9.14,272.63,0.04,125.98,80.44,58.97
2026-05-24 07:15:00,0,518.8,-168.8,-2.09,39.78,9.48,320.25,0.03,159.84,89.24,57.94
2026-05-24 07:20:00,0,518.8,-168.8,-2.09,40.41,10.95,249.14,0.06,122.15,80.26,56.96
2026-05-24 07:25:00,0,518.8,-168.8,-2.09,40.03,9.14,275.03,0.04,133.17,82.11,56.03
2026-05-24 07:30:00,0,518.8,-168.8,-2.09,40.04,7.79,211.2,0.05,93.88,73.63,57.19
2026-05-24 07:35:00,0,518.8,-168.8,-2.09,41.16,8.2,212.21,0.06,99.43,74.76,57.05
2026-05-24 07:40:00,0,518.8,-168.8,-2.09,40.5,9.81,206.65,0.08,103.93,76.19,56.17
2026-05-24 07:45:00,0,518.8,-168.8,-2.09,40.82,11.29,262.41,0.05,129.07,81.92,55.88
2026-05-24 07:50:00,0,518.8,-168.8,-2.09,41.94,6.99,268.72,0.03,130.22,80.65,55.55
2026-05-24 07:55:00,0,518.8,-168.8,-2.09,41.33,7.53,260.35,0.04,128.03,80.34,56.77
2026-05-24 08:00:00,0,518.8,-168.8,-2.09,42.88,7.59,312.05,0.03,143.54,84.14,55.18
2026-05-24 08:05:00,0,518.8,-168.8,-2.09,40.37,8.2,391.02,0.02,191.29,98.72,55.16
2026-05-24 08:10:00,0,518.8,-168.8,-2.09,41.59,10.01,235.47,0.05,117.03,78.81,54.72
2026-05-24 08:15:00,0,518.8,-168.8,-2.09,42.0,9.47,287.66,0.04,133.47,82.31,54.71
2026-05-24 08:20:00,0,518.8,-168.8,-2.09,40.62,7.19,318.09,0.02,155.63,87.23,54.3
2026-05-24 08:25:00,0,518.8,-168.8,-2.09,42.09,12.22,185.69,0.11,88.52,74.43,55.22
2026-05-24 08:30:00,0,518.8,-168.8,-2.09,42.81,6.65,248.81,0.04,116.54,77.51,54.75
2026-05-24 08:35:00,0,518.8,-168.8,-2.09,42.6,9.81,277.97,0.04,125.35,80.53,54.4
2026-05-24 08:40:00,0,518.8,-168.8,-2.09,42.2,9.34,250.8,0.05,119.57,79.11,53.85
2026-05-24 08:45:00,0,518.8,-168.8,-2.09,42.91,10.41,271.07,0.04,114.62,78.43,54.38
2026-05-24 08:50:00,0,518.8,-168.8,-2.09,41.86,10.28,312.31,0.03,143.87,85.16,54.57
2026-05-24 08:55:00,0,518.8,-168.8,-2.09,42.67,9.54,241.81,0.05,120.25,79.33,55.45
2026-05-24 09:00:00,0,518.8,-168.8,-2.09,42.9,8.93,219.09,0.05,96.42,74.47,55.53
2026-05-24 09:05:00,0,518.8,-168.8,-2.09,43.06,10.08,330.97,0.03,163.03,90.39,54.56
2026-05-24 09:10:00,0,518.8,-168.8,-2.09,43.03,11.21,328.98,0.03,153.32,88.02,54.63
2026-05-24 09:15:00,0,518.8,-168.8,-2.09,43.52,10.21,290.71,0.04,154.2,87.93,54.87
2026-05-24 09:20:00,0,518.8,-168.8,-2.09,43.32,12.01,264.57,0.06,124.02,81.05,53.48
2026-05-24 09:25:00,0,518.8,-168.8,-2.09,42.55,8.93,260.97,0.04,131.36,81.61,56.45
2026-05-24 09:30:00,0,518.8,-168.8,-2.09,43.3,12.55,227.27,0.07,104.32,77.21,54.28
2026-05-24 09:35:00,0,518.8,-168.8,-2.09,43.48,14.43,248.58,0.07,122.07,81.48,54.24
2026-05-24 09:40:00,0,518.8,-168.8,-2.09,43.49,12.15,242.46,0.06,112.0,78.54,52.5
2026-05-24 09:45:00,0,518.8,-168.8,-2.09,44.24,13.56,310.73,0.04,142.91,86.09,51.82
2026-05-24 09:50:00,0,518.8,-168.8,-2.09,44.31,12.62,214.44,0.09,96.95,75.94,51.98
2026-05-24 09:55:00,0,518.8,-168.8,-2.09,43.34,12.15,261.02,0.06,128.06,82.01,51.77
2026-05-24 10:00:00,0,518.8,-168.8,-2.09,44.71,13.96,282.26,0.05,127.94,93.45,53.67
2026-05-24 10:05:00,0,518.8,-168.8,-2.09,43.69,15.43,217.46,0.11,107.56,78.92,52.38
2026-05-24 10:10:00,0,518.8,-168.8,-2.09,43.58,16.44,196.89,0.13,84.96,75.39,53.07
2026-05-24 10:15:00,0,518.8,-168.8,-2.09,44.51,17.52,244.46,0.08,121.44,82.45,50.98
2026-05-24 10:20:00,0,518.8,-168.8,-2.09,43.29,13.63,265.41,0.06,129.84,82.94,54.3
2026-05-24 10:25:00,0,518.8,-168.8,-2.09,44.84,18.59,288.15,0.07,128.34,84.36,51.46
2026-05-24 10:30:00,0,518.8,-168.8,-2.09,44.34,17.59,183.08,0.16,83.79,75.68,51.82
2026-05-24 10:35:00,0,518.8,-168.8,-2.09,44.74,17.52,285.46,0.07,128.23,83.96,52.21
2026-05-24 10:40:00,0,518.8,-168.8,-2.09,43.24,20.81,311.76,0.07,143.12,88.74,53.25
2026-05-24 10:45:00,0,518.8,-168.8,-2.09,44.73,20.54,263.07,0.09,122.06,83.66,50.64
2026-05-24 10:50:00,0,518.8,-168.8,-2.09,45.17,18.06,117.23,0.42,54.92,72.76,51.69
2026-05-24 10:55:00,0,518.8,-168.8,-2.09,45.1,19.67,216.4,0.14,92.71,77.79,52.04
2026-05-24 11:00:00,0,518.8,-168.8,-2.09,45.8,21.02,256.52,0.11,122.0,83.86,51.14
2026-05-24 11:05:00,0,518.8,-168.8,-2.09,45.1,21.69,241.0,0.12,113.68,82.35,50.67
2026-05-24 11:10:00,0,518.8,-168.8,-2.09,45.38,20.35,295.51,0.08,143.4,88.68,50.26
2026-05-24 11:15:00,0,518.8,-168.8,-2.09,45.3,22.9,303.41,0.08,155.99,92.96,51.43
2026-05-24 11:20:00,0,518.8,-168.8,-2.09,44.38,25.98,229.47,0.15,103.22,81.87,49.0
2026-05-24 11:25:00,0,518.8,-168.8,-2.09,44.41,24.57,307.82,0.08,148.07,91.38,49.71
2026-05-24 11:30:00,0,518.8,-168.8,-2.09,44.07,26.38,278.51,0.11,132.54,88.15,49.9
2026-05-24 11:35:00,0,518.8,-168.8,-2.09,45.03,26.04,223.36,0.16,101.73,81.63,51.12
2026-05-24 11:40:00,0,518.8,-168.8,-2.09,45.23,26.72,259.45,0.12,133.63,88.55,49.89
2026-05-24 11:45:00,0,518.8,-168.8,-2.09,45.23,25.58,266.05,0.13,128.27,86.91,51.34
2026-05-24 11:50:00,0,518.8,-168.8,-2.09,44.31,25.04,338.92,0.07,159.61,94.71,50.36
2026-05-24 11:55:00,0,518.8,-168.8,-2.09,44.9,27.38,198.3,0.22,95.2,81.06,48.81
2026-05-24 12:00:00,0,518.8,-168.8,-2.09,45.16,25.24,296.49,0.09,145.22,90.88,50.34
2026-05-24 12:05:00,0,518.8,-168.8,-2.09,44.22,27.11,155.27,0.37,75.07,78.18,49.67
2026-05-24 12:10:00,0,518.8,-168.8,-2.09,45.82,27.19,315.55,0.09,144.62,91.41,48.86
2026-05-24 12:15:00,0,518.8,-168.8,-2.09,45.06,27.52,291.32,0.1,137.2,100.45,50.92
2026-05-24 12:20:00,0,518.8,-168.8,-2.09,44.83,28.44,289.43,0.11,143.11,91.49,48.19
2026-05-24 12:25:00,0,518.8,-168.8,-2.09,45.63,28.04,115.79,0.66,51.27,76.38,49.15
2026-05-24 12:30:00,0,518.8,-168.8,-2.09,44.89,30.19,301.85,0.11,148.24,93.45,49.55
2026-05-24 12:35:00,0,518.8,-168.8,-2.09,45.04,31.26,271.8,0.13,137.63,91.13,47.67
2026-05-24 12:40:00,0,518.8,-168.8,-2.09,44.95,32.33,234.58,0.19,113.44,86.16,49.49
2026-05-24 12:45:00,0,518.8,-168.8,-2.09,44.84,29.72,234.19,0.18,115.3,85.61,48.45
2026-05-24 12:50:00,0,518.8,-168.8,-2.09,45.28,32.74,246.79,0.17,114.01,86.38,47.98
2026-05-24 12:55:00,0,518.8,-168.8,-2.09,45.3,31.26,238.11,0.18,108.75,84.83,48.79
2026-05-24 13:00:00,0,518.8,-168.8,-2.09,45.41,32.47,225.63,0.21,108.24,85.22,47.43
2026-05-24 13:05:00,0,518.8,-168.8,-2.09,45.61,32.28,271.57,0.15,124.33,88.4,48.96
2026-05-24 13:10:00,0,518.8,-168.8,-2.09,45.61,33.75,279.36,0.13,130.74,90.34,46.75
2026-05-24 13:15:00,0,518.8,-168.8,-2.09,43.01,31.2,305.66,0.11,142.39,92.27,47.85
2026-05-24 13:20:00,0,518.8,-168.8,-2.09,45.04,31.06,210.35,0.2,105.6,84.19,45.49
2026-05-24 13:25:00,0,518.8,-168.8,-2.09,44.99,30.13,296.16,0.11,134.18,89.85,47.06
2026-05-24 13:30:00,0,518.8,-168.8,-2.09,44.23,33.88,290.77,0.14,133.98,91.18,46.73
2026-05-24 13:35:00,0,518.8,-168.8,-2.09,44.53,32.81,239.23,0.2,115.13,86.7,47.22
2026-05-24 13:40:00,0,518.8,-168.8,-2.09,45.03,33.28,307.42,0.12,149.98,95.02,45.03
2026-05-24 13:45:00,0,518.8,-168.8,-2.09,43.93,32.74,348.92,0.08,157.94,96.95,46.05
2026-05-24 13:50:00,0,518.8,-168.8,-2.09,44.59,34.94,218.03,0.22,100.8,84.7,47.77
2026-05-24 13:55:00,0,518.8,-168.8,-2.09,43.74,36.56,264.34,0.15,134.78,92.33,45.99
2026-05-24 14:00:00,0,518.8,-168.8,-2.09,44.52,32.26,188.8,0.28,85.32,81.29,46.39
2026-05-24 14:05:00,0,518.8,-168.8,-2.09,43.34,32.74,229.37,0.19,99.88,83.7,45.74
2026-05-24 14:10:00,0,518.8,-168.8,-2.09,43.89,33.68,328.76,0.1,150.55,95.27,45.14
2026-05-24 14:15:00,0,518.8,-168.8,-2.09,44.47,30.99,230.41,0.19,111.7,85.34,46.19
2026-05-24 14:20:00,0,518.8,-168.8,-2.09,44.47,33.87,301.09,0.12,137.01,91.87,47.59
2026-05-24 14:25:00,0,518.8,-168.8,-2.09,43.94,33.4,259.33,0.16,126.33,89.26,47.26
2026-05-24 14:30:00,0,518.8,-168.8,-2.09,42.51,33.6,333.11,0.1,171.23,121.14,45.44
2026-05-24 14:35:00,0,518.8,-168.8,-2.09,43.5,32.23,279.21,0.13,131.73,90.04,45.24
2026-05-24 14:40:00,0,518.8,-168.8,-2.09,43.11,32.69,261.49,0.15,123.86,88.43,45.95
2026-05-24 14:45:00,0,518.8,-168.8,-2.09,41.8,30.75,262.7,0.14,121.14,87.13,45.44
2026-05-24 14:50:00,0,518.8,-168.8,-2.09,43.12,31.62,251.92,0.16,122.89,87.86,44.85
2026-05-24 14:55:00,0,518.8,-168.8,-2.09,42.92,30.48,319.69,0.1,156.96,107.87,43.69
2026-05-24 15:00:00,0,518.8,-168.8,-2.09,42.12,32.74,228.42,0.18,107.81,85.16,43.78
2026-05-24 15:05:00,0,518.8,-168.8,-2.09,43.79,34.15,251.48,0.17,127.86,89.89,46.15
2026-05-24 15:10:00,0,518.8,-168.8,-2.09,43.19,29.79,251.31,0.17,119.23,86.44,45.72
2026-05-24 15:15:00,0,518.8,-168.8,-2.09,42.75,29.93,262.04,0.13,120.94,86.78,44.97
2026-05-24 15:20:00,0,518.8,-168.8,-2.09,43.13,29.66,228.57,0.18,105.69,83.68,44.15
2026-05-24 15:25:00,0,518.8,-168.8,-2.09,42.18,30.94,236.66,0.17,101.63,83.34,43.68
2026-05-24 15:30:00,0,518.8,-168.8,-2.09,41.79,29.0,299.45,0.1,144.69,92.07,43.38
2026-05-24 15:35:00,0,518.8,-168.8,-2.09,42.37,29.4,242.61,0.17,120.11,86.49,44.47
2026-05-24 15:40:00,0,518.8,-168.8,-2.09,41.46,30.87,213.27,0.21,103.16,83.68,44.95
2026-05-24 15:45:00,0,518.8,-168.8,-2.09,42.23,26.32,189.78,0.25,84.3,93.39,44.85
2026-05-24 15:50:00,0,518.8,-168.8,-2.09,40.79,27.32,307.91,0.1,143.06,105.56,44.74
2026-05-24 15:55:00,0,518.8,-168.8,-2.09,41.4,27.63,295.62,0.1,140.3,90.46,41.32
2026-05-24 16:00:00,0,518.8,-168.8,-2.09,41.44,25.15,237.25,0.14,113.22,83.5,42.94
2026-05-24 16:05:00,0,518.8,-168.8,-2.09,40.66,25.56,303.99,0.09,144.45,90.78,41.99
2026-05-24 16:10:00,0,518.8,-168.8,-2.09,41.79,26.42,314.42,0.08,150.33,92.62,42.3
2026-05-24 16:15:00,0,518.8,-168.8,-2.09,41.64,25.28,161.26,0.33,74.5,77.38,43.17
2026-05-24 16:20:00,0,518.8,-168.8,-2.09,40.62,25.35,305.88,0.08,152.69,107.49,41.3
2026-05-24 16:25:00,0,518.8,-168.8,-2.09,40.79,25.2,212.97,0.18,96.67,80.47,40.82
2026-05-24 16:30:00,0,518.8,-168.8,-2.09,40.47,25.74,255.32,0.12,123.91,85.94,41.59
2026-05-24 16:35:00,0,518.8,-168.8,-2.09,40.43,23.73,256.96,0.11,126.09,85.71,43.17
2026-05-24 16:40:00,0,518.8,-168.8,-2.09,39.36,23.6,220.76,0.15,98.62,80.18,42.61
2026-05-24 16:45:00,0,518.8,-168.8,-2.09,39.68,23.06,277.99,0.09,141.17,89.06,42.93
2026-05-24 16:50:00,0,518.8,-168.8,-2.09,41.22,20.72,273.83,0.08,131.46,85.84,41.15
2026-05-24 16:55:00,0,518.8,-168.8,-2.09,39.65,19.18,212.22,0.14,100.51,78.96,41.58
2026-05-24 17:00:00,0,518.8,-168.8,-2.09,39.52,19.12,210.52,0.14,97.41,78.38,40.21
2026-05-24 17:05:00,0,518.8,-168.8,-2.09,39.56,20.99,240.38,0.12,118.32,83.06,40.27
2026-05-24 17:10:00,0,518.8,-168.8,-2.09,39.49,20.53,232.63,0.12,115.7,82.34,42.45
2026-05-24 17:15:00,0,518.8,-168.8,-2.09,39.72,18.72,246.5,0.1,117.23,81.99,40.53
2026-05-24 17:20:00,0,518.8,-168.8,-2.09,39.52,17.25,243.38,0.09,113.38,80.66,40.69
2026-05-24 17:25:00,0,518.8,-168.8,-2.09,38.56,18.92,253.28,0.09,110.91,80.75,40.68
2026-05-24 17:30:00,0,518.8,-168.8,-2.09,38.61,18.79,115.32,0.41,53.39,72.83,41.43
2026-05-24 17:35:00,0,518.8,-168.8,-2.09,38.77,17.73,276.01,0.07,134.47,85.49,42.26
2026-05-24 17:40:00,0,518.8,-168.8,-2.09,38.51,16.72,222.02,0.11,104.67,78.8,40.47
2026-05-24 17:45:00,0,518.8,-168.8,-2.09,38.36,14.11,297.05,0.05,138.12,85.08,40.5
2026-05-24 17:50:00,0,518.8,-168.8,-2.09,37.76,15.65,181.96,0.14,88.29,75.64,41.21
2026-05-24 17:55:00,0,518.8,-168.8,-2.09,38.1,16.39,233.2,0.09,103.2,78.37,38.56
2026-05-24 18:00:00,0,518.8,-168.8,-2.09,38.61,14.32,282.54,0.06,133.89,84.14,39.9
2026-05-24 18:05:00,0,518.8,-168.8,-2.09,37.92,13.85,255.59,0.07,121.21,81.08,38.65
2026-05-24 18:10:00,0,518.8,-168.8,-2.09,37.97,14.51,257.54,0.07,124.95,82.14,38.92
2026-05-24 18:15:00,0,518.8,-168.8,-2.09,37.0,12.17,279.21,0.05,133.67,83.31,38.71
2026-05-24 18:20:00,0,518.8,-168.8,-2.09,37.71,11.71,219.06,0.08,103.3,76.73,40.24
2026-05-24 18:25:00,0,518.8,-168.8,-2.09,37.68,9.83,223.04,0.06,109.18,77.16,39.26
2026-05-24 18:30:00,0,518.8,-168.8,-2.09,38.01,11.44,194.85,0.1,90.45,74.44,39.51
2026-05-24 18:35:00,0,518.8,-168.8,-2.09,37.15,11.64,296.5,0.04,129.54,82.13,38.08
2026-05-24 18:40:00,0,518.8,-168.8,-2.09,36.88,10.24,163.92,0.12,81.47,72.66,39.98
2026-05-24 18:45:00,0,518.8,-168.8,-2.09,37.31,10.51,277.06,0.04,131.17,82.11,38.32
2026-05-24 18:50:00,0,518.8,-168.8,-2.09,37.07,8.9,308.01,0.03,145.26,99.74,39.75
2026-05-24 18:55:00,0,518.8,-168.8,-2.09,34.63,8.29,198.55,0.07,96.9,74.36,38.62
2026-05-24 19:00:00,0,518.8,-168.8,-2.09,36.25,9.23,289.47,0.03,137.29,83.12,38.62
2026-05-24 19:05:00,0,518.8,-168.8,-2.09,35.11,10.03,320.97,0.03,151.84,87.19,38.47
2026-05-24 19:10:00,0,518.8,-168.8,-2.09,36.16,7.69,234.06,0.04,104.4,75.45,38.51
2026-05-24 19:15:00,0,518.8,-168.8,-2.09,35.57,11.1,305.31,0.04,140.91,84.7,38.57
2026-05-24 19:20:00,0,518.8,-168.8,-2.09,35.28,7.02,205.58,0.05,99.08,74.26,37.59
2026-05-24 19:25:00,0,518.8,-168.8,-2.09,35.85,7.42,231.0,0.04,113.18,77.07,37.27
2026-05-24 19:30:00,0,518.8,-168.8,-2.09,35.02,10.3,183.09,0.1,81.93,72.71,39.94
2026-05-24 19:35:00,0,518.8,-168.8,-2.09,34.63,9.9,283.16,0.04,130.96,81.85,38.62
2026-05-24 19:40:00,0,518.8,-168.8,-2.09,34.37,10.7,271.26,0.05,126.15,81.03,38.46
2026-05-24 19:45:00,0,518.8,-168.8,-2.09,33.91,8.5,235.83,0.05,114.21,77.68,37.63
2026-05-24 19:50:00,0,518.8,-168.8,-2.09,35.01,11.57,247.85,0.05,117.49,79.44,39.06
2026-05-24 19:55:00,0,518.8,-168.8,-2.09,35.11,9.57,278.66,0.04,130.22,81.55,35.83
2026-05-24 20:00:00,0,518.8,-168.8,-2.09,33.98,5.95,212.46,0.04,101.92,74.38,36.43
2026-05-24 20:05:00,0,518.8,-168.8,-2.09,34.12,10.77,299.91,0.04,144.98,85.63,35.89
2026-05-24 20:10:00,0,518.8,-168.8,-2.09,34.95,7.42,180.67,0.07,88.06,72.58,37.47
2026-05-24 20:15:00,0,518.8,-168.8,-2.09,34.85,7.49,176.31,0.08,79.72,71.37,37.42
2026-05-24 20:20:00,0,518.8,-168.8,-2.09,34.82,7.96,221.31,0.05,104.89,75.65,36.57
2026-05-24 20:25:00,0,518.8,-168.8,-2.09,33.56,5.69,224.57,0.04,104.76,74.81,35.29
2026-05-24 20:30:00,0,518.8,-168.8,-2.09,33.86,9.24,161.28,0.1,76.68,71.59,36.43
2026-05-24 20:35:00,0,518.8,-168.8,-2.09,34.2,9.78,218.12,0.07,112.82,77.88,34.99
2026-05-24 20:40:00,0,518.8,-168.8,-2.09,33.72,6.63,277.34,0.03,127.07,79.77,34.32
2026-05-24 20:45:00,0,518.8,-168.8,-2.09,33.28,9.58,303.27,0.03,143.93,84.92,34.9
2026-05-24 20:50:00,0,518.8,-168.8,-2.09,33.22,8.04,190.53,0.07,87.8,72.75,35.69
2026-05-24 20:55:00,0,518.8,-168.8,-2.09,33.56,6.83,340.76,0.02,149.06,85.29,35.98
2026-05-24 21:00:00,0,518.8,-168.8,-2.09,33.45,9.51,224.97,0.06,103.63,75.97,37.01
2026-05-24 21:05:00,0,518.8,-168.8,-2.09,32.98,9.51,243.3,0.05,115.36,78.27,36.29
2026-05-24 21:10:00,0,518.8,-168.8,-2.09,33.8,12.25,227.54,0.08,107.98,77.8,35.21
2026-05-24 21:15:00,0,518.8,-168.8,-2.09,32.98,11.45,282.61,0.04,131.53,82.52,34.24
2026-05-24 21:20:00,0,518.8,-168.8,-2.09,32.58,12.32,260.14,0.06,118.32,79.89,35.58
2026-05-24 21:25:00,0,518.8,-168.8,-2.09,32.72,13.19,234.16,0.08,111.64,78.86,35.63
2026-05-24 21:30:00,0,518.8,-168.8,-2.09,32.34,11.65,255.25,0.06,114.25,78.81,35.22
2026-05-24 21:35:00,0,518.8,-168.8,-2.09,32.64,14.8,356.86,0.04,150.96,88.63,34.72
2026-05-24 21:40:00,0,518.8,-168.8,-2.09,32.04,10.58,231.67,0.06,108.84,77.34,34.77
2026-05-24 21:45:00,0,518.8,-168.8,-2.09,32.16,14.67,178.93,0.14,86.77,75.05,34.08
2026-05-24 21:50:00,0,518.8,-168.8,-2.09,31.94,12.79,255.49,0.06,125.22,81.57,34.59
2026-05-24 21:55:00,0,518.8,-168.8,-2.09,32.69,15.94,283.17,0.06,139.03,85.96,33.58
2026-05-24 22:00:00,0,518.8,-168.8,-2.09,32.59,13.06,208.0,0.09,99.24,76.48,32.79
2026-05-24 22:05:00,0,518.8,-168.8,-2.09,32.28,13.74,275.11,0.06,132.34,83.55,33.3
2026-05-24 22:10:00,0,518.8,-168.8,-2.09,31.81,16.01,278.36,0.07,128.52,83.47,32.94
2026-05-24 22:15:00,0,518.8,-168.8,-2.09,31.23,15.14,258.45,0.07,121.38,81.56,35.11
2026-05-24 22:20:00,0,518.8,-168.8,-2.09,31.01,15.27,301.47,0.05,146.83,87.71,32.59
2026-05-24 22:25:00,0,518.8,-168.8,-2.09,31.73,17.95,308.89,0.06,146.13,88.48,32.98
2026-05-24 22:30:00,0,518.8,-168.8,-2.09,31.35,17.08,301.98,0.06,136.55,85.74,32.64
2026-05-24 22:35:00,0,518.8,-168.8,-2.09,31.27,18.34,334.12,0.05,160.24,92.49,34.52
2026-05-24 22:40:00,0,518.8,-168.8,-2.09,31.09,19.14,277.6,0.08,132.92,85.62,32.15
2026-05-24 22:45:00,0,518.8,-168.8,-2.09,31.21,19.94,354.15,0.06,160.01,93.0,33.85
2026-05-24 22:50:00,0,518.8,-168.8,-2.09,31.0,19.39,299.83,0.07,134.73,86.12,31.99
2026-05-24 22:55:00,0,518.8,-168.8,-2.09,31.06,19.13,283.33,0.08,134.81,86.07,33.08
2026-05-24 23:00:00,0,518.8,-168.8,-2.09,31.75,22.07,201.7,0.17,98.53,79.66,32.55
2026-05-24 23:05:00,0,518.8,-168.8,-2.09,30.69,20.73,289.79,0.08,139.91,87.89,31.78
2026-05-24 23:10:00,0,518.8,-168.8,-2.09,31.7,23.0,370.71,0.05,176.07,98.91,33.62
2026-05-24 23:15:00,0,518.8,-168.8,-2.09,31.21,22.65,199.02,0.17,92.49,78.83,32.81
2026-05-24 23:20:00,0,518.8,-168.8,-2.09,31.47,23.39,266.94,0.11,125.51,85.44,31.78
2026-05-24 23:25:00,0,518.8,-168.8,-2.09,31.14,25.2,248.26,0.13,122.07,85.35,31.63
2026-05-24 23:30:00,0,518.8,-168.8,-2.09,31.03,24.13,249.27,0.13,113.63,83.18,30.57
2026-05-24 23:35:00,0,518.8,-168.8,-2.09,30.99,25.2,325.72,0.08,156.92,94.0,31.95
2026-05-24 23:40:00,0,518.8,-168.8,-2.09,30.51,25.25,347.11,0.07,169.1,97.57,32.14
2026-05-24 23:45:00,0,518.8,-168.8,-2.09,30.9,25.71,289.23,0.1,134.71,88.39,32.95
2026-05-24 23:50:00,0,518.8,-168.8,-2.09,31.44,27.1,274.57,0.1,126.4,86.92,30.71
2026-05-24 23:55:00,0,518.8,-168.8,-2.09,30.82,26.5,296.71,0.1,142.05,90.49,30.9
2026-05-25 00:00:00,0,700.0,180.0,0.0,30.47,25.76,258.53,0.13,129.43,87.21,31.72
2026-05-25 00:05:00,0,700.0,180.0,0.0,31.6,27.42,281.72,0.11,138.23,89.87,30.66
2026-05-25 00:10:00,0,700.0,180.0,0.0,31.23,27.82,317.9,0.09,146.64,92.13,30.9
2026-05-25 00:15:00,0,700.0,180.0,0.0,31.42,27.67,162.11,0.34,79.5,78.91,31.14
2026-05-25 00:20:00,0,700.0,180.0,0.0,31.8,27.75,211.43,0.21,99.02,81.81,31.33
2026-05-25 00:25:00,0,700.0,180.0,0.0,31.36,27.95,323.08,0.08,151.96,93.58,29.99
2026-05-25 00:30:00,0,700.0,180.0,0.0,30.82,27.74,169.85,0.3,83.15,79.39,28.49
2026-05-25 00:35:00,0,700.0,180.0,0.0,30.69,30.42,268.44,0.13,124.77,87.77,29.42
2026-05-25 00:40:00,0,700.0,180.0,0.0,30.55,29.21,260.63,0.14,114.98,85.26,29.68
2026-05-25 00:45:00,0,700.0,180.0,0.0,30.64,29.55,264.13,0.13,127.77,88.15,30.65
2026-05-25 00:50:00,0,700.0,180.0,0.0,31.84,30.81,236.82,0.17,113.36,85.55,30.45
2026-05-25 00:55:00,0,700.0,180.0,0.0,32.15,29.41,236.18,0.16,114.72,85.32,29.39
2026-05-25 01:00:00,0,700.0,180.0,0.0,31.69,30.42,219.31,0.19,103.58,83.54,28.53
2026-05-25 01:05:00,0,700.0,180.0,0.0,31.3,32.56,286.6,0.12,117.49,86.92,30.36
2026-05-25 01:10:00,0,700.0,180.0,0.0,31.54,31.56,238.28,0.16,111.16,85.35,29.89
2026-05-25 01:15:00,0,700.0,180.0,0.0,31.58,31.09,183.35,0.3,83.52,80.62,29.3
2026-05-25 01:20:00,0,700.0,180.0,0.0,31.33,31.5,303.25,0.11,141.24,92.06,28.25
2026-05-25 01:25:00,0,700.0,180.0,0.0,31.37,33.7,206.29,0.25,98.95,83.96,28.88
2026-05-25 01:30:00,0,700.0,180.0,0.0,30.74,32.3,267.46,0.14,127.74,89.13,27.84
2026-05-25 01:35:00,0,700.0,180.0,0.0,31.85,32.5,274.54,0.14,120.88,87.67,26.49
2026-05-25 01:40:00,0,700.0,180.0,0.0,32.22,31.76,224.26,0.2,106.86,84.65,29.3
2026-05-25 01:45:00,0,700.0,180.0,0.0,31.76,34.76,230.95,0.21,104.9,85.35,27.45
2026-05-25 01:50:00,0,700.0,180.0,0.0,32.04,31.83,257.79,0.15,117.57,86.74,28.55
2026-05-25 01:55:00,0,700.0,180.0,0.0,31.46,32.71,214.38,0.22,102.45,84.19,28.39
2026-05-25 02:00:00,0,700.0,180.0,0.0,31.72,34.45,226.49,0.2,107.04,85.63,27.69
2026-05-25 02:05:00,0,700.0,180.0,0.0,32.6,31.78,216.54,0.22,106.06,84.55,26.44
2026-05-25 02:10:00,0,700.0,180.0,0.0,32.31,32.12,294.74,0.12,122.41,87.83,28.23
2026-05-25 02:15:00,0,700.0,180.0,0.0,31.95,35.05,214.31,0.26,99.91,84.63,27.86
2026-05-25 02:20:00,0,700.0,180.0,0.0,32.66,34.32,315.26,0.11,156.98,97.27,27.41
2026-05-25 02:25:00,0,700.0,180.0,0.0,32.78,36.24,299.57,0.13,135.99,92.45,27.16
2026-05-25 02:30:00,0,700.0,180.0,0.0,32.06,33.17,268.51,0.14,120.71,87.86,27.25
2026-05-25 02:35:00,0,700.0,180.0,0.0,31.88,31.97,290.13,0.12,138.31,91.51,27.58
2026-05-25 02:40:00,0,700.0,180.0,0.0,32.6,32.83,266.42,0.16,124.02,88.52,25.74
2026-05-25 02:45:00,0,700.0,180.0,0.0,33.19,32.03,272.59,0.13,129.91,89.52,25.52
2026-05-25 02:50:00,0,700.0,180.0,0.0,32.84,33.16,381.46,0.06,195.24,108.89,27.11
2026-05-25 02:55:00,0,700.0,180.0,0.0,32.23,29.39,274.99,0.12,129.26,88.42,25.46
2026-05-25 03:00:00,0,700.0,180.0,0.0,33.71,30.92,244.47,0.16,120.81,87.14,27.09
2026-05-25 03:05:00,0,700.0,180.0,0.0,33.68,32.91,237.88,0.18,114.98,86.64,26.05
2026-05-25 03:10:00,0,700.0,180.0,0.0,33.44,31.72,305.02,0.1,146.48,93.47,26.57
2026-05-25 03:15:00,0,700.0,180.0,0.0,33.5,32.84,245.22,0.18,118.03,87.25,24.9
2026-05-25 03:20:00,0,700.0,180.0,0.0,34.0,27.98,196.68,0.24,89.69,80.38,25.4
2026-05-25 03:25:00,0,700.0,180.0,0.0,33.36,31.46,157.14,0.37,75.46,79.74,26.74
2026-05-25 03:30:00,0,700.0,180.0,0.0,34.17,28.94,325.54,0.08,150.53,93.55,24.57
2026-05-25 03:35:00,0,700.0,180.0,0.0,33.4,28.59,166.81,0.32,81.2,79.44,24.42
2026-05-25 03:40:00,0,700.0,180.0,0.0,32.91,30.41,294.23,0.11,124.45,87.66,25.09
2026-05-25 03:45:00,0,700.0,180.0,0.0,33.62,28.27,330.19,0.08,161.21,96.31,23.81
2026-05-25 03:50:00,0,700.0,180.0,0.0,34.07,26.2,301.03,0.09,135.7,88.78,23.87
2026-05-25 03:55:00,0,700.0,180.0,0.0,34.74,26.32,340.63,0.07,161.7,95.75,24.65
2026-05-25 04:00:00,0,700.0,180.0,0.0,34.41,28.83,310.35,0.1,150.74,93.61,24.51
2026-05-25 04:05:00,0,700.0,180.0,0.0,34.73,24.83,268.53,0.11,125.6,85.97,23.38
2026-05-25 04:10:00,0,700.0,180.0,0.0,35.21,23.89,286.13,0.1,129.32,86.48,24.12
2026-05-25 04:15:00,0,700.0,180.0,0.0,34.23,25.81,198.63,0.2,96.29,80.64,24.15
2026-05-25 04:20:00,0,700.0,180.0,0.0,35.01,24.89,345.01,0.06,163.91,95.88,24.45
2026-05-25 04:25:00,0,700.0,180.0,0.0,36.49,23.95,284.8,0.09,135.0,87.83,22.87
2026-05-25 04:30:00,0,700.0,180.0,0.0,35.71,21.74,389.05,0.05,199.29,106.32,23.98
2026-05-25 04:35:00,0,700.0,180.0,0.0,35.63,23.71,254.9,0.12,121.97,84.79,24.24
2026-05-25 04:40:00,0,700.0,180.0,0.0,35.87,20.52,286.31,0.08,126.9,84.7,24.64
2026-05-25 04:45:00,0,700.0,180.0,0.0,36.41,22.31,247.11,0.11,115.64,82.93,23.65
2026-05-25 04:50:00,0,700.0,180.0,0.0,35.71,21.24,276.43,0.09,134.66,86.8,22.9
2026-05-25 04:55:00,0,700.0,180.0,0.0,36.2,20.64,184.8,0.21,93.28,78.34,23.1
2026-05-25 05:00:00,0,700.0,180.0,0.0,36.37,20.91,181.86,0.2,80.51,76.42,22.79
2026-05-25 05:05:00,0,700.0,180.0,0.0,36.48,19.53,221.76,0.12,99.36,78.83,23.03
2026-05-25 05:10:00,0,700.0,180.0,0.0,36.12,19.26,295.86,0.07,147.8,89.41,23.71
2026-05-25 05:15:00,0,700.0,180.0,0.0,36.99,18.79,242.87,0.1,113.25,81.19,21.68
2026-05-25 05:20:00,0,700.0,180.0,0.0,37.42,18.66,231.66,0.11,114.97,81.52,23.16
2026-05-25 05:25:00,0,700.0,180.0,0.0,36.1,19.79,159.74,0.25,76.16,75.51,23.57
2026-05-25 05:30:00,0,700.0,180.0,0.0,37.2,17.14,272.96,0.08,134.54,85.32,20.74
2026-05-25 05:35:00,0,700.0,180.0,0.0,37.31,17.47,327.05,0.06,153.2,90.23,23.52
2026-05-25 05:40:00,0,700.0,180.0,0.0,36.81,17.19,198.81,0.13,95.43,77.34,22.69
2026-05-25 05:45:00,0,700.0,180.0,0.0,36.65,16.93,255.21,0.08,111.1,80.06,23.85
2026-05-25 05:50:00,0,700.0,180.0,0.0,38.59,13.94,219.88,0.1,104.57,77.79,22.39
2026-05-25 05:55:00,0,700.0,180.0,0.0,37.28,18.8,297.5,0.07,132.7,85.44,22.0
2026-05-25 06:00:00,0,700.0,180.0,0.0,37.66,14.87,280.4,0.06,133.38,84.21,21.84
2026-05-25 06:05:00,0,700.0,180.0,0.0,37.65,12.41,403.61,0.02,192.2,100.5,21.56
2026-05-25 06:10:00,0,700.0,180.0,0.0,38.28,15.24,185.09,0.15,89.55,75.72,20.99
2026-05-25 06:15:00,0,700.0,180.0,0.0,38.09,11.41,259.08,0.06,131.51,82.55,21.02
2026-05-25 06:20:00,0,700.0,180.0,0.0,38.77,13.32,300.39,0.05,141.62,102.57,20.42
2026-05-25 06:25:00,0,700.0,180.0,0.0,38.29,15.29,273.89,0.06,122.46,81.84,19.43
2026-05-25 06:30:00,0,700.0,180.0,0.0,39.93,12.11,194.02,0.1,92.39,74.99,21.87
2026-05-25 06:35:00,0,700.0,180.0,0.0,38.78,10.46,197.99,0.08,90.2,74.01,21.13
2026-05-25 06:40:00,0,700.0,180.0,0.0,39.41,9.67,304.16,0.04,145.25,85.32,19.35
2026-05-25 06:45:00,0,700.0,180.0,0.0,38.75,11.98,212.68,0.09,92.72,74.98,20.83
2026-05-25 06:50:00,0,700.0,180.0,0.0,39.09,10.59,264.25,0.05,115.73,78.73,19.69
2026-05-25 06:55:00,0,700.0,180.0,0.0,40.11,9.13,273.36,0.04,120.42,79.2,19.64
2026-05-25 07:00:00,0,700.0,180.0,0.0,39.83,9.4,320.5,0.03,137.05,83.13,21.02
2026-05-25 07:05:00,0,700.0,180.0,0.0,40.02,8.73,303.88,0.03,136.59,82.78,18.39
2026-05-25 07:10:00,0,700.0,180.0,0.0,39.29,8.07,235.22,0.05,105.99,75.91,20.86
2026-05-25 07:15:00,0,700.0,180.0,0.0,40.49,7.08,318.82,0.02,154.53,86.88,20.23
2026-05-25 07:20:00,0,700.0,180.0,0.0,40.3,7.4,204.47,0.06,98.69,74.35,20.45
2026-05-25 07:25:00,0,700.0,180.0,0.0,40.9,8.33,314.83,0.02,149.02,85.82,19.06
2026-05-25 07:30:00,0,700.0,180.0,0.0,39.7,8.99,227.57,0.06,108.77,76.79,19.71
2026-05-25 07:35:00,0,700.0,180.0,0.0,41.56,8.65,241.03,0.05,114.17,77.74,19.31
2026-05-25 07:40:00,0,700.0,180.0,0.0,40.55,7.59,290.73,0.03,127.58,80.24,20.11
2026-05-25 07:45:00,0,700.0,180.0,0.0,40.47,5.54,229.77,0.04,102.41,74.33,18.51
2026-05-25 07:50:00,0,700.0,180.0,0.0,40.88,8.11,278.33,0.03,128.44,80.62,18.85
2026-05-25 07:55:00,0,700.0,180.0,0.0,40.29,10.68,312.07,0.03,143.55,85.22,19.01
2026-05-25 08:00:00,0,700.0,180.0,0.0,41.81,7.37,250.57,0.04,124.32,93.22,16.04
2026-05-25 08:05:00,0,700.0,180.0,0.0,41.65,8.87,212.94,0.06,98.42,74.82,19.92
2026-05-25 08:10:00,0,700.0,180.0,0.0,41.21,9.26,269.81,0.04,117.05,78.53,18.78
2026-05-25 08:15:00,0,700.0,180.0,0.0,41.76,7.22,237.59,0.04,128.11,80.26,17.56
2026-05-25 08:20:00,0,700.0,180.0,0.0,41.91,9.65,278.94,0.04,129.42,81.41,17.89
2026-05-25 08:25:00,0,700.0,180.0,0.0,41.89,9.97,196.89,0.08,82.66,72.68,17.67
2026-05-25 08:30:00,0,700.0,180.0,0.0,42.14,7.54,247.03,0.04,114.78,77.46,18.1
2026-05-25 08:35:00,0,700.0,180.0,0.0,41.84,9.44,268.53,0.04,128.87,81.21,16.64
2026-05-25 08:40:00,0,700.0,180.0,0.0,42.08,8.51,282.72,0.03,122.27,79.37,17.68
2026-05-25 08:45:00,0,700.0,180.0,0.0,43.09,7.66,256.0,0.03,117.88,78.13,17.95
2026-05-25 08:50:00,0,700.0,180.0,0.0,42.92,10.01,307.78,0.03,152.06,87.25,14.98
2026-05-25 08:55:00,0,700.0,180.0,0.0,42.87,8.56,261.84,0.04,119.34,78.77,17.89
2026-05-25 09:00:00,0,700.0,180.0,0.0,43.8,11.04,213.28,0.07,99.67,75.83,17.72
2026-05-25 09:05:00,0,700.0,180.0,0.0,42.39,8.88,284.62,0.03,125.36,80.19,17.05
2026-05-25 09:10:00,0,700.0,180.0,0.0,42.64,10.89,193.98,0.1,91.58,74.44,17.54
2026-05-25 09:15:00,0,700.0,180.0,0.0,43.23,10.04,321.66,0.03,144.82,85.33,15.42
2026-05-25 09:20:00,0,700.0,180.0,0.0,43.91,10.69,214.16,0.07,102.47,76.21,16.02
2026-05-25 09:25:00,0,700.0,180.0,0.0,43.37,11.73,195.08,0.1,91.6,74.74,16.1
2026-05-25 09:30:00,0,700.0,180.0,0.0,44.02,12.57,165.3,0.14,76.87,72.88,15.31
2026-05-25 09:35:00,0,700.0,180.0,0.0,44.14,9.38,286.62,0.04,138.45,83.5,14.74
2026-05-25 09:40:00,0,700.0,180.0,0.0,43.36,12.03,180.07,0.11,80.18,73.1,17.13
2026-05-25 09:45:00,0,700.0,180.0,0.0,43.24,12.88,227.01,0.08,107.11,77.87,16.22
2026-05-25 09:50:00,0,700.0,180.0,0.0,43.54,13.98,292.53,0.06,138.17,85.08,16.06
2026-05-25 09:55:00,0,700.0,180.0,0.0,44.51,13.05,253.07,0.06,112.35,78.93,14.05
2026-05-25 10:00:00,0,700.0,180.0,0.0,44.33,14.21,252.93,0.07,121.88,81.37,15.21
2026-05-25 10:05:00,0,700.0,180.0,0.0,43.46,16.4,237.24,0.09,112.96,80.29,14.94
2026-05-25 10:10:00,0,700.0,180.0,0.0,43.95,15.87,253.33,0.08,120.18,98.23,15.8
2026-05-25 10:15:00,0,700.0,180.0,0.0,44.28,14.41,195.5,0.12,93.56,76.05,15.19
2026-05-25 10:20:00,0,700.0,180.0,0.0,43.51,16.02,234.52,0.09,115.56,80.69,15.26
2026-05-25 10:25:00,0,700.0,180.0,0.0,44.47,18.2,276.84,0.07,131.93,85.06,16.23
2026-05-25 10:30:00,0,700.0,180.0,0.0,44.32,15.99,247.64,0.08,114.07,80.35,13.91
2026-05-25 10:35:00,0,700.0,180.0,0.0,44.1,17.92,246.71,0.1,112.6,80.76,15.56
2026-05-25 10:40:00,0,700.0,180.0,0.0,44.89,21.83,199.25,0.18,91.78,78.47,15.3
2026-05-25 10:45:00,0,700.0,180.0,0.0,44.19,17.64,348.78,0.04,166.43,94.06,16.36
2026-05-25 10:50:00,0,700.0,180.0,0.0,45.23,20.75,264.99,0.09,119.95,83.28,14.1
2026-05-25 10:55:00,0,700.0,180.0,0.0,45.24,19.58,298.41,0.07,136.02,86.53,15.59
2026-05-25 11:00:00,0,700.0,180.0,0.0,45.28,19.24,264.74,0.09,125.27,83.92,13.86
2026-05-25 11:05:00,0,700.0,180.0,0.0,44.16,20.25,263.78,0.1,122.17,83.6,14.32
2026-05-25 11:10:00,0,700.0,180.0,0.0,44.58,19.32,261.79,0.09,128.18,84.61,13.65
2026-05-25 11:15:00,0,700.0,180.0,0.0,44.74,20.13,212.07,0.13,100.38,79.26,15.09
2026-05-25 11:20:00,0,700.0,180.0,0.0,44.36,20.57,185.14,0.18,84.59,76.88,12.85
2026-05-25 11:25:00,0,700.0,180.0,0.0,45.19,22.86,293.3,0.09,147.44,109.19,14.09
2026-05-25 11:30:00,0,700.0,180.0,0.0,45.19,22.4,285.06,0.08,131.5,86.45,13.81
2026-05-25 11:35:00,0,700.0,180.0,0.0,44.91,23.58,245.45,0.13,112.86,82.86,14.5
2026-05-25 11:40:00,0,700.0,180.0,0.0,44.57,24.01,351.31,0.06,163.57,95.49,13.8
2026-05-25 11:45:00,0,700.0,180.0,0.0,46.07,24.9,262.97,0.1,129.4,86.87,12.21
2026-05-25 11:50:00,0,700.0,180.0,0.0,45.36,23.29,201.09,0.18,87.83,78.34,12.0
2026-05-25 11:55:00,0,700.0,180.0,0.0,44.91,24.8,187.59,0.21,87.22,78.83,13.43
2026-05-25 12:00:00,0,700.0,180.0,0.0,44.67,24.72,211.41,0.19,99.65,80.86,11.04
2026-05-25 12:05:00,0,700.0,180.0,0.0,45.49,24.33,344.22,0.06,166.36,96.43,11.75
2026-05-25 12:10:00,0,700.0,180.0,0.0,45.18,24.08,258.59,0.12,117.66,84.01,11.35
2026-05-25 12:15:00,0,700.0,180.0,0.0,43.73,27.44,210.21,0.19,99.59,81.79,11.56
2026-05-25 12:20:00,0,700.0,180.0,0.0,45.08,25.83,359.79,0.06,167.42,97.27,12.76
2026-05-25 12:25:00,0,700.0,180.0,0.0,45.43,26.81,258.06,0.13,124.11,86.39,11.09
2026-05-25 12:30:00,0,700.0,180.0,0.0,44.65,27.7,220.26,0.18,99.1,81.78,12.43
2026-05-25 12:35:00,0,700.0,180.0,0.0,44.91,27.86,266.74,0.13,124.87,86.93,10.2
2026-05-25 12:40:00,0,700.0,180.0,0.0,45.11,27.98,351.81,0.07,166.03,97.63,12.66
2026-05-25 12:45:00,0,700.0,180.0,0.0,43.96,28.51,183.45,0.28,84.2,79.8,11.15
2026-05-25 12:50:00,0,700.0,180.0,0.0,44.14,31.21,258.17,0.15,115.0,86.01,11.1
2026-05-25 12:55:00,0,700.0,180.0,0.0,44.54,29.79,220.86,0.2,109.79,84.56,10.88
2026-05-25 13:00:00,0,700.0,180.0,0.0,45.01,29.49,282.53,0.11,137.29,90.39,11.86
2026-05-25 13:05:00,0,700.0,180.0,0.0,44.22,29.35,212.51,0.21,101.26,82.8,13.01
2026-05-25 13:10:00,0,700.0,180.0,0.0,44.58,28.23,240.57,0.15,115.54,85.08,10.28
2026-05-25 13:15:00,0,700.0,180.0,0.0,44.21,27.6,301.41,0.1,144.29,91.48,8.56
2026-05-25 13:20:00,0,700.0,180.0,0.0,44.9,27.31,232.2,0.16,110.08,83.67,9.97
2026-05-25 13:25:00,0,700.0,180.0,0.0,44.22,28.45,259.2,0.14,121.93,86.5,12.18
2026-05-25 13:30:00,0,700.0,180.0,0.0,44.4,29.57,234.78,0.18,109.01,84.29,10.5
2026-05-25 13:35:00,0,700.0,180.0,0.0,44.56,30.94,300.29,0.1,145.76,93.04,10.04
2026-05-25 13:40:00,0,700.0,180.0,0.0,44.9,30.03,337.89,0.08,151.53,94.22,9.88
2026-05-25 13:45:00,0,700.0,180.0,0.0,44.57,29.47,268.29,0.14,124.88,87.51,9.55
2026-05-25 13:50:00,0,700.0,180.0,0.0,43.9,27.51,224.6,0.18,114.4,84.65,10.34
2026-05-25 13:55:00,0,700.0,180.0,0.0,44.09,30.81,222.13,0.19,107.73,99.43,8.65
2026-05-25 14:00:00,0,700.0,180.0,0.0,44.68,28.7,268.23,0.12,125.52,87.35,9.53
2026-05-25 14:05:00,0,700.0,180.0,0.0,43.46,28.11,241.1,0.13,109.86,83.84,9.33
2026-05-25 14:10:00,0,700.0,180.0,0.0,44.7,28.89,348.75,0.08,171.76,99.71,9.02
2026-05-25 14:15:00,0,700.0,180.0,0.0,44.07,31.87,274.46,0.13,138.69,91.61,8.84
2026-05-25 14:20:00,0,700.0,180.0,0.0,43.53,29.34,299.13,0.1,138.12,90.52,8.51
2026-05-25 14:25:00,0,700.0,180.0,0.0,43.53,28.85,254.59,0.14,121.21,86.48,7.66
2026-05-25 14:30:00,0,700.0,180.0,0.0,43.01,28.43,302.91,0.1,145.78,92.16,8.06
2026-05-25 14:35:00,0,700.0,180.0,0.0,43.63,28.96,209.64,0.21,97.21,81.94,8.36
2026-05-25 14:40:00,0,700.0,180.0,0.0,42.87,17.34,287.94,0.07,133.67,85.17,10.94
2026-05-25 14:45:00,0,700.0,180.0,0.0,43.26,16.67,260.76,0.08,119.9,81.81,9.35
2026-05-25 14:50:00,0,700.0,180.0,0.0,42.93,15.91,294.29,0.06,143.77,87.17,8.92
2026-05-25 14:55:00,0,700.0,180.0,0.0,43.55,17.1,262.76,0.08,120.51,82.1,8.24
2026-05-25 15:00:00,0,700.0,180.0,0.0,42.66,17.01,232.3,0.1,104.0,78.77,6.44
2026-05-25 15:05:00,0,700.0,180.0,0.0,42.91,16.14,242.65,0.09,106.7,78.95,8.16
2026-05-25 15:10:00,0,700.0,180.0,0.0,42.47,15.83,188.78,0.14,94.04,76.66,6.4
2026-05-25 15:15:00,0,700.0,180.0,0.0,42.08,13.82,227.68,0.08,98.51,76.61,8.64
2026-05-25 15:20:00,0,700.0,180.0,0.0,42.4,15.08,279.2,0.06,136.97,85.16,7.22
2026-05-25 15:25:00,0,700.0,180.0,0.0,42.53,13.88,273.69,0.06,127.97,82.6,6.71
2026-05-25 15:30:00,0,700.0,180.0,0.0,43.35,15.44,265.16,0.07,124.4,82.35,5.78
2026-05-25 15:35:00,0,700.0,180.0,0.0,41.63,13.7,329.2,0.04,158.9,90.48,5.35
2026-05-25 15:40:00,0,700.0,180.0,0.0,43.35,9.98,310.65,0.03,141.39,84.43,7.04
2026-05-25 15:45:00,0,700.0,180.0,0.0,41.85,9.08,289.78,0.04,135.45,82.65,6.59
2026-05-25 15:50:00,0,700.0,180.0,0.0,41.58,8.56,308.62,0.03,153.8,87.22,6.35
2026-05-25 15:55:00,0,700.0,180.0,0.0,41.11,8.89,223.81,0.05,100.36,75.15,5.72
2026-05-25 16:00:00,0,700.0,180.0,0.0,40.76,7.92,208.01,0.06,98.92,74.58,6.01
2026-05-25 16:05:00,0,700.0,180.0,0.0,41.72,7.85,251.15,0.04,123.7,79.48,5.84
2026-05-25 16:10:00,0,700.0,180.0,0.0,41.56,7.64,234.85,0.04,105.24,75.6,5.93
2026-05-25 16:15:00,0,700.0,180.0,0.0,40.63,7.65,255.17,0.04,120.29,78.66,4.89
2026-05-25 16:20:00,0,700.0,180.0,0.0,40.4,7.43,325.29,0.02,152.55,86.46,4.71
2026-05-25 16:25:00,0,700.0,180.0,0.0,40.39,7.08,230.73,0.04,111.1,76.54,6.86
2026-05-25 16:30:00,0,700.0,180.0,0.0,41.78,6.88,250.8,0.04,117.77,77.85,6.2
2026-05-25 16:35:00,0,700.0,180.0,0.0,40.82,6.98,240.15,0.04,104.07,75.15,7.39
2026-05-25 16:40:00,0,700.0,180.0,0.0,40.34,6.25,263.86,0.03,122.76,78.69,5.07
2026-05-25 16:45:00,0,700.0,180.0,0.0,40.46,6.56,229.64,0.04,111.26,94.42,5.82
2026-05-25 16:50:00,0,700.0,180.0,0.0,39.62,6.28,241.66,0.04,116.55,77.38,4.89
2026-05-25 16:55:00,0,700.0,180.0,0.0,39.6,5.64,176.56,0.06,88.0,71.94,6.41
2026-05-25 17:00:00,0,700.0,180.0,0.0,39.91,5.07,294.83,0.02,134.89,81.07,3.56
2026-05-25 17:05:00,0,700.0,180.0,0.0,39.55,5.71,249.99,0.03,117.98,77.46,3.54
2026-05-25 17:10:00,0,700.0,180.0,0.0,39.78,4.93,185.29,0.04,83.63,70.97,4.6
2026-05-25 17:15:00,0,700.0,180.0,0.0,39.21,4.99,277.85,0.02,127.27,79.24,4.49
2026-05-25 17:20:00,0,700.0,180.0,0.0,38.88,4.18,265.16,0.02,127.44,78.99,5.41
2026-05-25 17:25:00,0,700.0,180.0,0.0,39.08,4.03,194.51,0.03,91.51,71.88,4.32
2026-05-25 17:30:00,0,700.0,180.0,0.0,39.13,3.65,232.51,0.02,102.48,73.64,4.37
2026-05-25 17:35:00,0,700.0,180.0,0.0,37.9,3.85,316.47,0.01,147.27,83.76,4.02
2026-05-25 17:40:00,0,700.0,180.0,0.0,38.18,3.31,233.16,0.02,108.3,74.62,5.03
2026-05-25 17:45:00,0,700.0,180.0,0.0,38.47,3.11,194.8,0.03,93.41,71.87,3.58
2026-05-25 17:50:00,0,700.0,180.0,0.0,37.55,3.09,236.89,0.02,118.63,76.66,3.55
2026-05-25 17:55:00,0,700.0,180.0,0.0,37.68,2.22,324.91,0.01,146.65,83.02,3.48
2026-05-25 18:00:00,0,700.0,180.0,0.0,37.61,1.82,246.16,0.01,111.7,74.76,4.16
2026-05-25 18:05:00,0,700.0,180.0,0.0,37.97,1.77,237.0,0.01,112.18,74.84,1.35
2026-05-25 18:10:00,0,700.0,180.0,0.0,37.84,1.59,282.12,0.01,138.68,80.75,2.73
2026-05-25 18:15:00,0,700.0,180.0,0.0,37.7,1.7,254.02,0.01,119.07,76.24,3.67
2026-05-25 18:20:00,0,700.0,180.0,0.0,38.34,1.59,288.18,0.01,135.29,79.92,3.58
2026-05-25 18:25:00,0,700.0,180.0,0.0,37.28,1.67,253.61,0.01,119.96,76.43,3.17
2026-05-25 18:30:00,0,700.0,180.0,0.0,37.01,1.75,231.91,0.01,102.02,72.87,1.44
2026-05-25 18:35:00,0,700.0,180.0,0.0,36.32,1.42,214.51,0.01,99.76,72.34,2.33
2026-05-25 18:40:00,0,700.0,180.0,0.0,36.87,1.16,221.06,0.01,103.95,73.02,1.71
2026-05-25 18:45:00,0,700.0,180.0,0.0,37.41,1.05,232.51,0.01,115.19,75.2,2.28
2026-05-25 18:50:00,0,700.0,180.0,0.0,36.69,1.0,273.3,0.0,132.53,79.03,3.32
2026-05-25 18:55:00,0,700.0,180.0,0.0,36.73,0.97,292.48,0.0,146.52,82.53,1.95
2026-05-25 19:00:00,0,700.0,180.0,0.0,36.73,0.85,275.89,0.0,128.76,78.09,3.3
2026-05-25 19:05:00,0,700.0,180.0,0.0,36.61,0.92,233.02,0.01,110.46,74.19,1.9
2026-05-25 19:10:00,0,700.0,180.0,0.0,35.22,0.85,213.2,0.01,96.91,71.64,1.28
2026-05-25 19:15:00,0,700.0,180.0,0.0,35.2,0.83,297.64,0.0,145.65,82.25,2.13
2026-05-25 19:20:00,0,700.0,180.0,0.0,34.01,0.66,259.29,0.0,125.34,77.23,0.98
2026-05-25 19:25:00,0,700.0,180.0,0.0,34.91,0.69,276.65,0.0,133.03,79.03,2.12
2026-05-25 19:30:00,0,700.0,180.0,0.0,35.2,0.54,320.79,0.0,149.66,83.21,2.1
2026-05-25 19:35:00,0,700.0,180.0,0.0,35.05,0.5,237.01,0.0,106.49,73.25,1.72
2026-05-25 19:40:00,0,700.0,180.0,0.0,35.55,0.58,320.89,0.0,148.17,82.83,0.65
2026-05-25 19:45:00,0,700.0,180.0,0.0,35.09,0.43,246.43,0.0,104.4,72.82,0.0
2026-05-25 19:50:00,0,700.0,180.0,0.0,34.3,0.25,243.79,0.0,115.9,75.04,0.0
2026-05-25 19:55:00,0,700.0,180.0,0.0,34.11,0.14,226.37,0.0,103.54,72.56,1.25
2026-05-25 20:00:00,0,700.0,180.0,0.0,34.0,0.17,229.69,0.0,110.81,73.97,2.13
2026-05-25 20:05:00,0,700.0,180.0,0.0,34.25,0.16,328.29,0.0,151.56,83.59,0.0
2026-05-25 20:10:00,0,700.0,180.0,0.0,34.25,0.13,200.46,0.0,91.31,70.41,0.0
2026-05-25 20:15:00,0,700.0,180.0,0.0,33.76,0.12,259.11,0.0,127.08,77.44,0.0
2026-05-25 20:20:00,0,700.0,180.0,0.0,34.22,0.1,252.26,0.0,122.6,76.43,0.38
2026-05-25 20:25:00,0,700.0,180.0,0.0,33.89,0.06,209.86,0.0,105.06,72.82,0.0
2026-05-25 20:30:00,0,700.0,180.0,0.0,34.07,0.02,292.95,0.0,144.55,81.67,1.06
2026-05-25 20:35:00,0,700.0,180.0,0.0,33.35,0.0,261.36,0.0,119.98,75.82,0.41
2026-05-25 20:40:00,0,700.0,180.0,0.0,33.31,0.0,225.75,0.0,93.23,70.68,0.0
2026-05-25 20:45:00,0,700.0,180.0,0.0,32.76,0.0,238.31,0.0,116.96,75.17,0.06
2026-05-25 20:50:00,0,700.0,180.0,0.0,34.04,0.0,276.24,0.0,133.9,79.0,0.96
2026-05-25 20:55:00,0,700.0,180.0,0.0,33.35,0.0,253.88,0.0,123.94,76.69,0.0
2026-05-25 21:00:00,0,700.0,180.0,0.0,33.71,0.0,203.65,0.0,100.74,72.0,0.0
2026-05-25 21:05:00,0,700.0,180.0,0.0,33.88,0.0,204.57,0.0,96.62,71.26,0.3
2026-05-25 21:10:00,0,700.0,180.0,0.0,32.85,0.0,225.92,0.0,104.44,72.68,0.07
2026-05-25 21:15:00,0,700.0,180.0,0.0,33.19,0.0,281.44,0.0,131.19,78.35,0.0
2026-05-25 21:20:00,0,700.0,180.0,0.0,33.65,0.0,263.58,0.0,114.69,74.7,0.21
2026-05-25 21:25:00,0,700.0,180.0,0.0,32.95,0.0,283.55,0.0,131.3,78.38,1.1
2026-05-25 21:30:00,0,700.0,180.0,0.0,32.47,0.0,242.25,0.0,111.9,74.13,0.0
2026-05-25 21:35:00,0,700.0,180.0,0.0,33.2,0.0,240.51,0.0,109.04,73.56,0.0
2026-05-25 21:40:00,0,700.0,180.0,0.0,31.68,0.0,281.63,0.0,134.71,79.19,1.33
2026-05-25 21:45:00,0,700.0,180.0,0.0,31.88,0.0,287.36,0.0,136.76,79.69,0.0
2026-05-25 21:50:00,0,700.0,180.0,0.0,31.29,0.0,309.07,0.0,150.27,83.18,0.11
2026-05-25 21:55:00,0,700.0,180.0,0.0,32.02,0.0,191.26,0.0,93.14,70.67,0.0
2026-05-25 22:00:00,0,700.0,180.0,0.0,31.11,0.0,234.45,0.0,107.47,73.25,0.71
2026-05-25 22:05:00,0,700.0,180.0,0.0,31.51,0.0,298.47,0.0,142.54,81.14,0.16
2026-05-25 22:10:00,0,700.0,180.0,0.0,31.54,0.0,294.52,0.0,147.46,82.43,0.0
2026-05-25 22:15:00,0,700.0,180.0,0.0,31.99,0.0,249.91,0.0,113.72,74.5,0.0
2026-05-25 22:20:00,0,700.0,180.0,0.0,31.3,0.0,254.83,0.0,120.57,75.94,0.41
2026-05-25 22:25:00,0,700.0,180.0,0.0,30.3,0.0,249.31,0.0,122.62,76.39,0.0
2026-05-25 22:30:00,0,700.0,180.0,0.0,31.84,0.0,295.21,0.0,146.47,82.17,0.0
2026-05-25 22:35:00,0,700.0,180.0,0.0,31.35,0.0,216.97,0.0,106.05,72.98,0.0
2026-05-25 22:40:00,0,700.0,180.0,0.0,31.91,0.0,260.97,0.0,126.37,77.23,0.24
2026-05-25 22:45:00,0,700.0,180.0,0.0,32.18,0.0,422.94,0.0,199.75,98.77,0.0
2026-05-25 22:50:00,0,700.0,180.0,0.0,31.67,0.0,251.07,0.0,117.12,75.2,0.0
2026-05-25 22:55:00,0,700.0,180.0,0.0,31.28,0.0,234.85,0.0,107.74,73.31,0.0
2026-05-25 23:00:00,0,700.0,180.0,0.0,31.13,0.0,362.49,0.0,165.25,87.43,0.22
2026-05-25 23:05:00,0,700.0,180.0,0.0,31.52,0.0,262.42,0.0,127.54,77.5,87.02
2026-05-25 23:10:00,0,700.0,180.0,0.0,30.82,54.58,211.33,0.43,99.65,91.76,86.57
2026-05-25 23:15:00,0,700.0,180.0,0.0,31.1,52.43,269.86,0.22,123.2,95.31,84.75
2026-05-25 23:20:00,0,700.0,180.0,0.0,30.64,56.02,225.33,0.35,99.54,92.08,84.4
2026-05-25 23:25:00,0,700.0,180.0,0.0,31.32,60.1,242.97,0.31,119.7,97.41,84.41
2026-05-25 23:30:00,0,700.0,180.0,0.0,30.7,60.19,299.91,0.21,140.16,102.02,85.49
2026-05-25 23:35:00,0,700.0,180.0,0.0,31.6,55.45,275.55,0.24,134.32,98.98,85.53
2026-05-25 23:40:00,0,700.0,180.0,0.0,31.57,59.05,217.99,0.39,101.85,93.64,83.75
2026-05-25 23:45:00,0,700.0,180.0,0.0,30.96,61.39,232.63,0.36,113.4,96.64,85.73
2026-05-25 23:50:00,0,700.0,180.0,0.0,31.05,65.49,246.37,0.32,115.36,98.4,84.71
2026-05-25 23:55:00,0,700.0,180.0,0.0,30.4,67.03,178.35,0.67,88.32,94.68,84.15
2026-05-26 00:00:00,0,-534.88,342.71,-0.37,30.48,66.0,259.43,0.28,124.73,100.52,84.31
2026-05-26 00:05:00,0,-534.88,342.71,-0.37,30.43,65.11,169.53,0.66,86.07,93.63,82.87
2026-05-26 00:10:00,0,-534.88,342.71,-0.37,31.09,70.38,238.02,0.41,114.78,100.17,82.39
2026-05-26 00:15:00,0,-534.88,342.71,-0.37,31.54,64.98,172.06,0.72,82.22,93.12,82.52
2026-05-26 00:20:00,0,-534.88,342.71,-0.37,30.34,66.37,252.8,0.28,110.82,97.7,83.46
2026-05-26 00:25:00,0,-534.88,342.71,-0.37,32.32,53.92,180.65,0.47,81.63,88.67,81.88
2026-05-26 00:30:00,0,-534.88,342.71,-0.37,31.47,60.14,289.01,0.24,136.73,101.21,83.55
2026-05-26 00:35:00,0,-534.88,342.71,-0.37,32.0,61.71,364.3,0.14,172.61,111.55,79.66
2026-05-26 00:40:00,0,-534.88,342.71,-0.37,31.32,66.82,198.39,0.53,92.96,95.08,83.92
2026-05-26 00:45:00,0,-534.88,342.71,-0.37,31.83,67.18,296.91,0.26,136.5,103.66,82.86
2026-05-26 00:50:00,0,-534.88,342.71,-0.37,30.8,67.78,244.95,0.38,110.64,112.53,81.08
2026-05-26 00:55:00,0,-534.88,342.71,-0.37,31.77,63.03,213.55,0.42,106.71,111.87,80.41
2026-05-26 01:00:00,0,-534.88,342.71,-0.37,31.8,67.61,211.64,0.46,101.92,96.79,84.3
2026-05-26 01:05:00,0,-534.88,342.71,-0.37,31.82,66.17,170.01,0.78,84.06,93.94,81.92
2026-05-26 01:10:00,0,-534.88,342.71,-0.37,30.55,64.03,230.14,0.36,104.37,95.79,79.36
2026-05-26 01:15:00,0,-534.88,342.71,-0.37,31.39,64.22,259.06,0.33,118.19,98.57,80.83
2026-05-26 01:20:00,0,-534.88,342.71,-0.37,31.43,68.69,236.04,0.36,114.91,99.5,80.3
2026-05-26 01:25:00,0,-534.88,342.71,-0.37,31.21,67.23,279.12,0.28,126.82,101.42,80.44
2026-05-26 01:30:00,0,-534.88,342.71,-0.37,31.68,66.86,166.08,0.73,75.82,92.89,80.82
2026-05-26 01:35:00,0,-534.88,342.71,-0.37,32.2,69.96,289.71,0.24,129.44,102.9,80.21
2026-05-26 01:40:00,0,-534.88,342.71,-0.37,30.8,70.42,162.2,0.82,74.54,94.15,80.86
2026-05-26 01:45:00,0,-534.88,342.71,-0.37,31.94,72.29,248.86,0.37,119.48,101.75,81.76
2026-05-26 01:50:00,0,-534.88,342.71,-0.37,32.35,67.08,236.55,0.39,103.35,96.73,79.76
2026-05-26 01:55:00,0,-534.88,342.71,-0.37,32.65,66.58,193.62,0.59,89.23,94.51,80.35
2026-05-26 02:00:00,0,-534.88,342.71,-0.37,31.37,66.92,261.27,0.27,118.37,99.43,81.1
2026-05-26 02:05:00,0,-534.88,342.71,-0.37,31.86,69.33,279.65,0.28,135.78,104.28,79.35
2026-05-26 02:10:00,0,-534.88,342.71,-0.37,31.85,72.16,246.39,0.37,125.12,123.22,79.29
2026-05-26 02:15:00,0,-534.88,342.71,-0.37,32.08,66.35,221.66,0.43,106.47,97.14,77.23
2026-05-26 02:20:00,0,-534.88,342.71,-0.37,32.15,70.17,248.0,0.35,117.08,100.46,79.89
2026-05-26 02:25:00,0,-534.88,342.71,-0.37,32.0,66.04,295.68,0.21,146.43,105.69,79.7
2026-05-26 02:30:00,0,-534.88,342.71,-0.37,31.69,68.6,207.09,0.5,99.64,96.8,79.16
2026-05-26 02:35:00,0,-534.88,342.71,-0.37,32.5,67.82,284.22,0.25,135.54,103.63,79.12
2026-05-26 02:40:00,0,-534.88,342.71,-0.37,32.43,66.89,227.72,0.4,106.66,97.31,79.31
2026-05-26 02:45:00,0,-534.88,342.71,-0.37,32.42,66.11,291.44,0.24,130.41,101.79,76.78
2026-05-26 02:50:00,0,-534.88,342.71,-0.37,32.08,68.55,242.35,0.38,109.51,98.4,78.45
2026-05-26 02:55:00,0,-534.88,342.71,-0.37,32.54,67.2,315.25,0.21,139.86,104.4,78.33
2026-05-26 03:00:00,0,-534.88,342.71,-0.37,32.59,64.43,288.25,0.27,134.22,102.17,79.29
2026-05-26 03:05:00,0,-534.88,342.71,-0.37,33.77,65.45,276.1,0.26,125.97,100.57,75.2
2026-05-26 03:10:00,0,-534.88,342.71,-0.37,32.97,65.78,244.46,0.35,118.96,99.32,78.26
2026-05-26 03:15:00,0,-534.88,342.71,-0.37,33.33,64.27,220.2,0.41,107.05,96.49,77.71
2026-05-26 03:20:00,0,-534.88,342.71,-0.37,33.46,60.39,337.03,0.17,148.74,104.25,77.14
2026-05-26 03:25:00,0,-534.88,342.71,-0.37,33.96,68.71,245.06,0.36,113.73,99.27,77.94
2026-05-26 03:30:00,0,-534.88,342.71,-0.37,34.17,66.36,355.92,0.15,172.83,113.27,76.23
2026-05-26 03:35:00,0,-534.88,342.71,-0.37,33.78,64.15,231.35,0.4,107.96,96.6,76.8
2026-05-26 03:40:00,0,-534.88,342.71,-0.37,33.44,63.91,280.16,0.27,135.88,102.39,75.86
2026-05-26 03:45:00,0,-534.88,342.71,-0.37,33.99,62.96,286.47,0.24,141.49,125.66,76.25
2026-05-26 03:50:00,0,-534.88,342.71,-0.37,33.56,57.33,229.6,0.33,109.53,111.46,76.57
2026-05-26 03:55:00,0,-534.88,342.71,-0.37,34.73,56.07,200.41,0.42,94.41,91.35,76.01
2026-05-26 04:00:00,0,-534.88,342.71,-0.37,34.33,53.29,260.79,0.23,129.35,97.03,76.74
2026-05-26 04:05:00,0,-534.88,342.71,-0.37,34.44,56.97,228.53,0.34,109.73,94.32,76.1
2026-05-26 04:10:00,0,-534.88,342.71,-0.37,34.71,57.43,227.71,0.34,112.23,94.98,75.27
2026-05-26 04:15:00,0,-534.88,342.71,-0.37,34.52,56.46,121.46,1.24,57.7,88.1,75.34
2026-05-26 04:20:00,0,-534.88,342.71,-0.37,35.74,42.85,258.03,0.2,116.22,90.42,77.41
2026-05-26 04:25:00,0,-534.88,342.71,-0.37,35.48,40.11,263.78,0.19,127.51,91.92,74.83
2026-05-26 04:30:00,0,-534.88,342.71,-0.37,35.67,41.32,236.92,0.22,115.01,103.23,74.8
2026-05-26 04:35:00,0,-534.88,342.71,-0.37,35.48,40.13,326.92,0.12,144.27,95.88,74.27
2026-05-26 04:40:00,0,-534.88,342.71,-0.37,35.74,37.39,201.52,0.29,98.5,85.26,74.8
2026-05-26 04:45:00,0,-534.88,342.71,-0.37,35.95,42.78,308.57,0.15,145.78,97.27,75.63
2026-05-26 04:50:00,0,-534.88,342.71,-0.37,36.24,38.37,264.08,0.17,122.41,90.12,74.73
2026-05-26 04:55:00,0,-534.88,342.71,-0.37,35.48,33.59,299.44,0.13,141.28,92.85,74.75
2026-05-26 05:00:00,0,-534.88,342.71,-0.37,35.66,38.02,216.16,0.26,100.25,85.74,74.67
2026-05-26 05:05:00,0,-534.88,342.71,-0.37,35.78,40.06,182.13,0.35,84.71,84.05,74.18
2026-05-26 05:10:00,0,-534.88,342.71,-0.37,36.72,30.86,247.26,0.16,115.14,85.92,73.92
2026-05-26 05:15:00,0,-534.88,342.71,-0.37,36.81,32.43,194.8,0.29,92.11,82.43,73.03
2026-05-26 05:20:00,0,-534.88,342.71,-0.37,36.5,33.39,296.12,0.12,145.06,93.73,74.16
2026-05-26 05:25:00,0,-534.88,342.71,-0.37,37.18,33.15,200.45,0.26,93.76,82.9,73.58
2026-05-26 05:30:00,0,-534.88,342.71,-0.37,37.79,26.52,222.77,0.17,108.98,83.18,74.32
2026-05-26 05:35:00,0,-534.88,342.71,-0.37,37.61,22.37,278.18,0.09,137.21,87.82,74.75
2026-05-26 05:40:00,0,-534.88,342.71,-0.37,38.27,24.86,173.93,0.26,87.86,79.04,72.45
2026-05-26 05:45:00,0,-534.88,342.71,-0.37,37.08,24.76,290.99,0.1,144.18,90.45,73.36
2026-05-26 05:50:00,0,-534.88,342.71,-0.37,37.5,25.18,219.15,0.16,100.15,81.03,72.68
2026-05-26 05:55:00,0,-534.88,342.71,-0.37,38.29,24.87,280.38,0.1,129.56,105.29,73.62
2026-05-26 06:00:00,0,-534.88,342.71,-0.37,38.74,21.22,267.67,0.09,125.42,84.64,71.03
2026-05-26 06:05:00,0,-534.88,342.71,-0.37,38.59,22.89,261.88,0.11,117.04,83.43,73.98
2026-05-26 06:10:00,0,-534.88,342.71,-0.37,38.66,22.06,258.38,0.11,116.86,83.1,73.47
2026-05-26 06:15:00,0,-534.88,342.71,-0.37,38.43,19.88,233.76,0.12,114.39,81.84,71.56
2026-05-26 06:20:00,0,-534.88,342.71,-0.37,37.81,17.9,224.91,0.12,99.78,78.34,73.81
2026-05-26 06:25:00,0,-534.88,342.71,-0.37,38.25,18.42,283.05,0.07,129.63,84.58,71.69
2026-05-26 06:30:00,0,-534.88,342.71,-0.37,39.44,19.98,313.21,0.07,136.91,86.88,71.25
2026-05-26 06:35:00,0,-534.88,342.71,-0.37,38.73,15.61,255.63,0.07,114.59,80.29,72.57
2026-05-26 06:40:00,0,-534.88,342.71,-0.37,39.69,16.55,231.38,0.1,106.12,79.0,72.58
2026-05-26 06:45:00,0,-534.88,342.71,-0.37,39.42,15.41,369.05,0.04,162.12,92.0,70.84
2026-05-26 06:50:00,0,-534.88,342.71,-0.37,39.17,14.68,246.44,0.07,112.72,79.58,72.33
2026-05-26 06:55:00,0,-534.88,342.71,-0.37,40.0,20.09,169.42,0.22,80.06,76.12,70.53
2026-05-26 07:00:00,0,-534.88,342.71,-0.37,40.15,15.83,264.85,0.07,135.73,85.13,70.75
2026-05-26 07:05:00,0,-534.88,342.71,-0.37,40.36,16.66,241.72,0.1,109.0,79.6,71.2
2026-05-26 07:10:00,0,-534.88,342.71,-0.37,40.36,14.37,233.44,0.09,113.32,79.64,70.92
2026-05-26 07:15:00,0,-534.88,342.71,-0.37,39.95,12.6,333.07,0.04,164.04,91.58,71.41
2026-05-26 07:20:00,0,-534.88,342.71,-0.37,40.08,15.62,233.26,0.1,113.12,90.14,70.84
2026-05-26 07:25:00,0,-534.88,342.71,-0.37,40.69,13.02,277.9,0.05,127.8,82.23,70.33
2026-05-26 07:30:00,0,-534.88,342.71,-0.37,40.41,12.81,212.59,0.1,100.39,76.63,70.28
2026-05-26 07:35:00,0,-534.88,342.71,-0.37,40.76,16.67,238.63,0.1,110.53,79.9,70.86
2026-05-26 07:40:00,0,-534.88,342.71,-0.37,40.83,11.56,247.78,0.06,122.75,80.6,70.83
2026-05-26 07:45:00,0,-534.88,342.71,-0.37,40.79,17.81,313.1,0.06,144.67,88.07,69.74
2026-05-26 07:50:00,0,-534.88,342.71,-0.37,41.35,13.43,272.19,0.06,124.71,81.7,69.7
2026-05-26 07:55:00,0,-534.88,342.71,-0.37,41.71,12.07,260.67,0.06,128.04,81.98,71.59
2026-05-26 08:00:00,0,-534.88,342.71,-0.37,41.96,10.6,300.06,0.04,142.28,84.89,70.68
2026-05-26 08:05:00,0,-534.88,342.71,-0.37,41.19,16.22,257.29,0.09,123.98,82.57,71.05
2026-05-26 08:10:00,0,-534.88,342.71,-0.37,41.81,9.84,340.31,0.03,165.12,90.92,68.29
2026-05-26 08:15:00,0,-534.88,342.71,-0.37,42.06,8.11,256.73,0.04,121.99,79.19,69.41
2026-05-26 08:20:00,0,-534.88,342.71,-0.37,41.79,9.51,205.73,0.07,93.98,74.29,68.04
2026-05-26 08:25:00,0,-534.88,342.71,-0.37,41.35,9.67,316.75,0.03,144.35,85.07,69.88
2026-05-26 08:30:00,0,-534.88,342.71,-0.37,42.49,7.78,174.77,0.09,77.89,71.24,70.72
2026-05-26 08:35:00,0,-534.88,342.71,-0.37,41.6,8.85,361.36,0.02,171.75,105.01,70.05
2026-05-26 08:40:00,0,-534.88,342.71,-0.37,43.02,11.62,258.09,0.05,111.66,78.27,69.28
2026-05-26 08:45:00,0,-534.88,342.71,-0.37,42.13,14.0,191.35,0.11,88.06,74.98,68.79
2026-05-26 08:50:00,0,-534.88,342.71,-0.37,42.93,11.17,234.2,0.07,101.98,76.29,69.1
2026-05-26 08:55:00,0,-534.88,342.71,-0.37,42.46,10.28,270.81,0.04,118.37,79.17,68.52
2026-05-26 09:00:00,0,-534.88,342.71,-0.37,43.03,11.17,242.4,0.06,115.92,79.0,68.99
2026-05-26 09:05:00,0,-534.88,342.71,-0.37,42.69,12.8,284.11,0.05,137.81,84.55,68.68
2026-05-26 09:10:00,0,-534.88,342.71,-0.37,43.72,12.88,283.29,0.05,133.22,83.46,67.64
2026-05-26 09:15:00,0,-534.88,342.71,-0.37,43.59,10.05,248.99,0.05,116.81,78.78,68.84
2026-05-26 09:20:00,0,-534.88,342.71,-0.37,43.58,12.57,217.45,0.09,106.02,77.58,67.29
2026-05-26 09:25:00,0,-534.88,342.71,-0.37,43.29,14.21,318.42,0.05,142.84,86.32,66.73
2026-05-26 09:30:00,0,-534.88,342.71,-0.37,44.33,11.35,312.32,0.04,147.82,86.6,66.88
2026-05-26 09:35:00,0,-534.88,342.71,-0.37,43.04,12.77,302.44,0.04,145.45,86.47,67.72
2026-05-26 09:40:00,0,-534.88,342.71,-0.37,43.26,12.43,226.95,0.07,110.14,78.29,68.47
2026-05-26 09:45:00,0,-534.88,342.71,-0.37,43.43,11.55,230.8,0.07,110.07,77.97,66.52
2026-05-26 09:50:00,0,-534.88,342.71,-0.37,43.92,13.31,336.89,0.04,171.33,113.45,66.39
2026-05-26 09:55:00,0,-534.88,342.71,-0.37,44.34,12.75,269.22,0.06,130.86,98.47,66.86
2026-05-26 10:00:00,0,-534.88,342.71,-0.37,44.14,14.85,293.47,0.05,137.53,85.2,67.58
2026-05-26 10:05:00,0,-534.88,342.71,-0.37,45.8,16.27,216.51,0.12,98.72,77.59,66.33
2026-05-26 10:10:00,0,-534.88,342.71,-0.37,43.24,16.4,188.85,0.15,94.3,76.92,65.82
2026-05-26 10:15:00,0,-534.88,342.71,-0.37,44.48,18.43,234.33,0.11,115.91,81.65,65.72
2026-05-26 10:20:00,0,-534.88,342.71,-0.37,43.69,16.67,220.04,0.1,104.36,78.72,66.41
2026-05-26 10:25:00,0,-534.88,342.71,-0.37,43.7,18.09,225.58,0.11,112.93,80.91,64.88
2026-05-26 10:30:00,0,-534.88,342.71,-0.37,45.03,16.6,312.99,0.05,135.66,85.36,65.63
2026-05-26 10:35:00,0,-534.88,342.71,-0.37,44.69,18.62,350.59,0.05,161.39,92.94,66.77
2026-05-26 10:40:00,0,-534.88,342.71,-0.37,44.54,17.66,230.52,0.1,117.59,81.71,64.93
2026-05-26 10:45:00,0,-534.88,342.71,-0.37,44.84,17.84,251.96,0.09,121.56,82.61,64.06
2026-05-26 10:50:00,0,-534.88,342.71,-0.37,44.35,18.14,251.56,0.09,114.35,81.18,65.49
2026-05-26 10:55:00,0,-534.88,342.71,-0.37,44.26,20.31,263.5,0.09,122.71,83.72,66.23
2026-05-26 11:00:00,0,-534.88,342.71,-0.37,44.54,20.55,243.36,0.11,107.48,80.69,63.82
2026-05-26 11:05:00,0,-534.88,342.71,-0.37,45.22,19.74,268.94,0.09,134.65,86.29,66.36
2026-05-26 11:10:00,0,-534.88,342.71,-0.37,44.52,19.18,141.61,0.32,65.88,74.14,64.59
2026-05-26 11:15:00,0,-534.88,342.71,-0.37,44.76,22.08,311.78,0.07,153.55,91.97,63.97
2026-05-26 11:20:00,0,-534.88,342.71,-0.37,44.38,22.26,333.05,0.06,166.96,95.88,63.71
2026-05-26 11:25:00,0,-534.88,342.71,-0.37,44.57,23.24,245.28,0.11,117.24,83.61,65.91
2026-05-26 11:30:00,0,-534.88,342.71,-0.37,44.07,23.17,251.43,0.11,116.97,83.53,63.64
2026-05-26 11:35:00,0,-534.88,342.71,-0.37,46.57,22.18,302.88,0.08,139.59,88.35,65.42
2026-05-26 11:40:00,0,-534.88,342.71,-0.37,44.5,28.16,223.33,0.16,107.05,83.37,63.38
2026-05-26 11:45:00,0,-534.88,342.71,-0.37,45.56,21.24,202.79,0.16,94.02,95.65,64.14
2026-05-26 11:50:00,0,-534.88,342.71,-0.37,44.45,24.07,210.62,0.16,96.64,80.03,63.41
2026-05-26 11:55:00,0,-534.88,342.71,-0.37,45.27,24.62,209.83,0.17,103.75,81.53,65.76
2026-05-26 12:00:00,0,-534.88,342.71,-0.37,45.74,25.48,228.62,0.16,105.57,82.16,62.38
2026-05-26 12:05:00,0,-534.88,342.71,-0.37,44.56,27.7,248.22,0.13,116.61,85.08,64.09
2026-05-26 12:10:00,0,-534.88,342.71,-0.37,44.96,25.1,271.14,0.11,128.74,86.81,63.55
2026-05-26 12:15:00,0,-534.88,342.71,-0.37,44.19,27.74,260.0,0.13,113.01,84.35,63.88
2026-05-26 12:20:00,0,-534.88,342.71,-0.37,45.6,25.58,171.84,0.29,84.05,78.78,63.94
2026-05-26 12:25:00,0,-534.88,342.71,-0.37,45.8,27.49,289.11,0.09,127.46,87.31,63.21
2026-05-26 12:30:00,0,-534.88,342.71,-0.37,44.87,27.54,214.77,0.18,92.45,80.58,62.98
2026-05-26 12:35:00,0,-534.88,342.71,-0.37,44.59,26.61,296.53,0.09,144.57,91.19,63.24
2026-05-26 12:40:00,0,-534.88,342.71,-0.37,44.38,28.7,240.83,0.16,115.39,85.23,62.46
2026-05-26 12:45:00,0,-534.88,342.71,-0.37,44.59,29.86,204.4,0.21,94.97,81.87,62.32
2026-05-26 12:50:00,0,-534.88,342.71,-0.37,44.36,29.67,281.54,0.12,133.82,89.63,63.51
2026-05-26 12:55:00,0,-534.88,342.71,-0.37,44.45,28.37,296.84,0.1,142.63,91.32,61.65
2026-05-26 13:00:00,0,-534.88,342.71,-0.37,45.29,27.87,212.17,0.22,99.29,81.95,61.98
2026-05-26 13:05:00,0,-534.88,342.71,-0.37,44.78,31.55,242.21,0.17,115.31,86.23,60.1
2026-05-26 13:10:00,0,-534.88,342.71,-0.37,44.71,27.73,348.65,0.07,156.51,94.78,61.38
2026-05-26 13:15:00,0,-534.88,342.71,-0.37,44.29,28.09,310.4,0.09,142.19,91.09,60.44
2026-05-26 13:20:00,0,-534.88,342.71,-0.37,44.75,28.26,216.59,0.19,102.21,82.56,62.55
2026-05-26 13:25:00,0,-534.88,342.71,-0.37,44.03,28.01,240.67,0.16,106.29,83.18,60.74
2026-05-26 13:30:00,0,-534.88,342.71,-0.37,43.93,31.69,266.08,0.15,125.61,88.48,60.5
2026-05-26 13:35:00,0,-534.88,342.71,-0.37,45.15,27.7,244.41,0.15,115.53,84.89,61.08
2026-05-26 13:40:00,0,-534.88,342.71,-0.37,44.28,29.22,290.72,0.11,139.98,90.96,61.52
2026-05-26 13:45:00,0,-534.88,342.71,-0.37,44.14,27.06,185.11,0.26,83.78,79.19,59.31
2026-05-26 13:50:00,0,-534.88,342.71,-0.37,43.62,28.02,265.07,0.12,120.47,85.99,59.61
2026-05-26 13:55:00,0,-534.88,342.71,-0.37,43.7,29.14,234.67,0.17,107.78,83.87,61.23
2026-05-26 14:00:00,0,-534.88,342.71,-0.37,44.28,30.54,227.31,0.19,103.37,83.57,60.32
2026-05-26 14:05:00,0,-534.88,342.71,-0.37,43.77,29.58,270.19,0.14,129.64,88.64,60.52
2026-05-26 14:10:00,0,-534.88,342.71,-0.37,44.4,26.97,258.47,0.13,122.29,86.04,60.87
2026-05-26 14:15:00,0,-534.88,342.71,-0.37,43.69,29.05,281.79,0.12,130.79,88.68,59.83
2026-05-26 14:20:00,0,-534.88,342.71,-0.37,42.94,27.63,261.82,0.12,123.54,86.53,60.47
2026-05-26 14:25:00,0,-534.88,342.71,-0.37,43.47,29.65,279.52,0.13,133.84,89.64,60.02
2026-05-26 14:30:00,0,-534.88,342.71,-0.37,43.89,29.92,261.88,0.14,124.96,87.69,59.05
2026-05-26 14:35:00,0,-534.88,342.71,-0.37,43.28,27.94,203.4,0.23,100.15,82.15,60.38
2026-05-26 14:40:00,0,-534.88,342.71,-0.37,43.25,27.77,394.07,0.06,178.81,101.5,58.85
2026-05-26 14:45:00,0,-534.88,342.71,-0.37,44.43,27.08,284.42,0.1,130.29,87.84,60.21
2026-05-26 14:50:00,0,-534.88,342.71,-0.37,42.78,27.12,269.72,0.13,123.47,86.35,60.09
2026-05-26 14:55:00,0,-534.88,342.71,-0.37,42.7,27.79,244.23,0.15,105.42,82.91,58.6
2026-05-26 15:00:00,0,-534.88,342.71,-0.37,43.14,26.04,273.42,0.11,123.44,85.93,59.21
2026-05-26 15:05:00,0,-534.88,342.71,-0.37,42.91,27.15,258.19,0.13,123.8,86.44,57.69
2026-05-26 15:10:00,0,-534.88,342.71,-0.37,43.02,25.8,246.16,0.13,118.68,84.85,57.85
2026-05-26 15:15:00,0,-534.88,342.71,-0.37,43.27,27.08,175.01,0.31,83.85,79.31,58.69
2026-05-26 15:20:00,0,-534.88,342.71,-0.37,42.53,27.41,200.1,0.21,86.1,79.57,58.22
2026-05-26 15:25:00,0,-534.88,342.71,-0.37,42.57,24.94,178.27,0.27,81.83,78.18,59.42
2026-05-26 15:30:00,0,-534.88,342.71,-0.37,42.21,26.23,272.5,0.11,130.73,87.66,59.1
2026-05-26 15:35:00,0,-534.88,342.71,-0.37,41.84,26.67,265.77,0.12,127.45,87.07,57.3
2026-05-26 15:40:00,0,-534.88,342.71,-0.37,42.87,24.19,220.88,0.16,101.6,80.96,57.25
2026-05-26 15:45:00,0,-534.88,342.71,-0.37,41.28,24.91,158.51,0.3,76.77,77.5,56.87
2026-05-26 15:50:00,0,-534.88,342.71,-0.37,41.77,23.51,159.06,0.28,70.66,76.16,58.48
2026-05-26 15:55:00,0,-534.88,342.71,-0.37,41.59,21.66,188.84,0.19,89.18,78.0,57.19
2026-05-26 16:00:00,0,-534.88,342.71,-0.37,40.96,22.67,187.9,0.21,90.82,78.65,58.5
2026-05-26 16:05:00,0,-534.88,342.71,-0.37,41.56,23.39,321.22,0.07,152.06,92.01,57.76
2026-05-26 16:10:00,0,-534.88,342.71,-0.37,41.89,20.36,264.78,0.1,117.94,82.72,58.19
2026-05-26 16:15:00,0,-534.88,342.71,-0.37,41.21,21.69,220.87,0.14,102.7,80.24,55.68
2026-05-26 16:20:00,0,-534.88,342.71,-0.37,40.56,19.17,199.44,0.15,98.5,78.62,57.17
2026-05-26 16:25:00,0,-534.88,342.71,-0.37,40.69,21.24,214.54,0.15,102.24,80.02,55.69
2026-05-26 16:30:00,0,-534.88,342.71,-0.37,40.1,19.28,289.18,0.07,143.22,88.22,56.9
2026-05-26 16:35:00,0,-534.88,342.71,-0.37,40.03,20.5,257.79,0.1,113.92,81.93,55.85
2026-05-26 16:40:00,0,-534.88,342.71,-0.37,40.36,19.21,232.92,0.1,108.54,80.4,55.9
2026-05-26 16:45:00,0,-534.88,342.71,-0.37,40.15,18.87,198.95,0.15,96.14,78.1,55.08
2026-05-26 16:50:00,0,-534.88,342.71,-0.37,40.17,18.47,264.36,0.08,129.03,84.48,57.76
2026-05-26 16:55:00,0,-534.88,342.71,-0.37,39.63,20.36,251.84,0.1,120.18,83.2,55.27
2026-05-26 17:00:00,0,-534.88,342.71,-0.37,39.75,17.01,212.4,0.13,107.34,79.46,56.52
2026-05-26 17:05:00,0,-534.88,342.71,-0.37,40.37,17.45,247.43,0.09,112.81,80.62,55.65
2026-05-26 17:10:00,0,-534.88,342.71,-0.37,39.29,15.05,226.81,0.1,98.34,77.04,53.99
2026-05-26 17:15:00,0,-534.88,342.71,-0.37,38.12,16.16,199.79,0.13,90.59,76.17,56.54
2026-05-26 17:20:00,0,-534.88,342.71,-0.37,38.85,14.82,212.96,0.1,104.63,78.11,55.92
2026-05-26 17:25:00,0,-534.88,342.71,-0.37,39.32,17.21,231.19,0.1,112.11,80.41,54.66
2026-05-26 17:30:00,0,-534.88,342.71,-0.37,39.12,13.92,300.17,0.05,137.35,84.82,55.34
2026-05-26 17:35:00,0,-534.88,342.71,-0.37,39.61,15.19,265.71,0.07,122.86,98.1,53.98
2026-05-26 17:40:00,0,-534.88,342.71,-0.37,38.07,14.07,241.26,0.08,113.8,79.61,55.0
2026-05-26 17:45:00,0,-534.88,342.71,-0.37,38.85,14.84,343.28,0.04,165.72,92.86,53.45
2026-05-26 17:50:00,0,-534.88,342.71,-0.37,37.49,14.16,214.74,0.1,101.21,77.25,54.69
2026-05-26 17:55:00,0,-534.88,342.71,-0.37,38.45,11.44,243.98,0.07,108.79,77.67,54.76
2026-05-26 18:00:00,0,-534.88,342.71,-0.37,37.57,11.21,209.71,0.07,100.26,75.98,53.62
2026-05-26 18:05:00,0,-534.88,342.71,-0.37,37.93,11.65,280.24,0.05,134.32,83.29,54.52
2026-05-26 18:10:00,0,-534.88,342.71,-0.37,37.03,11.76,271.61,0.05,121.05,80.27,55.01
2026-05-26 18:15:00,0,-534.88,342.71,-0.37,37.11,12.37,194.36,0.11,94.53,75.46,52.6
2026-05-26 18:20:00,0,-534.88,342.71,-0.37,37.11,12.81,233.06,0.08,116.99,79.83,52.63
2026-05-26 18:25:00,0,-534.88,342.71,-0.37,37.16,10.09,189.84,0.08,92.45,74.25,54.49
2026-05-26 18:30:00,0,-534.88,342.71,-0.37,37.53,8.14,144.56,0.13,67.79,70.12,53.94
2026-05-26 18:35:00,0,-534.88,342.71,-0.37,36.4,9.25,265.62,0.04,121.24,79.41,53.99
2026-05-26 18:40:00,0,-534.88,342.71,-0.37,37.77,9.3,228.76,0.06,108.96,76.93,53.78
2026-05-26 18:45:00,0,-534.88,342.71,-0.37,36.94,8.75,212.51,0.06,100.14,75.07,52.47
2026-05-26 18:50:00,0,-534.88,342.71,-0.37,37.0,9.63,266.86,0.04,129.71,81.46,52.75
2026-05-26 18:55:00,0,-534.88,342.71,-0.37,36.1,8.68,299.92,0.03,135.04,82.38,52.0
2026-05-26 19:00:00,0,-534.88,342.71,-0.37,35.87,8.79,223.26,0.05,104.14,75.8,52.59
2026-05-26 19:05:00,0,-534.88,342.71,-0.37,36.66,8.13,256.84,0.04,113.69,77.42,52.46
2026-05-26 19:10:00,0,-534.88,342.71,-0.37,35.35,7.07,300.99,0.02,140.06,83.04,50.75
2026-05-26 19:15:00,0,-534.88,342.71,-0.37,36.39,8.34,302.24,0.03,142.31,84.07,53.24
2026-05-26 19:20:00,0,-534.88,342.71,-0.37,35.37,7.18,209.62,0.05,101.43,90.89,51.8
2026-05-26 19:25:00,0,-534.88,342.71,-0.37,34.92,10.26,307.95,0.03,149.89,86.74,54.14
2026-05-26 19:30:00,0,-534.88,342.71,-0.37,34.29,6.12,291.2,0.02,146.49,84.36,50.66
2026-05-26 19:35:00,0,-534.88,342.71,-0.37,35.35,7.05,289.54,0.03,137.11,82.31,52.08
2026-05-26 19:40:00,0,-534.88,342.71,-0.37,35.07,6.44,225.06,0.04,99.97,74.19,52.37
2026-05-26 19:45:00,0,-534.88,342.71,-0.37,34.1,7.32,211.94,0.05,105.92,89.53,51.15
2026-05-26 19:50:00,0,-534.88,342.71,-0.37,33.95,5.78,225.31,0.03,108.75,75.59,50.63
2026-05-26 19:55:00,0,-534.88,342.71,-0.37,34.67,5.17,263.56,0.02,122.36,78.19,51.21
2026-05-26 20:00:00,0,-534.88,342.71,-0.37,34.69,8.13,185.95,0.07,87.29,72.71,51.02
2026-05-26 20:05:00,0,-534.88,342.71,-0.37,34.07,6.37,263.62,0.03,120.02,78.12,51.07
2026-05-26 20:10:00,0,-534.88,342.71,-0.37,34.54,8.57,214.56,0.05,98.27,74.65,52.05
2026-05-26 20:15:00,0,-534.88,342.71,-0.37,34.08,6.81,258.66,0.03,126.26,79.65,51.78
2026-05-26 20:20:00,0,-534.88,342.71,-0.37,34.06,8.18,292.0,0.03,133.31,81.78,51.03
2026-05-26 20:25:00,0,-534.88,342.71,-0.37,33.49,8.23,240.31,0.05,105.58,75.87,51.73
2026-05-26 20:30:00,0,-534.88,342.71,-0.37,32.91,7.19,169.17,0.08,78.6,71.1,51.11
2026-05-26 20:35:00,0,-534.88,342.71,-0.37,34.11,7.95,187.21,0.07,92.26,73.45,51.53
2026-05-26 20:40:00,0,-534.88,342.71,-0.37,33.21,8.94,240.93,0.05,112.59,77.5,50.45
2026-05-26 20:45:00,0,-534.88,342.71,-0.37,32.72,8.82,233.28,0.06,109.2,76.8,49.93
2026-05-26 20:50:00,0,-534.88,342.71,-0.37,33.26,8.11,294.41,0.03,136.46,82.52,51.53
2026-05-26 20:55:00,0,-534.88,342.71,-0.37,33.2,7.06,216.76,0.05,97.06,73.91,50.7
2026-05-26 21:00:00,0,-534.88,342.71,-0.37,33.22,7.06,233.5,0.04,111.81,76.66,49.61
2026-05-26 21:05:00,0,-534.88,342.71,-0.37,33.17,7.61,140.83,0.12,68.41,69.98,50.62
2026-05-26 21:10:00,0,-534.88,342.71,-0.37,32.13,6.89,280.73,0.03,125.29,79.46,49.38
2026-05-26 21:15:00,0,-534.88,342.71,-0.37,32.95,10.01,310.65,0.03,165.67,91.13,50.58
2026-05-26 21:20:00,0,-534.88,342.71,-0.37,32.75,8.69,236.41,0.05,116.78,78.28,50.05
2026-05-26 21:25:00,0,-534.88,342.71,-0.37,32.57,8.9,260.35,0.04,122.52,79.57,49.6
2026-05-26 21:30:00,0,-534.88,342.71,-0.37,32.52,7.92,220.96,0.05,104.25,75.51,50.11
2026-05-26 21:35:00,0,-534.88,342.71,-0.37,32.04,10.32,237.7,0.06,111.34,77.75,48.81
2026-05-26 21:40:00,0,-534.88,342.71,-0.37,33.01,10.8,224.33,0.07,111.16,77.9,49.16
2026-05-26 21:45:00,0,-534.88,342.71,-0.37,32.17,10.53,286.02,0.04,139.18,84.06,48.96
2026-05-26 21:50:00,0,-534.88,342.71,-0.37,32.56,12.65,266.66,0.06,123.69,81.18,49.6
2026-05-26 21:55:00,0,-534.88,342.71,-0.37,32.43,13.62,298.94,0.05,136.46,84.49,47.79
2026-05-26 22:00:00,0,-534.88,342.71,-0.37,31.65,13.78,297.33,0.05,139.28,85.24,49.46
2026-05-26 22:05:00,0,-534.88,342.71,-0.37,31.73,11.92,262.81,0.06,120.26,80.17,48.3
2026-05-26 22:10:00,0,-534.88,342.71,-0.37,31.8,11.97,231.48,0.07,114.15,78.92,47.66
2026-05-26 22:15:00,0,-534.88,342.71,-0.37,32.07,14.74,261.43,0.07,125.15,82.25,48.69
2026-05-26 22:20:00,0,-534.88,342.71,-0.37,31.38,13.97,299.1,0.05,137.93,100.02,48.26
2026-05-26 22:25:00,0,-534.88,342.71,-0.37,31.55,14.5,333.88,0.04,159.96,91.04,49.77
2026-05-26 22:30:00,0,-534.88,342.71,-0.37,32.14,15.96,205.03,0.12,101.6,77.97,48.73
2026-05-26 22:35:00,0,-534.88,342.71,-0.37,31.11,13.83,191.41,0.12,79.83,73.68,47.53
2026-05-26 22:40:00,0,-534.88,342.71,-0.37,31.93,14.26,352.35,0.03,159.85,90.91,47.52
2026-05-26 22:45:00,0,-534.88,342.71,-0.37,30.49,14.47,248.53,0.07,116.53,80.28,47.13
2026-05-26 22:50:00,0,-534.88,342.71,-0.37,32.17,16.52,275.28,0.07,129.87,83.96,45.6
2026-05-26 22:55:00,0,-534.88,342.71,-0.37,31.37,15.27,301.48,0.06,144.7,87.17,48.57
2026-05-26 23:00:00,0,-534.88,342.71,-0.37,30.59,15.69,311.97,0.05,147.93,88.14,46.83
2026-05-26 23:05:00,0,-534.88,342.71,-0.37,31.39,18.06,254.46,0.09,117.09,81.7,46.93
2026-05-26 23:10:00,0,-534.88,342.71,-0.37,30.68,18.92,366.99,0.05,178.18,98.15,47.64
2026-05-26 23:15:00,0,-534.88,342.71,-0.37,31.17,18.85,294.67,0.07,138.55,86.87,48.1
2026-05-26 23:20:00,0,-534.88,342.71,-0.37,30.86,20.62,326.0,0.06,145.12,89.15,47.24
2026-05-26 23:25:00,0,-534.88,342.71,-0.37,30.63,18.34,239.54,0.09,119.99,82.41,45.55
2026-05-26 23:30:00,0,-534.88,342.71,-0.37,30.6,20.97,316.2,0.07,160.58,93.54,46.98
2026-05-26 23:35:00,0,-534.88,342.71,-0.37,30.48,19.5,321.82,0.06,153.69,91.06,45.58
2026-05-26 23:40:00,0,-534.88,342.71,-0.37,31.32,19.38,308.0,0.06,159.5,92.66,45.43
2026-05-26 23:45:00,0,-534.88,342.71,-0.37,31.3,20.49,313.55,0.07,149.58,90.31,46.18
2026-05-26 23:50:00,0,-534.88,342.71,-0.37,30.96,20.43,185.37,0.17,91.0,77.8,46.23
2026-05-26 23:55:00,0,-534.88,342.71,-0.37,31.07,23.05,340.01,0.06,162.84,94.91,44.81
2026-05-27 00:00:00,0,-466.02,88.28,-0.27,31.16,23.57,234.56,0.13,112.54,82.77,45.84
2026-05-27 00:05:00,0,-466.02,88.28,-0.27,30.35,20.34,216.16,0.14,98.52,78.99,43.89
2026-05-27 00:10:00,0,-466.02,88.28,-0.27,31.47,22.16,279.74,0.09,127.56,85.44,45.08
2026-05-27 00:15:00,0,-466.02,88.28,-0.27,31.17,22.89,262.87,0.11,123.46,84.81,45.99
2026-05-27 00:20:00,0,-466.02,88.28,-0.27,31.49,21.6,279.23,0.09,136.75,87.43,44.87
2026-05-27 00:25:00,0,-466.02,88.28,-0.27,31.4,22.92,234.34,0.13,111.82,82.4,44.02
2026-05-27 00:30:00,0,-466.02,88.28,-0.27,31.61,22.81,265.18,0.11,123.7,84.83,45.94
2026-05-27 00:35:00,0,-466.02,88.28,-0.27,30.9,23.38,224.8,0.15,106.1,81.47,44.66
2026-05-27 00:40:00,0,-466.02,88.28,-0.27,31.55,22.84,300.54,0.08,140.59,88.8,44.28
2026-05-27 00:45:00,0,-466.02,88.28,-0.27,31.35,24.05,269.66,0.11,124.76,85.5,44.64
2026-05-27 00:50:00,0,-466.02,88.28,-0.27,31.27,23.77,284.3,0.09,149.48,91.47,44.68
2026-05-27 00:55:00,0,-466.02,88.28,-0.27,31.17,25.73,230.4,0.17,113.91,83.88,45.36
2026-05-27 01:00:00,0,-466.02,88.28,-0.27,30.44,23.0,351.49,0.06,170.52,97.19,43.11
2026-05-27 01:05:00,0,-466.02,88.28,-0.27,32.04,26.28,253.4,0.13,119.65,85.2,45.11
2026-05-27 01:10:00,0,-466.02,88.28,-0.27,32.52,24.29,301.3,0.09,150.75,92.0,45.73
2026-05-27 01:15:00,0,-466.02,88.28,-0.27,30.87,25.92,207.82,0.19,98.45,81.03,42.41
2026-05-27 01:20:00,0,-466.02,88.28,-0.27,31.07,24.21,261.47,0.1,122.57,85.05,41.93
2026-05-27 01:25:00,0,-466.02,88.28,-0.27,32.63,26.0,187.46,0.23,88.95,79.54,42.88
2026-05-27 01:30:00,0,-466.02,88.28,-0.27,31.8,26.21,275.86,0.11,129.24,87.28,42.71
2026-05-27 01:35:00,0,-466.02,88.28,-0.27,32.27,26.25,236.6,0.14,114.65,84.16,44.64
2026-05-27 01:40:00,0,-466.02,88.28,-0.27,31.52,24.27,257.08,0.12,124.29,85.5,41.34
2026-05-27 01:45:00,0,-466.02,88.28,-0.27,32.56,25.9,268.36,0.11,124.98,86.2,42.26
2026-05-27 01:50:00,0,-466.02,88.28,-0.27,32.44,27.21,290.47,0.1,132.41,88.36,42.65
2026-05-27 01:55:00,0,-466.02,88.28,-0.27,31.88,27.51,250.51,0.15,128.7,87.69,42.95
2026-05-27 02:00:00,0,-466.02,88.28,-0.27,31.73,27.6,222.72,0.17,103.28,82.46,41.1
2026-05-27 02:05:00,0,-466.02,88.28,-0.27,31.75,26.1,297.39,0.09,139.41,89.67,43.24
2026-05-27 02:10:00,0,-466.02,88.28,-0.27,31.83,24.76,275.62,0.11,129.89,86.93,40.61
2026-05-27 02:15:00,0,-466.02,88.28,-0.27,32.19,25.49,227.68,0.15,98.81,80.87,43.2
2026-05-27 02:20:00,0,-466.02,88.28,-0.27,32.7,26.9,210.18,0.2,104.33,82.47,41.9
2026-05-27 02:25:00,0,-466.02,88.28,-0.27,31.86,27.26,171.99,0.29,77.56,95.96,41.76
2026-05-27 02:30:00,0,-466.02,88.28,-0.27,32.57,26.34,263.49,0.11,124.1,86.16,41.09
2026-05-27 02:35:00,0,-466.02,88.28,-0.27,33.32,24.58,204.08,0.19,92.61,79.56,41.92
2026-05-27 02:40:00,0,-466.02,88.28,-0.27,33.35,26.36,287.81,0.1,149.57,92.42,40.82
2026-05-27 02:45:00,0,-466.02,88.28,-0.27,33.25,24.66,270.32,0.1,121.54,84.99,39.86
2026-05-27 02:50:00,0,-466.02,88.28,-0.27,32.48,26.43,200.33,0.21,98.96,81.35,41.86
2026-05-27 02:55:00,0,-466.02,88.28,-0.27,32.88,25.68,291.76,0.1,130.49,87.38,37.97
2026-05-27 03:00:00,0,-466.02,88.28,-0.27,32.57,24.56,226.37,0.15,108.43,82.34,41.29
2026-05-27 03:05:00,0,-466.02,88.28,-0.27,33.29,25.29,330.46,0.08,168.83,97.53,40.9
2026-05-27 03:10:00,0,-466.02,88.28,-0.27,33.47,24.16,229.48,0.13,101.63,80.87,40.44
2026-05-27 03:15:00,0,-466.02,88.28,-0.27,31.83,24.46,198.96,0.21,94.29,79.84,40.74
2026-05-27 03:20:00,0,-466.02,88.28,-0.27,33.06,24.87,231.24,0.14,112.85,83.31,40.23
2026-05-27 03:25:00,0,-466.02,88.28,-0.27,33.05,24.86,237.11,0.14,115.54,83.86,40.67
2026-05-27 03:30:00,0,-466.02,88.28,-0.27,33.58,24.89,285.09,0.1,130.89,87.19,38.47
2026-05-27 03:35:00,0,-466.02,88.28,-0.27,33.87,23.57,274.76,0.1,134.1,87.5,39.96
2026-05-27 03:40:00,0,-466.02,88.28,-0.27,34.18,22.14,315.41,0.07,146.67,90.11,40.22
2026-05-27 03:45:00,0,-466.02,88.28,-0.27,33.5,21.49,307.56,0.07,142.8,88.88,38.0
2026-05-27 03:50:00,0,-466.02,88.28,-0.27,34.44,22.78,251.71,0.11,118.78,83.75,40.27
2026-05-27 03:55:00,0,-466.02,88.28,-0.27,34.02,19.89,171.03,0.2,80.17,76.01,38.13
2026-05-27 04:00:00,0,-466.02,88.28,-0.27,34.6,21.97,225.34,0.14,116.6,83.07,40.98
2026-05-27 04:05:00,0,-466.02,88.28,-0.27,35.06,20.86,210.61,0.14,98.02,79.09,39.26
2026-05-27 04:10:00,0,-466.02,88.28,-0.27,34.32,21.17,252.29,0.1,119.38,83.3,40.05
2026-05-27 04:15:00,0,-466.02,88.28,-0.27,35.95,21.0,273.49,0.08,126.36,84.75,38.42
2026-05-27 04:20:00,0,-466.02,88.28,-0.27,34.54,19.53,250.57,0.09,120.6,82.97,39.62
2026-05-27 04:25:00,0,-466.02,88.28,-0.27,34.56,17.85,187.73,0.15,84.91,75.9,39.71
2026-05-27 04:30:00,0,-466.02,88.28,-0.27,35.82,17.48,232.51,0.1,108.82,79.84,37.75
2026-05-27 04:35:00,0,-466.02,88.28,-0.27,35.4,19.65,397.22,0.04,176.81,97.96,37.65
2026-05-27 04:40:00,0,-466.02,88.28,-0.27,34.7,19.83,315.82,0.06,151.63,90.62,38.73
2026-05-27 04:45:00,0,-466.02,88.28,-0.27,36.18,16.65,283.41,0.06,129.63,83.94,37.59
2026-05-27 04:50:00,0,-466.02,88.28,-0.27,35.72,17.31,264.82,0.07,119.37,81.89,38.24
2026-05-27 04:55:00,0,-466.02,88.28,-0.27,36.24,14.35,236.04,0.09,119.32,80.88,37.77
2026-05-27 05:00:00,0,-466.02,88.28,-0.27,36.66,14.49,232.9,0.08,113.4,79.67,38.67
2026-05-27 05:05:00,0,-466.02,88.28,-0.27,35.93,14.43,269.14,0.07,132.14,83.77,36.72
2026-05-27 05:10:00,0,-466.02,88.28,-0.27,38.19,14.16,275.85,0.06,137.82,85.04,38.95
2026-05-27 05:15:00,0,-466.02,88.28,-0.27,36.89,13.94,297.51,0.05,140.69,85.66,37.17
2026-05-27 05:20:00,0,-466.02,88.28,-0.27,36.96,14.65,282.34,0.06,129.04,83.1,38.22
2026-05-27 05:25:00,0,-466.02,88.28,-0.27,36.95,13.09,219.16,0.08,100.46,76.69,39.04
2026-05-27 05:30:00,0,-466.02,88.28,-0.27,36.9,13.5,264.53,0.06,123.98,93.87,37.19
2026-05-27 05:35:00,0,-466.02,88.28,-0.27,37.93,12.87,212.29,0.09,102.16,76.95,36.99
2026-05-27 05:40:00,0,-466.02,88.28,-0.27,37.32,13.17,185.04,0.13,91.73,75.31,36.94
2026-05-27 05:45:00,0,-466.02,88.28,-0.27,37.42,13.06,296.78,0.05,133.74,83.64,36.64
2026-05-27 05:50:00,0,-466.02,88.28,-0.27,37.04,13.05,236.32,0.08,107.92,78.08,37.06
2026-05-27 05:55:00,0,-466.02,88.28,-0.27,37.24,12.11,275.27,0.05,129.51,82.3,35.03
2026-05-27 06:00:00,0,-466.02,88.28,-0.27,38.58,11.8,247.89,0.06,111.29,96.89,36.23
2026-05-27 06:05:00,0,-466.02,88.28,-0.27,38.51,11.63,317.0,0.04,144.1,85.71,36.46
2026-05-27 06:10:00,0,-466.02,88.28,-0.27,37.59,10.03,247.31,0.05,124.62,80.46,36.72
2026-05-27 06:15:00,0,-466.02,88.28,-0.27,38.43,8.44,252.68,0.04,120.86,79.05,35.25
2026-05-27 06:20:00,0,-466.02,88.28,-0.27,37.33,10.01,165.01,0.11,72.89,71.37,35.23
2026-05-27 06:25:00,0,-466.02,88.28,-0.27,39.79,8.83,285.16,0.03,135.25,82.49,34.88
2026-05-27 06:30:00,0,-466.02,88.28,-0.27,38.37,10.36,137.96,0.16,64.57,70.57,35.38
2026-05-27 06:35:00,0,-466.02,88.28,-0.27,39.17,8.31,205.81,0.06,94.96,74.02,33.76
2026-05-27 06:40:00,0,-466.02,88.28,-0.27,38.44,7.39,300.7,0.03,142.48,83.79,33.68
2026-05-27 06:45:00,0,-466.02,88.28,-0.27,40.35,9.47,261.13,0.04,131.76,81.89,34.4
2026-05-27 06:50:00,0,-466.02,88.28,-0.27,39.72,9.97,285.56,0.04,141.78,84.53,33.67
2026-05-27 06:55:00,0,-466.02,88.28,-0.27,40.71,6.91,315.98,0.02,151.2,85.91,35.25
2026-05-27 07:00:00,0,-466.02,88.28,-0.27,39.54,7.16,275.93,0.03,125.73,79.67,36.07
2026-05-27 07:05:00,0,-466.02,88.28,-0.27,40.1,9.38,304.94,0.03,146.14,85.44,34.82
2026-05-27 07:10:00,0,-466.02,88.28,-0.27,40.06,6.13,242.04,0.03,105.36,75.07,35.44
2026-05-27 07:15:00,0,-466.02,88.28,-0.27,39.82,5.92,253.42,0.03,120.29,78.03,33.91
2026-05-27 07:20:00,0,-466.02,88.28,-0.27,39.56,6.53,168.85,0.08,78.07,70.8,36.45
2026-05-27 07:25:00,0,-466.02,88.28,-0.27,40.5,5.66,202.82,0.04,103.01,74.49,34.11
2026-05-27 07:30:00,0,-466.02,88.28,-0.27,40.91,6.62,122.11,0.15,54.93,68.21,33.78
2026-05-27 07:35:00,0,-466.02,88.28,-0.27,40.69,5.1,233.11,0.03,112.94,76.2,35.0
2026-05-27 07:40:00,0,-466.02,88.28,-0.27,40.93,6.06,284.24,0.02,143.93,83.68,34.39
2026-05-27 07:45:00,0,-466.02,88.28,-0.27,41.08,7.36,283.78,0.03,135.6,82.06,33.39
2026-05-27 07:50:00,0,-466.02,88.28,-0.27,41.48,3.42,228.36,0.02,108.69,74.75,32.01
2026-05-27 07:55:00,0,-466.02,88.28,-0.27,41.33,6.24,210.43,0.04,98.44,73.86,34.42
2026-05-27 08:00:00,0,-466.02,88.28,-0.27,41.36,5.48,230.28,0.03,104.52,74.69,33.98
2026-05-27 08:05:00,0,-466.02,88.28,-0.27,41.89,4.77,287.07,0.02,126.42,78.97,33.86
2026-05-27 08:10:00,0,-466.02,88.28,-0.27,42.24,7.23,316.92,0.02,159.49,88.34,32.84
2026-05-27 08:15:00,0,-466.02,88.28,-0.27,42.5,6.82,329.07,0.02,142.2,83.5,32.29
2026-05-27 08:20:00,0,-466.02,88.28,-0.27,41.63,5.86,223.85,0.04,102.58,74.48,34.14
2026-05-27 08:25:00,0,-466.02,88.28,-0.27,42.07,6.31,230.56,0.04,111.83,76.42,33.18
2026-05-27 08:30:00,0,-466.02,88.28,-0.27,42.07,7.8,206.37,0.06,97.57,74.3,31.41
2026-05-27 08:35:00,0,-466.02,88.28,-0.27,42.97,5.7,182.89,0.06,83.49,71.27,32.56
2026-05-27 08:40:00,0,-466.02,88.28,-0.27,42.74,5.74,287.51,0.02,127.57,79.58,31.24
2026-05-27 08:45:00,0,-466.02,88.28,-0.27,43.18,5.69,252.09,0.03,119.52,77.79,32.61
2026-05-27 08:50:00,0,-466.02,88.28,-0.27,42.42,6.13,234.31,0.04,104.15,74.87,33.06
2026-05-27 08:55:00,0,-466.02,88.28,-0.27,43.19,5.93,217.31,0.04,100.42,74.11,32.14
2026-05-27 09:00:00,0,-466.02,88.28,-0.27,43.12,7.91,253.26,0.04,122.46,79.23,32.52
2026-05-27 09:05:00,0,-466.02,88.28,-0.27,43.33,8.16,204.87,0.07,86.21,72.56,33.41
2026-05-27 09:10:00,0,-466.02,88.28,-0.27,43.37,9.69,341.16,0.03,166.17,91.18,31.37
2026-05-27 09:15:00,0,-466.02,88.28,-0.27,43.25,8.19,258.94,0.04,124.5,79.78,32.57
2026-05-27 09:20:00,0,-466.02,88.28,-0.27,43.68,8.68,213.27,0.06,104.43,75.85,31.3
2026-05-27 09:25:00,0,-466.02,88.28,-0.27,44.14,9.46,216.54,0.06,97.31,74.84,31.22
2026-05-27 09:30:00,0,-466.02,88.28,-0.27,43.75,8.91,125.54,0.17,54.97,69.06,31.51
2026-05-27 09:35:00,0,-466.02,88.28,-0.27,43.59,9.95,269.33,0.04,128.96,81.41,29.51
2026-05-27 09:40:00,0,-466.02,88.28,-0.27,44.15,9.05,264.52,0.04,123.32,79.82,30.35
2026-05-27 09:45:00,0,-466.02,88.28,-0.27,43.75,10.32,234.02,0.06,116.33,78.79,32.02
2026-05-27 09:50:00,0,-466.02,88.28,-0.27,43.26,9.18,295.77,0.03,139.36,83.63,30.58
2026-05-27 09:55:00,0,-466.02,88.28,-0.27,44.19,11.48,289.83,0.04,134.91,83.36,32.0
2026-05-27 10:00:00,0,-466.02,88.28,-0.27,44.49,10.38,176.82,0.11,81.74,72.75,29.49
2026-05-27 10:05:00,0,-466.02,88.28,-0.27,44.0,11.02,241.95,0.06,116.74,79.12,30.32
2026-05-27 10:10:00,0,-466.02,88.28,-0.27,44.16,11.1,249.95,0.06,116.16,79.03,31.03
2026-05-27 10:15:00,0,-466.02,88.28,-0.27,44.85,13.11,235.95,0.07,110.44,78.59,29.93
2026-05-27 10:20:00,0,-466.02,88.28,-0.27,44.17,10.79,155.4,0.15,69.19,71.27,29.13
2026-05-27 10:25:00,0,-466.02,88.28,-0.27,44.2,13.04,220.34,0.08,103.29,77.21,29.82
2026-05-27 10:30:00,0,-466.02,88.28,-0.27,44.63,13.03,174.02,0.14,85.24,74.26,30.22
2026-05-27 10:35:00,0,-466.02,88.28,-0.27,44.61,11.79,233.53,0.07,115.18,93.47,31.93
2026-05-27 10:40:00,0,-466.02,88.28,-0.27,44.99,13.83,212.42,0.1,94.03,75.88,27.76
2026-05-27 10:45:00,0,-466.02,88.28,-0.27,45.01,12.98,252.23,0.07,117.63,80.02,28.62
2026-05-27 10:50:00,0,-466.02,88.28,-0.27,44.71,14.58,238.92,0.08,118.79,80.85,29.02
2026-05-27 10:55:00,0,-466.02,88.28,-0.27,44.84,16.17,272.0,0.07,124.55,82.65,28.36
2026-05-27 11:00:00,0,-466.02,88.28,-0.27,44.55,15.18,241.96,0.08,112.75,79.8,28.93
2026-05-27 11:05:00,0,-466.02,88.28,-0.27,44.14,15.75,265.72,0.06,127.82,83.22,29.67
2026-05-27 11:10:00,0,-466.02,88.28,-0.27,44.91,14.23,278.71,0.06,118.19,94.29,28.38
2026-05-27 11:15:00,0,-466.02,88.28,-0.27,45.6,15.61,232.39,0.09,107.44,78.92,29.57
2026-05-27 11:20:00,0,-466.02,88.28,-0.27,43.16,16.27,319.44,0.05,147.12,88.16,30.04
2026-05-27 11:25:00,0,-466.02,88.28,-0.27,45.65,17.12,201.84,0.14,90.11,76.47,28.57
2026-05-27 11:30:00,0,-466.02,88.28,-0.27,45.42,16.57,237.75,0.09,114.55,80.68,28.32
2026-05-27 11:35:00,0,-466.02,88.28,-0.27,44.8,17.47,271.22,0.07,123.56,82.88,28.59
2026-05-27 11:40:00,0,-466.02,88.28,-0.27,44.39,17.26,281.35,0.07,130.0,84.27,29.94
2026-05-27 11:45:00,0,-466.02,88.28,-0.27,44.85,19.02,224.8,0.12,106.53,80.0,28.53
2026-05-27 11:50:00,0,-466.02,88.28,-0.27,45.88,19.92,240.42,0.11,111.56,81.28,29.28
2026-05-27 11:55:00,0,-466.02,88.28,-0.27,44.91,19.32,276.9,0.08,130.37,85.1,27.49
2026-05-27 12:00:00,0,-466.02,88.28,-0.27,44.4,19.43,180.22,0.18,81.43,76.01,26.7
2026-05-27 12:05:00,0,-466.02,88.28,-0.27,44.65,18.55,263.6,0.09,117.18,81.92,27.7
2026-05-27 12:10:00,0,-466.02,88.28,-0.27,44.37,19.97,292.85,0.07,144.51,88.81,26.57
2026-05-27 12:15:00,0,-466.02,88.28,-0.27,45.14,21.09,283.59,0.09,128.34,85.27,26.14
2026-05-27 12:20:00,0,-466.02,88.28,-0.27,44.59,19.39,272.86,0.09,131.47,85.41,26.03
2026-05-27 12:25:00,0,-466.02,88.28,-0.27,44.4,21.17,234.51,0.12,110.68,81.56,25.41
2026-05-27 12:30:00,0,-466.02,88.28,-0.27,44.58,21.72,266.09,0.1,118.91,83.41,27.07
2026-05-27 12:35:00,0,-466.02,88.28,-0.27,45.06,20.83,263.79,0.09,131.43,85.9,25.93
2026-05-27 12:40:00,0,-466.02,88.28,-0.27,45.3,22.18,379.36,0.05,174.85,98.26,27.98
2026-05-27 12:45:00,0,-466.02,88.28,-0.27,45.22,22.66,286.76,0.08,131.35,86.5,27.31
2026-05-27 12:50:00,0,-466.02,88.28,-0.27,44.22,23.1,242.37,0.12,112.78,82.66,25.41
2026-05-27 12:55:00,0,-466.02,88.28,-0.27,44.82,24.16,223.42,0.16,105.35,81.65,25.74
2026-05-27 13:00:00,0,-466.02,88.28,-0.27,45.7,21.68,249.54,0.12,109.26,81.46,25.82
2026-05-27 13:05:00,0,-466.02,88.28,-0.27,44.07,24.15,284.54,0.1,138.59,88.82,26.27
2026-05-27 13:10:00,0,-466.02,88.28,-0.27,44.71,24.07,237.3,0.14,115.51,83.6,25.21
2026-05-27 13:15:00,0,-466.02,88.28,-0.27,45.24,23.19,213.88,0.16,100.47,80.41,23.83
2026-05-27 13:20:00,0,-466.02,88.28,-0.27,44.6,22.32,259.98,0.11,119.75,83.82,26.28
2026-05-27 13:25:00,0,-466.02,88.28,-0.27,44.4,23.23,184.68,0.21,88.36,78.46,24.36
2026-05-27 13:30:00,0,-466.02,88.28,-0.27,44.1,23.06,227.0,0.15,99.07,80.09,23.66
2026-05-27 13:35:00,0,-466.02,88.28,-0.27,43.92,23.69,229.69,0.13,106.17,81.58,23.68
2026-05-27 13:40:00,0,-466.02,88.28,-0.27,44.66,22.54,308.31,0.08,139.69,88.49,26.4
2026-05-27 13:45:00,0,-466.02,88.28,-0.27,44.57,23.2,204.27,0.18,98.13,80.03,23.46
2026-05-27 13:50:00,0,-466.02,88.28,-0.27,44.52,20.61,253.63,0.11,119.0,83.06,23.23
2026-05-27 13:55:00,0,-466.02,88.28,-0.27,44.17,23.37,248.46,0.13,123.14,84.97,24.45
2026-05-27 14:00:00,0,-466.02,88.28,-0.27,43.71,23.52,255.98,0.11,123.46,85.05,24.14
2026-05-27 14:05:00,0,-466.02,88.28,-0.27,43.27,24.37,215.07,0.16,103.14,81.3,23.37
2026-05-27 14:10:00,0,-466.02,88.28,-0.27,43.35,23.55,198.54,0.2,101.14,80.73,24.43
2026-05-27 14:15:00,0,-466.02,88.28,-0.27,43.16,23.15,267.21,0.11,128.13,103.44,23.5
2026-05-27 14:20:00,0,-466.02,88.28,-0.27,44.09,23.18,247.95,0.13,110.17,82.18,22.51
2026-05-27 14:25:00,0,-466.02,88.28,-0.27,44.16,23.52,278.15,0.1,132.65,87.15,24.26
2026-05-27 14:30:00,0,-466.02,88.28,-0.27,43.38,23.53,211.58,0.17,101.9,80.8,24.64
2026-05-27 14:35:00,0,-466.02,88.28,-0.27,44.04,23.59,304.41,0.08,137.3,88.26,22.49
2026-05-27 14:40:00,0,-466.02,88.28,-0.27,43.16,23.45,299.31,0.08,140.56,89.03,22.25
2026-05-27 14:45:00,0,-466.02,88.28,-0.27,42.83,21.85,256.85,0.11,114.04,82.45,21.39
2026-05-27 14:50:00,0,-466.02,88.28,-0.27,42.51,22.41,218.78,0.15,112.54,82.42,22.5
2026-05-27 14:55:00,0,-466.02,88.28,-0.27,43.49,20.74,285.51,0.08,139.21,87.74,21.92
2026-05-27 15:00:00,0,-466.02,88.28,-0.27,42.34,22.16,241.04,0.11,116.46,83.06,23.49
2026-05-27 15:05:00,0,-466.02,88.28,-0.27,43.1,21.53,166.25,0.24,74.1,75.84,21.48
2026-05-27 15:10:00,0,-466.02,88.28,-0.27,43.17,21.14,163.8,0.24,83.26,77.0,23.33
2026-05-27 15:15:00,0,-466.02,88.28,-0.27,43.11,19.93,240.26,0.11,115.72,82.13,21.91
2026-05-27 15:20:00,0,-466.02,88.28,-0.27,42.33,21.44,363.31,0.05,166.39,95.4,22.91
2026-05-27 15:25:00,0,-466.02,88.28,-0.27,42.04,20.12,258.82,0.1,120.54,83.2,20.49
2026-05-27 15:30:00,0,-466.02,88.28,-0.27,42.26,20.49,183.85,0.19,83.58,76.72,21.44
2026-05-27 15:35:00,0,-466.02,88.28,-0.27,41.78,20.24,274.93,0.09,128.83,85.08,21.35
2026-05-27 15:40:00,0,-466.02,88.28,-0.27,41.34,19.44,296.88,0.07,141.47,87.83,22.77
2026-05-27 15:45:00,0,-466.02,88.28,-0.27,41.57,18.55,196.51,0.15,89.92,76.95,20.19
2026-05-27 15:50:00,0,-466.02,88.28,-0.27,40.75,17.4,319.24,0.06,148.69,88.98,20.84
2026-05-27 15:55:00,0,-466.02,88.28,-0.27,42.2,18.74,265.76,0.08,127.11,84.14,21.71
2026-05-27 16:00:00,0,-466.02,88.28,-0.27,41.4,16.48,210.27,0.11,101.68,78.17,20.41
2026-05-27 16:05:00,0,-466.02,88.28,-0.27,40.94,18.32,245.09,0.1,116.41,81.69,21.29
2026-05-27 16:10:00,0,-466.02,88.28,-0.27,40.37,17.71,267.48,0.08,129.63,84.36,20.62
2026-05-27 16:15:00,0,-466.02,88.28,-0.27,40.67,16.79,298.7,0.06,130.6,84.22,20.69
2026-05-27 16:20:00,0,-466.02,88.28,-0.27,41.15,17.95,298.58,0.07,144.04,87.97,20.02
2026-05-27 16:25:00,0,-466.02,88.28,-0.27,42.28,17.02,231.98,0.11,109.71,79.89,22.24
2026-05-27 16:30:00,0,-466.02,88.28,-0.27,40.58,16.47,243.02,0.09,112.26,80.16,21.08
2026-05-27 16:35:00,0,-466.02,88.28,-0.27,40.41,16.7,225.49,0.1,115.01,80.82,20.11
2026-05-27 16:40:00,0,-466.02,88.28,-0.27,40.32,14.43,175.61,0.14,82.27,74.3,21.38
2026-05-27 16:45:00,0,-466.02,88.28,-0.27,39.33,14.05,252.21,0.07,122.09,81.35,19.95
2026-05-27 16:50:00,0,-466.02,88.28,-0.27,40.18,14.68,248.93,0.08,112.62,79.59,21.11
2026-05-27 16:55:00,0,-466.02,88.28,-0.27,39.47,13.52,303.19,0.05,131.06,83.16,21.09
2026-05-27 17:00:00,0,-466.02,88.28,-0.27,40.89,13.84,204.11,0.1,100.3,76.97,19.22
2026-05-27 17:05:00,0,-466.02,88.28,-0.27,39.48,13.9,197.5,0.1,95.09,76.08,19.52
2026-05-27 17:10:00,0,-466.02,88.28,-0.27,40.08,14.18,313.59,0.04,146.74,87.3,20.77
2026-05-27 17:15:00,0,-466.02,88.28,-0.27,39.31,12.72,173.84,0.13,80.12,73.36,19.43
2026-05-27 17:20:00,0,-466.02,88.28,-0.27,38.96,11.57,276.24,0.05,129.66,82.15,21.53
2026-05-27 17:25:00,0,-466.02,88.28,-0.27,39.39,10.37,270.11,0.04,125.54,80.77,18.56
2026-05-27 17:30:00,0,-466.02,88.28,-0.27,39.5,12.08,280.29,0.05,130.32,82.49,19.67
2026-05-27 17:35:00,0,-466.02,88.28,-0.27,39.14,11.06,304.76,0.04,135.74,83.41,19.97
2026-05-27 17:40:00,0,-466.02,88.28,-0.27,38.06,9.53,222.18,0.06,104.71,76.19,19.56
2026-05-27 17:45:00,0,-466.02,88.28,-0.27,38.27,10.71,233.95,0.07,109.5,77.55,19.02
2026-05-27 17:50:00,0,-466.02,88.28,-0.27,38.11,10.52,297.57,0.04,137.82,83.73,19.43
2026-05-27 17:55:00,0,-466.02,88.28,-0.27,38.57,9.04,217.77,0.06,102.3,75.57,19.5
2026-05-27 18:00:00,0,-466.02,88.28,-0.27,38.08,9.15,181.84,0.08,86.02,72.89,17.91
2026-05-27 18:05:00,0,-466.02,88.28,-0.27,37.16,8.5,325.76,0.03,147.56,85.5,16.31
2026-05-27 18:10:00,0,-466.02,88.28,-0.27,37.16,8.73,243.08,0.05,109.74,76.86,18.16
2026-05-27 18:15:00,0,-466.02,88.28,-0.27,37.62,9.05,331.47,0.03,150.89,86.59,17.54
2026-05-27 18:20:00,0,-466.02,88.28,-0.27,37.9,7.25,235.03,0.05,111.87,76.77,17.63
2026-05-27 18:25:00,0,-466.02,88.28,-0.27,37.11,9.13,275.95,0.04,131.65,81.74,19.3
2026-05-27 18:30:00,0,-466.02,88.28,-0.27,37.34,9.65,215.59,0.07,99.75,75.34,17.83
2026-05-27 18:35:00,0,-466.02,88.28,-0.27,37.32,6.95,186.0,0.07,86.66,72.2,17.95
2026-05-27 18:40:00,0,-466.02,88.28,-0.27,36.45,6.52,268.72,0.03,132.02,80.89,18.69
2026-05-27 18:45:00,0,-466.02,88.28,-0.27,37.42,5.37,235.3,0.03,113.52,76.41,18.37
2026-05-27 18:50:00,0,-466.02,88.28,-0.27,36.68,5.98,291.07,0.02,139.09,82.41,16.58
2026-05-27 18:55:00,0,-466.02,88.28,-0.27,36.96,5.76,265.77,0.02,124.84,78.95,17.03
2026-05-27 19:00:00,0,-466.02,88.28,-0.27,36.75,5.91,239.77,0.03,112.91,76.47,18.72
2026-05-27 19:05:00,0,-466.02,88.28,-0.27,36.82,4.95,311.3,0.02,142.56,82.93,16.36
2026-05-27 19:10:00,0,-466.02,88.28,-0.27,35.93,6.29,302.11,0.02,136.41,81.85,16.84
2026-05-27 19:15:00,0,-466.02,88.28,-0.27,35.41,5.98,202.73,0.05,92.8,72.81,16.01
2026-05-27 19:20:00,0,-466.02,88.28,-0.27,36.46,5.76,222.73,0.03,111.69,76.17,15.99
2026-05-27 19:25:00,0,-466.02,88.28,-0.27,35.89,5.75,169.74,0.06,79.8,70.73,16.93
2026-05-27 19:30:00,0,-466.02,88.28,-0.27,35.42,6.27,190.85,0.06,90.87,72.61,15.51
2026-05-27 19:35:00,0,-466.02,88.28,-0.27,34.54,4.18,299.75,0.02,135.92,80.99,15.05
2026-05-27 19:40:00,0,-466.02,88.28,-0.27,35.45,5.18,181.28,0.05,91.06,72.24,14.63
2026-05-27 19:45:00,0,-466.02,88.28,-0.27,35.44,5.01,206.31,0.04,94.41,72.72,15.8
2026-05-27 19:50:00,0,-466.02,88.28,-0.27,34.5,3.71,279.84,0.02,130.65,79.56,15.62
2026-05-27 19:55:00,0,-466.02,88.28,-0.27,34.86,5.46,207.79,0.04,93.74,72.76,16.05
2026-05-27 20:00:00,0,-466.02,88.28,-0.27,34.03,3.6,258.5,0.02,117.28,76.54,15.02
2026-05-27 20:05:00,0,-466.02,88.28,-0.27,34.33,4.43,375.6,0.01,175.54,92.17,16.2
2026-05-27 20:10:00,0,-466.02,88.28,-0.27,34.95,3.93,313.89,0.01,144.23,82.98,13.84
2026-05-27 20:15:00,0,-466.02,88.28,-0.27,33.74,5.23,289.57,0.02,138.49,81.99,14.66
2026-05-27 20:20:00,0,-466.02,88.28,-0.27,33.85,4.42,289.46,0.02,133.51,80.49,14.27
2026-05-27 20:25:00,0,-466.02,88.28,-0.27,34.11,5.7,197.68,0.05,94.04,72.92,15.04
2026-05-27 20:30:00,0,-466.02,88.28,-0.27,33.72,5.81,231.68,0.03,110.88,76.02,14.93
2026-05-27 20:35:00,0,-466.02,88.28,-0.27,33.04,4.22,221.8,0.03,104.53,74.23,13.76
2026-05-27 20:40:00,0,-466.02,88.28,-0.27,34.02,5.5,202.93,0.04,100.96,74.04,14.8
2026-05-27 20:45:00,0,-466.02,88.28,-0.27,32.19,6.53,331.02,0.02,166.9,90.26,15.09
2026-05-27 20:50:00,0,-466.02,88.28,-0.27,31.83,4.49,277.67,0.02,118.27,77.06,13.65
2026-05-27 20:55:00,0,-466.02,88.28,-0.27,32.86,6.25,159.66,0.07,77.04,70.53,14.26
2026-05-27 21:00:00,0,-466.02,88.28,-0.27,33.16,6.66,201.28,0.05,86.92,72.09,14.14
2026-05-27 21:05:00,0,-466.02,88.28,-0.27,32.4,5.49,335.62,0.02,146.33,84.09,13.98
2026-05-27 21:10:00,0,-466.02,88.28,-0.27,32.26,6.95,230.99,0.04,112.53,76.77,16.2
2026-05-27 21:15:00,0,-466.02,88.28,-0.27,33.52,6.82,217.9,0.04,106.95,75.62,13.34
2026-05-27 21:20:00,0,-466.02,88.28,-0.27,32.65,5.35,291.0,0.02,133.99,80.93,13.29
2026-05-27 21:25:00,0,-466.02,88.28,-0.27,32.61,6.92,243.34,0.04,112.23,76.7,13.11
2026-05-27 21:30:00,0,-466.02,88.28,-0.27,32.26,5.91,197.21,0.05,95.63,73.26,13.51
2026-05-27 21:35:00,0,-466.02,88.28,-0.27,31.84,8.75,193.83,0.07,90.34,73.41,12.99
2026-05-27 21:40:00,0,-466.02,88.28,-0.27,33.07,6.1,222.35,0.04,102.44,74.52,12.2
2026-05-27 21:45:00,0,-466.02,88.28,-0.27,32.23,6.49,251.12,0.03,124.26,79.09,13.55
2026-05-27 21:50:00,0,-466.02,88.28,-0.27,32.7,7.76,235.69,0.05,112.56,77.08,13.81
2026-05-27 21:55:00,0,-466.02,88.28,-0.27,31.42,7.66,280.22,0.03,134.85,81.96,13.21
2026-05-27 22:00:00,0,-466.02,88.28,-0.27,31.26,7.77,230.67,0.04,102.32,75.08,11.08
2026-05-27 22:05:00,0,-466.02,88.28,-0.27,31.9,7.67,277.21,0.03,135.78,82.2,13.07
2026-05-27 22:10:00,0,-466.02,88.28,-0.27,32.1,8.36,267.66,0.04,137.13,82.79,13.11
2026-05-27 22:15:00,0,-466.02,88.28,-0.27,32.04,9.05,279.56,0.04,137.18,83.04,11.63
2026-05-27 22:20:00,0,-466.02,88.28,-0.27,32.01,7.63,260.78,0.04,132.09,81.31,11.25
2026-05-27 22:25:00,0,-466.02,88.28,-0.27,31.01,8.96,294.14,0.03,131.51,81.62,11.49
2026-05-27 22:30:00,0,-466.02,88.28,-0.27,30.98,8.88,213.14,0.07,97.18,74.61,11.75
2026-05-27 22:35:00,0,-466.02,88.28,-0.27,31.07,10.95,246.23,0.06,115.25,78.76,10.65
2026-05-27 22:40:00,0,-466.02,88.28,-0.27,32.09,10.01,227.24,0.06,108.64,77.1,11.73
2026-05-27 22:45:00,0,-466.02,88.28,-0.27,31.71,10.38,213.74,0.07,98.65,75.39,11.5
2026-05-27 22:50:00,0,-466.02,88.28,-0.27,32.04,9.42,289.07,0.03,137.68,83.28,12.54
2026-05-27 22:55:00,0,-466.02,88.28,-0.27,31.54,11.5,211.81,0.08,98.64,75.8,10.62
2026-05-27 23:00:00,0,-466.02,88.28,-0.27,31.53,11.24,356.01,0.03,167.88,92.22,10.82
2026-05-27 23:05:00,0,-466.02,88.28,-0.27,31.28,10.57,268.2,0.05,125.25,80.78,9.52
2026-05-27 23:10:00,0,-466.02,88.28,-0.27,31.62,11.78,221.62,0.08,104.41,76.95,11.47
2026-05-27 23:15:00,0,-466.02,88.28,-0.27,31.57,11.35,301.76,0.04,142.76,85.25,9.08
2026-05-27 23:20:00,0,-466.02,88.28,-0.27,30.17,12.43,183.3,0.11,89.69,74.67,12.35
2026-05-27 23:25:00,0,-466.02,88.28,-0.27,31.05,12.13,238.7,0.07,114.56,79.06,10.14
2026-05-27 23:30:00,0,-466.02,88.28,-0.27,31.25,11.79,193.61,0.09,84.56,73.6,8.9
2026-05-27 23:35:00,0,-466.02,88.28,-0.27,30.72,11.87,280.01,0.05,131.67,82.71,11.25
2026-05-27 23:40:00,0,-466.02,88.28,-0.27,30.71,12.62,290.85,0.05,146.52,86.7,10.37
2026-05-27 23:45:00,0,-466.02,88.28,-0.27,31.24,11.91,261.33,0.06,127.88,81.86,10.56
2026-05-27 23:50:00,0,-466.02,88.28,-0.27,30.22,12.72,277.93,0.05,131.13,82.88,10.98
2026-05-27 23:55:00,0,-466.02,88.28,-0.27,32.15,13.25,203.05,0.11,97.34,76.24,9.36
2026-05-28 00:00:00,0,120.0,160.0,0.0,31.27,13.24,259.67,0.06,121.17,80.83,9.69
2026-05-28 00:05:00,0,120.0,160.0,0.0,30.79,12.15,230.04,0.08,113.46,78.86,10.01
2026-05-28 00:10:00,0,120.0,160.0,0.0,31.43,13.71,218.5,0.08,106.19,77.96,9.59
2026-05-28 00:15:00,0,120.0,160.0,0.0,31.6,15.24,297.15,0.05,140.42,86.04,7.69
2026-05-28 00:20:00,0,120.0,160.0,0.0,32.14,14.05,247.78,0.07,122.7,81.47,9.91
2026-05-28 00:25:00,0,120.0,160.0,0.0,31.38,13.86,252.02,0.07,114.1,79.57,10.03
2026-05-28 00:30:00,0,120.0,160.0,0.0,31.15,13.97,257.02,0.07,125.88,82.15,9.94
2026-05-28 00:35:00,0,120.0,160.0,0.0,31.55,13.22,170.7,0.14,83.04,73.97,9.05
2026-05-28 00:40:00,0,120.0,160.0,0.0,31.02,13.83,224.42,0.09,105.47,77.89,8.68
2026-05-28 00:45:00,0,120.0,160.0,0.0,31.4,14.43,209.99,0.1,100.58,77.21,9.65
2026-05-28 00:50:00,0,120.0,160.0,0.0,30.06,14.89,198.85,0.12,95.8,76.57,9.55
2026-05-28 00:55:00,0,120.0,160.0,0.0,31.5,13.67,304.93,0.05,138.17,84.93,7.61
2026-05-28 01:00:00,0,120.0,160.0,0.0,31.48,13.96,269.78,0.06,125.68,82.08,8.71
2026-05-28 01:05:00,0,120.0,160.0,0.0,31.84,13.28,287.36,0.05,126.26,81.95,7.64
2026-05-28 01:10:00,0,120.0,160.0,0.0,31.09,12.51,182.16,0.13,92.4,75.18,7.48
2026-05-28 01:15:00,0,120.0,160.0,0.0,31.18,13.39,287.14,0.05,146.18,86.88,7.84
2026-05-28 01:20:00,0,120.0,160.0,0.0,31.99,12.6,226.72,0.08,108.98,78.12,6.85
2026-05-28 01:25:00,0,120.0,160.0,0.0,31.77,13.64,271.58,0.06,120.78,80.88,8.83
2026-05-28 01:30:00,0,120.0,160.0,0.0,30.6,13.6,287.58,0.05,137.88,84.83,7.86
2026-05-28 01:35:00,0,120.0,160.0,0.0,30.88,13.93,245.59,0.08,113.37,79.46,8.03
2026-05-28 01:40:00,0,120.0,160.0,0.0,31.31,13.02,339.85,0.04,148.61,87.37,7.33
2026-05-28 01:45:00,0,120.0,160.0,0.0,30.89,13.06,314.71,0.04,146.63,86.86,8.07
2026-05-28 01:50:00,0,120.0,160.0,0.0,32.82,12.99,335.76,0.04,169.18,93.25,6.7
2026-05-28 01:55:00,0,120.0,160.0,0.0,31.99,12.71,177.09,0.14,86.75,74.36,6.73
2026-05-28 02:00:00,0,120.0,160.0,0.0,32.21,12.95,243.2,0.07,116.87,79.83,7.13
2026-05-28 02:05:00,0,120.0,160.0,0.0,32.19,12.05,201.14,0.09,94.24,75.25,5.89
2026-05-28 02:10:00,0,120.0,160.0,0.0,31.58,13.67,252.05,0.07,118.8,80.49,5.65
2026-05-28 02:15:00,0,120.0,160.0,0.0,30.79,12.8,195.15,0.12,85.22,74.11,5.7
2026-05-28 02:20:00,0,120.0,160.0,0.0,32.6,12.86,230.62,0.08,109.33,78.28,6.34
2026-05-28 02:25:00,0,120.0,160.0,0.0,32.81,12.04,188.26,0.11,89.83,74.56,6.18
2026-05-28 02:30:00,0,120.0,160.0,0.0,31.62,11.12,293.04,0.04,139.68,84.39,6.33
2026-05-28 02:35:00,0,120.0,160.0,0.0,32.27,11.3,331.56,0.03,161.09,90.23,6.63
2026-05-28 02:40:00,0,120.0,160.0,0.0,32.77,11.54,243.53,0.06,115.03,78.93,6.17
2026-05-28 02:45:00,0,120.0,160.0,0.0,32.03,11.27,229.3,0.07,107.43,77.33,6.2
2026-05-28 02:50:00,0,120.0,160.0,0.0,34.05,10.77,326.73,0.03,151.68,87.4,4.56
2026-05-28 02:55:00,0,120.0,160.0,0.0,33.7,10.48,286.42,0.04,127.72,81.29,4.91
2026-05-28 03:00:00,0,120.0,160.0,0.0,33.23,11.07,245.71,0.06,117.25,79.23,6.01
2026-05-28 03:05:00,0,120.0,160.0,0.0,32.91,10.38,300.98,0.04,147.12,86.05,4.35
2026-05-28 03:10:00,0,120.0,160.0,0.0,33.07,10.28,291.38,0.04,136.5,83.31,3.64
2026-05-28 03:15:00,0,120.0,160.0,0.0,33.19,9.25,177.68,0.1,80.48,72.13,6.12
2026-05-28 03:20:00,0,120.0,160.0,0.0,33.7,9.61,246.8,0.05,120.28,79.35,6.03
2026-05-28 03:25:00,0,120.0,160.0,0.0,34.71,9.2,271.69,0.04,129.47,81.25,6.03
2026-05-28 03:30:00,0,120.0,160.0,0.0,34.05,6.27,297.35,0.02,140.05,82.75,3.28
2026-05-28 03:35:00,0,120.0,160.0,0.0,33.36,6.26,261.87,0.03,132.97,81.03,4.64
2026-05-28 03:40:00,0,120.0,160.0,0.0,33.72,6.16,264.35,0.03,120.19,78.08,2.38
2026-05-28 03:45:00,0,120.0,160.0,0.0,33.47,5.72,284.75,0.02,127.34,79.5,3.46
2026-05-28 03:50:00,0,120.0,160.0,0.0,33.72,5.46,176.64,0.06,80.17,70.68,5.13
2026-05-28 03:55:00,0,120.0,160.0,0.0,34.32,5.49,265.64,0.03,116.93,77.15,3.66
2026-05-28 04:00:00,0,120.0,160.0,0.0,34.9,4.71,218.81,0.03,105.82,74.65,3.36
2026-05-28 04:05:00,0,120.0,160.0,0.0,34.55,5.37,257.58,0.02,130.25,80.05,5.18
2026-05-28 04:10:00,0,120.0,160.0,0.0,34.85,4.98,228.17,0.03,105.27,74.64,3.02
2026-05-28 04:15:00,0,120.0,160.0,0.0,35.16,4.39,252.92,0.02,125.03,78.51,2.67
2026-05-28 04:20:00,0,120.0,160.0,0.0,34.7,4.44,234.22,0.03,114.99,76.38,4.17
2026-05-28 04:25:00,0,120.0,160.0,0.0,35.34,4.31,221.88,0.02,98.11,73.08,4.71
2026-05-28 04:30:00,0,120.0,160.0,0.0,35.3,3.86,327.54,0.01,143.92,82.88,4.66
2026-05-28 04:35:00,0,120.0,160.0,0.0,35.59,3.8,299.4,0.01,131.98,79.89,3.04
2026-05-28 04:40:00,0,120.0,160.0,0.0,35.29,3.65,220.37,0.02,95.95,72.47,3.35
2026-05-28 04:45:00,0,120.0,160.0,0.0,36.05,3.14,195.08,0.03,97.41,72.57,2.69
2026-05-28 04:50:00,0,120.0,160.0,0.0,36.51,3.15,257.67,0.02,120.78,77.14,1.54
2026-05-28 04:55:00,0,120.0,160.0,0.0,35.62,2.78,355.92,0.01,166.47,88.8,2.7
2026-05-28 05:00:00,0,120.0,160.0,0.0,35.95,2.6,362.26,0.01,173.88,111.08,2.98
2026-05-28 05:05:00,0,120.0,160.0,0.0,36.25,2.64,254.54,0.01,130.2,79.07,1.45
2026-05-28 05:10:00,0,120.0,160.0,0.0,36.71,2.05,201.42,0.02,99.19,72.48,2.04
2026-05-28 05:15:00,0,120.0,160.0,0.0,36.1,1.93,186.4,0.02,89.17,70.74,2.52
2026-05-28 05:20:00,0,120.0,160.0,0.0,36.77,1.92,240.5,0.01,115.02,75.47,1.69
2026-05-28 05:25:00,0,120.0,160.0,0.0,36.95,2.01,182.75,0.02,84.57,70.05,2.96
2026-05-28 05:30:00,0,120.0,160.0,0.0,37.53,1.81,191.41,0.01,91.86,71.12,1.68
2026-05-28 05:35:00,0,120.0,160.0,0.0,37.11,1.44,250.99,0.01,111.97,74.68,2.27
2026-05-28 05:40:00,0,120.0,160.0,0.0,37.7,1.45,285.27,0.01,144.04,82.07,0.93
2026-05-28 05:45:00,0,120.0,160.0,0.0,36.17,1.35,228.25,0.01,104.32,73.16,0.0
2026-05-28 05:50:00,0,120.0,160.0,0.0,37.81,1.25,256.51,0.01,118.47,75.96,2.59
2026-05-28 05:55:00,0,120.0,160.0,0.0,37.0,1.02,198.88,0.01,94.86,71.34,2.36
2026-05-28 06:00:00,0,120.0,160.0,0.0,38.37,0.93,212.53,0.01,106.61,73.45,0.09
2026-05-28 06:05:00,0,120.0,160.0,0.0,38.0,0.86,285.75,0.0,138.81,80.51,1.68
2026-05-28 06:10:00,0,120.0,160.0,0.0,38.22,0.68,256.97,0.0,121.69,76.43,0.02
2026-05-28 06:15:00,0,120.0,160.0,0.0,39.1,0.52,323.86,0.0,145.99,94.36,0.87
2026-05-28 06:20:00,0,120.0,160.0,0.0,39.21,0.45,243.16,0.0,126.65,77.47,0.0
2026-05-28 06:25:00,0,120.0,160.0,0.0,39.01,0.35,243.36,0.0,121.38,76.26,1.19
2026-05-28 06:30:00,0,120.0,160.0,0.0,39.14,0.25,291.35,0.0,139.61,80.5,0.01
2026-05-28 06:35:00,0,120.0,160.0,0.0,39.95,0.12,201.58,0.0,95.3,71.09,0.8
2026-05-28 06:40:00,0,120.0,160.0,0.0,39.42,0.06,206.12,0.0,100.9,72.06,1.22
2026-05-28 06:45:00,0,120.0,160.0,0.0,38.92,0.0,358.66,0.0,178.94,91.69,0.0
2026-05-28 06:50:00,0,120.0,160.0,0.0,39.79,0.0,255.51,0.0,125.94,77.15,0.92
2026-05-28 06:55:00,0,120.0,160.0,0.0,38.76,0.0,197.94,0.0,99.28,71.74,0.0
2026-05-28 07:00:00,0,120.0,160.0,0.0,40.12,0.0,246.4,0.0,117.11,75.22,0.28
2026-05-28 07:05:00,0,120.0,160.0,0.0,38.75,0.0,289.32,0.0,132.41,78.65,0.0
2026-05-28 07:10:00,0,120.0,160.0,0.0,39.46,0.0,195.1,0.0,90.63,70.27,0.23
2026-05-28 07:15:00,0,120.0,160.0,0.0,40.39,0.0,271.98,0.0,127.94,77.61,0.57
2026-05-28 07:20:00,0,120.0,160.0,0.0,40.27,0.0,335.25,0.0,163.17,86.84,0.0
2026-05-28 07:25:00,0,120.0,160.0,0.0,40.3,0.0,296.13,0.0,140.68,80.69,1.55
2026-05-28 07:30:00,0,120.0,160.0,0.0,40.77,0.0,221.12,0.0,102.51,72.33,0.0
2026-05-28 07:35:00,0,120.0,160.0,0.0,40.31,0.0,194.7,0.0,84.18,69.25,0.0
2026-05-28 07:40:00,0,120.0,160.0,0.0,40.85,0.0,162.45,0.0,76.2,68.1,0.0
2026-05-28 07:45:00,0,120.0,160.0,0.0,41.43,0.0,258.34,0.0,127.48,77.5,0.82
2026-05-28 07:50:00,0,120.0,160.0,0.0,41.3,0.0,250.12,0.0,113.46,74.46,0.0
2026-05-28 07:55:00,0,120.0,160.0,0.0,40.58,0.0,397.74,0.0,183.29,93.11,0.0
2026-05-28 08:00:00,0,120.0,160.0,0.0,41.62,0.0,236.71,0.0,112.11,74.19,0.0
2026-05-28 08:05:00,0,120.0,160.0,0.0,42.35,0.0,245.67,0.0,114.05,74.59,0.0
2026-05-28 08:10:00,0,120.0,160.0,0.0,41.14,0.0,196.66,0.0,91.57,70.42,0.0
2026-05-28 08:15:00,0,120.0,160.0,0.0,41.49,0.0,204.81,0.0,93.25,70.7,0.0
2026-05-28 08:20:00,0,120.0,160.0,0.0,42.07,0.0,295.14,0.0,138.44,80.13,0.86
2026-05-28 08:25:00,0,120.0,160.0,0.0,41.67,0.0,315.11,0.0,142.91,81.26,0.0
2026-05-28 08:30:00,0,120.0,160.0,0.0,41.6,0.0,313.43,0.0,145.83,82.02,0.0
2026-05-28 08:35:00,0,120.0,160.0,0.0,43.12,0.0,258.33,0.0,118.22,75.46,0.56
2026-05-28 08:40:00,0,120.0,160.0,0.0,42.84,0.0,183.66,0.0,87.49,69.77,0.1
2026-05-28 08:45:00,0,120.0,160.0,0.0,42.19,0.0,315.32,0.0,149.09,82.88,0.56
2026-05-28 08:50:00,0,120.0,160.0,0.0,42.64,0.0,261.32,0.0,127.16,77.43,0.0
2026-05-28 08:55:00,0,120.0,160.0,0.0,42.85,0.0,237.87,0.0,105.83,72.96,0.2
2026-05-28 09:00:00,0,120.0,160.0,0.0,43.26,0.0,316.07,0.0,154.39,84.33,0.41
2026-05-28 09:05:00,0,120.0,160.0,0.0,42.25,0.0,282.58,0.0,140.04,80.53,90.15
2026-05-28 09:10:00,0,120.0,160.0,0.0,43.26,39.21,146.5,0.56,68.17,81.91,88.93
2026-05-28 09:15:00,0,120.0,160.0,0.0,42.82,38.61,249.49,0.2,112.34,88.15,89.85
2026-05-28 09:20:00,0,120.0,160.0,0.0,43.68,44.03,283.43,0.18,133.2,94.62,89.47
2026-05-28 09:25:00,0,120.0,160.0,0.0,44.41,38.78,281.59,0.15,124.89,90.8,88.31
2026-05-28 09:30:00,0,120.0,160.0,0.0,43.49,49.11,304.78,0.16,163.19,104.36,89.0
2026-05-28 09:35:00,0,120.0,160.0,0.0,43.18,40.82,209.07,0.31,91.7,85.36,89.9
2026-05-28 09:40:00,0,120.0,160.0,0.0,44.67,49.57,218.35,0.34,102.26,90.33,88.12
2026-05-28 09:45:00,0,120.0,160.0,0.0,45.89,41.95,233.44,0.27,110.93,89.19,87.72
2026-05-28 09:50:00,0,120.0,160.0,0.0,43.36,53.34,193.66,0.47,93.69,90.39,88.73
2026-05-28 09:55:00,0,120.0,160.0,0.0,43.69,41.22,338.91,0.11,148.96,97.5,87.08
2026-05-28 10:00:00,0,120.0,160.0,0.0,44.65,55.96,222.58,0.36,105.08,93.13,88.37
2026-05-28 10:05:00,0,120.0,160.0,0.0,43.83,39.75,227.41,0.23,107.01,87.56,87.8
2026-05-28 10:10:00,0,120.0,160.0,0.0,44.55,45.44,306.73,0.16,152.11,99.93,85.59
2026-05-28 10:15:00,0,120.0,160.0,0.0,43.57,43.4,233.93,0.26,110.18,89.52,88.23
2026-05-28 10:20:00,0,120.0,160.0,0.0,44.53,46.78,306.41,0.16,142.15,97.76,86.86
2026-05-28 10:25:00,0,120.0,160.0,0.0,44.4,51.94,266.38,0.22,117.76,93.98,89.74
2026-05-28 10:30:00,0,120.0,160.0,0.0,44.76,48.34,197.66,0.4,91.37,88.12,86.68
2026-05-28 10:35:00,0,120.0,160.0,0.0,44.64,49.81,228.7,0.3,106.14,91.06,86.89
2026-05-28 10:40:00,0,120.0,160.0,0.0,44.56,58.33,236.01,0.32,117.86,96.44,85.66
2026-05-28 10:45:00,0,120.0,160.0,0.0,43.72,58.65,242.12,0.31,110.47,95.01,86.37
2026-05-28 10:50:00,0,120.0,160.0,0.0,44.94,59.95,269.54,0.26,133.77,100.49,85.82
2026-05-28 10:55:00,0,120.0,160.0,0.0,44.57,62.25,291.16,0.21,137.62,102.14,86.86
2026-05-28 11:00:00,0,120.0,160.0,0.0,43.87,67.71,293.6,0.25,138.28,104.29,85.75
2026-05-28 11:05:00,0,120.0,160.0,0.0,43.9,58.75,246.9,0.31,124.0,97.9,85.32
2026-05-28 11:10:00,0,120.0,160.0,0.0,45.31,62.83,148.28,0.87,76.13,91.83,84.76
2026-05-28 11:15:00,0,120.0,160.0,0.0,45.4,68.74,230.13,0.39,100.93,96.89,87.82
2026-05-28 11:20:00,0,120.0,160.0,0.0,44.69,66.7,339.83,0.18,156.28,108.57,85.11
2026-05-28 11:25:00,0,120.0,160.0,0.0,45.02,77.22,301.62,0.29,138.51,107.76,85.36
2026-05-28 11:30:00,0,120.0,160.0,0.0,44.63,72.39,276.26,0.32,135.72,129.06,84.11
2026-05-28 11:35:00,0,120.0,160.0,0.0,45.08,76.72,283.11,0.32,137.57,107.41,85.85
2026-05-28 11:40:00,0,120.0,160.0,0.0,45.67,74.69,316.86,0.24,150.45,109.88,83.51
2026-05-28 11:45:00,0,120.0,160.0,0.0,44.36,73.43,319.65,0.23,135.97,105.68,83.63
2026-05-28 11:50:00,0,120.0,160.0,0.0,45.02,83.06,155.03,1.06,71.88,98.73,85.69
2026-05-28 11:55:00,0,120.0,160.0,0.0,45.31,82.85,224.2,0.53,105.3,102.92,84.5
2026-05-28 12:00:00,0,120.0,160.0,0.0,45.9,84.85,320.05,0.25,155.15,114.75,83.84
2026-05-28 12:05:00,0,120.0,160.0,0.0,44.74,81.79,243.72,0.45,119.07,105.17,83.6
2026-05-28 12:10:00,0,120.0,160.0,0.0,44.83,90.71,323.69,0.29,136.91,112.08,84.34
2026-05-28 12:15:00,0,120.0,160.0,0.0,45.89,81.54,207.23,0.57,99.78,101.53,83.1
2026-05-28 12:20:00,0,120.0,160.0,0.0,44.51,80.7,275.95,0.34,137.6,128.91,83.75
2026-05-28 12:25:00,0,120.0,160.0,0.0,44.15,91.1,257.02,0.43,118.0,108.16,83.25
2026-05-28 12:30:00,0,120.0,160.0,0.0,44.16,93.98,201.54,0.77,96.88,105.76,82.47
2026-05-28 12:35:00,0,120.0,160.0,0.0,44.85,90.91,270.02,0.41,122.07,108.93,83.73
2026-05-28 12:40:00,0,120.0,160.0,0.0,44.0,84.92,238.16,0.47,108.32,119.52,82.78
2026-05-28 12:45:00,0,120.0,160.0,0.0,44.6,90.88,244.7,0.54,114.65,123.43,83.36
2026-05-28 12:50:00,0,120.0,160.0,0.0,45.55,91.9,275.86,0.37,131.02,111.24,82.55
2026-05-28 12:55:00,0,120.0,160.0,0.0,44.16,104.35,244.0,0.57,112.19,111.88,82.97
2026-05-28 13:00:00,0,120.0,160.0,0.0,44.93,105.03,272.14,0.46,130.72,115.94,80.36
2026-05-28 13:05:00,0,120.0,160.0,0.0,44.13,99.43,228.94,0.62,109.14,109.64,81.98
2026-05-28 13:10:00,0,120.0,160.0,0.0,44.5,100.09,286.26,0.38,137.59,115.71,81.13
2026-05-28 13:15:00,0,120.0,160.0,0.0,44.08,105.58,249.07,0.54,120.77,114.04,81.03
2026-05-28 13:20:00,0,120.0,160.0,0.0,44.52,94.51,161.27,1.16,75.66,103.43,80.68
2026-05-28 13:25:00,0,120.0,160.0,0.0,43.71,95.17,252.77,0.53,126.69,111.7,82.94
2026-05-28 13:30:00,0,120.0,160.0,0.0,44.8,102.15,277.73,0.41,124.95,113.51,79.61
2026-05-28 13:35:00,0,120.0,160.0,0.0,43.52,107.49,277.12,0.44,131.76,117.01,80.99
2026-05-28 13:40:00,0,120.0,160.0,0.0,44.3,105.43,233.94,0.64,106.0,111.18,79.52
2026-05-28 13:45:00,0,120.0,160.0,0.0,45.11,101.87,249.1,0.46,122.84,113.04,80.01
2026-05-28 13:50:00,0,120.0,160.0,0.0,44.59,108.74,243.47,0.54,111.47,113.21,81.11
2026-05-28 13:55:00,0,120.0,160.0,0.0,44.7,104.54,253.65,0.5,119.36,113.3,79.51
2026-05-28 14:00:00,0,120.0,160.0,0.0,44.11,108.89,283.0,0.43,131.86,117.5,79.29
2026-05-28 14:05:00,0,120.0,160.0,0.0,44.24,104.01,249.79,0.5,118.37,112.9,81.21
2026-05-28 14:10:00,0,120.0,160.0,0.0,43.85,104.72,216.83,0.73,99.77,109.95,79.02
2026-05-28 14:15:00,0,120.0,160.0,0.0,43.67,104.78,189.12,0.9,90.34,108.7,76.37
2026-05-28 14:20:00,0,120.0,160.0,0.0,43.32,97.92,235.25,0.57,108.92,108.97,79.19
2026-05-28 14:25:00,0,120.0,160.0,0.0,43.46,98.42,172.73,1.06,81.55,105.44,78.62
2026-05-28 14:30:00,0,120.0,160.0,0.0,42.76,104.59,184.1,1.05,90.75,130.22,78.95
2026-05-28 14:35:00,0,120.0,160.0,0.0,42.98,103.1,273.67,0.42,134.82,116.16,78.33
2026-05-28 14:40:00,0,120.0,160.0,0.0,43.97,103.37,316.56,0.32,141.35,117.69,77.84
2026-05-28 14:45:00,0,120.0,160.0,0.0,43.59,107.38,216.84,0.72,98.85,110.7,78.62
2026-05-28 14:50:00,0,120.0,160.0,0.0,43.47,104.82,258.14,0.52,127.44,115.23,77.37
2026-05-28 14:55:00,0,120.0,160.0,0.0,42.65,104.67,217.83,0.67,100.86,110.01,79.0
2026-05-28 15:00:00,0,120.0,160.0,0.0,42.73,106.48,223.49,0.67,102.24,110.9,78.92
2026-05-28 15:05:00,0,120.0,160.0,0.0,42.38,83.38,298.75,0.31,147.44,112.25,77.77
2026-05-28 15:10:00,0,120.0,160.0,0.0,42.15,78.81,245.41,0.42,119.2,104.09,75.76
2026-05-28 15:15:00,0,120.0,160.0,0.0,42.32,77.38,262.59,0.37,129.17,105.72,77.54
2026-05-28 15:20:00,0,120.0,160.0,0.0,42.9,83.14,250.42,0.43,122.81,106.41,76.52
2026-05-28 15:25:00,0,120.0,160.0,0.0,42.57,73.63,230.64,0.42,106.77,99.75,76.38
2026-05-28 15:30:00,0,120.0,160.0,0.0,41.78,80.3,309.98,0.25,154.19,112.88,76.21
2026-05-28 15:35:00,0,120.0,160.0,0.0,42.16,72.86,251.12,0.38,125.2,103.25,78.13
2026-05-28 15:40:00,0,120.0,160.0,0.0,41.63,73.18,281.6,0.3,135.87,105.71,75.6
2026-05-28 15:45:00,0,120.0,160.0,0.0,42.06,74.74,192.29,0.66,91.73,97.93,76.29
2026-05-28 15:50:00,0,120.0,160.0,0.0,41.92,72.05,256.09,0.35,114.83,100.66,75.75
2026-05-28 15:55:00,0,120.0,160.0,0.0,41.1,73.44,230.38,0.41,115.97,101.51,77.28
2026-05-28 16:00:00,0,120.0,160.0,0.0,42.38,76.26,218.05,0.53,107.02,100.94,76.34
2026-05-28 16:05:00,0,120.0,160.0,0.0,42.42,72.31,275.37,0.3,128.84,103.73,75.18
2026-05-28 16:10:00,0,120.0,160.0,0.0,40.7,61.31,166.42,0.75,81.06,91.75,75.52
2026-05-28 16:15:00,0,120.0,160.0,0.0,41.29,53.29,241.26,0.27,117.2,94.43,75.21
2026-05-28 16:20:00,0,120.0,160.0,0.0,41.01,53.08,368.12,0.12,177.46,110.04,76.97
2026-05-28 16:25:00,0,120.0,160.0,0.0,41.23,50.96,291.35,0.18,130.86,96.49,75.31
2026-05-28 16:30:00,0,120.0,160.0,0.0,40.72,50.46,237.05,0.27,113.14,92.6,75.29
2026-05-28 16:35:00,0,120.0,160.0,0.0,41.81,48.21,247.01,0.25,117.53,92.68,75.97
2026-05-28 16:40:00,0,120.0,160.0,0.0,40.56,55.45,240.04,0.31,114.11,94.62,74.07
2026-05-28 16:45:00,0,120.0,160.0,0.0,40.05,52.32,204.27,0.42,93.1,89.83,73.86
2026-05-28 16:50:00,0,120.0,160.0,0.0,40.1,48.3,215.8,0.31,102.38,89.83,73.8
2026-05-28 16:55:00,0,120.0,160.0,0.0,40.4,52.94,257.41,0.26,119.39,94.75,77.04
2026-05-28 17:00:00,0,120.0,160.0,0.0,40.26,44.04,227.68,0.25,111.23,89.92,75.9
2026-05-28 17:05:00,0,120.0,160.0,0.0,39.24,43.67,245.6,0.22,110.57,89.6,73.91
2026-05-28 17:10:00,0,120.0,160.0,0.0,39.43,44.91,194.65,0.39,89.47,86.58,73.97
2026-05-28 17:15:00,0,120.0,160.0,0.0,39.59,42.32,247.22,0.21,113.27,89.65,75.13
2026-05-28 17:20:00,0,120.0,160.0,0.0,39.61,38.23,280.04,0.15,124.21,90.44,72.17
2026-05-28 17:25:00,0,120.0,160.0,0.0,38.82,40.81,232.7,0.23,104.41,101.55,74.38
2026-05-28 17:30:00,0,120.0,160.0,0.0,39.05,38.49,277.91,0.17,130.04,91.9,73.9
2026-05-28 17:35:00,0,120.0,160.0,0.0,38.96,38.99,243.7,0.22,111.76,88.2,74.31
2026-05-28 17:40:00,0,120.0,160.0,0.0,38.78,37.71,263.65,0.16,118.4,89.01,71.72
2026-05-28 17:45:00,0,120.0,160.0,0.0,38.14,39.86,193.24,0.33,95.71,85.72,74.29
2026-05-28 17:50:00,0,120.0,160.0,0.0,38.26,31.4,201.55,0.25,96.16,82.68,72.48
2026-05-28 17:55:00,0,120.0,160.0,0.0,37.32,35.04,257.85,0.16,116.41,87.65,73.0
2026-05-28 18:00:00,0,120.0,160.0,0.0,37.59,35.85,254.99,0.18,120.61,88.87,72.96
2026-05-28 18:05:00,0,120.0,160.0,0.0,37.74,34.1,276.01,0.15,139.12,92.52,72.11
2026-05-28 18:10:00,0,120.0,160.0,0.0,37.79,28.73,232.24,0.17,109.78,99.92,71.96
2026-05-28 18:15:00,0,120.0,160.0,0.0,37.61,29.07,325.14,0.1,163.94,97.43,72.77
2026-05-28 18:20:00,0,120.0,160.0,0.0,36.82,28.8,218.5,0.21,93.71,81.27,72.05
2026-05-28 18:25:00,0,120.0,160.0,0.0,37.34,23.71,300.55,0.08,153.74,92.6,72.37
2026-05-28 18:30:00,0,120.0,160.0,0.0,36.87,25.4,204.85,0.18,94.08,80.08,71.02
2026-05-28 18:35:00,0,120.0,160.0,0.0,36.37,23.16,279.95,0.1,134.22,87.39,71.44
2026-05-28 18:40:00,0,120.0,160.0,0.0,35.86,32.28,311.07,0.11,133.6,90.45,71.68
2026-05-28 18:45:00,0,120.0,160.0,0.0,36.51,31.56,259.61,0.14,121.88,87.56,71.29
2026-05-28 18:50:00,0,120.0,160.0,0.0,36.05,23.84,259.51,0.11,122.4,84.92,70.91
2026-05-28 18:55:00,0,120.0,160.0,0.0,36.68,23.72,225.99,0.15,110.86,82.53,71.2
2026-05-28 19:00:00,0,120.0,160.0,0.0,36.1,20.71,292.93,0.08,144.53,89.07,72.05
2026-05-28 19:05:00,0,120.0,160.0,0.0,35.05,26.36,226.51,0.17,111.31,83.58,71.99
2026-05-28 19:10:00,0,120.0,160.0,0.0,35.79,20.75,281.97,0.08,132.32,86.05,71.29
2026-05-28 19:15:00,0,120.0,160.0,0.0,35.98,21.39,173.63,0.23,81.62,76.81,70.43
2026-05-28 19:20:00,0,120.0,160.0,0.0,35.49,18.66,303.58,0.06,141.44,87.52,70.12
2026-05-28 19:25:00,0,120.0,160.0,0.0,35.28,23.42,222.62,0.16,108.62,82.0,69.35
2026-05-28 19:30:00,0,120.0,160.0,0.0,34.91,20.08,247.16,0.11,118.67,82.79,69.26
2026-05-28 19:35:00,0,120.0,160.0,0.0,34.05,17.34,345.4,0.04,165.85,93.77,69.01
2026-05-28 19:40:00,0,120.0,160.0,0.0,36.08,24.89,285.3,0.09,142.91,90.14,69.83
2026-05-28 19:45:00,0,120.0,160.0,0.0,34.9,13.69,245.3,0.07,116.95,80.1,70.5
2026-05-28 19:50:00,0,120.0,160.0,0.0,34.67,17.71,317.56,0.06,141.92,87.31,69.28
2026-05-28 19:55:00,0,120.0,160.0,0.0,34.15,22.2,312.0,0.07,149.1,90.78,69.7
2026-05-28 20:00:00,0,120.0,160.0,0.0,34.59,23.15,176.37,0.24,82.02,77.5,69.79
2026-05-28 20:05:00,0,120.0,160.0,0.0,34.25,23.33,213.34,0.15,101.84,80.66,69.49
2026-05-28 20:10:00,0,120.0,160.0,0.0,35.04,16.63,264.81,0.07,119.97,81.78,68.4
2026-05-28 20:15:00,0,120.0,160.0,0.0,33.45,17.95,191.62,0.14,89.37,76.61,69.29
2026-05-28 20:20:00,0,120.0,160.0,0.0,34.11,17.58,261.92,0.09,123.27,82.87,67.85
2026-05-28 20:25:00,0,120.0,160.0,0.0,33.29,11.6,207.7,0.09,96.47,75.48,67.85
2026-05-28 20:30:00,0,120.0,160.0,0.0,33.34,16.57,201.6,0.15,98.63,77.72,68.62
2026-05-28 20:35:00,0,120.0,160.0,0.0,34.7,15.93,279.14,0.07,129.32,83.63,69.98
2026-05-28 20:40:00,0,120.0,160.0,0.0,33.44,20.91,196.81,0.18,95.78,78.8,69.2
2026-05-28 20:45:00,0,120.0,160.0,0.0,33.98,21.58,222.73,0.14,103.84,80.4,66.21
2026-05-28 20:50:00,0,120.0,160.0,0.0,33.45,19.77,348.29,0.05,151.52,90.54,66.14
2026-05-28 20:55:00,0,120.0,160.0,0.0,32.71,19.91,297.36,0.07,142.9,88.35,68.1
2026-05-28 21:00:00,0,120.0,160.0,0.0,34.11,20.05,243.74,0.1,123.24,83.75,67.87
2026-05-28 21:05:00,0,120.0,160.0,0.0,32.3,19.15,284.12,0.07,129.26,84.74,67.22
2026-05-28 21:10:00,0,120.0,160.0,0.0,32.4,20.99,215.83,0.14,103.02,80.04,67.46
2026-05-28 21:15:00,0,120.0,160.0,0.0,32.51,19.3,235.61,0.12,107.85,80.32,67.66
2026-05-28 21:20:00,0,120.0,160.0,0.0,33.73,22.46,261.16,0.09,116.91,83.21,66.97
2026-05-28 21:25:00,0,120.0,160.0,0.0,32.96,23.53,309.29,0.08,137.89,88.37,67.51
2026-05-28 21:30:00,0,120.0,160.0,0.0,32.97,25.25,348.66,0.07,160.95,95.15,66.58
2026-05-28 21:35:00,0,120.0,160.0,0.0,32.07,23.68,269.32,0.1,129.18,86.37,66.87
2026-05-28 21:40:00,0,120.0,160.0,0.0,32.14,21.32,253.02,0.1,120.19,83.52,66.35
2026-05-28 21:45:00,0,120.0,160.0,0.0,32.77,24.1,209.32,0.17,97.89,80.26,66.82
2026-05-28 21:50:00,0,120.0,160.0,0.0,31.8,26.61,197.76,0.22,88.3,79.63,66.58
2026-05-28 21:55:00,0,120.0,160.0,0.0,31.75,29.39,200.45,0.26,95.43,81.86,66.91
2026-05-28 22:00:00,0,120.0,160.0,0.0,31.15,30.85,263.89,0.14,125.42,88.09,67.07
2026-05-28 22:05:00,0,120.0,160.0,0.0,31.77,27.96,226.5,0.18,112.42,84.38,67.44
2026-05-28 22:10:00,0,120.0,160.0,0.0,31.93,32.45,123.81,0.67,60.39,78.84,65.31
2026-05-28 22:15:00,0,120.0,160.0,0.0,31.62,27.19,199.72,0.22,98.72,81.59,68.01
2026-05-28 22:20:00,0,120.0,160.0,0.0,31.77,32.62,243.4,0.18,107.86,85.11,65.72
2026-05-28 22:25:00,0,120.0,160.0,0.0,32.28,32.5,312.62,0.1,145.0,93.36,65.08
2026-05-28 22:30:00,0,120.0,160.0,0.0,31.52,34.09,241.58,0.18,113.52,86.75,64.97
2026-05-28 22:35:00,0,120.0,160.0,0.0,32.1,38.47,273.98,0.17,132.58,92.48,66.83
2026-05-28 22:40:00,0,120.0,160.0,0.0,31.34,35.83,291.61,0.13,131.3,91.18,67.06
2026-05-28 22:45:00,0,120.0,160.0,0.0,31.32,42.46,263.95,0.21,119.53,91.0,65.33
2026-05-28 22:50:00,0,120.0,160.0,0.0,31.05,40.89,221.65,0.27,99.61,86.64,64.34
2026-05-28 22:55:00,0,120.0,160.0,0.0,31.44,31.44,248.92,0.17,123.11,87.84,65.23
2026-05-28 23:00:00,0,120.0,160.0,0.0,32.27,34.44,309.97,0.12,150.32,95.49,63.76
2026-05-28 23:05:00,0,120.0,160.0,0.0,30.76,32.78,253.43,0.16,116.73,86.91,63.21
2026-05-28 23:10:00,0,120.0,160.0,0.0,30.96,35.33,219.77,0.23,98.69,84.45,63.71
2026-05-28 23:15:00,0,120.0,160.0,0.0,30.55,35.01,251.5,0.18,118.35,88.08,64.29
2026-05-28 23:20:00,0,120.0,160.0,0.0,30.88,37.89,309.41,0.12,140.71,94.18,65.31
2026-05-28 23:25:00,0,120.0,160.0,0.0,30.7,40.43,214.2,0.28,100.62,86.68,63.91
2026-05-28 23:30:00,0,120.0,160.0,0.0,30.39,41.32,204.42,0.32,95.89,86.24,64.53
2026-05-28 23:35:00,0,120.0,160.0,0.0,30.94,43.88,273.13,0.18,129.17,93.59,63.78
2026-05-28 23:40:00,0,120.0,160.0,0.0,31.49,41.33,200.51,0.35,92.1,85.66,64.01
2026-05-28 23:45:00,0,120.0,160.0,0.0,30.42,41.33,213.27,0.3,101.11,87.12,63.05
2026-05-28 23:50:00,0,120.0,160.0,0.0,30.21,47.77,223.68,0.31,97.38,106.45,63.2
2026-05-28 23:55:00,0,120.0,160.0,0.0,31.14,45.76,315.68,0.14,147.32,98.69,61.43
2026-05-29 00:00:00,0,120.54,177.35,0.0,31.79,44.2,265.71,0.19,123.72,92.49,63.52
2026-05-29 00:05:00,0,120.54,177.35,0.0,31.55,42.43,215.63,0.31,104.08,88.08,64.04
2026-05-29 00:10:00,0,120.54,177.35,0.0,31.06,47.97,265.32,0.22,122.52,93.6,62.39
2026-05-29 00:15:00,0,120.54,177.35,0.0,30.32,47.42,209.2,0.34,97.21,88.64,62.8
2026-05-29 00:20:00,0,120.54,177.35,0.0,29.57,48.31,336.41,0.13,161.71,103.56,62.65
2026-05-29 00:25:00,0,120.54,177.35,0.0,30.25,49.74,229.2,0.33,102.48,90.38,61.0
2026-05-29 00:30:00,0,120.54,177.35,0.0,31.16,51.06,265.36,0.23,124.19,95.07,60.67
2026-05-29 00:35:00,0,120.54,177.35,0.0,30.94,52.82,305.88,0.18,142.07,99.87,62.38
2026-05-29 00:40:00,0,120.54,177.35,0.0,30.8,50.15,214.4,0.34,100.18,90.12,62.76
2026-05-29 00:45:00,0,120.54,177.35,0.0,30.93,49.7,233.17,0.26,108.58,91.39,61.02
2026-05-29 00:50:00,0,120.54,177.35,0.0,31.07,52.58,260.79,0.23,128.52,96.59,61.02
2026-05-29 00:55:00,0,120.54,177.35,0.0,31.17,51.68,254.58,0.24,121.92,94.8,60.88
2026-05-29 01:00:00,0,120.54,177.35,0.0,31.08,54.55,251.09,0.26,117.16,94.82,61.96
2026-05-29 01:05:00,0,120.54,177.35,0.0,31.75,50.66,289.31,0.2,139.92,115.5,62.98
2026-05-29 01:10:00,0,120.54,177.35,0.0,30.57,51.85,318.44,0.15,142.86,99.67,59.94
2026-05-29 01:15:00,0,120.54,177.35,0.0,31.78,43.47,235.01,0.23,113.1,90.04,63.58
2026-05-29 01:20:00,0,120.54,177.35,0.0,31.95,45.52,282.18,0.18,121.45,92.42,61.07
2026-05-29 01:25:00,0,120.54,177.35,0.0,30.88,44.48,221.59,0.3,104.26,88.81,60.66
2026-05-29 01:30:00,0,120.54,177.35,0.0,31.92,48.96,237.3,0.28,114.59,92.37,60.0
2026-05-29 01:35:00,0,120.54,177.35,0.0,31.63,47.82,187.83,0.41,90.45,87.78,60.05
2026-05-29 01:40:00,0,120.54,177.35,0.0,32.32,42.86,301.91,0.15,146.3,97.42,60.76
2026-05-29 01:45:00,0,120.54,177.35,0.0,31.75,47.33,260.42,0.2,120.0,92.78,59.4
2026-05-29 01:50:00,0,120.54,177.35,0.0,32.02,46.1,272.54,0.18,132.75,95.21,59.42
2026-05-29 01:55:00,0,120.54,177.35,0.0,31.09,41.69,331.61,0.11,154.57,99.17,59.48
2026-05-29 02:00:00,0,120.54,177.35,0.0,31.8,43.35,291.79,0.16,132.9,94.25,58.69
2026-05-29 02:05:00,0,120.54,177.35,0.0,32.45,46.32,284.01,0.2,134.31,95.71,59.83
2026-05-29 02:10:00,0,120.54,177.35,0.0,32.4,42.42,269.37,0.19,127.99,92.83,59.58
2026-05-29 02:15:00,0,120.54,177.35,0.0,32.46,37.2,257.18,0.19,116.01,88.37,58.22
2026-05-29 02:20:00,0,120.54,177.35,0.0,31.91,35.79,273.45,0.16,133.01,112.9,59.85
2026-05-29 02:25:00,0,120.54,177.35,0.0,32.09,31.85,266.36,0.15,126.45,88.7,59.45
2026-05-29 02:30:00,0,120.54,177.35,0.0,32.58,33.34,245.16,0.18,117.36,87.29,59.17
2026-05-29 02:35:00,0,120.54,177.35,0.0,32.27,29.79,301.94,0.11,140.23,91.2,59.15
2026-05-29 02:40:00,0,120.54,177.35,0.0,32.88,31.8,278.76,0.13,131.16,89.73,60.04
2026-05-29 02:45:00,0,120.54,177.35,0.0,32.51,31.13,254.64,0.16,117.37,86.48,57.5
2026-05-29 02:50:00,0,120.54,177.35,0.0,32.47,29.69,300.48,0.1,146.04,92.65,58.29
2026-05-29 02:55:00,0,120.54,177.35,0.0,33.42,28.3,200.72,0.21,96.03,81.49,57.3
2026-05-29 03:00:00,0,120.54,177.35,0.0,33.38,26.15,334.2,0.07,160.05,95.21,57.83
2026-05-29 03:05:00,0,120.54,177.35,0.0,33.29,30.54,246.79,0.17,123.58,87.63,58.06
2026-05-29 03:10:00,0,120.54,177.35,0.0,33.63,28.56,289.99,0.1,134.18,89.26,56.52
2026-05-29 03:15:00,0,120.54,177.35,0.0,33.65,26.4,251.83,0.13,116.37,84.55,56.1
2026-05-29 03:20:00,0,120.54,177.35,0.0,34.21,27.82,249.71,0.13,120.64,85.96,59.35
2026-05-29 03:25:00,0,120.54,177.35,0.0,33.2,25.49,248.73,0.13,123.0,85.66,58.35
2026-05-29 03:30:00,0,120.54,177.35,0.0,32.89,25.48,222.8,0.15,105.49,82.09,57.39
2026-05-29 03:35:00,0,120.54,177.35,0.0,33.89,24.75,305.24,0.08,142.11,89.86,54.98
2026-05-29 03:40:00,0,120.54,177.35,0.0,34.26,27.64,224.22,0.16,106.2,83.01,57.14
2026-05-29 03:45:00,0,120.54,177.35,0.0,34.74,26.03,183.94,0.25,83.99,78.82,54.88
2026-05-29 03:50:00,0,120.54,177.35,0.0,34.75,23.95,285.59,0.09,136.4,88.17,55.78
2026-05-29 03:55:00,0,120.54,177.35,0.0,33.85,24.88,327.32,0.07,151.45,92.36,55.42
2026-05-29 04:00:00,0,120.54,177.35,0.0,34.59,23.27,296.87,0.09,149.55,91.32,55.98
2026-05-29 04:05:00,0,120.54,177.35,0.0,34.87,23.31,222.25,0.15,107.14,81.65,56.18
2026-05-29 04:10:00,0,120.54,177.35,0.0,35.56,22.71,210.35,0.17,99.82,94.46,57.6
2026-05-29 04:15:00,0,120.54,177.35,0.0,35.28,21.99,218.85,0.14,103.44,80.47,54.97
2026-05-29 04:20:00,0,120.54,177.35,0.0,34.47,21.68,223.84,0.14,98.12,79.4,56.3
2026-05-29 04:25:00,0,120.54,177.35,0.0,35.51,22.09,292.87,0.08,132.16,86.48,56.14
2026-05-29 04:30:00,0,120.54,177.35,0.0,35.26,22.84,276.84,0.1,128.92,86.02,55.96
2026-05-29 04:35:00,0,120.54,177.35,0.0,36.26,20.29,275.42,0.08,129.4,85.2,54.0
2026-05-29 04:40:00,0,120.54,177.35,0.0,35.17,20.99,253.15,0.1,118.4,83.03,53.86
2026-05-29 04:45:00,0,120.54,177.35,0.0,35.4,19.56,248.26,0.09,109.86,80.76,54.49
2026-05-29 04:50:00,0,120.54,177.35,0.0,36.13,19.79,283.88,0.08,134.57,86.25,55.78
2026-05-29 04:55:00,0,120.54,177.35,0.0,35.23,18.13,256.98,0.09,122.42,82.88,55.92
2026-05-29 05:00:00,0,120.54,177.35,0.0,35.94,17.53,200.19,0.13,96.42,77.63,55.24
2026-05-29 05:05:00,0,120.54,177.35,0.0,36.72,17.0,223.08,0.11,105.03,78.96,53.33
2026-05-29 05:10:00,0,120.54,177.35,0.0,36.38,16.99,323.74,0.05,143.87,87.54,55.57
2026-05-29 05:15:00,0,120.54,177.35,0.0,37.37,17.51,232.27,0.1,105.51,79.22,53.92
2026-05-29 05:20:00,0,120.54,177.35,0.0,35.98,18.26,317.59,0.06,141.97,87.52,54.65
2026-05-29 05:25:00,0,120.54,177.35,0.0,37.72,16.2,288.05,0.06,142.39,86.91,54.62
2026-05-29 05:30:00,0,120.54,177.35,0.0,37.51,16.95,316.8,0.05,153.46,90.1,53.63
2026-05-29 05:35:00,0,120.54,177.35,0.0,36.23,13.42,261.33,0.06,124.09,98.16,53.67
2026-05-29 05:40:00,0,120.54,177.35,0.0,36.67,15.4,267.47,0.07,135.06,84.81,53.09
2026-05-29 05:45:00,0,120.54,177.35,0.0,37.13,14.51,240.64,0.08,117.5,80.53,53.49
2026-05-29 05:50:00,0,120.54,177.35,0.0,37.45,11.29,228.21,0.07,98.22,75.64,53.49
2026-05-29 05:55:00,0,120.54,177.35,0.0,38.25,11.75,232.5,0.06,108.26,77.65,51.84
2026-05-29 06:00:00,0,120.54,177.35,0.0,38.95,14.2,243.67,0.07,117.96,80.51,53.63
2026-05-29 06:05:00,0,120.54,177.35,0.0,38.46,10.35,188.01,0.09,94.87,74.77,54.22
2026-05-29 06:10:00,0,120.54,177.35,0.0,38.78,10.93,220.16,0.07,107.09,77.16,54.65
2026-05-29 06:15:00,0,120.54,177.35,0.0,38.92,11.67,269.16,0.05,132.38,82.83,53.06
2026-05-29 06:20:00,0,120.54,177.35,0.0,38.92,10.12,255.06,0.05,111.11,77.63,52.63
2026-05-29 06:25:00,0,120.54,177.35,0.0,38.4,10.07,220.25,0.07,105.26,76.51,50.38
2026-05-29 06:30:00,0,120.54,177.35,0.0,38.58,9.85,202.47,0.08,93.19,74.29,51.84
2026-05-29 06:35:00,0,120.54,177.35,0.0,39.45,9.16,289.35,0.03,131.31,81.66,52.87
2026-05-29 06:40:00,0,120.54,177.35,0.0,39.3,8.62,208.11,0.07,100.44,75.11,52.22
2026-05-29 06:45:00,0,120.54,177.35,0.0,39.09,7.19,276.48,0.03,125.84,79.7,51.92
2026-05-29 06:50:00,0,120.54,177.35,0.0,39.5,9.41,321.46,0.03,153.45,87.42,52.91
2026-05-29 06:55:00,0,120.54,177.35,0.0,40.26,10.08,244.03,0.05,123.42,80.21,50.89
2026-05-29 07:00:00,0,120.54,177.35,0.0,39.36,8.55,214.79,0.06,102.45,75.43,52.36
2026-05-29 07:05:00,0,120.54,177.35,0.0,40.12,6.12,262.32,0.03,119.26,77.88,50.48
2026-05-29 07:10:00,0,120.54,177.35,0.0,40.03,6.9,285.1,0.03,135.82,81.95,52.16
2026-05-29 07:15:00,0,120.54,177.35,0.0,39.94,6.43,172.19,0.07,85.51,71.84,49.58
2026-05-29 07:20:00,0,120.54,177.35,0.0,40.02,5.45,217.9,0.04,106.56,75.08,51.88
2026-05-29 07:25:00,0,120.54,177.35,0.0,40.27,7.08,285.36,0.03,127.59,80.07,51.64
2026-05-29 07:30:00,0,120.54,177.35,0.0,40.42,7.51,211.02,0.05,98.56,74.35,50.41
2026-05-29 07:35:00,0,120.54,177.35,0.0,41.92,7.8,244.83,0.04,107.46,76.08,51.38
2026-05-29 07:40:00,0,120.54,177.35,0.0,40.43,5.82,194.49,0.05,95.83,73.28,51.11
2026-05-29 07:45:00,0,120.54,177.35,0.0,41.18,5.67,313.77,0.02,153.53,86.12,49.53
2026-05-29 07:50:00,0,120.54,177.35,0.0,41.28,6.92,268.19,0.03,132.62,81.19,50.64
2026-05-29 07:55:00,0,120.54,177.35,0.0,40.77,6.67,264.74,0.03,129.68,80.41,50.89
2026-05-29 08:00:00,0,120.54,177.35,0.0,41.02,5.95,302.86,0.02,142.76,83.34,51.09
2026-05-29 08:05:00,0,120.54,177.35,0.0,41.65,6.13,296.14,0.02,141.94,83.2,51.82
2026-05-29 08:10:00,0,120.54,177.35,0.0,41.81,6.32,222.54,0.04,108.87,75.84,48.51
2026-05-29 08:15:00,0,120.54,177.35,0.0,43.01,4.88,233.5,0.03,109.69,75.48,49.08
2026-05-29 08:20:00,0,120.54,177.35,0.0,43.06,5.45,262.56,0.03,117.85,77.35,51.11
2026-05-29 08:25:00,0,120.54,177.35,0.0,41.43,6.21,282.05,0.02,148.09,84.83,50.36
2026-05-29 08:30:00,0,120.54,177.35,0.0,42.2,5.78,285.75,0.02,140.18,82.63,50.77
2026-05-29 08:35:00,0,120.54,177.35,0.0,42.39,6.2,193.23,0.05,94.47,73.18,49.82
2026-05-29 08:40:00,0,120.54,177.35,0.0,42.74,6.63,198.02,0.05,94.31,73.31,48.31
2026-05-29 08:45:00,0,120.54,177.35,0.0,43.3,7.44,231.92,0.04,109.48,87.02,49.27
2026-05-29 08:50:00,0,120.54,177.35,0.0,43.02,5.05,215.7,0.03,104.43,74.52,48.58
2026-05-29 08:55:00,0,120.54,177.35,0.0,42.73,6.66,300.89,0.02,135.5,81.78,49.45
2026-05-29 09:00:00,0,120.54,177.35,0.0,42.59,7.23,241.36,0.04,107.99,75.99,48.85
2026-05-29 09:05:00,0,120.54,177.35,0.0,44.04,6.99,190.04,0.06,85.67,72.05,48.24
2026-05-29 09:10:00,0,120.54,177.35,0.0,43.42,6.99,211.02,0.05,98.37,74.14,48.56
2026-05-29 09:15:00,0,120.54,177.35,0.0,44.01,8.6,272.55,0.04,128.2,80.76,47.8
2026-05-29 09:20:00,0,120.54,177.35,0.0,43.0,7.83,304.76,0.03,151.04,86.21,49.25
2026-05-29 09:25:00,0,120.54,177.35,0.0,43.74,8.16,281.45,0.03,130.79,81.19,47.38
2026-05-29 09:30:00,0,120.54,177.35,0.0,42.92,7.91,266.08,0.04,123.02,79.35,49.07
2026-05-29 09:35:00,0,120.54,177.35,0.0,44.22,9.28,176.14,0.1,85.06,72.84,46.67
2026-05-29 09:40:00,0,120.54,177.35,0.0,42.8,9.27,323.73,0.03,159.24,89.01,47.17
2026-05-29 09:45:00,0,120.54,177.35,0.0,43.71,8.75,205.13,0.06,85.46,72.64,49.6
2026-05-29 09:50:00,0,120.54,177.35,0.0,44.45,10.96,163.22,0.13,77.57,72.4,48.15
2026-05-29 09:55:00,0,120.54,177.35,0.0,44.38,9.92,264.99,0.04,125.54,80.62,46.78
2026-05-29 10:00:00,0,120.54,177.35,0.0,45.06,11.52,263.31,0.06,123.91,92.27,46.55
2026-05-29 10:05:00,0,120.54,177.35,0.0,44.88,9.99,214.42,0.08,94.38,74.56,47.57
2026-05-29 10:10:00,0,120.54,177.35,0.0,44.21,10.69,321.11,0.03,143.39,85.19,46.74
2026-05-29 10:15:00,0,120.54,177.35,0.0,44.18,11.11,257.07,0.05,120.8,80.0,48.62
2026-05-29 10:20:00,0,120.54,177.35,0.0,44.25,11.43,325.49,0.04,149.02,86.95,46.49
2026-05-29 10:25:00,0,120.54,177.35,0.0,44.43,13.06,293.56,0.05,137.13,84.48,46.13
2026-05-29 10:30:00,0,120.54,177.35,0.0,45.21,9.76,262.84,0.05,124.88,80.44,46.31
2026-05-29 10:35:00,0,120.54,177.35,0.0,44.38,11.26,276.82,0.04,132.91,82.8,46.65
2026-05-29 10:40:00,0,120.54,177.35,0.0,44.78,11.06,283.0,0.04,141.84,84.94,46.0
2026-05-29 10:45:00,0,120.54,177.35,0.0,44.53,14.09,283.01,0.05,140.27,85.63,45.53
2026-05-29 10:50:00,0,120.54,177.35,0.0,44.37,13.75,328.28,0.04,151.74,88.5,47.21
2026-05-29 10:55:00,0,120.54,177.35,0.0,44.42,14.16,228.97,0.08,112.26,79.34,44.52
2026-05-29 11:00:00,0,120.54,177.35,0.0,45.13,14.67,347.95,0.04,164.46,92.44,44.57
2026-05-29 11:05:00,0,120.54,177.35,0.0,45.59,16.89,209.1,0.13,88.65,76.13,45.38
2026-05-29 11:10:00,0,120.54,177.35,0.0,43.92,15.39,249.07,0.08,125.94,82.7,48.37
2026-05-29 11:15:00,0,120.54,177.35,0.0,44.61,13.98,264.02,0.07,119.54,80.78,45.81
2026-05-29 11:20:00,0,120.54,177.35,0.0,45.37,15.78,226.95,0.11,103.27,78.23,44.78
2026-05-29 11:25:00,0,120.54,177.35,0.0,44.98,16.89,261.33,0.09,127.41,83.59,45.78
2026-05-29 11:30:00,0,120.54,177.35,0.0,44.45,16.18,211.0,0.12,98.69,77.55,44.58
2026-05-29 11:35:00,0,120.54,177.35,0.0,45.11,18.67,269.01,0.08,129.59,84.7,44.92
2026-05-29 11:40:00,0,120.54,177.35,0.0,45.2,17.08,293.83,0.06,143.24,87.45,44.15
2026-05-29 11:45:00,0,120.54,177.35,0.0,44.47,19.15,300.47,0.07,141.79,87.82,45.31
2026-05-29 11:50:00,0,120.54,177.35,0.0,46.28,18.86,280.23,0.08,126.68,84.09,43.81
2026-05-29 11:55:00,0,120.54,177.35,0.0,44.18,16.57,256.79,0.08,117.61,81.29,46.21
2026-05-29 12:00:00,0,120.54,177.35,0.0,44.92,19.29,277.89,0.08,141.06,105.46,43.7
2026-05-29 12:05:00,0,120.54,177.35,0.0,44.92,18.7,273.83,0.08,126.79,84.06,45.88
2026-05-29 12:10:00,0,120.54,177.35,0.0,45.0,20.44,268.47,0.09,122.5,83.73,44.29
2026-05-29 12:15:00,0,120.54,177.35,0.0,45.23,19.27,261.13,0.09,126.52,84.22,44.73
2026-05-29 12:20:00,0,120.54,177.35,0.0,45.02,20.09,303.28,0.07,146.82,89.46,42.33
2026-05-29 12:25:00,0,120.54,177.35,0.0,44.67,19.33,262.39,0.1,119.65,100.05,45.38
2026-05-29 12:30:00,0,120.54,177.35,0.0,45.28,19.71,175.1,0.19,86.29,76.87,45.35
2026-05-29 12:35:00,0,120.54,177.35,0.0,44.74,22.09,230.93,0.13,104.03,80.62,44.44
2026-05-29 12:40:00,0,120.54,177.35,0.0,44.41,21.84,281.91,0.09,130.09,85.94,41.91
2026-05-29 12:45:00,0,120.54,177.35,0.0,45.29,22.05,255.59,0.12,118.6,83.5,42.74
2026-05-29 12:50:00,0,120.54,177.35,0.0,45.23,22.22,252.49,0.11,114.54,82.69,41.54
2026-05-29 12:55:00,0,120.54,177.35,0.0,45.03,20.83,193.65,0.2,89.88,77.85,43.55
2026-05-29 13:00:00,0,120.54,177.35,0.0,44.82,21.23,227.4,0.12,107.78,81.01,43.27
2026-05-29 13:05:00,0,120.54,177.35,0.0,44.32,20.62,193.13,0.17,92.08,78.07,42.08
2026-05-29 13:10:00,0,120.54,177.35,0.0,44.79,22.88,274.8,0.09,133.97,87.23,41.49
2026-05-29 13:15:00,0,120.54,177.35,0.0,45.18,21.9,247.28,0.12,123.14,84.44,42.13
2026-05-29 13:20:00,0,120.54,177.35,0.0,44.35,22.39,249.08,0.12,117.34,83.35,40.93
2026-05-29 13:25:00,0,120.54,177.35,0.0,44.5,21.09,237.61,0.12,109.31,81.26,42.15
2026-05-29 13:30:00,0,120.54,177.35,0.0,44.34,21.85,265.24,0.09,127.18,85.27,41.92
2026-05-29 13:35:00,0,120.54,177.35,0.0,44.38,20.6,302.11,0.07,158.73,92.91,40.61
2026-05-29 13:40:00,0,120.54,177.35,0.0,43.91,23.89,191.85,0.2,87.47,78.53,42.13
2026-05-29 13:45:00,0,120.54,177.35,0.0,43.76,22.6,188.73,0.19,88.29,78.19,39.84
2026-05-29 13:50:00,0,120.54,177.35,0.0,45.15,24.04,257.11,0.11,117.72,83.99,42.8
2026-05-29 13:55:00,0,120.54,177.35,0.0,43.32,21.53,283.47,0.09,131.76,86.22,43.45
2026-05-29 14:00:00,0,120.54,177.35,0.0,43.98,22.96,236.21,0.13,113.51,82.77,40.47
2026-05-29 14:05:00,0,120.54,177.35,0.0,43.85,23.53,144.17,0.35,64.6,75.57,41.88
2026-05-29 14:10:00,0,120.54,177.35,0.0,44.41,22.47,287.1,0.09,144.34,89.68,40.87
2026-05-29 14:15:00,0,120.54,177.35,0.0,43.67,21.95,242.81,0.11,114.68,82.62,41.92
2026-05-29 14:20:00,0,120.54,177.35,0.0,44.65,22.83,301.78,0.08,136.76,87.87,41.7
2026-05-29 14:25:00,0,120.54,177.35,0.0,43.78,20.92,172.55,0.21,76.29,75.86,40.39
2026-05-29 14:30:00,0,120.54,177.35,0.0,42.93,22.89,251.9,0.11,123.58,84.86,40.01
2026-05-29 14:35:00,0,120.54,177.35,0.0,43.34,21.97,274.05,0.09,120.64,83.85,41.41
2026-05-29 14:40:00,0,120.54,177.35,0.0,43.51,22.98,238.16,0.13,120.51,84.26,40.46
2026-05-29 14:45:00,0,120.54,177.35,0.0,43.3,20.17,297.21,0.07,138.31,87.3,40.22
2026-05-29 14:50:00,0,120.54,177.35,0.0,42.99,23.25,316.36,0.07,154.15,92.54,40.52
2026-05-29 14:55:00,0,120.54,177.35,0.0,43.15,20.3,291.26,0.07,136.16,86.81,39.95
2026-05-29 15:00:00,0,120.54,177.35,0.0,42.72,21.36,297.77,0.08,141.21,88.46,40.98
2026-05-29 15:05:00,0,120.54,177.35,0.0,42.51,21.11,224.66,0.13,110.75,81.57,40.15
2026-05-29 15:10:00,0,120.54,177.35,0.0,42.52,21.05,318.06,0.07,155.72,92.21,38.38
2026-05-29 15:15:00,0,120.54,177.35,0.0,42.08,21.15,187.25,0.2,89.53,77.9,37.97
2026-05-29 15:20:00,0,120.54,177.35,0.0,42.61,19.58,278.01,0.08,124.11,83.75,39.19
2026-05-29 15:25:00,0,120.54,177.35,0.0,42.97,20.31,243.64,0.11,121.83,83.57,38.02
2026-05-29 15:30:00,0,120.54,177.35,0.0,42.78,21.0,196.53,0.18,97.41,79.13,38.89
2026-05-29 15:35:00,0,120.54,177.35,0.0,42.29,17.7,221.21,0.12,104.25,79.09,40.01
2026-05-29 15:40:00,0,120.54,177.35,0.0,42.38,18.92,286.7,0.07,136.48,86.41,37.77
2026-05-29 15:45:00,0,120.54,177.35,0.0,43.12,18.86,270.05,0.08,135.08,86.06,38.09
2026-05-29 15:50:00,0,120.54,177.35,0.0,41.55,18.44,302.01,0.06,133.34,85.45,38.87
2026-05-29 15:55:00,0,120.54,177.35,0.0,41.64,16.6,250.23,0.09,116.49,81.08,39.27
2026-05-29 16:00:00,0,120.54,177.35,0.0,41.49,17.25,247.74,0.09,119.01,81.84,38.33
2026-05-29 16:05:00,0,120.54,177.35,0.0,42.23,18.38,230.39,0.1,113.09,81.02,37.0
2026-05-29 16:10:00,0,120.54,177.35,0.0,41.7,16.2,310.07,0.06,147.46,88.24,37.95
2026-05-29 16:15:00,0,120.54,177.35,0.0,41.04,17.28,239.09,0.1,111.97,80.41,37.33
2026-05-29 16:20:00,0,120.54,177.35,0.0,40.88,15.81,270.52,0.07,125.58,82.74,37.05
2026-05-29 16:25:00,0,120.54,177.35,0.0,40.77,16.01,226.26,0.1,105.33,78.66,36.89
2026-05-29 16:30:00,0,120.54,177.35,0.0,40.95,15.69,225.43,0.09,98.72,77.32,38.0
2026-05-29 16:35:00,0,120.54,177.35,0.0,40.2,15.32,247.9,0.08,115.65,80.44,36.85
2026-05-29 16:40:00,0,120.54,177.35,0.0,40.52,13.77,240.09,0.07,110.93,78.91,37.32
2026-05-29 16:45:00,0,120.54,177.35,0.0,39.8,13.76,273.26,0.06,135.22,84.26,38.55
2026-05-29 16:50:00,0,120.54,177.35,0.0,40.26,15.75,296.36,0.06,139.22,85.95,37.83
2026-05-29 16:55:00,0,120.54,177.35,0.0,39.72,14.2,274.72,0.06,124.56,81.93,37.63
2026-05-29 17:00:00,0,120.54,177.35,0.0,40.13,14.71,268.29,0.06,122.68,81.69,38.18
2026-05-29 17:05:00,0,120.54,177.35,0.0,39.96,12.3,257.44,0.06,115.13,79.23,37.03
2026-05-29 17:10:00,0,120.54,177.35,0.0,40.07,12.02,221.01,0.08,101.62,76.54,35.91
2026-05-29 17:15:00,0,120.54,177.35,0.0,38.84,11.84,361.68,0.03,174.93,94.62,35.38
2026-05-29 17:20:00,0,120.54,177.35,0.0,39.35,12.21,370.19,0.03,169.68,93.12,37.16
2026-05-29 17:25:00,0,120.54,177.35,0.0,38.92,11.02,263.45,0.05,129.31,81.88,35.98
2026-05-29 17:30:00,0,120.54,177.35,0.0,40.31,11.27,306.48,0.04,143.23,85.36,36.02
2026-05-29 17:35:00,0,120.54,177.35,0.0,39.47,11.55,320.19,0.04,145.67,86.09,35.07
2026-05-29 17:40:00,0,120.54,177.35,0.0,38.15,12.05,251.12,0.06,116.83,79.49,35.45
2026-05-29 17:45:00,0,120.54,177.35,0.0,39.54,12.17,292.71,0.05,138.34,84.46,36.63
2026-05-29 17:50:00,0,120.54,177.35,0.0,37.98,11.03,289.2,0.04,137.81,83.9,36.32
2026-05-29 17:55:00,0,120.54,177.35,0.0,37.44,9.51,304.85,0.03,133.38,82.27,36.87
2026-05-29 18:00:00,0,120.54,177.35,0.0,37.5,9.03,274.84,0.04,137.56,83.14,35.16
2026-05-29 18:05:00,0,120.54,177.35,0.0,38.35,9.44,240.69,0.05,108.28,76.83,34.91
2026-05-29 18:10:00,0,120.54,177.35,0.0,38.51,8.83,252.54,0.05,120.17,79.06,34.41
2026-05-29 18:15:00,0,120.54,177.35,0.0,37.17,9.04,314.85,0.03,158.68,88.75,34.54
2026-05-29 18:20:00,0,120.54,177.35,0.0,37.91,8.98,295.91,0.03,137.23,83.02,35.54
2026-05-29 18:25:00,0,120.54,177.35,0.0,37.95,6.92,252.94,0.03,119.42,78.19,35.54
2026-05-29 18:30:00,0,120.54,177.35,0.0,37.28,6.18,234.6,0.04,110.73,76.15,35.36
2026-05-29 18:35:00,0,120.54,177.35,0.0,36.25,8.82,335.38,0.03,169.1,91.75,35.71
2026-05-29 18:40:00,0,120.54,177.35,0.0,36.1,7.44,331.77,0.02,155.27,99.79,32.71
2026-05-29 18:45:00,0,120.54,177.35,0.0,36.79,7.85,221.76,0.05,101.83,75.05,33.02
2026-05-29 18:50:00,0,120.54,177.35,0.0,36.02,5.51,223.16,0.04,106.74,75.13,33.18
2026-05-29 18:55:00,0,120.54,177.35,0.0,35.98,7.11,233.58,0.04,109.4,76.21,32.03
2026-05-29 19:00:00,0,120.54,177.35,0.0,36.19,5.58,292.6,0.02,141.15,82.79,35.52
2026-05-29 19:05:00,0,120.54,177.35,0.0,36.52,6.55,286.32,0.03,130.34,80.51,32.44
2026-05-29 19:10:00,0,120.54,177.35,0.0,36.0,5.99,165.24,0.08,79.26,70.78,32.99
2026-05-29 19:15:00,0,120.54,177.35,0.0,36.67,4.72,253.53,0.02,113.57,76.17,32.23
2026-05-29 19:20:00,0,120.54,177.35,0.0,35.73,4.76,224.37,0.03,107.53,75.0,33.87
2026-05-29 19:25:00,0,120.54,177.35,0.0,35.12,6.26,288.47,0.02,128.99,80.07,33.05
2026-05-29 19:30:00,0,120.54,177.35,0.0,35.37,4.7,175.95,0.05,82.69,79.8,32.29
2026-05-29 19:35:00,0,120.54,177.35,0.0,35.14,6.46,304.76,0.02,144.99,84.08,33.01
2026-05-29 19:40:00,0,120.54,177.35,0.0,35.23,6.7,265.46,0.03,129.55,80.37,31.66
2026-05-29 19:45:00,0,120.54,177.35,0.0,33.63,5.64,240.46,0.03,109.43,75.67,34.82
2026-05-29 19:50:00,0,120.54,177.35,0.0,34.4,4.63,295.39,0.02,135.54,81.06,31.76
2026-05-29 19:55:00,0,120.54,177.35,0.0,34.33,5.38,300.84,0.02,142.05,82.95,32.02
2026-05-29 20:00:00,0,120.54,177.35,0.0,34.74,3.25,288.48,0.01,138.0,81.16,32.46
2026-05-29 20:05:00,0,120.54,177.35,0.0,34.99,3.12,338.46,0.01,160.83,87.25,31.72
2026-05-29 20:10:00,0,120.54,177.35,0.0,33.61,4.81,300.82,0.02,146.75,83.97,31.68
2026-05-29 20:15:00,0,120.54,177.35,0.0,33.36,5.92,225.06,0.04,107.03,75.32,33.16
2026-05-29 20:20:00,0,120.54,177.35,0.0,32.94,6.08,261.63,0.03,124.88,79.08,30.43
2026-05-29 20:25:00,0,120.54,177.35,0.0,34.61,5.41,322.43,0.02,157.23,87.05,30.91
2026-05-29 20:30:00,0,120.54,177.35,0.0,33.36,5.6,237.31,0.03,114.57,76.7,31.34
2026-05-29 20:35:00,0,120.54,177.35,0.0,33.17,6.38,236.61,0.03,121.59,78.46,30.96
2026-05-29 20:40:00,0,120.54,177.35,0.0,33.83,5.51,227.3,0.03,117.85,77.35,28.97
2026-05-29 20:45:00,0,120.54,177.35,0.0,32.65,5.99,262.38,0.03,127.19,79.58,30.5
2026-05-29 20:50:00,0,120.54,177.35,0.0,33.53,5.7,227.22,0.04,107.71,75.38,30.47
2026-05-29 20:55:00,0,120.54,177.35,0.0,33.46,6.51,259.16,0.03,117.71,77.67,29.87
2026-05-29 21:00:00,0,120.54,177.35,0.0,33.26,5.97,375.49,0.01,170.52,91.14,29.49
2026-05-29 21:05:00,0,120.54,177.35,0.0,33.37,5.02,241.07,0.03,113.22,76.21,32.26
2026-05-29 21:10:00,0,120.54,177.35,0.0,33.92,8.47,252.52,0.04,119.55,78.77,31.07
2026-05-29 21:15:00,0,120.54,177.35,0.0,31.93,6.83,194.55,0.06,95.2,73.53,30.7
2026-05-29 21:20:00,0,120.54,177.35,0.0,31.8,7.39,214.19,0.05,102.51,75.0,31.05
2026-05-29 21:25:00,0,120.54,177.35,0.0,32.5,7.91,233.72,0.04,107.45,76.1,30.82
2026-05-29 21:30:00,0,120.54,177.35,0.0,33.34,6.4,278.86,0.03,138.39,82.4,30.81
2026-05-29 21:35:00,0,120.54,177.35,0.0,31.58,7.4,152.16,0.11,70.43,81.81,30.91
2026-05-29 21:40:00,0,120.54,177.35,0.0,32.03,7.71,298.47,0.02,139.9,83.21,30.15
2026-05-29 21:45:00,0,120.54,177.35,0.0,31.83,7.53,170.8,0.07,85.76,72.26,29.19
2026-05-29 21:50:00,0,120.54,177.35,0.0,32.01,8.25,263.23,0.04,134.43,82.09,30.49
2026-05-29 21:55:00,0,120.54,177.35,0.0,32.0,9.0,323.64,0.03,159.41,88.94,28.08
2026-05-29 22:00:00,0,120.54,177.35,0.0,32.29,8.58,201.78,0.07,90.52,73.38,29.27
2026-05-29 22:05:00,0,120.54,177.35,0.0,31.53,8.29,276.59,0.04,133.73,81.93,28.55
2026-05-29 22:10:00,0,120.54,177.35,0.0,31.85,7.91,226.55,0.05,113.93,77.41,30.66
2026-05-29 22:15:00,0,120.54,177.35,0.0,31.94,9.38,218.66,0.07,110.33,77.24,27.76
2026-05-29 22:20:00,0,120.54,177.35,0.0,30.93,9.05,247.51,0.05,108.84,76.79,27.91
2026-05-29 22:25:00,0,120.54,177.35,0.0,30.87,9.19,217.82,0.06,101.59,75.48,29.68
2026-05-29 22:30:00,0,120.54,177.35,0.0,31.37,8.38,283.36,0.03,130.91,81.28,28.96
2026-05-29 22:35:00,0,120.54,177.35,0.0,31.17,10.83,313.07,0.04,142.47,85.0,27.83
2026-05-29 22:40:00,0,120.54,177.35,0.0,31.44,11.64,252.56,0.06,120.43,91.78,27.67
2026-05-29 22:45:00,0,120.54,177.35,0.0,31.9,11.81,278.18,0.05,121.59,80.4,28.15
2026-05-29 22:50:00,0,120.54,177.35,0.0,31.35,11.24,237.65,0.06,119.58,79.78,28.35
2026-05-29 22:55:00,0,120.54,177.35,0.0,30.9,12.99,323.31,0.04,149.16,87.51,27.34
2026-05-29 23:00:00,0,120.54,177.35,0.0,31.43,12.06,281.86,0.05,131.28,82.69,27.4
2026-05-29 23:05:00,0,120.54,177.35,0.0,31.48,11.45,233.67,0.06,111.35,78.14,26.8
2026-05-29 23:10:00,0,120.54,177.35,0.0,31.35,14.17,195.77,0.12,93.57,75.94,25.09
2026-05-29 23:15:00,0,120.54,177.35,0.0,30.55,15.24,213.89,0.1,102.42,77.83,28.3
2026-05-29 23:20:00,0,120.54,177.35,0.0,31.09,12.68,278.57,0.05,127.55,82.04,27.24
2026-05-29 23:25:00,0,120.54,177.35,0.0,30.74,13.55,243.24,0.07,114.7,79.58,25.88
2026-05-29 23:30:00,0,120.54,177.35,0.0,31.22,14.31,305.46,0.05,138.86,85.32,26.62
2026-05-29 23:35:00,0,120.54,177.35,0.0,31.21,13.39,253.61,0.07,122.59,81.21,26.83
2026-05-29 23:40:00,0,120.54,177.35,0.0,31.28,15.41,183.05,0.14,81.96,74.58,27.7
2026-05-29 23:45:00,0,120.54,177.35,0.0,31.14,14.27,274.25,0.06,126.7,82.42,27.67
2026-05-29 23:50:00,0,120.54,177.35,0.0,31.39,16.52,224.2,0.1,102.28,78.26,27.16
2026-05-29 23:55:00,0,120.54,177.35,0.0,30.89,15.53,249.0,0.08,122.95,82.06,28.04
2026-05-30 00:00:00,0,531.2,-181.2,-2.27,31.92,13.65,306.01,0.05,146.3,87.0,26.91
2026-05-30 00:05:00,0,531.2,-181.2,-2.27,30.84,15.16,273.1,0.06,121.88,81.65,24.67
2026-05-30 00:10:00,0,531.2,-181.2,-2.27,29.77,16.51,235.43,0.11,118.27,81.44,26.81
2026-05-30 00:15:00,0,531.2,-181.2,-2.27,31.44,15.64,181.23,0.15,81.44,74.6,26.19
2026-05-30 00:20:00,0,531.2,-181.2,-2.27,31.52,15.77,264.45,0.08,119.27,81.34,24.16
2026-05-30 00:25:00,0,531.2,-181.2,-2.27,30.18,17.53,323.96,0.05,158.3,91.64,27.32
2026-05-30 00:30:00,0,531.2,-181.2,-2.27,31.06,15.89,238.64,0.09,114.5,80.4,26.26
2026-05-30 00:35:00,0,531.2,-181.2,-2.27,31.12,17.3,264.65,0.08,128.72,83.98,25.08
2026-05-30 00:40:00,0,531.2,-181.2,-2.27,30.65,17.22,201.29,0.14,96.26,77.51,26.21
2026-05-30 00:45:00,0,531.2,-181.2,-2.27,30.95,17.65,221.68,0.12,103.89,78.99,26.79
2026-05-30 00:50:00,0,531.2,-181.2,-2.27,31.87,17.16,245.8,0.09,122.49,82.55,25.25
2026-05-30 00:55:00,0,531.2,-181.2,-2.27,30.52,17.54,245.12,0.08,120.05,82.13,25.23
2026-05-30 01:00:00,0,531.2,-181.2,-2.27,31.84,17.47,352.23,0.04,165.14,93.6,24.73
2026-05-30 01:05:00,0,531.2,-181.2,-2.27,31.12,17.42,230.1,0.1,110.86,80.22,26.31
2026-05-30 01:10:00,0,531.2,-181.2,-2.27,31.63,16.79,298.67,0.06,139.7,86.42,25.79
2026-05-30 01:15:00,0,531.2,-181.2,-2.27,31.74,18.13,244.75,0.1,110.9,80.47,22.99
2026-05-30 01:20:00,0,531.2,-181.2,-2.27,31.76,17.42,251.03,0.08,109.87,79.98,24.03
2026-05-30 01:25:00,0,531.2,-181.2,-2.27,31.83,17.65,178.69,0.18,83.25,75.63,24.44
2026-05-30 01:30:00,0,531.2,-181.2,-2.27,31.49,17.25,271.98,0.07,129.93,84.23,24.12
2026-05-30 01:35:00,0,531.2,-181.2,-2.27,32.01,18.5,321.27,0.06,153.67,90.71,24.02
2026-05-30 01:40:00,0,531.2,-181.2,-2.27,31.2,18.31,288.17,0.07,125.7,83.63,23.72
2026-05-30 01:45:00,0,531.2,-181.2,-2.27,31.02,18.82,266.58,0.08,121.51,82.89,23.77
2026-05-30 01:50:00,0,531.2,-181.2,-2.27,32.76,17.89,306.03,0.06,139.36,86.72,22.96
2026-05-30 01:55:00,0,531.2,-181.2,-2.27,31.32,16.2,248.52,0.08,113.09,80.2,23.68
2026-05-30 02:00:00,0,531.2,-181.2,-2.27,32.85,17.44,270.63,0.08,116.01,81.24,23.53
2026-05-30 02:05:00,0,531.2,-181.2,-2.27,31.83,18.28,234.42,0.1,111.08,80.56,23.8
2026-05-30 02:10:00,0,531.2,-181.2,-2.27,32.29,18.17,212.89,0.13,102.34,78.91,22.81
2026-05-30 02:15:00,0,531.2,-181.2,-2.27,32.53,17.99,325.94,0.05,146.35,88.53,22.3
2026-05-30 02:20:00,0,531.2,-181.2,-2.27,32.13,15.65,288.9,0.06,142.58,86.75,20.79
2026-05-30 02:25:00,0,531.2,-181.2,-2.27,31.83,18.32,295.38,0.07,143.71,88.0,22.61
2026-05-30 02:30:00,0,531.2,-181.2,-2.27,32.32,16.54,248.97,0.08,111.86,80.07,22.77
2026-05-30 02:35:00,0,531.2,-181.2,-2.27,32.44,17.12,225.3,0.1,109.96,79.93,21.48
2026-05-30 02:40:00,0,531.2,-181.2,-2.27,32.2,16.11,325.41,0.05,140.75,86.43,20.12
2026-05-30 02:45:00,0,531.2,-181.2,-2.27,32.37,16.6,232.01,0.1,112.69,80.3,19.52
2026-05-30 02:50:00,0,531.2,-181.2,-2.27,31.91,17.53,259.3,0.08,111.18,80.28,20.78
2026-05-30 02:55:00,0,531.2,-181.2,-2.27,33.25,16.84,244.0,0.09,113.34,80.5,21.75
2026-05-30 03:00:00,0,531.2,-181.2,-2.27,32.6,16.13,245.07,0.09,117.96,81.21,22.23
2026-05-30 03:05:00,0,531.2,-181.2,-2.27,33.07,15.95,183.3,0.15,83.97,75.09,21.19
2026-05-30 03:10:00,0,531.2,-181.2,-2.27,32.8,15.91,265.91,0.07,130.18,83.82,22.65
2026-05-30 03:15:00,0,531.2,-181.2,-2.27,32.81,15.2,238.74,0.08,108.22,78.88,20.57
2026-05-30 03:20:00,0,531.2,-181.2,-2.27,32.85,15.9,300.6,0.05,141.97,86.67,20.9
2026-05-30 03:25:00,0,531.2,-181.2,-2.27,34.27,16.21,160.01,0.19,74.71,73.94,19.34
2026-05-30 03:30:00,0,531.2,-181.2,-2.27,33.02,14.35,265.53,0.07,125.42,82.18,22.24
2026-05-30 03:35:00,0,531.2,-181.2,-2.27,33.41,14.98,277.22,0.06,126.06,82.53,19.98
2026-05-30 03:40:00,0,531.2,-181.2,-2.27,34.25,14.1,206.97,0.1,95.69,76.24,20.91
2026-05-30 03:45:00,0,531.2,-181.2,-2.27,34.41,14.83,236.16,0.09,111.65,79.45,19.9
2026-05-30 03:50:00,0,531.2,-181.2,-2.27,33.98,14.86,171.01,0.16,81.51,74.36,20.33
2026-05-30 03:55:00,0,531.2,-181.2,-2.27,34.18,13.59,257.13,0.06,121.89,81.11,20.95
2026-05-30 04:00:00,0,531.2,-181.2,-2.27,33.68,12.27,261.65,0.06,127.23,81.85,20.95
2026-05-30 04:05:00,0,531.2,-181.2,-2.27,34.82,12.03,248.21,0.06,110.32,90.3,19.45
2026-05-30 04:10:00,0,531.2,-181.2,-2.27,35.08,12.84,301.95,0.05,140.59,85.25,21.09
2026-05-30 04:15:00,0,531.2,-181.2,-2.27,34.81,13.45,169.13,0.14,73.7,72.74,20.33
2026-05-30 04:20:00,0,531.2,-181.2,-2.27,35.23,11.89,269.07,0.05,124.79,81.14,18.97
2026-05-30 04:25:00,0,531.2,-181.2,-2.27,34.96,12.6,142.61,0.2,70.13,72.1,19.37
2026-05-30 04:30:00,0,531.2,-181.2,-2.27,35.12,12.0,297.28,0.04,142.57,85.44,20.04
2026-05-30 04:35:00,0,531.2,-181.2,-2.27,35.61,11.72,251.63,0.05,118.84,79.78,20.45
2026-05-30 04:40:00,0,531.2,-181.2,-2.27,35.05,11.11,227.37,0.06,112.61,78.29,18.77
2026-05-30 04:45:00,0,531.2,-181.2,-2.27,35.66,11.82,265.42,0.05,119.39,79.93,18.79
2026-05-30 04:50:00,0,531.2,-181.2,-2.27,36.3,9.94,229.18,0.06,112.05,77.77,20.38
2026-05-30 04:55:00,0,531.2,-181.2,-2.27,37.42,9.31,258.57,0.04,118.42,78.83,17.6
2026-05-30 05:00:00,0,531.2,-181.2,-2.27,36.47,10.25,236.57,0.06,113.74,78.22,17.58
2026-05-30 05:05:00,0,531.2,-181.2,-2.27,37.78,9.82,264.44,0.04,126.42,80.77,18.54
2026-05-30 05:10:00,0,531.2,-181.2,-2.27,36.24,8.73,317.37,0.03,148.42,85.81,17.92
2026-05-30 05:15:00,0,531.2,-181.2,-2.27,36.98,8.97,139.01,0.14,62.48,69.8,20.39
2026-05-30 05:20:00,0,531.2,-181.2,-2.27,36.13,7.76,197.19,0.07,97.38,74.26,18.4
2026-05-30 05:25:00,0,531.2,-181.2,-2.27,36.79,8.33,311.38,0.03,143.74,84.44,17.23
2026-05-30 05:30:00,0,531.2,-181.2,-2.27,37.19,8.23,152.96,0.1,79.19,71.59,19.2
2026-05-30 05:35:00,0,531.2,-181.2,-2.27,37.94,6.91,230.12,0.04,106.73,75.62,17.16
2026-05-30 05:40:00,0,531.2,-181.2,-2.27,37.98,7.08,264.58,0.03,121.47,78.69,17.24
2026-05-30 05:45:00,0,531.2,-181.2,-2.27,36.7,7.12,215.44,0.05,102.83,74.98,19.2
2026-05-30 05:50:00,0,531.2,-181.2,-2.27,37.56,6.91,254.51,0.03,114.57,77.16,17.93
2026-05-30 05:55:00,0,531.2,-181.2,-2.27,37.29,6.21,300.66,0.02,137.23,82.03,16.42
2026-05-30 06:00:00,0,531.2,-181.2,-2.27,37.54,6.63,291.65,0.03,140.83,83.1,19.26
2026-05-30 06:05:00,0,531.2,-181.2,-2.27,38.51,6.26,213.28,0.04,102.33,74.56,17.89
2026-05-30 06:10:00,0,531.2,-181.2,-2.27,38.35,6.78,303.45,0.02,136.93,82.16,15.88
2026-05-30 06:15:00,0,531.2,-181.2,-2.27,38.4,6.05,270.55,0.03,126.82,79.52,17.43
2026-05-30 06:20:00,0,531.2,-181.2,-2.27,39.46,5.02,276.49,0.02,137.17,81.6,16.66
2026-05-30 06:25:00,0,531.2,-181.2,-2.27,38.47,6.51,189.73,0.06,86.56,72.01,16.36
2026-05-30 06:30:00,0,531.2,-181.2,-2.27,38.49,4.64,353.97,0.01,171.6,91.02,16.51
2026-05-30 06:35:00,0,531.2,-181.2,-2.27,38.22,5.27,219.93,0.03,110.86,75.84,16.38
2026-05-30 06:40:00,0,531.2,-181.2,-2.27,39.26,5.47,197.03,0.05,92.07,72.52,16.92
2026-05-30 06:45:00,0,531.2,-181.2,-2.27,39.7,4.83,195.2,0.04,96.24,72.98,15.73
2026-05-30 06:50:00,0,531.2,-181.2,-2.27,40.21,5.0,219.62,0.03,100.63,73.8,16.38
2026-05-30 06:55:00,0,531.2,-181.2,-2.27,39.15,4.37,264.96,0.02,128.29,89.96,15.57
2026-05-30 07:00:00,0,531.2,-181.2,-2.27,38.52,5.08,267.42,0.02,123.59,78.44,16.04
2026-05-30 07:05:00,0,531.2,-181.2,-2.27,40.62,5.18,235.67,0.03,113.51,76.35,15.1
2026-05-30 07:10:00,0,531.2,-181.2,-2.27,40.04,4.34,251.23,0.02,116.42,76.63,14.73
2026-05-30 07:15:00,0,531.2,-181.2,-2.27,40.65,3.66,182.33,0.04,81.69,70.24,15.97
2026-05-30 07:20:00,0,531.2,-181.2,-2.27,40.88,3.92,342.4,0.01,163.66,88.37,15.64
2026-05-30 07:25:00,0,531.2,-181.2,-2.27,40.96,4.11,177.63,0.04,81.07,70.31,16.69
2026-05-30 07:30:00,0,531.2,-181.2,-2.27,41.45,4.39,242.91,0.02,114.75,76.31,13.73
2026-05-30 07:35:00,0,531.2,-181.2,-2.27,40.24,2.95,179.77,0.03,84.59,70.41,16.49
2026-05-30 07:40:00,0,531.2,-181.2,-2.27,40.91,2.34,323.46,0.01,150.96,84.23,15.81
2026-05-30 07:45:00,0,531.2,-181.2,-2.27,41.11,2.27,225.74,0.01,101.6,72.98,14.54
2026-05-30 07:50:00,0,531.2,-181.2,-2.27,41.35,2.7,359.0,0.01,169.32,89.65,15.4
2026-05-30 07:55:00,0,531.2,-181.2,-2.27,41.34,3.59,229.38,0.02,111.74,75.41,15.3
2026-05-30 08:00:00,0,531.2,-181.2,-2.27,40.82,2.97,246.36,0.01,110.4,74.9,14.14
2026-05-30 08:05:00,0,531.2,-181.2,-2.27,41.79,4.2,256.05,0.02,127.1,78.93,14.01
2026-05-30 08:10:00,0,531.2,-181.2,-2.27,41.39,2.91,307.01,0.01,151.1,84.46,13.4
2026-05-30 08:15:00,0,531.2,-181.2,-2.27,41.5,2.73,316.67,0.01,150.53,84.24,13.31
2026-05-30 08:20:00,0,531.2,-181.2,-2.27,41.73,4.17,310.79,0.01,152.46,85.28,13.96
2026-05-30 08:25:00,0,531.2,-181.2,-2.27,42.14,3.41,289.99,0.01,137.62,81.14,14.16
2026-05-30 08:30:00,0,531.2,-181.2,-2.27,42.28,3.81,316.07,0.01,145.29,83.23,13.98
2026-05-30 08:35:00,0,531.2,-181.2,-2.27,42.57,3.59,196.2,0.03,88.86,71.3,12.06
2026-05-30 08:40:00,0,531.2,-181.2,-2.27,42.83,3.63,243.37,0.02,109.7,75.02,13.18
2026-05-30 08:45:00,0,531.2,-181.2,-2.27,41.83,4.23,255.31,0.02,120.52,77.47,13.49
2026-05-30 08:50:00,0,531.2,-181.2,-2.27,42.94,5.4,273.06,0.02,126.46,79.2,12.98
2026-05-30 08:55:00,0,531.2,-181.2,-2.27,43.66,3.47,211.65,0.02,110.29,75.08,13.22
2026-05-30 09:00:00,0,531.2,-181.2,-2.27,42.72,3.56,283.74,0.01,129.3,79.19,11.61
2026-05-30 09:05:00,0,531.2,-181.2,-2.27,43.01,4.14,236.8,0.02,113.32,75.93,12.12
2026-05-30 09:10:00,0,531.2,-181.2,-2.27,44.15,4.12,364.13,0.01,166.52,89.3,12.73
2026-05-30 09:15:00,0,531.2,-181.2,-2.27,43.27,4.01,244.17,0.02,112.27,75.67,12.09
2026-05-30 09:20:00,0,531.2,-181.2,-2.27,43.17,5.25,200.71,0.04,88.66,71.87,13.48
2026-05-30 09:25:00,0,531.2,-181.2,-2.27,43.44,3.12,258.43,0.01,119.95,76.94,11.93
2026-05-30 09:30:00,0,531.2,-181.2,-2.27,44.05,4.32,268.4,0.02,130.22,79.7,11.94
2026-05-30 09:35:00,0,531.2,-181.2,-2.27,44.01,5.09,283.75,0.02,142.13,82.88,11.9
2026-05-30 09:40:00,0,531.2,-181.2,-2.27,43.89,5.27,209.87,0.04,98.25,73.49,12.22
2026-05-30 09:45:00,0,531.2,-181.2,-2.27,43.56,4.72,226.57,0.03,102.33,74.02,11.04
2026-05-30 09:50:00,0,531.2,-181.2,-2.27,44.14,4.48,243.82,0.02,118.34,77.1,13.01
2026-05-30 09:55:00,0,531.2,-181.2,-2.27,44.46,5.82,239.36,0.03,110.32,88.65,11.87
2026-05-30 10:00:00,0,531.2,-181.2,-2.27,44.1,5.73,300.15,0.02,139.08,82.34,12.91
2026-05-30 10:05:00,0,531.2,-181.2,-2.27,44.58,5.28,321.43,0.02,151.3,85.37,10.63
2026-05-30 10:10:00,0,531.2,-181.2,-2.27,44.26,5.37,270.45,0.02,126.58,79.22,10.69
2026-05-30 10:15:00,0,531.2,-181.2,-2.27,43.83,6.01,281.15,0.02,133.95,81.17,10.59
2026-05-30 10:20:00,0,531.2,-181.2,-2.27,44.54,6.44,264.35,0.03,119.71,78.09,10.94
2026-05-30 10:25:00,0,531.2,-181.2,-2.27,44.25,6.1,230.07,0.04,115.29,77.06,11.14
2026-05-30 10:30:00,0,531.2,-181.2,-2.27,44.7,5.88,238.18,0.03,110.93,76.08,10.37
2026-05-30 10:35:00,0,531.2,-181.2,-2.27,44.2,6.33,210.51,0.05,105.1,75.14,10.15
2026-05-30 10:40:00,0,531.2,-181.2,-2.27,44.36,6.34,281.41,0.02,138.52,82.41,9.93
2026-05-30 10:45:00,0,531.2,-181.2,-2.27,44.79,5.73,356.86,0.02,179.72,94.0,10.67
2026-05-30 10:50:00,0,531.2,-181.2,-2.27,44.71,6.8,359.61,0.02,165.97,90.09,10.97
2026-05-30 10:55:00,0,531.2,-181.2,-2.27,44.89,6.8,242.44,0.04,105.82,75.42,8.06
2026-05-30 11:00:00,0,531.2,-181.2,-2.27,44.05,7.03,228.84,0.05,103.86,75.15,8.28
2026-05-30 11:05:00,0,531.2,-181.2,-2.27,44.37,7.08,186.61,0.07,95.32,73.68,11.36
2026-05-30 11:10:00,0,531.2,-181.2,-2.27,43.9,7.44,296.47,0.03,145.37,84.57,10.07
2026-05-30 11:15:00,0,531.2,-181.2,-2.27,44.72,6.83,330.54,0.02,146.41,84.61,9.6
2026-05-30 11:20:00,0,531.2,-181.2,-2.27,43.95,7.4,221.26,0.05,100.74,74.71,10.89
2026-05-30 11:25:00,0,531.2,-181.2,-2.27,44.65,8.44,248.35,0.04,116.78,78.19,8.52
2026-05-30 11:30:00,0,531.2,-181.2,-2.27,45.46,7.33,219.2,0.05,103.48,75.19,9.92
2026-05-30 11:35:00,0,531.2,-181.2,-2.27,44.64,7.16,225.09,0.04,103.9,75.19,8.81
2026-05-30 11:40:00,0,531.2,-181.2,-2.27,44.34,7.4,207.47,0.06,96.75,74.02,9.07
2026-05-30 11:45:00,0,531.2,-181.2,-2.27,45.66,7.56,276.04,0.04,133.29,81.6,6.82
2026-05-30 11:50:00,0,531.2,-181.2,-2.27,45.21,7.12,303.99,0.03,147.16,84.93,7.91
2026-05-30 11:55:00,0,531.2,-181.2,-2.27,45.52,7.15,233.32,0.04,111.76,76.71,9.12
2026-05-30 12:00:00,0,531.2,-181.2,-2.27,45.28,7.78,261.7,0.04,124.11,79.55,7.54
2026-05-30 12:05:00,0,531.2,-181.2,-2.27,44.91,7.81,241.33,0.05,112.24,77.06,8.19
2026-05-30 12:10:00,0,531.2,-181.2,-2.27,45.02,8.55,225.74,0.05,108.88,76.65,7.73
2026-05-30 12:15:00,0,531.2,-181.2,-2.27,44.77,8.03,310.57,0.03,145.55,84.82,7.83
2026-05-30 12:20:00,0,531.2,-181.2,-2.27,45.04,8.43,250.18,0.04,116.55,78.14,7.46
2026-05-30 12:25:00,0,531.2,-181.2,-2.27,45.2,7.74,269.29,0.03,130.93,81.08,7.67
2026-05-30 12:30:00,0,531.2,-181.2,-2.27,45.02,8.49,213.68,0.06,105.74,76.04,8.17
2026-05-30 12:35:00,0,531.2,-181.2,-2.27,44.99,7.99,214.54,0.05,95.08,73.92,6.91
2026-05-30 12:40:00,0,531.2,-181.2,-2.27,44.99,8.74,295.92,0.03,142.75,84.34,8.61
2026-05-30 12:45:00,0,531.2,-181.2,-2.27,43.91,8.06,260.56,0.04,124.42,79.72,6.0
2026-05-30 12:50:00,0,531.2,-181.2,-2.27,44.98,7.83,235.76,0.05,114.68,77.56,8.52
2026-05-30 12:55:00,0,531.2,-181.2,-2.27,44.23,8.29,268.2,0.04,126.64,80.3,7.85
2026-05-30 13:00:00,0,531.2,-181.2,-2.27,44.95,8.0,293.73,0.03,126.44,80.13,8.65
2026-05-30 13:05:00,0,531.2,-181.2,-2.27,44.46,8.09,168.74,0.09,77.98,71.37,6.45
2026-05-30 13:10:00,0,531.2,-181.2,-2.27,44.75,8.54,282.59,0.03,127.45,80.55,9.95
2026-05-30 13:15:00,0,531.2,-181.2,-2.27,44.77,8.54,251.09,0.04,116.39,78.14,5.37
2026-05-30 13:20:00,0,531.2,-181.2,-2.27,44.59,8.34,266.72,0.04,118.8,78.59,6.28
2026-05-30 13:25:00,0,531.2,-181.2,-2.27,45.13,8.23,281.1,0.04,140.86,83.7,6.15
2026-05-30 13:30:00,0,531.2,-181.2,-2.27,45.03,8.18,357.98,0.02,178.9,94.59,7.62
2026-05-30 13:35:00,0,531.2,-181.2,-2.27,44.58,7.72,269.75,0.04,129.41,80.74,6.3
2026-05-30 13:40:00,0,531.2,-181.2,-2.27,43.83,7.36,218.04,0.05,113.4,77.13,6.21
2026-05-30 13:45:00,0,531.2,-181.2,-2.27,44.14,8.15,344.95,0.02,157.52,88.11,7.78
2026-05-30 13:50:00,0,531.2,-181.2,-2.27,44.09,7.42,268.05,0.03,119.88,78.47,4.91
2026-05-30 13:55:00,0,531.2,-181.2,-2.27,43.16,6.92,188.75,0.06,85.85,72.06,7.21
2026-05-30 14:00:00,0,531.2,-181.2,-2.27,43.37,7.41,255.01,0.04,117.56,77.99,5.3
2026-05-30 14:05:00,0,531.2,-181.2,-2.27,43.63,7.72,213.82,0.05,101.49,74.95,4.8
2026-05-30 14:10:00,0,531.2,-181.2,-2.27,43.32,6.8,220.86,0.05,103.15,74.94,6.16
2026-05-30 14:15:00,0,531.2,-181.2,-2.27,43.28,6.81,255.53,0.03,113.8,76.98,4.89
2026-05-30 14:20:00,0,531.2,-181.2,-2.27,44.14,6.99,289.34,0.02,134.89,81.75,4.78
2026-05-30 14:25:00,0,531.2,-181.2,-2.27,43.29,6.64,249.59,0.03,122.81,78.84,5.0
2026-05-30 14:30:00,0,531.2,-181.2,-2.27,42.66,6.91,299.34,0.02,154.0,86.68,2.94
2026-05-30 14:35:00,0,531.2,-181.2,-2.27,43.93,7.04,314.69,0.02,153.5,86.59,5.03
2026-05-30 14:40:00,0,531.2,-181.2,-2.27,43.53,6.47,296.35,0.02,139.07,82.59,3.73
2026-05-30 14:45:00,0,531.2,-181.2,-2.27,42.82,5.83,218.54,0.04,98.14,73.67,2.83
2026-05-30 14:50:00,0,531.2,-181.2,-2.27,43.91,6.08,270.03,0.03,133.3,81.06,3.89
2026-05-30 14:55:00,0,531.2,-181.2,-2.27,42.86,6.12,227.89,0.04,101.6,74.39,2.99
2026-05-30 15:00:00,0,531.2,-181.2,-2.27,42.87,5.45,226.96,0.04,110.16,75.79,5.5
2026-05-30 15:05:00,0,531.2,-181.2,-2.27,42.84,5.43,206.51,0.04,92.39,72.54,2.75
2026-05-30 15:10:00,0,531.2,-181.2,-2.27,42.77,5.67,199.12,0.05,93.69,72.87,3.9
2026-05-30 15:15:00,0,531.2,-181.2,-2.27,41.97,5.16,228.72,0.03,104.75,74.62,4.53
2026-05-30 15:20:00,0,531.2,-181.2,-2.27,42.43,5.11,291.33,0.02,145.93,83.87,2.59
2026-05-30 15:25:00,0,531.2,-181.2,-2.27,42.77,4.61,266.12,0.02,112.68,75.96,3.39
2026-05-30 15:30:00,0,531.2,-181.2,-2.27,42.75,4.74,310.05,0.02,144.69,83.42,3.78
2026-05-30 15:35:00,0,531.2,-181.2,-2.27,41.92,4.22,209.67,0.03,97.51,72.97,4.4
2026-05-30 15:40:00,0,531.2,-181.2,-2.27,42.23,4.22,296.34,0.02,144.3,83.14,3.57
2026-05-30 15:45:00,0,531.2,-181.2,-2.27,41.29,3.82,261.59,0.02,124.32,78.16,2.33
2026-05-30 15:50:00,0,531.2,-181.2,-2.27,42.63,3.6,293.37,0.01,146.62,83.51,3.69
2026-05-30 15:55:00,0,531.2,-181.2,-2.27,41.3,3.27,233.47,0.02,107.22,74.41,2.5
2026-05-30 16:00:00,0,531.2,-181.2,-2.27,40.47,3.01,269.15,0.01,130.28,79.22,3.82
2026-05-30 16:05:00,0,531.2,-181.2,-2.27,41.2,2.43,276.94,0.01,134.84,80.11,1.75
2026-05-30 16:10:00,0,531.2,-181.2,-2.27,40.83,2.55,258.91,0.01,115.6,75.82,3.4
2026-05-30 16:15:00,0,531.2,-181.2,-2.27,41.87,2.36,239.06,0.01,108.22,74.26,3.4
2026-05-30 16:20:00,0,531.2,-181.2,-2.27,40.49,2.09,219.98,0.01,106.5,73.84,2.92
2026-05-30 16:25:00,0,531.2,-181.2,-2.27,39.8,2.02,245.37,0.01,120.14,76.59,1.85
2026-05-30 16:30:00,0,531.2,-181.2,-2.27,40.78,1.82,248.76,0.01,114.32,75.29,0.97
2026-05-30 16:35:00,0,531.2,-181.2,-2.27,40.04,1.73,265.72,0.01,121.99,86.93,1.16
2026-05-30 16:40:00,0,531.2,-181.2,-2.27,40.5,1.59,174.3,0.02,84.69,69.93,2.82
2026-05-30 16:45:00,0,531.2,-181.2,-2.27,40.29,1.65,331.26,0.01,160.06,86.53,2.85
2026-05-30 16:50:00,0,531.2,-181.2,-2.27,39.98,1.43,246.46,0.01,119.82,76.32,2.19
2026-05-30 16:55:00,0,531.2,-181.2,-2.27,40.14,1.31,202.06,0.01,97.82,71.97,1.77
2026-05-30 17:00:00,0,531.2,-181.2,-2.27,39.45,1.12,261.28,0.01,121.68,76.61,1.91
2026-05-30 17:05:00,0,531.2,-181.2,-2.27,39.37,0.9,185.6,0.01,85.49,69.79,0.0
2026-05-30 17:10:00,0,531.2,-181.2,-2.27,38.7,0.79,200.77,0.01,89.33,70.35,2.84
2026-05-30 17:15:00,0,531.2,-181.2,-2.27,38.85,0.66,245.31,0.0,117.3,75.49,1.01
2026-05-30 17:20:00,0,531.2,-181.2,-2.27,38.86,0.58,248.28,0.0,118.67,75.75,0.04
2026-05-30 17:25:00,0,531.2,-181.2,-2.27,38.81,0.52,216.57,0.0,106.81,73.32,0.35
2026-05-30 17:30:00,0,531.2,-181.2,-2.27,38.5,0.47,358.89,0.0,164.73,87.46,1.98
2026-05-30 17:35:00,0,531.2,-181.2,-2.27,38.74,0.42,246.56,0.0,118.03,75.56,0.0
2026-05-30 17:40:00,0,531.2,-181.2,-2.27,38.87,0.3,281.22,0.0,138.49,80.24,0.94
2026-05-30 17:45:00,0,531.2,-181.2,-2.27,38.52,0.24,262.17,0.0,127.75,77.64,0.5
2026-05-30 17:50:00,0,531.2,-181.2,-2.27,38.7,0.16,184.02,0.0,84.84,69.41,0.0
2026-05-30 17:55:00,0,531.2,-181.2,-2.27,37.65,0.13,321.95,0.0,157.3,85.19,2.26
2026-05-30 18:00:00,0,531.2,-181.2,-2.27,38.56,0.07,214.5,0.0,101.95,72.25,0.0
2026-05-30 18:05:00,0,531.2,-181.2,-2.27,38.58,0.02,227.13,0.0,105.69,72.93,1.2
2026-05-30 18:10:00,0,531.2,-181.2,-2.27,37.32,0.0,253.98,0.0,122.66,76.41,0.14
2026-05-30 18:15:00,0,531.2,-181.2,-2.27,36.94,0.0,240.22,0.0,115.35,74.84,0.0
2026-05-30 18:20:00,0,531.2,-181.2,-2.27,37.77,0.0,237.41,0.0,111.1,73.98,0.39
2026-05-30 18:25:00,0,531.2,-181.2,-2.27,36.37,0.0,215.29,0.0,104.81,72.75,0.97
2026-05-30 18:30:00,0,531.2,-181.2,-2.27,36.69,0.0,222.64,0.0,106.63,73.1,0.35
2026-05-30 18:35:00,0,531.2,-181.2,-2.27,36.81,0.0,227.19,0.0,104.69,72.73,0.0
2026-05-30 18:40:00,0,531.2,-181.2,-2.27,36.79,0.0,190.38,0.0,91.42,70.39,0.18
2026-05-30 18:45:00,0,531.2,-181.2,-2.27,36.85,0.0,210.4,0.0,96.73,71.29,0.27
2026-05-30 18:50:00,0,531.2,-181.2,-2.27,36.79,0.0,290.32,0.0,141.57,80.91,0.0
2026-05-30 18:55:00,0,531.2,-181.2,-2.27,36.91,0.0,221.24,0.0,109.13,73.59,0.4
2026-05-30 19:00:00,0,531.2,-181.2,-2.27,35.97,0.0,249.32,0.0,121.42,76.13,0.98
2026-05-30 19:05:00,0,531.2,-181.2,-2.27,35.6,0.0,242.1,0.0,119.76,75.77,0.0
2026-05-30 19:10:00,0,531.2,-181.2,-2.27,36.21,0.0,164.48,0.0,74.43,67.85,0.57
2026-05-30 19:15:00,0,531.2,-181.2,-2.27,34.82,0.0,216.35,0.0,101.68,72.17,0.78
2026-05-30 19:20:00,0,531.2,-181.2,-2.27,34.79,0.0,272.77,0.0,125.97,77.15,0.0
2026-05-30 19:25:00,0,531.2,-181.2,-2.27,34.87,0.0,206.41,0.0,97.12,71.35,0.0
2026-05-30 19:30:00,0,531.2,-181.2,-2.27,34.94,0.0,280.04,0.0,134.0,79.02,0.0
2026-05-30 19:35:00,0,531.2,-181.2,-2.27,35.53,0.0,321.59,0.0,146.58,82.2,0.0
2026-05-30 19:40:00,0,531.2,-181.2,-2.27,35.13,0.0,242.56,0.0,113.37,74.43,0.0
2026-05-30 19:45:00,0,531.2,-181.2,-2.27,34.43,0.0,243.58,0.0,116.33,75.04,0.27
2026-05-30 19:50:00,0,531.2,-181.2,-2.27,35.07,0.0,207.88,0.0,93.98,70.81,0.0
2026-05-30 19:55:00,0,531.2,-181.2,-2.27,34.35,0.0,282.69,0.0,131.43,78.41,0.0
2026-05-30 20:00:00,0,531.2,-181.2,-2.27,35.36,0.0,251.68,0.0,117.49,75.29,0.0
2026-05-30 20:05:00,0,531.2,-181.2,-2.27,34.87,0.0,251.79,0.0,129.16,77.88,0.0
2026-05-30 20:10:00,0,531.2,-181.2,-2.27,35.34,0.0,214.51,0.0,93.15,70.67,0.83
2026-05-30 20:15:00,0,531.2,-181.2,-2.27,34.13,0.0,292.42,0.0,146.81,82.26,0.0
2026-05-30 20:20:00,0,531.2,-181.2,-2.27,33.28,0.0,281.17,0.0,134.44,79.13,0.0
2026-05-30 20:25:00,0,531.2,-181.2,-2.27,33.87,0.0,215.05,0.0,94.82,70.95,0.0
2026-05-30 20:30:00,0,531.2,-181.2,-2.27,33.21,0.0,327.83,0.0,153.62,84.1,0.0
2026-05-30 20:35:00,0,531.2,-181.2,-2.27,33.46,0.0,336.82,0.0,155.41,84.6,0.0
2026-05-30 20:40:00,0,531.2,-181.2,-2.27,34.02,0.0,178.77,0.0,81.96,68.91,0.03
2026-05-30 20:45:00,0,531.2,-181.2,-2.27,33.36,0.0,250.78,0.0,124.9,76.9,0.0
2026-05-30 20:50:00,0,531.2,-181.2,-2.27,33.39,0.0,284.3,0.0,140.37,80.6,0.74
2026-05-30 20:55:00,0,531.2,-181.2,-2.27,32.82,0.0,319.46,0.0,148.3,82.65,0.0
2026-05-30 21:00:00,0,531.2,-181.2,-2.27,33.24,0.0,226.38,0.0,108.47,73.45,0.0
2026-05-30 21:05:00,0,531.2,-181.2,-2.27,32.49,0.0,269.1,0.0,128.05,77.62,0.17
2026-05-30 21:10:00,0,531.2,-181.2,-2.27,33.59,0.0,165.51,0.0,74.76,67.89,0.0
2026-05-30 21:15:00,0,531.2,-181.2,-2.27,33.1,0.0,314.89,0.0,144.59,81.68,0.66
2026-05-30 21:20:00,0,531.2,-181.2,-2.27,33.42,0.0,172.5,0.0,76.89,68.18,0.25
2026-05-30 21:25:00,0,531.2,-181.2,-2.27,32.84,0.0,252.78,0.0,124.1,76.72,0.0
2026-05-30 21:30:00,0,531.2,-181.2,-2.27,32.51,0.0,244.31,0.0,115.09,74.78,0.6
2026-05-30 21:35:00,0,531.2,-181.2,-2.27,32.68,0.0,320.13,0.0,149.68,83.02,0.0
2026-05-30 21:40:00,0,531.2,-181.2,-2.27,31.69,0.0,258.44,0.0,116.0,74.97,0.0
2026-05-30 21:45:00,0,531.2,-181.2,-2.27,32.41,0.0,304.89,0.0,145.37,81.88,0.31
2026-05-30 21:50:00,0,531.2,-181.2,-2.27,31.66,0.0,172.42,0.0,79.96,68.61,0.0
2026-05-30 21:55:00,0,531.2,-181.2,-2.27,32.19,0.0,221.46,0.0,101.24,72.08,0.0
2026-05-30 22:00:00,0,531.2,-181.2,-2.27,31.37,0.0,210.01,0.0,96.37,71.22,0.0
2026-05-30 22:05:00,0,531.2,-181.2,-2.27,32.04,0.0,200.7,0.0,97.08,71.34,0.85
2026-05-30 22:10:00,0,531.2,-181.2,-2.27,32.19,0.0,104.17,0.0,47.65,64.9,1.05
2026-05-30 22:15:00,0,531.2,-181.2,-2.27,32.43,0.0,327.08,0.0,152.14,83.69,0.0
2026-05-30 22:20:00,0,531.2,-181.2,-2.27,31.8,0.0,133.03,0.0,66.39,66.83,0.0
2026-05-30 22:25:00,0,531.2,-181.2,-2.27,31.34,0.0,288.64,0.0,133.93,79.0,1.89
2026-05-30 22:30:00,0,531.2,-181.2,-2.27,31.13,0.0,280.15,0.0,132.86,78.74,0.0
2026-05-30 22:35:00,0,531.2,-181.2,-2.27,31.22,0.0,341.35,0.0,158.15,85.37,0.12
2026-05-30 22:40:00,0,531.2,-181.2,-2.27,31.03,0.0,334.38,0.0,149.82,83.06,0.06
2026-05-30 22:45:00,0,531.2,-181.2,-2.27,30.67,0.0,238.27,0.0,109.28,73.61,0.0
2026-05-30 22:50:00,0,531.2,-181.2,-2.27,30.73,0.0,200.36,0.0,90.47,70.22,0.02
2026-05-30 22:55:00,0,531.2,-181.2,-2.27,32.34,0.0,189.91,0.0,92.1,70.49,0.94
2026-05-30 23:00:00,0,531.2,-181.2,-2.27,31.34,0.0,330.59,0.0,143.17,81.31,0.0
2026-05-30 23:05:00,0,531.2,-181.2,-2.27,30.68,0.0,208.62,0.0,99.88,71.84,0.0
2026-05-30 23:10:00,0,531.2,-181.2,-2.27,30.82,0.0,300.56,0.0,140.95,80.74,0.0
2026-05-30 23:15:00,0,531.2,-181.2,-2.27,30.96,0.0,297.12,0.0,143.36,81.35,0.99
2026-05-30 23:20:00,0,531.2,-181.2,-2.27,30.58,0.0,173.31,0.0,83.33,69.11,0.0
2026-05-30 23:25:00,0,531.2,-181.2,-2.27,31.43,0.0,207.79,0.0,89.92,70.14,0.0
2026-05-30 23:30:00,0,531.2,-181.2,-2.27,31.51,0.0,278.63,0.0,129.27,77.9,0.0
2026-05-30 23:35:00,0,531.2,-181.2,-2.27,29.55,0.0,273.97,0.0,128.48,77.71,1.63
2026-05-30 23:40:00,0,531.2,-181.2,-2.27,30.8,0.0,207.36,0.0,109.72,73.69,0.0
2026-05-30 23:45:00,0,531.2,-181.2,-2.27,30.62,0.0,234.7,0.0,118.51,75.5,0.94
2026-05-30 23:50:00,0,531.2,-181.2,-2.27,30.8,0.0,289.53,0.0,142.46,81.12,0.99
2026-05-30 23:55:00,0,531.2,-181.2,-2.27,31.72,0.0,281.87,0.0,128.16,77.64,0.0
2026-05-31 00:00:00,0,-188.91,354.89,0.0,31.76,0.0,198.4,0.0,91.1,70.33,0.0
2026-05-31 00:05:00,0,-188.91,354.89,0.0,30.7,0.0,243.47,0.0,113.73,74.5,1.36
2026-05-31 00:10:00,0,-188.91,354.89,0.0,30.65,0.0,257.49,0.0,121.62,76.17,0.0
2026-05-31 00:15:00,0,-188.91,354.89,0.0,31.51,0.0,303.14,0.0,144.14,81.56,0.46
2026-05-31 00:20:00,0,-188.91,354.89,0.0,30.95,0.0,218.46,0.0,95.36,71.04,0.47
2026-05-31 00:25:00,0,-188.91,354.89,0.0,31.11,0.0,325.88,0.0,161.59,86.36,0.34
2026-05-31 00:30:00,0,-188.91,354.89,0.0,31.63,0.0,291.29,0.0,141.11,80.78,0.25
2026-05-31 00:35:00,0,-188.91,354.89,0.0,30.6,0.0,203.54,0.0,93.97,70.8,0.0
2026-05-31 00:40:00,0,-188.91,354.89,0.0,31.13,0.0,311.13,0.0,141.85,80.97,0.72
2026-05-31 00:45:00,0,-188.91,354.89,0.0,31.53,0.0,272.51,0.0,124.47,76.8,0.57
2026-05-31 00:50:00,0,-188.91,354.89,0.0,30.76,0.0,277.32,0.0,132.85,78.74,0.0
2026-05-31 00:55:00,0,-188.91,354.89,0.0,31.2,0.0,243.17,0.0,114.67,74.69,0.0
2026-05-31 01:00:00,0,-188.91,354.89,0.0,30.9,0.0,256.26,0.0,119.38,75.68,2.45
2026-05-31 01:05:00,0,-188.91,354.89,0.0,31.48,0.0,200.07,0.0,98.36,71.57,0.11
2026-05-31 01:10:00,0,-188.91,354.89,0.0,30.66,0.0,195.11,0.0,86.07,69.52,2.59
2026-05-31 01:15:00,0,-188.91,354.89,0.0,30.98,0.0,358.97,0.0,162.53,86.63,0.0
2026-05-31 01:20:00,0,-188.91,354.89,0.0,31.48,0.0,329.49,0.0,164.77,87.29,0.11
2026-05-31 01:25:00,0,-188.91,354.89,0.0,32.65,0.0,256.2,0.0,119.06,75.62,0.02
2026-05-31 01:30:00,0,-188.91,354.89,0.0,31.33,0.0,154.64,0.0,75.75,68.02,1.14
2026-05-31 01:35:00,0,-188.91,354.89,0.0,32.39,0.0,192.88,0.0,91.53,70.4,0.0
2026-05-31 01:40:00,0,-188.91,354.89,0.0,32.31,0.0,278.77,0.0,130.42,88.15,0.54
2026-05-31 01:45:00,0,-188.91,354.89,0.0,32.58,0.0,207.34,0.0,97.03,71.33,0.0
2026-05-31 01:50:00,0,-188.91,354.89,0.0,31.57,0.0,337.41,0.0,158.84,85.57,0.0
2026-05-31 01:55:00,0,-188.91,354.89,0.0,32.23,0.0,211.98,0.0,98.08,71.52,0.0
2026-05-31 02:00:00,0,-188.91,354.89,0.0,31.29,0.0,226.15,0.0,107.0,73.16,0.0
2026-05-31 02:05:00,0,-188.91,354.89,0.0,31.1,0.0,249.32,0.0,114.94,74.75,0.0
2026-05-31 02:10:00,0,-188.91,354.89,0.0,31.83,0.0,294.61,0.0,140.89,80.72,1.33
2026-05-31 02:15:00,0,-188.91,354.89,0.0,32.09,0.0,296.36,0.0,141.18,94.33,0.09
2026-05-31 02:20:00,0,-188.91,354.89,0.0,32.76,0.0,257.37,0.0,119.21,75.65,0.0
2026-05-31 02:25:00,0,-188.91,354.89,0.0,32.36,0.0,269.44,0.0,126.6,77.28,97.93
2026-05-31 02:30:00,0,-188.91,354.89,0.0,33.24,100.48,237.66,0.6,120.91,112.39,97.47
2026-05-31 02:35:00,0,-188.91,354.89,0.0,32.59,98.68,238.18,0.57,109.56,109.34,96.78
2026-05-31 02:40:00,0,-188.91,354.89,0.0,31.64,105.75,157.04,1.35,72.18,107.26,95.83
2026-05-31 02:45:00,0,-188.91,354.89,0.0,32.67,98.77,295.55,0.37,135.43,114.68,97.78
2026-05-31 02:50:00,0,-188.91,354.89,0.0,33.07,94.67,259.15,0.46,121.53,110.21,94.92
2026-05-31 02:55:00,0,-188.91,354.89,0.0,32.97,102.18,239.16,0.54,113.71,111.34,96.25
2026-05-31 03:00:00,0,-188.91,354.89,0.0,33.06,97.43,195.07,0.88,98.54,123.88,96.0
2026-05-31 03:05:00,0,-188.91,354.89,0.0,33.52,95.15,225.3,0.64,101.03,106.63,96.06
2026-05-31 03:10:00,0,-188.91,354.89,0.0,33.87,87.23,294.61,0.35,132.42,109.87,96.11
2026-05-31 03:15:00,0,-188.91,354.89,0.0,33.54,105.12,256.11,0.53,126.07,115.02,94.7
2026-05-31 03:20:00,0,-188.91,354.89,0.0,33.86,92.32,307.23,0.31,147.36,115.34,93.9
2026-05-31 03:25:00,0,-188.91,354.89,0.0,33.63,88.76,267.37,0.38,129.15,109.7,95.53
2026-05-31 03:30:00,0,-188.91,354.89,0.0,33.92,98.1,311.01,0.32,145.98,117.02,95.11
2026-05-31 03:35:00,0,-188.91,354.89,0.0,34.38,91.34,309.26,0.27,139.46,112.88,93.85
2026-05-31 03:40:00,0,-188.91,354.89,0.0,33.58,97.98,284.75,0.39,126.13,112.25,96.99
2026-05-31 03:45:00,0,-188.91,354.89,0.0,33.98,83.51,291.54,0.32,128.19,107.52,94.52
2026-05-31 03:50:00,0,-188.91,354.89,0.0,34.7,91.01,289.52,0.35,129.89,110.6,94.09
2026-05-31 03:55:00,0,-188.91,354.89,0.0,34.23,87.82,314.63,0.28,155.74,115.99,93.95
2026-05-31 04:00:00,0,-188.91,354.89,0.0,33.88,89.99,263.76,0.38,124.44,109.06,93.86
2026-05-31 04:05:00,0,-188.91,354.89,0.0,34.82,87.42,387.75,0.18,190.92,126.63,95.26
2026-05-31 04:10:00,0,-188.91,354.89,0.0,35.78,78.77,190.17,0.64,91.2,99.2,92.86
2026-05-31 04:15:00,0,-188.91,354.89,0.0,34.58,80.94,315.93,0.25,150.8,112.16,92.46
2026-05-31 04:20:00,0,-188.91,354.89,0.0,34.67,77.87,275.61,0.34,131.21,106.29,92.93
2026-05-31 04:25:00,0,-188.91,354.89,0.0,34.95,79.36,242.79,0.41,117.22,103.83,93.93
2026-05-31 04:30:00,0,-188.91,354.89,0.0,35.23,80.22,293.81,0.32,135.45,108.09,95.53
2026-05-31 04:35:00,0,-188.91,354.89,0.0,35.74,80.43,259.53,0.41,127.85,106.55,91.81
2026-05-31 04:40:00,0,-188.91,354.89,0.0,35.4,81.51,271.85,0.33,126.63,106.48,93.5
2026-05-31 04:45:00,0,-188.91,354.89,0.0,36.21,71.15,193.08,0.62,90.25,96.34,92.71
2026-05-31 04:50:00,0,-188.91,354.89,0.0,36.23,79.07,271.86,0.33,137.91,108.32,91.3
2026-05-31 04:55:00,0,-188.91,354.89,0.0,35.45,60.02,265.09,0.27,133.08,100.35,91.87
2026-05-31 05:00:00,0,-188.91,354.89,0.0,36.53,69.94,236.22,0.41,102.7,97.66,92.29
2026-05-31 05:05:00,0,-188.91,354.89,0.0,36.62,73.68,305.18,0.26,148.76,109.09,90.67
2026-05-31 05:10:00,0,-188.91,354.89,0.0,36.1,72.75,273.66,0.29,133.57,104.97,91.38
2026-05-31 05:15:00,0,-188.91,354.89,0.0,37.78,69.57,302.65,0.24,138.35,104.93,90.42
2026-05-31 05:20:00,0,-188.91,354.89,0.0,37.3,60.09,269.29,0.25,132.7,100.25,92.0
2026-05-31 05:25:00,0,-188.91,354.89,0.0,37.06,57.32,316.24,0.19,164.19,107.57,91.55
2026-05-31 05:30:00,0,-188.91,354.89,0.0,38.09,68.27,306.34,0.24,147.06,106.71,88.64
2026-05-31 05:35:00,0,-188.91,354.89,0.0,37.18,59.18,227.6,0.39,109.73,95.2,90.98
2026-05-31 05:40:00,0,-188.91,354.89,0.0,37.61,57.27,242.5,0.33,113.86,95.24,92.69
2026-05-31 05:45:00,0,-188.91,354.89,0.0,37.45,52.63,336.98,0.13,157.54,103.89,90.72
2026-05-31 05:50:00,0,-188.91,354.89,0.0,37.54,52.29,236.69,0.29,109.71,92.58,90.38
2026-05-31 05:55:00,0,-188.91,354.89,0.0,37.99,53.55,228.18,0.34,105.3,92.27,90.11
2026-05-31 06:00:00,0,-188.91,354.89,0.0,38.26,50.7,200.08,0.42,97.1,89.94,89.5
2026-05-31 06:05:00,0,-188.91,354.89,0.0,38.06,46.02,353.73,0.11,167.74,104.52,90.35
2026-05-31 06:10:00,0,-188.91,354.89,0.0,37.72,49.32,312.24,0.16,149.85,100.66,88.66
2026-05-31 06:15:00,0,-188.91,354.89,0.0,38.72,51.49,238.91,0.28,113.11,92.97,90.09
2026-05-31 06:20:00,0,-188.91,354.89,0.0,38.37,48.16,178.42,0.48,83.88,87.02,89.13
2026-05-31 06:25:00,0,-188.91,354.89,0.0,38.89,43.88,204.85,0.33,93.52,86.76,88.15
2026-05-31 06:30:00,0,-188.91,354.89,0.0,38.43,44.22,252.91,0.22,118.1,91.34,87.67
2026-05-31 06:35:00,0,-188.91,354.89,0.0,38.3,42.0,274.13,0.17,138.54,95.18,89.47
2026-05-31 06:40:00,0,-188.91,354.89,0.0,39.51,43.03,355.87,0.12,170.44,104.32,90.41
2026-05-31 06:45:00,0,-188.91,354.89,0.0,38.62,38.23,298.98,0.13,138.13,93.68,89.97
2026-05-31 06:50:00,0,-188.91,354.89,0.0,39.78,41.35,294.47,0.15,135.6,94.19,88.35
2026-05-31 06:55:00,0,-188.91,354.89,0.0,39.97,39.57,249.71,0.22,115.0,89.07,89.07
2026-05-31 07:00:00,0,-188.91,354.89,0.0,39.14,31.45,285.5,0.12,118.72,86.8,89.91
2026-05-31 07:05:00,0,-188.91,354.89,0.0,40.05,29.64,277.34,0.12,134.73,89.82,87.6
2026-05-31 07:10:00,0,-188.91,354.89,0.0,40.57,29.47,274.28,0.12,125.67,87.64,88.0
2026-05-31 07:15:00,0,-188.91,354.89,0.0,39.85,31.9,235.82,0.17,108.53,84.98,87.26
2026-05-31 07:20:00,0,-188.91,354.89,0.0,40.6,30.08,225.23,0.18,107.87,84.24,87.24
2026-05-31 07:25:00,0,-188.91,354.89,0.0,40.27,28.49,118.6,0.59,58.95,77.15,88.23
2026-05-31 07:30:00,0,-188.91,354.89,0.0,41.32,22.14,291.7,0.09,145.29,89.8,88.97
2026-05-31 07:35:00,0,-188.91,354.89,0.0,40.84,31.73,328.12,0.08,149.81,94.34,86.67
2026-05-31 07:40:00,0,-188.91,354.89,0.0,40.67,23.67,215.56,0.15,101.74,80.78,85.74
2026-05-31 07:45:00,0,-188.91,354.89,0.0,40.56,18.33,187.78,0.15,89.87,76.86,87.34
2026-05-31 07:50:00,0,-188.91,354.89,0.0,41.53,24.81,272.88,0.11,118.48,84.41,87.29
2026-05-31 07:55:00,0,-188.91,354.89,0.0,40.85,24.1,302.18,0.08,153.44,92.66,85.3
2026-05-31 08:00:00,0,-188.91,354.89,0.0,40.95,30.04,282.51,0.12,130.94,89.06,85.62
2026-05-31 08:05:00,0,-188.91,354.89,0.0,41.44,24.57,217.61,0.17,103.18,81.4,86.23
2026-05-31 08:10:00,0,-188.91,354.89,0.0,41.63,24.43,260.71,0.11,132.54,87.46,86.86
2026-05-31 08:15:00,0,-188.91,354.89,0.0,42.24,22.18,344.28,0.06,165.53,95.42,84.08
2026-05-31 08:20:00,0,-188.91,354.89,0.0,42.68,28.54,179.63,0.29,89.13,80.6,85.62
2026-05-31 08:25:00,0,-188.91,354.89,0.0,41.45,22.08,241.49,0.12,114.94,82.73,86.12
2026-05-31 08:30:00,0,-188.91,354.89,0.0,42.46,23.85,261.28,0.11,120.64,84.55,86.22
2026-05-31 08:35:00,0,-188.91,354.89,0.0,42.06,26.4,211.02,0.18,98.63,81.24,86.24
2026-05-31 08:40:00,0,-188.91,354.89,0.0,42.84,25.11,252.26,0.12,122.75,85.47,87.4
2026-05-31 08:45:00,0,-188.91,354.89,0.0,42.15,12.77,222.7,0.08,110.08,78.41,85.96
2026-05-31 08:50:00,0,-188.91,354.89,0.0,43.03,25.21,244.01,0.13,120.94,85.13,84.83
2026-05-31 08:55:00,0,-188.91,354.89,0.0,42.41,27.21,247.86,0.15,112.36,84.06,85.68
2026-05-31 09:00:00,0,-188.91,354.89,0.0,42.75,30.38,189.95,0.27,87.54,80.95,84.53
2026-05-31 09:05:00,0,-188.91,354.89,0.0,42.36,28.3,215.59,0.2,101.82,82.51,84.57
2026-05-31 09:10:00,0,-188.91,354.89,0.0,43.29,23.47,224.62,0.16,106.98,81.71,84.64
2026-05-31 09:15:00,0,-188.91,354.89,0.0,43.81,20.6,198.39,0.16,93.26,78.24,83.91
2026-05-31 09:20:00,0,-188.91,354.89,0.0,43.85,28.56,232.69,0.17,111.23,84.35,83.57
2026-05-31 09:25:00,0,-188.91,354.89,0.0,43.43,24.98,329.47,0.08,160.48,94.96,84.6
2026-05-31 09:30:00,0,-188.91,354.89,0.0,44.01,33.47,269.42,0.14,132.46,90.67,84.65
2026-05-31 09:35:00,0,-188.91,354.89,0.0,43.74,20.75,248.96,0.11,119.28,83.17,83.18
2026-05-31 09:40:00,0,-188.91,354.89,0.0,43.63,30.26,290.27,0.1,141.62,91.73,83.98
2026-05-31 09:45:00,0,-188.91,354.89,0.0,43.27,28.98,187.67,0.26,91.75,81.12,84.84
2026-05-31 09:50:00,0,-188.91,354.89,0.0,43.84,40.22,238.96,0.22,112.38,88.77,82.6
2026-05-31 09:55:00,0,-188.91,354.89,0.0,44.23,39.63,249.07,0.21,113.98,88.87,83.25
2026-05-31 10:00:00,0,-188.91,354.89,0.0,43.86,38.36,235.54,0.23,107.05,87.08,82.86
2026-05-31 10:05:00,0,-188.91,354.89,0.0,44.47,40.28,193.52,0.33,87.66,84.56,82.64
2026-05-31 10:10:00,0,-188.91,354.89,0.0,43.83,35.32,280.02,0.15,121.99,88.94,84.22
2026-05-31 10:15:00,0,-188.91,354.89,0.0,44.88,42.63,291.92,0.15,144.26,96.83,83.46
2026-05-31 10:20:00,0,-188.91,354.89,0.0,44.84,36.29,250.45,0.18,119.04,88.7,83.34
2026-05-31 10:25:00,0,-188.91,354.89,0.0,44.73,43.97,287.57,0.17,142.13,96.8,83.18
2026-05-31 10:30:00,0,-188.91,354.89,0.0,44.86,42.19,227.64,0.25,114.41,89.93,84.48
2026-05-31 10:35:00,0,-188.91,354.89,0.0,44.74,42.61,216.9,0.29,96.21,86.71,82.2
2026-05-31 10:40:00,0,-188.91,354.89,0.0,45.33,51.03,182.86,0.5,81.28,87.69,83.21
2026-05-31 10:45:00,0,-188.91,354.89,0.0,44.66,52.33,302.23,0.19,136.2,98.27,81.82
2026-05-31 10:50:00,0,-188.91,354.89,0.0,45.16,48.5,320.38,0.14,155.15,101.8,82.14
2026-05-31 10:55:00,0,-188.91,354.89,0.0,44.96,49.45,300.25,0.18,145.05,99.49,82.07
2026-05-31 11:00:00,0,-188.91,354.89,0.0,44.75,57.94,246.56,0.3,128.6,98.65,83.25
2026-05-31 11:05:00,0,-188.91,354.89,0.0,44.42,56.68,263.14,0.26,128.77,98.17,83.03
2026-05-31 11:10:00,0,-188.91,354.89,0.0,45.05,54.56,296.77,0.2,129.49,97.47,80.23
2026-05-31 11:15:00,0,-188.91,354.89,0.0,44.46,57.26,308.65,0.18,152.56,104.23,80.09
2026-05-31 11:20:00,0,-188.91,354.89,0.0,45.28,51.84,190.52,0.47,88.53,89.02,82.18
2026-05-31 11:25:00,0,-188.91,354.89,0.0,44.5,50.55,251.83,0.29,111.3,92.31,82.14
2026-05-31 11:30:00,0,-188.91,354.89,0.0,44.41,52.1,278.59,0.22,126.23,95.9,80.78
2026-05-31 11:35:00,0,-188.91,354.89,0.0,45.62,53.5,233.18,0.31,108.2,92.77,80.3
2026-05-31 11:40:00,0,-188.91,354.89,0.0,44.44,51.83,241.9,0.28,116.11,93.72,82.07
2026-05-31 11:45:00,0,-188.91,354.89,0.0,44.41,53.39,221.12,0.33,101.98,91.59,81.31
2026-05-31 11:50:00,0,-188.91,354.89,0.0,44.13,62.44,328.73,0.18,151.08,105.64,80.01
2026-05-31 11:55:00,0,-188.91,354.89,0.0,45.3,58.13,302.53,0.22,147.86,103.35,79.1
2026-05-31 12:00:00,0,-188.91,354.89,0.0,45.73,64.54,226.68,0.39,102.76,95.76,80.87
2026-05-31 12:05:00,0,-188.91,354.89,0.0,44.14,60.95,253.81,0.29,125.43,98.95,80.61
2026-05-31 12:10:00,0,-188.91,354.89,0.0,45.22,65.9,280.82,0.26,130.09,101.7,80.04
2026-05-31 12:15:00,0,-188.91,354.89,0.0,44.84,67.76,291.05,0.26,128.35,101.95,80.35
2026-05-31 12:20:00,0,-188.91,354.89,0.0,45.43,66.51,259.93,0.31,131.64,102.38,79.3
2026-05-31 12:25:00,0,-188.91,354.89,0.0,45.22,64.97,210.12,0.46,98.97,95.36,79.44
2026-05-31 12:30:00,0,-188.91,354.89,0.0,45.19,67.0,183.31,0.61,85.82,94.18,79.58
2026-05-31 12:35:00,0,-188.91,354.89,0.0,45.08,64.56,241.29,0.35,113.89,97.85,79.58
2026-05-31 12:40:00,0,-188.91,354.89,0.0,45.21,63.75,266.76,0.26,121.3,98.96,77.31
2026-05-31 12:45:00,0,-188.91,354.89,0.0,44.1,66.83,284.62,0.27,124.48,100.76,79.04
2026-05-31 12:50:00,0,-188.91,354.89,0.0,44.19,66.47,287.61,0.25,132.9,102.54,77.77
2026-05-31 12:55:00,0,-188.91,354.89,0.0,45.2,67.89,281.29,0.27,136.27,103.9,77.7
2026-05-31 13:00:00,0,-188.91,354.89,0.0,44.74,67.97,196.13,0.57,97.86,96.43,78.91
2026-05-31 13:05:00,0,-188.91,354.89,0.0,44.31,67.75,254.65,0.33,127.15,101.81,77.51
2026-05-31 13:10:00,0,-188.91,354.89,0.0,45.56,65.73,232.46,0.39,105.57,96.7,76.73
2026-05-31 13:15:00,0,-188.91,354.89,0.0,44.52,74.08,246.39,0.36,115.41,101.52,76.82
2026-05-31 13:20:00,0,-188.91,354.89,0.0,44.31,71.02,199.28,0.55,96.17,97.16,77.21
2026-05-31 13:25:00,0,-188.91,354.89,0.0,44.24,73.82,178.27,0.71,84.9,96.63,77.13
2026-05-31 13:30:00,0,-188.91,354.89,0.0,44.4,77.68,265.82,0.35,125.41,104.93,76.94
2026-05-31 13:35:00,0,-188.91,354.89,0.0,44.27,69.77,265.56,0.31,127.05,102.45,77.64
2026-05-31 13:40:00,0,-188.91,354.89,0.0,44.01,72.43,269.48,0.32,122.45,102.37,76.96
2026-05-31 13:45:00,0,-188.91,354.89,0.0,44.28,76.3,214.54,0.53,94.48,98.68,78.06
2026-05-31 13:50:00,0,-188.91,354.89,0.0,44.11,73.98,259.01,0.38,120.92,102.7,78.11
2026-05-31 13:55:00,0,-188.91,354.89,0.0,43.93,73.32,208.26,0.55,100.51,98.74,74.76
2026-05-31 14:00:00,0,-188.91,354.89,0.0,44.73,79.79,264.61,0.37,123.76,105.34,77.26
2026-05-31 14:05:00,0,-188.91,354.89,0.0,43.52,77.61,193.5,0.72,90.39,98.84,76.76
2026-05-31 14:10:00,0,-188.91,354.89,0.0,44.38,75.58,189.64,0.66,92.54,98.36,77.32
2026-05-31 14:15:00,0,-188.91,354.89,0.0,43.94,79.81,299.99,0.29,141.37,109.38,74.36
2026-05-31 14:20:00,0,-188.91,354.89,0.0,44.09,74.25,280.03,0.31,139.61,107.03,76.61
2026-05-31 14:25:00,0,-188.91,354.89,0.0,43.28,79.06,181.85,0.79,86.57,98.88,74.96
2026-05-31 14:30:00,0,-188.91,354.89,0.0,44.1,77.32,152.81,1.04,72.89,96.8,76.29
2026-05-31 14:35:00,0,-188.91,354.89,0.0,43.45,73.88,229.81,0.43,108.81,100.26,76.0
2026-05-31 14:40:00,0,-188.91,354.89,0.0,42.98,76.57,181.29,0.72,87.38,97.99,76.86
2026-05-31 14:45:00,0,-188.91,354.89,0.0,43.62,75.42,186.5,0.73,89.91,98.02,74.43
2026-05-31 14:50:00,0,-188.91,354.89,0.0,43.51,72.29,201.23,0.6,91.9,96.98,76.08
2026-05-31 14:55:00,0,-188.91,354.89,0.0,42.41,71.45,292.08,0.28,147.83,108.12,75.08
2026-05-31 15:00:00,0,-188.91,354.89,0.0,44.03,73.69,277.88,0.32,127.03,103.84,74.89
2026-05-31 15:05:00,0,-188.91,354.89,0.0,44.07,70.06,327.67,0.22,150.9,108.34,74.16
2026-05-31 15:10:00,0,-188.91,354.89,0.0,42.18,63.79,207.7,0.51,99.81,95.19,76.09
2026-05-31 15:15:00,0,-188.91,354.89,0.0,42.71,70.98,214.17,0.48,97.11,97.17,73.97
2026-05-31 15:20:00,0,-188.91,354.89,0.0,42.58,68.58,210.5,0.47,102.42,97.26,72.45
2026-05-31 15:25:00,0,-188.91,354.89,0.0,41.94,67.12,282.0,0.27,143.06,105.33,74.7
2026-05-31 15:30:00,0,-188.91,354.89,0.0,42.76,67.8,280.29,0.27,120.47,100.21,73.95
2026-05-31 15:35:00,0,-188.91,354.89,0.0,41.62,66.02,224.65,0.43,105.67,96.89,74.67
2026-05-31 15:40:00,0,-188.91,354.89,0.0,42.84,68.59,249.65,0.34,120.66,100.67,72.85
2026-05-31 15:45:00,0,-188.91,354.89,0.0,40.73,66.17,247.88,0.33,119.57,99.56,72.4
2026-05-31 15:50:00,0,-188.91,354.89,0.0,41.29,67.49,322.39,0.21,160.34,127.44,73.91
2026-05-31 15:55:00,0,-188.91,354.89,0.0,41.82,68.16,216.55,0.49,97.48,96.27,72.35
2026-05-31 16:00:00,0,-188.91,354.89,0.0,42.57,66.68,252.22,0.33,120.07,99.85,72.02
2026-05-31 16:05:00,0,-188.91,354.89,0.0,40.86,54.1,288.07,0.21,135.53,98.76,72.71
2026-05-31 16:10:00,0,-188.91,354.89,0.0,41.39,58.86,215.78,0.41,107.52,94.7,71.87
2026-05-31 16:15:00,0,-188.91,354.89,0.0,41.25,60.65,147.28,0.92,71.99,90.61,72.58
2026-05-31 16:20:00,0,-188.91,354.89,0.0,40.63,60.41,276.46,0.24,135.73,101.08,70.5
2026-05-31 16:25:00,0,-188.91,354.89,0.0,40.39,53.73,223.39,0.35,105.78,92.45,73.06
2026-05-31 16:30:00,0,-188.91,354.89,0.0,40.51,52.06,268.4,0.22,129.41,96.61,72.68
2026-05-31 16:35:00,0,-188.91,354.89,0.0,41.39,55.59,265.55,0.26,124.93,96.9,72.92
2026-05-31 16:40:00,0,-188.91,354.89,0.0,40.63,52.66,239.01,0.3,109.37,92.67,72.41
2026-05-31 16:45:00,0,-188.91,354.89,0.0,40.13,49.09,239.94,0.27,112.96,92.08,71.9
2026-05-31 16:50:00,0,-188.91,354.89,0.0,40.45,51.68,171.71,0.59,76.2,87.37,70.79
2026-05-31 16:55:00,0,-188.91,354.89,0.0,40.1,49.22,281.27,0.18,128.68,95.36,71.89
2026-05-31 17:00:00,0,-188.91,354.89,0.0,40.0,46.91,214.05,0.33,100.66,89.07,70.61
2026-05-31 17:05:00,0,-188.91,354.89,0.0,40.29,49.19,320.99,0.15,141.38,98.38,71.27
2026-05-31 17:10:00,0,-188.91,354.89,0.0,39.07,43.37,308.89,0.15,147.2,97.85,70.52
2026-05-31 17:15:00,0,-188.91,354.89,0.0,38.19,40.29,344.18,0.11,154.12,98.57,70.82
2026-05-31 17:20:00,0,-188.91,354.89,0.0,38.74,32.9,183.63,0.33,87.5,81.94,69.51
2026-05-31 17:25:00,0,-188.91,354.89,0.0,38.93,41.3,255.46,0.19,122.64,91.24,68.08
2026-05-31 17:30:00,0,-188.91,354.89,0.0,38.77,37.35,242.1,0.2,117.12,88.69,68.97
2026-05-31 17:35:00,0,-188.91,354.89,0.0,38.66,31.27,205.61,0.25,98.91,83.12,69.42
2026-05-31 17:40:00,0,-188.91,354.89,0.0,38.38,34.23,208.94,0.25,94.11,83.32,69.93
2026-05-31 17:45:00,0,-188.91,354.89,0.0,38.34,31.6,294.33,0.12,130.56,89.51,70.9
2026-05-31 17:50:00,0,-188.91,354.89,0.0,37.8,30.97,263.5,0.14,123.37,87.69,70.87
2026-05-31 17:55:00,0,-188.91,354.89,0.0,38.32,29.52,223.34,0.2,106.89,83.89,69.54
2026-05-31 18:00:00,0,-188.91,354.89,0.0,37.63,29.69,253.74,0.15,126.26,87.91,70.3
2026-05-31 18:05:00,0,-188.91,354.89,0.0,38.07,25.17,215.58,0.17,99.04,80.85,68.99
2026-05-31 18:10:00,0,-188.91,354.89,0.0,37.06,30.56,309.91,0.1,149.82,93.97,69.03
2026-05-31 18:15:00,0,-188.91,354.89,0.0,37.42,30.06,255.01,0.15,126.49,88.09,68.7
2026-05-31 18:20:00,0,-188.91,354.89,0.0,37.73,28.34,285.58,0.11,134.31,89.24,68.87
2026-05-31 18:25:00,0,-188.91,354.89,0.0,37.69,23.66,272.24,0.11,129.05,86.36,67.94
2026-05-31 18:30:00,0,-188.91,354.89,0.0,37.44,25.93,266.02,0.12,122.64,85.72,67.58
2026-05-31 18:35:00,0,-188.91,354.89,0.0,37.31,21.8,244.27,0.12,118.19,83.31,69.0
2026-05-31 18:40:00,0,-188.91,354.89,0.0,36.86,19.05,257.01,0.09,124.41,83.64,67.31
2026-05-31 18:45:00,0,-188.91,354.89,0.0,37.06,17.67,306.35,0.06,147.31,88.7,69.08
2026-05-31 18:50:00,0,-188.91,354.89,0.0,37.6,17.45,279.76,0.06,135.6,85.65,67.82
2026-05-31 18:55:00,0,-188.91,354.89,0.0,36.92,17.92,225.91,0.11,105.35,79.35,68.37
2026-05-31 19:00:00,0,-188.91,354.89,0.0,35.81,16.2,159.11,0.21,77.31,74.34,69.12
2026-05-31 19:05:00,0,-188.91,354.89,0.0,37.12,12.51,274.29,0.05,135.57,83.89,66.83
2026-05-31 19:10:00,0,-188.91,354.89,0.0,35.77,16.45,170.8,0.18,84.18,75.36,68.78
2026-05-31 19:15:00,0,-188.91,354.89,0.0,35.69,15.31,223.42,0.11,105.87,78.53,63.96
2026-05-31 19:20:00,0,-188.91,354.89,0.0,35.4,17.41,209.41,0.12,97.68,77.79,66.24
2026-05-31 19:25:00,0,-188.91,354.89,0.0,35.35,11.38,251.3,0.06,112.34,78.33,66.26
2026-05-31 19:30:00,0,-188.91,354.89,0.0,34.69,17.09,217.05,0.13,100.5,78.19,67.02
2026-05-31 19:35:00,0,-188.91,354.89,0.0,33.72,14.31,231.46,0.09,110.53,79.05,66.87
2026-05-31 19:40:00,0,-188.91,354.89,0.0,35.87,15.02,318.0,0.05,141.1,86.14,67.82
2026-05-31 19:45:00,0,-188.91,354.89,0.0,34.26,15.72,286.5,0.06,134.1,84.67,67.77
2026-05-31 19:50:00,0,-188.91,354.89,0.0,35.04,15.96,208.2,0.11,92.57,76.38,66.17
2026-05-31 19:55:00,0,-188.91,354.89,0.0,34.47,12.24,238.68,0.07,108.77,77.94,68.61
2026-05-31 20:00:00,0,-188.91,354.89,0.0,34.74,12.36,265.36,0.05,125.18,81.39,66.25
2026-05-31 20:05:00,0,-188.91,354.89,0.0,34.31,16.68,298.79,0.06,133.09,84.76,67.58
2026-05-31 20:10:00,0,-188.91,354.89,0.0,34.03,12.71,210.32,0.09,99.75,76.45,67.25
2026-05-31 20:15:00,0,-188.91,354.89,0.0,33.56,13.15,265.32,0.06,126.01,81.88,63.58
2026-05-31 20:20:00,0,-188.91,354.89,0.0,33.79,13.85,210.75,0.1,110.72,78.94,65.67
2026-05-31 20:25:00,0,-188.91,354.89,0.0,33.62,11.06,228.86,0.07,110.31,77.82,66.03
2026-05-31 20:30:00,0,-188.91,354.89,0.0,34.77,14.15,189.37,0.13,88.32,75.1,64.57
2026-05-31 20:35:00,0,-188.91,354.89,0.0,32.32,16.74,204.29,0.13,88.69,76.06,64.97
2026-05-31 20:40:00,0,-188.91,354.89,0.0,33.64,19.54,219.35,0.13,105.59,79.99,65.46
2026-05-31 20:45:00,0,-188.91,354.89,0.0,34.27,11.36,333.72,0.03,167.65,92.2,66.0
2026-05-31 20:50:00,0,-188.91,354.89,0.0,33.21,16.64,195.11,0.12,100.74,78.06,64.76
2026-05-31 20:55:00,0,-188.91,354.89,0.0,33.68,17.04,220.42,0.1,102.1,78.41,63.99
2026-05-31 21:00:00,0,-188.91,354.89,0.0,32.84,15.55,211.01,0.1,102.96,78.04,65.17
2026-05-31 21:05:00,0,-188.91,354.89,0.0,33.51,14.75,287.27,0.06,137.81,85.24,63.73
2026-05-31 21:10:00,0,-188.91,354.89,0.0,33.27,13.66,276.85,0.06,122.04,81.17,65.24
2026-05-31 21:15:00,0,-188.91,354.89,0.0,32.91,20.04,307.09,0.07,142.56,88.3,64.16
2026-05-31 21:20:00,0,-188.91,354.89,0.0,32.78,13.36,192.84,0.11,88.75,74.84,65.43
2026-05-31 21:25:00,0,-188.91,354.89,0.0,31.96,17.54,295.76,0.06,134.71,85.45,63.73
2026-05-31 21:30:00,0,-188.91,354.89,0.0,31.76,15.06,260.22,0.07,126.82,82.75,64.86
2026-05-31 21:35:00,0,-188.91,354.89,0.0,32.61,14.63,231.64,0.09,117.22,80.53,64.72
2026-05-31 21:40:00,0,-188.91,354.89,0.0,32.38,20.54,305.69,0.07,133.01,86.11,62.51
2026-05-31 21:45:00,0,-188.91,354.89,0.0,32.55,14.62,262.17,0.07,123.53,81.85,63.21
2026-05-31 21:50:00,0,-188.91,354.89,0.0,31.76,16.97,313.19,0.05,154.91,90.5,62.45
2026-05-31 21:55:00,0,-188.91,354.89,0.0,32.22,16.27,204.19,0.14,94.58,76.89,65.72
2026-05-31 22:00:00,0,-188.91,354.89,0.0,31.61,20.27,147.25,0.29,71.82,75.18,63.43
2026-05-31 22:05:00,0,-188.91,354.89,0.0,31.72,18.97,210.41,0.13,102.81,79.27,63.23
2026-05-31 22:10:00,0,-188.91,354.89,0.0,32.26,20.54,336.67,0.06,154.79,91.73,63.0
2026-05-31 22:15:00,0,-188.91,354.89,0.0,31.76,20.18,276.3,0.08,134.82,86.44,62.32
2026-05-31 22:20:00,0,-188.91,354.89,0.0,31.57,18.53,249.56,0.1,120.72,82.66,64.88
2026-05-31 22:25:00,0,-188.91,354.89,0.0,31.7,20.09,288.98,0.07,133.23,86.01,63.45
2026-05-31 22:30:00,0,-188.91,354.89,0.0,31.29,22.96,280.61,0.09,126.59,85.5,62.37
2026-05-31 22:35:00,0,-188.91,354.89,0.0,32.08,23.4,244.4,0.13,110.15,82.23,63.11
2026-05-31 22:40:00,0,-188.91,354.89,0.0,32.29,23.39,205.03,0.18,97.61,79.98,61.63
2026-05-31 22:45:00,0,-188.91,354.89,0.0,31.12,22.87,170.14,0.24,81.26,77.29,62.7
2026-05-31 22:50:00,0,-188.91,354.89,0.0,30.41,28.27,217.21,0.18,98.86,81.91,61.85
2026-05-31 22:55:00,0,-188.91,354.89,0.0,31.96,26.44,319.9,0.08,157.31,94.55,61.13
2026-05-31 23:00:00,0,-188.91,354.89,0.0,31.25,27.74,247.31,0.15,123.64,86.62,61.98
2026-05-31 23:05:00,0,-188.91,354.89,0.0,30.93,27.73,298.61,0.1,142.82,91.12,60.23
2026-05-31 23:10:00,0,-188.91,354.89,0.0,30.7,27.47,187.9,0.24,87.93,79.91,60.48
2026-05-31 23:15:00,0,-188.91,354.89,0.0,31.61,28.08,309.21,0.09,151.43,93.5,61.59
2026-05-31 23:20:00,0,-188.91,354.89,0.0,31.75,28.07,199.76,0.19,88.46,80.11,60.87
2026-05-31 23:25:00,0,-188.91,354.89,0.0,31.16,31.55,240.88,0.18,117.11,86.6,62.26
2026-05-31 23:30:00,0,-188.91,354.89,0.0,31.64,30.51,340.68,0.08,154.06,95.06,60.47
2026-05-31 23:35:00,0,-188.91,354.89,0.0,30.06,33.63,305.74,0.12,147.45,94.43,59.46
2026-05-31 23:40:00,0,-188.91,354.89,0.0,31.93,31.27,238.57,0.16,116.18,86.27,60.72
2026-05-31 23:45:00,0,-188.91,354.89,0.0,31.02,30.93,213.41,0.2,94.86,82.18,60.93
2026-05-31 23:50:00,0,-188.91,354.89,0.0,30.34,34.75,277.37,0.15,134.49,91.6,58.73
2026-05-31 23:55:00,0,-188.91,354.89,0.0,30.35,34.31,250.56,0.17,115.26,87.16,61.68
2026-06-01 00:00:00,0,-85.6,443.2,0.0,30.53,38.57,193.26,0.32,90.14,84.31,58.61
2026-06-01 00:05:00,0,-85.6,443.2,0.0,30.8,35.53,323.42,0.11,147.89,95.2,60.22
2026-06-01 00:10:00,0,-85.6,443.2,0.0,31.18,35.43,225.37,0.22,106.54,85.92,58.99
2026-06-01 00:15:00,0,-85.6,443.2,0.0,31.42,36.21,315.69,0.12,145.55,94.84,58.96
2026-06-01 00:20:00,0,-85.6,443.2,0.0,30.45,36.21,228.69,0.21,108.73,86.59,62.2
2026-06-01 00:25:00,0,-85.6,443.2,0.0,31.53,33.79,202.23,0.28,99.86,84.22,59.65
2026-06-01 00:30:00,0,-85.6,443.2,0.0,31.3,34.1,289.0,0.13,136.94,91.93,60.76
2026-06-01 00:35:00,0,-85.6,443.2,0.0,31.89,36.46,265.94,0.17,117.07,88.3,57.58
2026-06-01 00:40:00,0,-85.6,443.2,0.0,31.16,33.63,252.47,0.18,115.13,86.92,58.22
2026-06-01 00:45:00,0,-85.6,443.2,0.0,31.04,35.23,357.52,0.09,171.8,101.93,59.63
2026-06-01 00:50:00,0,-85.6,443.2,0.0,31.15,35.21,272.89,0.14,135.6,92.01,59.13
2026-06-01 00:55:00,0,-85.6,443.2,0.0,30.94,38.49,229.04,0.24,108.02,87.31,59.11
2026-06-01 01:00:00,0,-85.6,443.2,0.0,31.23,33.6,234.49,0.21,109.41,85.81,59.26
2026-06-01 01:05:00,0,-85.6,443.2,0.0,31.37,36.65,277.84,0.15,123.68,89.75,57.86
2026-06-01 01:10:00,0,-85.6,443.2,0.0,30.5,39.31,260.76,0.19,120.25,90.01,58.87
2026-06-01 01:15:00,0,-85.6,443.2,0.0,31.76,38.69,270.96,0.17,135.32,93.22,56.94
2026-06-01 01:20:00,0,-85.6,443.2,0.0,32.09,36.78,307.35,0.12,145.23,94.95,58.76
2026-06-01 01:25:00,0,-85.6,443.2,0.0,31.73,38.83,278.86,0.17,131.2,92.28,59.64
2026-06-01 01:30:00,0,-85.6,443.2,0.0,31.83,35.77,235.78,0.2,108.94,86.46,55.89
2026-06-01 01:35:00,0,-85.6,443.2,0.0,32.49,35.61,178.07,0.33,85.37,82.54,56.92
2026-06-01 01:40:00,0,-85.6,443.2,0.0,31.26,36.15,257.05,0.18,123.22,89.53,56.33
2026-06-01 01:45:00,0,-85.6,443.2,0.0,32.89,38.35,239.96,0.21,108.08,87.22,60.05
2026-06-01 01:50:00,0,-85.6,443.2,0.0,32.08,37.74,331.38,0.1,147.51,95.85,57.76
2026-06-01 01:55:00,0,-85.6,443.2,0.0,31.92,38.79,267.22,0.17,128.93,91.74,57.04
2026-06-01 02:00:00,0,-85.6,443.2,0.0,32.45,39.47,193.07,0.34,92.78,85.1,56.65
2026-06-01 02:05:00,0,-85.6,443.2,0.0,32.08,35.43,213.99,0.25,97.86,84.38,57.51
2026-06-01 02:10:00,0,-85.6,443.2,0.0,32.2,39.93,285.82,0.15,134.07,93.31,55.7
2026-06-01 02:15:00,0,-85.6,443.2,0.0,32.49,33.48,231.11,0.2,108.12,85.5,56.72
2026-06-01 02:20:00,0,-85.6,443.2,0.0,32.08,34.37,241.07,0.2,110.5,86.28,56.47
2026-06-01 02:25:00,0,-85.6,443.2,0.0,32.36,32.71,263.78,0.15,116.87,86.9,57.1
2026-06-01 02:30:00,0,-85.6,443.2,0.0,32.9,32.02,255.19,0.16,116.43,86.59,56.51
2026-06-01 02:35:00,0,-85.6,443.2,0.0,33.13,33.04,249.87,0.18,114.78,86.64,55.35
2026-06-01 02:40:00,0,-85.6,443.2,0.0,32.18,31.26,359.71,0.07,174.54,101.36,55.1
2026-06-01 02:45:00,0,-85.6,443.2,0.0,33.34,30.0,330.57,0.09,160.75,96.8,55.05
2026-06-01 02:50:00,0,-85.6,443.2,0.0,32.71,26.2,233.03,0.15,107.87,82.8,56.72
2026-06-01 02:55:00,0,-85.6,443.2,0.0,32.62,29.98,211.16,0.21,99.47,82.68,57.63
2026-06-01 03:00:00,0,-85.6,443.2,0.0,33.56,30.16,321.02,0.09,147.51,93.18,55.66
2026-06-01 03:05:00,0,-85.6,443.2,0.0,33.05,28.22,205.08,0.22,93.79,81.1,53.5
2026-06-01 03:10:00,0,-85.6,443.2,0.0,33.24,29.46,196.69,0.23,98.33,82.33,55.62
2026-06-01 03:15:00,0,-85.6,443.2,0.0,32.63,29.15,258.66,0.14,113.78,84.99,54.6
2026-06-01 03:20:00,0,-85.6,443.2,0.0,34.26,28.52,214.82,0.2,95.12,81.39,54.46
2026-06-01 03:25:00,0,-85.6,443.2,0.0,33.77,26.35,228.2,0.16,115.58,84.43,54.94
2026-06-01 03:30:00,0,-85.6,443.2,0.0,33.17,27.27,228.46,0.17,114.79,84.61,54.62
2026-06-01 03:35:00,0,-85.6,443.2,0.0,32.97,24.34,256.29,0.11,113.97,83.29,54.6
2026-06-01 03:40:00,0,-85.6,443.2,0.0,34.97,24.0,276.55,0.1,131.06,100.16,53.93
2026-06-01 03:45:00,0,-85.6,443.2,0.0,34.86,22.85,333.2,0.06,154.74,92.53,54.04
2026-06-01 03:50:00,0,-85.6,443.2,0.0,34.07,23.85,256.41,0.12,123.23,85.12,53.19
2026-06-01 03:55:00,0,-85.6,443.2,0.0,34.16,23.05,236.72,0.12,109.35,81.93,52.22
2026-06-01 04:00:00,0,-85.6,443.2,0.0,34.35,22.54,236.28,0.12,110.4,81.96,54.36
2026-06-01 04:05:00,0,-85.6,443.2,0.0,35.45,23.38,299.18,0.09,138.83,88.57,53.47
2026-06-01 04:10:00,0,-85.6,443.2,0.0,34.9,22.58,196.63,0.18,92.69,78.86,53.24
2026-06-01 04:15:00,0,-85.6,443.2,0.0,35.07,22.41,285.15,0.09,128.55,85.76,54.0
2026-06-01 04:20:00,0,-85.6,443.2,0.0,35.51,21.61,223.75,0.13,110.41,81.66,52.67
2026-06-01 04:25:00,0,-85.6,443.2,0.0,35.51,18.89,170.73,0.2,82.39,93.07,53.65
2026-06-01 04:30:00,0,-85.6,443.2,0.0,36.29,19.16,252.75,0.09,121.4,83.02,50.96
2026-06-01 04:35:00,0,-85.6,443.2,0.0,35.37,19.44,238.41,0.1,108.54,80.47,53.01
2026-06-01 04:40:00,0,-85.6,443.2,0.0,35.76,17.91,238.68,0.09,115.1,81.24,52.95
2026-06-01 04:45:00,0,-85.6,443.2,0.0,35.67,21.4,323.0,0.06,158.54,93.1,50.86
2026-06-01 04:50:00,0,-85.6,443.2,0.0,36.39,17.39,239.02,0.1,111.31,80.3,52.64
2026-06-01 04:55:00,0,-85.6,443.2,0.0,35.6,17.44,203.88,0.14,97.11,77.74,53.28
2026-06-01 05:00:00,0,-85.6,443.2,0.0,36.11,15.3,230.44,0.1,102.18,77.82,52.07
2026-06-01 05:05:00,0,-85.6,443.2,0.0,37.64,16.76,196.27,0.14,89.71,76.26,52.86
2026-06-01 05:10:00,0,-85.6,443.2,0.0,36.24,16.98,287.18,0.07,139.38,86.43,51.97
2026-06-01 05:15:00,0,-85.6,443.2,0.0,36.47,15.9,161.32,0.19,74.88,73.86,51.27
2026-06-01 05:20:00,0,-85.6,443.2,0.0,37.34,14.94,252.06,0.08,113.29,79.81,50.34
2026-06-01 05:25:00,0,-85.6,443.2,0.0,36.31,14.83,181.94,0.14,90.01,75.63,50.92
2026-06-01 05:30:00,0,-85.6,443.2,0.0,37.64,13.08,236.93,0.08,113.27,79.16,52.7
2026-06-01 05:35:00,0,-85.6,443.2,0.0,37.48,13.87,297.85,0.05,149.43,87.92,50.86
2026-06-01 05:40:00,0,-85.6,443.2,0.0,37.4,13.75,323.85,0.04,146.83,87.16,50.29
2026-06-01 05:45:00,0,-85.6,443.2,0.0,36.71,12.95,289.19,0.05,136.12,84.18,51.37
2026-06-01 05:50:00,0,-85.6,443.2,0.0,38.92,13.39,335.78,0.04,157.74,90.03,50.98
2026-06-01 05:55:00,0,-85.6,443.2,0.0,37.61,11.54,213.24,0.08,104.57,76.91,50.15
2026-06-01 06:00:00,0,-85.6,443.2,0.0,37.96,13.05,310.25,0.04,145.35,86.53,52.14
2026-06-01 06:05:00,0,-85.6,443.2,0.0,37.87,12.59,199.04,0.1,92.18,75.12,50.75
2026-06-01 06:10:00,0,-85.6,443.2,0.0,37.83,10.18,271.34,0.04,131.18,82.0,50.3
2026-06-01 06:15:00,0,-85.6,443.2,0.0,38.34,9.28,279.5,0.04,132.86,82.09,49.84
2026-06-01 06:20:00,0,-85.6,443.2,0.0,38.92,9.95,278.71,0.04,129.68,81.57,49.43
2026-06-01 06:25:00,0,-85.6,443.2,0.0,37.6,10.0,256.51,0.04,120.26,79.47,49.29
2026-06-01 06:30:00,0,-85.6,443.2,0.0,38.39,10.45,252.45,0.05,117.93,79.14,50.44
2026-06-01 06:35:00,0,-85.6,443.2,0.0,39.63,9.55,276.36,0.04,141.11,84.22,51.36
2026-06-01 06:40:00,0,-85.6,443.2,0.0,38.43,10.55,298.93,0.04,132.93,82.55,50.8
2026-06-01 06:45:00,0,-85.6,443.2,0.0,39.7,9.87,227.55,0.06,107.67,76.88,48.99
2026-06-01 06:50:00,0,-85.6,443.2,0.0,38.98,8.53,180.57,0.08,83.31,72.26,47.99
2026-06-01 06:55:00,0,-85.6,443.2,0.0,39.88,9.59,197.88,0.08,100.47,75.48,50.15
2026-06-01 07:00:00,0,-85.6,443.2,0.0,39.39,7.19,280.55,0.03,138.45,82.7,48.22
2026-06-01 07:05:00,0,-85.6,443.2,0.0,39.88,7.41,320.7,0.02,152.89,86.55,48.08
2026-06-01 07:10:00,0,-85.6,443.2,0.0,40.78,7.91,293.6,0.03,136.35,82.44,49.7
2026-06-01 07:15:00,0,-85.6,443.2,0.0,40.18,7.79,306.21,0.03,143.23,84.12,47.28
2026-06-01 07:20:00,0,-85.6,443.2,0.0,40.97,7.4,317.37,0.02,152.55,86.45,48.94
2026-06-01 07:25:00,0,-85.6,443.2,0.0,40.55,7.72,192.87,0.07,91.35,73.23,48.93
2026-06-01 07:30:00,0,-85.6,443.2,0.0,40.33,7.0,217.48,0.05,95.62,73.65,48.73
2026-06-01 07:35:00,0,-85.6,443.2,0.0,41.06,6.17,222.16,0.04,100.1,74.13,48.33
2026-06-01 07:40:00,0,-85.6,443.2,0.0,40.18,8.39,290.89,0.03,134.92,82.25,48.75
2026-06-01 07:45:00,0,-85.6,443.2,0.0,41.26,7.66,233.42,0.04,107.72,76.08,46.1
2026-06-01 07:50:00,0,-85.6,443.2,0.0,41.71,7.55,373.08,0.02,175.25,93.2,48.38
2026-06-01 07:55:00,0,-85.6,443.2,0.0,41.57,7.98,226.95,0.05,105.44,75.78,47.34
2026-06-01 08:00:00,0,-85.6,443.2,0.0,41.85,6.59,245.48,0.03,114.71,77.09,47.18
2026-06-01 08:05:00,0,-85.6,443.2,0.0,42.18,7.7,273.67,0.03,127.76,80.32,47.21
2026-06-01 08:10:00,0,-85.6,443.2,0.0,42.36,7.7,245.71,0.04,115.45,77.65,45.93
2026-06-01 08:15:00,0,-85.6,443.2,0.0,41.17,5.87,286.86,0.02,139.05,82.37,47.13
2026-06-01 08:20:00,0,-85.6,443.2,0.0,41.74,6.81,230.12,0.04,113.15,76.86,47.71
2026-06-01 08:25:00,0,-85.6,443.2,0.0,42.2,6.58,300.36,0.02,140.46,82.98,46.78
2026-06-01 08:30:00,0,-85.6,443.2,0.0,42.19,7.02,233.51,0.04,104.54,75.25,46.88
2026-06-01 08:35:00,0,-85.6,443.2,0.0,42.23,6.41,255.7,0.03,122.78,78.75,45.3
2026-06-01 08:40:00,0,-85.6,443.2,0.0,42.33,6.9,290.74,0.03,130.95,98.6,45.73
2026-06-01 08:45:00,0,-85.6,443.2,0.0,42.3,10.43,223.36,0.07,103.59,76.33,45.84
2026-06-01 08:50:00,0,-85.6,443.2,0.0,42.87,9.05,322.17,0.03,152.07,86.92,47.04
2026-06-01 08:55:00,0,-85.6,443.2,0.0,43.36,7.5,319.27,0.02,157.58,87.89,46.18
2026-06-01 09:00:00,0,-85.6,443.2,0.0,43.56,8.04,285.85,0.03,137.85,82.86,47.35
2026-06-01 09:05:00,0,-85.6,443.2,0.0,43.78,9.36,244.8,0.05,123.92,80.08,44.49
2026-06-01 09:10:00,0,-85.6,443.2,0.0,43.03,7.15,224.89,0.05,105.04,75.41,45.8
2026-06-01 09:15:00,0,-85.6,443.2,0.0,43.51,6.93,210.01,0.05,102.29,74.82,45.14
2026-06-01 09:20:00,0,-85.6,443.2,0.0,43.51,8.03,243.74,0.04,117.58,78.21,46.08
2026-06-01 09:25:00,0,-85.6,443.2,0.0,42.69,10.0,354.18,0.02,178.09,94.97,46.15
2026-06-01 09:30:00,0,-85.6,443.2,0.0,43.0,10.49,311.93,0.03,134.87,82.98,45.42
2026-06-01 09:35:00,0,-85.6,443.2,0.0,43.95,8.78,252.32,0.05,123.56,79.8,44.68
2026-06-01 09:40:00,0,-85.6,443.2,0.0,43.32,9.54,255.88,0.05,115.67,78.36,44.34
2026-06-01 09:45:00,0,-85.6,443.2,0.0,44.29,10.36,360.13,0.02,174.25,93.88,45.63
2026-06-01 09:50:00,0,-85.6,443.2,0.0,43.71,11.83,214.37,0.08,105.71,77.24,46.02
2026-06-01 09:55:00,0,-85.6,443.2,0.0,44.25,12.38,252.39,0.06,118.8,80.04,45.08
2026-06-01 10:00:00,0,-85.6,443.2,0.0,43.75,11.0,215.93,0.08,92.69,74.63,45.72
2026-06-01 10:05:00,0,-85.6,443.2,0.0,43.9,11.33,268.2,0.05,121.64,80.26,45.79
2026-06-01 10:10:00,0,-85.6,443.2,0.0,44.73,13.73,222.49,0.09,104.93,77.78,45.78
2026-06-01 10:15:00,0,-85.6,443.2,0.0,44.2,12.46,294.9,0.05,137.42,84.34,43.7
2026-06-01 10:20:00,0,-85.6,443.2,0.0,44.14,14.75,228.52,0.09,111.47,79.41,43.28
2026-06-01 10:25:00,0,-85.6,443.2,0.0,44.02,11.58,194.53,0.11,93.32,74.99,44.99
2026-06-01 10:30:00,0,-85.6,443.2,0.0,44.8,13.65,317.41,0.04,153.31,88.9,44.1
2026-06-01 10:35:00,0,-85.6,443.2,0.0,43.89,15.16,282.2,0.06,122.98,81.92,44.01
2026-06-01 10:40:00,0,-85.6,443.2,0.0,45.53,13.52,294.85,0.05,143.4,86.23,42.92
2026-06-01 10:45:00,0,-85.6,443.2,0.0,44.69,16.51,349.41,0.04,166.56,93.71,42.68
2026-06-01 10:50:00,0,-85.6,443.2,0.0,44.71,15.57,192.5,0.13,90.39,75.95,42.79
2026-06-01 10:55:00,0,-85.6,443.2,0.0,44.67,16.0,233.29,0.09,111.85,79.92,42.99
2026-06-01 11:00:00,0,-85.6,443.2,0.0,44.39,16.97,218.87,0.11,99.62,77.98,43.07
2026-06-01 11:05:00,0,-85.6,443.2,0.0,44.25,14.35,311.05,0.05,146.24,87.25,43.37
2026-06-01 11:10:00,0,-85.6,443.2,0.0,44.91,20.05,236.77,0.11,106.24,80.28,41.85
2026-06-01 11:15:00,0,-85.6,443.2,0.0,45.45,16.84,235.81,0.1,117.07,81.31,43.08
2026-06-01 11:20:00,0,-85.6,443.2,0.0,44.43,16.88,333.9,0.05,152.65,89.86,44.56
2026-06-01 11:25:00,0,-85.6,443.2,0.0,44.83,17.84,212.88,0.13,99.06,78.22,42.0
2026-06-01 11:30:00,0,-85.6,443.2,0.0,44.94,19.19,266.8,0.09,126.24,84.13,43.05
2026-06-01 11:35:00,0,-85.6,443.2,0.0,44.18,20.54,208.77,0.15,98.28,79.06,42.44
2026-06-01 11:40:00,0,-85.6,443.2,0.0,44.79,22.97,283.32,0.09,132.92,87.0,40.08
2026-06-01 11:45:00,0,-85.6,443.2,0.0,44.77,22.08,211.26,0.16,97.23,79.44,42.33
2026-06-01 11:50:00,0,-85.6,443.2,0.0,45.26,19.96,199.8,0.16,95.88,78.47,43.14
2026-06-01 11:55:00,0,-85.6,443.2,0.0,44.86,20.55,261.92,0.09,132.33,86.02,41.4
2026-06-01 12:00:00,0,-85.6,443.2,0.0,45.66,22.05,276.64,0.09,132.69,86.63,42.12
2026-06-01 12:05:00,0,-85.6,443.2,0.0,44.53,22.04,294.56,0.07,151.05,91.27,41.3
2026-06-01 12:10:00,0,-85.6,443.2,0.0,44.61,22.34,224.11,0.14,103.12,80.55,41.83
2026-06-01 12:15:00,0,-85.6,443.2,0.0,45.64,22.77,291.02,0.09,130.44,86.35,42.01
2026-06-01 12:20:00,0,-85.6,443.2,0.0,45.47,22.86,168.46,0.27,82.84,77.6,42.34
2026-06-01 12:25:00,0,-85.6,443.2,0.0,44.59,22.37,270.29,0.1,127.73,85.6,41.37
2026-06-01 12:30:00,0,-85.6,443.2,0.0,45.02,23.59,208.82,0.17,99.81,80.45,41.92
2026-06-01 12:35:00,0,-85.6,443.2,0.0,44.58,23.85,233.06,0.14,114.69,83.35,40.43
2026-06-01 12:40:00,0,-85.6,443.2,0.0,45.06,23.3,233.31,0.14,113.91,83.0,42.72
2026-06-01 12:45:00,0,-85.6,443.2,0.0,44.84,24.79,234.81,0.14,114.62,83.67,41.56
2026-06-01 12:50:00,0,-85.6,443.2,0.0,44.67,25.91,316.84,0.09,156.35,94.13,40.11
2026-06-01 12:55:00,0,-85.6,443.2,0.0,44.63,24.6,214.8,0.18,96.91,80.31,40.47
2026-06-01 13:00:00,0,-85.6,443.2,0.0,44.78,25.66,149.48,0.36,73.43,77.44,40.26
2026-06-01 13:05:00,0,-85.6,443.2,0.0,45.0,25.82,294.1,0.1,145.96,91.29,40.18
2026-06-01 13:10:00,0,-85.6,443.2,0.0,45.27,26.38,218.84,0.17,108.24,83.0,40.84
2026-06-01 13:15:00,0,-85.6,443.2,0.0,44.74,24.49,225.48,0.15,106.26,81.92,39.51
2026-06-01 13:20:00,0,-85.6,443.2,0.0,45.08,23.25,172.48,0.25,84.28,77.92,39.14
2026-06-01 13:25:00,0,-85.6,443.2,0.0,45.11,26.08,278.18,0.11,133.15,88.19,38.96
2026-06-01 13:30:00,0,-85.6,443.2,0.0,45.14,26.87,224.86,0.17,100.77,81.77,39.66
2026-06-01 13:35:00,0,-85.6,443.2,0.0,44.58,26.69,294.54,0.08,143.58,90.94,39.6
2026-06-01 13:40:00,0,-85.6,443.2,0.0,44.66,25.44,218.59,0.16,95.32,80.29,39.46
2026-06-01 13:45:00,0,-85.6,443.2,0.0,44.28,25.75,247.08,0.13,109.59,82.96,38.99
2026-06-01 13:50:00,0,-85.6,443.2,0.0,44.41,27.07,296.67,0.1,134.27,88.78,38.81
2026-06-01 13:55:00,0,-85.6,443.2,0.0,44.11,26.52,254.17,0.13,124.25,86.32,39.86
2026-06-01 14:00:00,0,-85.6,443.2,0.0,44.23,26.82,287.96,0.1,136.96,89.35,40.38
2026-06-01 14:05:00,0,-85.6,443.2,0.0,44.67,26.11,224.99,0.16,106.51,82.55,38.34
2026-06-01 14:10:00,0,-85.6,443.2,0.0,44.56,23.17,241.47,0.12,117.21,83.6,37.49
2026-06-01 14:15:00,0,-85.6,443.2,0.0,43.43,27.41,238.46,0.15,104.25,82.56,39.01
2026-06-01 14:20:00,0,-85.6,443.2,0.0,43.38,27.24,325.36,0.08,145.62,91.66,39.22
2026-06-01 14:25:00,0,-85.6,443.2,0.0,44.35,25.41,220.31,0.15,102.86,81.6,36.95
2026-06-01 14:30:00,0,-85.6,443.2,0.0,43.21,26.67,259.73,0.13,126.51,86.88,36.95
2026-06-01 14:35:00,0,-85.6,443.2,0.0,43.19,26.49,169.7,0.28,81.58,78.7,37.53
2026-06-01 14:40:00,0,-85.6,443.2,0.0,44.33,26.43,294.26,0.09,136.67,89.12,36.67
2026-06-01 14:45:00,0,-85.6,443.2,0.0,43.21,27.04,157.85,0.34,71.1,77.58,36.8
2026-06-01 14:50:00,0,-85.6,443.2,0.0,43.53,26.98,339.38,0.08,166.23,97.35,35.61
2026-06-01 14:55:00,0,-85.6,443.2,0.0,43.43,24.94,229.56,0.16,110.94,83.01,37.51
2026-06-01 15:00:00,0,-85.6,443.2,0.0,43.04,25.72,244.74,0.14,113.27,83.71,35.36
2026-06-01 15:05:00,0,-85.6,443.2,0.0,42.32,24.7,200.37,0.19,90.08,79.21,37.78
2026-06-01 15:10:00,0,-85.6,443.2,0.0,42.75,24.21,229.79,0.14,108.86,82.3,36.56
2026-06-01 15:15:00,0,-85.6,443.2,0.0,42.67,23.25,230.0,0.14,102.03,80.67,36.15
2026-06-01 15:20:00,0,-85.6,443.2,0.0,42.89,22.81,254.9,0.1,114.24,82.81,36.54
2026-06-01 15:25:00,0,-85.6,443.2,0.0,41.91,22.54,229.68,0.14,104.21,80.82,36.87
2026-06-01 15:30:00,0,-85.6,443.2,0.0,41.96,23.0,262.23,0.1,121.07,84.32,36.13
2026-06-01 15:35:00,0,-85.6,443.2,0.0,41.36,22.14,242.39,0.11,118.36,83.45,35.44
2026-06-01 15:40:00,0,-85.6,443.2,0.0,42.41,22.65,311.99,0.07,150.89,91.44,36.86
2026-06-01 15:45:00,0,-85.6,443.2,0.0,42.46,22.36,293.77,0.08,142.0,89.01,34.03
2026-06-01 15:50:00,0,-85.6,443.2,0.0,42.72,22.03,243.47,0.12,115.9,82.92,37.22
2026-06-01 15:55:00,0,-85.6,443.2,0.0,42.58,22.49,282.4,0.09,129.94,86.13,35.59
2026-06-01 16:00:00,0,-85.6,443.2,0.0,42.06,20.74,222.21,0.13,100.41,79.47,35.39
2026-06-01 16:05:00,0,-85.6,443.2,0.0,40.66,21.35,169.23,0.23,82.21,76.89,34.25
2026-06-01 16:10:00,0,-85.6,443.2,0.0,41.31,20.56,201.39,0.15,95.13,78.52,34.76
2026-06-01 16:15:00,0,-85.6,443.2,0.0,40.98,21.18,223.25,0.13,104.29,80.34,33.98
2026-06-01 16:20:00,0,-85.6,443.2,0.0,40.54,18.39,276.75,0.08,135.34,85.96,33.52
2026-06-01 16:25:00,0,-85.6,443.2,0.0,40.92,20.68,240.57,0.12,107.58,80.77,36.5
2026-06-01 16:30:00,0,-85.6,443.2,0.0,40.83,16.69,208.5,0.13,92.52,76.68,36.05
2026-06-01 16:35:00,0,-85.6,443.2,0.0,41.42,20.44,278.27,0.09,130.94,85.64,34.52
2026-06-01 16:40:00,0,-85.6,443.2,0.0,40.67,17.34,280.21,0.07,143.47,87.61,34.13
2026-06-01 16:45:00,0,-85.6,443.2,0.0,41.1,16.65,198.47,0.14,90.64,76.38,33.78
2026-06-01 16:50:00,0,-85.6,443.2,0.0,40.01,16.33,234.95,0.1,109.13,79.51,33.94
2026-06-01 16:55:00,0,-85.6,443.2,0.0,39.57,16.37,217.39,0.11,104.37,78.63,33.48
2026-06-01 17:00:00,0,-85.6,443.2,0.0,39.63,15.21,230.29,0.09,111.98,79.66,32.41
2026-06-01 17:05:00,0,-85.6,443.2,0.0,39.22,15.56,341.71,0.04,158.93,91.13,34.12
2026-06-01 17:10:00,0,-85.6,443.2,0.0,39.07,15.55,161.58,0.18,75.97,73.87,35.05
2026-06-01 17:15:00,0,-85.6,443.2,0.0,39.3,15.02,245.19,0.07,106.78,78.53,32.7
2026-06-01 17:20:00,0,-85.6,443.2,0.0,40.38,15.11,365.23,0.04,177.71,96.67,32.3
2026-06-01 17:25:00,0,-85.6,443.2,0.0,39.09,12.55,208.25,0.1,104.14,77.23,33.6
2026-06-01 17:30:00,0,-85.6,443.2,0.0,38.83,14.35,350.51,0.04,167.82,93.32,31.4
2026-06-01 17:35:00,0,-85.6,443.2,0.0,38.9,14.18,218.81,0.1,108.4,78.61,32.74
2026-06-01 17:40:00,0,-85.6,443.2,0.0,39.1,13.96,235.51,0.08,114.54,91.07,33.65
2026-06-01 17:45:00,0,-85.6,443.2,0.0,38.4,11.92,276.85,0.05,132.6,82.97,30.66
2026-06-01 17:50:00,0,-85.6,443.2,0.0,38.41,12.79,316.48,0.04,150.62,87.84,33.18
2026-06-01 17:55:00,0,-85.6,443.2,0.0,37.4,10.76,237.34,0.06,115.65,78.79,32.5
2026-06-01 18:00:00,0,-85.6,443.2,0.0,37.94,10.13,158.43,0.11,73.47,71.5,31.61
2026-06-01 18:05:00,0,-85.6,443.2,0.0,38.54,11.26,236.9,0.06,105.84,77.01,31.29
2026-06-01 18:10:00,0,-85.6,443.2,0.0,37.14,10.17,257.27,0.05,125.36,80.67,33.11
2026-06-01 18:15:00,0,-85.6,443.2,0.0,38.33,10.67,124.3,0.22,61.28,70.43,31.78
2026-06-01 18:20:00,0,-85.6,443.2,0.0,37.63,10.87,221.46,0.07,101.85,76.15,34.27
2026-06-01 18:25:00,0,-85.6,443.2,0.0,37.58,10.19,154.09,0.13,75.04,71.76,32.7
2026-06-01 18:30:00,0,-85.6,443.2,0.0,36.65,8.6,264.79,0.04,125.1,80.04,31.47
2026-06-01 18:35:00,0,-85.6,443.2,0.0,37.16,9.26,261.76,0.05,123.19,79.87,32.62
2026-06-01 18:40:00,0,-85.6,443.2,0.0,36.98,9.24,304.44,0.03,135.17,82.61,32.02
2026-06-01 18:45:00,0,-85.6,443.2,0.0,37.07,7.24,269.13,0.03,123.39,79.17,29.87
2026-06-01 18:50:00,0,-85.6,443.2,0.0,36.81,7.85,203.34,0.06,96.74,74.16,31.27
2026-06-01 18:55:00,0,-85.6,443.2,0.0,36.88,8.71,232.55,0.05,107.18,76.35,31.05
2026-06-01 19:00:00,0,-85.6,443.2,0.0,35.63,6.61,240.74,0.03,120.48,78.3,31.83
2026-06-01 19:05:00,0,-85.6,443.2,0.0,36.5,7.62,198.6,0.06,92.24,73.31,31.25
2026-06-01 19:10:00,0,-85.6,443.2,0.0,36.27,8.94,290.41,0.03,127.17,80.61,30.54
2026-06-01 19:15:00,0,-85.6,443.2,0.0,35.51,8.21,204.41,0.06,91.69,73.43,30.83
2026-06-01 19:20:00,0,-85.6,443.2,0.0,35.87,7.4,301.22,0.03,144.0,84.18,29.6
2026-06-01 19:25:00,0,-85.6,443.2,0.0,36.18,7.13,262.74,0.03,118.74,78.11,29.62
2026-06-01 19:30:00,0,-85.6,443.2,0.0,36.5,6.62,241.12,0.03,113.33,76.8,30.18
2026-06-01 19:35:00,0,-85.6,443.2,0.0,35.15,4.59,207.12,0.04,101.39,73.8,31.16
2026-06-01 19:40:00,0,-85.6,443.2,0.0,34.95,4.99,236.19,0.03,118.1,77.22,30.56
2026-06-01 19:45:00,0,-85.6,443.2,0.0,34.62,4.79,274.3,0.02,127.85,79.29,28.72
2026-06-01 19:50:00,0,-85.6,443.2,0.0,34.1,4.83,174.17,0.05,85.18,71.18,30.87
2026-06-01 19:55:00,0,-85.6,443.2,0.0,35.52,6.69,270.35,0.03,119.16,78.04,29.57
2026-06-01 20:00:00,0,-85.6,443.2,0.0,34.57,6.33,289.86,0.02,140.55,82.9,28.39
2026-06-01 20:05:00,0,-85.6,443.2,0.0,34.71,6.67,211.96,0.04,97.39,73.81,28.76
2026-06-01 20:10:00,0,-85.6,443.2,0.0,33.93,7.51,310.87,0.03,152.58,86.51,29.23
2026-06-01 20:15:00,0,-85.6,443.2,0.0,34.89,6.1,153.14,0.09,65.98,69.1,29.04
2026-06-01 20:20:00,0,-85.6,443.2,0.0,33.89,5.7,214.21,0.04,99.48,73.84,29.62
2026-06-01 20:25:00,0,-85.6,443.2,0.0,34.07,7.29,197.17,0.06,91.94,73.14,28.6
2026-06-01 20:30:00,0,-85.6,443.2,0.0,33.55,6.93,190.02,0.06,83.7,71.71,27.64
2026-06-01 20:35:00,0,-85.6,443.2,0.0,33.72,7.77,286.48,0.03,137.89,82.76,28.1
2026-06-01 20:40:00,0,-85.6,443.2,0.0,33.86,7.61,290.21,0.03,141.45,83.59,28.01
2026-06-01 20:45:00,0,-85.6,443.2,0.0,32.91,7.2,283.43,0.03,143.23,83.91,27.85
2026-06-01 20:50:00,0,-85.6,443.2,0.0,33.37,7.94,292.65,0.03,135.02,82.11,28.19
2026-06-01 20:55:00,0,-85.6,443.2,0.0,32.21,8.42,281.32,0.04,135.6,82.44,27.67
2026-06-01 21:00:00,0,-85.6,443.2,0.0,33.87,7.37,303.05,0.03,143.99,84.16,26.96
2026-06-01 21:05:00,0,-85.6,443.2,0.0,32.62,5.88,187.04,0.05,87.52,71.91,27.73
2026-06-01 21:10:00,0,-85.6,443.2,0.0,32.9,7.55,264.09,0.03,120.68,78.67,28.63
2026-06-01 21:15:00,0,-85.6,443.2,0.0,32.21,6.26,278.94,0.03,128.99,80.08,28.69
2026-06-01 21:20:00,0,-85.6,443.2,0.0,31.61,7.82,217.81,0.05,99.98,74.69,27.64
2026-06-01 21:25:00,0,-85.6,443.2,0.0,33.25,7.03,319.2,0.02,152.39,86.26,27.8
2026-06-01 21:30:00,0,-85.6,443.2,0.0,32.36,9.17,163.36,0.11,76.35,71.54,25.08
2026-06-01 21:35:00,0,-85.6,443.2,0.0,33.29,10.34,259.49,0.05,123.56,80.32,27.87
2026-06-01 21:40:00,0,-85.6,443.2,0.0,31.35,9.74,228.43,0.06,103.08,75.95,27.84
2026-06-01 21:45:00,0,-85.6,443.2,0.0,33.1,10.07,236.0,0.06,103.45,76.14,26.73
2026-06-01 21:50:00,0,-85.6,443.2,0.0,31.61,10.84,242.62,0.06,113.91,78.45,28.59
2026-06-01 21:55:00,0,-85.6,443.2,0.0,31.67,10.34,299.7,0.04,136.1,83.23,27.48
2026-06-01 22:00:00,0,-85.6,443.2,0.0,32.23,11.39,265.82,0.05,124.03,80.79,27.66
2026-06-01 22:05:00,0,-85.6,443.2,0.0,31.81,10.45,173.36,0.12,79.49,72.44,27.52
2026-06-01 22:10:00,0,-85.6,443.2,0.0,32.01,10.35,243.77,0.06,117.89,79.11,27.16
2026-06-01 22:15:00,0,-85.6,443.2,0.0,32.07,12.17,293.55,0.05,147.31,86.75,28.03
2026-06-01 22:20:00,0,-85.6,443.2,0.0,31.12,11.18,288.4,0.04,134.11,83.04,28.69
2026-06-01 22:25:00,0,-85.6,443.2,0.0,31.05,12.13,165.01,0.15,76.17,72.63,25.55
2026-06-01 22:30:00,0,-85.6,443.2,0.0,31.98,12.6,182.48,0.11,84.38,73.9,26.16
2026-06-01 22:35:00,0,-85.6,443.2,0.0,31.51,13.65,237.5,0.08,112.85,79.26,25.16
2026-06-01 22:40:00,0,-85.6,443.2,0.0,31.91,13.92,214.88,0.1,104.37,77.73,24.76
2026-06-01 22:45:00,0,-85.6,443.2,0.0,32.52,13.08,247.53,0.07,110.92,78.65,25.14
2026-06-01 22:50:00,0,-85.6,443.2,0.0,30.77,12.73,227.94,0.08,103.05,77.03,27.14
2026-06-01 22:55:00,0,-85.6,443.2,0.0,30.6,12.69,265.18,0.06,131.9,83.07,25.26
2026-06-01 23:00:00,0,-85.6,443.2,0.0,31.94,12.29,253.9,0.05,116.24,79.42,25.04
2026-06-01 23:05:00,0,-85.6,443.2,0.0,31.35,12.72,288.13,0.05,144.73,86.26,24.54
2026-06-01 23:10:00,0,-85.6,443.2,0.0,30.74,12.98,328.51,0.04,159.21,90.29,23.93
2026-06-01 23:15:00,0,-85.6,443.2,0.0,31.01,13.31,255.87,0.07,116.36,79.84,23.36
2026-06-01 23:20:00,0,-85.6,443.2,0.0,31.39,13.61,345.49,0.04,160.75,90.96,24.83
2026-06-01 23:25:00,0,-85.6,443.2,0.0,30.27,12.32,235.99,0.07,108.36,77.88,23.97
2026-06-01 23:30:00,0,-85.6,443.2,0.0,30.54,14.36,262.44,0.07,129.64,83.15,25.89
2026-06-01 23:35:00,0,-85.6,443.2,0.0,31.45,13.57,215.66,0.1,98.61,76.56,24.01
2026-06-01 23:40:00,0,-85.6,443.2,0.0,30.76,15.64,288.67,0.06,127.1,82.99,23.99
2026-06-01 23:45:00,0,-85.6,443.2,0.0,31.0,15.56,261.89,0.07,133.24,84.42,27.05
2026-06-01 23:50:00,0,-85.6,443.2,0.0,30.59,14.37,293.52,0.05,124.99,82.05,23.49
2026-06-01 23:55:00,0,-85.6,443.2,0.0,30.5,15.98,222.03,0.1,103.52,78.3,23.55
2026-06-02 00:00:00,0,150.0,151.68,0.0,31.2,15.16,235.24,0.09,109.02,79.04,22.04
2026-06-02 00:05:00,0,150.0,151.68,0.0,30.36,17.32,249.05,0.09,112.06,80.4,23.11
2026-06-02 00:10:00,0,150.0,151.68,0.0,30.74,18.0,311.31,0.06,152.28,103.13,22.23
2026-06-02 00:15:00,0,150.0,151.68,0.0,30.33,17.58,271.05,0.07,126.55,83.56,23.39
2026-06-02 00:20:00,0,150.0,151.68,0.0,31.08,15.57,223.99,0.1,102.79,78.02,23.53
2026-06-02 00:25:00,0,150.0,151.68,0.0,31.73,16.33,142.23,0.27,64.16,72.82,24.66
2026-06-02 00:30:00,0,150.0,151.68,0.0,30.85,17.61,234.72,0.1,113.6,80.83,22.04
2026-06-02 00:35:00,0,150.0,151.68,0.0,30.97,17.57,314.57,0.06,149.39,89.21,21.99
2026-06-02 00:40:00,0,150.0,151.68,0.0,31.21,16.38,263.52,0.07,117.44,81.15,22.38
2026-06-02 00:45:00,0,150.0,151.68,0.0,31.59,19.12,167.93,0.23,86.36,76.72,22.17
2026-06-02 00:50:00,0,150.0,151.68,0.0,31.64,17.84,351.81,0.05,167.76,94.53,22.69
2026-06-02 00:55:00,0,150.0,151.68,0.0,31.42,18.17,243.79,0.09,107.83,79.86,22.57
2026-06-02 01:00:00,0,150.0,151.68,0.0,30.21,19.1,246.25,0.1,115.34,81.71,23.88
2026-06-02 01:05:00,0,150.0,151.68,0.0,31.35,18.09,218.5,0.13,98.01,78.09,22.03
2026-06-02 01:10:00,0,150.0,151.68,0.0,30.6,18.24,242.7,0.1,118.69,82.12,21.96
2026-06-02 01:15:00,0,150.0,151.68,0.0,30.48,19.16,263.31,0.09,127.35,84.34,21.01
2026-06-02 01:20:00,0,150.0,151.68,0.0,30.75,18.85,324.4,0.06,153.46,90.77,22.68
2026-06-02 01:25:00,0,150.0,151.68,0.0,31.13,18.6,234.44,0.11,114.42,81.37,19.57
2026-06-02 01:30:00,0,150.0,151.68,0.0,31.77,19.09,254.54,0.1,114.31,81.5,20.9
2026-06-02 01:35:00,0,150.0,151.68,0.0,32.05,20.11,269.46,0.09,132.69,85.92,22.09
2026-06-02 01:40:00,0,150.0,151.68,0.0,31.61,18.11,329.96,0.05,158.98,92.05,22.25
2026-06-02 01:45:00,0,150.0,151.68,0.0,31.28,19.15,196.6,0.15,97.3,78.38,21.32
2026-06-02 01:50:00,0,150.0,151.68,0.0,32.4,19.07,212.21,0.14,102.46,79.26,21.12
2026-06-02 01:55:00,0,150.0,151.68,0.0,32.45,20.2,272.56,0.09,123.48,83.83,20.16
2026-06-02 02:00:00,0,150.0,151.68,0.0,32.01,19.13,276.98,0.08,129.54,84.82,19.63
2026-06-02 02:05:00,0,150.0,151.68,0.0,33.04,20.68,196.86,0.18,96.3,78.81,20.4
2026-06-02 02:10:00,0,150.0,151.68,0.0,31.7,18.61,310.75,0.07,138.96,86.89,20.6
2026-06-02 02:15:00,0,150.0,151.68,0.0,32.63,18.15,314.26,0.06,153.29,90.48,21.63
2026-06-02 02:20:00,0,150.0,151.68,0.0,32.0,18.68,179.86,0.2,82.25,75.89,18.33
2026-06-02 02:25:00,0,150.0,151.68,0.0,31.62,18.05,265.58,0.09,124.17,83.23,19.87
2026-06-02 02:30:00,0,150.0,151.68,0.0,32.04,18.81,319.27,0.05,140.17,87.23,18.43
2026-06-02 02:35:00,0,150.0,151.68,0.0,32.52,17.61,227.28,0.11,110.95,80.32,20.17
2026-06-02 02:40:00,0,150.0,151.68,0.0,32.39,19.36,225.62,0.12,100.56,78.98,19.31
2026-06-02 02:45:00,0,150.0,151.68,0.0,33.61,17.19,130.06,0.33,62.33,73.03,19.17
2026-06-02 02:50:00,0,150.0,151.68,0.0,32.37,17.92,295.77,0.06,145.56,88.32,20.61
2026-06-02 02:55:00,0,150.0,151.68,0.0,33.07,17.38,252.66,0.08,117.12,81.45,18.46
2026-06-02 03:00:00,0,150.0,151.68,0.0,33.04,17.22,316.33,0.05,153.04,90.07,19.22
2026-06-02 03:05:00,0,150.0,151.68,0.0,34.1,17.67,227.36,0.11,105.17,79.22,20.63
2026-06-02 03:10:00,0,150.0,151.68,0.0,33.65,15.95,325.13,0.05,163.15,92.5,19.44
2026-06-02 03:15:00,0,150.0,151.68,0.0,34.08,15.64,259.71,0.07,118.38,81.09,17.69
2026-06-02 03:20:00,0,150.0,151.68,0.0,34.22,14.94,263.8,0.07,124.37,82.15,18.56
2026-06-02 03:25:00,0,150.0,151.68,0.0,33.3,15.96,241.05,0.09,117.8,81.12,18.24
2026-06-02 03:30:00,0,150.0,151.68,0.0,33.98,14.87,234.64,0.09,104.46,78.07,18.54
2026-06-02 03:35:00,0,150.0,151.68,0.0,34.19,16.07,308.77,0.05,160.11,91.66,19.63
2026-06-02 03:40:00,0,150.0,151.68,0.0,33.18,14.45,216.1,0.1,108.0,78.62,17.93
2026-06-02 03:45:00,0,150.0,151.68,0.0,33.53,15.03,244.55,0.07,115.41,80.25,19.38
2026-06-02 03:50:00,0,150.0,151.68,0.0,33.89,15.23,224.55,0.1,108.75,79.04,17.36
2026-06-02 03:55:00,0,150.0,151.68,0.0,34.3,14.02,176.47,0.14,86.08,74.72,17.78
2026-06-02 04:00:00,0,150.0,151.68,0.0,35.13,13.63,244.97,0.07,121.14,80.98,16.99
2026-06-02 04:05:00,0,150.0,151.68,0.0,34.7,13.13,194.11,0.11,88.42,74.72,18.67
2026-06-02 04:10:00,0,150.0,151.68,0.0,34.72,13.78,310.03,0.05,141.72,85.86,16.64
2026-06-02 04:15:00,0,150.0,151.68,0.0,35.11,13.66,303.91,0.04,146.26,86.98,16.62
2026-06-02 04:20:00,0,150.0,151.68,0.0,34.77,13.7,257.07,0.07,126.98,82.31,16.29
2026-06-02 04:25:00,0,150.0,151.68,0.0,35.31,12.0,227.02,0.07,111.12,78.32,16.21
2026-06-02 04:30:00,0,150.0,151.68,0.0,36.24,12.4,225.71,0.08,107.34,77.74,18.21
2026-06-02 04:35:00,0,150.0,151.68,0.0,35.97,12.73,215.55,0.08,98.42,76.2,18.17
2026-06-02 04:40:00,0,150.0,151.68,0.0,36.59,11.23,266.12,0.05,126.79,81.37,17.34
2026-06-02 04:45:00,0,150.0,151.68,0.0,35.36,10.84,322.73,0.03,150.89,87.21,17.96
2026-06-02 04:50:00,0,150.0,151.68,0.0,35.39,11.4,259.75,0.06,125.9,81.24,16.43
2026-06-02 04:55:00,0,150.0,151.68,0.0,37.02,10.82,227.72,0.06,107.25,77.13,16.31
2026-06-02 05:00:00,0,150.0,151.68,0.0,36.67,9.21,266.08,0.04,122.19,79.61,15.46
2026-06-02 05:05:00,0,150.0,151.68,0.0,36.6,9.27,238.8,0.05,107.57,76.63,15.58
2026-06-02 05:10:00,0,150.0,151.68,0.0,35.76,9.43,260.86,0.05,129.89,81.45,14.7
2026-06-02 05:15:00,0,150.0,151.68,0.0,37.48,10.38,269.2,0.05,127.0,81.12,16.52
2026-06-02 05:20:00,0,150.0,151.68,0.0,36.45,10.3,269.07,0.05,127.52,81.21,15.87
2026-06-02 05:25:00,0,150.0,151.68,0.0,37.55,8.0,250.72,0.04,114.02,77.45,14.97
2026-06-02 05:30:00,0,150.0,151.68,0.0,36.15,8.59,215.83,0.06,106.79,76.26,15.24
2026-06-02 05:35:00,0,150.0,151.68,0.0,36.72,8.58,248.3,0.04,109.89,76.82,16.01
2026-06-02 05:40:00,0,150.0,151.68,0.0,37.95,8.71,239.6,0.04,107.45,76.39,15.22
2026-06-02 05:45:00,0,150.0,151.68,0.0,37.03,7.64,226.26,0.05,105.29,75.62,14.74
2026-06-02 05:50:00,0,150.0,151.68,0.0,37.6,7.83,261.29,0.04,128.84,80.63,13.81
2026-06-02 05:55:00,0,150.0,151.68,0.0,38.63,6.01,256.55,0.03,124.56,79.0,15.4
2026-06-02 06:00:00,0,150.0,151.68,0.0,37.83,7.19,290.25,0.03,136.22,82.15,14.13
2026-06-02 06:05:00,0,150.0,151.68,0.0,37.94,7.03,286.3,0.03,132.74,81.25,14.46
2026-06-02 06:10:00,0,150.0,151.68,0.0,38.93,6.8,254.69,0.03,114.48,77.11,14.24
2026-06-02 06:15:00,0,150.0,151.68,0.0,38.33,6.55,228.46,0.04,108.12,75.77,14.5
2026-06-02 06:20:00,0,150.0,151.68,0.0,38.65,6.27,228.09,0.04,108.2,75.68,14.93
2026-06-02 06:25:00,0,150.0,151.68,0.0,39.4,6.28,269.3,0.03,123.8,78.92,14.62
2026-06-02 06:30:00,0,150.0,151.68,0.0,39.03,4.95,252.93,0.03,116.46,76.87,12.75
2026-06-02 06:35:00,0,150.0,151.68,0.0,39.58,4.9,297.64,0.02,147.06,84.09,13.01
2026-06-02 06:40:00,0,150.0,151.68,0.0,38.94,4.23,318.67,0.01,144.2,83.09,13.7
2026-06-02 06:45:00,0,150.0,151.68,0.0,39.02,4.57,238.98,0.02,117.82,77.0,12.87
2026-06-02 06:50:00,0,150.0,151.68,0.0,39.42,4.79,224.14,0.03,104.76,74.49,13.43
2026-06-02 06:55:00,0,150.0,151.68,0.0,39.78,3.92,321.03,0.01,147.45,83.83,13.55
2026-06-02 07:00:00,0,150.0,151.68,0.0,39.78,3.6,264.0,0.02,135.34,80.66,13.67
2026-06-02 07:05:00,0,150.0,151.68,0.0,40.5,4.35,254.79,0.02,124.67,78.43,14.4
2026-06-02 07:10:00,0,150.0,151.68,0.0,40.19,5.71,193.48,0.05,86.48,71.7,10.88
2026-06-02 07:15:00,0,150.0,151.68,0.0,39.96,4.07,245.85,0.02,116.8,76.62,12.28
2026-06-02 07:20:00,0,150.0,151.68,0.0,40.04,3.58,162.23,0.04,70.94,68.74,14.11
2026-06-02 07:25:00,0,150.0,151.68,0.0,40.81,3.86,294.75,0.01,137.34,81.22,12.92
2026-06-02 07:30:00,0,150.0,151.68,0.0,40.97,3.92,265.97,0.02,131.19,79.78,9.86
2026-06-02 07:35:00,0,150.0,151.68,0.0,39.96,2.95,277.12,0.01,123.28,77.6,12.85
2026-06-02 07:40:00,0,150.0,151.68,0.0,41.05,4.1,238.5,0.02,113.47,75.94,11.97
2026-06-02 07:45:00,0,150.0,151.68,0.0,40.94,3.0,349.48,0.01,166.12,88.78,11.61
2026-06-02 07:50:00,0,150.0,151.68,0.0,42.04,2.95,249.05,0.02,119.43,76.79,12.67
2026-06-02 07:55:00,0,150.0,151.68,0.0,40.59,3.18,196.06,0.02,96.27,72.37,11.94
2026-06-02 08:00:00,0,150.0,151.68,0.0,41.37,3.72,263.47,0.02,122.73,77.78,12.85
2026-06-02 08:05:00,0,150.0,151.68,0.0,42.09,2.62,269.66,0.01,126.07,78.12,13.13
2026-06-02 08:10:00,0,150.0,151.68,0.0,42.23,3.4,225.48,0.02,107.67,74.54,12.78
2026-06-02 08:15:00,0,150.0,151.68,0.0,42.14,3.73,185.5,0.03,91.71,71.82,11.58
2026-06-02 08:20:00,0,150.0,151.68,0.0,41.61,4.15,350.94,0.01,165.53,89.01,10.68
2026-06-02 08:25:00,0,150.0,151.68,0.0,42.32,3.04,207.91,0.02,88.99,71.11,10.91
2026-06-02 08:30:00,0,150.0,151.68,0.0,42.07,3.55,204.32,0.03,99.94,73.17,11.6
2026-06-02 08:35:00,0,150.0,151.68,0.0,42.86,2.73,190.7,0.02,87.23,70.73,11.32
2026-06-02 08:40:00,0,150.0,151.68,0.0,42.43,3.56,205.14,0.03,98.36,72.89,11.93
2026-06-02 08:45:00,0,150.0,151.68,0.0,42.94,4.35,259.17,0.02,119.46,77.29,10.5
2026-06-02 08:50:00,0,150.0,151.68,0.0,43.41,2.76,232.0,0.01,105.46,73.88,11.0
2026-06-02 08:55:00,0,150.0,151.68,0.0,42.77,3.7,230.13,0.02,107.62,74.64,11.42
2026-06-02 09:00:00,0,150.0,151.68,0.0,43.33,4.11,247.22,0.02,118.76,77.05,10.91
2026-06-02 09:05:00,0,150.0,151.68,0.0,43.19,3.44,231.2,0.02,116.13,76.26,10.14
2026-06-02 09:10:00,0,150.0,151.68,0.0,43.02,3.97,258.92,0.02,125.31,78.44,8.01
2026-06-02 09:15:00,0,150.0,151.68,0.0,43.51,4.22,276.72,0.02,132.55,80.21,9.66
2026-06-02 09:20:00,0,150.0,151.68,0.0,43.59,4.06,197.41,0.03,96.07,72.67,11.08
2026-06-02 09:25:00,0,150.0,151.68,0.0,43.58,4.6,264.6,0.02,114.93,76.42,8.41
2026-06-02 09:30:00,0,150.0,151.68,0.0,44.0,4.76,238.09,0.03,116.5,76.82,9.54
2026-06-02 09:35:00,0,150.0,151.68,0.0,43.85,4.7,202.41,0.04,93.11,72.41,9.06
2026-06-02 09:40:00,0,150.0,151.68,0.0,43.45,5.31,314.02,0.02,152.94,85.83,9.36
2026-06-02 09:45:00,0,150.0,151.68,0.0,44.26,4.69,238.73,0.03,108.19,85.9,11.25
2026-06-02 09:50:00,0,150.0,151.68,0.0,43.92,5.02,246.62,0.03,117.12,77.05,9.29
2026-06-02 09:55:00,0,150.0,151.68,0.0,43.54,5.54,223.75,0.04,110.78,75.95,8.9
2026-06-02 10:00:00,0,150.0,151.68,0.0,44.63,5.35,235.51,0.03,127.48,79.44,7.56
2026-06-02 10:05:00,0,150.0,151.68,0.0,43.97,5.35,375.65,0.01,183.28,95.01,8.21
2026-06-02 10:10:00,0,150.0,151.68,0.0,43.99,7.06,225.33,0.04,111.79,76.68,9.11
2026-06-02 10:15:00,0,150.0,151.68,0.0,43.53,5.67,257.74,0.03,125.69,79.14,8.1
2026-06-02 10:20:00,0,150.0,151.68,0.0,46.1,5.64,300.1,0.02,147.68,84.53,8.56
2026-06-02 10:25:00,0,150.0,151.68,0.0,44.52,3.6,233.83,0.02,110.72,75.22,7.69
2026-06-02 10:30:00,0,150.0,151.68,0.0,43.67,5.04,278.42,0.02,132.89,80.58,8.47
2026-06-02 10:35:00,0,150.0,151.68,0.0,44.03,4.95,270.1,0.02,133.09,80.6,7.25
2026-06-02 10:40:00,0,150.0,151.68,0.0,44.39,5.0,242.0,0.03,110.22,75.63,7.04
2026-06-02 10:45:00,0,150.0,151.68,0.0,44.77,5.31,226.83,0.03,110.03,75.7,6.39
2026-06-02 10:50:00,0,150.0,151.68,0.0,44.26,4.84,246.08,0.02,115.4,76.6,7.63
2026-06-02 10:55:00,0,150.0,151.68,0.0,45.42,4.77,252.82,0.02,120.29,77.62,7.84
2026-06-02 11:00:00,0,150.0,151.68,0.0,44.64,4.93,251.16,0.02,110.55,90.52,7.93
2026-06-02 11:05:00,0,150.0,151.68,0.0,44.64,4.7,230.13,0.03,102.8,74.1,7.65
2026-06-02 11:10:00,0,150.0,151.68,0.0,44.62,4.76,234.44,0.03,113.9,76.29,7.01
2026-06-02 11:15:00,0,150.0,151.68,0.0,45.23,4.97,214.51,0.03,103.03,74.24,6.92
2026-06-02 11:20:00,0,150.0,151.68,0.0,45.09,5.76,206.9,0.04,101.49,74.25,7.36
2026-06-02 11:25:00,0,150.0,151.68,0.0,44.61,5.57,210.26,0.04,97.84,73.53,7.96
2026-06-02 11:30:00,0,150.0,151.68,0.0,45.59,5.73,319.54,0.02,160.74,88.19,6.47
2026-06-02 11:35:00,0,150.0,151.68,0.0,44.8,5.14,214.56,0.04,96.15,73.08,6.96
2026-06-02 11:40:00,0,150.0,151.68,0.0,45.61,5.3,218.23,0.03,97.06,73.28,6.53
2026-06-02 11:45:00,0,150.0,151.68,0.0,44.28,5.63,253.73,0.03,116.57,77.14,5.92
2026-06-02 11:50:00,0,150.0,151.68,0.0,44.3,5.96,243.51,0.03,111.68,76.25,8.05
2026-06-02 11:55:00,0,150.0,151.68,0.0,45.08,5.63,284.24,0.02,130.28,80.17,8.24
2026-06-02 12:00:00,0,150.0,151.68,0.0,45.13,5.69,288.85,0.02,134.59,81.22,7.22
2026-06-02 12:05:00,0,150.0,151.68,0.0,45.41,6.04,265.47,0.03,134.25,81.28,5.41
2026-06-02 12:10:00,0,150.0,151.68,0.0,44.93,4.78,283.52,0.02,143.38,83.1,5.3
2026-06-02 12:15:00,0,150.0,151.68,0.0,45.36,4.44,160.8,0.06,75.99,69.76,5.26
2026-06-02 12:20:00,0,150.0,151.68,0.0,44.97,4.56,173.94,0.05,75.86,69.76,4.29
2026-06-02 12:25:00,0,150.0,151.68,0.0,45.36,4.74,256.57,0.02,126.2,78.92,4.47
2026-06-02 12:30:00,0,150.0,151.68,0.0,44.57,4.61,350.91,0.01,167.99,103.29,5.06
2026-06-02 12:35:00,0,150.0,151.68,0.0,44.92,4.56,232.04,0.03,105.57,74.57,6.45
2026-06-02 12:40:00,0,150.0,151.68,0.0,45.57,4.67,240.3,0.03,114.29,76.34,4.57
2026-06-02 12:45:00,0,150.0,151.68,0.0,45.19,4.18,255.15,0.02,114.22,76.13,4.84
2026-06-02 12:50:00,0,150.0,151.68,0.0,44.28,4.42,204.86,0.03,97.75,73.09,4.4
2026-06-02 12:55:00,0,150.0,151.68,0.0,44.84,4.43,273.47,0.02,125.83,78.73,4.43
2026-06-02 13:00:00,0,150.0,151.68,0.0,44.87,4.4,223.76,0.02,105.95,74.57,3.25
2026-06-02 13:05:00,0,150.0,151.68,0.0,46.0,4.45,295.56,0.02,134.31,80.72,4.91
2026-06-02 13:10:00,0,150.0,151.68,0.0,44.28,4.09,268.6,0.02,130.01,79.57,4.94
2026-06-02 13:15:00,0,150.0,151.68,0.0,45.18,4.51,189.57,0.04,97.09,73.03,5.98
2026-06-02 13:20:00,0,150.0,151.68,0.0,44.77,3.66,256.18,0.02,119.63,77.09,3.08
2026-06-02 13:25:00,0,150.0,151.68,0.0,44.75,4.09,291.52,0.02,132.68,80.2,3.6
2026-06-02 13:30:00,0,150.0,151.68,0.0,42.7,3.69,251.35,0.02,112.23,75.55,4.42
2026-06-02 13:35:00,0,150.0,151.68,0.0,44.21,3.83,240.93,0.02,109.98,75.15,3.97
2026-06-02 13:40:00,0,150.0,151.68,0.0,43.97,3.75,332.67,0.01,151.72,84.93,3.82
2026-06-02 13:45:00,0,150.0,151.68,0.0,44.4,3.86,221.51,0.02,103.44,73.9,4.09
2026-06-02 13:50:00,0,150.0,151.68,0.0,44.77,3.39,192.13,0.03,90.13,71.44,4.28
2026-06-02 13:55:00,0,150.0,151.68,0.0,44.68,3.43,241.07,0.02,111.55,75.32,4.69
2026-06-02 14:00:00,0,150.0,151.68,0.0,44.29,3.3,228.23,0.02,108.99,74.77,3.79
2026-06-02 14:05:00,0,150.0,151.68,0.0,44.04,3.3,293.08,0.01,143.97,82.71,3.08
2026-06-02 14:10:00,0,150.0,151.68,0.0,44.25,3.02,276.36,0.01,130.44,79.27,1.07
2026-06-02 14:15:00,0,150.0,151.68,0.0,42.93,3.14,316.6,0.01,148.8,83.93,4.68
2026-06-02 14:20:00,0,150.0,151.68,0.0,43.47,2.89,272.71,0.01,133.68,80.0,2.45
2026-06-02 14:25:00,0,150.0,151.68,0.0,43.7,2.75,241.21,0.01,121.41,77.13,2.71
2026-06-02 14:30:00,0,150.0,151.68,0.0,43.6,2.7,293.54,0.01,144.3,82.59,1.56
2026-06-02 14:35:00,0,150.0,151.68,0.0,42.7,2.68,308.94,0.01,143.21,82.29,2.27
2026-06-02 14:40:00,0,150.0,151.68,0.0,42.86,2.42,281.88,0.01,129.72,78.89,0.16
2026-06-02 14:45:00,0,150.0,151.68,0.0,42.71,2.26,277.71,0.01,126.44,78.08,2.71
2026-06-02 14:50:00,0,150.0,151.68,0.0,43.57,2.08,261.8,0.01,122.51,77.14,1.31
2026-06-02 14:55:00,0,150.0,151.68,0.0,42.85,2.03,334.72,0.01,159.88,86.62,2.13
2026-06-02 15:00:00,0,150.0,151.68,0.0,42.84,1.71,311.26,0.01,154.81,85.07,2.22
2026-06-02 15:05:00,0,150.0,151.68,0.0,42.36,1.67,199.95,0.01,95.12,71.63,0.67
2026-06-02 15:10:00,0,150.0,151.68,0.0,42.5,1.65,235.96,0.01,107.43,73.87,3.05
2026-06-02 15:15:00,0,150.0,151.68,0.0,42.19,1.43,214.97,0.01,100.16,72.43,0.89
2026-06-02 15:20:00,0,150.0,151.68,0.0,42.54,1.34,203.39,0.01,95.15,71.52,1.6
2026-06-02 15:25:00,0,150.0,151.68,0.0,43.13,1.21,255.5,0.01,123.06,76.95,1.09
2026-06-02 15:30:00,0,150.0,151.68,0.0,42.74,1.16,209.65,0.01,100.43,72.38,1.6
2026-06-02 15:35:00,0,150.0,151.68,0.0,41.6,0.98,281.34,0.0,127.42,77.83,0.0
2026-06-02 15:40:00,0,150.0,151.68,0.0,42.19,0.88,217.15,0.01,100.42,72.28,2.37
2026-06-02 15:45:00,0,150.0,151.68,0.0,42.05,0.8,277.41,0.0,131.68,78.76,0.5
2026-06-02 15:50:00,0,150.0,151.68,0.0,41.69,0.64,308.49,0.0,146.74,82.48,0.0
2026-06-02 15:55:00,0,150.0,151.68,0.0,42.07,0.48,166.76,0.01,78.4,77.59,0.27
2026-06-02 16:00:00,0,150.0,151.68,0.0,41.94,0.45,289.03,0.0,138.08,80.19,0.0
2026-06-02 16:05:00,0,150.0,151.68,0.0,40.78,0.32,300.65,0.0,149.12,83.0,0.81
2026-06-02 16:10:00,0,150.0,151.68,0.0,41.24,0.19,240.02,0.0,118.65,75.61,0.0
2026-06-02 16:15:00,0,150.0,151.68,0.0,41.23,0.09,269.33,0.0,125.05,76.98,1.79
2026-06-02 16:20:00,0,150.0,151.68,0.0,40.7,0.0,258.44,0.0,120.87,76.02,0.0
2026-06-02 16:25:00,0,150.0,151.68,0.0,40.96,0.0,334.9,0.0,152.44,100.12,0.0
2026-06-02 16:30:00,0,150.0,151.68,0.0,39.5,0.0,278.12,0.0,127.0,77.39,0.91
2026-06-02 16:35:00,0,150.0,151.68,0.0,41.16,0.0,210.0,0.0,106.28,73.04,0.0
2026-06-02 16:40:00,0,150.0,151.68,0.0,41.04,0.0,154.41,0.0,68.81,67.14,0.15
2026-06-02 16:45:00,0,150.0,151.68,0.0,39.85,0.0,254.88,0.0,115.58,74.9,0.0
2026-06-02 16:50:00,0,150.0,151.68,0.0,39.82,0.0,247.48,0.0,122.43,76.36,0.55
2026-06-02 16:55:00,0,150.0,151.68,0.0,39.28,0.0,313.38,0.0,144.29,81.61,0.8
2026-06-02 17:00:00,0,150.0,151.68,0.0,41.14,0.0,290.61,0.0,140.73,80.7,1.37
2026-06-02 17:05:00,0,150.0,151.68,0.0,38.69,0.0,289.52,0.0,142.23,81.08,0.0
2026-06-02 17:10:00,0,150.0,151.68,0.0,38.95,0.0,208.55,0.0,94.43,70.9,0.68
2026-06-02 17:15:00,0,150.0,151.68,0.0,38.11,0.0,254.14,0.0,121.33,76.12,0.21
2026-06-02 17:20:00,0,150.0,151.68,0.0,38.34,0.0,232.71,0.0,114.76,74.72,0.0
2026-06-02 17:25:00,0,150.0,151.68,0.0,39.34,0.0,297.88,0.0,139.07,80.28,0.79
2026-06-02 17:30:00,0,150.0,151.68,0.0,39.41,0.0,166.33,0.0,78.62,68.44,1.61
2026-06-02 17:35:00,0,150.0,151.68,0.0,38.59,0.0,211.41,0.0,98.39,71.58,0.45
2026-06-02 17:40:00,0,150.0,151.68,0.0,38.56,0.0,264.57,0.0,134.61,79.18,1.39
2026-06-02 17:45:00,0,150.0,151.68,0.0,38.56,0.0,329.05,0.0,159.75,104.43,0.21
2026-06-02 17:50:00,0,150.0,151.68,0.0,38.12,0.0,329.86,0.0,160.72,86.12,0.0
2026-06-02 17:55:00,0,150.0,151.68,0.0,38.2,0.0,229.49,0.0,109.05,73.57,0.0
2026-06-02 18:00:00,0,150.0,151.68,0.0,37.34,0.0,364.14,0.0,160.76,86.13,0.85
2026-06-02 18:05:00,0,150.0,151.68,0.0,36.73,0.0,294.05,0.0,142.4,81.12,1.13
2026-06-02 18:10:00,0,150.0,151.68,0.0,37.4,0.0,249.2,0.0,116.81,75.15,0.0
2026-06-02 18:15:00,0,150.0,151.68,0.0,38.2,0.0,190.52,0.0,89.97,70.16,0.0
2026-06-02 18:20:00,0,150.0,151.68,0.0,37.97,0.0,261.91,0.0,117.54,88.2,0.0
2026-06-02 18:25:00,0,150.0,151.68,0.0,37.73,0.0,243.27,0.0,112.43,74.25,1.87
2026-06-02 18:30:00,0,150.0,151.68,0.0,36.49,0.0,268.89,0.0,124.75,76.87,0.39
2026-06-02 18:35:00,0,150.0,151.68,0.0,36.67,0.0,292.19,0.0,131.37,78.4,0.33
2026-06-02 18:40:00,0,150.0,151.68,0.0,37.74,0.0,230.9,0.0,106.57,73.09,0.0
2026-06-02 18:45:00,0,150.0,151.68,0.0,36.24,0.0,218.49,0.0,97.23,71.38,0.0
2026-06-02 18:50:00,0,150.0,151.68,0.0,36.48,0.0,232.54,0.0,111.83,74.12,0.0
2026-06-02 18:55:00,0,150.0,151.68,0.0,36.28,0.0,233.89,0.0,103.32,72.47,0.0
2026-06-02 19:00:00,0,150.0,151.68,0.0,35.64,0.0,292.05,0.0,133.85,78.99,0.0
2026-06-02 19:05:00,0,150.0,151.68,0.0,36.17,0.0,192.69,0.0,92.64,70.59,0.0
2026-06-02 19:10:00,0,150.0,151.68,0.0,35.4,0.0,299.08,0.0,129.2,77.89,0.0
2026-06-02 19:15:00,0,150.0,151.68,0.0,36.31,0.0,190.96,0.0,86.14,69.55,0.25
2026-06-02 19:20:00,0,150.0,151.68,0.0,35.89,0.0,269.55,0.0,126.59,77.29,0.14
2026-06-02 19:25:00,0,150.0,151.68,0.0,35.23,0.0,221.8,0.0,104.83,72.76,0.95
2026-06-02 19:30:00,0,150.0,151.68,0.0,35.59,0.0,221.2,0.0,101.08,72.06,0.0
2026-06-02 19:35:00,0,150.0,151.68,0.0,35.04,0.0,279.46,0.0,128.67,77.77,0.0
2026-06-02 19:40:00,0,150.0,151.68,0.0,34.51,0.0,305.36,0.0,150.78,83.32,0.0
2026-06-02 19:45:00,0,150.0,151.68,0.0,36.03,0.0,248.34,0.0,110.46,73.85,1.0
2026-06-02 19:50:00,0,150.0,151.68,0.0,34.98,0.0,221.36,0.0,103.21,72.45,0.9
2026-06-02 19:55:00,0,150.0,151.68,0.0,35.04,0.0,217.49,0.0,106.17,73.01,0.0
2026-06-02 20:00:00,0,150.0,151.68,0.0,34.9,0.0,218.8,0.0,101.39,72.12,0.47
2026-06-02 20:05:00,0,150.0,151.68,0.0,34.81,0.0,282.57,0.0,130.61,78.22,1.09
2026-06-02 20:10:00,0,150.0,151.68,0.0,34.03,0.0,204.21,0.0,94.67,70.93,98.66
2026-06-02 20:15:00,0,150.0,151.68,0.0,33.99,27.15,220.93,0.18,108.97,83.41,98.01
2026-06-02 20:20:00,0,150.0,151.68,0.0,33.63,18.79,192.55,0.15,93.37,77.59,95.65
2026-06-02 20:25:00,0,150.0,151.68,0.0,33.88,24.75,293.01,0.08,131.54,87.26,97.35
2026-06-02 20:30:00,0,150.0,151.68,0.0,33.05,23.0,265.4,0.1,127.73,85.8,95.93
2026-06-02 20:35:00,0,150.0,151.68,0.0,33.29,22.86,291.24,0.09,143.51,89.58,96.88
2026-06-02 20:40:00,0,150.0,151.68,0.0,33.45,20.92,305.41,0.07,137.79,87.41,95.64
2026-06-02 20:45:00,0,150.0,151.68,0.0,32.37,26.2,196.9,0.2,98.72,81.2,97.38
2026-06-02 20:50:00,0,150.0,151.68,0.0,34.4,20.82,257.94,0.1,119.51,83.2,95.32
2026-06-02 20:55:00,0,150.0,151.68,0.0,33.37,23.21,330.79,0.07,153.66,92.38,96.85
2026-06-02 21:00:00,0,150.0,151.68,0.0,33.25,22.71,187.33,0.2,87.18,91.77,96.37
2026-06-02 21:05:00,0,150.0,151.68,0.0,32.83,31.85,300.84,0.12,134.73,90.59,95.15
2026-06-02 21:10:00,0,150.0,151.68,0.0,33.39,30.27,220.34,0.2,102.09,83.24,94.79
2026-06-02 21:15:00,0,150.0,151.68,0.0,32.67,32.71,234.79,0.18,106.94,84.96,95.0
2026-06-02 21:20:00,0,150.0,151.68,0.0,33.47,33.87,306.3,0.11,146.02,94.13,96.47
2026-06-02 21:25:00,0,150.0,151.68,0.0,32.37,27.33,300.27,0.1,137.35,89.6,94.32
2026-06-02 21:30:00,0,150.0,151.68,0.0,31.52,34.17,265.71,0.16,127.79,89.84,96.26
2026-06-02 21:35:00,0,150.0,151.68,0.0,32.27,40.5,233.81,0.22,106.49,87.68,94.56
2026-06-02 21:40:00,0,150.0,151.68,0.0,32.62,33.2,310.34,0.11,151.32,95.31,95.41
2026-06-02 21:45:00,0,150.0,151.68,0.0,31.76,29.93,223.99,0.2,98.7,82.5,95.1
2026-06-02 21:50:00,0,150.0,151.68,0.0,32.62,41.47,200.3,0.35,95.43,86.27,95.27
2026-06-02 21:55:00,0,150.0,151.68,0.0,32.43,33.95,155.19,0.43,71.34,80.18,93.82
2026-06-02 22:00:00,0,150.0,151.68,0.0,31.65,37.73,243.15,0.19,112.56,87.85,95.48
2026-06-02 22:05:00,0,150.0,151.68,0.0,31.54,36.13,206.41,0.29,93.1,83.89,94.76
2026-06-02 22:10:00,0,150.0,151.68,0.0,31.98,40.5,229.42,0.23,102.8,87.01,94.8
2026-06-02 22:15:00,0,150.0,151.68,0.0,31.75,37.03,199.06,0.29,90.67,83.8,94.03
2026-06-02 22:20:00,0,150.0,151.68,0.0,31.46,44.05,272.57,0.16,131.73,94.21,93.4
2026-06-02 22:25:00,0,150.0,151.68,0.0,31.93,58.41,210.76,0.45,100.4,93.28,94.68
2026-06-02 22:30:00,0,150.0,151.68,0.0,31.8,50.44,308.75,0.17,136.14,97.53,91.58
2026-06-02 22:35:00,0,150.0,151.68,0.0,30.96,53.93,263.79,0.24,122.89,95.81,92.04
2026-06-02 22:40:00,0,150.0,151.68,0.0,31.49,52.89,257.88,0.24,120.3,94.88,92.16
2026-06-02 22:45:00,0,150.0,151.68,0.0,30.58,54.13,220.75,0.35,102.83,92.02,91.79
2026-06-02 22:50:00,0,150.0,151.68,0.0,31.88,56.12,250.56,0.3,108.59,110.47,93.76
2026-06-02 22:55:00,0,150.0,151.68,0.0,29.94,54.13,294.32,0.2,132.35,97.97,92.93
2026-06-02 23:00:00,0,150.0,151.68,0.0,32.03,61.83,261.78,0.28,130.13,100.3,91.92
2026-06-02 23:05:00,0,150.0,151.68,0.0,30.89,61.76,224.36,0.39,100.03,94.26,93.79
2026-06-02 23:10:00,0,150.0,151.68,0.0,31.57,66.84,258.12,0.32,122.19,100.33,92.84
2026-06-02 23:15:00,0,150.0,151.68,0.0,30.88,63.9,278.07,0.26,126.99,100.26,92.87
2026-06-02 23:20:00,0,150.0,151.68,0.0,30.59,64.98,303.1,0.23,140.85,103.91,91.2
2026-06-02 23:25:00,0,150.0,151.68,0.0,31.34,65.47,247.33,0.36,120.07,99.47,91.72
2026-06-02 23:30:00,0,150.0,151.68,0.0,30.78,73.1,247.17,0.44,115.25,101.28,90.93
2026-06-02 23:35:00,0,150.0,151.68,0.0,31.26,67.27,295.19,0.25,139.07,104.31,90.7
2026-06-02 23:40:00,0,150.0,151.68,0.0,31.66,66.42,216.6,0.47,102.56,96.51,92.47
2026-06-02 23:45:00,0,150.0,151.68,0.0,32.45,83.57,265.11,0.38,131.21,108.37,90.89
2026-06-02 23:50:00,0,150.0,151.68,0.0,31.2,67.06,260.14,0.3,126.21,101.27,91.07
2026-06-02 23:55:00,0,150.0,151.68,0.0,31.64,81.17,194.11,0.66,83.46,98.86,90.62
2026-06-03 00:00:00,0,700.0,328.12,0.0,31.45,80.16,338.49,0.22,148.1,111.1,89.64
2026-06-03 00:05:00,0,700.0,328.12,0.0,31.7,82.06,260.0,0.38,121.68,105.67,91.17
2026-06-03 00:10:00,0,700.0,328.12,0.0,31.29,75.97,303.35,0.25,143.35,108.44,91.68
2026-06-03 00:15:00,0,700.0,328.12,0.0,30.43,78.07,276.43,0.33,130.58,119.71,90.56
2026-06-03 00:20:00,0,700.0,328.12,0.0,31.26,84.09,255.65,0.41,127.92,107.84,91.08
2026-06-03 00:25:00,0,700.0,328.12,0.0,31.91,83.66,291.21,0.31,133.54,108.81,91.61
2026-06-03 00:30:00,0,700.0,328.12,0.0,29.65,85.98,245.64,0.43,114.59,105.63,90.57
2026-06-03 00:35:00,0,700.0,328.12,0.0,31.43,92.86,273.31,0.41,131.03,111.63,91.35
2026-06-03 00:40:00,0,700.0,328.12,0.0,30.23,89.49,295.83,0.31,143.52,113.34,91.41
2026-06-03 00:45:00,0,700.0,328.12,0.0,30.77,97.38,306.78,0.33,142.09,115.77,89.65
2026-06-03 00:50:00,0,700.0,328.12,0.0,31.0,86.67,306.77,0.31,146.54,113.14,88.23
2026-06-03 00:55:00,0,700.0,328.12,0.0,31.09,91.79,242.88,0.53,114.03,107.75,88.46
2026-06-03 01:00:00,0,700.0,328.12,0.0,31.49,91.2,366.73,0.21,178.61,123.91,89.89
2026-06-03 01:05:00,0,700.0,328.12,0.0,32.19,93.96,288.63,0.34,135.9,113.05,89.82
2026-06-03 01:10:00,0,700.0,328.12,0.0,31.99,93.95,198.15,0.77,100.1,106.3,88.18
2026-06-03 01:15:00,0,700.0,328.12,0.0,31.61,99.15,342.97,0.27,147.33,117.64,88.15
2026-06-03 01:20:00,0,700.0,328.12,0.0,31.13,91.32,268.0,0.36,134.75,111.88,88.74
2026-06-03 01:25:00,0,700.0,328.12,0.0,31.75,103.78,237.54,0.59,117.43,112.77,86.59
2026-06-03 01:30:00,0,700.0,328.12,0.0,31.92,100.38,169.89,1.12,76.79,105.54,87.42
2026-06-03 01:35:00,0,700.0,328.12,0.0,30.77,93.14,247.9,0.5,121.16,109.67,87.33
2026-06-03 01:40:00,0,700.0,328.12,0.0,31.43,104.47,215.7,0.74,105.55,110.93,88.4
2026-06-03 01:45:00,0,700.0,328.12,0.0,32.12,99.02,299.77,0.35,137.28,115.18,86.21
2026-06-03 01:50:00,0,700.0,328.12,0.0,31.6,100.87,216.99,0.65,101.01,108.65,87.36
2026-06-03 01:55:00,0,700.0,328.12,0.0,32.61,103.75,275.19,0.45,129.58,115.18,86.88
2026-06-03 02:00:00,0,700.0,328.12,0.0,31.53,89.46,241.5,0.51,113.37,106.76,86.4
2026-06-03 02:05:00,0,700.0,328.12,0.0,31.57,93.55,304.18,0.32,138.84,113.59,86.09
2026-06-03 02:10:00,0,700.0,328.12,0.0,32.11,96.62,334.32,0.29,149.61,117.4,84.99
2026-06-03 02:15:00,0,700.0,328.12,0.0,32.82,94.37,213.37,0.67,101.54,106.51,86.92
2026-06-03 02:20:00,0,700.0,328.12,0.0,32.64,96.24,297.61,0.33,140.24,114.91,87.72
2026-06-03 02:25:00,0,700.0,328.12,0.0,33.46,104.51,275.3,0.44,133.86,116.45,86.78
2026-06-03 02:30:00,0,700.0,328.12,0.0,33.14,98.52,140.13,1.58,67.86,104.65,86.03
2026-06-03 02:35:00,0,700.0,328.12,0.0,33.71,98.53,289.4,0.38,139.96,115.74,87.66
2026-06-03 02:40:00,0,700.0,328.12,0.0,33.56,97.26,332.7,0.29,158.35,120.05,85.72
2026-06-03 02:45:00,0,700.0,328.12,0.0,32.58,103.27,252.4,0.5,119.57,112.87,85.44
2026-06-03 02:50:00,0,700.0,328.12,0.0,32.11,94.73,289.22,0.34,134.96,113.09,83.78
2026-06-03 02:55:00,0,700.0,328.12,0.0,33.62,98.47,211.48,0.64,101.51,107.88,85.08
2026-06-03 03:00:00,0,700.0,328.12,0.0,34.24,80.33,301.51,0.26,151.58,112.18,85.69
2026-06-03 03:05:00,0,700.0,328.12,0.0,33.83,79.26,195.84,0.65,88.7,98.99,85.0
2026-06-03 03:10:00,0,700.0,328.12,0.0,33.54,78.73,283.79,0.32,145.91,110.22,85.62
2026-06-03 03:15:00,0,700.0,328.12,0.0,34.0,85.67,233.29,0.5,108.12,104.37,83.67
2026-06-03 03:20:00,0,700.0,328.12,0.0,32.76,75.75,230.61,0.46,106.24,100.45,85.61
2026-06-03 03:25:00,0,700.0,328.12,0.0,33.48,80.15,314.87,0.26,143.83,110.05,84.09
2026-06-03 03:30:00,0,700.0,328.12,0.0,33.91,74.28,271.68,0.33,133.11,105.47,81.72
2026-06-03 03:35:00,0,700.0,328.12,0.0,33.06,72.01,287.22,0.28,136.26,105.34,83.07
2026-06-03 03:40:00,0,700.0,328.12,0.0,33.98,74.88,276.56,0.31,118.98,102.43,83.84
2026-06-03 03:45:00,0,700.0,328.12,0.0,35.0,70.03,278.88,0.29,135.68,104.52,83.31
2026-06-03 03:50:00,0,700.0,328.12,0.0,35.5,74.11,272.61,0.34,129.45,104.57,82.75
2026-06-03 03:55:00,0,700.0,328.12,0.0,34.4,73.55,201.08,0.6,91.86,97.4,83.65
2026-06-03 04:00:00,0,700.0,328.12,0.0,35.79,69.18,309.58,0.23,149.54,107.67,82.12
2026-06-03 04:05:00,0,700.0,328.12,0.0,34.94,58.91,280.09,0.23,130.93,99.37,82.9
2026-06-03 04:10:00,0,700.0,328.12,0.0,34.68,54.54,270.8,0.23,118.59,95.07,82.59
2026-06-03 04:15:00,0,700.0,328.12,0.0,35.05,49.3,223.07,0.28,106.52,90.89,82.27
2026-06-03 04:20:00,0,700.0,328.12,0.0,35.13,51.38,261.3,0.25,121.31,94.59,82.57
2026-06-03 04:25:00,0,700.0,328.12,0.0,35.58,51.31,309.26,0.17,146.77,100.55,81.94
2026-06-03 04:30:00,0,700.0,328.12,0.0,36.2,50.8,260.12,0.23,121.42,94.38,82.21
2026-06-03 04:35:00,0,700.0,328.12,0.0,35.56,54.35,276.33,0.22,125.57,96.52,81.78
2026-06-03 04:40:00,0,700.0,328.12,0.0,35.09,49.79,309.22,0.16,150.47,100.99,82.35
2026-06-03 04:45:00,0,700.0,328.12,0.0,35.48,46.23,253.46,0.23,128.76,94.43,81.33
2026-06-03 04:50:00,0,700.0,328.12,0.0,35.99,50.49,270.62,0.2,135.31,97.42,81.0
2026-06-03 04:55:00,0,700.0,328.12,0.0,35.75,45.32,217.35,0.28,101.52,100.38,82.48
2026-06-03 05:00:00,0,700.0,328.12,0.0,35.97,42.32,227.5,0.27,108.64,88.84,81.23
2026-06-03 05:05:00,0,700.0,328.12,0.0,35.82,44.86,318.09,0.15,167.5,104.12,80.53
2026-06-03 05:10:00,0,700.0,328.12,0.0,36.48,44.91,274.52,0.2,131.65,94.58,78.94
2026-06-03 05:15:00,0,700.0,328.12,0.0,36.51,44.96,194.54,0.36,93.5,87.19,80.61
2026-06-03 05:20:00,0,700.0,328.12,0.0,37.41,42.83,278.86,0.18,129.69,93.36,81.6
2026-06-03 05:25:00,0,700.0,328.12,0.0,37.41,39.67,191.54,0.37,90.37,84.84,80.48
2026-06-03 05:30:00,0,700.0,328.12,0.0,37.61,44.41,239.61,0.26,114.48,90.73,79.59
2026-06-03 05:35:00,0,700.0,328.12,0.0,37.09,34.49,309.93,0.11,148.5,95.01,80.14
2026-06-03 05:40:00,0,700.0,328.12,0.0,37.76,37.18,230.78,0.2,111.93,87.56,79.47
2026-06-03 05:45:00,0,700.0,328.12,0.0,36.92,36.79,262.22,0.16,119.61,88.94,80.81
2026-06-03 05:50:00,0,700.0,328.12,0.0,38.0,34.92,201.98,0.27,95.9,83.91,78.73
2026-06-03 05:55:00,0,700.0,328.12,0.0,38.31,31.87,172.91,0.34,81.82,80.73,80.61
2026-06-03 06:00:00,0,700.0,328.12,0.0,37.66,29.56,216.05,0.19,99.43,82.49,79.67
2026-06-03 06:05:00,0,700.0,328.12,0.0,37.96,31.23,316.23,0.09,150.07,94.25,80.51
2026-06-03 06:10:00,0,700.0,328.12,0.0,38.29,28.89,321.6,0.09,150.57,93.57,79.31
2026-06-03 06:15:00,0,700.0,328.12,0.0,38.84,29.97,276.87,0.13,125.25,87.74,79.56
2026-06-03 06:20:00,0,700.0,328.12,0.0,39.1,24.36,206.45,0.2,101.41,81.06,78.97
2026-06-03 06:25:00,0,700.0,328.12,0.0,38.86,27.37,212.3,0.18,105.89,82.9,79.27
2026-06-03 06:30:00,0,700.0,328.12,0.0,39.15,26.37,181.77,0.25,87.15,79.44,78.67
2026-06-03 06:35:00,0,700.0,328.12,0.0,38.9,27.6,187.55,0.25,89.43,80.23,78.74
2026-06-03 06:40:00,0,700.0,328.12,0.0,38.65,22.56,243.75,0.12,108.57,81.62,78.21
2026-06-03 06:45:00,0,700.0,328.12,0.0,39.11,25.73,276.05,0.11,126.89,86.59,78.05
2026-06-03 06:50:00,0,700.0,328.12,0.0,38.1,25.62,244.44,0.13,112.14,83.41,78.21
2026-06-03 06:55:00,0,700.0,328.12,0.0,39.75,24.6,296.07,0.09,136.39,88.41,77.31
2026-06-03 07:00:00,0,700.0,328.12,0.0,39.26,19.53,322.31,0.06,152.02,90.63,77.58
2026-06-03 07:05:00,0,700.0,328.12,0.0,39.09,18.35,238.0,0.1,110.4,80.46,77.76
2026-06-03 07:10:00,0,700.0,328.12,0.0,40.44,23.2,224.61,0.15,105.22,81.26,78.2
2026-06-03 07:15:00,0,700.0,328.12,0.0,39.06,21.72,290.84,0.08,133.22,86.61,77.56
2026-06-03 07:20:00,0,700.0,328.12,0.0,40.75,22.66,287.92,0.09,134.17,87.19,78.45
2026-06-03 07:25:00,0,700.0,328.12,0.0,40.63,22.12,310.11,0.08,138.93,88.15,77.94
2026-06-03 07:30:00,0,700.0,328.12,0.0,40.55,12.8,215.52,0.09,99.06,76.37,75.71
2026-06-03 07:35:00,0,700.0,328.12,0.0,40.88,15.89,195.62,0.13,88.66,75.77,77.23
2026-06-03 07:40:00,0,700.0,328.12,0.0,40.49,16.94,313.18,0.05,141.33,86.88,76.76
2026-06-03 07:45:00,0,700.0,328.12,0.0,40.48,14.9,358.77,0.03,170.87,94.43,78.07
2026-06-03 07:50:00,0,700.0,328.12,0.0,40.78,11.83,220.75,0.08,104.73,77.05,75.75
2026-06-03 07:55:00,0,700.0,328.12,0.0,41.94,16.48,216.78,0.11,103.01,78.42,75.74
2026-06-03 08:00:00,0,700.0,328.12,0.0,41.67,13.15,248.08,0.07,116.49,79.83,75.08
2026-06-03 08:05:00,0,700.0,328.12,0.0,41.34,11.62,294.5,0.04,144.13,85.72,76.37
2026-06-03 08:10:00,0,700.0,328.12,0.0,41.45,16.16,224.34,0.11,107.13,79.08,74.58
2026-06-03 08:15:00,0,700.0,328.12,0.0,41.93,16.7,211.38,0.14,93.72,76.91,75.28
2026-06-03 08:20:00,0,700.0,328.12,0.0,41.73,18.66,310.66,0.06,139.53,87.05,75.17
2026-06-03 08:25:00,0,700.0,328.12,0.0,41.9,15.7,273.13,0.06,129.83,83.66,76.54
2026-06-03 08:30:00,0,700.0,328.12,0.0,42.53,13.77,274.47,0.05,128.73,82.71,74.75
2026-06-03 08:35:00,0,700.0,328.12,0.0,42.55,16.91,280.9,0.08,129.94,84.15,76.46
2026-06-03 08:40:00,0,700.0,328.12,0.0,42.78,14.76,307.26,0.05,146.06,87.34,74.89
2026-06-03 08:45:00,0,700.0,328.12,0.0,43.27,16.49,278.66,0.06,135.58,85.32,75.72
2026-06-03 08:50:00,0,700.0,328.12,0.0,42.69,12.38,268.78,0.05,123.06,80.94,73.52
2026-06-03 08:55:00,0,700.0,328.12,0.0,43.01,15.37,271.3,0.07,136.05,85.06,75.28
2026-06-03 09:00:00,0,700.0,328.12,0.0,42.3,17.23,270.7,0.07,128.41,83.89,75.59
2026-06-03 09:05:00,0,700.0,328.12,0.0,41.72,18.17,243.2,0.11,113.96,81.14,75.57
2026-06-03 09:10:00,0,700.0,328.12,0.0,42.13,18.3,429.01,0.03,201.42,105.86,75.05
2026-06-03 09:15:00,0,700.0,328.12,0.0,43.09,16.47,179.7,0.15,86.44,75.67,75.46
2026-06-03 09:20:00,0,700.0,328.12,0.0,42.97,22.6,215.33,0.15,104.56,80.93,74.47
2026-06-03 09:25:00,0,700.0,328.12,0.0,43.48,19.74,258.03,0.1,128.36,84.82,75.28
2026-06-03 09:30:00,0,700.0,328.12,0.0,43.55,19.77,294.27,0.07,134.83,86.3,74.8
2026-06-03 09:35:00,0,700.0,328.12,0.0,43.72,20.14,258.31,0.09,127.12,84.65,73.39
2026-06-03 09:40:00,0,700.0,328.12,0.0,44.14,20.39,236.53,0.11,108.11,80.76,72.53
2026-06-03 09:45:00,0,700.0,328.12,0.0,43.93,25.63,201.12,0.2,92.09,79.89,74.4
2026-06-03 09:50:00,0,700.0,328.12,0.0,43.74,26.71,236.57,0.16,106.26,93.58,74.1
2026-06-03 09:55:00,0,700.0,328.12,0.0,44.33,22.43,252.54,0.12,118.7,83.66,73.05
2026-06-03 10:00:00,0,700.0,328.12,0.0,44.32,21.76,209.34,0.16,105.94,80.92,74.03
2026-06-03 10:05:00,0,700.0,328.12,0.0,44.36,29.12,269.91,0.14,126.22,87.69,72.46
2026-06-03 10:10:00,0,700.0,328.12,0.0,44.28,27.4,222.79,0.19,100.41,81.93,73.03
2026-06-03 10:15:00,0,700.0,328.12,0.0,44.13,29.18,259.26,0.14,135.07,102.77,72.1
2026-06-03 10:20:00,0,700.0,328.12,0.0,43.91,30.48,284.04,0.11,131.8,89.41,74.53
2026-06-03 10:25:00,0,700.0,328.12,0.0,44.87,30.63,363.54,0.07,173.99,100.99,71.83
2026-06-03 10:30:00,0,700.0,328.12,0.0,44.57,33.11,298.85,0.11,142.62,93.0,72.39
2026-06-03 10:35:00,0,700.0,328.12,0.0,44.82,31.5,253.96,0.16,118.43,86.85,70.76
2026-06-03 10:40:00,0,700.0,328.12,0.0,45.18,34.0,209.92,0.26,102.78,84.81,72.79
2026-06-03 10:45:00,0,700.0,328.12,0.0,44.15,33.8,258.72,0.16,126.08,89.34,72.04
2026-06-03 10:50:00,0,700.0,328.12,0.0,43.92,32.89,218.86,0.23,97.69,83.44,70.83
2026-06-03 10:55:00,0,700.0,328.12,0.0,45.4,35.29,215.81,0.24,105.24,85.68,71.72
2026-06-03 11:00:00,0,700.0,328.12,0.0,44.73,35.8,191.64,0.29,88.64,83.06,71.13
2026-06-03 11:05:00,0,700.0,328.12,0.0,45.44,39.95,359.98,0.1,166.85,102.13,70.73
2026-06-03 11:10:00,0,700.0,328.12,0.0,45.2,38.92,256.12,0.21,122.61,90.46,69.82
2026-06-03 11:15:00,0,700.0,328.12,0.0,44.46,42.49,252.09,0.22,110.28,89.14,71.09
2026-06-03 11:20:00,0,700.0,328.12,0.0,44.04,38.16,260.68,0.18,129.38,91.66,70.27
2026-06-03 11:25:00,0,700.0,328.12,0.0,45.07,45.63,255.88,0.22,120.81,92.43,70.83
2026-06-03 11:30:00,0,700.0,328.12,0.0,44.91,41.16,224.49,0.27,107.93,88.32,69.1
2026-06-03 11:35:00,0,700.0,328.12,0.0,44.33,38.12,232.32,0.22,105.11,86.61,70.91
2026-06-03 11:40:00,0,700.0,328.12,0.0,45.3,45.25,304.45,0.15,140.44,96.78,70.35
2026-06-03 11:45:00,0,700.0,328.12,0.0,44.69,46.23,360.89,0.12,160.17,102.39,70.14
2026-06-03 11:50:00,0,700.0,328.12,0.0,45.02,45.3,257.16,0.23,117.72,91.67,70.79
2026-06-03 11:55:00,0,700.0,328.12,0.0,44.12,50.44,330.22,0.14,165.81,105.56,68.4
2026-06-03 12:00:00,0,700.0,328.12,0.0,44.37,48.2,294.39,0.18,145.31,99.12,70.63
2026-06-03 12:05:00,0,700.0,328.12,0.0,45.29,48.36,229.09,0.32,104.95,90.36,69.6
2026-06-03 12:10:00,0,700.0,328.12,0.0,44.16,54.34,221.43,0.34,97.83,91.2,70.14
2026-06-03 12:15:00,0,700.0,328.12,0.0,44.59,50.45,297.27,0.2,146.15,100.17,67.86
2026-06-03 12:20:00,0,700.0,328.12,0.0,44.7,51.56,205.5,0.39,102.21,91.11,70.75
2026-06-03 12:25:00,0,700.0,328.12,0.0,45.37,51.6,203.68,0.39,98.52,90.46,68.36
2026-06-03 12:30:00,0,700.0,328.12,0.0,44.53,49.38,263.92,0.22,127.85,95.32,70.71
2026-06-03 12:35:00,0,700.0,328.12,0.0,45.01,53.47,358.58,0.13,161.07,119.66,67.44
2026-06-03 12:40:00,0,700.0,328.12,0.0,45.36,50.01,236.66,0.3,108.68,91.62,69.78
2026-06-03 12:45:00,0,700.0,328.12,0.0,44.88,55.05,214.74,0.37,104.69,92.76,68.2
2026-06-03 12:50:00,0,700.0,328.12,0.0,44.76,55.67,285.22,0.22,130.48,98.13,69.83
2026-06-03 12:55:00,0,700.0,328.12,0.0,45.22,49.6,254.5,0.24,125.06,94.8,68.11
2026-06-03 13:00:00,0,700.0,328.12,0.0,44.78,50.93,292.97,0.18,145.22,100.05,65.77
2026-06-03 13:05:00,0,700.0,328.12,0.0,45.07,56.33,248.35,0.31,122.76,96.78,66.69
2026-06-03 13:10:00,0,700.0,328.12,0.0,44.53,50.96,304.53,0.17,133.27,97.05,67.79
2026-06-03 13:15:00,0,700.0,328.12,0.0,44.18,58.4,292.86,0.21,138.44,120.65,68.46
2026-06-03 13:20:00,0,700.0,328.12,0.0,44.93,58.99,202.22,0.45,91.95,92.04,67.54
2026-06-03 13:25:00,0,700.0,328.12,0.0,45.27,57.34,288.71,0.22,144.66,102.23,66.33
2026-06-03 13:30:00,0,700.0,328.12,0.0,44.48,57.96,239.71,0.33,99.8,92.79,66.85
2026-06-03 13:35:00,0,700.0,328.12,0.0,44.26,59.3,292.15,0.24,141.12,102.04,65.79
2026-06-03 13:40:00,0,700.0,328.12,0.0,43.66,57.41,390.41,0.12,179.47,112.2,66.75
2026-06-03 13:45:00,0,700.0,328.12,0.0,42.93,63.28,238.24,0.35,105.74,95.79,64.91
2026-06-03 13:50:00,0,700.0,328.12,0.0,42.98,62.83,245.36,0.32,115.69,97.56,67.28
2026-06-03 13:55:00,0,700.0,328.12,0.0,43.71,60.94,305.68,0.21,146.76,104.01,65.71
2026-06-03 14:00:00,0,700.0,328.12,0.0,43.15,55.67,253.68,0.3,126.36,97.34,66.45
2026-06-03 14:05:00,0,700.0,328.12,0.0,44.39,59.89,198.81,0.5,91.61,92.4,65.27
2026-06-03 14:10:00,0,700.0,328.12,0.0,44.01,60.16,352.75,0.14,165.48,108.86,63.89
2026-06-03 14:15:00,0,700.0,328.12,0.0,43.59,60.77,263.23,0.27,124.17,98.57,65.33
2026-06-03 14:20:00,0,700.0,328.12,0.0,43.6,57.91,256.84,0.29,118.71,96.41,65.55
2026-06-03 14:25:00,0,700.0,328.12,0.0,43.52,57.09,231.67,0.36,104.27,93.37,64.31
2026-06-03 14:30:00,0,700.0,328.12,0.0,43.4,62.65,293.13,0.22,138.88,102.61,65.54
2026-06-03 14:35:00,0,700.0,328.12,0.0,43.34,59.18,268.74,0.24,130.39,99.38,64.74
2026-06-03 14:40:00,0,700.0,328.12,0.0,43.48,55.47,306.92,0.19,150.32,103.01,64.12
2026-06-03 14:45:00,0,700.0,328.12,0.0,43.9,62.58,341.7,0.17,167.73,110.45,65.82
2026-06-03 14:50:00,0,700.0,328.12,0.0,44.23,57.54,273.25,0.26,125.75,97.77,64.53
2026-06-03 14:55:00,0,700.0,328.12,0.0,42.85,57.07,255.42,0.28,121.26,96.65,63.74
2026-06-03 15:00:00,0,700.0,328.12,0.0,42.91,59.73,204.52,0.43,97.41,93.19,64.2
2026-06-03 15:05:00,0,700.0,328.12,0.0,42.78,56.73,221.04,0.39,103.6,93.18,65.81
2026-06-03 15:10:00,0,700.0,328.12,0.0,42.73,53.5,214.9,0.38,111.71,93.6,62.43
2026-06-03 15:15:00,0,700.0,328.12,0.0,42.68,55.57,261.77,0.24,125.59,97.0,62.87
2026-06-03 15:20:00,0,700.0,328.12,0.0,42.67,56.78,251.13,0.26,127.16,97.83,63.36
2026-06-03 15:25:00,0,700.0,328.12,0.0,41.98,54.38,261.07,0.27,124.24,96.34,63.1
2026-06-03 15:30:00,0,700.0,328.12,0.0,41.4,56.8,116.66,1.31,58.97,88.51,63.34
2026-06-03 15:35:00,0,700.0,328.12,0.0,41.87,52.85,331.05,0.15,162.12,105.33,63.07
2026-06-03 15:40:00,0,700.0,328.12,0.0,42.38,51.4,170.52,0.59,82.51,88.18,63.1
2026-06-03 15:45:00,0,700.0,328.12,0.0,41.31,43.88,174.98,0.45,81.1,85.05,62.48
2026-06-03 15:50:00,0,700.0,328.12,0.0,41.88,37.3,269.38,0.16,132.0,91.93,63.24
2026-06-03 15:55:00,0,700.0,328.12,0.0,40.77,43.07,287.28,0.17,119.79,91.21,63.08
2026-06-03 16:00:00,0,700.0,328.12,0.0,41.28,43.28,224.12,0.25,108.7,89.16,61.18
2026-06-03 16:05:00,0,700.0,328.12,0.0,41.06,40.14,275.09,0.16,123.1,90.88,63.35
2026-06-03 16:10:00,0,700.0,328.12,0.0,41.08,38.11,244.48,0.19,125.22,90.71,63.15
2026-06-03 16:15:00,0,700.0,328.12,0.0,41.17,35.78,245.37,0.19,114.34,87.55,62.93
2026-06-03 16:20:00,0,700.0,328.12,0.0,40.57,39.44,236.74,0.24,113.83,88.82,62.29
2026-06-03 16:25:00,0,700.0,328.12,0.0,40.88,34.98,261.3,0.16,124.47,89.38,62.75
2026-06-03 16:30:00,0,700.0,328.12,0.0,40.59,31.12,237.2,0.17,122.67,87.65,61.2
2026-06-03 16:35:00,0,700.0,328.12,0.0,41.05,31.29,354.57,0.08,167.28,99.17,61.41
2026-06-03 16:40:00,0,700.0,328.12,0.0,39.24,29.78,225.77,0.16,109.29,84.36,62.24
2026-06-03 16:45:00,0,700.0,328.12,0.0,39.53,27.92,283.35,0.12,135.57,89.43,62.37
2026-06-03 16:50:00,0,700.0,328.12,0.0,39.84,29.51,200.07,0.22,94.44,81.67,60.43
2026-06-03 16:55:00,0,700.0,328.12,0.0,40.67,28.98,303.54,0.1,147.3,92.75,61.62
2026-06-03 17:00:00,0,700.0,328.12,0.0,39.04,29.5,279.4,0.11,126.06,87.72,60.78
2026-06-03 17:05:00,0,700.0,328.12,0.0,40.02,25.34,284.75,0.1,129.78,87.1,59.97
2026-06-03 17:10:00,0,700.0,328.12,0.0,38.88,24.27,265.01,0.11,122.14,85.01,61.69
2026-06-03 17:15:00,0,700.0,328.12,0.0,39.77,27.55,308.63,0.09,152.1,93.52,58.56
2026-06-03 17:20:00,0,700.0,328.12,0.0,39.13,22.94,242.76,0.13,110.65,82.18,60.63
2026-06-03 17:25:00,0,700.0,328.12,0.0,39.28,20.95,233.3,0.12,109.94,81.32,60.51
2026-06-03 17:30:00,0,700.0,328.12,0.0,38.79,21.18,274.1,0.08,125.03,84.51,59.11
2026-06-03 17:35:00,0,700.0,328.12,0.0,38.27,17.45,290.02,0.06,132.24,84.84,60.93
2026-06-03 17:40:00,0,700.0,328.12,0.0,39.06,19.54,185.74,0.19,81.8,76.11,58.83
2026-06-03 17:45:00,0,700.0,328.12,0.0,37.64,15.43,168.85,0.17,82.79,74.78,59.58
2026-06-03 17:50:00,0,700.0,328.12,0.0,38.29,17.37,280.65,0.07,126.6,83.52,60.14
2026-06-03 17:55:00,0,700.0,328.12,0.0,38.11,12.95,207.85,0.09,91.55,75.13,59.8
2026-06-03 18:00:00,0,700.0,328.12,0.0,38.36,17.21,220.33,0.1,107.74,79.54,60.0
2026-06-03 18:05:00,0,700.0,328.12,0.0,38.72,14.42,268.5,0.06,130.86,83.45,60.31
2026-06-03 18:10:00,0,700.0,328.12,0.0,38.69,15.89,252.67,0.08,121.17,81.81,59.63
2026-06-03 18:15:00,0,700.0,328.12,0.0,38.45,16.9,282.98,0.06,134.1,85.09,61.53
2026-06-03 18:20:00,0,700.0,328.12,0.0,36.97,14.41,362.2,0.03,171.73,94.51,58.04
2026-06-03 18:25:00,0,700.0,328.12,0.0,36.63,15.03,282.82,0.06,129.5,83.34,58.4
2026-06-03 18:30:00,0,700.0,328.12,0.0,36.87,16.03,236.45,0.09,113.62,93.11,58.94
2026-06-03 18:35:00,0,700.0,328.12,0.0,36.33,12.39,273.1,0.05,138.68,84.61,59.53
2026-06-03 18:40:00,0,700.0,328.12,0.0,37.06,10.68,249.81,0.06,123.33,80.42,58.32
2026-06-03 18:45:00,0,700.0,328.12,0.0,36.89,11.76,248.52,0.06,112.54,78.5,59.11
2026-06-03 18:50:00,0,700.0,328.12,0.0,37.21,10.37,285.54,0.04,137.0,83.47,59.33
2026-06-03 18:55:00,0,700.0,328.12,0.0,37.0,10.6,227.7,0.06,107.94,77.18,58.67
2026-06-03 19:00:00,0,700.0,328.12,0.0,36.36,11.76,239.85,0.07,117.78,79.61,57.57
2026-06-03 19:05:00,0,700.0,328.12,0.0,35.82,8.63,269.49,0.04,135.36,82.46,58.93
2026-06-03 19:10:00,0,700.0,328.12,0.0,35.7,8.9,306.32,0.03,147.19,85.54,57.89
2026-06-03 19:15:00,0,700.0,328.12,0.0,35.76,8.96,285.21,0.04,140.98,83.97,56.02
2026-06-03 19:20:00,0,700.0,328.12,0.0,34.64,8.82,308.44,0.03,157.53,88.35,56.77
2026-06-03 19:25:00,0,700.0,328.12,0.0,36.16,8.41,271.72,0.04,126.9,80.38,57.54
2026-06-03 19:30:00,0,700.0,328.12,0.0,33.97,8.13,206.31,0.06,96.94,74.29,54.99
2026-06-03 19:35:00,0,700.0,328.12,0.0,34.83,9.09,265.28,0.04,117.48,78.55,58.37
2026-06-03 19:40:00,0,700.0,328.12,0.0,35.15,9.5,245.51,0.05,114.55,78.1,57.06
2026-06-03 19:45:00,0,700.0,328.12,0.0,34.5,8.68,231.47,0.05,114.23,77.74,55.28
2026-06-03 19:50:00,0,700.0,328.12,0.0,36.09,7.79,208.16,0.06,96.95,74.17,55.81
2026-06-03 19:55:00,0,700.0,328.12,0.0,33.68,7.38,271.9,0.03,126.12,79.82,57.38
2026-06-03 20:00:00,0,700.0,328.12,0.0,34.94,9.76,186.63,0.09,84.8,72.93,55.19
2026-06-03 20:05:00,0,700.0,328.12,0.0,34.37,7.3,275.98,0.03,127.93,80.21,54.77
2026-06-03 20:10:00,0,700.0,328.12,0.0,34.03,8.67,257.94,0.04,118.01,78.51,56.0
2026-06-03 20:15:00,0,700.0,328.12,0.0,33.46,8.87,290.46,0.03,146.89,85.45,56.95
2026-06-03 20:20:00,0,700.0,328.12,0.0,32.67,7.71,320.47,0.02,147.61,85.21,55.87
2026-06-03 20:25:00,0,700.0,328.12,0.0,33.92,8.34,267.06,0.04,132.4,81.64,57.17
2026-06-03 20:30:00,0,700.0,328.12,0.0,33.77,6.62,351.09,0.02,177.7,93.64,55.53
2026-06-03 20:35:00,0,700.0,328.12,0.0,33.14,6.73,262.72,0.03,122.82,78.85,54.75
2026-06-03 20:40:00,0,700.0,328.12,0.0,32.95,7.28,255.27,0.04,119.65,78.37,55.74
2026-06-03 20:45:00,0,700.0,328.12,0.0,33.34,8.2,266.04,0.04,130.86,81.22,55.12
2026-06-03 20:50:00,0,700.0,328.12,0.0,34.21,9.24,276.14,0.04,122.99,79.79,54.32
2026-06-03 20:55:00,0,700.0,328.12,0.0,32.69,6.6,200.69,0.05,101.7,87.05,53.79
2026-06-03 21:00:00,0,700.0,328.12,0.0,34.46,8.56,238.11,0.04,112.37,77.3,55.73
2026-06-03 21:05:00,0,700.0,328.12,0.0,32.42,6.29,225.43,0.04,106.1,75.27,55.28
2026-06-03 21:10:00,0,700.0,328.12,0.0,33.17,10.87,281.64,0.05,129.73,81.91,56.69
2026-06-03 21:15:00,0,700.0,328.12,0.0,32.13,9.53,212.8,0.07,99.26,75.2,55.88
2026-06-03 21:20:00,0,700.0,328.12,0.0,33.21,10.74,242.53,0.06,111.03,77.84,54.43
2026-06-03 21:25:00,0,700.0,328.12,0.0,32.12,10.68,223.28,0.07,104.51,76.57,54.59
2026-06-03 21:30:00,0,700.0,328.12,0.0,32.35,11.23,306.85,0.04,145.99,86.05,53.4
2026-06-03 21:35:00,0,700.0,328.12,0.0,32.86,11.16,238.64,0.07,109.71,77.74,54.41
2026-06-03 21:40:00,0,700.0,328.12,0.0,32.07,11.71,208.84,0.08,94.79,88.6,53.63
2026-06-03 21:45:00,0,700.0,328.12,0.0,33.26,13.28,186.21,0.13,92.41,75.46,54.6
2026-06-03 21:50:00,0,700.0,328.12,0.0,31.98,13.46,269.41,0.06,129.25,82.73,52.82
2026-06-03 21:55:00,0,700.0,328.12,0.0,32.31,14.13,273.64,0.06,128.03,82.68,54.19
2026-06-03 22:00:00,0,700.0,328.12,0.0,32.32,14.06,289.76,0.05,139.66,85.44,52.1
2026-06-03 22:05:00,0,700.0,328.12,0.0,31.69,13.39,251.28,0.06,116.49,79.88,53.31
2026-06-03 22:10:00,0,700.0,328.12,0.0,32.12,13.2,252.43,0.06,120.26,80.62,54.61
2026-06-03 22:15:00,0,700.0,328.12,0.0,32.12,14.6,227.46,0.09,107.28,78.51,52.94
2026-06-03 22:20:00,0,700.0,328.12,0.0,32.0,13.98,207.64,0.1,100.02,76.96,52.89
2026-06-03 22:25:00,0,700.0,328.12,0.0,31.89,17.26,200.94,0.14,94.63,77.24,53.07
2026-06-03 22:30:00,0,700.0,328.12,0.0,31.19,17.02,289.07,0.07,132.56,84.77,52.52
2026-06-03 22:35:00,0,700.0,328.12,0.0,32.16,14.46,222.92,0.09,97.9,76.73,51.84
2026-06-03 22:40:00,0,700.0,328.12,0.0,32.21,17.92,248.92,0.1,126.24,83.67,53.23
2026-06-03 22:45:00,0,700.0,328.12,0.0,30.72,17.67,312.59,0.06,149.33,89.23,52.32
2026-06-03 22:50:00,0,700.0,328.12,0.0,31.85,17.72,150.71,0.23,73.32,74.36,51.31
2026-06-03 22:55:00,0,700.0,328.12,0.0,31.07,16.2,316.73,0.05,150.0,88.88,52.63
2026-06-03 23:00:00,0,700.0,328.12,0.0,31.87,15.22,270.5,0.07,126.82,82.8,51.94
2026-06-03 23:05:00,0,700.0,328.12,0.0,30.35,16.72,309.37,0.06,148.05,88.56,53.44
2026-06-03 23:10:00,0,700.0,328.12,0.0,31.21,19.32,230.74,0.12,105.31,79.84,52.74
2026-06-03 23:15:00,0,700.0,328.12,0.0,30.8,18.77,216.56,0.12,105.37,79.66,50.67
2026-06-03 23:20:00,0,700.0,328.12,0.0,30.49,17.79,158.91,0.23,72.72,74.3,52.41
2026-06-03 23:25:00,0,700.0,328.12,0.0,31.87,20.45,250.04,0.1,109.78,81.06,51.81
2026-06-03 23:30:00,0,700.0,328.12,0.0,30.91,19.19,246.74,0.1,129.1,84.78,51.8
2026-06-03 23:35:00,0,700.0,328.12,0.0,31.54,21.52,198.05,0.19,94.97,78.89,51.07
2026-06-03 23:40:00,0,700.0,328.12,0.0,31.41,19.12,229.03,0.12,109.67,80.62,50.86
2026-06-03 23:45:00,0,700.0,328.12,0.0,31.35,20.31,297.61,0.07,134.67,86.43,51.61
2026-06-03 23:50:00,0,700.0,328.12,0.0,31.04,20.19,318.3,0.06,148.48,89.89,49.19
2026-06-03 23:55:00,0,700.0,328.12,0.0,30.42,22.57,290.22,0.09,138.45,88.19,50.06
2026-06-04 00:00:00,0,-426.17,140.62,-1.41,30.95,21.47,254.9,0.1,112.54,81.97,51.38
2026-06-04 00:05:00,0,-426.17,140.62,-1.41,30.1,23.53,258.72,0.12,129.11,86.33,49.73
2026-06-04 00:10:00,0,-426.17,140.62,-1.41,31.06,24.54,300.98,0.09,141.14,89.56,49.64
2026-06-04 00:15:00,0,-426.17,140.62,-1.41,30.01,23.55,271.33,0.1,126.0,85.59,50.11
2026-06-04 00:20:00,0,-426.17,140.62,-1.41,30.69,22.78,274.61,0.1,124.93,85.08,49.81
2026-06-04 00:25:00,0,-426.17,140.62,-1.41,30.39,24.61,264.02,0.1,124.64,85.65,49.85
2026-06-04 00:30:00,0,-426.17,140.62,-1.41,31.27,24.11,289.73,0.09,135.62,88.03,49.45
2026-06-04 00:35:00,0,-426.17,140.62,-1.41,30.83,25.94,227.55,0.16,109.53,83.05,49.19
2026-06-04 00:40:00,0,-426.17,140.62,-1.41,30.34,24.2,284.82,0.09,140.37,89.24,49.09
2026-06-04 00:45:00,0,-426.17,140.62,-1.41,31.03,24.29,283.81,0.09,144.3,90.28,49.1
2026-06-04 00:50:00,0,-426.17,140.62,-1.41,31.35,23.9,291.35,0.09,142.67,89.72,48.45
2026-06-04 00:55:00,0,-426.17,140.62,-1.41,30.8,24.37,224.56,0.16,106.99,82.01,49.24
2026-06-04 01:00:00,0,-426.17,140.62,-1.41,31.1,24.53,237.12,0.14,114.26,83.47,48.88
2026-06-04 01:05:00,0,-426.17,140.62,-1.41,31.25,26.99,216.38,0.19,105.99,82.8,48.33
2026-06-04 01:10:00,0,-426.17,140.62,-1.41,31.74,25.8,232.32,0.15,115.17,84.13,50.04
2026-06-04 01:15:00,0,-426.17,140.62,-1.41,30.37,26.43,216.15,0.19,109.14,83.21,49.4
2026-06-04 01:20:00,0,-426.17,140.62,-1.41,31.14,25.72,271.54,0.1,128.3,86.88,49.45
2026-06-04 01:25:00,0,-426.17,140.62,-1.41,31.16,26.41,288.6,0.1,136.57,89.09,46.5
2026-06-04 01:30:00,0,-426.17,140.62,-1.41,31.13,28.06,217.44,0.19,102.58,82.53,47.94
2026-06-04 01:35:00,0,-426.17,140.62,-1.41,30.89,25.36,250.76,0.13,130.99,87.44,47.14
2026-06-04 01:40:00,0,-426.17,140.62,-1.41,31.78,26.05,178.95,0.25,78.92,78.08,47.6
2026-06-04 01:45:00,0,-426.17,140.62,-1.41,31.7,26.68,202.3,0.19,91.29,80.08,46.47
2026-06-04 01:50:00,0,-426.17,140.62,-1.41,31.9,26.03,301.35,0.1,139.68,89.73,47.59
2026-06-04 01:55:00,0,-426.17,140.62,-1.41,31.59,25.26,251.24,0.12,124.14,85.81,48.56
2026-06-04 02:00:00,0,-426.17,140.62,-1.41,31.93,26.06,195.71,0.22,91.11,79.89,47.72
2026-06-04 02:05:00,0,-426.17,140.62,-1.41,32.69,27.87,214.66,0.2,112.53,84.41,46.39
2026-06-04 02:10:00,0,-426.17,140.62,-1.41,32.15,28.23,326.95,0.08,150.67,93.33,47.92
2026-06-04 02:15:00,0,-426.17,140.62,-1.41,31.77,27.84,237.95,0.15,106.36,83.08,46.77
2026-06-04 02:20:00,0,-426.17,140.62,-1.41,32.59,26.11,194.83,0.22,89.64,79.67,46.52
2026-06-04 02:25:00,0,-426.17,140.62,-1.41,31.89,27.02,249.2,0.15,121.66,85.94,46.36
2026-06-04 02:30:00,0,-426.17,140.62,-1.41,33.35,25.02,248.29,0.13,116.44,84.08,45.75
2026-06-04 02:35:00,0,-426.17,140.62,-1.41,32.48,25.65,190.19,0.23,89.31,79.48,46.98
2026-06-04 02:40:00,0,-426.17,140.62,-1.41,32.57,24.74,147.73,0.34,67.35,76.28,45.56
2026-06-04 02:45:00,0,-426.17,140.62,-1.41,33.99,23.82,274.04,0.1,128.41,86.24,46.88
2026-06-04 02:50:00,0,-426.17,140.62,-1.41,33.55,25.84,294.9,0.09,130.77,87.48,46.38
2026-06-04 02:55:00,0,-426.17,140.62,-1.41,32.74,25.72,197.18,0.21,89.32,79.46,44.86
2026-06-04 03:00:00,0,-426.17,140.62,-1.41,33.09,25.18,267.51,0.11,129.09,86.89,46.75
2026-06-04 03:05:00,0,-426.17,140.62,-1.41,32.62,25.32,221.52,0.17,111.78,83.31,45.77
2026-06-04 03:10:00,0,-426.17,140.62,-1.41,33.04,26.64,221.57,0.17,101.44,96.09,45.3
2026-06-04 03:15:00,0,-426.17,140.62,-1.41,33.27,22.68,242.71,0.14,108.44,81.66,45.5
2026-06-04 03:20:00,0,-426.17,140.62,-1.41,33.09,24.05,297.52,0.09,143.79,90.07,45.54
2026-06-04 03:25:00,0,-426.17,140.62,-1.41,34.1,22.81,209.66,0.16,101.56,80.45,44.12
2026-06-04 03:30:00,0,-426.17,140.62,-1.41,33.22,23.23,356.41,0.06,167.9,96.48,45.39
2026-06-04 03:35:00,0,-426.17,140.62,-1.41,33.62,22.36,236.94,0.13,110.63,81.96,46.48
2026-06-04 03:40:00,0,-426.17,140.62,-1.41,33.65,22.93,285.31,0.09,134.09,87.25,45.03
2026-06-04 03:45:00,0,-426.17,140.62,-1.41,34.77,21.48,215.61,0.15,100.07,79.7,45.07
2026-06-04 03:50:00,0,-426.17,140.62,-1.41,33.58,21.48,243.02,0.11,112.19,81.93,44.12
2026-06-04 03:55:00,0,-426.17,140.62,-1.41,34.88,23.0,205.77,0.18,98.3,79.97,43.5
2026-06-04 04:00:00,0,-426.17,140.62,-1.41,34.7,20.72,222.48,0.13,101.18,79.59,45.44
2026-06-04 04:05:00,0,-426.17,140.62,-1.41,35.18,21.08,257.49,0.1,131.41,85.98,44.43
2026-06-04 04:10:00,0,-426.17,140.62,-1.41,35.6,20.59,273.74,0.09,129.08,85.25,44.64
2026-06-04 04:15:00,0,-426.17,140.62,-1.41,33.49,21.64,206.2,0.15,101.51,80.01,43.35
2026-06-04 04:20:00,0,-426.17,140.62,-1.41,35.99,18.77,230.9,0.11,107.49,80.06,44.38
2026-06-04 04:25:00,0,-426.17,140.62,-1.41,35.64,19.61,264.01,0.09,119.77,82.82,44.22
2026-06-04 04:30:00,0,-426.17,140.62,-1.41,35.21,20.02,252.61,0.1,119.26,82.87,42.62
2026-06-04 04:35:00,0,-426.17,140.62,-1.41,35.69,17.58,323.69,0.05,156.26,91.09,42.45
2026-06-04 04:40:00,0,-426.17,140.62,-1.41,35.97,19.52,261.22,0.09,123.47,83.6,42.19
2026-06-04 04:45:00,0,-426.17,140.62,-1.41,35.34,17.45,235.86,0.11,110.06,80.09,43.38
2026-06-04 04:50:00,0,-426.17,140.62,-1.41,35.5,17.7,322.41,0.05,162.95,93.06,43.3
2026-06-04 04:55:00,0,-426.17,140.62,-1.41,36.14,16.74,263.6,0.07,122.56,82.38,41.88
2026-06-04 05:00:00,0,-426.17,140.62,-1.41,35.49,14.68,203.39,0.12,97.56,76.81,41.17
2026-06-04 05:05:00,0,-426.17,140.62,-1.41,37.04,17.72,249.66,0.09,117.2,81.61,43.36
2026-06-04 05:10:00,0,-426.17,140.62,-1.41,36.15,16.98,143.1,0.29,66.15,73.33,43.04
2026-06-04 05:15:00,0,-426.17,140.62,-1.41,37.48,15.08,291.01,0.06,144.2,86.98,42.61
2026-06-04 05:20:00,0,-426.17,140.62,-1.41,37.54,16.59,284.92,0.06,136.56,85.58,42.97
2026-06-04 05:25:00,0,-426.17,140.62,-1.41,37.24,13.16,325.5,0.04,154.16,88.94,41.01
2026-06-04 05:30:00,0,-426.17,140.62,-1.41,38.03,14.09,273.68,0.06,125.13,82.01,41.06
2026-06-04 05:35:00,0,-426.17,140.62,-1.41,37.45,13.61,202.63,0.11,96.44,76.22,41.31
2026-06-04 05:40:00,0,-426.17,140.62,-1.41,37.96,13.29,288.06,0.05,133.33,83.62,41.57
2026-06-04 05:45:00,0,-426.17,140.62,-1.41,37.5,12.7,235.73,0.07,112.64,78.87,42.31
2026-06-04 05:50:00,0,-426.17,140.62,-1.41,37.82,11.75,257.73,0.06,129.18,82.12,41.17
2026-06-04 05:55:00,0,-426.17,140.62,-1.41,38.34,12.47,215.57,0.08,99.54,76.31,40.53
2026-06-04 06:00:00,0,-426.17,140.62,-1.41,38.18,11.47,211.27,0.08,103.19,76.63,42.58
2026-06-04 06:05:00,0,-426.17,140.62,-1.41,37.64,11.99,236.95,0.08,110.95,78.3,41.6
2026-06-04 06:10:00,0,-426.17,140.62,-1.41,38.0,11.3,243.46,0.06,119.56,79.81,41.13
2026-06-04 06:15:00,0,-426.17,140.62,-1.41,38.64,10.25,311.4,0.03,146.01,85.71,41.18
2026-06-04 06:20:00,0,-426.17,140.62,-1.41,38.6,9.98,214.27,0.07,93.47,74.37,42.64
2026-06-04 06:25:00,0,-426.17,140.62,-1.41,38.99,8.31,297.85,0.03,132.21,81.57,41.99
2026-06-04 06:30:00,0,-426.17,140.62,-1.41,38.25,10.59,180.46,0.11,85.51,73.38,41.06
2026-06-04 06:35:00,0,-426.17,140.62,-1.41,38.17,9.03,248.38,0.05,121.34,79.38,39.68
2026-06-04 06:40:00,0,-426.17,140.62,-1.41,38.44,8.09,278.03,0.03,130.39,81.06,40.14
2026-06-04 06:45:00,0,-426.17,140.62,-1.41,38.97,8.24,301.72,0.03,147.2,85.32,40.66
2026-06-04 06:50:00,0,-426.17,140.62,-1.41,40.22,7.04,265.64,0.03,120.34,78.43,40.36
2026-06-04 06:55:00,0,-426.17,140.62,-1.41,39.61,7.14,289.78,0.03,137.13,82.36,39.59
2026-06-04 07:00:00,0,-426.17,140.62,-1.41,39.82,8.42,265.62,0.04,123.0,79.52,40.83
2026-06-04 07:05:00,0,-426.17,140.62,-1.41,39.96,6.61,268.82,0.03,123.76,79.03,40.27
2026-06-04 07:10:00,0,-426.17,140.62,-1.41,40.26,7.37,195.19,0.06,95.95,73.86,39.56
2026-06-04 07:15:00,0,-426.17,140.62,-1.41,40.33,8.24,145.88,0.13,67.93,70.17,38.98
2026-06-04 07:20:00,0,-426.17,140.62,-1.41,41.71,5.72,284.43,0.02,137.18,81.86,39.71
2026-06-04 07:25:00,0,-426.17,140.62,-1.41,40.77,6.74,309.91,0.02,141.7,83.35,37.82
2026-06-04 07:30:00,0,-426.17,140.62,-1.41,41.08,6.43,347.9,0.02,160.95,88.48,39.17
2026-06-04 07:35:00,0,-426.17,140.62,-1.41,41.14,6.67,203.52,0.06,102.58,74.8,37.31
2026-06-04 07:40:00,0,-426.17,140.62,-1.41,41.2,7.44,192.73,0.06,96.1,73.91,38.01
2026-06-04 07:45:00,0,-426.17,140.62,-1.41,40.34,8.0,260.43,0.04,121.56,79.05,38.12
2026-06-04 07:50:00,0,-426.17,140.62,-1.41,41.27,6.3,207.85,0.04,91.95,72.77,39.35
2026-06-04 07:55:00,0,-426.17,140.62,-1.41,41.33,4.45,225.93,0.03,110.87,75.56,38.55
2026-06-04 08:00:00,0,-426.17,140.62,-1.41,41.49,5.68,318.91,0.02,155.3,86.61,37.16
2026-06-04 08:05:00,0,-426.17,140.62,-1.41,41.54,8.12,277.48,0.03,134.32,82.02,38.7
2026-06-04 08:10:00,0,-426.17,140.62,-1.41,41.49,7.6,263.12,0.03,126.35,79.97,35.33
2026-06-04 08:15:00,0,-426.17,140.62,-1.41,41.33,4.13,166.81,0.05,81.27,70.37,35.9
2026-06-04 08:20:00,0,-426.17,140.62,-1.41,41.6,6.27,230.94,0.04,105.44,75.16,36.68
2026-06-04 08:25:00,0,-426.17,140.62,-1.41,41.36,5.45,235.55,0.03,110.76,75.88,37.43
2026-06-04 08:30:00,0,-426.17,140.62,-1.41,41.8,5.9,256.95,0.03,128.21,79.8,38.87
2026-06-04 08:35:00,0,-426.17,140.62,-1.41,42.51,6.51,242.81,0.03,113.08,76.72,39.16
2026-06-04 08:40:00,0,-426.17,140.62,-1.41,42.27,7.26,181.59,0.06,84.83,72.02,39.01
2026-06-04 08:45:00,0,-426.17,140.62,-1.41,43.4,6.75,417.82,0.01,209.7,104.84,37.65
2026-06-04 08:50:00,0,-426.17,140.62,-1.41,42.79,7.09,310.96,0.02,138.4,82.64,36.94
2026-06-04 08:55:00,0,-426.17,140.62,-1.41,42.02,6.68,218.73,0.04,106.86,75.57,37.44
2026-06-04 09:00:00,0,-426.17,140.62,-1.41,43.47,7.08,332.78,0.02,144.98,84.32,36.93
2026-06-04 09:05:00,0,-426.17,140.62,-1.41,43.0,8.53,312.04,0.02,150.23,86.22,37.66
2026-06-04 09:10:00,0,-426.17,140.62,-1.41,43.07,8.83,237.4,0.04,108.84,76.71,37.53
2026-06-04 09:15:00,0,-426.17,140.62,-1.41,43.56,8.26,132.45,0.14,62.58,69.58,37.81
2026-06-04 09:20:00,0,-426.17,140.62,-1.41,44.21,7.65,295.65,0.03,138.3,82.84,36.75
2026-06-04 09:25:00,0,-426.17,140.62,-1.41,43.02,7.73,343.14,0.02,171.15,91.99,35.82
2026-06-04 09:30:00,0,-426.17,140.62,-1.41,43.83,7.86,231.45,0.05,109.99,76.62,35.66
2026-06-04 09:35:00,0,-426.17,140.62,-1.41,44.31,8.75,251.7,0.04,119.18,78.81,37.01
2026-06-04 09:40:00,0,-426.17,140.62,-1.41,43.96,10.0,224.15,0.06,100.43,75.58,34.5
2026-06-04 09:45:00,0,-426.17,140.62,-1.41,42.81,8.64,393.63,0.02,176.47,93.97,35.41
2026-06-04 09:50:00,0,-426.17,140.62,-1.41,43.43,8.49,247.75,0.05,122.32,79.42,34.32
2026-06-04 09:55:00,0,-426.17,140.62,-1.41,43.4,10.24,319.09,0.03,146.17,106.0,33.87
2026-06-04 10:00:00,0,-426.17,140.62,-1.41,43.24,9.05,246.06,0.04,115.9,78.22,35.6
2026-06-04 10:05:00,0,-426.17,140.62,-1.41,43.93,9.93,226.18,0.06,112.8,77.93,36.7
2026-06-04 10:10:00,0,-426.17,140.62,-1.41,43.76,9.97,291.99,0.04,139.62,84.0,35.68
2026-06-04 10:15:00,0,-426.17,140.62,-1.41,44.34,11.21,248.67,0.06,118.44,79.55,35.29
2026-06-04 10:20:00,0,-426.17,140.62,-1.41,44.29,10.66,222.51,0.07,105.94,76.85,34.11
2026-06-04 10:25:00,0,-426.17,140.62,-1.41,44.21,10.56,179.68,0.12,79.86,72.56,33.46
2026-06-04 10:30:00,0,-426.17,140.62,-1.41,44.89,12.2,263.4,0.06,128.43,82.12,33.56
2026-06-04 10:35:00,0,-426.17,140.62,-1.41,44.19,11.52,255.85,0.06,118.82,79.74,35.09
2026-06-04 10:40:00,0,-426.17,140.62,-1.41,44.39,12.79,248.15,0.07,122.06,91.23,33.43
2026-06-04 10:45:00,0,-426.17,140.62,-1.41,44.25,12.33,264.49,0.05,129.99,82.5,34.82
2026-06-04 10:50:00,0,-426.17,140.62,-1.41,44.63,11.78,274.96,0.05,129.76,82.26,33.26
2026-06-04 10:55:00,0,-426.17,140.62,-1.41,44.81,12.03,198.04,0.1,97.18,75.79,33.37
2026-06-04 11:00:00,0,-426.17,140.62,-1.41,45.13,12.77,161.93,0.15,79.04,73.28,34.54
2026-06-04 11:05:00,0,-426.17,140.62,-1.41,45.41,13.9,182.92,0.12,87.05,74.81,33.49
2026-06-04 11:10:00,0,-426.17,140.62,-1.41,44.59,14.69,319.11,0.04,145.1,87.05,35.16
2026-06-04 11:15:00,0,-426.17,140.62,-1.41,45.29,13.17,214.55,0.09,98.96,76.49,34.24
2026-06-04 11:20:00,0,-426.17,140.62,-1.41,44.89,16.41,287.65,0.06,136.79,85.59,33.07
2026-06-04 11:25:00,0,-426.17,140.62,-1.41,45.18,15.33,303.09,0.05,144.05,87.03,31.75
2026-06-04 11:30:00,0,-426.17,140.62,-1.41,44.62,17.2,198.15,0.14,94.75,77.26,32.78
2026-06-04 11:35:00,0,-426.17,140.62,-1.41,45.71,15.95,246.76,0.08,120.33,81.66,31.97
2026-06-04 11:40:00,0,-426.17,140.62,-1.41,45.12,16.68,336.14,0.04,163.1,92.74,32.56
2026-06-04 11:45:00,0,-426.17,140.62,-1.41,44.18,15.34,265.07,0.07,130.29,83.67,31.48
2026-06-04 11:50:00,0,-426.17,140.62,-1.41,44.04,16.98,313.41,0.05,155.24,90.61,31.52
2026-06-04 11:55:00,0,-426.17,140.62,-1.41,45.41,19.26,226.75,0.13,108.79,80.54,33.66
2026-06-04 12:00:00,0,-426.17,140.62,-1.41,44.31,18.06,294.19,0.06,144.93,88.23,31.24
2026-06-04 12:05:00,0,-426.17,140.62,-1.41,45.72,18.51,302.97,0.06,142.8,87.84,34.05
2026-06-04 12:10:00,0,-426.17,140.62,-1.41,44.89,18.27,243.29,0.09,115.03,81.37,31.17
2026-06-04 12:15:00,0,-426.17,140.62,-1.41,45.62,16.82,329.56,0.05,155.93,90.75,32.34
2026-06-04 12:20:00,0,-426.17,140.62,-1.41,44.84,19.17,214.99,0.14,99.95,78.86,30.14
2026-06-04 12:25:00,0,-426.17,140.62,-1.41,44.92,18.54,80.42,0.91,39.71,72.61,33.47
2026-06-04 12:30:00,0,-426.17,140.62,-1.41,45.64,18.87,215.17,0.13,98.66,78.51,30.01
2026-06-04 12:35:00,0,-426.17,140.62,-1.41,45.5,20.75,262.54,0.1,124.87,84.38,32.23
2026-06-04 12:40:00,0,-426.17,140.62,-1.41,45.94,20.5,257.86,0.09,121.61,83.55,32.08
2026-06-04 12:45:00,0,-426.17,140.62,-1.41,44.74,20.3,207.66,0.14,101.4,79.52,31.18
2026-06-04 12:50:00,0,-426.17,140.62,-1.41,44.97,19.25,158.59,0.24,69.02,74.39,31.0
2026-06-04 12:55:00,0,-426.17,140.62,-1.41,43.72,20.05,230.89,0.11,109.7,80.95,29.43
2026-06-04 13:00:00,0,-426.17,140.62,-1.41,44.28,17.96,189.58,0.16,87.9,76.44,31.51
2026-06-04 13:05:00,0,-426.17,140.62,-1.41,44.93,19.91,214.13,0.14,102.42,79.58,30.47
2026-06-04 13:10:00,0,-426.17,140.62,-1.41,45.19,21.13,319.31,0.07,151.06,90.96,31.28
2026-06-04 13:15:00,0,-426.17,140.62,-1.41,43.42,20.62,298.96,0.07,139.32,87.71,32.31
2026-06-04 13:20:00,0,-426.17,140.62,-1.41,44.36,22.04,263.85,0.1,128.46,85.65,30.1
2026-06-04 13:25:00,0,-426.17,140.62,-1.41,44.19,21.2,300.15,0.07,135.22,86.9,31.33
2026-06-04 13:30:00,0,-426.17,140.62,-1.41,44.48,21.93,306.85,0.07,151.53,91.36,29.21
2026-06-04 13:35:00,0,-426.17,140.62,-1.41,44.56,21.33,184.51,0.19,94.53,78.77,30.84
2026-06-04 13:40:00,0,-426.17,140.62,-1.41,44.99,20.59,257.42,0.1,112.13,81.61,29.59
2026-06-04 13:45:00,0,-426.17,140.62,-1.41,44.1,22.08,239.55,0.13,117.96,83.4,29.11
2026-06-04 13:50:00,0,-426.17,140.62,-1.41,44.39,20.11,257.29,0.1,115.13,82.05,28.54
2026-06-04 13:55:00,0,-426.17,140.62,-1.41,43.93,21.0,271.45,0.08,124.96,84.45,28.8
2026-06-04 14:00:00,0,-426.17,140.62,-1.41,44.48,20.43,234.76,0.12,106.5,80.48,29.02
2026-06-04 14:05:00,0,-426.17,140.62,-1.41,43.75,20.57,302.77,0.07,142.73,88.56,29.34
2026-06-04 14:10:00,0,-426.17,140.62,-1.41,43.6,19.28,221.33,0.12,102.01,79.23,29.45
2026-06-04 14:15:00,0,-426.17,140.62,-1.41,43.34,21.68,270.38,0.1,121.01,97.1,27.7
2026-06-04 14:20:00,0,-426.17,140.62,-1.41,44.28,21.01,218.87,0.13,96.81,78.93,28.59
2026-06-04 14:25:00,0,-426.17,140.62,-1.41,43.74,20.1,212.74,0.15,96.93,78.67,28.9
2026-06-04 14:30:00,0,-426.17,140.62,-1.41,42.64,19.37,349.6,0.05,154.15,91.14,28.77
2026-06-04 14:35:00,0,-426.17,140.62,-1.41,43.32,20.91,163.77,0.25,82.6,76.84,28.27
2026-06-04 14:40:00,0,-426.17,140.62,-1.41,43.69,20.3,305.5,0.07,143.27,88.6,27.73
2026-06-04 14:45:00,0,-426.17,140.62,-1.41,43.6,20.6,222.6,0.14,94.78,78.46,28.13
2026-06-04 14:50:00,0,-426.17,140.62,-1.41,44.25,20.32,260.62,0.09,120.03,83.14,26.62
2026-06-04 14:55:00,0,-426.17,140.62,-1.41,42.75,20.04,302.42,0.07,142.28,88.25,29.89
2026-06-04 15:00:00,0,-426.17,140.62,-1.41,43.64,20.74,297.16,0.07,137.35,87.26,26.9
2026-06-04 15:05:00,0,-426.17,140.62,-1.41,42.86,18.97,204.0,0.15,91.76,77.4,27.81
2026-06-04 15:10:00,0,-426.17,140.62,-1.41,41.58,20.55,216.3,0.14,100.27,79.4,24.13
2026-06-04 15:15:00,0,-426.17,140.62,-1.41,43.02,19.25,262.8,0.09,117.35,82.19,26.37
2026-06-04 15:20:00,0,-426.17,140.62,-1.41,42.44,20.24,210.81,0.13,96.23,78.56,27.66
2026-06-04 15:25:00,0,-426.17,140.62,-1.41,41.71,17.47,243.68,0.1,125.5,83.37,27.67
2026-06-04 15:30:00,0,-426.17,140.62,-1.41,42.05,15.64,354.58,0.04,164.97,92.93,29.01
2026-06-04 15:35:00,0,-426.17,140.62,-1.41,43.08,17.2,295.64,0.06,148.28,88.81,26.46
2026-06-04 15:40:00,0,-426.17,140.62,-1.41,41.92,17.04,206.99,0.14,92.95,76.9,27.29
2026-06-04 15:45:00,0,-426.17,140.62,-1.41,41.93,16.69,198.06,0.13,89.46,76.18,25.37
2026-06-04 15:50:00,0,-426.17,140.62,-1.41,42.5,16.5,211.74,0.12,100.52,77.99,26.27
2026-06-04 15:55:00,0,-426.17,140.62,-1.41,40.8,15.79,234.44,0.09,111.97,79.87,25.56
2026-06-04 16:00:00,0,-426.17,140.62,-1.41,41.45,18.03,265.9,0.08,123.8,83.14,25.92
2026-06-04 16:05:00,0,-426.17,140.62,-1.41,40.93,15.81,244.52,0.08,120.77,81.7,25.73
2026-06-04 16:10:00,0,-426.17,140.62,-1.41,40.86,15.06,235.07,0.09,113.97,80.02,24.81
2026-06-04 16:15:00,0,-426.17,140.62,-1.41,41.47,15.4,230.33,0.09,103.23,78.04,26.48
2026-06-04 16:20:00,0,-426.17,140.62,-1.41,41.39,15.17,285.36,0.06,131.29,83.82,25.88
2026-06-04 16:25:00,0,-426.17,140.62,-1.41,41.76,14.78,208.97,0.11,99.95,77.26,26.79
2026-06-04 16:30:00,0,-426.17,140.62,-1.41,41.05,13.39,270.28,0.06,134.74,84.02,24.77
2026-06-04 16:35:00,0,-426.17,140.62,-1.41,40.62,12.61,171.63,0.13,81.13,73.47,24.09
2026-06-04 16:40:00,0,-426.17,140.62,-1.41,40.55,12.51,289.74,0.05,145.95,86.52,24.53
2026-06-04 16:45:00,0,-426.17,140.62,-1.41,40.96,13.64,271.96,0.06,126.89,82.26,25.56
2026-06-04 16:50:00,0,-426.17,140.62,-1.41,41.44,13.41,250.37,0.06,119.85,80.62,25.68
2026-06-04 16:55:00,0,-426.17,140.62,-1.41,39.32,14.14,215.22,0.09,104.19,77.77,24.39
2026-06-04 17:00:00,0,-426.17,140.62,-1.41,40.12,12.61,206.19,0.1,99.09,76.32,23.6
2026-06-04 17:05:00,0,-426.17,140.62,-1.41,40.02,12.11,238.6,0.07,109.7,78.08,24.13
2026-06-04 17:10:00,0,-426.17,140.62,-1.41,39.51,11.97,262.29,0.06,128.29,82.0,22.99
2026-06-04 17:15:00,0,-426.17,140.62,-1.41,38.82,10.25,219.66,0.07,104.54,76.43,24.2
2026-06-04 17:20:00,0,-426.17,140.62,-1.41,39.75,9.76,264.16,0.04,124.41,80.3,23.26
2026-06-04 17:25:00,0,-426.17,140.62,-1.41,39.03,10.72,184.8,0.1,90.02,74.12,24.01
2026-06-04 17:30:00,0,-426.17,140.62,-1.41,39.34,11.84,326.76,0.04,160.83,90.38,24.96
2026-06-04 17:35:00,0,-426.17,140.62,-1.41,38.9,8.6,274.51,0.03,127.93,80.67,23.99
2026-06-04 17:40:00,0,-426.17,140.62,-1.41,39.6,10.1,180.38,0.1,91.42,74.13,24.62
2026-06-04 17:45:00,0,-426.17,140.62,-1.41,38.36,8.49,185.89,0.08,82.89,72.19,22.81
2026-06-04 17:50:00,0,-426.17,140.62,-1.41,38.95,9.95,259.64,0.05,124.86,80.49,21.07
2026-06-04 17:55:00,0,-426.17,140.62,-1.41,38.94,8.85,253.82,0.04,123.47,79.77,23.73
2026-06-04 18:00:00,0,-426.17,140.62,-1.41,38.15,8.9,361.15,0.02,187.34,97.61,22.21
2026-06-04 18:05:00,0,-426.17,140.62,-1.41,37.94,8.33,289.61,0.03,140.22,83.54,22.8
2026-06-04 18:10:00,0,-426.17,140.62,-1.41,38.18,8.28,324.67,0.02,149.51,85.93,22.35
2026-06-04 18:15:00,0,-426.17,140.62,-1.41,36.99,8.87,269.83,0.04,130.13,81.29,22.24
2026-06-04 18:20:00,0,-426.17,140.62,-1.41,37.39,6.59,307.87,0.02,142.14,83.4,23.89
2026-06-04 18:25:00,0,-426.17,140.62,-1.41,36.9,5.2,280.69,0.02,126.0,79.01,22.59
2026-06-04 18:30:00,0,-426.17,140.62,-1.41,37.41,7.01,234.36,0.04,114.03,77.11,21.43
2026-06-04 18:35:00,0,-426.17,140.62,-1.41,37.14,6.84,235.95,0.04,110.01,76.24,21.74
2026-06-04 18:40:00,0,-426.17,140.62,-1.41,36.44,5.99,280.64,0.03,137.0,81.92,23.26
2026-06-04 18:45:00,0,-426.17,140.62,-1.41,36.88,7.23,192.58,0.06,95.34,73.7,21.93
2026-06-04 18:50:00,0,-426.17,140.62,-1.41,36.08,5.47,273.62,0.02,131.08,80.29,20.81
2026-06-04 18:55:00,0,-426.17,140.62,-1.41,35.86,5.99,272.87,0.03,133.07,80.96,22.21
2026-06-04 19:00:00,0,-426.17,140.62,-1.41,36.7,6.27,217.05,0.04,99.14,73.99,21.47
2026-06-04 19:05:00,0,-426.17,140.62,-1.41,34.96,5.47,275.51,0.02,128.64,79.71,21.41
2026-06-04 19:10:00,0,-426.17,140.62,-1.41,36.02,5.31,223.66,0.03,109.38,75.55,20.07
2026-06-04 19:15:00,0,-426.17,140.62,-1.41,36.0,5.52,178.62,0.05,86.22,71.59,20.03
2026-06-04 19:20:00,0,-426.17,140.62,-1.41,34.72,5.58,294.19,0.02,133.33,80.86,21.6
2026-06-04 19:25:00,0,-426.17,140.62,-1.41,35.99,5.6,258.71,0.03,111.03,75.98,22.15
2026-06-04 19:30:00,0,-426.17,140.62,-1.41,35.62,4.73,333.77,0.01,155.92,86.42,20.57
2026-06-04 19:35:00,0,-426.17,140.62,-1.41,35.14,4.76,236.3,0.03,109.5,75.38,19.5
2026-06-04 19:40:00,0,-426.17,140.62,-1.41,34.79,5.0,162.29,0.06,72.68,69.49,20.14
2026-06-04 19:45:00,0,-426.17,140.62,-1.41,35.03,4.66,286.86,0.02,134.67,80.86,20.21
2026-06-04 19:50:00,0,-426.17,140.62,-1.41,34.81,5.45,280.14,0.02,139.42,82.31,20.53
2026-06-04 19:55:00,0,-426.17,140.62,-1.41,34.79,3.43,232.19,0.02,112.43,75.48,19.26
2026-06-04 20:00:00,0,-426.17,140.62,-1.41,34.31,3.89,210.25,0.03,102.2,73.69,20.0
2026-06-04 20:05:00,0,-426.17,140.62,-1.41,34.12,3.3,284.29,0.01,131.81,79.67,18.49
2026-06-04 20:10:00,0,-426.17,140.62,-1.41,34.39,3.72,192.33,0.03,93.44,72.08,19.81
2026-06-04 20:15:00,0,-426.17,140.62,-1.41,33.44,4.33,199.01,0.03,96.04,72.74,19.88
2026-06-04 20:20:00,0,-426.17,140.62,-1.41,34.62,3.78,257.4,0.02,125.18,78.33,20.09
2026-06-04 20:25:00,0,-426.17,140.62,-1.41,33.58,5.02,229.15,0.03,109.94,75.56,19.33
2026-06-04 20:30:00,0,-426.17,140.62,-1.41,33.89,4.76,301.07,0.02,147.53,84.16,19.77
2026-06-04 20:35:00,0,-426.17,140.62,-1.41,34.48,4.49,275.64,0.02,130.99,79.92,19.33
2026-06-04 20:40:00,0,-426.17,140.62,-1.41,32.81,4.26,252.46,0.02,111.29,75.54,19.34
2026-06-04 20:45:00,0,-426.17,140.62,-1.41,32.77,4.57,283.5,0.02,150.53,84.89,19.41
2026-06-04 20:50:00,0,-426.17,140.62,-1.41,33.96,5.15,230.79,0.03,106.94,75.02,20.55
2026-06-04 20:55:00,0,-426.17,140.62,-1.41,32.92,4.33,195.73,0.04,92.03,72.08,19.9
2026-06-04 21:00:00,0,-426.17,140.62,-1.41,32.7,6.25,290.56,0.02,136.73,81.91,20.49
2026-06-04 21:05:00,0,-426.17,140.62,-1.41,33.07,6.26,228.14,0.04,106.57,75.35,18.15
2026-06-04 21:10:00,0,-426.17,140.62,-1.41,32.67,6.1,244.93,0.03,123.28,78.73,18.04
2026-06-04 21:15:00,0,-426.17,140.62,-1.41,32.66,5.45,194.81,0.05,94.88,72.97,20.11
2026-06-04 21:20:00,0,-426.17,140.62,-1.41,32.19,4.5,332.75,0.01,162.84,88.32,18.75
2026-06-04 21:25:00,0,-426.17,140.62,-1.41,31.99,6.0,245.87,0.03,112.65,76.44,19.46
2026-06-04 21:30:00,0,-426.17,140.62,-1.41,32.19,6.77,241.32,0.04,112.07,76.61,18.8
2026-06-04 21:35:00,0,-426.17,140.62,-1.41,33.34,7.47,252.1,0.04,122.4,79.04,17.44
2026-06-04 21:40:00,0,-426.17,140.62,-1.41,31.88,6.12,200.88,0.05,96.32,73.45,16.78
2026-06-04 21:45:00,0,-426.17,140.62,-1.41,33.18,6.58,282.76,0.03,136.85,82.08,18.24
2026-06-04 21:50:00,0,-426.17,140.62,-1.41,31.63,6.52,232.75,0.04,109.53,76.02,18.23
2026-06-04 21:55:00,0,-426.17,140.62,-1.41,32.21,8.02,243.07,0.04,114.2,77.48,16.41
2026-06-04 22:00:00,0,-426.17,140.62,-1.41,30.8,8.33,328.94,0.02,152.99,86.88,16.68
2026-06-04 22:05:00,0,-426.17,140.62,-1.41,31.89,6.75,218.34,0.05,97.26,73.83,18.32
2026-06-04 22:10:00,0,-426.17,140.62,-1.41,31.17,8.27,271.74,0.03,127.79,80.51,15.74
2026-06-04 22:15:00,0,-426.17,140.62,-1.41,32.55,6.47,213.15,0.05,101.85,74.56,16.33
2026-06-04 22:20:00,0,-426.17,140.62,-1.41,31.76,7.94,256.41,0.04,121.83,79.08,17.63
2026-06-04 22:25:00,0,-426.17,140.62,-1.41,31.2,8.44,262.47,0.04,129.24,95.65,15.83
2026-06-04 22:30:00,0,-426.17,140.62,-1.41,32.33,8.3,174.73,0.08,80.51,71.76,16.87
2026-06-04 22:35:00,0,-426.17,140.62,-1.41,31.44,9.65,236.9,0.06,110.24,77.29,16.37
2026-06-04 22:40:00,0,-426.17,140.62,-1.41,32.4,8.89,255.36,0.05,122.95,79.68,15.87
2026-06-04 22:45:00,0,-426.17,140.62,-1.41,30.75,9.41,254.79,0.05,121.76,79.59,16.24
2026-06-04 22:50:00,0,-426.17,140.62,-1.41,30.57,9.21,276.43,0.04,124.23,80.05,16.71
2026-06-04 22:55:00,0,-426.17,140.62,-1.41,31.47,9.01,259.7,0.04,125.09,80.18,15.6
2026-06-04 23:00:00,0,-426.17,140.62,-1.41,31.13,10.36,238.68,0.05,111.55,77.78,14.62
2026-06-04 23:05:00,0,-426.17,140.62,-1.41,32.29,9.65,225.95,0.05,110.87,77.4,15.31
2026-06-04 23:10:00,0,-426.17,140.62,-1.41,30.87,10.95,236.51,0.06,111.08,77.91,14.3
2026-06-04 23:15:00,0,-426.17,140.62,-1.41,31.22,11.03,295.31,0.04,131.36,82.33,13.76
2026-06-04 23:20:00,0,-426.17,140.62,-1.41,31.28,11.46,201.53,0.09,89.63,74.28,15.62
2026-06-04 23:25:00,0,-426.17,140.62,-1.41,31.0,10.72,174.18,0.11,81.03,72.74,16.84
2026-06-04 23:30:00,0,-426.17,140.62,-1.41,30.61,11.12,286.2,0.04,139.14,84.25,14.58
2026-06-04 23:35:00,0,-426.17,140.62,-1.41,30.12,10.57,242.11,0.06,114.18,78.41,15.16
2026-06-04 23:40:00,0,-426.17,140.62,-1.41,31.64,9.56,255.22,0.04,120.46,79.35,15.45
2026-06-04 23:45:00,0,-426.17,140.62,-1.41,30.57,10.29,292.79,0.04,137.19,83.48,16.4
2026-06-04 23:50:00,0,-426.17,140.62,-1.41,30.42,10.36,199.79,0.08,98.61,75.4,14.71
2026-06-04 23:55:00,0,-426.17,140.62,-1.41,31.51,10.37,223.7,0.06,102.57,76.08,15.02
2026-06-05 00:00:00,0,-500.0,280.11,-1.47,31.04,10.14,231.98,0.06,109.49,77.31,15.6
2026-06-05 00:05:00,0,-500.0,280.11,-1.47,30.66,10.68,254.49,0.06,118.24,79.3,12.16
2026-06-05 00:10:00,0,-500.0,280.11,-1.47,31.15,10.84,250.86,0.05,123.15,80.4,13.49
2026-06-05 00:15:00,0,-500.0,280.11,-1.47,30.62,9.9,267.62,0.04,125.57,80.59,14.67
2026-06-05 00:20:00,0,-500.0,280.11,-1.47,31.0,10.29,230.13,0.06,106.46,76.78,12.24
2026-06-05 00:25:00,0,-500.0,280.11,-1.47,30.54,10.82,303.97,0.04,136.89,83.59,15.19
2026-06-05 00:30:00,0,-500.0,280.11,-1.47,31.26,11.21,296.62,0.04,135.53,83.39,12.65
2026-06-05 00:35:00,0,-500.0,280.11,-1.47,31.01,11.15,295.31,0.04,137.72,83.91,13.13
2026-06-05 00:40:00,0,-500.0,280.11,-1.47,30.7,11.08,248.44,0.05,113.92,78.51,15.27
2026-06-05 00:45:00,0,-500.0,280.11,-1.47,31.04,12.24,269.74,0.05,137.72,84.31,11.99
2026-06-05 00:50:00,0,-500.0,280.11,-1.47,30.54,11.39,241.21,0.06,110.62,77.98,12.51
2026-06-05 00:55:00,0,-500.0,280.11,-1.47,32.06,11.11,291.22,0.04,133.2,82.79,12.13
2026-06-05 01:00:00,0,-500.0,280.11,-1.47,31.41,11.67,337.3,0.03,156.86,89.15,12.83
2026-06-05 01:05:00,0,-500.0,280.11,-1.47,31.61,11.29,234.37,0.07,110.55,77.95,11.35
2026-06-05 01:10:00,0,-500.0,280.11,-1.47,31.18,11.9,203.09,0.09,100.04,76.21,12.29
2026-06-05 01:15:00,0,-500.0,280.11,-1.47,32.22,11.73,265.05,0.05,127.22,81.63,12.35
2026-06-05 01:20:00,0,-500.0,280.11,-1.47,31.74,12.23,313.29,0.04,139.6,84.76,11.02
2026-06-05 01:25:00,0,-500.0,280.11,-1.47,31.7,11.5,324.99,0.03,149.74,87.13,11.85
2026-06-05 01:30:00,0,-500.0,280.11,-1.47,31.57,12.03,267.67,0.05,128.81,82.1,11.59
2026-06-05 01:35:00,0,-500.0,280.11,-1.47,31.28,10.92,296.85,0.04,137.22,83.71,12.09
2026-06-05 01:40:00,0,-500.0,280.11,-1.47,31.51,11.3,221.06,0.07,113.21,78.49,11.45
2026-06-05 01:45:00,0,-500.0,280.11,-1.47,32.16,11.94,304.76,0.04,150.36,87.47,11.63
2026-06-05 01:50:00,0,-500.0,280.11,-1.47,31.85,10.73,259.87,0.05,120.52,79.79,12.94
2026-06-05 01:55:00,0,-500.0,280.11,-1.47,31.71,11.33,245.94,0.06,114.2,78.68,13.62
2026-06-05 02:00:00,0,-500.0,280.11,-1.47,31.39,10.49,234.91,0.06,109.03,77.35,11.78
2026-06-05 02:05:00,0,-500.0,280.11,-1.47,31.66,10.13,150.54,0.15,70.25,71.15,10.27
2026-06-05 02:10:00,0,-500.0,280.11,-1.47,30.86,10.55,181.48,0.1,84.96,73.25,11.75
2026-06-05 02:15:00,0,-500.0,280.11,-1.47,31.34,10.99,168.81,0.14,82.22,73.07,11.8
2026-06-05 02:20:00,0,-500.0,280.11,-1.47,32.08,10.85,182.7,0.11,86.52,73.61,8.81
2026-06-05 02:25:00,0,-500.0,280.11,-1.47,31.69,9.69,262.35,0.05,118.81,79.06,10.47
2026-06-05 02:30:00,0,-500.0,280.11,-1.47,32.4,10.98,261.75,0.05,129.96,82.0,9.94
2026-06-05 02:35:00,0,-500.0,280.11,-1.47,32.36,10.78,296.18,0.04,138.77,84.05,10.49
2026-06-05 02:40:00,0,-500.0,280.11,-1.47,33.0,10.52,276.73,0.04,132.82,82.5,9.25
2026-06-05 02:45:00,0,-500.0,280.11,-1.47,32.83,10.14,182.11,0.09,89.21,73.75,9.94
2026-06-05 02:50:00,0,-500.0,280.11,-1.47,32.82,9.33,305.27,0.03,140.0,83.83,10.65
2026-06-05 02:55:00,0,-500.0,280.11,-1.47,32.79,9.97,305.73,0.03,146.95,85.85,9.25
2026-06-05 03:00:00,0,-500.0,280.11,-1.47,32.24,10.19,231.73,0.06,107.98,77.04,11.07
2026-06-05 03:05:00,0,-500.0,280.11,-1.47,34.09,9.8,229.47,0.06,105.33,76.4,8.55
2026-06-05 03:10:00,0,-500.0,280.11,-1.47,33.98,10.36,273.29,0.04,137.84,83.67,9.93
2026-06-05 03:15:00,0,-500.0,280.11,-1.47,34.04,8.65,216.35,0.06,93.64,73.9,10.9
2026-06-05 03:20:00,0,-500.0,280.11,-1.47,33.25,9.83,173.78,0.1,79.06,72.13,10.61
2026-06-05 03:25:00,0,-500.0,280.11,-1.47,34.56,9.79,294.75,0.03,138.07,83.51,9.41
2026-06-05 03:30:00,0,-500.0,280.11,-1.47,34.54,8.31,246.23,0.04,116.68,78.11,10.99
2026-06-05 03:35:00,0,-500.0,280.11,-1.47,34.25,8.41,353.11,0.02,160.41,89.0,9.4
2026-06-05 03:40:00,0,-500.0,280.11,-1.47,34.06,8.73,261.02,0.04,125.53,80.18,8.66
2026-06-05 03:45:00,0,-500.0,280.11,-1.47,34.27,8.42,207.93,0.06,96.39,74.29,8.41
2026-06-05 03:50:00,0,-500.0,280.11,-1.47,33.52,7.28,202.3,0.06,94.11,73.5,9.16
2026-06-05 03:55:00,0,-500.0,280.11,-1.47,34.66,8.19,211.28,0.06,99.54,74.77,9.87
2026-06-05 04:00:00,0,-500.0,280.11,-1.47,34.92,6.98,270.34,0.03,126.82,79.84,9.85
2026-06-05 04:05:00,0,-500.0,280.11,-1.47,35.05,6.58,212.7,0.05,100.22,74.31,8.86
2026-06-05 04:10:00,0,-500.0,280.11,-1.47,34.59,6.46,284.39,0.03,139.0,82.57,8.67
2026-06-05 04:15:00,0,-500.0,280.11,-1.47,34.63,7.08,218.86,0.05,105.78,75.51,6.94
2026-06-05 04:20:00,0,-500.0,280.11,-1.47,35.85,5.98,264.54,0.03,124.11,78.88,7.51
2026-06-05 04:25:00,0,-500.0,280.11,-1.47,34.56,6.49,301.59,0.02,133.86,81.3,8.84
2026-06-05 04:30:00,0,-500.0,280.11,-1.47,35.18,5.62,278.66,0.02,136.29,81.59,6.7
2026-06-05 04:35:00,0,-500.0,280.11,-1.47,36.0,5.81,193.46,0.04,98.68,85.25,7.79
2026-06-05 04:40:00,0,-500.0,280.11,-1.47,35.32,5.38,262.36,0.03,129.39,79.88,8.93
2026-06-05 04:45:00,0,-500.0,280.11,-1.47,36.21,6.16,292.65,0.02,140.84,82.91,8.66
2026-06-05 04:50:00,0,-500.0,280.11,-1.47,35.4,5.6,296.2,0.02,140.81,82.71,7.83
2026-06-05 04:55:00,0,-500.0,280.11,-1.47,36.06,4.69,228.81,0.03,112.9,76.04,7.45
2026-06-05 05:00:00,0,-500.0,280.11,-1.47,36.32,4.6,290.79,0.02,137.49,81.53,4.92
2026-06-05 05:05:00,0,-500.0,280.11,-1.47,37.34,4.41,242.87,0.03,120.61,77.56,8.52
2026-06-05 05:10:00,0,-500.0,280.11,-1.47,36.6,4.55,212.88,0.03,96.97,72.98,8.3
2026-06-05 05:15:00,0,-500.0,280.11,-1.47,37.22,4.22,271.72,0.02,122.72,77.94,6.23
2026-06-05 05:20:00,0,-500.0,280.11,-1.47,37.1,4.67,254.43,0.02,124.2,78.43,7.28
2026-06-05 05:25:00,0,-500.0,280.11,-1.47,36.9,4.52,326.84,0.01,158.97,87.21,6.53
2026-06-05 05:30:00,0,-500.0,280.11,-1.47,37.8,3.96,246.96,0.02,109.26,75.04,7.51
2026-06-05 05:35:00,0,-500.0,280.11,-1.47,37.78,3.8,263.52,0.02,119.05,77.0,5.04
2026-06-05 05:40:00,0,-500.0,280.11,-1.47,36.93,3.01,171.77,0.03,85.08,70.5,6.27
2026-06-05 05:45:00,0,-500.0,280.11,-1.47,37.18,3.27,201.9,0.03,91.4,71.59,7.02
2026-06-05 05:50:00,0,-500.0,280.11,-1.47,37.91,3.31,260.39,0.01,121.36,77.3,6.28
2026-06-05 05:55:00,0,-500.0,280.11,-1.47,37.73,3.02,212.42,0.02,99.73,72.92,4.85
2026-06-05 06:00:00,0,-500.0,280.11,-1.47,38.13,2.48,263.56,0.01,127.08,78.29,5.03
2026-06-05 06:05:00,0,-500.0,280.11,-1.47,39.03,2.39,254.78,0.01,127.33,78.32,5.59
2026-06-05 06:10:00,0,-500.0,280.11,-1.47,38.14,2.33,183.21,0.02,83.18,69.95,4.66
2026-06-05 06:15:00,0,-500.0,280.11,-1.47,38.74,2.4,308.6,0.01,137.74,80.81,5.12
2026-06-05 06:20:00,0,-500.0,280.11,-1.47,38.59,2.08,193.0,0.02,94.98,71.76,6.78
2026-06-05 06:25:00,0,-500.0,280.11,-1.47,39.27,2.67,203.11,0.02,95.93,72.13,5.49
2026-06-05 06:30:00,0,-500.0,280.11,-1.47,39.21,2.34,267.0,0.01,124.59,77.68,5.72
2026-06-05 06:35:00,0,-500.0,280.11,-1.47,38.87,2.14,233.71,0.01,111.74,74.88,6.08
2026-06-05 06:40:00,0,-500.0,280.11,-1.47,39.73,2.35,299.16,0.01,141.7,81.79,4.11
2026-06-05 06:45:00,0,-500.0,280.11,-1.47,39.64,1.93,264.7,0.01,115.91,75.66,4.9
2026-06-05 06:50:00,0,-500.0,280.11,-1.47,38.25,2.1,252.78,0.01,110.86,74.69,3.79
2026-06-05 06:55:00,0,-500.0,280.11,-1.47,39.21,1.74,251.72,0.01,121.15,76.71,3.21
2026-06-05 07:00:00,0,-500.0,280.11,-1.47,39.57,1.7,222.71,0.01,103.2,73.07,4.08
2026-06-05 07:05:00,0,-500.0,280.11,-1.47,39.78,1.33,217.58,0.01,103.25,72.95,3.03
2026-06-05 07:10:00,0,-500.0,280.11,-1.47,40.25,1.14,259.98,0.01,121.02,76.48,5.89
2026-06-05 07:15:00,0,-500.0,280.11,-1.47,39.77,1.11,231.7,0.01,101.47,72.55,3.93
2026-06-05 07:20:00,0,-500.0,280.11,-1.47,39.89,1.1,266.65,0.01,116.91,75.58,4.76
2026-06-05 07:25:00,0,-500.0,280.11,-1.47,41.24,0.98,226.15,0.01,111.38,74.41,5.18
2026-06-05 07:30:00,0,-500.0,280.11,-1.47,40.0,0.96,244.54,0.01,121.11,76.43,4.46
2026-06-05 07:35:00,0,-500.0,280.11,-1.47,40.92,1.31,249.55,0.01,120.09,76.33,3.88
2026-06-05 07:40:00,0,-500.0,280.11,-1.47,40.53,0.64,318.42,0.0,157.19,85.34,2.68
2026-06-05 07:45:00,0,-500.0,280.11,-1.47,42.09,0.76,283.76,0.0,127.28,77.72,1.68
2026-06-05 07:50:00,0,-500.0,280.11,-1.47,41.83,0.84,250.37,0.0,117.92,75.69,3.54
2026-06-05 07:55:00,0,-500.0,280.11,-1.47,40.88,0.64,308.17,0.0,137.03,80.0,3.45
2026-06-05 08:00:00,0,-500.0,280.11,-1.47,41.57,0.61,223.83,0.0,99.32,71.97,1.79
2026-06-05 08:05:00,0,-500.0,280.11,-1.47,41.07,0.54,287.25,0.0,140.13,80.74,3.26
2026-06-05 08:10:00,0,-500.0,280.11,-1.47,42.03,0.56,233.12,0.0,114.31,89.19,3.86
2026-06-05 08:15:00,0,-500.0,280.11,-1.47,41.33,0.51,319.25,0.0,149.74,83.24,1.87
2026-06-05 08:20:00,0,-500.0,280.11,-1.47,41.75,0.51,216.1,0.0,108.05,73.56,3.33
2026-06-05 08:25:00,0,-500.0,280.11,-1.47,42.52,0.51,253.42,0.0,117.76,75.54,2.81
2026-06-05 08:30:00,0,-500.0,280.11,-1.47,42.61,0.54,333.99,0.0,166.22,87.93,2.62
2026-06-05 08:35:00,0,-500.0,280.11,-1.47,42.55,0.5,213.23,0.0,101.56,72.34,2.18
2026-06-05 08:40:00,0,-500.0,280.11,-1.47,42.98,0.35,204.55,0.0,105.18,72.96,1.32
2026-06-05 08:45:00,0,-500.0,280.11,-1.47,42.55,0.33,239.43,0.0,104.33,72.79,1.64
2026-06-05 08:50:00,0,-500.0,280.11,-1.47,42.44,0.39,271.77,0.0,128.89,77.97,0.59
2026-06-05 08:55:00,0,-500.0,280.11,-1.47,41.94,0.46,260.32,0.0,119.79,75.95,2.1
2026-06-05 09:00:00,0,-500.0,280.11,-1.47,43.13,0.4,290.11,0.0,130.37,78.32,0.35
2026-06-05 09:05:00,0,-500.0,280.11,-1.47,42.84,0.38,236.1,0.0,116.48,75.23,0.39
2026-06-05 09:10:00,0,-500.0,280.11,-1.47,43.24,0.38,268.58,0.0,128.88,77.96,1.46
2026-06-05 09:15:00,0,-500.0,280.11,-1.47,44.09,0.36,297.54,0.0,140.63,80.81,1.03
2026-06-05 09:20:00,0,-500.0,280.11,-1.47,42.96,0.31,188.7,0.0,90.47,80.08,0.18
2026-06-05 09:25:00,0,-500.0,280.11,-1.47,43.69,0.28,338.35,0.0,157.02,85.17,0.2
2026-06-05 09:30:00,0,-500.0,280.11,-1.47,43.99,0.27,248.77,0.0,114.91,74.86,0.2
2026-06-05 09:35:00,0,-500.0,280.11,-1.47,43.46,0.18,257.99,0.0,123.85,76.75,0.0
2026-06-05 09:40:00,0,-500.0,280.11,-1.47,43.76,0.16,224.46,0.0,99.84,71.91,0.92
2026-06-05 09:45:00,0,-500.0,280.11,-1.47,43.8,0.14,304.55,0.0,140.27,80.64,0.76
2026-06-05 09:50:00,0,-500.0,280.11,-1.47,44.06,0.12,261.91,0.0,120.98,76.1,0.0
2026-06-05 09:55:00,0,-500.0,280.11,-1.47,44.27,0.07,273.56,0.0,137.12,79.83,0.0
2026-06-05 10:00:00,0,-500.0,280.11,-1.47,43.74,0.03,260.32,0.0,120.5,75.96,0.15
2026-06-05 10:05:00,0,-500.0,280.11,-1.47,44.89,0.0,275.51,0.0,129.51,77.98,2.16
2026-06-05 10:10:00,0,-500.0,280.11,-1.47,44.83,0.0,271.13,0.0,126.13,77.2,0.1
2026-06-05 10:15:00,0,-500.0,280.11,-1.47,44.25,0.0,229.5,0.0,95.4,71.07,0.0
2026-06-05 10:20:00,0,-500.0,280.11,-1.47,44.5,0.0,227.2,0.0,105.05,72.82,0.19
2026-06-05 10:25:00,0,-500.0,280.11,-1.47,44.69,0.0,179.57,0.0,83.22,69.12,0.0
2026-06-05 10:30:00,0,-500.0,280.11,-1.47,44.15,0.0,242.42,0.0,115.77,74.95,1.42
2026-06-05 10:35:00,0,-500.0,280.11,-1.47,45.11,0.0,249.24,0.0,120.7,76.0,0.0
2026-06-05 10:40:00,0,-500.0,280.11,-1.47,44.39,0.0,257.91,0.0,124.27,76.78,1.04
2026-06-05 10:45:00,0,-500.0,280.11,-1.47,44.57,0.0,272.14,0.0,118.24,75.47,0.0
2026-06-05 10:50:00,0,-500.0,280.11,-1.47,46.06,0.0,235.74,0.0,115.23,74.84,1.41
2026-06-05 10:55:00,0,-500.0,280.11,-1.47,43.97,0.0,247.97,0.0,122.36,76.36,0.28
2026-06-05 11:00:00,0,-500.0,280.11,-1.47,45.64,0.0,232.97,0.0,116.03,75.0,0.0
2026-06-05 11:05:00,0,-500.0,280.11,-1.47,44.81,0.0,241.71,0.0,108.94,73.57,0.47
2026-06-05 11:10:00,0,-500.0,280.11,-1.47,45.23,0.0,336.38,0.0,152.14,83.72,0.0
2026-06-05 11:15:00,0,-500.0,280.11,-1.47,45.68,0.0,304.8,0.0,148.73,82.8,0.0
2026-06-05 11:20:00,0,-500.0,280.11,-1.47,44.53,0.0,230.72,0.0,103.27,72.48,0.15
2026-06-05 11:25:00,0,-500.0,280.11,-1.47,44.96,0.0,291.33,0.0,149.37,82.97,0.0
2026-06-05 11:30:00,0,-500.0,280.11,-1.47,45.18,0.0,287.91,0.0,146.91,82.31,0.0
2026-06-05 11:35:00,0,-500.0,280.11,-1.47,45.37,0.0,232.39,0.0,107.36,73.26,0.0
2026-06-05 11:40:00,0,-500.0,280.11,-1.47,44.89,0.0,265.96,0.0,122.41,76.37,1.37
2026-06-05 11:45:00,0,-500.0,280.11,-1.47,45.24,0.0,226.38,0.0,112.22,74.22,0.05
2026-06-05 11:50:00,0,-500.0,280.11,-1.47,45.6,0.0,260.15,0.0,130.93,78.31,0.4
2026-06-05 11:55:00,0,-500.0,280.11,-1.47,45.1,0.0,282.1,0.0,131.52,78.45,0.0
2026-06-05 12:00:00,0,-500.0,280.11,-1.47,44.77,0.0,281.69,0.0,135.73,79.46,0.23
2026-06-05 12:05:00,0,-500.0,280.11,-1.47,45.11,0.0,177.11,0.0,89.48,70.09,1.89
2026-06-05 12:10:00,0,-500.0,280.11,-1.47,44.79,0.0,307.23,0.0,146.88,82.3,0.77
2026-06-05 12:15:00,0,-500.0,280.11,-1.47,45.02,0.0,290.43,0.0,140.38,80.62,1.06
2026-06-05 12:20:00,0,-500.0,280.11,-1.47,43.89,0.0,223.89,0.0,102.32,72.3,0.2
2026-06-05 12:25:00,0,-500.0,280.11,-1.47,44.56,0.0,255.31,0.0,118.33,75.49,0.0
2026-06-05 12:30:00,0,-500.0,280.11,-1.47,44.06,0.0,278.17,0.0,136.89,79.75,0.54
2026-06-05 12:35:00,0,-500.0,280.11,-1.47,45.23,0.0,319.02,0.0,141.12,80.81,0.3
2026-06-05 12:40:00,0,-500.0,280.11,-1.47,45.38,0.0,262.48,0.0,129.91,78.07,0.0
2026-06-05 12:45:00,0,-500.0,280.11,-1.47,44.91,0.0,251.51,0.0,117.09,75.22,0.0
2026-06-05 12:50:00,0,-500.0,280.11,-1.47,44.3,0.0,242.4,0.0,114.28,74.64,1.78
2026-06-05 12:55:00,0,-500.0,280.11,-1.47,45.35,0.0,262.44,0.0,132.51,78.69,0.58
2026-06-05 13:00:00,0,-500.0,280.11,-1.47,44.37,0.0,191.63,0.0,94.86,70.98,0.0
2026-06-05 13:05:00,0,-500.0,280.11,-1.47,45.18,0.0,249.22,0.0,122.12,76.31,0.53
2026-06-05 13:10:00,0,-500.0,280.11,-1.47,44.87,0.0,241.51,0.0,117.03,75.21,0.0
2026-06-05 13:15:00,0,-500.0,280.11,-1.47,44.03,0.0,381.48,0.0,172.43,89.64,0.0
2026-06-05 13:20:00,0,-500.0,280.11,-1.47,44.92,0.0,229.24,0.0,102.83,72.4,0.51
2026-06-05 13:25:00,0,-500.0,280.11,-1.47,44.88,0.0,181.82,0.0,87.28,69.74,0.0
2026-06-05 13:30:00,0,-500.0,280.11,-1.47,43.81,0.0,257.0,0.0,124.45,76.82,1.38
2026-06-05 13:35:00,0,-500.0,280.11,-1.47,44.1,0.0,304.51,0.0,145.52,81.94,1.6
2026-06-05 13:40:00,0,-500.0,280.11,-1.47,43.98,0.0,215.54,0.0,89.96,70.17,0.0
2026-06-05 13:45:00,0,-500.0,280.11,-1.47,44.46,0.0,242.72,0.0,112.78,74.33,0.0
2026-06-05 13:50:00,0,-500.0,280.11,-1.47,44.29,0.0,241.12,0.0,106.83,73.15,1.67
2026-06-05 13:55:00,0,-500.0,280.11,-1.47,44.12,0.0,269.12,0.0,130.71,78.26,0.72
2026-06-05 14:00:00,0,-500.0,280.11,-1.47,43.86,0.0,228.32,0.0,108.02,73.38,1.58
2026-06-05 14:05:00,0,-500.0,280.11,-1.47,43.65,0.0,177.53,0.0,79.22,68.53,0.19
2026-06-05 14:10:00,0,-500.0,280.11,-1.47,43.56,0.0,232.58,0.0,109.86,73.74,0.0
2026-06-05 14:15:00,0,-500.0,280.11,-1.47,43.51,0.0,221.21,0.0,107.29,73.24,0.66
2026-06-05 14:20:00,0,-500.0,280.11,-1.47,43.92,0.0,204.12,0.0,97.98,71.52,0.0
2026-06-05 14:25:00,0,-500.0,280.11,-1.47,43.47,0.0,211.59,0.0,99.83,71.85,0.09
2026-06-05 14:30:00,0,-500.0,280.11,-1.47,43.85,0.0,324.15,0.0,159.38,85.74,0.0
2026-06-05 14:35:00,0,-500.0,280.11,-1.47,43.08,0.0,256.87,0.0,123.37,76.58,0.18
2026-06-05 14:40:00,0,-500.0,280.11,-1.47,42.31,0.0,281.29,0.0,134.96,79.27,0.0
2026-06-05 14:45:00,0,-500.0,280.11,-1.47,43.43,0.0,317.23,0.0,143.9,81.52,0.0
2026-06-05 14:50:00,0,-500.0,280.11,-1.47,43.08,0.0,280.92,0.0,135.04,79.29,0.73
2026-06-05 14:55:00,0,-500.0,280.11,-1.47,42.81,0.0,281.31,0.0,128.79,77.81,0.0
2026-06-05 15:00:00,0,-500.0,280.11,-1.47,42.78,0.0,256.12,0.0,116.3,75.05,0.0
2026-06-05 15:05:00,0,-500.0,280.11,-1.47,42.44,0.0,181.36,0.0,76.43,68.14,0.0
2026-06-05 15:10:00,0,-500.0,280.11,-1.47,43.12,0.0,234.32,0.0,118.23,75.46,0.1
2026-06-05 15:15:00,0,-500.0,280.11,-1.47,42.45,0.0,221.48,0.0,107.88,73.35,0.53
2026-06-05 15:20:00,0,-500.0,280.11,-1.47,43.07,0.0,227.1,0.0,98.6,71.63,0.09
2026-06-05 15:25:00,0,-500.0,280.11,-1.47,43.19,0.0,154.26,0.0,67.5,66.98,0.8
2026-06-05 15:30:00,0,-500.0,280.11,-1.47,41.48,0.0,303.54,0.0,138.67,80.18,0.0
2026-06-05 15:35:00,0,-500.0,280.11,-1.47,42.77,0.0,204.33,0.0,92.99,70.66,0.0
2026-06-05 15:40:00,0,-500.0,280.11,-1.47,42.79,0.0,258.63,0.0,117.91,75.39,1.42
2026-06-05 15:45:00,0,-500.0,280.11,-1.47,41.63,0.0,321.09,0.0,156.97,85.05,0.06
2026-06-05 15:50:00,0,-500.0,280.11,-1.47,41.61,0.0,239.76,0.0,111.63,74.09,0.0
2026-06-05 15:55:00,0,-500.0,280.11,-1.47,41.52,0.0,306.61,0.0,146.27,82.13,0.0
2026-06-05 16:00:00,0,-500.0,280.11,-1.47,41.39,0.0,271.56,0.0,134.65,79.19,0.24
2026-06-05 16:05:00,0,-500.0,280.11,-1.47,41.43,0.0,260.7,0.0,115.96,74.98,0.12
2026-06-05 16:10:00,0,-500.0,280.11,-1.47,41.37,0.0,237.45,0.0,115.5,74.88,0.0
2026-06-05 16:15:00,0,-500.0,280.11,-1.47,41.16,0.0,320.42,0.0,145.08,81.82,1.07
2026-06-05 16:20:00,0,-500.0,280.11,-1.47,42.81,0.0,340.49,0.0,158.25,85.42,0.9
2026-06-05 16:25:00,0,-500.0,280.11,-1.47,41.45,0.0,285.72,0.0,134.54,79.17,0.47
2026-06-05 16:30:00,0,-500.0,280.11,-1.47,40.78,0.0,286.63,0.0,149.9,83.1,0.0
2026-06-05 16:35:00,0,-500.0,280.11,-1.47,39.95,0.0,285.45,0.0,124.87,76.91,0.0
2026-06-05 16:40:00,0,-500.0,280.11,-1.47,40.19,0.0,230.13,0.0,103.06,72.43,0.0
2026-06-05 16:45:00,0,-500.0,280.11,-1.47,40.8,0.0,319.98,0.0,163.84,87.04,0.0
2026-06-05 16:50:00,0,-500.0,280.11,-1.47,40.18,0.0,237.31,0.0,105.3,72.85,0.0
2026-06-05 16:55:00,0,-500.0,280.11,-1.47,39.34,0.0,299.65,0.0,134.45,79.14,1.6
2026-06-05 17:00:00,0,-500.0,280.11,-1.47,39.85,0.0,244.06,0.0,122.21,76.32,97.32
2026-06-05 17:05:00,0,-500.0,280.11,-1.47,39.54,60.95,292.32,0.21,146.25,103.87,98.25
2026-06-05 17:10:00,0,-500.0,280.11,-1.47,39.43,61.26,215.32,0.42,100.87,94.31,98.78
2026-06-05 17:15:00,0,-500.0,280.11,-1.47,39.64,60.15,228.47,0.37,110.82,95.72,97.69
2026-06-05 17:20:00,0,-500.0,280.11,-1.47,40.05,50.64,308.73,0.16,163.11,104.86,99.12
2026-06-05 17:25:00,0,-500.0,280.11,-1.47,38.99,56.07,279.33,0.25,130.44,98.31,95.63
2026-06-05 17:30:00,0,-500.0,280.11,-1.47,39.08,54.74,270.1,0.25,134.46,98.8,99.78
2026-06-05 17:35:00,0,-500.0,280.11,-1.47,38.51,52.78,255.73,0.27,125.67,96.1,98.88
2026-06-05 17:40:00,0,-500.0,280.11,-1.47,38.91,46.07,285.29,0.18,141.27,97.32,96.72
2026-06-05 17:45:00,0,-500.0,280.11,-1.47,38.92,44.5,274.26,0.18,131.54,94.38,97.25
2026-06-05 17:50:00,0,-500.0,280.11,-1.47,37.93,45.21,230.0,0.27,110.97,90.32,96.28
2026-06-05 17:55:00,0,-500.0,280.11,-1.47,39.05,54.45,267.21,0.25,124.67,96.42,97.4
2026-06-05 18:00:00,0,-500.0,280.11,-1.47,37.97,49.36,280.83,0.19,134.16,96.72,95.98
2026-06-05 18:05:00,0,-500.0,280.11,-1.47,38.55,49.04,300.94,0.18,138.25,97.6,96.67
2026-06-05 18:10:00,0,-500.0,280.11,-1.47,37.42,36.61,324.77,0.11,159.87,98.9,96.06
2026-06-05 18:15:00,0,-500.0,280.11,-1.47,37.2,32.83,237.35,0.18,117.14,87.07,95.54
2026-06-05 18:20:00,0,-500.0,280.11,-1.47,37.34,33.41,171.76,0.37,84.81,81.78,96.68
2026-06-05 18:25:00,0,-500.0,280.11,-1.47,36.95,29.09,300.62,0.11,141.8,91.37,96.29
2026-06-05 18:30:00,0,-500.0,280.11,-1.47,36.74,28.43,309.95,0.1,149.42,93.11,96.83
2026-06-05 18:35:00,0,-500.0,280.11,-1.47,37.04,27.25,249.92,0.12,118.79,85.35,94.99
2026-06-05 18:40:00,0,-500.0,280.11,-1.47,37.37,30.65,155.93,0.39,77.36,79.76,96.06
2026-06-05 18:45:00,0,-500.0,280.11,-1.47,36.87,31.58,238.24,0.19,105.97,84.41,96.58
2026-06-05 18:50:00,0,-500.0,280.11,-1.47,36.0,35.71,298.94,0.12,144.16,94.31,95.93
2026-06-05 18:55:00,0,-500.0,280.11,-1.47,36.07,24.97,222.94,0.16,109.07,82.63,94.6
2026-06-05 19:00:00,0,-500.0,280.11,-1.47,37.11,28.21,247.68,0.16,104.78,82.94,93.88
2026-06-05 19:05:00,0,-500.0,280.11,-1.47,36.14,28.26,207.26,0.23,98.73,81.99,93.62
2026-06-05 19:10:00,0,-500.0,280.11,-1.47,36.44,26.17,332.77,0.08,157.27,94.45,95.64
2026-06-05 19:15:00,0,-500.0,280.11,-1.47,36.28,30.5,269.38,0.15,124.85,87.87,93.39
2026-06-05 19:20:00,0,-500.0,280.11,-1.47,35.07,18.58,286.72,0.07,130.38,84.81,94.9
2026-06-05 19:25:00,0,-500.0,280.11,-1.47,35.2,26.32,239.83,0.15,114.0,84.07,92.83
2026-06-05 19:30:00,0,-500.0,280.11,-1.47,35.57,22.42,236.91,0.12,106.78,81.21,93.14
2026-06-05 19:35:00,0,-500.0,280.11,-1.47,34.96,25.52,284.34,0.11,134.0,88.18,93.63
2026-06-05 19:40:00,0,-500.0,280.11,-1.47,35.07,19.26,271.89,0.08,130.34,85.06,95.21
2026-06-05 19:45:00,0,-500.0,280.11,-1.47,35.35,26.52,174.28,0.28,81.55,78.69,92.94
2026-06-05 19:50:00,0,-500.0,280.11,-1.47,34.99,25.3,301.62,0.08,134.23,88.1,95.44
2026-06-05 19:55:00,0,-500.0,280.11,-1.47,34.73,26.07,206.52,0.19,100.71,81.5,92.8
2026-06-05 20:00:00,0,-500.0,280.11,-1.47,34.2,24.31,232.4,0.14,107.11,81.98,93.74
2026-06-05 20:05:00,0,-500.0,280.11,-1.47,34.73,21.27,241.32,0.11,118.15,83.09,93.49
2026-06-05 20:10:00,0,-500.0,280.11,-1.47,33.56,22.22,306.58,0.08,150.6,104.27,92.21
2026-06-05 20:15:00,0,-500.0,280.11,-1.47,33.98,22.62,257.43,0.11,123.18,84.66,93.58
2026-06-05 20:20:00,0,-500.0,280.11,-1.47,34.19,27.42,312.3,0.09,150.81,93.11,93.03
2026-06-05 20:25:00,0,-500.0,280.11,-1.47,33.63,14.1,245.12,0.08,114.85,79.83,92.17
2026-06-05 20:30:00,0,-500.0,280.11,-1.47,34.07,19.27,284.14,0.07,125.03,83.82,91.55
2026-06-05 20:35:00,0,-500.0,280.11,-1.47,33.93,22.43,334.51,0.06,162.02,94.46,92.64
2026-06-05 20:40:00,0,-500.0,280.11,-1.47,34.33,21.37,257.61,0.09,123.13,84.17,92.34
2026-06-05 20:45:00,0,-500.0,280.11,-1.47,33.36,21.72,342.02,0.06,151.8,91.32,92.98
2026-06-05 20:50:00,0,-500.0,280.11,-1.47,33.44,24.39,270.59,0.09,133.17,87.54,92.22
2026-06-05 20:55:00,0,-500.0,280.11,-1.47,33.84,27.53,290.35,0.1,143.27,91.17,92.86
2026-06-05 21:00:00,0,-500.0,280.11,-1.47,33.41,26.95,289.16,0.11,142.34,90.75,91.54
2026-06-05 21:05:00,0,-500.0,280.11,-1.47,32.91,20.91,289.21,0.08,130.16,98.06,91.99
2026-06-05 21:10:00,0,-500.0,280.11,-1.47,33.26,27.34,268.47,0.13,128.49,87.55,92.0
2026-06-05 21:15:00,0,-500.0,280.11,-1.47,32.82,22.37,243.27,0.11,116.62,83.15,90.32
2026-06-05 21:20:00,0,-500.0,280.11,-1.47,32.74,29.14,231.87,0.17,111.97,84.68,90.24
2026-06-05 21:25:00,0,-500.0,280.11,-1.47,32.65,29.81,321.41,0.09,163.15,97.43,91.4
2026-06-05 21:30:00,0,-500.0,280.11,-1.47,32.38,24.66,284.02,0.09,128.09,86.44,90.54
2026-06-05 21:35:00,0,-500.0,280.11,-1.47,32.49,29.73,338.65,0.08,156.64,95.51,89.61
2026-06-05 21:40:00,0,-500.0,280.11,-1.47,32.74,27.88,297.77,0.09,143.83,91.42,90.54
2026-06-05 21:45:00,0,-500.0,280.11,-1.47,32.45,28.7,209.88,0.21,97.37,81.86,89.64
2026-06-05 21:50:00,0,-500.0,280.11,-1.47,32.55,29.21,277.44,0.13,139.35,90.82,89.39
2026-06-05 21:55:00,0,-500.0,280.11,-1.47,31.34,30.68,272.81,0.13,118.33,86.46,89.89
2026-06-05 22:00:00,0,-500.0,280.11,-1.47,32.05,34.83,271.6,0.15,131.04,90.81,91.01
2026-06-05 22:05:00,0,-500.0,280.11,-1.47,30.91,35.99,209.65,0.28,97.1,84.5,90.27
2026-06-05 22:10:00,0,-500.0,280.11,-1.47,32.94,39.21,229.11,0.24,115.07,106.12,89.23
2026-06-05 22:15:00,0,-500.0,280.11,-1.47,32.1,34.96,253.15,0.18,123.32,89.14,90.06
2026-06-05 22:20:00,0,-500.0,280.11,-1.47,31.63,38.04,234.73,0.23,106.97,86.93,89.04
2026-06-05 22:25:00,0,-500.0,280.11,-1.47,32.0,42.71,217.3,0.28,107.39,102.57,89.5
2026-06-05 22:30:00,0,-500.0,280.11,-1.47,31.26,34.79,246.07,0.18,116.02,87.51,87.84
2026-06-05 22:35:00,0,-500.0,280.11,-1.47,31.01,45.86,261.75,0.2,118.96,92.05,89.6
2026-06-05 22:40:00,0,-500.0,280.11,-1.47,32.44,42.41,254.75,0.21,126.11,92.44,89.83
2026-06-05 22:45:00,0,-500.0,280.11,-1.47,30.12,42.31,371.32,0.1,174.48,105.26,88.9
2026-06-05 22:50:00,0,-500.0,280.11,-1.47,31.78,47.17,268.48,0.21,122.88,93.38,88.51
2026-06-05 22:55:00,0,-500.0,280.11,-1.47,31.8,48.52,321.68,0.16,144.09,98.85,88.33
2026-06-05 23:00:00,0,-500.0,280.11,-1.47,31.42,52.45,321.57,0.16,152.79,102.55,88.18
2026-06-05 23:05:00,0,-500.0,280.11,-1.47,31.83,52.52,258.92,0.23,119.88,94.64,88.1
2026-06-05 23:10:00,0,-500.0,280.11,-1.47,31.29,56.15,272.14,0.23,136.27,99.68,87.56
2026-06-05 23:15:00,0,-500.0,280.11,-1.47,31.66,56.23,289.07,0.22,146.35,102.25,87.79
2026-06-05 23:20:00,0,-500.0,280.11,-1.47,30.97,57.76,252.32,0.29,118.04,96.19,87.18
2026-06-05 23:25:00,0,-500.0,280.11,-1.47,30.8,62.38,211.97,0.45,98.35,113.23,87.87
2026-06-05 23:30:00,0,-500.0,280.11,-1.47,31.27,62.46,202.86,0.51,98.69,116.52,88.62
2026-06-05 23:35:00,0,-500.0,280.11,-1.47,30.97,59.94,240.9,0.32,111.48,95.66,87.8
2026-06-05 23:40:00,0,-500.0,280.11,-1.47,30.84,62.47,206.08,0.49,90.54,93.08,88.52
2026-06-05 23:45:00,0,-500.0,280.11,-1.47,31.85,59.14,253.83,0.3,121.28,97.4,85.46
2026-06-05 23:50:00,0,-500.0,280.11,-1.47,31.16,63.64,314.94,0.2,151.23,121.28,86.89
2026-06-05 23:55:00,0,-500.0,280.11,-1.47,30.74,68.78,263.48,0.32,132.93,103.47,86.8
2026-06-06 00:00:00,0,166.87,305.06,0.0,31.09,54.3,373.82,0.13,171.88,108.71,87.07
2026-06-06 00:05:00,0,166.87,305.06,0.0,31.68,58.49,231.01,0.34,112.5,95.4,85.69
2026-06-06 00:10:00,0,166.87,305.06,0.0,32.33,56.91,252.79,0.28,126.37,97.71,85.98
2026-06-06 00:15:00,0,166.87,305.06,0.0,31.4,59.6,187.93,0.5,85.21,91.25,85.6
2026-06-06 00:20:00,0,166.87,305.06,0.0,30.87,59.4,218.74,0.39,108.54,95.03,85.05
2026-06-06 00:25:00,0,166.87,305.06,0.0,30.96,62.25,236.82,0.36,111.44,96.54,85.92
2026-06-06 00:30:00,0,166.87,305.06,0.0,30.77,65.8,302.21,0.23,140.68,104.16,84.91
2026-06-06 00:35:00,0,166.87,305.06,0.0,30.74,61.57,264.43,0.25,139.04,102.3,86.15
2026-06-06 00:40:00,0,166.87,305.06,0.0,31.09,56.22,253.17,0.27,117.08,95.41,83.95
2026-06-06 00:45:00,0,166.87,305.06,0.0,31.71,64.23,262.2,0.28,126.45,100.29,86.58
2026-06-06 00:50:00,0,166.87,305.06,0.0,31.28,66.12,214.3,0.42,103.63,96.51,86.33
2026-06-06 00:55:00,0,166.87,305.06,0.0,31.27,69.15,285.96,0.29,134.77,103.99,85.3
2026-06-06 01:00:00,0,166.87,305.06,0.0,31.34,70.92,208.56,0.55,101.17,97.99,84.96
2026-06-06 01:05:00,0,166.87,305.06,0.0,31.39,68.64,325.19,0.21,151.73,108.02,83.22
2026-06-06 01:10:00,0,166.87,305.06,0.0,31.43,70.13,240.94,0.41,120.98,124.09,85.36
2026-06-06 01:15:00,0,166.87,305.06,0.0,32.11,67.25,302.62,0.23,139.54,104.38,83.41
2026-06-06 01:20:00,0,166.87,305.06,0.0,30.73,66.77,291.03,0.24,136.23,103.41,82.55
2026-06-06 01:25:00,0,166.87,305.06,0.0,31.4,66.57,209.32,0.5,93.95,95.1,82.97
2026-06-06 01:30:00,0,166.87,305.06,0.0,31.03,71.18,271.09,0.33,131.67,104.04,83.07
2026-06-06 01:35:00,0,166.87,305.06,0.0,31.53,69.58,277.7,0.29,134.91,104.17,83.31
2026-06-06 01:40:00,0,166.87,305.06,0.0,31.18,74.2,207.96,0.56,99.08,98.78,82.1
2026-06-06 01:45:00,0,166.87,305.06,0.0,32.16,72.32,247.46,0.37,124.47,102.86,83.16
2026-06-06 01:50:00,0,166.87,305.06,0.0,31.78,69.72,329.6,0.22,154.64,130.15,83.68
2026-06-06 01:55:00,0,166.87,305.06,0.0,33.03,70.36,237.82,0.36,114.45,99.99,83.21
2026-06-06 02:00:00,0,166.87,305.06,0.0,32.49,70.59,300.86,0.26,141.15,106.02,82.74
2026-06-06 02:05:00,0,166.87,305.06,0.0,32.35,73.39,185.64,0.67,89.08,97.03,82.28
2026-06-06 02:10:00,0,166.87,305.06,0.0,32.31,68.65,240.14,0.39,113.91,99.35,80.87
2026-06-06 02:15:00,0,166.87,305.06,0.0,32.42,71.04,247.53,0.4,116.9,100.82,81.8
2026-06-06 02:20:00,0,166.87,305.06,0.0,31.89,71.0,271.12,0.33,129.98,103.57,81.1
2026-06-06 02:25:00,0,166.87,305.06,0.0,32.58,69.38,207.85,0.5,98.46,96.87,80.92
2026-06-06 02:30:00,0,166.87,305.06,0.0,32.42,71.48,334.57,0.2,164.11,112.52,82.06
2026-06-06 02:35:00,0,166.87,305.06,0.0,32.33,65.12,233.98,0.39,122.96,100.04,81.17
2026-06-06 02:40:00,0,166.87,305.06,0.0,32.09,74.84,223.0,0.49,103.9,99.75,81.02
2026-06-06 02:45:00,0,166.87,305.06,0.0,32.58,69.05,212.61,0.48,92.98,95.77,81.39
2026-06-06 02:50:00,0,166.87,305.06,0.0,32.16,65.27,214.55,0.45,109.15,97.33,79.54
2026-06-06 02:55:00,0,166.87,305.06,0.0,32.71,66.52,229.16,0.39,105.34,96.91,81.3
2026-06-06 03:00:00,0,166.87,305.06,0.0,33.25,70.53,326.91,0.2,154.16,109.34,79.17
2026-06-06 03:05:00,0,166.87,305.06,0.0,32.37,67.15,346.07,0.18,164.26,111.01,80.11
2026-06-06 03:10:00,0,166.87,305.06,0.0,33.12,64.49,212.58,0.45,96.41,94.7,79.84
2026-06-06 03:15:00,0,166.87,305.06,0.0,34.02,67.63,236.22,0.38,114.05,99.0,79.76
2026-06-06 03:20:00,0,166.87,305.06,0.0,33.78,64.1,186.19,0.63,85.94,93.2,79.75
2026-06-06 03:25:00,0,166.87,305.06,0.0,33.16,65.37,196.36,0.55,86.73,93.61,78.29
2026-06-06 03:30:00,0,166.87,305.06,0.0,33.65,57.31,295.85,0.2,137.67,100.38,80.03
2026-06-06 03:35:00,0,166.87,305.06,0.0,32.63,62.2,263.06,0.26,125.66,99.36,79.77
2026-06-06 03:40:00,0,166.87,305.06,0.0,33.15,61.25,231.43,0.36,113.47,96.61,81.87
2026-06-06 03:45:00,0,166.87,305.06,0.0,34.84,58.85,283.4,0.23,143.4,102.43,78.78
2026-06-06 03:50:00,0,166.87,305.06,0.0,34.44,62.29,201.52,0.48,93.24,112.96,78.5
2026-06-06 03:55:00,0,166.87,305.06,0.0,34.53,63.09,220.15,0.39,107.14,96.06,79.87
2026-06-06 04:00:00,0,166.87,305.06,0.0,34.1,63.92,194.57,0.56,89.92,93.63,79.8
2026-06-06 04:05:00,0,166.87,305.06,0.0,34.32,57.39,273.42,0.26,127.73,98.15,78.13
2026-06-06 04:10:00,0,166.87,305.06,0.0,35.03,54.81,186.13,0.49,90.87,90.46,78.42
2026-06-06 04:15:00,0,166.87,305.06,0.0,35.19,56.22,310.59,0.2,144.18,101.65,78.39
2026-06-06 04:20:00,0,166.87,305.06,0.0,35.17,57.18,295.02,0.22,140.15,100.99,78.37
2026-06-06 04:25:00,0,166.87,305.06,0.0,34.99,52.82,272.37,0.22,135.12,98.22,76.97
2026-06-06 04:30:00,0,166.87,305.06,0.0,35.37,54.22,220.71,0.37,108.21,93.12,77.75
2026-06-06 04:35:00,0,166.87,305.06,0.0,35.03,48.95,266.66,0.22,129.07,95.43,75.87
2026-06-06 04:40:00,0,166.87,305.06,0.0,35.18,54.52,247.32,0.29,116.65,94.77,78.43
2026-06-06 04:45:00,0,166.87,305.06,0.0,35.38,50.58,320.07,0.15,154.33,102.3,77.0
2026-06-06 04:50:00,0,166.87,305.06,0.0,36.35,43.2,305.55,0.16,140.72,96.13,77.35
2026-06-06 04:55:00,0,166.87,305.06,0.0,35.71,54.6,341.99,0.14,160.69,105.49,76.43
2026-06-06 05:00:00,0,166.87,305.06,0.0,36.36,48.69,237.99,0.29,116.8,92.77,75.25
2026-06-06 05:05:00,0,166.87,305.06,0.0,36.86,42.33,323.03,0.14,160.21,101.06,75.94
2026-06-06 05:10:00,0,166.87,305.06,0.0,36.55,45.83,236.57,0.27,110.81,90.5,76.87
2026-06-06 05:15:00,0,166.87,305.06,0.0,37.11,40.8,233.33,0.23,116.17,89.75,77.83
2026-06-06 05:20:00,0,166.87,305.06,0.0,37.36,44.76,276.21,0.18,123.35,107.31,76.58
2026-06-06 05:25:00,0,166.87,305.06,0.0,37.58,41.81,232.26,0.23,112.12,89.28,74.65
2026-06-06 05:30:00,0,166.87,305.06,0.0,37.28,37.05,296.51,0.14,143.81,94.73,75.08
2026-06-06 05:35:00,0,166.87,305.06,0.0,37.01,33.33,198.85,0.25,89.02,82.17,75.33
2026-06-06 05:40:00,0,166.87,305.06,0.0,37.33,35.2,257.85,0.16,124.31,89.42,76.41
2026-06-06 05:45:00,0,166.87,305.06,0.0,37.69,33.28,246.15,0.19,115.86,86.98,74.81
2026-06-06 05:50:00,0,166.87,305.06,0.0,38.52,30.76,291.57,0.12,143.71,92.46,75.93
2026-06-06 05:55:00,0,166.87,305.06,0.0,37.66,36.72,313.45,0.12,142.88,94.34,75.83
2026-06-06 06:00:00,0,166.87,305.06,0.0,38.34,32.52,286.89,0.12,138.71,91.81,75.56
2026-06-06 06:05:00,0,166.87,305.06,0.0,38.07,31.81,317.41,0.1,153.41,95.38,73.86
2026-06-06 06:10:00,0,166.87,305.06,0.0,37.03,34.14,262.31,0.16,129.24,90.17,75.99
2026-06-06 06:15:00,0,166.87,305.06,0.0,38.4,27.93,269.68,0.13,131.49,88.47,74.94
2026-06-06 06:20:00,0,166.87,305.06,0.0,38.64,29.65,249.2,0.15,121.1,86.75,73.68
2026-06-06 06:25:00,0,166.87,305.06,0.0,38.3,28.93,275.33,0.13,138.18,90.44,75.54
2026-06-06 06:30:00,0,166.87,305.06,0.0,38.46,26.21,213.1,0.19,101.73,81.74,75.41
2026-06-06 06:35:00,0,166.87,305.06,0.0,38.99,26.26,297.94,0.1,145.57,91.33,74.58
2026-06-06 06:40:00,0,166.87,305.06,0.0,39.51,23.37,232.87,0.13,116.6,83.55,72.87
2026-06-06 06:45:00,0,166.87,305.06,0.0,39.58,26.24,256.14,0.12,113.07,83.8,74.26
2026-06-06 06:50:00,0,166.87,305.06,0.0,39.63,22.32,311.25,0.08,153.51,92.05,72.57
2026-06-06 06:55:00,0,166.87,305.06,0.0,39.33,21.81,230.28,0.12,111.27,81.89,75.13
2026-06-06 07:00:00,0,166.87,305.06,0.0,39.05,20.26,221.29,0.13,107.17,80.56,74.17
2026-06-06 07:05:00,0,166.87,305.06,0.0,39.31,16.04,265.33,0.07,124.08,82.48,73.19
2026-06-06 07:10:00,0,166.87,305.06,0.0,39.88,19.51,237.92,0.11,114.29,81.68,72.38
2026-06-06 07:15:00,0,166.87,305.06,0.0,40.59,16.88,277.59,0.07,138.25,86.13,73.36
2026-06-06 07:20:00,0,166.87,305.06,0.0,40.19,21.16,203.32,0.17,93.88,78.55,73.13
2026-06-06 07:25:00,0,166.87,305.06,0.0,41.22,17.06,238.0,0.1,117.34,81.44,73.75
2026-06-06 07:30:00,0,166.87,305.06,0.0,40.44,18.82,256.7,0.09,121.94,83.03,71.8
2026-06-06 07:35:00,0,166.87,305.06,0.0,40.51,20.86,192.95,0.18,93.8,78.45,74.59
2026-06-06 07:40:00,0,166.87,305.06,0.0,41.2,16.2,290.88,0.06,132.16,84.39,74.25
2026-06-06 07:45:00,0,166.87,305.06,0.0,41.7,17.3,305.59,0.06,153.02,90.13,72.77
2026-06-06 07:50:00,0,166.87,305.06,0.0,42.11,17.05,212.68,0.11,105.68,90.74,72.08
2026-06-06 07:55:00,0,166.87,305.06,0.0,41.38,15.86,378.41,0.03,177.25,96.77,71.03
2026-06-06 08:00:00,0,166.87,305.06,0.0,41.76,17.23,216.33,0.11,104.13,78.89,73.08
2026-06-06 08:05:00,0,166.87,305.06,0.0,41.78,16.44,215.44,0.11,102.15,78.24,72.26
2026-06-06 08:10:00,0,166.87,305.06,0.0,41.93,21.6,259.99,0.1,113.66,82.27,72.74
2026-06-06 08:15:00,0,166.87,305.06,0.0,42.63,11.49,260.18,0.06,120.33,80.05,70.06
2026-06-06 08:20:00,0,166.87,305.06,0.0,42.67,15.98,267.81,0.08,121.38,81.89,71.07
2026-06-06 08:25:00,0,166.87,305.06,0.0,41.82,21.29,225.92,0.12,103.4,80.19,72.48
2026-06-06 08:30:00,0,166.87,305.06,0.0,41.71,16.57,269.28,0.08,126.1,83.15,71.3
2026-06-06 08:35:00,0,166.87,305.06,0.0,41.53,17.41,256.72,0.09,124.77,83.16,69.73
2026-06-06 08:40:00,0,166.87,305.06,0.0,41.99,20.84,275.62,0.08,129.09,85.33,71.74
2026-06-06 08:45:00,0,166.87,305.06,0.0,42.91,20.46,204.03,0.16,87.93,77.32,72.95
2026-06-06 08:50:00,0,166.87,305.06,0.0,43.01,21.32,272.84,0.09,120.8,83.65,72.53
2026-06-06 08:55:00,0,166.87,305.06,0.0,43.01,21.48,254.97,0.11,115.16,82.56,70.13
2026-06-06 09:00:00,0,166.87,305.06,0.0,42.65,23.57,244.6,0.12,116.31,83.55,70.75
2026-06-06 09:05:00,0,166.87,305.06,0.0,43.52,17.71,249.41,0.09,128.84,97.86,70.08
2026-06-06 09:10:00,0,166.87,305.06,0.0,43.2,23.5,233.66,0.14,106.95,81.68,70.49
2026-06-06 09:15:00,0,166.87,305.06,0.0,43.47,24.78,328.75,0.08,151.95,92.49,71.22
2026-06-06 09:20:00,0,166.87,305.06,0.0,43.48,22.47,253.65,0.11,124.07,84.82,70.1
2026-06-06 09:25:00,0,166.87,305.06,0.0,43.43,17.39,230.62,0.1,108.63,79.79,71.05
2026-06-06 09:30:00,0,166.87,305.06,0.0,43.54,25.44,286.28,0.11,126.43,86.39,71.47
2026-06-06 09:35:00,0,166.87,305.06,0.0,43.79,26.45,225.96,0.17,107.55,82.89,70.45
2026-06-06 09:40:00,0,166.87,305.06,0.0,44.36,26.77,232.81,0.15,100.72,100.54,69.84
2026-06-06 09:45:00,0,166.87,305.06,0.0,44.51,23.61,245.49,0.13,122.47,84.91,68.69
2026-06-06 09:50:00,0,166.87,305.06,0.0,43.35,31.72,270.6,0.15,127.81,88.98,67.61
2026-06-06 09:55:00,0,166.87,305.06,0.0,44.01,30.93,321.95,0.09,158.28,96.44,69.51
2026-06-06 10:00:00,0,166.87,305.06,0.0,44.01,32.51,238.24,0.19,113.97,86.33,69.24
2026-06-06 10:05:00,0,166.87,305.06,0.0,44.41,30.6,251.01,0.15,121.5,87.18,69.88
2026-06-06 10:10:00,0,166.87,305.06,0.0,44.11,35.27,349.92,0.09,160.1,98.48,69.07
2026-06-06 10:15:00,0,166.87,305.06,0.0,43.89,29.85,212.77,0.2,96.21,82.06,70.72
2026-06-06 10:20:00,0,166.87,305.06,0.0,44.33,35.65,240.66,0.2,112.56,87.16,69.23
2026-06-06 10:25:00,0,166.87,305.06,0.0,44.35,37.38,277.49,0.16,131.33,91.81,67.34
2026-06-06 10:30:00,0,166.87,305.06,0.0,43.93,29.26,251.79,0.13,126.88,87.87,67.97
2026-06-06 10:35:00,0,166.87,305.06,0.0,43.88,33.07,236.93,0.2,110.22,85.79,68.5
2026-06-06 10:40:00,0,166.87,305.06,0.0,44.23,32.37,185.56,0.29,86.53,81.53,68.43
2026-06-06 10:45:00,0,166.87,305.06,0.0,44.96,36.0,343.39,0.1,158.1,98.18,67.98
2026-06-06 10:50:00,0,166.87,305.06,0.0,44.37,33.74,237.53,0.2,113.34,86.65,66.44
2026-06-06 10:55:00,0,166.87,305.06,0.0,44.9,30.51,239.32,0.17,111.35,85.06,68.59
2026-06-06 11:00:00,0,166.87,305.06,0.0,46.22,35.22,304.76,0.13,144.49,94.26,67.74
2026-06-06 11:05:00,0,166.87,305.06,0.0,44.37,36.56,394.53,0.08,186.4,107.11,69.48
2026-06-06 11:10:00,0,166.87,305.06,0.0,44.99,38.61,198.48,0.32,97.73,85.63,67.46
2026-06-06 11:15:00,0,166.87,305.06,0.0,45.41,39.11,272.17,0.18,124.46,90.88,66.27
2026-06-06 11:20:00,0,166.87,305.06,0.0,45.84,39.62,261.55,0.18,120.28,90.13,67.18
2026-06-06 11:25:00,0,166.87,305.06,0.0,44.42,42.52,307.97,0.16,136.89,94.95,67.18
2026-06-06 11:30:00,0,166.87,305.06,0.0,45.48,41.69,201.87,0.34,90.11,85.47,68.32
2026-06-06 11:35:00,0,166.87,305.06,0.0,44.69,45.69,245.36,0.24,111.72,90.59,66.25
2026-06-06 11:40:00,0,166.87,305.06,0.0,44.24,42.94,276.85,0.18,135.77,94.86,67.32
2026-06-06 11:45:00,0,166.87,305.06,0.0,44.75,44.15,289.27,0.17,140.49,96.44,65.34
2026-06-06 11:50:00,0,166.87,305.06,0.0,44.01,46.82,131.31,0.89,61.81,84.49,65.36
2026-06-06 11:55:00,0,166.87,305.06,0.0,44.93,49.98,244.42,0.27,119.3,93.73,65.55
2026-06-06 12:00:00,0,166.87,305.06,0.0,44.41,42.15,251.71,0.2,119.07,90.8,66.59
2026-06-06 12:05:00,0,166.87,305.06,0.0,45.26,49.42,318.09,0.15,136.02,118.31,67.41
2026-06-06 12:10:00,0,166.87,305.06,0.0,44.86,49.05,242.78,0.28,103.56,90.26,63.88
2026-06-06 12:15:00,0,166.87,305.06,0.0,45.04,48.35,261.91,0.21,125.07,94.3,65.07
2026-06-06 12:20:00,0,166.87,305.06,0.0,45.88,51.75,271.77,0.23,128.64,96.35,63.33
2026-06-06 12:25:00,0,166.87,305.06,0.0,44.76,49.22,247.54,0.26,124.37,94.55,67.26
2026-06-06 12:30:00,0,166.87,305.06,0.0,45.48,52.99,340.76,0.16,158.68,104.41,65.79
2026-06-06 12:35:00,0,166.87,305.06,0.0,44.56,55.54,247.25,0.3,112.64,94.34,63.94
2026-06-06 12:40:00,0,166.87,305.06,0.0,45.39,44.65,342.15,0.13,152.22,99.63,63.62
2026-06-06 12:45:00,0,166.87,305.06,0.0,44.97,44.65,158.52,0.57,72.63,84.4,64.24
2026-06-06 12:50:00,0,166.87,305.06,0.0,45.05,40.73,267.85,0.18,128.11,92.27,65.44
2026-06-06 12:55:00,0,166.87,305.06,0.0,44.18,48.63,229.49,0.28,107.45,90.86,65.24
2026-06-06 13:00:00,0,166.87,305.06,0.0,45.46,45.74,319.5,0.14,152.12,100.0,62.33
2026-06-06 13:05:00,0,166.87,305.06,0.0,44.54,46.37,224.28,0.28,112.05,90.97,64.24
2026-06-06 13:10:00,0,166.87,305.06,0.0,44.77,48.14,230.98,0.29,103.79,90.01,64.71
2026-06-06 13:15:00,0,166.87,305.06,0.0,44.73,46.71,251.42,0.23,123.37,93.39,63.56
2026-06-06 13:20:00,0,166.87,305.06,0.0,44.66,48.48,251.55,0.23,123.61,94.07,63.82
2026-06-06 13:25:00,0,166.87,305.06,0.0,44.54,51.72,237.83,0.29,106.94,91.86,63.3
2026-06-06 13:30:00,0,166.87,305.06,0.0,44.54,56.32,336.43,0.16,157.57,117.94,61.52
2026-06-06 13:35:00,0,166.87,305.06,0.0,44.07,48.4,245.68,0.25,120.4,114.29,63.19
2026-06-06 13:40:00,0,166.87,305.06,0.0,45.17,50.36,245.42,0.28,113.45,92.66,62.63
2026-06-06 13:45:00,0,166.87,305.06,0.0,44.02,53.5,354.5,0.15,167.03,107.02,62.93
2026-06-06 13:50:00,0,166.87,305.06,0.0,44.13,53.81,302.43,0.19,139.97,99.73,61.62
2026-06-06 13:55:00,0,166.87,305.06,0.0,44.71,51.42,208.25,0.39,98.62,90.42,62.11
2026-06-06 14:00:00,0,166.87,305.06,0.0,44.6,50.92,270.12,0.22,125.83,95.4,61.73
2026-06-06 14:05:00,0,166.87,305.06,0.0,44.18,51.66,248.88,0.27,115.09,93.43,61.44
2026-06-06 14:10:00,0,166.87,305.06,0.0,43.92,54.39,234.27,0.32,116.62,94.8,63.04
2026-06-06 14:15:00,0,166.87,305.06,0.0,43.42,51.59,245.39,0.27,119.01,94.22,61.46
2026-06-06 14:20:00,0,166.87,305.06,0.0,43.34,49.94,315.1,0.16,154.17,102.07,62.17
2026-06-06 14:25:00,0,166.87,305.06,0.0,42.65,52.76,263.57,0.25,122.43,95.33,60.33
2026-06-06 14:30:00,0,166.87,305.06,0.0,43.48,48.08,167.78,0.55,84.1,87.17,60.88
2026-06-06 14:35:00,0,166.87,305.06,0.0,43.08,55.19,231.47,0.37,115.4,94.92,61.45
2026-06-06 14:40:00,0,166.87,305.06,0.0,44.31,46.02,274.69,0.21,128.23,94.21,60.9
2026-06-06 14:45:00,0,166.87,305.06,0.0,43.81,48.75,220.91,0.31,100.62,89.68,61.5
2026-06-06 14:50:00,0,166.87,305.06,0.0,43.29,53.15,228.37,0.3,110.9,93.15,60.82
2026-06-06 14:55:00,0,166.87,305.06,0.0,42.08,50.25,205.33,0.38,101.73,90.54,60.89
2026-06-06 15:00:00,0,166.87,305.06,0.0,43.11,49.85,191.86,0.45,85.78,87.85,60.19
2026-06-06 15:05:00,0,166.87,305.06,0.0,43.18,45.58,278.93,0.18,125.04,93.27,59.85
2026-06-06 15:10:00,0,166.87,305.06,0.0,42.83,46.11,275.24,0.21,125.35,93.58,58.12
2026-06-06 15:15:00,0,166.87,305.06,0.0,42.02,44.98,217.87,0.32,106.98,89.56,58.78
2026-06-06 15:20:00,0,166.87,305.06,0.0,42.48,45.52,233.52,0.26,104.41,89.14,58.11
2026-06-06 15:25:00,0,166.87,305.06,0.0,41.7,46.58,263.51,0.21,122.65,93.14,57.38
2026-06-06 15:30:00,0,166.87,305.06,0.0,42.7,46.27,261.6,0.21,123.75,93.28,58.58
2026-06-06 15:35:00,0,166.87,305.06,0.0,42.36,48.68,217.29,0.34,111.58,91.8,60.49
2026-06-06 15:40:00,0,166.87,305.06,0.0,41.87,43.56,249.05,0.22,110.83,89.62,57.14
2026-06-06 15:45:00,0,166.87,305.06,0.0,41.43,42.52,257.75,0.2,121.59,91.46,59.95
2026-06-06 15:50:00,0,166.87,305.06,0.0,42.0,47.55,256.94,0.22,121.76,93.3,59.12
2026-06-06 15:55:00,0,166.87,305.06,0.0,41.78,40.01,352.26,0.09,157.6,99.42,58.23
2026-06-06 16:00:00,0,166.87,305.06,0.0,41.98,44.2,209.1,0.32,93.63,86.88,57.98
2026-06-06 16:05:00,0,166.87,305.06,0.0,41.53,38.55,312.06,0.13,159.85,99.63,61.07
2026-06-06 16:10:00,0,166.87,305.06,0.0,40.65,42.52,313.79,0.13,141.8,96.11,56.99
2026-06-06 16:15:00,0,166.87,305.06,0.0,40.3,36.97,259.82,0.17,117.01,88.48,57.57
2026-06-06 16:20:00,0,166.87,305.06,0.0,40.88,38.65,234.55,0.22,107.43,87.23,57.37
2026-06-06 16:25:00,0,166.87,305.06,0.0,40.84,36.14,281.08,0.13,142.41,94.04,57.77
2026-06-06 16:30:00,0,166.87,305.06,0.0,41.23,38.55,304.72,0.14,140.94,94.53,57.87
2026-06-06 16:35:00,0,166.87,305.06,0.0,39.93,36.88,218.15,0.24,106.29,86.43,58.26
2026-06-06 16:40:00,0,166.87,305.06,0.0,41.43,30.7,254.44,0.14,120.46,86.96,57.5
2026-06-06 16:45:00,0,166.87,305.06,0.0,40.47,34.06,372.26,0.08,170.91,101.24,57.1
2026-06-06 16:50:00,0,166.87,305.06,0.0,40.55,33.43,185.36,0.33,87.33,82.1,56.36
2026-06-06 16:55:00,0,166.87,305.06,0.0,40.45,35.42,315.54,0.11,146.68,94.86,56.41
2026-06-06 17:00:00,0,166.87,305.06,0.0,40.23,34.16,221.32,0.22,103.27,84.87,58.15
2026-06-06 17:05:00,0,166.87,305.06,0.0,39.3,26.31,327.87,0.08,147.21,104.7,55.51
2026-06-06 17:10:00,0,166.87,305.06,0.0,39.72,29.97,283.62,0.13,132.95,89.53,56.48
2026-06-06 17:15:00,0,166.87,305.06,0.0,39.08,27.24,235.27,0.16,114.16,84.46,56.15
2026-06-06 17:20:00,0,166.87,305.06,0.0,39.47,29.23,309.83,0.1,152.74,94.3,56.99
2026-06-06 17:25:00,0,166.87,305.06,0.0,38.5,28.81,251.28,0.13,125.11,87.3,56.92
2026-06-06 17:30:00,0,166.87,305.06,0.0,39.01,26.41,241.83,0.14,115.8,84.46,55.55
2026-06-06 17:35:00,0,166.87,305.06,0.0,38.08,22.85,246.53,0.12,122.86,84.69,55.77
2026-06-06 17:40:00,0,166.87,305.06,0.0,38.56,18.94,215.31,0.12,103.34,79.35,56.08
2026-06-06 17:45:00,0,166.87,305.06,0.0,39.35,18.52,240.86,0.11,109.1,80.29,53.69
2026-06-06 17:50:00,0,166.87,305.06,0.0,38.82,17.73,241.44,0.1,118.9,82.0,56.14
2026-06-06 17:55:00,0,166.87,305.06,0.0,37.85,15.39,290.6,0.06,140.35,86.11,56.02
2026-06-06 18:00:00,0,166.87,305.06,0.0,38.06,13.06,289.81,0.05,136.32,84.27,54.82
2026-06-06 18:05:00,0,166.87,305.06,0.0,37.23,15.88,213.99,0.11,97.2,77.15,53.66
2026-06-06 18:10:00,0,166.87,305.06,0.0,37.71,10.87,168.95,0.12,83.5,73.19,54.76
2026-06-06 18:15:00,0,166.87,305.06,0.0,37.49,13.2,209.1,0.1,97.67,76.27,55.49
2026-06-06 18:20:00,0,166.87,305.06,0.0,36.88,14.54,218.66,0.1,97.31,76.68,54.62
2026-06-06 18:25:00,0,166.87,305.06,0.0,37.32,10.65,249.04,0.05,120.44,79.75,55.71
2026-06-06 18:30:00,0,166.87,305.06,0.0,36.45,14.25,269.08,0.06,129.34,83.03,53.59
2026-06-06 18:35:00,0,166.87,305.06,0.0,36.79,10.16,204.11,0.08,93.9,74.52,55.66
2026-06-06 18:40:00,0,166.87,305.06,0.0,36.92,13.12,334.29,0.04,164.43,91.87,53.77
2026-06-06 18:45:00,0,166.87,305.06,0.0,37.41,8.47,219.68,0.06,103.89,75.67,52.07
2026-06-06 18:50:00,0,166.87,305.06,0.0,36.68,8.91,383.46,0.02,182.49,96.0,54.1
2026-06-06 18:55:00,0,166.87,305.06,0.0,36.87,9.48,240.14,0.05,118.57,78.94,53.39
2026-06-06 19:00:00,0,166.87,305.06,0.0,36.49,8.9,252.94,0.04,126.21,80.4,54.36
2026-06-06 19:05:00,0,166.87,305.06,0.0,36.17,8.96,295.41,0.03,134.03,82.23,54.37
2026-06-06 19:10:00,0,166.87,305.06,0.0,36.14,11.87,303.76,0.04,150.38,87.45,53.77
2026-06-06 19:15:00,0,166.87,305.06,0.0,35.25,9.53,353.1,0.02,173.68,93.39,53.07
2026-06-06 19:20:00,0,166.87,305.06,0.0,34.87,8.51,261.42,0.04,126.58,80.34,54.02
2026-06-06 19:25:00,0,166.87,305.06,0.0,36.14,9.01,255.2,0.05,125.39,80.27,54.61
2026-06-06 19:30:00,0,166.87,305.06,0.0,34.68,9.89,194.09,0.09,94.19,74.49,53.39
2026-06-06 19:35:00,0,166.87,305.06,0.0,35.16,7.31,289.75,0.03,138.48,82.74,51.67
2026-06-06 19:40:00,0,166.87,305.06,0.0,35.25,8.31,275.23,0.04,130.0,81.06,53.59
2026-06-06 19:45:00,0,166.87,305.06,0.0,34.56,6.61,302.55,0.02,146.25,84.47,52.82
2026-06-06 19:50:00,0,166.87,305.06,0.0,33.76,6.7,306.04,0.02,147.47,84.82,52.48
2026-06-06 19:55:00,0,166.87,305.06,0.0,33.69,5.96,182.64,0.06,81.61,71.06,52.38
2026-06-06 20:00:00,0,166.87,305.06,0.0,34.49,7.85,322.57,0.03,141.36,83.65,52.0
2026-06-06 20:05:00,0,166.87,305.06,0.0,34.3,9.56,299.48,0.03,145.29,85.27,51.14
2026-06-06 20:10:00,0,166.87,305.06,0.0,34.39,7.21,312.8,0.02,149.7,85.6,53.19
2026-06-06 20:15:00,0,166.87,305.06,0.0,34.34,7.43,267.04,0.03,134.72,81.86,50.5
2026-06-06 20:20:00,0,166.87,305.06,0.0,33.93,8.75,288.71,0.03,141.19,83.92,52.82
2026-06-06 20:25:00,0,166.87,305.06,0.0,32.96,6.51,271.5,0.03,120.96,78.37,52.97
2026-06-06 20:30:00,0,166.87,305.06,0.0,33.49,8.17,284.88,0.03,134.24,82.0,53.56
2026-06-06 20:35:00,0,166.87,305.06,0.0,33.63,8.51,251.18,0.04,111.36,77.08,52.91
2026-06-06 20:40:00,0,166.87,305.06,0.0,34.45,7.31,271.95,0.03,131.75,81.1,52.44
2026-06-06 20:45:00,0,166.87,305.06,0.0,33.59,7.3,244.31,0.04,115.41,77.49,51.28
2026-06-06 20:50:00,0,166.87,305.06,0.0,32.85,8.9,278.73,0.04,144.69,84.9,51.59
2026-06-06 20:55:00,0,166.87,305.06,0.0,33.26,9.35,236.18,0.05,109.87,77.1,51.65
2026-06-06 21:00:00,0,166.87,305.06,0.0,32.4,8.43,248.65,0.04,117.23,78.26,50.08
2026-06-06 21:05:00,0,166.87,305.06,0.0,33.39,8.49,307.31,0.03,151.52,86.56,53.08
2026-06-06 21:10:00,0,166.87,305.06,0.0,32.45,11.22,303.97,0.04,141.16,84.8,49.87
2026-06-06 21:15:00,0,166.87,305.06,0.0,33.36,9.28,215.24,0.06,98.64,74.99,50.57
2026-06-06 21:20:00,0,166.87,305.06,0.0,32.24,9.9,208.12,0.08,94.76,74.57,50.87
2026-06-06 21:25:00,0,166.87,305.06,0.0,33.4,9.16,257.27,0.04,119.48,79.0,50.62
2026-06-06 21:30:00,0,166.87,305.06,0.0,32.65,10.24,266.71,0.04,120.12,79.51,49.25
2026-06-06 21:35:00,0,166.87,305.06,0.0,32.59,10.06,220.54,0.07,106.23,76.68,49.32
2026-06-06 21:40:00,0,166.87,305.06,0.0,31.59,10.51,182.41,0.1,85.77,73.36,49.64
2026-06-06 21:45:00,0,166.87,305.06,0.0,32.08,11.08,222.76,0.07,107.02,77.19,50.47
2026-06-06 21:50:00,0,166.87,305.06,0.0,32.02,11.7,241.86,0.06,125.22,81.19,49.72
2026-06-06 21:55:00,0,166.87,305.06,0.0,32.33,13.18,320.18,0.04,152.87,88.58,48.48
2026-06-06 22:00:00,0,166.87,305.06,0.0,32.41,12.43,249.83,0.06,119.28,80.14,49.94
2026-06-06 22:05:00,0,166.87,305.06,0.0,31.98,11.4,182.18,0.11,86.94,73.87,48.57
2026-06-06 22:10:00,0,166.87,305.06,0.0,31.99,14.29,306.39,0.05,142.01,86.11,48.97
2026-06-06 22:15:00,0,166.87,305.06,0.0,32.3,13.61,251.23,0.07,119.12,80.53,49.38
2026-06-06 22:20:00,0,166.87,305.06,0.0,31.52,15.25,215.48,0.11,104.53,78.25,50.12
2026-06-06 22:25:00,0,166.87,305.06,0.0,31.6,15.47,182.58,0.14,86.58,75.3,48.18
2026-06-06 22:30:00,0,166.87,305.06,0.0,32.15,15.18,280.98,0.06,131.4,83.83,46.8
2026-06-06 22:35:00,0,166.87,305.06,0.0,31.82,14.16,246.89,0.08,121.14,81.18,47.32
2026-06-06 22:40:00,0,166.87,305.06,0.0,31.55,15.57,207.92,0.11,103.51,78.17,49.56
2026-06-06 22:45:00,0,166.87,305.06,0.0,30.71,16.92,187.74,0.16,88.62,76.17,48.5
2026-06-06 22:50:00,0,166.87,305.06,0.0,31.67,16.81,333.65,0.04,155.55,90.6,47.05
2026-06-06 22:55:00,0,166.87,305.06,0.0,31.14,15.04,200.98,0.13,101.95,77.74,46.96
2026-06-06 23:00:00,0,166.87,305.06,0.0,31.24,16.62,226.48,0.1,101.34,78.12,47.0
2026-06-06 23:05:00,0,166.87,305.06,0.0,31.89,19.1,290.78,0.07,132.79,85.55,47.1
2026-06-06 23:10:00,0,166.87,305.06,0.0,31.03,18.53,313.75,0.06,137.42,86.46,47.33
2026-06-06 23:15:00,0,166.87,305.06,0.0,30.56,20.15,242.4,0.12,118.28,82.74,48.25
2026-06-06 23:20:00,0,166.87,305.06,0.0,30.33,18.4,216.45,0.12,102.45,78.98,48.43
2026-06-06 23:25:00,0,166.87,305.06,0.0,31.08,21.27,198.09,0.18,97.23,79.17,47.05
2026-06-06 23:30:00,0,166.87,305.06,0.0,31.49,18.79,157.39,0.23,71.72,74.52,47.44
2026-06-06 23:35:00,0,166.87,305.06,0.0,30.04,22.39,333.85,0.06,166.55,95.78,45.09
2026-06-06 23:40:00,0,166.87,305.06,0.0,31.05,20.57,271.8,0.08,133.99,86.38,46.58
2026-06-06 23:45:00,0,166.87,305.06,0.0,30.64,17.52,195.33,0.14,94.75,77.35,47.53
2026-06-06 23:50:00,0,166.87,305.06,0.0,30.62,22.69,194.53,0.18,90.63,78.55,46.49
2026-06-06 23:55:00,0,166.87,305.06,0.0,31.28,22.13,321.3,0.07,143.18,89.19,48.24
2026-06-07 00:00:00,0,150.0,224.25,0.0,30.16,23.69,143.5,0.35,68.66,76.09,44.89
2026-06-07 00:05:00,0,150.0,224.25,0.0,32.03,22.79,308.82,0.08,151.73,91.71,47.56
2026-06-07 00:10:00,0,150.0,224.25,0.0,31.36,24.35,209.52,0.19,101.38,81.01,46.08
2026-06-07 00:15:00,0,150.0,224.25,0.0,30.84,23.83,270.22,0.11,132.2,87.15,46.96
2026-06-07 00:20:00,0,150.0,224.25,0.0,30.42,26.46,196.82,0.22,90.04,79.85,44.62
2026-06-07 00:25:00,0,150.0,224.25,0.0,31.17,25.78,245.04,0.15,105.81,82.26,45.19
2026-06-07 00:30:00,0,150.0,224.25,0.0,30.28,26.44,228.51,0.19,105.84,82.57,46.79
2026-06-07 00:35:00,0,150.0,224.25,0.0,31.2,24.92,222.8,0.17,105.3,81.9,44.99
2026-06-07 00:40:00,0,150.0,224.25,0.0,30.71,26.42,221.69,0.17,105.25,82.42,46.11
2026-06-07 00:45:00,0,150.0,224.25,0.0,31.58,24.12,303.79,0.09,141.01,89.37,44.73
2026-06-07 00:50:00,0,150.0,224.25,0.0,30.07,25.62,153.53,0.34,74.28,77.47,46.31
2026-06-07 00:55:00,0,150.0,224.25,0.0,31.84,26.28,249.89,0.13,116.76,84.59,45.07
2026-06-07 01:00:00,0,150.0,224.25,0.0,30.67,25.82,223.53,0.15,98.82,80.98,43.45
2026-06-07 01:05:00,0,150.0,224.25,0.0,30.91,26.93,263.79,0.12,123.95,86.35,45.14
2026-06-07 01:10:00,0,150.0,224.25,0.0,31.39,26.81,285.3,0.1,142.68,90.76,44.15
2026-06-07 01:15:00,0,150.0,224.25,0.0,31.12,27.96,222.69,0.17,101.56,82.27,44.83
2026-06-07 01:20:00,0,150.0,224.25,0.0,31.58,26.5,424.03,0.05,204.67,109.93,44.8
2026-06-07 01:25:00,0,150.0,224.25,0.0,31.8,27.69,261.93,0.13,126.47,87.21,43.38
2026-06-07 01:30:00,0,150.0,224.25,0.0,31.53,27.0,242.83,0.14,115.52,84.6,43.61
2026-06-07 01:35:00,0,150.0,224.25,0.0,30.7,27.32,247.53,0.14,110.9,83.77,43.11
2026-06-07 01:40:00,0,150.0,224.25,0.0,31.63,28.25,274.01,0.11,124.75,86.97,43.37
2026-06-07 01:45:00,0,150.0,224.25,0.0,30.89,26.9,292.55,0.1,126.73,86.93,43.38
2026-06-07 01:50:00,0,150.0,224.25,0.0,32.0,26.88,203.44,0.19,94.01,80.6,44.61
2026-06-07 01:55:00,0,150.0,224.25,0.0,31.85,27.99,246.02,0.15,113.45,94.81,44.41
2026-06-07 02:00:00,0,150.0,224.25,0.0,31.88,25.74,272.35,0.11,134.07,88.26,41.92
2026-06-07 02:05:00,0,150.0,224.25,0.0,30.61,25.44,254.12,0.13,114.32,83.78,43.22
2026-06-07 02:10:00,0,150.0,224.25,0.0,32.12,27.2,299.94,0.1,141.4,90.57,44.95
2026-06-07 02:15:00,0,150.0,224.25,0.0,32.35,29.01,191.61,0.25,96.76,95.98,42.24
2026-06-07 02:20:00,0,150.0,224.25,0.0,32.87,26.6,282.11,0.1,133.42,88.39,42.94
2026-06-07 02:25:00,0,150.0,224.25,0.0,32.58,27.58,234.46,0.15,114.71,84.65,43.04
2026-06-07 02:30:00,0,150.0,224.25,0.0,31.91,26.73,164.01,0.32,78.42,78.39,43.33
2026-06-07 02:35:00,0,150.0,224.25,0.0,33.24,26.56,265.09,0.11,127.23,86.94,40.08
2026-06-07 02:40:00,0,150.0,224.25,0.0,32.4,25.49,199.61,0.21,92.29,79.87,42.02
2026-06-07 02:45:00,0,150.0,224.25,0.0,32.64,25.86,276.75,0.11,135.4,88.63,41.58
2026-06-07 02:50:00,0,150.0,224.25,0.0,32.77,25.51,262.22,0.13,122.25,85.5,40.88
2026-06-07 02:55:00,0,150.0,224.25,0.0,32.83,25.88,285.43,0.1,145.6,91.2,42.92
2026-06-07 03:00:00,0,150.0,224.25,0.0,33.24,25.31,202.89,0.18,100.53,81.17,42.91
2026-06-07 03:05:00,0,150.0,224.25,0.0,32.95,26.45,333.79,0.07,156.28,94.24,40.25
2026-06-07 03:10:00,0,150.0,224.25,0.0,32.64,27.14,306.9,0.09,142.39,90.79,41.8
2026-06-07 03:15:00,0,150.0,224.25,0.0,33.92,25.19,237.42,0.13,113.62,83.56,42.2
2026-06-07 03:20:00,0,150.0,224.25,0.0,33.54,25.34,271.09,0.11,116.25,84.11,41.26
2026-06-07 03:25:00,0,150.0,224.25,0.0,34.87,26.48,274.31,0.12,129.86,87.55,42.56
2026-06-07 03:30:00,0,150.0,224.25,0.0,32.97,23.28,278.28,0.1,128.36,86.04,41.15
2026-06-07 03:35:00,0,150.0,224.25,0.0,34.23,23.59,204.79,0.18,96.82,79.92,39.65
2026-06-07 03:40:00,0,150.0,224.25,0.0,34.07,25.11,270.27,0.12,135.33,88.38,41.35
2026-06-07 03:45:00,0,150.0,224.25,0.0,34.31,22.52,267.85,0.1,124.95,85.0,40.49
2026-06-07 03:50:00,0,150.0,224.25,0.0,33.88,23.65,214.32,0.15,107.88,81.92,40.87
2026-06-07 03:55:00,0,150.0,224.25,0.0,33.23,24.08,175.76,0.23,84.01,78.1,40.89
2026-06-07 04:00:00,0,150.0,224.25,0.0,33.48,21.82,238.97,0.14,109.24,81.52,38.25
2026-06-07 04:05:00,0,150.0,224.25,0.0,34.33,20.06,244.53,0.11,114.74,81.95,38.76
2026-06-07 04:10:00,0,150.0,224.25,0.0,35.08,21.25,238.77,0.12,117.47,82.96,39.49
2026-06-07 04:15:00,0,150.0,224.25,0.0,34.83,21.45,241.8,0.11,109.2,81.33,38.44
2026-06-07 04:20:00,0,150.0,224.25,0.0,34.96,19.97,268.32,0.09,125.61,84.23,41.33
2026-06-07 04:25:00,0,150.0,224.25,0.0,35.4,19.57,239.58,0.12,120.36,82.99,39.17
2026-06-07 04:30:00,0,150.0,224.25,0.0,34.36,18.63,237.3,0.1,108.68,80.21,38.67
2026-06-07 04:35:00,0,150.0,224.25,0.0,34.9,20.2,198.27,0.17,100.56,79.37,40.6
2026-06-07 04:40:00,0,150.0,224.25,0.0,35.76,18.44,234.48,0.1,113.67,81.15,39.17
2026-06-07 04:45:00,0,150.0,224.25,0.0,35.99,19.25,240.01,0.11,112.77,81.27,39.7
2026-06-07 04:50:00,0,150.0,224.25,0.0,35.68,16.9,237.28,0.09,118.62,81.62,39.75
2026-06-07 04:55:00,0,150.0,224.25,0.0,36.55,15.96,360.04,0.04,190.71,101.27,38.05
2026-06-07 05:00:00,0,150.0,224.25,0.0,35.9,19.41,289.1,0.07,137.64,86.85,38.77
2026-06-07 05:05:00,0,150.0,224.25,0.0,36.29,16.74,345.4,0.04,154.64,90.33,39.52
2026-06-07 05:10:00,0,150.0,224.25,0.0,36.24,16.18,185.87,0.15,75.61,73.97,38.43
2026-06-07 05:15:00,0,150.0,224.25,0.0,36.43,15.57,216.95,0.11,102.42,77.98,38.29
2026-06-07 05:20:00,0,150.0,224.25,0.0,36.55,13.94,266.25,0.07,120.77,81.01,37.91
2026-06-07 05:25:00,0,150.0,224.25,0.0,36.85,14.15,305.27,0.05,138.53,85.19,37.86
2026-06-07 05:30:00,0,150.0,224.25,0.0,36.52,13.33,266.02,0.06,118.12,80.21,39.24
2026-06-07 05:35:00,0,150.0,224.25,0.0,37.18,12.35,295.88,0.05,142.95,85.68,38.06
2026-06-07 05:40:00,0,150.0,224.25,0.0,38.04,12.87,267.12,0.06,133.96,83.65,38.29
2026-06-07 05:45:00,0,150.0,224.25,0.0,37.29,11.35,236.39,0.07,111.95,78.26,38.14
2026-06-07 05:50:00,0,150.0,224.25,0.0,38.39,12.91,327.84,0.04,158.57,90.1,37.8
2026-06-07 05:55:00,0,150.0,224.25,0.0,38.11,12.25,238.11,0.07,108.41,77.87,36.49
2026-06-07 06:00:00,0,150.0,224.25,0.0,38.04,11.0,309.94,0.03,147.13,86.26,36.12
2026-06-07 06:05:00,0,150.0,224.25,0.0,38.39,8.74,236.93,0.05,104.07,75.78,36.62
2026-06-07 06:10:00,0,150.0,224.25,0.0,38.46,9.7,268.68,0.04,132.29,82.1,37.07
2026-06-07 06:15:00,0,150.0,224.25,0.0,37.81,9.64,158.99,0.13,71.37,71.09,36.66
2026-06-07 06:20:00,0,150.0,224.25,0.0,38.51,10.06,334.02,0.03,158.19,88.97,37.49
2026-06-07 06:25:00,0,150.0,224.25,0.0,38.39,9.83,186.02,0.1,83.61,72.8,35.98
2026-06-07 06:30:00,0,150.0,224.25,0.0,39.15,9.51,198.94,0.08,88.72,73.44,36.73
2026-06-07 06:35:00,0,150.0,224.25,0.0,38.64,9.23,233.97,0.06,108.9,76.9,37.8
2026-06-07 06:40:00,0,150.0,224.25,0.0,39.71,9.87,210.1,0.07,102.12,75.85,36.53
2026-06-07 06:45:00,0,150.0,224.25,0.0,39.01,7.84,192.76,0.08,102.84,75.29,35.04
2026-06-07 06:50:00,0,150.0,224.25,0.0,40.03,8.16,252.78,0.04,115.98,77.92,34.91
2026-06-07 06:55:00,0,150.0,224.25,0.0,38.57,7.4,146.21,0.11,66.14,69.62,35.49
2026-06-07 07:00:00,0,150.0,224.25,0.0,39.39,8.81,170.9,0.1,72.65,70.91,37.98
2026-06-07 07:05:00,0,150.0,224.25,0.0,40.2,6.22,179.13,0.06,86.67,71.93,34.95
2026-06-07 07:10:00,0,150.0,224.25,0.0,39.51,6.21,303.18,0.02,153.45,86.28,35.16
2026-06-07 07:15:00,0,150.0,224.25,0.0,39.42,7.19,308.81,0.02,150.83,85.9,36.83
2026-06-07 07:20:00,0,150.0,224.25,0.0,40.29,6.76,216.22,0.05,98.82,74.13,34.65
2026-06-07 07:25:00,0,150.0,224.25,0.0,40.52,6.89,242.28,0.04,109.99,76.26,36.75
2026-06-07 07:30:00,0,150.0,224.25,0.0,40.65,5.81,225.72,0.04,105.43,74.99,34.77
2026-06-07 07:35:00,0,150.0,224.25,0.0,40.51,5.48,255.0,0.03,120.95,90.65,35.13
2026-06-07 07:40:00,0,150.0,224.25,0.0,41.49,5.56,294.33,0.02,140.69,82.68,33.94
2026-06-07 07:45:00,0,150.0,224.25,0.0,40.57,5.69,277.96,0.02,134.5,81.19,34.47
2026-06-07 07:50:00,0,150.0,224.25,0.0,40.62,6.81,300.11,0.02,144.29,84.04,33.71
2026-06-07 07:55:00,0,150.0,224.25,0.0,41.48,6.29,290.12,0.02,129.49,91.58,34.39
2026-06-07 08:00:00,0,150.0,224.25,0.0,41.42,7.25,298.01,0.02,140.2,83.15,34.31
2026-06-07 08:05:00,0,150.0,224.25,0.0,41.01,6.45,175.46,0.07,90.53,72.65,33.35
2026-06-07 08:10:00,0,150.0,224.25,0.0,41.27,4.13,200.72,0.03,94.6,72.44,34.69
2026-06-07 08:15:00,0,150.0,224.25,0.0,41.25,7.14,227.35,0.05,104.35,75.28,35.1
2026-06-07 08:20:00,0,150.0,224.25,0.0,42.19,5.19,192.93,0.04,89.16,71.93,33.01
2026-06-07 08:25:00,0,150.0,224.25,0.0,42.75,7.96,239.35,0.04,113.56,77.35,33.92
2026-06-07 08:30:00,0,150.0,224.25,0.0,42.45,5.87,250.02,0.03,114.52,76.8,33.66
2026-06-07 08:35:00,0,150.0,224.25,0.0,42.88,7.11,239.78,0.04,120.9,78.6,33.13
2026-06-07 08:40:00,0,150.0,224.25,0.0,41.85,5.58,376.1,0.01,170.62,91.05,32.37
2026-06-07 08:45:00,0,150.0,224.25,0.0,42.65,6.72,161.5,0.08,79.08,71.02,32.62
2026-06-07 08:50:00,0,150.0,224.25,0.0,42.57,5.24,259.01,0.03,124.36,78.69,33.32
2026-06-07 08:55:00,0,150.0,224.25,0.0,41.97,6.62,268.66,0.03,127.96,95.05,33.9
2026-06-07 09:00:00,0,150.0,224.25,0.0,43.46,7.06,348.42,0.02,163.93,89.58,33.61
2026-06-07 09:05:00,0,150.0,224.25,0.0,43.37,7.51,219.19,0.05,99.76,74.57,32.53
2026-06-07 09:10:00,0,150.0,224.25,0.0,43.21,8.69,265.82,0.04,126.57,80.42,32.17
2026-06-07 09:15:00,0,150.0,224.25,0.0,43.18,7.31,280.74,0.03,129.78,80.66,32.32
2026-06-07 09:20:00,0,150.0,224.25,0.0,44.38,8.17,314.19,0.02,153.86,87.09,31.84
2026-06-07 09:25:00,0,150.0,224.25,0.0,44.17,8.39,259.4,0.04,125.72,80.12,31.24
2026-06-07 09:30:00,0,150.0,224.25,0.0,42.81,8.19,244.52,0.04,119.04,78.58,32.81
2026-06-07 09:35:00,0,150.0,224.25,0.0,44.12,8.18,175.71,0.09,83.71,72.23,29.99
2026-06-07 09:40:00,0,150.0,224.25,0.0,43.59,8.49,157.53,0.11,66.82,70.09,31.68
2026-06-07 09:45:00,0,150.0,224.25,0.0,43.7,7.9,229.35,0.05,111.99,77.03,33.26
2026-06-07 09:50:00,0,150.0,224.25,0.0,44.11,8.52,241.79,0.05,106.34,76.14,30.42
2026-06-07 09:55:00,0,150.0,224.25,0.0,43.83,10.42,220.9,0.07,101.18,75.88,31.32
2026-06-07 10:00:00,0,150.0,224.25,0.0,43.33,9.77,216.13,0.08,108.94,77.14,30.4
2026-06-07 10:05:00,0,150.0,224.25,0.0,44.02,11.21,203.85,0.09,92.31,74.65,30.7
2026-06-07 10:10:00,0,150.0,224.25,0.0,44.71,10.56,187.53,0.09,86.44,73.49,30.39
2026-06-07 10:15:00,0,150.0,224.25,0.0,44.74,10.87,224.13,0.07,107.89,77.31,31.36
2026-06-07 10:20:00,0,150.0,224.25,0.0,43.78,11.08,158.23,0.14,73.66,71.92,32.66
2026-06-07 10:25:00,0,150.0,224.25,0.0,44.37,12.2,218.8,0.08,100.27,76.36,29.59
2026-06-07 10:30:00,0,150.0,224.25,0.0,44.21,12.32,300.66,0.04,152.79,88.29,31.57
2026-06-07 10:35:00,0,150.0,224.25,0.0,43.78,12.03,149.3,0.18,71.45,72.05,31.22
2026-06-07 10:40:00,0,150.0,224.25,0.0,44.67,13.95,219.61,0.09,99.41,76.84,31.22
2026-06-07 10:45:00,0,150.0,224.25,0.0,44.86,13.17,185.12,0.11,81.08,73.63,30.72
2026-06-07 10:50:00,0,150.0,224.25,0.0,45.14,13.25,269.41,0.06,128.25,82.45,29.06
2026-06-07 10:55:00,0,150.0,224.25,0.0,44.98,12.56,213.83,0.1,108.53,78.08,29.2
2026-06-07 11:00:00,0,150.0,224.25,0.0,44.32,14.07,216.19,0.09,101.93,77.34,31.04
2026-06-07 11:05:00,0,150.0,224.25,0.0,45.24,14.0,314.75,0.04,145.13,86.82,29.42
2026-06-07 11:10:00,0,150.0,224.25,0.0,44.18,13.71,227.8,0.08,109.64,78.66,29.91
2026-06-07 11:15:00,0,150.0,224.25,0.0,44.79,17.08,243.29,0.09,116.14,81.18,29.52
2026-06-07 11:20:00,0,150.0,224.25,0.0,45.5,15.95,246.76,0.08,111.77,79.87,29.62
2026-06-07 11:25:00,0,150.0,224.25,0.0,44.91,16.46,225.39,0.1,103.23,78.44,29.74
2026-06-07 11:30:00,0,150.0,224.25,0.0,44.73,16.62,257.13,0.07,120.9,82.0,28.57
2026-06-07 11:35:00,0,150.0,224.25,0.0,44.52,18.01,262.02,0.09,129.03,84.35,28.9
2026-06-07 11:40:00,0,150.0,224.25,0.0,44.82,15.65,202.02,0.12,93.99,76.55,29.98
2026-06-07 11:45:00,0,150.0,224.25,0.0,44.93,16.91,279.89,0.07,126.73,83.4,27.4
2026-06-07 11:50:00,0,150.0,224.25,0.0,45.39,16.18,232.09,0.1,116.23,80.91,30.26
2026-06-07 11:55:00,0,150.0,224.25,0.0,45.04,17.74,280.55,0.08,139.8,86.84,28.69
2026-06-07 12:00:00,0,150.0,224.25,0.0,44.69,17.18,305.91,0.06,141.29,86.98,28.83
2026-06-07 12:05:00,0,150.0,224.25,0.0,45.35,18.95,322.19,0.06,137.64,86.69,28.24
2026-06-07 12:10:00,0,150.0,224.25,0.0,45.23,17.65,271.33,0.07,124.93,83.25,27.31
2026-06-07 12:15:00,0,150.0,224.25,0.0,45.02,18.19,225.33,0.12,105.02,79.42,26.56
2026-06-07 12:20:00,0,150.0,224.25,0.0,44.97,19.83,139.08,0.33,66.54,74.47,27.0
2026-06-07 12:25:00,0,150.0,224.25,0.0,44.14,19.81,302.74,0.07,146.84,89.36,26.69
2026-06-07 12:30:00,0,150.0,224.25,0.0,45.29,18.94,215.6,0.13,103.05,79.33,26.96
2026-06-07 12:35:00,0,150.0,224.25,0.0,44.96,19.53,175.44,0.2,82.06,76.18,26.95
2026-06-07 12:40:00,0,150.0,224.25,0.0,44.67,20.46,255.81,0.1,117.31,82.63,26.59
2026-06-07 12:45:00,0,150.0,224.25,0.0,45.26,19.52,258.68,0.09,122.0,83.29,29.2
2026-06-07 12:50:00,0,150.0,224.25,0.0,44.95,20.97,189.41,0.18,95.15,78.73,26.6
2026-06-07 12:55:00,0,150.0,224.25,0.0,44.65,19.99,254.68,0.09,122.87,83.65,28.25
2026-06-07 13:00:00,0,150.0,224.25,0.0,45.48,20.82,280.94,0.08,128.09,85.1,26.68
2026-06-07 13:05:00,0,150.0,224.25,0.0,45.21,20.23,265.79,0.09,122.82,83.72,27.47
2026-06-07 13:10:00,0,150.0,224.25,0.0,44.45,20.8,281.68,0.08,138.46,87.58,26.1
2026-06-07 13:15:00,0,150.0,224.25,0.0,44.89,19.82,218.02,0.12,106.49,80.27,26.31
2026-06-07 13:20:00,0,150.0,224.25,0.0,44.32,20.05,242.56,0.11,119.52,82.98,24.99
2026-06-07 13:25:00,0,150.0,224.25,0.0,43.82,21.34,197.67,0.19,93.56,78.61,27.27
2026-06-07 13:30:00,0,150.0,224.25,0.0,44.61,21.4,265.43,0.1,120.92,83.73,26.54
2026-06-07 13:35:00,0,150.0,224.25,0.0,44.57,20.08,289.22,0.08,131.33,85.6,26.01
2026-06-07 13:40:00,0,150.0,224.25,0.0,43.12,19.75,275.61,0.08,124.11,83.82,27.17
2026-06-07 13:45:00,0,150.0,224.25,0.0,44.46,22.18,327.46,0.06,152.06,91.58,25.2
2026-06-07 13:50:00,0,150.0,224.25,0.0,44.57,21.58,330.31,0.06,146.69,89.92,26.03
2026-06-07 13:55:00,0,150.0,224.25,0.0,43.55,20.18,311.09,0.07,154.55,91.58,24.8
2026-06-07 14:00:00,0,150.0,224.25,0.0,43.96,21.75,283.62,0.09,128.53,85.54,24.61
2026-06-07 14:05:00,0,150.0,224.25,0.0,43.8,20.4,302.49,0.07,144.85,89.05,25.99
2026-06-07 14:10:00,0,150.0,224.25,0.0,43.97,19.22,267.17,0.09,123.79,83.58,23.76
2026-06-07 14:15:00,0,150.0,224.25,0.0,44.13,21.04,240.63,0.11,118.22,83.04,23.82
2026-06-07 14:20:00,0,150.0,224.25,0.0,43.41,20.46,286.56,0.08,130.18,85.45,24.44
2026-06-07 14:25:00,0,150.0,224.25,0.0,43.23,20.75,261.59,0.09,126.16,84.65,25.21
2026-06-07 14:30:00,0,150.0,224.25,0.0,43.75,19.88,278.92,0.07,140.85,87.83,23.41
2026-06-07 14:35:00,0,150.0,224.25,0.0,42.51,20.67,284.69,0.08,135.35,86.76,23.2
2026-06-07 14:40:00,0,150.0,224.25,0.0,43.31,19.42,281.35,0.09,136.33,86.59,21.76
2026-06-07 14:45:00,0,150.0,224.25,0.0,43.24,19.88,329.25,0.06,163.76,94.09,25.17
2026-06-07 14:50:00,0,150.0,224.25,0.0,43.16,19.33,278.63,0.08,134.01,85.97,23.92
2026-06-07 14:55:00,0,150.0,224.25,0.0,42.72,19.34,373.71,0.05,173.6,96.87,22.82
2026-06-07 15:00:00,0,150.0,224.25,0.0,42.7,19.82,337.75,0.06,173.45,97.01,23.81
2026-06-07 15:05:00,0,150.0,224.25,0.0,43.44,18.08,266.51,0.08,117.52,81.8,22.31
2026-06-07 15:10:00,0,150.0,224.25,0.0,42.31,18.62,213.79,0.13,104.11,79.41,22.76
2026-06-07 15:15:00,0,150.0,224.25,0.0,42.77,17.85,179.57,0.19,91.32,77.01,24.23
2026-06-07 15:20:00,0,150.0,224.25,0.0,43.06,17.37,176.7,0.16,83.21,75.51,23.53
2026-06-07 15:25:00,0,150.0,224.25,0.0,42.81,18.32,219.21,0.13,108.18,80.09,23.33
2026-06-07 15:30:00,0,150.0,224.25,0.0,41.65,18.41,281.37,0.07,138.54,107.16,22.09
2026-06-07 15:35:00,0,150.0,224.25,0.0,42.62,18.31,171.89,0.2,80.63,75.54,23.6
2026-06-07 15:40:00,0,150.0,224.25,0.0,42.11,17.67,276.71,0.07,128.5,84.06,20.34
2026-06-07 15:45:00,0,150.0,224.25,0.0,41.82,17.75,304.58,0.07,147.19,88.73,20.86
2026-06-07 15:50:00,0,150.0,224.25,0.0,41.46,17.47,300.76,0.06,135.15,85.55,21.48
2026-06-07 15:55:00,0,150.0,224.25,0.0,41.1,16.7,255.57,0.08,113.27,80.43,22.35
2026-06-07 16:00:00,0,150.0,224.25,0.0,42.49,16.79,293.73,0.06,132.36,84.64,21.81
2026-06-07 16:05:00,0,150.0,224.25,0.0,40.91,15.99,252.35,0.08,123.11,82.27,22.29
2026-06-07 16:10:00,0,150.0,224.25,0.0,41.87,15.79,278.5,0.07,118.55,81.19,23.47
2026-06-07 16:15:00,0,150.0,224.25,0.0,41.05,14.8,243.84,0.07,116.01,80.31,21.49
2026-06-07 16:20:00,0,150.0,224.25,0.0,41.52,15.68,226.86,0.09,108.04,79.05,20.66
2026-06-07 16:25:00,0,150.0,224.25,0.0,41.62,14.66,223.12,0.1,103.33,77.82,21.84
2026-06-07 16:30:00,0,150.0,224.25,0.0,41.45,14.47,268.88,0.07,127.28,82.66,21.63
2026-06-07 16:35:00,0,150.0,224.25,0.0,40.04,14.51,229.24,0.09,106.93,78.42,19.59
2026-06-07 16:40:00,0,150.0,224.25,0.0,40.08,13.97,295.4,0.05,134.36,84.11,19.88
2026-06-07 16:45:00,0,150.0,224.25,0.0,40.69,14.01,210.61,0.1,94.05,75.94,20.2
2026-06-07 16:50:00,0,150.0,224.25,0.0,39.87,11.94,342.94,0.03,163.19,91.08,20.66
2026-06-07 16:55:00,0,150.0,224.25,0.0,40.24,12.02,345.59,0.03,164.68,91.55,21.43
2026-06-07 17:00:00,0,150.0,224.25,0.0,39.89,13.67,281.69,0.06,136.79,84.62,20.12
2026-06-07 17:05:00,0,150.0,224.25,0.0,39.88,12.07,162.17,0.15,78.43,72.93,21.5
2026-06-07 17:10:00,0,150.0,224.25,0.0,39.72,10.88,255.0,0.05,113.87,78.45,20.4
2026-06-07 17:15:00,0,150.0,224.25,0.0,39.71,11.16,211.42,0.08,99.24,75.81,21.54
2026-06-07 17:20:00,0,150.0,224.25,0.0,38.61,11.41,256.5,0.05,117.74,79.44,20.2
2026-06-07 17:25:00,0,150.0,224.25,0.0,39.08,10.96,231.6,0.06,121.32,80.07,20.11
2026-06-07 17:30:00,0,150.0,224.25,0.0,39.04,9.34,199.36,0.07,94.44,74.31,19.18
2026-06-07 17:35:00,0,150.0,224.25,0.0,39.08,10.25,259.25,0.05,130.57,81.9,19.39
2026-06-07 17:40:00,0,150.0,224.25,0.0,38.62,9.41,287.66,0.04,133.28,82.23,20.52
2026-06-07 17:45:00,0,150.0,224.25,0.0,38.02,9.69,277.99,0.04,133.63,82.41,18.72
2026-06-07 17:50:00,0,150.0,224.25,0.0,38.72,8.93,244.77,0.05,110.5,77.09,19.1
2026-06-07 17:55:00,0,150.0,224.25,0.0,38.51,8.15,199.45,0.06,93.34,73.68,18.41
2026-06-07 18:00:00,0,150.0,224.25,0.0,38.08,8.85,235.68,0.05,109.93,76.94,19.83
2026-06-07 18:05:00,0,150.0,224.25,0.0,37.2,8.41,308.45,0.03,142.59,84.17,20.12
2026-06-07 18:10:00,0,150.0,224.25,0.0,37.2,7.4,341.62,0.02,167.7,90.81,17.39
2026-06-07 18:15:00,0,150.0,224.25,0.0,38.06,6.65,231.82,0.04,110.28,76.23,17.87
2026-06-07 18:20:00,0,150.0,224.25,0.0,37.59,6.6,273.87,0.03,129.8,80.4,19.28
2026-06-07 18:25:00,0,150.0,224.25,0.0,36.89,7.06,302.04,0.03,138.94,82.77,18.01
2026-06-07 18:30:00,0,150.0,224.25,0.0,37.72,7.33,299.66,0.02,134.93,81.86,19.39
2026-06-07 18:35:00,0,150.0,224.25,0.0,37.22,6.6,214.98,0.05,103.45,74.91,16.82
2026-06-07 18:40:00,0,150.0,224.25,0.0,37.68,7.25,166.32,0.08,73.88,70.48,18.35
2026-06-07 18:45:00,0,150.0,224.25,0.0,36.92,6.49,266.67,0.03,128.95,80.16,17.42
2026-06-07 18:50:00,0,150.0,224.25,0.0,36.09,5.73,233.16,0.03,109.53,86.2,17.1
2026-06-07 18:55:00,0,150.0,224.25,0.0,36.37,6.33,179.82,0.06,85.0,71.71,17.63
2026-06-07 19:00:00,0,150.0,224.25,0.0,36.51,4.12,146.63,0.06,70.8,68.94,18.03
2026-06-07 19:05:00,0,150.0,224.25,0.0,35.96,5.75,253.41,0.03,125.75,79.17,17.0
2026-06-07 19:10:00,0,150.0,224.25,0.0,36.74,5.76,200.93,0.04,91.73,72.54,17.98
2026-06-07 19:15:00,0,150.0,224.25,0.0,35.79,5.17,267.39,0.03,128.52,79.6,15.08
2026-06-07 19:20:00,0,150.0,224.25,0.0,35.07,6.55,266.11,0.03,121.58,78.52,15.55
2026-06-07 19:25:00,0,150.0,224.25,0.0,34.82,5.24,226.11,0.03,112.63,76.17,17.8
2026-06-07 19:30:00,0,150.0,224.25,0.0,34.9,3.86,207.11,0.03,98.59,73.02,16.89
2026-06-07 19:35:00,0,150.0,224.25,0.0,35.51,5.13,204.35,0.04,98.54,73.48,17.72
2026-06-07 19:40:00,0,150.0,224.25,0.0,34.71,4.83,272.66,0.02,121.09,77.79,16.45
2026-06-07 19:45:00,0,150.0,224.25,0.0,35.23,3.61,347.33,0.01,146.98,83.59,16.35
2026-06-07 19:50:00,0,150.0,224.25,0.0,35.06,4.93,261.89,0.02,120.92,77.79,15.22
2026-06-07 19:55:00,0,150.0,224.25,0.0,33.81,4.21,184.52,0.04,88.15,71.41,16.18
2026-06-07 20:00:00,0,150.0,224.25,0.0,34.15,4.44,339.92,0.01,141.47,82.45,16.92
2026-06-07 20:05:00,0,150.0,224.25,0.0,34.36,4.8,354.07,0.01,165.6,89.25,16.08
2026-06-07 20:10:00,0,150.0,224.25,0.0,34.16,4.36,299.96,0.02,144.61,83.25,15.41
2026-06-07 20:15:00,0,150.0,224.25,0.0,34.99,4.41,288.47,0.02,140.97,82.33,14.98
2026-06-07 20:20:00,0,150.0,224.25,0.0,34.68,5.22,241.45,0.03,109.0,75.44,16.33
2026-06-07 20:25:00,0,150.0,224.25,0.0,34.46,4.58,203.82,0.03,96.5,72.91,14.86
2026-06-07 20:30:00,0,150.0,224.25,0.0,33.8,4.84,305.45,0.02,144.9,83.49,15.9
2026-06-07 20:35:00,0,150.0,224.25,0.0,33.55,4.81,291.52,0.02,134.18,80.79,14.42
2026-06-07 20:40:00,0,150.0,224.25,0.0,32.84,4.15,273.37,0.02,123.12,78.0,16.36
2026-06-07 20:45:00,0,150.0,224.25,0.0,32.94,3.96,275.49,0.02,126.52,78.69,15.01
2026-06-07 20:50:00,0,150.0,224.25,0.0,33.59,4.95,292.23,0.02,146.51,83.95,15.36
2026-06-07 20:55:00,0,150.0,224.25,0.0,33.73,4.36,246.38,0.02,117.58,76.87,14.42
2026-06-07 21:00:00,0,150.0,224.25,0.0,32.87,4.34,259.97,0.02,126.32,78.78,15.35
2026-06-07 21:05:00,0,150.0,224.25,0.0,32.81,7.15,329.16,0.02,154.24,86.82,13.87
2026-06-07 21:10:00,0,150.0,224.25,0.0,32.47,4.52,212.81,0.03,104.94,74.41,15.08
2026-06-07 21:15:00,0,150.0,224.25,0.0,32.4,6.4,293.93,0.02,132.55,80.95,15.79
2026-06-07 21:20:00,0,150.0,224.25,0.0,32.43,5.42,210.87,0.04,99.64,73.77,15.21
2026-06-07 21:25:00,0,150.0,224.25,0.0,33.53,4.92,229.85,0.03,105.77,74.71,13.52
2026-06-07 21:30:00,0,150.0,224.25,0.0,32.13,5.73,199.04,0.05,95.61,73.19,14.76
2026-06-07 21:35:00,0,150.0,224.25,0.0,32.29,6.15,256.76,0.03,117.46,91.99,13.74
2026-06-07 21:40:00,0,150.0,224.25,0.0,32.3,6.69,202.45,0.05,88.22,72.31,12.44
2026-06-07 21:45:00,0,150.0,224.25,0.0,32.14,6.94,358.72,0.02,160.73,88.58,14.12
2026-06-07 21:50:00,0,150.0,224.25,0.0,31.64,5.83,210.75,0.04,100.41,74.05,14.4
2026-06-07 21:55:00,0,150.0,224.25,0.0,31.69,7.5,290.66,0.03,137.84,82.64,12.55
2026-06-07 22:00:00,0,150.0,224.25,0.0,32.06,6.43,161.65,0.08,73.47,70.13,13.06
2026-06-07 22:05:00,0,150.0,224.25,0.0,32.01,8.2,239.89,0.04,118.41,78.43,13.62
2026-06-07 22:10:00,0,150.0,224.25,0.0,31.44,7.38,211.77,0.05,101.6,74.83,14.26
2026-06-07 22:15:00,0,150.0,224.25,0.0,31.09,6.24,323.25,0.02,151.52,85.74,11.54
2026-06-07 22:20:00,0,150.0,224.25,0.0,32.57,7.85,224.71,0.05,102.28,75.12,13.32
2026-06-07 22:25:00,0,150.0,224.25,0.0,32.15,7.54,267.77,0.03,131.78,81.19,13.84
2026-06-07 22:30:00,0,150.0,224.25,0.0,31.25,8.13,266.02,0.04,131.39,81.32,13.2
2026-06-07 22:35:00,0,150.0,224.25,0.0,31.42,8.86,215.76,0.06,101.81,75.41,13.51
2026-06-07 22:40:00,0,150.0,224.25,0.0,31.71,7.09,258.51,0.03,122.35,78.87,12.59
2026-06-07 22:45:00,0,150.0,224.25,0.0,31.59,7.99,204.73,0.06,97.8,74.38,12.99
2026-06-07 22:50:00,0,150.0,224.25,0.0,30.95,7.1,221.29,0.05,110.78,76.49,11.44
2026-06-07 22:55:00,0,150.0,224.25,0.0,31.25,5.78,186.25,0.06,86.94,71.8,12.1
2026-06-07 23:00:00,0,150.0,224.25,0.0,31.06,6.61,307.48,0.02,146.91,84.63,11.48
2026-06-07 23:05:00,0,150.0,224.25,0.0,31.0,6.39,199.04,0.05,95.76,73.45,12.74
2026-06-07 23:10:00,0,150.0,224.25,0.0,31.73,6.25,204.85,0.05,98.1,73.81,11.21
2026-06-07 23:15:00,0,150.0,224.25,0.0,31.25,6.35,189.21,0.06,94.49,73.24,11.93
2026-06-07 23:20:00,0,150.0,224.25,0.0,31.25,6.75,273.68,0.03,119.53,78.14,10.85
2026-06-07 23:25:00,0,150.0,224.25,0.0,30.7,6.6,384.24,0.01,188.38,97.13,11.54
2026-06-07 23:30:00,0,150.0,224.25,0.0,31.54,6.72,228.07,0.04,107.64,75.72,12.51
2026-06-07 23:35:00,0,150.0,224.25,0.0,30.48,6.98,235.87,0.04,102.68,74.87,10.61
2026-06-07 23:40:00,0,150.0,224.25,0.0,31.14,7.29,180.72,0.07,85.28,72.09,11.47
2026-06-07 23:45:00,0,150.0,224.25,0.0,30.67,6.85,278.42,0.03,130.9,80.74,10.2
2026-06-07 23:50:00,0,150.0,224.25,0.0,30.91,8.08,308.82,0.03,144.25,84.47,11.09
2026-06-07 23:55:00,0,150.0,224.25,0.0,31.48,7.59,279.33,0.03,129.27,80.62,9.32
2026-06-08 00:00:00,0,-500.0,250.55,-1.56,31.0,7.49,187.92,0.07,87.17,72.46,9.38
2026-06-08 00:05:00,0,-500.0,250.55,-1.56,31.56,6.93,286.77,0.03,136.43,82.1,10.71
2026-06-08 00:10:00,0,-500.0,250.55,-1.56,31.11,8.02,266.8,0.04,121.85,79.11,9.9
2026-06-08 00:15:00,0,-500.0,250.55,-1.56,31.21,7.35,281.39,0.03,133.37,81.5,10.04
2026-06-08 00:20:00,0,-500.0,250.55,-1.56,30.8,7.38,209.62,0.06,104.3,75.35,10.66
2026-06-08 00:25:00,0,-500.0,250.55,-1.56,31.03,7.12,188.49,0.06,86.28,72.17,9.71
2026-06-08 00:30:00,0,-500.0,250.55,-1.56,31.13,7.44,193.13,0.06,88.94,72.7,10.13
2026-06-08 00:35:00,0,-500.0,250.55,-1.56,30.85,7.75,232.55,0.05,116.76,77.94,9.29
2026-06-08 00:40:00,0,-500.0,250.55,-1.56,31.24,8.23,215.87,0.06,106.71,76.11,9.14
2026-06-08 00:45:00,0,-500.0,250.55,-1.56,31.6,7.92,201.52,0.06,98.56,74.49,11.34
2026-06-08 00:50:00,0,-500.0,250.55,-1.56,31.88,8.02,305.0,0.03,132.04,81.42,8.65
2026-06-08 00:55:00,0,-500.0,250.55,-1.56,31.59,7.77,280.58,0.03,125.55,79.83,9.45
2026-06-08 01:00:00,0,-500.0,250.55,-1.56,30.95,7.7,282.41,0.03,131.65,81.21,10.05
2026-06-08 01:05:00,0,-500.0,250.55,-1.56,30.63,7.67,175.21,0.08,82.15,71.78,8.78
2026-06-08 01:10:00,0,-500.0,250.55,-1.56,32.02,8.22,221.91,0.05,107.3,76.2,8.99
2026-06-08 01:15:00,0,-500.0,250.55,-1.56,32.28,8.01,249.99,0.04,124.39,79.67,6.74
2026-06-08 01:20:00,0,-500.0,250.55,-1.56,31.3,7.85,283.42,0.03,134.12,81.85,8.56
2026-06-08 01:25:00,0,-500.0,250.55,-1.56,31.63,7.34,188.69,0.06,85.33,72.1,9.42
2026-06-08 01:30:00,0,-500.0,250.55,-1.56,31.61,7.67,221.77,0.05,115.42,77.63,8.73
2026-06-08 01:35:00,0,-500.0,250.55,-1.56,31.99,8.54,301.34,0.03,149.44,86.01,8.83
2026-06-08 01:40:00,0,-500.0,250.55,-1.56,30.83,7.78,317.66,0.02,141.3,83.59,9.17
2026-06-08 01:45:00,0,-500.0,250.55,-1.56,31.84,8.0,277.46,0.04,126.23,80.08,7.51
2026-06-08 01:50:00,0,-500.0,250.55,-1.56,31.91,7.22,233.32,0.04,108.96,76.15,6.89
2026-06-08 01:55:00,0,-500.0,250.55,-1.56,31.4,7.09,259.56,0.03,130.45,80.72,7.02
2026-06-08 02:00:00,0,-500.0,250.55,-1.56,31.97,6.96,271.21,0.03,120.19,78.36,6.99
2026-06-08 02:05:00,0,-500.0,250.55,-1.56,32.59,7.19,262.84,0.03,125.41,79.59,7.42
2026-06-08 02:10:00,0,-500.0,250.55,-1.56,31.89,6.63,170.88,0.07,84.91,71.81,6.01
2026-06-08 02:15:00,0,-500.0,250.55,-1.56,31.26,7.06,209.64,0.05,106.13,75.57,6.67
2026-06-08 02:20:00,0,-500.0,250.55,-1.56,32.48,6.83,212.73,0.05,107.28,75.71,5.35
2026-06-08 02:25:00,0,-500.0,250.55,-1.56,32.89,6.94,241.16,0.04,118.42,77.99,5.56
2026-06-08 02:30:00,0,-500.0,250.55,-1.56,32.41,6.7,304.86,0.02,148.84,85.18,7.6
2026-06-08 02:35:00,0,-500.0,250.55,-1.56,32.44,6.05,211.77,0.04,93.92,73.0,6.38
2026-06-08 02:40:00,0,-500.0,250.55,-1.56,31.63,6.15,285.82,0.02,134.37,81.3,6.03
2026-06-08 02:45:00,0,-500.0,250.55,-1.56,33.0,6.55,243.1,0.04,107.46,75.63,6.54
2026-06-08 02:50:00,0,-500.0,250.55,-1.56,32.86,6.16,212.61,0.04,96.69,73.51,5.83
2026-06-08 02:55:00,0,-500.0,250.55,-1.56,32.97,6.21,163.17,0.08,74.48,70.19,5.56
2026-06-08 03:00:00,0,-500.0,250.55,-1.56,33.2,6.02,269.28,0.02,121.05,78.2,5.36
2026-06-08 03:05:00,0,-500.0,250.55,-1.56,33.11,5.74,212.24,0.04,94.35,72.96,6.61
2026-06-08 03:10:00,0,-500.0,250.55,-1.56,32.81,5.59,310.09,0.02,143.18,83.31,6.14
2026-06-08 03:15:00,0,-500.0,250.55,-1.56,33.71,5.26,270.59,0.02,132.99,80.66,4.86
2026-06-08 03:20:00,0,-500.0,250.55,-1.56,33.89,5.58,329.75,0.02,142.25,83.07,5.51
2026-06-08 03:25:00,0,-500.0,250.55,-1.56,34.43,5.01,194.98,0.04,94.19,72.68,5.93
2026-06-08 03:30:00,0,-500.0,250.55,-1.56,33.97,5.5,222.04,0.04,102.51,74.32,6.26
2026-06-08 03:35:00,0,-500.0,250.55,-1.56,34.39,4.78,351.38,0.01,165.64,89.25,3.27
2026-06-08 03:40:00,0,-500.0,250.55,-1.56,34.54,4.96,198.91,0.04,94.27,72.68,6.51
2026-06-08 03:45:00,0,-500.0,250.55,-1.56,33.07,4.65,247.87,0.02,116.99,76.85,4.82
2026-06-08 03:50:00,0,-500.0,250.55,-1.56,34.41,4.22,265.65,0.02,123.83,78.18,4.14
2026-06-08 03:55:00,0,-500.0,250.55,-1.56,33.76,4.09,274.56,0.02,129.01,79.31,5.12
2026-06-08 04:00:00,0,-500.0,250.55,-1.56,34.35,4.21,240.78,0.02,114.48,76.17,4.13
2026-06-08 04:05:00,0,-500.0,250.55,-1.56,33.94,4.05,282.86,0.02,141.17,82.26,4.37
2026-06-08 04:10:00,0,-500.0,250.55,-1.56,35.01,3.81,302.01,0.01,146.49,83.53,3.15
2026-06-08 04:15:00,0,-500.0,250.55,-1.56,34.77,4.02,271.89,0.02,139.11,81.73,3.48
2026-06-08 04:20:00,0,-500.0,250.55,-1.56,35.18,3.13,322.19,0.01,148.25,83.76,4.34
2026-06-08 04:25:00,0,-500.0,250.55,-1.56,35.08,3.04,273.46,0.01,128.98,78.92,3.58
2026-06-08 04:30:00,0,-500.0,250.55,-1.56,34.73,3.23,240.91,0.02,111.13,75.15,3.63
2026-06-08 04:35:00,0,-500.0,250.55,-1.56,35.47,3.11,292.41,0.01,128.33,78.8,3.43
2026-06-08 04:40:00,0,-500.0,250.55,-1.56,36.57,2.92,194.82,0.02,96.51,72.31,3.28
2026-06-08 04:45:00,0,-500.0,250.55,-1.56,36.35,2.92,300.35,0.01,152.65,84.88,2.3
2026-06-08 04:50:00,0,-500.0,250.55,-1.56,36.24,2.6,274.0,0.01,126.14,78.12,3.34
2026-06-08 04:55:00,0,-500.0,250.55,-1.56,36.72,2.11,309.76,0.01,146.39,82.91,2.54
2026-06-08 05:00:00,0,-500.0,250.55,-1.56,36.04,2.34,282.69,0.01,131.1,79.17,1.34
2026-06-08 05:05:00,0,-500.0,250.55,-1.56,36.71,2.13,265.1,0.01,131.79,79.26,3.02
2026-06-08 05:10:00,0,-500.0,250.55,-1.56,36.41,1.79,195.94,0.01,88.53,70.57,1.86
2026-06-08 05:15:00,0,-500.0,250.55,-1.56,36.63,1.96,258.52,0.01,126.54,77.99,4.18
2026-06-08 05:20:00,0,-500.0,250.55,-1.56,35.96,1.72,295.96,0.01,131.3,79.0,1.8
2026-06-08 05:25:00,0,-500.0,250.55,-1.56,37.07,1.88,221.8,0.01,108.0,74.05,3.02
2026-06-08 05:30:00,0,-500.0,250.55,-1.56,37.27,1.69,227.6,0.01,105.78,73.55,2.85
2026-06-08 05:35:00,0,-500.0,250.55,-1.56,37.12,1.4,293.02,0.01,140.0,81.02,2.69
2026-06-08 05:40:00,0,-500.0,250.55,-1.56,36.96,1.35,249.69,0.01,111.87,74.62,2.97
2026-06-08 05:45:00,0,-500.0,250.55,-1.56,38.14,1.19,295.33,0.01,128.99,78.28,0.0
2026-06-08 05:50:00,0,-500.0,250.55,-1.56,37.82,1.26,351.96,0.0,167.29,88.5,3.29
2026-06-08 05:55:00,0,-500.0,250.55,-1.56,38.15,1.12,286.91,0.0,132.46,79.05,0.79
2026-06-08 06:00:00,0,-500.0,250.55,-1.56,38.44,0.79,164.5,0.01,76.63,68.45,1.52
2026-06-08 06:05:00,0,-500.0,250.55,-1.56,37.78,0.97,239.52,0.01,110.32,74.18,1.83
2026-06-08 06:10:00,0,-500.0,250.55,-1.56,38.38,0.8,203.41,0.01,100.27,72.22,1.47
2026-06-08 06:15:00,0,-500.0,250.55,-1.56,38.71,0.61,188.36,0.01,88.63,70.17,1.7
2026-06-08 06:20:00,0,-500.0,250.55,-1.56,38.93,0.49,194.9,0.0,92.55,70.75,1.3
2026-06-08 06:25:00,0,-500.0,250.55,-1.56,39.11,0.61,244.12,0.0,119.41,75.92,0.64
2026-06-08 06:30:00,0,-500.0,250.55,-1.56,38.45,0.54,354.74,0.0,173.77,90.24,0.54
2026-06-08 06:35:00,0,-500.0,250.55,-1.56,38.43,0.5,204.62,0.0,97.17,71.54,1.84
2026-06-08 06:40:00,0,-500.0,250.55,-1.56,38.9,0.32,275.15,0.0,124.55,76.95,0.14
2026-06-08 06:45:00,0,-500.0,250.55,-1.56,38.95,0.38,307.47,0.0,135.32,79.48,0.0
2026-06-08 06:50:00,0,-500.0,250.55,-1.56,39.55,0.24,255.9,0.0,116.29,75.13,0.72
2026-06-08 06:55:00,0,-500.0,250.55,-1.56,39.34,0.24,237.68,0.0,112.4,74.33,0.42
2026-06-08 07:00:00,0,-500.0,250.55,-1.56,39.81,0.15,260.33,0.0,121.5,76.21,1.02
2026-06-08 07:05:00,0,-500.0,250.55,-1.56,39.75,0.13,282.73,0.0,135.41,79.42,0.69
2026-06-08 07:10:00,0,-500.0,250.55,-1.56,40.73,0.08,211.09,0.0,95.25,71.07,0.0
2026-06-08 07:15:00,0,-500.0,250.55,-1.56,40.78,0.03,226.26,0.0,107.8,73.34,0.0
2026-06-08 07:20:00,0,-500.0,250.55,-1.56,40.46,0.0,275.72,0.0,126.3,77.23,0.0
2026-06-08 07:25:00,0,-500.0,250.55,-1.56,41.01,0.0,237.32,0.0,113.5,74.47,0.78
2026-06-08 07:30:00,0,-500.0,250.55,-1.56,40.92,0.0,334.99,0.0,157.79,85.28,0.0
2026-06-08 07:35:00,0,-500.0,250.55,-1.56,40.87,0.0,245.84,0.0,111.75,74.12,0.0
2026-06-08 07:40:00,0,-500.0,250.55,-1.56,40.83,0.0,238.78,0.0,111.79,74.12,0.0
2026-06-08 07:45:00,0,-500.0,250.55,-1.56,40.79,0.0,283.14,0.0,127.12,77.42,0.0
2026-06-08 07:50:00,0,-500.0,250.55,-1.56,41.65,0.0,267.69,0.0,128.25,77.68,0.0
2026-06-08 07:55:00,0,-500.0,250.55,-1.56,41.22,0.0,293.02,0.0,135.97,79.52,0.0
2026-06-08 08:00:00,0,-500.0,250.55,-1.56,42.58,0.0,208.65,0.0,94.53,70.92,0.92
2026-06-08 08:05:00,0,-500.0,250.55,-1.56,41.75,0.0,259.5,0.0,123.3,76.56,0.28
2026-06-08 08:10:00,0,-500.0,250.55,-1.56,42.18,0.0,294.28,0.0,144.95,81.79,0.0
2026-06-08 08:15:00,0,-500.0,250.55,-1.56,42.2,0.0,290.2,0.0,135.07,79.3,0.86
2026-06-08 08:20:00,0,-500.0,250.55,-1.56,41.82,0.0,295.9,0.0,143.16,81.32,1.14
2026-06-08 08:25:00,0,-500.0,250.55,-1.56,42.27,0.0,302.49,0.0,143.56,81.43,1.78
2026-06-08 08:30:00,0,-500.0,250.55,-1.56,41.79,0.0,229.99,0.0,109.91,73.75,0.0
2026-06-08 08:35:00,0,-500.0,250.55,-1.56,42.91,0.0,259.78,0.0,125.77,77.12,0.0
2026-06-08 08:40:00,0,-500.0,250.55,-1.56,42.31,0.0,190.43,0.0,85.37,69.44,0.0
2026-06-08 08:45:00,0,-500.0,250.55,-1.56,42.03,0.0,293.84,0.0,134.04,79.05,0.0
2026-06-08 08:50:00,0,-500.0,250.55,-1.56,42.84,0.0,300.72,0.0,147.44,82.44,0.0
2026-06-08 08:55:00,0,-500.0,250.55,-1.56,43.21,0.0,194.55,0.0,86.46,69.61,0.0
2026-06-08 09:00:00,0,-500.0,250.55,-1.56,42.8,0.0,257.83,0.0,120.26,75.9,0.47
2026-06-08 09:05:00,0,-500.0,250.55,-1.56,42.49,0.0,216.99,0.0,96.92,71.33,0.0
2026-06-08 09:10:00,0,-500.0,250.55,-1.56,43.18,0.0,245.94,0.0,113.47,74.47,1.15
2026-06-08 09:15:00,0,-500.0,250.55,-1.56,43.9,0.0,271.46,0.0,132.87,78.77,2.68
2026-06-08 09:20:00,0,-500.0,250.55,-1.56,42.77,0.0,311.56,0.0,150.58,83.29,0.0
2026-06-08 09:25:00,0,-500.0,250.55,-1.56,42.4,0.0,219.95,0.0,108.56,73.49,0.28
2026-06-08 09:30:00,0,-500.0,250.55,-1.56,43.57,0.0,271.81,0.0,122.26,76.33,0.0
2026-06-08 09:35:00,0,-500.0,250.55,-1.56,43.86,0.0,261.24,0.0,133.33,78.88,0.05
2026-06-08 09:40:00,0,-500.0,250.55,-1.56,44.04,0.0,284.17,0.0,134.23,79.1,0.0
2026-06-08 09:45:00,0,-500.0,250.55,-1.56,43.56,0.0,262.78,0.0,117.01,75.2,0.35
2026-06-08 09:50:00,0,-500.0,250.55,-1.56,44.06,0.0,254.89,0.0,119.34,75.7,0.0
2026-06-08 09:55:00,0,-500.0,250.55,-1.56,44.87,0.0,206.07,0.0,98.0,71.53,0.08
2026-06-08 10:00:00,0,-500.0,250.55,-1.56,44.52,0.0,324.92,0.0,150.43,83.25,0.68
2026-06-08 10:05:00,0,-500.0,250.55,-1.56,44.39,0.0,263.4,0.0,127.45,77.5,0.57
2026-06-08 10:10:00,0,-500.0,250.55,-1.56,44.18,0.0,150.22,0.0,71.35,67.46,0.41
2026-06-08 10:15:00,0,-500.0,250.55,-1.56,43.91,0.0,223.3,0.0,105.5,72.9,0.52
2026-06-08 10:20:00,0,-500.0,250.55,-1.56,43.99,0.0,202.55,0.0,85.92,69.53,0.0
2026-06-08 10:25:00,0,-500.0,250.55,-1.56,44.15,0.0,256.72,0.0,117.5,75.31,0.01
2026-06-08 10:30:00,0,-500.0,250.55,-1.56,44.95,0.0,260.53,0.0,121.3,76.13,0.01
2026-06-08 10:35:00,0,-500.0,250.55,-1.56,44.7,0.0,301.16,0.0,138.4,80.12,0.0
2026-06-08 10:40:00,0,-500.0,250.55,-1.56,44.39,0.0,164.35,0.0,76.36,68.13,0.0
2026-06-08 10:45:00,0,-500.0,250.55,-1.56,45.48,0.0,277.13,0.0,128.67,77.79,0.17
2026-06-08 10:50:00,0,-500.0,250.55,-1.56,44.09,0.0,162.41,0.0,74.32,67.85,0.0
2026-06-08 10:55:00,0,-500.0,250.55,-1.56,45.27,0.0,255.18,0.0,122.42,76.37,0.0
2026-06-08 11:00:00,0,-500.0,250.55,-1.56,44.61,0.0,145.68,0.0,68.63,67.12,0.08
2026-06-08 11:05:00,0,-500.0,250.55,-1.56,44.42,0.0,337.81,0.0,161.1,86.24,0.69
2026-06-08 11:10:00,0,-500.0,250.55,-1.56,45.36,0.0,270.1,0.0,131.67,78.49,1.28
2026-06-08 11:15:00,0,-500.0,250.55,-1.56,43.98,0.0,181.22,0.0,76.38,68.13,0.0
2026-06-08 11:20:00,0,-500.0,250.55,-1.56,44.5,0.0,312.14,0.0,135.4,79.38,0.0
2026-06-08 11:25:00,0,-500.0,250.55,-1.56,45.08,0.0,269.67,0.0,122.7,76.44,0.0
2026-06-08 11:30:00,0,-500.0,250.55,-1.56,45.31,0.0,190.18,0.0,97.3,71.41,0.0
2026-06-08 11:35:00,0,-500.0,250.55,-1.56,44.36,0.0,239.7,0.0,111.09,73.99,0.0
2026-06-08 11:40:00,0,-500.0,250.55,-1.56,45.68,0.0,250.03,0.0,119.76,75.79,0.08
2026-06-08 11:45:00,0,-500.0,250.55,-1.56,44.63,0.0,292.11,0.0,138.47,80.14,1.11
2026-06-08 11:50:00,0,-500.0,250.55,-1.56,45.91,0.0,208.64,0.0,96.84,71.33,0.0
2026-06-08 11:55:00,0,-500.0,250.55,-1.56,45.37,0.0,271.27,0.0,131.24,78.39,0.0
2026-06-08 12:00:00,0,-500.0,250.55,-1.56,45.01,0.0,265.7,0.0,132.19,78.61,0.0
2026-06-08 12:05:00,0,-500.0,250.55,-1.56,44.06,0.0,260.53,0.0,124.77,76.89,0.0
2026-06-08 12:10:00,0,-500.0,250.55,-1.56,45.24,0.0,244.74,0.0,117.38,75.29,0.0
2026-06-08 12:15:00,0,-500.0,250.55,-1.56,45.13,0.0,274.68,0.0,137.18,79.82,1.64
2026-06-08 12:20:00,0,-500.0,250.55,-1.56,44.92,0.0,258.47,0.0,120.04,75.85,0.01
2026-06-08 12:25:00,0,-500.0,250.55,-1.56,45.37,0.0,301.27,0.0,140.77,80.72,1.1
2026-06-08 12:30:00,0,-500.0,250.55,-1.56,44.24,0.0,279.39,0.0,132.15,78.6,0.0
2026-06-08 12:35:00,0,-500.0,250.55,-1.56,44.91,0.0,159.41,0.0,74.28,67.85,0.0
2026-06-08 12:40:00,0,-500.0,250.55,-1.56,44.36,0.0,230.3,0.0,107.14,73.21,0.0
2026-06-08 12:45:00,0,-500.0,250.55,-1.56,45.57,0.0,214.77,0.0,100.54,71.98,0.7
2026-06-08 12:50:00,0,-500.0,250.55,-1.56,44.3,0.0,228.55,0.0,98.37,71.59,0.85
2026-06-08 12:55:00,0,-500.0,250.55,-1.56,45.05,0.0,284.3,0.0,131.69,78.49,0.0
2026-06-08 13:00:00,0,-500.0,250.55,-1.56,44.93,0.0,231.79,0.0,115.54,74.9,0.86
2026-06-08 13:05:00,0,-500.0,250.55,-1.56,44.89,0.0,235.55,0.0,109.51,73.68,0.55
2026-06-08 13:10:00,0,-500.0,250.55,-1.56,45.22,0.0,255.75,0.0,126.89,77.38,0.0
2026-06-08 13:15:00,0,-500.0,250.55,-1.56,44.42,0.0,262.96,0.0,121.71,76.22,0.85
2026-06-08 13:20:00,0,-500.0,250.55,-1.56,44.35,0.0,315.26,0.0,148.95,82.85,0.52
2026-06-08 13:25:00,0,-500.0,250.55,-1.56,44.6,0.0,250.42,0.0,116.67,75.13,0.0
2026-06-08 13:30:00,0,-500.0,250.55,-1.56,44.79,0.0,367.27,0.0,174.77,90.37,0.51
2026-06-08 13:35:00,0,-500.0,250.55,-1.56,44.59,0.0,308.49,0.0,144.66,81.72,0.45
2026-06-08 13:40:00,0,-500.0,250.55,-1.56,43.96,0.0,269.36,0.0,122.35,76.36,0.0
2026-06-08 13:45:00,0,-500.0,250.55,-1.56,43.98,0.0,286.88,0.0,135.25,79.35,0.0
2026-06-08 13:50:00,0,-500.0,250.55,-1.56,43.74,0.0,253.35,0.0,117.11,75.23,0.0
2026-06-08 13:55:00,0,-500.0,250.55,-1.56,44.41,0.0,291.61,0.0,149.12,82.9,0.0
2026-06-08 14:00:00,0,-500.0,250.55,-1.56,44.47,0.0,249.34,0.0,112.98,90.81,0.0
2026-06-08 14:05:00,0,-500.0,250.55,-1.56,43.91,0.0,291.7,0.0,141.13,80.81,0.0
2026-06-08 14:10:00,0,-500.0,250.55,-1.56,43.02,0.0,245.94,0.0,115.39,74.86,0.97
2026-06-08 14:15:00,0,-500.0,250.55,-1.56,44.16,0.0,265.75,0.0,125.17,76.98,0.0
2026-06-08 14:20:00,0,-500.0,250.55,-1.56,44.81,0.0,204.27,0.0,95.9,71.16,0.39
2026-06-08 14:25:00,0,-500.0,250.55,-1.56,43.99,0.0,247.35,0.0,123.49,76.61,0.0
2026-06-08 14:30:00,0,-500.0,250.55,-1.56,43.35,0.0,258.79,0.0,122.41,76.37,0.98
2026-06-08 14:35:00,0,-500.0,250.55,-1.56,43.42,0.0,227.79,0.0,107.75,73.33,0.0
2026-06-08 14:40:00,0,-500.0,250.55,-1.56,43.64,0.0,228.68,0.0,109.45,73.66,1.34
2026-06-08 14:45:00,0,-500.0,250.55,-1.56,44.33,0.0,239.65,0.0,106.1,73.02,0.0
2026-06-08 14:50:00,0,-500.0,250.55,-1.56,43.63,0.0,334.45,0.0,155.1,84.53,0.66
2026-06-08 14:55:00,0,-500.0,250.55,-1.56,42.14,0.0,208.82,0.0,103.75,72.57,1.13
2026-06-08 15:00:00,0,-500.0,250.55,-1.56,43.14,0.0,232.4,0.0,102.7,88.57,0.0
2026-06-08 15:05:00,0,-500.0,250.55,-1.56,43.01,0.0,280.9,0.0,132.17,93.6,0.0
2026-06-08 15:10:00,0,-500.0,250.55,-1.56,41.92,0.0,286.54,0.0,131.98,78.56,1.31
2026-06-08 15:15:00,0,-500.0,250.55,-1.56,42.71,0.0,215.55,0.0,92.98,70.66,0.25
2026-06-08 15:20:00,0,-500.0,250.55,-1.56,43.95,0.0,298.45,0.0,145.49,81.93,1.3
2026-06-08 15:25:00,0,-500.0,250.55,-1.56,42.08,0.0,288.91,0.0,137.78,79.96,0.0
2026-06-08 15:30:00,0,-500.0,250.55,-1.56,42.68,0.0,389.55,0.0,193.45,96.56,0.01
2026-06-08 15:35:00,0,-500.0,250.55,-1.56,42.07,0.0,276.81,0.0,130.84,78.29,0.08
2026-06-08 15:40:00,0,-500.0,250.55,-1.56,42.61,0.0,204.19,0.0,100.01,71.88,0.0
2026-06-08 15:45:00,0,-500.0,250.55,-1.56,42.8,0.0,237.92,0.0,111.52,74.07,0.0
2026-06-08 15:50:00,0,-500.0,250.55,-1.56,41.99,0.0,204.67,0.0,96.19,86.4,0.0
2026-06-08 15:55:00,0,-500.0,250.55,-1.56,41.12,0.0,272.6,0.0,126.02,95.37,0.0
2026-06-08 16:00:00,0,-500.0,250.55,-1.56,41.15,0.0,311.69,0.0,150.04,100.87,0.47
2026-06-08 16:05:00,0,-500.0,250.55,-1.56,40.5,0.0,278.87,0.0,133.94,79.02,0.67
2026-06-08 16:10:00,0,-500.0,250.55,-1.56,41.93,0.0,220.61,0.0,106.09,73.01,0.59
2026-06-08 16:15:00,0,-500.0,250.55,-1.56,41.39,0.0,314.84,0.0,157.36,85.16,0.0
2026-06-08 16:20:00,0,-500.0,250.55,-1.56,41.41,0.0,261.13,0.0,124.31,76.78,0.0
2026-06-08 16:25:00,0,-500.0,250.55,-1.56,41.25,0.0,253.1,0.0,121.25,76.11,0.0
2026-06-08 16:30:00,0,-500.0,250.55,-1.56,40.86,0.0,257.17,0.0,120.68,75.98,0.0
2026-06-08 16:35:00,0,-500.0,250.55,-1.56,41.72,0.0,179.18,0.0,88.85,69.98,0.0
2026-06-08 16:40:00,0,-500.0,250.55,-1.56,40.83,0.0,163.6,0.0,73.46,67.73,0.51
2026-06-08 16:45:00,0,-500.0,250.55,-1.56,41.03,0.0,316.83,0.0,152.25,83.74,88.85
2026-06-08 16:50:00,0,-500.0,250.55,-1.56,39.73,71.14,266.31,0.34,129.44,103.53,86.88
2026-06-08 16:55:00,0,-500.0,250.55,-1.56,39.65,70.4,315.27,0.22,161.21,111.34,86.78
2026-06-08 17:00:00,0,-500.0,250.55,-1.56,39.07,77.72,292.42,0.28,137.65,107.69,87.23
2026-06-08 17:05:00,0,-500.0,250.55,-1.56,39.34,67.79,307.78,0.22,135.33,103.52,87.69
2026-06-08 17:10:00,0,-500.0,250.55,-1.56,39.83,69.97,228.09,0.45,115.26,100.22,85.84
2026-06-08 17:15:00,0,-500.0,250.55,-1.56,39.05,72.83,248.3,0.37,120.16,102.1,86.83
2026-06-08 17:20:00,0,-500.0,250.55,-1.56,38.99,65.32,197.53,0.47,96.53,95.06,85.2
2026-06-08 17:25:00,0,-500.0,250.55,-1.56,38.85,61.85,236.15,0.36,111.97,96.52,86.09
2026-06-08 17:30:00,0,-500.0,250.55,-1.56,38.54,51.55,286.31,0.21,137.89,98.45,86.24
2026-06-08 17:35:00,0,-500.0,250.55,-1.56,39.44,51.67,215.33,0.34,101.21,90.86,85.19
2026-06-08 17:40:00,0,-500.0,250.55,-1.56,38.17,52.25,278.49,0.22,136.4,98.34,86.8
2026-06-08 17:45:00,0,-500.0,250.55,-1.56,38.82,55.57,238.93,0.34,97.14,91.49,85.14
2026-06-08 17:50:00,0,-500.0,250.55,-1.56,37.92,46.76,314.92,0.18,139.86,97.2,83.99
2026-06-08 17:55:00,0,-500.0,250.55,-1.56,37.81,56.53,308.27,0.2,141.19,101.0,85.47
2026-06-08 18:00:00,0,-500.0,250.55,-1.56,38.09,44.68,263.01,0.19,115.36,90.87,84.96
2026-06-08 18:05:00,0,-500.0,250.55,-1.56,36.82,43.64,209.28,0.31,104.33,88.56,86.3
2026-06-08 18:10:00,0,-500.0,250.55,-1.56,37.58,46.05,191.32,0.4,88.57,86.85,85.38
2026-06-08 18:15:00,0,-500.0,250.55,-1.56,36.55,44.09,219.52,0.28,107.9,89.34,83.34
2026-06-08 18:20:00,0,-500.0,250.55,-1.56,37.41,44.43,328.85,0.13,151.79,99.42,85.2
2026-06-08 18:25:00,0,-500.0,250.55,-1.56,37.64,48.5,237.08,0.28,115.88,92.49,83.51
2026-06-08 18:30:00,0,-500.0,250.55,-1.56,37.95,42.31,270.25,0.17,123.84,91.82,82.97
2026-06-08 18:35:00,0,-500.0,250.55,-1.56,35.89,40.77,294.2,0.14,127.84,92.13,83.82
2026-06-08 18:40:00,0,-500.0,250.55,-1.56,36.79,32.95,270.06,0.14,129.68,89.81,84.8
2026-06-08 18:45:00,0,-500.0,250.55,-1.56,36.18,29.84,307.76,0.11,142.3,91.75,84.29
2026-06-08 18:50:00,0,-500.0,250.55,-1.56,35.59,27.07,219.05,0.19,102.58,82.19,83.68
2026-06-08 18:55:00,0,-500.0,250.55,-1.56,36.42,23.1,360.52,0.06,167.05,96.19,83.02
2026-06-08 19:00:00,0,-500.0,250.55,-1.56,36.16,21.43,352.5,0.06,158.92,93.22,82.54
2026-06-08 19:05:00,0,-500.0,250.55,-1.56,36.32,21.92,175.08,0.22,86.8,77.76,82.33
2026-06-08 19:10:00,0,-500.0,250.55,-1.56,35.28,20.72,291.88,0.08,133.8,86.39,83.25
2026-06-08 19:15:00,0,-500.0,250.55,-1.56,35.91,22.76,266.74,0.1,126.61,85.46,82.72
2026-06-08 19:20:00,0,-500.0,250.55,-1.56,34.73,27.14,289.14,0.11,142.76,90.92,82.4
2026-06-08 19:25:00,0,-500.0,250.55,-1.56,35.14,18.59,208.07,0.14,96.54,78.04,83.27
2026-06-08 19:30:00,0,-500.0,250.55,-1.56,35.27,16.45,250.58,0.08,114.64,80.61,84.24
2026-06-08 19:35:00,0,-500.0,250.55,-1.56,35.66,17.96,224.9,0.11,100.36,94.43,82.22
2026-06-08 19:40:00,0,-500.0,250.55,-1.56,35.52,17.3,211.49,0.12,94.04,77.12,82.77
2026-06-08 19:45:00,0,-500.0,250.55,-1.56,36.46,21.66,281.25,0.09,137.88,87.74,82.98
2026-06-08 19:50:00,0,-500.0,250.55,-1.56,35.33,15.45,298.87,0.05,139.28,101.04,81.82
2026-06-08 19:55:00,0,-500.0,250.55,-1.56,34.69,17.5,321.05,0.05,154.57,90.59,82.06
2026-06-08 20:00:00,0,-500.0,250.55,-1.56,34.3,13.04,254.66,0.06,115.98,79.65,81.48
2026-06-08 20:05:00,0,-500.0,250.55,-1.56,34.51,17.41,268.19,0.08,132.76,84.98,83.04
2026-06-08 20:10:00,0,-500.0,250.55,-1.56,35.43,20.16,198.18,0.17,95.16,78.41,80.09
2026-06-08 20:15:00,0,-500.0,250.55,-1.56,34.49,11.73,299.88,0.04,137.08,83.96,81.59
2026-06-08 20:20:00,0,-500.0,250.55,-1.56,33.0,13.65,311.31,0.04,147.83,87.39,81.37
2026-06-08 20:25:00,0,-500.0,250.55,-1.56,33.88,19.0,282.71,0.08,135.66,86.24,80.19
2026-06-08 20:30:00,0,-500.0,250.55,-1.56,32.81,19.71,261.74,0.1,126.27,84.31,80.93
2026-06-08 20:35:00,0,-500.0,250.55,-1.56,33.65,17.41,272.16,0.07,126.54,83.51,81.34
2026-06-08 20:40:00,0,-500.0,250.55,-1.56,34.05,20.86,221.59,0.14,112.29,81.79,81.76
2026-06-08 20:45:00,0,-500.0,250.55,-1.56,33.9,18.97,279.74,0.08,130.01,84.87,80.89
2026-06-08 20:50:00,0,-500.0,250.55,-1.56,33.28,13.49,257.52,0.07,123.11,81.36,80.09
2026-06-08 20:55:00,0,-500.0,250.55,-1.56,32.72,26.74,237.84,0.16,117.82,85.03,79.56
2026-06-08 21:00:00,0,-500.0,250.55,-1.56,32.85,24.84,261.74,0.11,114.92,83.66,81.29
2026-06-08 21:05:00,0,-500.0,250.55,-1.56,32.78,22.11,205.51,0.17,104.44,80.76,82.29
2026-06-08 21:10:00,0,-500.0,250.55,-1.56,32.99,25.47,333.37,0.08,174.74,99.41,82.08
2026-06-08 21:15:00,0,-500.0,250.55,-1.56,32.09,22.03,275.55,0.09,135.42,87.26,80.18
2026-06-08 21:20:00,0,-500.0,250.55,-1.56,33.25,23.59,326.91,0.07,151.21,91.83,80.35
2026-06-08 21:25:00,0,-500.0,250.55,-1.56,32.18,23.75,220.63,0.15,111.05,82.57,79.68
2026-06-08 21:30:00,0,-500.0,250.55,-1.56,32.41,25.73,258.01,0.13,127.17,86.68,81.59
2026-06-08 21:35:00,0,-500.0,250.55,-1.56,32.55,26.74,323.48,0.08,148.89,92.33,79.79
2026-06-08 21:40:00,0,-500.0,250.55,-1.56,32.78,21.92,322.06,0.07,153.32,91.83,79.42
2026-06-08 21:45:00,0,-500.0,250.55,-1.56,32.04,24.58,251.71,0.12,121.52,84.99,78.06
2026-06-08 21:50:00,0,-500.0,250.55,-1.56,32.82,22.93,310.2,0.08,147.02,90.5,79.63
2026-06-08 21:55:00,0,-500.0,250.55,-1.56,32.22,26.08,250.02,0.13,120.34,85.28,78.32
2026-06-08 22:00:00,0,-500.0,250.55,-1.56,31.48,26.35,316.79,0.09,143.18,90.71,78.71
2026-06-08 22:05:00,0,-500.0,250.55,-1.56,32.04,22.88,321.41,0.07,153.6,92.24,80.25
2026-06-08 22:10:00,0,-500.0,250.55,-1.56,31.95,26.16,248.59,0.13,116.59,84.51,77.48
2026-06-08 22:15:00,0,-500.0,250.55,-1.56,32.27,28.36,282.51,0.12,131.44,88.57,77.74
2026-06-08 22:20:00,0,-500.0,250.55,-1.56,31.04,31.41,247.44,0.16,120.2,87.17,76.47
2026-06-08 22:25:00,0,-500.0,250.55,-1.56,30.43,32.77,321.4,0.1,163.21,98.5,77.64
2026-06-08 22:30:00,0,-500.0,250.55,-1.56,32.21,37.39,331.08,0.12,158.29,98.74,78.7
2026-06-08 22:35:00,0,-500.0,250.55,-1.56,31.47,34.88,239.4,0.19,117.83,87.94,77.2
2026-06-08 22:40:00,0,-500.0,250.55,-1.56,31.37,31.4,263.57,0.14,124.6,88.1,79.48
2026-06-08 22:45:00,0,-500.0,250.55,-1.56,31.2,35.08,218.85,0.23,101.7,84.9,77.78
2026-06-08 22:50:00,0,-500.0,250.55,-1.56,30.89,34.63,262.6,0.16,130.28,90.57,76.61
2026-06-08 22:55:00,0,-500.0,250.55,-1.56,31.36,37.59,263.55,0.17,127.52,90.99,76.86
2026-06-08 23:00:00,0,-500.0,250.55,-1.56,31.34,32.02,288.12,0.11,132.49,90.09,77.7
2026-06-08 23:05:00,0,-500.0,250.55,-1.56,31.43,33.88,301.64,0.12,139.7,92.52,76.73
2026-06-08 23:10:00,0,-500.0,250.55,-1.56,31.06,41.72,298.67,0.14,139.28,95.2,77.23
2026-06-08 23:15:00,0,-500.0,250.55,-1.56,31.14,38.83,252.59,0.18,118.97,89.55,77.24
2026-06-08 23:20:00,0,-500.0,250.55,-1.56,32.0,46.09,301.35,0.16,138.51,96.58,76.2
2026-06-08 23:25:00,0,-500.0,250.55,-1.56,30.93,45.53,332.55,0.14,158.47,101.67,78.37
2026-06-08 23:30:00,0,-500.0,250.55,-1.56,30.75,42.51,227.94,0.26,113.02,89.75,77.16
2026-06-08 23:35:00,0,-500.0,250.55,-1.56,30.61,42.67,244.15,0.22,113.8,104.23,75.21
2026-06-08 23:40:00,0,-500.0,250.55,-1.56,30.99,45.41,280.36,0.18,131.79,94.74,76.03
2026-06-08 23:45:00,0,-500.0,250.55,-1.56,30.89,46.32,316.94,0.16,139.75,96.97,75.5
2026-06-08 23:50:00,0,-500.0,250.55,-1.56,30.98,48.7,278.8,0.19,133.51,96.33,75.8
2026-06-08 23:55:00,0,-500.0,250.55,-1.56,30.76,40.26,146.06,0.5,72.88,82.73,76.17
2026-06-09 00:00:00,0,149.32,354.32,0.0,31.74,47.95,206.73,0.35,104.07,90.09,75.39
2026-06-09 00:05:00,0,149.32,354.32,0.0,31.19,52.92,170.07,0.62,75.19,87.71,75.34
2026-06-09 00:10:00,0,149.32,354.32,0.0,31.29,49.64,257.7,0.25,129.76,95.89,75.51
2026-06-09 00:15:00,0,149.32,354.32,0.0,31.17,54.49,221.3,0.31,100.6,91.66,76.48
2026-06-09 00:20:00,0,149.32,354.32,0.0,31.31,55.9,298.37,0.21,147.37,102.39,74.29
2026-06-09 00:25:00,0,149.32,354.32,0.0,31.45,49.0,270.37,0.23,123.47,94.19,74.19
2026-06-09 00:30:00,0,149.32,354.32,0.0,30.54,55.48,323.85,0.16,138.49,99.86,75.05
2026-06-09 00:35:00,0,149.32,354.32,0.0,30.7,55.77,349.35,0.15,161.57,106.17,74.95
2026-06-09 00:40:00,0,149.32,354.32,0.0,30.16,58.28,264.04,0.27,117.8,96.28,74.71
2026-06-09 00:45:00,0,149.32,354.32,0.0,30.7,58.45,251.27,0.27,126.1,98.16,72.91
2026-06-09 00:50:00,0,149.32,354.32,0.0,31.51,57.37,221.44,0.37,103.63,93.34,74.68
2026-06-09 00:55:00,0,149.32,354.32,0.0,30.51,54.19,264.65,0.25,126.03,96.62,73.67
2026-06-09 01:00:00,0,149.32,354.32,0.0,31.09,58.7,275.05,0.24,126.19,98.22,74.91
2026-06-09 01:05:00,0,149.32,354.32,0.0,30.95,61.86,216.69,0.44,108.19,95.92,74.1
2026-06-09 01:10:00,0,149.32,354.32,0.0,31.08,58.3,238.63,0.34,104.47,93.76,73.02
2026-06-09 01:15:00,0,149.32,354.32,0.0,30.71,60.83,301.09,0.22,144.52,103.39,72.61
2026-06-09 01:20:00,0,149.32,354.32,0.0,31.4,62.24,197.23,0.51,90.98,93.11,71.9
2026-06-09 01:25:00,0,149.32,354.32,0.0,31.49,58.28,217.92,0.39,96.21,92.37,72.75
2026-06-09 01:30:00,0,149.32,354.32,0.0,31.64,61.58,339.21,0.16,157.25,106.98,73.66
2026-06-09 01:35:00,0,149.32,354.32,0.0,31.7,61.98,285.63,0.23,137.86,102.12,71.83
2026-06-09 01:40:00,0,149.32,354.32,0.0,32.18,62.39,323.31,0.18,152.94,106.11,72.84
2026-06-09 01:45:00,0,149.32,354.32,0.0,31.74,63.42,226.33,0.4,103.0,95.4,71.29
2026-06-09 01:50:00,0,149.32,354.32,0.0,30.89,62.71,267.02,0.28,121.86,98.73,72.48
2026-06-09 01:55:00,0,149.32,354.32,0.0,31.85,62.37,325.44,0.19,148.93,105.03,71.25
2026-06-09 02:00:00,0,149.32,354.32,0.0,31.67,63.04,267.92,0.27,131.29,100.97,72.28
2026-06-09 02:05:00,0,149.32,354.32,0.0,32.68,64.57,286.72,0.23,134.87,102.29,70.34
2026-06-09 02:10:00,0,149.32,354.32,0.0,32.12,60.47,253.48,0.29,116.23,96.76,71.85
2026-06-09 02:15:00,0,149.32,354.32,0.0,31.95,64.02,256.21,0.33,125.63,100.13,70.98
2026-06-09 02:20:00,0,149.32,354.32,0.0,32.68,62.43,258.1,0.29,134.78,101.64,70.5
2026-06-09 02:25:00,0,149.32,354.32,0.0,31.44,59.57,194.5,0.53,94.6,92.82,71.61
2026-06-09 02:30:00,0,149.32,354.32,0.0,32.59,60.12,288.88,0.24,134.47,100.66,69.65
2026-06-09 02:35:00,0,149.32,354.32,0.0,32.31,59.02,266.15,0.25,119.9,96.95,69.79
2026-06-09 02:40:00,0,149.32,354.32,0.0,32.8,59.94,279.35,0.26,118.75,111.36,71.12
2026-06-09 02:45:00,0,149.32,354.32,0.0,31.75,58.95,232.74,0.35,105.08,94.13,69.89
2026-06-09 02:50:00,0,149.32,354.32,0.0,33.04,60.75,185.52,0.6,91.67,92.89,69.79
2026-06-09 02:55:00,0,149.32,354.32,0.0,32.47,46.08,276.8,0.19,132.92,95.27,70.91
2026-06-09 03:00:00,0,149.32,354.32,0.0,33.12,52.72,226.97,0.31,106.97,92.23,69.55
2026-06-09 03:05:00,0,149.32,354.32,0.0,33.24,51.2,209.16,0.37,100.63,90.64,69.4
2026-06-09 03:10:00,0,149.32,354.32,0.0,32.86,50.02,293.55,0.17,139.41,98.2,68.64
2026-06-09 03:15:00,0,149.32,354.32,0.0,33.7,51.92,239.59,0.29,106.23,91.77,69.79
2026-06-09 03:20:00,0,149.32,354.32,0.0,33.6,54.49,247.62,0.29,117.85,95.01,68.53
2026-06-09 03:25:00,0,149.32,354.32,0.0,32.88,44.79,168.43,0.46,80.16,85.24,69.57
2026-06-09 03:30:00,0,149.32,354.32,0.0,33.88,47.81,247.45,0.25,115.56,92.11,69.91
2026-06-09 03:35:00,0,149.32,354.32,0.0,34.01,49.16,350.25,0.13,172.82,107.21,68.67
2026-06-09 03:40:00,0,149.32,354.32,0.0,34.07,44.63,262.2,0.2,119.55,91.75,69.51
2026-06-09 03:45:00,0,149.32,354.32,0.0,33.98,50.53,282.96,0.21,139.98,98.6,70.23
2026-06-09 03:50:00,0,149.32,354.32,0.0,33.56,40.8,241.31,0.23,117.63,90.05,67.65
2026-06-09 03:55:00,0,149.32,354.32,0.0,35.17,44.48,273.25,0.19,137.86,95.92,67.42
2026-06-09 04:00:00,0,149.32,354.32,0.0,34.26,44.28,325.29,0.13,149.02,98.61,68.69
2026-06-09 04:05:00,0,149.32,354.32,0.0,35.11,44.52,234.8,0.26,112.56,90.37,66.77
2026-06-09 04:10:00,0,149.32,354.32,0.0,34.17,47.21,213.82,0.35,103.31,89.69,68.39
2026-06-09 04:15:00,0,149.32,354.32,0.0,35.66,42.46,297.4,0.14,145.42,97.04,67.62
2026-06-09 04:20:00,0,149.32,354.32,0.0,35.35,41.48,228.05,0.26,105.43,87.91,67.0
2026-06-09 04:25:00,0,149.32,354.32,0.0,34.76,42.18,317.23,0.14,158.06,100.39,67.84
2026-06-09 04:30:00,0,149.32,354.32,0.0,34.75,42.08,314.82,0.13,148.83,97.79,67.53
2026-06-09 04:35:00,0,149.32,354.32,0.0,34.44,40.88,260.8,0.19,118.33,90.15,68.01
2026-06-09 04:40:00,0,149.32,354.32,0.0,36.24,38.11,281.12,0.16,127.45,91.15,66.12
2026-06-09 04:45:00,0,149.32,354.32,0.0,35.79,36.79,227.98,0.22,111.93,98.63,68.33
2026-06-09 04:50:00,0,149.32,354.32,0.0,36.88,35.14,178.13,0.37,82.62,82.05,66.82
2026-06-09 04:55:00,0,149.32,354.32,0.0,35.19,35.5,227.74,0.21,106.93,86.0,66.53
2026-06-09 05:00:00,0,149.32,354.32,0.0,36.43,34.96,254.45,0.17,128.86,90.39,67.65
2026-06-09 05:05:00,0,149.32,354.32,0.0,36.31,35.65,314.92,0.12,153.77,96.86,67.79
2026-06-09 05:10:00,0,149.32,354.32,0.0,37.03,34.65,304.05,0.12,151.25,95.83,63.96
2026-06-09 05:15:00,0,149.32,354.32,0.0,36.34,28.85,252.44,0.14,112.8,84.7,65.57
2026-06-09 05:20:00,0,149.32,354.32,0.0,36.56,32.68,199.08,0.27,95.4,83.04,65.64
2026-06-09 05:25:00,0,149.32,354.32,0.0,36.86,32.14,220.1,0.22,99.48,83.46,64.32
2026-06-09 05:30:00,0,149.32,354.32,0.0,37.4,25.89,323.39,0.08,169.72,98.01,67.28
2026-06-09 05:35:00,0,149.32,354.32,0.0,37.14,27.35,228.72,0.15,109.76,83.59,65.12
2026-06-09 05:40:00,0,149.32,354.32,0.0,37.63,26.02,243.57,0.14,109.19,82.99,64.02
2026-06-09 05:45:00,0,149.32,354.32,0.0,37.79,26.94,250.31,0.14,117.93,85.1,64.68
2026-06-09 05:50:00,0,149.32,354.32,0.0,38.25,25.95,273.35,0.11,127.31,86.76,65.4
2026-06-09 05:55:00,0,149.32,354.32,0.0,37.6,24.95,203.42,0.19,89.77,79.23,65.14
2026-06-09 06:00:00,0,149.32,354.32,0.0,37.49,22.15,247.46,0.11,120.42,83.89,64.18
2026-06-09 06:05:00,0,149.32,354.32,0.0,38.18,23.97,234.07,0.14,107.12,81.87,65.22
2026-06-09 06:10:00,0,149.32,354.32,0.0,38.46,21.84,302.11,0.07,144.22,89.38,65.34
2026-06-09 06:15:00,0,149.32,354.32,0.0,38.45,21.52,277.09,0.08,131.87,86.21,64.31
2026-06-09 06:20:00,0,149.32,354.32,0.0,39.36,19.05,228.22,0.12,110.97,80.86,64.56
2026-06-09 06:25:00,0,149.32,354.32,0.0,39.16,19.96,206.9,0.15,93.79,78.07,63.86
2026-06-09 06:30:00,0,149.32,354.32,0.0,38.6,22.45,117.16,0.53,52.83,74.3,65.1
2026-06-09 06:35:00,0,149.32,354.32,0.0,38.71,20.66,278.51,0.08,121.9,83.64,62.99
2026-06-09 06:40:00,0,149.32,354.32,0.0,39.96,19.2,234.47,0.11,113.4,81.39,64.44
2026-06-09 06:45:00,0,149.32,354.32,0.0,39.66,17.62,260.17,0.08,129.56,84.31,63.68
2026-06-09 06:50:00,0,149.32,354.32,0.0,39.58,15.14,185.68,0.14,91.27,75.95,64.46
2026-06-09 06:55:00,0,149.32,354.32,0.0,39.72,17.98,252.56,0.09,119.68,82.24,62.67
2026-06-09 07:00:00,0,149.32,354.32,0.0,40.53,16.4,325.0,0.05,155.82,90.57,63.96
2026-06-09 07:05:00,0,149.32,354.32,0.0,39.5,12.67,255.72,0.06,111.5,78.62,64.67
2026-06-09 07:10:00,0,149.32,354.32,0.0,40.0,15.06,294.76,0.05,142.62,86.55,64.02
2026-06-09 07:15:00,0,149.32,354.32,0.0,41.05,13.48,248.95,0.07,127.77,82.43,61.95
2026-06-09 07:20:00,0,149.32,354.32,0.0,40.47,14.05,311.34,0.05,147.39,87.44,63.01
2026-06-09 07:25:00,0,149.32,354.32,0.0,41.11,12.24,293.87,0.05,137.17,98.47,62.54
2026-06-09 07:30:00,0,149.32,354.32,0.0,40.89,14.57,252.68,0.08,112.87,79.6,63.99
2026-06-09 07:35:00,0,149.32,354.32,0.0,40.14,13.2,238.62,0.07,111.81,78.89,62.3
2026-06-09 07:40:00,0,149.32,354.32,0.0,41.41,14.39,250.83,0.07,125.29,82.18,60.95
2026-06-09 07:45:00,0,149.32,354.32,0.0,40.36,14.79,291.02,0.06,138.06,105.06,63.69
2026-06-09 07:50:00,0,149.32,354.32,0.0,41.33,13.7,237.79,0.08,119.73,80.73,62.02
2026-06-09 07:55:00,0,149.32,354.32,0.0,42.2,12.32,306.1,0.04,149.77,87.46,62.32
2026-06-09 08:00:00,0,149.32,354.32,0.0,41.38,13.01,290.1,0.05,136.43,84.28,61.8
2026-06-09 08:05:00,0,149.32,354.32,0.0,41.52,9.93,267.05,0.04,121.63,91.59,62.71
2026-06-09 08:10:00,0,149.32,354.32,0.0,42.09,10.36,261.68,0.05,119.93,79.55,60.48
2026-06-09 08:15:00,0,149.32,354.32,0.0,41.85,8.65,258.3,0.04,117.13,78.33,60.83
2026-06-09 08:20:00,0,149.32,354.32,0.0,42.37,10.79,270.17,0.05,133.1,82.7,60.18
2026-06-09 08:25:00,0,149.32,354.32,0.0,42.5,11.73,268.98,0.05,127.24,81.66,62.19
2026-06-09 08:30:00,0,149.32,354.32,0.0,42.35,8.48,277.71,0.03,132.51,81.71,60.16
2026-06-09 08:35:00,0,149.32,354.32,0.0,41.59,9.33,220.06,0.06,100.5,75.35,60.08
2026-06-09 08:40:00,0,149.32,354.32,0.0,42.11,8.58,314.93,0.03,146.12,85.16,60.37
2026-06-09 08:45:00,0,149.32,354.32,0.0,42.22,8.58,210.78,0.06,93.39,73.85,61.1
2026-06-09 08:50:00,0,149.32,354.32,0.0,43.66,10.54,237.49,0.06,106.2,76.84,59.98
2026-06-09 08:55:00,0,149.32,354.32,0.0,43.51,10.62,166.2,0.12,76.99,72.17,59.83
2026-06-09 09:00:00,0,149.32,354.32,0.0,43.38,11.82,250.11,0.06,115.72,79.19,60.27
2026-06-09 09:05:00,0,149.32,354.32,0.0,42.94,10.7,211.13,0.08,93.67,74.68,60.93
2026-06-09 09:10:00,0,149.32,354.32,0.0,43.45,14.99,222.92,0.1,105.01,78.25,60.94
2026-06-09 09:15:00,0,149.32,354.32,0.0,43.41,10.4,203.06,0.08,91.38,74.2,60.42
2026-06-09 09:20:00,0,149.32,354.32,0.0,42.99,13.56,195.48,0.11,90.83,75.27,59.62
2026-06-09 09:25:00,0,149.32,354.32,0.0,44.52,12.58,297.54,0.05,138.76,84.72,60.06
2026-06-09 09:30:00,0,149.32,354.32,0.0,43.87,13.11,275.58,0.06,129.54,82.69,60.36
2026-06-09 09:35:00,0,149.32,354.32,0.0,42.28,16.12,219.91,0.11,98.51,77.48,58.96
2026-06-09 09:40:00,0,149.32,354.32,0.0,43.65,14.84,208.59,0.1,90.23,88.38,59.36
2026-06-09 09:45:00,0,149.32,354.32,0.0,44.19,15.59,234.63,0.08,108.4,79.08,58.92
2026-06-09 09:50:00,0,149.32,354.32,0.0,43.89,15.22,262.72,0.07,116.49,80.56,57.9
2026-06-09 09:55:00,0,149.32,354.32,0.0,43.3,15.82,337.58,0.05,162.95,92.42,58.76
2026-06-09 10:00:00,0,149.32,354.32,0.0,45.39,13.37,243.92,0.08,108.31,78.28,58.07
2026-06-09 10:05:00,0,149.32,354.32,0.0,44.18,14.9,240.44,0.08,110.82,79.31,58.62
2026-06-09 10:10:00,0,149.32,354.32,0.0,44.52,14.7,269.22,0.06,126.7,82.6,58.61
2026-06-09 10:15:00,0,149.32,354.32,0.0,44.19,18.11,255.6,0.09,124.14,83.27,59.48
2026-06-09 10:20:00,0,149.32,354.32,0.0,45.2,16.57,286.04,0.07,129.08,83.82,57.77
2026-06-09 10:25:00,0,149.32,354.32,0.0,44.22,17.1,279.52,0.08,136.68,85.84,57.68
2026-06-09 10:30:00,0,149.32,354.32,0.0,44.47,16.76,242.97,0.08,117.33,81.3,57.97
2026-06-09 10:35:00,0,149.32,354.32,0.0,45.08,16.89,317.8,0.05,153.0,89.97,58.79
2026-06-09 10:40:00,0,149.32,354.32,0.0,45.42,20.69,300.2,0.07,142.08,88.44,57.68
2026-06-09 10:45:00,0,149.32,354.32,0.0,45.07,17.69,278.7,0.07,136.73,86.04,57.61
2026-06-09 10:50:00,0,149.32,354.32,0.0,44.9,18.15,256.5,0.08,120.9,82.55,57.06
2026-06-09 10:55:00,0,149.32,354.32,0.0,44.64,19.95,325.31,0.06,158.31,92.54,57.53
2026-06-09 11:00:00,0,149.32,354.32,0.0,44.33,21.34,264.02,0.09,120.19,83.53,56.95
2026-06-09 11:05:00,0,149.32,354.32,0.0,45.53,19.74,225.88,0.12,112.36,81.4,56.6
2026-06-09 11:10:00,0,149.32,354.32,0.0,44.33,21.73,208.0,0.17,108.65,81.45,55.95
2026-06-09 11:15:00,0,149.32,354.32,0.0,43.94,20.53,342.45,0.05,165.24,94.74,57.02
2026-06-09 11:20:00,0,149.32,354.32,0.0,45.15,23.12,200.48,0.18,94.76,79.42,57.69
2026-06-09 11:25:00,0,149.32,354.32,0.0,44.93,21.91,293.68,0.08,134.19,86.92,55.76
2026-06-09 11:30:00,0,149.32,354.32,0.0,45.77,25.63,266.78,0.1,129.74,87.21,56.22
2026-06-09 11:35:00,0,149.32,354.32,0.0,45.2,24.23,248.62,0.13,116.59,83.86,55.3
2026-06-09 11:40:00,0,149.32,354.32,0.0,45.26,26.48,240.96,0.14,112.38,83.8,56.51
2026-06-09 11:45:00,0,149.32,354.32,0.0,44.76,25.41,170.16,0.27,82.79,78.49,55.75
2026-06-09 11:50:00,0,149.32,354.32,0.0,44.86,25.47,302.26,0.09,149.28,92.04,55.79
2026-06-09 11:55:00,0,149.32,354.32,0.0,44.5,26.53,256.18,0.12,125.79,86.65,55.19
2026-06-09 12:00:00,0,149.32,354.32,0.0,44.19,27.25,210.88,0.19,94.67,80.87,54.81
2026-06-09 12:05:00,0,149.32,354.32,0.0,44.95,26.71,212.64,0.18,96.67,81.0,54.1
2026-06-09 12:10:00,0,149.32,354.32,0.0,44.38,28.7,296.73,0.1,140.12,90.8,54.46
2026-06-09 12:15:00,0,149.32,354.32,0.0,45.97,28.75,287.27,0.11,133.01,89.09,56.32
2026-06-09 12:20:00,0,149.32,354.32,0.0,44.08,29.2,301.56,0.1,141.1,91.22,54.36
2026-06-09 12:25:00,0,149.32,354.32,0.0,44.24,27.8,257.37,0.13,125.3,101.24,53.92
2026-06-09 12:30:00,0,149.32,354.32,0.0,45.01,30.3,251.24,0.14,112.74,85.21,55.08
2026-06-09 12:35:00,0,149.32,354.32,0.0,44.33,30.22,313.27,0.09,162.15,97.31,56.93
2026-06-09 12:40:00,0,149.32,354.32,0.0,44.34,28.42,221.41,0.19,108.73,83.85,54.25
2026-06-09 12:45:00,0,149.32,354.32,0.0,45.61,32.78,225.64,0.21,109.61,85.59,53.43
2026-06-09 12:50:00,0,149.32,354.32,0.0,44.45,31.65,269.49,0.15,123.53,87.99,54.96
2026-06-09 12:55:00,0,149.32,354.32,0.0,45.31,32.36,309.2,0.1,140.75,92.24,54.3
2026-06-09 13:00:00,0,149.32,354.32,0.0,45.52,30.63,268.32,0.13,130.44,89.18,54.35
2026-06-09 13:05:00,0,149.32,354.32,0.0,44.4,33.46,150.14,0.51,71.3,80.19,54.34
2026-06-09 13:10:00,0,149.32,354.32,0.0,45.45,32.53,258.76,0.17,119.79,87.53,52.79
2026-06-09 13:15:00,0,149.32,354.32,0.0,45.25,31.73,241.45,0.18,111.7,85.58,52.74
2026-06-09 13:20:00,0,149.32,354.32,0.0,45.33,33.51,209.11,0.24,105.77,85.16,54.47
2026-06-09 13:25:00,0,149.32,354.32,0.0,44.52,32.84,186.36,0.29,89.74,82.21,51.56
2026-06-09 13:30:00,0,149.32,354.32,0.0,44.34,33.49,294.66,0.13,141.56,92.9,52.06
2026-06-09 13:35:00,0,149.32,354.32,0.0,43.52,31.04,297.79,0.12,130.16,89.23,53.14
2026-06-09 13:40:00,0,149.32,354.32,0.0,43.41,34.99,248.29,0.17,117.94,87.99,53.23
2026-06-09 13:45:00,0,149.32,354.32,0.0,45.34,33.26,292.76,0.13,141.75,104.8,53.24
2026-06-09 13:50:00,0,149.32,354.32,0.0,43.82,31.85,312.79,0.11,153.05,95.33,51.56
2026-06-09 13:55:00,0,149.32,354.32,0.0,44.4,32.95,246.86,0.17,117.16,87.11,52.41
2026-06-09 14:00:00,0,149.32,354.32,0.0,43.76,34.19,255.04,0.19,111.17,86.35,51.86
2026-06-09 14:05:00,0,149.32,354.32,0.0,44.35,32.47,260.87,0.16,122.54,88.08,52.08
2026-06-09 14:10:00,0,149.32,354.32,0.0,43.95,31.21,251.03,0.17,124.35,88.06,51.61
2026-06-09 14:15:00,0,149.32,354.32,0.0,43.76,32.38,253.07,0.16,112.44,85.91,52.55
2026-06-09 14:20:00,0,149.32,354.32,0.0,44.15,28.69,189.21,0.25,83.38,79.68,52.0
2026-06-09 14:25:00,0,149.32,354.32,0.0,44.0,31.31,291.49,0.12,140.36,91.81,50.4
2026-06-09 14:30:00,0,149.32,354.32,0.0,43.31,34.26,310.32,0.11,145.56,94.16,52.03
2026-06-09 14:35:00,0,149.32,354.32,0.0,44.48,29.9,280.49,0.12,135.34,90.07,50.43
2026-06-09 14:40:00,0,149.32,354.32,0.0,43.76,29.89,284.61,0.12,132.73,89.44,50.41
2026-06-09 14:45:00,0,149.32,354.32,0.0,43.68,30.73,235.76,0.18,107.69,84.44,52.24
2026-06-09 14:50:00,0,149.32,354.32,0.0,43.43,29.54,295.8,0.11,136.75,90.27,50.95
2026-06-09 14:55:00,0,149.32,354.32,0.0,43.95,29.86,214.43,0.21,102.92,83.29,50.77
2026-06-09 15:00:00,0,149.32,354.32,0.0,43.09,30.7,350.48,0.08,163.52,97.85,49.81
2026-06-09 15:05:00,0,149.32,354.32,0.0,42.46,29.11,305.89,0.1,142.22,91.47,49.95
2026-06-09 15:10:00,0,149.32,354.32,0.0,42.88,31.65,208.92,0.23,101.1,83.62,51.02
2026-06-09 15:15:00,0,149.32,354.32,0.0,42.82,29.28,231.35,0.17,105.24,83.44,49.44
2026-06-09 15:20:00,0,149.32,354.32,0.0,42.83,28.82,279.25,0.12,121.9,86.58,50.64
2026-06-09 15:25:00,0,149.32,354.32,0.0,42.99,27.89,342.17,0.08,167.63,98.09,50.8
2026-06-09 15:30:00,0,149.32,354.32,0.0,42.97,29.9,274.75,0.13,124.22,87.49,49.83
2026-06-09 15:35:00,0,149.32,354.32,0.0,41.82,27.34,370.57,0.07,186.57,103.91,47.94
2026-06-09 15:40:00,0,149.32,354.32,0.0,41.41,28.95,301.96,0.09,128.6,88.07,50.0
2026-06-09 15:45:00,0,149.32,354.32,0.0,41.95,28.09,279.47,0.12,139.19,90.39,49.25
2026-06-09 15:50:00,0,149.32,354.32,0.0,42.07,24.94,268.84,0.1,125.17,85.91,49.86
2026-06-09 15:55:00,0,149.32,354.32,0.0,40.79,26.69,335.47,0.08,162.67,96.19,48.48
2026-06-09 16:00:00,0,149.32,354.32,0.0,41.73,25.63,305.04,0.09,145.23,91.01,49.05
2026-06-09 16:05:00,0,149.32,354.32,0.0,41.83,23.85,239.09,0.13,111.75,82.73,49.6
2026-06-09 16:10:00,0,149.32,354.32,0.0,41.17,24.89,210.85,0.19,96.11,80.28,48.27
2026-06-09 16:15:00,0,149.32,354.32,0.0,40.31,26.44,243.95,0.15,116.27,84.6,49.25
2026-06-09 16:20:00,0,149.32,354.32,0.0,41.23,24.74,228.01,0.15,114.83,83.7,49.03
2026-06-09 16:25:00,0,149.32,354.32,0.0,41.19,26.1,320.67,0.08,155.82,94.02,47.83
2026-06-09 16:30:00,0,149.32,354.32,0.0,40.42,23.03,178.75,0.22,88.73,78.46,49.12
2026-06-09 16:35:00,0,149.32,354.32,0.0,40.22,24.19,270.19,0.11,130.37,86.86,47.3
2026-06-09 16:40:00,0,149.32,354.32,0.0,40.41,22.04,212.69,0.15,99.84,96.13,48.7
2026-06-09 16:45:00,0,149.32,354.32,0.0,40.59,20.98,247.05,0.12,119.77,83.37,47.17
2026-06-09 16:50:00,0,149.32,354.32,0.0,40.26,21.43,249.61,0.11,115.26,82.55,47.29
2026-06-09 16:55:00,0,149.32,354.32,0.0,38.71,21.36,189.65,0.2,92.94,78.52,48.25
2026-06-09 17:00:00,0,149.32,354.32,0.0,40.04,20.83,289.42,0.08,129.33,85.38,45.42
2026-06-09 17:05:00,0,149.32,354.32,0.0,39.83,19.79,243.27,0.09,110.9,81.05,45.6
2026-06-09 17:10:00,0,149.32,354.32,0.0,38.45,19.58,263.96,0.08,124.32,83.8,46.78
2026-06-09 17:15:00,0,149.32,354.32,0.0,40.16,14.4,280.86,0.06,138.07,85.19,47.34
2026-06-09 17:20:00,0,149.32,354.32,0.0,39.23,16.4,280.55,0.07,138.15,85.93,46.43
2026-06-09 17:25:00,0,149.32,354.32,0.0,39.29,13.75,261.24,0.06,120.84,80.95,45.41
2026-06-09 17:30:00,0,149.32,354.32,0.0,38.25,13.18,326.63,0.04,155.76,89.4,46.59
2026-06-09 17:35:00,0,149.32,354.32,0.0,38.77,14.71,190.1,0.13,89.41,75.48,46.58
2026-06-09 17:40:00,0,149.32,354.32,0.0,37.92,13.1,209.49,0.1,96.21,93.58,47.64
2026-06-09 17:45:00,0,149.32,354.32,0.0,38.41,14.35,235.8,0.08,110.65,79.07,45.72
2026-06-09 17:50:00,0,149.32,354.32,0.0,37.83,14.06,353.19,0.04,160.98,91.19,46.07
2026-06-09 17:55:00,0,149.32,354.32,0.0,38.32,11.82,211.5,0.09,103.69,76.86,45.61
2026-06-09 18:00:00,0,149.32,354.32,0.0,38.65,14.44,230.28,0.08,107.25,78.44,46.7
2026-06-09 18:05:00,0,149.32,354.32,0.0,37.52,13.18,301.89,0.05,140.47,85.34,45.51
2026-06-09 18:10:00,0,149.32,354.32,0.0,37.88,10.2,306.08,0.03,150.96,87.01,46.77
2026-06-09 18:15:00,0,149.32,354.32,0.0,37.43,14.24,232.05,0.08,120.48,81.08,44.05
2026-06-09 18:20:00,0,149.32,354.32,0.0,37.4,10.48,319.63,0.03,146.74,85.97,45.74
2026-06-09 18:25:00,0,149.32,354.32,0.0,36.93,10.3,284.42,0.04,137.56,83.58,45.9
2026-06-09 18:30:00,0,149.32,354.32,0.0,38.2,9.44,244.81,0.05,118.93,79.0,45.94
2026-06-09 18:35:00,0,149.32,354.32,0.0,36.97,9.89,266.03,0.05,128.79,81.36,46.58
2026-06-09 18:40:00,0,149.32,354.32,0.0,36.49,9.48,224.56,0.06,106.06,76.43,42.9
2026-06-09 18:45:00,0,149.32,354.32,0.0,37.06,8.91,276.35,0.04,132.71,81.92,44.63
2026-06-09 18:50:00,0,149.32,354.32,0.0,36.38,9.13,269.87,0.04,121.7,79.47,44.23
2026-06-09 18:55:00,0,149.32,354.32,0.0,36.74,5.84,268.08,0.03,127.76,79.66,45.14
2026-06-09 19:00:00,0,149.32,354.32,0.0,36.34,7.48,325.39,0.02,158.34,88.09,44.43
2026-06-09 19:05:00,0,149.32,354.32,0.0,36.37,8.32,319.97,0.02,159.47,88.71,44.55
2026-06-09 19:10:00,0,149.32,354.32,0.0,34.9,7.64,245.6,0.04,113.26,77.16,44.8
2026-06-09 19:15:00,0,149.32,354.32,0.0,36.26,7.91,276.35,0.03,123.37,79.4,41.71
2026-06-09 19:20:00,0,149.32,354.32,0.0,35.77,8.19,249.21,0.04,120.4,78.86,43.58
2026-06-09 19:25:00,0,149.32,354.32,0.0,35.29,7.45,253.99,0.04,114.62,77.38,45.12
2026-06-09 19:30:00,0,149.32,354.32,0.0,36.01,6.72,195.71,0.06,93.38,73.18,45.76
2026-06-09 19:35:00,0,149.32,354.32,0.0,35.37,8.23,266.58,0.03,124.53,79.76,43.21
2026-06-09 19:40:00,0,149.32,354.32,0.0,35.34,7.16,205.67,0.05,95.23,73.63,43.65
2026-06-09 19:45:00,0,149.32,354.32,0.0,34.57,5.75,172.44,0.06,82.75,71.16,41.29
2026-06-09 19:50:00,0,149.32,354.32,0.0,34.99,5.07,189.63,0.05,97.12,73.23,44.07
2026-06-09 19:55:00,0,149.32,354.32,0.0,35.09,8.73,269.13,0.04,133.33,82.0,42.83
2026-06-09 20:00:00,0,149.32,354.32,0.0,34.42,6.02,214.49,0.04,101.52,74.33,42.89
2026-06-09 20:05:00,0,149.32,354.32,0.0,33.99,6.86,297.13,0.02,140.5,83.07,42.83
2026-06-09 20:10:00,0,149.32,354.32,0.0,34.27,7.59,271.14,0.03,124.09,79.44,43.56
2026-06-09 20:15:00,0,149.32,354.32,0.0,33.96,6.85,363.1,0.02,166.2,90.16,42.98
2026-06-09 20:20:00,0,149.32,354.32,0.0,33.89,5.95,244.06,0.03,115.65,77.04,42.63
2026-06-09 20:25:00,0,149.32,354.32,0.0,33.94,5.95,264.86,0.03,124.46,78.95,42.15
2026-06-09 20:30:00,0,149.32,354.32,0.0,33.73,8.52,297.45,0.03,135.02,82.31,41.73
2026-06-09 20:35:00,0,149.32,354.32,0.0,33.24,7.34,286.52,0.03,135.39,81.99,42.5
2026-06-09 20:40:00,0,149.32,354.32,0.0,34.34,7.61,211.24,0.05,101.68,74.93,42.81
2026-06-09 20:45:00,0,149.32,354.32,0.0,32.92,8.61,230.86,0.05,115.48,77.98,41.42
2026-06-09 20:50:00,0,149.32,354.32,0.0,33.74,8.5,241.56,0.05,121.29,79.18,40.55
2026-06-09 20:55:00,0,149.32,354.32,0.0,32.59,4.95,241.98,0.03,113.57,76.26,43.44
2026-06-09 21:00:00,0,149.32,354.32,0.0,33.26,8.09,366.36,0.02,171.02,92.06,42.75
2026-06-09 21:05:00,0,149.32,354.32,0.0,31.96,7.28,277.63,0.03,131.55,81.04,42.8
2026-06-09 21:10:00,0,149.32,354.32,0.0,33.2,7.33,318.6,0.02,146.01,84.65,41.46
2026-06-09 21:15:00,0,149.32,354.32,0.0,33.57,8.62,269.35,0.04,125.12,80.05,39.42
2026-06-09 21:20:00,0,149.32,354.32,0.0,33.01,8.21,246.87,0.04,113.51,77.41,41.84
2026-06-09 21:25:00,0,149.32,354.32,0.0,32.67,9.45,190.74,0.09,90.06,73.65,41.05
2026-06-09 21:30:00,0,149.32,354.32,0.0,32.28,10.49,264.32,0.05,130.39,81.93,42.08
2026-06-09 21:35:00,0,149.32,354.32,0.0,31.98,9.04,275.54,0.04,133.58,82.16,41.9
2026-06-09 21:40:00,0,149.32,354.32,0.0,32.68,8.39,261.08,0.04,125.66,80.09,40.79
2026-06-09 21:45:00,0,149.32,354.32,0.0,33.13,10.02,239.02,0.05,110.66,77.49,40.34
2026-06-09 21:50:00,0,149.32,354.32,0.0,32.41,9.71,207.19,0.08,96.26,74.76,41.5
2026-06-09 21:55:00,0,149.32,354.32,0.0,31.66,10.5,303.1,0.04,154.23,88.02,39.11
2026-06-09 22:00:00,0,149.32,354.32,0.0,31.04,10.39,265.83,0.05,133.41,82.61,38.54
2026-06-09 22:05:00,0,149.32,354.32,0.0,31.93,12.31,298.68,0.04,134.61,83.56,39.24
2026-06-09 22:10:00,0,149.32,354.32,0.0,32.24,12.1,262.65,0.06,133.38,83.23,40.03
2026-06-09 22:15:00,0,149.32,354.32,0.0,32.07,11.3,265.99,0.05,129.0,81.89,39.3
2026-06-09 22:20:00,0,149.32,354.32,0.0,31.94,13.26,276.69,0.05,132.15,83.32,40.55
2026-06-09 22:25:00,0,149.32,354.32,0.0,31.74,11.48,187.95,0.1,92.16,74.72,38.29
2026-06-09 22:30:00,0,149.32,354.32,0.0,31.24,13.19,242.54,0.08,116.81,79.92,40.0
2026-06-09 22:35:00,0,149.32,354.32,0.0,31.23,13.73,213.08,0.1,101.21,77.08,37.73
2026-06-09 22:40:00,0,149.32,354.32,0.0,30.75,11.85,225.8,0.07,107.9,77.62,39.76
2026-06-09 22:45:00,0,149.32,354.32,0.0,31.03,13.27,230.82,0.08,108.41,78.24,38.27
2026-06-09 22:50:00,0,149.32,354.32,0.0,31.75,15.12,291.95,0.05,139.31,85.72,39.73
2026-06-09 22:55:00,0,149.32,354.32,0.0,30.57,13.39,223.92,0.08,105.72,94.29,37.81
2026-06-09 23:00:00,0,149.32,354.32,0.0,31.59,16.12,220.02,0.11,107.69,79.16,38.3
2026-06-09 23:05:00,0,149.32,354.32,0.0,30.98,15.12,214.54,0.11,102.06,77.75,37.89
2026-06-09 23:10:00,0,149.32,354.32,0.0,31.57,14.53,246.78,0.08,116.46,80.31,38.27
2026-06-09 23:15:00,0,149.32,354.32,0.0,31.2,14.96,182.56,0.14,83.5,74.65,39.55
2026-06-09 23:20:00,0,149.32,354.32,0.0,30.75,17.49,221.02,0.11,106.56,79.42,38.54
2026-06-09 23:25:00,0,149.32,354.32,0.0,31.62,18.25,210.14,0.12,96.15,77.81,38.83
2026-06-09 23:30:00,0,149.32,354.32,0.0,31.08,18.82,269.66,0.08,126.42,83.99,38.92
2026-06-09 23:35:00,0,149.32,354.32,0.0,31.08,18.37,283.07,0.07,135.88,86.04,36.68
2026-06-09 23:40:00,0,149.32,354.32,0.0,31.58,18.88,284.86,0.07,136.23,86.31,36.49
2026-06-09 23:45:00,0,149.32,354.32,0.0,31.04,19.25,155.61,0.25,78.98,75.71,38.2
2026-06-09 23:50:00,0,149.32,354.32,0.0,31.15,19.91,176.0,0.22,81.91,76.31,36.4
2026-06-09 23:55:00,0,149.32,354.32,0.0,31.17,19.17,168.75,0.22,75.74,75.17,35.64
2026-06-10 00:00:00,0,193.31,301.53,0.0,31.4,19.74,248.33,0.1,115.31,81.93,37.29
2026-06-10 00:05:00,0,193.31,301.53,0.0,31.36,20.15,182.01,0.19,84.57,76.73,38.01
2026-06-10 00:10:00,0,193.31,301.53,0.0,30.08,19.7,258.36,0.09,119.22,82.72,34.96
2026-06-10 00:15:00,0,193.31,301.53,0.0,30.66,21.57,298.18,0.08,152.82,91.58,36.83
2026-06-10 00:20:00,0,193.31,301.53,0.0,30.96,19.9,286.74,0.08,132.51,85.78,36.49
2026-06-10 00:25:00,0,193.31,301.53,0.0,31.58,19.97,264.63,0.09,129.45,85.11,34.86
2026-06-10 00:30:00,0,193.31,301.53,0.0,31.35,20.62,284.25,0.08,139.06,87.64,37.68
2026-06-10 00:35:00,0,193.31,301.53,0.0,31.26,21.03,272.72,0.09,121.78,83.75,36.7
2026-06-10 00:40:00,0,193.31,301.53,0.0,31.7,20.67,200.5,0.16,94.34,78.42,36.47
2026-06-10 00:45:00,0,193.31,301.53,0.0,31.22,21.9,342.34,0.07,156.37,92.67,35.27
2026-06-10 00:50:00,0,193.31,301.53,0.0,30.78,22.93,278.87,0.09,134.88,87.44,36.25
2026-06-10 00:55:00,0,193.31,301.53,0.0,30.45,23.14,286.29,0.08,126.65,85.55,36.58
2026-06-10 01:00:00,0,193.31,301.53,0.0,31.64,22.16,314.32,0.08,146.42,90.07,36.22
2026-06-10 01:05:00,0,193.31,301.53,0.0,30.96,22.65,298.23,0.07,141.48,88.94,34.11
2026-06-10 01:10:00,0,193.31,301.53,0.0,31.22,23.19,239.53,0.12,114.43,83.0,34.69
2026-06-10 01:15:00,0,193.31,301.53,0.0,32.26,23.6,245.38,0.12,111.36,82.52,34.71
2026-06-10 01:20:00,0,193.31,301.53,0.0,31.6,24.96,208.55,0.17,91.19,79.42,35.26
2026-06-10 01:25:00,0,193.31,301.53,0.0,31.32,22.41,212.17,0.14,99.01,79.8,34.67
2026-06-10 01:30:00,0,193.31,301.53,0.0,31.65,24.43,304.4,0.09,139.93,89.21,35.3
2026-06-10 01:35:00,0,193.31,301.53,0.0,30.97,24.64,237.03,0.14,113.51,83.36,33.22
2026-06-10 01:40:00,0,193.31,301.53,0.0,32.06,22.09,304.48,0.07,147.28,90.26,35.29
2026-06-10 01:45:00,0,193.31,301.53,0.0,30.9,23.01,237.78,0.13,113.38,82.74,34.15
2026-06-10 01:50:00,0,193.31,301.53,0.0,31.82,23.88,187.28,0.21,89.05,95.51,34.3
2026-06-10 01:55:00,0,193.31,301.53,0.0,31.76,23.18,250.12,0.12,121.17,84.43,35.06
2026-06-10 02:00:00,0,193.31,301.53,0.0,31.82,23.67,282.76,0.1,135.55,87.88,33.19
2026-06-10 02:05:00,0,193.31,301.53,0.0,32.76,23.78,217.8,0.15,106.25,81.64,33.57
2026-06-10 02:10:00,0,193.31,301.53,0.0,32.33,23.38,266.98,0.11,129.27,86.3,34.1
2026-06-10 02:15:00,0,193.31,301.53,0.0,31.67,21.47,229.31,0.13,96.53,79.02,33.12
2026-06-10 02:20:00,0,193.31,301.53,0.0,32.2,23.7,281.24,0.1,135.4,100.49,33.78
2026-06-10 02:25:00,0,193.31,301.53,0.0,32.77,23.75,236.5,0.14,110.66,82.47,33.31
2026-06-10 02:30:00,0,193.31,301.53,0.0,32.94,22.65,224.28,0.14,112.75,82.51,32.32
2026-06-10 02:35:00,0,193.31,301.53,0.0,33.05,23.65,287.28,0.09,145.85,90.46,32.25
2026-06-10 02:40:00,0,193.31,301.53,0.0,32.63,22.21,296.32,0.08,144.35,89.55,33.41
2026-06-10 02:45:00,0,193.31,301.53,0.0,32.34,22.88,310.73,0.08,133.91,87.17,31.45
2026-06-10 02:50:00,0,193.31,301.53,0.0,33.79,22.8,212.86,0.15,93.69,79.04,32.36
2026-06-10 02:55:00,0,193.31,301.53,0.0,33.43,22.87,254.31,0.11,119.93,84.03,33.41
2026-06-10 03:00:00,0,193.31,301.53,0.0,32.96,19.27,230.89,0.11,109.37,80.59,31.33
2026-06-10 03:05:00,0,193.31,301.53,0.0,32.55,19.16,193.61,0.16,92.82,77.64,34.48
2026-06-10 03:10:00,0,193.31,301.53,0.0,33.73,19.1,165.31,0.23,73.83,74.91,33.49
2026-06-10 03:15:00,0,193.31,301.53,0.0,33.54,19.32,289.02,0.07,131.28,85.28,34.4
2026-06-10 03:20:00,0,193.31,301.53,0.0,34.27,18.48,270.1,0.08,132.24,85.23,31.28
2026-06-10 03:25:00,0,193.31,301.53,0.0,33.29,19.1,314.19,0.06,135.93,86.3,32.08
2026-06-10 03:30:00,0,193.31,301.53,0.0,34.22,17.25,335.16,0.05,166.58,93.97,31.74
2026-06-10 03:35:00,0,193.31,301.53,0.0,34.46,17.53,195.81,0.15,95.36,77.49,30.4
2026-06-10 03:40:00,0,193.31,301.53,0.0,34.36,17.88,298.72,0.07,143.64,87.83,31.44
2026-06-10 03:45:00,0,193.31,301.53,0.0,33.95,18.81,313.36,0.06,139.06,86.97,30.61
2026-06-10 03:50:00,0,193.31,301.53,0.0,33.01,18.62,225.99,0.11,109.32,91.49,30.87
2026-06-10 03:55:00,0,193.31,301.53,0.0,34.64,14.61,231.13,0.09,105.4,78.16,29.88
2026-06-10 04:00:00,0,193.31,301.53,0.0,34.56,16.16,308.53,0.05,150.01,88.87,29.6
2026-06-10 04:05:00,0,193.31,301.53,0.0,34.79,15.44,279.92,0.06,131.83,84.03,31.28
2026-06-10 04:10:00,0,193.31,301.53,0.0,34.67,15.94,208.07,0.11,99.88,77.64,30.68
2026-06-10 04:15:00,0,193.31,301.53,0.0,34.3,16.24,305.9,0.05,151.63,89.34,29.58
2026-06-10 04:20:00,0,193.31,301.53,0.0,34.86,15.29,364.47,0.04,156.96,90.47,29.89
2026-06-10 04:25:00,0,193.31,301.53,0.0,34.94,14.86,255.21,0.07,116.92,80.51,28.9
2026-06-10 04:30:00,0,193.31,301.53,0.0,34.69,14.24,307.35,0.05,146.79,87.34,31.02
2026-06-10 04:35:00,0,193.31,301.53,0.0,35.92,12.99,231.57,0.08,104.04,77.31,29.95
2026-06-10 04:40:00,0,193.31,301.53,0.0,35.63,13.52,279.73,0.05,133.11,83.65,29.0
2026-06-10 04:45:00,0,193.31,301.53,0.0,36.11,14.57,232.46,0.09,101.76,77.46,28.6
2026-06-10 04:50:00,0,193.31,301.53,0.0,34.67,12.61,331.15,0.04,155.69,89.17,28.36
2026-06-10 04:55:00,0,193.31,301.53,0.0,35.94,12.19,267.48,0.05,123.33,80.92,30.6
2026-06-10 05:00:00,0,193.31,301.53,0.0,36.31,13.59,284.67,0.06,126.09,82.05,29.78
2026-06-10 05:05:00,0,193.31,301.53,0.0,36.11,12.0,223.79,0.08,105.02,77.15,28.66
2026-06-10 05:10:00,0,193.31,301.53,0.0,36.25,11.24,239.4,0.06,121.16,80.13,29.58
2026-06-10 05:15:00,0,193.31,301.53,0.0,36.54,11.14,296.81,0.04,142.29,85.07,29.24
2026-06-10 05:20:00,0,193.31,301.53,0.0,36.93,11.98,249.57,0.06,127.8,81.88,28.77
2026-06-10 05:25:00,0,193.31,301.53,0.0,36.27,11.72,312.32,0.04,146.02,86.24,29.01
2026-06-10 05:30:00,0,193.31,301.53,0.0,37.14,9.44,339.33,0.03,166.94,91.32,30.07
2026-06-10 05:35:00,0,193.31,301.53,0.0,37.67,8.65,237.54,0.05,106.32,76.17,29.72
2026-06-10 05:40:00,0,193.31,301.53,0.0,37.18,8.83,306.22,0.03,146.11,85.23,27.75
2026-06-10 05:45:00,0,193.31,301.53,0.0,37.81,10.01,206.94,0.08,99.29,75.4,28.0
2026-06-10 05:50:00,0,193.31,301.53,0.0,38.7,9.37,286.12,0.03,127.82,80.92,26.89
2026-06-10 05:55:00,0,193.31,301.53,0.0,38.08,8.55,255.92,0.04,125.83,80.19,27.65
2026-06-10 06:00:00,0,193.31,301.53,0.0,38.14,7.46,336.05,0.02,157.22,87.77,29.03
2026-06-10 06:05:00,0,193.31,301.53,0.0,37.66,7.98,196.92,0.07,98.23,74.49,26.71
2026-06-10 06:10:00,0,193.31,301.53,0.0,37.74,6.85,211.37,0.05,98.14,74.04,26.03
2026-06-10 06:15:00,0,193.31,301.53,0.0,37.74,6.84,210.98,0.05,97.32,73.89,28.35
2026-06-10 06:20:00,0,193.31,301.53,0.0,38.0,6.79,262.36,0.03,125.48,79.48,26.78
2026-06-10 06:25:00,0,193.31,301.53,0.0,40.24,7.05,224.4,0.04,108.66,76.05,25.39
2026-06-10 06:30:00,0,193.31,301.53,0.0,39.05,7.38,383.58,0.02,188.33,97.42,27.58
2026-06-10 06:35:00,0,193.31,301.53,0.0,39.21,7.05,217.25,0.05,104.38,75.25,25.95
2026-06-10 06:40:00,0,193.31,301.53,0.0,38.95,6.28,338.45,0.02,150.18,85.41,25.92
2026-06-10 06:45:00,0,193.31,301.53,0.0,39.76,5.36,273.87,0.02,126.64,79.22,26.63
2026-06-10 06:50:00,0,193.31,301.53,0.0,39.34,7.23,224.71,0.05,107.6,75.92,26.53
2026-06-10 06:55:00,0,193.31,301.53,0.0,39.79,4.93,222.06,0.03,106.3,74.83,26.01
2026-06-10 07:00:00,0,193.31,301.53,0.0,39.17,4.47,176.79,0.05,88.7,71.62,25.82
2026-06-10 07:05:00,0,193.31,301.53,0.0,39.29,5.28,332.1,0.02,165.57,89.43,26.56
2026-06-10 07:10:00,0,193.31,301.53,0.0,39.98,5.04,244.25,0.03,117.94,77.22,26.36
2026-06-10 07:15:00,0,193.31,301.53,0.0,40.43,5.33,272.36,0.02,125.96,79.06,27.07
2026-06-10 07:20:00,0,193.31,301.53,0.0,40.59,5.28,216.98,0.03,109.46,75.57,26.81
2026-06-10 07:25:00,0,193.31,301.53,0.0,40.4,4.97,285.03,0.02,128.05,96.31,25.6
2026-06-10 07:30:00,0,193.31,301.53,0.0,40.52,6.18,250.81,0.03,124.64,79.08,24.88
2026-06-10 07:35:00,0,193.31,301.53,0.0,40.82,4.65,233.26,0.03,112.42,75.94,25.27
2026-06-10 07:40:00,0,193.31,301.53,0.0,41.06,5.27,300.45,0.02,137.19,81.7,24.6
2026-06-10 07:45:00,0,193.31,301.53,0.0,41.23,4.34,198.63,0.03,97.28,72.97,26.53
2026-06-10 07:50:00,0,193.31,301.53,0.0,40.76,4.77,255.64,0.02,122.64,78.12,25.93
2026-06-10 07:55:00,0,193.31,301.53,0.0,41.86,4.68,206.91,0.03,97.66,73.16,25.33
2026-06-10 08:00:00,0,193.31,301.53,0.0,40.88,4.6,254.15,0.02,119.04,77.28,25.74
2026-06-10 08:05:00,0,193.31,301.53,0.0,41.33,3.86,333.59,0.01,154.37,85.7,25.57
2026-06-10 08:10:00,0,193.31,301.53,0.0,41.35,4.58,326.63,0.01,167.56,89.77,23.55
2026-06-10 08:15:00,0,193.31,301.53,0.0,42.35,4.2,196.8,0.03,88.93,71.53,23.13
2026-06-10 08:20:00,0,193.31,301.53,0.0,42.75,5.2,254.19,0.03,125.87,79.02,23.61
2026-06-10 08:25:00,0,193.31,301.53,0.0,42.09,3.21,232.11,0.02,116.01,76.15,24.97
2026-06-10 08:30:00,0,193.31,301.53,0.0,42.78,3.56,273.91,0.01,120.61,77.24,24.92
2026-06-10 08:35:00,0,193.31,301.53,0.0,41.55,6.21,229.9,0.04,110.13,76.05,22.31
2026-06-10 08:40:00,0,193.31,301.53,0.0,41.95,3.97,259.68,0.02,123.01,77.93,26.67
2026-06-10 08:45:00,0,193.31,301.53,0.0,42.63,5.18,158.88,0.06,74.83,69.85,23.65
2026-06-10 08:50:00,0,193.31,301.53,0.0,43.33,3.92,255.44,0.02,121.35,77.55,22.46
2026-06-10 08:55:00,0,193.31,301.53,0.0,42.36,4.69,317.86,0.01,141.23,82.49,23.28
2026-06-10 09:00:00,0,193.31,301.53,0.0,42.81,6.03,284.52,0.02,130.37,80.33,23.28
2026-06-10 09:05:00,0,193.31,301.53,0.0,43.02,4.84,260.84,0.02,133.41,80.63,23.54
2026-06-10 09:10:00,0,193.31,301.53,0.0,43.22,5.68,216.48,0.04,96.96,73.41,22.89
2026-06-10 09:15:00,0,193.31,301.53,0.0,43.78,4.75,149.95,0.06,66.83,68.68,24.56
2026-06-10 09:20:00,0,193.31,301.53,0.0,43.5,7.72,303.14,0.03,142.26,83.86,22.67
2026-06-10 09:25:00,0,193.31,301.53,0.0,43.37,7.35,235.75,0.04,112.67,76.96,20.52
2026-06-10 09:30:00,0,193.31,301.53,0.0,43.52,6.0,333.35,0.02,160.34,88.16,21.89
2026-06-10 09:35:00,0,193.31,301.53,0.0,43.2,6.47,308.37,0.02,138.94,82.56,22.21
2026-06-10 09:40:00,0,193.31,301.53,0.0,42.64,7.04,322.6,0.02,153.75,86.66,23.35
2026-06-10 09:45:00,0,193.31,301.53,0.0,43.48,7.61,304.33,0.03,150.36,85.95,22.72
2026-06-10 09:50:00,0,193.31,301.53,0.0,44.25,7.41,213.4,0.05,102.86,75.1,20.76
2026-06-10 09:55:00,0,193.31,301.53,0.0,43.56,6.74,227.83,0.04,112.88,76.79,22.32
2026-06-10 10:00:00,0,193.31,301.53,0.0,44.04,7.68,217.18,0.05,97.87,74.29,20.23
2026-06-10 10:05:00,0,193.31,301.53,0.0,44.49,8.21,304.59,0.03,148.51,85.67,22.33
2026-06-10 10:10:00,0,193.31,301.53,0.0,43.77,8.93,264.72,0.04,118.27,78.68,21.55
2026-06-10 10:15:00,0,193.31,301.53,0.0,44.18,7.82,299.08,0.03,147.87,85.36,21.77
2026-06-10 10:20:00,0,193.31,301.53,0.0,44.1,10.33,204.93,0.08,92.78,74.41,21.21
2026-06-10 10:25:00,0,193.31,301.53,0.0,45.1,9.46,252.86,0.04,118.74,78.97,21.12
2026-06-10 10:30:00,0,193.31,301.53,0.0,44.48,7.41,313.13,0.02,156.44,87.54,20.92
2026-06-10 10:35:00,0,193.31,301.53,0.0,44.91,8.39,290.79,0.03,134.81,82.24,20.48
2026-06-10 10:40:00,0,193.31,301.53,0.0,44.07,9.64,222.52,0.06,104.06,76.12,20.52
2026-06-10 10:45:00,0,193.31,301.53,0.0,45.33,9.34,329.75,0.02,162.75,90.03,20.34
2026-06-10 10:50:00,0,193.31,301.53,0.0,45.03,9.24,223.56,0.06,104.8,76.12,19.82
2026-06-10 10:55:00,0,193.31,301.53,0.0,45.06,10.24,159.16,0.12,76.75,72.01,21.67
2026-06-10 11:00:00,0,193.31,301.53,0.0,44.58,11.21,251.93,0.05,120.47,79.97,20.42
2026-06-10 11:05:00,0,193.31,301.53,0.0,45.67,11.04,227.79,0.07,102.2,76.29,20.29
2026-06-10 11:10:00,0,193.31,301.53,0.0,44.29,9.63,282.04,0.04,134.52,82.62,21.16
2026-06-10 11:15:00,0,193.31,301.53,0.0,43.75,10.58,242.35,0.06,115.45,78.7,18.97
2026-06-10 11:20:00,0,193.31,301.53,0.0,45.01,10.71,258.44,0.05,124.34,80.65,19.27
2026-06-10 11:25:00,0,193.31,301.53,0.0,45.07,11.62,241.1,0.07,112.52,78.49,18.46
2026-06-10 11:30:00,0,193.31,301.53,0.0,45.2,12.91,201.95,0.1,92.93,75.38,20.49
2026-06-10 11:35:00,0,193.31,301.53,0.0,45.01,12.55,199.97,0.1,96.73,75.9,17.99
2026-06-10 11:40:00,0,193.31,301.53,0.0,45.26,11.84,242.13,0.07,111.23,78.3,19.74
2026-06-10 11:45:00,0,193.31,301.53,0.0,45.37,12.32,214.79,0.08,100.37,76.42,19.06
2026-06-10 11:50:00,0,193.31,301.53,0.0,44.69,13.79,234.44,0.08,110.38,78.83,17.51
2026-06-10 11:55:00,0,193.31,301.53,0.0,46.16,12.65,226.29,0.08,106.03,77.59,18.13
2026-06-10 12:00:00,0,193.31,301.53,0.0,45.22,13.31,323.15,0.04,145.95,86.8,18.6
2026-06-10 12:05:00,0,193.31,301.53,0.0,45.87,12.63,353.36,0.04,169.17,93.14,18.9
2026-06-10 12:10:00,0,193.31,301.53,0.0,45.14,14.02,274.47,0.06,122.83,81.49,18.51
2026-06-10 12:15:00,0,193.31,301.53,0.0,45.65,13.6,227.52,0.08,108.44,78.39,17.03
2026-06-10 12:20:00,0,193.31,301.53,0.0,44.71,13.33,276.95,0.05,128.19,82.44,18.11
2026-06-10 12:25:00,0,193.31,301.53,0.0,44.67,13.25,209.56,0.1,101.37,76.97,17.6
2026-06-10 12:30:00,0,193.31,301.53,0.0,44.48,14.27,250.95,0.07,120.95,81.18,18.41
2026-06-10 12:35:00,0,193.31,301.53,0.0,45.03,13.6,203.81,0.11,98.1,76.52,17.48
2026-06-10 12:40:00,0,193.31,301.53,0.0,44.52,14.42,218.24,0.1,107.96,78.62,17.86
2026-06-10 12:45:00,0,193.31,301.53,0.0,44.83,13.47,298.91,0.05,131.57,83.28,18.02
2026-06-10 12:50:00,0,193.31,301.53,0.0,44.57,15.26,243.46,0.08,115.41,80.37,18.15
2026-06-10 12:55:00,0,193.31,301.53,0.0,44.31,14.9,184.11,0.14,93.76,76.29,17.51
2026-06-10 13:00:00,0,193.31,301.53,0.0,44.41,15.09,253.38,0.07,114.54,80.11,18.26
2026-06-10 13:05:00,0,193.31,301.53,0.0,44.96,14.3,308.2,0.05,147.82,87.66,17.1
2026-06-10 13:10:00,0,193.31,301.53,0.0,44.66,14.51,232.8,0.09,106.16,78.29,17.85
2026-06-10 13:15:00,0,193.31,301.53,0.0,45.42,14.73,258.76,0.07,116.73,80.45,15.46
2026-06-10 13:20:00,0,193.31,301.53,0.0,44.88,14.58,267.74,0.07,121.28,81.37,15.98
2026-06-10 13:25:00,0,193.31,301.53,0.0,43.74,15.27,216.67,0.1,100.94,77.6,16.96
2026-06-10 13:30:00,0,193.31,301.53,0.0,43.45,15.16,337.57,0.04,156.97,90.44,17.52
2026-06-10 13:35:00,0,193.31,301.53,0.0,44.73,15.38,291.24,0.05,139.27,85.82,17.25
2026-06-10 13:40:00,0,193.31,301.53,0.0,43.72,15.25,120.87,0.33,53.12,71.42,17.32
2026-06-10 13:45:00,0,193.31,301.53,0.0,44.66,14.41,325.28,0.04,146.63,87.36,16.47
2026-06-10 13:50:00,0,193.31,301.53,0.0,43.79,14.42,241.34,0.08,113.53,79.69,15.42
2026-06-10 13:55:00,0,193.31,301.53,0.0,44.14,14.6,165.68,0.17,78.1,73.82,15.85
2026-06-10 14:00:00,0,193.31,301.53,0.0,44.14,14.17,214.95,0.1,105.61,78.08,14.66
2026-06-10 14:05:00,0,193.31,301.53,0.0,43.74,13.79,245.04,0.07,116.29,80.02,17.63
2026-06-10 14:10:00,0,193.31,301.53,0.0,44.36,14.51,169.58,0.16,75.9,73.47,16.53
2026-06-10 14:15:00,0,193.31,301.53,0.0,44.11,13.71,263.51,0.06,136.07,84.47,15.83
2026-06-10 14:20:00,0,193.31,301.53,0.0,43.66,14.76,191.67,0.12,95.89,76.56,16.65
2026-06-10 14:25:00,0,193.31,301.53,0.0,43.58,14.13,186.36,0.12,85.24,74.61,14.85
2026-06-10 14:30:00,0,193.31,301.53,0.0,43.02,13.76,220.52,0.09,101.8,77.2,15.47
2026-06-10 14:35:00,0,193.31,301.53,0.0,43.8,13.82,257.27,0.07,125.11,81.95,15.57
2026-06-10 14:40:00,0,193.31,301.53,0.0,42.67,12.94,393.5,0.03,196.61,102.26,15.8
2026-06-10 14:45:00,0,193.31,301.53,0.0,43.84,14.46,254.65,0.07,122.47,81.58,14.37
2026-06-10 14:50:00,0,193.31,301.53,0.0,42.33,13.06,162.81,0.16,79.0,73.39,14.56
2026-06-10 14:55:00,0,193.31,301.53,0.0,43.67,13.12,295.58,0.05,142.23,85.78,15.03
2026-06-10 15:00:00,0,193.31,301.53,0.0,42.95,13.46,290.8,0.05,143.03,86.1,15.33
2026-06-10 15:05:00,0,193.31,301.53,0.0,43.13,12.18,316.16,0.04,147.93,86.92,13.08
2026-06-10 15:10:00,0,193.31,301.53,0.0,42.94,12.17,213.4,0.09,102.59,76.79,14.19
2026-06-10 15:15:00,0,193.31,301.53,0.0,42.61,12.0,262.38,0.05,130.31,82.46,11.94
2026-06-10 15:20:00,0,193.31,301.53,0.0,42.36,12.45,251.89,0.06,119.72,80.25,14.36
2026-06-10 15:25:00,0,193.31,301.53,0.0,42.03,12.03,182.65,0.12,78.46,72.87,15.01
2026-06-10 15:30:00,0,193.31,301.53,0.0,42.85,11.98,269.57,0.05,124.37,81.09,12.41
2026-06-10 15:35:00,0,193.31,301.53,0.0,41.85,11.6,190.05,0.1,89.34,74.32,14.16
2026-06-10 15:40:00,0,193.31,301.53,0.0,41.73,11.12,316.49,0.04,147.3,86.38,13.02
2026-06-10 15:45:00,0,193.31,301.53,0.0,42.66,10.39,257.63,0.05,131.05,82.07,12.01
2026-06-10 15:50:00,0,193.31,301.53,0.0,41.34,11.95,248.3,0.06,118.75,79.87,13.55
2026-06-10 15:55:00,0,193.31,301.53,0.0,42.3,10.07,313.69,0.03,149.22,86.5,12.33
2026-06-10 16:00:00,0,193.31,301.53,0.0,42.06,10.57,303.4,0.04,149.4,103.41,11.89
2026-06-10 16:05:00,0,193.31,301.53,0.0,41.84,11.91,238.9,0.07,111.21,78.32,12.28
2026-06-10 16:10:00,0,193.31,301.53,0.0,40.91,8.82,343.23,0.02,165.53,90.66,12.89
2026-06-10 16:15:00,0,193.31,301.53,0.0,41.49,8.01,213.73,0.06,96.94,74.26,13.84
2026-06-10 16:20:00,0,193.31,301.53,0.0,41.13,8.26,332.2,0.02,156.92,87.97,12.87
2026-06-10 16:25:00,0,193.31,301.53,0.0,40.59,7.62,251.36,0.04,119.16,78.4,11.47
2026-06-10 16:30:00,0,193.31,301.53,0.0,40.35,7.09,162.93,0.08,76.06,70.72,12.86
2026-06-10 16:35:00,0,193.31,301.53,0.0,40.33,7.4,199.0,0.06,98.27,74.28,10.68
2026-06-10 16:40:00,0,193.31,301.53,0.0,40.89,6.92,173.51,0.07,82.47,71.56,12.84
2026-06-10 16:45:00,0,193.31,301.53,0.0,39.47,6.68,233.62,0.04,109.15,76.01,11.07
2026-06-10 16:50:00,0,193.31,301.53,0.0,40.08,6.6,237.15,0.04,106.84,75.54,11.8
2026-06-10 16:55:00,0,193.31,301.53,0.0,40.07,6.47,238.7,0.04,124.79,79.23,11.35
2026-06-10 17:00:00,0,193.31,301.53,0.0,39.47,6.38,277.73,0.03,132.13,80.88,12.15
2026-06-10 17:05:00,0,193.31,301.53,0.0,38.8,5.82,208.81,0.04,99.21,73.85,10.02
2026-06-10 17:10:00,0,193.31,301.53,0.0,39.43,5.77,298.28,0.02,145.76,84.05,10.89
2026-06-10 17:15:00,0,193.31,301.53,0.0,39.55,5.78,251.71,0.03,121.31,78.2,11.31
2026-06-10 17:20:00,0,193.31,301.53,0.0,39.35,5.73,210.92,0.04,99.68,73.9,10.11
2026-06-10 17:25:00,0,193.31,301.53,0.0,38.79,4.81,239.55,0.03,107.73,75.06,10.57
2026-06-10 17:30:00,0,193.31,301.53,0.0,39.07,5.0,228.81,0.03,121.48,77.97,11.37
2026-06-10 17:35:00,0,193.31,301.53,0.0,38.14,5.15,276.76,0.02,132.19,80.44,10.96
2026-06-10 17:40:00,0,193.31,301.53,0.0,38.41,4.85,246.05,0.03,110.03,75.52,9.81
2026-06-10 17:45:00,0,193.31,301.53,0.0,38.13,4.76,259.73,0.02,114.14,76.3,9.56
2026-06-10 17:50:00,0,193.31,301.53,0.0,37.91,4.66,299.58,0.02,144.45,83.32,11.39
2026-06-10 17:55:00,0,193.31,301.53,0.0,37.83,4.62,250.1,0.03,122.22,77.99,10.34
2026-06-10 18:00:00,0,193.31,301.53,0.0,38.39,4.47,196.18,0.04,93.58,72.4,9.59
2026-06-10 18:05:00,0,193.31,301.53,0.0,37.32,3.76,267.01,0.02,126.24,78.57,10.12
2026-06-10 18:10:00,0,193.31,301.53,0.0,37.15,3.62,142.79,0.05,68.83,68.5,11.88
2026-06-10 18:15:00,0,193.31,301.53,0.0,37.37,3.59,199.0,0.03,86.75,70.96,9.25
2026-06-10 18:20:00,0,193.31,301.53,0.0,37.28,3.54,221.23,0.02,109.06,74.85,9.62
2026-06-10 18:25:00,0,193.31,301.53,0.0,37.72,3.18,198.81,0.03,89.68,71.28,9.45
2026-06-10 18:30:00,0,193.31,301.53,0.0,37.83,2.74,267.73,0.01,119.24,76.65,10.75
2026-06-10 18:35:00,0,193.31,301.53,0.0,36.9,3.25,301.6,0.01,146.0,83.21,7.2
2026-06-10 18:40:00,0,193.31,301.53,0.0,37.27,2.55,249.48,0.01,128.7,78.69,8.38
2026-06-10 18:45:00,0,193.31,301.53,0.0,36.34,2.09,312.97,0.01,157.47,85.94,10.36
2026-06-10 18:50:00,0,193.31,301.53,0.0,36.67,2.55,190.73,0.02,88.82,70.9,8.7
2026-06-10 18:55:00,0,193.31,301.53,0.0,35.42,2.3,245.31,0.01,108.33,74.25,8.77
2026-06-10 19:00:00,0,193.31,301.53,0.0,35.36,2.73,264.25,0.01,128.12,78.61,8.86
2026-06-10 19:05:00,0,193.31,301.53,0.0,35.56,2.38,288.7,0.01,131.11,79.19,7.48
2026-06-10 19:10:00,0,193.31,301.53,0.0,35.58,2.69,226.52,0.02,101.91,73.19,8.15
2026-06-10 19:15:00,0,193.31,301.53,0.0,35.07,2.61,193.81,0.02,85.63,70.42,8.3
2026-06-10 19:20:00,0,193.31,301.53,0.0,35.38,1.54,185.33,0.01,79.56,69.12,7.08
2026-06-10 19:25:00,0,193.31,301.53,0.0,35.24,2.04,248.19,0.01,113.65,75.22,6.46
2026-06-10 19:30:00,0,193.31,301.53,0.0,35.05,2.0,285.53,0.01,125.59,77.78,9.36
2026-06-10 19:35:00,0,193.31,301.53,0.0,35.21,1.55,328.0,0.0,151.28,84.01,7.54
2026-06-10 19:40:00,0,193.31,301.53,0.0,36.02,1.98,304.86,0.01,143.94,82.23,7.84
2026-06-10 19:45:00,0,193.31,301.53,0.0,35.51,1.57,273.56,0.01,130.55,78.78,8.21
2026-06-10 19:50:00,0,193.31,301.53,0.0,35.07,2.18,267.08,0.01,126.56,78.06,7.49
2026-06-10 19:55:00,0,193.31,301.53,0.0,34.38,2.42,290.27,0.01,149.02,83.72,6.46
2026-06-10 20:00:00,0,193.31,301.53,0.0,34.44,1.53,346.43,0.0,161.27,86.81,5.91
2026-06-10 20:05:00,0,193.31,301.53,0.0,33.86,1.91,256.24,0.01,115.52,75.56,6.32
2026-06-10 20:10:00,0,193.31,301.53,0.0,34.0,1.94,305.34,0.01,142.59,81.86,5.81
2026-06-10 20:15:00,0,193.31,301.53,0.0,34.16,2.06,220.27,0.01,100.96,72.78,7.91
2026-06-10 20:20:00,0,193.31,301.53,0.0,34.44,1.63,267.0,0.01,135.12,79.89,8.22
2026-06-10 20:25:00,0,193.31,301.53,0.0,33.89,1.32,318.06,0.0,145.49,82.37,6.21
2026-06-10 20:30:00,0,193.31,301.53,0.0,33.72,1.76,226.69,0.01,112.54,74.9,6.86
2026-06-10 20:35:00,0,193.31,301.53,0.0,34.5,1.75,239.17,0.01,115.83,75.57,6.08
2026-06-10 20:40:00,0,193.31,301.53,0.0,34.33,1.64,180.6,0.01,83.72,69.76,7.54
2026-06-10 20:45:00,0,193.31,301.53,0.0,33.49,1.55,282.37,0.01,134.87,79.8,6.19
2026-06-10 20:50:00,0,193.31,301.53,0.0,34.22,1.87,309.2,0.01,143.17,81.99,4.54
2026-06-10 20:55:00,0,193.31,301.53,0.0,32.39,1.46,233.52,0.01,110.08,74.3,6.63
2026-06-10 21:00:00,0,193.31,301.53,0.0,33.0,2.14,228.05,0.01,107.66,74.06,6.37
2026-06-10 21:05:00,0,193.31,301.53,0.0,32.6,1.27,208.09,0.01,94.9,84.37,7.71
2026-06-10 21:10:00,0,193.31,301.53,0.0,32.96,1.7,253.19,0.01,109.81,74.33,4.42
2026-06-10 21:15:00,0,193.31,301.53,0.0,33.09,1.95,341.11,0.01,168.15,89.01,4.96
2026-06-10 21:20:00,0,193.31,301.53,0.0,32.82,1.88,227.17,0.01,110.39,74.5,5.55
2026-06-10 21:25:00,0,193.31,301.53,0.0,33.16,1.79,210.91,0.01,106.46,73.71,5.62
2026-06-10 21:30:00,0,193.31,301.53,0.0,31.88,1.85,183.07,0.02,85.23,70.08,3.26
2026-06-10 21:35:00,0,193.31,301.53,0.0,32.21,1.99,336.4,0.01,149.54,83.7,4.9
2026-06-10 21:40:00,0,193.31,301.53,0.0,32.03,1.92,211.62,0.01,98.19,72.23,4.71
2026-06-10 21:45:00,0,193.31,301.53,0.0,31.95,1.86,237.63,0.01,106.43,73.73,4.91
2026-06-10 21:50:00,0,193.31,301.53,0.0,33.08,2.19,163.87,0.02,73.31,68.5,4.44
2026-06-10 21:55:00,0,193.31,301.53,0.0,32.46,2.09,264.84,0.01,119.42,76.45,3.94
2026-06-10 22:00:00,0,193.31,301.53,0.0,31.8,1.98,269.69,0.01,127.79,78.27,4.88
2026-06-10 22:05:00,0,193.31,301.53,0.0,31.85,2.0,317.03,0.01,151.26,100.57,4.23
2026-06-10 22:10:00,0,193.31,301.53,0.0,31.75,2.39,291.84,0.01,144.13,82.41,2.28
2026-06-10 22:15:00,0,193.31,301.53,0.0,32.16,1.83,219.96,0.01,104.84,73.41,3.34
2026-06-10 22:20:00,0,193.31,301.53,0.0,30.97,1.92,246.81,0.01,121.36,76.81,2.53
2026-06-10 22:25:00,0,193.31,301.53,0.0,30.19,2.12,304.05,0.01,146.39,82.91,2.0
2026-06-10 22:30:00,0,193.31,301.53,0.0,32.25,1.88,234.44,0.01,105.93,73.64,2.95
2026-06-10 22:35:00,0,193.31,301.53,0.0,32.4,2.04,232.76,0.01,107.3,73.96,3.93
2026-06-10 22:40:00,0,193.31,301.53,0.0,31.86,2.21,269.94,0.01,118.12,76.21,3.72
2026-06-10 22:45:00,0,193.31,301.53,0.0,30.98,2.05,234.73,0.01,112.74,75.03,2.89
2026-06-10 22:50:00,0,193.31,301.53,0.0,30.88,2.01,232.2,0.01,113.54,75.18,1.33
2026-06-10 22:55:00,0,193.31,301.53,0.0,31.05,2.03,241.11,0.01,105.44,73.59,2.84
2026-06-10 23:00:00,0,193.31,301.53,0.0,31.02,2.09,248.29,0.01,115.35,75.58,1.85
2026-06-10 23:05:00,0,193.31,301.53,0.0,30.93,2.13,310.28,0.01,141.68,81.69,1.21
2026-06-10 23:10:00,0,193.31,301.53,0.0,30.98,2.04,296.51,0.01,146.86,83.0,2.21
2026-06-10 23:15:00,0,193.31,301.53,0.0,31.47,1.81,238.02,0.01,111.16,74.63,2.06
2026-06-10 23:20:00,0,193.31,301.53,0.0,30.77,2.12,227.44,0.01,106.69,73.86,4.26
2026-06-10 23:25:00,0,193.31,301.53,0.0,30.52,1.9,160.97,0.02,71.76,68.2,2.46
2026-06-10 23:30:00,0,193.31,301.53,0.0,31.13,1.89,325.32,0.01,156.56,85.6,2.87
2026-06-10 23:35:00,0,193.31,301.53,0.0,30.61,1.74,293.36,0.01,143.9,82.12,0.78
2026-06-10 23:40:00,0,193.31,301.53,0.0,31.35,1.9,234.67,0.01,109.75,74.39,2.61
2026-06-10 23:45:00,0,193.31,301.53,0.0,31.47,1.59,206.28,0.01,101.71,72.75,0.85
2026-06-10 23:50:00,0,193.31,301.53,0.0,31.4,1.6,254.26,0.01,125.37,77.58,2.67
2026-06-10 23:55:00,0,193.31,301.53,0.0,32.06,1.44,197.42,0.01,102.51,72.84,0.94
2026-06-11 00:00:00,0,-275.0,434.38,-0.0,30.9,1.41,316.63,0.0,140.98,81.24,0.17
2026-06-11 00:05:00,0,-275.0,434.38,-0.0,31.66,1.28,300.18,0.0,146.8,82.7,1.43
2026-06-11 00:10:00,0,-275.0,434.38,-0.0,31.41,1.27,265.81,0.01,129.67,78.45,1.42
2026-06-11 00:15:00,0,-275.0,434.38,-0.0,30.97,1.21,260.4,0.01,120.7,76.41,1.17
2026-06-11 00:20:00,0,-275.0,434.38,-0.0,31.84,1.09,355.06,0.0,160.03,101.94,0.0
2026-06-11 00:25:00,0,-275.0,434.38,-0.0,30.78,0.94,232.61,0.01,109.73,74.04,2.49
2026-06-11 00:30:00,0,-275.0,434.38,-0.0,31.09,0.78,199.24,0.01,95.23,71.31,0.0
2026-06-11 00:35:00,0,-275.0,434.38,-0.0,31.98,0.67,160.52,0.01,78.7,68.69,0.3
2026-06-11 00:40:00,0,-275.0,434.38,-0.0,31.06,0.59,198.82,0.0,89.15,70.22,1.62
2026-06-11 00:45:00,0,-275.0,434.38,-0.0,30.01,0.46,249.25,0.0,114.91,74.9,0.0
2026-06-11 00:50:00,0,-275.0,434.38,-0.0,31.34,0.34,263.93,0.0,132.07,89.11,0.94
2026-06-11 00:55:00,0,-275.0,434.38,-0.0,30.99,0.17,306.12,0.0,132.88,78.81,0.31
2026-06-11 01:00:00,0,-275.0,434.38,-0.0,31.36,0.03,224.63,0.0,101.16,72.08,0.92
2026-06-11 01:05:00,0,-275.0,434.38,-0.0,31.26,0.0,195.72,0.0,88.0,69.83,0.0
2026-06-11 01:10:00,0,-275.0,434.38,-0.0,31.63,0.0,173.86,0.0,81.71,68.87,0.94
2026-06-11 01:15:00,0,-275.0,434.38,-0.0,30.83,0.0,294.88,0.0,134.95,79.25,0.47
2026-06-11 01:20:00,0,-275.0,434.38,-0.0,31.12,0.0,245.3,0.0,124.16,76.73,0.0
2026-06-11 01:25:00,0,-275.0,434.38,-0.0,32.11,0.0,255.04,0.0,121.4,76.12,0.0
2026-06-11 01:30:00,0,-275.0,434.38,-0.0,31.19,0.0,271.98,0.0,129.65,77.99,0.0
2026-06-11 01:35:00,0,-275.0,434.38,-0.0,31.81,0.0,314.34,0.0,148.0,82.57,0.07
2026-06-11 01:40:00,0,-275.0,434.38,-0.0,31.48,0.0,243.98,0.0,105.36,72.85,0.0
2026-06-11 01:45:00,0,-275.0,434.38,-0.0,31.7,0.0,298.07,0.0,138.7,80.17,0.0
2026-06-11 01:50:00,0,-275.0,434.38,-0.0,31.94,0.0,185.42,0.0,87.12,79.01,0.7
2026-06-11 01:55:00,0,-275.0,434.38,-0.0,31.82,0.0,279.31,0.0,126.75,77.32,0.0
2026-06-11 02:00:00,0,-275.0,434.38,-0.0,32.45,0.0,252.23,0.0,123.81,76.66,0.0
2026-06-11 02:05:00,0,-275.0,434.38,-0.0,31.83,0.0,257.21,0.0,116.71,75.12,1.75
2026-06-11 02:10:00,0,-275.0,434.38,-0.0,32.88,0.0,320.4,0.0,147.53,82.45,0.0
2026-06-11 02:15:00,0,-275.0,434.38,-0.0,31.48,0.0,232.96,0.0,111.86,74.12,0.76
2026-06-11 02:20:00,0,-275.0,434.38,-0.0,31.72,0.0,303.37,0.0,144.54,81.66,2.7
2026-06-11 02:25:00,0,-275.0,434.38,-0.0,32.91,0.0,268.86,0.0,121.06,76.05,1.08
2026-06-11 02:30:00,0,-275.0,434.38,-0.0,32.75,0.0,293.29,0.0,149.96,83.1,0.0
2026-06-11 02:35:00,0,-275.0,434.38,-0.0,33.53,0.0,241.97,0.0,115.44,74.86,1.96
2026-06-11 02:40:00,0,-275.0,434.38,-0.0,32.4,0.0,301.49,0.0,138.22,80.05,1.69
2026-06-11 02:45:00,0,-275.0,434.38,-0.0,33.06,0.0,266.57,0.0,125.05,76.93,0.86
2026-06-11 02:50:00,0,-275.0,434.38,-0.0,33.17,0.0,282.94,0.0,131.87,78.51,0.07
2026-06-11 02:55:00,0,-275.0,434.38,-0.0,32.59,0.0,196.38,0.0,95.64,71.09,0.0
2026-06-11 03:00:00,0,-275.0,434.38,-0.0,33.1,0.0,189.39,0.0,83.58,69.15,2.51
2026-06-11 03:05:00,0,-275.0,434.38,-0.0,33.08,0.0,290.56,0.0,132.67,78.7,0.0
2026-06-11 03:10:00,0,-275.0,434.38,-0.0,33.27,0.0,265.13,0.0,117.61,75.31,0.0
2026-06-11 03:15:00,0,-275.0,434.38,-0.0,33.92,0.0,215.39,0.0,104.96,72.78,0.0
2026-06-11 03:20:00,0,-275.0,434.38,-0.0,32.9,0.0,280.82,0.0,126.04,77.16,1.26
2026-06-11 03:25:00,0,-275.0,434.38,-0.0,31.81,0.0,265.15,0.0,121.94,76.24,1.07
2026-06-11 03:30:00,0,-275.0,434.38,-0.0,33.41,0.0,271.71,0.0,136.15,79.54,0.0
2026-06-11 03:35:00,0,-275.0,434.38,-0.0,33.15,0.0,207.05,0.0,105.41,72.86,0.38
2026-06-11 03:40:00,0,-275.0,434.38,-0.0,34.35,0.0,244.53,0.0,120.68,92.68,0.0
2026-06-11 03:45:00,0,-275.0,434.38,-0.0,34.44,0.0,272.26,0.0,130.14,91.82,0.0
2026-06-11 03:50:00,0,-275.0,434.38,-0.0,33.85,0.0,226.39,0.0,103.83,72.57,0.0
2026-06-11 03:55:00,0,-275.0,434.38,-0.0,34.36,0.0,241.77,0.0,112.73,74.3,1.82
2026-06-11 04:00:00,0,-275.0,434.38,-0.0,34.66,0.0,264.35,0.0,129.38,77.93,0.54
2026-06-11 04:05:00,0,-275.0,434.38,-0.0,34.6,0.0,272.63,0.0,129.35,77.92,1.08
2026-06-11 04:10:00,0,-275.0,434.38,-0.0,35.19,0.0,234.99,0.0,108.8,73.52,1.31
2026-06-11 04:15:00,0,-275.0,434.38,-0.0,34.9,0.0,274.1,0.0,124.97,76.92,0.44
2026-06-11 04:20:00,0,-275.0,434.38,-0.0,35.86,0.0,246.49,0.0,117.61,75.32,0.0
2026-06-11 04:25:00,0,-275.0,434.38,-0.0,35.09,0.0,382.42,0.0,174.96,90.41,2.73
2026-06-11 04:30:00,0,-275.0,434.38,-0.0,36.55,0.0,219.56,0.0,107.38,73.24,1.42
2026-06-11 04:35:00,0,-275.0,434.38,-0.0,36.41,0.0,289.37,0.0,132.85,78.75,1.04
2026-06-11 04:40:00,0,-275.0,434.38,-0.0,35.84,0.0,275.1,0.0,122.44,76.36,0.0
2026-06-11 04:45:00,0,-275.0,434.38,-0.0,34.9,0.0,254.24,0.0,119.45,75.71,0.0
2026-06-11 04:50:00,0,-275.0,434.38,-0.0,35.71,0.0,262.14,0.0,126.91,77.36,1.63
2026-06-11 04:55:00,0,-275.0,434.38,-0.0,35.73,0.0,298.8,0.0,146.9,82.29,0.0
2026-06-11 05:00:00,0,-275.0,434.38,-0.0,35.56,0.0,291.0,0.0,137.4,79.86,0.08
2026-06-11 05:05:00,0,-275.0,434.38,-0.0,36.66,0.0,307.47,0.0,143.88,81.5,0.0
2026-06-11 05:10:00,0,-275.0,434.38,-0.0,37.38,0.0,294.2,0.0,132.35,78.63,1.15
2026-06-11 05:15:00,0,-275.0,434.38,-0.0,37.8,0.0,314.21,0.0,146.85,82.28,0.0
2026-06-11 05:20:00,0,-275.0,434.38,-0.0,36.35,0.0,294.36,0.0,146.61,82.21,0.0
2026-06-11 05:25:00,0,-275.0,434.38,-0.0,37.18,0.0,257.07,0.0,128.27,77.68,0.0
2026-06-11 05:30:00,0,-275.0,434.38,-0.0,36.61,0.0,240.62,0.0,115.28,74.83,0.81
2026-06-11 05:35:00,0,-275.0,434.38,-0.0,36.69,0.0,261.11,0.0,126.1,77.18,1.13
2026-06-11 05:40:00,0,-275.0,434.38,-0.0,38.76,0.0,296.46,0.0,138.68,80.18,0.0
2026-06-11 05:45:00,0,-275.0,434.38,-0.0,37.27,0.0,296.15,0.0,138.94,80.24,0.11
2026-06-11 05:50:00,0,-275.0,434.38,-0.0,38.83,0.0,192.48,0.0,94.99,86.97,0.0
2026-06-11 05:55:00,0,-275.0,434.38,-0.0,38.06,0.0,277.94,0.0,129.02,77.85,0.0
2026-06-11 06:00:00,0,-275.0,434.38,-0.0,38.51,0.0,330.84,0.0,152.63,83.84,0.0
2026-06-11 06:05:00,0,-275.0,434.38,-0.0,38.28,0.0,254.18,0.0,114.09,74.59,0.0
2026-06-11 06:10:00,0,-275.0,434.38,-0.0,37.62,0.0,322.23,0.0,154.58,84.37,0.0
2026-06-11 06:15:00,0,-275.0,434.38,-0.0,38.82,0.0,267.71,0.0,127.24,77.44,0.0
2026-06-11 06:20:00,0,-275.0,434.38,-0.0,38.92,0.0,280.12,0.0,124.75,76.88,1.26
2026-06-11 06:25:00,0,-275.0,434.38,-0.0,39.73,0.0,229.04,0.0,111.97,74.16,0.0
2026-06-11 06:30:00,0,-275.0,434.38,-0.0,39.04,0.0,202.52,0.0,92.36,70.55,0.0
2026-06-11 06:35:00,0,-275.0,434.38,-0.0,38.72,0.0,203.72,0.0,102.99,72.42,0.0
2026-06-11 06:40:00,0,-275.0,434.38,-0.0,38.82,0.0,298.4,0.0,145.63,81.96,0.0
2026-06-11 06:45:00,0,-275.0,434.38,-0.0,40.4,0.0,209.82,0.0,103.75,72.56,0.0
2026-06-11 06:50:00,0,-275.0,434.38,-0.0,40.0,0.0,312.13,0.0,147.38,82.42,0.36
2026-06-11 06:55:00,0,-275.0,434.38,-0.0,39.46,0.0,325.03,0.0,155.39,84.6,0.06
2026-06-11 07:00:00,0,-275.0,434.38,-0.0,40.1,0.0,180.23,0.0,83.57,69.16,0.0
2026-06-11 07:05:00,0,-275.0,434.38,-0.0,40.46,0.0,249.05,0.0,116.69,75.13,0.85
2026-06-11 07:10:00,0,-275.0,434.38,-0.0,40.16,0.0,284.09,0.0,132.16,78.59,0.66
2026-06-11 07:15:00,0,-275.0,434.38,-0.0,40.2,0.0,274.72,0.0,138.41,80.12,0.44
2026-06-11 07:20:00,0,-275.0,434.38,-0.0,40.89,0.0,275.54,0.0,128.39,77.71,0.32
2026-06-11 07:25:00,0,-275.0,434.38,-0.0,41.29,0.0,239.11,0.0,117.47,75.3,0.0
2026-06-11 07:30:00,0,-275.0,434.38,-0.0,40.95,0.0,272.22,0.0,135.0,79.28,1.01
2026-06-11 07:35:00,0,-275.0,434.38,-0.0,40.86,0.0,271.39,0.0,128.58,77.76,1.29
2026-06-11 07:40:00,0,-275.0,434.38,-0.0,41.12,0.0,220.56,0.0,106.48,73.08,0.0
2026-06-11 07:45:00,0,-275.0,434.38,-0.0,40.67,0.0,255.95,0.0,122.22,76.32,0.0
2026-06-11 07:50:00,0,-275.0,434.38,-0.0,40.82,0.0,204.56,0.0,102.08,72.25,0.0
2026-06-11 07:55:00,0,-275.0,434.38,-0.0,41.06,0.0,294.05,0.0,150.61,83.29,0.0
2026-06-11 08:00:00,0,-275.0,434.38,-0.0,41.75,0.0,236.0,0.0,114.33,74.64,0.0
2026-06-11 08:05:00,0,-275.0,434.38,-0.0,42.46,0.0,237.27,0.0,102.9,72.41,1.41
2026-06-11 08:10:00,0,-275.0,434.38,-0.0,41.62,0.0,201.1,0.0,88.26,83.24,0.0
2026-06-11 08:15:00,0,-275.0,434.38,-0.0,41.7,0.0,205.64,0.0,96.26,71.22,0.1
2026-06-11 08:20:00,0,-275.0,434.38,-0.0,42.39,0.0,260.17,0.0,124.87,76.91,0.0
2026-06-11 08:25:00,0,-275.0,434.38,-0.0,42.16,0.0,319.08,0.0,145.07,81.82,0.0
2026-06-11 08:30:00,0,-275.0,434.38,-0.0,41.66,0.0,235.34,0.0,108.56,73.48,0.0
2026-06-11 08:35:00,0,-275.0,434.38,-0.0,42.62,0.0,214.92,0.0,97.6,71.45,0.0
2026-06-11 08:40:00,0,-275.0,434.38,-0.0,42.58,0.0,154.63,0.0,69.94,67.28,0.0
2026-06-11 08:45:00,0,-275.0,434.38,-0.0,42.55,0.0,182.59,0.0,85.71,69.49,0.65
2026-06-11 08:50:00,0,-275.0,434.38,-0.0,42.98,0.0,196.05,0.0,96.2,71.21,0.99
2026-06-11 08:55:00,0,-275.0,434.38,-0.0,41.69,0.0,310.2,0.0,157.63,85.24,0.0
2026-06-11 09:00:00,0,-275.0,434.38,-0.0,43.35,0.0,302.13,0.0,140.32,80.6,0.0
2026-06-11 09:05:00,0,-275.0,434.38,-0.0,43.2,0.0,182.22,0.0,85.19,69.41,0.0
2026-06-11 09:10:00,0,-275.0,434.38,-0.0,42.96,0.0,257.05,0.0,118.18,75.45,0.38
2026-06-11 09:15:00,0,-275.0,434.38,-0.0,42.58,0.0,230.62,0.0,102.19,72.28,0.22
2026-06-11 09:20:00,0,-275.0,434.38,-0.0,43.19,0.0,255.89,0.0,124.86,76.91,0.57
2026-06-11 09:25:00,0,-275.0,434.38,-0.0,43.52,0.0,197.04,0.0,93.42,70.74,0.0
2026-06-11 09:30:00,0,-275.0,434.38,-0.0,43.69,0.0,321.4,0.0,156.43,84.91,0.28
2026-06-11 09:35:00,0,-275.0,434.38,-0.0,43.28,0.0,221.22,0.0,104.89,72.78,0.0
2026-06-11 09:40:00,0,-275.0,434.38,-0.0,43.79,0.0,220.87,0.0,97.5,71.44,0.58
2026-06-11 09:45:00,0,-275.0,434.38,-0.0,42.77,0.0,260.92,0.0,120.96,76.05,83.7
2026-06-11 09:50:00,0,-275.0,434.38,-0.0,43.73,41.49,222.52,0.29,107.85,88.45,84.71
2026-06-11 09:55:00,0,-275.0,434.38,-0.0,43.83,46.8,220.51,0.32,108.03,90.41,82.48
2026-06-11 10:00:00,0,-275.0,434.38,-0.0,44.8,47.95,277.18,0.18,130.03,95.24,84.36
2026-06-11 10:05:00,0,-275.0,434.38,-0.0,43.68,43.63,227.34,0.28,109.99,89.6,82.61
2026-06-11 10:10:00,0,-275.0,434.38,-0.0,44.37,48.33,165.15,0.56,78.68,86.49,81.53
2026-06-11 10:15:00,0,-275.0,434.38,-0.0,45.14,52.22,303.26,0.16,138.12,98.65,83.02
2026-06-11 10:20:00,0,-275.0,434.38,-0.0,43.92,52.52,256.41,0.26,115.47,93.78,82.19
2026-06-11 10:25:00,0,-275.0,434.38,-0.0,44.06,52.2,244.61,0.27,113.12,93.21,82.33
2026-06-11 10:30:00,0,-275.0,434.38,-0.0,44.31,52.09,226.76,0.33,114.27,93.53,83.36
2026-06-11 10:35:00,0,-275.0,434.38,-0.0,43.85,57.7,293.47,0.22,134.51,99.8,82.76
2026-06-11 10:40:00,0,-275.0,434.38,-0.0,44.13,53.99,283.2,0.2,139.27,99.63,81.07
2026-06-11 10:45:00,0,-275.0,434.38,-0.0,44.63,61.12,246.64,0.3,124.02,98.72,81.98
2026-06-11 10:50:00,0,-275.0,434.38,-0.0,44.65,59.31,262.63,0.27,127.08,114.03,81.73
2026-06-11 10:55:00,0,-275.0,434.38,-0.0,44.77,63.69,297.61,0.25,140.03,103.32,80.78
2026-06-11 11:00:00,0,-275.0,434.38,-0.0,45.12,72.8,162.22,0.78,79.39,95.6,81.31
2026-06-11 11:05:00,0,-275.0,434.38,-0.0,44.73,61.15,240.28,0.29,113.86,96.53,81.06
2026-06-11 11:10:00,0,-275.0,434.38,-0.0,44.65,71.15,158.94,0.95,72.52,94.42,82.62
2026-06-11 11:15:00,0,-275.0,434.38,-0.0,45.44,71.08,279.27,0.3,129.66,103.5,81.46
2026-06-11 11:20:00,0,-275.0,434.38,-0.0,44.55,72.09,238.14,0.38,105.8,98.95,83.51
2026-06-11 11:25:00,0,-275.0,434.38,-0.0,44.88,81.32,309.8,0.26,141.31,109.84,80.54
2026-06-11 11:30:00,0,-275.0,434.38,-0.0,43.95,79.54,241.59,0.44,111.32,102.75,81.57
2026-06-11 11:35:00,0,-275.0,434.38,-0.0,44.86,82.95,201.95,0.65,94.08,101.18,80.86
2026-06-11 11:40:00,0,-275.0,434.38,-0.0,44.84,75.92,206.47,0.6,93.31,98.49,81.18
2026-06-11 11:45:00,0,-275.0,434.38,-0.0,44.86,81.07,238.99,0.46,112.04,103.48,81.02
2026-06-11 11:50:00,0,-275.0,434.38,-0.0,45.04,82.3,244.78,0.44,119.27,105.37,79.36
2026-06-11 11:55:00,0,-275.0,434.38,-0.0,45.46,85.95,182.51,0.81,85.77,101.21,79.1
2026-06-11 12:00:00,0,-275.0,434.38,-0.0,45.23,88.08,242.01,0.45,114.02,106.31,80.79
2026-06-11 12:05:00,0,-275.0,434.38,-0.0,45.51,89.11,204.07,0.65,98.52,104.11,79.0
2026-06-11 12:10:00,0,-275.0,434.38,-0.0,45.25,77.46,357.01,0.19,170.5,116.54,78.28
2026-06-11 12:15:00,0,-275.0,434.38,-0.0,44.39,74.32,288.67,0.29,144.38,108.24,78.54
2026-06-11 12:20:00,0,-275.0,434.38,-0.0,45.58,75.5,274.39,0.33,125.09,104.06,80.34
2026-06-11 12:25:00,0,-275.0,434.38,-0.0,45.7,75.98,206.47,0.58,98.88,99.44,78.42
2026-06-11 12:30:00,0,-275.0,434.38,-0.0,44.73,63.32,263.89,0.3,121.45,98.92,79.69
2026-06-11 12:35:00,0,-275.0,434.38,-0.0,44.55,68.88,297.16,0.26,142.5,105.79,76.57
2026-06-11 12:40:00,0,-275.0,434.38,-0.0,45.67,68.06,263.31,0.31,125.16,101.42,79.26
2026-06-11 12:45:00,0,-275.0,434.38,-0.0,44.39,72.57,306.27,0.23,148.48,108.58,78.16
2026-06-11 12:50:00,0,-275.0,434.38,-0.0,45.13,59.75,282.87,0.24,131.85,99.93,78.87
2026-06-11 12:55:00,0,-275.0,434.38,-0.0,44.59,58.39,144.85,0.98,68.64,89.52,77.77
2026-06-11 13:00:00,0,-275.0,434.38,-0.0,44.5,66.05,218.61,0.45,107.4,97.28,76.63
2026-06-11 13:05:00,0,-275.0,434.38,-0.0,44.32,62.51,181.84,0.67,85.88,92.74,78.37
2026-06-11 13:10:00,0,-275.0,434.38,-0.0,44.63,61.41,281.16,0.25,129.45,99.96,78.21
2026-06-11 13:15:00,0,-275.0,434.38,-0.0,44.04,68.71,214.6,0.48,100.19,96.92,75.21
2026-06-11 13:20:00,0,-275.0,434.38,-0.0,44.49,61.03,165.58,0.78,75.42,90.92,76.87
2026-06-11 13:25:00,0,-275.0,434.38,-0.0,43.99,61.88,267.44,0.27,119.19,97.87,76.93
2026-06-11 13:30:00,0,-275.0,434.38,-0.0,43.74,61.95,296.31,0.23,142.42,103.28,77.03
2026-06-11 13:35:00,0,-275.0,434.38,-0.0,44.94,63.04,216.69,0.47,108.35,96.46,76.98
2026-06-11 13:40:00,0,-275.0,434.38,-0.0,43.96,62.98,337.92,0.16,151.76,105.97,77.14
2026-06-11 13:45:00,0,-275.0,434.38,-0.0,44.4,63.68,223.29,0.41,111.73,97.23,76.37
2026-06-11 13:50:00,0,-275.0,434.38,-0.0,44.0,56.98,238.02,0.32,100.22,92.5,76.33
2026-06-11 13:55:00,0,-275.0,434.38,-0.0,44.19,58.73,249.63,0.28,113.53,95.6,76.29
2026-06-11 14:00:00,0,-275.0,434.38,-0.0,43.88,53.91,241.67,0.3,116.41,94.55,74.95
2026-06-11 14:05:00,0,-275.0,434.38,-0.0,43.8,58.16,204.68,0.43,91.64,91.66,75.54
2026-06-11 14:10:00,0,-275.0,434.38,-0.0,44.42,55.38,191.66,0.46,89.45,90.39,75.51
2026-06-11 14:15:00,0,-275.0,434.38,-0.0,44.09,54.75,210.72,0.36,94.0,90.72,75.47
2026-06-11 14:20:00,0,-275.0,434.38,-0.0,44.03,56.74,229.55,0.33,110.21,94.33,76.48
2026-06-11 14:25:00,0,-275.0,434.38,-0.0,43.79,61.25,269.61,0.26,129.7,99.98,75.77
2026-06-11 14:30:00,0,-275.0,434.38,-0.0,43.8,58.22,229.44,0.33,113.36,113.91,74.28
2026-06-11 14:35:00,0,-275.0,434.38,-0.0,42.49,58.6,275.83,0.23,125.07,97.93,74.92
2026-06-11 14:40:00,0,-275.0,434.38,-0.0,43.63,57.05,277.33,0.25,133.56,99.4,75.95
2026-06-11 14:45:00,0,-275.0,434.38,-0.0,43.11,60.42,258.29,0.27,116.61,96.81,73.99
2026-06-11 14:50:00,0,-275.0,434.38,-0.0,42.63,56.13,306.11,0.18,154.47,104.36,73.97
2026-06-11 14:55:00,0,-275.0,434.38,-0.0,43.07,58.01,248.44,0.3,115.8,95.85,74.05
2026-06-11 15:00:00,0,-275.0,434.38,-0.0,43.93,47.2,297.82,0.17,140.53,115.15,73.27
2026-06-11 15:05:00,0,-275.0,434.38,-0.0,42.08,48.74,263.62,0.23,122.37,93.87,74.8
2026-06-11 15:10:00,0,-275.0,434.38,-0.0,42.87,48.07,287.65,0.19,138.31,97.3,72.52
2026-06-11 15:15:00,0,-275.0,434.38,-0.0,42.95,46.39,252.13,0.25,120.24,92.63,75.2
2026-06-11 15:20:00,0,-275.0,434.38,-0.0,42.4,47.03,244.42,0.25,112.2,91.17,73.53
2026-06-11 15:25:00,0,-275.0,434.38,-0.0,43.04,41.49,275.12,0.18,131.02,93.21,72.88
2026-06-11 15:30:00,0,-275.0,434.38,-0.0,42.27,43.45,228.77,0.26,101.18,87.82,71.06
2026-06-11 15:35:00,0,-275.0,434.38,-0.0,42.08,45.12,249.47,0.24,119.74,92.05,70.93
2026-06-11 15:40:00,0,-275.0,434.38,-0.0,42.59,41.39,214.88,0.3,99.22,105.21,72.26
2026-06-11 15:45:00,0,-275.0,434.38,-0.0,42.09,42.64,243.89,0.23,116.84,90.55,72.66
2026-06-11 15:50:00,0,-275.0,434.38,-0.0,42.27,42.27,206.19,0.33,97.84,86.95,72.6
2026-06-11 15:55:00,0,-275.0,434.38,-0.0,41.63,40.37,224.31,0.25,103.65,87.18,71.55
2026-06-11 16:00:00,0,-275.0,434.38,-0.0,41.96,44.48,282.72,0.17,136.32,95.51,71.92
2026-06-11 16:05:00,0,-275.0,434.38,-0.0,41.02,41.66,185.44,0.39,84.57,84.67,73.94
2026-06-11 16:10:00,0,-275.0,434.38,-0.0,41.55,39.76,258.19,0.17,118.77,89.83,72.14
2026-06-11 16:15:00,0,-275.0,434.38,-0.0,41.38,42.14,213.73,0.27,94.74,86.25,71.56
2026-06-11 16:20:00,0,-275.0,434.38,-0.0,41.03,35.83,227.73,0.22,105.74,85.92,72.27
2026-06-11 16:25:00,0,-275.0,434.38,-0.0,41.51,38.01,254.95,0.19,113.34,88.12,71.72
2026-06-11 16:30:00,0,-275.0,434.38,-0.0,41.47,37.53,300.07,0.14,146.14,95.51,72.38
2026-06-11 16:35:00,0,-275.0,434.38,-0.0,39.54,37.96,336.16,0.1,156.47,98.4,72.28
2026-06-11 16:40:00,0,-275.0,434.38,-0.0,41.17,32.75,222.23,0.2,108.82,85.4,70.71
2026-06-11 16:45:00,0,-275.0,434.38,-0.0,41.23,34.31,289.59,0.14,142.3,93.39,70.44
2026-06-11 16:50:00,0,-275.0,434.38,-0.0,40.34,33.61,299.07,0.13,147.29,94.42,70.38
2026-06-11 16:55:00,0,-275.0,434.38,-0.0,40.06,35.59,207.24,0.26,96.92,84.3,71.05
2026-06-11 17:00:00,0,-275.0,434.38,-0.0,39.7,35.62,194.13,0.31,102.08,85.34,70.74
2026-06-11 17:05:00,0,-275.0,434.38,-0.0,39.79,32.35,286.61,0.13,138.41,91.7,71.98
2026-06-11 17:10:00,0,-275.0,434.38,-0.0,39.48,31.24,302.12,0.11,125.76,107.9,70.48
2026-06-11 17:15:00,0,-275.0,434.38,-0.0,39.4,32.69,242.24,0.17,115.0,86.56,71.42
2026-06-11 17:20:00,0,-275.0,434.38,-0.0,39.62,31.07,290.92,0.11,127.55,88.61,70.69
2026-06-11 17:25:00,0,-275.0,434.38,-0.0,38.13,29.13,306.43,0.1,147.99,92.98,69.98
2026-06-11 17:30:00,0,-275.0,434.38,-0.0,39.15,26.77,231.77,0.17,107.45,82.97,69.94
2026-06-11 17:35:00,0,-275.0,434.38,-0.0,38.77,26.79,246.45,0.14,118.6,104.16,68.86
2026-06-11 17:40:00,0,-275.0,434.38,-0.0,38.53,26.07,227.77,0.17,108.61,82.95,69.72
2026-06-11 17:45:00,0,-275.0,434.38,-0.0,38.36,25.06,254.43,0.13,119.53,84.76,69.46
2026-06-11 17:50:00,0,-275.0,434.38,-0.0,38.18,20.2,289.07,0.07,134.06,86.26,68.17
2026-06-11 17:55:00,0,-275.0,434.38,-0.0,38.72,21.25,294.3,0.07,130.95,85.88,69.83
2026-06-11 18:00:00,0,-275.0,434.38,-0.0,38.45,21.57,206.4,0.17,96.58,79.16,69.08
2026-06-11 18:05:00,0,-275.0,434.38,-0.0,37.71,19.09,358.34,0.05,166.84,94.7,68.23
2026-06-11 18:10:00,0,-275.0,434.38,-0.0,37.6,20.24,379.51,0.04,179.31,98.97,68.51
2026-06-11 18:15:00,0,-275.0,434.38,-0.0,37.87,14.64,353.84,0.03,180.37,97.33,69.92
2026-06-11 18:20:00,0,-275.0,434.38,-0.0,37.28,20.25,252.09,0.1,119.55,83.02,67.59
2026-06-11 18:25:00,0,-275.0,434.38,-0.0,38.52,20.26,394.63,0.04,180.68,99.42,68.16
2026-06-11 18:30:00,0,-275.0,434.38,-0.0,37.59,18.61,179.88,0.18,85.12,76.26,67.49
2026-06-11 18:35:00,0,-275.0,434.38,-0.0,37.26,19.24,161.58,0.25,68.43,74.32,66.44
2026-06-11 18:40:00,0,-275.0,434.38,-0.0,37.09,15.93,315.03,0.04,146.36,87.8,66.89
2026-06-11 18:45:00,0,-275.0,434.38,-0.0,35.72,19.79,326.54,0.06,151.99,90.7,68.16
2026-06-11 18:50:00,0,-275.0,434.38,-0.0,36.28,16.78,188.67,0.15,84.65,87.02,67.92
2026-06-11 18:55:00,0,-275.0,434.38,-0.0,36.68,18.24,181.1,0.18,89.26,76.78,66.17
2026-06-11 19:00:00,0,-275.0,434.38,-0.0,36.23,14.61,346.12,0.04,158.21,90.59,66.1
2026-06-11 19:05:00,0,-275.0,434.38,-0.0,36.36,15.45,224.35,0.1,110.62,79.49,67.2
2026-06-11 19:10:00,0,-275.0,434.38,-0.0,36.13,14.31,238.17,0.09,111.79,79.3,66.64
2026-06-11 19:15:00,0,-275.0,434.38,-0.0,36.08,15.47,257.97,0.08,127.92,83.17,67.1
2026-06-11 19:20:00,0,-275.0,434.38,-0.0,36.08,13.28,221.38,0.09,107.27,78.05,66.02
2026-06-11 19:25:00,0,-275.0,434.38,-0.0,35.12,11.41,243.86,0.06,114.27,78.73,65.05
2026-06-11 19:30:00,0,-275.0,434.38,-0.0,36.01,12.67,301.9,0.04,143.87,86.01,67.8
2026-06-11 19:35:00,0,-275.0,434.38,-0.0,34.61,9.95,364.64,0.02,167.94,91.77,66.81
2026-06-11 19:40:00,0,-275.0,434.38,-0.0,34.7,16.66,240.44,0.1,106.74,79.15,64.61
2026-06-11 19:45:00,0,-275.0,434.38,-0.0,34.22,14.47,271.11,0.06,124.29,81.95,66.77
2026-06-11 19:50:00,0,-275.0,434.38,-0.0,34.68,10.81,271.06,0.05,132.65,82.58,64.8
2026-06-11 19:55:00,0,-275.0,434.38,-0.0,34.5,13.44,222.28,0.09,105.71,77.81,65.69
2026-06-11 20:00:00,0,-275.0,434.38,-0.0,34.48,10.82,302.07,0.04,152.46,87.65,65.84
2026-06-11 20:05:00,0,-275.0,434.38,-0.0,34.23,13.56,303.64,0.05,143.87,86.34,65.02
2026-06-11 20:10:00,0,-275.0,434.38,-0.0,33.32,14.31,231.52,0.08,112.62,79.44,64.6
2026-06-11 20:15:00,0,-275.0,434.38,-0.0,33.42,16.1,287.88,0.06,139.68,86.18,66.02
2026-06-11 20:20:00,0,-275.0,434.38,-0.0,34.0,10.53,189.25,0.09,87.28,73.58,65.2
2026-06-11 20:25:00,0,-275.0,434.38,-0.0,33.66,19.18,283.13,0.08,128.74,98.59,65.23
2026-06-11 20:30:00,0,-275.0,434.38,-0.0,33.26,14.55,298.61,0.05,146.53,87.38,65.13
2026-06-11 20:35:00,0,-275.0,434.38,-0.0,33.34,12.77,255.12,0.06,118.77,80.15,64.29
2026-06-11 20:40:00,0,-275.0,434.38,-0.0,33.38,14.02,208.45,0.1,99.53,92.19,64.22
2026-06-11 20:45:00,0,-275.0,434.38,-0.0,33.45,13.84,277.61,0.05,127.71,82.49,65.21
2026-06-11 20:50:00,0,-275.0,434.38,-0.0,34.09,14.76,230.69,0.09,110.81,79.26,65.81
2026-06-11 20:55:00,0,-275.0,434.38,-0.0,33.58,12.49,304.68,0.04,140.06,84.97,64.52
2026-06-11 21:00:00,0,-275.0,434.38,-0.0,33.07,12.13,199.8,0.1,93.45,75.17,64.24
2026-06-11 21:05:00,0,-275.0,434.38,-0.0,33.76,13.23,320.6,0.04,149.74,87.75,65.4
2026-06-11 21:10:00,0,-275.0,434.38,-0.0,32.97,16.52,292.99,0.06,136.24,85.47,64.04
2026-06-11 21:15:00,0,-275.0,434.38,-0.0,32.82,14.61,268.79,0.06,125.88,82.36,63.28
2026-06-11 21:20:00,0,-275.0,434.38,-0.0,32.41,15.08,240.54,0.08,112.0,79.59,64.35
2026-06-11 21:25:00,0,-275.0,434.38,-0.0,32.45,15.82,280.66,0.07,136.4,85.28,63.23
2026-06-11 21:30:00,0,-275.0,434.38,-0.0,32.76,19.02,328.87,0.06,140.88,87.5,64.21
2026-06-11 21:35:00,0,-275.0,434.38,-0.0,32.96,14.46,235.3,0.08,110.21,79.01,63.89
2026-06-11 21:40:00,0,-275.0,434.38,-0.0,32.56,15.01,227.26,0.09,112.33,79.65,64.14
2026-06-11 21:45:00,0,-275.0,434.38,-0.0,31.47,18.78,214.73,0.13,106.06,79.81,64.19
2026-06-11 21:50:00,0,-275.0,434.38,-0.0,32.54,19.89,225.56,0.13,105.72,80.14,61.43
2026-06-11 21:55:00,0,-275.0,434.38,-0.0,32.55,18.07,227.39,0.12,107.0,79.73,62.34
2026-06-11 22:00:00,0,-275.0,434.38,-0.0,32.62,18.72,289.55,0.07,142.79,87.9,65.39
2026-06-11 22:05:00,0,-275.0,434.38,-0.0,31.78,18.18,250.55,0.09,102.67,78.89,62.69
2026-06-11 22:10:00,0,-275.0,434.38,-0.0,32.07,23.61,166.02,0.28,82.78,77.85,62.99
2026-06-11 22:15:00,0,-275.0,434.38,-0.0,31.23,23.44,240.86,0.12,116.51,83.52,61.03
2026-06-11 22:20:00,0,-275.0,434.38,-0.0,31.43,23.82,195.01,0.19,92.82,79.33,60.31
2026-06-11 22:25:00,0,-275.0,434.38,-0.0,31.07,21.26,269.95,0.1,135.01,86.9,61.46
2026-06-11 22:30:00,0,-275.0,434.38,-0.0,31.44,26.98,266.75,0.12,126.46,86.93,62.78
2026-06-11 22:35:00,0,-275.0,434.38,-0.0,31.44,25.05,203.48,0.19,93.64,79.9,62.66
2026-06-11 22:40:00,0,-275.0,434.38,-0.0,32.47,24.24,273.17,0.11,139.6,89.1,59.03
2026-06-11 22:45:00,0,-275.0,434.38,-0.0,31.24,26.19,247.57,0.14,112.17,83.63,62.8
2026-06-11 22:50:00,0,-275.0,434.38,-0.0,31.58,25.19,268.6,0.11,122.1,85.31,60.31
2026-06-11 22:55:00,0,-275.0,434.38,-0.0,31.33,26.59,320.41,0.09,146.95,91.78,59.6
2026-06-11 23:00:00,0,-275.0,434.38,-0.0,32.08,28.44,318.61,0.08,151.16,112.57,60.6
2026-06-11 23:05:00,0,-275.0,434.38,-0.0,31.32,29.46,214.29,0.21,96.96,82.05,60.24
2026-06-11 23:10:00,0,-275.0,434.38,-0.0,31.88,27.54,247.21,0.15,116.54,85.02,62.09
2026-06-11 23:15:00,0,-275.0,434.38,-0.0,31.29,30.88,272.5,0.13,127.78,88.62,62.93
2026-06-11 23:20:00,0,-275.0,434.38,-0.0,31.17,32.56,312.36,0.11,155.14,96.14,60.2
2026-06-11 23:25:00,0,-275.0,434.38,-0.0,30.75,32.76,223.84,0.2,103.16,84.3,60.18
2026-06-11 23:30:00,0,-275.0,434.38,-0.0,31.74,30.65,220.02,0.22,104.68,83.89,60.77
2026-06-11 23:35:00,0,-275.0,434.38,-0.0,31.03,32.89,217.46,0.22,96.07,83.12,60.8
2026-06-11 23:40:00,0,-275.0,434.38,-0.0,31.31,35.97,307.45,0.12,138.02,92.83,59.3
2026-06-11 23:45:00,0,-275.0,434.38,-0.0,31.15,36.92,179.3,0.39,84.43,82.97,59.1
2026-06-11 23:50:00,0,-275.0,434.38,-0.0,30.75,34.07,257.21,0.16,122.6,88.63,59.37
2026-06-11 23:55:00,0,-275.0,434.38,-0.0,30.04,36.31,293.66,0.13,138.65,93.13,59.68
2026-06-12 00:00:00,0,-241.6,219.2,-0.61,30.89,36.52,235.81,0.21,108.55,86.66,58.56
2026-06-12 00:05:00,0,-241.6,219.2,-0.61,31.23,37.28,255.31,0.18,119.08,89.03,58.16
2026-06-12 00:10:00,0,-241.6,219.2,-0.61,31.39,38.89,238.24,0.22,114.85,88.78,59.5
2026-06-12 00:15:00,0,-241.6,219.2,-0.61,30.86,40.12,258.59,0.2,126.99,91.81,59.4
2026-06-12 00:20:00,0,-241.6,219.2,-0.61,31.9,39.49,240.13,0.22,110.83,88.17,60.06
2026-06-12 00:25:00,0,-241.6,219.2,-0.61,30.72,41.56,167.57,0.45,82.01,84.36,57.65
2026-06-12 00:30:00,0,-241.6,219.2,-0.61,30.72,40.0,323.76,0.13,156.89,111.19,58.51
2026-06-12 00:35:00,0,-241.6,219.2,-0.61,30.91,41.5,360.56,0.11,183.42,107.88,58.61
2026-06-12 00:40:00,0,-241.6,219.2,-0.61,31.02,41.88,159.06,0.53,80.32,84.38,57.83
2026-06-12 00:45:00,0,-241.6,219.2,-0.61,30.4,42.75,288.38,0.17,142.82,96.52,57.31
2026-06-12 00:50:00,0,-241.6,219.2,-0.61,31.2,42.31,344.17,0.11,170.35,126.1,58.25
2026-06-12 00:55:00,0,-241.6,219.2,-0.61,30.98,44.16,156.77,0.56,76.18,84.66,57.91
2026-06-12 01:00:00,0,-241.6,219.2,-0.61,30.33,42.33,323.9,0.14,157.68,100.33,57.34
2026-06-12 01:05:00,0,-241.6,219.2,-0.61,31.82,41.88,279.92,0.18,134.45,94.15,57.97
2026-06-12 01:10:00,0,-241.6,219.2,-0.61,30.34,44.33,271.58,0.19,124.79,92.77,57.25
2026-06-12 01:15:00,0,-241.6,219.2,-0.61,31.55,46.23,306.01,0.16,143.32,97.84,57.58
2026-06-12 01:20:00,0,-241.6,219.2,-0.61,31.39,47.94,277.26,0.19,131.96,95.69,57.03
2026-06-12 01:25:00,0,-241.6,219.2,-0.61,32.26,43.75,280.21,0.17,129.4,93.58,55.36
2026-06-12 01:30:00,0,-241.6,219.2,-0.61,31.22,45.56,203.45,0.36,102.06,88.9,57.19
2026-06-12 01:35:00,0,-241.6,219.2,-0.61,31.18,45.59,230.37,0.26,114.8,91.2,57.09
2026-06-12 01:40:00,0,-241.6,219.2,-0.61,31.85,44.3,318.24,0.13,157.82,101.04,55.92
2026-06-12 01:45:00,0,-241.6,219.2,-0.61,31.25,45.43,291.96,0.16,145.07,98.02,55.68
2026-06-12 01:50:00,0,-241.6,219.2,-0.61,31.03,44.51,289.5,0.15,136.94,111.43,56.56
2026-06-12 01:55:00,0,-241.6,219.2,-0.61,31.66,45.83,309.39,0.15,144.61,98.02,56.26
2026-06-12 02:00:00,0,-241.6,219.2,-0.61,31.15,47.15,223.17,0.33,102.9,89.55,54.64
2026-06-12 02:05:00,0,-241.6,219.2,-0.61,32.38,48.3,284.41,0.21,133.83,96.3,53.52
2026-06-12 02:10:00,0,-241.6,219.2,-0.61,31.52,47.75,160.54,0.57,76.61,85.99,55.73
2026-06-12 02:15:00,0,-241.6,219.2,-0.61,32.15,46.84,185.05,0.44,88.18,87.13,56.5
2026-06-12 02:20:00,0,-241.6,219.2,-0.61,32.7,46.58,181.89,0.42,86.87,86.8,54.79
2026-06-12 02:25:00,0,-241.6,219.2,-0.61,33.03,49.26,303.82,0.16,144.83,99.3,55.92
2026-06-12 02:30:00,0,-241.6,219.2,-0.61,32.13,44.37,248.79,0.24,106.71,89.12,54.84
2026-06-12 02:35:00,0,-241.6,219.2,-0.61,33.18,45.81,182.46,0.45,90.77,87.21,55.17
2026-06-12 02:40:00,0,-241.6,219.2,-0.61,33.39,43.19,286.42,0.16,140.9,96.17,55.96
2026-06-12 02:45:00,0,-241.6,219.2,-0.61,32.49,45.74,214.25,0.32,103.17,89.09,54.76
2026-06-12 02:50:00,0,-241.6,219.2,-0.61,31.96,47.27,267.87,0.22,131.77,95.47,53.32
2026-06-12 02:55:00,0,-241.6,219.2,-0.61,32.77,45.3,236.14,0.3,108.07,89.83,53.38
2026-06-12 03:00:00,0,-241.6,219.2,-0.61,32.89,43.9,273.26,0.2,125.53,92.81,54.11
2026-06-12 03:05:00,0,-241.6,219.2,-0.61,32.99,43.62,307.84,0.15,145.81,97.56,52.79
2026-06-12 03:10:00,0,-241.6,219.2,-0.61,33.57,43.44,338.85,0.13,161.04,101.67,53.68
2026-06-12 03:15:00,0,-241.6,219.2,-0.61,33.43,37.65,273.7,0.15,131.4,91.88,55.49
2026-06-12 03:20:00,0,-241.6,219.2,-0.61,34.0,38.62,212.41,0.26,96.16,85.22,53.63
2026-06-12 03:25:00,0,-241.6,219.2,-0.61,33.6,36.51,255.81,0.18,114.06,87.71,52.47
2026-06-12 03:30:00,0,-241.6,219.2,-0.61,33.31,36.19,287.72,0.15,136.01,92.48,53.38
2026-06-12 03:35:00,0,-241.6,219.2,-0.61,34.31,36.1,201.16,0.28,87.65,82.97,54.53
2026-06-12 03:40:00,0,-241.6,219.2,-0.61,34.52,37.08,264.0,0.17,130.9,91.6,53.12
2026-06-12 03:45:00,0,-241.6,219.2,-0.61,32.86,36.67,277.39,0.15,125.7,90.21,52.36
2026-06-12 03:50:00,0,-241.6,219.2,-0.61,34.83,34.96,317.56,0.11,147.33,94.86,51.73
2026-06-12 03:55:00,0,-241.6,219.2,-0.61,34.43,33.01,185.76,0.31,86.96,81.84,53.2
2026-06-12 04:00:00,0,-241.6,219.2,-0.61,34.28,30.09,276.03,0.13,126.47,88.05,54.01
2026-06-12 04:05:00,0,-241.6,219.2,-0.61,34.08,32.52,271.1,0.14,125.79,88.77,52.63
2026-06-12 04:10:00,0,-241.6,219.2,-0.61,33.84,30.57,216.88,0.21,99.6,82.91,51.62
2026-06-12 04:15:00,0,-241.6,219.2,-0.61,35.1,31.46,235.89,0.18,110.75,85.28,51.98
2026-06-12 04:20:00,0,-241.6,219.2,-0.61,35.47,30.33,255.16,0.16,117.93,86.32,52.9
2026-06-12 04:25:00,0,-241.6,219.2,-0.61,34.22,29.03,239.85,0.15,111.69,84.55,52.64
2026-06-12 04:30:00,0,-241.6,219.2,-0.61,34.77,29.03,218.47,0.19,102.84,82.92,51.58
2026-06-12 04:35:00,0,-241.6,219.2,-0.61,35.71,28.22,234.71,0.16,108.76,83.71,52.63
2026-06-12 04:40:00,0,-241.6,219.2,-0.61,35.73,30.25,286.04,0.12,128.61,88.58,50.49
2026-06-12 04:45:00,0,-241.6,219.2,-0.61,35.96,29.27,282.39,0.11,127.2,87.89,51.08
2026-06-12 04:50:00,0,-241.6,219.2,-0.61,35.68,28.22,287.54,0.12,123.14,86.63,50.87
2026-06-12 04:55:00,0,-241.6,219.2,-0.61,35.6,26.43,243.86,0.14,113.68,84.03,49.89
2026-06-12 05:00:00,0,-241.6,219.2,-0.61,36.11,23.75,289.09,0.08,139.79,88.93,51.06
2026-06-12 05:05:00,0,-241.6,219.2,-0.61,36.1,22.69,239.09,0.13,109.52,81.86,50.17
2026-06-12 05:10:00,0,-241.6,219.2,-0.61,36.06,22.13,277.06,0.09,126.57,85.21,50.63
2026-06-12 05:15:00,0,-241.6,219.2,-0.61,37.05,21.56,256.98,0.11,131.15,86.11,50.62
2026-06-12 05:20:00,0,-241.6,219.2,-0.61,36.4,23.42,214.28,0.16,102.01,80.75,51.43
2026-06-12 05:25:00,0,-241.6,219.2,-0.61,36.62,21.07,149.72,0.29,67.71,74.95,51.2
2026-06-12 05:30:00,0,-241.6,219.2,-0.61,37.2,23.51,266.77,0.11,134.56,87.61,50.57
2026-06-12 05:35:00,0,-241.6,219.2,-0.61,37.15,20.34,299.24,0.07,136.67,86.94,50.3
2026-06-12 05:40:00,0,-241.6,219.2,-0.61,38.18,21.55,280.93,0.09,129.79,85.75,50.38
2026-06-12 05:45:00,0,-241.6,219.2,-0.61,37.35,19.04,229.04,0.12,113.21,81.31,48.61
2026-06-12 05:50:00,0,-241.6,219.2,-0.61,37.6,16.2,225.83,0.1,100.64,77.86,51.2
2026-06-12 05:55:00,0,-241.6,219.2,-0.61,38.12,17.42,243.25,0.09,119.87,82.08,49.91
2026-06-12 06:00:00,0,-241.6,219.2,-0.61,38.3,17.74,348.24,0.04,166.01,93.96,49.8
2026-06-12 06:05:00,0,-241.6,219.2,-0.61,38.11,14.99,288.02,0.06,131.21,83.73,50.11
2026-06-12 06:10:00,0,-241.6,219.2,-0.61,38.12,12.75,238.58,0.07,110.57,78.47,49.6
2026-06-12 06:15:00,0,-241.6,219.2,-0.61,38.65,14.28,250.72,0.07,118.49,80.65,48.11
2026-06-12 06:20:00,0,-241.6,219.2,-0.61,37.81,15.19,287.99,0.06,130.54,83.64,48.64
2026-06-12 06:25:00,0,-241.6,219.2,-0.61,39.67,13.3,221.98,0.08,109.11,78.4,47.82
2026-06-12 06:30:00,0,-241.6,219.2,-0.61,39.31,12.32,219.04,0.08,115.11,79.27,48.32
2026-06-12 06:35:00,0,-241.6,219.2,-0.61,39.39,13.43,283.49,0.06,126.09,82.0,48.91
2026-06-12 06:40:00,0,-241.6,219.2,-0.61,38.97,10.48,384.92,0.02,184.35,97.17,47.3
2026-06-12 06:45:00,0,-241.6,219.2,-0.61,39.66,9.54,216.64,0.06,96.88,74.78,48.16
2026-06-12 06:50:00,0,-241.6,219.2,-0.61,39.84,10.1,208.22,0.08,98.73,75.34,49.34
2026-06-12 06:55:00,0,-241.6,219.2,-0.61,39.66,9.47,140.39,0.14,65.89,70.38,47.33
2026-06-12 07:00:00,0,-241.6,219.2,-0.61,39.54,9.41,287.82,0.03,149.1,86.23,50.19
2026-06-12 07:05:00,0,-241.6,219.2,-0.61,39.77,8.35,268.01,0.04,114.27,77.63,48.38
2026-06-12 07:10:00,0,-241.6,219.2,-0.61,39.27,6.79,253.25,0.04,118.1,77.88,46.81
2026-06-12 07:15:00,0,-241.6,219.2,-0.61,40.49,8.47,232.31,0.05,107.67,76.37,47.75
2026-06-12 07:20:00,0,-241.6,219.2,-0.61,40.42,8.28,276.31,0.04,123.69,79.62,48.47
2026-06-12 07:25:00,0,-241.6,219.2,-0.61,40.33,9.52,244.38,0.05,124.61,80.28,46.2
2026-06-12 07:30:00,0,-241.6,219.2,-0.61,41.19,8.08,248.71,0.04,120.36,78.82,46.71
2026-06-12 07:35:00,0,-241.6,219.2,-0.61,40.55,8.39,249.11,0.05,120.67,79.02,46.17
2026-06-12 07:40:00,0,-241.6,219.2,-0.61,42.11,7.64,296.16,0.03,127.07,80.15,46.1
2026-06-12 07:45:00,0,-241.6,219.2,-0.61,41.44,7.27,169.01,0.08,82.54,71.71,47.06
2026-06-12 07:50:00,0,-241.6,219.2,-0.61,41.47,7.45,181.35,0.07,88.06,72.61,47.1
2026-06-12 07:55:00,0,-241.6,219.2,-0.61,42.01,7.33,290.82,0.03,134.86,81.87,46.91
2026-06-12 08:00:00,0,-241.6,219.2,-0.61,41.12,5.96,276.31,0.03,130.55,80.36,45.97
2026-06-12 08:05:00,0,-241.6,219.2,-0.61,41.85,7.57,175.86,0.07,78.26,71.18,45.94
2026-06-12 08:10:00,0,-241.6,219.2,-0.61,42.31,8.13,288.88,0.03,140.23,83.48,46.64
2026-06-12 08:15:00,0,-241.6,219.2,-0.61,42.01,6.76,251.1,0.04,115.16,77.26,45.96
2026-06-12 08:20:00,0,-241.6,219.2,-0.61,42.12,9.23,194.13,0.08,99.29,75.14,44.74
2026-06-12 08:25:00,0,-241.6,219.2,-0.61,42.96,8.11,218.31,0.05,106.86,76.1,44.91
2026-06-12 08:30:00,0,-241.6,219.2,-0.61,42.51,9.97,214.87,0.07,104.42,76.32,45.77
2026-06-12 08:35:00,0,-241.6,219.2,-0.61,42.54,6.99,325.03,0.02,153.49,86.57,45.59
2026-06-12 08:40:00,0,-241.6,219.2,-0.61,41.93,7.85,206.18,0.06,101.4,75.0,43.51
2026-06-12 08:45:00,0,-241.6,219.2,-0.61,41.56,9.58,287.37,0.03,141.91,84.42,44.94
2026-06-12 08:50:00,0,-241.6,219.2,-0.61,42.33,7.85,250.65,0.04,115.05,77.62,42.91
2026-06-12 08:55:00,0,-241.6,219.2,-0.61,43.32,9.32,284.69,0.03,133.34,82.21,46.04
2026-06-12 09:00:00,0,-241.6,219.2,-0.61,42.08,10.49,225.6,0.06,100.12,75.69,45.32
2026-06-12 09:05:00,0,-241.6,219.2,-0.61,43.04,10.61,337.24,0.03,164.63,91.05,43.75
2026-06-12 09:10:00,0,-241.6,219.2,-0.61,42.56,9.8,275.72,0.04,133.86,82.52,43.02
2026-06-12 09:15:00,0,-241.6,219.2,-0.61,43.15,9.3,290.75,0.04,143.7,84.8,44.61
2026-06-12 09:20:00,0,-241.6,219.2,-0.61,43.84,10.16,284.52,0.04,135.02,82.92,43.11
2026-06-12 09:25:00,0,-241.6,219.2,-0.61,43.06,9.29,242.48,0.05,107.13,76.56,44.51
2026-06-12 09:30:00,0,-241.6,219.2,-0.61,44.47,8.79,224.18,0.05,105.56,76.09,44.35
2026-06-12 09:35:00,0,-241.6,219.2,-0.61,43.77,11.99,262.55,0.05,125.0,81.24,44.38
2026-06-12 09:40:00,0,-241.6,219.2,-0.61,43.49,12.72,259.78,0.06,121.13,80.66,44.14
2026-06-12 09:45:00,0,-241.6,219.2,-0.61,44.13,12.53,362.05,0.03,165.14,91.87,44.1
2026-06-12 09:50:00,0,-241.6,219.2,-0.61,44.03,13.99,245.72,0.07,119.77,80.83,42.94
2026-06-12 09:55:00,0,-241.6,219.2,-0.61,44.0,14.65,233.91,0.09,110.18,79.12,44.39
2026-06-12 10:00:00,0,-241.6,219.2,-0.61,42.63,15.63,344.5,0.04,160.41,91.59,42.71
2026-06-12 10:05:00,0,-241.6,219.2,-0.61,45.05,14.57,200.48,0.11,89.76,75.46,42.57
2026-06-12 10:10:00,0,-241.6,219.2,-0.61,44.29,12.17,280.36,0.05,131.98,82.92,43.16
2026-06-12 10:15:00,0,-241.6,219.2,-0.61,44.2,11.18,237.34,0.06,107.88,77.39,42.45
2026-06-12 10:20:00,0,-241.6,219.2,-0.61,44.26,13.45,265.24,0.06,114.23,79.45,43.18
2026-06-12 10:25:00,0,-241.6,219.2,-0.61,44.85,14.79,226.06,0.09,103.88,77.95,42.53
2026-06-12 10:30:00,0,-241.6,219.2,-0.61,44.33,13.81,321.53,0.04,140.92,85.67,43.02
2026-06-12 10:35:00,0,-241.6,219.2,-0.61,43.5,13.9,317.49,0.04,156.96,90.0,41.25
2026-06-12 10:40:00,0,-241.6,219.2,-0.61,45.33,15.88,324.17,0.05,148.51,88.39,42.3
2026-06-12 10:45:00,0,-241.6,219.2,-0.61,44.58,17.27,294.58,0.06,138.9,104.49,42.3
2026-06-12 10:50:00,0,-241.6,219.2,-0.61,45.05,16.65,341.0,0.05,172.19,95.5,42.66
2026-06-12 10:55:00,0,-241.6,219.2,-0.61,45.37,15.83,308.19,0.06,146.57,87.88,42.56
2026-06-12 11:00:00,0,-241.6,219.2,-0.61,44.98,18.6,252.14,0.09,115.09,81.5,42.06
2026-06-12 11:05:00,0,-241.6,219.2,-0.61,44.9,18.1,150.42,0.24,71.36,74.28,41.57
2026-06-12 11:10:00,0,-241.6,219.2,-0.61,45.1,17.24,270.9,0.08,119.62,81.96,42.5
2026-06-12 11:15:00,0,-241.6,219.2,-0.61,44.97,15.89,272.1,0.07,131.48,84.15,41.14
2026-06-12 11:20:00,0,-241.6,219.2,-0.61,44.96,16.41,287.8,0.06,138.92,86.12,40.95
2026-06-12 11:25:00,0,-241.6,219.2,-0.61,44.23,19.01,223.89,0.12,101.59,79.07,41.62
2026-06-12 11:30:00,0,-241.6,219.2,-0.61,45.06,20.5,233.35,0.11,117.26,82.65,42.14
2026-06-12 11:35:00,0,-241.6,219.2,-0.61,45.18,19.63,250.06,0.09,121.52,83.23,40.11
2026-06-12 11:40:00,0,-241.6,219.2,-0.61,45.19,18.12,328.82,0.06,160.48,92.53,41.75
2026-06-12 11:45:00,0,-241.6,219.2,-0.61,44.39,20.12,230.36,0.12,111.86,81.43,40.8
2026-06-12 11:50:00,0,-241.6,219.2,-0.61,44.41,21.71,310.21,0.07,147.08,90.09,41.66
2026-06-12 11:55:00,0,-241.6,219.2,-0.61,45.5,18.71,264.53,0.08,118.74,82.28,40.53
2026-06-12 12:00:00,0,-241.6,219.2,-0.61,44.76,21.88,290.04,0.09,143.16,89.17,39.68
2026-06-12 12:05:00,0,-241.6,219.2,-0.61,45.44,22.39,341.47,0.06,158.3,93.4,39.03
2026-06-12 12:10:00,0,-241.6,219.2,-0.61,45.18,22.79,296.5,0.08,141.66,89.08,39.7
2026-06-12 12:15:00,0,-241.6,219.2,-0.61,44.65,21.98,335.31,0.06,154.2,92.1,40.11
2026-06-12 12:20:00,0,-241.6,219.2,-0.61,45.5,22.91,227.58,0.15,112.05,82.5,40.45
2026-06-12 12:25:00,0,-241.6,219.2,-0.61,44.64,22.89,272.33,0.1,125.36,85.24,40.09
2026-06-12 12:30:00,0,-241.6,219.2,-0.61,44.5,23.62,227.52,0.15,115.43,83.44,39.72
2026-06-12 12:35:00,0,-241.6,219.2,-0.61,44.31,23.6,292.53,0.09,134.58,87.62,38.78
2026-06-12 12:40:00,0,-241.6,219.2,-0.61,44.12,24.0,231.09,0.14,112.3,100.29,39.58
2026-06-12 12:45:00,0,-241.6,219.2,-0.61,44.07,23.28,150.82,0.34,71.67,76.33,39.35
2026-06-12 12:50:00,0,-241.6,219.2,-0.61,45.01,23.64,244.67,0.13,107.2,81.76,37.98
2026-06-12 12:55:00,0,-241.6,219.2,-0.61,44.02,25.19,270.24,0.11,123.84,85.72,39.43
2026-06-12 13:00:00,0,-241.6,219.2,-0.61,45.27,26.32,227.82,0.16,105.81,82.5,38.16
2026-06-12 13:05:00,0,-241.6,219.2,-0.61,45.52,24.05,322.03,0.07,154.26,92.86,38.6
2026-06-12 13:10:00,0,-241.6,219.2,-0.61,45.03,23.65,245.32,0.11,118.83,84.09,36.86
2026-06-12 13:15:00,0,-241.6,219.2,-0.61,44.36,25.2,263.52,0.12,122.11,85.36,36.88
2026-06-12 13:20:00,0,-241.6,219.2,-0.61,44.66,24.44,216.39,0.17,99.85,80.75,39.0
2026-06-12 13:25:00,0,-241.6,219.2,-0.61,44.63,24.89,157.04,0.29,72.82,76.95,37.12
2026-06-12 13:30:00,0,-241.6,219.2,-0.61,43.96,25.71,268.51,0.11,125.14,86.2,39.27
2026-06-12 13:35:00,0,-241.6,219.2,-0.61,44.11,25.94,213.55,0.18,100.57,81.43,39.3
2026-06-12 13:40:00,0,-241.6,219.2,-0.61,44.02,23.79,266.8,0.11,138.98,88.81,37.36
2026-06-12 13:45:00,0,-241.6,219.2,-0.61,43.58,26.26,195.31,0.22,91.15,79.99,38.37
2026-06-12 13:50:00,0,-241.6,219.2,-0.61,43.35,25.56,241.89,0.14,116.48,84.32,37.14
2026-06-12 13:55:00,0,-241.6,219.2,-0.61,44.46,26.68,298.85,0.1,136.32,89.15,37.23
2026-06-12 14:00:00,0,-241.6,219.2,-0.61,43.45,27.17,363.35,0.07,182.25,102.42,37.92
2026-06-12 14:05:00,0,-241.6,219.2,-0.61,44.67,25.67,286.05,0.08,145.8,91.16,38.27
2026-06-12 14:10:00,0,-241.6,219.2,-0.61,43.05,24.86,256.02,0.13,119.57,84.71,36.29
2026-06-12 14:15:00,0,-241.6,219.2,-0.61,43.72,25.1,228.36,0.16,108.15,82.51,36.28
2026-06-12 14:20:00,0,-241.6,219.2,-0.61,43.65,23.78,220.81,0.16,110.96,82.61,35.95
2026-06-12 14:25:00,0,-241.6,219.2,-0.61,43.63,22.78,207.57,0.17,92.58,78.91,35.94
2026-06-12 14:30:00,0,-241.6,219.2,-0.61,44.01,25.39,209.59,0.19,100.32,81.21,37.12
2026-06-12 14:35:00,0,-241.6,219.2,-0.61,42.89,24.85,208.46,0.18,98.38,80.65,33.89
2026-06-12 14:40:00,0,-241.6,219.2,-0.61,43.65,26.37,262.74,0.13,117.06,84.7,37.29
2026-06-12 14:45:00,0,-241.6,219.2,-0.61,42.72,26.14,251.67,0.12,116.47,84.48,36.28
2026-06-12 14:50:00,0,-241.6,219.2,-0.61,42.84,22.61,252.29,0.11,126.77,85.48,36.79
2026-06-12 14:55:00,0,-241.6,219.2,-0.61,43.01,22.84,201.41,0.18,96.26,79.58,34.99
2026-06-12 15:00:00,0,-241.6,219.2,-0.61,43.03,24.46,191.34,0.21,91.31,79.37,35.26
2026-06-12 15:05:00,0,-241.6,219.2,-0.61,42.48,24.29,189.92,0.21,92.57,79.51,33.11
2026-06-12 15:10:00,0,-241.6,219.2,-0.61,42.19,23.04,261.76,0.1,123.58,84.89,36.21
2026-06-12 15:15:00,0,-241.6,219.2,-0.61,42.81,22.55,254.64,0.11,120.62,84.09,35.6
2026-06-12 15:20:00,0,-241.6,219.2,-0.61,43.2,23.55,196.52,0.2,94.78,79.61,36.05
2026-06-12 15:25:00,0,-241.6,219.2,-0.61,42.49,20.77,248.07,0.12,120.65,83.49,34.95
2026-06-12 15:30:00,0,-241.6,219.2,-0.61,42.83,23.04,268.08,0.11,124.1,85.03,34.89
2026-06-12 15:35:00,0,-241.6,219.2,-0.61,41.53,22.46,240.61,0.12,113.37,82.54,35.68
2026-06-12 15:40:00,0,-241.6,219.2,-0.61,41.94,21.57,322.4,0.06,154.41,92.01,34.66
2026-06-12 15:45:00,0,-241.6,219.2,-0.61,42.67,20.16,325.57,0.06,159.55,92.97,35.53
2026-06-12 15:50:00,0,-241.6,219.2,-0.61,42.04,21.15,230.9,0.13,105.27,80.51,33.09
2026-06-12 15:55:00,0,-241.6,219.2,-0.61,40.63,20.31,290.15,0.08,135.94,86.78,34.59
2026-06-12 16:00:00,0,-241.6,219.2,-0.61,41.65,21.2,273.15,0.09,126.03,84.77,34.58
2026-06-12 16:05:00,0,-241.6,219.2,-0.61,41.18,21.17,342.12,0.05,169.64,96.29,35.17
2026-06-12 16:10:00,0,-241.6,219.2,-0.61,41.77,20.33,267.88,0.09,125.65,84.38,34.69
2026-06-12 16:15:00,0,-241.6,219.2,-0.61,39.99,19.65,228.14,0.11,104.35,79.77,33.52
2026-06-12 16:20:00,0,-241.6,219.2,-0.61,42.39,17.92,329.76,0.05,152.31,90.13,32.2
2026-06-12 16:25:00,0,-241.6,219.2,-0.61,41.09,18.54,257.68,0.08,119.49,82.38,32.65
2026-06-12 16:30:00,0,-241.6,219.2,-0.61,40.91,20.12,336.56,0.06,149.54,90.17,34.1
2026-06-12 16:35:00,0,-241.6,219.2,-0.61,39.81,17.84,214.62,0.13,101.34,93.96,32.89
2026-06-12 16:40:00,0,-241.6,219.2,-0.61,41.99,17.31,223.06,0.1,107.98,79.63,35.3
2026-06-12 16:45:00,0,-241.6,219.2,-0.61,40.37,17.34,323.6,0.05,151.83,89.79,31.92
2026-06-12 16:50:00,0,-241.6,219.2,-0.61,40.8,15.31,192.38,0.11,95.43,76.65,33.17
2026-06-12 16:55:00,0,-241.6,219.2,-0.61,39.29,14.7,221.12,0.1,99.88,77.2,33.26
2026-06-12 17:00:00,0,-241.6,219.2,-0.61,40.08,13.89,213.96,0.1,99.99,76.93,31.62
2026-06-12 17:05:00,0,-241.6,219.2,-0.61,39.54,15.11,264.53,0.07,122.36,81.78,33.45
2026-06-12 17:10:00,0,-241.6,219.2,-0.61,40.22,16.73,243.83,0.09,118.79,81.61,32.94
2026-06-12 17:15:00,0,-241.6,219.2,-0.61,39.09,14.48,300.64,0.05,136.96,84.92,32.57
2026-06-12 17:20:00,0,-241.6,219.2,-0.61,38.77,12.32,134.32,0.22,67.85,81.21,31.39
2026-06-12 17:25:00,0,-241.6,219.2,-0.61,39.07,13.18,310.38,0.04,152.55,88.51,31.99
2026-06-12 17:30:00,0,-241.6,219.2,-0.61,39.15,10.83,377.62,0.03,182.11,96.57,31.61
2026-06-12 17:35:00,0,-241.6,219.2,-0.61,39.25,10.98,257.71,0.05,131.82,82.46,30.62
2026-06-12 17:40:00,0,-241.6,219.2,-0.61,38.8,13.72,281.47,0.06,134.71,84.13,29.85
2026-06-12 17:45:00,0,-241.6,219.2,-0.61,38.4,9.55,166.3,0.11,79.91,72.18,31.52
2026-06-12 17:50:00,0,-241.6,219.2,-0.61,37.62,9.41,264.17,0.05,136.27,98.87,31.87
2026-06-12 17:55:00,0,-241.6,219.2,-0.61,37.24,11.04,210.84,0.07,96.51,75.26,31.47
2026-06-12 18:00:00,0,-241.6,219.2,-0.61,37.77,8.51,226.14,0.05,112.36,77.31,28.84
2026-06-12 18:05:00,0,-241.6,219.2,-0.61,38.64,9.06,245.46,0.05,116.12,78.28,30.48
2026-06-12 18:10:00,0,-241.6,219.2,-0.61,37.16,8.14,285.53,0.03,130.74,81.16,30.61
2026-06-12 18:15:00,0,-241.6,219.2,-0.61,36.63,8.73,232.67,0.05,104.93,75.93,30.37
2026-06-12 18:20:00,0,-241.6,219.2,-0.61,38.24,7.9,282.49,0.03,137.24,82.65,30.22
2026-06-12 18:25:00,0,-241.6,219.2,-0.61,37.55,8.19,235.97,0.05,115.47,77.83,29.55
2026-06-12 18:30:00,0,-241.6,219.2,-0.61,36.62,7.1,245.11,0.04,115.41,77.42,30.0
2026-06-12 18:35:00,0,-241.6,219.2,-0.61,36.74,6.74,269.55,0.03,134.81,81.64,30.26
2026-06-12 18:40:00,0,-241.6,219.2,-0.61,36.89,6.95,242.46,0.04,123.61,79.13,31.32
2026-06-12 18:45:00,0,-241.6,219.2,-0.61,35.92,7.92,265.13,0.04,119.76,78.63,30.42
2026-06-12 18:50:00,0,-241.6,219.2,-0.61,36.32,5.98,335.81,0.02,167.91,90.38,28.91
2026-06-12 18:55:00,0,-241.6,219.2,-0.61,36.44,6.31,285.58,0.02,142.4,83.37,30.1
2026-06-12 19:00:00,0,-241.6,219.2,-0.61,35.97,6.52,232.03,0.04,103.49,74.87,30.65
2026-06-12 19:05:00,0,-241.6,219.2,-0.61,36.78,4.54,220.57,0.03,100.9,73.68,28.79
2026-06-12 19:10:00,0,-241.6,219.2,-0.61,34.54,4.79,251.94,0.02,125.39,78.73,28.91
2026-06-12 19:15:00,0,-241.6,219.2,-0.61,35.84,5.45,231.3,0.04,104.75,74.73,27.4
2026-06-12 19:20:00,0,-241.6,219.2,-0.61,35.3,4.85,338.59,0.01,150.51,84.97,28.15
2026-06-12 19:25:00,0,-241.6,219.2,-0.61,35.23,5.76,229.18,0.03,106.72,75.19,29.37
2026-06-12 19:30:00,0,-241.6,219.2,-0.61,34.8,4.21,279.9,0.02,130.32,79.66,28.16
2026-06-12 19:35:00,0,-241.6,219.2,-0.61,35.23,4.27,213.72,0.03,99.63,73.35,28.62
2026-06-12 19:40:00,0,-241.6,219.2,-0.61,35.25,3.82,281.46,0.01,140.18,81.91,29.55
2026-06-12 19:45:00,0,-241.6,219.2,-0.61,34.97,4.07,268.35,0.02,126.22,78.67,27.64
2026-06-12 19:50:00,0,-241.6,219.2,-0.61,34.9,3.55,254.88,0.02,124.8,78.16,28.49
2026-06-12 19:55:00,0,-241.6,219.2,-0.61,35.21,4.39,323.45,0.01,147.55,84.01,27.39
2026-06-12 20:00:00,0,-241.6,219.2,-0.61,34.71,3.39,264.37,0.01,126.39,78.45,28.85
2026-06-12 20:05:00,0,-241.6,219.2,-0.61,33.74,2.33,182.43,0.02,84.43,70.13,26.4
2026-06-12 20:10:00,0,-241.6,219.2,-0.61,33.79,5.01,258.53,0.02,117.46,77.07,26.22
2026-06-12 20:15:00,0,-241.6,219.2,-0.61,33.01,5.08,281.6,0.02,127.66,96.27,26.81
2026-06-12 20:20:00,0,-241.6,219.2,-0.61,34.1,5.82,313.92,0.02,153.07,86.03,27.32
2026-06-12 20:25:00,0,-241.6,219.2,-0.61,33.68,3.75,179.11,0.04,86.92,71.05,27.98
2026-06-12 20:30:00,0,-241.6,219.2,-0.61,33.47,3.82,329.83,0.01,153.63,85.46,27.42
2026-06-12 20:35:00,0,-241.6,219.2,-0.61,33.68,4.85,206.97,0.04,98.0,73.28,28.29
2026-06-12 20:40:00,0,-241.6,219.2,-0.61,33.89,5.09,296.52,0.02,134.51,80.97,25.43
2026-06-12 20:45:00,0,-241.6,219.2,-0.61,33.1,4.62,255.26,0.02,121.29,77.76,26.01
2026-06-12 20:50:00,0,-241.6,219.2,-0.61,33.2,5.82,287.96,0.02,137.83,82.04,25.71
2026-06-12 20:55:00,0,-241.6,219.2,-0.61,33.06,5.1,286.81,0.02,128.88,79.63,27.27
2026-06-12 21:00:00,0,-241.6,219.2,-0.61,33.95,4.94,246.05,0.02,120.77,77.76,27.83
2026-06-12 21:05:00,0,-241.6,219.2,-0.61,32.76,5.25,292.72,0.02,144.92,83.64,25.88
2026-06-12 21:10:00,0,-241.6,219.2,-0.61,33.1,5.38,276.53,0.02,128.26,79.59,26.51
2026-06-12 21:15:00,0,-241.6,219.2,-0.61,32.75,5.83,266.84,0.03,124.03,78.81,27.09
2026-06-12 21:20:00,0,-241.6,219.2,-0.61,33.24,6.45,229.77,0.04,106.27,75.36,26.4
2026-06-12 21:25:00,0,-241.6,219.2,-0.61,31.67,5.73,288.63,0.02,138.58,82.19,26.88
2026-06-12 21:30:00,0,-241.6,219.2,-0.61,32.66,8.28,295.45,0.03,130.79,81.21,26.57
2026-06-12 21:35:00,0,-241.6,219.2,-0.61,31.57,7.39,293.5,0.02,131.0,80.93,27.57
2026-06-12 21:40:00,0,-241.6,219.2,-0.61,32.39,6.77,342.08,0.02,159.3,88.11,26.77
2026-06-12 21:45:00,0,-241.6,219.2,-0.61,31.86,8.29,257.35,0.04,117.46,78.26,26.65
2026-06-12 21:50:00,0,-241.6,219.2,-0.61,31.86,6.74,321.24,0.02,159.55,88.17,26.47
2026-06-12 21:55:00,0,-241.6,219.2,-0.61,32.07,6.72,268.0,0.03,132.37,81.04,24.08
2026-06-12 22:00:00,0,-241.6,219.2,-0.61,31.98,8.37,200.51,0.06,101.86,75.25,25.03
2026-06-12 22:05:00,0,-241.6,219.2,-0.61,31.5,7.11,304.22,0.02,148.25,85.17,24.66
2026-06-12 22:10:00,0,-241.6,219.2,-0.61,31.07,7.29,250.87,0.04,120.38,89.39,24.72
2026-06-12 22:15:00,0,-241.6,219.2,-0.61,31.8,7.58,257.88,0.04,129.22,80.62,22.95
2026-06-12 22:20:00,0,-241.6,219.2,-0.61,31.93,8.9,221.17,0.05,108.11,76.59,24.72
2026-06-12 22:25:00,0,-241.6,219.2,-0.61,32.25,9.8,280.29,0.04,128.12,81.14,24.56
2026-06-12 22:30:00,0,-241.6,219.2,-0.61,32.1,8.82,266.98,0.04,126.5,80.43,25.7
2026-06-12 22:35:00,0,-241.6,219.2,-0.61,31.52,9.65,192.78,0.08,88.97,73.52,22.98
2026-06-12 22:40:00,0,-241.6,219.2,-0.61,31.42,9.09,178.5,0.09,80.34,72.03,23.07
2026-06-12 22:45:00,0,-241.6,219.2,-0.61,30.7,9.75,223.37,0.06,100.83,75.54,22.87
2026-06-12 22:50:00,0,-241.6,219.2,-0.61,30.14,9.35,316.61,0.03,143.81,84.8,22.46
2026-06-12 22:55:00,0,-241.6,219.2,-0.61,31.11,10.74,183.62,0.1,81.53,72.8,22.52
2026-06-12 23:00:00,0,-241.6,219.2,-0.61,31.57,10.39,333.85,0.03,161.34,89.98,23.34
2026-06-12 23:05:00,0,-241.6,219.2,-0.61,31.4,10.66,178.47,0.11,79.84,72.54,23.46
2026-06-12 23:10:00,0,-241.6,219.2,-0.61,30.26,10.23,252.5,0.05,117.01,78.86,23.36
2026-06-12 23:15:00,0,-241.6,219.2,-0.61,30.96,10.14,238.62,0.06,113.13,78.05,24.55
2026-06-12 23:20:00,0,-241.6,219.2,-0.61,30.76,11.38,254.77,0.06,122.27,80.42,22.72
2026-06-12 23:25:00,0,-241.6,219.2,-0.61,31.35,11.55,245.43,0.06,111.83,78.28,22.58
2026-06-12 23:30:00,0,-241.6,219.2,-0.61,29.84,11.55,212.48,0.08,99.6,75.99,24.82
2026-06-12 23:35:00,0,-241.6,219.2,-0.61,30.87,13.24,249.17,0.07,106.9,77.92,21.7
2026-06-12 23:40:00,0,-241.6,219.2,-0.61,30.15,12.59,254.87,0.06,124.14,81.25,23.07
2026-06-12 23:45:00,0,-241.6,219.2,-0.61,30.72,12.35,210.84,0.09,99.77,76.32,23.79
2026-06-12 23:50:00,0,-241.6,219.2,-0.61,30.17,12.95,285.31,0.05,129.57,82.6,21.69
2026-06-12 23:55:00,0,-241.6,219.2,-0.61,31.21,12.45,234.24,0.07,101.92,76.71,23.12
2026-06-13 00:00:00,0,110.8,646.8,-2.16,30.23,14.25,275.66,0.06,129.67,83.1,23.05
2026-06-13 00:05:00,0,110.8,646.8,-2.16,31.24,12.68,215.45,0.09,100.84,76.63,21.88
2026-06-13 00:10:00,0,110.8,646.8,-2.16,31.39,14.04,332.26,0.04,162.33,91.57,22.15
2026-06-13 00:15:00,0,110.8,646.8,-2.16,30.91,13.06,281.45,0.05,129.65,82.66,22.98
2026-06-13 00:20:00,0,110.8,646.8,-2.16,31.84,15.18,243.28,0.08,107.86,78.8,20.03
2026-06-13 00:25:00,0,110.8,646.8,-2.16,30.47,14.17,326.18,0.05,141.74,86.0,19.95
2026-06-13 00:30:00,0,110.8,646.8,-2.16,30.67,14.16,289.84,0.06,132.33,83.69,20.63
2026-06-13 00:35:00,0,110.8,646.8,-2.16,32.04,14.37,246.56,0.08,117.59,80.49,20.8
2026-06-13 00:40:00,0,110.8,646.8,-2.16,30.7,15.23,246.33,0.08,117.47,80.77,20.71
2026-06-13 00:45:00,0,110.8,646.8,-2.16,31.86,14.52,290.45,0.06,141.48,86.07,19.8
2026-06-13 00:50:00,0,110.8,646.8,-2.16,32.0,15.89,311.4,0.05,140.52,86.29,22.14
2026-06-13 00:55:00,0,110.8,646.8,-2.16,31.12,15.34,237.93,0.09,106.49,78.61,20.39
2026-06-13 01:00:00,0,110.8,646.8,-2.16,30.62,14.7,259.87,0.07,120.19,81.14,20.9
2026-06-13 01:05:00,0,110.8,646.8,-2.16,32.38,15.34,317.71,0.04,147.27,87.83,21.19
2026-06-13 01:10:00,0,110.8,646.8,-2.16,32.3,15.01,284.38,0.05,141.32,86.19,21.41
2026-06-13 01:15:00,0,110.8,646.8,-2.16,31.74,15.05,225.23,0.1,98.04,76.98,19.65
2026-06-13 01:20:00,0,110.8,646.8,-2.16,31.99,14.91,278.12,0.06,135.68,84.77,21.07
2026-06-13 01:25:00,0,110.8,646.8,-2.16,32.1,15.36,295.54,0.05,149.33,88.4,19.02
2026-06-13 01:30:00,0,110.8,646.8,-2.16,31.71,14.53,186.96,0.12,90.06,75.48,19.93
2026-06-13 01:35:00,0,110.8,646.8,-2.16,30.97,15.91,292.09,0.06,136.02,85.2,20.18
2026-06-13 01:40:00,0,110.8,646.8,-2.16,31.35,14.56,279.48,0.06,146.55,87.4,19.95
2026-06-13 01:45:00,0,110.8,646.8,-2.16,31.37,14.3,241.44,0.07,113.26,79.55,18.47
2026-06-13 01:50:00,0,110.8,646.8,-2.16,31.52,15.59,178.23,0.15,90.24,75.94,19.21
2026-06-13 01:55:00,0,110.8,646.8,-2.16,31.51,14.18,205.89,0.11,99.98,77.04,19.59
2026-06-13 02:00:00,0,110.8,646.8,-2.16,32.17,15.26,323.22,0.05,156.02,90.21,17.97
2026-06-13 02:05:00,0,110.8,646.8,-2.16,31.69,14.8,207.57,0.11,101.5,77.53,18.53
2026-06-13 02:10:00,0,110.8,646.8,-2.16,32.07,14.82,221.34,0.1,103.11,77.81,18.85
2026-06-13 02:15:00,0,110.8,646.8,-2.16,32.07,14.83,226.48,0.09,111.99,79.52,17.96
2026-06-13 02:20:00,0,110.8,646.8,-2.16,32.23,16.15,185.63,0.15,90.71,76.22,17.83
2026-06-13 02:25:00,0,110.8,646.8,-2.16,32.81,15.3,221.96,0.1,98.7,77.18,18.36
2026-06-13 02:30:00,0,110.8,646.8,-2.16,32.04,14.06,240.84,0.07,105.69,77.98,19.14
2026-06-13 02:35:00,0,110.8,646.8,-2.16,32.59,15.26,257.16,0.08,120.14,81.35,19.15
2026-06-13 02:40:00,0,110.8,646.8,-2.16,33.14,13.11,274.4,0.06,127.52,82.21,16.4
2026-06-13 02:45:00,0,110.8,646.8,-2.16,33.11,13.97,300.24,0.05,131.88,83.51,17.72
2026-06-13 02:50:00,0,110.8,646.8,-2.16,33.71,14.07,252.35,0.07,124.09,81.78,16.48
2026-06-13 02:55:00,0,110.8,646.8,-2.16,32.75,13.96,289.01,0.04,133.64,83.9,17.21
2026-06-13 03:00:00,0,110.8,646.8,-2.16,32.34,14.22,238.24,0.08,102.84,77.52,17.53
2026-06-13 03:05:00,0,110.8,646.8,-2.16,33.66,12.99,288.15,0.05,134.01,83.67,18.35
2026-06-13 03:10:00,0,110.8,646.8,-2.16,32.89,13.51,339.92,0.04,167.74,92.99,17.84
2026-06-13 03:15:00,0,110.8,646.8,-2.16,33.7,12.73,236.31,0.07,112.89,78.93,18.57
2026-06-13 03:20:00,0,110.8,646.8,-2.16,33.22,12.59,225.3,0.07,103.62,77.07,16.81
2026-06-13 03:25:00,0,110.8,646.8,-2.16,33.76,12.09,205.26,0.1,95.44,88.41,16.59
2026-06-13 03:30:00,0,110.8,646.8,-2.16,33.47,13.78,289.71,0.05,146.59,87.13,17.23
2026-06-13 03:35:00,0,110.8,646.8,-2.16,33.64,12.2,178.08,0.13,83.9,73.73,16.71
2026-06-13 03:40:00,0,110.8,646.8,-2.16,33.67,10.92,245.2,0.06,113.44,78.39,15.29
2026-06-13 03:45:00,0,110.8,646.8,-2.16,34.14,11.12,196.6,0.1,90.71,74.36,16.75
2026-06-13 03:50:00,0,110.8,646.8,-2.16,33.55,11.22,293.94,0.04,141.67,84.93,16.18
2026-06-13 03:55:00,0,110.8,646.8,-2.16,35.68,11.3,333.97,0.03,154.04,88.24,16.57
2026-06-13 04:00:00,0,110.8,646.8,-2.16,33.67,11.05,282.85,0.04,138.49,84.07,15.0
2026-06-13 04:05:00,0,110.8,646.8,-2.16,34.48,11.27,270.8,0.05,128.18,81.7,12.84
2026-06-13 04:10:00,0,110.8,646.8,-2.16,34.4,11.44,233.5,0.07,107.0,77.31,15.9
2026-06-13 04:15:00,0,110.8,646.8,-2.16,34.77,10.35,272.33,0.05,128.72,81.5,16.73
2026-06-13 04:20:00,0,110.8,646.8,-2.16,35.34,9.22,205.0,0.08,99.24,75.12,16.07
2026-06-13 04:25:00,0,110.8,646.8,-2.16,36.05,10.23,250.72,0.05,121.04,79.73,14.76
2026-06-13 04:30:00,0,110.8,646.8,-2.16,35.71,9.89,339.02,0.03,147.82,86.05,13.77
2026-06-13 04:35:00,0,110.8,646.8,-2.16,35.32,9.73,266.83,0.04,135.17,82.79,16.24
2026-06-13 04:40:00,0,110.8,646.8,-2.16,36.27,9.44,218.0,0.06,104.54,76.13,13.19
2026-06-13 04:45:00,0,110.8,646.8,-2.16,36.19,9.16,229.77,0.05,119.33,78.99,14.46
2026-06-13 04:50:00,0,110.8,646.8,-2.16,35.42,8.41,284.26,0.03,131.9,81.53,14.53
2026-06-13 04:55:00,0,110.8,646.8,-2.16,36.28,8.86,262.91,0.04,121.93,79.43,14.63
2026-06-13 05:00:00,0,110.8,646.8,-2.16,36.55,8.55,308.47,0.03,152.53,86.86,15.27
2026-06-13 05:05:00,0,110.8,646.8,-2.16,36.33,7.39,241.88,0.04,118.6,78.19,15.28
2026-06-13 05:10:00,0,110.8,646.8,-2.16,37.02,7.5,254.97,0.03,116.63,77.8,15.68
2026-06-13 05:15:00,0,110.8,646.8,-2.16,36.18,6.88,152.91,0.09,72.87,70.23,14.52
2026-06-13 05:20:00,0,110.8,646.8,-2.16,36.78,6.75,193.59,0.06,96.64,73.75,13.97
2026-06-13 05:25:00,0,110.8,646.8,-2.16,36.59,7.32,234.7,0.04,106.9,75.79,12.82
2026-06-13 05:30:00,0,110.8,646.8,-2.16,37.79,7.41,277.76,0.03,128.73,80.44,14.43
2026-06-13 05:35:00,0,110.8,646.8,-2.16,37.04,6.92,255.5,0.04,123.69,79.14,13.24
2026-06-13 05:40:00,0,110.8,646.8,-2.16,36.88,5.78,356.26,0.01,169.86,90.88,12.91
2026-06-13 05:45:00,0,110.8,646.8,-2.16,36.48,5.52,233.82,0.03,112.92,76.33,13.14
2026-06-13 05:50:00,0,110.8,646.8,-2.16,37.39,5.68,180.77,0.05,84.71,71.42,13.36
2026-06-13 05:55:00,0,110.8,646.8,-2.16,38.26,5.44,199.66,0.04,97.55,73.42,11.22
2026-06-13 06:00:00,0,110.8,646.8,-2.16,38.34,4.78,218.19,0.03,107.67,75.04,13.52
2026-06-13 06:05:00,0,110.8,646.8,-2.16,38.34,4.09,243.36,0.02,110.84,93.45,12.5
2026-06-13 06:10:00,0,110.8,646.8,-2.16,38.19,4.01,200.79,0.03,90.69,71.74,12.88
2026-06-13 06:15:00,0,110.8,646.8,-2.16,38.59,3.41,265.42,0.02,121.66,77.43,12.79
2026-06-13 06:20:00,0,110.8,646.8,-2.16,37.7,3.55,258.65,0.01,120.58,77.22,12.83
2026-06-13 06:25:00,0,110.8,646.8,-2.16,37.79,4.1,151.31,0.06,68.9,68.7,12.24
2026-06-13 06:30:00,0,110.8,646.8,-2.16,38.87,2.92,240.99,0.02,116.2,76.09,12.92
2026-06-13 06:35:00,0,110.8,646.8,-2.16,39.32,3.75,294.11,0.01,134.41,80.47,11.65
2026-06-13 06:40:00,0,110.8,646.8,-2.16,38.6,3.56,269.06,0.02,137.63,81.21,12.5
2026-06-13 06:45:00,0,110.8,646.8,-2.16,39.34,3.04,181.96,0.03,83.44,70.26,12.11
2026-06-13 06:50:00,0,110.8,646.8,-2.16,40.33,3.18,283.67,0.01,129.05,79.0,12.56
2026-06-13 06:55:00,0,110.8,646.8,-2.16,39.65,3.12,250.2,0.02,122.48,77.51,10.35
2026-06-13 07:00:00,0,110.8,646.8,-2.16,39.65,2.92,274.24,0.01,124.16,95.65,11.86
2026-06-13 07:05:00,0,110.8,646.8,-2.16,39.8,2.59,267.9,0.01,129.34,78.85,11.35
2026-06-13 07:10:00,0,110.8,646.8,-2.16,40.77,3.22,298.9,0.01,142.14,82.21,9.75
2026-06-13 07:15:00,0,110.8,646.8,-2.16,40.49,2.87,223.46,0.02,104.35,73.72,11.25
2026-06-13 07:20:00,0,110.8,646.8,-2.16,39.78,2.58,203.86,0.02,97.26,72.33,12.44
2026-06-13 07:25:00,0,110.8,646.8,-2.16,40.54,2.25,211.59,0.02,103.51,73.35,11.55
2026-06-13 07:30:00,0,110.8,646.8,-2.16,40.32,2.98,279.93,0.01,125.98,78.22,10.13
2026-06-13 07:35:00,0,110.8,646.8,-2.16,40.8,2.36,229.36,0.01,105.01,73.65,8.69
2026-06-13 07:40:00,0,110.8,646.8,-2.16,41.19,2.6,219.52,0.02,103.73,73.51,10.77
2026-06-13 07:45:00,0,110.8,646.8,-2.16,40.93,2.47,346.75,0.01,162.24,87.45,9.92
2026-06-13 07:50:00,0,110.8,646.8,-2.16,40.8,2.7,280.36,0.01,130.79,79.24,9.63
2026-06-13 07:55:00,0,110.8,646.8,-2.16,40.68,2.02,267.01,0.01,128.83,78.54,10.49
2026-06-13 08:00:00,0,110.8,646.8,-2.16,40.96,2.5,220.69,0.02,104.67,73.65,11.97
2026-06-13 08:05:00,0,110.8,646.8,-2.16,42.19,2.65,179.5,0.03,84.97,70.36,10.38
2026-06-13 08:10:00,0,110.8,646.8,-2.16,41.19,1.97,284.63,0.01,136.23,80.29,11.58
2026-06-13 08:15:00,0,110.8,646.8,-2.16,42.77,2.49,313.55,0.01,146.44,83.07,9.09
2026-06-13 08:20:00,0,110.8,646.8,-2.16,42.03,2.46,269.6,0.01,126.5,78.16,9.19
2026-06-13 08:25:00,0,110.8,646.8,-2.16,42.41,2.39,316.34,0.01,152.23,84.59,9.34
2026-06-13 08:30:00,0,110.8,646.8,-2.16,42.54,2.15,276.04,0.01,137.89,80.76,8.21
2026-06-13 08:35:00,0,110.8,646.8,-2.16,42.35,2.04,261.57,0.01,122.79,77.18,9.98
2026-06-13 08:40:00,0,110.8,646.8,-2.16,42.12,2.37,285.01,0.01,140.26,81.43,9.87
2026-06-13 08:45:00,0,110.8,646.8,-2.16,42.08,2.0,303.64,0.01,140.3,81.32,9.89
2026-06-13 08:50:00,0,110.8,646.8,-2.16,42.33,2.43,143.08,0.04,72.62,68.56,10.0
2026-06-13 08:55:00,0,110.8,646.8,-2.16,42.95,2.38,236.31,0.01,110.19,74.66,9.56
2026-06-13 09:00:00,0,110.8,646.8,-2.16,42.94,2.59,181.05,0.02,87.19,70.67,9.0
2026-06-13 09:05:00,0,110.8,646.8,-2.16,43.98,2.29,218.02,0.02,108.5,74.32,7.87
2026-06-13 09:10:00,0,110.8,646.8,-2.16,43.31,2.72,235.89,0.02,109.1,74.58,8.92
2026-06-13 09:15:00,0,110.8,646.8,-2.16,44.14,2.5,236.18,0.01,114.59,75.6,8.53
2026-06-13 09:20:00,0,110.8,646.8,-2.16,43.08,3.09,259.42,0.02,116.58,76.23,8.1
2026-06-13 09:25:00,0,110.8,646.8,-2.16,43.27,2.75,257.87,0.01,120.98,77.04,6.84
2026-06-13 09:30:00,0,110.8,646.8,-2.16,43.57,2.51,316.14,0.01,143.51,82.32,8.0
2026-06-13 09:35:00,0,110.8,646.8,-2.16,44.29,2.92,282.42,0.01,121.71,77.26,8.09
2026-06-13 09:40:00,0,110.8,646.8,-2.16,43.5,2.4,220.48,0.02,103.97,73.49,6.3
2026-06-13 09:45:00,0,110.8,646.8,-2.16,43.1,2.99,295.78,0.01,135.97,80.59,6.74
2026-06-13 09:50:00,0,110.8,646.8,-2.16,44.12,2.82,236.28,0.02,114.46,75.7,9.65
2026-06-13 09:55:00,0,110.8,646.8,-2.16,44.54,2.86,227.78,0.02,98.35,72.63,8.31
2026-06-13 10:00:00,0,110.8,646.8,-2.16,44.4,3.2,344.22,0.01,160.53,87.22,7.4
2026-06-13 10:05:00,0,110.8,646.8,-2.16,44.59,3.45,270.84,0.02,128.98,79.11,7.21
2026-06-13 10:10:00,0,110.8,646.8,-2.16,44.74,3.21,165.81,0.03,76.8,69.38,6.75
2026-06-13 10:15:00,0,110.8,646.8,-2.16,43.84,3.09,256.63,0.01,125.21,78.09,6.1
2026-06-13 10:20:00,0,110.8,646.8,-2.16,45.59,3.13,258.05,0.02,124.19,77.9,5.81
2026-06-13 10:25:00,0,110.8,646.8,-2.16,45.0,3.27,238.0,0.02,109.35,74.83,5.46
2026-06-13 10:30:00,0,110.8,646.8,-2.16,44.14,3.34,237.34,0.02,110.83,75.15,6.84
2026-06-13 10:35:00,0,110.8,646.8,-2.16,44.69,3.47,269.96,0.02,124.28,78.04,6.5
2026-06-13 10:40:00,0,110.8,646.8,-2.16,45.05,3.55,229.4,0.02,106.06,74.29,6.63
2026-06-13 10:45:00,0,110.8,646.8,-2.16,44.31,3.16,249.83,0.02,113.84,75.69,4.03
2026-06-13 10:50:00,0,110.8,646.8,-2.16,45.3,3.37,223.01,0.02,100.4,73.18,6.12
2026-06-13 10:55:00,0,110.8,646.8,-2.16,43.82,4.03,278.64,0.02,143.05,82.75,5.66
2026-06-13 11:00:00,0,110.8,646.8,-2.16,44.7,3.69,288.92,0.01,130.24,79.46,6.48
2026-06-13 11:05:00,0,110.8,646.8,-2.16,43.78,3.54,267.9,0.02,135.98,80.8,5.8
2026-06-13 11:10:00,0,110.8,646.8,-2.16,45.12,4.09,264.08,0.02,131.15,79.84,5.18
2026-06-13 11:15:00,0,110.8,646.8,-2.16,44.4,3.62,275.78,0.01,130.55,79.51,4.41
2026-06-13 11:20:00,0,110.8,646.8,-2.16,44.84,4.07,362.18,0.01,172.6,91.14,5.98
2026-06-13 11:25:00,0,110.8,646.8,-2.16,45.13,3.58,284.29,0.01,137.31,81.13,6.17
2026-06-13 11:30:00,0,110.8,646.8,-2.16,45.25,3.8,243.41,0.02,115.18,89.63,5.4
2026-06-13 11:35:00,0,110.8,646.8,-2.16,44.59,3.66,237.03,0.02,120.12,77.19,4.82
2026-06-13 11:40:00,0,110.8,646.8,-2.16,46.33,3.73,321.14,0.01,143.11,82.64,5.31
2026-06-13 11:45:00,0,110.8,646.8,-2.16,45.21,3.89,189.14,0.03,86.8,71.09,5.0
2026-06-13 11:50:00,0,110.8,646.8,-2.16,44.78,3.63,331.51,0.01,156.75,86.29,5.58
2026-06-13 11:55:00,0,110.8,646.8,-2.16,44.97,3.77,223.31,0.02,102.08,73.62,5.16
2026-06-13 12:00:00,0,110.8,646.8,-2.16,46.53,3.62,324.14,0.01,156.96,86.35,2.58
2026-06-13 12:05:00,0,110.8,646.8,-2.16,44.93,3.95,356.62,0.01,165.13,88.83,4.48
2026-06-13 12:10:00,0,110.8,646.8,-2.16,44.47,3.53,289.23,0.01,138.78,81.47,4.32
2026-06-13 12:15:00,0,110.8,646.8,-2.16,45.32,3.63,255.7,0.02,124.73,78.2,5.8
2026-06-13 12:20:00,0,110.8,646.8,-2.16,44.37,3.35,245.05,0.02,106.02,74.21,3.92
2026-06-13 12:25:00,0,110.8,646.8,-2.16,45.77,3.44,281.38,0.01,120.4,77.16,2.94
2026-06-13 12:30:00,0,110.8,646.8,-2.16,44.54,3.51,297.64,0.01,138.33,81.35,3.53
2026-06-13 12:35:00,0,110.8,646.8,-2.16,44.44,3.38,184.68,0.03,88.79,71.22,4.48
2026-06-13 12:40:00,0,110.8,646.8,-2.16,44.88,3.6,260.18,0.02,124.02,78.03,1.6
2026-06-13 12:45:00,0,110.8,646.8,-2.16,44.79,3.28,287.72,0.01,128.23,78.85,3.43
2026-06-13 12:50:00,0,110.8,646.8,-2.16,44.69,3.25,230.96,0.02,107.44,74.45,3.28
2026-06-13 12:55:00,0,110.8,646.8,-2.16,44.09,3.27,334.15,0.01,160.62,87.27,3.74
2026-06-13 13:00:00,0,110.8,646.8,-2.16,44.88,3.12,232.29,0.02,115.23,75.97,2.64
2026-06-13 13:05:00,0,110.8,646.8,-2.16,44.73,2.91,193.06,0.02,90.4,71.3,2.72
2026-06-13 13:10:00,0,110.8,646.8,-2.16,45.4,2.92,265.19,0.01,127.17,78.48,3.26
2026-06-13 13:15:00,0,110.8,646.8,-2.16,44.82,2.94,259.88,0.01,114.23,75.68,2.46
2026-06-13 13:20:00,0,110.8,646.8,-2.16,44.41,2.67,248.59,0.01,118.61,76.5,2.85
2026-06-13 13:25:00,0,110.8,646.8,-2.16,45.3,2.74,233.71,0.02,110.49,74.87,1.17
2026-06-13 13:30:00,0,110.8,646.8,-2.16,45.22,2.67,249.25,0.01,118.81,76.54,2.75
2026-06-13 13:35:00,0,110.8,646.8,-2.16,44.3,2.26,251.77,0.01,128.26,78.5,4.13
2026-06-13 13:40:00,0,110.8,646.8,-2.16,44.9,2.33,268.88,0.01,128.65,78.62,2.12
2026-06-13 13:45:00,0,110.8,646.8,-2.16,45.31,2.23,209.67,0.02,99.74,72.66,2.12
2026-06-13 13:50:00,0,110.8,646.8,-2.16,44.0,2.14,230.58,0.01,110.81,74.7,2.21
2026-06-13 13:55:00,0,110.8,646.8,-2.16,43.84,1.94,258.57,0.01,126.11,77.89,0.38
2026-06-13 14:00:00,0,110.8,646.8,-2.16,44.22,1.81,310.68,0.01,150.51,83.92,1.21
2026-06-13 14:05:00,0,110.8,646.8,-2.16,44.17,1.54,285.49,0.01,132.16,79.16,1.26
2026-06-13 14:10:00,0,110.8,646.8,-2.16,43.05,1.59,224.21,0.01,107.5,73.86,1.62
2026-06-13 14:15:00,0,110.8,646.8,-2.16,43.88,1.34,201.72,0.01,93.83,71.3,0.0
2026-06-13 14:20:00,0,110.8,646.8,-2.16,43.3,1.34,290.78,0.01,139.17,80.8,0.84
2026-06-13 14:25:00,0,110.8,646.8,-2.16,44.0,1.16,219.55,0.01,101.92,72.66,1.28
2026-06-13 14:30:00,0,110.8,646.8,-2.16,43.77,0.99,248.81,0.01,116.07,75.37,0.93
2026-06-13 14:35:00,0,110.8,646.8,-2.16,43.35,0.86,252.01,0.0,114.2,74.92,0.0
2026-06-13 14:40:00,0,110.8,646.8,-2.16,43.75,0.72,245.58,0.0,118.91,75.86,1.39
2026-06-13 14:45:00,0,110.8,646.8,-2.16,43.54,0.65,223.23,0.0,104.81,73.0,0.72
2026-06-13 14:50:00,0,110.8,646.8,-2.16,42.71,0.54,206.06,0.0,89.26,70.24,0.0
2026-06-13 14:55:00,0,110.8,646.8,-2.16,42.7,0.39,224.35,0.0,100.97,72.19,0.0
2026-06-13 15:00:00,0,110.8,646.8,-2.16,43.08,0.24,238.34,0.0,118.69,75.64,0.96
2026-06-13 15:05:00,0,110.8,646.8,-2.16,42.34,0.12,211.17,0.0,103.2,72.51,0.0
2026-06-13 15:10:00,0,110.8,646.8,-2.16,42.21,0.0,224.59,0.0,105.83,72.96,0.03
2026-06-13 15:15:00,0,110.8,646.8,-2.16,42.5,0.0,208.21,0.0,97.34,71.41,0.0
2026-06-13 15:20:00,0,110.8,646.8,-2.16,42.0,0.0,231.83,0.0,101.14,72.08,0.03
2026-06-13 15:25:00,0,110.8,646.8,-2.16,42.86,0.0,238.34,0.0,114.8,74.74,0.0
2026-06-13 15:30:00,0,110.8,646.8,-2.16,41.56,0.0,257.63,0.0,124.37,76.8,2.41
2026-06-13 15:35:00,0,110.8,646.8,-2.16,42.23,0.0,217.49,0.0,100.81,72.03,0.0
2026-06-13 15:40:00,0,110.8,646.8,-2.16,42.24,0.0,288.22,0.0,134.74,79.22,0.35
2026-06-13 15:45:00,0,110.8,646.8,-2.16,41.99,0.0,300.19,0.0,142.4,81.13,0.05
2026-06-13 15:50:00,0,110.8,646.8,-2.16,41.34,0.0,228.66,0.0,109.07,73.58,0.0
2026-06-13 15:55:00,0,110.8,646.8,-2.16,42.28,0.0,291.58,0.0,138.11,80.05,1.29
2026-06-13 16:00:00,0,110.8,646.8,-2.16,41.14,0.0,329.39,0.0,160.48,86.06,0.0
2026-06-13 16:05:00,0,110.8,646.8,-2.16,41.28,0.0,299.89,0.0,138.04,80.03,0.0
2026-06-13 16:10:00,0,110.8,646.8,-2.16,42.03,0.0,264.63,0.0,118.2,75.45,0.84
2026-06-13 16:15:00,0,110.8,646.8,-2.16,41.6,0.0,223.13,0.0,108.55,73.48,0.0
2026-06-13 16:20:00,0,110.8,646.8,-2.16,42.18,0.0,264.03,0.0,122.38,76.36,0.0
2026-06-13 16:25:00,0,110.8,646.8,-2.16,41.45,0.0,194.78,0.0,90.05,70.18,0.03
2026-06-13 16:30:00,0,110.8,646.8,-2.16,40.32,0.0,330.8,0.0,154.61,84.39,0.0
2026-06-13 16:35:00,0,110.8,646.8,-2.16,40.17,0.0,370.25,0.0,179.36,91.83,0.0
2026-06-13 16:40:00,0,110.8,646.8,-2.16,39.77,0.0,277.74,0.0,131.42,78.42,1.2
2026-06-13 16:45:00,0,110.8,646.8,-2.16,39.68,0.0,267.1,0.0,125.97,77.16,0.2
2026-06-13 16:50:00,0,110.8,646.8,-2.16,39.8,0.0,223.2,0.0,106.33,73.05,1.24
2026-06-13 16:55:00,0,110.8,646.8,-2.16,40.14,0.0,193.29,0.0,86.13,69.55,0.36
2026-06-13 17:00:00,0,110.8,646.8,-2.16,39.61,0.0,300.51,0.0,144.45,81.65,0.79
2026-06-13 17:05:00,0,110.8,646.8,-2.16,39.54,0.0,220.05,0.0,100.26,71.92,0.0
2026-06-13 17:10:00,0,110.8,646.8,-2.16,39.04,0.0,209.8,0.0,103.36,72.49,0.28
2026-06-13 17:15:00,0,110.8,646.8,-2.16,38.94,0.0,321.82,0.0,155.74,84.7,0.0
2026-06-13 17:20:00,0,110.8,646.8,-2.16,39.75,0.0,243.4,0.0,117.03,75.2,0.0
2026-06-13 17:25:00,0,110.8,646.8,-2.16,38.78,0.0,295.19,0.0,142.7,81.2,1.16
2026-06-13 17:30:00,0,110.8,646.8,-2.16,39.6,0.0,257.71,0.0,124.87,76.91,1.15
2026-06-13 17:35:00,0,110.8,646.8,-2.16,38.57,0.0,196.55,0.0,90.23,70.2,0.37
2026-06-13 17:40:00,0,110.8,646.8,-2.16,38.54,0.0,301.67,0.0,142.51,81.15,0.16
2026-06-13 17:45:00,0,110.8,646.8,-2.16,38.15,0.0,268.82,0.0,130.19,78.13,0.55
2026-06-13 17:50:00,0,110.8,646.8,-2.16,38.23,0.0,279.75,0.0,123.94,76.7,0.0
2026-06-13 17:55:00,0,110.8,646.8,-2.16,38.25,0.0,159.6,0.0,78.0,68.35,0.0
2026-06-13 18:00:00,0,110.8,646.8,-2.16,37.48,0.0,287.26,0.0,146.74,82.25,0.89
2026-06-13 18:05:00,0,110.8,646.8,-2.16,38.71,0.0,238.26,0.0,118.87,75.59,1.35
2026-06-13 18:10:00,0,110.8,646.8,-2.16,38.03,0.0,349.66,0.0,162.69,86.69,0.69
2026-06-13 18:15:00,0,110.8,646.8,-2.16,37.0,0.0,263.9,0.0,119.05,75.62,0.0
2026-06-13 18:20:00,0,110.8,646.8,-2.16,37.52,0.0,209.89,0.0,92.68,70.6,0.1
2026-06-13 18:25:00,0,110.8,646.8,-2.16,36.75,0.0,209.06,0.0,100.44,71.95,2.95
2026-06-13 18:30:00,0,110.8,646.8,-2.16,36.98,0.0,278.84,0.0,133.98,79.02,0.0
2026-06-13 18:35:00,0,110.8,646.8,-2.16,37.52,0.0,220.87,0.0,102.96,72.41,0.0
2026-06-13 18:40:00,0,110.8,646.8,-2.16,37.07,0.0,331.17,0.0,158.59,85.5,0.81
2026-06-13 18:45:00,0,110.8,646.8,-2.16,36.99,0.0,310.73,0.0,142.62,81.17,0.0
2026-06-13 18:50:00,0,110.8,646.8,-2.16,36.89,0.0,368.97,0.0,168.96,88.56,2.59
2026-06-13 18:55:00,0,110.8,646.8,-2.16,35.88,0.0,244.21,0.0,115.92,74.96,0.0
2026-06-13 19:00:00,0,110.8,646.8,-2.16,35.37,0.0,225.34,0.0,104.51,72.7,0.33
2026-06-13 19:05:00,0,110.8,646.8,-2.16,36.03,0.0,296.13,0.0,138.81,80.21,0.0
2026-06-13 19:10:00,0,110.8,646.8,-2.16,36.42,0.0,298.93,0.0,142.08,81.04,0.0
2026-06-13 19:15:00,0,110.8,646.8,-2.16,36.05,0.0,284.14,0.0,127.34,77.46,1.42
2026-06-13 19:20:00,0,110.8,646.8,-2.16,35.89,0.0,236.5,0.0,111.35,74.03,0.63
2026-06-13 19:25:00,0,110.8,646.8,-2.16,35.9,0.0,252.73,0.0,120.53,75.94,0.38
2026-06-13 19:30:00,0,110.8,646.8,-2.16,35.09,0.0,205.19,0.0,102.74,72.36,0.0
2026-06-13 19:35:00,0,110.8,646.8,-2.16,35.64,0.0,238.61,0.0,120.28,75.89,0.0
2026-06-13 19:40:00,0,110.8,646.8,-2.16,35.67,0.0,218.55,0.0,107.01,73.17,0.0
2026-06-13 19:45:00,0,110.8,646.8,-2.16,34.89,0.0,272.33,0.0,131.12,89.42,0.01
2026-06-13 19:50:00,0,110.8,646.8,-2.16,34.47,0.0,270.94,0.0,137.41,79.86,0.0
2026-06-13 19:55:00,0,110.8,646.8,-2.16,34.17,0.0,204.03,0.0,99.09,71.7,0.01
2026-06-13 20:00:00,0,110.8,646.8,-2.16,34.91,0.0,310.45,0.0,136.52,79.64,0.32
2026-06-13 20:05:00,0,110.8,646.8,-2.16,34.73,0.0,232.87,0.0,109.87,90.44,0.26
2026-06-13 20:10:00,0,110.8,646.8,-2.16,34.01,0.0,286.38,0.0,128.06,77.62,0.0
2026-06-13 20:15:00,0,110.8,646.8,-2.16,34.11,0.0,212.28,0.0,101.85,72.2,0.0
2026-06-13 20:20:00,0,110.8,646.8,-2.16,33.47,0.0,319.86,0.0,148.16,82.62,0.65
2026-06-13 20:25:00,0,110.8,646.8,-2.16,32.8,0.0,250.15,0.0,111.75,74.1,0.2
2026-06-13 20:30:00,0,110.8,646.8,-2.16,33.4,0.0,174.9,0.0,79.73,68.58,0.0
2026-06-13 20:35:00,0,110.8,646.8,-2.16,33.57,0.0,309.22,0.0,141.97,81.0,0.21
2026-06-13 20:40:00,0,110.8,646.8,-2.16,33.41,0.0,291.2,0.0,139.76,80.44,0.64
2026-06-13 20:45:00,0,110.8,646.8,-2.16,33.88,0.0,261.2,0.0,118.71,75.55,0.0
2026-06-13 20:50:00,0,110.8,646.8,-2.16,33.22,0.0,195.18,0.0,97.03,71.33,0.51
2026-06-13 20:55:00,0,110.8,646.8,-2.16,33.34,0.0,230.57,0.0,105.09,72.8,0.5
2026-06-13 21:00:00,0,110.8,646.8,-2.16,33.31,0.0,279.67,0.0,122.04,76.27,0.0
2026-06-13 21:05:00,0,110.8,646.8,-2.16,33.65,0.0,251.28,0.0,117.74,75.34,0.0
2026-06-13 21:10:00,0,110.8,646.8,-2.16,33.04,0.0,280.21,0.0,127.91,90.48,0.0
2026-06-13 21:15:00,0,110.8,646.8,-2.16,33.18,0.0,292.72,0.0,133.19,78.83,0.67
2026-06-13 21:20:00,0,110.8,646.8,-2.16,33.29,0.0,300.4,0.0,144.1,81.55,0.02
2026-06-13 21:25:00,0,110.8,646.8,-2.16,31.9,0.0,274.99,0.0,126.9,77.35,0.0
2026-06-13 21:30:00,0,110.8,646.8,-2.16,32.25,0.0,222.4,0.0,104.94,72.77,0.26
2026-06-13 21:35:00,0,110.8,646.8,-2.16,31.79,0.0,178.87,0.0,83.59,69.15,86.63
2026-06-13 21:40:00,0,110.8,646.8,-2.16,31.9,37.77,230.51,0.23,105.52,103.09,84.37
2026-06-13 21:45:00,0,110.8,646.8,-2.16,32.6,28.83,239.77,0.16,114.77,85.13,85.88
2026-06-13 21:50:00,0,110.8,646.8,-2.16,32.29,42.32,235.49,0.26,111.73,89.43,88.21
2026-06-13 21:55:00,0,110.8,646.8,-2.16,32.46,39.09,311.86,0.13,145.72,95.91,85.14
2026-06-13 22:00:00,0,110.8,646.8,-2.16,31.11,41.19,281.56,0.16,132.68,93.44,86.61
2026-06-13 22:05:00,0,110.8,646.8,-2.16,32.8,41.08,281.54,0.17,142.23,95.79,84.58
2026-06-13 22:10:00,0,110.8,646.8,-2.16,31.75,38.56,155.66,0.46,75.66,82.43,84.87
2026-06-13 22:15:00,0,110.8,646.8,-2.16,32.1,49.77,196.75,0.42,95.18,89.27,84.69
2026-06-13 22:20:00,0,110.8,646.8,-2.16,31.55,47.62,259.79,0.22,122.0,109.88,84.37
2026-06-13 22:25:00,0,110.8,646.8,-2.16,32.03,49.56,208.11,0.35,96.91,89.36,84.15
2026-06-13 22:30:00,0,110.8,646.8,-2.16,31.39,42.92,309.18,0.16,141.58,96.24,86.01
2026-06-13 22:35:00,0,110.8,646.8,-2.16,32.63,48.23,253.09,0.24,133.25,96.2,83.06
2026-06-13 22:40:00,0,110.8,646.8,-2.16,31.4,49.63,218.31,0.32,102.79,90.38,84.15
2026-06-13 22:45:00,0,110.8,646.8,-2.16,31.2,53.84,288.8,0.19,141.65,100.14,83.83
2026-06-13 22:50:00,0,110.8,646.8,-2.16,30.99,53.37,333.22,0.15,153.25,102.97,83.34
2026-06-13 22:55:00,0,110.8,646.8,-2.16,31.7,57.23,222.49,0.37,102.24,93.04,84.69
2026-06-13 23:00:00,0,110.8,646.8,-2.16,31.64,56.96,325.18,0.19,158.3,105.73,82.39
2026-06-13 23:05:00,0,110.8,646.8,-2.16,31.05,56.12,175.72,0.57,82.55,110.08,83.33
2026-06-13 23:10:00,0,110.8,646.8,-2.16,31.35,60.55,267.66,0.28,129.8,99.78,81.66
2026-06-13 23:15:00,0,110.8,646.8,-2.16,30.81,60.08,346.53,0.17,157.76,106.63,82.26
2026-06-13 23:20:00,0,110.8,646.8,-2.16,30.72,61.51,276.37,0.27,130.15,100.17,83.39
2026-06-13 23:25:00,0,110.8,646.8,-2.16,29.93,57.87,283.28,0.22,128.13,98.32,83.13
2026-06-13 23:30:00,0,110.8,646.8,-2.16,30.16,63.15,283.59,0.25,137.2,102.4,81.54
2026-06-13 23:35:00,0,110.8,646.8,-2.16,31.13,57.41,248.83,0.27,118.13,96.05,82.05
2026-06-13 23:40:00,0,110.8,646.8,-2.16,30.26,59.07,286.65,0.22,136.97,100.86,83.02
2026-06-13 23:45:00,0,110.8,646.8,-2.16,30.77,58.68,327.21,0.19,153.18,104.89,81.07
2026-06-13 23:50:00,0,110.8,646.8,-2.16,30.1,64.63,231.48,0.36,112.54,97.59,81.35
2026-06-13 23:55:00,0,110.8,646.8,-2.16,31.16,64.57,269.46,0.29,121.01,99.21,82.21
