datetime,tower_id,x_m,y_m,temperature_degC,effective_users,coverage_radius_m,coverage_load,tx_power_W,power_consumption_W,battery_soc_percent
2026-05-15 00:00:00,9,179.14,281.88,30.9,2.0,255.36,0.01,120.05,71.89,99.88
2026-05-15 00:05:00,9,179.14,281.88,32.13,1.0,277.95,0.0,130.67,73.92,99.75
2026-05-15 00:10:00,9,179.14,281.88,31.04,1.0,266.96,0.0,125.5,72.73,99.63
2026-05-15 00:15:00,9,179.14,281.88,31.53,2.0,200.46,0.02,94.24,66.94,99.51
2026-05-15 00:20:00,9,179.14,281.88,31.97,1.0,214.12,0.01,100.66,67.69,99.4
2026-05-15 00:25:00,9,179.14,281.88,30.62,3.0,266.66,0.01,125.36,73.41,99.27
2026-05-15 00:30:00,9,179.14,281.88,31.38,3.0,279.96,0.01,131.61,74.86,99.14
2026-05-15 00:35:00,9,179.14,281.88,30.98,1.0,247.51,0.01,116.36,70.76,99.02
2026-05-15 00:40:00,9,179.14,281.88,31.03,2.0,213.16,0.01,100.21,67.96,98.91
2026-05-15 00:45:00,9,179.14,281.88,30.92,6.0,261.36,0.03,122.87,73.95,98.78
2026-05-15 00:50:00,9,179.14,281.88,31.7,0.0,205.8,0.0,96.75,66.63,98.67
2026-05-15 00:55:00,9,179.14,281.88,32.02,6.0,322.34,0.02,151.54,81.01,98.53
2026-05-15 01:00:00,9,179.14,281.88,31.74,3.0,228.29,0.02,107.32,69.66,98.41
2026-05-15 01:05:00,9,179.14,281.88,31.28,2.0,266.65,0.01,125.36,73.07,98.28
2026-05-15 01:10:00,9,179.14,281.88,30.87,4.0,239.43,0.02,112.56,71.04,98.16
2026-05-15 01:15:00,9,179.14,281.88,31.76,1.0,221.05,0.01,103.92,68.29,98.05
2026-05-15 01:20:00,9,179.14,281.88,32.24,0.0,302.72,0.0,142.31,76.43,97.91
2026-05-15 01:25:00,9,179.14,281.88,31.29,3.0,292.76,0.01,137.63,76.32,97.78
2026-05-15 01:30:00,9,179.14,281.88,31.5,1.0,272.57,0.0,128.14,73.33,97.66
2026-05-15 01:35:00,9,179.14,281.88,31.25,2.0,262.55,0.01,123.43,72.63,97.53
2026-05-15 01:40:00,9,179.14,281.88,31.69,5.0,212.72,0.04,100.0,69.03,97.42
2026-05-15 01:45:00,9,179.14,281.88,31.36,1.0,241.18,0.01,113.38,70.14,97.3
2026-05-15 01:50:00,9,179.14,281.88,31.41,2.0,240.11,0.01,112.88,70.39,97.18
2026-05-15 01:55:00,9,179.14,281.88,32.21,1.0,270.77,0.0,127.29,73.14,97.05
2026-05-15 02:00:00,9,179.14,281.88,31.57,2.0,282.05,0.01,132.59,74.74,96.92
2026-05-15 02:05:00,9,179.14,281.88,32.5,0.0,226.01,0.0,106.25,68.36,96.81
2026-05-15 02:10:00,9,179.14,281.88,31.32,0.0,239.26,0.0,112.48,69.59,96.69
2026-05-15 02:15:00,9,179.14,281.88,32.3,2.0,243.0,0.01,114.24,70.67,96.57
2026-05-15 02:20:00,9,179.14,281.88,32.67,1.0,289.17,0.0,135.94,75.19,96.44
2026-05-15 02:25:00,9,179.14,281.88,32.79,2.0,202.71,0.02,95.3,67.12,96.32
2026-05-15 02:30:00,9,179.14,281.88,32.35,1.0,232.6,0.01,109.35,69.34,96.21
2026-05-15 02:35:00,9,179.14,281.88,32.6,2.0,274.46,0.01,129.03,73.91,96.08
2026-05-15 02:40:00,9,179.14,281.88,32.12,3.0,265.49,0.01,124.81,73.29,95.95
2026-05-15 02:45:00,9,179.14,281.88,32.87,0.0,268.03,0.0,126.01,72.5,95.83
2026-05-15 02:50:00,9,179.14,281.88,33.0,4.0,277.11,0.02,130.27,74.92,95.7
2026-05-15 02:55:00,9,179.14,281.88,33.31,5.0,206.64,0.04,97.15,68.53,95.58
2026-05-15 03:00:00,9,179.14,281.88,34.21,1.0,266.77,0.0,125.41,72.71,95.46
2026-05-15 03:05:00,9,179.14,281.88,33.08,1.0,283.22,0.0,133.14,74.51,95.33
2026-05-15 03:10:00,9,179.14,281.88,32.63,1.0,223.17,0.01,104.92,68.48,95.22
2026-05-15 03:15:00,9,179.14,281.88,33.18,2.0,241.68,0.01,113.62,70.54,95.1
2026-05-15 03:20:00,9,179.14,281.88,33.4,1.0,244.12,0.01,114.76,70.43,94.98
2026-05-15 03:25:00,9,179.14,281.88,33.68,2.0,263.88,0.01,124.05,72.78,94.85
2026-05-15 03:30:00,9,179.14,281.88,34.63,2.0,228.86,0.01,107.59,69.35,94.73
2026-05-15 03:35:00,9,179.14,281.88,34.25,4.0,215.49,0.03,101.3,68.9,94.61
2026-05-15 03:40:00,9,179.14,281.88,33.59,0.0,265.72,0.0,124.92,72.25,94.49
2026-05-15 03:45:00,9,179.14,281.88,34.21,1.0,242.24,0.01,113.88,70.25,94.37
2026-05-15 03:50:00,9,179.14,281.88,34.75,4.0,277.45,0.02,130.43,74.96,94.24
2026-05-15 03:55:00,9,179.14,281.88,34.0,2.0,222.61,0.01,104.65,68.78,94.13
2026-05-15 04:00:00,9,179.14,281.88,34.04,1.0,225.36,0.01,105.95,68.68,94.01
2026-05-15 04:05:00,9,179.14,281.88,34.55,1.0,255.61,0.0,120.17,71.55,93.89
2026-05-15 04:10:00,9,179.14,281.88,34.47,1.0,304.32,0.0,143.07,76.98,93.75
2026-05-15 04:15:00,9,179.14,281.88,34.59,1.0,248.64,0.01,116.89,70.87,93.63
2026-05-15 04:20:00,9,179.14,281.88,34.96,1.0,277.7,0.0,130.55,73.9,93.51
2026-05-15 04:25:00,9,179.14,281.88,35.65,0.0,259.08,0.0,121.8,71.56,93.38
2026-05-15 04:30:00,9,179.14,281.88,34.75,1.0,256.7,0.0,120.68,71.67,93.26
2026-05-15 04:35:00,9,179.14,281.88,36.34,2.0,259.74,0.01,122.11,72.35,93.14
2026-05-15 04:40:00,9,179.14,281.88,35.99,1.0,226.36,0.01,106.42,68.77,93.02
2026-05-15 04:45:00,9,179.14,281.88,36.14,1.0,252.0,0.01,118.47,71.21,92.9
2026-05-15 04:50:00,9,179.14,281.88,36.14,0.0,240.25,0.0,112.95,69.69,92.78
2026-05-15 04:55:00,9,179.14,281.88,35.69,0.0,262.7,0.0,123.5,71.94,92.66
2026-05-15 05:00:00,9,179.14,281.88,36.41,0.0,250.19,0.0,117.62,70.66,92.54
2026-05-15 05:05:00,9,179.14,281.88,37.19,1.0,276.38,0.0,129.93,73.76,92.41
2026-05-15 05:10:00,9,179.14,281.88,36.01,0.0,246.97,0.0,116.1,70.34,92.29
2026-05-15 05:15:00,9,179.14,281.88,36.98,0.0,239.68,0.0,112.68,69.64,92.17
2026-05-15 05:20:00,9,179.14,281.88,35.71,2.0,267.56,0.01,125.79,73.17,92.05
2026-05-15 05:25:00,9,179.14,281.88,36.38,5.0,182.09,0.05,85.6,66.66,91.93
2026-05-15 05:30:00,9,179.14,281.88,36.93,1.0,247.16,0.01,116.2,70.73,91.81
2026-05-15 05:35:00,9,179.14,281.88,37.19,3.0,290.69,0.01,136.66,76.09,91.68
2026-05-15 05:40:00,9,179.14,281.88,38.31,1.0,246.77,0.01,116.01,70.7,91.56
2026-05-15 05:45:00,9,179.14,281.88,36.61,0.0,238.31,0.0,112.04,69.51,91.44
2026-05-15 05:50:00,9,179.14,281.88,38.67,1.0,202.05,0.01,94.99,66.71,91.33
2026-05-15 05:55:00,9,179.14,281.88,37.86,2.0,246.95,0.01,116.1,71.07,91.21
2026-05-15 06:00:00,9,179.14,281.88,38.23,1.0,268.1,0.0,126.04,72.86,91.08
2026-05-15 06:05:00,9,179.14,281.88,38.29,1.0,270.31,0.0,127.08,73.1,90.96
2026-05-15 06:10:00,9,179.14,281.88,38.22,1.0,219.55,0.01,103.21,68.17,90.84
2026-05-15 06:15:00,9,179.14,281.88,39.08,1.0,271.29,0.0,127.54,73.21,90.71
2026-05-15 06:20:00,9,179.14,281.88,37.81,2.0,233.79,0.01,109.91,69.81,90.6
2026-05-15 06:25:00,9,179.14,281.88,39.06,0.0,243.11,0.0,114.29,69.97,90.48
2026-05-15 06:30:00,9,179.14,281.88,39.03,1.0,231.97,0.01,109.05,69.29,90.36
2026-05-15 06:35:00,9,179.14,281.88,39.07,2.0,279.19,0.01,131.25,74.44,90.23
2026-05-15 06:40:00,9,179.14,281.88,38.57,0.0,246.79,0.0,116.02,70.33,90.11
2026-05-15 06:45:00,9,179.14,281.88,39.49,1.0,280.52,0.0,131.88,74.22,89.98
2026-05-15 06:50:00,9,179.14,281.88,38.68,0.0,254.67,0.0,119.73,71.12,89.86
2026-05-15 06:55:00,9,179.14,281.88,39.91,0.0,208.65,0.0,98.09,66.88,89.75
2026-05-15 07:00:00,9,179.14,281.88,38.92,0.0,273.51,0.0,128.58,73.1,89.62
2026-05-15 07:05:00,9,179.14,281.88,40.83,0.0,238.67,0.0,112.2,69.55,89.5
2026-05-15 07:10:00,9,179.14,281.88,40.15,0.0,244.04,0.0,114.73,70.07,89.38
2026-05-15 07:15:00,9,179.14,281.88,40.44,1.0,264.67,0.0,124.42,72.5,89.26
2026-05-15 07:20:00,9,179.14,281.88,41.09,1.0,234.91,0.01,110.43,69.57,89.14
2026-05-15 07:25:00,9,179.14,281.88,40.68,1.0,259.9,0.0,122.18,72.0,89.02
2026-05-15 07:30:00,9,179.14,281.88,40.92,0.0,273.95,0.0,128.79,73.15,88.89
2026-05-15 07:35:00,9,179.14,281.88,40.39,1.0,268.35,0.0,126.15,72.89,88.77
2026-05-15 07:40:00,9,179.14,281.88,40.18,1.0,208.85,0.01,98.19,67.27,88.65
2026-05-15 07:45:00,9,179.14,281.88,40.91,0.0,260.73,0.0,122.57,71.74,88.53
2026-05-15 07:50:00,9,179.14,281.88,41.03,0.0,233.11,0.0,109.59,69.03,88.41
2026-05-15 07:55:00,9,179.14,281.88,40.28,0.0,260.22,0.0,122.33,71.69,88.29
2026-05-15 08:00:00,9,179.14,281.88,41.69,0.0,293.15,0.0,137.81,75.31,88.16
2026-05-15 08:05:00,9,179.14,281.88,40.18,0.0,282.15,0.0,132.64,74.05,88.03
2026-05-15 08:10:00,9,179.14,281.88,41.7,1.0,238.45,0.01,112.1,69.9,87.92
2026-05-15 08:15:00,9,179.14,281.88,41.6,1.0,256.27,0.0,120.48,71.64,87.79
2026-05-15 08:20:00,9,179.14,281.88,41.21,1.0,252.21,0.01,118.57,71.24,87.67
2026-05-15 08:25:00,9,179.14,281.88,41.25,1.0,282.5,0.0,132.81,74.45,87.54
2026-05-15 08:30:00,9,179.14,281.88,42.48,1.0,242.56,0.01,114.03,70.3,87.42
2026-05-15 08:35:00,9,179.14,281.88,42.97,0.0,276.01,0.0,129.76,73.38,87.3
2026-05-15 08:40:00,9,179.14,281.88,42.23,0.0,206.29,0.0,96.98,66.69,87.18
2026-05-15 08:45:00,9,179.14,281.88,41.95,1.0,272.51,0.0,128.11,73.34,87.06
2026-05-15 08:50:00,9,179.14,281.88,43.28,0.0,221.25,0.0,104.01,67.96,86.94
2026-05-15 08:55:00,9,179.14,281.88,42.94,0.0,252.27,0.0,118.6,70.88,86.82
2026-05-15 09:00:00,9,179.14,281.88,43.1,0.0,272.57,0.0,128.14,73.0,86.7
2026-05-15 09:05:00,9,179.14,281.88,42.98,1.0,232.63,0.01,109.36,69.36,86.58
2026-05-15 09:10:00,9,179.14,281.88,42.58,0.0,285.07,0.0,134.02,74.39,86.45
2026-05-15 09:15:00,9,179.14,281.88,43.1,0.0,251.57,0.0,118.27,70.81,86.33
2026-05-15 09:20:00,9,179.14,281.88,42.44,0.0,233.92,0.0,109.97,69.11,86.21
2026-05-15 09:25:00,9,179.14,281.88,44.03,1.0,264.32,0.0,124.26,72.47,86.09
2026-05-15 09:30:00,9,179.14,281.88,43.91,1.0,253.1,0.0,118.99,71.32,85.97
2026-05-15 09:35:00,9,179.14,281.88,43.73,1.0,257.26,0.0,120.94,71.74,85.84
2026-05-15 09:40:00,9,179.14,281.88,43.52,0.0,237.02,0.0,111.43,69.4,85.73
2026-05-15 09:45:00,9,179.14,281.88,44.36,0.0,245.55,0.0,115.44,70.22,85.61
2026-05-15 09:50:00,9,179.14,281.88,43.6,0.0,267.6,0.0,125.8,72.47,85.48
2026-05-15 09:55:00,9,179.14,281.88,44.36,1.0,261.82,0.0,123.08,72.21,85.36
2026-05-15 10:00:00,9,179.14,281.88,43.65,2.0,255.91,0.01,120.31,71.97,85.23
2026-05-15 10:05:00,9,179.14,281.88,44.43,1.0,242.66,0.01,114.08,70.31,85.11
2026-05-15 10:10:00,9,179.14,281.88,44.9,0.0,235.42,0.0,110.67,69.25,85.0
2026-05-15 10:15:00,9,179.14,281.88,43.9,1.0,274.65,0.0,129.12,73.58,84.87
2026-05-15 10:20:00,9,179.14,281.88,44.58,1.0,269.78,0.0,126.83,73.06,84.75
2026-05-15 10:25:00,9,179.14,281.88,44.67,0.0,258.68,0.0,121.61,71.54,84.62
2026-05-15 10:30:00,9,179.14,281.88,45.27,2.0,292.15,0.01,137.35,75.93,84.49
2026-05-15 10:35:00,9,179.14,281.88,44.94,0.0,190.51,0.0,89.56,65.45,84.38
2026-05-15 10:40:00,9,179.14,281.88,43.99,0.0,223.55,0.0,105.1,68.17,84.27
2026-05-15 10:45:00,9,179.14,281.88,45.08,0.0,251.34,0.0,118.16,70.8,84.14
2026-05-15 10:50:00,9,179.14,281.88,44.48,1.0,292.49,0.0,137.5,75.59,84.02
2026-05-15 10:55:00,9,179.14,281.88,44.42,0.0,248.64,0.0,116.89,70.52,83.89
2026-05-15 11:00:00,9,179.14,281.88,45.12,2.0,216.94,0.01,101.99,68.31,83.78
2026-05-15 11:05:00,9,179.14,281.88,44.73,2.0,290.46,0.01,136.55,75.73,83.65
2026-05-15 11:10:00,9,179.14,281.88,45.59,1.0,287.88,0.0,135.34,75.07,83.52
2026-05-15 11:15:00,9,179.14,281.88,45.18,0.0,269.7,0.0,126.79,72.7,83.4
2026-05-15 11:20:00,9,179.14,281.88,44.66,3.0,269.83,0.01,126.85,73.78,83.27
2026-05-15 11:25:00,9,179.14,281.88,44.44,2.0,257.19,0.01,120.91,72.11,83.15
2026-05-15 11:30:00,9,179.14,281.88,44.86,1.0,225.74,0.01,106.12,68.73,83.03
2026-05-15 11:35:00,9,179.14,281.88,44.82,1.0,271.51,0.0,127.64,73.24,82.9
2026-05-15 11:40:00,9,179.14,281.88,45.44,2.0,206.86,0.01,97.25,67.46,82.79
2026-05-15 11:45:00,9,179.14,281.88,44.71,3.0,268.54,0.01,126.25,73.64,82.66
2026-05-15 11:50:00,9,179.14,281.88,44.9,1.0,257.53,0.0,121.07,71.77,82.54
2026-05-15 11:55:00,9,179.14,281.88,44.68,0.0,224.58,0.0,105.58,68.26,82.42
2026-05-15 12:00:00,9,179.14,281.88,44.74,4.0,247.2,0.02,116.21,71.82,82.3
2026-05-15 12:05:00,9,179.14,281.88,44.99,1.0,230.78,0.01,108.49,69.19,82.18
2026-05-15 12:10:00,9,179.14,281.88,44.53,7.0,300.84,0.02,141.43,78.72,82.05
2026-05-15 12:15:00,9,179.14,281.88,44.7,1.0,304.88,0.0,143.33,77.07,81.92
2026-05-15 12:20:00,9,179.14,281.88,44.94,2.0,304.55,0.01,143.17,77.4,81.78
2026-05-15 12:25:00,9,179.14,281.88,44.59,1.0,226.71,0.01,106.58,68.82,81.67
2026-05-15 12:30:00,9,179.14,281.88,44.6,0.0,261.02,0.0,122.71,71.78,81.54
2026-05-15 12:35:00,9,179.14,281.88,44.97,1.0,266.9,0.0,125.48,72.75,81.42
2026-05-15 12:40:00,9,179.14,281.88,44.49,0.0,288.36,0.0,135.56,74.77,81.29
2026-05-15 12:45:00,9,179.14,281.88,44.58,3.0,277.44,0.01,130.43,74.61,81.16
2026-05-15 12:50:00,9,179.14,281.88,44.96,2.0,230.83,0.01,108.52,69.55,81.05
2026-05-15 12:55:00,9,179.14,281.88,44.72,6.0,293.58,0.02,138.02,77.51,80.91
2026-05-15 13:00:00,9,179.14,281.88,43.38,1.0,280.65,0.0,131.94,74.24,80.79
2026-05-15 13:05:00,9,179.14,281.88,44.7,5.0,229.7,0.03,107.99,70.53,80.67
2026-05-15 13:10:00,9,179.14,281.88,44.71,4.0,308.9,0.01,145.22,78.63,80.53
2026-05-15 13:15:00,9,179.14,281.88,45.71,1.0,244.05,0.01,114.73,70.45,80.41
2026-05-15 13:20:00,9,179.14,281.88,44.94,1.0,276.3,0.0,129.89,73.76,80.28
2026-05-15 13:25:00,9,179.14,281.88,44.13,2.0,279.39,0.01,131.35,74.47,80.16
2026-05-15 13:30:00,9,179.14,281.88,44.31,2.0,248.03,0.01,116.6,71.18,80.04
2026-05-15 13:35:00,9,179.14,281.88,44.47,1.0,260.4,0.0,122.42,72.07,79.91
2026-05-15 13:40:00,9,179.14,281.88,43.85,7.0,275.78,0.03,129.65,75.86,79.78
2026-05-15 13:45:00,9,179.14,281.88,44.21,1.0,250.91,0.01,117.96,71.12,79.66
2026-05-15 13:50:00,9,179.14,281.88,43.22,2.0,267.03,0.01,125.53,73.13,79.54
2026-05-15 13:55:00,9,179.14,281.88,44.53,1.0,217.58,0.01,102.29,68.02,79.42
2026-05-15 14:00:00,9,179.14,281.88,44.03,5.0,296.64,0.02,139.46,77.52,79.29
2026-05-15 14:05:00,9,179.14,281.88,43.41,3.0,263.36,0.01,123.81,73.09,79.16
2026-05-15 14:10:00,9,179.14,281.88,43.52,3.0,244.11,0.02,114.76,71.17,79.04
2026-05-15 14:15:00,9,179.14,281.88,43.6,3.0,181.4,0.03,85.28,65.88,78.93
2026-05-15 14:20:00,9,179.14,281.88,43.41,4.0,301.67,0.01,141.82,77.75,78.8
2026-05-15 14:25:00,9,179.14,281.88,43.69,1.0,249.96,0.01,117.51,71.02,78.67
2026-05-15 14:30:00,9,179.14,281.88,43.43,1.0,230.83,0.01,108.52,69.19,78.56
2026-05-15 14:35:00,9,179.14,281.88,42.97,1.0,219.22,0.01,103.06,68.15,78.44
2026-05-15 14:40:00,9,179.14,281.88,43.94,2.0,276.0,0.01,129.75,74.1,78.31
2026-05-15 14:45:00,9,179.14,281.88,43.71,3.0,238.54,0.02,112.14,70.63,78.19
2026-05-15 14:50:00,9,179.14,281.88,43.5,2.0,253.73,0.01,119.28,71.75,78.07
2026-05-15 14:55:00,9,179.14,281.88,42.42,1.0,226.74,0.01,106.59,68.82,77.95
2026-05-15 15:00:00,9,179.14,281.88,43.74,3.0,286.33,0.01,134.61,75.6,77.82
2026-05-15 15:05:00,9,179.14,281.88,42.19,2.0,289.58,0.01,136.13,75.62,77.69
2026-05-15 15:10:00,9,179.14,281.88,43.5,1.0,222.22,0.01,104.47,68.42,77.58
2026-05-15 15:15:00,9,179.14,281.88,41.81,1.0,252.69,0.0,118.8,71.27,77.45
2026-05-15 15:20:00,9,179.14,281.88,41.98,1.0,275.63,0.0,129.58,73.68,77.33
2026-05-15 15:25:00,9,179.14,281.88,42.19,2.0,223.41,0.01,105.03,68.87,77.21
2026-05-15 15:30:00,9,179.14,281.88,40.96,1.0,283.99,0.0,133.51,74.61,77.08
2026-05-15 15:35:00,9,179.14,281.88,42.24,1.0,274.45,0.0,129.02,73.55,76.96
2026-05-15 15:40:00,9,179.14,281.88,42.15,3.0,288.86,0.01,135.8,75.89,76.83
2026-05-15 15:45:00,9,179.14,281.88,41.24,4.0,239.95,0.02,112.81,71.11,76.71
2026-05-15 15:50:00,9,179.14,281.88,42.45,0.0,268.53,0.0,126.24,72.57,76.58
2026-05-15 15:55:00,9,179.14,281.88,43.35,2.0,276.82,0.01,130.14,74.19,76.46
2026-05-15 16:00:00,9,179.14,281.88,40.98,1.0,267.15,0.0,125.59,72.77,76.33
2026-05-15 16:05:00,9,179.14,281.88,40.7,0.0,286.54,0.0,134.71,74.55,76.2
2026-05-15 16:10:00,9,179.14,281.88,40.81,2.0,285.82,0.01,134.37,75.19,76.08
2026-05-15 16:15:00,9,179.14,281.88,40.57,1.0,244.25,0.01,114.83,70.46,75.95
2026-05-15 16:20:00,9,179.14,281.88,41.3,1.0,265.46,0.0,124.8,72.59,75.83
2026-05-15 16:25:00,9,179.14,281.88,41.14,4.0,267.38,0.02,125.7,73.88,75.7
2026-05-15 16:30:00,9,179.14,281.88,41.05,1.0,288.58,0.0,135.66,75.13,75.58
2026-05-15 16:35:00,9,179.14,281.88,40.31,1.0,267.54,0.0,125.77,72.81,75.45
2026-05-15 16:40:00,9,179.14,281.88,40.48,1.0,273.85,0.0,128.74,73.49,75.33
2026-05-15 16:45:00,9,179.14,281.88,40.41,1.0,215.09,0.01,101.12,67.79,75.21
2026-05-15 16:50:00,9,179.14,281.88,41.12,2.0,280.72,0.01,131.97,74.62,75.08
2026-05-15 16:55:00,9,179.14,281.88,39.91,0.0,236.95,0.0,111.4,69.39,74.96
2026-05-15 17:00:00,9,179.14,281.88,38.94,0.0,249.95,0.0,117.5,70.64,74.84
2026-05-15 17:05:00,9,179.14,281.88,39.71,0.0,247.54,0.0,116.37,70.41,74.72
2026-05-15 17:10:00,9,179.14,281.88,39.1,1.0,241.49,0.01,113.53,70.19,74.6
2026-05-15 17:15:00,9,179.14,281.88,39.44,1.0,288.98,0.0,135.86,75.18,74.47
2026-05-15 17:20:00,9,179.14,281.88,39.35,0.0,250.29,0.0,117.67,70.68,74.35
2026-05-15 17:25:00,9,179.14,281.88,38.56,1.0,286.92,0.0,134.88,74.94,74.23
2026-05-15 17:30:00,9,179.14,281.88,39.13,1.0,281.1,0.0,132.15,74.28,74.1
2026-05-15 17:35:00,9,179.14,281.88,38.92,1.0,249.64,0.01,117.36,70.98,73.98
2026-05-15 17:40:00,9,179.14,281.88,39.15,1.0,282.68,0.0,132.89,74.46,73.85
2026-05-15 17:45:00,9,179.14,281.88,37.51,1.0,240.61,0.01,113.11,70.1,73.73
2026-05-15 17:50:00,9,179.14,281.88,38.22,2.0,237.46,0.01,111.63,70.15,73.61
2026-05-15 17:55:00,9,179.14,281.88,38.08,1.0,255.59,0.0,120.15,71.56,73.49
2026-05-15 18:00:00,9,179.14,281.88,37.35,0.0,278.54,0.0,130.95,73.65,73.36
2026-05-15 18:05:00,9,179.14,281.88,37.23,1.0,223.0,0.01,104.84,68.48,73.25
2026-05-15 18:10:00,9,179.14,281.88,37.76,1.0,290.67,0.0,136.65,75.37,73.12
2026-05-15 18:15:00,9,179.14,281.88,37.37,0.0,249.15,0.0,117.13,70.56,73.0
2026-05-15 18:20:00,9,179.14,281.88,37.47,2.0,271.31,0.01,127.55,73.58,72.87
2026-05-15 18:25:00,9,179.14,281.88,37.19,1.0,257.43,0.0,121.02,71.74,72.75
2026-05-15 18:30:00,9,179.14,281.88,36.93,0.0,263.14,0.0,123.71,71.99,72.62
2026-05-15 18:35:00,9,179.14,281.88,37.26,1.0,245.02,0.01,115.19,70.52,72.5
2026-05-15 18:40:00,9,179.14,281.88,36.67,0.0,250.51,0.0,117.77,70.69,72.38
2026-05-15 18:45:00,9,179.14,281.88,36.23,0.0,276.08,0.0,129.79,73.37,72.26
2026-05-15 18:50:00,9,179.14,281.88,37.7,0.0,269.25,0.0,126.58,72.63,72.13
2026-05-15 18:55:00,9,179.14,281.88,36.87,0.0,257.46,0.0,121.04,71.4,72.01
2026-05-15 19:00:00,9,179.14,281.88,36.14,1.0,208.61,0.01,98.07,67.24,71.9
2026-05-15 19:05:00,9,179.14,281.88,36.12,0.0,250.62,0.0,117.82,70.7,71.78
2026-05-15 19:10:00,9,179.14,281.88,35.98,1.0,250.17,0.01,117.61,71.03,71.65
2026-05-15 19:15:00,9,179.14,281.88,35.05,1.0,305.68,0.0,143.7,77.14,71.52
2026-05-15 19:20:00,9,179.14,281.88,35.05,1.0,229.27,0.01,107.78,69.03,71.4
2026-05-15 19:25:00,9,179.14,281.88,35.99,0.0,294.04,0.0,138.23,75.41,71.28
2026-05-15 19:30:00,9,179.14,281.88,35.17,0.0,209.68,0.0,98.57,66.95,71.16
2026-05-15 19:35:00,9,179.14,281.88,35.99,0.0,244.63,0.0,115.01,70.12,71.04
2026-05-15 19:40:00,9,179.14,281.88,34.37,0.0,283.58,0.0,133.32,74.2,70.91
2026-05-15 19:45:00,9,179.14,281.88,34.67,0.0,225.55,0.0,106.04,68.33,70.8
2026-05-15 19:50:00,9,179.14,281.88,34.5,1.0,231.24,0.01,108.71,69.21,70.68
2026-05-15 19:55:00,9,179.14,281.88,34.06,0.0,256.95,0.0,120.8,71.34,70.56
2026-05-15 20:00:00,9,179.14,281.88,35.37,0.0,239.35,0.0,112.52,69.6,70.44
2026-05-15 20:05:00,9,179.14,281.88,34.45,1.0,264.52,0.0,124.36,72.48,70.31
2026-05-15 20:10:00,9,179.14,281.88,33.97,0.0,259.15,0.0,121.83,71.57,70.19
2026-05-15 20:15:00,9,179.14,281.88,33.91,1.0,258.46,0.0,121.51,71.85,70.07
2026-05-15 20:20:00,9,179.14,281.88,33.85,0.0,307.93,0.0,144.76,77.07,69.94
2026-05-15 20:25:00,9,179.14,281.88,33.72,1.0,258.71,0.0,121.63,71.87,69.81
2026-05-15 20:30:00,9,179.14,281.88,34.07,1.0,237.89,0.01,111.84,69.83,69.7
2026-05-15 20:35:00,9,179.14,281.88,34.99,0.0,229.1,0.0,107.7,68.65,69.58
2026-05-15 20:40:00,9,179.14,281.88,34.02,0.0,288.34,0.0,135.56,74.75,69.45
2026-05-15 20:45:00,9,179.14,281.88,32.43,0.0,258.17,0.0,121.37,71.46,69.33
2026-05-15 20:50:00,9,179.14,281.88,34.16,0.0,255.94,0.0,120.32,71.24,69.21
2026-05-15 20:55:00,9,179.14,281.88,33.57,2.0,209.5,0.01,98.49,67.66,69.09
2026-05-15 21:00:00,9,179.14,281.88,33.71,0.0,281.22,0.0,132.21,73.94,68.96
2026-05-15 21:05:00,9,179.14,281.88,32.41,0.0,278.92,0.0,131.12,73.68,68.84
2026-05-15 21:10:00,9,179.14,281.88,33.03,1.0,274.87,0.0,129.22,73.58,68.71
2026-05-15 21:15:00,9,179.14,281.88,32.39,0.0,283.89,0.0,133.46,74.23,68.59
2026-05-15 21:20:00,9,179.14,281.88,31.77,1.0,225.88,0.01,106.19,68.72,68.47
2026-05-15 21:25:00,9,179.14,281.88,32.78,2.0,223.56,0.01,105.1,68.87,68.35
2026-05-15 21:30:00,9,179.14,281.88,32.22,3.0,232.31,0.02,109.21,70.03,68.23
2026-05-15 21:35:00,9,179.14,281.88,32.62,1.0,261.32,0.0,122.85,72.14,68.11
2026-05-15 21:40:00,9,179.14,281.88,32.72,3.0,207.34,0.02,97.47,67.85,67.99
2026-05-15 21:45:00,9,179.14,281.88,32.48,0.0,202.29,0.0,95.1,66.34,67.88
2026-05-15 21:50:00,9,179.14,281.88,31.56,1.0,200.72,0.01,94.36,66.59,67.76
2026-05-15 21:55:00,9,179.14,281.88,31.35,2.0,196.53,0.02,92.39,66.62,67.65
2026-05-15 22:00:00,9,179.14,281.88,32.21,0.0,251.36,0.0,118.17,70.77,67.53
2026-05-15 22:05:00,9,179.14,281.88,32.0,0.0,266.89,0.0,125.47,72.37,67.41
2026-05-15 22:10:00,9,179.14,281.88,31.55,0.0,267.85,0.0,125.92,72.47,67.28
2026-05-15 22:15:00,9,179.14,281.88,31.85,0.0,290.46,0.0,136.55,74.98,67.15
2026-05-15 22:20:00,9,179.14,281.88,31.43,1.0,208.34,0.01,97.95,67.21,67.04
2026-05-15 22:25:00,9,179.14,281.88,32.05,2.0,261.67,0.01,123.02,72.54,66.92
2026-05-15 22:30:00,9,179.14,281.88,31.29,0.0,272.01,0.0,127.87,72.92,66.79
2026-05-15 22:35:00,9,179.14,281.88,30.94,3.0,257.01,0.01,120.83,72.41,66.67
2026-05-15 22:40:00,9,179.14,281.88,31.46,0.0,203.01,0.0,95.44,66.4,66.55
2026-05-15 22:45:00,9,179.14,281.88,31.02,1.0,252.59,0.0,118.75,71.24,66.43
2026-05-15 22:50:00,9,179.14,281.88,31.2,1.0,258.4,0.0,121.48,71.83,66.31
2026-05-15 22:55:00,9,179.14,281.88,30.76,1.0,252.15,0.01,118.54,71.22,66.19
2026-05-15 23:00:00,9,179.14,281.88,30.97,1.0,262.52,0.0,123.41,72.26,66.06
2026-05-15 23:05:00,9,179.14,281.88,30.28,1.0,249.16,0.01,117.13,70.92,65.94
2026-05-15 23:10:00,9,179.14,281.88,30.65,1.0,284.58,0.0,133.79,74.66,65.81
2026-05-15 23:15:00,9,179.14,281.88,31.46,1.0,264.94,0.0,124.55,72.51,65.69
2026-05-15 23:20:00,9,179.14,281.88,30.41,1.0,289.41,0.0,136.05,75.21,65.56
2026-05-15 23:25:00,9,179.14,281.88,30.16,1.0,261.43,0.0,122.9,72.14,65.44
2026-05-15 23:30:00,9,179.14,281.88,30.9,0.0,241.53,0.0,113.55,69.81,65.32
2026-05-15 23:35:00,9,179.14,281.88,30.06,2.0,280.87,0.01,132.04,74.61,65.19
2026-05-15 23:40:00,9,179.14,281.88,31.1,0.0,270.96,0.0,127.38,72.81,65.07
2026-05-15 23:45:00,9,179.14,281.88,30.83,1.0,238.47,0.01,112.11,69.88,64.95
2026-05-15 23:50:00,9,179.14,281.88,30.43,1.0,233.0,0.01,109.54,69.37,64.83
2026-05-15 23:55:00,9,179.14,281.88,30.71,0.0,276.25,0.0,129.87,73.38,64.7
2026-05-16 00:00:00,9,179.14,281.88,31.35,1.0,263.84,0.0,124.04,72.4,64.58
2026-05-16 00:05:00,9,179.14,281.88,30.34,1.0,275.97,0.0,129.74,73.7,64.45
2026-05-16 00:10:00,9,179.14,281.88,30.88,2.0,317.1,0.01,149.07,78.92,64.32
2026-05-16 00:15:00,9,179.14,281.88,31.58,0.0,285.78,0.0,134.35,74.45,64.19
2026-05-16 00:20:00,9,179.14,281.88,30.79,1.0,248.75,0.01,116.94,70.88,64.07
2026-05-16 00:25:00,9,179.14,281.88,31.54,1.0,250.25,0.01,117.65,71.03,63.95
2026-05-16 00:30:00,9,179.14,281.88,31.62,4.0,217.46,0.03,102.23,69.07,63.83
2026-05-16 00:35:00,9,179.14,281.88,30.78,6.0,242.64,0.03,114.07,72.07,63.71
2026-05-16 00:40:00,9,179.14,281.88,31.02,1.0,268.36,0.0,126.16,72.88,63.58
2026-05-16 00:45:00,9,179.14,281.88,30.46,4.0,244.41,0.02,114.9,71.52,63.46
2026-05-16 00:50:00,9,179.14,281.88,30.04,3.0,262.23,0.01,123.28,72.95,63.34
2026-05-16 00:55:00,9,179.14,281.88,30.58,1.0,256.38,0.0,120.53,71.63,63.21
2026-05-16 01:00:00,9,179.14,281.88,31.06,4.0,285.39,0.02,134.17,75.84,63.09
2026-05-16 01:05:00,9,179.14,281.88,31.42,0.0,218.4,0.0,102.67,67.69,62.97
2026-05-16 01:10:00,9,179.14,281.88,31.38,2.0,252.59,0.01,118.74,71.61,62.85
2026-05-16 01:15:00,9,179.14,281.88,31.1,0.0,225.98,0.0,106.24,68.36,62.73
2026-05-16 01:20:00,9,179.14,281.88,31.69,1.0,275.85,0.0,129.68,73.69,62.6
2026-05-16 01:25:00,9,179.14,281.88,31.85,0.0,297.26,0.0,139.75,75.78,62.47
2026-05-16 01:30:00,9,179.14,281.88,31.49,1.0,254.37,0.0,119.58,71.42,62.35
2026-05-16 01:35:00,9,179.14,281.88,31.7,1.0,251.22,0.01,118.1,71.13,62.23
2026-05-16 01:40:00,9,179.14,281.88,31.9,3.0,288.41,0.01,135.59,75.82,62.1
2026-05-16 01:45:00,9,179.14,281.88,31.75,0.0,260.37,0.0,122.41,71.69,61.98
2026-05-16 01:50:00,9,179.14,281.88,31.41,2.0,219.08,0.01,103.0,68.47,61.86
2026-05-16 01:55:00,9,179.14,281.88,31.78,1.0,302.8,0.0,142.35,76.79,61.73
2026-05-16 02:00:00,9,179.14,281.88,32.07,2.0,201.6,0.02,94.78,67.03,61.62
2026-05-16 02:05:00,9,179.14,281.88,31.73,1.0,241.89,0.01,113.72,70.21,61.5
2026-05-16 02:10:00,9,179.14,281.88,32.56,3.0,208.85,0.02,98.18,67.97,61.38
2026-05-16 02:15:00,9,179.14,281.88,31.72,3.0,297.12,0.01,139.68,76.83,61.25
2026-05-16 02:20:00,9,179.14,281.88,31.81,2.0,250.54,0.01,117.79,71.41,61.13
2026-05-16 02:25:00,9,179.14,281.88,31.83,2.0,267.31,0.01,125.67,73.14,61.0
2026-05-16 02:30:00,9,179.14,281.88,32.32,1.0,255.71,0.0,120.21,71.56,60.88
2026-05-16 02:35:00,9,179.14,281.88,32.33,1.0,275.62,0.0,129.58,73.67,60.75
2026-05-16 02:40:00,9,179.14,281.88,32.41,0.0,247.16,0.0,116.19,70.35,60.63
2026-05-16 02:45:00,9,179.14,281.88,33.59,6.0,293.22,0.02,137.85,77.45,60.5
2026-05-16 02:50:00,9,179.14,281.88,32.94,2.0,251.49,0.01,118.23,71.51,60.38
2026-05-16 02:55:00,9,179.14,281.88,32.32,2.0,190.01,0.02,89.33,66.13,60.27
2026-05-16 03:00:00,9,179.14,281.88,32.95,1.0,195.74,0.01,92.02,66.2,60.15
2026-05-16 03:05:00,9,179.14,281.88,32.94,0.0,289.61,0.0,136.15,74.89,60.02
2026-05-16 03:10:00,9,179.14,281.88,33.47,0.0,266.79,0.0,125.42,72.36,59.9
2026-05-16 03:15:00,9,179.14,281.88,32.5,1.0,239.58,0.01,112.63,69.99,59.78
2026-05-16 03:20:00,9,179.14,281.88,33.36,0.0,235.19,0.0,110.57,69.21,59.66
2026-05-16 03:25:00,9,179.14,281.88,33.68,4.0,228.55,0.02,107.44,70.04,59.54
2026-05-16 03:30:00,9,179.14,281.88,32.9,3.0,241.59,0.02,113.57,70.9,59.42
2026-05-16 03:35:00,9,179.14,281.88,34.32,1.0,261.57,0.0,122.97,72.17,59.3
2026-05-16 03:40:00,9,179.14,281.88,34.19,3.0,239.34,0.02,112.52,70.69,59.18
2026-05-16 03:45:00,9,179.14,281.88,34.25,0.0,270.16,0.0,127.01,72.73,59.05
2026-05-16 03:50:00,9,179.14,281.88,34.75,3.0,284.6,0.01,133.8,75.39,58.92
2026-05-16 03:55:00,9,179.14,281.88,34.2,1.0,245.48,0.01,115.41,70.56,58.8
2026-05-16 04:00:00,9,179.14,281.88,34.41,2.0,264.99,0.01,124.58,72.9,58.68
2026-05-16 04:05:00,9,179.14,281.88,33.97,2.0,223.16,0.01,104.91,68.83,58.56
2026-05-16 04:10:00,9,179.14,281.88,35.85,3.0,297.27,0.01,139.75,76.86,58.43
2026-05-16 04:15:00,9,179.14,281.88,35.37,1.0,250.49,0.01,117.76,71.06,58.31
2026-05-16 04:20:00,9,179.14,281.88,35.54,1.0,249.02,0.01,117.07,70.91,58.19
2026-05-16 04:25:00,9,179.14,281.88,35.5,1.0,240.22,0.01,112.93,70.06,58.07
2026-05-16 04:30:00,9,179.14,281.88,35.33,1.0,269.11,0.0,126.51,72.96,57.94
2026-05-16 04:35:00,9,179.14,281.88,35.18,4.0,238.13,0.02,111.95,70.93,57.82
2026-05-16 04:40:00,9,179.14,281.88,35.18,3.0,268.27,0.01,126.12,73.59,57.7
2026-05-16 04:45:00,9,179.14,281.88,34.41,1.0,286.7,0.0,134.78,74.91,57.57
2026-05-16 04:50:00,9,179.14,281.88,35.2,1.0,232.17,0.01,109.15,69.3,57.45
2026-05-16 04:55:00,9,179.14,281.88,37.17,2.0,287.56,0.01,135.19,75.38,57.32
2026-05-16 05:00:00,9,179.14,281.88,36.34,0.0,252.33,0.0,118.62,70.87,57.2
2026-05-16 05:05:00,9,179.14,281.88,35.65,0.0,256.77,0.0,120.71,71.32,57.08
2026-05-16 05:10:00,9,179.14,281.88,37.23,0.0,241.57,0.0,113.57,69.82,56.96
2026-05-16 05:15:00,9,179.14,281.88,37.63,0.0,240.27,0.0,112.95,69.7,56.84
2026-05-16 05:20:00,9,179.14,281.88,36.28,2.0,221.31,0.01,104.04,68.67,56.72
2026-05-16 05:25:00,9,179.14,281.88,36.99,0.0,225.86,0.0,106.18,68.36,56.61
2026-05-16 05:30:00,9,179.14,281.88,37.7,0.0,255.57,0.0,120.15,71.21,56.48
2026-05-16 05:35:00,9,179.14,281.88,38.11,0.0,239.66,0.0,112.67,69.64,56.36
2026-05-16 05:40:00,9,179.14,281.88,37.06,1.0,242.83,0.01,114.16,70.31,56.24
2026-05-16 05:45:00,9,179.14,281.88,37.35,0.0,218.04,0.0,102.51,67.67,56.13
2026-05-16 05:50:00,9,179.14,281.88,37.95,2.0,251.84,0.01,118.4,71.55,56.01
2026-05-16 05:55:00,9,179.14,281.88,38.47,2.0,284.49,0.01,133.75,75.04,55.88
2026-05-16 06:00:00,9,179.14,281.88,37.5,0.0,227.73,0.0,107.06,68.53,55.76
2026-05-16 06:05:00,9,179.14,281.88,37.74,2.0,279.61,0.01,131.45,74.49,55.63
2026-05-16 06:10:00,9,179.14,281.88,38.2,2.0,264.74,0.01,124.46,72.88,55.51
2026-05-16 06:15:00,9,179.14,281.88,38.19,1.0,266.83,0.0,125.44,72.73,55.39
2026-05-16 06:20:00,9,179.14,281.88,38.76,1.0,260.78,0.0,122.6,72.09,55.26
2026-05-16 06:25:00,9,179.14,281.88,38.39,0.0,221.91,0.0,104.32,68.01,55.15
2026-05-16 06:30:00,9,179.14,281.88,38.89,0.0,257.07,0.0,120.85,71.36,55.02
2026-05-16 06:35:00,9,179.14,281.88,38.54,2.0,211.08,0.01,99.23,67.8,54.91
2026-05-16 06:40:00,9,179.14,281.88,38.05,0.0,259.79,0.0,122.13,71.64,54.79
2026-05-16 06:45:00,9,179.14,281.88,39.32,1.0,265.49,0.0,124.81,72.59,54.66
2026-05-16 06:50:00,9,179.14,281.88,39.88,0.0,241.24,0.0,113.41,69.79,54.54
2026-05-16 06:55:00,9,179.14,281.88,39.45,0.0,261.4,0.0,122.89,71.81,54.42
2026-05-16 07:00:00,9,179.14,281.88,40.07,3.0,219.97,0.02,103.41,68.93,54.3
2026-05-16 07:05:00,9,179.14,281.88,40.31,0.0,273.12,0.0,128.4,73.06,54.18
2026-05-16 07:10:00,9,179.14,281.88,40.08,1.0,217.29,0.01,102.15,67.98,54.06
2026-05-16 07:15:00,9,179.14,281.88,40.01,1.0,269.77,0.0,126.82,73.04,53.94
2026-05-16 07:20:00,9,179.14,281.88,40.59,2.0,273.01,0.01,128.35,73.77,53.81
2026-05-16 07:25:00,9,179.14,281.88,41.26,1.0,265.64,0.0,124.88,72.61,53.69
2026-05-16 07:30:00,9,179.14,281.88,40.58,0.0,245.06,0.0,115.21,70.17,53.57
2026-05-16 07:35:00,9,179.14,281.88,40.57,0.0,239.54,0.0,112.61,69.63,53.45
2026-05-16 07:40:00,9,179.14,281.88,40.54,0.0,289.09,0.0,135.91,74.84,53.32
2026-05-16 07:45:00,9,179.14,281.88,40.87,0.0,192.79,0.0,90.63,65.61,53.21
2026-05-16 07:50:00,9,179.14,281.88,41.06,1.0,240.37,0.01,113.0,70.08,53.09
2026-05-16 07:55:00,9,179.14,281.88,40.8,0.0,237.31,0.0,111.56,69.42,52.97
2026-05-16 08:00:00,9,179.14,281.88,41.17,0.0,273.86,0.0,128.75,73.14,52.84
2026-05-16 08:05:00,9,179.14,281.88,41.8,0.0,274.63,0.0,129.11,73.22,52.72
2026-05-16 08:10:00,9,179.14,281.88,42.01,0.0,261.67,0.0,123.02,71.84,52.6
2026-05-16 08:15:00,9,179.14,281.88,42.69,1.0,299.69,0.0,140.89,76.44,52.46
2026-05-16 08:20:00,9,179.14,281.88,42.07,1.0,285.97,0.0,134.44,74.84,52.34
2026-05-16 08:25:00,9,179.14,281.88,42.87,0.0,262.39,0.0,123.36,71.92,52.21
2026-05-16 08:30:00,9,179.14,281.88,41.68,0.0,252.82,0.0,118.86,70.94,52.09
2026-05-16 08:35:00,9,179.14,281.88,43.29,0.0,237.54,0.0,111.67,69.45,51.97
2026-05-16 08:40:00,9,179.14,281.88,43.56,0.0,267.33,0.0,125.68,72.44,51.85
2026-05-16 08:45:00,9,179.14,281.88,42.6,0.0,243.82,0.0,114.62,70.05,51.73
2026-05-16 08:50:00,9,179.14,281.88,42.06,1.0,293.42,0.0,137.94,75.7,51.6
2026-05-16 08:55:00,9,179.14,281.88,42.17,0.0,260.73,0.0,122.58,71.75,51.48
2026-05-16 09:00:00,9,179.14,281.88,43.14,1.0,238.99,0.01,112.35,69.96,51.36
2026-05-16 09:05:00,9,179.14,281.88,42.92,0.0,283.74,0.0,133.39,74.24,51.23
2026-05-16 09:10:00,9,179.14,281.88,43.48,0.0,264.47,0.0,124.33,72.14,51.11
2026-05-16 09:15:00,9,179.14,281.88,42.54,1.0,248.72,0.01,116.93,70.9,50.99
2026-05-16 09:20:00,9,179.14,281.88,43.68,0.0,236.03,0.0,110.96,69.31,50.87
2026-05-16 09:25:00,9,179.14,281.88,43.52,1.0,273.02,0.0,128.35,73.4,50.74
2026-05-16 09:30:00,9,179.14,281.88,43.9,0.0,281.92,0.0,132.54,74.04,50.62
2026-05-16 09:35:00,9,179.14,281.88,43.4,0.0,276.78,0.0,130.12,73.46,50.49
2026-05-16 09:40:00,9,179.14,281.88,43.59,0.0,258.33,0.0,121.44,71.5,50.37
2026-05-16 09:45:00,9,179.14,281.88,44.35,2.0,269.32,0.01,126.61,73.37,50.24
2026-05-16 09:50:00,9,179.14,281.88,44.0,1.0,262.39,0.0,123.35,72.27,50.12
2026-05-16 09:55:00,9,179.14,281.88,43.55,1.0,227.82,0.01,107.1,68.92,50.0
2026-05-16 10:00:00,9,179.14,281.88,43.48,1.0,321.72,0.0,151.25,79.16,49.87
2026-05-16 10:05:00,9,179.14,281.88,44.42,0.0,262.97,0.0,123.63,71.98,49.74
2026-05-16 10:10:00,9,179.14,281.88,43.97,0.0,259.39,0.0,121.94,71.61,49.62
2026-05-16 10:15:00,9,179.14,281.88,43.77,0.0,277.63,0.0,130.52,73.56,49.5
2026-05-16 10:20:00,9,179.14,281.88,43.62,1.0,301.54,0.0,141.76,76.66,49.37
2026-05-16 10:25:00,9,179.14,281.88,45.15,3.0,305.01,0.01,143.39,77.8,49.23
2026-05-16 10:30:00,9,179.14,281.88,44.22,0.0,262.7,0.0,123.5,71.95,49.11
2026-05-16 10:35:00,9,179.14,281.88,43.22,1.0,230.03,0.01,108.14,69.12,48.99
2026-05-16 10:40:00,9,179.14,281.88,44.92,2.0,253.78,0.01,119.31,71.76,48.87
2026-05-16 10:45:00,9,179.14,281.88,44.04,1.0,249.39,0.01,117.24,70.97,48.75
2026-05-16 10:50:00,9,179.14,281.88,43.87,1.0,241.34,0.01,113.46,70.18,48.63
2026-05-16 10:55:00,9,179.14,281.88,45.08,1.0,282.27,0.0,132.7,74.43,48.5
2026-05-16 11:00:00,9,179.14,281.88,44.31,0.0,299.95,0.0,141.01,76.12,48.37
2026-05-16 11:05:00,9,179.14,281.88,44.56,0.0,284.02,0.0,133.52,74.27,48.24
2026-05-16 11:10:00,9,179.14,281.88,44.42,0.0,274.9,0.0,129.23,73.26,48.12
2026-05-16 11:15:00,9,179.14,281.88,44.66,1.0,263.02,0.0,123.65,72.34,47.99
2026-05-16 11:20:00,9,179.14,281.88,46.0,0.0,244.85,0.0,115.11,70.16,47.87
2026-05-16 11:25:00,9,179.14,281.88,45.27,1.0,267.93,0.0,125.96,72.86,47.75
2026-05-16 11:30:00,9,179.14,281.88,44.4,0.0,256.91,0.0,120.78,71.36,47.63
2026-05-16 11:35:00,9,179.14,281.88,44.91,1.0,239.34,0.01,112.52,69.99,47.51
2026-05-16 11:40:00,9,179.14,281.88,45.05,1.0,260.09,0.0,122.27,72.03,47.38
2026-05-16 11:45:00,9,179.14,281.88,44.47,2.0,254.69,0.01,119.74,71.85,47.26
2026-05-16 11:50:00,9,179.14,281.88,45.09,0.0,218.11,0.0,102.54,67.69,47.15
2026-05-16 11:55:00,9,179.14,281.88,45.16,2.0,250.27,0.01,117.66,71.41,47.02
2026-05-16 12:00:00,9,179.14,281.88,44.56,0.0,246.74,0.0,116.0,70.34,46.9
2026-05-16 12:05:00,9,179.14,281.88,44.75,0.0,212.83,0.0,100.05,67.24,46.79
2026-05-16 12:10:00,9,179.14,281.88,44.55,0.0,279.78,0.0,131.53,73.8,46.66
2026-05-16 12:15:00,9,179.14,281.88,45.73,1.0,320.45,0.0,150.65,79.01,46.53
2026-05-16 12:20:00,9,179.14,281.88,44.43,1.0,268.26,0.0,126.11,72.89,46.4
2026-05-16 12:25:00,9,179.14,281.88,44.93,0.0,280.54,0.0,131.89,73.88,46.28
2026-05-16 12:30:00,9,179.14,281.88,44.77,2.0,289.5,0.01,136.1,75.62,46.15
2026-05-16 12:35:00,9,179.14,281.88,45.21,2.0,254.32,0.01,119.56,71.81,46.03
2026-05-16 12:40:00,9,179.14,281.88,45.08,1.0,220.7,0.01,103.76,68.29,45.91
2026-05-16 12:45:00,9,179.14,281.88,45.29,0.0,254.52,0.0,119.66,71.12,45.79
2026-05-16 12:50:00,9,179.14,281.88,45.37,1.0,269.03,0.0,126.48,72.98,45.66
2026-05-16 12:55:00,9,179.14,281.88,44.51,4.0,266.75,0.02,125.4,73.82,45.54
2026-05-16 13:00:00,9,179.14,281.88,44.58,1.0,219.82,0.01,103.34,68.21,45.42
2026-05-16 13:05:00,9,179.14,281.88,44.83,1.0,278.88,0.0,131.1,74.05,45.29
2026-05-16 13:10:00,9,179.14,281.88,45.51,1.0,266.68,0.0,125.37,72.73,45.17
2026-05-16 13:15:00,9,179.14,281.88,44.13,1.0,209.29,0.01,98.39,67.31,45.05
2026-05-16 13:20:00,9,179.14,281.88,44.11,3.0,250.4,0.02,117.72,71.79,44.93
2026-05-16 13:25:00,9,179.14,281.88,44.49,3.0,248.43,0.02,116.79,71.59,44.81
2026-05-16 13:30:00,9,179.14,281.88,44.95,1.0,242.23,0.01,113.88,70.27,44.69
2026-05-16 13:35:00,9,179.14,281.88,43.61,2.0,209.91,0.01,98.68,67.71,44.57
2026-05-16 13:40:00,9,179.14,281.88,43.65,3.0,270.49,0.01,127.16,73.85,44.45
2026-05-16 13:45:00,9,179.14,281.88,44.65,3.0,222.85,0.02,104.77,69.2,44.33
2026-05-16 13:50:00,9,179.14,281.88,44.39,0.0,304.87,0.0,143.32,76.71,44.2
2026-05-16 13:55:00,9,179.14,281.88,44.29,2.0,219.53,0.01,103.21,68.53,44.08
2026-05-16 14:00:00,9,179.14,281.88,43.91,3.0,273.31,0.01,128.49,74.16,43.95
2026-05-16 14:05:00,9,179.14,281.88,43.38,0.0,276.65,0.0,130.06,73.45,43.83
2026-05-16 14:10:00,9,179.14,281.88,43.77,4.0,248.79,0.02,116.96,71.98,43.7
2026-05-16 14:15:00,9,179.14,281.88,44.54,2.0,234.39,0.01,110.19,69.88,43.59
2026-05-16 14:20:00,9,179.14,281.88,43.53,3.0,220.35,0.02,103.59,68.97,43.47
2026-05-16 14:25:00,9,179.14,281.88,44.16,2.0,261.76,0.01,123.06,72.58,43.34
2026-05-16 14:30:00,9,179.14,281.88,43.3,1.0,284.24,0.0,133.63,74.65,43.22
2026-05-16 14:35:00,9,179.14,281.88,42.86,5.0,292.15,0.02,137.34,76.99,43.08
2026-05-16 14:40:00,9,179.14,281.88,42.63,1.0,218.99,0.01,102.95,68.13,42.97
2026-05-16 14:45:00,9,179.14,281.88,43.3,3.0,277.26,0.01,130.34,74.59,42.84
2026-05-16 14:50:00,9,179.14,281.88,43.24,1.0,277.38,0.0,130.4,73.88,42.71
2026-05-16 14:55:00,9,179.14,281.88,43.36,1.0,241.35,0.01,113.46,70.18,42.59
2026-05-16 15:00:00,9,179.14,281.88,43.58,6.0,292.78,0.02,137.64,77.42,42.46
2026-05-16 15:05:00,9,179.14,281.88,42.44,1.0,229.32,0.01,107.81,69.05,42.34
2026-05-16 15:10:00,9,179.14,281.88,43.06,0.0,245.96,0.0,115.63,70.26,42.22
2026-05-16 15:15:00,9,179.14,281.88,43.14,1.0,249.09,0.01,117.1,70.94,42.1
2026-05-16 15:20:00,9,179.14,281.88,42.5,2.0,251.28,0.01,118.13,71.5,41.98
2026-05-16 15:25:00,9,179.14,281.88,41.7,1.0,243.03,0.01,114.25,70.34,41.86
2026-05-16 15:30:00,9,179.14,281.88,42.68,0.0,253.3,0.0,119.08,70.99,41.74
2026-05-16 15:35:00,9,179.14,281.88,42.81,1.0,245.92,0.01,115.61,70.62,41.62
2026-05-16 15:40:00,9,179.14,281.88,42.41,0.0,268.72,0.0,126.33,72.59,41.49
2026-05-16 15:45:00,9,179.14,281.88,42.36,0.0,273.94,0.0,128.79,73.15,41.37
2026-05-16 15:50:00,9,179.14,281.88,41.54,0.0,244.84,0.0,115.1,70.14,41.25
2026-05-16 15:55:00,9,179.14,281.88,41.57,0.0,248.68,0.0,116.91,70.52,41.13
2026-05-16 16:00:00,9,179.14,281.88,42.44,1.0,233.06,0.01,109.57,69.4,41.01
2026-05-16 16:05:00,9,179.14,281.88,41.4,2.0,247.24,0.01,116.23,71.1,40.89
2026-05-16 16:10:00,9,179.14,281.88,41.28,2.0,271.57,0.01,127.67,73.61,40.76
2026-05-16 16:15:00,9,179.14,281.88,40.8,1.0,261.56,0.0,122.96,72.18,40.64
2026-05-16 16:20:00,9,179.14,281.88,41.4,1.0,278.43,0.0,130.89,73.99,40.51
2026-05-16 16:25:00,9,179.14,281.88,41.09,1.0,224.83,0.01,105.7,68.65,40.4
2026-05-16 16:30:00,9,179.14,281.88,40.95,0.0,228.61,0.0,107.48,68.62,40.28
2026-05-16 16:35:00,9,179.14,281.88,40.79,2.0,235.71,0.01,110.81,69.99,40.16
2026-05-16 16:40:00,9,179.14,281.88,39.94,2.0,224.9,0.01,105.73,69.0,40.04
2026-05-16 16:45:00,9,179.14,281.88,39.8,3.0,263.92,0.01,124.07,73.14,39.92
2026-05-16 16:50:00,9,179.14,281.88,40.4,1.0,294.12,0.0,138.27,75.78,39.79
2026-05-16 16:55:00,9,179.14,281.88,41.2,1.0,270.24,0.0,127.05,73.1,39.66
2026-05-16 17:00:00,9,179.14,281.88,39.18,0.0,277.71,0.0,130.56,73.56,39.54
2026-05-16 17:05:00,9,179.14,281.88,39.06,1.0,235.88,0.01,110.89,69.65,39.42
2026-05-16 17:10:00,9,179.14,281.88,40.01,0.0,223.96,0.0,105.29,68.2,39.3
2026-05-16 17:15:00,9,179.14,281.88,39.12,2.0,242.52,0.01,114.01,70.64,39.18
2026-05-16 17:20:00,9,179.14,281.88,39.88,1.0,214.6,0.01,100.88,67.75,39.06
2026-05-16 17:25:00,9,179.14,281.88,39.06,2.0,261.3,0.01,122.84,72.52,38.94
2026-05-16 17:30:00,9,179.14,281.88,38.39,0.0,278.45,0.0,130.9,73.64,38.81
2026-05-16 17:35:00,9,179.14,281.88,39.48,0.0,252.7,0.0,118.8,70.92,38.69
2026-05-16 17:40:00,9,179.14,281.88,38.63,0.0,257.34,0.0,120.98,71.39,38.57
2026-05-16 17:45:00,9,179.14,281.88,38.69,1.0,218.56,0.01,102.75,68.09,38.45
2026-05-16 17:50:00,9,179.14,281.88,38.83,0.0,210.23,0.0,98.83,67.01,38.34
2026-05-16 17:55:00,9,179.14,281.88,37.61,0.0,243.27,0.0,114.37,69.99,38.22
2026-05-16 18:00:00,9,179.14,281.88,37.32,1.0,258.25,0.0,121.41,71.83,38.1
2026-05-16 18:05:00,9,179.14,281.88,37.68,0.0,252.52,0.0,118.71,70.9,37.98
2026-05-16 18:10:00,9,179.14,281.88,37.16,1.0,266.92,0.0,125.48,72.73,37.85
2026-05-16 18:15:00,9,179.14,281.88,37.44,2.0,275.06,0.01,129.31,73.98,37.72
2026-05-16 18:20:00,9,179.14,281.88,37.8,2.0,245.5,0.01,115.41,70.92,37.6
2026-05-16 18:25:00,9,179.14,281.88,37.2,1.0,294.78,0.0,138.58,75.85,37.47
2026-05-16 18:30:00,9,179.14,281.88,37.63,1.0,281.5,0.0,132.34,74.33,37.35
2026-05-16 18:35:00,9,179.14,281.88,37.59,0.0,238.42,0.0,112.08,69.52,37.23
2026-05-16 18:40:00,9,179.14,281.88,36.71,0.0,226.46,0.0,106.46,68.41,37.11
2026-05-16 18:45:00,9,179.14,281.88,36.89,1.0,270.77,0.0,127.29,73.14,36.99
2026-05-16 18:50:00,9,179.14,281.88,36.43,0.0,248.4,0.0,116.77,70.48,36.87
2026-05-16 18:55:00,9,179.14,281.88,36.5,1.0,305.2,0.0,143.48,77.09,36.73
2026-05-16 19:00:00,9,179.14,281.88,36.15,2.0,242.18,0.01,113.85,70.6,36.61
2026-05-16 19:05:00,9,179.14,281.88,36.46,2.0,233.37,0.01,109.71,69.76,36.49
2026-05-16 19:10:00,9,179.14,281.88,36.96,0.0,221.41,0.0,104.09,67.96,36.38
2026-05-16 19:15:00,9,179.14,281.88,36.19,0.0,237.21,0.0,111.52,69.4,36.26
2026-05-16 19:20:00,9,179.14,281.88,35.67,0.0,291.02,0.0,136.81,75.06,36.13
2026-05-16 19:25:00,9,179.14,281.88,35.42,0.0,254.11,0.0,119.46,71.05,36.01
2026-05-16 19:30:00,9,179.14,281.88,34.85,0.0,283.52,0.0,133.29,74.2,35.88
2026-05-16 19:35:00,9,179.14,281.88,34.58,1.0,259.64,0.0,122.06,71.97,35.76
2026-05-16 19:40:00,9,179.14,281.88,34.83,0.0,228.48,0.0,107.41,68.59,35.64
2026-05-16 19:45:00,9,179.14,281.88,34.28,0.0,256.84,0.0,120.74,71.33,35.52
2026-05-16 19:50:00,9,179.14,281.88,34.48,0.0,268.69,0.0,126.31,72.57,35.4
2026-05-16 19:55:00,9,179.14,281.88,35.21,0.0,257.57,0.0,121.09,71.41,35.27
2026-05-16 20:00:00,9,179.14,281.88,34.87,0.0,254.54,0.0,119.66,71.1,35.15
2026-05-16 20:05:00,9,179.14,281.88,34.42,0.0,257.33,0.0,120.97,71.38,35.03
2026-05-16 20:10:00,9,179.14,281.88,34.12,1.0,206.35,0.01,97.01,67.05,34.92
2026-05-16 20:15:00,9,179.14,281.88,33.88,2.0,266.22,0.01,125.16,73.03,34.79
2026-05-16 20:20:00,9,179.14,281.88,33.93,2.0,219.48,0.01,103.18,68.51,34.67
2026-05-16 20:25:00,9,179.14,281.88,34.34,0.0,269.87,0.0,126.87,72.69,34.55
2026-05-16 20:30:00,9,179.14,281.88,33.62,1.0,281.76,0.0,132.46,74.35,34.42
2026-05-16 20:35:00,9,179.14,281.88,33.91,2.0,283.87,0.01,133.45,74.95,34.3
2026-05-16 20:40:00,9,179.14,281.88,33.34,0.0,235.55,0.0,110.74,69.24,34.18
2026-05-16 20:45:00,9,179.14,281.88,32.63,1.0,299.72,0.0,140.9,76.42,34.05
2026-05-16 20:50:00,9,179.14,281.88,33.43,2.0,296.12,0.01,139.21,76.37,33.92
2026-05-16 20:55:00,9,179.14,281.88,33.11,0.0,292.73,0.0,137.62,75.25,33.79
2026-05-16 21:00:00,9,179.14,281.88,32.9,0.0,222.4,0.0,104.55,68.04,33.67
2026-05-16 21:05:00,9,179.14,281.88,33.65,2.0,297.93,0.01,140.06,76.58,33.54
2026-05-16 21:10:00,9,179.14,281.88,31.91,2.0,294.91,0.01,138.64,76.22,33.41
2026-05-16 21:15:00,9,179.14,281.88,33.12,1.0,266.4,0.0,125.24,72.67,33.29
2026-05-16 21:20:00,9,179.14,281.88,32.45,1.0,262.82,0.0,123.56,72.29,33.16
2026-05-16 21:25:00,9,179.14,281.88,32.77,1.0,270.41,0.0,127.13,73.1,33.04
2026-05-16 21:30:00,9,179.14,281.88,32.09,0.0,260.41,0.0,122.42,71.69,32.91
2026-05-16 21:35:00,9,179.14,281.88,32.71,0.0,267.37,0.0,125.7,72.43,32.79
2026-05-16 21:40:00,9,179.14,281.88,32.94,0.0,234.96,0.0,110.46,69.19,32.67
2026-05-16 21:45:00,9,179.14,281.88,32.09,0.0,277.06,0.0,130.25,73.47,32.55
2026-05-16 21:50:00,9,179.14,281.88,32.62,2.0,256.22,0.01,120.45,71.98,32.42
2026-05-16 21:55:00,9,179.14,281.88,31.42,4.0,265.07,0.02,124.61,73.62,32.3
2026-05-16 22:00:00,9,179.14,281.88,31.1,1.0,275.68,0.0,129.6,73.67,32.17
2026-05-16 22:05:00,9,179.14,281.88,32.31,1.0,290.74,0.0,136.68,75.37,32.04
2026-05-16 22:10:00,9,179.14,281.88,31.78,0.0,258.31,0.0,121.44,71.48,31.92
2026-05-16 22:15:00,9,179.14,281.88,32.41,1.0,215.51,0.01,101.32,67.81,31.81
2026-05-16 22:20:00,9,179.14,281.88,31.35,1.0,262.14,0.0,123.24,72.22,31.68
2026-05-16 22:25:00,9,179.14,281.88,31.9,1.0,246.51,0.01,115.89,70.66,31.56
2026-05-16 22:30:00,9,179.14,281.88,30.91,1.0,291.28,0.0,136.93,75.43,31.43
2026-05-16 22:35:00,9,179.14,281.88,31.57,1.0,286.32,0.0,134.6,74.86,31.3
2026-05-16 22:40:00,9,179.14,281.88,30.88,1.0,246.65,0.01,115.96,70.67,31.18
2026-05-16 22:45:00,9,179.14,281.88,30.72,1.0,305.88,0.0,143.8,77.16,31.05
2026-05-16 22:50:00,9,179.14,281.88,31.1,1.0,267.79,0.0,125.89,72.82,30.93
2026-05-16 22:55:00,9,179.14,281.88,31.82,0.0,266.17,0.0,125.13,72.3,30.8
2026-05-16 23:00:00,9,179.14,281.88,31.66,1.0,256.36,0.0,120.52,71.63,30.68
2026-05-16 23:05:00,9,179.14,281.88,30.97,1.0,240.3,0.01,112.97,70.06,30.56
2026-05-16 23:10:00,9,179.14,281.88,30.57,1.0,278.69,0.0,131.01,74.0,30.43
2026-05-16 23:15:00,9,179.14,281.88,29.79,0.0,264.47,0.0,124.33,72.11,30.31
2026-05-16 23:20:00,9,179.14,281.88,31.11,3.0,233.13,0.02,109.6,70.1,30.19
2026-05-16 23:25:00,9,179.14,281.88,30.53,0.0,253.61,0.0,119.23,71.0,30.07
2026-05-16 23:30:00,9,179.14,281.88,30.76,2.0,273.99,0.01,128.81,73.85,29.94
2026-05-16 23:35:00,9,179.14,281.88,30.54,0.0,259.91,0.0,122.19,71.64,29.82
2026-05-16 23:40:00,9,179.14,281.88,31.12,2.0,284.68,0.01,133.83,75.04,29.69
2026-05-16 23:45:00,9,179.14,281.88,30.27,1.0,243.58,0.01,114.51,70.37,29.57
2026-05-16 23:50:00,9,179.14,281.88,31.02,3.0,233.82,0.02,109.92,70.17,29.45
2026-05-16 23:55:00,9,179.14,281.88,30.65,0.0,204.35,0.0,96.07,66.51,29.34
2026-05-17 00:00:00,9,179.14,281.88,31.6,1.0,252.71,0.0,118.81,71.26,29.22
2026-05-17 00:05:00,9,179.14,281.88,30.34,0.0,227.08,0.0,106.75,68.46,29.1
2026-05-17 00:10:00,9,179.14,281.88,30.56,1.0,266.02,0.0,125.06,72.63,28.98
2026-05-17 00:15:00,9,179.14,281.88,31.35,3.0,271.56,0.01,127.66,73.94,28.85
2026-05-17 00:20:00,9,179.14,281.88,31.39,1.0,281.95,0.0,132.55,74.37,28.72
2026-05-17 00:25:00,9,179.14,281.88,31.34,1.0,296.06,0.0,139.18,75.99,28.59
2026-05-17 00:30:00,9,179.14,281.88,30.14,1.0,294.04,0.0,138.23,75.75,28.46
2026-05-17 00:35:00,9,179.14,281.88,31.4,4.0,243.2,0.02,114.33,71.41,28.34
2026-05-17 00:40:00,9,179.14,281.88,31.8,2.0,235.66,0.01,110.79,69.97,28.22
2026-05-17 00:45:00,9,179.14,281.88,31.02,0.0,242.93,0.0,114.2,69.94,28.1
2026-05-17 00:50:00,9,179.14,281.88,31.66,0.0,224.66,0.0,105.62,68.24,27.99
2026-05-17 00:55:00,9,179.14,281.88,32.01,2.0,256.29,0.01,120.49,71.99,27.86
2026-05-17 01:00:00,9,179.14,281.88,30.99,5.0,227.52,0.03,106.96,70.31,27.74
2026-05-17 01:05:00,9,179.14,281.88,30.7,2.0,286.15,0.01,134.52,75.21,27.61
2026-05-17 01:10:00,9,179.14,281.88,31.26,3.0,274.48,0.01,129.04,74.26,27.49
2026-05-17 01:15:00,9,179.14,281.88,31.23,2.0,248.46,0.01,116.8,71.2,27.37
2026-05-17 01:20:00,9,179.14,281.88,31.42,5.0,281.21,0.02,132.2,75.72,27.24
2026-05-17 01:25:00,9,179.14,281.88,31.0,0.0,287.85,0.0,135.32,74.68,27.11
2026-05-17 01:30:00,9,179.14,281.88,32.01,1.0,235.82,0.01,110.86,69.63,26.99
2026-05-17 01:35:00,9,179.14,281.88,31.08,1.0,232.03,0.01,109.08,69.28,26.87
2026-05-17 01:40:00,9,179.14,281.88,31.69,4.0,248.29,0.02,116.73,71.91,26.75
2026-05-17 01:45:00,9,179.14,281.88,30.72,1.0,305.71,0.0,143.72,77.14,26.62
2026-05-17 01:50:00,9,179.14,281.88,31.97,2.0,270.03,0.01,126.95,73.43,26.49
2026-05-17 01:55:00,9,179.14,281.88,31.49,3.0,258.76,0.01,121.65,72.59,26.37
2026-05-17 02:00:00,9,179.14,281.88,32.23,0.0,271.22,0.0,127.5,72.83,26.24
2026-05-17 02:05:00,9,179.14,281.88,31.53,0.0,262.38,0.0,123.35,71.9,26.12
2026-05-17 02:10:00,9,179.14,281.88,32.18,3.0,224.39,0.02,105.49,69.31,26.0
2026-05-17 02:15:00,9,179.14,281.88,32.15,2.0,286.81,0.01,134.84,75.29,25.87
2026-05-17 02:20:00,9,179.14,281.88,31.8,2.0,305.93,0.01,143.82,77.54,25.74
2026-05-17 02:25:00,9,179.14,281.88,32.06,1.0,282.33,0.0,132.73,74.41,25.61
2026-05-17 02:30:00,9,179.14,281.88,32.24,2.0,260.21,0.01,122.33,72.39,25.49
2026-05-17 02:35:00,9,179.14,281.88,33.51,1.0,274.58,0.0,129.09,73.55,25.36
2026-05-17 02:40:00,9,179.14,281.88,32.45,1.0,259.31,0.0,121.91,71.93,25.24
2026-05-17 02:45:00,9,179.14,281.88,32.64,2.0,257.14,0.01,120.89,72.08,25.12
2026-05-17 02:50:00,9,179.14,281.88,33.11,2.0,248.16,0.01,116.67,71.18,25.0
2026-05-17 02:55:00,9,179.14,281.88,32.79,1.0,236.89,0.01,111.37,69.74,24.88
2026-05-17 03:00:00,9,179.14,281.88,33.31,1.0,255.88,0.0,120.29,71.58,24.75
2026-05-17 03:05:00,9,179.14,281.88,32.49,2.0,250.92,0.01,117.96,71.45,24.63
2026-05-17 03:10:00,9,179.14,281.88,32.22,1.0,247.87,0.01,116.53,70.8,24.51
2026-05-17 03:15:00,9,179.14,281.88,33.86,0.0,224.44,0.0,105.51,68.23,24.39
2026-05-17 03:20:00,9,179.14,281.88,33.31,2.0,272.66,0.01,128.18,73.71,24.27
2026-05-17 03:25:00,9,179.14,281.88,32.98,4.0,288.49,0.02,135.62,76.2,24.14
2026-05-17 03:30:00,9,179.14,281.88,33.93,1.0,273.28,0.0,128.47,73.41,24.01
2026-05-17 03:35:00,9,179.14,281.88,34.17,4.0,241.72,0.02,113.64,71.27,23.89
2026-05-17 03:40:00,9,179.14,281.88,33.28,3.0,221.38,0.02,104.08,69.05,23.77
2026-05-17 03:45:00,9,179.14,281.88,35.6,1.0,255.82,0.0,120.26,71.58,23.65
2026-05-17 03:50:00,9,179.14,281.88,34.88,2.0,243.15,0.01,114.31,70.69,23.53
2026-05-17 03:55:00,9,179.14,281.88,34.57,3.0,234.48,0.02,110.23,70.23,23.41
2026-05-17 04:00:00,9,179.14,281.88,34.64,1.0,210.2,0.01,98.82,67.37,23.29
2026-05-17 04:05:00,9,179.14,281.88,35.08,1.0,294.38,0.0,138.39,75.8,23.17
2026-05-17 04:10:00,9,179.14,281.88,33.54,3.0,265.29,0.01,124.72,73.28,23.04
2026-05-17 04:15:00,9,179.14,281.88,34.24,2.0,262.38,0.01,123.35,72.62,22.92
2026-05-17 04:20:00,9,179.14,281.88,36.02,2.0,284.72,0.01,133.85,75.05,22.79
2026-05-17 04:25:00,9,179.14,281.88,34.51,0.0,253.96,0.0,119.39,71.04,22.67
2026-05-17 04:30:00,9,179.14,281.88,34.59,2.0,235.88,0.01,110.89,69.99,22.55
2026-05-17 04:35:00,9,179.14,281.88,35.13,1.0,254.27,0.0,119.54,71.42,22.42
2026-05-17 04:40:00,9,179.14,281.88,35.39,0.0,215.45,0.0,101.29,67.44,22.31
2026-05-17 04:45:00,9,179.14,281.88,35.92,2.0,245.61,0.01,115.47,70.93,22.19
2026-05-17 04:50:00,9,179.14,281.88,36.69,1.0,278.07,0.0,130.72,73.94,22.06
2026-05-17 04:55:00,9,179.14,281.88,35.85,3.0,277.53,0.01,130.47,74.6,21.93
2026-05-17 05:00:00,9,179.14,281.88,35.35,2.0,288.24,0.01,135.51,75.46,21.81
2026-05-17 05:05:00,9,179.14,281.88,37.0,0.0,273.63,0.0,128.64,73.11,21.68
2026-05-17 05:10:00,9,179.14,281.88,36.71,4.0,288.88,0.02,135.81,76.25,21.55
2026-05-17 05:15:00,9,179.14,281.88,36.46,0.0,257.72,0.0,121.16,71.42,21.43
2026-05-17 05:20:00,9,179.14,281.88,36.76,0.0,275.49,0.0,129.51,73.31,21.3
2026-05-17 05:25:00,9,179.14,281.88,37.85,1.0,261.59,0.0,122.98,72.18,21.18
2026-05-17 05:30:00,9,179.14,281.88,37.38,1.0,288.35,0.0,135.56,75.1,21.05
2026-05-17 05:35:00,9,179.14,281.88,37.08,2.0,232.09,0.01,109.11,69.65,20.93
2026-05-17 05:40:00,9,179.14,281.88,37.53,0.0,278.6,0.0,130.97,73.65,20.81
2026-05-17 05:45:00,9,179.14,281.88,37.8,2.0,249.56,0.01,117.32,71.32,20.68
2026-05-17 05:50:00,9,179.14,281.88,37.6,1.0,240.49,0.01,113.06,70.09,20.56
2026-05-17 05:55:00,9,179.14,281.88,38.16,0.0,237.28,0.0,111.55,69.41,20.45
2026-05-17 06:00:00,9,179.14,281.88,38.28,0.0,274.28,0.0,128.94,73.18,20.32
2026-05-17 06:05:00,9,179.14,281.88,37.91,0.0,255.57,0.0,120.15,71.21,20.2
2026-05-17 06:10:00,9,179.14,281.88,38.38,0.0,285.47,0.0,134.21,74.43,20.07
2026-05-17 06:15:00,9,179.14,281.88,37.41,0.0,247.81,0.0,116.5,70.43,19.95
2026-05-17 06:20:00,9,179.14,281.88,38.29,3.0,276.65,0.01,130.06,74.51,19.82
2026-05-17 06:25:00,9,179.14,281.88,39.23,2.0,227.51,0.01,106.96,69.23,19.71
2026-05-17 06:30:00,9,179.14,281.88,38.38,0.0,262.15,0.0,123.24,71.88,19.58
2026-05-17 06:35:00,9,179.14,281.88,39.31,2.0,265.47,0.01,124.8,72.95,19.46
2026-05-17 06:40:00,9,179.14,281.88,39.98,1.0,240.45,0.01,113.04,70.09,19.34
2026-05-17 06:45:00,9,179.14,281.88,39.05,0.0,247.63,0.0,116.41,70.41,19.22
2026-05-17 06:50:00,9,179.14,281.88,38.95,0.0,254.31,0.0,119.55,71.08,19.1
2026-05-17 06:55:00,9,179.14,281.88,39.46,0.0,233.61,0.0,109.83,69.07,18.98
2026-05-17 07:00:00,9,179.14,281.88,39.43,2.0,248.78,0.01,116.95,71.25,18.86
2026-05-17 07:05:00,9,179.14,281.88,40.63,0.0,242.91,0.0,114.2,69.96,18.74
2026-05-17 07:10:00,9,179.14,281.88,40.47,1.0,273.02,0.0,128.35,73.4,18.61
2026-05-17 07:15:00,9,179.14,281.88,40.93,0.0,200.21,0.0,94.12,66.19,18.5
2026-05-17 07:20:00,9,179.14,281.88,40.02,1.0,270.71,0.0,127.27,73.15,18.37
2026-05-17 07:25:00,9,179.14,281.88,40.94,1.0,233.88,0.01,109.95,69.47,18.25
2026-05-17 07:30:00,9,179.14,281.88,40.9,0.0,230.81,0.0,108.51,68.82,18.14
2026-05-17 07:35:00,9,179.14,281.88,40.62,0.0,316.78,0.0,148.93,78.18,18.0
2026-05-17 07:40:00,9,179.14,281.88,40.47,0.0,255.99,0.0,120.35,71.26,17.88
2026-05-17 07:45:00,9,179.14,281.88,41.39,1.0,292.59,0.0,137.55,75.6,17.75
2026-05-17 07:50:00,9,179.14,281.88,41.21,0.0,239.73,0.0,112.7,69.65,17.63
2026-05-17 07:55:00,9,179.14,281.88,41.13,0.0,233.95,0.0,109.98,69.11,17.52
2026-05-17 08:00:00,9,179.14,281.88,41.64,2.0,248.61,0.01,116.88,71.24,17.39
2026-05-17 08:05:00,9,179.14,281.88,42.67,0.0,262.36,0.0,123.34,71.92,17.27
2026-05-17 08:10:00,9,179.14,281.88,42.64,0.0,251.9,0.0,118.42,70.84,17.15
2026-05-17 08:15:00,9,179.14,281.88,42.02,0.0,265.8,0.0,124.96,72.28,17.03
2026-05-17 08:20:00,9,179.14,281.88,42.51,1.0,290.75,0.0,136.68,75.39,16.9
2026-05-17 08:25:00,9,179.14,281.88,41.48,0.0,273.05,0.0,128.36,73.05,16.77
2026-05-17 08:30:00,9,179.14,281.88,42.9,0.0,270.07,0.0,126.96,72.73,16.65
2026-05-17 08:35:00,9,179.14,281.88,41.89,0.0,234.44,0.0,110.21,69.15,16.53
2026-05-17 08:40:00,9,179.14,281.88,42.23,0.0,262.38,0.0,123.35,71.92,16.41
2026-05-17 08:45:00,9,179.14,281.88,43.47,0.0,273.59,0.0,128.62,73.11,16.28
2026-05-17 08:50:00,9,179.14,281.88,41.8,2.0,288.78,0.01,135.76,75.53,16.15
2026-05-17 08:55:00,9,179.14,281.88,42.81,0.0,272.06,0.0,127.9,72.95,16.03
2026-05-17 09:00:00,9,179.14,281.88,42.3,0.0,175.68,0.0,82.59,64.36,15.92
2026-05-17 09:05:00,9,179.14,281.88,42.87,0.0,262.44,0.0,123.38,71.92,15.8
2026-05-17 09:10:00,9,179.14,281.88,43.63,0.0,236.44,0.0,111.16,69.35,15.68
2026-05-17 09:15:00,9,179.14,281.88,42.94,0.0,220.86,0.0,103.83,67.93,15.56
2026-05-17 09:20:00,9,179.14,281.88,42.73,0.0,293.55,0.0,138.0,75.36,15.43
2026-05-17 09:25:00,9,179.14,281.88,43.32,0.0,282.8,0.0,132.95,74.13,15.3
2026-05-17 09:30:00,9,179.14,281.88,44.27,0.0,281.14,0.0,132.17,73.95,15.18
2026-05-17 09:35:00,9,179.14,281.88,43.08,0.0,270.68,0.0,127.25,72.8,15.05
2026-05-17 09:40:00,9,179.14,281.88,43.2,0.0,338.67,0.0,159.22,81.04,14.92
2026-05-17 09:45:00,9,179.14,281.88,44.01,1.0,200.9,0.01,94.45,66.63,14.8
2026-05-17 09:50:00,9,179.14,281.88,44.09,1.0,279.14,0.0,131.23,74.08,14.68
2026-05-17 09:55:00,9,179.14,281.88,43.75,0.0,256.02,0.0,120.36,71.26,14.55
2026-05-17 10:00:00,9,179.14,281.88,43.62,0.0,322.4,0.0,151.56,78.9,14.42
2026-05-17 10:05:00,9,179.14,281.88,44.52,1.0,229.57,0.01,107.92,69.08,14.3
2026-05-17 10:10:00,9,179.14,281.88,42.78,0.0,269.38,0.0,126.64,72.66,14.18
2026-05-17 10:15:00,9,179.14,281.88,43.89,3.0,241.25,0.02,113.41,70.89,14.06
2026-05-17 10:20:00,9,179.14,281.88,44.53,1.0,228.67,0.01,107.5,69.0,13.94
2026-05-17 10:25:00,9,179.14,281.88,43.11,0.0,254.02,0.0,119.42,71.06,13.82
2026-05-17 10:30:00,9,179.14,281.88,43.97,1.0,238.81,0.01,112.27,69.94,13.7
2026-05-17 10:35:00,9,179.14,281.88,44.32,1.0,282.77,0.0,132.94,74.48,13.57
2026-05-17 10:40:00,9,179.14,281.88,45.06,0.0,245.69,0.0,115.5,70.24,13.45
2026-05-17 10:45:00,9,179.14,281.88,44.07,5.0,328.18,0.01,154.28,81.42,13.31
2026-05-17 10:50:00,9,179.14,281.88,45.09,5.0,284.26,0.02,133.64,76.09,13.18
2026-05-17 10:55:00,9,179.14,281.88,44.75,3.0,270.15,0.01,127.0,73.81,13.05
2026-05-17 11:00:00,9,179.14,281.88,43.97,1.0,184.87,0.01,86.91,65.39,12.94
2026-05-17 11:05:00,9,179.14,281.88,45.25,1.0,277.76,0.0,130.58,73.93,12.82
2026-05-17 11:10:00,9,179.14,281.88,45.63,1.0,232.5,0.01,109.3,69.35,12.7
2026-05-17 11:15:00,9,179.14,281.88,45.16,1.0,228.19,0.01,107.28,68.96,12.58
2026-05-17 11:20:00,9,179.14,281.88,43.93,1.0,257.94,0.0,121.26,71.81,12.46
2026-05-17 11:25:00,9,179.14,281.88,45.95,0.0,294.27,0.0,138.34,75.46,12.33
2026-05-17 11:30:00,9,179.14,281.88,44.95,1.0,298.04,0.0,140.11,76.25,12.2
2026-05-17 11:35:00,9,179.14,281.88,45.42,2.0,220.78,0.01,103.79,68.65,12.08
2026-05-17 11:40:00,9,179.14,281.88,44.39,2.0,242.03,0.01,113.78,70.6,11.96
2026-05-17 11:45:00,9,179.14,281.88,45.1,0.0,271.99,0.0,127.87,72.95,11.83
2026-05-17 11:50:00,9,179.14,281.88,45.11,1.0,235.22,0.01,110.58,69.6,11.72
2026-05-17 11:55:00,9,179.14,281.88,45.01,4.0,235.58,0.02,110.75,70.71,11.59
2026-05-17 12:00:00,9,179.14,281.88,44.86,2.0,261.77,0.01,123.06,72.58,11.47
2026-05-17 12:05:00,9,179.14,281.88,45.41,0.0,258.88,0.0,121.71,71.56,11.35
2026-05-17 12:10:00,9,179.14,281.88,45.61,0.0,285.28,0.0,134.12,74.42,11.22
2026-05-17 12:15:00,9,179.14,281.88,45.98,1.0,284.83,0.0,133.9,74.72,11.09
2026-05-17 12:20:00,9,179.14,281.88,44.81,0.0,278.92,0.0,131.13,73.7,10.97
2026-05-17 12:25:00,9,179.14,281.88,44.95,6.0,303.78,0.02,142.81,78.72,10.83
2026-05-17 12:30:00,9,179.14,281.88,44.67,5.0,269.87,0.02,126.87,74.5,10.71
2026-05-17 12:35:00,9,179.14,281.88,44.58,0.0,219.75,0.0,103.31,67.83,10.59
2026-05-17 12:40:00,9,179.14,281.88,44.84,0.0,228.36,0.0,107.36,68.6,10.47
2026-05-17 12:45:00,9,179.14,281.88,45.41,1.0,239.53,0.01,112.61,70.01,10.35
2026-05-17 12:50:00,9,179.14,281.88,44.46,1.0,227.17,0.01,106.8,68.86,10.23
2026-05-17 12:55:00,9,179.14,281.88,45.15,2.0,247.05,0.01,116.14,71.09,10.11
2026-05-17 13:00:00,9,179.14,281.88,44.32,1.0,204.08,0.01,95.94,66.88,10.0
2026-05-17 13:05:00,9,179.14,281.88,44.91,2.0,224.53,0.01,105.55,68.98,9.88
2026-05-17 13:10:00,9,179.14,281.88,44.52,1.0,288.7,0.0,135.72,75.16,9.75
2026-05-17 13:15:00,9,179.14,281.88,44.43,0.0,244.17,0.0,114.79,70.09,9.63
2026-05-17 13:20:00,9,179.14,281.88,45.89,4.0,256.2,0.02,120.45,72.73,9.51
2026-05-17 13:25:00,9,179.14,281.88,44.12,1.0,255.46,0.0,120.1,71.56,9.39
2026-05-17 13:30:00,9,179.14,281.88,45.62,0.0,276.26,0.0,129.87,73.41,9.26
2026-05-17 13:35:00,9,179.14,281.88,44.81,3.0,280.78,0.01,132.0,74.98,9.13
2026-05-17 13:40:00,9,179.14,281.88,44.92,2.0,278.15,0.01,130.76,74.34,9.01
2026-05-17 13:45:00,9,179.14,281.88,44.86,0.0,286.01,0.0,134.46,74.5,8.88
2026-05-17 13:50:00,9,179.14,281.88,44.46,2.0,255.95,0.01,120.33,71.98,8.76
2026-05-17 13:55:00,9,179.14,281.88,43.59,2.0,224.01,0.01,105.31,68.93,8.64
2026-05-17 14:00:00,9,179.14,281.88,44.64,0.0,238.07,0.0,111.92,69.5,8.52
2026-05-17 14:05:00,9,179.14,281.88,43.68,3.0,272.47,0.01,128.09,74.06,8.39
2026-05-17 14:10:00,9,179.14,281.88,44.5,2.0,200.98,0.02,94.49,67.0,8.28
2026-05-17 14:15:00,9,179.14,281.88,44.16,2.0,261.86,0.01,123.1,72.59,8.15
2026-05-17 14:20:00,9,179.14,281.88,43.8,3.0,218.52,0.02,102.73,68.81,8.04
2026-05-17 14:25:00,9,179.14,281.88,43.77,1.0,231.43,0.01,108.8,69.25,7.92
2026-05-17 14:30:00,9,179.14,281.88,43.37,3.0,321.25,0.01,151.03,79.82,7.78
2026-05-17 14:35:00,9,179.14,281.88,44.03,4.0,310.17,0.01,145.82,78.78,7.65
2026-05-17 14:40:00,9,179.14,281.88,42.93,2.0,254.35,0.01,119.58,71.81,7.52
2026-05-17 14:45:00,9,179.14,281.88,43.81,1.0,259.17,0.0,121.84,71.94,7.4
2026-05-17 14:50:00,9,179.14,281.88,43.09,0.0,220.13,0.0,103.49,67.86,7.28
2026-05-17 14:55:00,9,179.14,281.88,44.09,2.0,273.96,0.01,128.79,73.88,7.16
2026-05-17 15:00:00,9,179.14,281.88,43.2,1.0,226.83,0.01,106.64,68.83,7.04
2026-05-17 15:05:00,9,179.14,281.88,42.98,0.0,230.33,0.0,108.28,68.78,6.92
2026-05-17 15:10:00,9,179.14,281.88,42.68,1.0,299.8,0.0,140.94,76.45,6.79
2026-05-17 15:15:00,9,179.14,281.88,42.5,0.0,278.27,0.0,130.82,73.63,6.67
2026-05-17 15:20:00,9,179.14,281.88,42.71,5.0,232.49,0.03,109.3,70.79,6.55
2026-05-17 15:25:00,9,179.14,281.88,42.73,1.0,240.48,0.01,113.06,70.1,6.43
2026-05-17 15:30:00,9,179.14,281.88,42.78,1.0,306.3,0.0,144.0,77.24,6.29
2026-05-17 15:35:00,9,179.14,281.88,41.95,0.0,259.46,0.0,121.98,71.61,6.17
2026-05-17 15:40:00,9,179.14,281.88,41.71,0.0,270.33,0.0,127.09,72.76,6.05
2026-05-17 15:45:00,9,179.14,281.88,42.22,0.0,288.81,0.0,135.77,74.81,5.92
2026-05-17 15:50:00,9,179.14,281.88,41.39,2.0,238.26,0.01,112.01,70.23,5.8
2026-05-17 15:55:00,9,179.14,281.88,41.63,3.0,292.96,0.01,137.73,76.36,5.67
2026-05-17 16:00:00,9,179.14,281.88,41.7,2.0,211.64,0.01,99.5,67.85,5.55
2026-05-17 16:05:00,9,179.14,281.88,42.4,2.0,255.01,0.01,119.88,71.88,5.43
2026-05-17 16:10:00,9,179.14,281.88,41.54,0.0,212.25,0.0,99.78,67.18,5.32
2026-05-17 16:15:00,9,179.14,281.88,41.01,1.0,209.21,0.01,98.35,67.3,5.2
2026-05-17 16:20:00,9,179.14,281.88,40.83,2.0,227.17,0.01,106.8,69.21,5.08
2026-05-17 16:25:00,9,179.14,281.88,40.85,1.0,276.05,0.0,129.78,73.73,4.96
2026-05-17 16:30:00,9,179.14,281.88,41.1,1.0,245.58,0.01,115.45,70.59,4.84
2026-05-17 16:35:00,9,179.14,281.88,40.41,0.0,216.61,0.0,101.83,67.55,4.72
2026-05-17 16:40:00,9,179.14,281.88,40.6,3.0,273.78,0.01,128.71,74.2,4.59
2026-05-17 16:45:00,9,179.14,281.88,39.96,1.0,221.9,0.01,104.32,68.38,4.48
2026-05-17 16:50:00,9,179.14,281.88,39.98,1.0,207.2,0.01,97.41,67.13,4.36
2026-05-17 16:55:00,9,179.14,281.88,40.28,1.0,281.25,0.0,132.22,74.3,4.23
2026-05-17 17:00:00,9,179.14,281.88,39.32,3.0,260.96,0.01,122.68,72.83,4.11
2026-05-17 17:05:00,9,179.14,281.88,38.73,3.0,204.31,0.02,96.05,67.61,3.99
2026-05-17 17:10:00,9,179.14,281.88,39.46,0.0,265.71,0.0,124.92,72.26,3.87
2026-05-17 17:15:00,9,179.14,281.88,39.8,3.0,242.74,0.02,114.12,71.03,3.75
2026-05-17 17:20:00,9,179.14,281.88,38.5,0.0,243.87,0.0,114.65,70.05,3.63
2026-05-17 17:25:00,9,179.14,281.88,39.14,2.0,227.02,0.01,106.72,69.19,3.51
2026-05-17 17:30:00,9,179.14,281.88,39.99,1.0,258.62,0.0,121.58,71.87,3.39
2026-05-17 17:35:00,9,179.14,281.88,38.49,0.0,239.48,0.0,112.58,69.62,3.27
2026-05-17 17:40:00,9,179.14,281.88,38.44,0.0,253.78,0.0,119.3,71.02,3.15
2026-05-17 17:45:00,9,179.14,281.88,38.54,0.0,239.52,0.0,112.6,69.63,3.03
2026-05-17 17:50:00,9,179.14,281.88,38.26,1.0,267.73,0.0,125.87,72.82,2.91
2026-05-17 17:55:00,9,179.14,281.88,37.92,1.0,251.45,0.01,118.21,71.16,2.78
2026-05-17 18:00:00,9,179.14,281.88,38.62,1.0,237.06,0.01,111.45,69.76,2.66
2026-05-17 18:05:00,9,179.14,281.88,37.53,0.0,229.37,0.0,107.83,68.68,2.55
2026-05-17 18:10:00,9,179.14,281.88,37.34,1.0,243.47,0.01,114.46,70.37,2.43
2026-05-17 18:15:00,9,179.14,281.88,36.99,1.0,256.15,0.0,120.42,71.61,2.3
2026-05-17 18:20:00,9,179.14,281.88,37.57,0.0,289.04,0.0,135.88,74.83,2.18
2026-05-17 18:25:00,9,179.14,281.88,38.36,0.0,284.32,0.0,133.66,74.29,2.05
2026-05-17 18:30:00,9,179.14,281.88,37.11,3.0,307.63,0.01,144.62,78.11,1.92
2026-05-17 18:35:00,9,179.14,281.88,37.53,2.0,264.88,0.01,124.53,72.89,1.79
2026-05-17 18:40:00,9,179.14,281.88,36.3,0.0,259.1,0.0,121.81,71.57,1.67
2026-05-17 18:45:00,9,179.14,281.88,36.21,2.0,291.09,0.01,136.85,75.79,1.54
2026-05-17 18:50:00,9,179.14,281.88,36.3,2.0,291.04,0.01,136.82,75.78,1.41
2026-05-17 18:55:00,9,179.14,281.88,36.8,0.0,260.94,0.0,122.67,71.76,1.29
2026-05-17 19:00:00,9,179.14,281.88,35.79,1.0,289.53,0.0,136.12,75.24,1.16
2026-05-17 19:05:00,9,179.14,281.88,36.36,1.0,306.42,0.0,144.05,77.24,1.03
2026-05-17 19:10:00,9,179.14,281.88,35.11,0.0,233.53,0.0,109.79,69.06,0.91
2026-05-17 19:15:00,9,179.14,281.88,36.11,0.0,201.56,0.0,94.76,66.29,0.8
2026-05-17 19:20:00,9,179.14,281.88,34.85,1.0,277.44,0.0,130.43,73.87,0.67
2026-05-17 19:25:00,9,179.14,281.88,35.73,1.0,237.52,0.01,111.66,69.8,0.55
2026-05-17 19:30:00,9,179.14,281.88,36.17,0.0,233.79,0.0,109.91,69.08,0.43
2026-05-17 19:35:00,9,179.14,281.88,34.49,0.0,258.39,0.0,121.47,71.49,0.31
2026-05-17 19:40:00,9,179.14,281.88,34.55,1.0,193.03,0.01,90.74,65.99,0.2
2026-05-17 19:45:00,9,179.14,281.88,34.82,0.0,264.83,0.0,124.5,72.16,0.07
2026-05-17 19:50:00,9,179.14,281.88,34.51,1.0,282.25,0.0,132.69,74.4,0.0
2026-05-17 19:55:00,9,179.14,281.88,34.66,0.0,263.3,0.0,123.78,72.0,0.0
2026-05-17 20:00:00,9,179.14,281.88,34.72,1.0,284.48,0.0,133.74,74.66,0.0
2026-05-17 20:05:00,9,179.14,281.88,35.18,1.0,242.54,0.01,114.02,70.28,0.0
2026-05-17 20:10:00,9,179.14,281.88,34.45,1.0,295.45,0.0,138.89,75.92,0.0
2026-05-17 20:15:00,9,179.14,281.88,34.09,0.0,266.91,0.0,125.48,72.38,0.0
2026-05-17 20:20:00,9,179.14,281.88,34.01,0.0,233.05,0.0,109.56,69.01,0.0
2026-05-17 20:25:00,9,179.14,281.88,33.75,0.0,250.98,0.0,117.99,70.74,0.0
2026-05-17 20:30:00,9,179.14,281.88,34.21,0.0,232.67,0.0,109.38,68.97,0.0
2026-05-17 20:35:00,9,179.14,281.88,33.39,0.0,277.52,0.0,130.47,73.53,0.0
2026-05-17 20:40:00,9,179.14,281.88,33.39,2.0,183.87,0.02,86.44,65.67,0.0
2026-05-17 20:45:00,9,179.14,281.88,33.38,1.0,220.71,0.01,103.76,68.27,0.0
2026-05-17 20:50:00,9,179.14,281.88,32.94,3.0,282.07,0.01,132.61,75.1,0.0
2026-05-17 20:55:00,9,179.14,281.88,33.21,0.0,209.02,0.0,98.26,66.9,0.0
2026-05-17 21:00:00,9,179.14,281.88,32.8,0.0,258.37,0.0,121.47,71.48,0.0
2026-05-17 21:05:00,9,179.14,281.88,32.6,1.0,249.21,0.01,117.16,70.93,0.0
2026-05-17 21:10:00,9,179.14,281.88,33.12,1.0,305.3,0.0,143.53,77.1,0.0
2026-05-17 21:15:00,9,179.14,281.88,32.94,0.0,289.38,0.0,136.04,74.86,0.0
2026-05-17 21:20:00,9,179.14,281.88,32.65,2.0,242.73,0.01,114.11,70.64,0.0
2026-05-17 21:25:00,9,179.14,281.88,32.29,0.0,238.9,0.0,112.31,69.56,0.0
2026-05-17 21:30:00,9,179.14,281.88,32.98,1.0,228.26,0.01,107.31,68.94,0.0
2026-05-17 21:35:00,9,179.14,281.88,32.96,0.0,244.35,0.0,114.87,70.08,0.0
2026-05-17 21:40:00,9,179.14,281.88,32.23,0.0,255.03,0.0,119.9,71.14,0.0
2026-05-17 21:45:00,9,179.14,281.88,31.95,0.0,282.79,0.0,132.95,74.11,0.0
2026-05-17 21:50:00,9,179.14,281.88,31.64,2.0,265.39,0.01,124.77,72.93,0.0
2026-05-17 21:55:00,9,179.14,281.88,31.55,0.0,258.39,0.0,121.47,71.48,0.0
2026-05-17 22:00:00,9,179.14,281.88,32.09,2.0,219.84,0.01,103.35,68.54,0.0
2026-05-17 22:05:00,9,179.14,281.88,31.78,0.0,304.19,0.0,143.0,76.61,0.0
2026-05-17 22:10:00,9,179.14,281.88,31.41,0.0,266.21,0.0,125.15,72.3,0.0
2026-05-17 22:15:00,9,179.14,281.88,31.97,0.0,252.31,0.0,118.62,70.87,0.0
2026-05-17 22:20:00,9,179.14,281.88,30.9,1.0,190.7,0.01,89.65,65.81,0.0
2026-05-17 22:25:00,9,179.14,281.88,31.73,0.0,243.99,0.0,114.7,70.04,0.0
2026-05-17 22:30:00,9,179.14,281.88,32.05,0.0,285.0,0.0,133.98,74.36,0.0
2026-05-17 22:35:00,9,179.14,281.88,30.93,2.0,267.38,0.01,125.7,73.14,0.0
2026-05-17 22:40:00,9,179.14,281.88,31.21,1.0,283.03,0.0,133.06,74.49,0.0
2026-05-17 22:45:00,9,179.14,281.88,31.58,0.0,232.19,0.0,109.16,68.93,0.0
2026-05-17 22:50:00,9,179.14,281.88,31.26,0.0,232.74,0.0,109.41,68.98,0.0
2026-05-17 22:55:00,9,179.14,281.88,31.66,1.0,231.48,0.01,108.82,69.23,0.0
2026-05-17 23:00:00,9,179.14,281.88,31.29,0.0,228.82,0.0,107.57,68.62,0.0
2026-05-17 23:05:00,9,179.14,281.88,31.36,1.0,222.58,0.01,104.64,68.43,0.0
2026-05-17 23:10:00,9,179.14,281.88,31.01,0.0,272.2,0.0,127.96,72.94,0.0
2026-05-17 23:15:00,9,179.14,281.88,31.07,0.0,281.59,0.0,132.38,73.97,0.0
2026-05-17 23:20:00,9,179.14,281.88,31.43,1.0,247.21,0.01,116.22,70.73,0.0
2026-05-17 23:25:00,9,179.14,281.88,31.47,2.0,273.43,0.01,128.55,73.8,0.0
2026-05-17 23:30:00,9,179.14,281.88,30.67,1.0,244.62,0.01,115.0,70.47,0.0
2026-05-17 23:35:00,9,179.14,281.88,31.25,1.0,261.29,0.0,122.83,72.13,0.0
2026-05-17 23:40:00,9,179.14,281.88,31.18,4.0,262.93,0.02,123.61,73.39,0.0
2026-05-17 23:45:00,9,179.14,281.88,31.54,0.0,290.44,0.0,136.54,74.98,0.0
2026-05-17 23:50:00,9,179.14,281.88,30.02,1.0,219.62,0.01,103.25,68.16,0.0
2026-05-17 23:55:00,9,179.14,281.88,31.33,1.0,238.62,0.01,112.18,69.9,0.0
2026-05-18 00:00:00,9,179.14,281.88,30.56,0.0,241.02,0.0,113.31,69.76,0.0
2026-05-18 00:05:00,9,179.14,281.88,29.76,1.0,249.55,0.01,117.32,70.96,0.0
2026-05-18 00:10:00,9,179.14,281.88,30.8,4.0,239.19,0.02,112.45,71.02,0.0
2026-05-18 00:15:00,9,179.14,281.88,31.71,1.0,301.57,0.0,141.77,76.64,0.0
2026-05-18 00:20:00,9,179.14,281.88,31.32,1.0,194.11,0.01,91.26,66.07,0.0
2026-05-18 00:25:00,9,179.14,281.88,30.37,3.0,231.51,0.02,108.84,69.95,0.0
2026-05-18 00:30:00,9,179.14,281.88,31.04,2.0,268.97,0.01,126.45,73.31,0.0
2026-05-18 00:35:00,9,179.14,281.88,31.25,0.0,249.24,0.0,117.17,70.56,0.0
2026-05-18 00:40:00,9,179.14,281.88,30.09,2.0,277.59,0.01,130.5,74.25,0.0
2026-05-18 00:45:00,9,179.14,281.88,31.04,1.0,225.94,0.01,106.22,68.73,0.0
2026-05-18 00:50:00,9,179.14,281.88,30.83,1.0,313.51,0.0,147.39,78.1,0.0
2026-05-18 00:55:00,9,179.14,281.88,31.23,1.0,225.3,0.01,105.92,68.67,0.0
2026-05-18 01:00:00,9,179.14,281.88,30.83,0.0,270.07,0.0,126.97,72.71,0.0
2026-05-18 01:05:00,9,179.14,281.88,31.01,3.0,301.75,0.01,141.86,77.38,0.0
2026-05-18 01:10:00,9,179.14,281.88,32.44,1.0,214.23,0.01,100.71,67.7,0.0
2026-05-18 01:15:00,9,179.14,281.88,31.78,0.0,233.29,0.0,109.67,69.03,0.0
2026-05-18 01:20:00,9,179.14,281.88,31.27,2.0,274.32,0.01,128.96,73.89,0.0
2026-05-18 01:25:00,9,179.14,281.88,31.55,3.0,213.7,0.02,100.46,68.38,0.0
2026-05-18 01:30:00,9,179.14,281.88,32.59,0.0,222.09,0.0,104.41,68.02,0.0
2026-05-18 01:35:00,9,179.14,281.88,31.48,2.0,256.43,0.01,120.55,72.0,0.0
2026-05-18 01:40:00,9,179.14,281.88,30.79,0.0,244.87,0.0,115.12,70.13,0.0
2026-05-18 01:45:00,9,179.14,281.88,31.17,1.0,246.09,0.01,115.69,70.62,0.0
2026-05-18 01:50:00,9,179.14,281.88,31.9,0.0,266.03,0.0,125.07,72.28,0.0
2026-05-18 01:55:00,9,179.14,281.88,31.33,2.0,243.11,0.01,114.29,70.68,0.0
2026-05-18 02:00:00,9,179.14,281.88,31.86,3.0,299.09,0.01,140.61,77.07,0.0
2026-05-18 02:05:00,9,179.14,281.88,31.41,1.0,253.65,0.0,119.24,71.35,0.0
2026-05-18 02:10:00,9,179.14,281.88,32.09,0.0,240.09,0.0,112.87,69.67,0.0
2026-05-18 02:15:00,9,179.14,281.88,32.08,3.0,244.28,0.02,114.84,71.16,0.0
2026-05-18 02:20:00,9,179.14,281.88,31.56,1.0,262.75,0.0,123.52,72.28,0.0
2026-05-18 02:25:00,9,179.14,281.88,33.36,2.0,246.61,0.01,115.93,71.02,0.0
2026-05-18 02:30:00,9,179.14,281.88,33.04,3.0,307.36,0.01,144.49,78.06,0.0
2026-05-18 02:35:00,9,179.14,281.88,32.61,0.0,261.7,0.0,123.03,71.83,0.0
2026-05-18 02:40:00,9,179.14,281.88,33.13,2.0,264.22,0.01,124.22,72.81,0.0
2026-05-18 02:45:00,9,179.14,281.88,33.02,1.0,279.42,0.0,131.36,74.09,0.0
2026-05-18 02:50:00,9,179.14,281.88,32.92,1.0,265.38,0.0,124.76,72.56,0.0
2026-05-18 02:55:00,9,179.14,281.88,33.35,4.0,228.66,0.02,107.49,70.04,0.0
2026-05-18 03:00:00,9,179.14,281.88,33.69,2.0,236.4,0.01,111.13,70.04,0.0
2026-05-18 03:05:00,9,179.14,281.88,32.85,2.0,252.51,0.01,118.71,71.61,0.0
2026-05-18 03:10:00,9,179.14,281.88,33.36,1.0,246.05,0.01,115.67,70.62,0.0
2026-05-18 03:15:00,9,179.14,281.88,33.29,2.0,270.13,0.01,126.99,73.44,0.0
2026-05-18 03:20:00,9,179.14,281.88,33.69,1.0,217.96,0.01,102.47,68.03,0.0
2026-05-18 03:25:00,9,179.14,281.88,33.74,0.0,255.25,0.0,120.0,71.17,0.0
2026-05-18 03:30:00,9,179.14,281.88,33.5,2.0,262.53,0.01,123.42,72.64,0.0
2026-05-18 03:35:00,9,179.14,281.88,34.3,1.0,264.24,0.0,124.22,72.45,0.0
2026-05-18 03:40:00,9,179.14,281.88,34.61,0.0,259.87,0.0,122.17,71.64,0.0
2026-05-18 03:45:00,9,179.14,281.88,34.18,0.0,222.23,0.0,104.48,68.03,0.0
2026-05-18 03:50:00,9,179.14,281.88,34.69,0.0,251.56,0.0,118.26,70.8,0.0
2026-05-18 03:55:00,9,179.14,281.88,34.01,3.0,249.55,0.02,117.32,71.68,0.0
2026-05-18 04:00:00,9,179.14,281.88,34.53,2.0,254.65,0.01,119.71,71.83,0.0
2026-05-18 04:05:00,9,179.14,281.88,34.45,1.0,268.59,0.0,126.27,72.91,100.0
2026-05-18 04:10:00,9,179.14,281.88,34.22,2.0,280.53,0.01,131.88,74.58,99.87
2026-05-18 04:15:00,9,179.14,281.88,34.58,2.0,256.05,0.01,120.37,71.97,99.75
2026-05-18 04:20:00,9,179.14,281.88,34.58,2.0,248.49,0.01,116.82,71.21,99.63
2026-05-18 04:25:00,9,179.14,281.88,35.3,1.0,233.31,0.01,109.68,69.41,99.51
2026-05-18 04:30:00,9,179.14,281.88,35.5,0.0,242.44,0.0,113.98,69.9,99.39
2026-05-18 04:35:00,9,179.14,281.88,34.77,2.0,296.88,0.01,139.57,76.46,99.26
2026-05-18 04:40:00,9,179.14,281.88,35.2,2.0,223.35,0.01,105.0,68.85,99.14
2026-05-18 04:45:00,9,179.14,281.88,36.5,1.0,263.37,0.0,123.82,72.36,99.02
2026-05-18 04:50:00,9,179.14,281.88,35.99,0.0,314.57,0.0,147.89,77.89,98.88
2026-05-18 04:55:00,9,179.14,281.88,35.64,1.0,231.65,0.01,108.9,69.25,98.77
2026-05-18 05:00:00,9,179.14,281.88,35.97,1.0,259.21,0.0,121.86,71.93,98.64
2026-05-18 05:05:00,9,179.14,281.88,36.84,1.0,269.61,0.0,126.75,73.02,98.52
2026-05-18 05:10:00,9,179.14,281.88,35.96,0.0,270.14,0.0,127.0,72.73,98.39
2026-05-18 05:15:00,9,179.14,281.88,36.15,1.0,254.03,0.0,119.42,71.4,98.27
2026-05-18 05:20:00,9,179.14,281.88,37.0,1.0,271.12,0.0,127.46,73.18,98.15
2026-05-18 05:25:00,9,179.14,281.88,37.33,2.0,242.15,0.01,113.84,70.6,98.03
2026-05-18 05:30:00,9,179.14,281.88,37.62,0.0,304.21,0.0,143.02,76.62,97.9
2026-05-18 05:35:00,9,179.14,281.88,37.97,1.0,273.18,0.0,128.43,73.41,97.77
2026-05-18 05:40:00,9,179.14,281.88,37.15,0.0,283.6,0.0,133.33,74.21,97.64
2026-05-18 05:45:00,9,179.14,281.88,36.62,1.0,264.83,0.0,124.5,72.51,97.52
2026-05-18 05:50:00,9,179.14,281.88,38.11,0.0,259.53,0.0,122.01,71.61,97.4
2026-05-18 05:55:00,9,179.14,281.88,38.32,1.0,253.36,0.0,119.11,71.33,97.27
2026-05-18 06:00:00,9,179.14,281.88,38.59,0.0,295.38,0.0,138.86,75.57,97.15
2026-05-18 06:05:00,9,179.14,281.88,38.05,1.0,259.43,0.0,121.96,71.95,97.02
2026-05-18 06:10:00,9,179.14,281.88,38.75,2.0,279.12,0.01,131.22,74.43,96.9
2026-05-18 06:15:00,9,179.14,281.88,39.06,1.0,236.96,0.01,111.4,69.76,96.78
2026-05-18 06:20:00,9,179.14,281.88,39.32,0.0,278.18,0.0,130.78,73.61,96.65
2026-05-18 06:25:00,9,179.14,281.88,38.44,3.0,250.5,0.02,117.77,71.79,96.53
2026-05-18 06:30:00,9,179.14,281.88,38.69,0.0,287.31,0.0,135.07,74.64,96.4
2026-05-18 06:35:00,9,179.14,281.88,39.35,1.0,278.08,0.0,130.73,73.95,96.27
2026-05-18 06:40:00,9,179.14,281.88,38.29,0.0,229.87,0.0,108.07,68.73,96.16
2026-05-18 06:45:00,9,179.14,281.88,39.34,2.0,254.99,0.01,119.88,71.87,96.03
2026-05-18 06:50:00,9,179.14,281.88,40.76,0.0,257.76,0.0,121.18,71.44,95.91
2026-05-18 06:55:00,9,179.14,281.88,39.76,1.0,253.0,0.0,118.94,71.3,95.79
2026-05-18 07:00:00,9,179.14,281.88,39.51,0.0,238.63,0.0,112.18,69.54,95.67
2026-05-18 07:05:00,9,179.14,281.88,40.33,1.0,290.73,0.0,136.68,75.38,95.54
2026-05-18 07:10:00,9,179.14,281.88,39.54,0.0,223.24,0.0,104.95,68.13,95.43
2026-05-18 07:15:00,9,179.14,281.88,40.6,0.0,281.94,0.0,132.54,74.03,95.3
2026-05-18 07:20:00,9,179.14,281.88,40.31,1.0,280.93,0.0,132.07,74.27,95.17
2026-05-18 07:25:00,9,179.14,281.88,40.97,0.0,262.18,0.0,123.26,71.89,95.05
2026-05-18 07:30:00,9,179.14,281.88,41.98,0.0,225.7,0.0,106.11,68.36,94.93
2026-05-18 07:35:00,9,179.14,281.88,40.22,0.0,256.43,0.0,120.55,71.3,94.81
2026-05-18 07:40:00,9,179.14,281.88,41.25,1.0,213.42,0.01,100.33,67.65,94.69
2026-05-18 07:45:00,9,179.14,281.88,41.06,0.0,244.4,0.0,114.9,70.1,94.58
2026-05-18 07:50:00,9,179.14,281.88,41.6,0.0,285.11,0.0,134.04,74.39,94.45
2026-05-18 07:55:00,9,179.14,281.88,41.9,0.0,288.77,0.0,135.76,74.81,94.32
2026-05-18 08:00:00,9,179.14,281.88,40.93,0.0,308.03,0.0,144.81,77.09,94.19
2026-05-18 08:05:00,9,179.14,281.88,41.63,0.0,267.27,0.0,125.65,72.43,94.06
2026-05-18 08:10:00,9,179.14,281.88,42.44,1.0,266.6,0.0,125.33,72.71,93.94
2026-05-18 08:15:00,9,179.14,281.88,42.14,0.0,238.42,0.0,112.09,69.53,93.82
2026-05-18 08:20:00,9,179.14,281.88,42.18,0.0,239.58,0.0,112.63,69.64,93.7
2026-05-18 08:25:00,9,179.14,281.88,42.42,0.0,265.53,0.0,124.83,72.25,93.58
2026-05-18 08:30:00,9,179.14,281.88,42.28,1.0,276.04,0.0,129.77,73.73,93.45
2026-05-18 08:35:00,9,179.14,281.88,42.97,0.0,226.68,0.0,106.56,68.44,93.34
2026-05-18 08:40:00,9,179.14,281.88,43.35,0.0,284.42,0.0,133.71,74.32,93.21
2026-05-18 08:45:00,9,179.14,281.88,43.84,1.0,251.33,0.01,118.16,71.16,93.09
2026-05-18 08:50:00,9,179.14,281.88,43.01,0.0,247.08,0.0,116.16,70.37,92.97
2026-05-18 08:55:00,9,179.14,281.88,42.55,2.0,292.95,0.01,137.72,76.01,92.84
2026-05-18 09:00:00,9,179.14,281.88,42.17,0.0,295.75,0.0,139.04,75.62,92.71
2026-05-18 09:05:00,9,179.14,281.88,43.25,1.0,262.03,0.0,123.18,72.23,92.58
2026-05-18 09:10:00,9,179.14,281.88,42.67,2.0,186.08,0.02,87.48,65.85,92.47
2026-05-18 09:15:00,9,179.14,281.88,42.76,0.0,232.4,0.0,109.26,68.97,92.35
2026-05-18 09:20:00,9,179.14,281.88,43.75,0.0,271.39,0.0,127.58,72.88,92.23
2026-05-18 09:25:00,9,179.14,281.88,42.22,0.0,258.62,0.0,121.58,71.53,92.11
2026-05-18 09:30:00,9,179.14,281.88,44.25,2.0,234.45,0.01,110.22,69.88,91.99
2026-05-18 09:35:00,9,179.14,281.88,43.77,1.0,302.67,0.0,142.29,76.8,91.86
2026-05-18 09:40:00,9,179.14,281.88,43.54,2.0,248.93,0.01,117.02,71.27,91.73
2026-05-18 09:45:00,9,179.14,281.88,43.28,0.0,292.3,0.0,137.42,75.22,91.61
2026-05-18 09:50:00,9,179.14,281.88,43.55,0.0,245.57,0.0,115.45,70.22,91.49
2026-05-18 09:55:00,9,179.14,281.88,44.26,1.0,275.17,0.0,129.36,73.64,91.36
2026-05-18 10:00:00,9,179.14,281.88,44.28,0.0,258.71,0.0,121.62,71.54,91.24
2026-05-18 10:05:00,9,179.14,281.88,43.51,1.0,280.58,0.0,131.91,74.24,91.11
2026-05-18 10:10:00,9,179.14,281.88,43.76,1.0,302.9,0.0,142.4,76.83,90.98
2026-05-18 10:15:00,9,179.14,281.88,44.94,0.0,248.47,0.0,116.81,70.51,90.86
2026-05-18 10:20:00,9,179.14,281.88,44.29,1.0,210.68,0.01,99.04,67.43,90.74
2026-05-18 10:25:00,9,179.14,281.88,44.01,0.0,263.31,0.0,123.79,72.02,90.62
2026-05-18 10:30:00,9,179.14,281.88,44.02,0.0,249.32,0.0,117.21,70.59,90.5
2026-05-18 10:35:00,9,179.14,281.88,44.75,0.0,232.48,0.0,109.29,68.98,90.38
2026-05-18 10:40:00,9,179.14,281.88,44.79,1.0,309.41,0.0,145.46,77.62,90.25
2026-05-18 10:45:00,9,179.14,281.88,44.47,1.0,237.55,0.01,111.68,69.82,90.13
2026-05-18 10:50:00,9,179.14,281.88,45.45,0.0,271.86,0.0,127.8,72.93,90.01
2026-05-18 10:55:00,9,179.14,281.88,43.82,2.0,259.5,0.01,122.0,72.34,89.88
2026-05-18 11:00:00,9,179.14,281.88,44.18,0.0,259.33,0.0,121.92,71.61,89.76
2026-05-18 11:05:00,9,179.14,281.88,45.03,0.0,232.87,0.0,109.48,69.02,89.64
2026-05-18 11:10:00,9,179.14,281.88,45.32,1.0,264.87,0.0,124.52,72.53,89.52
2026-05-18 11:15:00,9,179.14,281.88,44.91,1.0,269.7,0.0,126.79,73.05,89.39
2026-05-18 11:20:00,9,179.14,281.88,44.49,1.0,273.7,0.0,128.67,73.48,89.27
2026-05-18 11:25:00,9,179.14,281.88,44.39,1.0,255.61,0.0,120.17,71.57,89.15
2026-05-18 11:30:00,9,179.14,281.88,44.75,0.0,297.85,0.0,140.03,75.88,89.02
2026-05-18 11:35:00,9,179.14,281.88,44.84,0.0,213.09,0.0,100.18,67.26,88.9
2026-05-18 11:40:00,9,179.14,281.88,45.56,0.0,217.73,0.0,102.36,67.66,88.78
2026-05-18 11:45:00,9,179.14,281.88,43.98,1.0,241.99,0.01,113.77,70.25,88.66
2026-05-18 11:50:00,9,179.14,281.88,44.52,1.0,226.08,0.01,106.29,68.77,88.55
2026-05-18 11:55:00,9,179.14,281.88,45.6,1.0,236.45,0.01,111.16,69.72,88.43
2026-05-18 12:00:00,9,179.14,281.88,45.17,3.0,246.62,0.02,115.94,71.42,88.31
2026-05-18 12:05:00,9,179.14,281.88,44.88,0.0,240.65,0.0,113.13,69.75,88.19
2026-05-18 12:10:00,9,179.14,281.88,44.87,3.0,250.64,0.02,117.83,71.81,88.06
2026-05-18 12:15:00,9,179.14,281.88,44.94,1.0,245.01,0.01,115.18,70.54,87.94
2026-05-18 12:20:00,9,179.14,281.88,45.16,0.0,234.11,0.0,110.06,69.13,87.83
2026-05-18 12:25:00,9,179.14,281.88,44.7,1.0,205.14,0.01,96.44,66.97,87.71
2026-05-18 12:30:00,9,179.14,281.88,46.11,0.0,212.37,0.0,99.84,67.2,87.6
2026-05-18 12:35:00,9,179.14,281.88,44.96,3.0,224.75,0.02,105.66,69.37,87.48
2026-05-18 12:40:00,9,179.14,281.88,44.01,0.0,230.46,0.0,108.35,68.79,87.36
2026-05-18 12:45:00,9,179.14,281.88,43.98,1.0,225.11,0.01,105.83,68.68,87.24
2026-05-18 12:50:00,9,179.14,281.88,44.0,2.0,240.58,0.01,113.1,70.46,87.12
2026-05-18 12:55:00,9,179.14,281.88,44.92,0.0,203.49,0.0,95.66,66.46,87.01
2026-05-18 13:00:00,9,179.14,281.88,45.52,2.0,271.7,0.01,127.73,73.63,86.88
2026-05-18 13:05:00,9,179.14,281.88,44.0,1.0,268.17,0.0,126.07,72.88,86.76
2026-05-18 13:10:00,9,179.14,281.88,45.19,4.0,296.68,0.01,139.48,77.16,86.63
2026-05-18 13:15:00,9,179.14,281.88,44.46,1.0,227.43,0.01,106.92,68.89,86.51
2026-05-18 13:20:00,9,179.14,281.88,45.27,3.0,254.75,0.01,119.76,72.21,86.39
2026-05-18 13:25:00,9,179.14,281.88,44.11,2.0,219.45,0.01,103.17,68.53,86.27
2026-05-18 13:30:00,9,179.14,281.88,44.42,3.0,214.71,0.02,100.94,68.49,86.15
2026-05-18 13:35:00,9,179.14,281.88,44.72,5.0,299.9,0.02,140.99,77.91,86.02
2026-05-18 13:40:00,9,179.14,281.88,44.5,5.0,284.75,0.02,133.86,76.14,85.89
2026-05-18 13:45:00,9,179.14,281.88,44.39,4.0,236.93,0.02,111.38,70.83,85.77
2026-05-18 13:50:00,9,179.14,281.88,44.12,2.0,276.44,0.01,129.96,74.15,85.64
2026-05-18 13:55:00,9,179.14,281.88,44.95,3.0,240.93,0.02,113.27,70.87,85.52
2026-05-18 14:00:00,9,179.14,281.88,45.06,1.0,253.76,0.0,119.3,71.39,85.4
2026-05-18 14:05:00,9,179.14,281.88,43.0,0.0,258.07,0.0,121.32,71.47,85.27
2026-05-18 14:10:00,9,179.14,281.88,45.37,3.0,253.33,0.01,119.1,72.07,85.15
2026-05-18 14:15:00,9,179.14,281.88,43.13,4.0,265.29,0.02,124.72,73.66,85.03
2026-05-18 14:20:00,9,179.14,281.88,43.94,0.0,272.56,0.0,128.14,73.0,84.9
2026-05-18 14:25:00,9,179.14,281.88,44.42,3.0,243.85,0.02,114.64,71.15,84.78
2026-05-18 14:30:00,9,179.14,281.88,43.76,2.0,248.29,0.01,116.72,71.21,84.66
2026-05-18 14:35:00,9,179.14,281.88,43.23,0.0,258.17,0.0,121.37,71.48,84.54
2026-05-18 14:40:00,9,179.14,281.88,42.36,4.0,228.04,0.02,107.21,70.01,84.42
2026-05-18 14:45:00,9,179.14,281.88,43.64,1.0,266.68,0.0,125.37,72.72,84.29
2026-05-18 14:50:00,9,179.14,281.88,42.82,3.0,279.27,0.01,131.29,74.81,84.16
2026-05-18 14:55:00,9,179.14,281.88,42.98,2.0,281.34,0.01,132.26,74.69,84.04
2026-05-18 15:00:00,9,179.14,281.88,42.93,0.0,239.36,0.0,112.53,69.62,83.92
2026-05-18 15:05:00,9,179.14,281.88,42.17,2.0,240.16,0.01,112.9,70.41,83.8
2026-05-18 15:10:00,9,179.14,281.88,42.67,12.0,314.49,0.04,147.85,82.18,83.66
2026-05-18 15:15:00,9,179.14,281.88,41.96,2.0,240.84,0.01,113.22,70.48,83.54
2026-05-18 15:20:00,9,179.14,281.88,42.32,5.0,251.22,0.03,118.1,72.59,83.41
2026-05-18 15:25:00,9,179.14,281.88,42.05,2.0,266.79,0.01,125.42,73.1,83.29
2026-05-18 15:30:00,9,179.14,281.88,41.98,1.0,289.15,0.0,135.93,75.2,83.16
2026-05-18 15:35:00,9,179.14,281.88,42.6,1.0,269.43,0.0,126.66,73.01,83.03
2026-05-18 15:40:00,9,179.14,281.88,42.02,4.0,261.65,0.02,123.01,73.28,82.91
2026-05-18 15:45:00,9,179.14,281.88,41.63,0.0,271.68,0.0,127.72,72.9,82.78
2026-05-18 15:50:00,9,179.14,281.88,42.0,3.0,255.6,0.01,120.16,72.29,82.66
2026-05-18 15:55:00,9,179.14,281.88,42.28,1.0,258.93,0.0,121.73,71.91,82.54
2026-05-18 16:00:00,9,179.14,281.88,41.83,0.0,288.98,0.0,135.86,74.83,82.41
2026-05-18 16:05:00,9,179.14,281.88,41.43,2.0,266.61,0.01,125.34,73.08,82.28
2026-05-18 16:10:00,9,179.14,281.88,40.43,2.0,280.46,0.01,131.85,74.59,82.16
2026-05-18 16:15:00,9,179.14,281.88,41.25,2.0,280.28,0.01,131.76,74.57,82.03
2026-05-18 16:20:00,9,179.14,281.88,41.55,2.0,262.63,0.01,123.47,72.66,81.91
2026-05-18 16:25:00,9,179.14,281.88,40.45,1.0,246.42,0.01,115.85,70.67,81.78
2026-05-18 16:30:00,9,179.14,281.88,40.38,1.0,226.76,0.01,106.61,68.82,81.67
2026-05-18 16:35:00,9,179.14,281.88,40.77,1.0,278.85,0.0,131.09,74.04,81.54
2026-05-18 16:40:00,9,179.14,281.88,40.54,1.0,253.66,0.0,119.25,71.37,81.42
2026-05-18 16:45:00,9,179.14,281.88,39.65,0.0,235.6,0.0,110.76,69.26,81.3
2026-05-18 16:50:00,9,179.14,281.88,40.5,1.0,290.98,0.0,136.79,75.41,81.17
2026-05-18 16:55:00,9,179.14,281.88,39.47,0.0,242.37,0.0,113.94,69.9,81.05
2026-05-18 17:00:00,9,179.14,281.88,39.54,2.0,266.8,0.01,125.43,73.1,80.93
2026-05-18 17:05:00,9,179.14,281.88,39.85,1.0,253.29,0.0,119.07,71.33,80.8
2026-05-18 17:10:00,9,179.14,281.88,39.51,2.0,230.02,0.01,108.13,69.46,80.69
2026-05-18 17:15:00,9,179.14,281.88,39.18,0.0,207.57,0.0,97.58,66.79,80.57
2026-05-18 17:20:00,9,179.14,281.88,38.72,0.0,253.05,0.0,118.96,70.95,80.45
2026-05-18 17:25:00,9,179.14,281.88,39.5,0.0,275.65,0.0,129.59,73.33,80.33
2026-05-18 17:30:00,9,179.14,281.88,38.09,1.0,291.22,0.0,136.91,75.43,80.2
2026-05-18 17:35:00,9,179.14,281.88,38.03,0.0,248.16,0.0,116.67,70.47,80.08
2026-05-18 17:40:00,9,179.14,281.88,39.88,0.0,239.06,0.0,112.39,69.59,79.96
2026-05-18 17:45:00,9,179.14,281.88,37.64,1.0,248.69,0.01,116.92,70.89,79.84
2026-05-18 17:50:00,9,179.14,281.88,38.01,3.0,253.98,0.01,119.4,72.12,79.71
2026-05-18 17:55:00,9,179.14,281.88,37.84,0.0,249.66,0.0,117.37,70.61,79.59
2026-05-18 18:00:00,9,179.14,281.88,37.23,0.0,226.5,0.0,106.48,68.42,79.47
2026-05-18 18:05:00,9,179.14,281.88,37.66,0.0,210.82,0.0,99.11,67.05,79.36
2026-05-18 18:10:00,9,179.14,281.88,38.19,0.0,237.78,0.0,111.78,69.46,79.24
2026-05-18 18:15:00,9,179.14,281.88,38.77,1.0,238.99,0.01,112.36,69.95,79.12
2026-05-18 18:20:00,9,179.14,281.88,37.02,1.0,270.22,0.0,127.03,73.09,79.0
2026-05-18 18:25:00,9,179.14,281.88,37.6,1.0,242.51,0.01,114.01,70.28,78.88
2026-05-18 18:30:00,9,179.14,281.88,37.45,2.0,268.2,0.01,126.09,73.24,78.75
2026-05-18 18:35:00,9,179.14,281.88,37.26,1.0,302.48,0.0,142.2,76.76,78.62
2026-05-18 18:40:00,9,179.14,281.88,36.96,0.0,253.47,0.0,119.16,70.99,78.5
2026-05-18 18:45:00,9,179.14,281.88,36.91,1.0,213.79,0.01,100.51,67.67,78.38
2026-05-18 18:50:00,9,179.14,281.88,36.5,2.0,322.01,0.01,151.38,79.56,78.25
2026-05-18 18:55:00,9,179.14,281.88,35.97,0.0,282.63,0.0,132.87,74.1,78.12
2026-05-18 19:00:00,9,179.14,281.88,35.8,1.0,249.89,0.01,117.48,71.0,78.0
2026-05-18 19:05:00,9,179.14,281.88,36.69,0.0,255.94,0.0,120.32,71.24,77.88
2026-05-18 19:10:00,9,179.14,281.88,35.65,0.0,277.76,0.0,130.58,73.56,77.75
2026-05-18 19:15:00,9,179.14,281.88,35.31,1.0,222.37,0.01,104.54,68.42,77.64
2026-05-18 19:20:00,9,179.14,281.88,34.91,0.0,241.98,0.0,113.76,69.86,77.52
2026-05-18 19:25:00,9,179.14,281.88,35.13,0.0,305.24,0.0,143.5,76.74,77.38
2026-05-18 19:30:00,9,179.14,281.88,35.41,1.0,264.33,0.0,124.27,72.46,77.26
2026-05-18 19:35:00,9,179.14,281.88,34.74,1.0,227.57,0.01,106.99,68.88,77.14
2026-05-18 19:40:00,9,179.14,281.88,35.65,0.0,231.82,0.0,108.98,68.9,77.03
2026-05-18 19:45:00,9,179.14,281.88,35.24,2.0,250.22,0.01,117.63,71.38,76.9
2026-05-18 19:50:00,9,179.14,281.88,34.81,1.0,274.5,0.0,129.05,73.55,76.78
2026-05-18 19:55:00,9,179.14,281.88,34.68,6.0,318.84,0.02,149.89,80.57,76.64
2026-05-18 20:00:00,9,179.14,281.88,35.3,0.0,258.16,0.0,121.37,71.47,76.52
2026-05-18 20:05:00,9,179.14,281.88,35.2,0.0,211.66,0.0,99.51,67.12,76.4
2026-05-18 20:10:00,9,179.14,281.88,34.55,0.0,267.36,0.0,125.69,72.43,76.28
2026-05-18 20:15:00,9,179.14,281.88,34.78,1.0,262.47,0.0,123.39,72.26,76.16
2026-05-18 20:20:00,9,179.14,281.88,34.18,0.0,218.2,0.0,102.58,67.68,76.04
2026-05-18 20:25:00,9,179.14,281.88,34.06,0.0,223.96,0.0,105.29,68.18,75.92
2026-05-18 20:30:00,9,179.14,281.88,33.04,1.0,282.43,0.0,132.77,74.42,75.8
2026-05-18 20:35:00,9,179.14,281.88,33.68,0.0,257.61,0.0,121.11,71.41,75.67
2026-05-18 20:40:00,9,179.14,281.88,33.54,0.0,259.06,0.0,121.79,71.56,75.55
2026-05-18 20:45:00,9,179.14,281.88,33.8,1.0,253.15,0.0,119.01,71.3,75.43
2026-05-18 20:50:00,9,179.14,281.88,32.75,0.0,286.54,0.0,134.71,74.54,75.3
2026-05-18 20:55:00,9,179.14,281.88,33.06,1.0,243.38,0.01,114.42,70.36,75.18
2026-05-18 21:00:00,9,179.14,281.88,33.6,0.0,295.84,0.0,139.08,75.62,75.05
2026-05-18 21:05:00,9,179.14,281.88,33.53,1.0,297.62,0.0,139.92,76.18,74.92
2026-05-18 21:10:00,9,179.14,281.88,32.97,0.0,274.93,0.0,129.25,73.24,74.8
2026-05-18 21:15:00,9,179.14,281.88,32.06,0.0,223.87,0.0,105.24,68.17,74.68
2026-05-18 21:20:00,9,179.14,281.88,32.69,1.0,237.42,0.01,111.62,69.79,74.56
2026-05-18 21:25:00,9,179.14,281.88,32.53,1.0,270.47,0.0,127.15,73.1,74.44
2026-05-18 21:30:00,9,179.14,281.88,32.81,0.0,250.8,0.0,117.91,70.72,74.32
2026-05-18 21:35:00,9,179.14,281.88,32.34,0.0,255.6,0.0,120.16,71.2,74.19
2026-05-18 21:40:00,9,179.14,281.88,31.52,1.0,209.8,0.01,98.63,67.33,74.08
2026-05-18 21:45:00,9,179.14,281.88,32.65,0.0,258.77,0.0,121.65,71.52,73.96
2026-05-18 21:50:00,9,179.14,281.88,31.95,1.0,231.08,0.01,108.63,69.19,73.84
2026-05-18 21:55:00,9,179.14,281.88,32.38,0.0,239.5,0.0,112.59,69.61,73.72
2026-05-18 22:00:00,9,179.14,281.88,31.9,0.0,262.77,0.0,123.53,71.94,73.6
2026-05-18 22:05:00,9,179.14,281.88,31.74,0.0,244.28,0.0,114.84,70.07,73.48
2026-05-18 22:10:00,9,179.14,281.88,30.85,1.0,250.32,0.01,117.68,71.04,73.36
2026-05-18 22:15:00,9,179.14,281.88,31.2,2.0,261.91,0.01,123.13,72.57,73.23
2026-05-18 22:20:00,9,179.14,281.88,30.96,1.0,273.11,0.0,128.39,73.39,73.11
2026-05-18 22:25:00,9,179.14,281.88,31.99,3.0,281.88,0.01,132.52,75.08,72.98
2026-05-18 22:30:00,9,179.14,281.88,31.82,2.0,287.58,0.01,135.2,75.37,72.85
2026-05-18 22:35:00,9,179.14,281.88,30.55,3.0,251.4,0.02,118.19,71.86,72.73
2026-05-18 22:40:00,9,179.14,281.88,31.84,1.0,277.79,0.0,130.59,73.9,72.6
2026-05-18 22:45:00,9,179.14,281.88,32.01,1.0,214.62,0.01,100.89,67.73,72.48
2026-05-18 22:50:00,9,179.14,281.88,30.93,0.0,238.37,0.0,112.06,69.5,72.37
2026-05-18 22:55:00,9,179.14,281.88,31.11,5.0,316.49,0.02,148.79,79.92,72.23
2026-05-18 23:00:00,9,179.14,281.88,31.18,1.0,269.9,0.0,126.88,73.04,72.1
2026-05-18 23:05:00,9,179.14,281.88,31.62,2.0,258.22,0.01,121.39,72.18,71.98
2026-05-18 23:10:00,9,179.14,281.88,30.82,0.0,299.77,0.0,140.93,76.08,71.85
2026-05-18 23:15:00,9,179.14,281.88,31.96,2.0,222.52,0.01,104.61,68.77,71.73
2026-05-18 23:20:00,9,179.14,281.88,29.78,2.0,271.85,0.01,127.8,73.62,71.61
2026-05-18 23:25:00,9,179.14,281.88,30.71,1.0,236.77,0.01,111.31,69.72,71.49
2026-05-18 23:30:00,9,179.14,281.88,31.48,0.0,256.56,0.0,120.62,71.3,71.37
2026-05-18 23:35:00,9,179.14,281.88,30.75,1.0,254.56,0.0,119.67,71.44,71.24
2026-05-18 23:40:00,9,179.14,281.88,30.35,1.0,236.41,0.01,111.14,69.69,71.13
2026-05-18 23:45:00,9,179.14,281.88,30.08,2.0,214.56,0.01,100.87,68.08,71.01
2026-05-18 23:50:00,9,179.14,281.88,31.54,2.0,238.57,0.01,112.16,70.24,70.89
2026-05-18 23:55:00,9,179.14,281.88,31.32,1.0,272.46,0.0,128.09,73.32,70.76
2026-05-19 00:00:00,9,179.14,281.88,30.74,1.0,255.28,0.0,120.01,71.51,70.64
2026-05-19 00:05:00,9,179.14,281.88,31.62,1.0,222.26,0.01,104.49,68.4,70.52
2026-05-19 00:10:00,9,179.14,281.88,31.44,1.0,247.74,0.01,116.46,70.78,70.4
2026-05-19 00:15:00,9,179.14,281.88,30.96,2.0,243.05,0.01,114.26,70.67,70.28
2026-05-19 00:20:00,9,179.14,281.88,30.53,2.0,256.55,0.01,120.61,72.01,70.16
2026-05-19 00:25:00,9,179.14,281.88,31.38,3.0,250.62,0.02,117.82,71.79,70.04
2026-05-19 00:30:00,9,179.14,281.88,30.99,7.0,284.51,0.03,133.75,76.81,69.91
2026-05-19 00:35:00,9,179.14,281.88,30.93,2.0,256.42,0.01,120.55,72.0,69.78
2026-05-19 00:40:00,9,179.14,281.88,30.85,1.0,189.01,0.01,88.86,65.68,69.67
2026-05-19 00:45:00,9,179.14,281.88,31.25,4.0,272.61,0.02,128.16,74.42,69.54
2026-05-19 00:50:00,9,179.14,281.88,30.15,0.0,234.43,0.0,110.21,69.13,69.42
2026-05-19 00:55:00,9,179.14,281.88,31.72,6.0,265.63,0.03,124.88,74.4,69.3
2026-05-19 01:00:00,9,179.14,281.88,30.71,2.0,229.93,0.01,108.09,69.44,69.18
2026-05-19 01:05:00,9,179.14,281.88,31.28,2.0,277.33,0.01,130.38,74.22,69.05
2026-05-19 01:10:00,9,179.14,281.88,30.78,3.0,206.28,0.02,96.98,67.76,68.94
2026-05-19 01:15:00,9,179.14,281.88,30.75,1.0,247.13,0.01,116.18,70.72,68.82
2026-05-19 01:20:00,9,179.14,281.88,31.25,0.0,240.49,0.0,113.06,69.71,68.7
2026-05-19 01:25:00,9,179.14,281.88,31.7,6.0,241.56,0.03,113.56,71.97,68.57
2026-05-19 01:30:00,9,179.14,281.88,31.17,0.0,268.52,0.0,126.24,72.55,68.45
2026-05-19 01:35:00,9,179.14,281.88,31.85,1.0,263.44,0.0,123.85,72.36,68.33
2026-05-19 01:40:00,9,179.14,281.88,30.81,2.0,220.39,0.01,103.61,68.58,68.21
2026-05-19 01:45:00,9,179.14,281.88,32.36,2.0,236.62,0.01,111.24,70.06,68.09
2026-05-19 01:50:00,9,179.14,281.88,32.36,4.0,255.92,0.02,120.31,72.67,67.96
2026-05-19 01:55:00,9,179.14,281.88,32.0,1.0,260.08,0.0,122.27,72.01,67.84
2026-05-19 02:00:00,9,179.14,281.88,30.74,0.0,242.27,0.0,113.89,69.88,67.72
2026-05-19 02:05:00,9,179.14,281.88,32.69,1.0,288.93,0.0,135.83,75.16,67.59
2026-05-19 02:10:00,9,179.14,281.88,32.37,1.0,261.32,0.0,122.85,72.14,67.47
2026-05-19 02:15:00,9,179.14,281.88,31.98,4.0,233.17,0.02,109.62,70.46,67.35
2026-05-19 02:20:00,9,179.14,281.88,32.8,2.0,271.55,0.01,127.66,73.59,67.22
2026-05-19 02:25:00,9,179.14,281.88,32.73,2.0,284.36,0.01,133.68,75.01,67.1
2026-05-19 02:30:00,9,179.14,281.88,32.75,2.0,270.76,0.01,127.29,73.51,66.97
2026-05-19 02:35:00,9,179.14,281.88,32.75,0.0,267.26,0.0,125.64,72.41,66.85
2026-05-19 02:40:00,9,179.14,281.88,34.03,2.0,233.5,0.01,109.77,69.77,66.73
2026-05-19 02:45:00,9,179.14,281.88,32.57,1.0,214.09,0.01,100.65,67.69,66.61
2026-05-19 02:50:00,9,179.14,281.88,33.22,4.0,239.15,0.02,112.43,71.02,66.49
2026-05-19 02:55:00,9,179.14,281.88,32.66,0.0,253.15,0.0,119.01,70.95,66.37
2026-05-19 03:00:00,9,179.14,281.88,33.09,1.0,238.62,0.01,112.18,69.9,66.25
2026-05-19 03:05:00,9,179.14,281.88,33.16,1.0,273.78,0.0,128.71,73.47,66.12
2026-05-19 03:10:00,9,179.14,281.88,33.23,5.0,297.56,0.02,139.89,77.61,65.99
2026-05-19 03:15:00,9,179.14,281.88,33.87,2.0,245.26,0.01,115.3,70.89,65.87
2026-05-19 03:20:00,9,179.14,281.88,32.62,3.0,195.62,0.02,91.97,66.91,65.76
2026-05-19 03:25:00,9,179.14,281.88,33.97,3.0,201.42,0.02,94.69,67.37,65.64
2026-05-19 03:30:00,9,179.14,281.88,33.12,1.0,220.11,0.01,103.48,68.21,65.52
2026-05-19 03:35:00,9,179.14,281.88,33.58,2.0,241.54,0.01,113.55,70.53,65.4
2026-05-19 03:40:00,9,179.14,281.88,34.34,2.0,262.36,0.01,123.34,72.62,65.28
2026-05-19 03:45:00,9,179.14,281.88,34.3,0.0,266.12,0.0,125.11,72.29,65.16
2026-05-19 03:50:00,9,179.14,281.88,33.71,0.0,277.5,0.0,130.46,73.52,65.03
2026-05-19 03:55:00,9,179.14,281.88,34.47,2.0,270.11,0.01,126.99,73.44,64.9
2026-05-19 04:00:00,9,179.14,281.88,34.17,1.0,298.36,0.0,140.26,76.26,64.77
2026-05-19 04:05:00,9,179.14,281.88,34.48,2.0,289.05,0.01,135.89,75.55,64.65
2026-05-19 04:10:00,9,179.14,281.88,34.67,0.0,259.18,0.0,121.84,71.57,64.52
2026-05-19 04:15:00,9,179.14,281.88,34.79,1.0,268.12,0.0,126.05,72.86,64.4
2026-05-19 04:20:00,9,179.14,281.88,34.53,0.0,223.21,0.0,104.94,68.12,64.28
2026-05-19 04:25:00,9,179.14,281.88,35.26,2.0,247.43,0.01,116.32,71.11,64.16
2026-05-19 04:30:00,9,179.14,281.88,35.72,0.0,264.13,0.0,124.17,72.09,64.04
2026-05-19 04:35:00,9,179.14,281.88,35.89,0.0,293.47,0.0,137.97,75.34,63.91
2026-05-19 04:40:00,9,179.14,281.88,35.61,0.0,237.89,0.0,111.84,69.47,63.79
2026-05-19 04:45:00,9,179.14,281.88,35.94,1.0,247.69,0.01,116.44,70.78,63.67
2026-05-19 04:50:00,9,179.14,281.88,36.56,1.0,237.35,0.01,111.58,69.79,63.55
2026-05-19 04:55:00,9,179.14,281.88,35.79,0.0,265.11,0.0,124.63,72.19,63.43
2026-05-19 05:00:00,9,179.14,281.88,36.5,3.0,211.71,0.02,99.53,68.22,63.31
2026-05-19 05:05:00,9,179.14,281.88,36.1,0.0,275.03,0.0,129.3,73.26,63.18
2026-05-19 05:10:00,9,179.14,281.88,36.81,0.0,263.8,0.0,124.02,72.05,63.06
2026-05-19 05:15:00,9,179.14,281.88,37.05,0.0,252.21,0.0,118.57,70.87,62.94
2026-05-19 05:20:00,9,179.14,281.88,36.9,2.0,257.83,0.01,121.21,72.15,62.82
2026-05-19 05:25:00,9,179.14,281.88,37.28,1.0,199.93,0.01,93.99,66.53,62.7
2026-05-19 05:30:00,9,179.14,281.88,36.19,0.0,284.47,0.0,133.73,74.31,62.58
2026-05-19 05:35:00,9,179.14,281.88,37.61,1.0,267.94,0.0,125.96,72.84,62.45
2026-05-19 05:40:00,9,179.14,281.88,36.52,0.0,256.56,0.0,120.61,71.3,62.33
2026-05-19 05:45:00,9,179.14,281.88,37.96,0.0,266.41,0.0,125.24,72.33,62.21
2026-05-19 05:50:00,9,179.14,281.88,38.53,2.0,272.93,0.01,128.31,73.75,62.08
2026-05-19 05:55:00,9,179.14,281.88,37.22,2.0,251.05,0.01,118.02,71.47,61.96
2026-05-19 06:00:00,9,179.14,281.88,38.08,0.0,252.89,0.0,118.89,70.94,61.84
2026-05-19 06:05:00,9,179.14,281.88,38.23,0.0,230.96,0.0,108.58,68.83,61.72
2026-05-19 06:10:00,9,179.14,281.88,37.85,1.0,253.26,0.0,119.06,71.32,61.6
2026-05-19 06:15:00,9,179.14,281.88,37.58,0.0,240.37,0.0,113.0,69.71,61.48
2026-05-19 06:20:00,9,179.14,281.88,38.74,2.0,241.08,0.01,113.33,70.5,61.36
2026-05-19 06:25:00,9,179.14,281.88,39.33,0.0,250.74,0.0,117.88,70.72,61.24
2026-05-19 06:30:00,9,179.14,281.88,39.43,1.0,281.52,0.0,132.35,74.33,61.11
2026-05-19 06:35:00,9,179.14,281.88,38.86,1.0,275.31,0.0,129.43,73.64,60.98
2026-05-19 06:40:00,9,179.14,281.88,39.37,0.0,301.53,0.0,141.75,76.3,60.85
2026-05-19 06:45:00,9,179.14,281.88,38.64,0.0,220.09,0.0,103.47,67.85,60.74
2026-05-19 06:50:00,9,179.14,281.88,39.28,1.0,246.28,0.01,115.78,70.65,60.62
2026-05-19 06:55:00,9,179.14,281.88,39.97,1.0,257.0,0.0,120.82,71.71,60.49
2026-05-19 07:00:00,9,179.14,281.88,39.85,0.0,223.37,0.0,105.01,68.14,60.38
2026-05-19 07:05:00,9,179.14,281.88,40.26,1.0,242.92,0.01,114.2,70.33,60.26
2026-05-19 07:10:00,9,179.14,281.88,40.35,1.0,255.08,0.0,119.92,71.51,60.14
2026-05-19 07:15:00,9,179.14,281.88,40.67,2.0,277.36,0.01,130.39,74.24,60.01
2026-05-19 07:20:00,9,179.14,281.88,39.93,0.0,293.46,0.0,137.96,75.35,59.88
2026-05-19 07:25:00,9,179.14,281.88,39.96,1.0,242.44,0.01,113.97,70.28,59.76
2026-05-19 07:30:00,9,179.14,281.88,41.01,3.0,180.21,0.03,84.72,65.79,59.65
2026-05-19 07:35:00,9,179.14,281.88,41.38,0.0,301.18,0.0,141.59,76.26,59.52
2026-05-19 07:40:00,9,179.14,281.88,40.4,0.0,279.44,0.0,131.37,73.75,59.39
2026-05-19 07:45:00,9,179.14,281.88,40.58,0.0,267.34,0.0,125.68,72.44,59.27
2026-05-19 07:50:00,9,179.14,281.88,41.78,0.0,282.45,0.0,132.78,74.09,59.14
2026-05-19 07:55:00,9,179.14,281.88,40.91,1.0,261.32,0.0,122.85,72.15,59.02
2026-05-19 08:00:00,9,179.14,281.88,41.4,0.0,226.01,0.0,106.25,68.38,58.9
2026-05-19 08:05:00,9,179.14,281.88,42.12,1.0,269.81,0.0,126.84,73.05,58.78
2026-05-19 08:10:00,9,179.14,281.88,42.63,1.0,238.68,0.01,112.21,69.93,58.66
2026-05-19 08:15:00,9,179.14,281.88,41.4,0.0,254.46,0.0,119.62,71.1,58.53
2026-05-19 08:20:00,9,179.14,281.88,42.12,1.0,266.02,0.0,125.06,72.65,58.41
2026-05-19 08:25:00,9,179.14,281.88,42.09,0.0,260.68,0.0,122.55,71.74,58.29
2026-05-19 08:30:00,9,179.14,281.88,41.61,1.0,229.04,0.01,107.67,69.03,58.17
2026-05-19 08:35:00,9,179.14,281.88,41.46,0.0,241.74,0.0,113.65,69.85,58.05
2026-05-19 08:40:00,9,179.14,281.88,41.97,0.0,250.0,0.0,117.53,70.65,57.93
2026-05-19 08:45:00,9,179.14,281.88,42.7,0.0,216.23,0.0,101.65,67.52,57.81
2026-05-19 08:50:00,9,179.14,281.88,42.66,0.0,258.2,0.0,121.39,71.49,57.69
2026-05-19 08:55:00,9,179.14,281.88,42.5,0.0,249.47,0.0,117.28,70.6,57.57
2026-05-19 09:00:00,9,179.14,281.88,42.88,0.0,261.11,0.0,122.75,71.79,57.45
2026-05-19 09:05:00,9,179.14,281.88,43.68,0.0,248.66,0.0,116.9,70.53,57.33
2026-05-19 09:10:00,9,179.14,281.88,42.67,3.0,273.01,0.01,128.35,74.12,57.2
2026-05-19 09:15:00,9,179.14,281.88,43.29,3.0,301.98,0.01,141.97,77.44,57.07
2026-05-19 09:20:00,9,179.14,281.88,42.96,0.0,295.27,0.0,138.81,75.57,56.94
2026-05-19 09:25:00,9,179.14,281.88,43.7,0.0,214.39,0.0,100.79,67.37,56.82
2026-05-19 09:30:00,9,179.14,281.88,43.92,1.0,238.65,0.01,112.19,69.92,56.7
2026-05-19 09:35:00,9,179.14,281.88,43.92,1.0,212.05,0.01,99.69,67.54,56.59
2026-05-19 09:40:00,9,179.14,281.88,42.1,1.0,273.3,0.0,128.48,73.43,56.46
2026-05-19 09:45:00,9,179.14,281.88,43.94,2.0,229.46,0.01,107.87,69.42,56.35
2026-05-19 09:50:00,9,179.14,281.88,43.13,2.0,270.51,0.01,127.17,73.5,56.22
2026-05-19 09:55:00,9,179.14,281.88,43.56,1.0,265.09,0.0,124.62,72.55,56.1
2026-05-19 10:00:00,9,179.14,281.88,43.88,0.0,252.2,0.0,118.57,70.88,55.97
2026-05-19 10:05:00,9,179.14,281.88,44.87,1.0,236.78,0.01,111.31,69.75,55.86
2026-05-19 10:10:00,9,179.14,281.88,43.77,2.0,263.43,0.01,123.84,72.75,55.73
2026-05-19 10:15:00,9,179.14,281.88,43.66,2.0,272.92,0.01,128.3,73.76,55.6
2026-05-19 10:20:00,9,179.14,281.88,43.91,1.0,206.25,0.01,96.96,67.06,55.49
2026-05-19 10:25:00,9,179.14,281.88,44.21,0.0,239.37,0.0,112.53,69.62,55.37
2026-05-19 10:30:00,9,179.14,281.88,44.06,0.0,272.88,0.0,128.29,73.04,55.25
2026-05-19 10:35:00,9,179.14,281.88,44.22,1.0,214.8,0.01,100.98,67.77,55.13
2026-05-19 10:40:00,9,179.14,281.88,44.34,4.0,320.98,0.01,150.9,80.14,54.99
2026-05-19 10:45:00,9,179.14,281.88,44.25,2.0,253.56,0.01,119.2,71.74,54.87
2026-05-19 10:50:00,9,179.14,281.88,43.78,0.0,256.17,0.0,120.43,71.28,54.75
2026-05-19 10:55:00,9,179.14,281.88,45.56,1.0,230.51,0.01,108.36,69.17,54.63
2026-05-19 11:00:00,9,179.14,281.88,44.57,0.0,271.96,0.0,127.85,72.94,54.51
2026-05-19 11:05:00,9,179.14,281.88,44.21,0.0,233.63,0.0,109.83,69.08,54.39
2026-05-19 11:10:00,9,179.14,281.88,44.95,0.0,266.73,0.0,125.39,72.38,54.26
2026-05-19 11:15:00,9,179.14,281.88,45.03,0.0,289.48,0.0,136.09,74.9,54.14
2026-05-19 11:20:00,9,179.14,281.88,45.43,1.0,266.74,0.0,125.4,72.73,54.01
2026-05-19 11:25:00,9,179.14,281.88,46.08,1.0,237.87,0.01,111.83,69.86,53.89
2026-05-19 11:30:00,9,179.14,281.88,45.31,2.0,300.34,0.01,141.19,76.89,53.76
2026-05-19 11:35:00,9,179.14,281.88,43.57,0.0,236.95,0.0,111.39,69.39,53.64
2026-05-19 11:40:00,9,179.14,281.88,44.75,1.0,274.83,0.0,129.2,73.6,53.52
2026-05-19 11:45:00,9,179.14,281.88,44.76,0.0,274.09,0.0,128.86,73.17,53.39
2026-05-19 11:50:00,9,179.14,281.88,45.21,1.0,207.72,0.01,97.65,67.18,53.28
2026-05-19 11:55:00,9,179.14,281.88,44.4,1.0,238.4,0.01,112.07,69.9,53.16
2026-05-19 12:00:00,9,179.14,281.88,45.59,2.0,238.46,0.01,112.1,70.26,53.04
2026-05-19 12:05:00,9,179.14,281.88,45.16,3.0,249.7,0.02,117.39,71.72,52.92
2026-05-19 12:10:00,9,179.14,281.88,45.09,2.0,253.23,0.01,119.05,71.71,52.79
2026-05-19 12:15:00,9,179.14,281.88,44.68,1.0,280.2,0.0,131.73,74.2,52.67
2026-05-19 12:20:00,9,179.14,281.88,45.12,1.0,217.22,0.01,102.12,67.99,52.55
2026-05-19 12:25:00,9,179.14,281.88,44.35,2.0,230.26,0.01,108.25,69.49,52.43
2026-05-19 12:30:00,9,179.14,281.88,45.36,1.0,227.5,0.01,106.95,68.89,52.31
2026-05-19 12:35:00,9,179.14,281.88,44.94,2.0,283.92,0.01,133.48,74.98,52.18
2026-05-19 12:40:00,9,179.14,281.88,44.55,2.0,272.74,0.01,128.22,73.74,52.06
2026-05-19 12:45:00,9,179.14,281.88,44.73,2.0,290.43,0.01,136.54,75.73,51.93
2026-05-19 12:50:00,9,179.14,281.88,44.78,1.0,241.77,0.01,113.66,70.23,51.81
2026-05-19 12:55:00,9,179.14,281.88,44.78,2.0,227.93,0.01,107.16,69.28,51.69
2026-05-19 13:00:00,9,179.14,281.88,44.41,1.0,260.06,0.0,122.26,72.03,51.57
2026-05-19 13:05:00,9,179.14,281.88,44.5,4.0,268.71,0.02,126.33,74.03,51.44
2026-05-19 13:10:00,9,179.14,281.88,45.23,4.0,275.71,0.02,129.61,74.79,51.31
2026-05-19 13:15:00,9,179.14,281.88,44.05,1.0,211.44,0.01,99.4,67.49,51.2
2026-05-19 13:20:00,9,179.14,281.88,44.91,1.0,212.68,0.01,99.98,67.6,51.08
2026-05-19 13:25:00,9,179.14,281.88,44.24,6.0,305.86,0.02,143.79,78.98,50.95
2026-05-19 13:30:00,9,179.14,281.88,44.08,1.0,239.9,0.01,112.78,70.04,50.83
2026-05-19 13:35:00,9,179.14,281.88,44.88,3.0,275.05,0.01,129.31,74.35,50.7
2026-05-19 13:40:00,9,179.14,281.88,44.76,2.0,241.91,0.01,113.73,70.59,50.58
2026-05-19 13:45:00,9,179.14,281.88,43.81,2.0,294.71,0.01,138.55,76.22,50.45
2026-05-19 13:50:00,9,179.14,281.88,44.55,0.0,261.78,0.0,123.07,71.86,50.33
2026-05-19 13:55:00,9,179.14,281.88,43.92,3.0,247.13,0.02,116.18,71.46,50.2
2026-05-19 14:00:00,9,179.14,281.88,43.8,3.0,278.76,0.01,131.05,74.75,50.08
2026-05-19 14:05:00,9,179.14,281.88,44.11,0.0,235.24,0.0,110.59,69.23,49.96
2026-05-19 14:10:00,9,179.14,281.88,43.69,1.0,245.0,0.01,115.18,70.54,49.84
2026-05-19 14:15:00,9,179.14,281.88,43.1,2.0,238.02,0.01,111.9,70.21,49.72
2026-05-19 14:20:00,9,179.14,281.88,42.9,3.0,269.69,0.01,126.79,73.76,49.59
2026-05-19 14:25:00,9,179.14,281.88,43.89,1.0,268.66,0.0,126.3,72.93,49.47
2026-05-19 14:30:00,9,179.14,281.88,43.64,0.0,293.88,0.0,138.16,75.41,49.34
2026-05-19 14:35:00,9,179.14,281.88,44.02,1.0,285.92,0.0,134.41,74.84,49.21
2026-05-19 14:40:00,9,179.14,281.88,44.53,2.0,257.45,0.01,121.03,72.13,49.09
2026-05-19 14:45:00,9,179.14,281.88,43.44,6.0,235.57,0.03,110.75,71.42,48.97
2026-05-19 14:50:00,9,179.14,281.88,43.82,2.0,236.68,0.01,111.27,70.09,48.85
2026-05-19 14:55:00,9,179.14,281.88,43.17,2.0,294.68,0.01,138.53,76.22,48.72
2026-05-19 15:00:00,9,179.14,281.88,42.01,1.0,263.57,0.0,123.91,72.39,48.59
2026-05-19 15:05:00,9,179.14,281.88,41.9,2.0,261.96,0.01,123.15,72.59,48.47
2026-05-19 15:10:00,9,179.14,281.88,42.8,4.0,251.37,0.02,118.17,72.23,48.34
2026-05-19 15:15:00,9,179.14,281.88,43.19,1.0,248.86,0.01,116.99,70.91,48.22
2026-05-19 15:20:00,9,179.14,281.88,42.66,1.0,236.34,0.01,111.11,69.7,48.1
2026-05-19 15:25:00,9,179.14,281.88,42.06,0.0,239.65,0.0,112.67,69.65,47.98
2026-05-19 15:30:00,9,179.14,281.88,42.0,3.0,258.97,0.01,121.75,72.63,47.86
2026-05-19 15:35:00,9,179.14,281.88,42.2,1.0,224.53,0.01,105.55,68.62,47.74
2026-05-19 15:40:00,9,179.14,281.88,42.93,1.0,273.69,0.0,128.67,73.47,47.62
2026-05-19 15:45:00,9,179.14,281.88,41.83,2.0,224.08,0.01,105.34,68.93,47.5
2026-05-19 15:50:00,9,179.14,281.88,41.97,1.0,249.2,0.01,117.15,70.94,47.38
2026-05-19 15:55:00,9,179.14,281.88,41.45,0.0,256.09,0.0,120.39,71.27,47.26
2026-05-19 16:00:00,9,179.14,281.88,41.29,0.0,277.11,0.0,130.28,73.5,47.13
2026-05-19 16:05:00,9,179.14,281.88,42.11,1.0,262.53,0.0,123.42,72.28,47.01
2026-05-19 16:10:00,9,179.14,281.88,40.68,0.0,268.24,0.0,126.11,72.53,46.88
2026-05-19 16:15:00,9,179.14,281.88,41.01,1.0,234.87,0.01,110.42,69.56,46.76
2026-05-19 16:20:00,9,179.14,281.88,41.38,1.0,295.28,0.0,138.82,75.92,46.64
2026-05-19 16:25:00,9,179.14,281.88,40.55,0.0,265.98,0.0,125.04,72.29,46.51
2026-05-19 16:30:00,9,179.14,281.88,40.91,1.0,218.15,0.01,102.56,68.06,46.4
2026-05-19 16:35:00,9,179.14,281.88,40.58,1.0,239.59,0.01,112.64,70.01,46.28
2026-05-19 16:40:00,9,179.14,281.88,41.16,4.0,242.39,0.02,113.95,71.35,46.15
2026-05-19 16:45:00,9,179.14,281.88,40.75,0.0,300.05,0.0,141.06,76.13,46.02
2026-05-19 16:50:00,9,179.14,281.88,39.75,0.0,297.05,0.0,139.65,75.77,45.89
2026-05-19 16:55:00,9,179.14,281.88,39.61,1.0,231.39,0.01,108.78,69.24,45.78
2026-05-19 17:00:00,9,179.14,281.88,39.65,1.0,246.98,0.01,116.11,70.72,45.65
2026-05-19 17:05:00,9,179.14,281.88,38.74,2.0,228.4,0.01,107.37,69.31,45.54
2026-05-19 17:10:00,9,179.14,281.88,38.79,0.0,272.2,0.0,127.97,72.95,45.41
2026-05-19 17:15:00,9,179.14,281.88,39.28,0.0,256.61,0.0,120.64,71.32,45.29
2026-05-19 17:20:00,9,179.14,281.88,39.29,1.0,223.03,0.01,104.85,68.48,45.17
2026-05-19 17:25:00,9,179.14,281.88,38.98,1.0,219.11,0.01,103.01,68.14,45.06
2026-05-19 17:30:00,9,179.14,281.88,39.25,0.0,215.2,0.0,101.17,67.43,44.94
2026-05-19 17:35:00,9,179.14,281.88,38.88,0.0,292.59,0.0,137.55,75.24,44.81
2026-05-19 17:40:00,9,179.14,281.88,38.24,0.0,246.25,0.0,115.77,70.28,44.69
2026-05-19 17:45:00,9,179.14,281.88,39.16,2.0,234.96,0.01,110.46,69.92,44.57
2026-05-19 17:50:00,9,179.14,281.88,38.36,0.0,316.54,0.0,148.81,78.15,44.44
2026-05-19 17:55:00,9,179.14,281.88,39.17,3.0,248.13,0.02,116.65,71.55,44.32
2026-05-19 18:00:00,9,179.14,281.88,38.75,0.0,241.68,0.0,113.62,69.83,44.2
2026-05-19 18:05:00,9,179.14,281.88,38.42,1.0,235.35,0.01,110.64,69.6,44.08
2026-05-19 18:10:00,9,179.14,281.88,37.56,0.0,243.01,0.0,114.24,69.96,43.96
2026-05-19 18:15:00,9,179.14,281.88,37.39,0.0,280.24,0.0,131.75,73.84,43.83
2026-05-19 18:20:00,9,179.14,281.88,38.36,0.0,266.26,0.0,125.17,72.32,43.71
2026-05-19 18:25:00,9,179.14,281.88,37.22,0.0,261.41,0.0,122.89,71.8,43.59
2026-05-19 18:30:00,9,179.14,281.88,37.89,2.0,228.46,0.01,107.4,69.32,43.47
2026-05-19 18:35:00,9,179.14,281.88,37.04,0.0,286.86,0.0,134.86,74.58,43.34
2026-05-19 18:40:00,9,179.14,281.88,36.69,0.0,242.75,0.0,114.12,69.93,43.22
2026-05-19 18:45:00,9,179.14,281.88,36.61,1.0,266.4,0.0,125.24,72.68,43.1
2026-05-19 18:50:00,9,179.14,281.88,35.65,1.0,257.38,0.0,121.0,71.74,42.97
2026-05-19 18:55:00,9,179.14,281.88,36.2,0.0,275.69,0.0,129.61,73.33,42.85
2026-05-19 19:00:00,9,179.14,281.88,36.24,1.0,247.18,0.01,116.21,70.74,42.73
2026-05-19 19:05:00,9,179.14,281.88,36.93,0.0,272.47,0.0,128.09,72.98,42.6
2026-05-19 19:10:00,9,179.14,281.88,36.29,0.0,287.37,0.0,135.1,74.64,42.48
2026-05-19 19:15:00,9,179.14,281.88,35.73,1.0,288.92,0.0,135.83,75.16,42.35
2026-05-19 19:20:00,9,179.14,281.88,34.53,0.0,221.12,0.0,103.95,67.93,42.23
2026-05-19 19:25:00,9,179.14,281.88,34.94,0.0,253.0,0.0,118.94,70.94,42.11
2026-05-19 19:30:00,9,179.14,281.88,35.87,0.0,209.41,0.0,98.45,66.93,42.0
2026-05-19 19:35:00,9,179.14,281.88,34.94,0.0,257.76,0.0,121.18,71.42,41.87
2026-05-19 19:40:00,9,179.14,281.88,35.42,2.0,234.4,0.01,110.2,69.86,41.75
2026-05-19 19:45:00,9,179.14,281.88,35.17,0.0,208.23,0.0,97.89,66.83,41.64
2026-05-19 19:50:00,9,179.14,281.88,33.99,1.0,250.86,0.01,117.93,71.09,41.52
2026-05-19 19:55:00,9,179.14,281.88,34.99,0.0,255.68,0.0,120.2,71.21,41.4
2026-05-19 20:00:00,9,179.14,281.88,34.81,1.0,252.43,0.0,118.67,71.23,41.28
2026-05-19 20:05:00,9,179.14,281.88,34.28,1.0,267.09,0.0,125.56,72.75,41.15
2026-05-19 20:10:00,9,179.14,281.88,35.25,0.0,252.2,0.0,118.56,70.86,41.03
2026-05-19 20:15:00,9,179.14,281.88,34.55,0.0,187.72,0.0,88.25,65.22,40.92
2026-05-19 20:20:00,9,179.14,281.88,33.68,1.0,258.47,0.0,121.51,71.84,40.8
2026-05-19 20:25:00,9,179.14,281.88,33.39,0.0,238.5,0.0,112.12,69.52,40.68
2026-05-19 20:30:00,9,179.14,281.88,33.76,1.0,236.04,0.01,110.97,69.66,40.56
2026-05-19 20:35:00,9,179.14,281.88,33.0,1.0,277.36,0.0,130.39,73.86,40.43
2026-05-19 20:40:00,9,179.14,281.88,33.22,2.0,287.86,0.01,135.33,75.41,40.3
2026-05-19 20:45:00,9,179.14,281.88,33.14,0.0,259.91,0.0,122.19,71.64,40.18
2026-05-19 20:50:00,9,179.14,281.88,33.23,0.0,253.94,0.0,119.38,71.03,40.06
2026-05-19 20:55:00,9,179.14,281.88,33.28,0.0,291.78,0.0,137.17,75.14,39.93
2026-05-19 21:00:00,9,179.14,281.88,33.21,2.0,270.41,0.01,127.13,73.47,39.8
2026-05-19 21:05:00,9,179.14,281.88,32.81,0.0,306.52,0.0,144.1,76.89,39.67
2026-05-19 21:10:00,9,179.14,281.88,33.26,1.0,274.46,0.0,129.03,73.54,39.55
2026-05-19 21:15:00,9,179.14,281.88,32.39,0.0,269.13,0.0,126.52,72.61,39.42
2026-05-19 21:20:00,9,179.14,281.88,31.57,1.0,268.44,0.0,126.2,72.89,39.3
2026-05-19 21:25:00,9,179.14,281.88,32.84,0.0,281.31,0.0,132.25,73.95,39.17
2026-05-19 21:30:00,9,179.14,281.88,31.65,0.0,279.67,0.0,131.48,73.76,39.05
2026-05-19 21:35:00,9,179.14,281.88,32.31,0.0,257.22,0.0,120.92,71.36,38.92
2026-05-19 21:40:00,9,179.14,281.88,33.02,2.0,254.85,0.01,119.81,71.84,38.8
2026-05-19 21:45:00,9,179.14,281.88,32.11,2.0,265.36,0.01,124.75,72.93,38.68
2026-05-19 21:50:00,9,179.14,281.88,32.61,1.0,273.92,0.0,128.77,73.48,38.55
2026-05-19 21:55:00,9,179.14,281.88,31.86,0.0,241.24,0.0,113.41,69.78,38.43
2026-05-19 22:00:00,9,179.14,281.88,31.08,0.0,248.73,0.0,116.93,70.51,38.31
2026-05-19 22:05:00,9,179.14,281.88,31.9,2.0,283.57,0.01,133.31,74.92,38.18
2026-05-19 22:10:00,9,179.14,281.88,31.82,0.0,218.71,0.0,102.82,67.72,38.07
2026-05-19 22:15:00,9,179.14,281.88,31.43,3.0,188.52,0.03,88.63,66.38,37.95
2026-05-19 22:20:00,9,179.14,281.88,30.59,0.0,215.36,0.0,101.24,67.43,37.84
2026-05-19 22:25:00,9,179.14,281.88,31.5,0.0,242.64,0.0,114.07,69.91,37.72
2026-05-19 22:30:00,9,179.14,281.88,31.85,2.0,262.39,0.01,123.36,72.62,37.6
2026-05-19 22:35:00,9,179.14,281.88,32.03,0.0,251.82,0.0,118.39,70.82,37.47
2026-05-19 22:40:00,9,179.14,281.88,31.01,3.0,260.58,0.01,122.5,72.78,37.35
2026-05-19 22:45:00,9,179.14,281.88,30.74,1.0,215.65,0.01,101.38,67.82,37.23
2026-05-19 22:50:00,9,179.14,281.88,31.09,1.0,303.47,0.0,142.67,76.87,37.1
2026-05-19 22:55:00,9,179.14,281.88,30.6,1.0,261.63,0.0,122.99,72.17,36.98
2026-05-19 23:00:00,9,179.14,281.88,30.89,1.0,252.34,0.0,118.63,71.22,36.86
2026-05-19 23:05:00,9,179.14,281.88,31.34,0.0,282.39,0.0,132.76,74.07,36.73
2026-05-19 23:10:00,9,179.14,281.88,30.3,1.0,226.36,0.01,106.42,68.76,36.61
2026-05-19 23:15:00,9,179.14,281.88,31.19,0.0,221.85,0.0,104.3,67.99,36.5
2026-05-19 23:20:00,9,179.14,281.88,31.4,2.0,259.81,0.01,122.14,72.35,36.37
2026-05-19 23:25:00,9,179.14,281.88,30.54,1.0,249.84,0.01,117.45,70.99,36.25
2026-05-19 23:30:00,9,179.14,281.88,30.74,0.0,283.8,0.0,133.42,74.22,36.13
2026-05-19 23:35:00,9,179.14,281.88,31.05,0.0,231.39,0.0,108.78,68.85,36.01
2026-05-19 23:40:00,9,179.14,281.88,31.03,4.0,278.33,0.02,130.85,75.05,35.88
2026-05-19 23:45:00,9,179.14,281.88,30.74,7.0,302.7,0.02,142.3,78.92,35.74
2026-05-19 23:50:00,9,179.14,281.88,31.07,0.0,286.98,0.0,134.91,74.58,35.62
2026-05-19 23:55:00,9,179.14,281.88,30.54,1.0,203.19,0.01,95.52,66.78,35.5
2026-05-20 00:00:00,9,179.14,281.88,31.02,1.0,292.27,0.0,137.4,75.54,35.37
2026-05-20 00:05:00,9,179.14,281.88,31.05,2.0,189.14,0.02,88.92,66.06,35.26
2026-05-20 00:10:00,9,179.14,281.88,31.05,0.0,239.03,0.0,112.37,69.57,35.14
2026-05-20 00:15:00,9,179.14,281.88,31.11,3.0,246.85,0.02,116.05,71.41,35.02
2026-05-20 00:20:00,9,179.14,281.88,30.43,0.0,278.46,0.0,130.91,73.62,34.89
2026-05-20 00:25:00,9,179.14,281.88,30.47,1.0,242.05,0.01,113.79,70.22,34.77
2026-05-20 00:30:00,9,179.14,281.88,31.97,1.0,257.25,0.0,120.94,71.72,34.65
2026-05-20 00:35:00,9,179.14,281.88,31.88,1.0,216.97,0.01,102.0,67.94,34.54
2026-05-20 00:40:00,9,179.14,281.88,31.49,2.0,256.47,0.01,120.57,72.01,34.41
2026-05-20 00:45:00,9,179.14,281.88,32.25,1.0,230.7,0.01,108.46,69.16,34.29
2026-05-20 00:50:00,9,179.14,281.88,30.73,0.0,272.74,0.0,128.22,73.0,34.17
2026-05-20 00:55:00,9,179.14,281.88,30.56,0.0,274.46,0.0,129.03,73.19,34.04
2026-05-20 01:00:00,9,179.14,281.88,32.29,1.0,269.93,0.0,126.9,73.05,33.92
2026-05-20 01:05:00,9,179.14,281.88,31.33,1.0,268.19,0.0,126.08,72.86,33.8
2026-05-20 01:10:00,9,179.14,281.88,31.2,2.0,292.85,0.01,137.67,75.98,33.67
2026-05-20 01:15:00,9,179.14,281.88,31.06,2.0,235.7,0.01,110.81,69.97,33.55
2026-05-20 01:20:00,9,179.14,281.88,31.73,1.0,277.15,0.0,130.29,73.83,33.42
2026-05-20 01:25:00,9,179.14,281.88,31.24,0.0,287.25,0.0,135.04,74.61,33.29
2026-05-20 01:30:00,9,179.14,281.88,32.07,1.0,221.46,0.01,104.11,68.33,33.18
2026-05-20 01:35:00,9,179.14,281.88,32.12,1.0,268.74,0.0,126.34,72.92,33.05
2026-05-20 01:40:00,9,179.14,281.88,31.74,2.0,253.94,0.01,119.38,71.75,32.93
2026-05-20 01:45:00,9,179.14,281.88,31.58,5.0,263.03,0.02,123.65,73.75,32.8
2026-05-20 01:50:00,9,179.14,281.88,32.26,4.0,274.89,0.02,129.23,74.67,32.67
2026-05-20 01:55:00,9,179.14,281.88,32.64,1.0,219.27,0.01,103.08,68.14,32.56
2026-05-20 02:00:00,9,179.14,281.88,30.72,1.0,208.72,0.01,98.12,67.24,32.44
2026-05-20 02:05:00,9,179.14,281.88,31.94,3.0,225.35,0.02,105.94,69.39,32.32
2026-05-20 02:10:00,9,179.14,281.88,32.34,4.0,291.14,0.02,136.87,76.5,32.19
2026-05-20 02:15:00,9,179.14,281.88,32.1,9.0,297.61,0.03,139.91,79.03,32.06
2026-05-20 02:20:00,9,179.14,281.88,32.15,4.0,234.27,0.02,110.13,70.56,31.94
2026-05-20 02:25:00,9,179.14,281.88,32.98,1.0,226.23,0.01,106.35,68.75,31.82
2026-05-20 02:30:00,9,179.14,281.88,32.76,2.0,220.39,0.01,103.61,68.59,31.7
2026-05-20 02:35:00,9,179.14,281.88,32.04,4.0,218.26,0.03,102.61,69.14,31.58
2026-05-20 02:40:00,9,179.14,281.88,31.64,1.0,259.23,0.0,121.87,71.92,31.46
2026-05-20 02:45:00,9,179.14,281.88,31.4,0.0,280.83,0.0,132.02,73.89,31.34
2026-05-20 02:50:00,9,179.14,281.88,32.71,0.0,281.63,0.0,132.4,73.98,31.21
2026-05-20 02:55:00,9,179.14,281.88,33.13,1.0,237.46,0.01,111.63,69.79,31.09
2026-05-20 03:00:00,9,179.14,281.88,33.6,0.0,256.01,0.0,120.36,71.24,30.97
2026-05-20 03:05:00,9,179.14,281.88,32.5,0.0,264.54,0.0,124.37,72.13,30.85
2026-05-20 03:10:00,9,179.14,281.88,33.39,2.0,285.77,0.01,134.34,75.17,30.72
2026-05-20 03:15:00,9,179.14,281.88,34.12,1.0,294.58,0.0,138.49,75.82,30.59
2026-05-20 03:20:00,9,179.14,281.88,33.7,1.0,247.56,0.01,116.38,70.77,30.47
2026-05-20 03:25:00,9,179.14,281.88,33.97,4.0,225.07,0.03,105.81,69.74,30.35
2026-05-20 03:30:00,9,179.14,281.88,33.47,1.0,267.45,0.0,125.73,72.78,30.22
2026-05-20 03:35:00,9,179.14,281.88,34.07,1.0,233.24,0.01,109.65,69.4,30.1
2026-05-20 03:40:00,9,179.14,281.88,34.0,2.0,246.14,0.01,115.72,70.98,29.98
2026-05-20 03:45:00,9,179.14,281.88,34.4,2.0,279.47,0.01,131.38,74.46,29.86
2026-05-20 03:50:00,9,179.14,281.88,35.3,3.0,301.97,0.01,141.96,77.42,29.72
2026-05-20 03:55:00,9,179.14,281.88,34.0,0.0,268.23,0.0,126.1,72.52,29.6
2026-05-20 04:00:00,9,179.14,281.88,34.74,9.0,308.63,0.03,145.09,80.36,29.46
2026-05-20 04:05:00,9,179.14,281.88,34.6,1.0,253.24,0.0,119.05,71.31,29.34
2026-05-20 04:10:00,9,179.14,281.88,34.01,0.0,261.56,0.0,122.96,71.81,29.22
2026-05-20 04:15:00,9,179.14,281.88,35.12,0.0,227.66,0.0,107.03,68.52,29.1
2026-05-20 04:20:00,9,179.14,281.88,36.02,0.0,262.49,0.0,123.4,71.92,28.98
2026-05-20 04:25:00,9,179.14,281.88,35.2,2.0,245.07,0.01,115.21,70.88,28.86
2026-05-20 04:30:00,9,179.14,281.88,35.22,1.0,241.76,0.01,113.65,70.2,28.74
2026-05-20 04:35:00,9,179.14,281.88,35.04,0.0,298.53,0.0,140.34,75.93,28.61
2026-05-20 04:40:00,9,179.14,281.88,36.67,2.0,230.01,0.01,108.13,69.45,28.49
2026-05-20 04:45:00,9,179.14,281.88,35.83,2.0,247.45,0.01,116.33,71.11,28.37
2026-05-20 04:50:00,9,179.14,281.88,36.15,2.0,281.89,0.01,132.52,74.74,28.24
2026-05-20 04:55:00,9,179.14,281.88,35.69,1.0,283.66,0.0,133.36,74.57,28.11
2026-05-20 05:00:00,9,179.14,281.88,36.36,2.0,197.44,0.02,92.82,66.71,28.0
2026-05-20 05:05:00,9,179.14,281.88,36.64,1.0,261.76,0.0,123.06,72.19,27.87
2026-05-20 05:10:00,9,179.14,281.88,36.46,0.0,273.62,0.0,128.63,73.1,27.75
2026-05-20 05:15:00,9,179.14,281.88,35.94,0.0,254.11,0.0,119.46,71.05,27.63
2026-05-20 05:20:00,9,179.14,281.88,36.75,0.0,254.07,0.0,119.44,71.05,27.51
2026-05-20 05:25:00,9,179.14,281.88,37.09,0.0,277.53,0.0,130.47,73.53,27.38
2026-05-20 05:30:00,9,179.14,281.88,37.38,2.0,228.3,0.01,107.33,69.3,27.26
2026-05-20 05:35:00,9,179.14,281.88,36.91,1.0,262.27,0.0,123.3,72.24,27.14
2026-05-20 05:40:00,9,179.14,281.88,38.31,1.0,236.35,0.01,111.11,69.7,27.02
2026-05-20 05:45:00,9,179.14,281.88,36.93,0.0,199.66,0.0,93.86,66.14,26.91
2026-05-20 05:50:00,9,179.14,281.88,38.2,1.0,243.9,0.01,114.66,70.42,26.79
2026-05-20 05:55:00,9,179.14,281.88,37.97,1.0,251.82,0.01,118.38,71.2,26.66
2026-05-20 06:00:00,9,179.14,281.88,37.84,2.0,287.99,0.01,135.39,75.43,26.53
2026-05-20 06:05:00,9,179.14,281.88,38.43,0.0,234.58,0.0,110.28,69.16,26.42
2026-05-20 06:10:00,9,179.14,281.88,39.13,4.0,303.99,0.01,142.91,78.02,26.28
2026-05-20 06:15:00,9,179.14,281.88,38.45,0.0,227.23,0.0,106.83,68.49,26.17
2026-05-20 06:20:00,9,179.14,281.88,37.42,0.0,245.59,0.0,115.46,70.21,26.05
2026-05-20 06:25:00,9,179.14,281.88,38.57,1.0,264.94,0.0,124.55,72.53,25.92
2026-05-20 06:30:00,9,179.14,281.88,37.58,1.0,258.23,0.0,121.4,71.83,25.8
2026-05-20 06:35:00,9,179.14,281.88,38.16,3.0,326.42,0.01,153.45,80.48,25.66
2026-05-20 06:40:00,9,179.14,281.88,38.07,2.0,219.7,0.01,103.29,68.54,25.54
2026-05-20 06:45:00,9,179.14,281.88,40.79,0.0,270.12,0.0,126.99,72.73,25.42
2026-05-20 06:50:00,9,179.14,281.88,39.79,3.0,262.22,0.01,123.28,72.97,25.3
2026-05-20 06:55:00,9,179.14,281.88,39.19,0.0,240.0,0.0,112.83,69.67,25.18
2026-05-20 07:00:00,9,179.14,281.88,40.51,0.0,242.02,0.0,113.78,69.87,25.06
2026-05-20 07:05:00,9,179.14,281.88,40.55,1.0,235.61,0.01,110.76,69.63,24.94
2026-05-20 07:10:00,9,179.14,281.88,40.18,0.0,243.48,0.0,114.46,70.01,24.82
2026-05-20 07:15:00,9,179.14,281.88,40.16,1.0,268.83,0.0,126.38,72.94,24.69
2026-05-20 07:20:00,9,179.14,281.88,40.56,3.0,280.98,0.01,132.09,74.99,24.57
2026-05-20 07:25:00,9,179.14,281.88,40.05,0.0,239.0,0.0,112.36,69.58,24.45
2026-05-20 07:30:00,9,179.14,281.88,40.82,0.0,207.69,0.0,97.64,66.8,24.33
2026-05-20 07:35:00,9,179.14,281.88,41.3,1.0,226.18,0.01,106.33,68.77,24.22
2026-05-20 07:40:00,9,179.14,281.88,40.59,0.0,216.53,0.0,101.79,67.54,24.1
2026-05-20 07:45:00,9,179.14,281.88,41.76,0.0,218.0,0.0,102.48,67.67,23.98
2026-05-20 07:50:00,9,179.14,281.88,41.88,2.0,243.82,0.01,114.63,70.77,23.86
2026-05-20 07:55:00,9,179.14,281.88,41.76,0.0,232.99,0.0,109.53,69.02,23.75
2026-05-20 08:00:00,9,179.14,281.88,41.89,2.0,286.65,0.01,134.76,75.29,23.62
2026-05-20 08:05:00,9,179.14,281.88,42.57,1.0,225.27,0.01,105.9,68.69,23.5
2026-05-20 08:10:00,9,179.14,281.88,41.99,1.0,258.7,0.0,121.62,71.88,23.38
2026-05-20 08:15:00,9,179.14,281.88,42.53,0.0,262.77,0.0,123.53,71.96,23.25
2026-05-20 08:20:00,9,179.14,281.88,41.96,0.0,278.71,0.0,131.03,73.67,23.13
2026-05-20 08:25:00,9,179.14,281.88,42.12,2.0,233.83,0.01,109.93,69.82,23.01
2026-05-20 08:30:00,9,179.14,281.88,43.33,0.0,241.84,0.0,113.69,69.86,22.89
2026-05-20 08:35:00,9,179.14,281.88,42.65,0.0,245.14,0.0,115.25,70.18,22.77
2026-05-20 08:40:00,9,179.14,281.88,42.15,1.0,307.91,0.0,144.75,77.43,22.64
2026-05-20 08:45:00,9,179.14,281.88,41.87,0.0,230.76,0.0,108.49,68.82,22.52
2026-05-20 08:50:00,9,179.14,281.88,42.77,0.0,273.63,0.0,128.64,73.12,22.39
2026-05-20 08:55:00,9,179.14,281.88,42.83,0.0,267.66,0.0,125.83,72.47,22.27
2026-05-20 09:00:00,9,179.14,281.88,42.38,0.0,237.5,0.0,111.65,69.44,22.15
2026-05-20 09:05:00,9,179.14,281.88,43.24,1.0,262.22,0.0,123.27,72.25,22.03
2026-05-20 09:10:00,9,179.14,281.88,42.59,1.0,238.52,0.01,112.13,69.91,21.91
2026-05-20 09:15:00,9,179.14,281.88,43.65,0.0,259.19,0.0,121.85,71.59,21.79
2026-05-20 09:20:00,9,179.14,281.88,43.58,3.0,283.94,0.01,133.49,75.33,21.66
2026-05-20 09:25:00,9,179.14,281.88,42.78,1.0,254.8,0.0,119.79,71.49,21.53
2026-05-20 09:30:00,9,179.14,281.88,43.46,0.0,216.59,0.0,101.82,67.56,21.42
2026-05-20 09:35:00,9,179.14,281.88,43.42,0.0,225.12,0.0,105.83,68.31,21.3
2026-05-20 09:40:00,9,179.14,281.88,43.88,2.0,235.71,0.01,110.81,70.0,21.18
2026-05-20 09:45:00,9,179.14,281.88,44.2,0.0,262.47,0.0,123.39,71.93,21.06
2026-05-20 09:50:00,9,179.14,281.88,44.48,0.0,274.09,0.0,128.85,73.17,20.94
2026-05-20 09:55:00,9,179.14,281.88,44.47,0.0,244.61,0.0,115.0,70.13,20.82
2026-05-20 10:00:00,9,179.14,281.88,44.28,1.0,288.7,0.0,135.72,75.16,20.69
2026-05-20 10:05:00,9,179.14,281.88,43.96,0.0,273.57,0.0,128.61,73.11,20.56
2026-05-20 10:10:00,9,179.14,281.88,44.55,0.0,311.98,0.0,146.67,77.59,20.43
2026-05-20 10:15:00,9,179.14,281.88,44.0,0.0,257.62,0.0,121.11,71.43,20.31
2026-05-20 10:20:00,9,179.14,281.88,43.86,1.0,245.89,0.01,115.6,70.62,20.19
2026-05-20 10:25:00,9,179.14,281.88,44.18,0.0,285.63,0.0,134.28,74.46,20.06
2026-05-20 10:30:00,9,179.14,281.88,44.88,1.0,237.06,0.01,111.45,69.78,19.94
2026-05-20 10:35:00,9,179.14,281.88,44.77,0.0,255.64,0.0,120.18,71.23,19.82
2026-05-20 10:40:00,9,179.14,281.88,44.98,3.0,255.45,0.01,120.09,72.28,19.69
2026-05-20 10:45:00,9,179.14,281.88,45.11,1.0,269.82,0.0,126.85,73.06,19.57
2026-05-20 10:50:00,9,179.14,281.88,44.37,0.0,235.05,0.0,110.5,69.22,19.45
2026-05-20 10:55:00,9,179.14,281.88,45.76,0.0,247.64,0.0,116.42,70.43,19.33
2026-05-20 11:00:00,9,179.14,281.88,44.83,1.0,265.83,0.0,124.97,72.63,19.21
2026-05-20 11:05:00,9,179.14,281.88,45.18,0.0,219.57,0.0,103.22,67.82,19.09
2026-05-20 11:10:00,9,179.14,281.88,45.21,0.0,233.73,0.0,109.88,69.1,18.97
2026-05-20 11:15:00,9,179.14,281.88,44.84,1.0,250.99,0.01,117.99,71.13,18.85
2026-05-20 11:20:00,9,179.14,281.88,44.12,2.0,216.13,0.01,101.6,68.24,18.73
2026-05-20 11:25:00,9,179.14,281.88,44.94,0.0,268.14,0.0,126.06,72.53,18.61
2026-05-20 11:30:00,9,179.14,281.88,45.18,1.0,269.26,0.0,126.58,73.0,18.49
2026-05-20 11:35:00,9,179.14,281.88,45.14,3.0,240.48,0.02,113.05,70.82,18.36
2026-05-20 11:40:00,9,179.14,281.88,45.05,1.0,250.93,0.01,117.97,71.12,18.24
2026-05-20 11:45:00,9,179.14,281.88,45.1,3.0,292.3,0.01,137.41,76.29,18.11
2026-05-20 11:50:00,9,179.14,281.88,45.71,1.0,279.78,0.0,131.53,74.15,17.99
2026-05-20 11:55:00,9,179.14,281.88,44.43,4.0,283.82,0.02,133.43,75.69,17.86
2026-05-20 12:00:00,9,179.14,281.88,45.03,1.0,241.81,0.01,113.68,70.23,17.74
2026-05-20 12:05:00,9,179.14,281.88,45.15,8.0,301.9,0.03,141.93,79.22,17.6
2026-05-20 12:10:00,9,179.14,281.88,44.94,5.0,311.21,0.02,146.31,79.29,17.47
2026-05-20 12:15:00,9,179.14,281.88,45.22,0.0,233.54,0.0,109.79,69.08,17.35
2026-05-20 12:20:00,9,179.14,281.88,45.32,3.0,279.3,0.01,131.3,74.82,17.22
2026-05-20 12:25:00,9,179.14,281.88,45.32,0.0,247.5,0.0,116.35,70.41,17.1
2026-05-20 12:30:00,9,179.14,281.88,45.64,2.0,264.13,0.01,124.17,72.83,16.98
2026-05-20 12:35:00,9,179.14,281.88,45.08,0.0,269.15,0.0,126.53,72.64,16.85
2026-05-20 12:40:00,9,179.14,281.88,44.51,2.0,216.1,0.01,101.59,68.24,16.73
2026-05-20 12:45:00,9,179.14,281.88,44.52,0.0,232.48,0.0,109.29,68.98,16.62
2026-05-20 12:50:00,9,179.14,281.88,44.79,1.0,245.66,0.01,115.49,70.6,16.5
2026-05-20 12:55:00,9,179.14,281.88,44.93,1.0,260.26,0.0,122.35,72.05,16.37
2026-05-20 13:00:00,9,179.14,281.88,44.62,2.0,253.34,0.01,119.1,71.71,16.25
2026-05-20 13:05:00,9,179.14,281.88,44.49,2.0,254.22,0.01,119.51,71.8,16.13
2026-05-20 13:10:00,9,179.14,281.88,44.45,0.0,277.5,0.0,130.46,73.55,16.0
2026-05-20 13:15:00,9,179.14,281.88,44.02,1.0,227.35,0.01,106.88,68.88,15.88
2026-05-20 13:20:00,9,179.14,281.88,44.32,1.0,265.77,0.0,124.94,72.63,15.76
2026-05-20 13:25:00,9,179.14,281.88,44.51,1.0,276.13,0.0,129.81,73.74,15.63
2026-05-20 13:30:00,9,179.14,281.88,45.21,3.0,261.39,0.01,122.88,72.89,15.51
2026-05-20 13:35:00,9,179.14,281.88,44.26,3.0,282.52,0.01,132.82,75.17,15.38
2026-05-20 13:40:00,9,179.14,281.88,43.71,1.0,254.57,0.0,119.68,71.47,15.26
2026-05-20 13:45:00,9,179.14,281.88,44.03,5.0,306.27,0.02,143.98,78.67,15.12
2026-05-20 13:50:00,9,179.14,281.88,43.99,3.0,233.9,0.02,109.96,70.2,15.0
2026-05-20 13:55:00,9,179.14,281.88,44.35,2.0,280.67,0.01,131.95,74.62,14.88
2026-05-20 14:00:00,9,179.14,281.88,44.25,3.0,265.19,0.01,124.67,73.29,14.75
2026-05-20 14:05:00,9,179.14,281.88,43.54,0.0,284.27,0.0,133.64,74.3,14.62
2026-05-20 14:10:00,9,179.14,281.88,44.0,1.0,251.91,0.01,118.43,71.22,14.5
2026-05-20 14:15:00,9,179.14,281.88,44.28,1.0,225.93,0.01,106.22,68.75,14.39
2026-05-20 14:20:00,9,179.14,281.88,43.5,4.0,250.86,0.02,117.93,72.18,14.26
2026-05-20 14:25:00,9,179.14,281.88,43.1,0.0,272.38,0.0,128.05,72.98,14.14
2026-05-20 14:30:00,9,179.14,281.88,44.2,2.0,277.16,0.01,130.3,74.23,14.01
2026-05-20 14:35:00,9,179.14,281.88,44.27,0.0,225.14,0.0,105.84,68.31,13.89
2026-05-20 14:40:00,9,179.14,281.88,43.46,2.0,222.88,0.01,104.78,68.83,13.78
2026-05-20 14:45:00,9,179.14,281.88,43.9,2.0,261.58,0.01,122.97,72.56,13.65
2026-05-20 14:50:00,9,179.14,281.88,43.06,1.0,241.56,0.01,113.56,70.2,13.53
2026-05-20 14:55:00,9,179.14,281.88,43.27,1.0,275.41,0.0,129.48,73.66,13.41
2026-05-20 15:00:00,9,179.14,281.88,42.06,1.0,279.22,0.0,131.26,74.08,13.28
2026-05-20 15:05:00,9,179.14,281.88,43.18,2.0,308.5,0.01,145.03,77.88,13.15
2026-05-20 15:10:00,9,179.14,281.88,41.8,2.0,283.09,0.01,133.09,74.88,13.02
2026-05-20 15:15:00,9,179.14,281.88,43.1,2.0,206.16,0.01,96.92,67.4,12.9
2026-05-20 15:20:00,9,179.14,281.88,43.24,0.0,253.42,0.0,119.14,71.0,12.78
2026-05-20 15:25:00,9,179.14,281.88,42.61,3.0,253.16,0.01,119.01,72.04,12.66
2026-05-20 15:30:00,9,179.14,281.88,42.55,0.0,253.25,0.0,119.06,70.98,12.54
2026-05-20 15:35:00,9,179.14,281.88,41.9,3.0,228.8,0.02,107.56,69.72,12.42
2026-05-20 15:40:00,9,179.14,281.88,42.16,4.0,247.43,0.02,116.32,71.84,12.3
2026-05-20 15:45:00,9,179.14,281.88,42.0,2.0,261.89,0.01,123.12,72.59,12.17
2026-05-20 15:50:00,9,179.14,281.88,41.48,2.0,302.81,0.01,142.35,77.18,12.04
2026-05-20 15:55:00,9,179.14,281.88,41.88,0.0,236.77,0.0,111.31,69.37,11.92
2026-05-20 16:00:00,9,179.14,281.88,43.05,3.0,260.55,0.01,122.49,72.8,11.8
2026-05-20 16:05:00,9,179.14,281.88,41.88,0.0,250.34,0.0,117.69,70.69,11.68
2026-05-20 16:10:00,9,179.14,281.88,41.2,2.0,233.64,0.01,109.84,69.8,11.56
2026-05-20 16:15:00,9,179.14,281.88,40.53,2.0,248.8,0.01,116.96,71.25,11.43
2026-05-20 16:20:00,9,179.14,281.88,40.92,0.0,254.95,0.0,119.86,71.15,11.31
2026-05-20 16:25:00,9,179.14,281.88,40.44,1.0,267.61,0.0,125.81,72.81,11.19
2026-05-20 16:30:00,9,179.14,281.88,40.66,3.0,306.73,0.01,144.2,78.0,11.06
2026-05-20 16:35:00,9,179.14,281.88,40.16,1.0,258.95,0.0,121.74,71.91,10.93
2026-05-20 16:40:00,9,179.14,281.88,41.03,1.0,284.87,0.0,133.92,74.71,10.8
2026-05-20 16:45:00,9,179.14,281.88,40.82,3.0,302.8,0.01,142.35,77.53,10.67
2026-05-20 16:50:00,9,179.14,281.88,40.68,1.0,258.85,0.0,121.69,71.9,10.55
2026-05-20 16:55:00,9,179.14,281.88,40.36,4.0,318.7,0.01,149.83,79.84,10.41
2026-05-20 17:00:00,9,179.14,281.88,39.66,3.0,222.31,0.02,104.51,69.14,10.29
2026-05-20 17:05:00,9,179.14,281.88,40.01,0.0,207.26,0.0,97.44,66.76,10.18
2026-05-20 17:10:00,9,179.14,281.88,39.82,0.0,247.44,0.0,116.33,70.4,10.06
2026-05-20 17:15:00,9,179.14,281.88,39.67,0.0,274.15,0.0,128.88,73.17,9.94
2026-05-20 17:20:00,9,179.14,281.88,39.66,0.0,248.31,0.0,116.74,70.48,9.81
2026-05-20 17:25:00,9,179.14,281.88,40.2,2.0,264.02,0.01,124.12,72.8,9.69
2026-05-20 17:30:00,9,179.14,281.88,38.57,0.0,249.09,0.0,117.1,70.56,9.57
2026-05-20 17:35:00,9,179.14,281.88,37.82,0.0,260.94,0.0,122.67,71.76,9.45
2026-05-20 17:40:00,9,179.14,281.88,39.13,1.0,230.63,0.01,108.42,69.17,9.33
2026-05-20 17:45:00,9,179.14,281.88,38.47,0.0,280.14,0.0,131.7,73.83,9.2
2026-05-20 17:50:00,9,179.14,281.88,38.26,1.0,268.66,0.0,126.3,72.92,9.08
2026-05-20 17:55:00,9,179.14,281.88,38.74,0.0,293.03,0.0,137.76,75.3,8.95
2026-05-20 18:00:00,9,179.14,281.88,37.53,2.0,254.37,0.01,119.58,71.8,8.83
2026-05-20 18:05:00,9,179.14,281.88,38.27,1.0,235.3,0.01,110.62,69.6,8.71
2026-05-20 18:10:00,9,179.14,281.88,37.68,0.0,284.33,0.0,133.67,74.29,8.58
2026-05-20 18:15:00,9,179.14,281.88,37.44,5.0,309.95,0.02,145.71,79.11,8.45
2026-05-20 18:20:00,9,179.14,281.88,36.87,1.0,227.28,0.01,106.85,68.86,8.33
2026-05-20 18:25:00,9,179.14,281.88,37.24,1.0,267.77,0.0,125.89,72.83,8.2
2026-05-20 18:30:00,9,179.14,281.88,37.25,0.0,224.33,0.0,105.46,68.22,8.09
2026-05-20 18:35:00,9,179.14,281.88,37.08,1.0,245.85,0.01,115.58,70.61,7.97
2026-05-20 18:40:00,9,179.14,281.88,36.07,1.0,267.44,0.0,125.73,72.79,7.84
2026-05-20 18:45:00,9,179.14,281.88,37.51,0.0,258.33,0.0,121.44,71.49,7.72
2026-05-20 18:50:00,9,179.14,281.88,35.82,1.0,282.77,0.0,132.94,74.47,7.59
2026-05-20 18:55:00,9,179.14,281.88,36.18,1.0,310.66,0.0,146.04,77.76,7.46
2026-05-20 19:00:00,9,179.14,281.88,35.62,2.0,197.94,0.02,93.05,66.74,7.35
2026-05-20 19:05:00,9,179.14,281.88,36.66,0.0,270.71,0.0,127.27,72.79,7.22
2026-05-20 19:10:00,9,179.14,281.88,35.99,0.0,207.62,0.0,97.61,66.79,7.11
2026-05-20 19:15:00,9,179.14,281.88,36.26,0.0,290.98,0.0,136.8,75.05,6.98
2026-05-20 19:20:00,9,179.14,281.88,35.61,2.0,258.01,0.01,121.29,72.17,6.86
2026-05-20 19:25:00,9,179.14,281.88,35.13,0.0,273.31,0.0,128.49,73.07,6.73
2026-05-20 19:30:00,9,179.14,281.88,35.32,0.0,241.34,0.0,113.46,69.8,6.61
2026-05-20 19:35:00,9,179.14,281.88,35.45,0.0,297.28,0.0,139.75,75.79,6.48
2026-05-20 19:40:00,9,179.14,281.88,35.52,0.0,233.41,0.0,109.73,69.05,6.36
2026-05-20 19:45:00,9,179.14,281.88,35.35,0.0,258.02,0.0,121.3,71.45,6.24
2026-05-20 19:50:00,9,179.14,281.88,35.35,0.0,238.54,0.0,112.14,69.53,6.12
2026-05-20 19:55:00,9,179.14,281.88,34.5,1.0,299.26,0.0,140.69,76.37,5.99
2026-05-20 20:00:00,9,179.14,281.88,33.89,1.0,255.94,0.0,120.32,71.59,5.87
2026-05-20 20:05:00,9,179.14,281.88,33.88,1.0,315.65,0.0,148.39,78.37,5.74
2026-05-20 20:10:00,9,179.14,281.88,34.05,0.0,260.74,0.0,122.58,71.73,5.61
2026-05-20 20:15:00,9,179.14,281.88,34.31,1.0,280.69,0.0,131.96,74.23,5.49
2026-05-20 20:20:00,9,179.14,281.88,34.96,0.0,305.82,0.0,143.77,76.81,5.35
2026-05-20 20:25:00,9,179.14,281.88,33.71,0.0,251.12,0.0,118.05,70.75,5.23
2026-05-20 20:30:00,9,179.14,281.88,34.08,1.0,240.66,0.01,113.14,70.1,5.11
2026-05-20 20:35:00,9,179.14,281.88,33.82,0.0,276.24,0.0,129.86,73.38,4.99
2026-05-20 20:40:00,9,179.14,281.88,34.21,0.0,261.53,0.0,122.95,71.81,4.87
2026-05-20 20:45:00,9,179.14,281.88,33.66,0.0,304.93,0.0,143.35,76.7,4.73
2026-05-20 20:50:00,9,179.14,281.88,33.75,0.0,249.61,0.0,117.34,70.6,4.61
2026-05-20 20:55:00,9,179.14,281.88,34.06,0.0,232.71,0.0,109.4,68.98,4.5
2026-05-20 21:00:00,9,179.14,281.88,32.95,0.0,271.21,0.0,127.5,72.84,4.37
2026-05-20 21:05:00,9,179.14,281.88,32.78,2.0,250.9,0.01,117.95,71.45,4.25
2026-05-20 21:10:00,9,179.14,281.88,33.11,0.0,255.58,0.0,120.15,71.2,4.13
2026-05-20 21:15:00,9,179.14,281.88,34.0,1.0,288.81,0.0,135.77,75.15,4.0
2026-05-20 21:20:00,9,179.14,281.88,32.32,1.0,302.61,0.0,142.26,76.77,3.87
2026-05-20 21:25:00,9,179.14,281.88,32.87,1.0,258.12,0.0,121.34,71.81,3.75
2026-05-20 21:30:00,9,179.14,281.88,33.38,1.0,259.49,0.0,121.99,71.95,3.62
2026-05-20 21:35:00,9,179.14,281.88,32.32,1.0,212.23,0.01,99.77,67.53,3.51
2026-05-20 21:40:00,9,179.14,281.88,32.64,0.0,235.44,0.0,110.68,69.23,3.39
2026-05-20 21:45:00,9,179.14,281.88,32.05,2.0,263.9,0.01,124.06,72.78,3.26
2026-05-20 21:50:00,9,179.14,281.88,32.29,0.0,237.28,0.0,111.55,69.4,3.15
2026-05-20 21:55:00,9,179.14,281.88,32.37,1.0,207.18,0.01,97.4,67.11,3.03
2026-05-20 22:00:00,9,179.14,281.88,32.58,0.0,277.28,0.0,130.35,73.5,2.91
2026-05-20 22:05:00,9,179.14,281.88,32.07,3.0,252.16,0.02,118.55,71.94,2.78
2026-05-20 22:10:00,9,179.14,281.88,31.96,0.0,276.52,0.0,130.0,73.41,2.66
2026-05-20 22:15:00,9,179.14,281.88,32.16,1.0,262.9,0.0,123.59,72.3,2.53
2026-05-20 22:20:00,9,179.14,281.88,31.65,1.0,303.0,0.0,142.44,76.81,2.4
2026-05-20 22:25:00,9,179.14,281.88,32.17,0.0,259.31,0.0,121.91,71.58,2.28
2026-05-20 22:30:00,9,179.14,281.88,31.94,1.0,237.01,0.01,111.42,69.75,2.16
2026-05-20 22:35:00,9,179.14,281.88,31.31,0.0,277.57,0.0,130.49,73.53,2.04
2026-05-20 22:40:00,9,179.14,281.88,32.19,1.0,283.63,0.0,133.34,74.56,1.91
2026-05-20 22:45:00,9,179.14,281.88,30.9,1.0,284.8,0.0,133.89,74.69,1.78
2026-05-20 22:50:00,9,179.14,281.88,31.61,1.0,251.85,0.01,118.4,71.19,1.66
2026-05-20 22:55:00,9,179.14,281.88,30.56,1.0,237.96,0.01,111.87,69.83,1.54
2026-05-20 23:00:00,9,179.14,281.88,30.96,0.0,247.88,0.0,116.53,70.42,1.42
2026-05-20 23:05:00,9,179.14,281.88,32.16,1.0,230.07,0.01,108.16,69.1,1.3
2026-05-20 23:10:00,9,179.14,281.88,30.19,0.0,262.28,0.0,123.3,71.88,1.18
2026-05-20 23:15:00,9,179.14,281.88,30.33,2.0,220.97,0.01,103.88,68.63,1.06
2026-05-20 23:20:00,9,179.14,281.88,31.4,1.0,247.41,0.01,116.31,70.75,0.94
2026-05-20 23:25:00,9,179.14,281.88,31.74,0.0,262.33,0.0,123.33,71.89,0.82
2026-05-20 23:30:00,9,179.14,281.88,31.33,2.0,275.87,0.01,129.69,74.06,0.69
2026-05-20 23:35:00,9,179.14,281.88,30.74,10.0,318.33,0.03,149.65,81.92,0.55
2026-05-20 23:40:00,9,179.14,281.88,31.22,0.0,284.97,0.0,133.97,74.36,0.42
2026-05-20 23:45:00,9,179.14,281.88,30.52,1.0,259.98,0.0,122.22,72.0,0.3
2026-05-20 23:50:00,9,179.14,281.88,31.95,1.0,250.8,0.01,117.91,71.09,0.18
2026-05-20 23:55:00,9,179.14,281.88,31.75,1.0,272.36,0.0,128.04,73.31,0.05
2026-05-21 00:00:00,9,179.14,281.88,30.14,2.0,282.96,0.01,133.02,74.85,0.0
2026-05-21 00:05:00,9,179.14,281.88,30.15,2.0,250.29,0.01,117.66,71.38,0.0
2026-05-21 00:10:00,9,179.14,281.88,30.19,0.0,268.25,0.0,126.11,72.51,0.0
2026-05-21 00:15:00,9,179.14,281.88,30.66,0.0,245.74,0.0,115.52,70.21,0.0
2026-05-21 00:20:00,9,179.14,281.88,30.43,3.0,319.8,0.01,150.34,79.61,0.0
2026-05-21 00:25:00,9,179.14,281.88,30.3,1.0,259.56,0.0,122.02,71.95,0.0
2026-05-21 00:30:00,9,179.14,281.88,30.99,2.0,269.38,0.01,126.64,73.36,0.0
2026-05-21 00:35:00,9,179.14,281.88,30.7,1.0,223.92,0.01,105.27,68.55,0.0
2026-05-21 00:40:00,9,179.14,281.88,30.79,0.0,279.24,0.0,131.28,73.71,0.0
2026-05-21 00:45:00,9,179.14,281.88,30.21,0.0,232.6,0.0,109.35,68.96,0.0
2026-05-21 00:50:00,9,179.14,281.88,31.4,0.0,245.67,0.0,115.5,70.21,0.0
2026-05-21 00:55:00,9,179.14,281.88,30.18,0.0,234.72,0.0,110.35,69.16,0.0
2026-05-21 01:00:00,9,179.14,281.88,31.33,7.0,247.52,0.04,116.36,72.92,0.0
2026-05-21 01:05:00,9,179.14,281.88,32.25,3.0,236.45,0.02,111.16,70.41,0.0
2026-05-21 01:10:00,9,179.14,281.88,30.93,2.0,266.0,0.01,125.05,73.0,0.0
2026-05-21 01:15:00,9,179.14,281.88,31.4,11.0,289.63,0.04,136.16,78.82,0.0
2026-05-21 01:20:00,9,179.14,281.88,31.69,3.0,266.97,0.01,125.51,73.45,0.0
2026-05-21 01:25:00,9,179.14,281.88,31.52,1.0,236.35,0.01,111.11,69.68,0.0
2026-05-21 01:30:00,9,179.14,281.88,31.48,5.0,280.57,0.02,131.9,75.65,0.0
2026-05-21 01:35:00,9,179.14,281.88,31.93,3.0,277.72,0.01,130.56,74.61,0.0
2026-05-21 01:40:00,9,179.14,281.88,32.12,1.0,253.36,0.0,119.11,71.32,0.0
2026-05-21 01:45:00,9,179.14,281.88,31.77,3.0,259.96,0.01,122.21,72.71,0.0
2026-05-21 01:50:00,9,179.14,281.88,31.21,4.0,288.94,0.02,135.84,76.25,0.0
2026-05-21 01:55:00,9,179.14,281.88,31.28,2.0,263.88,0.01,124.05,72.77,0.0
2026-05-21 02:00:00,9,179.14,281.88,32.41,3.0,259.81,0.01,122.14,72.7,0.0
2026-05-21 02:05:00,9,179.14,281.88,32.31,4.0,269.24,0.02,126.57,74.06,0.0
2026-05-21 02:10:00,9,179.14,281.88,32.26,0.0,247.1,0.0,116.17,70.35,0.0
2026-05-21 02:15:00,9,179.14,281.88,31.54,0.0,252.0,0.0,118.47,70.83,0.0
2026-05-21 02:20:00,9,179.14,281.88,32.25,0.0,232.33,0.0,109.22,68.94,0.0
2026-05-21 02:25:00,9,179.14,281.88,32.49,3.0,252.39,0.01,118.65,71.94,0.0
2026-05-21 02:30:00,9,179.14,281.88,32.57,4.0,290.09,0.02,136.38,76.38,0.0
2026-05-21 02:35:00,9,179.14,281.88,32.01,1.0,277.58,0.0,130.49,73.88,0.0
2026-05-21 02:40:00,9,179.14,281.88,32.49,6.0,227.5,0.04,106.95,70.68,0.0
2026-05-21 02:45:00,9,179.14,281.88,32.51,1.0,263.94,0.0,124.08,72.41,0.0
2026-05-21 02:50:00,9,179.14,281.88,32.7,0.0,239.22,0.0,112.46,69.59,0.0
2026-05-21 02:55:00,9,179.14,281.88,32.77,3.0,217.68,0.02,102.34,68.72,0.0
2026-05-21 03:00:00,9,179.14,281.88,32.44,1.0,232.29,0.01,109.2,69.31,0.0
2026-05-21 03:05:00,9,179.14,281.88,34.08,1.0,259.45,0.0,121.97,71.95,0.0
2026-05-21 03:10:00,9,179.14,281.88,33.9,3.0,241.52,0.02,113.54,70.9,0.0
2026-05-21 03:15:00,9,179.14,281.88,32.26,1.0,253.9,0.0,119.37,71.38,0.0
2026-05-21 03:20:00,9,179.14,281.88,34.57,3.0,230.52,0.02,108.37,69.87,0.0
2026-05-21 03:25:00,9,179.14,281.88,33.45,0.0,236.44,0.0,111.15,69.32,0.0
2026-05-21 03:30:00,9,179.14,281.88,33.54,3.0,202.05,0.02,94.99,67.42,0.0
2026-05-21 03:35:00,9,179.14,281.88,33.57,4.0,294.67,0.01,138.53,76.9,0.0
2026-05-21 03:40:00,9,179.14,281.88,34.45,2.0,273.85,0.01,128.74,73.84,0.0
2026-05-21 03:45:00,9,179.14,281.88,34.47,1.0,262.48,0.0,123.4,72.26,0.0
2026-05-21 03:50:00,9,179.14,281.88,34.54,1.0,254.19,0.0,119.5,71.41,0.0
2026-05-21 03:55:00,9,179.14,281.88,34.25,2.0,272.0,0.01,127.87,73.64,0.0
2026-05-21 04:00:00,9,179.14,281.88,34.22,0.0,220.72,0.0,103.77,67.9,0.0
2026-05-21 04:05:00,9,179.14,281.88,33.79,1.0,274.77,0.0,129.17,73.57,0.0
2026-05-21 04:10:00,9,179.14,281.88,35.3,1.0,211.08,0.01,99.23,67.44,0.0
2026-05-21 04:15:00,9,179.14,281.88,34.97,1.0,265.97,0.0,125.04,72.63,0.0
2026-05-21 04:20:00,9,179.14,281.88,33.81,1.0,249.98,0.01,117.52,71.01,0.0
2026-05-21 04:25:00,9,179.14,281.88,35.81,0.0,255.08,0.0,119.92,71.15,0.0
2026-05-21 04:30:00,9,179.14,281.88,35.44,3.0,272.2,0.01,127.97,74.02,0.0
2026-05-21 04:35:00,9,179.14,281.88,34.92,3.0,270.09,0.01,126.98,73.79,0.0
2026-05-21 04:40:00,9,179.14,281.88,35.89,1.0,307.92,0.0,144.76,77.42,0.0
2026-05-21 04:45:00,9,179.14,281.88,36.1,1.0,276.14,0.0,129.82,73.73,0.0
2026-05-21 04:50:00,9,179.14,281.88,35.87,1.0,257.77,0.0,121.18,71.78,0.0
2026-05-21 04:55:00,9,179.14,281.88,36.38,0.0,244.11,0.0,114.76,70.06,0.0
2026-05-21 05:00:00,9,179.14,281.88,36.21,0.0,258.59,0.0,121.57,71.51,0.0
2026-05-21 05:05:00,9,179.14,281.88,36.47,1.0,241.57,0.01,113.57,70.19,0.0
2026-05-21 05:10:00,9,179.14,281.88,36.49,1.0,222.08,0.01,104.4,68.39,0.0
2026-05-21 05:15:00,9,179.14,281.88,36.44,0.0,296.96,0.0,139.6,75.75,0.0
2026-05-21 05:20:00,9,179.14,281.88,35.84,2.0,290.91,0.01,136.76,75.76,0.0
2026-05-21 05:25:00,9,179.14,281.88,37.94,0.0,235.13,0.0,110.54,69.21,0.0
2026-05-21 05:30:00,9,179.14,281.88,37.49,0.0,269.08,0.0,126.5,72.62,0.0
2026-05-21 05:35:00,9,179.14,281.88,37.04,0.0,194.51,0.0,91.44,65.74,0.0
2026-05-21 05:40:00,9,179.14,281.88,37.81,1.0,286.78,0.0,134.82,74.92,0.0
2026-05-21 05:45:00,9,179.14,281.88,37.67,0.0,243.77,0.0,114.6,70.03,0.0
2026-05-21 05:50:00,9,179.14,281.88,37.95,2.0,262.05,0.01,123.2,72.59,0.0
2026-05-21 05:55:00,9,179.14,281.88,37.09,0.0,275.37,0.0,129.46,73.3,0.0
2026-05-21 06:00:00,9,179.14,281.88,38.56,0.0,201.27,0.0,94.62,66.27,0.0
2026-05-21 06:05:00,9,179.14,281.88,38.19,1.0,253.52,0.0,119.18,71.35,0.0
2026-05-21 06:10:00,9,179.14,281.88,38.47,1.0,253.93,0.0,119.38,71.39,0.0
2026-05-21 06:15:00,9,179.14,281.88,38.7,1.0,267.43,0.0,125.72,72.79,0.0
2026-05-21 06:20:00,9,179.14,281.88,39.45,1.0,287.76,0.0,135.28,75.04,0.0
2026-05-21 06:25:00,9,179.14,281.88,39.36,0.0,280.83,0.0,132.02,73.9,0.0
2026-05-21 06:30:00,9,179.14,281.88,39.25,0.0,238.48,0.0,112.11,69.53,0.0
2026-05-21 06:35:00,9,179.14,281.88,40.11,0.0,272.44,0.0,128.08,72.98,0.0
2026-05-21 06:40:00,9,179.14,281.88,39.93,1.0,271.52,0.0,127.65,73.23,0.0
2026-05-21 06:45:00,9,179.14,281.88,38.99,0.0,260.06,0.0,122.26,71.67,0.0
2026-05-21 06:50:00,9,179.14,281.88,39.0,0.0,285.0,0.0,133.98,74.37,0.0
2026-05-21 06:55:00,9,179.14,281.88,39.57,0.0,207.06,0.0,97.34,66.75,0.0
2026-05-21 07:00:00,9,179.14,281.88,39.7,0.0,255.71,0.0,120.21,71.22,0.0
2026-05-21 07:05:00,9,179.14,281.88,39.64,0.0,286.33,0.0,134.61,74.53,0.0
2026-05-21 07:10:00,9,179.14,281.88,40.76,0.0,269.37,0.0,126.64,72.65,0.0
2026-05-21 07:15:00,9,179.14,281.88,39.67,0.0,248.42,0.0,116.79,70.49,0.0
2026-05-21 07:20:00,9,179.14,281.88,40.95,0.0,248.92,0.0,117.02,70.54,0.0
2026-05-21 07:25:00,9,179.14,281.88,39.77,0.0,271.62,0.0,127.69,72.89,0.0
2026-05-21 07:30:00,9,179.14,281.88,40.22,0.0,255.39,0.0,120.06,71.19,0.0
2026-05-21 07:35:00,9,179.14,281.88,39.91,1.0,237.07,0.01,111.45,69.77,0.0
2026-05-21 07:40:00,9,179.14,281.88,41.03,1.0,237.6,0.01,111.7,69.82,0.0
2026-05-21 07:45:00,9,179.14,281.88,41.29,0.0,262.07,0.0,123.2,71.88,0.0
2026-05-21 07:50:00,9,179.14,281.88,41.56,1.0,240.64,0.01,113.13,70.11,0.0
2026-05-21 07:55:00,9,179.14,281.88,41.79,0.0,291.14,0.0,136.87,75.08,0.0
2026-05-21 08:00:00,9,179.14,281.88,41.44,0.0,267.76,0.0,125.88,72.48,0.0
2026-05-21 08:05:00,9,179.14,281.88,42.02,1.0,248.99,0.01,117.06,70.93,0.0
2026-05-21 08:10:00,9,179.14,281.88,40.29,0.0,267.56,0.0,125.79,72.46,0.0
2026-05-21 08:15:00,9,179.14,281.88,40.86,0.0,302.88,0.0,142.39,76.47,0.0
2026-05-21 08:20:00,9,179.14,281.88,42.64,0.0,264.3,0.0,124.25,72.12,0.0
2026-05-21 08:25:00,9,179.14,281.88,41.78,1.0,275.34,0.0,129.44,73.65,0.0
2026-05-21 08:30:00,9,179.14,281.88,42.6,1.0,260.71,0.0,122.56,72.09,0.0
2026-05-21 08:35:00,9,179.14,281.88,42.57,1.0,238.87,0.01,112.3,69.94,0.0
2026-05-21 08:40:00,9,179.14,281.88,42.45,0.0,276.24,0.0,129.86,73.4,0.0
2026-05-21 08:45:00,9,179.14,281.88,43.58,2.0,225.24,0.01,105.89,69.04,0.0
2026-05-21 08:50:00,9,179.14,281.88,43.25,0.0,247.01,0.0,116.12,70.36,0.0
2026-05-21 08:55:00,9,179.14,281.88,43.06,0.0,254.63,0.0,119.7,71.12,0.0
2026-05-21 09:00:00,9,179.14,281.88,42.73,0.0,296.87,0.0,139.56,75.75,0.0
2026-05-21 09:05:00,9,179.14,281.88,43.99,0.0,208.25,0.0,97.9,66.85,0.0
2026-05-21 09:10:00,9,179.14,281.88,43.43,1.0,248.65,0.01,116.9,70.89,0.0
2026-05-21 09:15:00,9,179.14,281.88,43.22,0.0,273.74,0.0,128.69,73.13,0.0
2026-05-21 09:20:00,9,179.14,281.88,42.96,0.0,237.89,0.0,111.84,69.48,0.0
2026-05-21 09:25:00,9,179.14,281.88,42.85,0.0,274.1,0.0,128.86,73.17,0.0
2026-05-21 09:30:00,9,179.14,281.88,44.1,0.0,229.55,0.0,107.91,68.71,0.0
2026-05-21 09:35:00,9,179.14,281.88,43.61,0.0,249.17,0.0,117.14,70.58,100.0
2026-05-21 09:40:00,9,179.14,281.88,43.88,1.0,247.54,0.01,116.37,70.78,99.88
2026-05-21 09:45:00,9,179.14,281.88,43.79,1.0,224.45,0.01,105.52,68.62,99.76
2026-05-21 09:50:00,9,179.14,281.88,43.41,0.0,259.5,0.0,121.99,71.62,99.64
2026-05-21 09:55:00,9,179.14,281.88,44.19,1.0,275.14,0.0,129.35,73.64,99.51
2026-05-21 10:00:00,9,179.14,281.88,43.24,1.0,254.07,0.0,119.44,71.41,99.39
2026-05-21 10:05:00,9,179.14,281.88,43.27,1.0,271.91,0.0,127.83,73.28,99.27
2026-05-21 10:10:00,9,179.14,281.88,44.19,0.0,279.73,0.0,131.51,73.79,99.14
2026-05-21 10:15:00,9,179.14,281.88,44.65,0.0,291.83,0.0,137.2,75.17,99.01
2026-05-21 10:20:00,9,179.14,281.88,44.61,1.0,262.51,0.0,123.41,72.29,98.89
2026-05-21 10:25:00,9,179.14,281.88,44.54,1.0,245.17,0.01,115.26,70.55,98.77
2026-05-21 10:30:00,9,179.14,281.88,44.23,1.0,228.69,0.01,107.51,69.0,98.65
2026-05-21 10:35:00,9,179.14,281.88,44.15,1.0,255.07,0.0,119.91,71.52,98.53
2026-05-21 10:40:00,9,179.14,281.88,44.77,1.0,229.43,0.01,107.86,69.07,98.41
2026-05-21 10:45:00,9,179.14,281.88,44.8,0.0,238.05,0.0,111.91,69.5,98.29
2026-05-21 10:50:00,9,179.14,281.88,45.48,3.0,253.62,0.01,119.23,72.09,98.17
2026-05-21 10:55:00,9,179.14,281.88,44.32,1.0,267.24,0.0,125.63,72.78,98.04
2026-05-21 11:00:00,9,179.14,281.88,44.19,4.0,268.28,0.02,126.12,73.98,97.92
2026-05-21 11:05:00,9,179.14,281.88,45.72,1.0,241.31,0.01,113.44,70.18,97.8
2026-05-21 11:10:00,9,179.14,281.88,44.58,2.0,305.38,0.01,143.56,77.5,97.66
2026-05-21 11:15:00,9,179.14,281.88,45.48,0.0,257.69,0.0,121.15,71.44,97.54
2026-05-21 11:20:00,9,179.14,281.88,44.7,0.0,216.61,0.0,101.83,67.56,97.43
2026-05-21 11:25:00,9,179.14,281.88,44.72,2.0,270.96,0.01,127.38,73.55,97.3
2026-05-21 11:30:00,9,179.14,281.88,45.65,2.0,266.54,0.01,125.3,73.08,97.18
2026-05-21 11:35:00,9,179.14,281.88,44.25,3.0,312.39,0.01,146.86,78.71,97.04
2026-05-21 11:40:00,9,179.14,281.88,44.32,1.0,218.17,0.01,102.57,68.07,96.93
2026-05-21 11:45:00,9,179.14,281.88,45.33,2.0,327.46,0.01,153.95,80.28,96.79
2026-05-21 11:50:00,9,179.14,281.88,45.11,0.0,259.71,0.0,122.1,71.65,96.67
2026-05-21 11:55:00,9,179.14,281.88,43.41,2.0,296.94,0.01,139.6,76.48,96.53
2026-05-21 12:00:00,9,179.14,281.88,44.78,2.0,207.59,0.01,97.59,67.52,96.42
2026-05-21 12:05:00,9,179.14,281.88,46.37,1.0,274.86,0.0,129.22,73.61,96.29
2026-05-21 12:10:00,9,179.14,281.88,45.07,1.0,226.97,0.01,106.7,68.85,96.18
2026-05-21 12:15:00,9,179.14,281.88,43.83,1.0,241.72,0.01,113.64,70.22,96.06
2026-05-21 12:20:00,9,179.14,281.88,45.1,1.0,290.02,0.0,136.34,75.31,95.93
2026-05-21 12:25:00,9,179.14,281.88,44.45,1.0,249.16,0.01,117.14,70.95,95.81
2026-05-21 12:30:00,9,179.14,281.88,44.92,0.0,257.38,0.0,121.0,71.41,95.68
2026-05-21 12:35:00,9,179.14,281.88,45.7,5.0,222.25,0.03,104.48,69.87,95.56
2026-05-21 12:40:00,9,179.14,281.88,44.55,0.0,262.95,0.0,123.62,71.98,95.44
2026-05-21 12:45:00,9,179.14,281.88,45.36,2.0,264.31,0.01,124.26,72.85,95.32
2026-05-21 12:50:00,9,179.14,281.88,45.33,1.0,262.52,0.0,123.41,72.29,95.19
2026-05-21 12:55:00,9,179.14,281.88,45.29,2.0,216.15,0.01,101.61,68.24,95.08
2026-05-21 13:00:00,9,179.14,281.88,44.66,2.0,267.13,0.01,125.58,73.14,94.95
2026-05-21 13:05:00,9,179.14,281.88,45.83,3.0,260.23,0.01,122.34,72.77,94.83
2026-05-21 13:10:00,9,179.14,281.88,45.2,0.0,252.16,0.0,118.55,70.88,94.71
2026-05-21 13:15:00,9,179.14,281.88,45.01,2.0,269.72,0.01,126.8,73.42,94.58
2026-05-21 13:20:00,9,179.14,281.88,44.35,1.0,268.84,0.0,126.39,72.95,94.46
2026-05-21 13:25:00,9,179.14,281.88,44.72,2.0,273.6,0.01,128.62,73.84,94.33
2026-05-21 13:30:00,9,179.14,281.88,44.17,3.0,236.19,0.02,111.03,70.41,94.21
2026-05-21 13:35:00,9,179.14,281.88,43.5,3.0,251.52,0.02,118.25,71.9,94.09
2026-05-21 13:40:00,9,179.14,281.88,44.63,2.0,253.3,0.01,119.08,71.71,93.96
2026-05-21 13:45:00,9,179.14,281.88,44.75,1.0,200.44,0.01,94.23,66.59,93.85
2026-05-21 13:50:00,9,179.14,281.88,43.57,2.0,281.58,0.01,132.38,74.72,93.72
2026-05-21 13:55:00,9,179.14,281.88,43.63,2.0,269.85,0.01,126.86,73.43,93.6
2026-05-21 14:00:00,9,179.14,281.88,44.3,0.0,281.06,0.0,132.13,73.94,93.47
2026-05-21 14:05:00,9,179.14,281.88,43.89,1.0,251.57,0.01,118.27,71.19,93.35
2026-05-21 14:10:00,9,179.14,281.88,43.78,4.0,225.38,0.03,105.95,69.79,93.23
2026-05-21 14:15:00,9,179.14,281.88,43.93,4.0,232.54,0.02,109.32,70.42,93.11
2026-05-21 14:20:00,9,179.14,281.88,43.58,0.0,250.26,0.0,117.65,70.68,92.99
2026-05-21 14:25:00,9,179.14,281.88,43.93,2.0,266.0,0.01,125.05,73.02,92.86
2026-05-21 14:30:00,9,179.14,281.88,43.52,1.0,270.98,0.0,127.39,73.18,92.74
2026-05-21 14:35:00,9,179.14,281.88,43.73,1.0,258.11,0.0,121.34,71.83,92.62
2026-05-21 14:40:00,9,179.14,281.88,42.86,1.0,277.47,0.0,130.44,73.89,92.49
2026-05-21 14:45:00,9,179.14,281.88,42.61,0.0,242.81,0.0,114.15,69.95,92.37
2026-05-21 14:50:00,9,179.14,281.88,43.41,3.0,247.39,0.02,116.3,71.49,92.25
2026-05-21 14:55:00,9,179.14,281.88,42.74,0.0,245.85,0.0,115.58,70.25,92.13
2026-05-21 15:00:00,9,179.14,281.88,43.21,2.0,284.55,0.01,133.77,75.05,92.0
2026-05-21 15:05:00,9,179.14,281.88,42.9,1.0,207.4,0.01,97.5,67.15,91.88
2026-05-21 15:10:00,9,179.14,281.88,42.65,1.0,284.32,0.0,133.67,74.65,91.76
2026-05-21 15:15:00,9,179.14,281.88,43.25,2.0,219.86,0.01,103.36,68.56,91.64
2026-05-21 15:20:00,9,179.14,281.88,43.37,1.0,221.33,0.01,104.05,68.34,91.52
2026-05-21 15:25:00,9,179.14,281.88,42.73,0.0,254.08,0.0,119.45,71.07,91.4
2026-05-21 15:30:00,9,179.14,281.88,42.21,0.0,256.96,0.0,120.8,71.36,91.28
2026-05-21 15:35:00,9,179.14,281.88,41.84,3.0,271.3,0.01,127.54,73.93,91.15
2026-05-21 15:40:00,9,179.14,281.88,41.53,1.0,222.39,0.01,104.55,68.43,91.04
2026-05-21 15:45:00,9,179.14,281.88,42.33,0.0,267.86,0.0,125.93,72.5,90.91
2026-05-21 15:50:00,9,179.14,281.88,41.93,5.0,235.55,0.03,110.74,71.07,90.79
2026-05-21 15:55:00,9,179.14,281.88,41.94,0.0,246.2,0.0,115.74,70.28,90.67
2026-05-21 16:00:00,9,179.14,281.88,41.6,2.0,245.73,0.01,115.52,70.95,90.55
2026-05-21 16:05:00,9,179.14,281.88,40.39,0.0,268.8,0.0,126.37,72.59,90.43
2026-05-21 16:10:00,9,179.14,281.88,40.96,2.0,248.62,0.01,116.88,71.24,90.3
2026-05-21 16:15:00,9,179.14,281.88,41.36,2.0,288.43,0.01,135.6,75.49,90.17
2026-05-21 16:20:00,9,179.14,281.88,40.46,3.0,253.71,0.01,119.27,72.09,90.05
2026-05-21 16:25:00,9,179.14,281.88,41.31,0.0,246.05,0.0,115.67,70.26,89.93
2026-05-21 16:30:00,9,179.14,281.88,39.37,3.0,243.8,0.02,114.61,71.13,89.81
2026-05-21 16:35:00,9,179.14,281.88,40.41,1.0,268.95,0.0,126.44,72.96,89.69
2026-05-21 16:40:00,9,179.14,281.88,40.11,1.0,236.17,0.01,111.03,69.68,89.57
2026-05-21 16:45:00,9,179.14,281.88,40.39,0.0,296.04,0.0,139.17,75.65,89.44
2026-05-21 16:50:00,9,179.14,281.88,40.3,0.0,263.5,0.0,123.87,72.03,89.31
2026-05-21 16:55:00,9,179.14,281.88,39.3,0.0,241.17,0.0,113.38,69.79,89.19
2026-05-21 17:00:00,9,179.14,281.88,39.58,1.0,281.44,0.0,132.31,74.32,89.07
2026-05-21 17:05:00,9,179.14,281.88,38.7,1.0,223.32,0.01,104.99,68.51,88.95
2026-05-21 17:10:00,9,179.14,281.88,39.4,1.0,265.78,0.0,124.95,72.62,88.83
2026-05-21 17:15:00,9,179.14,281.88,39.32,1.0,234.62,0.01,110.3,69.54,88.71
2026-05-21 17:20:00,9,179.14,281.88,39.65,0.0,203.5,0.0,95.67,66.46,88.59
2026-05-21 17:25:00,9,179.14,281.88,38.97,0.0,248.89,0.0,117.01,70.54,88.47
2026-05-21 17:30:00,9,179.14,281.88,39.11,1.0,213.43,0.01,100.34,67.65,88.36
2026-05-21 17:35:00,9,179.14,281.88,39.1,0.0,286.65,0.0,134.76,74.56,88.23
2026-05-21 17:40:00,9,179.14,281.88,39.0,0.0,262.82,0.0,123.55,71.95,88.11
2026-05-21 17:45:00,9,179.14,281.88,38.42,3.0,253.71,0.01,119.27,72.09,87.98
2026-05-21 17:50:00,9,179.14,281.88,38.26,3.0,256.85,0.01,120.75,72.41,87.86
2026-05-21 17:55:00,9,179.14,281.88,37.32,0.0,249.84,0.0,117.46,70.63,87.74
2026-05-21 18:00:00,9,179.14,281.88,38.59,1.0,263.9,0.0,124.06,72.42,87.62
2026-05-21 18:05:00,9,179.14,281.88,38.3,1.0,271.78,0.0,127.77,73.26,87.49
2026-05-21 18:10:00,9,179.14,281.88,37.96,0.0,219.45,0.0,103.17,67.79,87.37
2026-05-21 18:15:00,9,179.14,281.88,37.95,2.0,293.6,0.01,138.02,76.08,87.24
2026-05-21 18:20:00,9,179.14,281.88,37.9,0.0,274.27,0.0,128.94,73.18,87.12
2026-05-21 18:25:00,9,179.14,281.88,37.42,0.0,192.51,0.0,90.5,65.58,87.01
2026-05-21 18:30:00,9,179.14,281.88,37.37,0.0,252.6,0.0,118.75,70.9,86.89
2026-05-21 18:35:00,9,179.14,281.88,37.84,1.0,271.18,0.0,127.49,73.19,86.76
2026-05-21 18:40:00,9,179.14,281.88,36.87,0.0,252.29,0.0,118.61,70.87,86.64
2026-05-21 18:45:00,9,179.14,281.88,36.2,0.0,275.15,0.0,129.35,73.27,86.51
2026-05-21 18:50:00,9,179.14,281.88,36.39,0.0,224.7,0.0,105.63,68.25,86.4
2026-05-21 18:55:00,9,179.14,281.88,36.89,1.0,201.41,0.01,94.69,66.65,86.28
2026-05-21 19:00:00,9,179.14,281.88,37.04,1.0,276.94,0.0,130.2,73.82,86.16
2026-05-21 19:05:00,9,179.14,281.88,35.91,0.0,251.33,0.0,118.15,70.77,86.04
2026-05-21 19:10:00,9,179.14,281.88,36.07,1.0,255.19,0.0,119.97,71.51,85.91
2026-05-21 19:15:00,9,179.14,281.88,35.22,0.0,205.33,0.0,96.53,66.6,85.8
2026-05-21 19:20:00,9,179.14,281.88,35.22,4.0,329.28,0.01,154.8,81.2,85.66
2026-05-21 19:25:00,9,179.14,281.88,35.06,0.0,256.24,0.0,120.46,71.27,85.54
2026-05-21 19:30:00,9,179.14,281.88,35.17,1.0,257.04,0.0,120.84,71.7,85.42
2026-05-21 19:35:00,9,179.14,281.88,35.22,2.0,243.71,0.01,114.57,70.74,85.3
2026-05-21 19:40:00,9,179.14,281.88,35.22,0.0,217.83,0.0,102.41,67.65,85.18
2026-05-21 19:45:00,9,179.14,281.88,35.34,0.0,251.29,0.0,118.14,70.77,85.06
2026-05-21 19:50:00,9,179.14,281.88,34.9,0.0,278.73,0.0,131.04,73.66,84.93
2026-05-21 19:55:00,9,179.14,281.88,33.84,2.0,285.88,0.01,134.4,75.18,84.81
2026-05-21 20:00:00,9,179.14,281.88,34.1,1.0,256.15,0.0,120.42,71.61,84.68
2026-05-21 20:05:00,9,179.14,281.88,34.49,0.0,239.54,0.0,112.61,69.62,84.56
2026-05-21 20:10:00,9,179.14,281.88,33.96,1.0,223.38,0.01,105.02,68.5,84.45
2026-05-21 20:15:00,9,179.14,281.88,33.54,0.0,232.89,0.0,109.48,68.99,84.33
2026-05-21 20:20:00,9,179.14,281.88,33.44,0.0,287.07,0.0,134.96,74.6,84.2
2026-05-21 20:25:00,9,179.14,281.88,34.72,0.0,226.45,0.0,106.46,68.41,84.09
2026-05-21 20:30:00,9,179.14,281.88,33.68,1.0,240.74,0.01,113.18,70.11,83.97
2026-05-21 20:35:00,9,179.14,281.88,34.36,0.0,239.96,0.0,112.81,69.66,83.85
2026-05-21 20:40:00,9,179.14,281.88,32.9,0.0,222.15,0.0,104.44,68.02,83.73
2026-05-21 20:45:00,9,179.14,281.88,32.82,0.0,269.77,0.0,126.82,72.68,83.61
2026-05-21 20:50:00,9,179.14,281.88,33.48,1.0,284.21,0.0,133.61,74.62,83.48
2026-05-21 20:55:00,9,179.14,281.88,33.4,1.0,286.69,0.0,134.78,74.91,83.35
2026-05-21 21:00:00,9,179.14,281.88,33.41,0.0,241.39,0.0,113.48,69.8,83.23
2026-05-21 21:05:00,9,179.14,281.88,32.44,1.0,239.71,0.01,112.69,70.0,83.11
2026-05-21 21:10:00,9,179.14,281.88,32.22,0.0,289.22,0.0,135.97,74.84,82.98
2026-05-21 21:15:00,9,179.14,281.88,32.23,0.0,248.77,0.0,116.95,70.51,82.86
2026-05-21 21:20:00,9,179.14,281.88,32.15,0.0,250.82,0.0,117.92,70.72,82.74
2026-05-21 21:25:00,9,179.14,281.88,32.32,2.0,278.25,0.01,130.81,74.32,82.62
2026-05-21 21:30:00,9,179.14,281.88,31.83,0.0,247.38,0.0,116.3,70.38,82.49
2026-05-21 21:35:00,9,179.14,281.88,32.13,0.0,294.04,0.0,138.23,75.4,82.37
2026-05-21 21:40:00,9,179.14,281.88,32.43,1.0,267.26,0.0,125.64,72.76,82.24
2026-05-21 21:45:00,9,179.14,281.88,32.79,1.0,238.87,0.01,112.3,69.93,82.12
2026-05-21 21:50:00,9,179.14,281.88,32.16,1.0,243.19,0.01,114.33,70.34,82.0
2026-05-21 21:55:00,9,179.14,281.88,32.26,0.0,271.97,0.0,127.86,72.92,81.88
2026-05-21 22:00:00,9,179.14,281.88,32.04,0.0,265.54,0.0,124.83,72.23,81.75
2026-05-21 22:05:00,9,179.14,281.88,32.64,1.0,218.97,0.01,102.94,68.11,81.64
2026-05-21 22:10:00,9,179.14,281.88,31.41,0.0,238.91,0.0,112.32,69.56,81.52
2026-05-21 22:15:00,9,179.14,281.88,31.26,2.0,218.69,0.01,102.81,68.44,81.4
2026-05-21 22:20:00,9,179.14,281.88,31.64,0.0,272.34,0.0,128.03,72.96,81.28
2026-05-21 22:25:00,9,179.14,281.88,32.12,1.0,308.44,0.0,145.0,77.48,81.14
2026-05-21 22:30:00,9,179.14,281.88,31.24,1.0,293.14,0.0,137.81,75.64,81.02
2026-05-21 22:35:00,9,179.14,281.88,30.97,1.0,262.02,0.0,123.18,72.21,80.89
2026-05-21 22:40:00,9,179.14,281.88,31.43,0.0,296.76,0.0,139.51,75.72,80.76
2026-05-21 22:45:00,9,179.14,281.88,30.81,1.0,283.67,0.0,133.36,74.56,80.64
2026-05-21 22:50:00,9,179.14,281.88,31.37,2.0,265.41,0.01,124.77,72.93,80.51
2026-05-21 22:55:00,9,179.14,281.88,30.7,1.0,213.54,0.01,100.39,67.64,80.39
2026-05-21 23:00:00,9,179.14,281.88,31.82,0.0,247.45,0.0,116.33,70.38,80.27
2026-05-21 23:05:00,9,179.14,281.88,32.25,2.0,221.39,0.01,104.08,68.67,80.16
2026-05-21 23:10:00,9,179.14,281.88,31.25,2.0,259.22,0.01,121.86,72.29,80.03
2026-05-21 23:15:00,9,179.14,281.88,31.0,9.0,308.11,0.03,144.85,80.3,79.9
2026-05-21 23:20:00,9,179.14,281.88,31.64,2.0,223.66,0.01,105.15,68.87,79.78
2026-05-21 23:25:00,9,179.14,281.88,31.16,2.0,234.84,0.01,110.4,69.89,79.66
2026-05-21 23:30:00,9,179.14,281.88,31.12,0.0,224.83,0.0,105.7,68.26,79.54
2026-05-21 23:35:00,9,179.14,281.88,30.79,1.0,290.15,0.0,136.4,75.3,79.41
2026-05-21 23:40:00,9,179.14,281.88,30.42,1.0,266.83,0.0,125.44,72.71,79.29
2026-05-21 23:45:00,9,179.14,281.88,30.6,1.0,251.53,0.01,118.25,71.16,79.17
2026-05-21 23:50:00,9,179.14,281.88,30.93,2.0,289.75,0.01,136.22,75.62,79.04
2026-05-21 23:55:00,9,179.14,281.88,31.02,3.0,260.41,0.01,122.42,72.76,78.91
2026-05-22 00:00:00,9,179.14,281.88,30.98,1.0,239.61,0.01,112.64,69.99,78.79
2026-05-22 00:05:00,9,179.14,281.88,30.8,0.0,262.96,0.0,123.62,71.96,78.67
2026-05-22 00:10:00,9,179.14,281.88,31.28,2.0,295.17,0.01,138.76,76.25,78.54
2026-05-22 00:15:00,9,179.14,281.88,30.87,1.0,283.41,0.0,133.23,74.53,78.41
2026-05-22 00:20:00,9,179.14,281.88,31.33,1.0,261.24,0.0,122.81,72.13,78.29
2026-05-22 00:25:00,9,179.14,281.88,31.03,1.0,305.96,0.0,143.84,77.17,78.16
2026-05-22 00:30:00,9,179.14,281.88,31.44,3.0,250.52,0.02,117.77,71.78,78.04
2026-05-22 00:35:00,9,179.14,281.88,31.55,2.0,219.43,0.01,103.16,68.5,77.92
2026-05-22 00:40:00,9,179.14,281.88,30.12,3.0,230.73,0.02,108.47,69.88,77.8
2026-05-22 00:45:00,9,179.14,281.88,31.62,1.0,234.93,0.01,110.45,69.55,77.68
2026-05-22 00:50:00,9,179.14,281.88,31.61,1.0,252.27,0.01,118.6,71.23,77.56
2026-05-22 00:55:00,9,179.14,281.88,30.72,0.0,237.01,0.0,111.42,69.37,77.44
2026-05-22 01:00:00,9,179.14,281.88,30.8,2.0,231.1,0.01,108.65,69.55,77.32
2026-05-22 01:05:00,9,179.14,281.88,30.56,2.0,262.58,0.01,123.44,72.63,77.2
2026-05-22 01:10:00,9,179.14,281.88,31.95,2.0,270.41,0.01,127.12,73.47,77.07
2026-05-22 01:15:00,9,179.14,281.88,31.32,4.0,281.4,0.02,132.29,75.39,76.94
2026-05-22 01:20:00,9,179.14,281.88,31.32,0.0,249.61,0.0,117.34,70.59,76.82
2026-05-22 01:25:00,9,179.14,281.88,31.37,2.0,270.96,0.01,127.38,73.53,76.7
2026-05-22 01:30:00,9,179.14,281.88,31.48,2.0,219.61,0.01,103.24,68.52,76.58
2026-05-22 01:35:00,9,179.14,281.88,31.93,4.0,266.68,0.02,125.37,73.79,76.45
2026-05-22 01:40:00,9,179.14,281.88,31.41,2.0,241.8,0.01,113.68,70.55,76.33
2026-05-22 01:45:00,9,179.14,281.88,31.98,1.0,290.58,0.0,136.6,75.35,76.2
2026-05-22 01:50:00,9,179.14,281.88,32.27,0.0,262.18,0.0,123.25,71.88,76.08
2026-05-22 01:55:00,9,179.14,281.88,32.31,2.0,296.85,0.01,139.56,76.45,75.95
2026-05-22 02:00:00,9,179.14,281.88,31.23,2.0,214.07,0.01,100.64,68.04,75.83
2026-05-22 02:05:00,9,179.14,281.88,32.02,0.0,279.3,0.0,131.31,73.72,75.71
2026-05-22 02:10:00,9,179.14,281.88,31.59,1.0,251.08,0.01,118.04,71.11,75.59
2026-05-22 02:15:00,9,179.14,281.88,31.92,2.0,251.01,0.01,118.0,71.46,75.46
2026-05-22 02:20:00,9,179.14,281.88,32.6,0.0,218.9,0.0,102.91,67.74,75.35
2026-05-22 02:25:00,9,179.14,281.88,32.71,3.0,260.76,0.01,122.59,72.8,75.22
2026-05-22 02:30:00,9,179.14,281.88,31.83,0.0,270.18,0.0,127.02,72.72,75.1
2026-05-22 02:35:00,9,179.14,281.88,32.71,0.0,215.01,0.0,101.08,67.4,74.99
2026-05-22 02:40:00,9,179.14,281.88,33.13,0.0,287.51,0.0,135.17,74.65,74.86
2026-05-22 02:45:00,9,179.14,281.88,33.29,1.0,235.65,0.01,110.78,69.62,74.74
2026-05-22 02:50:00,9,179.14,281.88,32.67,1.0,230.33,0.01,108.28,69.13,74.62
2026-05-22 02:55:00,9,179.14,281.88,32.33,1.0,263.64,0.0,123.94,72.38,74.5
2026-05-22 03:00:00,9,179.14,281.88,32.98,1.0,295.6,0.0,138.97,75.94,74.37
2026-05-22 03:05:00,9,179.14,281.88,32.73,0.0,230.01,0.0,108.13,68.73,74.25
2026-05-22 03:10:00,9,179.14,281.88,33.3,5.0,325.18,0.02,152.87,81.03,74.11
2026-05-22 03:15:00,9,179.14,281.88,33.24,3.0,267.39,0.01,125.7,73.5,73.99
2026-05-22 03:20:00,9,179.14,281.88,34.14,1.0,203.84,0.01,95.83,66.84,73.87
2026-05-22 03:25:00,9,179.14,281.88,33.79,3.0,277.59,0.01,130.5,74.6,73.74
2026-05-22 03:30:00,9,179.14,281.88,33.73,0.0,246.76,0.0,116.01,70.32,73.62
2026-05-22 03:35:00,9,179.14,281.88,33.96,1.0,266.1,0.0,125.1,72.64,73.5
2026-05-22 03:40:00,9,179.14,281.88,33.8,3.0,265.81,0.01,124.96,73.33,73.37
2026-05-22 03:45:00,9,179.14,281.88,34.51,2.0,273.0,0.01,128.34,73.75,73.25
2026-05-22 03:50:00,9,179.14,281.88,35.08,1.0,220.74,0.01,103.77,68.27,73.13
2026-05-22 03:55:00,9,179.14,281.88,34.61,3.0,271.81,0.01,127.78,73.97,73.0
2026-05-22 04:00:00,9,179.14,281.88,34.4,1.0,229.72,0.01,108.0,69.08,72.89
2026-05-22 04:05:00,9,179.14,281.88,34.26,0.0,221.13,0.0,103.96,67.93,72.77
2026-05-22 04:10:00,9,179.14,281.88,34.28,5.0,284.9,0.02,133.94,76.14,72.64
2026-05-22 04:15:00,9,179.14,281.88,36.27,1.0,227.72,0.01,107.06,68.9,72.52
2026-05-22 04:20:00,9,179.14,281.88,34.83,1.0,263.33,0.0,123.79,72.35,72.4
2026-05-22 04:25:00,9,179.14,281.88,34.67,4.0,313.38,0.01,147.33,79.16,72.26
2026-05-22 04:30:00,9,179.14,281.88,35.9,1.0,262.78,0.0,123.54,72.3,72.14
2026-05-22 04:35:00,9,179.14,281.88,35.87,6.0,292.72,0.02,137.61,77.39,72.01
2026-05-22 04:40:00,9,179.14,281.88,35.58,0.0,253.66,0.0,119.25,71.01,71.89
2026-05-22 04:45:00,9,179.14,281.88,35.36,1.0,247.02,0.01,116.13,70.72,71.77
2026-05-22 04:50:00,9,179.14,281.88,35.34,1.0,268.48,0.0,126.22,72.9,71.64
2026-05-22 04:55:00,9,179.14,281.88,34.98,0.0,228.22,0.0,107.29,68.57,71.52
2026-05-22 05:00:00,9,179.14,281.88,36.0,2.0,283.2,0.01,133.14,74.88,71.4
2026-05-22 05:05:00,9,179.14,281.88,36.92,2.0,224.27,0.01,105.43,68.94,71.28
2026-05-22 05:10:00,9,179.14,281.88,35.42,0.0,238.01,0.0,111.89,69.48,71.16
2026-05-22 05:15:00,9,179.14,281.88,36.83,2.0,226.0,0.01,106.25,69.09,71.04
2026-05-22 05:20:00,9,179.14,281.88,36.77,0.0,249.85,0.0,117.46,70.63,70.92
2026-05-22 05:25:00,9,179.14,281.88,37.43,0.0,261.48,0.0,122.93,71.81,70.8
2026-05-22 05:30:00,9,179.14,281.88,36.94,0.0,289.58,0.0,136.13,74.89,70.67
2026-05-22 05:35:00,9,179.14,281.88,36.01,0.0,257.22,0.0,120.92,71.37,70.55
2026-05-22 05:40:00,9,179.14,281.88,37.68,0.0,244.35,0.0,114.87,70.09,70.43
2026-05-22 05:45:00,9,179.14,281.88,37.07,0.0,232.99,0.0,109.53,69.01,70.31
2026-05-22 05:50:00,9,179.14,281.88,37.72,1.0,266.47,0.0,125.27,72.69,70.19
2026-05-22 05:55:00,9,179.14,281.88,37.59,0.0,194.5,0.0,91.44,65.74,70.07
2026-05-22 06:00:00,9,179.14,281.88,37.91,1.0,214.19,0.01,100.69,67.71,69.96
2026-05-22 06:05:00,9,179.14,281.88,38.08,0.0,293.62,0.0,138.04,75.36,69.83
2026-05-22 06:10:00,9,179.14,281.88,38.82,0.0,241.0,0.0,113.3,69.77,69.71
2026-05-22 06:15:00,9,179.14,281.88,39.45,0.0,253.37,0.0,119.11,70.99,69.59
2026-05-22 06:20:00,9,179.14,281.88,38.77,0.0,250.61,0.0,117.82,70.71,69.47
2026-05-22 06:25:00,9,179.14,281.88,38.84,0.0,248.18,0.0,116.67,70.47,69.35
2026-05-22 06:30:00,9,179.14,281.88,38.31,2.0,262.96,0.01,123.62,72.69,69.22
2026-05-22 06:35:00,9,179.14,281.88,39.64,0.0,302.9,0.0,142.4,76.47,69.09
2026-05-22 06:40:00,9,179.14,281.88,39.49,0.0,221.78,0.0,104.26,68.0,68.98
2026-05-22 06:45:00,9,179.14,281.88,39.29,1.0,268.85,0.0,126.39,72.94,68.85
2026-05-22 06:50:00,9,179.14,281.88,39.0,0.0,264.45,0.0,124.32,72.13,68.73
2026-05-22 06:55:00,9,179.14,281.88,40.18,0.0,282.0,0.0,132.57,74.04,68.6
2026-05-22 07:00:00,9,179.14,281.88,40.45,2.0,275.29,0.01,129.42,74.01,68.47
2026-05-22 07:05:00,9,179.14,281.88,40.42,0.0,278.21,0.0,130.79,73.61,68.35
2026-05-22 07:10:00,9,179.14,281.88,39.75,0.0,267.26,0.0,125.65,72.43,68.23
2026-05-22 07:15:00,9,179.14,281.88,39.96,1.0,239.44,0.01,112.56,69.99,68.11
2026-05-22 07:20:00,9,179.14,281.88,40.06,0.0,244.01,0.0,114.71,70.06,67.99
2026-05-22 07:25:00,9,179.14,281.88,40.78,0.0,331.86,0.0,156.01,80.13,67.85
2026-05-22 07:30:00,9,179.14,281.88,39.89,2.0,292.17,0.01,137.35,75.92,67.72
2026-05-22 07:35:00,9,179.14,281.88,40.38,1.0,258.0,0.0,121.29,71.81,67.6
2026-05-22 07:40:00,9,179.14,281.88,41.45,0.0,216.58,0.0,101.82,67.55,67.48
2026-05-22 07:45:00,9,179.14,281.88,40.35,0.0,279.58,0.0,131.43,73.77,67.36
2026-05-22 07:50:00,9,179.14,281.88,41.78,0.0,250.61,0.0,117.82,70.72,67.23
2026-05-22 07:55:00,9,179.14,281.88,40.04,0.0,236.14,0.0,111.01,69.31,67.12
2026-05-22 08:00:00,9,179.14,281.88,41.93,0.0,251.61,0.0,118.28,70.81,66.99
2026-05-22 08:05:00,9,179.14,281.88,42.51,0.0,260.61,0.0,122.52,71.73,66.87
2026-05-22 08:10:00,9,179.14,281.88,41.59,0.0,279.02,0.0,131.17,73.71,66.75
2026-05-22 08:15:00,9,179.14,281.88,42.58,0.0,265.18,0.0,124.67,72.21,66.62
2026-05-22 08:20:00,9,179.14,281.88,41.8,0.0,250.56,0.0,117.79,70.71,66.5
2026-05-22 08:25:00,9,179.14,281.88,42.96,0.0,212.44,0.0,99.87,67.2,66.39
2026-05-22 08:30:00,9,179.14,281.88,43.15,0.0,261.8,0.0,123.08,71.86,66.26
2026-05-22 08:35:00,9,179.14,281.88,41.93,0.0,219.04,0.0,102.97,67.76,66.15
2026-05-22 08:40:00,9,179.14,281.88,42.6,1.0,246.78,0.01,116.01,70.71,66.03
2026-05-22 08:45:00,9,179.14,281.88,41.91,2.0,281.99,0.01,132.57,74.76,65.9
2026-05-22 08:50:00,9,179.14,281.88,41.93,2.0,253.47,0.01,119.16,71.72,65.78
2026-05-22 08:55:00,9,179.14,281.88,42.6,0.0,271.3,0.0,127.54,72.86,65.65
2026-05-22 09:00:00,9,179.14,281.88,42.62,0.0,221.32,0.0,104.05,67.97,65.54
2026-05-22 09:05:00,9,179.14,281.88,43.23,3.0,231.36,0.02,108.77,69.96,65.42
2026-05-22 09:10:00,9,179.14,281.88,43.12,0.0,238.09,0.0,111.93,69.5,65.3
2026-05-22 09:15:00,9,179.14,281.88,43.98,0.0,289.84,0.0,136.26,74.94,65.17
2026-05-22 09:20:00,9,179.14,281.88,43.56,1.0,224.24,0.01,105.42,68.6,65.05
2026-05-22 09:25:00,9,179.14,281.88,43.49,2.0,290.53,0.01,136.58,75.73,64.92
2026-05-22 09:30:00,9,179.14,281.88,43.11,0.0,228.29,0.0,107.32,68.59,64.81
2026-05-22 09:35:00,9,179.14,281.88,43.33,0.0,301.37,0.0,141.68,76.29,64.68
2026-05-22 09:40:00,9,179.14,281.88,44.1,1.0,270.54,0.0,127.19,73.14,64.55
2026-05-22 09:45:00,9,179.14,281.88,44.29,0.0,228.78,0.0,107.56,68.64,64.43
2026-05-22 09:50:00,9,179.14,281.88,44.48,0.0,235.12,0.0,110.53,69.22,64.32
2026-05-22 09:55:00,9,179.14,281.88,44.11,0.0,232.65,0.0,109.37,68.99,64.2
2026-05-22 10:00:00,9,179.14,281.88,44.29,2.0,256.59,0.01,120.63,72.04,64.07
2026-05-22 10:05:00,9,179.14,281.88,44.44,0.0,235.64,0.0,110.78,69.27,63.96
2026-05-22 10:10:00,9,179.14,281.88,44.52,1.0,255.31,0.0,120.02,71.54,63.83
2026-05-22 10:15:00,9,179.14,281.88,44.48,0.0,235.0,0.0,110.48,69.21,63.72
2026-05-22 10:20:00,9,179.14,281.88,44.58,2.0,258.04,0.01,121.31,72.19,63.59
2026-05-22 10:25:00,9,179.14,281.88,43.93,1.0,217.22,0.01,102.12,67.98,63.48
2026-05-22 10:30:00,9,179.14,281.88,44.85,1.0,236.11,0.01,111.0,69.69,63.36
2026-05-22 10:35:00,9,179.14,281.88,45.34,0.0,203.98,0.0,95.9,66.51,63.24
2026-05-22 10:40:00,9,179.14,281.88,44.33,0.0,283.21,0.0,133.14,74.18,63.12
2026-05-22 10:45:00,9,179.14,281.88,44.47,1.0,256.43,0.0,120.55,71.66,62.99
2026-05-22 10:50:00,9,179.14,281.88,44.62,1.0,271.82,0.0,127.79,73.28,62.87
2026-05-22 10:55:00,9,179.14,281.88,43.82,0.0,305.22,0.0,143.49,76.76,62.74
2026-05-22 11:00:00,9,179.14,281.88,45.3,0.0,238.04,0.0,111.91,69.5,62.62
2026-05-22 11:05:00,9,179.14,281.88,45.12,0.0,248.37,0.0,116.76,70.5,62.5
2026-05-22 11:10:00,9,179.14,281.88,45.09,3.0,228.25,0.02,107.31,69.68,62.38
2026-05-22 11:15:00,9,179.14,281.88,44.18,2.0,252.58,0.01,118.74,71.64,62.26
2026-05-22 11:20:00,9,179.14,281.88,44.86,0.0,211.2,0.0,99.29,67.1,62.14
2026-05-22 11:25:00,9,179.14,281.88,44.98,2.0,260.64,0.01,122.53,72.46,62.02
2026-05-22 11:30:00,9,179.14,281.88,44.09,0.0,282.71,0.0,132.91,74.13,61.89
2026-05-22 11:35:00,9,179.14,281.88,44.92,1.0,241.34,0.01,113.46,70.18,61.77
2026-05-22 11:40:00,9,179.14,281.88,45.06,1.0,254.8,0.0,119.78,71.49,61.65
2026-05-22 11:45:00,9,179.14,281.88,44.92,1.0,286.42,0.0,134.65,74.9,61.52
2026-05-22 11:50:00,9,179.14,281.88,45.06,1.0,283.24,0.0,133.15,74.54,61.39
2026-05-22 11:55:00,9,179.14,281.88,45.85,2.0,278.59,0.01,130.97,74.39,61.27
2026-05-22 12:00:00,9,179.14,281.88,45.95,2.0,199.09,0.02,93.6,66.86,61.15
2026-05-22 12:05:00,9,179.14,281.88,44.89,1.0,293.15,0.0,137.81,75.67,61.02
2026-05-22 12:10:00,9,179.14,281.88,45.29,2.0,275.29,0.01,129.42,74.02,60.9
2026-05-22 12:15:00,9,179.14,281.88,44.64,2.0,266.86,0.01,125.46,73.11,60.77
2026-05-22 12:20:00,9,179.14,281.88,45.7,2.0,273.63,0.01,128.64,73.84,60.65
2026-05-22 12:25:00,9,179.14,281.88,45.13,1.0,248.41,0.01,116.78,70.87,60.52
2026-05-22 12:30:00,9,179.14,281.88,45.65,1.0,229.25,0.01,107.77,69.05,60.41
2026-05-22 12:35:00,9,179.14,281.88,45.81,0.0,285.84,0.0,134.38,74.48,60.28
2026-05-22 12:40:00,9,179.14,281.88,44.72,0.0,257.03,0.0,120.83,71.37,60.16
2026-05-22 12:45:00,9,179.14,281.88,43.89,0.0,265.95,0.0,125.03,72.3,60.03
2026-05-22 12:50:00,9,179.14,281.88,44.42,2.0,214.99,0.01,101.07,68.14,59.92
2026-05-22 12:55:00,9,179.14,281.88,44.81,3.0,289.19,0.01,135.95,75.93,59.79
2026-05-22 13:00:00,9,179.14,281.88,44.07,4.0,261.86,0.02,123.11,73.31,59.66
2026-05-22 13:05:00,9,179.14,281.88,44.99,0.0,228.13,0.0,107.25,68.58,59.54
2026-05-22 13:10:00,9,179.14,281.88,44.72,1.0,242.85,0.01,114.17,70.33,59.42
2026-05-22 13:15:00,9,179.14,281.88,44.21,3.0,307.15,0.01,144.39,78.06,59.29
2026-05-22 13:20:00,9,179.14,281.88,44.55,4.0,246.2,0.02,115.74,71.72,59.17
2026-05-22 13:25:00,9,179.14,281.88,44.58,1.0,298.21,0.0,140.19,76.27,59.04
2026-05-22 13:30:00,9,179.14,281.88,43.21,2.0,289.62,0.01,136.15,75.63,58.91
2026-05-22 13:35:00,9,179.14,281.88,44.21,1.0,221.24,0.01,104.01,68.33,58.79
2026-05-22 13:40:00,9,179.14,281.88,44.64,2.0,237.65,0.01,111.72,70.18,58.67
2026-05-22 13:45:00,9,179.14,281.88,43.91,3.0,255.99,0.01,120.35,72.33,58.55
2026-05-22 13:50:00,9,179.14,281.88,44.08,1.0,255.88,0.0,120.29,71.6,58.43
2026-05-22 13:55:00,9,179.14,281.88,43.24,5.0,237.41,0.03,111.61,71.25,58.3
2026-05-22 14:00:00,9,179.14,281.88,44.59,0.0,273.9,0.0,128.76,73.15,58.18
2026-05-22 14:05:00,9,179.14,281.88,43.57,0.0,224.44,0.0,105.51,68.25,58.06
2026-05-22 14:10:00,9,179.14,281.88,42.98,1.0,257.97,0.0,121.28,71.81,57.94
2026-05-22 14:15:00,9,179.14,281.88,44.83,2.0,209.65,0.01,98.56,67.69,57.82
2026-05-22 14:20:00,9,179.14,281.88,42.99,0.0,226.9,0.0,106.67,68.47,57.71
2026-05-22 14:25:00,9,179.14,281.88,43.55,1.0,253.55,0.0,119.2,71.36,57.59
2026-05-22 14:30:00,9,179.14,281.88,43.25,2.0,205.68,0.02,96.69,67.38,57.47
2026-05-22 14:35:00,9,179.14,281.88,43.59,2.0,265.43,0.01,124.78,72.96,57.35
2026-05-22 14:40:00,9,179.14,281.88,43.77,1.0,275.78,0.0,129.65,73.7,57.22
2026-05-22 14:45:00,9,179.14,281.88,43.59,0.0,301.36,0.0,141.67,76.29,57.09
2026-05-22 14:50:00,9,179.14,281.88,43.61,3.0,243.94,0.02,114.68,71.15,56.97
2026-05-22 14:55:00,9,179.14,281.88,43.81,1.0,280.77,0.0,131.99,74.26,56.84
2026-05-22 15:00:00,9,179.14,281.88,42.18,1.0,256.73,0.0,120.69,71.68,56.72
2026-05-22 15:05:00,9,179.14,281.88,42.56,0.0,226.79,0.0,106.62,68.45,56.6
2026-05-22 15:10:00,9,179.14,281.88,42.43,1.0,264.35,0.0,124.27,72.47,56.48
2026-05-22 15:15:00,9,179.14,281.88,42.35,0.0,183.43,0.0,86.23,64.92,56.37
2026-05-22 15:20:00,9,179.14,281.88,43.1,6.0,254.28,0.03,119.54,73.25,56.24
2026-05-22 15:25:00,9,179.14,281.88,42.9,0.0,282.97,0.0,133.03,74.15,56.11
2026-05-22 15:30:00,9,179.14,281.88,42.35,3.0,250.99,0.02,117.99,71.84,55.99
2026-05-22 15:35:00,9,179.14,281.88,42.58,1.0,254.01,0.0,119.42,71.41,55.87
2026-05-22 15:40:00,9,179.14,281.88,41.79,2.0,257.04,0.01,120.84,72.08,55.75
2026-05-22 15:45:00,9,179.14,281.88,42.08,1.0,247.62,0.01,116.41,70.79,55.63
2026-05-22 15:50:00,9,179.14,281.88,41.39,0.0,255.95,0.0,120.33,71.25,55.5
2026-05-22 15:55:00,9,179.14,281.88,41.82,0.0,198.79,0.0,93.45,66.08,55.39
2026-05-22 16:00:00,9,179.14,281.88,41.77,0.0,251.12,0.0,118.06,70.77,55.27
2026-05-22 16:05:00,9,179.14,281.88,41.79,2.0,303.99,0.01,142.91,77.32,55.14
2026-05-22 16:10:00,9,179.14,281.88,40.93,2.0,262.8,0.01,123.55,72.68,55.01
2026-05-22 16:15:00,9,179.14,281.88,41.33,3.0,254.55,0.01,119.67,72.18,54.89
2026-05-22 16:20:00,9,179.14,281.88,41.76,3.0,288.76,0.01,135.75,75.88,54.76
2026-05-22 16:25:00,9,179.14,281.88,41.07,0.0,250.67,0.0,117.84,70.72,54.64
2026-05-22 16:30:00,9,179.14,281.88,40.7,10.0,300.76,0.04,141.39,79.79,54.5
2026-05-22 16:35:00,9,179.14,281.88,40.64,0.0,238.05,0.0,111.91,69.49,54.38
2026-05-22 16:40:00,9,179.14,281.88,39.59,0.0,252.23,0.0,118.58,70.87,54.26
2026-05-22 16:45:00,9,179.14,281.88,40.21,2.0,290.11,0.01,136.38,75.68,54.13
2026-05-22 16:50:00,9,179.14,281.88,40.66,2.0,227.48,0.01,106.94,69.23,54.02
2026-05-22 16:55:00,9,179.14,281.88,39.91,1.0,258.12,0.0,121.35,71.82,53.89
2026-05-22 17:00:00,9,179.14,281.88,39.72,0.0,251.79,0.0,118.37,70.83,53.77
2026-05-22 17:05:00,9,179.14,281.88,39.68,2.0,232.4,0.01,109.26,69.68,53.65
2026-05-22 17:10:00,9,179.14,281.88,40.15,1.0,262.53,0.0,123.42,72.28,53.53
2026-05-22 17:15:00,9,179.14,281.88,38.84,2.0,245.68,0.01,115.5,70.94,53.41
2026-05-22 17:20:00,9,179.14,281.88,40.05,1.0,254.11,0.0,119.46,71.41,53.29
2026-05-22 17:25:00,9,179.14,281.88,39.19,0.0,240.62,0.0,113.12,69.73,53.17
2026-05-22 17:30:00,9,179.14,281.88,39.12,0.0,232.4,0.0,109.26,68.96,53.05
2026-05-22 17:35:00,9,179.14,281.88,38.25,4.0,284.87,0.02,133.92,75.8,52.92
2026-05-22 17:40:00,9,179.14,281.88,38.98,0.0,265.13,0.0,124.64,72.2,52.8
2026-05-22 17:45:00,9,179.14,281.88,37.54,1.0,273.39,0.0,128.52,73.43,52.67
2026-05-22 17:50:00,9,179.14,281.88,38.83,1.0,269.49,0.0,126.69,73.01,52.55
2026-05-22 17:55:00,9,179.14,281.88,37.08,0.0,253.01,0.0,118.95,70.95,52.42
2026-05-22 18:00:00,9,179.14,281.88,37.25,2.0,225.23,0.01,105.88,69.02,52.31
2026-05-22 18:05:00,9,179.14,281.88,37.09,2.0,219.12,0.01,103.01,68.48,52.19
2026-05-22 18:10:00,9,179.14,281.88,37.81,1.0,263.54,0.0,123.9,72.38,52.07
2026-05-22 18:15:00,9,179.14,281.88,37.15,1.0,263.53,0.0,123.89,72.38,51.94
2026-05-22 18:20:00,9,179.14,281.88,37.64,0.0,227.09,0.0,106.76,68.47,51.82
2026-05-22 18:25:00,9,179.14,281.88,36.86,0.0,237.45,0.0,111.63,69.43,51.71
2026-05-22 18:30:00,9,179.14,281.88,37.38,0.0,203.6,0.0,95.72,66.46,51.59
2026-05-22 18:35:00,9,179.14,281.88,37.04,0.0,266.09,0.0,125.09,72.3,51.47
2026-05-22 18:40:00,9,179.14,281.88,37.35,0.0,237.11,0.0,111.47,69.4,51.35
2026-05-22 18:45:00,9,179.14,281.88,36.62,1.0,225.28,0.01,105.91,68.68,51.23
2026-05-22 18:50:00,9,179.14,281.88,35.98,0.0,251.64,0.0,118.3,70.81,51.11
2026-05-22 18:55:00,9,179.14,281.88,36.94,0.0,203.1,0.0,95.48,66.42,51.0
2026-05-22 19:00:00,9,179.14,281.88,35.59,0.0,229.24,0.0,107.77,68.66,50.88
2026-05-22 19:05:00,9,179.14,281.88,36.58,0.0,257.7,0.0,121.15,71.42,50.76
2026-05-22 19:10:00,9,179.14,281.88,36.46,1.0,301.01,0.0,141.51,76.58,50.63
2026-05-22 19:15:00,9,179.14,281.88,36.26,0.0,230.9,0.0,108.55,68.82,50.51
2026-05-22 19:20:00,9,179.14,281.88,35.98,0.0,245.82,0.0,115.56,70.23,50.39
2026-05-22 19:25:00,9,179.14,281.88,36.37,0.0,224.37,0.0,105.48,68.22,50.27
2026-05-22 19:30:00,9,179.14,281.88,35.94,0.0,276.97,0.0,130.21,73.47,50.15
2026-05-22 19:35:00,9,179.14,281.88,35.5,2.0,311.41,0.01,146.4,78.22,50.01
2026-05-22 19:40:00,9,179.14,281.88,34.77,1.0,245.36,0.01,115.35,70.55,49.89
2026-05-22 19:45:00,9,179.14,281.88,35.23,0.0,256.59,0.0,120.63,71.31,49.77
2026-05-22 19:50:00,9,179.14,281.88,35.27,0.0,285.16,0.0,134.06,74.38,49.64
2026-05-22 19:55:00,9,179.14,281.88,34.11,1.0,188.44,0.01,88.59,65.64,49.53
2026-05-22 20:00:00,9,179.14,281.88,35.08,0.0,282.19,0.0,132.66,74.05,49.41
2026-05-22 20:05:00,9,179.14,281.88,34.25,0.0,233.72,0.0,109.88,69.07,49.29
2026-05-22 20:10:00,9,179.14,281.88,35.01,2.0,215.92,0.01,101.51,68.2,49.17
2026-05-22 20:15:00,9,179.14,281.88,34.01,0.0,238.45,0.0,112.1,69.52,49.05
2026-05-22 20:20:00,9,179.14,281.88,33.34,1.0,275.15,0.0,129.35,73.61,48.93
2026-05-22 20:25:00,9,179.14,281.88,34.94,0.0,296.58,0.0,139.43,75.71,48.8
2026-05-22 20:30:00,9,179.14,281.88,34.16,1.0,267.44,0.0,125.73,72.78,48.67
2026-05-22 20:35:00,9,179.14,281.88,34.06,0.0,247.12,0.0,116.18,70.36,48.55
2026-05-22 20:40:00,9,179.14,281.88,34.42,0.0,313.12,0.0,147.2,77.71,48.42
2026-05-22 20:45:00,9,179.14,281.88,32.96,1.0,262.12,0.0,123.23,72.22,48.3
2026-05-22 20:50:00,9,179.14,281.88,33.32,0.0,239.58,0.0,112.63,69.62,48.18
2026-05-22 20:55:00,9,179.14,281.88,33.1,0.0,270.99,0.0,127.4,72.81,48.05
2026-05-22 21:00:00,9,179.14,281.88,33.09,0.0,244.83,0.0,115.1,70.13,47.93
2026-05-22 21:05:00,9,179.14,281.88,32.59,0.0,257.35,0.0,120.98,71.38,47.81
2026-05-22 21:10:00,9,179.14,281.88,33.16,0.0,223.02,0.0,104.85,68.1,47.69
2026-05-22 21:15:00,9,179.14,281.88,33.38,2.0,259.74,0.01,122.11,72.35,47.57
2026-05-22 21:20:00,9,179.14,281.88,32.62,0.0,279.35,0.0,131.33,73.73,47.45
2026-05-22 21:25:00,9,179.14,281.88,32.78,2.0,276.69,0.01,130.08,74.15,47.32
2026-05-22 21:30:00,9,179.14,281.88,32.26,0.0,266.81,0.0,125.43,72.36,47.19
2026-05-22 21:35:00,9,179.14,281.88,31.99,1.0,262.65,0.0,123.48,72.28,47.07
2026-05-22 21:40:00,9,179.14,281.88,32.22,0.0,255.64,0.0,120.18,71.2,46.95
2026-05-22 21:45:00,9,179.14,281.88,32.17,1.0,231.03,0.01,108.61,69.19,46.83
2026-05-22 21:50:00,9,179.14,281.88,32.08,0.0,285.95,0.0,134.43,74.47,46.7
2026-05-22 21:55:00,9,179.14,281.88,31.3,1.0,266.17,0.0,125.13,72.64,46.58
2026-05-22 22:00:00,9,179.14,281.88,31.85,0.0,234.82,0.0,110.39,69.17,46.46
2026-05-22 22:05:00,9,179.14,281.88,32.33,1.0,267.68,0.0,125.84,72.81,46.34
2026-05-22 22:10:00,9,179.14,281.88,31.96,1.0,270.04,0.0,126.95,73.06,46.21
2026-05-22 22:15:00,9,179.14,281.88,31.71,2.0,256.37,0.01,120.52,72.0,46.09
2026-05-22 22:20:00,9,179.14,281.88,31.6,1.0,249.65,0.01,117.37,70.97,45.97
2026-05-22 22:25:00,9,179.14,281.88,31.07,2.0,201.13,0.02,94.56,66.99,45.85
2026-05-22 22:30:00,9,179.14,281.88,31.08,0.0,201.93,0.0,94.93,66.31,45.74
2026-05-22 22:35:00,9,179.14,281.88,31.6,1.0,239.81,0.01,112.74,70.01,45.62
2026-05-22 22:40:00,9,179.14,281.88,31.69,0.0,249.59,0.0,117.33,70.59,45.5
2026-05-22 22:45:00,9,179.14,281.88,31.7,0.0,246.77,0.0,116.01,70.32,45.38
2026-05-22 22:50:00,9,179.14,281.88,30.89,1.0,228.95,0.01,107.63,69.0,45.26
2026-05-22 22:55:00,9,179.14,281.88,30.6,4.0,296.99,0.01,139.62,77.17,45.13
2026-05-22 23:00:00,9,179.14,281.88,31.74,0.0,222.72,0.0,104.7,68.07,45.01
2026-05-22 23:05:00,9,179.14,281.88,31.2,2.0,261.16,0.01,122.78,72.49,44.89
2026-05-22 23:10:00,9,179.14,281.88,30.7,1.0,224.59,0.01,105.58,68.6,44.77
2026-05-22 23:15:00,9,179.14,281.88,31.12,1.0,220.92,0.01,103.86,68.28,44.66
2026-05-22 23:20:00,9,179.14,281.88,31.55,1.0,256.84,0.0,120.75,71.68,44.53
2026-05-22 23:25:00,9,179.14,281.88,30.51,0.0,310.29,0.0,145.87,77.35,44.4
2026-05-22 23:30:00,9,179.14,281.88,31.49,1.0,193.57,0.01,91.0,66.03,44.29
2026-05-22 23:35:00,9,179.14,281.88,30.4,0.0,242.39,0.0,113.95,69.89,44.17
2026-05-22 23:40:00,9,179.14,281.88,31.63,1.0,239.32,0.01,112.51,69.97,44.05
2026-05-22 23:45:00,9,179.14,281.88,31.75,0.0,262.92,0.0,123.61,71.95,43.93
2026-05-22 23:50:00,9,179.14,281.88,32.2,1.0,260.62,0.0,122.52,72.06,43.8
2026-05-22 23:55:00,9,179.14,281.88,30.74,2.0,261.23,0.01,122.81,72.5,43.68
2026-05-23 00:00:00,9,179.14,281.88,31.85,2.0,280.57,0.01,131.9,74.58,43.55
2026-05-23 00:05:00,9,179.14,281.88,31.21,1.0,292.55,0.0,137.53,75.58,43.42
2026-05-23 00:10:00,9,179.14,281.88,31.03,2.0,298.3,0.01,140.24,76.62,43.29
2026-05-23 00:15:00,9,179.14,281.88,32.69,2.0,272.23,0.01,127.98,73.67,43.17
2026-05-23 00:20:00,9,179.14,281.88,30.86,3.0,286.16,0.01,134.53,75.56,43.04
2026-05-23 00:25:00,9,179.14,281.88,30.11,0.0,261.43,0.0,122.9,71.79,42.91
2026-05-23 00:30:00,9,179.14,281.88,32.07,1.0,242.58,0.01,114.04,70.28,42.79
2026-05-23 00:35:00,9,179.14,281.88,30.72,1.0,260.47,0.0,122.45,72.05,42.67
2026-05-23 00:40:00,9,179.14,281.88,31.22,3.0,218.05,0.02,102.51,68.75,42.55
2026-05-23 00:45:00,9,179.14,281.88,30.7,1.0,218.9,0.01,102.91,68.1,42.44
2026-05-23 00:50:00,9,179.14,281.88,31.1,0.0,269.66,0.0,126.77,72.67,42.31
2026-05-23 00:55:00,9,179.14,281.88,30.07,0.0,251.41,0.0,118.19,70.77,42.19
2026-05-23 01:00:00,9,179.14,281.88,31.27,2.0,260.58,0.01,122.5,72.43,42.07
2026-05-23 01:05:00,9,179.14,281.88,31.46,5.0,270.11,0.02,126.98,74.5,41.94
2026-05-23 01:10:00,9,179.14,281.88,30.72,2.0,282.61,0.01,132.86,74.81,41.81
2026-05-23 01:15:00,9,179.14,281.88,31.33,1.0,247.74,0.01,116.47,70.78,41.69
2026-05-23 01:20:00,9,179.14,281.88,31.31,1.0,292.73,0.0,137.62,75.6,41.56
2026-05-23 01:25:00,9,179.14,281.88,31.74,3.0,245.99,0.02,115.65,71.33,41.44
2026-05-23 01:30:00,9,179.14,281.88,31.47,5.0,264.76,0.02,124.47,73.94,41.31
2026-05-23 01:35:00,9,179.14,281.88,31.47,3.0,242.62,0.02,114.06,71.0,41.19
2026-05-23 01:40:00,9,179.14,281.88,31.09,1.0,276.43,0.0,129.95,73.75,41.07
2026-05-23 01:45:00,9,179.14,281.88,31.08,9.0,306.67,0.03,144.17,80.12,40.93
2026-05-23 01:50:00,9,179.14,281.88,31.26,4.0,292.37,0.01,137.45,76.63,40.8
2026-05-23 01:55:00,9,179.14,281.88,32.61,3.0,238.15,0.02,111.96,70.58,40.68
2026-05-23 02:00:00,9,179.14,281.88,31.6,5.0,260.6,0.02,122.51,73.5,40.55
2026-05-23 02:05:00,9,179.14,281.88,31.84,4.0,243.33,0.02,114.39,71.42,40.43
2026-05-23 02:10:00,9,179.14,281.88,31.77,1.0,202.37,0.01,95.14,66.72,40.32
2026-05-23 02:15:00,9,179.14,281.88,32.0,2.0,257.02,0.01,120.83,72.06,40.19
2026-05-23 02:20:00,9,179.14,281.88,32.71,0.0,251.66,0.0,118.31,70.8,40.07
2026-05-23 02:25:00,9,179.14,281.88,32.34,2.0,249.21,0.01,117.16,71.28,39.95
2026-05-23 02:30:00,9,179.14,281.88,31.53,2.0,236.82,0.01,111.33,70.08,39.83
2026-05-23 02:35:00,9,179.14,281.88,33.09,5.0,272.21,0.02,127.97,74.73,39.7
2026-05-23 02:40:00,9,179.14,281.88,33.11,2.0,250.19,0.01,117.62,71.38,39.58
2026-05-23 02:45:00,9,179.14,281.88,32.8,2.0,253.57,0.01,119.21,71.71,39.46
2026-05-23 02:50:00,9,179.14,281.88,32.41,1.0,251.73,0.01,118.34,71.18,39.34
2026-05-23 02:55:00,9,179.14,281.88,32.28,0.0,280.68,0.0,131.95,73.87,39.21
2026-05-23 03:00:00,9,179.14,281.88,32.75,2.0,283.87,0.01,133.45,74.95,39.08
2026-05-23 03:05:00,9,179.14,281.88,33.83,0.0,251.19,0.0,118.09,70.76,38.96
2026-05-23 03:10:00,9,179.14,281.88,33.95,2.0,248.46,0.01,116.81,71.21,38.84
2026-05-23 03:15:00,9,179.14,281.88,33.62,3.0,301.5,0.01,141.74,77.36,38.71
2026-05-23 03:20:00,9,179.14,281.88,33.96,0.0,208.21,0.0,97.88,66.83,38.59
2026-05-23 03:25:00,9,179.14,281.88,32.35,1.0,255.64,0.0,120.18,71.55,38.47
2026-05-23 03:30:00,9,179.14,281.88,33.9,2.0,270.83,0.01,127.32,73.52,38.35
2026-05-23 03:35:00,9,179.14,281.88,34.16,1.0,213.0,0.01,100.13,67.6,38.23
2026-05-23 03:40:00,9,179.14,281.88,33.56,1.0,236.03,0.01,110.96,69.66,38.11
2026-05-23 03:45:00,9,179.14,281.88,34.65,2.0,270.38,0.01,127.11,73.47,37.99
2026-05-23 03:50:00,9,179.14,281.88,34.22,4.0,301.26,0.01,141.63,77.68,37.85
2026-05-23 03:55:00,9,179.14,281.88,35.22,5.0,261.04,0.02,122.72,73.55,37.73
2026-05-23 04:00:00,9,179.14,281.88,34.54,3.0,233.68,0.02,109.85,70.16,37.61
2026-05-23 04:05:00,9,179.14,281.88,34.48,0.0,222.17,0.0,104.45,68.03,37.49
2026-05-23 04:10:00,9,179.14,281.88,34.44,3.0,258.87,0.01,121.7,72.61,37.37
2026-05-23 04:15:00,9,179.14,281.88,34.8,0.0,240.34,0.0,112.99,69.7,37.25
2026-05-23 04:20:00,9,179.14,281.88,35.38,0.0,266.02,0.0,125.06,72.29,37.12
2026-05-23 04:25:00,9,179.14,281.88,34.48,0.0,274.97,0.0,129.27,73.25,37.0
2026-05-23 04:30:00,9,179.14,281.88,35.91,1.0,251.53,0.01,118.25,71.17,36.88
2026-05-23 04:35:00,9,179.14,281.88,36.57,0.0,243.06,0.0,114.27,69.96,36.76
2026-05-23 04:40:00,9,179.14,281.88,35.8,2.0,256.03,0.01,120.36,71.97,36.63
2026-05-23 04:45:00,9,179.14,281.88,35.34,0.0,243.45,0.0,114.45,70.0,36.51
2026-05-23 04:50:00,9,179.14,281.88,36.27,0.0,260.05,0.0,122.25,71.66,36.39
2026-05-23 04:55:00,9,179.14,281.88,36.32,0.0,285.01,0.0,133.99,74.37,36.27
2026-05-23 05:00:00,9,179.14,281.88,36.23,0.0,199.67,0.0,93.87,66.14,36.15
2026-05-23 05:05:00,9,179.14,281.88,35.93,0.0,243.79,0.0,114.61,70.03,36.03
2026-05-23 05:10:00,9,179.14,281.88,35.14,2.0,242.67,0.01,114.09,70.64,35.91
2026-05-23 05:15:00,9,179.14,281.88,36.89,2.0,274.02,0.01,128.82,73.87,35.79
2026-05-23 05:20:00,9,179.14,281.88,36.9,0.0,242.89,0.0,114.19,69.95,35.67
2026-05-23 05:25:00,9,179.14,281.88,37.45,1.0,244.28,0.01,114.84,70.45,35.55
2026-05-23 05:30:00,9,179.14,281.88,37.14,0.0,266.03,0.0,125.07,72.29,35.42
2026-05-23 05:35:00,9,179.14,281.88,37.0,1.0,248.43,0.01,116.79,70.86,35.3
2026-05-23 05:40:00,9,179.14,281.88,37.32,0.0,196.49,0.0,92.38,65.89,35.19
2026-05-23 05:45:00,9,179.14,281.88,37.23,0.0,295.73,0.0,139.03,75.61,35.06
2026-05-23 05:50:00,9,179.14,281.88,37.43,1.0,257.58,0.0,121.09,71.76,34.94
2026-05-23 05:55:00,9,179.14,281.88,37.49,0.0,258.04,0.0,121.31,71.46,34.81
2026-05-23 06:00:00,9,179.14,281.88,38.94,1.0,249.33,0.01,117.21,70.95,34.69
2026-05-23 06:05:00,9,179.14,281.88,37.74,2.0,333.74,0.01,156.9,81.09,34.55
2026-05-23 06:10:00,9,179.14,281.88,39.09,1.0,254.02,0.0,119.42,71.4,34.43
2026-05-23 06:15:00,9,179.14,281.88,38.84,1.0,261.83,0.0,123.09,72.2,34.31
2026-05-23 06:20:00,9,179.14,281.88,38.15,1.0,277.31,0.0,130.37,73.86,34.18
2026-05-23 06:25:00,9,179.14,281.88,39.07,1.0,245.74,0.01,115.53,70.6,34.06
2026-05-23 06:30:00,9,179.14,281.88,38.48,2.0,263.03,0.01,123.65,72.7,33.94
2026-05-23 06:35:00,9,179.14,281.88,39.88,0.0,249.17,0.0,117.14,70.57,33.82
2026-05-23 06:40:00,9,179.14,281.88,39.42,2.0,266.89,0.01,125.47,73.11,33.69
2026-05-23 06:45:00,9,179.14,281.88,39.67,0.0,267.15,0.0,125.59,72.41,33.57
2026-05-23 06:50:00,9,179.14,281.88,39.72,0.0,287.9,0.0,135.35,74.71,33.44
2026-05-23 06:55:00,9,179.14,281.88,39.88,0.0,265.01,0.0,124.59,72.19,33.32
2026-05-23 07:00:00,9,179.14,281.88,40.27,1.0,242.1,0.01,113.82,70.25,33.2
2026-05-23 07:05:00,9,179.14,281.88,38.94,0.0,247.63,0.0,116.41,70.41,33.08
2026-05-23 07:10:00,9,179.14,281.88,40.57,0.0,240.59,0.0,113.1,69.73,32.96
2026-05-23 07:15:00,9,179.14,281.88,40.28,2.0,209.33,0.01,98.41,67.66,32.84
2026-05-23 07:20:00,9,179.14,281.88,39.96,0.0,237.46,0.0,111.63,69.43,32.72
2026-05-23 07:25:00,9,179.14,281.88,40.95,0.0,247.71,0.0,116.45,70.42,32.6
2026-05-23 07:30:00,9,179.14,281.88,40.0,0.0,199.95,0.0,94.0,66.17,32.49
2026-05-23 07:35:00,9,179.14,281.88,41.39,1.0,237.92,0.01,111.85,69.85,32.37
2026-05-23 07:40:00,9,179.14,281.88,41.37,1.0,279.89,0.0,131.58,74.15,32.24
2026-05-23 07:45:00,9,179.14,281.88,41.57,1.0,232.2,0.01,109.16,69.32,32.13
2026-05-23 07:50:00,9,179.14,281.88,40.55,0.0,246.62,0.0,115.94,70.32,32.01
2026-05-23 07:55:00,9,179.14,281.88,41.5,0.0,290.29,0.0,136.47,74.98,31.88
2026-05-23 08:00:00,9,179.14,281.88,41.06,0.0,248.82,0.0,116.97,70.53,31.76
2026-05-23 08:05:00,9,179.14,281.88,41.58,0.0,254.14,0.0,119.47,71.07,31.64
2026-05-23 08:10:00,9,179.14,281.88,42.05,0.0,238.5,0.0,112.12,69.54,31.52
2026-05-23 08:15:00,9,179.14,281.88,41.33,0.0,243.13,0.0,114.3,69.98,31.4
2026-05-23 08:20:00,9,179.14,281.88,40.91,0.0,269.03,0.0,126.48,72.62,31.27
2026-05-23 08:25:00,9,179.14,281.88,42.21,0.0,242.43,0.0,113.97,69.91,31.15
2026-05-23 08:30:00,9,179.14,281.88,42.25,0.0,246.39,0.0,115.83,70.3,31.03
2026-05-23 08:35:00,9,179.14,281.88,43.66,0.0,238.63,0.0,112.19,69.55,30.91
2026-05-23 08:40:00,9,179.14,281.88,42.63,1.0,242.11,0.01,113.82,70.25,30.79
2026-05-23 08:45:00,9,179.14,281.88,41.96,1.0,223.11,0.01,104.89,68.49,30.68
2026-05-23 08:50:00,9,179.14,281.88,42.06,2.0,229.28,0.01,107.79,69.4,30.56
2026-05-23 08:55:00,9,179.14,281.88,42.87,0.0,264.6,0.0,124.39,72.15,30.43
2026-05-23 09:00:00,9,179.14,281.88,42.3,1.0,241.5,0.01,113.53,70.19,30.31
2026-05-23 09:05:00,9,179.14,281.88,42.43,0.0,184.66,0.0,86.81,65.01,30.2
2026-05-23 09:10:00,9,179.14,281.88,42.67,0.0,259.28,0.0,121.89,71.6,30.08
2026-05-23 09:15:00,9,179.14,281.88,43.55,0.0,280.98,0.0,132.09,73.93,29.96
2026-05-23 09:20:00,9,179.14,281.88,43.02,0.0,249.67,0.0,117.37,70.62,29.83
2026-05-23 09:25:00,9,179.14,281.88,44.69,1.0,289.21,0.0,135.96,75.22,29.71
2026-05-23 09:30:00,9,179.14,281.88,43.39,1.0,244.42,0.01,114.91,70.48,29.59
2026-05-23 09:35:00,9,179.14,281.88,44.39,1.0,236.45,0.01,111.16,69.72,29.47
2026-05-23 09:40:00,9,179.14,281.88,43.68,2.0,251.38,0.01,118.18,71.52,29.34
2026-05-23 09:45:00,9,179.14,281.88,44.17,0.0,209.97,0.0,98.71,67.0,29.23
2026-05-23 09:50:00,9,179.14,281.88,44.05,0.0,242.17,0.0,113.85,69.89,29.11
2026-05-23 09:55:00,9,179.14,281.88,44.46,0.0,284.05,0.0,133.54,74.28,28.98
2026-05-23 10:00:00,9,179.14,281.88,43.94,1.0,229.08,0.01,107.69,69.03,28.87
2026-05-23 10:05:00,9,179.14,281.88,45.04,1.0,252.57,0.0,118.74,71.27,28.74
2026-05-23 10:10:00,9,179.14,281.88,43.93,4.0,279.54,0.02,131.42,75.21,28.61
2026-05-23 10:15:00,9,179.14,281.88,43.94,1.0,274.84,0.0,129.21,73.6,28.49
2026-05-23 10:20:00,9,179.14,281.88,43.85,2.0,260.23,0.01,122.34,72.42,28.37
2026-05-23 10:25:00,9,179.14,281.88,44.62,2.0,251.88,0.01,118.41,71.57,28.24
2026-05-23 10:30:00,9,179.14,281.88,43.75,2.0,240.64,0.01,113.13,70.46,28.12
2026-05-23 10:35:00,9,179.14,281.88,44.02,2.0,247.77,0.01,116.48,71.16,28.0
2026-05-23 10:40:00,9,179.14,281.88,44.69,2.0,274.69,0.01,129.14,73.96,27.87
2026-05-23 10:45:00,9,179.14,281.88,44.56,0.0,225.2,0.0,105.87,68.32,27.76
2026-05-23 10:50:00,9,179.14,281.88,43.94,0.0,261.31,0.0,122.85,71.81,27.63
2026-05-23 10:55:00,9,179.14,281.88,45.49,0.0,261.31,0.0,122.84,71.81,27.51
2026-05-23 11:00:00,9,179.14,281.88,44.2,1.0,205.74,0.01,96.72,67.02,27.4
2026-05-23 11:05:00,9,179.14,281.88,43.89,0.0,256.21,0.0,120.45,71.28,27.28
2026-05-23 11:10:00,9,179.14,281.88,45.17,0.0,255.45,0.0,120.09,71.21,27.15
2026-05-23 11:15:00,9,179.14,281.88,44.7,2.0,278.52,0.01,130.94,74.38,27.03
2026-05-23 11:20:00,9,179.14,281.88,44.77,0.0,274.61,0.0,129.1,73.23,26.9
2026-05-23 11:25:00,9,179.14,281.88,44.8,1.0,279.01,0.0,131.17,74.06,26.78
2026-05-23 11:30:00,9,179.14,281.88,45.1,0.0,249.55,0.0,117.32,70.62,26.65
2026-05-23 11:35:00,9,179.14,281.88,44.54,2.0,227.25,0.01,106.83,69.22,26.54
2026-05-23 11:40:00,9,179.14,281.88,44.97,3.0,225.57,0.02,106.04,69.44,26.42
2026-05-23 11:45:00,9,179.14,281.88,45.46,0.0,245.45,0.0,115.39,70.21,26.3
2026-05-23 11:50:00,9,179.14,281.88,44.58,0.0,244.95,0.0,115.16,70.16,26.18
2026-05-23 11:55:00,9,179.14,281.88,44.61,2.0,235.15,0.01,110.55,69.95,26.06
2026-05-23 12:00:00,9,179.14,281.88,45.13,1.0,264.4,0.0,124.3,72.48,25.93
2026-05-23 12:05:00,9,179.14,281.88,45.01,1.0,243.27,0.01,114.37,70.37,25.81
2026-05-23 12:10:00,9,179.14,281.88,46.12,2.0,237.54,0.01,111.67,70.18,25.69
2026-05-23 12:15:00,9,179.14,281.88,45.65,0.0,234.37,0.0,110.18,69.16,25.58
2026-05-23 12:20:00,9,179.14,281.88,45.44,2.0,237.88,0.01,111.83,70.21,25.46
2026-05-23 12:25:00,9,179.14,281.88,45.34,2.0,264.87,0.01,124.52,72.9,25.33
2026-05-23 12:30:00,9,179.14,281.88,45.39,2.0,291.99,0.01,137.27,75.91,25.2
2026-05-23 12:35:00,9,179.14,281.88,44.4,0.0,234.0,0.0,110.01,69.12,25.08
2026-05-23 12:40:00,9,179.14,281.88,44.08,1.0,235.66,0.01,110.79,69.64,24.96
2026-05-23 12:45:00,9,179.14,281.88,44.58,2.0,216.51,0.01,101.78,68.27,24.85
2026-05-23 12:50:00,9,179.14,281.88,43.87,1.0,225.52,0.01,106.02,68.71,24.73
2026-05-23 12:55:00,9,179.14,281.88,44.68,4.0,267.25,0.02,125.64,73.88,24.6
2026-05-23 13:00:00,9,179.14,281.88,44.75,4.0,265.9,0.02,125.0,73.73,24.48
2026-05-23 13:05:00,9,179.14,281.88,45.24,0.0,231.06,0.0,108.63,68.85,24.36
2026-05-23 13:10:00,9,179.14,281.88,45.24,0.0,219.77,0.0,103.32,67.84,24.24
2026-05-23 13:15:00,9,179.14,281.88,45.16,2.0,260.41,0.01,122.42,72.44,24.12
2026-05-23 13:20:00,9,179.14,281.88,45.11,6.0,260.73,0.03,122.57,73.91,23.99
2026-05-23 13:25:00,9,179.14,281.88,44.51,3.0,291.4,0.01,136.99,76.19,23.86
2026-05-23 13:30:00,9,179.14,281.88,44.56,3.0,262.13,0.01,123.23,72.97,23.74
2026-05-23 13:35:00,9,179.14,281.88,43.79,0.0,233.24,0.0,109.65,69.05,23.62
2026-05-23 13:40:00,9,179.14,281.88,45.61,1.0,222.92,0.01,104.8,68.49,23.5
2026-05-23 13:45:00,9,179.14,281.88,44.32,0.0,265.68,0.0,124.9,72.27,23.38
2026-05-23 13:50:00,9,179.14,281.88,44.26,3.0,313.98,0.01,147.61,78.91,23.25
2026-05-23 13:55:00,9,179.14,281.88,43.98,6.0,302.24,0.02,142.09,78.54,23.11
2026-05-23 14:00:00,9,179.14,281.88,43.83,2.0,235.53,0.01,110.73,69.98,22.99
2026-05-23 14:05:00,9,179.14,281.88,44.3,0.0,253.74,0.0,119.29,71.03,22.87
2026-05-23 14:10:00,9,179.14,281.88,42.94,1.0,254.93,0.0,119.85,71.5,22.75
2026-05-23 14:15:00,9,179.14,281.88,44.45,4.0,269.54,0.02,126.72,74.12,22.62
2026-05-23 14:20:00,9,179.14,281.88,43.84,2.0,249.91,0.01,117.49,71.37,22.5
2026-05-23 14:25:00,9,179.14,281.88,43.7,2.0,270.1,0.01,126.98,73.46,22.37
2026-05-23 14:30:00,9,179.14,281.88,42.82,1.0,213.2,0.01,100.23,67.64,22.26
2026-05-23 14:35:00,9,179.14,281.88,43.17,2.0,190.01,0.02,89.33,66.15,22.15
2026-05-23 14:40:00,9,179.14,281.88,41.99,1.0,258.6,0.0,121.57,71.87,22.02
2026-05-23 14:45:00,9,179.14,281.88,42.27,2.0,233.63,0.01,109.84,69.8,21.9
2026-05-23 14:50:00,9,179.14,281.88,43.33,1.0,264.31,0.0,124.25,72.47,21.78
2026-05-23 14:55:00,9,179.14,281.88,43.36,3.0,229.49,0.02,107.89,69.79,21.66
2026-05-23 15:00:00,9,179.14,281.88,43.27,0.0,267.43,0.0,125.72,72.45,21.54
2026-05-23 15:05:00,9,179.14,281.88,42.53,2.0,297.79,0.01,140.0,76.58,21.41
2026-05-23 15:10:00,9,179.14,281.88,43.42,1.0,312.43,0.0,146.88,77.99,21.27
2026-05-23 15:15:00,9,179.14,281.88,43.34,2.0,237.61,0.01,111.71,70.18,21.15
2026-05-23 15:20:00,9,179.14,281.88,42.09,1.0,265.9,0.0,125.0,72.64,21.03
2026-05-23 15:25:00,9,179.14,281.88,42.29,1.0,219.31,0.01,103.1,68.16,20.91
2026-05-23 15:30:00,9,179.14,281.88,42.21,1.0,240.59,0.01,113.11,70.11,20.79
2026-05-23 15:35:00,9,179.14,281.88,43.02,1.0,270.42,0.0,127.13,73.12,20.67
2026-05-23 15:40:00,9,179.14,281.88,41.71,3.0,277.77,0.01,130.59,74.64,20.54
2026-05-23 15:45:00,9,179.14,281.88,41.68,1.0,301.14,0.0,141.57,76.61,20.41
2026-05-23 15:50:00,9,179.14,281.88,41.93,1.0,289.95,0.0,136.31,75.29,20.28
2026-05-23 15:55:00,9,179.14,281.88,41.97,1.0,252.87,0.0,118.88,71.29,20.16
2026-05-23 16:00:00,9,179.14,281.88,42.58,2.0,261.96,0.01,123.15,72.59,20.03
2026-05-23 16:05:00,9,179.14,281.88,41.83,4.0,220.82,0.03,103.81,69.38,19.92
2026-05-23 16:10:00,9,179.14,281.88,41.24,0.0,245.71,0.0,115.51,70.23,19.8
2026-05-23 16:15:00,9,179.14,281.88,40.75,1.0,266.63,0.0,125.35,72.71,19.67
2026-05-23 16:20:00,9,179.14,281.88,40.68,2.0,285.24,0.01,134.1,75.12,19.54
2026-05-23 16:25:00,9,179.14,281.88,41.28,1.0,218.1,0.01,102.53,68.05,19.43
2026-05-23 16:30:00,9,179.14,281.88,41.39,1.0,232.1,0.01,109.11,69.31,19.31
2026-05-23 16:35:00,9,179.14,281.88,40.61,3.0,234.79,0.02,110.38,70.27,19.19
2026-05-23 16:40:00,9,179.14,281.88,39.82,0.0,244.68,0.0,115.03,70.13,19.07
2026-05-23 16:45:00,9,179.14,281.88,40.28,1.0,265.95,0.0,125.03,72.64,18.94
2026-05-23 16:50:00,9,179.14,281.88,39.71,0.0,238.64,0.0,112.19,69.55,18.82
2026-05-23 16:55:00,9,179.14,281.88,39.71,0.0,248.31,0.0,116.73,70.48,18.7
2026-05-23 17:00:00,9,179.14,281.88,39.17,2.0,257.77,0.01,121.18,72.15,18.58
2026-05-23 17:05:00,9,179.14,281.88,39.73,1.0,258.16,0.0,121.37,71.83,18.46
2026-05-23 17:10:00,9,179.14,281.88,38.87,3.0,198.25,0.02,93.2,67.12,18.34
2026-05-23 17:15:00,9,179.14,281.88,39.56,1.0,251.34,0.01,118.16,71.15,18.22
2026-05-23 17:20:00,9,179.14,281.88,39.86,0.0,234.04,0.0,110.03,69.11,18.1
2026-05-23 17:25:00,9,179.14,281.88,38.17,0.0,307.94,0.0,144.77,77.08,17.97
2026-05-23 17:30:00,9,179.14,281.88,39.16,1.0,239.27,0.01,112.49,69.98,17.85
2026-05-23 17:35:00,9,179.14,281.88,39.14,2.0,268.19,0.01,126.08,73.24,17.73
2026-05-23 17:40:00,9,179.14,281.88,38.06,2.0,252.44,0.01,118.68,71.61,17.6
2026-05-23 17:45:00,9,179.14,281.88,38.12,1.0,268.27,0.0,126.12,72.88,17.48
2026-05-23 17:50:00,9,179.14,281.88,39.39,1.0,260.54,0.0,122.49,72.07,17.36
2026-05-23 17:55:00,9,179.14,281.88,38.7,3.0,237.34,0.02,111.58,70.51,17.24
2026-05-23 18:00:00,9,179.14,281.88,38.28,3.0,254.32,0.01,119.56,72.15,17.11
2026-05-23 18:05:00,9,179.14,281.88,37.85,2.0,247.46,0.01,116.34,71.12,16.99
2026-05-23 18:10:00,9,179.14,281.88,38.38,1.0,252.58,0.0,118.74,71.25,16.87
2026-05-23 18:15:00,9,179.14,281.88,37.84,1.0,230.16,0.01,108.2,69.12,16.75
2026-05-23 18:20:00,9,179.14,281.88,37.59,2.0,237.78,0.01,111.78,70.18,16.63
2026-05-23 18:25:00,9,179.14,281.88,36.81,2.0,245.18,0.01,115.27,70.89,16.51
2026-05-23 18:30:00,9,179.14,281.88,37.65,0.0,246.6,0.0,115.93,70.31,16.39
2026-05-23 18:35:00,9,179.14,281.88,36.74,0.0,290.99,0.0,136.8,75.05,16.26
2026-05-23 18:40:00,9,179.14,281.88,37.81,0.0,236.94,0.0,111.39,69.38,16.14
2026-05-23 18:45:00,9,179.14,281.88,35.77,3.0,262.68,0.01,123.49,73.0,16.02
2026-05-23 18:50:00,9,179.14,281.88,35.74,0.0,261.93,0.0,123.14,71.86,15.9
2026-05-23 18:55:00,9,179.14,281.88,36.22,1.0,258.31,0.0,121.44,71.83,15.77
2026-05-23 19:00:00,9,179.14,281.88,35.15,1.0,230.1,0.01,108.17,69.11,15.66
2026-05-23 19:05:00,9,179.14,281.88,36.25,1.0,285.72,0.0,134.32,74.8,15.53
2026-05-23 19:10:00,9,179.14,281.88,35.97,0.0,258.83,0.0,121.68,71.54,15.41
2026-05-23 19:15:00,9,179.14,281.88,35.89,4.0,304.5,0.01,143.15,78.07,15.27
2026-05-23 19:20:00,9,179.14,281.88,35.09,1.0,219.38,0.01,103.13,68.15,15.16
2026-05-23 19:25:00,9,179.14,281.88,36.0,1.0,212.2,0.01,99.76,67.54,15.04
2026-05-23 19:30:00,9,179.14,281.88,35.96,0.0,209.12,0.0,98.31,66.91,14.93
2026-05-23 19:35:00,9,179.14,281.88,35.51,1.0,263.48,0.0,123.87,72.37,14.8
2026-05-23 19:40:00,9,179.14,281.88,34.6,0.0,276.93,0.0,130.19,73.46,14.68
2026-05-23 19:45:00,9,179.14,281.88,34.77,1.0,258.26,0.0,121.41,71.82,14.55
2026-05-23 19:50:00,9,179.14,281.88,34.18,0.0,260.85,0.0,122.63,71.74,14.43
2026-05-23 19:55:00,9,179.14,281.88,34.33,0.0,269.35,0.0,126.63,72.64,14.31
2026-05-23 20:00:00,9,179.14,281.88,33.49,1.0,267.17,0.0,125.6,72.75,14.18
2026-05-23 20:05:00,9,179.14,281.88,34.49,1.0,238.19,0.01,111.98,69.86,14.06
2026-05-23 20:10:00,9,179.14,281.88,34.29,1.0,255.38,0.0,120.06,71.53,13.94
2026-05-23 20:15:00,9,179.14,281.88,33.11,0.0,251.79,0.0,118.37,70.82,13.82
2026-05-23 20:20:00,9,179.14,281.88,34.2,0.0,260.39,0.0,122.41,71.69,13.7
2026-05-23 20:25:00,9,179.14,281.88,33.64,0.0,253.72,0.0,119.28,71.01,13.58
2026-05-23 20:30:00,9,179.14,281.88,33.43,0.0,254.43,0.0,119.61,71.08,13.45
2026-05-23 20:35:00,9,179.14,281.88,34.3,1.0,267.6,0.0,125.81,72.8,13.33
2026-05-23 20:40:00,9,179.14,281.88,33.15,0.0,275.68,0.0,129.6,73.32,13.2
2026-05-23 20:45:00,9,179.14,281.88,33.72,2.0,277.98,0.01,130.68,74.3,13.08
2026-05-23 20:50:00,9,179.14,281.88,32.69,0.0,271.49,0.0,127.63,72.87,12.95
2026-05-23 20:55:00,9,179.14,281.88,32.94,0.0,264.03,0.0,124.13,72.07,12.83
2026-05-23 21:00:00,9,179.14,281.88,33.08,0.0,246.88,0.0,116.06,70.33,12.71
2026-05-23 21:05:00,9,179.14,281.88,32.86,0.0,302.54,0.0,142.23,76.41,12.58
2026-05-23 21:10:00,9,179.14,281.88,32.74,0.0,274.67,0.0,129.13,73.21,12.45
2026-05-23 21:15:00,9,179.14,281.88,33.3,0.0,288.34,0.0,135.55,74.74,12.33
2026-05-23 21:20:00,9,179.14,281.88,31.87,0.0,263.49,0.0,123.87,72.01,12.2
2026-05-23 21:25:00,9,179.14,281.88,31.59,1.0,271.67,0.0,127.72,73.23,12.08
2026-05-23 21:30:00,9,179.14,281.88,33.0,1.0,312.53,0.0,146.93,77.98,11.94
2026-05-23 21:35:00,9,179.14,281.88,33.1,0.0,279.53,0.0,131.41,73.75,11.82
2026-05-23 21:40:00,9,179.14,281.88,32.0,1.0,289.47,0.0,136.08,75.22,11.69
2026-05-23 21:45:00,9,179.14,281.88,32.72,0.0,236.86,0.0,111.35,69.36,11.57
2026-05-23 21:50:00,9,179.14,281.88,32.62,0.0,256.47,0.0,120.57,71.29,11.45
2026-05-23 21:55:00,9,179.14,281.88,31.99,1.0,292.55,0.0,137.53,75.58,11.32
2026-05-23 22:00:00,9,179.14,281.88,32.12,1.0,270.61,0.0,127.22,73.12,11.2
2026-05-23 22:05:00,9,179.14,281.88,32.5,2.0,269.89,0.01,126.88,73.41,11.07
2026-05-23 22:10:00,9,179.14,281.88,31.52,0.0,273.24,0.0,128.46,73.05,10.95
2026-05-23 22:15:00,9,179.14,281.88,32.12,2.0,266.0,0.01,125.05,73.0,10.82
2026-05-23 22:20:00,9,179.14,281.88,31.94,1.0,288.63,0.0,135.69,75.12,10.69
2026-05-23 22:25:00,9,179.14,281.88,31.69,1.0,240.16,0.01,112.9,70.04,10.57
2026-05-23 22:30:00,9,179.14,281.88,31.53,1.0,274.41,0.0,129.0,73.53,10.45
2026-05-23 22:35:00,9,179.14,281.88,31.02,1.0,266.98,0.0,125.51,72.73,10.32
2026-05-23 22:40:00,9,179.14,281.88,31.91,3.0,279.05,0.01,131.19,74.76,10.19
2026-05-23 22:45:00,9,179.14,281.88,30.84,1.0,282.27,0.0,132.7,74.4,10.07
2026-05-23 22:50:00,9,179.14,281.88,31.57,0.0,274.28,0.0,128.94,73.17,9.94
2026-05-23 22:55:00,9,179.14,281.88,30.94,2.0,276.29,0.01,129.89,74.11,9.82
2026-05-23 23:00:00,9,179.14,281.88,30.95,3.0,214.36,0.02,100.77,68.43,9.7
2026-05-23 23:05:00,9,179.14,281.88,31.61,0.0,261.79,0.0,123.07,71.83,9.58
2026-05-23 23:10:00,9,179.14,281.88,30.65,0.0,249.71,0.0,117.39,70.6,9.46
2026-05-23 23:15:00,9,179.14,281.88,30.76,1.0,262.85,0.0,123.57,72.29,9.33
2026-05-23 23:20:00,9,179.14,281.88,31.89,1.0,237.97,0.01,111.87,69.84,9.21
2026-05-23 23:25:00,9,179.14,281.88,30.3,3.0,288.05,0.01,135.42,75.78,9.08
2026-05-23 23:30:00,9,179.14,281.88,31.0,2.0,227.29,0.01,106.85,69.2,8.96
2026-05-23 23:35:00,9,179.14,281.88,31.38,1.0,191.28,0.01,89.93,65.85,8.85
2026-05-23 23:40:00,9,179.14,281.88,31.24,1.0,243.44,0.01,114.45,70.36,8.73
2026-05-23 23:45:00,9,179.14,281.88,31.47,2.0,239.18,0.01,112.44,70.3,8.61
2026-05-23 23:50:00,9,179.14,281.88,30.87,0.0,265.79,0.0,124.95,72.25,8.49
2026-05-23 23:55:00,9,179.14,281.88,30.8,0.0,266.08,0.0,125.09,72.28,8.36
2026-05-24 00:00:00,9,179.14,281.88,31.93,1.0,237.38,0.01,111.6,69.78,8.25
2026-05-24 00:05:00,9,179.14,281.88,30.35,4.0,298.3,0.01,140.24,77.32,8.11
2026-05-24 00:10:00,9,179.14,281.88,29.96,0.0,248.49,0.0,116.82,70.48,7.99
2026-05-24 00:15:00,9,179.14,281.88,30.24,2.0,265.62,0.01,124.87,72.95,7.87
2026-05-24 00:20:00,9,179.14,281.88,30.46,3.0,243.88,0.02,114.65,71.12,7.75
2026-05-24 00:25:00,9,179.14,281.88,31.08,0.0,252.88,0.0,118.88,70.92,7.63
2026-05-24 00:30:00,9,179.14,281.88,30.83,1.0,284.31,0.0,133.66,74.63,7.5
2026-05-24 00:35:00,9,179.14,281.88,31.58,0.0,238.9,0.0,112.31,69.56,7.38
2026-05-24 00:40:00,9,179.14,281.88,31.15,0.0,218.96,0.0,102.94,67.74,7.26
2026-05-24 00:45:00,9,179.14,281.88,30.8,2.0,219.57,0.01,103.22,68.51,7.15
2026-05-24 00:50:00,9,179.14,281.88,30.73,1.0,226.52,0.01,106.49,68.78,7.03
2026-05-24 00:55:00,9,179.14,281.88,31.15,2.0,253.19,0.01,119.03,71.67,6.91
2026-05-24 01:00:00,9,179.14,281.88,31.91,3.0,248.42,0.02,116.78,71.57,6.78
2026-05-24 01:05:00,9,179.14,281.88,31.59,1.0,225.96,0.01,106.23,68.73,6.67
2026-05-24 01:10:00,9,179.14,281.88,30.67,0.0,243.66,0.0,114.55,70.01,6.55
2026-05-24 01:15:00,9,179.14,281.88,31.27,0.0,238.5,0.0,112.12,69.52,6.43
2026-05-24 01:20:00,9,179.14,281.88,31.05,3.0,271.19,0.01,127.49,73.9,6.3
2026-05-24 01:25:00,9,179.14,281.88,31.64,1.0,257.68,0.0,121.14,71.76,6.18
2026-05-24 01:30:00,9,179.14,281.88,32.12,0.0,271.88,0.0,127.82,72.91,6.05
2026-05-24 01:35:00,9,179.14,281.88,31.5,1.0,221.19,0.01,103.98,68.3,5.94
2026-05-24 01:40:00,9,179.14,281.88,32.09,3.0,254.0,0.01,119.41,72.11,5.81
2026-05-24 01:45:00,9,179.14,281.88,31.93,0.0,244.87,0.0,115.12,70.13,5.69
2026-05-24 01:50:00,9,179.14,281.88,31.54,2.0,290.52,0.01,136.58,75.71,5.57
2026-05-24 01:55:00,9,179.14,281.88,30.72,0.0,295.52,0.0,138.93,75.57,5.44
2026-05-24 02:00:00,9,179.14,281.88,33.26,0.0,237.98,0.0,111.88,69.47,5.32
2026-05-24 02:05:00,9,179.14,281.88,32.08,3.0,289.14,0.01,135.93,75.9,5.19
2026-05-24 02:10:00,9,179.14,281.88,31.54,4.0,280.82,0.02,132.02,75.33,5.06
2026-05-24 02:15:00,9,179.14,281.88,31.24,3.0,309.55,0.01,145.53,78.33,4.92
2026-05-24 02:20:00,9,179.14,281.88,31.57,2.0,227.47,0.01,106.94,69.22,4.81
2026-05-24 02:25:00,9,179.14,281.88,31.74,2.0,254.02,0.01,119.42,71.76,4.68
2026-05-24 02:30:00,9,179.14,281.88,33.18,1.0,255.05,0.0,119.9,71.49,4.56
2026-05-24 02:35:00,9,179.14,281.88,32.88,0.0,242.66,0.0,114.08,69.92,4.44
2026-05-24 02:40:00,9,179.14,281.88,32.86,1.0,308.21,0.0,144.89,77.45,4.31
2026-05-24 02:45:00,9,179.14,281.88,33.13,1.0,272.3,0.0,128.01,73.3,4.18
2026-05-24 02:50:00,9,179.14,281.88,32.51,1.0,254.81,0.0,119.79,71.47,4.06
2026-05-24 02:55:00,9,179.14,281.88,32.75,0.0,263.52,0.0,123.89,72.02,3.94
2026-05-24 03:00:00,9,179.14,281.88,32.69,0.0,234.72,0.0,110.35,69.16,3.82
2026-05-24 03:05:00,9,179.14,281.88,33.61,2.0,268.7,0.01,126.32,73.29,3.7
2026-05-24 03:10:00,9,179.14,281.88,31.93,3.0,245.89,0.02,115.6,71.32,3.57
2026-05-24 03:15:00,9,179.14,281.88,32.37,2.0,220.08,0.01,103.47,68.56,3.46
2026-05-24 03:20:00,9,179.14,281.88,33.16,2.0,246.18,0.01,115.73,70.98,3.34
2026-05-24 03:25:00,9,179.14,281.88,34.25,1.0,227.34,0.01,106.87,68.86,3.22
2026-05-24 03:30:00,9,179.14,281.88,33.14,2.0,251.75,0.01,118.35,71.53,3.1
2026-05-24 03:35:00,9,179.14,281.88,34.19,2.0,242.47,0.01,113.99,70.62,2.97
2026-05-24 03:40:00,9,179.14,281.88,33.74,0.0,247.27,0.0,116.25,70.37,2.85
2026-05-24 03:45:00,9,179.14,281.88,34.66,0.0,288.28,0.0,135.53,74.74,2.73
2026-05-24 03:50:00,9,179.14,281.88,34.49,2.0,219.49,0.01,103.19,68.51,2.61
2026-05-24 03:55:00,9,179.14,281.88,34.37,4.0,216.63,0.03,101.84,69.0,2.49
2026-05-24 04:00:00,9,179.14,281.88,34.22,2.0,275.61,0.01,129.57,74.04,2.37
2026-05-24 04:05:00,9,179.14,281.88,34.05,1.0,190.13,0.01,89.38,65.77,2.25
2026-05-24 04:10:00,9,179.14,281.88,34.83,1.0,239.59,0.01,112.64,70.0,2.13
2026-05-24 04:15:00,9,179.14,281.88,34.98,1.0,228.15,0.01,107.26,68.93,2.02
2026-05-24 04:20:00,9,179.14,281.88,35.02,1.0,242.39,0.01,113.95,70.26,1.9
2026-05-24 04:25:00,9,179.14,281.88,35.79,3.0,231.88,0.02,109.01,70.0,1.78
2026-05-24 04:30:00,9,179.14,281.88,35.74,1.0,285.98,0.0,134.44,74.83,1.65
2026-05-24 04:35:00,9,179.14,281.88,35.13,0.0,255.62,0.0,120.17,71.21,1.53
2026-05-24 04:40:00,9,179.14,281.88,36.11,1.0,303.53,0.0,142.7,76.89,1.39
2026-05-24 04:45:00,9,179.14,281.88,34.72,0.0,230.59,0.0,108.4,68.78,1.28
2026-05-24 04:50:00,9,179.14,281.88,35.84,0.0,285.98,0.0,134.44,74.48,1.15
2026-05-24 04:55:00,9,179.14,281.88,35.47,0.0,230.38,0.0,108.31,68.77,1.03
2026-05-24 05:00:00,9,179.14,281.88,36.83,0.0,255.27,0.0,120.01,71.17,0.91
2026-05-24 05:05:00,9,179.14,281.88,35.92,0.0,238.58,0.0,112.16,69.53,0.79
2026-05-24 05:10:00,9,179.14,281.88,35.13,1.0,269.73,0.0,126.8,73.03,0.67
2026-05-24 05:15:00,9,179.14,281.88,35.92,2.0,231.7,0.01,108.93,69.61,0.55
2026-05-24 05:20:00,9,179.14,281.88,36.39,0.0,212.17,0.0,99.74,67.16,0.43
2026-05-24 05:25:00,9,179.14,281.88,36.36,0.0,245.18,0.0,115.26,70.17,0.31
2026-05-24 05:30:00,9,179.14,281.88,37.09,0.0,276.77,0.0,130.11,73.45,0.19
2026-05-24 05:35:00,9,179.14,281.88,37.62,0.0,286.82,0.0,134.84,74.58,0.06
2026-05-24 05:40:00,9,179.14,281.88,36.94,1.0,260.13,0.0,122.29,72.02,0.0
2026-05-24 05:45:00,9,179.14,281.88,37.44,1.0,260.06,0.0,122.26,72.02,0.0
2026-05-24 05:50:00,9,179.14,281.88,38.1,0.0,197.83,0.0,93.0,66.0,0.0
2026-05-24 05:55:00,9,179.14,281.88,37.94,0.0,254.78,0.0,119.78,71.13,0.0
2026-05-24 06:00:00,9,179.14,281.88,37.48,1.0,209.84,0.01,98.65,67.34,0.0
2026-05-24 06:05:00,9,179.14,281.88,38.42,1.0,203.39,0.01,95.62,66.81,0.0
2026-05-24 06:10:00,9,179.14,281.88,37.96,0.0,293.84,0.0,138.14,75.39,0.0
2026-05-24 06:15:00,9,179.14,281.88,39.45,0.0,204.44,0.0,96.11,66.53,0.0
2026-05-24 06:20:00,9,179.14,281.88,38.73,1.0,247.53,0.01,116.37,70.77,0.0
2026-05-24 06:25:00,9,179.14,281.88,40.23,1.0,265.09,0.0,124.62,72.55,0.0
2026-05-24 06:30:00,9,179.14,281.88,39.33,1.0,246.19,0.01,115.74,70.64,0.0
2026-05-24 06:35:00,9,179.14,281.88,39.05,2.0,252.58,0.01,118.74,71.63,0.0
2026-05-24 06:40:00,9,179.14,281.88,38.21,0.0,207.98,0.0,97.78,66.82,0.0
2026-05-24 06:45:00,9,179.14,281.88,39.76,1.0,222.39,0.01,104.55,68.43,0.0
2026-05-24 06:50:00,9,179.14,281.88,40.05,0.0,232.06,0.0,109.09,68.93,0.0
2026-05-24 06:55:00,9,179.14,281.88,39.48,0.0,247.89,0.0,116.54,70.44,0.0
2026-05-24 07:00:00,9,179.14,281.88,39.26,1.0,290.67,0.0,136.65,75.37,0.0
2026-05-24 07:05:00,9,179.14,281.88,39.9,0.0,244.8,0.0,115.09,70.14,0.0
2026-05-24 07:10:00,9,179.14,281.88,40.05,0.0,263.39,0.0,123.82,72.02,0.0
2026-05-24 07:15:00,9,179.14,281.88,39.7,1.0,251.43,0.01,118.2,71.16,0.0
2026-05-24 07:20:00,9,179.14,281.88,40.0,0.0,250.35,0.0,117.69,70.68,0.0
2026-05-24 07:25:00,9,179.14,281.88,40.25,0.0,236.51,0.0,111.19,69.35,0.0
2026-05-24 07:30:00,9,179.14,281.88,41.35,0.0,217.63,0.0,102.31,67.64,0.0
2026-05-24 07:35:00,9,179.14,281.88,40.77,0.0,233.85,0.0,109.94,69.1,0.0
2026-05-24 07:40:00,9,179.14,281.88,40.75,0.0,276.83,0.0,130.14,73.46,0.0
2026-05-24 07:45:00,9,179.14,281.88,41.72,1.0,268.16,0.0,126.07,72.88,0.0
2026-05-24 07:50:00,9,179.14,281.88,40.39,0.0,301.25,0.0,141.63,76.27,0.0
2026-05-24 07:55:00,9,179.14,281.88,41.24,0.0,283.4,0.0,133.23,74.2,0.0
2026-05-24 08:00:00,9,179.14,281.88,41.48,2.0,303.48,0.01,142.67,77.26,0.0
2026-05-24 08:05:00,9,179.14,281.88,42.2,2.0,261.29,0.01,122.84,72.52,0.0
2026-05-24 08:10:00,9,179.14,281.88,41.08,2.0,289.82,0.01,136.25,75.65,0.0
2026-05-24 08:15:00,9,179.14,281.88,41.37,1.0,292.07,0.0,137.31,75.54,0.0
2026-05-24 08:20:00,9,179.14,281.88,42.06,2.0,272.51,0.01,128.11,73.71,0.0
2026-05-24 08:25:00,9,179.14,281.88,42.12,0.0,271.05,0.0,127.42,72.84,0.0
2026-05-24 08:30:00,9,179.14,281.88,42.14,0.0,289.48,0.0,136.09,74.89,0.0
2026-05-24 08:35:00,9,179.14,281.88,41.76,3.0,262.05,0.01,123.19,72.95,0.0
2026-05-24 08:40:00,9,179.14,281.88,41.32,0.0,229.45,0.0,107.87,68.69,0.0
2026-05-24 08:45:00,9,179.14,281.88,42.77,0.0,230.71,0.0,108.46,68.81,0.0
2026-05-24 08:50:00,9,179.14,281.88,42.5,0.0,254.12,0.0,119.47,71.07,0.0
2026-05-24 08:55:00,9,179.14,281.88,42.77,0.0,207.13,0.0,97.38,66.76,0.0
2026-05-24 09:00:00,9,179.14,281.88,42.79,0.0,199.53,0.0,93.8,66.14,0.0
2026-05-24 09:05:00,9,179.14,281.88,42.56,2.0,280.66,0.01,131.95,74.61,0.0
2026-05-24 09:10:00,9,179.14,281.88,43.54,3.0,260.08,0.01,122.27,72.75,0.0
2026-05-24 09:15:00,9,179.14,281.88,42.35,0.0,255.29,0.0,120.02,71.19,0.0
2026-05-24 09:20:00,9,179.14,281.88,42.67,0.0,247.53,0.0,116.37,70.41,0.0
2026-05-24 09:25:00,9,179.14,281.88,43.06,0.0,219.17,0.0,103.04,67.78,0.0
2026-05-24 09:30:00,9,179.14,281.88,43.01,2.0,243.16,0.01,114.31,70.7,0.0
2026-05-24 09:35:00,9,179.14,281.88,43.89,1.0,268.79,0.0,126.36,72.95,0.0
2026-05-24 09:40:00,9,179.14,281.88,43.93,1.0,297.03,0.0,139.64,76.13,0.0
2026-05-24 09:45:00,9,179.14,281.88,43.04,1.0,271.92,0.0,127.83,73.28,0.0
2026-05-24 09:50:00,9,179.14,281.88,44.19,2.0,261.45,0.01,122.91,72.54,0.0
2026-05-24 09:55:00,9,179.14,281.88,43.85,0.0,290.15,0.0,136.4,74.97,0.0
2026-05-24 10:00:00,9,179.14,281.88,44.2,0.0,246.78,0.0,116.02,70.34,0.0
2026-05-24 10:05:00,9,179.14,281.88,44.26,0.0,250.77,0.0,117.89,70.74,0.0
2026-05-24 10:10:00,9,179.14,281.88,44.74,0.0,236.68,0.0,111.27,69.37,0.0
2026-05-24 10:15:00,9,179.14,281.88,44.53,0.0,244.08,0.0,114.75,70.08,0.0
2026-05-24 10:20:00,9,179.14,281.88,43.9,2.0,259.42,0.01,121.96,72.33,0.0
2026-05-24 10:25:00,9,179.14,281.88,44.97,2.0,222.07,0.01,104.4,68.76,0.0
2026-05-24 10:30:00,9,179.14,281.88,44.2,3.0,279.0,0.01,131.16,74.78,0.0
2026-05-24 10:35:00,9,179.14,281.88,43.83,1.0,203.89,0.01,95.85,66.87,0.0
2026-05-24 10:40:00,9,179.14,281.88,44.23,1.0,232.6,0.01,109.35,69.36,0.0
2026-05-24 10:45:00,9,179.14,281.88,44.95,0.0,257.78,0.0,121.19,71.45,0.0
2026-05-24 10:50:00,9,179.14,281.88,44.08,3.0,222.13,0.02,104.43,69.13,0.0
2026-05-24 10:55:00,9,179.14,281.88,44.98,3.0,238.98,0.02,112.35,70.68,0.0
2026-05-24 11:00:00,9,179.14,281.88,44.88,2.0,261.63,0.01,123.0,72.57,0.0
2026-05-24 11:05:00,9,179.14,281.88,44.41,1.0,275.99,0.0,129.75,73.73,0.0
2026-05-24 11:10:00,9,179.14,281.88,45.62,1.0,270.65,0.0,127.24,73.15,0.0
2026-05-24 11:15:00,9,179.14,281.88,45.47,2.0,212.16,0.01,99.74,67.9,0.0
2026-05-24 11:20:00,9,179.14,281.88,45.48,1.0,267.77,0.0,125.89,72.84,0.0
2026-05-24 11:25:00,9,179.14,281.88,45.22,0.0,210.57,0.0,98.99,67.05,0.0
2026-05-24 11:30:00,9,179.14,281.88,45.62,1.0,256.67,0.0,120.67,71.69,0.0
2026-05-24 11:35:00,9,179.14,281.88,44.23,2.0,252.82,0.01,118.86,71.66,0.0
2026-05-24 11:40:00,9,179.14,281.88,45.09,3.0,264.62,0.01,124.4,73.23,0.0
2026-05-24 11:45:00,9,179.14,281.88,44.45,0.0,258.24,0.0,121.4,71.49,0.0
2026-05-24 11:50:00,9,179.14,281.88,44.82,2.0,267.01,0.01,125.52,73.13,0.0
2026-05-24 11:55:00,9,179.14,281.88,45.38,1.0,254.14,0.0,119.48,71.43,0.0
2026-05-24 12:00:00,9,179.14,281.88,44.59,0.0,227.18,0.0,106.8,68.49,0.0
2026-05-24 12:05:00,9,179.14,281.88,44.9,0.0,251.32,0.0,118.15,70.79,0.0
2026-05-24 12:10:00,9,179.14,281.88,44.81,3.0,272.89,0.01,128.29,74.11,0.0
2026-05-24 12:15:00,9,179.14,281.88,44.81,2.0,250.43,0.01,117.73,71.42,0.0
2026-05-24 12:20:00,9,179.14,281.88,45.37,2.0,277.6,0.01,130.5,74.28,0.0
2026-05-24 12:25:00,9,179.14,281.88,44.76,3.0,263.02,0.01,123.65,73.06,100.0
2026-05-24 12:30:00,9,179.14,281.88,45.09,1.0,270.33,0.0,127.09,73.12,99.88
2026-05-24 12:35:00,9,179.14,281.88,45.27,0.0,223.34,0.0,105.0,68.15,99.76
2026-05-24 12:40:00,9,179.14,281.88,44.85,4.0,296.6,0.01,139.44,77.15,99.63
2026-05-24 12:45:00,9,179.14,281.88,44.57,3.0,211.74,0.02,99.54,68.24,99.51
2026-05-24 12:50:00,9,179.14,281.88,43.9,2.0,284.47,0.01,133.73,75.04,99.38
2026-05-24 12:55:00,9,179.14,281.88,44.16,0.0,264.39,0.0,124.29,72.13,99.26
2026-05-24 13:00:00,9,179.14,281.88,44.78,0.0,238.77,0.0,112.25,69.57,99.14
2026-05-24 13:05:00,9,179.14,281.88,43.86,4.0,262.59,0.02,123.45,73.38,99.01
2026-05-24 13:10:00,9,179.14,281.88,45.0,1.0,262.72,0.0,123.51,72.31,98.89
2026-05-24 13:15:00,9,179.14,281.88,44.59,2.0,235.69,0.01,110.8,70.0,98.77
2026-05-24 13:20:00,9,179.14,281.88,43.93,3.0,282.87,0.01,132.98,75.21,98.64
2026-05-24 13:25:00,9,179.14,281.88,45.21,3.0,250.74,0.02,117.88,71.83,98.52
2026-05-24 13:30:00,9,179.14,281.88,44.42,1.0,237.64,0.01,111.72,69.83,98.4
2026-05-24 13:35:00,9,179.14,281.88,44.26,2.0,267.18,0.01,125.6,73.15,98.28
2026-05-24 13:40:00,9,179.14,281.88,44.55,0.0,275.35,0.0,129.45,73.31,98.15
2026-05-24 13:45:00,9,179.14,281.88,43.69,2.0,228.28,0.01,107.32,69.31,98.03
2026-05-24 13:50:00,9,179.14,281.88,44.01,1.0,268.47,0.0,126.21,72.91,97.91
2026-05-24 13:55:00,9,179.14,281.88,44.29,0.0,238.69,0.0,112.21,69.56,97.79
2026-05-24 14:00:00,9,179.14,281.88,43.94,2.0,252.21,0.01,118.57,71.6,97.67
2026-05-24 14:05:00,9,179.14,281.88,43.28,1.0,245.84,0.01,115.57,70.62,97.55
2026-05-24 14:10:00,9,179.14,281.88,44.29,1.0,269.25,0.0,126.58,73.0,97.42
2026-05-24 14:15:00,9,179.14,281.88,43.28,8.0,255.03,0.04,119.89,74.04,97.29
2026-05-24 14:20:00,9,179.14,281.88,43.97,3.0,221.9,0.02,104.32,69.11,97.18
2026-05-24 14:25:00,9,179.14,281.88,43.19,4.0,266.94,0.02,125.49,73.84,97.05
2026-05-24 14:30:00,9,179.14,281.88,43.67,2.0,243.54,0.01,114.49,70.74,96.93
2026-05-24 14:35:00,9,179.14,281.88,42.58,0.0,273.7,0.0,128.67,73.12,96.8
2026-05-24 14:40:00,9,179.14,281.88,42.37,2.0,225.98,0.01,106.24,69.1,96.69
2026-05-24 14:45:00,9,179.14,281.88,42.97,3.0,210.0,0.02,98.72,68.09,96.57
2026-05-24 14:50:00,9,179.14,281.88,42.72,1.0,284.84,0.0,133.91,74.71,96.44
2026-05-24 14:55:00,9,179.14,281.88,43.24,1.0,243.02,0.01,114.25,70.34,96.32
2026-05-24 15:00:00,9,179.14,281.88,42.27,1.0,210.15,0.01,98.79,67.38,96.21
2026-05-24 15:05:00,9,179.14,281.88,42.62,1.0,265.05,0.0,124.6,72.55,96.08
2026-05-24 15:10:00,9,179.14,281.88,43.62,0.0,220.59,0.0,103.7,67.9,95.97
2026-05-24 15:15:00,9,179.14,281.88,42.36,0.0,275.5,0.0,129.52,73.32,95.84
2026-05-24 15:20:00,9,179.14,281.88,42.39,2.0,315.82,0.01,148.47,78.78,95.71
2026-05-24 15:25:00,9,179.14,281.88,43.54,0.0,303.18,0.0,142.53,76.51,95.58
2026-05-24 15:30:00,9,179.14,281.88,41.79,0.0,251.69,0.0,118.32,70.82,95.45
2026-05-24 15:35:00,9,179.14,281.88,42.24,3.0,276.96,0.01,130.2,74.55,95.33
2026-05-24 15:40:00,9,179.14,281.88,42.29,0.0,210.29,0.0,98.86,67.02,95.21
2026-05-24 15:45:00,9,179.14,281.88,42.34,3.0,265.75,0.01,124.93,73.34,95.09
2026-05-24 15:50:00,9,179.14,281.88,42.18,3.0,260.15,0.01,122.3,72.75,94.96
2026-05-24 15:55:00,9,179.14,281.88,41.75,1.0,293.3,0.0,137.89,75.68,94.83
2026-05-24 16:00:00,9,179.14,281.88,41.83,1.0,237.31,0.01,111.56,69.79,94.71
2026-05-24 16:05:00,9,179.14,281.88,41.44,3.0,242.7,0.02,114.1,71.03,94.59
2026-05-24 16:10:00,9,179.14,281.88,41.43,0.0,231.45,0.0,108.81,68.88,94.47
2026-05-24 16:15:00,9,179.14,281.88,41.49,3.0,253.05,0.01,118.97,72.03,94.35
2026-05-24 16:20:00,9,179.14,281.88,40.84,1.0,237.64,0.01,111.72,69.82,94.23
2026-05-24 16:25:00,9,179.14,281.88,41.35,0.0,266.7,0.0,125.38,72.37,94.11
2026-05-24 16:30:00,9,179.14,281.88,39.74,1.0,274.42,0.0,129.01,73.55,93.98
2026-05-24 16:35:00,9,179.14,281.88,39.87,0.0,288.31,0.0,135.54,74.75,93.86
2026-05-24 16:40:00,9,179.14,281.88,40.97,2.0,221.65,0.01,104.2,68.71,93.74
2026-05-24 16:45:00,9,179.14,281.88,40.69,1.0,256.46,0.0,120.57,71.65,93.62
2026-05-24 16:50:00,9,179.14,281.88,40.73,1.0,270.13,0.0,126.99,73.08,93.49
2026-05-24 16:55:00,9,179.14,281.88,40.25,2.0,272.82,0.01,128.26,73.74,93.36
2026-05-24 17:00:00,9,179.14,281.88,39.65,4.0,277.59,0.02,130.5,74.98,93.24
2026-05-24 17:05:00,9,179.14,281.88,39.88,2.0,259.61,0.01,122.05,72.34,93.11
2026-05-24 17:10:00,9,179.14,281.88,39.76,1.0,241.62,0.01,113.59,70.2,92.99
2026-05-24 17:15:00,9,179.14,281.88,39.46,0.0,261.49,0.0,122.93,71.82,92.87
2026-05-24 17:20:00,9,179.14,281.88,39.46,2.0,238.52,0.01,112.13,70.25,92.75
2026-05-24 17:25:00,9,179.14,281.88,39.26,0.0,257.26,0.0,120.94,71.38,92.63
2026-05-24 17:30:00,9,179.14,281.88,39.85,3.0,280.25,0.01,131.75,74.91,92.5
2026-05-24 17:35:00,9,179.14,281.88,38.85,0.0,240.81,0.0,113.21,69.75,92.38
2026-05-24 17:40:00,9,179.14,281.88,37.74,0.0,256.97,0.0,120.81,71.35,92.26
2026-05-24 17:45:00,9,179.14,281.88,38.55,2.0,254.56,0.01,119.67,71.82,92.14
2026-05-24 17:50:00,9,179.14,281.88,38.06,2.0,253.7,0.01,119.27,71.74,92.01
2026-05-24 17:55:00,9,179.14,281.88,38.05,0.0,268.96,0.0,126.44,72.6,91.89
2026-05-24 18:00:00,9,179.14,281.88,37.35,2.0,272.0,0.01,127.87,73.65,91.76
2026-05-24 18:05:00,9,179.14,281.88,38.17,0.0,250.44,0.0,117.74,70.69,91.64
2026-05-24 18:10:00,9,179.14,281.88,38.22,0.0,232.73,0.0,109.41,68.99,91.52
2026-05-24 18:15:00,9,179.14,281.88,37.07,1.0,282.69,0.0,132.9,74.46,91.4
2026-05-24 18:20:00,9,179.14,281.88,37.43,2.0,258.26,0.01,121.41,72.2,91.27
2026-05-24 18:25:00,9,179.14,281.88,36.95,2.0,262.29,0.01,123.3,72.61,91.15
2026-05-24 18:30:00,9,179.14,281.88,37.27,0.0,284.81,0.0,133.9,74.35,91.02
2026-05-24 18:35:00,9,179.14,281.88,37.04,0.0,253.24,0.0,119.05,70.97,90.9
2026-05-24 18:40:00,9,179.14,281.88,37.12,0.0,269.14,0.0,126.53,72.62,90.78
2026-05-24 18:45:00,9,179.14,281.88,37.29,0.0,259.29,0.0,121.9,71.59,90.65
2026-05-24 18:50:00,9,179.14,281.88,36.82,1.0,239.91,0.01,112.78,70.03,90.54
2026-05-24 18:55:00,9,179.14,281.88,35.92,0.0,266.15,0.0,125.12,72.3,90.41
2026-05-24 19:00:00,9,179.14,281.88,36.15,1.0,249.68,0.01,117.38,70.98,90.29
2026-05-24 19:05:00,9,179.14,281.88,36.44,0.0,281.58,0.0,132.38,73.98,90.16
2026-05-24 19:10:00,9,179.14,281.88,35.48,1.0,259.51,0.0,122.0,71.96,90.04
2026-05-24 19:15:00,9,179.14,281.88,36.34,2.0,309.14,0.01,145.33,77.94,89.91
2026-05-24 19:20:00,9,179.14,281.88,35.84,0.0,218.93,0.0,102.92,67.74,89.79
2026-05-24 19:25:00,9,179.14,281.88,35.47,0.0,238.76,0.0,112.24,69.55,89.67
2026-05-24 19:30:00,9,179.14,281.88,34.86,0.0,265.0,0.0,124.58,72.18,89.55
2026-05-24 19:35:00,9,179.14,281.88,34.7,0.0,235.26,0.0,110.6,69.22,89.43
2026-05-24 19:40:00,9,179.14,281.88,35.37,1.0,245.7,0.01,115.51,70.59,89.31
2026-05-24 19:45:00,9,179.14,281.88,35.25,0.0,267.84,0.0,125.92,72.48,89.19
2026-05-24 19:50:00,9,179.14,281.88,34.95,1.0,263.44,0.0,123.85,72.36,89.06
2026-05-24 19:55:00,9,179.14,281.88,34.34,0.0,300.3,0.0,141.18,76.15,88.93
2026-05-24 20:00:00,9,179.14,281.88,34.22,1.0,286.2,0.0,134.55,74.85,88.81
2026-05-24 20:05:00,9,179.14,281.88,34.4,1.0,257.61,0.0,121.11,71.76,88.68
2026-05-24 20:10:00,9,179.14,281.88,33.43,1.0,243.38,0.01,114.41,70.36,88.56
2026-05-24 20:15:00,9,179.14,281.88,34.02,0.0,248.88,0.0,117.0,70.53,88.44
2026-05-24 20:20:00,9,179.14,281.88,34.33,1.0,218.24,0.01,102.6,68.05,88.33
2026-05-24 20:25:00,9,179.14,281.88,33.89,1.0,295.02,0.0,138.69,75.87,88.2
2026-05-24 20:30:00,9,179.14,281.88,33.98,0.0,269.09,0.0,126.5,72.61,88.07
2026-05-24 20:35:00,9,179.14,281.88,33.26,0.0,275.42,0.0,129.48,73.29,87.95
2026-05-24 20:40:00,9,179.14,281.88,33.44,0.0,229.75,0.0,108.01,68.71,87.83
2026-05-24 20:45:00,9,179.14,281.88,33.01,0.0,289.08,0.0,135.9,74.83,87.7
2026-05-24 20:50:00,9,179.14,281.88,33.7,1.0,251.07,0.01,118.03,71.11,87.58
2026-05-24 20:55:00,9,179.14,281.88,33.1,1.0,244.77,0.01,115.07,70.49,87.46
2026-05-24 21:00:00,9,179.14,281.88,32.48,0.0,277.89,0.0,130.64,73.56,87.33
2026-05-24 21:05:00,9,179.14,281.88,33.21,1.0,226.91,0.01,106.68,68.82,87.22
2026-05-24 21:10:00,9,179.14,281.88,33.18,2.0,258.02,0.01,121.3,72.17,87.09
2026-05-24 21:15:00,9,179.14,281.88,33.2,0.0,265.98,0.0,125.04,72.28,86.97
2026-05-24 21:20:00,9,179.14,281.88,33.1,0.0,249.84,0.0,117.46,70.62,86.85
2026-05-24 21:25:00,9,179.14,281.88,32.31,0.0,235.08,0.0,110.52,69.2,86.73
2026-05-24 21:30:00,9,179.14,281.88,32.42,1.0,280.42,0.0,131.83,74.2,86.6
2026-05-24 21:35:00,9,179.14,281.88,32.65,1.0,234.85,0.01,110.4,69.54,86.48
2026-05-24 21:40:00,9,179.14,281.88,32.68,1.0,256.08,0.0,120.39,71.6,86.36
2026-05-24 21:45:00,9,179.14,281.88,32.04,0.0,276.99,0.0,130.22,73.47,86.24
2026-05-24 21:50:00,9,179.14,281.88,32.5,2.0,277.71,0.01,130.56,74.27,86.11
2026-05-24 21:55:00,9,179.14,281.88,30.96,2.0,297.43,0.01,139.83,76.52,85.98
2026-05-24 22:00:00,9,179.14,281.88,31.73,1.0,250.35,0.01,117.69,71.04,85.86
2026-05-24 22:05:00,9,179.14,281.88,32.03,0.0,252.43,0.0,118.67,70.88,85.74
2026-05-24 22:10:00,9,179.14,281.88,31.41,0.0,290.99,0.0,136.8,75.05,85.61
2026-05-24 22:15:00,9,179.14,281.88,31.67,0.0,277.39,0.0,130.41,73.51,85.48
2026-05-24 22:20:00,9,179.14,281.88,32.12,0.0,267.67,0.0,125.83,72.45,85.36
2026-05-24 22:25:00,9,179.14,281.88,32.21,1.0,272.96,0.0,128.32,73.37,85.23
2026-05-24 22:30:00,9,179.14,281.88,31.95,3.0,278.14,0.01,130.76,74.66,85.11
2026-05-24 22:35:00,9,179.14,281.88,31.01,2.0,200.55,0.02,94.28,66.94,84.99
2026-05-24 22:40:00,9,179.14,281.88,32.62,1.0,262.21,0.0,123.27,72.23,84.87
2026-05-24 22:45:00,9,179.14,281.88,30.81,1.0,238.61,0.01,112.17,69.9,84.75
2026-05-24 22:50:00,9,179.14,281.88,31.18,1.0,269.09,0.0,126.51,72.96,84.62
2026-05-24 22:55:00,9,179.14,281.88,31.51,4.0,217.17,0.03,102.09,69.04,84.51
2026-05-24 23:00:00,9,179.14,281.88,30.74,1.0,310.76,0.0,146.09,77.76,84.37
2026-05-24 23:05:00,9,179.14,281.88,30.5,2.0,221.24,0.01,104.01,68.66,84.26
2026-05-24 23:10:00,9,179.14,281.88,31.5,0.0,303.29,0.0,142.58,76.5,84.12
2026-05-24 23:15:00,9,179.14,281.88,31.01,1.0,209.95,0.01,98.7,67.34,84.01
2026-05-24 23:20:00,9,179.14,281.88,31.43,0.0,278.55,0.0,130.95,73.64,83.88
2026-05-24 23:25:00,9,179.14,281.88,31.97,1.0,281.21,0.0,132.2,74.28,83.76
2026-05-24 23:30:00,9,179.14,281.88,30.87,3.0,227.57,0.02,106.98,69.59,83.64
2026-05-24 23:35:00,9,179.14,281.88,31.98,2.0,251.97,0.01,118.46,71.55,83.52
2026-05-24 23:40:00,9,179.14,281.88,30.34,2.0,235.72,0.01,110.82,69.97,83.4
2026-05-24 23:45:00,9,179.14,281.88,30.96,1.0,270.32,0.0,127.08,73.09,83.27
2026-05-24 23:50:00,9,179.14,281.88,31.17,4.0,258.88,0.02,121.7,72.97,83.15
2026-05-24 23:55:00,9,179.14,281.88,30.88,2.0,273.98,0.01,128.8,73.85,83.02
2026-05-25 00:00:00,9,179.14,281.88,30.96,2.0,272.85,0.01,128.27,73.73,82.89
2026-05-25 00:05:00,9,179.14,281.88,30.54,2.0,240.33,0.01,112.98,70.41,82.77
2026-05-25 00:10:00,9,179.14,281.88,31.18,2.0,263.33,0.01,123.8,72.72,82.65
2026-05-25 00:15:00,9,179.14,281.88,31.29,0.0,232.14,0.0,109.13,68.92,82.53
2026-05-25 00:20:00,9,179.14,281.88,31.1,2.0,271.44,0.01,127.61,73.58,82.41
2026-05-25 00:25:00,9,179.14,281.88,30.67,2.0,230.12,0.01,108.18,69.45,82.29
2026-05-25 00:30:00,9,179.14,281.88,31.45,1.0,245.09,0.01,115.22,70.52,82.17
2026-05-25 00:35:00,9,179.14,281.88,31.92,1.0,258.13,0.0,121.35,71.81,82.04
2026-05-25 00:40:00,9,179.14,281.88,31.84,1.0,262.84,0.0,123.56,72.29,81.92
2026-05-25 00:45:00,9,179.14,281.88,29.78,4.0,254.89,0.02,119.83,72.56,81.8
2026-05-25 00:50:00,9,179.14,281.88,30.46,4.0,300.59,0.01,141.31,77.59,81.66
2026-05-25 00:55:00,9,179.14,281.88,30.33,1.0,256.36,0.0,120.52,71.62,81.54
2026-05-25 01:00:00,9,179.14,281.88,31.64,2.0,241.7,0.01,113.63,70.54,81.42
2026-05-25 01:05:00,9,179.14,281.88,30.74,0.0,264.27,0.0,124.24,72.09,81.3
2026-05-25 01:10:00,9,179.14,281.88,31.55,2.0,289.79,0.01,136.24,75.63,81.17
2026-05-25 01:15:00,9,179.14,281.88,31.46,3.0,286.91,0.01,134.88,75.65,81.04
2026-05-25 01:20:00,9,179.14,281.88,31.55,1.0,252.08,0.01,118.51,71.21,80.92
2026-05-25 01:25:00,9,179.14,281.88,31.73,2.0,267.85,0.01,125.92,73.19,80.79
2026-05-25 01:30:00,9,179.14,281.88,32.16,0.0,252.95,0.0,118.92,70.93,80.67
2026-05-25 01:35:00,9,179.14,281.88,31.71,1.0,240.8,0.01,113.2,70.11,80.55
2026-05-25 01:40:00,9,179.14,281.88,32.59,2.0,277.16,0.01,130.3,74.2,80.42
2026-05-25 01:45:00,9,179.14,281.88,31.66,0.0,270.91,0.0,127.36,72.8,80.3
2026-05-25 01:50:00,9,179.14,281.88,31.62,2.0,255.22,0.01,119.98,71.88,80.18
2026-05-25 01:55:00,9,179.14,281.88,31.99,3.0,307.27,0.01,144.45,78.05,80.04
2026-05-25 02:00:00,9,179.14,281.88,31.66,0.0,281.78,0.0,132.47,74.0,79.92
2026-05-25 02:05:00,9,179.14,281.88,32.6,0.0,256.28,0.0,120.48,71.27,79.8
2026-05-25 02:10:00,9,179.14,281.88,30.98,2.0,259.87,0.01,122.17,72.35,79.67
2026-05-25 02:15:00,9,179.14,281.88,32.33,1.0,283.9,0.0,133.47,74.59,79.54
2026-05-25 02:20:00,9,179.14,281.88,32.53,2.0,260.94,0.01,122.67,72.47,79.42
2026-05-25 02:25:00,9,179.14,281.88,32.27,3.0,263.73,0.01,123.98,73.11,79.3
2026-05-25 02:30:00,9,179.14,281.88,32.36,5.0,227.69,0.03,107.04,70.33,79.17
2026-05-25 02:35:00,9,179.14,281.88,32.58,2.0,269.86,0.01,126.86,73.41,79.05
2026-05-25 02:40:00,9,179.14,281.88,32.52,1.0,291.27,0.0,136.93,75.43,78.92
2026-05-25 02:45:00,9,179.14,281.88,32.59,3.0,267.23,0.01,125.63,73.48,78.79
2026-05-25 02:50:00,9,179.14,281.88,32.78,0.0,253.77,0.0,119.3,71.01,78.67
2026-05-25 02:55:00,9,179.14,281.88,32.36,2.0,255.28,0.01,120.01,71.89,78.55
2026-05-25 03:00:00,9,179.14,281.88,33.0,2.0,274.68,0.01,129.13,73.93,78.42
2026-05-25 03:05:00,9,179.14,281.88,33.84,1.0,217.37,0.01,102.19,67.98,78.31
2026-05-25 03:10:00,9,179.14,281.88,33.99,3.0,226.45,0.02,106.46,69.5,78.19
2026-05-25 03:15:00,9,179.14,281.88,33.26,1.0,232.27,0.01,109.19,69.31,78.07
2026-05-25 03:20:00,9,179.14,281.88,33.51,1.0,255.76,0.0,120.23,71.57,77.95
2026-05-25 03:25:00,9,179.14,281.88,32.63,0.0,214.41,0.0,100.8,67.35,77.83
2026-05-25 03:30:00,9,179.14,281.88,33.96,1.0,222.71,0.01,104.7,68.44,77.72
2026-05-25 03:35:00,9,179.14,281.88,33.71,1.0,302.6,0.0,142.26,76.77,77.59
2026-05-25 03:40:00,9,179.14,281.88,33.96,0.0,273.14,0.0,128.41,73.05,77.46
2026-05-25 03:45:00,9,179.14,281.88,33.61,1.0,253.42,0.0,119.14,71.33,77.34
2026-05-25 03:50:00,9,179.14,281.88,34.94,0.0,277.88,0.0,130.64,73.57,77.21
2026-05-25 03:55:00,9,179.14,281.88,34.39,1.0,262.6,0.0,123.45,72.27,77.09
2026-05-25 04:00:00,9,179.14,281.88,34.91,4.0,255.74,0.02,120.23,72.66,76.97
2026-05-25 04:05:00,9,179.14,281.88,34.83,0.0,236.57,0.0,111.22,69.34,76.85
2026-05-25 04:10:00,9,179.14,281.88,34.87,0.0,234.56,0.0,110.27,69.15,76.73
2026-05-25 04:15:00,9,179.14,281.88,34.18,0.0,274.64,0.0,129.11,73.21,76.6
2026-05-25 04:20:00,9,179.14,281.88,34.35,3.0,236.26,0.02,111.07,70.4,76.48
2026-05-25 04:25:00,9,179.14,281.88,35.37,2.0,244.28,0.01,114.84,70.8,76.36
2026-05-25 04:30:00,9,179.14,281.88,34.35,0.0,230.05,0.0,108.15,68.73,76.24
2026-05-25 04:35:00,9,179.14,281.88,35.57,3.0,292.03,0.01,137.29,76.24,76.11
2026-05-25 04:40:00,9,179.14,281.88,35.01,2.0,226.54,0.01,106.5,69.14,76.0
2026-05-25 04:45:00,9,179.14,281.88,36.49,0.0,266.73,0.0,125.4,72.36,75.87
2026-05-25 04:50:00,9,179.14,281.88,36.57,2.0,261.51,0.01,122.94,72.53,75.75
2026-05-25 04:55:00,9,179.14,281.88,36.01,1.0,239.03,0.01,112.37,69.94,75.63
2026-05-25 05:00:00,9,179.14,281.88,36.71,0.0,259.81,0.0,122.14,71.64,75.51
2026-05-25 05:05:00,9,179.14,281.88,36.72,0.0,234.52,0.0,110.25,69.15,75.39
2026-05-25 05:10:00,9,179.14,281.88,36.62,3.0,304.12,0.01,142.97,77.68,75.26
2026-05-25 05:15:00,9,179.14,281.88,37.88,2.0,291.48,0.01,137.03,75.83,75.13
2026-05-25 05:20:00,9,179.14,281.88,37.0,0.0,248.21,0.0,116.69,70.47,75.01
2026-05-25 05:25:00,9,179.14,281.88,37.15,0.0,263.82,0.0,124.03,72.06,74.88
2026-05-25 05:30:00,9,179.14,281.88,36.65,1.0,275.7,0.0,129.61,73.68,74.76
2026-05-25 05:35:00,9,179.14,281.88,36.86,2.0,230.31,0.01,108.27,69.48,74.64
2026-05-25 05:40:00,9,179.14,281.88,37.17,1.0,273.47,0.0,128.57,73.44,74.51
2026-05-25 05:45:00,9,179.14,281.88,36.21,0.0,258.27,0.0,121.42,71.48,74.39
2026-05-25 05:50:00,9,179.14,281.88,37.94,1.0,257.02,0.0,120.83,71.7,74.27
2026-05-25 05:55:00,9,179.14,281.88,37.94,2.0,240.13,0.01,112.89,70.4,74.15
2026-05-25 06:00:00,9,179.14,281.88,38.21,0.0,251.43,0.0,118.2,70.79,74.03
2026-05-25 06:05:00,9,179.14,281.88,38.91,0.0,282.26,0.0,132.69,74.06,73.9
2026-05-25 06:10:00,9,179.14,281.88,38.7,1.0,292.29,0.0,137.41,75.56,73.77
2026-05-25 06:15:00,9,179.14,281.88,38.27,1.0,290.71,0.0,136.67,75.38,73.64
2026-05-25 06:20:00,9,179.14,281.88,38.23,2.0,300.66,0.01,141.35,76.92,73.51
2026-05-25 06:25:00,9,179.14,281.88,38.87,1.0,242.61,0.01,114.05,70.29,73.39
2026-05-25 06:30:00,9,179.14,281.88,38.67,2.0,206.04,0.01,96.86,67.38,73.27
2026-05-25 06:35:00,9,179.14,281.88,38.62,1.0,242.02,0.01,113.78,70.24,73.15
2026-05-25 06:40:00,9,179.14,281.88,38.83,1.0,238.12,0.01,111.94,69.86,73.04
2026-05-25 06:45:00,9,179.14,281.88,39.4,0.0,264.4,0.0,124.3,72.12,72.91
2026-05-25 06:50:00,9,179.14,281.88,38.71,0.0,192.9,0.0,90.69,65.62,72.8
2026-05-25 06:55:00,9,179.14,281.88,39.05,1.0,257.76,0.0,121.18,71.78,72.68
2026-05-25 07:00:00,9,179.14,281.88,39.23,0.0,293.78,0.0,138.11,75.38,72.55
2026-05-25 07:05:00,9,179.14,281.88,39.25,0.0,257.1,0.0,120.87,71.37,72.43
2026-05-25 07:10:00,9,179.14,281.88,40.23,0.0,237.98,0.0,111.88,69.48,72.31
2026-05-25 07:15:00,9,179.14,281.88,39.24,0.0,285.15,0.0,134.05,74.39,72.18
2026-05-25 07:20:00,9,179.14,281.88,40.76,0.0,227.99,0.0,107.18,68.56,72.06
2026-05-25 07:25:00,9,179.14,281.88,40.82,1.0,256.16,0.0,120.42,71.62,71.94
2026-05-25 07:30:00,9,179.14,281.88,40.07,0.0,195.75,0.0,92.03,65.84,71.83
2026-05-25 07:35:00,9,179.14,281.88,41.3,1.0,264.23,0.0,124.22,72.46,71.7
2026-05-25 07:40:00,9,179.14,281.88,40.79,0.0,261.29,0.0,122.84,71.8,71.58
2026-05-25 07:45:00,9,179.14,281.88,40.89,1.0,237.4,0.01,111.61,69.8,71.46
2026-05-25 07:50:00,9,179.14,281.88,40.62,0.0,240.17,0.0,112.91,69.69,71.34
2026-05-25 07:55:00,9,179.14,281.88,40.79,0.0,265.62,0.0,124.87,72.25,71.22
2026-05-25 08:00:00,9,179.14,281.88,41.73,2.0,321.37,0.01,151.08,79.48,71.08
2026-05-25 08:05:00,9,179.14,281.88,42.1,0.0,261.5,0.0,122.93,71.82,70.96
2026-05-25 08:10:00,9,179.14,281.88,41.81,0.0,256.78,0.0,120.72,71.34,70.84
2026-05-25 08:15:00,9,179.14,281.88,42.38,0.0,222.89,0.0,104.78,68.1,70.72
2026-05-25 08:20:00,9,179.14,281.88,41.41,1.0,235.51,0.01,110.72,69.62,70.6
2026-05-25 08:25:00,9,179.14,281.88,42.88,1.0,262.28,0.0,123.3,72.26,70.48
2026-05-25 08:30:00,9,179.14,281.88,42.55,0.0,251.23,0.0,118.11,70.78,70.36
2026-05-25 08:35:00,9,179.14,281.88,43.42,0.0,292.58,0.0,137.55,75.25,70.23
2026-05-25 08:40:00,9,179.14,281.88,41.78,0.0,240.54,0.0,113.08,69.73,70.11
2026-05-25 08:45:00,9,179.14,281.88,43.68,0.0,262.92,0.0,123.61,71.98,69.99
2026-05-25 08:50:00,9,179.14,281.88,41.56,0.0,209.38,0.0,98.43,66.94,69.87
2026-05-25 08:55:00,9,179.14,281.88,42.65,0.0,247.25,0.0,116.24,70.38,69.75
2026-05-25 09:00:00,9,179.14,281.88,42.41,1.0,222.86,0.01,104.77,68.47,69.64
2026-05-25 09:05:00,9,179.14,281.88,42.59,0.0,216.52,0.0,101.79,67.55,69.52
2026-05-25 09:10:00,9,179.14,281.88,42.92,1.0,268.97,0.0,126.45,72.97,69.4
2026-05-25 09:15:00,9,179.14,281.88,42.88,0.0,268.58,0.0,126.27,72.57,69.27
2026-05-25 09:20:00,9,179.14,281.88,43.49,0.0,249.48,0.0,117.28,70.6,69.15
2026-05-25 09:25:00,9,179.14,281.88,44.43,2.0,259.45,0.01,121.97,72.34,69.03
2026-05-25 09:30:00,9,179.14,281.88,43.96,0.0,265.52,0.0,124.82,72.25,68.91
2026-05-25 09:35:00,9,179.14,281.88,43.72,3.0,245.98,0.02,115.64,71.35,68.78
2026-05-25 09:40:00,9,179.14,281.88,43.45,2.0,262.01,0.01,123.17,72.6,68.66
2026-05-25 09:45:00,9,179.14,281.88,43.96,0.0,278.98,0.0,131.15,73.71,68.53
2026-05-25 09:50:00,9,179.14,281.88,43.36,1.0,253.86,0.0,119.34,71.39,68.41
2026-05-25 09:55:00,9,179.14,281.88,43.37,1.0,233.45,0.01,109.75,69.44,68.29
2026-05-25 10:00:00,9,179.14,281.88,43.53,1.0,276.33,0.0,129.91,73.76,68.17
2026-05-25 10:05:00,9,179.14,281.88,44.92,0.0,197.22,0.0,92.72,65.97,68.05
2026-05-25 10:10:00,9,179.14,281.88,44.56,1.0,294.07,0.0,138.25,75.78,67.92
2026-05-25 10:15:00,9,179.14,281.88,43.61,2.0,248.4,0.01,116.78,71.22,67.8
2026-05-25 10:20:00,9,179.14,281.88,44.65,1.0,268.08,0.0,126.03,72.87,67.68
2026-05-25 10:25:00,9,179.14,281.88,44.25,3.0,240.44,0.02,113.04,70.82,67.56
2026-05-25 10:30:00,9,179.14,281.88,45.36,1.0,244.25,0.01,114.82,70.47,67.44
2026-05-25 10:35:00,9,179.14,281.88,44.62,1.0,288.13,0.0,135.45,75.09,67.31
2026-05-25 10:40:00,9,179.14,281.88,44.53,0.0,259.94,0.0,122.2,71.67,67.19
2026-05-25 10:45:00,9,179.14,281.88,44.76,2.0,245.67,0.01,115.49,70.95,67.06
2026-05-25 10:50:00,9,179.14,281.88,44.91,1.0,270.03,0.0,126.95,73.08,66.94
2026-05-25 10:55:00,9,179.14,281.88,44.83,0.0,224.15,0.0,105.38,68.22,66.82
2026-05-25 11:00:00,9,179.14,281.88,44.95,1.0,247.35,0.01,116.29,70.77,66.7
2026-05-25 11:05:00,9,179.14,281.88,44.88,2.0,272.09,0.01,127.91,73.67,66.58
2026-05-25 11:10:00,9,179.14,281.88,44.97,2.0,240.37,0.01,113.0,70.44,66.46
2026-05-25 11:15:00,9,179.14,281.88,44.55,2.0,219.36,0.01,103.12,68.52,66.34
2026-05-25 11:20:00,9,179.14,281.88,44.78,1.0,232.63,0.01,109.36,69.36,66.22
2026-05-25 11:25:00,9,179.14,281.88,44.92,0.0,256.92,0.0,120.78,71.36,66.1
2026-05-25 11:30:00,9,179.14,281.88,45.67,1.0,278.02,0.0,130.7,73.96,65.97
2026-05-25 11:35:00,9,179.14,281.88,44.57,0.0,251.44,0.0,118.2,70.8,65.85
2026-05-25 11:40:00,9,179.14,281.88,45.04,1.0,273.78,0.0,128.71,73.49,65.72
2026-05-25 11:45:00,9,179.14,281.88,44.53,1.0,277.02,0.0,130.23,73.84,65.6
2026-05-25 11:50:00,9,179.14,281.88,44.4,2.0,299.07,0.01,140.6,76.74,65.47
2026-05-25 11:55:00,9,179.14,281.88,44.56,2.0,312.59,0.01,146.95,78.38,65.33
2026-05-25 12:00:00,9,179.14,281.88,45.34,1.0,252.85,0.0,118.87,71.3,65.21
2026-05-25 12:05:00,9,179.14,281.88,44.97,3.0,283.2,0.01,133.14,75.25,65.08
2026-05-25 12:10:00,9,179.14,281.88,44.73,2.0,250.94,0.01,117.97,71.47,64.96
2026-05-25 12:15:00,9,179.14,281.88,45.88,1.0,250.69,0.01,117.85,71.1,64.84
2026-05-25 12:20:00,9,179.14,281.88,45.15,1.0,248.09,0.01,116.63,70.84,64.72
2026-05-25 12:25:00,9,179.14,281.88,44.71,2.0,252.96,0.01,118.92,71.68,64.6
2026-05-25 12:30:00,9,179.14,281.88,44.64,1.0,266.28,0.0,125.18,72.68,64.47
2026-05-25 12:35:00,9,179.14,281.88,44.41,0.0,257.37,0.0,121.0,71.4,64.35
2026-05-25 12:40:00,9,179.14,281.88,45.53,1.0,246.36,0.01,115.82,70.67,64.23
2026-05-25 12:45:00,9,179.14,281.88,45.29,7.0,259.49,0.03,121.99,74.13,64.1
2026-05-25 12:50:00,9,179.14,281.88,45.11,0.0,246.67,0.0,115.96,70.33,63.98
2026-05-25 12:55:00,9,179.14,281.88,45.58,1.0,226.29,0.01,106.38,68.79,63.86
2026-05-25 13:00:00,9,179.14,281.88,45.27,1.0,252.73,0.0,118.81,71.28,63.74
2026-05-25 13:05:00,9,179.14,281.88,44.88,0.0,259.19,0.0,121.85,71.59,63.62
2026-05-25 13:10:00,9,179.14,281.88,45.09,3.0,258.02,0.01,121.3,72.54,63.5
2026-05-25 13:15:00,9,179.14,281.88,44.61,0.0,247.76,0.0,116.47,70.44,63.38
2026-05-25 13:20:00,9,179.14,281.88,45.25,2.0,228.03,0.01,107.2,69.29,63.26
2026-05-25 13:25:00,9,179.14,281.88,44.77,3.0,257.58,0.01,121.09,72.5,63.13
2026-05-25 13:30:00,9,179.14,281.88,44.29,2.0,287.22,0.01,135.03,75.36,63.0
2026-05-25 13:35:00,9,179.14,281.88,44.03,0.0,277.22,0.0,130.32,73.51,62.88
2026-05-25 13:40:00,9,179.14,281.88,45.07,3.0,253.44,0.01,119.15,72.08,62.76
2026-05-25 13:45:00,9,179.14,281.88,44.41,0.0,258.3,0.0,121.43,71.5,62.63
2026-05-25 13:50:00,9,179.14,281.88,43.33,2.0,262.36,0.01,123.34,72.64,62.51
2026-05-25 13:55:00,9,179.14,281.88,43.62,2.0,254.75,0.01,119.76,71.85,62.39
2026-05-25 14:00:00,9,179.14,281.88,43.95,0.0,259.42,0.0,121.96,71.61,62.26
2026-05-25 14:05:00,9,179.14,281.88,44.37,0.0,283.86,0.0,133.45,74.26,62.14
2026-05-25 14:10:00,9,179.14,281.88,43.2,2.0,252.18,0.01,118.55,71.59,62.02
2026-05-25 14:15:00,9,179.14,281.88,43.09,1.0,268.58,0.0,126.26,72.92,61.89
2026-05-25 14:20:00,9,179.14,281.88,43.32,0.0,273.51,0.0,128.58,73.1,61.77
2026-05-25 14:25:00,9,179.14,281.88,44.37,2.0,268.8,0.01,126.37,73.32,61.64
2026-05-25 14:30:00,9,179.14,281.88,42.52,1.0,235.02,0.01,110.49,69.58,61.52
2026-05-25 14:35:00,9,179.14,281.88,43.6,1.0,221.93,0.01,104.33,68.39,61.4
2026-05-25 14:40:00,9,179.14,281.88,43.79,4.0,263.04,0.02,123.66,73.43,61.28
2026-05-25 14:45:00,9,179.14,281.88,42.92,1.0,253.23,0.0,119.05,71.33,61.16
2026-05-25 14:50:00,9,179.14,281.88,43.6,3.0,255.34,0.01,120.04,72.26,61.03
2026-05-25 14:55:00,9,179.14,281.88,43.02,1.0,270.67,0.0,127.24,73.15,60.91
2026-05-25 15:00:00,9,179.14,281.88,42.95,4.0,234.46,0.02,110.22,70.6,60.79
2026-05-25 15:05:00,9,179.14,281.88,42.23,1.0,247.45,0.01,116.33,70.77,60.67
2026-05-25 15:10:00,9,179.14,281.88,42.69,1.0,211.8,0.01,99.57,67.52,60.55
2026-05-25 15:15:00,9,179.14,281.88,42.45,1.0,225.34,0.01,105.94,68.69,60.43
2026-05-25 15:20:00,9,179.14,281.88,41.59,1.0,201.61,0.01,94.78,66.68,60.32
2026-05-25 15:25:00,9,179.14,281.88,42.14,1.0,260.56,0.0,122.49,72.08,60.2
2026-05-25 15:30:00,9,179.14,281.88,42.28,1.0,214.0,0.01,100.61,67.7,60.08
2026-05-25 15:35:00,9,179.14,281.88,41.46,2.0,244.24,0.01,114.82,70.81,59.96
2026-05-25 15:40:00,9,179.14,281.88,42.45,0.0,226.93,0.0,106.68,68.47,59.84
2026-05-25 15:45:00,9,179.14,281.88,41.7,1.0,250.3,0.01,117.67,71.05,59.72
2026-05-25 15:50:00,9,179.14,281.88,41.52,0.0,252.5,0.0,118.7,70.9,59.6
2026-05-25 15:55:00,9,179.14,281.88,40.83,0.0,250.56,0.0,117.79,70.71,59.48
2026-05-25 16:00:00,9,179.14,281.88,42.75,1.0,260.91,0.0,122.66,72.12,59.36
2026-05-25 16:05:00,9,179.14,281.88,42.33,2.0,254.01,0.01,119.41,71.78,59.23
2026-05-25 16:10:00,9,179.14,281.88,41.73,4.0,248.59,0.02,116.87,71.95,59.11
2026-05-25 16:15:00,9,179.14,281.88,41.23,2.0,222.23,0.01,104.48,68.77,58.99
2026-05-25 16:20:00,9,179.14,281.88,40.28,1.0,201.13,0.01,94.56,66.64,58.88
2026-05-25 16:25:00,9,179.14,281.88,40.27,2.0,197.3,0.02,92.75,66.7,58.77
2026-05-25 16:30:00,9,179.14,281.88,41.04,0.0,256.73,0.0,120.7,71.33,58.64
2026-05-25 16:35:00,9,179.14,281.88,40.76,1.0,291.81,0.0,137.18,75.51,58.51
2026-05-25 16:40:00,9,179.14,281.88,40.6,1.0,262.0,0.0,123.17,72.22,58.39
2026-05-25 16:45:00,9,179.14,281.88,40.72,0.0,228.04,0.0,107.21,68.56,58.27
2026-05-25 16:50:00,9,179.14,281.88,40.48,0.0,236.55,0.0,111.21,69.35,58.16
2026-05-25 16:55:00,9,179.14,281.88,39.65,1.0,242.33,0.01,113.92,70.27,58.04
2026-05-25 17:00:00,9,179.14,281.88,39.87,1.0,217.56,0.01,102.28,68.0,57.92
2026-05-25 17:05:00,9,179.14,281.88,39.78,3.0,290.16,0.01,136.41,76.03,57.79
2026-05-25 17:10:00,9,179.14,281.88,39.24,1.0,280.32,0.0,131.78,74.2,57.66
2026-05-25 17:15:00,9,179.14,281.88,39.97,1.0,286.74,0.0,134.8,74.92,57.53
2026-05-25 17:20:00,9,179.14,281.88,39.58,0.0,259.77,0.0,122.12,71.64,57.41
2026-05-25 17:25:00,9,179.14,281.88,38.97,1.0,254.55,0.0,119.67,71.46,57.29
2026-05-25 17:30:00,9,179.14,281.88,38.41,4.0,234.99,0.02,110.47,70.64,57.17
2026-05-25 17:35:00,9,179.14,281.88,39.12,0.0,281.61,0.0,132.39,73.99,57.04
2026-05-25 17:40:00,9,179.14,281.88,38.77,1.0,208.74,0.01,98.13,67.25,56.93
2026-05-25 17:45:00,9,179.14,281.88,38.3,0.0,226.22,0.0,106.35,68.39,56.81
2026-05-25 17:50:00,9,179.14,281.88,37.84,0.0,283.67,0.0,133.36,74.22,56.68
2026-05-25 17:55:00,9,179.14,281.88,38.84,1.0,251.29,0.01,118.14,71.15,56.56
2026-05-25 18:00:00,9,179.14,281.88,37.98,0.0,267.67,0.0,125.84,72.47,56.44
2026-05-25 18:05:00,9,179.14,281.88,38.0,2.0,219.98,0.01,103.42,68.56,56.32
2026-05-25 18:10:00,9,179.14,281.88,37.49,0.0,247.71,0.0,116.45,70.42,56.2
2026-05-25 18:15:00,9,179.14,281.88,37.27,1.0,236.47,0.01,111.17,69.71,56.08
2026-05-25 18:20:00,9,179.14,281.88,36.76,0.0,274.6,0.0,129.09,73.21,55.96
2026-05-25 18:25:00,9,179.14,281.88,36.95,0.0,262.37,0.0,123.34,71.9,55.83
2026-05-25 18:30:00,9,179.14,281.88,37.64,0.0,267.78,0.0,125.89,72.48,55.71
2026-05-25 18:35:00,9,179.14,281.88,37.56,0.0,252.3,0.0,118.61,70.88,55.59
2026-05-25 18:40:00,9,179.14,281.88,36.64,2.0,272.04,0.01,127.89,73.65,55.46
2026-05-25 18:45:00,9,179.14,281.88,35.98,1.0,231.75,0.01,108.95,69.26,55.34
2026-05-25 18:50:00,9,179.14,281.88,37.01,0.0,235.28,0.0,110.61,69.22,55.23
2026-05-25 18:55:00,9,179.14,281.88,35.63,1.0,256.04,0.0,120.37,71.6,55.1
2026-05-25 19:00:00,9,179.14,281.88,36.49,1.0,273.23,0.0,128.45,73.41,54.98
2026-05-25 19:05:00,9,179.14,281.88,35.57,0.0,231.61,0.0,108.88,68.88,54.86
2026-05-25 19:10:00,9,179.14,281.88,35.76,0.0,248.17,0.0,116.67,70.46,54.74
2026-05-25 19:15:00,9,179.14,281.88,35.26,0.0,275.22,0.0,129.39,73.28,54.61
2026-05-25 19:20:00,9,179.14,281.88,34.31,0.0,231.3,0.0,108.74,68.85,54.5
2026-05-25 19:25:00,9,179.14,281.88,35.08,0.0,206.42,0.0,97.04,66.68,54.38
2026-05-25 19:30:00,9,179.14,281.88,35.75,0.0,259.67,0.0,122.08,71.62,54.26
2026-05-25 19:35:00,9,179.14,281.88,35.26,0.0,234.4,0.0,110.19,69.14,54.14
2026-05-25 19:40:00,9,179.14,281.88,35.54,0.0,269.92,0.0,126.89,72.7,54.02
2026-05-25 19:45:00,9,179.14,281.88,35.91,0.0,236.25,0.0,111.07,69.31,53.9
2026-05-25 19:50:00,9,179.14,281.88,34.76,2.0,321.26,0.01,151.03,79.46,53.76
2026-05-25 19:55:00,9,179.14,281.88,34.91,1.0,281.4,0.0,132.29,74.31,53.64
2026-05-25 20:00:00,9,179.14,281.88,34.03,0.0,252.49,0.0,118.7,70.89,53.52
2026-05-25 20:05:00,9,179.14,281.88,33.94,1.0,228.17,0.01,107.27,68.93,53.4
2026-05-25 20:10:00,9,179.14,281.88,34.5,0.0,260.55,0.0,122.49,71.71,53.28
2026-05-25 20:15:00,9,179.14,281.88,34.03,0.0,269.53,0.0,126.71,72.66,53.15
2026-05-25 20:20:00,9,179.14,281.88,34.7,0.0,213.76,0.0,100.49,67.3,53.04
2026-05-25 20:25:00,9,179.14,281.88,33.84,0.0,272.9,0.0,128.3,73.02,52.91
2026-05-25 20:30:00,9,179.14,281.88,34.05,1.0,283.8,0.0,133.42,74.58,52.78
2026-05-25 20:35:00,9,179.14,281.88,33.72,0.0,257.02,0.0,120.83,71.35,52.66
2026-05-25 20:40:00,9,179.14,281.88,33.81,0.0,296.95,0.0,139.6,75.75,52.53
2026-05-25 20:45:00,9,179.14,281.88,33.67,0.0,236.96,0.0,111.4,69.38,52.41
2026-05-25 20:50:00,9,179.14,281.88,32.95,1.0,267.6,0.0,125.8,72.8,52.29
2026-05-25 20:55:00,9,179.14,281.88,33.35,0.0,268.76,0.0,126.35,72.57,52.17
2026-05-25 21:00:00,9,179.14,281.88,32.12,0.0,277.4,0.0,130.41,73.51,52.04
2026-05-25 21:05:00,9,179.14,281.88,32.35,0.0,247.09,0.0,116.16,70.35,51.92
2026-05-25 21:10:00,9,179.14,281.88,32.47,1.0,258.79,0.0,121.66,71.88,51.8
2026-05-25 21:15:00,9,179.14,281.88,32.77,0.0,285.73,0.0,134.33,74.44,51.67
2026-05-25 21:20:00,9,179.14,281.88,32.55,0.0,223.07,0.0,104.87,68.1,51.55
2026-05-25 21:25:00,9,179.14,281.88,31.93,1.0,259.39,0.0,121.94,71.94,51.43
2026-05-25 21:30:00,9,179.14,281.88,32.82,1.0,245.94,0.01,115.62,70.61,51.31
2026-05-25 21:35:00,9,179.14,281.88,32.5,3.0,292.28,0.01,137.41,76.27,51.18
2026-05-25 21:40:00,9,179.14,281.88,31.31,1.0,254.08,0.0,119.45,71.39,51.06
2026-05-25 21:45:00,9,179.14,281.88,32.86,5.0,238.84,0.03,112.28,71.36,50.94
2026-05-25 21:50:00,9,179.14,281.88,32.72,1.0,289.11,0.0,135.91,75.18,50.81
2026-05-25 21:55:00,9,179.14,281.88,32.05,0.0,280.73,0.0,131.98,73.88,50.68
2026-05-25 22:00:00,9,179.14,281.88,32.53,1.0,237.33,0.01,111.57,69.78,50.56
2026-05-25 22:05:00,9,179.14,281.88,31.82,1.0,271.83,0.0,127.79,73.25,50.44
2026-05-25 22:10:00,9,179.14,281.88,32.56,0.0,264.62,0.0,124.4,72.13,50.31
2026-05-25 22:15:00,9,179.14,281.88,31.91,2.0,262.29,0.01,123.31,72.61,50.19
2026-05-25 22:20:00,9,179.14,281.88,31.26,1.0,286.96,0.0,134.91,74.93,50.06
2026-05-25 22:25:00,9,179.14,281.88,30.96,2.0,249.05,0.01,117.08,71.26,49.94
2026-05-25 22:30:00,9,179.14,281.88,32.09,1.0,260.31,0.0,122.37,72.03,49.82
2026-05-25 22:35:00,9,179.14,281.88,31.39,5.0,254.86,0.02,119.81,72.91,49.69
2026-05-25 22:40:00,9,179.14,281.88,30.87,0.0,191.22,0.0,89.9,65.48,49.58
2026-05-25 22:45:00,9,179.14,281.88,30.69,1.0,277.95,0.0,130.67,73.92,49.45
2026-05-25 22:50:00,9,179.14,281.88,31.97,0.0,216.73,0.0,101.89,67.55,49.34
2026-05-25 22:55:00,9,179.14,281.88,31.34,0.0,231.95,0.0,109.04,68.9,49.22
2026-05-25 23:00:00,9,179.14,281.88,31.66,1.0,266.42,0.0,125.25,72.67,49.1
2026-05-25 23:05:00,9,179.14,281.88,31.03,1.0,246.4,0.01,115.84,70.65,48.97
2026-05-25 23:10:00,9,179.14,281.88,31.15,0.0,277.89,0.0,130.64,73.56,48.85
2026-05-25 23:15:00,9,179.14,281.88,30.99,1.0,253.42,0.0,119.14,71.33,48.73
2026-05-25 23:20:00,9,179.14,281.88,31.01,3.0,295.02,0.01,138.69,76.58,48.6
2026-05-25 23:25:00,9,179.14,281.88,30.83,1.0,272.53,0.0,128.12,73.32,48.47
2026-05-25 23:30:00,9,179.14,281.88,31.05,3.0,246.5,0.02,115.88,71.38,48.35
2026-05-25 23:35:00,9,179.14,281.88,31.2,0.0,253.93,0.0,119.38,71.03,48.23
2026-05-25 23:40:00,9,179.14,281.88,30.25,1.0,244.46,0.01,114.92,70.46,48.11
2026-05-25 23:45:00,9,179.14,281.88,30.15,1.0,260.5,0.0,122.46,72.05,47.98
2026-05-25 23:50:00,9,179.14,281.88,30.86,4.0,219.62,0.03,103.25,69.26,47.87
2026-05-25 23:55:00,9,179.14,281.88,30.19,0.0,262.53,0.0,123.42,71.91,47.74
2026-05-26 00:00:00,9,179.14,281.88,31.7,1.0,282.63,0.0,132.87,74.44,47.62
2026-05-26 00:05:00,9,179.14,281.88,30.7,0.0,250.15,0.0,117.6,70.65,47.49
2026-05-26 00:10:00,9,179.14,281.88,31.5,0.0,289.22,0.0,135.97,74.84,47.37
2026-05-26 00:15:00,9,179.14,281.88,31.33,2.0,246.3,0.01,115.79,70.99,47.25
2026-05-26 00:20:00,9,179.14,281.88,30.82,2.0,238.15,0.01,111.96,70.2,47.13
2026-05-26 00:25:00,9,179.14,281.88,31.0,2.0,284.3,0.01,133.66,75.0,47.0
2026-05-26 00:30:00,9,179.14,281.88,30.71,2.0,220.97,0.01,103.88,68.63,46.88
2026-05-26 00:35:00,9,179.14,281.88,30.33,0.0,244.8,0.0,115.08,70.12,46.76
2026-05-26 00:40:00,9,179.14,281.88,30.88,3.0,229.52,0.02,107.9,69.77,46.64
2026-05-26 00:45:00,9,179.14,281.88,31.25,2.0,212.26,0.01,99.79,67.88,46.52
2026-05-26 00:50:00,9,179.14,281.88,30.91,0.0,290.92,0.0,136.77,75.04,46.4
2026-05-26 00:55:00,9,179.14,281.88,31.41,4.0,308.81,0.01,145.18,78.59,46.26
2026-05-26 01:00:00,9,179.14,281.88,31.29,6.0,296.68,0.02,139.48,77.85,46.13
2026-05-26 01:05:00,9,179.14,281.88,31.53,5.0,301.12,0.02,141.56,78.03,46.0
2026-05-26 01:10:00,9,179.14,281.88,31.65,2.0,267.55,0.01,125.78,73.16,45.87
2026-05-26 01:15:00,9,179.14,281.88,31.32,2.0,255.92,0.01,120.31,71.95,45.75
2026-05-26 01:20:00,9,179.14,281.88,32.33,2.0,273.05,0.01,128.37,73.76,45.62
2026-05-26 01:25:00,9,179.14,281.88,31.12,2.0,235.44,0.01,110.68,69.95,45.5
2026-05-26 01:30:00,9,179.14,281.88,31.15,0.0,297.88,0.0,140.04,75.85,45.37
2026-05-26 01:35:00,9,179.14,281.88,31.31,1.0,262.62,0.0,123.46,72.27,45.25
2026-05-26 01:40:00,9,179.14,281.88,31.1,2.0,248.18,0.01,116.67,71.17,45.13
2026-05-26 01:45:00,9,179.14,281.88,31.64,1.0,256.59,0.0,120.63,71.65,45.0
2026-05-26 01:50:00,9,179.14,281.88,32.66,1.0,201.77,0.01,94.86,66.67,44.89
2026-05-26 01:55:00,9,179.14,281.88,32.12,2.0,243.4,0.01,114.43,70.71,44.77
2026-05-26 02:00:00,9,179.14,281.88,31.75,0.0,252.26,0.0,118.59,70.86,44.65
2026-05-26 02:05:00,9,179.14,281.88,31.84,2.0,243.28,0.01,114.37,70.7,44.53
2026-05-26 02:10:00,9,179.14,281.88,31.55,0.0,269.03,0.0,126.47,72.6,44.4
2026-05-26 02:15:00,9,179.14,281.88,31.67,3.0,251.24,0.02,118.11,71.85,44.28
2026-05-26 02:20:00,9,179.14,281.88,32.61,5.0,252.37,0.02,118.64,72.66,44.16
2026-05-26 02:25:00,9,179.14,281.88,31.91,0.0,249.79,0.0,117.43,70.61,44.04
2026-05-26 02:30:00,9,179.14,281.88,32.33,1.0,239.55,0.01,112.62,69.99,43.92
2026-05-26 02:35:00,9,179.14,281.88,32.15,1.0,281.42,0.0,132.3,74.31,43.79
2026-05-26 02:40:00,9,179.14,281.88,32.94,2.0,240.56,0.01,113.09,70.44,43.67
2026-05-26 02:45:00,9,179.14,281.88,32.91,1.0,280.53,0.0,131.88,74.21,43.54
2026-05-26 02:50:00,9,179.14,281.88,32.36,2.0,288.28,0.01,135.52,75.45,43.41
2026-05-26 02:55:00,9,179.14,281.88,33.14,1.0,262.88,0.0,123.59,72.3,43.29
2026-05-26 03:00:00,9,179.14,281.88,33.21,1.0,248.31,0.01,116.74,70.84,43.17
2026-05-26 03:05:00,9,179.14,281.88,32.32,0.0,238.25,0.0,112.0,69.49,43.05
2026-05-26 03:10:00,9,179.14,281.88,33.26,3.0,214.78,0.02,100.97,68.47,42.93
2026-05-26 03:15:00,9,179.14,281.88,32.45,2.0,205.2,0.02,96.47,67.32,42.82
2026-05-26 03:20:00,9,179.14,281.88,33.76,2.0,238.49,0.01,112.12,70.24,42.7
2026-05-26 03:25:00,9,179.14,281.88,33.41,0.0,237.8,0.0,111.79,69.45,42.58
2026-05-26 03:30:00,9,179.14,281.88,33.41,0.0,221.78,0.0,104.26,67.99,42.46
2026-05-26 03:35:00,9,179.14,281.88,34.7,1.0,225.44,0.01,105.98,68.69,42.35
2026-05-26 03:40:00,9,179.14,281.88,34.09,2.0,269.99,0.01,126.93,73.43,42.22
2026-05-26 03:45:00,9,179.14,281.88,33.68,0.0,199.25,0.0,93.67,66.1,42.11
2026-05-26 03:50:00,9,179.14,281.88,33.89,4.0,277.12,0.02,130.28,74.92,41.98
2026-05-26 03:55:00,9,179.14,281.88,34.3,1.0,239.91,0.01,112.79,70.03,41.86
2026-05-26 04:00:00,9,179.14,281.88,33.91,1.0,241.86,0.01,113.7,70.21,41.74
2026-05-26 04:05:00,9,179.14,281.88,34.55,1.0,257.64,0.0,121.12,71.76,41.62
2026-05-26 04:10:00,9,179.14,281.88,34.41,1.0,269.39,0.0,126.65,72.99,41.49
2026-05-26 04:15:00,9,179.14,281.88,35.14,0.0,250.74,0.0,117.88,70.72,41.37
2026-05-26 04:20:00,9,179.14,281.88,34.69,3.0,227.09,0.02,106.76,69.56,41.25
2026-05-26 04:25:00,9,179.14,281.88,34.06,1.0,259.46,0.0,121.98,71.95,41.13
2026-05-26 04:30:00,9,179.14,281.88,34.78,1.0,201.97,0.01,94.95,66.69,41.02
2026-05-26 04:35:00,9,179.14,281.88,36.54,2.0,296.81,0.01,139.53,76.45,40.88
2026-05-26 04:40:00,9,179.14,281.88,36.06,0.0,249.24,0.0,117.17,70.57,40.76
2026-05-26 04:45:00,9,179.14,281.88,35.95,0.0,235.45,0.0,110.69,69.24,40.65
2026-05-26 04:50:00,9,179.14,281.88,35.54,0.0,244.15,0.0,114.78,70.07,40.53
2026-05-26 04:55:00,9,179.14,281.88,36.43,0.0,294.69,0.0,138.54,75.49,40.4
2026-05-26 05:00:00,9,179.14,281.88,36.09,0.0,194.93,0.0,91.64,65.77,40.28
2026-05-26 05:05:00,9,179.14,281.88,36.33,1.0,247.3,0.01,116.26,70.75,40.16
2026-05-26 05:10:00,9,179.14,281.88,36.36,2.0,282.88,0.01,132.98,74.85,40.04
2026-05-26 05:15:00,9,179.14,281.88,36.2,2.0,267.48,0.01,125.75,73.16,39.91
2026-05-26 05:20:00,9,179.14,281.88,36.28,2.0,261.63,0.01,123.0,72.55,39.79
2026-05-26 05:25:00,9,179.14,281.88,36.72,0.0,257.86,0.0,121.22,71.44,39.66
2026-05-26 05:30:00,9,179.14,281.88,36.23,1.0,242.29,0.01,113.91,70.26,39.54
2026-05-26 05:35:00,9,179.14,281.88,36.74,0.0,249.44,0.0,117.27,70.59,39.42
2026-05-26 05:40:00,9,179.14,281.88,37.69,4.0,276.28,0.02,129.88,74.84,39.3
2026-05-26 05:45:00,9,179.14,281.88,37.23,2.0,243.86,0.01,114.64,70.76,39.18
2026-05-26 05:50:00,9,179.14,281.88,37.87,2.0,260.87,0.01,122.64,72.47,39.05
2026-05-26 05:55:00,9,179.14,281.88,37.69,0.0,274.7,0.0,129.14,73.22,38.93
2026-05-26 06:00:00,9,179.14,281.88,39.12,0.0,315.07,0.0,148.12,77.96,38.79
2026-05-26 06:05:00,9,179.14,281.88,38.41,0.0,254.69,0.0,119.73,71.12,38.67
2026-05-26 06:10:00,9,179.14,281.88,38.09,2.0,211.6,0.01,99.48,67.84,38.56
2026-05-26 06:15:00,9,179.14,281.88,37.35,0.0,291.0,0.0,136.8,75.06,38.43
2026-05-26 06:20:00,9,179.14,281.88,38.84,1.0,271.85,0.0,127.8,73.27,38.3
2026-05-26 06:25:00,9,179.14,281.88,38.86,0.0,227.93,0.0,107.15,68.55,38.18
2026-05-26 06:30:00,9,179.14,281.88,39.25,0.0,279.4,0.0,131.35,73.74,38.06
2026-05-26 06:35:00,9,179.14,281.88,39.35,1.0,256.07,0.0,120.38,71.61,37.94
2026-05-26 06:40:00,9,179.14,281.88,38.82,0.0,267.62,0.0,125.81,72.46,37.81
2026-05-26 06:45:00,9,179.14,281.88,39.15,1.0,274.09,0.0,128.85,73.51,37.69
2026-05-26 06:50:00,9,179.14,281.88,39.0,1.0,256.4,0.0,120.54,71.64,37.56
2026-05-26 06:55:00,9,179.14,281.88,39.66,0.0,205.61,0.0,96.66,66.63,37.45
2026-05-26 07:00:00,9,179.14,281.88,39.84,0.0,237.34,0.0,111.58,69.42,37.33
2026-05-26 07:05:00,9,179.14,281.88,39.75,0.0,267.27,0.0,125.65,72.43,37.21
2026-05-26 07:10:00,9,179.14,281.88,39.18,0.0,267.82,0.0,125.91,72.48,37.08
2026-05-26 07:15:00,9,179.14,281.88,40.38,1.0,246.09,0.01,115.69,70.63,36.96
2026-05-26 07:20:00,9,179.14,281.88,41.12,0.0,278.33,0.0,130.85,73.63,36.84
2026-05-26 07:25:00,9,179.14,281.88,40.76,0.0,275.64,0.0,129.58,73.33,36.71
2026-05-26 07:30:00,9,179.14,281.88,39.7,0.0,250.01,0.0,117.53,70.65,36.59
2026-05-26 07:35:00,9,179.14,281.88,40.79,1.0,259.85,0.0,122.16,72.0,36.47
2026-05-26 07:40:00,9,179.14,281.88,40.45,0.0,245.52,0.0,115.42,70.21,36.35
2026-05-26 07:45:00,9,179.14,281.88,41.18,0.0,252.46,0.0,118.69,70.9,36.23
2026-05-26 07:50:00,9,179.14,281.88,41.33,0.0,256.09,0.0,120.39,71.27,36.11
2026-05-26 07:55:00,9,179.14,281.88,41.26,0.0,250.71,0.0,117.86,70.72,35.98
2026-05-26 08:00:00,9,179.14,281.88,40.9,1.0,284.6,0.0,133.79,74.68,35.86
2026-05-26 08:05:00,9,179.14,281.88,41.62,0.0,263.31,0.0,123.78,72.01,35.73
2026-05-26 08:10:00,9,179.14,281.88,41.54,2.0,239.38,0.01,112.53,70.34,35.61
2026-05-26 08:15:00,9,179.14,281.88,42.56,1.0,227.05,0.01,106.74,68.85,35.5
2026-05-26 08:20:00,9,179.14,281.88,42.14,0.0,218.38,0.0,102.66,67.71,35.38
2026-05-26 08:25:00,9,179.14,281.88,42.09,0.0,280.85,0.0,132.03,73.91,35.25
2026-05-26 08:30:00,9,179.14,281.88,42.7,0.0,279.5,0.0,131.4,73.76,35.13
2026-05-26 08:35:00,9,179.14,281.88,41.46,1.0,238.97,0.01,112.34,69.95,35.01
2026-05-26 08:40:00,9,179.14,281.88,43.47,0.0,224.98,0.0,105.77,68.29,34.89
2026-05-26 08:45:00,9,179.14,281.88,42.46,0.0,237.23,0.0,111.53,69.42,34.77
2026-05-26 08:50:00,9,179.14,281.88,42.53,0.0,232.2,0.0,109.16,68.95,34.66
2026-05-26 08:55:00,9,179.14,281.88,41.75,1.0,315.11,0.0,148.14,78.32,34.52
2026-05-26 09:00:00,9,179.14,281.88,43.52,2.0,252.57,0.01,118.74,71.64,34.4
2026-05-26 09:05:00,9,179.14,281.88,42.58,1.0,246.57,0.01,115.92,70.69,34.28
2026-05-26 09:10:00,9,179.14,281.88,43.12,0.0,234.42,0.0,110.2,69.15,34.16
2026-05-26 09:15:00,9,179.14,281.88,43.42,0.0,196.62,0.0,92.43,65.91,34.05
2026-05-26 09:20:00,9,179.14,281.88,43.29,2.0,242.44,0.01,113.97,70.64,33.93
2026-05-26 09:25:00,9,179.14,281.88,42.5,1.0,297.26,0.0,139.75,76.15,33.8
2026-05-26 09:30:00,9,179.14,281.88,44.52,0.0,202.23,0.0,95.07,66.36,33.68
2026-05-26 09:35:00,9,179.14,281.88,43.12,1.0,289.53,0.0,136.11,75.25,33.55
2026-05-26 09:40:00,9,179.14,281.88,43.26,2.0,306.5,0.01,144.09,77.63,33.42
2026-05-26 09:45:00,9,179.14,281.88,44.48,0.0,243.54,0.0,114.49,70.03,33.3
2026-05-26 09:50:00,9,179.14,281.88,44.72,0.0,260.14,0.0,122.29,71.69,33.18
2026-05-26 09:55:00,9,179.14,281.88,44.58,2.0,241.31,0.01,113.44,70.53,33.06
2026-05-26 10:00:00,9,179.14,281.88,44.2,0.0,271.58,0.0,127.67,72.9,32.93
2026-05-26 10:05:00,9,179.14,281.88,44.08,0.0,242.35,0.0,113.93,69.91,32.81
2026-05-26 10:10:00,9,179.14,281.88,44.03,1.0,263.74,0.0,123.99,72.41,32.69
2026-05-26 10:15:00,9,179.14,281.88,44.16,1.0,294.27,0.0,138.34,75.8,32.56
2026-05-26 10:20:00,9,179.14,281.88,44.83,1.0,253.36,0.0,119.11,71.35,32.44
2026-05-26 10:25:00,9,179.14,281.88,45.04,1.0,298.39,0.0,140.28,76.29,32.31
2026-05-26 10:30:00,9,179.14,281.88,44.19,1.0,265.23,0.0,124.69,72.57,32.19
2026-05-26 10:35:00,9,179.14,281.88,44.63,2.0,299.28,0.01,140.7,76.77,32.05
2026-05-26 10:40:00,9,179.14,281.88,44.19,2.0,209.04,0.01,98.27,67.64,31.94
2026-05-26 10:45:00,9,179.14,281.88,44.18,0.0,242.93,0.0,114.21,69.97,31.82
2026-05-26 10:50:00,9,179.14,281.88,44.8,1.0,266.9,0.0,125.48,72.75,31.69
2026-05-26 10:55:00,9,179.14,281.88,44.7,0.0,265.59,0.0,124.86,72.26,31.57
2026-05-26 11:00:00,9,179.14,281.88,45.28,1.0,256.42,0.0,120.55,71.66,31.45
2026-05-26 11:05:00,9,179.14,281.88,44.96,2.0,240.65,0.01,113.13,70.47,31.33
2026-05-26 11:10:00,9,179.14,281.88,44.85,0.0,244.39,0.0,114.89,70.11,31.21
2026-05-26 11:15:00,9,179.14,281.88,44.59,1.0,266.64,0.0,125.35,72.72,31.08
2026-05-26 11:20:00,9,179.14,281.88,44.79,3.0,233.4,0.02,109.72,70.15,30.96
2026-05-26 11:25:00,9,179.14,281.88,45.8,0.0,255.83,0.0,120.27,71.25,30.84
2026-05-26 11:30:00,9,179.14,281.88,45.02,0.0,237.97,0.0,111.88,69.49,30.72
2026-05-26 11:35:00,9,179.14,281.88,44.34,4.0,250.12,0.02,117.59,72.11,30.6
2026-05-26 11:40:00,9,179.14,281.88,45.22,0.0,252.02,0.0,118.48,70.86,30.48
2026-05-26 11:45:00,9,179.14,281.88,45.3,3.0,232.24,0.02,109.18,70.05,30.36
2026-05-26 11:50:00,9,179.14,281.88,44.38,3.0,266.53,0.01,125.3,73.43,30.23
2026-05-26 11:55:00,9,179.14,281.88,45.51,1.0,235.0,0.01,110.48,69.59,30.12
2026-05-26 12:00:00,9,179.14,281.88,44.87,2.0,241.33,0.01,113.45,70.53,29.99
2026-05-26 12:05:00,9,179.14,281.88,44.78,1.0,255.86,0.0,120.28,71.6,29.87
2026-05-26 12:10:00,9,179.14,281.88,45.3,0.0,272.66,0.0,128.18,73.02,29.75
2026-05-26 12:15:00,9,179.14,281.88,46.2,3.0,298.41,0.01,140.29,77.02,29.62
2026-05-26 12:20:00,9,179.14,281.88,45.37,3.0,270.8,0.01,127.31,73.89,29.49
2026-05-26 12:25:00,9,179.14,281.88,44.63,4.0,229.21,0.02,107.76,70.12,29.37
2026-05-26 12:30:00,9,179.14,281.88,44.59,0.0,266.93,0.0,125.49,72.4,29.25
2026-05-26 12:35:00,9,179.14,281.88,45.42,2.0,224.68,0.01,105.63,68.99,29.13
2026-05-26 12:40:00,9,179.14,281.88,45.35,2.0,213.71,0.01,100.47,68.03,29.01
2026-05-26 12:45:00,9,179.14,281.88,44.6,3.0,248.12,0.02,116.65,71.56,28.89
2026-05-26 12:50:00,9,179.14,281.88,44.14,6.0,278.28,0.02,130.82,75.77,28.76
2026-05-26 12:55:00,9,179.14,281.88,45.01,2.0,284.76,0.01,133.87,75.08,28.63
2026-05-26 13:00:00,9,179.14,281.88,45.15,3.0,248.16,0.02,116.66,71.57,28.51
2026-05-26 13:05:00,9,179.14,281.88,44.11,1.0,250.25,0.01,117.65,71.05,28.39
2026-05-26 13:10:00,9,179.14,281.88,44.54,0.0,304.63,0.0,143.21,76.69,28.26
2026-05-26 13:15:00,9,179.14,281.88,44.14,1.0,262.49,0.0,123.4,72.28,28.13
2026-05-26 13:20:00,9,179.14,281.88,44.55,1.0,250.9,0.01,117.95,71.12,28.01
2026-05-26 13:25:00,9,179.14,281.88,44.25,2.0,239.82,0.01,112.75,70.39,27.89
2026-05-26 13:30:00,9,179.14,281.88,44.37,0.0,226.51,0.0,106.49,68.43,27.77
2026-05-26 13:35:00,9,179.14,281.88,44.36,1.0,267.54,0.0,125.78,72.82,27.65
2026-05-26 13:40:00,9,179.14,281.88,43.53,3.0,229.88,0.02,108.07,69.83,27.53
2026-05-26 13:45:00,9,179.14,281.88,43.91,1.0,260.74,0.0,122.58,72.1,27.41
2026-05-26 13:50:00,9,179.14,281.88,43.94,2.0,299.75,0.01,140.92,76.82,27.28
2026-05-26 13:55:00,9,179.14,281.88,43.2,1.0,274.08,0.0,128.85,73.52,27.15
2026-05-26 14:00:00,9,179.14,281.88,44.33,2.0,258.53,0.01,121.54,72.24,27.03
2026-05-26 14:05:00,9,179.14,281.88,43.12,4.0,274.76,0.02,129.17,74.68,26.9
2026-05-26 14:10:00,9,179.14,281.88,44.62,0.0,261.97,0.0,123.16,71.88,26.78
2026-05-26 14:15:00,9,179.14,281.88,44.35,4.0,228.8,0.02,107.56,70.08,26.66
2026-05-26 14:20:00,9,179.14,281.88,44.25,0.0,260.68,0.0,122.55,71.74,26.53
2026-05-26 14:25:00,9,179.14,281.88,43.28,2.0,239.45,0.01,112.57,70.35,26.41
2026-05-26 14:30:00,9,179.14,281.88,43.59,2.0,261.75,0.01,123.05,72.57,26.29
2026-05-26 14:35:00,9,179.14,281.88,43.47,2.0,273.86,0.01,128.75,73.86,26.16
2026-05-26 14:40:00,9,179.14,281.88,44.03,0.0,232.25,0.0,109.18,68.96,26.05
2026-05-26 14:45:00,9,179.14,281.88,43.68,5.0,296.76,0.02,139.51,77.53,25.91
2026-05-26 14:50:00,9,179.14,281.88,43.46,0.0,258.03,0.0,121.31,71.47,25.79
2026-05-26 14:55:00,9,179.14,281.88,42.83,2.0,252.04,0.01,118.49,71.58,25.67
2026-05-26 15:00:00,9,179.14,281.88,42.88,4.0,292.13,0.01,137.34,76.62,25.54
2026-05-26 15:05:00,9,179.14,281.88,42.53,3.0,253.81,0.01,119.32,72.11,25.41
2026-05-26 15:10:00,9,179.14,281.88,42.02,0.0,263.04,0.0,123.66,71.99,25.29
2026-05-26 15:15:00,9,179.14,281.88,43.08,1.0,305.46,0.0,143.6,77.13,25.16
2026-05-26 15:20:00,9,179.14,281.88,42.4,2.0,252.43,0.01,118.67,71.62,25.04
2026-05-26 15:25:00,9,179.14,281.88,43.03,2.0,292.53,0.01,137.52,75.97,24.91
2026-05-26 15:30:00,9,179.14,281.88,42.13,1.0,268.28,0.0,126.12,72.89,24.78
2026-05-26 15:35:00,9,179.14,281.88,43.23,4.0,237.41,0.02,111.61,70.88,24.66
2026-05-26 15:40:00,9,179.14,281.88,42.24,0.0,257.04,0.0,120.84,71.37,24.54
2026-05-26 15:45:00,9,179.14,281.88,42.83,2.0,199.71,0.02,93.89,66.9,24.43
2026-05-26 15:50:00,9,179.14,281.88,42.4,1.0,253.77,0.0,119.3,71.38,24.3
2026-05-26 15:55:00,9,179.14,281.88,40.95,0.0,238.73,0.0,112.23,69.56,24.18
2026-05-26 16:00:00,9,179.14,281.88,41.06,5.0,301.09,0.02,141.55,78.04,24.05
2026-05-26 16:05:00,9,179.14,281.88,41.02,0.0,260.87,0.0,122.64,71.76,23.93
2026-05-26 16:10:00,9,179.14,281.88,40.84,1.0,216.66,0.01,101.86,67.93,23.81
2026-05-26 16:15:00,9,179.14,281.88,40.69,1.0,250.19,0.01,117.62,71.04,23.69
2026-05-26 16:20:00,9,179.14,281.88,42.08,1.0,289.6,0.0,136.15,75.26,23.56
2026-05-26 16:25:00,9,179.14,281.88,41.28,2.0,253.19,0.01,119.03,71.69,23.44
2026-05-26 16:30:00,9,179.14,281.88,40.2,3.0,280.91,0.01,132.06,74.98,23.31
2026-05-26 16:35:00,9,179.14,281.88,41.16,1.0,269.12,0.0,126.52,72.98,23.19
2026-05-26 16:40:00,9,179.14,281.88,39.72,0.0,270.68,0.0,127.25,72.79,23.06
2026-05-26 16:45:00,9,179.14,281.88,39.5,2.0,258.42,0.01,121.49,72.22,22.94
2026-05-26 16:50:00,9,179.14,281.88,40.4,0.0,253.65,0.0,119.24,71.02,22.82
2026-05-26 16:55:00,9,179.14,281.88,40.1,2.0,269.26,0.01,126.58,73.36,22.69
2026-05-26 17:00:00,9,179.14,281.88,39.21,5.0,232.67,0.03,109.38,70.79,22.57
2026-05-26 17:05:00,9,179.14,281.88,40.36,0.0,273.87,0.0,128.75,73.14,22.45
2026-05-26 17:10:00,9,179.14,281.88,39.12,3.0,207.85,0.02,97.71,67.9,22.33
2026-05-26 17:15:00,9,179.14,281.88,38.88,0.0,262.66,0.0,123.48,71.94,22.21
2026-05-26 17:20:00,9,179.14,281.88,38.89,3.0,277.55,0.01,130.48,74.61,22.08
2026-05-26 17:25:00,9,179.14,281.88,39.45,0.0,210.66,0.0,99.04,67.05,21.97
2026-05-26 17:30:00,9,179.14,281.88,39.52,1.0,220.85,0.01,103.83,68.29,21.85
2026-05-26 17:35:00,9,179.14,281.88,38.92,0.0,221.5,0.0,104.13,67.97,21.73
2026-05-26 17:40:00,9,179.14,281.88,38.46,2.0,248.37,0.01,116.76,71.2,21.61
2026-05-26 17:45:00,9,179.14,281.88,38.68,1.0,257.69,0.0,121.14,71.77,21.49
2026-05-26 17:50:00,9,179.14,281.88,37.91,1.0,235.74,0.01,110.83,69.64,21.37
2026-05-26 17:55:00,9,179.14,281.88,37.93,1.0,241.36,0.01,113.47,70.17,21.25
2026-05-26 18:00:00,9,179.14,281.88,39.33,2.0,262.79,0.01,123.54,72.67,21.12
2026-05-26 18:05:00,9,179.14,281.88,35.82,1.0,218.4,0.01,102.68,68.07,21.01
2026-05-26 18:10:00,9,179.14,281.88,38.13,1.0,277.57,0.0,130.49,73.89,20.88
2026-05-26 18:15:00,9,179.14,281.88,36.66,0.0,213.71,0.0,100.47,67.3,20.77
2026-05-26 18:20:00,9,179.14,281.88,37.05,1.0,206.96,0.01,97.3,67.1,20.65
2026-05-26 18:25:00,9,179.14,281.88,36.74,0.0,258.22,0.0,121.4,71.48,20.53
2026-05-26 18:30:00,9,179.14,281.88,37.15,2.0,272.49,0.01,128.1,73.7,20.4
2026-05-26 18:35:00,9,179.14,281.88,36.31,0.0,252.3,0.0,118.61,70.87,20.28
2026-05-26 18:40:00,9,179.14,281.88,37.3,2.0,219.83,0.01,103.35,68.55,20.17
2026-05-26 18:45:00,9,179.14,281.88,36.48,0.0,273.77,0.0,128.7,73.12,20.04
2026-05-26 18:50:00,9,179.14,281.88,36.67,1.0,287.48,0.0,135.15,75.0,19.91
2026-05-26 18:55:00,9,179.14,281.88,36.26,1.0,232.62,0.01,109.36,69.34,19.79
2026-05-26 19:00:00,9,179.14,281.88,36.08,1.0,267.13,0.0,125.58,72.75,19.67
2026-05-26 19:05:00,9,179.14,281.88,36.34,0.0,222.13,0.0,104.43,68.03,19.55
2026-05-26 19:10:00,9,179.14,281.88,35.79,1.0,263.12,0.0,123.7,72.33,19.43
2026-05-26 19:15:00,9,179.14,281.88,35.98,0.0,292.89,0.0,137.69,75.27,19.3
2026-05-26 19:20:00,9,179.14,281.88,35.38,0.0,273.39,0.0,128.53,73.08,19.18
2026-05-26 19:25:00,9,179.14,281.88,35.79,0.0,256.4,0.0,120.54,71.29,19.05
2026-05-26 19:30:00,9,179.14,281.88,34.26,0.0,285.81,0.0,134.36,74.45,18.93
2026-05-26 19:35:00,9,179.14,281.88,35.03,0.0,207.93,0.0,97.75,66.81,18.81
2026-05-26 19:40:00,9,179.14,281.88,35.45,0.0,279.05,0.0,131.19,73.7,18.69
2026-05-26 19:45:00,9,179.14,281.88,34.42,0.0,291.02,0.0,136.82,75.06,18.56
2026-05-26 19:50:00,9,179.14,281.88,34.69,2.0,275.61,0.01,129.57,74.04,18.43
2026-05-26 19:55:00,9,179.14,281.88,34.46,0.0,204.7,0.0,96.23,66.54,18.32
2026-05-26 20:00:00,9,179.14,281.88,34.02,1.0,271.52,0.0,127.64,73.22,18.19
2026-05-26 20:05:00,9,179.14,281.88,35.0,2.0,280.26,0.01,131.75,74.55,18.07
2026-05-26 20:10:00,9,179.14,281.88,33.85,2.0,314.36,0.01,147.79,78.58,17.93
2026-05-26 20:15:00,9,179.14,281.88,33.67,0.0,266.48,0.0,125.28,72.33,17.81
2026-05-26 20:20:00,9,179.14,281.88,33.57,1.0,233.84,0.01,109.93,69.45,17.69
2026-05-26 20:25:00,9,179.14,281.88,33.4,0.0,225.22,0.0,105.88,68.3,17.57
2026-05-26 20:30:00,9,179.14,281.88,33.87,0.0,215.29,0.0,101.21,67.43,17.46
2026-05-26 20:35:00,9,179.14,281.88,33.7,0.0,286.17,0.0,134.53,74.49,17.33
2026-05-26 20:40:00,9,179.14,281.88,34.21,0.0,250.89,0.0,117.95,70.73,17.21
2026-05-26 20:45:00,9,179.14,281.88,34.38,0.0,230.18,0.0,108.21,68.75,17.09
2026-05-26 20:50:00,9,179.14,281.88,33.74,0.0,273.01,0.0,128.34,73.03,16.97
2026-05-26 20:55:00,9,179.14,281.88,33.77,0.0,233.99,0.0,110.0,69.1,16.85
2026-05-26 21:00:00,9,179.14,281.88,33.57,0.0,260.98,0.0,122.69,71.75,16.73
2026-05-26 21:05:00,9,179.14,281.88,33.29,1.0,275.29,0.0,129.42,73.63,16.6
2026-05-26 21:10:00,9,179.14,281.88,32.61,0.0,246.46,0.0,115.86,70.29,16.48
2026-05-26 21:15:00,9,179.14,281.88,33.07,0.0,219.46,0.0,103.17,67.79,16.36
2026-05-26 21:20:00,9,179.14,281.88,33.04,1.0,275.82,0.0,129.67,73.69,16.24
2026-05-26 21:25:00,9,179.14,281.88,32.12,0.0,277.29,0.0,130.36,73.5,16.11
2026-05-26 21:30:00,9,179.14,281.88,32.45,0.0,254.67,0.0,119.73,71.11,15.99
2026-05-26 21:35:00,9,179.14,281.88,32.73,1.0,271.67,0.0,127.72,73.24,15.87
2026-05-26 21:40:00,9,179.14,281.88,31.2,1.0,238.77,0.01,112.25,69.91,15.75
2026-05-26 21:45:00,9,179.14,281.88,32.9,0.0,257.32,0.0,120.97,71.38,15.62
2026-05-26 21:50:00,9,179.14,281.88,32.43,0.0,281.72,0.0,132.44,73.99,15.5
2026-05-26 21:55:00,9,179.14,281.88,32.53,2.0,258.73,0.01,121.63,72.24,15.37
2026-05-26 22:00:00,9,179.14,281.88,31.51,2.0,226.69,0.01,106.57,69.14,15.26
2026-05-26 22:05:00,9,179.14,281.88,31.92,0.0,276.59,0.0,130.03,73.42,15.13
2026-05-26 22:10:00,9,179.14,281.88,30.72,2.0,241.83,0.01,113.69,70.55,15.01
2026-05-26 22:15:00,9,179.14,281.88,31.75,1.0,286.13,0.0,134.51,74.84,14.88
2026-05-26 22:20:00,9,179.14,281.88,31.55,1.0,257.24,0.0,120.93,71.71,14.76
2026-05-26 22:25:00,9,179.14,281.88,30.98,1.0,281.62,0.0,132.4,74.33,14.63
2026-05-26 22:30:00,9,179.14,281.88,31.52,1.0,238.86,0.01,112.29,69.92,14.51
2026-05-26 22:35:00,9,179.14,281.88,31.98,1.0,253.48,0.0,119.17,71.33,14.39
2026-05-26 22:40:00,9,179.14,281.88,32.33,1.0,284.01,0.0,133.52,74.6,14.26
2026-05-26 22:45:00,9,179.14,281.88,31.58,0.0,229.62,0.0,107.95,68.69,14.15
2026-05-26 22:50:00,9,179.14,281.88,31.55,0.0,241.11,0.0,113.35,69.77,14.03
2026-05-26 22:55:00,9,179.14,281.88,31.69,0.0,253.68,0.0,119.26,71.0,13.91
2026-05-26 23:00:00,9,179.14,281.88,31.6,1.0,234.98,0.01,110.47,69.56,13.79
2026-05-26 23:05:00,9,179.14,281.88,31.45,1.0,232.24,0.01,109.18,69.3,13.67
2026-05-26 23:10:00,9,179.14,281.88,31.89,0.0,266.87,0.0,125.46,72.37,13.55
2026-05-26 23:15:00,9,179.14,281.88,31.56,2.0,242.65,0.01,114.08,70.64,13.42
2026-05-26 23:20:00,9,179.14,281.88,31.78,1.0,241.46,0.01,113.52,70.17,13.3
2026-05-26 23:25:00,9,179.14,281.88,31.94,0.0,215.14,0.0,101.14,67.41,13.19
2026-05-26 23:30:00,9,179.14,281.88,31.63,0.0,335.93,0.0,157.93,80.65,13.05
2026-05-26 23:35:00,9,179.14,281.88,30.83,0.0,299.23,0.0,140.67,76.01,12.92
2026-05-26 23:40:00,9,179.14,281.88,31.04,2.0,257.51,0.01,121.06,72.11,12.8
2026-05-26 23:45:00,9,179.14,281.88,30.83,2.0,256.73,0.01,120.69,72.03,12.68
2026-05-26 23:50:00,9,179.14,281.88,30.94,1.0,235.17,0.01,110.56,69.57,12.56
2026-05-26 23:55:00,9,179.14,281.88,31.59,0.0,227.99,0.0,107.18,68.54,12.44
2026-05-27 00:00:00,9,179.14,281.88,31.02,1.0,237.3,0.01,111.56,69.77,12.32
2026-05-27 00:05:00,9,179.14,281.88,32.31,2.0,221.6,0.01,104.18,68.69,12.2
2026-05-27 00:10:00,9,179.14,281.88,31.45,3.0,203.63,0.02,95.73,67.54,12.09
2026-05-27 00:15:00,9,179.14,281.88,31.03,5.0,242.49,0.03,114.0,71.71,11.96
2026-05-27 00:20:00,9,179.14,281.88,30.98,0.0,286.97,0.0,134.91,74.58,11.84
2026-05-27 00:25:00,9,179.14,281.88,30.52,1.0,282.42,0.0,132.77,74.42,11.71
2026-05-27 00:30:00,9,179.14,281.88,31.03,1.0,226.8,0.01,106.62,68.8,11.59
2026-05-27 00:35:00,9,179.14,281.88,30.13,4.0,225.11,0.03,105.83,69.74,11.47
2026-05-27 00:40:00,9,179.14,281.88,31.09,1.0,251.71,0.01,118.33,71.17,11.35
2026-05-27 00:45:00,9,179.14,281.88,31.09,0.0,233.86,0.0,109.94,69.08,11.23
2026-05-27 00:50:00,9,179.14,281.88,31.03,1.0,250.32,0.01,117.68,71.04,11.11
2026-05-27 00:55:00,9,179.14,281.88,31.6,2.0,236.74,0.01,111.29,70.07,10.99
2026-05-27 01:00:00,9,179.14,281.88,30.35,1.0,249.88,0.01,117.47,70.99,10.87
2026-05-27 01:05:00,9,179.14,281.88,32.43,1.0,279.06,0.0,131.19,74.04,10.74
2026-05-27 01:10:00,9,179.14,281.88,31.11,1.0,219.87,0.01,103.37,68.19,10.63
2026-05-27 01:15:00,9,179.14,281.88,32.32,2.0,264.35,0.01,124.28,72.83,10.5
2026-05-27 01:20:00,9,179.14,281.88,30.2,3.0,231.59,0.02,108.88,69.96,10.38
2026-05-27 01:25:00,9,179.14,281.88,31.15,3.0,245.93,0.02,115.61,71.32,10.26
2026-05-27 01:30:00,9,179.14,281.88,31.61,2.0,213.55,0.01,100.39,67.99,10.15
2026-05-27 01:35:00,9,179.14,281.88,31.29,4.0,271.11,0.02,127.45,74.26,10.02
2026-05-27 01:40:00,9,179.14,281.88,31.61,9.0,301.26,0.03,141.63,79.47,9.88
2026-05-27 01:45:00,9,179.14,281.88,31.96,0.0,233.7,0.0,109.87,69.07,9.76
2026-05-27 01:50:00,9,179.14,281.88,32.01,1.0,220.78,0.01,103.79,68.27,9.65
2026-05-27 01:55:00,9,179.14,281.88,32.14,1.0,247.04,0.01,116.14,70.71,9.53
2026-05-27 02:00:00,9,179.14,281.88,32.08,2.0,246.35,0.01,115.81,70.99,9.41
2026-05-27 02:05:00,9,179.14,281.88,31.26,0.0,269.75,0.0,126.81,72.68,9.28
2026-05-27 02:10:00,9,179.14,281.88,32.33,2.0,252.85,0.01,118.87,71.64,9.16
2026-05-27 02:15:00,9,179.14,281.88,31.63,1.0,225.46,0.01,105.99,68.68,9.04
2026-05-27 02:20:00,9,179.14,281.88,31.09,1.0,270.53,0.0,127.18,73.11,8.92
2026-05-27 02:25:00,9,179.14,281.88,32.63,6.0,212.56,0.04,99.93,69.37,8.8
2026-05-27 02:30:00,9,179.14,281.88,32.25,1.0,260.36,0.0,122.4,72.04,8.68
2026-05-27 02:35:00,9,179.14,281.88,31.68,1.0,254.55,0.0,119.67,71.44,8.55
2026-05-27 02:40:00,9,179.14,281.88,32.53,3.0,263.84,0.01,124.04,73.12,8.43
2026-05-27 02:45:00,9,179.14,281.88,33.11,1.0,249.22,0.01,117.16,70.93,8.31
2026-05-27 02:50:00,9,179.14,281.88,32.99,2.0,286.47,0.01,134.67,75.25,8.18
2026-05-27 02:55:00,9,179.14,281.88,32.2,3.0,242.33,0.02,113.92,70.97,8.06
2026-05-27 03:00:00,9,179.14,281.88,32.77,3.0,261.2,0.01,122.8,72.85,7.93
2026-05-27 03:05:00,9,179.14,281.88,33.18,1.0,284.93,0.0,133.95,74.7,7.81
2026-05-27 03:10:00,9,179.14,281.88,33.01,0.0,211.27,0.0,99.32,67.08,7.69
2026-05-27 03:15:00,9,179.14,281.88,33.04,2.0,253.19,0.01,119.03,71.68,7.57
2026-05-27 03:20:00,9,179.14,281.88,33.89,3.0,260.11,0.01,122.28,72.73,7.44
2026-05-27 03:25:00,9,179.14,281.88,34.19,1.0,261.88,0.0,123.11,72.2,7.32
2026-05-27 03:30:00,9,179.14,281.88,34.22,1.0,230.95,0.01,108.57,69.19,7.2
2026-05-27 03:35:00,9,179.14,281.88,33.8,3.0,274.31,0.01,128.96,74.24,7.08
2026-05-27 03:40:00,9,179.14,281.88,34.91,2.0,272.25,0.01,127.99,73.67,6.95
2026-05-27 03:45:00,9,179.14,281.88,34.15,0.0,263.76,0.0,124.0,72.05,6.83
2026-05-27 03:50:00,9,179.14,281.88,34.55,5.0,296.07,0.02,139.19,77.43,6.69
2026-05-27 03:55:00,9,179.14,281.88,33.49,1.0,236.7,0.01,111.28,69.72,6.57
2026-05-27 04:00:00,9,179.14,281.88,34.65,3.0,244.0,0.02,114.71,71.14,6.45
2026-05-27 04:05:00,9,179.14,281.88,33.91,1.0,222.99,0.01,104.83,68.47,6.34
2026-05-27 04:10:00,9,179.14,281.88,33.63,1.0,239.65,0.01,112.66,70.0,6.22
2026-05-27 04:15:00,9,179.14,281.88,34.29,1.0,211.12,0.01,99.25,67.44,6.1
2026-05-27 04:20:00,9,179.14,281.88,35.45,0.0,271.66,0.0,127.71,72.89,5.98
2026-05-27 04:25:00,9,179.14,281.88,34.36,1.0,259.7,0.0,122.09,71.97,5.85
2026-05-27 04:30:00,9,179.14,281.88,34.75,0.0,255.4,0.0,120.07,71.18,5.73
2026-05-27 04:35:00,9,179.14,281.88,35.88,1.0,260.33,0.0,122.38,72.04,5.61
2026-05-27 04:40:00,9,179.14,281.88,35.71,1.0,243.36,0.01,114.41,70.36,5.49
2026-05-27 04:45:00,9,179.14,281.88,35.03,1.0,274.71,0.0,129.15,73.57,5.36
2026-05-27 04:50:00,9,179.14,281.88,36.34,3.0,278.81,0.01,131.07,74.74,5.23
2026-05-27 04:55:00,9,179.14,281.88,36.46,1.0,241.53,0.01,113.55,70.19,5.11
2026-05-27 05:00:00,9,179.14,281.88,36.71,0.0,297.16,0.0,139.7,75.78,4.99
2026-05-27 05:05:00,9,179.14,281.88,36.66,1.0,231.17,0.01,108.68,69.21,4.87
2026-05-27 05:10:00,9,179.14,281.88,36.99,1.0,243.31,0.01,114.38,70.36,4.75
2026-05-27 05:15:00,9,179.14,281.88,35.79,1.0,229.69,0.01,107.98,69.07,4.63
2026-05-27 05:20:00,9,179.14,281.88,36.55,0.0,241.27,0.0,113.42,69.79,4.51
2026-05-27 05:25:00,9,179.14,281.88,37.79,1.0,259.6,0.0,122.04,71.97,4.39
2026-05-27 05:30:00,9,179.14,281.88,36.84,2.0,252.83,0.01,118.86,71.65,4.26
2026-05-27 05:35:00,9,179.14,281.88,37.24,0.0,262.43,0.0,123.37,71.91,4.14
2026-05-27 05:40:00,9,179.14,281.88,37.24,1.0,238.52,0.01,112.13,69.9,4.02
2026-05-27 05:45:00,9,179.14,281.88,37.65,2.0,226.94,0.01,106.69,69.18,3.9
2026-05-27 05:50:00,9,179.14,281.88,37.12,0.0,246.22,0.0,115.75,70.27,3.78
2026-05-27 05:55:00,9,179.14,281.88,38.31,0.0,252.55,0.0,118.73,70.9,3.66
2026-05-27 06:00:00,9,179.14,281.88,38.72,1.0,292.89,0.0,137.69,75.63,3.53
2026-05-27 06:05:00,9,179.14,281.88,37.64,1.0,239.98,0.01,112.82,70.04,3.41
2026-05-27 06:10:00,9,179.14,281.88,37.85,2.0,244.98,0.01,115.17,70.87,3.29
2026-05-27 06:15:00,9,179.14,281.88,38.35,4.0,297.68,0.01,139.94,77.26,3.16
2026-05-27 06:20:00,9,179.14,281.88,39.38,1.0,211.98,0.01,99.65,67.52,3.04
2026-05-27 06:25:00,9,179.14,281.88,39.26,1.0,248.18,0.01,116.67,70.84,2.92
2026-05-27 06:30:00,9,179.14,281.88,39.79,0.0,192.57,0.0,90.53,65.59,2.81
2026-05-27 06:35:00,9,179.14,281.88,39.07,0.0,282.32,0.0,132.72,74.07,2.68
2026-05-27 06:40:00,9,179.14,281.88,38.78,0.0,268.5,0.0,126.22,72.55,2.56
2026-05-27 06:45:00,9,179.14,281.88,40.1,2.0,226.1,0.01,106.29,69.11,2.44
2026-05-27 06:50:00,9,179.14,281.88,39.34,1.0,245.31,0.01,115.32,70.56,2.32
2026-05-27 06:55:00,9,179.14,281.88,39.4,0.0,190.61,0.0,89.61,65.44,2.21
2026-05-27 07:00:00,9,179.14,281.88,39.08,0.0,245.37,0.0,115.35,70.19,2.09
2026-05-27 07:05:00,9,179.14,281.88,39.51,1.0,252.75,0.0,118.82,71.27,1.97
2026-05-27 07:10:00,9,179.14,281.88,40.19,0.0,234.77,0.0,110.37,69.18,1.85
2026-05-27 07:15:00,9,179.14,281.88,40.73,0.0,256.92,0.0,120.78,71.35,1.73
2026-05-27 07:20:00,9,179.14,281.88,40.17,0.0,242.6,0.0,114.05,69.93,1.61
2026-05-27 07:25:00,9,179.14,281.88,40.75,0.0,256.58,0.0,120.62,71.31,1.49
2026-05-27 07:30:00,9,179.14,281.88,41.48,0.0,258.42,0.0,121.49,71.51,1.36
2026-05-27 07:35:00,9,179.14,281.88,41.72,0.0,243.41,0.0,114.43,70.01,1.25
2026-05-27 07:40:00,9,179.14,281.88,41.98,0.0,270.05,0.0,126.95,72.73,1.12
2026-05-27 07:45:00,9,179.14,281.88,41.02,2.0,268.9,0.01,126.42,73.32,1.0
2026-05-27 07:50:00,9,179.14,281.88,41.83,1.0,258.5,0.0,121.52,71.86,0.87
2026-05-27 07:55:00,9,179.14,281.88,41.4,1.0,236.84,0.01,111.34,69.75,0.75
2026-05-27 08:00:00,9,179.14,281.88,41.46,0.0,227.69,0.0,107.04,68.53,0.64
2026-05-27 08:05:00,9,179.14,281.88,41.51,1.0,256.99,0.0,120.82,71.71,0.51
2026-05-27 08:10:00,9,179.14,281.88,42.25,0.0,262.69,0.0,123.49,71.95,0.39
2026-05-27 08:15:00,9,179.14,281.88,41.63,0.0,264.35,0.0,124.28,72.12,0.27
2026-05-27 08:20:00,9,179.14,281.88,42.11,0.0,273.36,0.0,128.51,73.09,0.14
2026-05-27 08:25:00,9,179.14,281.88,42.39,0.0,229.39,0.0,107.84,68.69,0.03
2026-05-27 08:30:00,9,179.14,281.88,42.03,1.0,267.77,0.0,125.88,72.83,0.0
2026-05-27 08:35:00,9,179.14,281.88,42.53,0.0,241.78,0.0,113.66,69.85,0.0
2026-05-27 08:40:00,9,179.14,281.88,42.33,1.0,264.84,0.0,124.51,72.53,0.0
2026-05-27 08:45:00,9,179.14,281.88,42.48,2.0,252.03,0.01,118.49,71.58,0.0
2026-05-27 08:50:00,9,179.14,281.88,43.25,0.0,274.64,0.0,129.11,73.23,0.0
2026-05-27 08:55:00,9,179.14,281.88,42.34,0.0,240.3,0.0,112.97,69.71,0.0
2026-05-27 09:00:00,9,179.14,281.88,42.89,1.0,259.16,0.0,121.84,71.93,0.0
2026-05-27 09:05:00,9,179.14,281.88,42.71,3.0,236.58,0.02,111.22,70.45,0.0
2026-05-27 09:10:00,9,179.14,281.88,43.32,2.0,296.47,0.01,139.38,76.43,0.0
2026-05-27 09:15:00,9,179.14,281.88,42.76,0.0,244.51,0.0,114.95,70.12,0.0
2026-05-27 09:20:00,9,179.14,281.88,43.16,1.0,252.11,0.01,118.52,71.24,0.0
2026-05-27 09:25:00,9,179.14,281.88,42.94,0.0,244.88,0.0,115.12,70.15,0.0
2026-05-27 09:30:00,9,179.14,281.88,43.72,0.0,307.56,0.0,144.59,77.04,0.0
2026-05-27 09:35:00,9,179.14,281.88,43.29,2.0,271.86,0.01,127.81,73.65,0.0
2026-05-27 09:40:00,9,179.14,281.88,44.41,0.0,217.4,0.0,102.2,67.63,0.0
2026-05-27 09:45:00,9,179.14,281.88,44.24,1.0,269.57,0.0,126.73,73.03,0.0
2026-05-27 09:50:00,9,179.14,281.88,43.54,1.0,240.16,0.01,112.9,70.07,0.0
2026-05-27 09:55:00,9,179.14,281.88,43.99,0.0,308.74,0.0,145.15,77.19,0.0
2026-05-27 10:00:00,9,179.14,281.88,43.56,2.0,260.44,0.01,122.44,72.44,0.0
2026-05-27 10:05:00,9,179.14,281.88,44.29,0.0,242.27,0.0,113.9,69.9,0.0
2026-05-27 10:10:00,9,179.14,281.88,43.61,0.0,239.14,0.0,112.42,69.6,0.0
2026-05-27 10:15:00,9,179.14,281.88,44.65,0.0,253.95,0.0,119.38,71.05,0.0
2026-05-27 10:20:00,9,179.14,281.88,44.6,3.0,227.89,0.02,107.13,69.65,0.0
2026-05-27 10:25:00,9,179.14,281.88,44.21,1.0,247.23,0.01,116.23,70.76,0.0
2026-05-27 10:30:00,9,179.14,281.88,43.87,1.0,203.2,0.01,95.53,66.81,0.0
2026-05-27 10:35:00,9,179.14,281.88,44.3,0.0,248.37,0.0,116.76,70.5,0.0
2026-05-27 10:40:00,9,179.14,281.88,43.72,2.0,280.24,0.01,131.75,74.57,0.0
2026-05-27 10:45:00,9,179.14,281.88,44.4,1.0,294.75,0.0,138.56,75.86,0.0
2026-05-27 10:50:00,9,179.14,281.88,45.16,2.0,235.93,0.01,110.92,70.02,0.0
2026-05-27 10:55:00,9,179.14,281.88,44.48,8.0,297.85,0.03,140.03,78.74,0.0
2026-05-27 11:00:00,9,179.14,281.88,44.67,1.0,233.96,0.01,109.99,69.49,0.0
2026-05-27 11:05:00,9,179.14,281.88,44.79,0.0,241.54,0.0,113.55,69.83,0.0
2026-05-27 11:10:00,9,179.14,281.88,44.4,0.0,265.15,0.0,124.65,72.21,0.0
2026-05-27 11:15:00,9,179.14,281.88,44.38,1.0,224.93,0.01,105.75,68.66,0.0
2026-05-27 11:20:00,9,179.14,281.88,45.21,2.0,238.67,0.01,112.2,70.28,0.0
2026-05-27 11:25:00,9,179.14,281.88,44.87,1.0,263.97,0.0,124.1,72.44,0.0
2026-05-27 11:30:00,9,179.14,281.88,45.05,3.0,225.77,0.02,106.14,69.46,0.0
2026-05-27 11:35:00,9,179.14,281.88,44.45,2.0,276.48,0.01,129.98,74.15,0.0
2026-05-27 11:40:00,9,179.14,281.88,45.24,1.0,278.28,0.0,130.82,73.98,0.0
2026-05-27 11:45:00,9,179.14,281.88,45.96,1.0,264.29,0.0,124.25,72.48,0.0
2026-05-27 11:50:00,9,179.14,281.88,45.37,2.0,243.73,0.01,114.58,70.77,0.0
2026-05-27 11:55:00,9,179.14,281.88,45.52,3.0,257.0,0.01,120.82,72.44,0.0
2026-05-27 12:00:00,9,179.14,281.88,44.93,1.0,271.56,0.0,127.66,73.25,0.0
2026-05-27 12:05:00,9,179.14,281.88,44.57,0.0,309.18,0.0,145.35,77.24,0.0
2026-05-27 12:10:00,9,179.14,281.88,45.22,1.0,243.78,0.01,114.61,70.42,0.0
2026-05-27 12:15:00,9,179.14,281.88,45.42,2.0,271.01,0.01,127.41,73.56,0.0
2026-05-27 12:20:00,9,179.14,281.88,45.89,0.0,244.33,0.0,114.86,70.1,0.0
2026-05-27 12:25:00,9,179.14,281.88,45.01,3.0,251.47,0.02,118.22,71.9,0.0
2026-05-27 12:30:00,9,179.14,281.88,45.17,1.0,235.53,0.01,110.73,69.63,0.0
2026-05-27 12:35:00,9,179.14,281.88,45.78,2.0,272.32,0.01,128.02,73.7,0.0
2026-05-27 12:40:00,9,179.14,281.88,44.27,0.0,230.74,0.0,108.47,68.82,0.0
2026-05-27 12:45:00,9,179.14,281.88,44.17,0.0,233.58,0.0,109.81,69.08,0.0
2026-05-27 12:50:00,9,179.14,281.88,45.35,1.0,242.5,0.01,114.0,70.3,0.0
2026-05-27 12:55:00,9,179.14,281.88,44.37,3.0,262.99,0.01,123.63,73.05,0.0
2026-05-27 13:00:00,9,179.14,281.88,45.2,0.0,302.9,0.0,142.4,76.48,0.0
2026-05-27 13:05:00,9,179.14,281.88,45.09,1.0,281.71,0.0,132.44,74.37,0.0
2026-05-27 13:10:00,9,179.14,281.88,45.03,6.0,287.58,0.02,135.2,76.82,0.0
2026-05-27 13:15:00,9,179.14,281.88,44.41,2.0,247.84,0.01,116.51,71.16,0.0
2026-05-27 13:20:00,9,179.14,281.88,44.17,1.0,242.65,0.01,114.08,70.31,0.0
2026-05-27 13:25:00,9,179.14,281.88,44.58,0.0,250.29,0.0,117.67,70.69,0.0
2026-05-27 13:30:00,9,179.14,281.88,44.68,5.0,261.71,0.02,123.04,73.64,0.0
2026-05-27 13:35:00,9,179.14,281.88,44.3,0.0,274.34,0.0,128.97,73.2,0.0
2026-05-27 13:40:00,9,179.14,281.88,43.69,1.0,212.74,0.01,100.01,67.6,0.0
2026-05-27 13:45:00,9,179.14,281.88,44.69,1.0,298.83,0.0,140.49,76.34,0.0
2026-05-27 13:50:00,9,179.14,281.88,44.3,1.0,272.28,0.0,128.0,73.32,0.0
2026-05-27 13:55:00,9,179.14,281.88,45.12,3.0,297.51,0.01,139.87,76.91,0.0
2026-05-27 14:00:00,9,179.14,281.88,44.35,1.0,282.78,0.0,132.94,74.48,0.0
2026-05-27 14:05:00,9,179.14,281.88,44.96,0.0,210.51,0.0,98.97,67.04,0.0
2026-05-27 14:10:00,9,179.14,281.88,44.67,2.0,238.29,0.01,112.02,70.24,0.0
2026-05-27 14:15:00,9,179.14,281.88,43.72,1.0,249.34,0.01,117.22,70.96,0.0
2026-05-27 14:20:00,9,179.14,281.88,44.89,1.0,244.69,0.01,115.03,70.51,0.0
2026-05-27 14:25:00,9,179.14,281.88,43.83,1.0,246.22,0.01,115.75,70.65,0.0
2026-05-27 14:30:00,9,179.14,281.88,43.15,2.0,244.83,0.01,115.1,70.87,0.0
2026-05-27 14:35:00,9,179.14,281.88,43.63,2.0,237.68,0.01,111.74,70.18,0.0
2026-05-27 14:40:00,9,179.14,281.88,43.24,1.0,268.76,0.0,126.35,72.94,100.0
2026-05-27 14:45:00,9,179.14,281.88,43.38,2.0,278.43,0.01,130.9,74.37,99.87
2026-05-27 14:50:00,9,179.14,281.88,43.11,6.0,239.4,0.03,112.55,71.79,99.75
2026-05-27 14:55:00,9,179.14,281.88,41.79,3.0,228.38,0.02,107.36,69.69,99.63
2026-05-27 15:00:00,9,179.14,281.88,42.21,1.0,234.89,0.01,110.43,69.57,99.51
2026-05-27 15:05:00,9,179.14,281.88,41.86,2.0,231.64,0.01,108.9,69.62,99.39
2026-05-27 15:10:00,9,179.14,281.88,42.25,1.0,226.68,0.01,106.56,68.81,99.28
2026-05-27 15:15:00,9,179.14,281.88,42.31,1.0,257.04,0.0,120.84,71.72,99.15
2026-05-27 15:20:00,9,179.14,281.88,42.24,3.0,246.01,0.02,115.65,71.35,99.03
2026-05-27 15:25:00,9,179.14,281.88,42.64,2.0,221.87,0.01,104.3,68.73,98.91
2026-05-27 15:30:00,9,179.14,281.88,42.07,0.0,219.08,0.0,102.99,67.77,98.8
2026-05-27 15:35:00,9,179.14,281.88,41.77,2.0,227.57,0.01,106.99,69.24,98.68
2026-05-27 15:40:00,9,179.14,281.88,42.03,0.0,269.42,0.0,126.66,72.66,98.56
2026-05-27 15:45:00,9,179.14,281.88,41.35,1.0,232.47,0.01,109.29,69.34,98.44
2026-05-27 15:50:00,9,179.14,281.88,42.05,1.0,253.23,0.0,119.05,71.33,98.31
2026-05-27 15:55:00,9,179.14,281.88,40.98,0.0,257.59,0.0,121.1,71.42,98.19
2026-05-27 16:00:00,9,179.14,281.88,41.83,2.0,245.79,0.01,115.55,70.96,98.07
2026-05-27 16:05:00,9,179.14,281.88,41.44,4.0,247.68,0.02,116.44,71.86,97.95
2026-05-27 16:10:00,9,179.14,281.88,40.67,0.0,257.93,0.0,121.26,71.45,97.83
2026-05-27 16:15:00,9,179.14,281.88,39.77,0.0,241.37,0.0,113.47,69.81,97.71
2026-05-27 16:20:00,9,179.14,281.88,40.74,1.0,277.49,0.0,130.45,73.89,97.58
2026-05-27 16:25:00,9,179.14,281.88,41.69,2.0,274.2,0.01,128.91,73.9,97.45
2026-05-27 16:30:00,9,179.14,281.88,40.13,0.0,190.83,0.0,89.71,65.46,97.34
2026-05-27 16:35:00,9,179.14,281.88,41.16,1.0,261.97,0.0,123.16,72.22,97.22
2026-05-27 16:40:00,9,179.14,281.88,41.01,2.0,249.38,0.01,117.24,71.31,97.1
2026-05-27 16:45:00,9,179.14,281.88,40.21,0.0,247.28,0.0,116.25,70.38,96.98
2026-05-27 16:50:00,9,179.14,281.88,40.3,1.0,294.54,0.0,138.47,75.83,96.85
2026-05-27 16:55:00,9,179.14,281.88,40.21,0.0,220.42,0.0,103.62,67.88,96.73
2026-05-27 17:00:00,9,179.14,281.88,39.9,0.0,230.08,0.0,108.16,68.75,96.61
2026-05-27 17:05:00,9,179.14,281.88,39.25,2.0,246.9,0.01,116.07,71.06,96.49
2026-05-27 17:10:00,9,179.14,281.88,40.23,0.0,241.46,0.0,113.51,69.81,96.37
2026-05-27 17:15:00,9,179.14,281.88,40.06,0.0,272.51,0.0,128.11,72.99,96.25
2026-05-27 17:20:00,9,179.14,281.88,39.88,3.0,264.82,0.01,124.5,73.24,96.12
2026-05-27 17:25:00,9,179.14,281.88,40.35,1.0,269.6,0.0,126.74,73.03,96.0
2026-05-27 17:30:00,9,179.14,281.88,39.35,1.0,255.44,0.0,120.09,71.55,95.88
2026-05-27 17:35:00,9,179.14,281.88,38.71,3.0,228.84,0.02,107.58,69.72,95.76
2026-05-27 17:40:00,9,179.14,281.88,38.42,0.0,269.12,0.0,126.52,72.62,95.63
2026-05-27 17:45:00,9,179.14,281.88,38.4,2.0,288.71,0.01,135.73,75.52,95.5
2026-05-27 17:50:00,9,179.14,281.88,37.92,1.0,254.98,0.0,119.87,71.5,95.38
2026-05-27 17:55:00,9,179.14,281.88,38.57,2.0,248.94,0.01,117.03,71.26,95.26
2026-05-27 18:00:00,9,179.14,281.88,37.81,0.0,299.27,0.0,140.69,76.03,95.13
2026-05-27 18:05:00,9,179.14,281.88,37.78,2.0,250.65,0.01,117.83,71.43,95.01
2026-05-27 18:10:00,9,179.14,281.88,37.32,1.0,215.31,0.01,101.22,67.8,94.89
2026-05-27 18:15:00,9,179.14,281.88,37.6,0.0,216.12,0.0,101.6,67.5,94.78
2026-05-27 18:20:00,9,179.14,281.88,37.13,0.0,243.77,0.0,114.6,70.03,94.66
2026-05-27 18:25:00,9,179.14,281.88,38.0,0.0,219.37,0.0,103.13,67.79,94.54
2026-05-27 18:30:00,9,179.14,281.88,36.6,2.0,228.34,0.01,107.35,69.3,94.42
2026-05-27 18:35:00,9,179.14,281.88,37.97,0.0,253.03,0.0,118.95,70.95,94.3
2026-05-27 18:40:00,9,179.14,281.88,36.82,0.0,233.0,0.0,109.54,69.01,94.18
2026-05-27 18:45:00,9,179.14,281.88,36.85,0.0,230.58,0.0,108.4,68.79,94.07
2026-05-27 18:50:00,9,179.14,281.88,35.69,1.0,234.65,0.01,110.31,69.53,93.95
2026-05-27 18:55:00,9,179.14,281.88,36.51,1.0,196.15,0.01,92.21,66.23,93.83
2026-05-27 19:00:00,9,179.14,281.88,36.44,2.0,253.36,0.01,119.11,71.7,93.71
2026-05-27 19:05:00,9,179.14,281.88,36.07,1.0,251.21,0.01,118.1,71.13,93.59
2026-05-27 19:10:00,9,179.14,281.88,35.72,0.0,240.35,0.0,112.99,69.7,93.47
2026-05-27 19:15:00,9,179.14,281.88,35.75,0.0,270.02,0.0,126.94,72.71,93.35
2026-05-27 19:20:00,9,179.14,281.88,35.28,1.0,240.88,0.01,113.24,70.12,93.23
2026-05-27 19:25:00,9,179.14,281.88,34.61,1.0,275.6,0.0,129.57,73.67,93.1
2026-05-27 19:30:00,9,179.14,281.88,35.15,1.0,271.9,0.0,127.82,73.26,92.98
2026-05-27 19:35:00,9,179.14,281.88,35.6,0.0,278.08,0.0,130.73,73.59,92.85
2026-05-27 19:40:00,9,179.14,281.88,35.28,0.0,235.76,0.0,110.83,69.26,92.73
2026-05-27 19:45:00,9,179.14,281.88,35.19,2.0,211.55,0.01,99.45,67.83,92.62
2026-05-27 19:50:00,9,179.14,281.88,34.2,1.0,230.39,0.01,108.31,69.14,92.5
2026-05-27 19:55:00,9,179.14,281.88,35.91,1.0,215.65,0.01,101.38,67.83,92.38
2026-05-27 20:00:00,9,179.14,281.88,33.97,0.0,261.85,0.0,123.1,71.85,92.26
2026-05-27 20:05:00,9,179.14,281.88,34.84,0.0,190.54,0.0,89.57,65.43,92.15
2026-05-27 20:10:00,9,179.14,281.88,34.53,0.0,227.78,0.0,107.08,68.53,92.03
2026-05-27 20:15:00,9,179.14,281.88,34.85,0.0,218.38,0.0,102.67,67.7,91.91
2026-05-27 20:20:00,9,179.14,281.88,33.37,1.0,259.31,0.0,121.91,71.93,91.79
2026-05-27 20:25:00,9,179.14,281.88,33.22,1.0,205.46,0.01,96.59,66.97,91.68
2026-05-27 20:30:00,9,179.14,281.88,33.44,0.0,227.63,0.0,107.01,68.51,91.56
2026-05-27 20:35:00,9,179.14,281.88,33.78,0.0,259.83,0.0,122.15,71.64,91.44
2026-05-27 20:40:00,9,179.14,281.88,33.05,0.0,269.25,0.0,126.58,72.63,91.31
2026-05-27 20:45:00,9,179.14,281.88,33.41,0.0,272.71,0.0,128.21,73.0,91.19
2026-05-27 20:50:00,9,179.14,281.88,33.37,0.0,266.39,0.0,125.24,72.32,91.06
2026-05-27 20:55:00,9,179.14,281.88,33.24,2.0,243.6,0.01,114.52,70.73,90.94
2026-05-27 21:00:00,9,179.14,281.88,33.1,0.0,252.64,0.0,118.77,70.9,90.82
2026-05-27 21:05:00,9,179.14,281.88,33.63,0.0,258.93,0.0,121.73,71.54,90.7
2026-05-27 21:10:00,9,179.14,281.88,31.95,1.0,259.31,0.0,121.91,71.93,90.58
2026-05-27 21:15:00,9,179.14,281.88,32.34,0.0,302.16,0.0,142.05,76.36,90.45
2026-05-27 21:20:00,9,179.14,281.88,31.89,0.0,271.81,0.0,127.78,72.9,90.32
2026-05-27 21:25:00,9,179.14,281.88,33.31,1.0,252.52,0.0,118.71,71.24,90.2
2026-05-27 21:30:00,9,179.14,281.88,32.2,0.0,255.73,0.0,120.22,71.21,90.08
2026-05-27 21:35:00,9,179.14,281.88,31.89,2.0,190.62,0.02,89.61,66.17,89.97
2026-05-27 21:40:00,9,179.14,281.88,32.66,3.0,306.96,0.01,144.31,78.02,89.83
2026-05-27 21:45:00,9,179.14,281.88,32.47,1.0,288.16,0.0,135.47,75.07,89.7
2026-05-27 21:50:00,9,179.14,281.88,31.99,1.0,249.42,0.01,117.25,70.95,89.58
2026-05-27 21:55:00,9,179.14,281.88,32.35,2.0,232.05,0.01,109.09,69.63,89.46
2026-05-27 22:00:00,9,179.14,281.88,31.83,1.0,248.72,0.01,116.93,70.88,89.34
2026-05-27 22:05:00,9,179.14,281.88,31.75,0.0,224.26,0.0,105.43,68.21,89.23
2026-05-27 22:10:00,9,179.14,281.88,31.87,0.0,221.38,0.0,104.08,67.95,89.11
2026-05-27 22:15:00,9,179.14,281.88,31.86,2.0,248.04,0.01,116.61,71.16,88.99
2026-05-27 22:20:00,9,179.14,281.88,31.35,2.0,265.58,0.01,124.85,72.95,88.86
2026-05-27 22:25:00,9,179.14,281.88,32.59,0.0,268.4,0.0,126.18,72.53,88.74
2026-05-27 22:30:00,9,179.14,281.88,31.08,2.0,251.02,0.01,118.01,71.46,88.62
2026-05-27 22:35:00,9,179.14,281.88,30.38,0.0,278.83,0.0,131.08,73.66,88.49
2026-05-27 22:40:00,9,179.14,281.88,31.26,1.0,222.1,0.01,104.41,68.38,88.37
2026-05-27 22:45:00,9,179.14,281.88,31.31,0.0,202.53,0.0,95.21,66.36,88.26
2026-05-27 22:50:00,9,179.14,281.88,30.96,1.0,232.01,0.01,109.07,69.28,88.14
2026-05-27 22:55:00,9,179.14,281.88,31.19,2.0,262.05,0.01,123.19,72.58,88.02
2026-05-27 23:00:00,9,179.14,281.88,30.76,0.0,272.0,0.0,127.87,72.92,87.89
2026-05-27 23:05:00,9,179.14,281.88,32.09,1.0,253.2,0.0,119.03,71.31,87.77
2026-05-27 23:10:00,9,179.14,281.88,30.98,3.0,251.63,0.02,118.29,71.89,87.65
2026-05-27 23:15:00,9,179.14,281.88,31.08,3.0,173.36,0.03,81.5,65.29,87.54
2026-05-27 23:20:00,9,179.14,281.88,31.36,1.0,286.18,0.0,134.54,74.84,87.41
2026-05-27 23:25:00,9,179.14,281.88,31.69,3.0,240.27,0.02,112.96,70.78,87.29
2026-05-27 23:30:00,9,179.14,281.88,30.99,0.0,246.49,0.0,115.88,70.29,87.17
2026-05-27 23:35:00,9,179.14,281.88,30.23,2.0,270.36,0.01,127.1,73.46,87.04
2026-05-27 23:40:00,9,179.14,281.88,31.18,4.0,187.42,0.04,88.11,66.67,86.93
2026-05-27 23:45:00,9,179.14,281.88,30.81,2.0,259.89,0.01,122.18,72.36,86.81
2026-05-27 23:50:00,9,179.14,281.88,30.44,2.0,291.2,0.01,136.9,75.79,86.68
2026-05-27 23:55:00,9,179.14,281.88,31.03,1.0,243.21,0.01,114.34,70.34,86.56
2026-05-28 00:00:00,9,179.14,281.88,31.13,4.0,259.81,0.02,122.14,73.07,86.43
2026-05-28 00:05:00,9,179.14,281.88,31.23,1.0,263.93,0.0,124.08,72.41,86.31
2026-05-28 00:10:00,9,179.14,281.88,30.54,0.0,239.1,0.0,112.4,69.57,86.19
2026-05-28 00:15:00,9,179.14,281.88,30.53,1.0,254.15,0.0,119.48,71.4,86.07
2026-05-28 00:20:00,9,179.14,281.88,30.09,0.0,260.65,0.0,122.53,71.71,85.94
2026-05-28 00:25:00,9,179.14,281.88,31.54,3.0,199.26,0.02,93.67,67.19,85.83
2026-05-28 00:30:00,9,179.14,281.88,30.41,3.0,269.08,0.01,126.5,73.67,85.7
2026-05-28 00:35:00,9,179.14,281.88,31.69,3.0,213.02,0.02,100.14,68.32,85.59
2026-05-28 00:40:00,9,179.14,281.88,31.04,1.0,260.75,0.0,122.58,72.08,85.46
2026-05-28 00:45:00,9,179.14,281.88,30.76,1.0,264.9,0.0,124.53,72.51,85.34
2026-05-28 00:50:00,9,179.14,281.88,31.78,1.0,244.19,0.01,114.8,70.43,85.22
2026-05-28 00:55:00,9,179.14,281.88,31.58,2.0,237.38,0.01,111.59,70.13,85.1
2026-05-28 01:00:00,9,179.14,281.88,32.27,1.0,287.46,0.0,135.14,74.99,84.97
2026-05-28 01:05:00,9,179.14,281.88,30.88,1.0,221.97,0.01,104.35,68.37,84.85
2026-05-28 01:10:00,9,179.14,281.88,30.53,1.0,285.73,0.0,134.33,74.79,84.73
2026-05-28 01:15:00,9,179.14,281.88,30.37,1.0,272.79,0.0,128.24,73.35,84.6
2026-05-28 01:20:00,9,179.14,281.88,30.76,3.0,228.32,0.02,107.34,69.66,84.48
2026-05-28 01:25:00,9,179.14,281.88,30.99,1.0,273.57,0.0,128.61,73.44,84.36
2026-05-28 01:30:00,9,179.14,281.88,30.68,1.0,273.04,0.0,128.36,73.38,84.23
2026-05-28 01:35:00,9,179.14,281.88,32.16,2.0,252.3,0.01,118.61,71.59,84.11
2026-05-28 01:40:00,9,179.14,281.88,31.81,3.0,251.86,0.02,118.4,71.91,83.99
2026-05-28 01:45:00,9,179.14,281.88,32.72,1.0,257.86,0.0,121.22,71.78,83.86
2026-05-28 01:50:00,9,179.14,281.88,32.02,1.0,257.86,0.0,121.22,71.78,83.74
2026-05-28 01:55:00,9,179.14,281.88,32.25,3.0,234.24,0.02,110.12,70.21,83.62
2026-05-28 02:00:00,9,179.14,281.88,31.6,0.0,269.9,0.0,126.88,72.69,83.5
2026-05-28 02:05:00,9,179.14,281.88,31.68,5.0,330.55,0.01,155.4,81.71,83.36
2026-05-28 02:10:00,9,179.14,281.88,31.21,0.0,271.1,0.0,127.45,72.82,83.23
2026-05-28 02:15:00,9,179.14,281.88,32.71,0.0,284.39,0.0,133.69,74.29,83.1
2026-05-28 02:20:00,9,179.14,281.88,32.36,3.0,229.71,0.02,107.99,69.79,82.99
2026-05-28 02:25:00,9,179.14,281.88,33.06,4.0,236.41,0.02,111.14,70.76,82.86
2026-05-28 02:30:00,9,179.14,281.88,33.48,2.0,289.19,0.01,135.95,75.56,82.74
2026-05-28 02:35:00,9,179.14,281.88,31.81,9.0,271.25,0.04,127.52,76.07,82.61
2026-05-28 02:40:00,9,179.14,281.88,32.35,0.0,265.23,0.0,124.69,72.2,82.48
2026-05-28 02:45:00,9,179.14,281.88,32.92,0.0,275.13,0.0,129.34,73.26,82.36
2026-05-28 02:50:00,9,179.14,281.88,32.36,3.0,273.4,0.01,128.53,74.14,82.23
2026-05-28 02:55:00,9,179.14,281.88,32.51,1.0,248.08,0.01,116.63,70.82,82.11
2026-05-28 03:00:00,9,179.14,281.88,32.84,6.0,316.98,0.02,149.02,80.33,81.97
2026-05-28 03:05:00,9,179.14,281.88,33.3,3.0,265.14,0.01,124.65,73.26,81.85
2026-05-28 03:10:00,9,179.14,281.88,32.52,0.0,254.56,0.0,119.68,71.1,81.72
2026-05-28 03:15:00,9,179.14,281.88,32.98,2.0,231.71,0.01,108.93,69.6,81.61
2026-05-28 03:20:00,9,179.14,281.88,32.91,4.0,305.36,0.01,143.56,78.17,81.47
2026-05-28 03:25:00,9,179.14,281.88,33.44,2.0,251.62,0.01,118.29,71.52,81.35
2026-05-28 03:30:00,9,179.14,281.88,34.64,2.0,275.02,0.01,129.29,73.97,81.22
2026-05-28 03:35:00,9,179.14,281.88,33.82,1.0,252.18,0.01,118.56,71.23,81.1
2026-05-28 03:40:00,9,179.14,281.88,33.91,1.0,210.23,0.01,98.83,67.37,80.99
2026-05-28 03:45:00,9,179.14,281.88,33.79,0.0,242.61,0.0,114.05,69.91,80.87
2026-05-28 03:50:00,9,179.14,281.88,33.58,3.0,243.46,0.02,114.45,71.09,80.75
2026-05-28 03:55:00,9,179.14,281.88,33.56,2.0,222.69,0.01,104.69,68.79,80.63
2026-05-28 04:00:00,9,179.14,281.88,34.39,1.0,269.05,0.0,126.49,72.96,80.5
2026-05-28 04:05:00,9,179.14,281.88,34.43,4.0,301.36,0.01,141.67,77.69,80.37
2026-05-28 04:10:00,9,179.14,281.88,34.86,1.0,245.16,0.01,115.26,70.53,80.25
2026-05-28 04:15:00,9,179.14,281.88,34.96,3.0,257.42,0.01,121.02,72.46,80.13
2026-05-28 04:20:00,9,179.14,281.88,35.6,1.0,240.67,0.01,113.14,70.1,80.01
2026-05-28 04:25:00,9,179.14,281.88,34.51,1.0,224.22,0.01,105.41,68.58,79.89
2026-05-28 04:30:00,9,179.14,281.88,35.81,2.0,220.49,0.01,103.66,68.6,79.77
2026-05-28 04:35:00,9,179.14,281.88,36.32,1.0,264.84,0.0,124.51,72.51,79.65
2026-05-28 04:40:00,9,179.14,281.88,35.8,1.0,284.64,0.0,133.82,74.68,79.52
2026-05-28 04:45:00,9,179.14,281.88,35.4,2.0,257.21,0.01,120.92,72.09,79.4
2026-05-28 04:50:00,9,179.14,281.88,35.42,1.0,251.06,0.01,118.03,71.12,79.28
2026-05-28 04:55:00,9,179.14,281.88,35.48,3.0,245.89,0.02,115.6,71.33,79.15
2026-05-28 05:00:00,9,179.14,281.88,35.36,0.0,214.45,0.0,100.82,67.36,79.04
2026-05-28 05:05:00,9,179.14,281.88,35.4,0.0,270.76,0.0,127.29,72.79,78.91
2026-05-28 05:10:00,9,179.14,281.88,36.08,0.0,302.87,0.0,142.38,76.46,78.78
2026-05-28 05:15:00,9,179.14,281.88,37.31,0.0,247.39,0.0,116.3,70.39,78.66
2026-05-28 05:20:00,9,179.14,281.88,36.55,1.0,254.35,0.0,119.58,71.43,78.54
2026-05-28 05:25:00,9,179.14,281.88,37.68,0.0,262.15,0.0,123.24,71.88,78.42
2026-05-28 05:30:00,9,179.14,281.88,36.6,0.0,234.31,0.0,110.15,69.13,78.3
2026-05-28 05:35:00,9,179.14,281.88,37.85,2.0,217.17,0.01,102.09,68.31,78.18
2026-05-28 05:40:00,9,179.14,281.88,36.73,1.0,190.62,0.01,89.62,65.81,78.07
2026-05-28 05:45:00,9,179.14,281.88,37.21,0.0,267.88,0.0,125.93,72.49,77.95
2026-05-28 05:50:00,9,179.14,281.88,38.01,0.0,279.9,0.0,131.58,73.8,77.82
2026-05-28 05:55:00,9,179.14,281.88,37.27,1.0,266.27,0.0,125.18,72.67,77.7
2026-05-28 06:00:00,9,179.14,281.88,37.51,1.0,241.72,0.01,113.64,70.21,77.58
2026-05-28 06:05:00,9,179.14,281.88,37.37,1.0,276.81,0.0,130.13,73.8,77.45
2026-05-28 06:10:00,9,179.14,281.88,38.35,2.0,258.19,0.01,121.38,72.19,77.33
2026-05-28 06:15:00,9,179.14,281.88,37.61,1.0,274.23,0.0,128.92,73.52,77.2
2026-05-28 06:20:00,9,179.14,281.88,37.94,1.0,237.74,0.01,111.76,69.83,77.08
2026-05-28 06:25:00,9,179.14,281.88,37.95,0.0,281.47,0.0,132.33,73.97,76.96
2026-05-28 06:30:00,9,179.14,281.88,39.01,2.0,247.44,0.01,116.33,71.12,76.83
2026-05-28 06:35:00,9,179.14,281.88,39.44,1.0,273.25,0.0,128.46,73.42,76.71
2026-05-28 06:40:00,9,179.14,281.88,38.75,1.0,265.26,0.0,124.7,72.56,76.58
2026-05-28 06:45:00,9,179.14,281.88,39.21,0.0,295.11,0.0,138.74,75.54,76.46
2026-05-28 06:50:00,9,179.14,281.88,38.93,1.0,249.77,0.01,117.42,70.99,76.33
2026-05-28 06:55:00,9,179.14,281.88,39.85,1.0,303.24,0.0,142.56,76.86,76.2
2026-05-28 07:00:00,9,179.14,281.88,39.43,0.0,260.68,0.0,122.55,71.73,76.08
2026-05-28 07:05:00,9,179.14,281.88,39.68,0.0,244.63,0.0,115.0,70.12,75.96
2026-05-28 07:10:00,9,179.14,281.88,41.09,0.0,293.27,0.0,137.87,75.33,75.83
2026-05-28 07:15:00,9,179.14,281.88,40.3,0.0,292.95,0.0,137.72,75.29,75.7
2026-05-28 07:20:00,9,179.14,281.88,39.95,0.0,239.64,0.0,112.66,69.64,75.58
2026-05-28 07:25:00,9,179.14,281.88,39.74,0.0,235.7,0.0,110.81,69.27,75.47
2026-05-28 07:30:00,9,179.14,281.88,40.72,1.0,279.79,0.0,131.54,74.14,75.34
2026-05-28 07:35:00,9,179.14,281.88,40.33,0.0,249.74,0.0,117.41,70.63,75.22
2026-05-28 07:40:00,9,179.14,281.88,41.37,0.0,271.8,0.0,127.78,72.92,75.09
2026-05-28 07:45:00,9,179.14,281.88,42.22,0.0,248.95,0.0,117.03,70.55,74.97
2026-05-28 07:50:00,9,179.14,281.88,42.04,0.0,244.36,0.0,114.88,70.1,74.85
2026-05-28 07:55:00,9,179.14,281.88,40.34,0.0,274.27,0.0,128.94,73.18,74.73
2026-05-28 08:00:00,9,179.14,281.88,40.8,1.0,235.58,0.01,110.75,69.63,74.61
2026-05-28 08:05:00,9,179.14,281.88,41.62,1.0,236.31,0.01,111.09,69.7,74.49
2026-05-28 08:10:00,9,179.14,281.88,41.13,0.0,267.22,0.0,125.62,72.42,74.37
2026-05-28 08:15:00,9,179.14,281.88,41.97,0.0,227.98,0.0,107.18,68.56,74.25
2026-05-28 08:20:00,9,179.14,281.88,42.09,2.0,292.57,0.01,137.54,75.97,74.12
2026-05-28 08:25:00,9,179.14,281.88,42.22,1.0,241.98,0.01,113.76,70.24,74.0
2026-05-28 08:30:00,9,179.14,281.88,42.54,1.0,265.53,0.0,124.83,72.6,73.88
2026-05-28 08:35:00,9,179.14,281.88,42.47,0.0,236.97,0.0,111.41,69.39,73.76
2026-05-28 08:40:00,9,179.14,281.88,42.58,0.0,273.46,0.0,128.56,73.1,73.63
2026-05-28 08:45:00,9,179.14,281.88,43.92,0.0,241.4,0.0,113.49,69.82,73.51
2026-05-28 08:50:00,9,179.14,281.88,42.07,0.0,266.74,0.0,125.4,72.38,73.39
2026-05-28 08:55:00,9,179.14,281.88,42.63,4.0,355.54,0.01,167.14,84.79,73.24
2026-05-28 09:00:00,9,179.14,281.88,43.56,1.0,251.73,0.01,118.34,71.2,73.12
2026-05-28 09:05:00,9,179.14,281.88,42.52,0.0,262.05,0.0,123.2,71.88,73.0
2026-05-28 09:10:00,9,179.14,281.88,41.63,1.0,264.13,0.0,124.17,72.45,72.88
2026-05-28 09:15:00,9,179.14,281.88,43.12,2.0,267.99,0.01,125.99,73.23,72.75
2026-05-28 09:20:00,9,179.14,281.88,43.72,0.0,296.75,0.0,139.51,75.74,72.62
2026-05-28 09:25:00,9,179.14,281.88,43.52,0.0,295.06,0.0,138.72,75.54,72.49
2026-05-28 09:30:00,9,179.14,281.88,44.05,2.0,234.89,0.01,110.43,69.92,72.37
2026-05-28 09:35:00,9,179.14,281.88,43.73,1.0,264.17,0.0,124.19,72.46,72.25
2026-05-28 09:40:00,9,179.14,281.88,43.87,3.0,206.92,0.02,97.28,67.83,72.13
2026-05-28 09:45:00,9,179.14,281.88,44.23,0.0,254.83,0.0,119.8,71.14,72.01
2026-05-28 09:50:00,9,179.14,281.88,43.98,0.0,244.23,0.0,114.82,70.09,71.89
2026-05-28 09:55:00,9,179.14,281.88,43.95,1.0,295.81,0.0,139.07,75.98,71.76
2026-05-28 10:00:00,9,179.14,281.88,44.65,0.0,233.39,0.0,109.72,69.06,71.64
2026-05-28 10:05:00,9,179.14,281.88,44.61,1.0,268.29,0.0,126.13,72.9,71.52
2026-05-28 10:10:00,9,179.14,281.88,43.4,0.0,238.13,0.0,111.95,69.51,71.4
2026-05-28 10:15:00,9,179.14,281.88,44.24,0.0,273.5,0.0,128.58,73.11,71.27
2026-05-28 10:20:00,9,179.14,281.88,44.75,0.0,275.83,0.0,129.67,73.36,71.15
2026-05-28 10:25:00,9,179.14,281.88,43.91,2.0,246.6,0.01,115.93,71.04,71.03
2026-05-28 10:30:00,9,179.14,281.88,43.69,0.0,272.94,0.0,128.31,73.04,70.9
2026-05-28 10:35:00,9,179.14,281.88,44.31,0.0,224.51,0.0,105.54,68.25,70.79
2026-05-28 10:40:00,9,179.14,281.88,45.13,1.0,262.13,0.0,123.23,72.25,70.66
2026-05-28 10:45:00,9,179.14,281.88,44.04,2.0,226.36,0.01,106.42,69.14,70.54
2026-05-28 10:50:00,9,179.14,281.88,45.2,1.0,316.34,0.0,148.72,78.49,70.41
2026-05-28 10:55:00,9,179.14,281.88,44.32,2.0,270.15,0.01,127.0,73.46,70.29
2026-05-28 11:00:00,9,179.14,281.88,44.42,2.0,284.75,0.01,133.87,75.08,70.16
2026-05-28 11:05:00,9,179.14,281.88,45.37,2.0,248.8,0.01,116.97,71.26,70.04
2026-05-28 11:10:00,9,179.14,281.88,44.48,0.0,236.39,0.0,111.13,69.34,69.92
2026-05-28 11:15:00,9,179.14,281.88,44.28,1.0,289.37,0.0,136.04,75.23,69.79
2026-05-28 11:20:00,9,179.14,281.88,44.79,1.0,276.83,0.0,130.14,73.82,69.66
2026-05-28 11:25:00,9,179.14,281.88,45.29,0.0,285.47,0.0,134.21,74.44,69.53
2026-05-28 11:30:00,9,179.14,281.88,44.72,2.0,227.58,0.01,106.99,69.25,69.42
2026-05-28 11:35:00,9,179.14,281.88,45.23,1.0,232.63,0.01,109.37,69.37,69.3
2026-05-28 11:40:00,9,179.14,281.88,45.5,1.0,266.06,0.0,125.08,72.66,69.17
2026-05-28 11:45:00,9,179.14,281.88,45.17,3.0,266.42,0.01,125.25,73.42,69.05
2026-05-28 11:50:00,9,179.14,281.88,44.07,1.0,226.37,0.01,106.42,68.79,68.93
2026-05-28 11:55:00,9,179.14,281.88,45.12,2.0,205.87,0.02,96.78,67.4,68.82
2026-05-28 12:00:00,9,179.14,281.88,44.41,4.0,285.3,0.02,134.13,75.86,68.69
2026-05-28 12:05:00,9,179.14,281.88,44.95,3.0,282.38,0.01,132.75,75.16,68.56
2026-05-28 12:10:00,9,179.14,281.88,44.3,1.0,265.46,0.0,124.8,72.6,68.43
2026-05-28 12:15:00,9,179.14,281.88,44.5,2.0,300.49,0.01,141.27,76.91,68.3
2026-05-28 12:20:00,9,179.14,281.88,45.08,3.0,270.98,0.01,127.39,73.9,68.18
2026-05-28 12:25:00,9,179.14,281.88,45.02,1.0,259.83,0.0,122.15,72.01,68.05
2026-05-28 12:30:00,9,179.14,281.88,45.37,1.0,266.25,0.0,125.17,72.68,67.93
2026-05-28 12:35:00,9,179.14,281.88,45.7,2.0,232.5,0.01,109.3,69.7,67.81
2026-05-28 12:40:00,9,179.14,281.88,45.25,4.0,251.54,0.02,118.25,72.25,67.69
2026-05-28 12:45:00,9,179.14,281.88,44.87,0.0,262.68,0.0,123.49,71.95,67.56
2026-05-28 12:50:00,9,179.14,281.88,45.14,1.0,265.86,0.0,124.98,72.64,67.44
2026-05-28 12:55:00,9,179.14,281.88,44.35,0.0,281.84,0.0,132.5,74.03,67.31
2026-05-28 13:00:00,9,179.14,281.88,44.99,1.0,257.14,0.0,120.89,71.73,67.19
2026-05-28 13:05:00,9,179.14,281.88,44.6,0.0,235.04,0.0,110.5,69.22,67.07
2026-05-28 13:10:00,9,179.14,281.88,44.3,0.0,281.16,0.0,132.18,73.95,66.94
2026-05-28 13:15:00,9,179.14,281.88,44.97,4.0,293.88,0.01,138.16,76.83,66.81
2026-05-28 13:20:00,9,179.14,281.88,44.31,0.0,235.33,0.0,110.63,69.24,66.69
2026-05-28 13:25:00,9,179.14,281.88,45.33,4.0,250.11,0.02,117.58,72.11,66.57
2026-05-28 13:30:00,9,179.14,281.88,44.2,1.0,233.21,0.01,109.64,69.42,66.45
2026-05-28 13:35:00,9,179.14,281.88,44.72,1.0,250.34,0.01,117.69,71.06,66.33
2026-05-28 13:40:00,9,179.14,281.88,43.98,0.0,234.99,0.0,110.47,69.21,66.21
2026-05-28 13:45:00,9,179.14,281.88,45.23,4.0,248.55,0.02,116.85,71.96,66.09
2026-05-28 13:50:00,9,179.14,281.88,43.48,3.0,301.68,0.01,141.83,77.4,65.96
2026-05-28 13:55:00,9,179.14,281.88,43.44,13.0,266.76,0.06,125.41,77.05,65.83
2026-05-28 14:00:00,9,179.14,281.88,44.28,1.0,203.65,0.01,95.74,66.85,65.71
2026-05-28 14:05:00,9,179.14,281.88,43.67,4.0,236.75,0.02,111.3,70.82,65.59
2026-05-28 14:10:00,9,179.14,281.88,43.8,1.0,297.0,0.0,139.62,76.12,65.46
2026-05-28 14:15:00,9,179.14,281.88,44.25,1.0,256.58,0.0,120.62,71.67,65.34
2026-05-28 14:20:00,9,179.14,281.88,44.56,0.0,250.97,0.0,117.99,70.76,65.22
2026-05-28 14:25:00,9,179.14,281.88,43.69,1.0,272.21,0.0,127.97,73.31,65.09
2026-05-28 14:30:00,9,179.14,281.88,42.94,2.0,269.7,0.01,126.79,73.41,64.97
2026-05-28 14:35:00,9,179.14,281.88,43.55,0.0,249.0,0.0,117.06,70.56,64.85
2026-05-28 14:40:00,9,179.14,281.88,43.54,1.0,253.73,0.0,119.28,71.38,64.72
2026-05-28 14:45:00,9,179.14,281.88,43.68,0.0,285.41,0.0,134.18,74.43,64.6
2026-05-28 14:50:00,9,179.14,281.88,42.86,1.0,213.01,0.01,100.14,67.62,64.48
2026-05-28 14:55:00,9,179.14,281.88,43.77,1.0,257.63,0.0,121.12,71.78,64.36
2026-05-28 15:00:00,9,179.14,281.88,42.79,0.0,263.86,0.0,124.05,72.07,64.24
2026-05-28 15:05:00,9,179.14,281.88,43.04,1.0,252.15,0.01,118.54,71.24,64.11
2026-05-28 15:10:00,9,179.14,281.88,41.99,1.0,269.38,0.0,126.64,73.01,63.99
2026-05-28 15:15:00,9,179.14,281.88,43.07,3.0,250.61,0.02,117.82,71.81,63.87
2026-05-28 15:20:00,9,179.14,281.88,43.08,1.0,299.7,0.0,140.9,76.44,63.74
2026-05-28 15:25:00,9,179.14,281.88,41.4,0.0,261.91,0.0,123.13,71.87,63.61
2026-05-28 15:30:00,9,179.14,281.88,42.58,9.0,275.61,0.04,129.57,76.56,63.48
2026-05-28 15:35:00,9,179.14,281.88,42.32,2.0,262.79,0.01,123.54,72.68,63.36
2026-05-28 15:40:00,9,179.14,281.88,41.6,1.0,284.9,0.0,133.94,74.72,63.23
2026-05-28 15:45:00,9,179.14,281.88,41.23,0.0,219.01,0.0,102.96,67.76,63.11
2026-05-28 15:50:00,9,179.14,281.88,41.85,3.0,225.56,0.02,106.04,69.43,63.0
2026-05-28 15:55:00,9,179.14,281.88,41.45,0.0,244.1,0.0,114.75,70.07,62.88
2026-05-28 16:00:00,9,179.14,281.88,41.99,2.0,299.4,0.01,140.75,76.77,62.74
2026-05-28 16:05:00,9,179.14,281.88,41.97,4.0,264.24,0.02,124.22,73.55,62.62
2026-05-28 16:10:00,9,179.14,281.88,40.58,0.0,269.46,0.0,126.68,72.66,62.49
2026-05-28 16:15:00,9,179.14,281.88,40.95,1.0,237.78,0.01,111.78,69.84,62.38
2026-05-28 16:20:00,9,179.14,281.88,40.61,1.0,261.5,0.0,122.94,72.17,62.25
2026-05-28 16:25:00,9,179.14,281.88,41.56,0.0,243.14,0.0,114.3,69.98,62.13
2026-05-28 16:30:00,9,179.14,281.88,40.31,0.0,242.47,0.0,113.99,69.91,62.01
2026-05-28 16:35:00,9,179.14,281.88,40.15,1.0,230.53,0.01,108.37,69.16,61.89
2026-05-28 16:40:00,9,179.14,281.88,40.15,1.0,265.31,0.0,124.72,72.57,61.77
2026-05-28 16:45:00,9,179.14,281.88,40.44,0.0,224.63,0.0,105.6,68.26,61.65
2026-05-28 16:50:00,9,179.14,281.88,40.11,3.0,302.4,0.01,142.16,77.48,61.52
2026-05-28 16:55:00,9,179.14,281.88,40.53,2.0,258.81,0.01,121.67,72.26,61.4
2026-05-28 17:00:00,9,179.14,281.88,39.35,0.0,268.72,0.0,126.33,72.58,61.27
2026-05-28 17:05:00,9,179.14,281.88,39.79,0.0,241.96,0.0,113.75,69.86,61.15
2026-05-28 17:10:00,9,179.14,281.88,38.71,1.0,239.37,0.01,112.53,69.98,61.03
2026-05-28 17:15:00,9,179.14,281.88,39.12,0.0,282.61,0.0,132.86,74.1,60.91
2026-05-28 17:20:00,9,179.14,281.88,39.59,1.0,282.12,0.0,132.63,74.4,60.78
2026-05-28 17:25:00,9,179.14,281.88,39.36,1.0,253.55,0.0,119.2,71.35,60.66
2026-05-28 17:30:00,9,179.14,281.88,38.1,0.0,277.07,0.0,130.25,73.48,60.53
2026-05-28 17:35:00,9,179.14,281.88,38.04,0.0,261.07,0.0,122.73,71.77,60.41
2026-05-28 17:40:00,9,179.14,281.88,38.55,1.0,234.59,0.01,110.29,69.53,60.29
2026-05-28 17:45:00,9,179.14,281.88,37.13,1.0,201.9,0.01,94.92,66.69,60.18
2026-05-28 17:50:00,9,179.14,281.88,38.98,5.0,280.81,0.02,132.01,75.69,60.05
2026-05-28 17:55:00,9,179.14,281.88,37.78,0.0,254.04,0.0,119.43,71.05,59.93
2026-05-28 18:00:00,9,179.14,281.88,38.06,0.0,229.53,0.0,107.91,68.69,59.81
2026-05-28 18:05:00,9,179.14,281.88,37.42,0.0,263.06,0.0,123.67,71.98,59.69
2026-05-28 18:10:00,9,179.14,281.88,37.65,0.0,278.65,0.0,131.0,73.66,59.56
2026-05-28 18:15:00,9,179.14,281.88,37.81,1.0,270.14,0.0,127.0,73.08,59.44
2026-05-28 18:20:00,9,179.14,281.88,37.73,3.0,276.8,0.01,130.13,74.52,59.31
2026-05-28 18:25:00,9,179.14,281.88,36.9,2.0,275.18,0.01,129.37,74.0,59.18
2026-05-28 18:30:00,9,179.14,281.88,36.21,3.0,306.38,0.01,144.04,77.95,59.05
2026-05-28 18:35:00,9,179.14,281.88,37.31,1.0,248.33,0.01,116.75,70.85,58.93
2026-05-28 18:40:00,9,179.14,281.88,36.85,0.0,241.53,0.0,113.55,69.82,58.81
2026-05-28 18:45:00,9,179.14,281.88,37.68,0.0,242.66,0.0,114.08,69.93,58.69
2026-05-28 18:50:00,9,179.14,281.88,35.73,1.0,269.27,0.0,126.59,72.98,58.56
2026-05-28 18:55:00,9,179.14,281.88,37.14,1.0,258.71,0.0,121.62,71.88,58.44
2026-05-28 19:00:00,9,179.14,281.88,36.66,2.0,245.09,0.01,115.22,70.88,58.32
2026-05-28 19:05:00,9,179.14,281.88,36.09,0.0,225.26,0.0,105.9,68.3,58.2
2026-05-28 19:10:00,9,179.14,281.88,36.58,1.0,261.88,0.0,123.11,72.2,58.08
2026-05-28 19:15:00,9,179.14,281.88,35.92,0.0,265.93,0.0,125.02,72.28,57.96
2026-05-28 19:20:00,9,179.14,281.88,35.74,1.0,271.29,0.0,127.54,73.2,57.83
2026-05-28 19:25:00,9,179.14,281.88,35.64,2.0,235.76,0.01,110.83,69.98,57.71
2026-05-28 19:30:00,9,179.14,281.88,35.22,1.0,280.73,0.0,131.98,74.24,57.59
2026-05-28 19:35:00,9,179.14,281.88,35.33,0.0,276.08,0.0,129.79,73.37,57.46
2026-05-28 19:40:00,9,179.14,281.88,34.71,2.0,268.27,0.01,126.12,73.24,57.33
2026-05-28 19:45:00,9,179.14,281.88,34.83,1.0,245.76,0.01,115.54,70.59,57.21
2026-05-28 19:50:00,9,179.14,281.88,34.54,0.0,249.9,0.0,117.48,70.63,57.09
2026-05-28 19:55:00,9,179.14,281.88,34.87,0.0,238.86,0.0,112.29,69.56,56.97
2026-05-28 20:00:00,9,179.14,281.88,34.21,0.0,276.38,0.0,129.93,73.4,56.85
2026-05-28 20:05:00,9,179.14,281.88,35.14,0.0,261.33,0.0,122.85,71.79,56.73
2026-05-28 20:10:00,9,179.14,281.88,34.64,2.0,316.58,0.01,148.83,78.86,56.59
2026-05-28 20:15:00,9,179.14,281.88,33.79,0.0,239.3,0.0,112.5,69.6,56.47
2026-05-28 20:20:00,9,179.14,281.88,33.6,1.0,223.29,0.01,104.97,68.49,56.36
2026-05-28 20:25:00,9,179.14,281.88,34.45,0.0,291.27,0.0,136.93,75.08,56.23
2026-05-28 20:30:00,9,179.14,281.88,33.75,1.0,209.84,0.01,98.65,67.34,56.11
2026-05-28 20:35:00,9,179.14,281.88,34.37,1.0,233.79,0.01,109.91,69.45,55.99
2026-05-28 20:40:00,9,179.14,281.88,34.48,0.0,235.64,0.0,110.78,69.25,55.87
2026-05-28 20:45:00,9,179.14,281.88,33.06,0.0,261.72,0.0,123.04,71.83,55.75
2026-05-28 20:50:00,9,179.14,281.88,33.65,2.0,260.57,0.01,122.5,72.43,55.63
2026-05-28 20:55:00,9,179.14,281.88,32.92,0.0,261.31,0.0,122.85,71.79,55.51
2026-05-28 21:00:00,9,179.14,281.88,32.45,0.0,240.08,0.0,112.86,69.67,55.39
2026-05-28 21:05:00,9,179.14,281.88,32.35,1.0,232.78,0.01,109.43,69.35,55.27
2026-05-28 21:10:00,9,179.14,281.88,33.07,0.0,289.34,0.0,136.02,74.86,55.14
2026-05-28 21:15:00,9,179.14,281.88,32.37,1.0,244.57,0.01,114.98,70.47,55.02
2026-05-28 21:20:00,9,179.14,281.88,32.78,1.0,262.16,0.0,123.25,72.23,54.9
2026-05-28 21:25:00,9,179.14,281.88,32.71,0.0,258.53,0.0,121.54,71.5,54.77
2026-05-28 21:30:00,9,179.14,281.88,32.69,0.0,262.65,0.0,123.48,71.93,54.65
2026-05-28 21:35:00,9,179.14,281.88,32.51,0.0,248.67,0.0,116.9,70.5,54.53
2026-05-28 21:40:00,9,179.14,281.88,32.85,0.0,238.36,0.0,112.06,69.51,54.41
2026-05-28 21:45:00,9,179.14,281.88,31.78,0.0,278.38,0.0,130.87,73.62,54.29
2026-05-28 21:50:00,9,179.14,281.88,31.53,0.0,292.62,0.0,137.57,75.24,54.16
2026-05-28 21:55:00,9,179.14,281.88,31.62,0.0,243.96,0.0,114.69,70.04,54.04
2026-05-28 22:00:00,9,179.14,281.88,32.95,1.0,268.21,0.0,126.09,72.86,53.91
2026-05-28 22:05:00,9,179.14,281.88,31.9,1.0,259.38,0.0,121.94,71.94,53.79
2026-05-28 22:10:00,9,179.14,281.88,31.39,0.0,260.07,0.0,122.26,71.66,53.67
2026-05-28 22:15:00,9,179.14,281.88,31.92,0.0,279.21,0.0,131.26,73.71,53.54
2026-05-28 22:20:00,9,179.14,281.88,32.2,0.0,265.16,0.0,124.66,72.19,53.42
2026-05-28 22:25:00,9,179.14,281.88,31.63,1.0,220.19,0.01,103.51,68.22,53.3
2026-05-28 22:30:00,9,179.14,281.88,31.77,1.0,275.08,0.0,129.32,73.6,53.18
2026-05-28 22:35:00,9,179.14,281.88,31.51,1.0,239.47,0.01,112.58,69.98,53.06
2026-05-28 22:40:00,9,179.14,281.88,31.89,0.0,257.11,0.0,120.87,71.35,52.93
2026-05-28 22:45:00,9,179.14,281.88,31.15,1.0,283.44,0.0,133.25,74.53,52.81
2026-05-28 22:50:00,9,179.14,281.88,31.68,0.0,236.05,0.0,110.97,69.29,52.69
2026-05-28 22:55:00,9,179.14,281.88,31.9,1.0,209.95,0.01,98.7,67.34,52.57
2026-05-28 23:00:00,9,179.14,281.88,32.22,0.0,253.93,0.0,119.38,71.03,52.45
2026-05-28 23:05:00,9,179.14,281.88,30.66,1.0,223.52,0.01,105.08,68.51,52.34
2026-05-28 23:10:00,9,179.14,281.88,31.19,1.0,230.2,0.01,108.22,69.11,52.22
2026-05-28 23:15:00,9,179.14,281.88,30.96,1.0,233.27,0.01,109.66,69.39,52.1
2026-05-28 23:20:00,9,179.14,281.88,31.19,0.0,270.3,0.0,127.07,72.73,51.97
2026-05-28 23:25:00,9,179.14,281.88,31.6,0.0,227.0,0.0,106.72,68.45,51.86
2026-05-28 23:30:00,9,179.14,281.88,31.51,9.0,295.07,0.03,138.72,78.73,51.72
2026-05-28 23:35:00,9,179.14,281.88,30.46,2.0,211.52,0.01,99.44,67.82,51.61
2026-05-28 23:40:00,9,179.14,281.88,31.39,1.0,239.84,0.01,112.75,70.01,51.49
2026-05-28 23:45:00,9,179.14,281.88,31.44,0.0,242.58,0.0,114.04,69.91,51.37
2026-05-28 23:50:00,9,179.14,281.88,30.71,1.0,262.29,0.0,123.31,72.24,51.24
2026-05-28 23:55:00,9,179.14,281.88,30.52,0.0,269.44,0.0,126.67,72.64,51.12
2026-05-29 00:00:00,9,179.14,281.88,31.13,2.0,258.3,0.01,121.43,72.19,51.0
2026-05-29 00:05:00,9,179.14,281.88,31.29,2.0,230.56,0.01,108.39,69.5,50.88
2026-05-29 00:10:00,9,179.14,281.88,31.56,1.0,257.9,0.0,121.25,71.78,50.75
2026-05-29 00:15:00,9,179.14,281.88,31.19,1.0,270.89,0.0,127.35,73.15,50.63
2026-05-29 00:20:00,9,179.14,281.88,30.42,4.0,276.94,0.02,130.19,74.9,50.5
2026-05-29 00:25:00,9,179.14,281.88,31.03,1.0,269.52,0.0,126.7,73.0,50.38
2026-05-29 00:30:00,9,179.14,281.88,31.03,1.0,222.83,0.01,104.75,68.45,50.26
2026-05-29 00:35:00,9,179.14,281.88,32.62,1.0,242.87,0.01,114.18,70.31,50.14
2026-05-29 00:40:00,9,179.14,281.88,31.02,4.0,281.26,0.02,132.23,75.38,50.01
2026-05-29 00:45:00,9,179.14,281.88,31.28,4.0,258.99,0.02,121.76,72.99,49.89
2026-05-29 00:50:00,9,179.14,281.88,31.67,3.0,228.58,0.02,107.46,69.69,49.77
2026-05-29 00:55:00,9,179.14,281.88,31.51,3.0,273.99,0.01,128.81,74.21,49.64
2026-05-29 01:00:00,9,179.14,281.88,31.05,1.0,253.44,0.0,119.15,71.33,49.52
2026-05-29 01:05:00,9,179.14,281.88,31.39,2.0,217.12,0.01,102.07,68.3,49.4
2026-05-29 01:10:00,9,179.14,281.88,30.94,1.0,281.14,0.0,132.17,74.27,49.27
2026-05-29 01:15:00,9,179.14,281.88,31.22,2.0,240.23,0.01,112.94,70.4,49.15
2026-05-29 01:20:00,9,179.14,281.88,31.43,3.0,270.05,0.01,126.95,73.78,49.03
2026-05-29 01:25:00,9,179.14,281.88,31.82,0.0,238.87,0.0,112.3,69.55,48.91
2026-05-29 01:30:00,9,179.14,281.88,31.44,2.0,289.62,0.01,136.15,75.61,48.78
2026-05-29 01:35:00,9,179.14,281.88,31.49,1.0,255.99,0.0,120.34,71.59,48.66
2026-05-29 01:40:00,9,179.14,281.88,31.14,2.0,212.85,0.01,100.06,67.93,48.54
2026-05-29 01:45:00,9,179.14,281.88,32.33,1.0,214.31,0.01,100.75,67.71,48.43
2026-05-29 01:50:00,9,179.14,281.88,31.84,2.0,279.96,0.01,131.61,74.51,48.3
2026-05-29 01:55:00,9,179.14,281.88,31.5,4.0,283.48,0.02,133.27,75.63,48.17
2026-05-29 02:00:00,9,179.14,281.88,31.87,3.0,258.28,0.01,121.42,72.54,48.05
2026-05-29 02:05:00,9,179.14,281.88,31.17,3.0,246.68,0.02,115.97,71.4,47.92
2026-05-29 02:10:00,9,179.14,281.88,32.08,2.0,265.88,0.01,124.99,72.98,47.8
2026-05-29 02:15:00,9,179.14,281.88,32.51,3.0,248.22,0.02,116.69,71.55,47.68
2026-05-29 02:20:00,9,179.14,281.88,32.7,0.0,264.85,0.0,124.51,72.16,47.55
2026-05-29 02:25:00,9,179.14,281.88,32.3,4.0,263.8,0.02,124.02,73.49,47.43
2026-05-29 02:30:00,9,179.14,281.88,31.88,1.0,249.74,0.01,117.41,70.98,47.31
2026-05-29 02:35:00,9,179.14,281.88,32.13,0.0,235.65,0.0,110.78,69.25,47.19
2026-05-29 02:40:00,9,179.14,281.88,31.92,1.0,268.75,0.0,126.34,72.92,47.06
2026-05-29 02:45:00,9,179.14,281.88,32.93,1.0,256.27,0.0,120.48,71.62,46.94
2026-05-29 02:50:00,9,179.14,281.88,33.35,0.0,245.88,0.0,115.59,70.23,46.82
2026-05-29 02:55:00,9,179.14,281.88,33.29,1.0,244.19,0.01,114.8,70.44,46.7
2026-05-29 03:00:00,9,179.14,281.88,33.72,6.0,322.0,0.02,151.38,80.97,46.56
2026-05-29 03:05:00,9,179.14,281.88,33.12,2.0,262.44,0.01,123.38,72.63,46.44
2026-05-29 03:10:00,9,179.14,281.88,33.05,1.0,243.16,0.01,114.32,70.34,46.32
2026-05-29 03:15:00,9,179.14,281.88,33.75,0.0,269.51,0.0,126.7,72.65,46.19
2026-05-29 03:20:00,9,179.14,281.88,33.71,1.0,241.33,0.01,113.45,70.16,46.07
2026-05-29 03:25:00,9,179.14,281.88,33.19,0.0,298.07,0.0,140.13,75.88,45.94
2026-05-29 03:30:00,9,179.14,281.88,33.23,0.0,239.87,0.0,112.76,69.65,45.82
2026-05-29 03:35:00,9,179.14,281.88,32.97,2.0,252.15,0.01,118.54,71.57,45.7
2026-05-29 03:40:00,9,179.14,281.88,33.32,2.0,302.56,0.01,142.24,77.13,45.57
2026-05-29 03:45:00,9,179.14,281.88,34.32,1.0,268.65,0.0,126.3,72.91,45.45
2026-05-29 03:50:00,9,179.14,281.88,33.43,0.0,247.17,0.0,116.2,70.36,45.33
2026-05-29 03:55:00,9,179.14,281.88,35.0,2.0,228.83,0.01,107.58,69.34,45.21
2026-05-29 04:00:00,9,179.14,281.88,35.13,0.0,278.79,0.0,131.06,73.67,45.08
2026-05-29 04:05:00,9,179.14,281.88,34.47,1.0,227.36,0.01,106.89,68.86,44.96
2026-05-29 04:10:00,9,179.14,281.88,35.13,1.0,242.52,0.01,114.01,70.28,44.84
2026-05-29 04:15:00,9,179.14,281.88,35.11,0.0,243.29,0.0,114.37,69.98,44.72
2026-05-29 04:20:00,9,179.14,281.88,34.79,3.0,287.15,0.01,134.99,75.68,44.59
2026-05-29 04:25:00,9,179.14,281.88,36.02,1.0,198.08,0.01,93.12,66.38,44.48
2026-05-29 04:30:00,9,179.14,281.88,34.39,0.0,232.09,0.0,109.11,68.92,44.36
2026-05-29 04:35:00,9,179.14,281.88,35.26,1.0,241.23,0.01,113.41,70.15,44.24
2026-05-29 04:40:00,9,179.14,281.88,36.28,3.0,286.67,0.01,134.77,75.63,44.11
2026-05-29 04:45:00,9,179.14,281.88,35.62,0.0,235.08,0.0,110.51,69.2,44.0
2026-05-29 04:50:00,9,179.14,281.88,36.53,4.0,261.31,0.02,122.85,73.23,43.87
2026-05-29 04:55:00,9,179.14,281.88,35.94,0.0,243.9,0.0,114.66,70.04,43.75
2026-05-29 05:00:00,9,179.14,281.88,35.86,0.0,243.35,0.0,114.4,69.99,43.63
2026-05-29 05:05:00,9,179.14,281.88,36.33,0.0,259.41,0.0,121.95,71.6,43.51
2026-05-29 05:10:00,9,179.14,281.88,36.35,0.0,276.09,0.0,129.8,73.37,43.38
2026-05-29 05:15:00,9,179.14,281.88,37.1,3.0,276.63,0.01,130.05,74.5,43.26
2026-05-29 05:20:00,9,179.14,281.88,36.24,0.0,258.91,0.0,121.72,71.55,43.13
2026-05-29 05:25:00,9,179.14,281.88,37.92,0.0,262.58,0.0,123.44,71.93,43.01
2026-05-29 05:30:00,9,179.14,281.88,36.86,1.0,265.18,0.0,124.66,72.55,42.89
2026-05-29 05:35:00,9,179.14,281.88,37.25,0.0,266.2,0.0,125.14,72.31,42.76
2026-05-29 05:40:00,9,179.14,281.88,37.5,0.0,278.85,0.0,131.09,73.68,42.64
2026-05-29 05:45:00,9,179.14,281.88,38.42,2.0,254.91,0.01,119.84,71.86,42.52
2026-05-29 05:50:00,9,179.14,281.88,37.78,0.0,252.04,0.0,118.49,70.85,42.39
2026-05-29 05:55:00,9,179.14,281.88,37.81,3.0,295.16,0.01,138.76,76.61,42.26
2026-05-29 06:00:00,9,179.14,281.88,38.3,0.0,230.84,0.0,108.52,68.81,42.15
2026-05-29 06:05:00,9,179.14,281.88,37.99,1.0,260.91,0.0,122.66,72.11,42.02
2026-05-29 06:10:00,9,179.14,281.88,37.95,0.0,272.36,0.0,128.04,72.97,41.9
2026-05-29 06:15:00,9,179.14,281.88,38.08,0.0,249.73,0.0,117.4,70.62,41.78
2026-05-29 06:20:00,9,179.14,281.88,38.03,1.0,264.75,0.0,124.47,72.51,41.65
2026-05-29 06:25:00,9,179.14,281.88,38.74,2.0,219.16,0.01,103.03,68.49,41.54
2026-05-29 06:30:00,9,179.14,281.88,38.89,0.0,272.52,0.0,128.12,72.99,41.41
2026-05-29 06:35:00,9,179.14,281.88,38.74,0.0,220.62,0.0,103.72,67.9,41.29
2026-05-29 06:40:00,9,179.14,281.88,38.31,0.0,259.73,0.0,122.1,71.63,41.17
2026-05-29 06:45:00,9,179.14,281.88,39.42,4.0,255.44,0.02,120.09,72.64,41.05
2026-05-29 06:50:00,9,179.14,281.88,38.94,1.0,292.21,0.0,137.37,75.55,40.92
2026-05-29 06:55:00,9,179.14,281.88,39.69,0.0,221.72,0.0,104.24,68.0,40.8
2026-05-29 07:00:00,9,179.14,281.88,40.46,1.0,240.31,0.01,112.97,70.08,40.68
2026-05-29 07:05:00,9,179.14,281.88,40.42,0.0,237.36,0.0,111.59,69.43,40.56
2026-05-29 07:10:00,9,179.14,281.88,40.24,0.0,249.78,0.0,117.43,70.63,40.44
2026-05-29 07:15:00,9,179.14,281.88,41.0,0.0,254.81,0.0,119.79,71.14,40.32
2026-05-29 07:20:00,9,179.14,281.88,39.91,0.0,246.95,0.0,116.1,70.35,40.2
2026-05-29 07:25:00,9,179.14,281.88,40.09,1.0,289.12,0.0,135.92,75.2,40.07
2026-05-29 07:30:00,9,179.14,281.88,40.68,0.0,208.52,0.0,98.03,66.87,39.96
2026-05-29 07:35:00,9,179.14,281.88,40.25,0.0,255.77,0.0,120.24,71.23,39.84
2026-05-29 07:40:00,9,179.14,281.88,41.46,0.0,232.4,0.0,109.26,68.97,39.72
2026-05-29 07:45:00,9,179.14,281.88,40.85,2.0,252.85,0.01,118.87,71.66,39.6
2026-05-29 07:50:00,9,179.14,281.88,40.61,0.0,242.28,0.0,113.9,69.9,39.48
2026-05-29 07:55:00,9,179.14,281.88,41.23,1.0,235.56,0.01,110.74,69.63,39.36
2026-05-29 08:00:00,9,179.14,281.88,41.07,0.0,269.49,0.0,126.69,72.67,39.23
2026-05-29 08:05:00,9,179.14,281.88,42.34,0.0,193.17,0.0,90.81,65.65,39.12
2026-05-29 08:10:00,9,179.14,281.88,41.07,0.0,272.46,0.0,128.09,72.99,39.0
2026-05-29 08:15:00,9,179.14,281.88,42.09,0.0,267.04,0.0,125.54,72.41,38.87
2026-05-29 08:20:00,9,179.14,281.88,41.61,2.0,278.82,0.01,131.08,74.41,38.75
2026-05-29 08:25:00,9,179.14,281.88,41.11,0.0,231.12,0.0,108.65,68.85,38.63
2026-05-29 08:30:00,9,179.14,281.88,42.14,0.0,233.47,0.0,109.76,69.07,38.51
2026-05-29 08:35:00,9,179.14,281.88,42.32,0.0,267.92,0.0,125.95,72.5,38.39
2026-05-29 08:40:00,9,179.14,281.88,42.03,0.0,243.73,0.0,114.58,70.04,38.27
2026-05-29 08:45:00,9,179.14,281.88,42.07,0.0,266.93,0.0,125.49,72.4,38.14
2026-05-29 08:50:00,9,179.14,281.88,42.69,0.0,263.32,0.0,123.79,72.02,38.02
2026-05-29 08:55:00,9,179.14,281.88,42.08,0.0,231.15,0.0,108.67,68.85,37.9
2026-05-29 09:00:00,9,179.14,281.88,43.98,0.0,200.7,0.0,94.35,66.24,37.79
2026-05-29 09:05:00,9,179.14,281.88,43.58,1.0,227.78,0.01,107.09,68.92,37.67
2026-05-29 09:10:00,9,179.14,281.88,42.78,1.0,248.18,0.01,116.67,70.84,37.55
2026-05-29 09:15:00,9,179.14,281.88,41.88,1.0,224.78,0.01,105.67,68.64,37.43
2026-05-29 09:20:00,9,179.14,281.88,43.98,0.0,277.04,0.0,130.24,73.49,37.31
2026-05-29 09:25:00,9,179.14,281.88,42.44,1.0,272.72,0.0,128.21,73.37,37.18
2026-05-29 09:30:00,9,179.14,281.88,43.22,2.0,259.68,0.01,122.08,72.36,37.06
2026-05-29 09:35:00,9,179.14,281.88,43.93,0.0,267.01,0.0,125.52,72.41,36.93
2026-05-29 09:40:00,9,179.14,281.88,43.79,0.0,265.29,0.0,124.72,72.23,36.81
2026-05-29 09:45:00,9,179.14,281.88,44.4,0.0,258.04,0.0,121.31,71.47,36.69
2026-05-29 09:50:00,9,179.14,281.88,43.5,0.0,217.14,0.0,102.08,67.6,36.57
2026-05-29 09:55:00,9,179.14,281.88,44.43,0.0,218.07,0.0,102.52,67.69,36.46
2026-05-29 10:00:00,9,179.14,281.88,44.35,0.0,275.25,0.0,129.4,73.3,36.33
2026-05-29 10:05:00,9,179.14,281.88,44.23,0.0,274.1,0.0,128.86,73.17,36.21
2026-05-29 10:10:00,9,179.14,281.88,44.04,1.0,247.68,0.01,116.44,70.8,36.09
2026-05-29 10:15:00,9,179.14,281.88,43.86,0.0,266.89,0.0,125.47,72.4,35.96
2026-05-29 10:20:00,9,179.14,281.88,43.72,3.0,273.89,0.01,128.76,74.22,35.84
2026-05-29 10:25:00,9,179.14,281.88,44.8,1.0,214.39,0.01,100.79,67.74,35.72
2026-05-29 10:30:00,9,179.14,281.88,44.29,0.0,224.72,0.0,105.65,68.27,35.6
2026-05-29 10:35:00,9,179.14,281.88,44.69,2.0,228.97,0.01,107.64,69.38,35.49
2026-05-29 10:40:00,9,179.14,281.88,44.95,2.0,367.74,0.0,172.88,85.83,35.34
2026-05-29 10:45:00,9,179.14,281.88,44.69,0.0,276.82,0.0,130.14,73.47,35.21
2026-05-29 10:50:00,9,179.14,281.88,45.5,0.0,296.42,0.0,139.35,75.71,35.08
2026-05-29 10:55:00,9,179.14,281.88,44.64,1.0,302.65,0.0,142.28,76.8,34.95
2026-05-29 11:00:00,9,179.14,281.88,44.99,1.0,265.55,0.0,124.84,72.61,34.83
2026-05-29 11:05:00,9,179.14,281.88,44.33,1.0,297.14,0.0,139.69,76.14,34.7
2026-05-29 11:10:00,9,179.14,281.88,44.4,3.0,304.84,0.01,143.31,77.78,34.57
2026-05-29 11:15:00,9,179.14,281.88,44.16,1.0,228.93,0.01,107.62,69.02,34.45
2026-05-29 11:20:00,9,179.14,281.88,45.81,1.0,244.79,0.01,115.08,70.52,34.33
2026-05-29 11:25:00,9,179.14,281.88,45.08,0.0,267.84,0.0,125.92,72.5,34.2
2026-05-29 11:30:00,9,179.14,281.88,44.02,4.0,308.89,0.01,145.22,78.63,34.07
2026-05-29 11:35:00,9,179.14,281.88,45.46,2.0,217.93,0.01,102.45,68.4,33.95
2026-05-29 11:40:00,9,179.14,281.88,45.28,0.0,276.87,0.0,130.16,73.48,33.83
2026-05-29 11:45:00,9,179.14,281.88,45.53,2.0,255.11,0.01,119.93,71.9,33.7
2026-05-29 11:50:00,9,179.14,281.88,44.65,0.0,272.44,0.0,128.08,72.99,33.58
2026-05-29 11:55:00,9,179.14,281.88,44.48,5.0,278.32,0.02,130.84,75.43,33.45
2026-05-29 12:00:00,9,179.14,281.88,45.67,0.0,270.83,0.0,127.32,72.82,33.32
2026-05-29 12:05:00,9,179.14,281.88,45.62,3.0,249.79,0.02,117.43,71.73,33.2
2026-05-29 12:10:00,9,179.14,281.88,45.16,4.0,294.02,0.01,138.22,76.84,33.07
2026-05-29 12:15:00,9,179.14,281.88,44.28,2.0,271.25,0.01,127.52,73.58,32.95
2026-05-29 12:20:00,9,179.14,281.88,45.23,3.0,262.19,0.01,123.26,72.97,32.82
2026-05-29 12:25:00,9,179.14,281.88,45.18,0.0,243.62,0.0,114.53,70.04,32.7
2026-05-29 12:30:00,9,179.14,281.88,44.8,3.0,226.88,0.02,106.66,69.56,32.58
2026-05-29 12:35:00,9,179.14,281.88,44.13,2.0,245.59,0.01,115.45,70.94,32.46
2026-05-29 12:40:00,9,179.14,281.88,44.73,3.0,277.56,0.01,130.49,74.62,32.33
2026-05-29 12:45:00,9,179.14,281.88,45.19,6.0,309.71,0.02,145.6,79.45,32.2
2026-05-29 12:50:00,9,179.14,281.88,44.91,3.0,291.1,0.01,136.85,76.15,32.07
2026-05-29 12:55:00,9,179.14,281.88,45.11,3.0,238.98,0.02,112.35,70.68,31.95
2026-05-29 13:00:00,9,179.14,281.88,44.78,4.0,295.11,0.01,138.74,76.97,31.81
2026-05-29 13:05:00,9,179.14,281.88,44.62,1.0,212.12,0.01,99.72,67.55,31.7
2026-05-29 13:10:00,9,179.14,281.88,45.44,0.0,235.13,0.0,110.54,69.23,31.58
2026-05-29 13:15:00,9,179.14,281.88,44.19,5.0,228.57,0.03,107.45,70.43,31.46
2026-05-29 13:20:00,9,179.14,281.88,44.34,2.0,236.93,0.01,111.39,70.11,31.34
2026-05-29 13:25:00,9,179.14,281.88,44.72,7.0,340.28,0.02,159.97,83.75,31.2
2026-05-29 13:30:00,9,179.14,281.88,44.99,0.0,270.35,0.0,127.1,72.77,31.07
2026-05-29 13:35:00,9,179.14,281.88,44.39,2.0,260.44,0.01,122.44,72.44,30.95
2026-05-29 13:40:00,9,179.14,281.88,44.68,1.0,231.7,0.01,108.93,69.28,30.83
2026-05-29 13:45:00,9,179.14,281.88,44.69,0.0,252.3,0.0,118.61,70.89,30.71
2026-05-29 13:50:00,9,179.14,281.88,43.66,1.0,214.99,0.01,101.07,67.79,30.59
2026-05-29 13:55:00,9,179.14,281.88,44.48,0.0,252.57,0.0,118.74,70.92,30.47
2026-05-29 14:00:00,9,179.14,281.88,43.38,3.0,221.4,0.02,104.09,69.07,30.35
2026-05-29 14:05:00,9,179.14,281.88,44.45,2.0,246.82,0.01,116.04,71.07,30.23
2026-05-29 14:10:00,9,179.14,281.88,44.2,3.0,266.75,0.01,125.4,73.45,30.11
2026-05-29 14:15:00,9,179.14,281.88,44.09,0.0,236.96,0.0,111.4,69.4,29.99
2026-05-29 14:20:00,9,179.14,281.88,43.27,0.0,257.11,0.0,120.87,71.37,29.87
2026-05-29 14:25:00,9,179.14,281.88,44.3,2.0,266.86,0.01,125.46,73.11,29.74
2026-05-29 14:30:00,9,179.14,281.88,43.21,3.0,258.58,0.01,121.56,72.59,29.62
2026-05-29 14:35:00,9,179.14,281.88,43.72,1.0,284.77,0.0,133.87,74.71,29.49
2026-05-29 14:40:00,9,179.14,281.88,43.34,1.0,293.8,0.0,138.12,75.74,29.36
2026-05-29 14:45:00,9,179.14,281.88,43.08,2.0,242.64,0.01,114.07,70.66,29.24
2026-05-29 14:50:00,9,179.14,281.88,43.39,5.0,256.45,0.02,120.56,73.1,29.12
2026-05-29 14:55:00,9,179.14,281.88,43.57,2.0,267.77,0.01,125.88,73.21,28.99
2026-05-29 15:00:00,9,179.14,281.88,43.32,0.0,223.23,0.0,104.94,68.14,28.87
2026-05-29 15:05:00,9,179.14,281.88,43.17,1.0,218.02,0.01,102.49,68.05,28.76
2026-05-29 15:10:00,9,179.14,281.88,43.4,0.0,283.56,0.0,133.31,74.22,28.63
2026-05-29 15:15:00,9,179.14,281.88,43.43,1.0,229.57,0.01,107.92,69.08,28.51
2026-05-29 15:20:00,9,179.14,281.88,42.09,1.0,272.0,0.0,127.87,73.29,28.39
2026-05-29 15:25:00,9,179.14,281.88,41.8,1.0,246.63,0.01,115.95,70.69,28.27
2026-05-29 15:30:00,9,179.14,281.88,42.35,2.0,260.96,0.01,122.68,72.49,28.14
2026-05-29 15:35:00,9,179.14,281.88,42.11,1.0,278.14,0.0,130.76,73.96,28.02
2026-05-29 15:40:00,9,179.14,281.88,42.09,1.0,288.34,0.0,135.55,75.11,27.89
2026-05-29 15:45:00,9,179.14,281.88,42.59,2.0,288.3,0.01,135.53,75.48,27.76
2026-05-29 15:50:00,9,179.14,281.88,42.35,1.0,238.12,0.01,111.95,69.87,27.64
2026-05-29 15:55:00,9,179.14,281.88,41.67,1.0,268.96,0.0,126.44,72.96,27.51
2026-05-29 16:00:00,9,179.14,281.88,41.93,0.0,211.56,0.0,99.46,67.13,27.4
2026-05-29 16:05:00,9,179.14,281.88,41.72,1.0,245.87,0.01,115.59,70.62,27.28
2026-05-29 16:10:00,9,179.14,281.88,41.04,1.0,219.31,0.01,103.1,68.16,27.16
2026-05-29 16:15:00,9,179.14,281.88,41.68,0.0,285.01,0.0,133.99,74.38,27.04
2026-05-29 16:20:00,9,179.14,281.88,41.0,0.0,259.72,0.0,122.1,71.64,26.91
2026-05-29 16:25:00,9,179.14,281.88,41.17,0.0,266.32,0.0,125.2,72.33,26.79
2026-05-29 16:30:00,9,179.14,281.88,41.52,2.0,277.72,0.01,130.56,74.28,26.66
2026-05-29 16:35:00,9,179.14,281.88,40.28,1.0,230.97,0.01,108.58,69.2,26.54
2026-05-29 16:40:00,9,179.14,281.88,39.42,2.0,247.54,0.01,116.37,71.12,26.42
2026-05-29 16:45:00,9,179.14,281.88,40.14,4.0,323.29,0.01,151.98,80.43,26.29
2026-05-29 16:50:00,9,179.14,281.88,40.23,1.0,253.32,0.0,119.09,71.33,26.16
2026-05-29 16:55:00,9,179.14,281.88,40.06,2.0,297.42,0.01,139.82,76.53,26.03
2026-05-29 17:00:00,9,179.14,281.88,39.67,3.0,254.71,0.01,119.74,72.19,25.91
2026-05-29 17:05:00,9,179.14,281.88,40.1,1.0,234.57,0.01,110.28,69.53,25.79
2026-05-29 17:10:00,9,179.14,281.88,39.58,1.0,235.47,0.01,110.7,69.62,25.67
2026-05-29 17:15:00,9,179.14,281.88,39.39,2.0,220.53,0.01,103.68,68.61,25.55
2026-05-29 17:20:00,9,179.14,281.88,39.35,0.0,265.44,0.0,124.79,72.23,25.43
2026-05-29 17:25:00,9,179.14,281.88,39.11,2.0,271.96,0.01,127.85,73.65,25.3
2026-05-29 17:30:00,9,179.14,281.88,39.28,0.0,226.14,0.0,106.31,68.39,25.19
2026-05-29 17:35:00,9,179.14,281.88,38.57,0.0,261.24,0.0,122.81,71.79,25.07
2026-05-29 17:40:00,9,179.14,281.88,38.54,0.0,258.44,0.0,121.5,71.5,24.94
2026-05-29 17:45:00,9,179.14,281.88,38.57,0.0,304.13,0.0,142.98,76.61,24.81
2026-05-29 17:50:00,9,179.14,281.88,37.99,0.0,247.54,0.0,116.37,70.4,24.69
2026-05-29 17:55:00,9,179.14,281.88,37.92,0.0,277.57,0.0,130.49,73.54,24.57
2026-05-29 18:00:00,9,179.14,281.88,37.87,0.0,234.3,0.0,110.15,69.13,24.45
2026-05-29 18:05:00,9,179.14,281.88,37.96,1.0,238.7,0.01,112.21,69.92,24.33
2026-05-29 18:10:00,9,179.14,281.88,37.7,1.0,230.7,0.01,108.46,69.17,24.21
2026-05-29 18:15:00,9,179.14,281.88,37.67,1.0,237.78,0.01,111.79,69.83,24.09
2026-05-29 18:20:00,9,179.14,281.88,36.99,0.0,236.35,0.0,111.11,69.32,23.97
2026-05-29 18:25:00,9,179.14,281.88,37.18,1.0,202.22,0.01,95.07,66.72,23.86
2026-05-29 18:30:00,9,179.14,281.88,37.33,0.0,236.6,0.0,111.23,69.35,23.74
2026-05-29 18:35:00,9,179.14,281.88,36.52,0.0,263.17,0.0,123.72,71.99,23.62
2026-05-29 18:40:00,9,179.14,281.88,36.61,0.0,277.29,0.0,130.36,73.51,23.49
2026-05-29 18:45:00,9,179.14,281.88,36.8,0.0,277.3,0.0,130.36,73.51,23.37
2026-05-29 18:50:00,9,179.14,281.88,36.12,0.0,221.71,0.0,104.23,67.99,23.25
2026-05-29 18:55:00,9,179.14,281.88,35.82,0.0,252.46,0.0,118.69,70.89,23.13
2026-05-29 19:00:00,9,179.14,281.88,37.2,0.0,296.51,0.0,139.4,75.7,23.0
2026-05-29 19:05:00,9,179.14,281.88,35.95,1.0,252.57,0.0,118.74,71.25,22.88
2026-05-29 19:10:00,9,179.14,281.88,35.58,0.0,252.34,0.0,118.63,70.88,22.76
2026-05-29 19:15:00,9,179.14,281.88,35.07,0.0,195.32,0.0,91.82,65.8,22.64
2026-05-29 19:20:00,9,179.14,281.88,36.01,0.0,202.53,0.0,95.21,66.37,22.53
2026-05-29 19:25:00,9,179.14,281.88,34.74,0.0,252.81,0.0,118.85,70.92,22.41
2026-05-29 19:30:00,9,179.14,281.88,35.33,1.0,303.11,0.0,142.5,76.84,22.28
2026-05-29 19:35:00,9,179.14,281.88,34.99,2.0,214.78,0.01,100.97,68.1,22.16
2026-05-29 19:40:00,9,179.14,281.88,35.75,3.0,244.43,0.02,114.91,71.18,22.04
2026-05-29 19:45:00,9,179.14,281.88,35.57,1.0,277.34,0.0,130.38,73.86,21.91
2026-05-29 19:50:00,9,179.14,281.88,35.01,1.0,264.75,0.0,124.47,72.5,21.79
2026-05-29 19:55:00,9,179.14,281.88,34.6,1.0,273.79,0.0,128.71,73.47,21.66
2026-05-29 20:00:00,9,179.14,281.88,34.59,0.0,271.7,0.0,127.73,72.89,21.54
2026-05-29 20:05:00,9,179.14,281.88,33.83,1.0,281.06,0.0,132.13,74.27,21.41
2026-05-29 20:10:00,9,179.14,281.88,34.25,0.0,255.31,0.0,120.03,71.17,21.29
2026-05-29 20:15:00,9,179.14,281.88,34.69,1.0,244.69,0.01,115.03,70.49,21.17
2026-05-29 20:20:00,9,179.14,281.88,33.73,1.0,251.3,0.01,118.14,71.14,21.05
2026-05-29 20:25:00,9,179.14,281.88,33.67,0.0,254.86,0.0,119.81,71.13,20.93
2026-05-29 20:30:00,9,179.14,281.88,34.69,0.0,267.81,0.0,125.9,72.47,20.8
2026-05-29 20:35:00,9,179.14,281.88,33.48,0.0,272.41,0.0,128.07,72.97,20.68
2026-05-29 20:40:00,9,179.14,281.88,34.27,0.0,265.74,0.0,124.93,72.25,20.55
2026-05-29 20:45:00,9,179.14,281.88,33.3,1.0,296.87,0.0,139.56,76.09,20.42
2026-05-29 20:50:00,9,179.14,281.88,33.05,1.0,298.89,0.0,140.51,76.32,20.29
2026-05-29 20:55:00,9,179.14,281.88,31.96,2.0,245.06,0.01,115.21,70.87,20.17
2026-05-29 21:00:00,9,179.14,281.88,32.78,1.0,276.43,0.0,129.96,73.76,20.05
2026-05-29 21:05:00,9,179.14,281.88,32.99,2.0,248.71,0.01,116.92,71.23,19.93
2026-05-29 21:10:00,9,179.14,281.88,32.97,0.0,298.28,0.0,140.23,75.9,19.8
2026-05-29 21:15:00,9,179.14,281.88,33.17,0.0,252.86,0.0,118.87,70.92,19.67
2026-05-29 21:20:00,9,179.14,281.88,32.42,0.0,267.63,0.0,125.82,72.45,19.55
2026-05-29 21:25:00,9,179.14,281.88,32.51,0.0,283.12,0.0,133.1,74.15,19.42
2026-05-29 21:30:00,9,179.14,281.88,32.7,2.0,241.93,0.01,113.73,70.57,19.3
2026-05-29 21:35:00,9,179.14,281.88,31.85,0.0,250.07,0.0,117.56,70.64,19.18
2026-05-29 21:40:00,9,179.14,281.88,31.9,0.0,266.66,0.0,125.36,72.35,19.06
2026-05-29 21:45:00,9,179.14,281.88,31.71,1.0,256.16,0.0,120.43,71.61,18.94
2026-05-29 21:50:00,9,179.14,281.88,31.59,0.0,264.77,0.0,124.47,72.15,18.81
2026-05-29 21:55:00,9,179.14,281.88,32.05,0.0,254.48,0.0,119.63,71.08,18.69
2026-05-29 22:00:00,9,179.14,281.88,31.64,0.0,266.19,0.0,125.14,72.3,18.57
2026-05-29 22:05:00,9,179.14,281.88,31.42,1.0,246.23,0.01,115.76,70.63,18.45
2026-05-29 22:10:00,9,179.14,281.88,30.89,0.0,216.06,0.0,101.57,67.49,18.33
2026-05-29 22:15:00,9,179.14,281.88,31.98,2.0,274.76,0.01,129.17,73.94,18.21
2026-05-29 22:20:00,9,179.14,281.88,31.9,1.0,198.14,0.01,93.15,66.38,18.09
2026-05-29 22:25:00,9,179.14,281.88,31.54,1.0,294.85,0.0,138.62,75.85,17.96
2026-05-29 22:30:00,9,179.14,281.88,30.62,1.0,255.17,0.0,119.96,71.5,17.84
2026-05-29 22:35:00,9,179.14,281.88,30.81,0.0,298.75,0.0,140.45,75.96,17.71
2026-05-29 22:40:00,9,179.14,281.88,31.08,0.0,246.35,0.0,115.81,70.27,17.59
2026-05-29 22:45:00,9,179.14,281.88,31.09,2.0,240.92,0.01,113.26,70.47,17.47
2026-05-29 22:50:00,9,179.14,281.88,31.53,0.0,285.27,0.0,134.11,74.39,17.34
2026-05-29 22:55:00,9,179.14,281.88,31.17,0.0,293.35,0.0,137.91,75.32,17.21
2026-05-29 23:00:00,9,179.14,281.88,31.49,2.0,295.09,0.01,138.73,76.24,17.08
2026-05-29 23:05:00,9,179.14,281.88,31.66,1.0,252.39,0.0,118.65,71.22,16.96
2026-05-29 23:10:00,9,179.14,281.88,31.45,0.0,211.09,0.0,99.24,67.07,16.85
2026-05-29 23:15:00,9,179.14,281.88,30.97,1.0,235.67,0.01,110.79,69.62,16.73
2026-05-29 23:20:00,9,179.14,281.88,30.72,4.0,228.48,0.02,107.41,70.02,16.61
2026-05-29 23:25:00,9,179.14,281.88,31.3,1.0,235.63,0.01,110.77,69.62,16.49
2026-05-29 23:30:00,9,179.14,281.88,31.13,0.0,273.99,0.0,128.81,73.13,16.36
2026-05-29 23:35:00,9,179.14,281.88,31.72,0.0,259.03,0.0,121.77,71.55,16.24
2026-05-29 23:40:00,9,179.14,281.88,31.63,0.0,204.05,0.0,95.93,66.49,16.13
2026-05-29 23:45:00,9,179.14,281.88,30.66,3.0,270.98,0.01,127.39,73.88,16.0
2026-05-29 23:50:00,9,179.14,281.88,30.58,6.0,304.77,0.02,143.28,78.82,15.87
2026-05-29 23:55:00,9,179.14,281.88,31.49,3.0,256.23,0.01,120.46,72.33,15.74
2026-05-30 00:00:00,9,179.14,281.88,31.77,0.0,269.58,0.0,126.73,72.66,15.62
2026-05-30 00:05:00,9,179.14,281.88,30.4,2.0,257.41,0.01,121.01,72.1,15.5
2026-05-30 00:10:00,9,179.14,281.88,31.8,1.0,255.3,0.0,120.02,71.52,15.37
2026-05-30 00:15:00,9,179.14,281.88,30.74,4.0,283.21,0.02,133.14,75.6,15.25
2026-05-30 00:20:00,9,179.14,281.88,30.52,3.0,251.03,0.02,118.01,71.82,15.12
2026-05-30 00:25:00,9,179.14,281.88,31.25,2.0,255.83,0.01,120.27,71.94,15.0
2026-05-30 00:30:00,9,179.14,281.88,31.37,2.0,228.02,0.01,107.2,69.27,14.88
2026-05-30 00:35:00,9,179.14,281.88,30.75,3.0,246.98,0.02,116.11,71.42,14.76
2026-05-30 00:40:00,9,179.14,281.88,31.85,1.0,281.08,0.0,132.14,74.27,14.63
2026-05-30 00:45:00,9,179.14,281.88,30.72,0.0,249.69,0.0,117.38,70.6,14.51
2026-05-30 00:50:00,9,179.14,281.88,31.29,1.0,255.29,0.0,120.02,71.52,14.39
2026-05-30 00:55:00,9,179.14,281.88,31.63,2.0,236.85,0.01,111.35,70.08,14.27
2026-05-30 01:00:00,9,179.14,281.88,30.58,0.0,214.89,0.0,101.02,67.39,14.15
2026-05-30 01:05:00,9,179.14,281.88,30.85,3.0,288.65,0.01,135.7,75.84,14.03
2026-05-30 01:10:00,9,179.14,281.88,30.48,2.0,254.8,0.01,119.79,71.84,13.9
2026-05-30 01:15:00,9,179.14,281.88,31.77,1.0,242.15,0.01,113.84,70.24,13.78
2026-05-30 01:20:00,9,179.14,281.88,32.13,1.0,258.47,0.0,121.51,71.84,13.66
2026-05-30 01:25:00,9,179.14,281.88,31.7,1.0,299.08,0.0,140.6,76.34,13.53
2026-05-30 01:30:00,9,179.14,281.88,32.0,1.0,233.22,0.01,109.64,69.39,13.41
2026-05-30 01:35:00,9,179.14,281.88,31.46,3.0,283.35,0.01,133.21,75.24,13.28
2026-05-30 01:40:00,9,179.14,281.88,32.09,6.0,284.02,0.02,133.52,76.39,13.15
2026-05-30 01:45:00,9,179.14,281.88,31.43,1.0,248.83,0.01,116.98,70.89,13.03
2026-05-30 01:50:00,9,179.14,281.88,30.69,1.0,247.99,0.01,116.58,70.8,12.91
2026-05-30 01:55:00,9,179.14,281.88,31.78,2.0,229.48,0.01,107.88,69.4,12.79
2026-05-30 02:00:00,9,179.14,281.88,33.08,2.0,236.59,0.01,111.22,70.06,12.67
2026-05-30 02:05:00,9,179.14,281.88,32.1,1.0,265.29,0.0,124.72,72.55,12.55
2026-05-30 02:10:00,9,179.14,281.88,32.61,0.0,254.86,0.0,119.82,71.13,12.43
2026-05-30 02:15:00,9,179.14,281.88,32.63,2.0,282.66,0.01,132.88,74.82,12.3
2026-05-30 02:20:00,9,179.14,281.88,32.93,4.0,272.31,0.02,128.02,74.4,12.17
2026-05-30 02:25:00,9,179.14,281.88,31.81,2.0,230.19,0.01,108.22,69.46,12.05
2026-05-30 02:30:00,9,179.14,281.88,33.16,2.0,233.59,0.01,109.81,69.78,11.93
2026-05-30 02:35:00,9,179.14,281.88,32.17,5.0,195.62,0.04,91.97,67.65,11.82
2026-05-30 02:40:00,9,179.14,281.88,31.61,4.0,242.68,0.02,114.09,71.36,11.69
2026-05-30 02:45:00,9,179.14,281.88,33.33,1.0,197.98,0.01,93.08,66.37,11.58
2026-05-30 02:50:00,9,179.14,281.88,32.07,2.0,301.91,0.01,141.93,77.05,11.45
2026-05-30 02:55:00,9,179.14,281.88,32.74,2.0,271.29,0.01,127.54,73.56,11.32
2026-05-30 03:00:00,9,179.14,281.88,33.12,3.0,235.03,0.02,110.49,70.28,11.2
2026-05-30 03:05:00,9,179.14,281.88,34.4,0.0,251.72,0.0,118.34,70.81,11.08
2026-05-30 03:10:00,9,179.14,281.88,32.91,2.0,305.46,0.01,143.6,77.48,10.95
2026-05-30 03:15:00,9,179.14,281.88,32.82,1.0,310.11,0.0,145.79,77.68,10.82
2026-05-30 03:20:00,9,179.14,281.88,34.12,4.0,227.18,0.02,106.8,69.91,10.7
2026-05-30 03:25:00,9,179.14,281.88,33.58,0.0,277.38,0.0,130.4,73.51,10.57
2026-05-30 03:30:00,9,179.14,281.88,33.71,0.0,265.61,0.0,124.87,72.24,10.45
2026-05-30 03:35:00,9,179.14,281.88,34.07,2.0,246.64,0.01,115.95,71.03,10.33
2026-05-30 03:40:00,9,179.14,281.88,34.34,2.0,242.98,0.01,114.23,70.67,10.21
2026-05-30 03:45:00,9,179.14,281.88,33.89,2.0,214.53,0.01,100.85,68.08,10.09
2026-05-30 03:50:00,9,179.14,281.88,34.58,0.0,315.64,0.0,148.39,78.03,9.96
2026-05-30 03:55:00,9,179.14,281.88,33.9,1.0,281.83,0.0,132.49,74.36,9.83
2026-05-30 04:00:00,9,179.14,281.88,34.72,3.0,282.07,0.01,132.61,75.11,9.7
2026-05-30 04:05:00,9,179.14,281.88,35.15,2.0,242.56,0.01,114.03,70.63,9.58
2026-05-30 04:10:00,9,179.14,281.88,34.15,1.0,266.59,0.0,125.33,72.69,9.46
2026-05-30 04:15:00,9,179.14,281.88,34.06,1.0,292.86,0.0,137.68,75.62,9.33
2026-05-30 04:20:00,9,179.14,281.88,33.6,1.0,288.57,0.0,135.66,75.12,9.2
2026-05-30 04:25:00,9,179.14,281.88,35.07,0.0,207.47,0.0,97.54,66.77,9.08
2026-05-30 04:30:00,9,179.14,281.88,35.29,0.0,235.4,0.0,110.67,69.23,8.97
2026-05-30 04:35:00,9,179.14,281.88,35.33,1.0,250.18,0.01,117.61,71.03,8.85
2026-05-30 04:40:00,9,179.14,281.88,35.5,1.0,258.82,0.0,121.68,71.89,8.72
2026-05-30 04:45:00,9,179.14,281.88,35.9,0.0,254.41,0.0,119.6,71.08,8.6
2026-05-30 04:50:00,9,179.14,281.88,36.44,1.0,288.2,0.0,135.49,75.08,8.47
2026-05-30 04:55:00,9,179.14,281.88,36.27,0.0,260.61,0.0,122.52,71.72,8.35
2026-05-30 05:00:00,9,179.14,281.88,36.38,2.0,320.99,0.01,150.9,79.43,8.21
2026-05-30 05:05:00,9,179.14,281.88,36.02,2.0,284.02,0.01,133.52,74.98,8.09
2026-05-30 05:10:00,9,179.14,281.88,36.45,0.0,270.26,0.0,127.05,72.74,7.96
2026-05-30 05:15:00,9,179.14,281.88,36.34,2.0,206.25,0.01,96.96,67.39,7.85
2026-05-30 05:20:00,9,179.14,281.88,36.39,2.0,283.16,0.01,133.12,74.88,7.72
2026-05-30 05:25:00,9,179.14,281.88,36.9,0.0,233.75,0.0,109.89,69.08,7.6
2026-05-30 05:30:00,9,179.14,281.88,37.87,2.0,244.76,0.01,115.07,70.85,7.48
2026-05-30 05:35:00,9,179.14,281.88,37.27,0.0,286.76,0.0,134.81,74.57,7.35
2026-05-30 05:40:00,9,179.14,281.88,37.14,2.0,262.3,0.01,123.31,72.62,7.23
2026-05-30 05:45:00,9,179.14,281.88,37.82,0.0,262.91,0.0,123.6,71.96,7.1
2026-05-30 05:50:00,9,179.14,281.88,37.58,2.0,228.19,0.01,107.27,69.29,6.99
2026-05-30 05:55:00,9,179.14,281.88,37.12,0.0,228.57,0.0,107.46,68.61,6.87
2026-05-30 06:00:00,9,179.14,281.88,38.98,1.0,301.6,0.0,141.79,76.66,6.74
2026-05-30 06:05:00,9,179.14,281.88,38.16,0.0,240.66,0.0,113.14,69.74,6.62
2026-05-30 06:10:00,9,179.14,281.88,38.42,1.0,249.32,0.01,117.21,70.95,6.5
2026-05-30 06:15:00,9,179.14,281.88,39.15,1.0,242.44,0.01,113.97,70.28,6.38
2026-05-30 06:20:00,9,179.14,281.88,38.82,2.0,265.68,0.01,124.9,72.98,6.25
2026-05-30 06:25:00,9,179.14,281.88,39.89,1.0,296.41,0.0,139.35,76.04,6.12
2026-05-30 06:30:00,9,179.14,281.88,39.37,0.0,281.77,0.0,132.46,74.01,6.0
2026-05-30 06:35:00,9,179.14,281.88,37.85,0.0,235.02,0.0,110.49,69.2,5.88
2026-05-30 06:40:00,9,179.14,281.88,38.35,0.0,265.41,0.0,124.77,72.23,5.75
2026-05-30 06:45:00,9,179.14,281.88,39.72,1.0,294.98,0.0,138.67,75.87,5.62
2026-05-30 06:50:00,9,179.14,281.88,40.08,0.0,276.51,0.0,129.99,73.43,5.5
2026-05-30 06:55:00,9,179.14,281.88,38.96,0.0,251.77,0.0,118.36,70.82,5.38
2026-05-30 07:00:00,9,179.14,281.88,39.61,1.0,265.94,0.0,125.02,72.63,5.25
2026-05-30 07:05:00,9,179.14,281.88,40.94,0.0,216.78,0.0,101.91,67.57,5.14
2026-05-30 07:10:00,9,179.14,281.88,40.33,2.0,221.38,0.01,104.07,68.69,5.02
2026-05-30 07:15:00,9,179.14,281.88,39.85,1.0,276.83,0.0,130.14,73.81,4.9
2026-05-30 07:20:00,9,179.14,281.88,39.99,0.0,271.5,0.0,127.64,72.88,4.77
2026-05-30 07:25:00,9,179.14,281.88,40.16,0.0,269.89,0.0,126.88,72.71,4.65
2026-05-30 07:30:00,9,179.14,281.88,41.45,1.0,216.3,0.01,101.69,67.9,4.53
2026-05-30 07:35:00,9,179.14,281.88,40.04,0.0,185.44,0.0,87.18,65.06,4.42
2026-05-30 07:40:00,9,179.14,281.88,41.34,0.0,262.79,0.0,123.54,71.96,4.3
2026-05-30 07:45:00,9,179.14,281.88,40.53,0.0,236.53,0.0,111.2,69.35,4.18
2026-05-30 07:50:00,9,179.14,281.88,40.69,0.0,263.31,0.0,123.78,72.01,4.05
2026-05-30 07:55:00,9,179.14,281.88,41.13,1.0,266.08,0.0,125.09,72.65,3.93
2026-05-30 08:00:00,9,179.14,281.88,41.57,0.0,282.33,0.0,132.73,74.08,3.8
2026-05-30 08:05:00,9,179.14,281.88,41.92,0.0,268.96,0.0,126.44,72.61,3.68
2026-05-30 08:10:00,9,179.14,281.88,42.05,3.0,296.62,0.01,139.44,76.79,3.55
2026-05-30 08:15:00,9,179.14,281.88,42.05,0.0,213.06,0.0,100.16,67.25,3.43
2026-05-30 08:20:00,9,179.14,281.88,41.56,1.0,302.08,0.0,142.01,76.72,3.3
2026-05-30 08:25:00,9,179.14,281.88,41.91,0.0,260.44,0.0,122.44,71.71,3.18
2026-05-30 08:30:00,9,179.14,281.88,42.31,1.0,328.05,0.0,154.22,79.98,3.04
2026-05-30 08:35:00,9,179.14,281.88,42.01,1.0,234.86,0.01,110.41,69.56,2.92
2026-05-30 08:40:00,9,179.14,281.88,42.78,0.0,267.51,0.0,125.76,72.46,2.8
2026-05-30 08:45:00,9,179.14,281.88,43.18,1.0,269.22,0.0,126.56,72.99,2.68
2026-05-30 08:50:00,9,179.14,281.88,43.87,0.0,233.02,0.0,109.55,69.03,2.56
2026-05-30 08:55:00,9,179.14,281.88,42.26,0.0,252.7,0.0,118.8,70.93,2.44
2026-05-30 09:00:00,9,179.14,281.88,42.59,1.0,247.09,0.01,116.16,70.74,2.32
2026-05-30 09:05:00,9,179.14,281.88,43.38,1.0,256.58,0.0,120.62,71.67,2.19
2026-05-30 09:10:00,9,179.14,281.88,42.59,2.0,245.91,0.01,115.61,70.97,2.07
2026-05-30 09:15:00,9,179.14,281.88,43.96,1.0,251.55,0.01,118.26,71.18,1.95
2026-05-30 09:20:00,9,179.14,281.88,42.77,1.0,254.14,0.0,119.48,71.42,1.83
2026-05-30 09:25:00,9,179.14,281.88,44.33,0.0,233.47,0.0,109.76,69.07,1.71
2026-05-30 09:30:00,9,179.14,281.88,42.16,0.0,223.96,0.0,105.29,68.2,1.59
2026-05-30 09:35:00,9,179.14,281.88,43.82,0.0,249.82,0.0,117.45,70.64,1.47
2026-05-30 09:40:00,9,179.14,281.88,43.26,0.0,227.11,0.0,106.77,68.49,1.36
2026-05-30 09:45:00,9,179.14,281.88,44.31,2.0,275.16,0.01,129.36,74.01,1.23
2026-05-30 09:50:00,9,179.14,281.88,44.87,3.0,256.7,0.01,120.68,72.41,1.11
2026-05-30 09:55:00,9,179.14,281.88,44.57,2.0,252.33,0.01,118.63,71.61,0.98
2026-05-30 10:00:00,9,179.14,281.88,43.67,1.0,247.47,0.01,116.34,70.78,0.86
2026-05-30 10:05:00,9,179.14,281.88,43.79,1.0,285.43,0.0,134.19,74.78,0.73
2026-05-30 10:10:00,9,179.14,281.88,44.3,0.0,253.75,0.0,119.29,71.03,0.61
2026-05-30 10:15:00,9,179.14,281.88,43.52,2.0,277.19,0.01,130.31,74.23,0.49
2026-05-30 10:20:00,9,179.14,281.88,44.33,1.0,267.06,0.0,125.55,72.76,0.36
2026-05-30 10:25:00,9,179.14,281.88,44.14,1.0,226.44,0.01,106.45,68.8,0.24
2026-05-30 10:30:00,9,179.14,281.88,44.35,0.0,279.31,0.0,131.31,73.75,0.12
2026-05-30 10:35:00,9,179.14,281.88,43.77,0.0,285.39,0.0,134.17,74.43,0.0
2026-05-30 10:40:00,9,179.14,281.88,43.66,1.0,218.37,0.01,102.66,68.08,0.0
2026-05-30 10:45:00,9,179.14,281.88,45.97,0.0,236.92,0.0,111.38,69.4,0.0
2026-05-30 10:50:00,9,179.14,281.88,45.35,0.0,258.12,0.0,121.35,71.48,0.0
2026-05-30 10:55:00,9,179.14,281.88,44.45,2.0,224.51,0.01,105.54,68.97,0.0
2026-05-30 11:00:00,9,179.14,281.88,44.38,0.0,288.69,0.0,135.72,74.81,0.0
2026-05-30 11:05:00,9,179.14,281.88,44.33,4.0,247.39,0.02,116.3,71.84,0.0
2026-05-30 11:10:00,9,179.14,281.88,44.51,1.0,202.61,0.01,95.25,66.76,0.0
2026-05-30 11:15:00,9,179.14,281.88,44.81,1.0,273.69,0.0,128.67,73.48,0.0
2026-05-30 11:20:00,9,179.14,281.88,44.55,1.0,276.01,0.0,129.76,73.73,0.0
2026-05-30 11:25:00,9,179.14,281.88,44.33,0.0,268.08,0.0,126.03,72.52,0.0
2026-05-30 11:30:00,9,179.14,281.88,45.34,1.0,249.51,0.01,117.3,70.98,0.0
2026-05-30 11:35:00,9,179.14,281.88,44.41,2.0,283.92,0.01,133.47,74.98,0.0
2026-05-30 11:40:00,9,179.14,281.88,44.83,2.0,311.77,0.01,146.57,78.28,0.0
2026-05-30 11:45:00,9,179.14,281.88,45.25,2.0,247.41,0.01,116.31,71.13,0.0
2026-05-30 11:50:00,9,179.14,281.88,44.18,0.0,237.23,0.0,111.52,69.42,0.0
2026-05-30 11:55:00,9,179.14,281.88,45.58,2.0,246.7,0.01,115.98,71.06,0.0
2026-05-30 12:00:00,9,179.14,281.88,45.62,2.0,216.49,0.01,101.78,68.27,0.0
2026-05-30 12:05:00,9,179.14,281.88,44.68,3.0,222.2,0.02,104.46,69.14,0.0
2026-05-30 12:10:00,9,179.14,281.88,44.17,0.0,239.7,0.0,112.69,69.66,0.0
2026-05-30 12:15:00,9,179.14,281.88,44.77,0.0,240.38,0.0,113.01,69.72,0.0
2026-05-30 12:20:00,9,179.14,281.88,45.56,1.0,287.62,0.0,135.21,75.03,0.0
2026-05-30 12:25:00,9,179.14,281.88,44.39,2.0,291.74,0.01,137.15,75.88,0.0
2026-05-30 12:30:00,9,179.14,281.88,45.33,0.0,252.44,0.0,118.68,70.91,0.0
2026-05-30 12:35:00,9,179.14,281.88,44.52,2.0,169.15,0.02,79.52,64.66,0.0
2026-05-30 12:40:00,9,179.14,281.88,45.31,0.0,247.91,0.0,116.55,70.46,0.0
2026-05-30 12:45:00,9,179.14,281.88,44.45,1.0,248.09,0.01,116.63,70.84,0.0
2026-05-30 12:50:00,9,179.14,281.88,45.18,4.0,260.06,0.02,122.26,73.12,0.0
2026-05-30 12:55:00,9,179.14,281.88,44.78,1.0,269.27,0.0,126.59,73.0,0.0
2026-05-30 13:00:00,9,179.14,281.88,43.98,2.0,258.82,0.01,121.67,72.27,0.0
2026-05-30 13:05:00,9,179.14,281.88,45.44,2.0,231.32,0.01,108.75,69.59,0.0
2026-05-30 13:10:00,9,179.14,281.88,45.09,3.0,267.83,0.01,125.91,73.57,0.0
2026-05-30 13:15:00,9,179.14,281.88,45.73,0.0,280.2,0.0,131.72,73.85,0.0
2026-05-30 13:20:00,9,179.14,281.88,44.6,8.0,265.04,0.04,124.6,75.08,0.0
2026-05-30 13:25:00,9,179.14,281.88,44.9,3.0,251.93,0.02,118.44,71.94,0.0
2026-05-30 13:30:00,9,179.14,281.88,44.18,0.0,245.41,0.0,115.37,70.21,0.0
2026-05-30 13:35:00,9,179.14,281.88,43.81,0.0,249.31,0.0,117.2,70.59,0.0
2026-05-30 13:40:00,9,179.14,281.88,44.03,4.0,250.25,0.02,117.65,72.12,0.0
2026-05-30 13:45:00,9,179.14,281.88,43.86,1.0,265.04,0.0,124.6,72.55,0.0
2026-05-30 13:50:00,9,179.14,281.88,44.21,1.0,246.26,0.01,115.77,70.66,0.0
2026-05-30 13:55:00,9,179.14,281.88,44.31,0.0,288.1,0.0,135.44,74.74,0.0
2026-05-30 14:00:00,9,179.14,281.88,44.89,2.0,231.74,0.01,108.95,69.63,0.0
2026-05-30 14:05:00,9,179.14,281.88,44.05,2.0,246.73,0.01,115.99,71.06,0.0
2026-05-30 14:10:00,9,179.14,281.88,43.85,3.0,302.48,0.01,142.2,77.5,0.0
2026-05-30 14:15:00,9,179.14,281.88,44.62,2.0,206.76,0.01,97.2,67.45,0.0
2026-05-30 14:20:00,9,179.14,281.88,43.7,0.0,244.04,0.0,114.73,70.07,0.0
2026-05-30 14:25:00,9,179.14,281.88,44.45,1.0,227.76,0.01,107.08,68.92,0.0
2026-05-30 14:30:00,9,179.14,281.88,44.14,0.0,235.62,0.0,110.77,69.27,0.0
2026-05-30 14:35:00,9,179.14,281.88,43.83,1.0,279.06,0.0,131.19,74.07,0.0
2026-05-30 14:40:00,9,179.14,281.88,43.14,1.0,255.2,0.0,119.98,71.53,0.0
2026-05-30 14:45:00,9,179.14,281.88,42.17,1.0,217.77,0.01,102.38,68.03,0.0
2026-05-30 14:50:00,9,179.14,281.88,43.34,0.0,268.79,0.0,126.36,72.6,0.0
2026-05-30 14:55:00,9,179.14,281.88,42.66,3.0,196.62,0.02,92.43,67.0,0.0
2026-05-30 15:00:00,9,179.14,281.88,42.76,4.0,229.76,0.02,108.01,70.16,0.0
2026-05-30 15:05:00,9,179.14,281.88,43.25,2.0,256.73,0.01,120.69,72.05,0.0
2026-05-30 15:10:00,9,179.14,281.88,43.02,1.0,237.56,0.01,111.68,69.82,0.0
2026-05-30 15:15:00,9,179.14,281.88,42.12,2.0,294.53,0.01,138.46,76.2,0.0
2026-05-30 15:20:00,9,179.14,281.88,42.07,1.0,228.88,0.01,107.6,69.01,0.0
2026-05-30 15:25:00,9,179.14,281.88,41.67,3.0,266.33,0.01,125.21,73.4,0.0
2026-05-30 15:30:00,9,179.14,281.88,43.17,3.0,257.23,0.01,120.93,72.46,0.0
2026-05-30 15:35:00,9,179.14,281.88,42.57,5.0,321.58,0.02,151.18,80.58,0.0
2026-05-30 15:40:00,9,179.14,281.88,42.6,2.0,231.58,0.01,108.87,69.61,0.0
2026-05-30 15:45:00,9,179.14,281.88,42.55,2.0,236.8,0.01,111.33,70.1,0.0
2026-05-30 15:50:00,9,179.14,281.88,41.49,1.0,265.66,0.0,124.89,72.61,0.0
2026-05-30 15:55:00,9,179.14,281.88,41.41,4.0,306.68,0.01,144.18,78.35,0.0
2026-05-30 16:00:00,9,179.14,281.88,40.96,1.0,279.98,0.0,131.62,74.16,0.0
2026-05-30 16:05:00,9,179.14,281.88,41.05,4.0,303.36,0.01,142.61,77.94,0.0
2026-05-30 16:10:00,9,179.14,281.88,40.78,1.0,272.08,0.0,127.91,73.29,0.0
2026-05-30 16:15:00,9,179.14,281.88,41.21,1.0,231.57,0.01,108.87,69.26,0.0
2026-05-30 16:20:00,9,179.14,281.88,40.86,1.0,221.19,0.01,103.98,68.32,0.0
2026-05-30 16:25:00,9,179.14,281.88,40.99,1.0,284.16,0.0,133.59,74.63,0.0
2026-05-30 16:30:00,9,179.14,281.88,40.58,0.0,277.86,0.0,130.63,73.58,0.0
2026-05-30 16:35:00,9,179.14,281.88,40.39,1.0,255.83,0.0,120.27,71.59,0.0
2026-05-30 16:40:00,9,179.14,281.88,40.41,1.0,242.64,0.01,114.07,70.3,0.0
2026-05-30 16:45:00,9,179.14,281.88,39.77,0.0,210.13,0.0,98.78,67.0,0.0
2026-05-30 16:50:00,9,179.14,281.88,40.02,2.0,243.81,0.01,114.62,70.76,0.0
2026-05-30 16:55:00,9,179.14,281.88,40.34,1.0,247.75,0.01,116.47,70.8,0.0
2026-05-30 17:00:00,9,179.14,281.88,40.71,1.0,242.78,0.01,114.13,70.31,0.0
2026-05-30 17:05:00,9,179.14,281.88,39.68,1.0,301.31,0.0,141.65,76.63,0.0
2026-05-30 17:10:00,9,179.14,281.88,39.62,1.0,241.31,0.01,113.44,70.17,0.0
2026-05-30 17:15:00,9,179.14,281.88,39.79,1.0,259.39,0.0,121.94,71.95,0.0
2026-05-30 17:20:00,9,179.14,281.88,39.06,3.0,286.15,0.01,134.52,75.57,0.0
2026-05-30 17:25:00,9,179.14,281.88,39.23,1.0,248.63,0.01,116.89,70.88,0.0
2026-05-30 17:30:00,9,179.14,281.88,38.98,1.0,226.62,0.01,106.54,68.8,0.0
2026-05-30 17:35:00,9,179.14,281.88,38.74,0.0,288.21,0.0,135.49,74.74,0.0
2026-05-30 17:40:00,9,179.14,281.88,38.17,0.0,305.24,0.0,143.5,76.75,0.0
2026-05-30 17:45:00,9,179.14,281.88,38.53,2.0,255.47,0.01,120.1,71.92,0.0
2026-05-30 17:50:00,9,179.14,281.88,38.65,4.0,263.81,0.02,124.02,73.5,0.0
2026-05-30 17:55:00,9,179.14,281.88,37.19,0.0,245.01,0.0,115.18,70.15,0.0
2026-05-30 18:00:00,9,179.14,281.88,37.9,0.0,199.36,0.0,93.72,66.12,100.0
2026-05-30 18:05:00,9,179.14,281.88,38.7,5.0,327.06,0.01,153.76,81.26,99.86
2026-05-30 18:10:00,9,179.14,281.88,36.98,0.0,275.02,0.0,129.29,73.26,99.74
2026-05-30 18:15:00,9,179.14,281.88,37.57,1.0,258.44,0.0,121.5,71.85,99.61
2026-05-30 18:20:00,9,179.14,281.88,37.12,3.0,285.98,0.01,134.45,75.55,99.48
2026-05-30 18:25:00,9,179.14,281.88,36.97,1.0,272.77,0.0,128.24,73.36,99.36
2026-05-30 18:30:00,9,179.14,281.88,37.16,0.0,240.18,0.0,112.91,69.69,99.24
2026-05-30 18:35:00,9,179.14,281.88,37.21,0.0,273.85,0.0,128.74,73.13,99.11
2026-05-30 18:40:00,9,179.14,281.88,36.77,0.0,265.11,0.0,124.63,72.19,98.99
2026-05-30 18:45:00,9,179.14,281.88,36.62,0.0,252.17,0.0,118.55,70.86,98.87
2026-05-30 18:50:00,9,179.14,281.88,37.35,1.0,273.72,0.0,128.68,73.47,98.74
2026-05-30 18:55:00,9,179.14,281.88,36.34,0.0,230.4,0.0,108.31,68.77,98.63
2026-05-30 19:00:00,9,179.14,281.88,36.11,1.0,288.6,0.0,135.67,75.13,98.5
2026-05-30 19:05:00,9,179.14,281.88,36.92,0.0,249.29,0.0,117.19,70.57,98.38
2026-05-30 19:10:00,9,179.14,281.88,36.46,0.0,238.81,0.0,112.27,69.56,98.26
2026-05-30 19:15:00,9,179.14,281.88,34.69,0.0,239.41,0.0,112.55,69.61,98.14
2026-05-30 19:20:00,9,179.14,281.88,36.35,0.0,297.39,0.0,139.81,75.8,98.01
2026-05-30 19:25:00,9,179.14,281.88,34.96,0.0,300.6,0.0,141.32,76.18,97.88
2026-05-30 19:30:00,9,179.14,281.88,35.34,1.0,221.19,0.01,103.98,68.31,97.76
2026-05-30 19:35:00,9,179.14,281.88,35.56,0.0,256.0,0.0,120.35,71.25,97.64
2026-05-30 19:40:00,9,179.14,281.88,35.55,0.0,267.07,0.0,125.56,72.4,97.52
2026-05-30 19:45:00,9,179.14,281.88,34.78,0.0,278.1,0.0,130.74,73.59,97.39
2026-05-30 19:50:00,9,179.14,281.88,34.71,0.0,258.14,0.0,121.36,71.46,97.27
2026-05-30 19:55:00,9,179.14,281.88,34.82,0.0,316.58,0.0,148.83,78.14,97.14
2026-05-30 20:00:00,9,179.14,281.88,33.96,0.0,253.21,0.0,119.04,70.96,97.02
2026-05-30 20:05:00,9,179.14,281.88,34.67,0.0,281.07,0.0,132.13,73.92,96.89
2026-05-30 20:10:00,9,179.14,281.88,34.48,0.0,219.21,0.0,103.05,67.77,96.77
2026-05-30 20:15:00,9,179.14,281.88,34.67,0.0,259.53,0.0,122.01,71.61,96.65
2026-05-30 20:20:00,9,179.14,281.88,33.29,0.0,261.47,0.0,122.92,71.8,96.53
2026-05-30 20:25:00,9,179.14,281.88,34.44,0.0,247.95,0.0,116.56,70.44,96.41
2026-05-30 20:30:00,9,179.14,281.88,34.41,0.0,269.36,0.0,126.63,72.64,96.28
2026-05-30 20:35:00,9,179.14,281.88,33.06,1.0,237.07,0.01,111.45,69.75,96.16
2026-05-30 20:40:00,9,179.14,281.88,34.02,0.0,270.12,0.0,126.99,72.72,96.04
2026-05-30 20:45:00,9,179.14,281.88,33.9,0.0,226.94,0.0,106.69,68.45,95.92
2026-05-30 20:50:00,9,179.14,281.88,32.88,4.0,308.84,0.01,145.19,78.6,95.79
2026-05-30 20:55:00,9,179.14,281.88,33.41,1.0,261.04,0.0,122.72,72.11,95.67
2026-05-30 21:00:00,9,179.14,281.88,33.18,1.0,258.92,0.0,121.73,71.89,95.54
2026-05-30 21:05:00,9,179.14,281.88,32.87,0.0,247.01,0.0,116.12,70.34,95.42
2026-05-30 21:10:00,9,179.14,281.88,33.31,0.0,255.89,0.0,120.3,71.23,95.3
2026-05-30 21:15:00,9,179.14,281.88,32.69,2.0,177.79,0.02,83.58,65.23,95.19
2026-05-30 21:20:00,9,179.14,281.88,33.39,0.0,257.14,0.0,120.89,71.36,95.07
2026-05-30 21:25:00,9,179.14,281.88,33.15,1.0,247.8,0.01,116.5,70.79,94.95
2026-05-30 21:30:00,9,179.14,281.88,32.11,0.0,274.79,0.0,129.18,73.22,94.82
2026-05-30 21:35:00,9,179.14,281.88,31.98,2.0,254.47,0.01,119.63,71.8,94.7
2026-05-30 21:40:00,9,179.14,281.88,31.7,0.0,272.61,0.0,128.16,72.99,94.57
2026-05-30 21:45:00,9,179.14,281.88,32.42,0.0,249.02,0.0,117.07,70.54,94.45
2026-05-30 21:50:00,9,179.14,281.88,33.08,1.0,272.83,0.0,128.26,73.36,94.33
2026-05-30 21:55:00,9,179.14,281.88,31.61,2.0,247.97,0.01,116.58,71.15,94.21
2026-05-30 22:00:00,9,179.14,281.88,32.2,2.0,244.72,0.01,115.05,70.84,94.08
2026-05-30 22:05:00,9,179.14,281.88,31.93,1.0,223.32,0.01,104.99,68.49,93.97
2026-05-30 22:10:00,9,179.14,281.88,31.39,0.0,270.51,0.0,127.17,72.76,93.84
2026-05-30 22:15:00,9,179.14,281.88,32.73,0.0,242.94,0.0,114.21,69.94,93.72
2026-05-30 22:20:00,9,179.14,281.88,31.98,0.0,265.64,0.0,124.88,72.24,93.6
2026-05-30 22:25:00,9,179.14,281.88,31.84,0.0,240.6,0.0,113.11,69.72,93.48
2026-05-30 22:30:00,9,179.14,281.88,31.68,3.0,240.4,0.02,113.02,70.79,93.36
2026-05-30 22:35:00,9,179.14,281.88,31.58,2.0,240.19,0.01,112.92,70.4,93.24
2026-05-30 22:40:00,9,179.14,281.88,32.27,2.0,254.51,0.01,119.65,71.81,93.12
2026-05-30 22:45:00,9,179.14,281.88,30.57,1.0,265.73,0.0,124.92,72.6,92.99
2026-05-30 22:50:00,9,179.14,281.88,31.38,1.0,272.72,0.0,128.21,73.35,92.87
2026-05-30 22:55:00,9,179.14,281.88,31.41,0.0,246.98,0.0,116.11,70.34,92.75
2026-05-30 23:00:00,9,179.14,281.88,31.51,1.0,257.67,0.0,121.14,71.76,92.63
2026-05-30 23:05:00,9,179.14,281.88,31.63,1.0,248.34,0.01,116.75,70.84,92.5
2026-05-30 23:10:00,9,179.14,281.88,31.01,1.0,246.87,0.01,116.06,70.69,92.38
2026-05-30 23:15:00,9,179.14,281.88,30.52,0.0,254.51,0.0,119.65,71.09,92.26
2026-05-30 23:20:00,9,179.14,281.88,31.27,1.0,214.95,0.01,101.05,67.76,92.15
2026-05-30 23:25:00,9,179.14,281.88,30.89,0.0,189.27,0.0,88.98,65.33,92.03
2026-05-30 23:30:00,9,179.14,281.88,31.42,3.0,223.24,0.02,104.95,69.21,91.92
2026-05-30 23:35:00,9,179.14,281.88,31.36,1.0,278.65,0.0,131.0,74.0,91.79
2026-05-30 23:40:00,9,179.14,281.88,30.62,1.0,289.77,0.0,136.23,75.25,91.66
2026-05-30 23:45:00,9,179.14,281.88,30.43,3.0,282.67,0.01,132.89,75.16,91.53
2026-05-30 23:50:00,9,179.14,281.88,31.33,2.0,214.89,0.01,101.02,68.11,91.42
2026-05-30 23:55:00,9,179.14,281.88,30.99,0.0,232.25,0.0,109.18,68.93,91.3
2026-05-31 00:00:00,9,179.14,281.88,30.81,5.0,298.15,0.02,140.16,77.67,91.17
2026-05-31 00:05:00,9,179.14,281.88,31.04,1.0,236.64,0.01,111.25,69.71,91.05
2026-05-31 00:10:00,9,179.14,281.88,30.34,1.0,265.94,0.0,125.02,72.62,90.92
2026-05-31 00:15:00,9,179.14,281.88,30.35,0.0,249.12,0.0,117.12,70.55,90.8
2026-05-31 00:20:00,9,179.14,281.88,31.02,2.0,293.75,0.01,138.1,76.09,90.67
2026-05-31 00:25:00,9,179.14,281.88,30.66,2.0,289.21,0.01,135.96,75.56,90.54
2026-05-31 00:30:00,9,179.14,281.88,30.82,1.0,233.25,0.01,109.65,69.39,90.42
2026-05-31 00:35:00,9,179.14,281.88,30.82,1.0,299.73,0.0,140.91,76.42,90.29
2026-05-31 00:40:00,9,179.14,281.88,31.27,2.0,270.6,0.01,127.21,73.49,90.17
2026-05-31 00:45:00,9,179.14,281.88,30.47,4.0,253.05,0.02,118.96,72.38,90.04
2026-05-31 00:50:00,9,179.14,281.88,31.08,0.0,272.36,0.0,128.04,72.96,89.92
2026-05-31 00:55:00,9,179.14,281.88,31.06,0.0,278.96,0.0,131.14,73.68,89.79
2026-05-31 01:00:00,9,179.14,281.88,31.38,1.0,266.83,0.0,125.44,72.71,89.67
2026-05-31 01:05:00,9,179.14,281.88,30.82,3.0,273.93,0.01,128.78,74.2,89.54
2026-05-31 01:10:00,9,179.14,281.88,32.31,5.0,289.81,0.02,136.24,76.7,89.41
2026-05-31 01:15:00,9,179.14,281.88,31.34,3.0,249.77,0.02,117.42,71.7,89.29
2026-05-31 01:20:00,9,179.14,281.88,30.12,0.0,254.01,0.0,119.41,71.03,89.17
2026-05-31 01:25:00,9,179.14,281.88,31.51,2.0,278.92,0.01,131.13,74.4,89.04
2026-05-31 01:30:00,9,179.14,281.88,31.99,2.0,231.28,0.01,108.73,69.56,88.92
2026-05-31 01:35:00,9,179.14,281.88,31.02,1.0,219.56,0.01,103.22,68.16,88.8
2026-05-31 01:40:00,9,179.14,281.88,31.77,8.0,316.91,0.03,148.98,81.04,88.67
2026-05-31 01:45:00,9,179.14,281.88,31.33,1.0,242.58,0.01,114.04,70.28,88.55
2026-05-31 01:50:00,9,179.14,281.88,32.53,1.0,250.27,0.01,117.65,71.03,88.42
2026-05-31 01:55:00,9,179.14,281.88,32.39,0.0,231.42,0.0,108.79,68.86,88.31
2026-05-31 02:00:00,9,179.14,281.88,31.5,4.0,249.39,0.02,117.24,72.01,88.18
2026-05-31 02:05:00,9,179.14,281.88,32.71,1.0,240.06,0.01,112.86,70.04,88.06
2026-05-31 02:10:00,9,179.14,281.88,32.27,3.0,288.13,0.01,135.45,75.79,87.93
2026-05-31 02:15:00,9,179.14,281.88,32.69,3.0,267.66,0.01,125.83,73.52,87.81
2026-05-31 02:20:00,9,179.14,281.88,32.79,4.0,317.82,0.01,149.41,79.72,87.67
2026-05-31 02:25:00,9,179.14,281.88,32.49,0.0,221.26,0.0,104.02,67.94,87.56
2026-05-31 02:30:00,9,179.14,281.88,32.24,1.0,251.0,0.01,118.0,71.11,87.44
2026-05-31 02:35:00,9,179.14,281.88,32.01,1.0,223.2,0.01,104.93,68.48,87.32
2026-05-31 02:40:00,9,179.14,281.88,31.94,1.0,239.13,0.01,112.42,69.95,87.2
2026-05-31 02:45:00,9,179.14,281.88,31.49,0.0,243.89,0.0,114.66,70.03,87.08
2026-05-31 02:50:00,9,179.14,281.88,32.6,2.0,280.51,0.01,131.87,74.58,86.95
2026-05-31 02:55:00,9,179.14,281.88,33.38,3.0,271.63,0.01,127.7,73.95,86.82
2026-05-31 03:00:00,9,179.14,281.88,33.75,2.0,249.64,0.01,117.36,71.32,86.7
2026-05-31 03:05:00,9,179.14,281.88,33.95,0.0,292.77,0.0,137.64,75.26,86.57
2026-05-31 03:10:00,9,179.14,281.88,32.78,4.0,210.11,0.03,98.78,68.45,86.46
2026-05-31 03:15:00,9,179.14,281.88,33.44,1.0,246.82,0.01,116.04,70.69,86.34
2026-05-31 03:20:00,9,179.14,281.88,33.5,1.0,221.0,0.01,103.89,68.29,86.22
2026-05-31 03:25:00,9,179.14,281.88,34.24,1.0,222.05,0.01,104.39,68.38,86.1
2026-05-31 03:30:00,9,179.14,281.88,33.95,3.0,256.12,0.01,120.41,72.33,85.98
2026-05-31 03:35:00,9,179.14,281.88,34.43,1.0,237.6,0.01,111.7,69.81,85.86
2026-05-31 03:40:00,9,179.14,281.88,33.71,2.0,318.89,0.01,149.92,79.15,85.72
2026-05-31 03:45:00,9,179.14,281.88,34.85,0.0,241.73,0.0,113.64,69.83,85.61
2026-05-31 03:50:00,9,179.14,281.88,34.11,0.0,241.34,0.0,113.46,69.79,85.49
2026-05-31 03:55:00,9,179.14,281.88,34.38,0.0,227.08,0.0,106.75,68.46,85.37
2026-05-31 04:00:00,9,179.14,281.88,34.67,1.0,255.06,0.0,119.91,71.5,85.25
2026-05-31 04:05:00,9,179.14,281.88,34.82,1.0,222.06,0.01,104.39,68.39,85.13
2026-05-31 04:10:00,9,179.14,281.88,34.02,0.0,216.26,0.0,101.67,67.51,85.01
2026-05-31 04:15:00,9,179.14,281.88,34.8,2.0,234.23,0.01,110.12,69.84,84.9
2026-05-31 04:20:00,9,179.14,281.88,34.56,2.0,249.3,0.01,117.2,71.29,84.77
2026-05-31 04:25:00,9,179.14,281.88,35.17,7.0,286.94,0.03,134.9,77.1,84.64
2026-05-31 04:30:00,9,179.14,281.88,35.26,0.0,295.65,0.0,138.99,75.6,84.51
2026-05-31 04:35:00,9,179.14,281.88,35.21,0.0,225.77,0.0,106.14,68.35,84.4
2026-05-31 04:40:00,9,179.14,281.88,35.89,3.0,256.74,0.01,120.7,72.39,84.27
2026-05-31 04:45:00,9,179.14,281.88,35.0,3.0,255.32,0.01,120.03,72.25,84.15
2026-05-31 04:50:00,9,179.14,281.88,35.87,0.0,197.64,0.0,92.92,65.98,84.04
2026-05-31 04:55:00,9,179.14,281.88,34.79,5.0,315.83,0.02,148.48,79.84,83.9
2026-05-31 05:00:00,9,179.14,281.88,36.57,0.0,273.67,0.0,128.66,73.11,83.77
2026-05-31 05:05:00,9,179.14,281.88,35.73,2.0,242.76,0.01,114.13,70.65,83.65
2026-05-31 05:10:00,9,179.14,281.88,36.82,2.0,265.52,0.01,124.83,72.96,83.53
2026-05-31 05:15:00,9,179.14,281.88,36.76,1.0,226.88,0.01,106.66,68.82,83.41
2026-05-31 05:20:00,9,179.14,281.88,36.31,1.0,227.59,0.01,106.99,68.88,83.29
2026-05-31 05:25:00,9,179.14,281.88,37.57,0.0,264.75,0.0,124.46,72.15,83.17
2026-05-31 05:30:00,9,179.14,281.88,36.17,3.0,272.13,0.01,127.93,74.01,83.04
2026-05-31 05:35:00,9,179.14,281.88,36.51,0.0,237.78,0.0,111.78,69.46,82.92
2026-05-31 05:40:00,9,179.14,281.88,38.17,1.0,263.38,0.0,123.82,72.36,82.8
2026-05-31 05:45:00,9,179.14,281.88,37.2,0.0,298.09,0.0,140.14,75.89,82.67
2026-05-31 05:50:00,9,179.14,281.88,37.27,2.0,238.58,0.01,112.16,70.25,82.55
2026-05-31 05:55:00,9,179.14,281.88,37.16,0.0,246.33,0.0,115.8,70.28,82.43
2026-05-31 06:00:00,9,179.14,281.88,38.93,2.0,242.65,0.01,114.07,70.65,82.31
2026-05-31 06:05:00,9,179.14,281.88,38.15,0.0,266.98,0.0,125.51,72.39,82.19
2026-05-31 06:10:00,9,179.14,281.88,38.33,2.0,253.74,0.01,119.29,71.74,82.06
2026-05-31 06:15:00,9,179.14,281.88,38.18,1.0,235.83,0.01,110.87,69.65,81.95
2026-05-31 06:20:00,9,179.14,281.88,37.79,0.0,278.55,0.0,130.95,73.65,81.82
2026-05-31 06:25:00,9,179.14,281.88,39.54,0.0,227.72,0.0,107.05,68.53,81.7
2026-05-31 06:30:00,9,179.14,281.88,38.93,1.0,211.13,0.01,99.26,67.45,81.59
2026-05-31 06:35:00,9,179.14,281.88,38.8,0.0,230.1,0.0,108.17,68.75,81.47
2026-05-31 06:40:00,9,179.14,281.88,40.43,2.0,260.97,0.01,122.69,72.49,81.35
2026-05-31 06:45:00,9,179.14,281.88,40.07,0.0,277.67,0.0,130.54,73.56,81.22
2026-05-31 06:50:00,9,179.14,281.88,40.2,2.0,250.69,0.01,117.85,71.44,81.1
2026-05-31 06:55:00,9,179.14,281.88,39.16,1.0,275.19,0.0,129.37,73.63,80.97
2026-05-31 07:00:00,9,179.14,281.88,39.82,0.0,291.02,0.0,136.81,75.06,80.84
2026-05-31 07:05:00,9,179.14,281.88,39.18,1.0,252.74,0.0,118.82,71.27,80.72
2026-05-31 07:10:00,9,179.14,281.88,40.98,0.0,278.12,0.0,130.75,73.61,80.6
2026-05-31 07:15:00,9,179.14,281.88,40.66,0.0,268.5,0.0,126.23,72.56,80.47
2026-05-31 07:20:00,9,179.14,281.88,40.64,0.0,246.35,0.0,115.81,70.29,80.35
2026-05-31 07:25:00,9,179.14,281.88,41.58,0.0,267.56,0.0,125.79,72.46,80.23
2026-05-31 07:30:00,9,179.14,281.88,40.9,0.0,256.98,0.0,120.81,71.36,80.11
2026-05-31 07:35:00,9,179.14,281.88,41.17,0.0,259.4,0.0,121.95,71.61,79.98
2026-05-31 07:40:00,9,179.14,281.88,40.59,0.0,233.88,0.0,109.95,69.1,79.87
2026-05-31 07:45:00,9,179.14,281.88,40.97,2.0,192.98,0.02,90.72,66.37,79.75
2026-05-31 07:50:00,9,179.14,281.88,40.43,1.0,276.72,0.0,130.09,73.8,79.63
2026-05-31 07:55:00,9,179.14,281.88,41.08,1.0,244.89,0.01,115.13,70.52,79.51
2026-05-31 08:00:00,9,179.14,281.88,41.75,1.0,259.65,0.0,122.06,71.98,79.38
2026-05-31 08:05:00,9,179.14,281.88,41.08,0.0,263.38,0.0,123.82,72.02,79.26
2026-05-31 08:10:00,9,179.14,281.88,42.1,0.0,243.81,0.0,114.62,70.05,79.14
2026-05-31 08:15:00,9,179.14,281.88,41.44,0.0,281.09,0.0,132.14,73.94,79.01
2026-05-31 08:20:00,9,179.14,281.88,41.81,1.0,277.4,0.0,130.41,73.88,78.89
2026-05-31 08:25:00,9,179.14,281.88,42.1,0.0,249.94,0.0,117.5,70.65,78.77
2026-05-31 08:30:00,9,179.14,281.88,42.06,1.0,272.64,0.0,128.17,73.36,78.64
2026-05-31 08:35:00,9,179.14,281.88,43.45,1.0,264.16,0.0,124.18,72.45,78.52
2026-05-31 08:40:00,9,179.14,281.88,42.98,1.0,281.37,0.0,132.28,74.32,78.39
2026-05-31 08:45:00,9,179.14,281.88,42.31,1.0,268.54,0.0,126.25,72.92,78.27
2026-05-31 08:50:00,9,179.14,281.88,42.55,0.0,253.34,0.0,119.1,70.99,78.14
2026-05-31 08:55:00,9,179.14,281.88,43.05,0.0,248.62,0.0,116.88,70.52,78.02
2026-05-31 09:00:00,9,179.14,281.88,43.53,0.0,263.51,0.0,123.88,72.04,77.9
2026-05-31 09:05:00,9,179.14,281.88,44.28,2.0,284.49,0.01,133.74,75.05,77.77
2026-05-31 09:10:00,9,179.14,281.88,43.58,0.0,261.2,0.0,122.8,71.8,77.65
2026-05-31 09:15:00,9,179.14,281.88,42.82,4.0,337.13,0.01,158.49,82.25,77.51
2026-05-31 09:20:00,9,179.14,281.88,43.46,0.0,281.12,0.0,132.16,73.95,77.38
2026-05-31 09:25:00,9,179.14,281.88,43.25,0.0,264.63,0.0,124.41,72.16,77.26
2026-05-31 09:30:00,9,179.14,281.88,43.64,1.0,239.15,0.01,112.43,69.97,77.14
2026-05-31 09:35:00,9,179.14,281.88,43.39,0.0,247.17,0.0,116.2,70.38,77.02
2026-05-31 09:40:00,9,179.14,281.88,44.36,1.0,232.14,0.01,109.13,69.32,76.9
2026-05-31 09:45:00,9,179.14,281.88,44.33,1.0,241.98,0.01,113.76,70.24,76.78
2026-05-31 09:50:00,9,179.14,281.88,44.2,0.0,249.38,0.0,117.24,70.6,76.66
2026-05-31 09:55:00,9,179.14,281.88,43.65,0.0,260.79,0.0,122.6,71.75,76.54
2026-05-31 10:00:00,9,179.14,281.88,45.09,1.0,272.58,0.0,128.14,73.36,76.41
2026-05-31 10:05:00,9,179.14,281.88,44.51,0.0,240.67,0.0,113.14,69.75,76.29
2026-05-31 10:10:00,9,179.14,281.88,43.77,0.0,262.48,0.0,123.4,71.93,76.17
2026-05-31 10:15:00,9,179.14,281.88,44.06,1.0,300.29,0.0,141.17,76.51,76.04
2026-05-31 10:20:00,9,179.14,281.88,44.74,1.0,251.6,0.01,118.28,71.19,75.92
2026-05-31 10:25:00,9,179.14,281.88,44.58,0.0,219.36,0.0,103.13,67.8,75.8
2026-05-31 10:30:00,9,179.14,281.88,44.85,0.0,229.15,0.0,107.73,68.67,75.68
2026-05-31 10:35:00,9,179.14,281.88,43.76,2.0,252.17,0.01,118.55,71.6,75.56
2026-05-31 10:40:00,9,179.14,281.88,45.05,0.0,286.87,0.0,134.86,74.6,75.43
2026-05-31 10:45:00,9,179.14,281.88,45.16,1.0,267.57,0.0,125.79,72.82,75.31
2026-05-31 10:50:00,9,179.14,281.88,45.77,1.0,289.48,0.0,136.09,75.25,75.18
2026-05-31 10:55:00,9,179.14,281.88,44.59,1.0,272.72,0.0,128.21,73.37,75.06
2026-05-31 11:00:00,9,179.14,281.88,45.01,2.0,272.59,0.01,128.15,73.73,74.93
2026-05-31 11:05:00,9,179.14,281.88,44.52,0.0,259.41,0.0,121.95,71.61,74.81
2026-05-31 11:10:00,9,179.14,281.88,44.12,1.0,221.95,0.01,104.34,68.4,74.69
2026-05-31 11:15:00,9,179.14,281.88,45.7,1.0,236.89,0.01,111.37,69.76,74.57
2026-05-31 11:20:00,9,179.14,281.88,45.01,3.0,222.64,0.02,104.67,69.18,74.45
2026-05-31 11:25:00,9,179.14,281.88,45.47,1.0,265.01,0.0,124.59,72.55,74.33
2026-05-31 11:30:00,9,179.14,281.88,44.97,3.0,301.14,0.01,141.57,77.34,74.2
2026-05-31 11:35:00,9,179.14,281.88,45.34,2.0,240.85,0.01,113.23,70.49,74.08
2026-05-31 11:40:00,9,179.14,281.88,45.08,0.0,267.75,0.0,125.87,72.49,73.95
2026-05-31 11:45:00,9,179.14,281.88,44.12,1.0,189.17,0.01,88.93,65.71,73.84
2026-05-31 11:50:00,9,179.14,281.88,44.87,0.0,271.77,0.0,127.76,72.92,73.72
2026-05-31 11:55:00,9,179.14,281.88,44.24,0.0,202.25,0.0,95.08,66.36,73.6
2026-05-31 12:00:00,9,179.14,281.88,44.05,0.0,222.26,0.0,104.49,68.05,73.49
2026-05-31 12:05:00,9,179.14,281.88,45.12,1.0,282.35,0.0,132.74,74.44,73.36
2026-05-31 12:10:00,9,179.14,281.88,45.25,2.0,233.99,0.01,110.0,69.84,73.24
2026-05-31 12:15:00,9,179.14,281.88,44.69,0.0,270.61,0.0,127.22,72.79,73.12
2026-05-31 12:20:00,9,179.14,281.88,44.59,2.0,218.99,0.01,102.95,68.49,73.0
2026-05-31 12:25:00,9,179.14,281.88,45.17,0.0,239.21,0.0,112.45,69.61,72.88
2026-05-31 12:30:00,9,179.14,281.88,44.15,2.0,267.69,0.01,125.85,73.2,72.75
2026-05-31 12:35:00,9,179.14,281.88,45.17,2.0,223.46,0.01,105.05,68.88,72.64
2026-05-31 12:40:00,9,179.14,281.88,45.19,1.0,250.36,0.01,117.7,71.07,72.51
2026-05-31 12:45:00,9,179.14,281.88,45.1,1.0,233.35,0.01,109.7,69.43,72.4
2026-05-31 12:50:00,9,179.14,281.88,45.0,2.0,261.25,0.01,122.82,72.53,72.27
2026-05-31 12:55:00,9,179.14,281.88,45.15,1.0,258.34,0.0,121.45,71.85,72.15
2026-05-31 13:00:00,9,179.14,281.88,44.63,3.0,234.31,0.02,110.15,70.24,72.03
2026-05-31 13:05:00,9,179.14,281.88,45.19,5.0,219.65,0.03,103.26,69.64,71.91
2026-05-31 13:10:00,9,179.14,281.88,44.42,1.0,277.99,0.0,130.69,73.95,71.78
2026-05-31 13:15:00,9,179.14,281.88,44.66,2.0,245.5,0.01,115.41,70.94,71.66
2026-05-31 13:20:00,9,179.14,281.88,44.16,4.0,251.81,0.02,118.38,72.28,71.54
2026-05-31 13:25:00,9,179.14,281.88,44.73,2.0,226.06,0.01,106.28,69.11,71.42
2026-05-31 13:30:00,9,179.14,281.88,44.55,3.0,251.48,0.02,118.23,71.9,71.3
2026-05-31 13:35:00,9,179.14,281.88,44.81,3.0,216.22,0.02,101.65,68.62,71.18
2026-05-31 13:40:00,9,179.14,281.88,44.57,1.0,250.09,0.01,117.57,71.04,71.06
2026-05-31 13:45:00,9,179.14,281.88,44.67,2.0,214.3,0.01,100.74,68.08,70.94
2026-05-31 13:50:00,9,179.14,281.88,44.92,2.0,269.17,0.01,126.54,73.36,70.82
2026-05-31 13:55:00,9,179.14,281.88,43.59,0.0,244.31,0.0,114.85,70.1,70.7
2026-05-31 14:00:00,9,179.14,281.88,43.89,1.0,293.96,0.0,138.2,75.77,70.57
2026-05-31 14:05:00,9,179.14,281.88,44.37,4.0,286.68,0.02,134.77,76.01,70.44
2026-05-31 14:10:00,9,179.14,281.88,44.58,1.0,236.16,0.01,111.02,69.69,70.32
2026-05-31 14:15:00,9,179.14,281.88,44.19,2.0,255.8,0.01,120.25,71.96,70.2
2026-05-31 14:20:00,9,179.14,281.88,43.24,1.0,214.92,0.01,101.04,67.78,70.08
2026-05-31 14:25:00,9,179.14,281.88,44.05,0.0,224.4,0.0,105.49,68.24,69.96
2026-05-31 14:30:00,9,179.14,281.88,42.83,1.0,248.78,0.01,116.95,70.9,69.84
2026-05-31 14:35:00,9,179.14,281.88,43.73,0.0,261.63,0.0,123.0,71.84,69.72
2026-05-31 14:40:00,9,179.14,281.88,42.5,1.0,271.44,0.0,127.61,73.23,69.59
2026-05-31 14:45:00,9,179.14,281.88,43.11,10.0,305.46,0.03,143.6,80.34,69.46
2026-05-31 14:50:00,9,179.14,281.88,42.71,1.0,256.09,0.0,120.39,71.62,69.33
2026-05-31 14:55:00,9,179.14,281.88,41.93,2.0,218.86,0.01,102.89,68.47,69.22
2026-05-31 15:00:00,9,179.14,281.88,43.55,4.0,314.62,0.01,147.91,79.34,69.08
2026-05-31 15:05:00,9,179.14,281.88,42.86,4.0,255.31,0.02,120.03,72.63,68.96
2026-05-31 15:10:00,9,179.14,281.88,42.78,1.0,242.49,0.01,114.0,70.29,68.84
2026-05-31 15:15:00,9,179.14,281.88,42.5,1.0,254.9,0.0,119.83,71.5,68.72
2026-05-31 15:20:00,9,179.14,281.88,42.12,3.0,237.34,0.02,111.58,70.52,68.6
2026-05-31 15:25:00,9,179.14,281.88,41.93,0.0,265.21,0.0,124.68,72.21,68.47
2026-05-31 15:30:00,9,179.14,281.88,41.95,4.0,251.76,0.02,118.36,72.27,68.35
2026-05-31 15:35:00,9,179.14,281.88,42.34,0.0,277.15,0.0,130.29,73.5,68.22
2026-05-31 15:40:00,9,179.14,281.88,40.97,1.0,286.69,0.0,134.78,74.92,68.09
2026-05-31 15:45:00,9,179.14,281.88,41.52,1.0,268.3,0.0,126.13,72.89,67.97
2026-05-31 15:50:00,9,179.14,281.88,41.17,1.0,240.14,0.01,112.9,70.06,67.85
2026-05-31 15:55:00,9,179.14,281.88,42.38,1.0,268.77,0.0,126.35,72.94,67.73
2026-05-31 16:00:00,9,179.14,281.88,40.75,2.0,305.85,0.01,143.78,77.55,67.59
2026-05-31 16:05:00,9,179.14,281.88,41.99,4.0,275.08,0.02,129.32,74.71,67.47
2026-05-31 16:10:00,9,179.14,281.88,41.14,0.0,238.17,0.0,111.97,69.5,67.35
2026-05-31 16:15:00,9,179.14,281.88,41.49,2.0,243.23,0.01,114.35,70.71,67.23
2026-05-31 16:20:00,9,179.14,281.88,41.16,0.0,283.75,0.0,133.39,74.23,67.1
2026-05-31 16:25:00,9,179.14,281.88,40.24,0.0,264.1,0.0,124.16,72.09,66.98
2026-05-31 16:30:00,9,179.14,281.88,40.49,1.0,238.13,0.01,111.95,69.87,66.86
2026-05-31 16:35:00,9,179.14,281.88,39.68,0.0,194.53,0.0,91.45,65.74,66.74
2026-05-31 16:40:00,9,179.14,281.88,40.58,2.0,267.98,0.01,125.98,73.22,66.62
2026-05-31 16:45:00,9,179.14,281.88,40.09,3.0,269.83,0.01,126.85,73.77,66.49
2026-05-31 16:50:00,9,179.14,281.88,40.19,7.0,299.47,0.02,140.79,78.55,66.36
2026-05-31 16:55:00,9,179.14,281.88,40.88,4.0,312.22,0.01,146.78,79.03,66.22
2026-05-31 17:00:00,9,179.14,281.88,40.06,1.0,247.05,0.01,116.14,70.73,66.1
2026-05-31 17:05:00,9,179.14,281.88,40.23,0.0,249.04,0.0,117.08,70.56,65.98
2026-05-31 17:10:00,9,179.14,281.88,38.91,1.0,242.1,0.01,113.82,70.25,65.86
2026-05-31 17:15:00,9,179.14,281.88,39.59,2.0,235.14,0.01,110.54,69.93,65.74
2026-05-31 17:20:00,9,179.14,281.88,39.28,1.0,303.33,0.0,142.6,76.87,65.61
2026-05-31 17:25:00,9,179.14,281.88,39.49,0.0,208.98,0.0,98.24,66.9,65.5
2026-05-31 17:30:00,9,179.14,281.88,38.97,0.0,222.39,0.0,104.55,68.05,65.38
2026-05-31 17:35:00,9,179.14,281.88,37.7,0.0,224.91,0.0,105.73,68.27,65.26
2026-05-31 17:40:00,9,179.14,281.88,38.2,1.0,311.13,0.0,146.27,77.82,65.13
2026-05-31 17:45:00,9,179.14,281.88,38.31,0.0,259.35,0.0,121.93,71.6,65.01
2026-05-31 17:50:00,9,179.14,281.88,38.87,0.0,238.75,0.0,112.24,69.55,64.89
2026-05-31 17:55:00,9,179.14,281.88,37.57,1.0,244.08,0.01,114.74,70.43,64.77
2026-05-31 18:00:00,9,179.14,281.88,38.69,0.0,200.39,0.0,94.21,66.2,64.66
2026-05-31 18:05:00,9,179.14,281.88,38.8,1.0,225.5,0.01,106.01,68.7,64.54
2026-05-31 18:10:00,9,179.14,281.88,37.13,0.0,278.57,0.0,130.96,73.65,64.41
2026-05-31 18:15:00,9,179.14,281.88,37.41,0.0,242.72,0.0,114.11,69.93,64.29
2026-05-31 18:20:00,9,179.14,281.88,36.53,0.0,248.2,0.0,116.68,70.46,64.17
2026-05-31 18:25:00,9,179.14,281.88,36.76,1.0,279.76,0.0,131.52,74.13,64.05
2026-05-31 18:30:00,9,179.14,281.88,36.77,0.0,241.54,0.0,113.55,69.82,63.93
2026-05-31 18:35:00,9,179.14,281.88,36.88,0.0,270.01,0.0,126.94,72.71,63.8
2026-05-31 18:40:00,9,179.14,281.88,37.82,0.0,241.6,0.0,113.58,69.82,63.68
2026-05-31 18:45:00,9,179.14,281.88,36.55,0.0,270.09,0.0,126.97,72.72,63.56
2026-05-31 18:50:00,9,179.14,281.88,37.02,1.0,252.17,0.01,118.55,71.23,63.44
2026-05-31 18:55:00,9,179.14,281.88,36.14,0.0,276.91,0.0,130.18,73.46,63.31
2026-05-31 19:00:00,9,179.14,281.88,36.67,1.0,257.72,0.0,121.16,71.77,63.19
2026-05-31 19:05:00,9,179.14,281.88,35.94,0.0,259.24,0.0,121.88,71.58,63.07
2026-05-31 19:10:00,9,179.14,281.88,35.91,2.0,263.72,0.01,123.98,72.76,62.94
2026-05-31 19:15:00,9,179.14,281.88,35.81,1.0,296.09,0.0,139.2,76.0,62.81
2026-05-31 19:20:00,9,179.14,281.88,35.05,0.0,249.3,0.0,117.2,70.57,62.69
2026-05-31 19:25:00,9,179.14,281.88,35.54,1.0,237.4,0.01,111.61,69.79,62.57
2026-05-31 19:30:00,9,179.14,281.88,35.2,0.0,273.42,0.0,128.54,73.08,62.45
2026-05-31 19:35:00,9,179.14,281.88,34.7,0.0,282.58,0.0,132.85,74.09,62.32
2026-05-31 19:40:00,9,179.14,281.88,35.28,0.0,265.53,0.0,124.83,72.23,62.2
2026-05-31 19:45:00,9,179.14,281.88,34.7,0.0,239.48,0.0,112.58,69.62,62.08
2026-05-31 19:50:00,9,179.14,281.88,33.92,0.0,204.29,0.0,96.04,66.51,61.96
2026-05-31 19:55:00,9,179.14,281.88,34.42,0.0,254.4,0.0,119.6,71.08,61.84
2026-05-31 20:00:00,9,179.14,281.88,34.6,0.0,232.42,0.0,109.27,68.95,61.73
2026-05-31 20:05:00,9,179.14,281.88,34.81,2.0,295.03,0.01,138.7,76.24,61.6
2026-05-31 20:10:00,9,179.14,281.88,34.62,1.0,235.41,0.01,110.67,69.6,61.48
2026-05-31 20:15:00,9,179.14,281.88,33.91,1.0,247.63,0.01,116.41,70.77,61.36
2026-05-31 20:20:00,9,179.14,281.88,33.87,0.0,266.8,0.0,125.43,72.37,61.23
2026-05-31 20:25:00,9,179.14,281.88,33.83,0.0,211.25,0.0,99.31,67.08,61.12
2026-05-31 20:30:00,9,179.14,281.88,33.63,1.0,299.79,0.0,140.94,76.43,60.99
2026-05-31 20:35:00,9,179.14,281.88,34.34,1.0,279.81,0.0,131.55,74.13,60.86
2026-05-31 20:40:00,9,179.14,281.88,34.0,1.0,235.08,0.01,110.51,69.57,60.74
2026-05-31 20:45:00,9,179.14,281.88,33.89,2.0,289.79,0.01,136.24,75.63,60.61
2026-05-31 20:50:00,9,179.14,281.88,34.16,0.0,205.79,0.0,96.75,66.63,60.5
2026-05-31 20:55:00,9,179.14,281.88,33.12,2.0,255.51,0.01,120.12,71.91,60.37
2026-05-31 21:00:00,9,179.14,281.88,33.37,0.0,286.26,0.0,134.58,74.51,60.25
2026-05-31 21:05:00,9,179.14,281.88,32.58,1.0,268.55,0.0,126.25,72.9,60.12
2026-05-31 21:10:00,9,179.14,281.88,33.06,0.0,193.79,0.0,91.1,65.67,60.01
2026-05-31 21:15:00,9,179.14,281.88,32.83,1.0,248.33,0.01,116.74,70.84,59.89
2026-05-31 21:20:00,9,179.14,281.88,32.48,1.0,274.2,0.0,128.91,73.51,59.76
2026-05-31 21:25:00,9,179.14,281.88,32.81,1.0,239.22,0.01,112.46,69.96,59.64
2026-05-31 21:30:00,9,179.14,281.88,32.06,0.0,231.55,0.0,108.86,68.87,59.53
2026-05-31 21:35:00,9,179.14,281.88,32.1,1.0,215.0,0.01,101.07,67.77,59.41
2026-05-31 21:40:00,9,179.14,281.88,32.89,1.0,217.93,0.01,102.45,68.02,59.29
2026-05-31 21:45:00,9,179.14,281.88,32.66,0.0,220.76,0.0,103.78,67.9,59.18
2026-05-31 21:50:00,9,179.14,281.88,33.21,2.0,311.57,0.01,146.47,78.23,59.04
2026-05-31 21:55:00,9,179.14,281.88,31.53,3.0,248.39,0.02,116.77,71.56,58.92
2026-05-31 22:00:00,9,179.14,281.88,31.89,1.0,232.38,0.01,109.25,69.32,58.8
2026-05-31 22:05:00,9,179.14,281.88,32.06,0.0,253.6,0.0,119.22,71.0,58.68
2026-05-31 22:10:00,9,179.14,281.88,31.1,0.0,276.36,0.0,129.92,73.39,58.56
2026-05-31 22:15:00,9,179.14,281.88,31.31,0.0,231.9,0.0,109.02,68.9,58.44
2026-05-31 22:20:00,9,179.14,281.88,32.17,1.0,269.83,0.0,126.85,73.04,58.31
2026-05-31 22:25:00,9,179.14,281.88,32.01,0.0,278.06,0.0,130.72,73.58,58.19
2026-05-31 22:30:00,9,179.14,281.88,31.61,0.0,255.01,0.0,119.88,71.14,58.07
2026-05-31 22:35:00,9,179.14,281.88,31.65,1.0,268.95,0.0,126.44,72.94,57.94
2026-05-31 22:40:00,9,179.14,281.88,31.16,1.0,282.77,0.0,132.94,74.46,57.82
2026-05-31 22:45:00,9,179.14,281.88,30.89,2.0,296.14,0.01,139.22,76.37,57.68
2026-05-31 22:50:00,9,179.14,281.88,31.2,0.0,217.63,0.0,102.31,67.62,57.57
2026-05-31 22:55:00,9,179.14,281.88,32.07,1.0,245.59,0.01,115.46,70.57,57.45
2026-05-31 23:00:00,9,179.14,281.88,30.85,0.0,215.54,0.0,101.33,67.44,57.33
2026-05-31 23:05:00,9,179.14,281.88,31.0,4.0,251.46,0.02,118.22,72.22,57.21
2026-05-31 23:10:00,9,179.14,281.88,31.02,0.0,244.89,0.0,115.13,70.13,57.09
2026-05-31 23:15:00,9,179.14,281.88,31.55,2.0,219.3,0.01,103.1,68.49,56.97
2026-05-31 23:20:00,9,179.14,281.88,30.5,0.0,227.26,0.0,106.84,68.47,56.86
2026-05-31 23:25:00,9,179.14,281.88,30.5,2.0,266.69,0.01,125.38,73.07,56.73
2026-05-31 23:30:00,9,179.14,281.88,29.89,0.0,259.02,0.0,121.77,71.55,56.61
2026-05-31 23:35:00,9,179.14,281.88,30.84,3.0,253.08,0.01,118.98,72.01,56.49
2026-05-31 23:40:00,9,179.14,281.88,30.84,0.0,259.27,0.0,121.89,71.57,56.36
2026-05-31 23:45:00,9,179.14,281.88,31.14,1.0,267.46,0.0,125.74,72.78,56.24
2026-05-31 23:50:00,9,179.14,281.88,31.19,0.0,240.4,0.0,113.02,69.7,56.12
2026-05-31 23:55:00,9,179.14,281.88,31.07,3.0,219.11,0.02,103.01,68.84,56.0
2026-06-01 00:00:00,9,179.14,281.88,31.92,2.0,270.57,0.01,127.2,73.49,55.88
2026-06-01 00:05:00,9,179.14,281.88,31.21,1.0,216.85,0.01,101.94,67.92,55.76
2026-06-01 00:10:00,9,179.14,281.88,31.47,2.0,241.03,0.01,113.31,70.48,55.64
2026-06-01 00:15:00,9,179.14,281.88,30.74,0.0,256.89,0.0,120.77,71.33,55.52
2026-06-01 00:20:00,9,179.14,281.88,31.05,1.0,271.24,0.0,127.51,73.18,55.39
2026-06-01 00:25:00,9,179.14,281.88,30.18,2.0,222.47,0.01,104.59,68.77,55.28
2026-06-01 00:30:00,9,179.14,281.88,30.82,0.0,278.48,0.0,130.92,73.63,55.15
2026-06-01 00:35:00,9,179.14,281.88,31.74,0.0,244.39,0.0,114.89,70.08,55.03
2026-06-01 00:40:00,9,179.14,281.88,30.75,0.0,274.28,0.0,128.94,73.16,54.9
2026-06-01 00:45:00,9,179.14,281.88,30.42,2.0,233.95,0.01,109.98,69.81,54.79
2026-06-01 00:50:00,9,179.14,281.88,31.52,1.0,206.48,0.01,97.07,67.05,54.67
2026-06-01 00:55:00,9,179.14,281.88,31.23,3.0,261.74,0.01,123.05,72.9,54.55
2026-06-01 01:00:00,9,179.14,281.88,31.22,1.0,247.62,0.01,116.41,70.77,54.43
2026-06-01 01:05:00,9,179.14,281.88,31.65,3.0,255.53,0.01,120.13,72.26,54.3
2026-06-01 01:10:00,9,179.14,281.88,31.0,2.0,268.14,0.01,126.06,73.22,54.18
2026-06-01 01:15:00,9,179.14,281.88,31.11,2.0,263.67,0.01,123.95,72.75,54.05
2026-06-01 01:20:00,9,179.14,281.88,31.19,0.0,264.49,0.0,124.34,72.12,53.93
2026-06-01 01:25:00,9,179.14,281.88,31.56,3.0,253.7,0.01,119.27,72.08,53.81
2026-06-01 01:30:00,9,179.14,281.88,31.21,5.0,294.8,0.02,138.59,77.28,53.67
2026-06-01 01:35:00,9,179.14,281.88,32.17,1.0,219.85,0.01,103.36,68.19,53.56
2026-06-01 01:40:00,9,179.14,281.88,32.37,0.0,249.98,0.0,117.52,70.63,53.44
2026-06-01 01:45:00,9,179.14,281.88,31.89,2.0,233.27,0.01,109.67,69.75,53.32
2026-06-01 01:50:00,9,179.14,281.88,31.67,2.0,256.98,0.01,120.81,72.06,53.19
2026-06-01 01:55:00,9,179.14,281.88,32.19,3.0,239.12,0.02,112.42,70.67,53.07
2026-06-01 02:00:00,9,179.14,281.88,31.04,1.0,291.69,0.0,137.13,75.48,52.94
2026-06-01 02:05:00,9,179.14,281.88,32.25,3.0,262.42,0.01,123.37,72.97,52.82
2026-06-01 02:10:00,9,179.14,281.88,32.34,0.0,240.98,0.0,113.29,69.76,52.7
2026-06-01 02:15:00,9,179.14,281.88,31.8,3.0,227.89,0.02,107.14,69.62,52.58
2026-06-01 02:20:00,9,179.14,281.88,31.63,1.0,269.18,0.0,126.55,72.97,52.46
2026-06-01 02:25:00,9,179.14,281.88,32.61,3.0,236.7,0.02,111.28,70.44,52.34
2026-06-01 02:30:00,9,179.14,281.88,32.37,1.0,267.77,0.0,125.88,72.82,52.21
2026-06-01 02:35:00,9,179.14,281.88,31.77,2.0,282.95,0.01,133.02,74.85,52.08
2026-06-01 02:40:00,9,179.14,281.88,33.41,3.0,250.48,0.02,117.75,71.77,51.96
2026-06-01 02:45:00,9,179.14,281.88,32.86,4.0,251.0,0.02,118.0,72.18,51.84
2026-06-01 02:50:00,9,179.14,281.88,33.59,0.0,297.19,0.0,139.71,75.77,51.71
2026-06-01 02:55:00,9,179.14,281.88,33.13,1.0,252.73,0.0,118.81,71.26,51.59
2026-06-01 03:00:00,9,179.14,281.88,33.55,0.0,261.97,0.0,123.16,71.86,51.46
2026-06-01 03:05:00,9,179.14,281.88,32.78,3.0,281.85,0.01,132.5,75.08,51.34
2026-06-01 03:10:00,9,179.14,281.88,34.27,0.0,288.31,0.0,135.54,74.74,51.21
2026-06-01 03:15:00,9,179.14,281.88,32.59,1.0,298.46,0.0,140.31,76.27,51.08
2026-06-01 03:20:00,9,179.14,281.88,33.34,0.0,222.7,0.0,104.7,68.07,50.96
2026-06-01 03:25:00,9,179.14,281.88,33.49,1.0,213.36,0.01,100.3,67.63,50.85
2026-06-01 03:30:00,9,179.14,281.88,33.53,4.0,198.63,0.03,93.38,67.51,50.73
2026-06-01 03:35:00,9,179.14,281.88,34.04,1.0,272.51,0.0,128.11,73.33,50.6
2026-06-01 03:40:00,9,179.14,281.88,33.57,3.0,319.43,0.01,150.17,79.57,50.47
2026-06-01 03:45:00,9,179.14,281.88,34.25,0.0,257.47,0.0,121.04,71.39,50.35
2026-06-01 03:50:00,9,179.14,281.88,33.4,2.0,212.94,0.01,100.11,67.95,50.23
2026-06-01 03:55:00,9,179.14,281.88,34.17,0.0,259.63,0.0,122.06,71.62,50.11
2026-06-01 04:00:00,9,179.14,281.88,33.78,4.0,285.15,0.02,134.06,75.82,49.98
2026-06-01 04:05:00,9,179.14,281.88,34.93,3.0,272.81,0.01,128.25,74.08,49.85
2026-06-01 04:10:00,9,179.14,281.88,34.33,2.0,257.26,0.01,120.94,72.09,49.73
2026-06-01 04:15:00,9,179.14,281.88,35.05,2.0,246.95,0.01,116.09,71.06,49.61
2026-06-01 04:20:00,9,179.14,281.88,35.64,1.0,226.79,0.01,106.62,68.81,49.49
2026-06-01 04:25:00,9,179.14,281.88,34.16,0.0,262.93,0.0,123.61,71.96,49.37
2026-06-01 04:30:00,9,179.14,281.88,35.21,0.0,275.65,0.0,129.59,73.32,49.24
2026-06-01 04:35:00,9,179.14,281.88,35.61,1.0,266.09,0.0,125.09,72.64,49.12
2026-06-01 04:40:00,9,179.14,281.88,35.66,1.0,266.6,0.0,125.33,72.7,48.99
2026-06-01 04:45:00,9,179.14,281.88,35.52,1.0,240.56,0.01,113.09,70.09,48.87
2026-06-01 04:50:00,9,179.14,281.88,35.83,1.0,273.77,0.0,128.7,73.47,48.75
2026-06-01 04:55:00,9,179.14,281.88,36.08,1.0,271.76,0.0,127.76,73.25,48.62
2026-06-01 05:00:00,9,179.14,281.88,36.98,0.0,274.99,0.0,129.28,73.25,48.5
2026-06-01 05:05:00,9,179.14,281.88,36.71,2.0,253.25,0.01,119.06,71.69,48.37
2026-06-01 05:10:00,9,179.14,281.88,36.62,1.0,212.14,0.01,99.73,67.53,48.26
2026-06-01 05:15:00,9,179.14,281.88,36.71,2.0,223.5,0.01,105.07,68.87,48.14
2026-06-01 05:20:00,9,179.14,281.88,36.76,0.0,261.99,0.0,123.17,71.87,48.02
2026-06-01 05:25:00,9,179.14,281.88,36.65,3.0,250.08,0.02,117.57,71.74,47.9
2026-06-01 05:30:00,9,179.14,281.88,36.37,1.0,242.92,0.01,114.2,70.32,47.78
2026-06-01 05:35:00,9,179.14,281.88,36.76,0.0,239.98,0.0,112.82,69.67,47.66
2026-06-01 05:40:00,9,179.14,281.88,37.38,1.0,212.46,0.01,99.88,67.56,47.54
2026-06-01 05:45:00,9,179.14,281.88,37.63,0.0,274.16,0.0,128.89,73.17,47.42
2026-06-01 05:50:00,9,179.14,281.88,37.81,1.0,269.12,0.0,126.52,72.97,47.29
2026-06-01 05:55:00,9,179.14,281.88,37.06,1.0,232.01,0.01,109.07,69.29,47.17
2026-06-01 06:00:00,9,179.14,281.88,37.11,0.0,211.81,0.0,99.57,67.14,47.06
2026-06-01 06:05:00,9,179.14,281.88,38.22,0.0,237.81,0.0,111.8,69.46,46.94
2026-06-01 06:10:00,9,179.14,281.88,38.97,1.0,269.25,0.0,126.58,72.99,46.82
2026-06-01 06:15:00,9,179.14,281.88,38.95,0.0,230.89,0.0,108.55,68.82,46.7
2026-06-01 06:20:00,9,179.14,281.88,38.08,1.0,240.19,0.01,112.92,70.06,46.58
2026-06-01 06:25:00,9,179.14,281.88,38.71,0.0,257.78,0.0,121.19,71.43,46.46
2026-06-01 06:30:00,9,179.14,281.88,39.77,0.0,270.6,0.0,127.21,72.78,46.33
2026-06-01 06:35:00,9,179.14,281.88,39.02,0.0,233.16,0.0,109.61,69.03,46.21
2026-06-01 06:40:00,9,179.14,281.88,38.87,0.0,232.84,0.0,109.46,69.0,46.1
2026-06-01 06:45:00,9,179.14,281.88,40.15,0.0,279.24,0.0,131.28,73.73,45.97
2026-06-01 06:50:00,9,179.14,281.88,39.58,1.0,239.84,0.01,112.75,70.03,45.85
2026-06-01 06:55:00,9,179.14,281.88,39.61,0.0,249.57,0.0,117.33,70.61,45.73
2026-06-01 07:00:00,9,179.14,281.88,40.05,0.0,247.68,0.0,116.44,70.42,45.61
2026-06-01 07:05:00,9,179.14,281.88,39.88,1.0,269.02,0.0,126.47,72.96,45.48
2026-06-01 07:10:00,9,179.14,281.88,41.21,0.0,251.61,0.0,118.28,70.81,45.36
2026-06-01 07:15:00,9,179.14,281.88,39.57,1.0,253.25,0.0,119.06,71.33,45.24
2026-06-01 07:20:00,9,179.14,281.88,40.7,0.0,242.04,0.0,113.79,69.87,45.12
2026-06-01 07:25:00,9,179.14,281.88,41.06,0.0,235.51,0.0,110.72,69.25,45.0
2026-06-01 07:30:00,9,179.14,281.88,40.4,1.0,273.22,0.0,128.45,73.42,44.88
2026-06-01 07:35:00,9,179.14,281.88,40.53,0.0,262.94,0.0,123.61,71.97,44.75
2026-06-01 07:40:00,9,179.14,281.88,41.01,2.0,250.44,0.01,117.73,71.41,44.63
2026-06-01 07:45:00,9,179.14,281.88,40.52,0.0,264.0,0.0,124.11,72.08,44.51
2026-06-01 07:50:00,9,179.14,281.88,40.96,0.0,245.62,0.0,115.47,70.22,44.39
2026-06-01 07:55:00,9,179.14,281.88,41.62,1.0,256.95,0.0,120.8,71.71,44.27
2026-06-01 08:00:00,9,179.14,281.88,41.67,0.0,302.72,0.0,142.31,76.45,44.14
2026-06-01 08:05:00,9,179.14,281.88,41.76,1.0,213.71,0.01,100.47,67.68,44.02
2026-06-01 08:10:00,9,179.14,281.88,42.06,0.0,284.42,0.0,133.71,74.31,43.89
2026-06-01 08:15:00,9,179.14,281.88,41.91,1.0,239.97,0.01,112.81,70.05,43.77
2026-06-01 08:20:00,9,179.14,281.88,41.71,1.0,247.82,0.01,116.5,70.81,43.65
2026-06-01 08:25:00,9,179.14,281.88,41.85,2.0,259.75,0.01,122.11,72.36,43.53
2026-06-01 08:30:00,9,179.14,281.88,41.52,0.0,261.55,0.0,122.96,71.83,43.41
2026-06-01 08:35:00,9,179.14,281.88,42.25,2.0,261.6,0.01,122.98,72.55,43.28
2026-06-01 08:40:00,9,179.14,281.88,42.44,1.0,230.29,0.01,108.26,69.14,43.16
2026-06-01 08:45:00,9,179.14,281.88,42.77,2.0,243.13,0.01,114.3,70.7,43.04
2026-06-01 08:50:00,9,179.14,281.88,42.92,3.0,247.01,0.02,116.12,71.45,42.92
2026-06-01 08:55:00,9,179.14,281.88,42.15,1.0,276.32,0.0,129.9,73.76,42.8
2026-06-01 09:00:00,9,179.14,281.88,43.4,1.0,258.9,0.0,121.72,71.91,42.67
2026-06-01 09:05:00,9,179.14,281.88,43.3,0.0,216.94,0.0,101.99,67.59,42.56
2026-06-01 09:10:00,9,179.14,281.88,42.51,0.0,237.33,0.0,111.57,69.43,42.44
2026-06-01 09:15:00,9,179.14,281.88,42.79,0.0,247.57,0.0,116.39,70.42,42.32
2026-06-01 09:20:00,9,179.14,281.88,42.7,0.0,217.86,0.0,102.42,67.66,42.2
2026-06-01 09:25:00,9,179.14,281.88,44.53,0.0,245.68,0.0,115.5,70.23,42.08
2026-06-01 09:30:00,9,179.14,281.88,43.27,2.0,289.75,0.01,136.21,75.64,41.95
2026-06-01 09:35:00,9,179.14,281.88,43.32,1.0,258.52,0.0,121.54,71.87,41.83
2026-06-01 09:40:00,9,179.14,281.88,43.42,1.0,312.3,0.0,146.82,77.98,41.7
2026-06-01 09:45:00,9,179.14,281.88,43.6,1.0,237.75,0.01,111.77,69.84,41.58
2026-06-01 09:50:00,9,179.14,281.88,43.49,0.0,288.09,0.0,135.43,74.73,41.45
2026-06-01 09:55:00,9,179.14,281.88,43.3,0.0,249.47,0.0,117.28,70.6,41.33
2026-06-01 10:00:00,9,179.14,281.88,44.17,1.0,249.07,0.01,117.09,70.94,41.21
2026-06-01 10:05:00,9,179.14,281.88,44.47,1.0,249.21,0.01,117.16,70.95,41.09
2026-06-01 10:10:00,9,179.14,281.88,43.92,1.0,239.36,0.01,112.53,69.99,40.97
2026-06-01 10:15:00,9,179.14,281.88,43.51,1.0,292.3,0.0,137.42,75.57,40.84
2026-06-01 10:20:00,9,179.14,281.88,43.53,3.0,233.99,0.02,110.0,70.21,40.72
2026-06-01 10:25:00,9,179.14,281.88,44.57,0.0,211.64,0.0,99.5,67.14,40.6
2026-06-01 10:30:00,9,179.14,281.88,44.63,2.0,230.2,0.01,108.22,69.49,40.48
2026-06-01 10:35:00,9,179.14,281.88,44.79,0.0,257.23,0.0,120.93,71.39,40.36
2026-06-01 10:40:00,9,179.14,281.88,44.78,0.0,284.73,0.0,133.86,74.36,40.24
2026-06-01 10:45:00,9,179.14,281.88,44.78,0.0,283.22,0.0,133.14,74.18,40.11
2026-06-01 10:50:00,9,179.14,281.88,46.01,1.0,256.92,0.0,120.78,71.71,39.99
2026-06-01 10:55:00,9,179.14,281.88,44.53,4.0,305.8,0.01,143.76,78.25,39.85
2026-06-01 11:00:00,9,179.14,281.88,44.58,2.0,269.68,0.01,126.78,73.41,39.73
2026-06-01 11:05:00,9,179.14,281.88,44.56,0.0,271.2,0.0,127.5,72.86,39.6
2026-06-01 11:10:00,9,179.14,281.88,44.02,2.0,258.69,0.01,121.61,72.26,39.48
2026-06-01 11:15:00,9,179.14,281.88,45.3,1.0,248.04,0.01,116.61,70.84,39.36
2026-06-01 11:20:00,9,179.14,281.88,45.2,1.0,217.05,0.01,102.04,67.97,39.24
2026-06-01 11:25:00,9,179.14,281.88,46.0,0.0,237.2,0.0,111.51,69.42,39.12
2026-06-01 11:30:00,9,179.14,281.88,45.65,0.0,241.26,0.0,113.42,69.81,39.0
2026-06-01 11:35:00,9,179.14,281.88,45.29,1.0,255.52,0.0,120.13,71.57,38.88
2026-06-01 11:40:00,9,179.14,281.88,44.85,1.0,263.83,0.0,124.03,72.42,38.76
2026-06-01 11:45:00,9,179.14,281.88,45.56,3.0,256.67,0.01,120.66,72.4,38.63
2026-06-01 11:50:00,9,179.14,281.88,44.84,3.0,264.88,0.01,124.52,73.25,38.51
2026-06-01 11:55:00,9,179.14,281.88,45.03,3.0,241.92,0.02,113.73,70.96,38.39
2026-06-01 12:00:00,9,179.14,281.88,45.14,1.0,244.05,0.01,114.73,70.45,38.27
2026-06-01 12:05:00,9,179.14,281.88,45.01,0.0,293.34,0.0,137.9,75.34,38.14
2026-06-01 12:10:00,9,179.14,281.88,45.23,0.0,264.33,0.0,124.27,72.13,38.01
2026-06-01 12:15:00,9,179.14,281.88,45.04,2.0,280.83,0.01,132.02,74.64,37.89
2026-06-01 12:20:00,9,179.14,281.88,45.12,1.0,243.3,0.01,114.38,70.37,37.77
2026-06-01 12:25:00,9,179.14,281.88,45.27,1.0,249.1,0.01,117.11,70.94,37.65
2026-06-01 12:30:00,9,179.14,281.88,45.22,10.0,282.56,0.04,132.84,77.69,37.51
2026-06-01 12:35:00,9,179.14,281.88,45.24,1.0,293.73,0.0,138.09,75.74,37.38
2026-06-01 12:40:00,9,179.14,281.88,45.49,0.0,218.19,0.0,102.57,67.7,37.27
2026-06-01 12:45:00,9,179.14,281.88,44.99,1.0,219.77,0.01,103.32,68.21,37.15
2026-06-01 12:50:00,9,179.14,281.88,45.66,3.0,270.85,0.01,127.33,73.89,37.02
2026-06-01 12:55:00,9,179.14,281.88,44.41,5.0,274.31,0.02,128.96,74.99,36.9
2026-06-01 13:00:00,9,179.14,281.88,44.36,1.0,281.23,0.0,132.21,74.31,36.77
2026-06-01 13:05:00,9,179.14,281.88,45.5,4.0,190.54,0.04,89.58,66.93,36.66
2026-06-01 13:10:00,9,179.14,281.88,44.63,6.0,310.92,0.02,146.17,79.6,36.52
2026-06-01 13:15:00,9,179.14,281.88,44.9,1.0,294.45,0.0,138.43,75.83,36.39
2026-06-01 13:20:00,9,179.14,281.88,44.1,1.0,277.67,0.0,130.54,73.91,36.26
2026-06-01 13:25:00,9,179.14,281.88,44.31,1.0,245.67,0.01,115.5,70.6,36.14
2026-06-01 13:30:00,9,179.14,281.88,44.16,0.0,255.75,0.0,120.23,71.24,36.02
2026-06-01 13:35:00,9,179.14,281.88,45.02,2.0,224.19,0.01,105.39,68.95,35.9
2026-06-01 13:40:00,9,179.14,281.88,44.78,3.0,249.59,0.02,117.34,71.71,35.78
2026-06-01 13:45:00,9,179.14,281.88,44.73,1.0,257.94,0.0,121.26,71.81,35.66
2026-06-01 13:50:00,9,179.14,281.88,44.81,2.0,252.89,0.01,118.89,71.67,35.54
2026-06-01 13:55:00,9,179.14,281.88,44.34,2.0,246.84,0.01,116.04,71.07,35.41
2026-06-01 14:00:00,9,179.14,281.88,43.61,1.0,242.66,0.01,114.08,70.31,35.29
2026-06-01 14:05:00,9,179.14,281.88,44.28,2.0,266.92,0.01,125.48,73.12,35.17
2026-06-01 14:10:00,9,179.14,281.88,43.86,2.0,280.49,0.01,131.86,74.59,35.04
2026-06-01 14:15:00,9,179.14,281.88,43.65,1.0,259.67,0.0,122.07,71.99,34.92
2026-06-01 14:20:00,9,179.14,281.88,43.13,1.0,215.68,0.01,101.4,67.85,34.8
2026-06-01 14:25:00,9,179.14,281.88,43.43,2.0,287.57,0.01,135.19,75.39,34.67
2026-06-01 14:30:00,9,179.14,281.88,43.95,1.0,239.56,0.01,112.62,70.01,34.55
2026-06-01 14:35:00,9,179.14,281.88,43.59,0.0,259.54,0.0,122.01,71.62,34.43
2026-06-01 14:40:00,9,179.14,281.88,43.14,5.0,306.76,0.02,144.21,78.73,34.3
2026-06-01 14:45:00,9,179.14,281.88,43.24,0.0,218.42,0.0,102.68,67.71,34.18
2026-06-01 14:50:00,9,179.14,281.88,43.69,2.0,285.62,0.01,134.28,75.17,34.05
2026-06-01 14:55:00,9,179.14,281.88,42.82,1.0,236.72,0.01,111.29,69.74,33.93
2026-06-01 15:00:00,9,179.14,281.88,43.7,4.0,222.53,0.03,104.62,69.54,33.81
2026-06-01 15:05:00,9,179.14,281.88,43.0,0.0,264.47,0.0,124.33,72.14,33.69
2026-06-01 15:10:00,9,179.14,281.88,43.11,1.0,249.35,0.01,117.22,70.96,33.57
2026-06-01 15:15:00,9,179.14,281.88,43.21,4.0,232.14,0.02,109.13,70.38,33.45
2026-06-01 15:20:00,9,179.14,281.88,42.51,1.0,263.22,0.0,123.74,72.35,33.33
2026-06-01 15:25:00,9,179.14,281.88,41.83,0.0,214.54,0.0,100.86,67.38,33.21
2026-06-01 15:30:00,9,179.14,281.88,41.29,2.0,284.74,0.01,133.86,75.07,33.08
2026-06-01 15:35:00,9,179.14,281.88,42.02,3.0,214.95,0.02,101.05,68.5,32.97
2026-06-01 15:40:00,9,179.14,281.88,41.67,3.0,247.08,0.02,116.16,71.46,32.84
2026-06-01 15:45:00,9,179.14,281.88,42.23,2.0,227.45,0.01,106.93,69.23,32.72
2026-06-01 15:50:00,9,179.14,281.88,42.12,2.0,300.22,0.01,141.14,76.87,32.59
2026-06-01 15:55:00,9,179.14,281.88,41.12,4.0,243.61,0.02,114.53,71.47,32.47
2026-06-01 16:00:00,9,179.14,281.88,41.52,5.0,285.94,0.02,134.42,76.27,32.34
2026-06-01 16:05:00,9,179.14,281.88,40.79,3.0,259.24,0.01,121.88,72.66,32.22
2026-06-01 16:10:00,9,179.14,281.88,40.5,4.0,274.79,0.02,129.18,74.68,32.09
2026-06-01 16:15:00,9,179.14,281.88,41.43,1.0,242.66,0.01,114.08,70.3,31.97
2026-06-01 16:20:00,9,179.14,281.88,41.08,8.0,238.26,0.04,112.01,72.39,31.85
2026-06-01 16:25:00,9,179.14,281.88,40.02,0.0,231.86,0.0,109.0,68.91,31.73
2026-06-01 16:30:00,9,179.14,281.88,40.42,2.0,206.26,0.01,96.97,67.4,31.61
2026-06-01 16:35:00,9,179.14,281.88,40.28,0.0,265.59,0.0,124.86,72.25,31.49
2026-06-01 16:40:00,9,179.14,281.88,41.39,2.0,288.17,0.01,135.47,75.46,31.36
2026-06-01 16:45:00,9,179.14,281.88,40.62,1.0,194.16,0.01,91.28,66.09,31.25
2026-06-01 16:50:00,9,179.14,281.88,40.56,0.0,222.38,0.0,104.55,68.06,31.13
2026-06-01 16:55:00,9,179.14,281.88,40.3,0.0,200.7,0.0,94.35,66.23,31.02
2026-06-01 17:00:00,9,179.14,281.88,39.85,1.0,235.75,0.01,110.83,69.64,30.9
2026-06-01 17:05:00,9,179.14,281.88,39.76,0.0,207.62,0.0,97.61,66.79,30.78
2026-06-01 17:10:00,9,179.14,281.88,40.62,2.0,261.96,0.01,123.15,72.59,30.66
2026-06-01 17:15:00,9,179.14,281.88,40.03,1.0,229.8,0.01,108.03,69.09,30.54
2026-06-01 17:20:00,9,179.14,281.88,39.46,3.0,288.59,0.01,135.67,75.85,30.41
2026-06-01 17:25:00,9,179.14,281.88,38.47,0.0,279.08,0.0,131.2,73.71,30.29
2026-06-01 17:30:00,9,179.14,281.88,38.46,0.0,305.89,0.0,143.8,76.83,30.16
2026-06-01 17:35:00,9,179.14,281.88,39.17,0.0,241.68,0.0,113.62,69.84,30.04
2026-06-01 17:40:00,9,179.14,281.88,38.75,3.0,244.83,0.02,115.1,71.23,29.91
2026-06-01 17:45:00,9,179.14,281.88,38.63,1.0,273.17,0.0,128.42,73.41,29.79
2026-06-01 17:50:00,9,179.14,281.88,38.33,1.0,256.24,0.0,120.46,71.62,29.67
2026-06-01 17:55:00,9,179.14,281.88,38.08,0.0,258.43,0.0,121.49,71.5,29.54
2026-06-01 18:00:00,9,179.14,281.88,37.44,0.0,196.67,0.0,92.46,65.91,29.43
2026-06-01 18:05:00,9,179.14,281.88,38.83,1.0,249.48,0.01,117.28,70.97,29.31
2026-06-01 18:10:00,9,179.14,281.88,38.31,1.0,271.6,0.0,127.68,73.24,29.18
2026-06-01 18:15:00,9,179.14,281.88,38.25,2.0,254.91,0.01,119.84,71.86,29.06
2026-06-01 18:20:00,9,179.14,281.88,37.28,0.0,242.47,0.0,113.99,69.91,28.94
2026-06-01 18:25:00,9,179.14,281.88,37.49,1.0,291.08,0.0,136.84,75.42,28.81
2026-06-01 18:30:00,9,179.14,281.88,36.35,0.0,269.29,0.0,126.6,72.64,28.69
2026-06-01 18:35:00,9,179.14,281.88,36.14,0.0,274.54,0.0,129.07,73.2,28.56
2026-06-01 18:40:00,9,179.14,281.88,36.48,1.0,257.95,0.0,121.27,71.8,28.44
2026-06-01 18:45:00,9,179.14,281.88,36.29,3.0,284.22,0.01,133.62,75.35,28.31
2026-06-01 18:50:00,9,179.14,281.88,36.81,2.0,258.13,0.01,121.35,72.19,28.19
2026-06-01 18:55:00,9,179.14,281.88,35.73,1.0,240.16,0.01,112.9,70.05,28.07
2026-06-01 19:00:00,9,179.14,281.88,36.26,1.0,240.36,0.01,113.0,70.07,27.95
2026-06-01 19:05:00,9,179.14,281.88,35.7,0.0,216.2,0.0,101.64,67.51,27.83
2026-06-01 19:10:00,9,179.14,281.88,35.41,3.0,271.08,0.01,127.44,73.9,27.71
2026-06-01 19:15:00,9,179.14,281.88,35.54,2.0,226.91,0.01,106.68,69.17,27.59
2026-06-01 19:20:00,9,179.14,281.88,35.76,0.0,243.34,0.0,114.4,69.99,27.47
2026-06-01 19:25:00,9,179.14,281.88,35.29,1.0,260.74,0.0,122.58,72.08,27.35
2026-06-01 19:30:00,9,179.14,281.88,35.16,0.0,238.52,0.0,112.13,69.52,27.23
2026-06-01 19:35:00,9,179.14,281.88,34.84,0.0,230.47,0.0,108.35,68.77,27.11
2026-06-01 19:40:00,9,179.14,281.88,36.12,0.0,248.5,0.0,116.82,70.49,26.99
2026-06-01 19:45:00,9,179.14,281.88,35.0,0.0,276.61,0.0,130.04,73.43,26.87
2026-06-01 19:50:00,9,179.14,281.88,35.08,1.0,289.33,0.0,136.02,75.21,26.74
2026-06-01 19:55:00,9,179.14,281.88,34.91,0.0,268.66,0.0,126.3,72.57,26.61
2026-06-01 20:00:00,9,179.14,281.88,34.46,0.0,208.62,0.0,98.07,66.86,26.5
2026-06-01 20:05:00,9,179.14,281.88,34.05,0.0,272.29,0.0,128.01,72.95,26.37
2026-06-01 20:10:00,9,179.14,281.88,35.38,0.0,261.8,0.0,123.08,71.84,26.25
2026-06-01 20:15:00,9,179.14,281.88,34.26,2.0,312.5,0.01,146.91,78.35,26.12
2026-06-01 20:20:00,9,179.14,281.88,33.27,1.0,274.2,0.0,128.91,73.51,25.99
2026-06-01 20:25:00,9,179.14,281.88,34.06,0.0,289.21,0.0,135.96,74.84,25.86
2026-06-01 20:30:00,9,179.14,281.88,33.77,0.0,245.02,0.0,115.19,70.15,25.74
2026-06-01 20:35:00,9,179.14,281.88,34.12,0.0,249.39,0.0,117.24,70.58,25.62
2026-06-01 20:40:00,9,179.14,281.88,33.74,3.0,256.88,0.01,120.76,72.4,25.5
2026-06-01 20:45:00,9,179.14,281.88,33.41,0.0,221.65,0.0,104.2,67.98,25.38
2026-06-01 20:50:00,9,179.14,281.88,32.34,0.0,298.2,0.0,140.19,75.89,25.25
2026-06-01 20:55:00,9,179.14,281.88,33.25,0.0,283.21,0.0,133.14,74.16,25.13
2026-06-01 21:00:00,9,179.14,281.88,32.75,0.0,239.58,0.0,112.63,69.62,25.01
2026-06-01 21:05:00,9,179.14,281.88,32.95,0.0,256.72,0.0,120.69,71.31,24.89
2026-06-01 21:10:00,9,179.14,281.88,33.49,0.0,237.5,0.0,111.65,69.43,24.77
2026-06-01 21:15:00,9,179.14,281.88,32.78,0.0,269.05,0.0,126.48,72.6,24.64
2026-06-01 21:20:00,9,179.14,281.88,32.48,0.0,237.54,0.0,111.67,69.43,24.52
2026-06-01 21:25:00,9,179.14,281.88,32.16,0.0,253.42,0.0,119.14,70.98,24.4
2026-06-01 21:30:00,9,179.14,281.88,33.16,0.0,252.5,0.0,118.7,70.89,24.28
2026-06-01 21:35:00,9,179.14,281.88,32.12,0.0,282.57,0.0,132.84,74.09,24.16
2026-06-01 21:40:00,9,179.14,281.88,32.37,1.0,232.46,0.01,109.28,69.32,24.04
2026-06-01 21:45:00,9,179.14,281.88,32.85,1.0,260.7,0.0,122.56,72.07,23.91
2026-06-01 21:50:00,9,179.14,281.88,31.1,2.0,316.76,0.01,148.91,78.88,23.78
2026-06-01 21:55:00,9,179.14,281.88,31.91,0.0,273.63,0.0,128.64,73.1,23.65
2026-06-01 22:00:00,9,179.14,281.88,31.83,1.0,256.45,0.0,120.56,71.63,23.53
2026-06-01 22:05:00,9,179.14,281.88,31.79,2.0,267.89,0.01,125.94,73.2,23.41
2026-06-01 22:10:00,9,179.14,281.88,32.51,1.0,257.2,0.0,120.91,71.71,23.28
2026-06-01 22:15:00,9,179.14,281.88,33.1,2.0,271.71,0.01,127.73,73.61,23.16
2026-06-01 22:20:00,9,179.14,281.88,32.06,0.0,244.04,0.0,114.73,70.05,23.04
2026-06-01 22:25:00,9,179.14,281.88,31.64,1.0,257.72,0.0,121.16,71.76,22.92
2026-06-01 22:30:00,9,179.14,281.88,31.6,1.0,250.59,0.01,117.81,71.06,22.79
2026-06-01 22:35:00,9,179.14,281.88,31.28,2.0,280.57,0.01,131.9,74.58,22.67
2026-06-01 22:40:00,9,179.14,281.88,31.1,1.0,256.03,0.0,120.36,71.59,22.54
2026-06-01 22:45:00,9,179.14,281.88,31.83,0.0,265.3,0.0,124.72,72.2,22.42
2026-06-01 22:50:00,9,179.14,281.88,31.24,0.0,253.38,0.0,119.12,70.97,22.3
2026-06-01 22:55:00,9,179.14,281.88,32.49,1.0,256.24,0.0,120.46,71.61,22.18
2026-06-01 23:00:00,9,179.14,281.88,30.61,2.0,288.34,0.01,135.55,75.46,22.05
2026-06-01 23:05:00,9,179.14,281.88,31.14,0.0,209.37,0.0,98.43,66.92,21.93
2026-06-01 23:10:00,9,179.14,281.88,30.88,1.0,244.05,0.01,114.73,70.42,21.81
2026-06-01 23:15:00,9,179.14,281.88,31.18,0.0,234.34,0.0,110.17,69.13,21.7
2026-06-01 23:20:00,9,179.14,281.88,29.94,1.0,237.22,0.01,111.52,69.76,21.58
2026-06-01 23:25:00,9,179.14,281.88,29.76,1.0,246.39,0.01,115.83,70.64,21.46
2026-06-01 23:30:00,9,179.14,281.88,31.23,3.0,282.09,0.01,132.61,75.1,21.33
2026-06-01 23:35:00,9,179.14,281.88,30.89,2.0,257.31,0.01,120.97,72.09,21.2
2026-06-01 23:40:00,9,179.14,281.88,31.17,0.0,245.58,0.0,115.45,70.2,21.08
2026-06-01 23:45:00,9,179.14,281.88,30.55,3.0,281.25,0.01,132.22,75.01,20.96
2026-06-01 23:50:00,9,179.14,281.88,30.45,2.0,219.35,0.01,103.12,68.49,20.84
2026-06-01 23:55:00,9,179.14,281.88,31.41,0.0,274.1,0.0,128.86,73.15,20.71
2026-06-02 00:00:00,9,179.14,281.88,31.96,3.0,287.4,0.01,135.11,75.7,20.58
2026-06-02 00:05:00,9,179.14,281.88,30.37,1.0,278.16,0.0,130.77,73.94,20.46
2026-06-02 00:10:00,9,179.14,281.88,30.43,1.0,260.86,0.0,122.64,72.09,20.33
2026-06-02 00:15:00,9,179.14,281.88,30.99,2.0,234.49,0.01,110.24,69.86,20.22
2026-06-02 00:20:00,9,179.14,281.88,31.32,3.0,251.89,0.02,118.42,71.91,20.09
2026-06-02 00:25:00,9,179.14,281.88,30.84,4.0,322.09,0.01,151.42,80.26,19.95
2026-06-02 00:30:00,9,179.14,281.88,31.66,1.0,214.23,0.01,100.71,67.7,19.84
2026-06-02 00:35:00,9,179.14,281.88,31.82,2.0,285.26,0.01,134.1,75.11,19.71
2026-06-02 00:40:00,9,179.14,281.88,31.26,1.0,241.38,0.01,113.48,70.16,19.59
2026-06-02 00:45:00,9,179.14,281.88,31.14,3.0,217.39,0.02,102.2,68.69,19.47
2026-06-02 00:50:00,9,179.14,281.88,31.14,1.0,238.77,0.01,112.25,69.91,19.35
2026-06-02 00:55:00,9,179.14,281.88,31.74,1.0,277.13,0.0,130.29,73.83,19.23
2026-06-02 01:00:00,9,179.14,281.88,31.47,1.0,279.22,0.0,131.27,74.06,19.1
2026-06-02 01:05:00,9,179.14,281.88,30.57,1.0,257.01,0.0,120.82,71.69,18.98
2026-06-02 01:10:00,9,179.14,281.88,31.83,3.0,204.67,0.02,96.22,67.63,18.86
2026-06-02 01:15:00,9,179.14,281.88,30.95,3.0,270.21,0.01,127.03,73.79,18.74
2026-06-02 01:20:00,9,179.14,281.88,31.26,0.0,249.82,0.0,117.44,70.62,18.62
2026-06-02 01:25:00,9,179.14,281.88,31.8,1.0,249.96,0.01,117.51,71.0,18.5
2026-06-02 01:30:00,9,179.14,281.88,30.83,2.0,241.9,0.01,113.72,70.56,18.37
2026-06-02 01:35:00,9,179.14,281.88,32.15,0.0,235.32,0.0,110.63,69.22,18.26
2026-06-02 01:40:00,9,179.14,281.88,31.59,0.0,287.57,0.0,135.19,74.65,18.13
2026-06-02 01:45:00,9,179.14,281.88,32.43,2.0,246.57,0.01,115.92,71.02,18.01
2026-06-02 01:50:00,9,179.14,281.88,31.34,2.0,284.17,0.01,133.59,74.98,17.88
2026-06-02 01:55:00,9,179.14,281.88,31.42,2.0,289.42,0.01,136.06,75.58,17.75
2026-06-02 02:00:00,9,179.14,281.88,31.88,1.0,261.95,0.0,123.15,72.2,17.63
2026-06-02 02:05:00,9,179.14,281.88,32.97,1.0,238.73,0.01,112.23,69.91,17.51
2026-06-02 02:10:00,9,179.14,281.88,31.68,1.0,258.37,0.0,121.47,71.83,17.38
2026-06-02 02:15:00,9,179.14,281.88,32.36,1.0,275.54,0.0,129.54,73.66,17.26
2026-06-02 02:20:00,9,179.14,281.88,32.07,1.0,286.65,0.0,134.76,74.9,17.13
2026-06-02 02:25:00,9,179.14,281.88,33.34,3.0,247.35,0.02,116.29,71.47,17.01
2026-06-02 02:30:00,9,179.14,281.88,32.9,3.0,252.53,0.01,118.72,71.96,16.89
2026-06-02 02:35:00,9,179.14,281.88,33.01,1.0,300.66,0.0,141.35,76.54,16.75
2026-06-02 02:40:00,9,179.14,281.88,32.37,0.0,275.31,0.0,129.43,73.28,16.63
2026-06-02 02:45:00,9,179.14,281.88,32.29,1.0,256.38,0.0,120.53,71.63,16.51
2026-06-02 02:50:00,9,179.14,281.88,33.38,1.0,233.43,0.01,109.74,69.41,16.39
2026-06-02 02:55:00,9,179.14,281.88,33.38,0.0,292.81,0.0,137.65,75.26,16.26
2026-06-02 03:00:00,9,179.14,281.88,33.62,1.0,290.99,0.0,136.8,75.4,16.13
2026-06-02 03:05:00,9,179.14,281.88,33.2,3.0,288.29,0.01,135.53,75.81,16.0
2026-06-02 03:10:00,9,179.14,281.88,32.6,3.0,209.82,0.02,98.64,68.05,15.88
2026-06-02 03:15:00,9,179.14,281.88,32.1,0.0,195.59,0.0,91.95,65.81,15.77
2026-06-02 03:20:00,9,179.14,281.88,32.79,4.0,308.83,0.01,145.19,78.6,15.64
2026-06-02 03:25:00,9,179.14,281.88,33.39,2.0,250.2,0.01,117.62,71.38,15.52
2026-06-02 03:30:00,9,179.14,281.88,33.06,1.0,211.85,0.01,99.59,67.5,15.4
2026-06-02 03:35:00,9,179.14,281.88,33.71,3.0,255.96,0.01,120.33,72.31,15.28
2026-06-02 03:40:00,9,179.14,281.88,34.15,0.0,277.59,0.0,130.5,73.53,15.15
2026-06-02 03:45:00,9,179.14,281.88,34.0,2.0,270.48,0.01,127.16,73.48,15.03
2026-06-02 03:50:00,9,179.14,281.88,32.64,1.0,245.23,0.01,115.28,70.54,14.91
2026-06-02 03:55:00,9,179.14,281.88,34.05,1.0,204.17,0.01,95.98,66.87,14.79
2026-06-02 04:00:00,9,179.14,281.88,34.26,0.0,266.63,0.0,125.35,72.35,14.67
2026-06-02 04:05:00,9,179.14,281.88,34.7,0.0,268.76,0.0,126.35,72.58,14.54
2026-06-02 04:10:00,9,179.14,281.88,34.87,3.0,265.84,0.01,124.97,73.33,14.42
2026-06-02 04:15:00,9,179.14,281.88,34.87,4.0,231.32,0.02,108.75,70.29,14.3
2026-06-02 04:20:00,9,179.14,281.88,35.75,2.0,278.98,0.01,131.15,74.41,14.17
2026-06-02 04:25:00,9,179.14,281.88,35.0,12.0,324.16,0.04,152.39,83.39,14.03
2026-06-02 04:30:00,9,179.14,281.88,34.81,0.0,260.28,0.0,122.36,71.68,13.91
2026-06-02 04:35:00,9,179.14,281.88,35.38,1.0,254.34,0.0,119.57,71.43,13.78
2026-06-02 04:40:00,9,179.14,281.88,35.81,1.0,254.52,0.0,119.66,71.45,13.66
2026-06-02 04:45:00,9,179.14,281.88,35.83,2.0,241.09,0.01,113.34,70.49,13.54
2026-06-02 04:50:00,9,179.14,281.88,36.02,1.0,244.19,0.01,114.8,70.44,13.42
2026-06-02 04:55:00,9,179.14,281.88,36.52,0.0,252.13,0.0,118.53,70.86,13.3
2026-06-02 05:00:00,9,179.14,281.88,36.54,1.0,216.74,0.01,101.9,67.93,13.18
2026-06-02 05:05:00,9,179.14,281.88,36.48,1.0,249.86,0.01,117.46,71.0,13.06
2026-06-02 05:10:00,9,179.14,281.88,37.44,1.0,280.04,0.0,131.65,74.16,12.94
2026-06-02 05:15:00,9,179.14,281.88,36.18,1.0,254.52,0.0,119.66,71.45,12.81
2026-06-02 05:20:00,9,179.14,281.88,37.32,1.0,248.78,0.01,116.96,70.89,12.69
2026-06-02 05:25:00,9,179.14,281.88,36.15,0.0,261.4,0.0,122.89,71.8,12.57
2026-06-02 05:30:00,9,179.14,281.88,36.96,3.0,254.82,0.01,119.8,72.2,12.45
2026-06-02 05:35:00,9,179.14,281.88,37.61,0.0,258.79,0.0,121.66,71.53,12.32
2026-06-02 05:40:00,9,179.14,281.88,37.51,0.0,257.84,0.0,121.22,71.44,12.2
2026-06-02 05:45:00,9,179.14,281.88,37.41,0.0,295.06,0.0,138.71,75.53,12.07
2026-06-02 05:50:00,9,179.14,281.88,36.48,3.0,250.99,0.02,118.0,71.83,11.95
2026-06-02 05:55:00,9,179.14,281.88,37.88,0.0,261.87,0.0,123.11,71.85,11.83
2026-06-02 06:00:00,9,179.14,281.88,38.85,1.0,255.79,0.0,120.25,71.58,11.7
2026-06-02 06:05:00,9,179.14,281.88,37.63,0.0,230.68,0.0,108.45,68.8,11.59
2026-06-02 06:10:00,9,179.14,281.88,38.66,0.0,257.39,0.0,121.0,71.39,11.46
2026-06-02 06:15:00,9,179.14,281.88,37.7,2.0,282.09,0.01,132.62,74.76,11.34
2026-06-02 06:20:00,9,179.14,281.88,37.98,1.0,262.1,0.0,123.22,72.23,11.21
2026-06-02 06:25:00,9,179.14,281.88,39.34,3.0,247.53,0.02,116.37,71.49,11.09
2026-06-02 06:30:00,9,179.14,281.88,38.44,0.0,225.87,0.0,106.19,68.36,10.97
2026-06-02 06:35:00,9,179.14,281.88,39.58,0.0,253.58,0.0,119.21,71.01,10.85
2026-06-02 06:40:00,9,179.14,281.88,39.07,0.0,251.87,0.0,118.41,70.84,10.73
2026-06-02 06:45:00,9,179.14,281.88,38.87,1.0,219.61,0.01,103.24,68.18,10.62
2026-06-02 06:50:00,9,179.14,281.88,39.49,0.0,222.29,0.0,104.5,68.05,10.5
2026-06-02 06:55:00,9,179.14,281.88,39.75,0.0,274.31,0.0,128.96,73.19,10.37
2026-06-02 07:00:00,9,179.14,281.88,40.12,0.0,236.34,0.0,111.11,69.33,10.26
2026-06-02 07:05:00,9,179.14,281.88,39.93,0.0,248.08,0.0,116.63,70.46,10.14
2026-06-02 07:10:00,9,179.14,281.88,39.72,2.0,271.42,0.01,127.6,73.59,10.01
2026-06-02 07:15:00,9,179.14,281.88,39.58,3.0,289.88,0.01,136.28,76.0,9.88
2026-06-02 07:20:00,9,179.14,281.88,40.6,1.0,254.6,0.0,119.69,71.46,9.76
2026-06-02 07:25:00,9,179.14,281.88,41.23,0.0,266.99,0.0,125.52,72.4,9.63
2026-06-02 07:30:00,9,179.14,281.88,40.87,0.0,245.44,0.0,115.39,70.2,9.51
2026-06-02 07:35:00,9,179.14,281.88,40.9,0.0,291.85,0.0,137.2,75.16,9.39
2026-06-02 07:40:00,9,179.14,281.88,40.5,0.0,230.73,0.0,108.47,68.81,9.27
2026-06-02 07:45:00,9,179.14,281.88,41.59,0.0,258.61,0.0,121.58,71.53,9.15
2026-06-02 07:50:00,9,179.14,281.88,41.6,0.0,262.33,0.0,123.33,71.91,9.02
2026-06-02 07:55:00,9,179.14,281.88,41.17,0.0,266.3,0.0,125.19,72.33,8.9
2026-06-02 08:00:00,9,179.14,281.88,41.78,2.0,255.12,0.01,119.94,71.89,8.78
2026-06-02 08:05:00,9,179.14,281.88,42.15,1.0,229.95,0.01,108.11,69.11,8.66
2026-06-02 08:10:00,9,179.14,281.88,41.15,0.0,242.71,0.0,114.1,69.94,8.54
2026-06-02 08:15:00,9,179.14,281.88,41.96,0.0,252.28,0.0,118.6,70.88,8.42
2026-06-02 08:20:00,9,179.14,281.88,42.4,0.0,241.73,0.0,113.64,69.85,8.3
2026-06-02 08:25:00,9,179.14,281.88,42.11,0.0,263.17,0.0,123.72,72.0,8.17
2026-06-02 08:30:00,9,179.14,281.88,42.85,1.0,255.29,0.0,120.02,71.54,8.05
2026-06-02 08:35:00,9,179.14,281.88,42.74,1.0,254.03,0.0,119.42,71.41,7.93
2026-06-02 08:40:00,9,179.14,281.88,42.32,0.0,292.61,0.0,137.56,75.25,7.8
2026-06-02 08:45:00,9,179.14,281.88,42.46,1.0,255.67,0.0,120.2,71.58,7.68
2026-06-02 08:50:00,9,179.14,281.88,42.43,2.0,260.57,0.01,122.5,72.45,7.56
2026-06-02 08:55:00,9,179.14,281.88,42.89,1.0,276.72,0.0,130.09,73.81,7.43
2026-06-02 09:00:00,9,179.14,281.88,42.61,1.0,263.59,0.0,123.92,72.39,7.31
2026-06-02 09:05:00,9,179.14,281.88,42.94,0.0,232.65,0.0,109.37,68.99,7.19
2026-06-02 09:10:00,9,179.14,281.88,42.59,1.0,244.44,0.01,114.91,70.48,7.07
2026-06-02 09:15:00,9,179.14,281.88,43.63,1.0,239.55,0.01,112.62,70.01,6.95
2026-06-02 09:20:00,9,179.14,281.88,43.77,0.0,285.28,0.0,134.12,74.42,6.82
2026-06-02 09:25:00,9,179.14,281.88,43.16,2.0,242.19,0.01,113.86,70.61,6.7
2026-06-02 09:30:00,9,179.14,281.88,43.92,0.0,287.44,0.0,135.13,74.66,6.57
2026-06-02 09:35:00,9,179.14,281.88,43.62,1.0,279.82,0.0,131.55,74.15,6.45
2026-06-02 09:40:00,9,179.14,281.88,43.43,0.0,255.16,0.0,119.96,71.18,6.32
2026-06-02 09:45:00,9,179.14,281.88,43.84,0.0,293.22,0.0,137.85,75.33,6.2
2026-06-02 09:50:00,9,179.14,281.88,44.82,1.0,232.93,0.01,109.5,69.39,6.08
2026-06-02 09:55:00,9,179.14,281.88,44.51,0.0,306.02,0.0,143.86,76.85,5.95
2026-06-02 10:00:00,9,179.14,281.88,43.8,1.0,281.16,0.0,132.18,74.3,5.82
2026-06-02 10:05:00,9,179.14,281.88,43.96,2.0,296.76,0.01,139.51,76.46,5.69
2026-06-02 10:10:00,9,179.14,281.88,44.38,0.0,210.19,0.0,98.81,67.01,5.57
2026-06-02 10:15:00,9,179.14,281.88,44.16,0.0,260.74,0.0,122.58,71.75,5.45
2026-06-02 10:20:00,9,179.14,281.88,44.39,3.0,296.24,0.01,139.27,76.75,5.32
2026-06-02 10:25:00,9,179.14,281.88,43.19,0.0,287.89,0.0,135.34,74.71,5.19
2026-06-02 10:30:00,9,179.14,281.88,45.09,1.0,259.04,0.0,121.78,71.93,5.07
2026-06-02 10:35:00,9,179.14,281.88,44.32,1.0,256.11,0.0,120.4,71.62,4.95
2026-06-02 10:40:00,9,179.14,281.88,44.11,0.0,293.59,0.0,138.02,75.37,4.82
2026-06-02 10:45:00,9,179.14,281.88,45.7,1.0,264.94,0.0,124.55,72.54,4.69
2026-06-02 10:50:00,9,179.14,281.88,44.61,2.0,219.53,0.01,103.2,68.53,4.58
2026-06-02 10:55:00,9,179.14,281.88,44.72,0.0,218.14,0.0,102.55,67.69,4.46
2026-06-02 11:00:00,9,179.14,281.88,45.22,1.0,276.01,0.0,129.76,73.73,4.33
2026-06-02 11:05:00,9,179.14,281.88,44.32,3.0,323.83,0.01,152.24,80.16,4.2
2026-06-02 11:10:00,9,179.14,281.88,44.88,1.0,255.18,0.0,119.96,71.53,4.08
2026-06-02 11:15:00,9,179.14,281.88,44.55,2.0,253.66,0.01,119.25,71.75,3.95
2026-06-02 11:20:00,9,179.14,281.88,44.35,1.0,231.28,0.01,108.73,69.24,3.83
2026-06-02 11:25:00,9,179.14,281.88,44.95,0.0,286.1,0.0,134.5,74.51,3.71
2026-06-02 11:30:00,9,179.14,281.88,45.48,1.0,249.54,0.01,117.31,70.99,3.59
2026-06-02 11:35:00,9,179.14,281.88,45.28,0.0,269.21,0.0,126.56,72.65,3.46
2026-06-02 11:40:00,9,179.14,281.88,45.2,1.0,224.58,0.01,105.58,68.63,3.34
2026-06-02 11:45:00,9,179.14,281.88,45.14,2.0,208.96,0.01,98.24,67.64,3.23
2026-06-02 11:50:00,9,179.14,281.88,44.7,1.0,262.54,0.0,123.43,72.29,3.11
2026-06-02 11:55:00,9,179.14,281.88,45.08,3.0,300.89,0.01,141.46,77.31,2.97
2026-06-02 12:00:00,9,179.14,281.88,44.87,2.0,270.18,0.01,127.02,73.47,2.85
2026-06-02 12:05:00,9,179.14,281.88,45.74,0.0,285.17,0.0,134.06,74.41,2.72
2026-06-02 12:10:00,9,179.14,281.88,44.81,0.0,219.14,0.0,103.02,67.78,2.6
2026-06-02 12:15:00,9,179.14,281.88,44.9,1.0,255.2,0.0,119.98,71.53,2.48
2026-06-02 12:20:00,9,179.14,281.88,44.75,4.0,290.73,0.02,136.68,76.48,2.35
2026-06-02 12:25:00,9,179.14,281.88,44.55,0.0,276.36,0.0,129.92,73.42,2.23
2026-06-02 12:30:00,9,179.14,281.88,44.13,2.0,262.3,0.01,123.31,72.63,2.1
2026-06-02 12:35:00,9,179.14,281.88,45.17,1.0,194.47,0.01,91.42,66.12,1.99
2026-06-02 12:40:00,9,179.14,281.88,43.97,2.0,255.8,0.01,120.25,71.96,1.87
2026-06-02 12:45:00,9,179.14,281.88,44.29,4.0,294.99,0.01,138.68,76.96,1.73
2026-06-02 12:50:00,9,179.14,281.88,45.32,3.0,290.54,0.01,136.59,76.09,1.6
2026-06-02 12:55:00,9,179.14,281.88,44.75,0.0,220.43,0.0,103.63,67.89,1.49
2026-06-02 13:00:00,9,179.14,281.88,43.97,3.0,281.75,0.01,132.46,75.09,1.36
2026-06-02 13:05:00,9,179.14,281.88,44.34,0.0,274.68,0.0,129.13,73.23,1.23
2026-06-02 13:10:00,9,179.14,281.88,44.37,4.0,227.05,0.02,106.74,69.92,1.12
2026-06-02 13:15:00,9,179.14,281.88,44.94,2.0,236.9,0.01,111.37,70.11,1.0
2026-06-02 13:20:00,9,179.14,281.88,46.28,3.0,288.27,0.01,135.52,75.83,0.87
2026-06-02 13:25:00,9,179.14,281.88,44.0,1.0,271.16,0.0,127.48,73.2,0.74
2026-06-02 13:30:00,9,179.14,281.88,44.74,1.0,308.5,0.0,145.03,77.51,0.61
2026-06-02 13:35:00,9,179.14,281.88,44.09,3.0,277.73,0.01,130.57,74.64,0.48
2026-06-02 13:40:00,9,179.14,281.88,44.99,1.0,270.81,0.0,127.31,73.17,0.36
2026-06-02 13:45:00,9,179.14,281.88,44.4,1.0,232.24,0.01,109.18,69.33,0.24
2026-06-02 13:50:00,9,179.14,281.88,44.12,0.0,263.43,0.0,123.85,72.03,0.11
2026-06-02 13:55:00,9,179.14,281.88,43.85,4.0,305.73,0.01,143.73,78.24,0.0
2026-06-02 14:00:00,9,179.14,281.88,43.99,3.0,240.87,0.02,113.24,70.86,0.0
2026-06-02 14:05:00,9,179.14,281.88,44.05,3.0,274.41,0.01,129.0,74.27,0.0
2026-06-02 14:10:00,9,179.14,281.88,44.2,2.0,270.62,0.01,127.22,73.51,0.0
2026-06-02 14:15:00,9,179.14,281.88,43.78,3.0,285.27,0.01,134.11,75.48,0.0
2026-06-02 14:20:00,9,179.14,281.88,43.63,2.0,230.27,0.01,108.25,69.49,0.0
2026-06-02 14:25:00,9,179.14,281.88,43.41,2.0,270.49,0.01,127.16,73.5,0.0
2026-06-02 14:30:00,9,179.14,281.88,43.62,1.0,237.88,0.01,111.83,69.85,0.0
2026-06-02 14:35:00,9,179.14,281.88,43.2,1.0,262.86,0.0,123.58,72.32,0.0
2026-06-02 14:40:00,9,179.14,281.88,43.28,2.0,258.07,0.01,121.32,72.19,0.0
2026-06-02 14:45:00,9,179.14,281.88,43.61,1.0,279.82,0.0,131.55,74.15,0.0
2026-06-02 14:50:00,9,179.14,281.88,42.54,0.0,238.92,0.0,112.32,69.58,0.0
2026-06-02 14:55:00,9,179.14,281.88,43.53,2.0,222.24,0.01,104.48,68.77,0.0
2026-06-02 15:00:00,9,179.14,281.88,42.83,1.0,259.71,0.0,122.09,71.99,0.0
2026-06-02 15:05:00,9,179.14,281.88,43.0,0.0,280.66,0.0,131.94,73.89,0.0
2026-06-02 15:10:00,9,179.14,281.88,42.96,2.0,264.23,0.01,124.22,72.83,0.0
2026-06-02 15:15:00,9,179.14,281.88,42.62,1.0,223.7,0.01,105.16,68.55,0.0
2026-06-02 15:20:00,9,179.14,281.88,42.31,1.0,225.63,0.01,106.07,68.72,0.0
2026-06-02 15:25:00,9,179.14,281.88,42.93,2.0,222.81,0.01,104.75,68.82,0.0
2026-06-02 15:30:00,9,179.14,281.88,43.06,0.0,253.69,0.0,119.26,71.03,0.0
2026-06-02 15:35:00,9,179.14,281.88,42.45,4.0,259.36,0.02,121.93,73.04,0.0
2026-06-02 15:40:00,9,179.14,281.88,41.95,0.0,251.34,0.0,118.16,70.79,0.0
2026-06-02 15:45:00,9,179.14,281.88,42.7,4.0,274.98,0.02,129.27,74.7,0.0
2026-06-02 15:50:00,9,179.14,281.88,42.15,3.0,257.62,0.01,121.11,72.49,0.0
2026-06-02 15:55:00,9,179.14,281.88,42.4,2.0,239.28,0.01,112.49,70.33,0.0
2026-06-02 16:00:00,9,179.14,281.88,41.73,0.0,228.83,0.0,107.58,68.64,0.0
2026-06-02 16:05:00,9,179.14,281.88,41.36,4.0,277.67,0.02,130.54,75.0,0.0
2026-06-02 16:10:00,9,179.14,281.88,41.24,2.0,287.1,0.01,134.97,75.34,0.0
2026-06-02 16:15:00,9,179.14,281.88,40.71,1.0,303.68,0.0,142.77,76.91,0.0
2026-06-02 16:20:00,9,179.14,281.88,41.37,1.0,267.55,0.0,125.78,72.81,0.0
2026-06-02 16:25:00,9,179.14,281.88,40.84,3.0,266.48,0.01,125.28,73.42,0.0
2026-06-02 16:30:00,9,179.14,281.88,40.71,6.0,280.08,0.02,131.67,75.96,0.0
2026-06-02 16:35:00,9,179.14,281.88,40.77,4.0,232.73,0.02,109.41,70.43,0.0
2026-06-02 16:40:00,9,179.14,281.88,40.12,2.0,285.42,0.01,134.18,75.14,0.0
2026-06-02 16:45:00,9,179.14,281.88,39.62,0.0,243.82,0.0,114.63,70.04,0.0
2026-06-02 16:50:00,9,179.14,281.88,39.78,1.0,225.15,0.01,105.85,68.67,0.0
2026-06-02 16:55:00,9,179.14,281.88,39.76,0.0,243.24,0.0,114.35,69.99,0.0
2026-06-02 17:00:00,9,179.14,281.88,40.4,2.0,259.24,0.01,121.87,72.31,0.0
2026-06-02 17:05:00,9,179.14,281.88,39.74,1.0,285.7,0.0,134.31,74.8,0.0
2026-06-02 17:10:00,9,179.14,281.88,38.68,0.0,273.48,0.0,128.57,73.09,0.0
2026-06-02 17:15:00,9,179.14,281.88,39.75,1.0,223.66,0.01,105.15,68.54,100.0
2026-06-02 17:20:00,9,179.14,281.88,39.05,3.0,290.84,0.01,136.73,76.11,99.87
2026-06-02 17:25:00,9,179.14,281.88,38.92,1.0,240.67,0.01,113.14,70.11,99.75
2026-06-02 17:30:00,9,179.14,281.88,39.26,3.0,257.72,0.01,121.16,72.5,99.63
2026-06-02 17:35:00,9,179.14,281.88,37.62,1.0,258.38,0.0,121.47,71.84,99.5
2026-06-02 17:40:00,9,179.14,281.88,39.02,3.0,266.23,0.01,125.16,73.38,99.38
2026-06-02 17:45:00,9,179.14,281.88,38.59,0.0,229.51,0.0,107.9,68.69,99.26
2026-06-02 17:50:00,9,179.14,281.88,39.1,0.0,239.46,0.0,112.57,69.62,99.14
2026-06-02 17:55:00,9,179.14,281.88,37.81,0.0,251.68,0.0,118.32,70.81,99.02
2026-06-02 18:00:00,9,179.14,281.88,37.31,0.0,266.47,0.0,125.27,72.34,98.9
2026-06-02 18:05:00,9,179.14,281.88,38.27,0.0,271.78,0.0,127.77,72.91,98.77
2026-06-02 18:10:00,9,179.14,281.88,38.15,0.0,237.83,0.0,111.81,69.47,98.65
2026-06-02 18:15:00,9,179.14,281.88,37.01,0.0,242.35,0.0,113.93,69.89,98.53
2026-06-02 18:20:00,9,179.14,281.88,37.49,1.0,254.19,0.0,119.5,71.42,98.41
2026-06-02 18:25:00,9,179.14,281.88,37.64,1.0,187.78,0.01,88.28,65.6,98.3
2026-06-02 18:30:00,9,179.14,281.88,38.58,1.0,267.47,0.0,125.74,72.8,98.18
2026-06-02 18:35:00,9,179.14,281.88,36.58,1.0,267.02,0.0,125.53,72.74,98.05
2026-06-02 18:40:00,9,179.14,281.88,37.91,0.0,281.26,0.0,132.23,73.95,97.92
2026-06-02 18:45:00,9,179.14,281.88,36.38,0.0,270.81,0.0,127.31,72.8,97.8
2026-06-02 18:50:00,9,179.14,281.88,36.76,0.0,241.88,0.0,113.71,69.85,97.68
2026-06-02 18:55:00,9,179.14,281.88,36.68,1.0,259.43,0.0,121.96,71.95,97.56
2026-06-02 19:00:00,9,179.14,281.88,36.64,0.0,257.95,0.0,121.27,71.45,97.44
2026-06-02 19:05:00,9,179.14,281.88,35.96,0.0,238.04,0.0,111.91,69.48,97.32
2026-06-02 19:10:00,9,179.14,281.88,36.67,1.0,233.89,0.01,109.96,69.46,97.2
2026-06-02 19:15:00,9,179.14,281.88,36.98,0.0,271.29,0.0,127.54,72.85,97.07
2026-06-02 19:20:00,9,179.14,281.88,35.65,0.0,223.76,0.0,105.2,68.17,96.96
2026-06-02 19:25:00,9,179.14,281.88,35.34,0.0,244.11,0.0,114.76,70.06,96.84
2026-06-02 19:30:00,9,179.14,281.88,35.32,1.0,236.19,0.01,111.04,69.68,96.72
2026-06-02 19:35:00,9,179.14,281.88,35.24,0.0,250.3,0.0,117.67,70.67,96.6
2026-06-02 19:40:00,9,179.14,281.88,35.47,0.0,284.75,0.0,133.87,74.34,96.47
2026-06-02 19:45:00,9,179.14,281.88,34.97,0.0,254.11,0.0,119.46,71.05,96.35
2026-06-02 19:50:00,9,179.14,281.88,34.95,0.0,272.37,0.0,128.05,72.97,96.22
2026-06-02 19:55:00,9,179.14,281.88,34.04,0.0,282.53,0.0,132.82,74.08,96.1
2026-06-02 20:00:00,9,179.14,281.88,34.1,0.0,237.68,0.0,111.74,69.44,95.98
2026-06-02 20:05:00,9,179.14,281.88,34.3,1.0,252.83,0.0,118.86,71.27,95.86
2026-06-02 20:10:00,9,179.14,281.88,33.72,0.0,258.46,0.0,121.51,71.49,95.74
2026-06-02 20:15:00,9,179.14,281.88,34.37,0.0,250.45,0.0,117.74,70.68,95.61
2026-06-02 20:20:00,9,179.14,281.88,34.23,1.0,259.76,0.0,122.12,71.98,95.49
2026-06-02 20:25:00,9,179.14,281.88,33.6,1.0,286.66,0.0,134.76,74.9,95.36
2026-06-02 20:30:00,9,179.14,281.88,33.52,0.0,232.87,0.0,109.47,68.99,95.25
2026-06-02 20:35:00,9,179.14,281.88,33.43,0.0,249.51,0.0,117.3,70.59,95.12
2026-06-02 20:40:00,9,179.14,281.88,33.6,1.0,263.43,0.0,123.84,72.36,95.0
2026-06-02 20:45:00,9,179.14,281.88,33.37,1.0,238.09,0.01,111.93,69.85,94.88
2026-06-02 20:50:00,9,179.14,281.88,32.64,1.0,272.85,0.0,128.27,73.36,94.76
2026-06-02 20:55:00,9,179.14,281.88,33.81,0.0,257.14,0.0,120.88,71.36,94.63
2026-06-02 21:00:00,9,179.14,281.88,33.75,2.0,260.3,0.01,122.37,72.4,94.51
2026-06-02 21:05:00,9,179.14,281.88,32.75,1.0,258.99,0.0,121.76,71.9,94.39
2026-06-02 21:10:00,9,179.14,281.88,33.1,1.0,235.41,0.01,110.67,69.6,94.27
2026-06-02 21:15:00,9,179.14,281.88,32.72,1.0,227.37,0.01,106.89,68.86,94.15
2026-06-02 21:20:00,9,179.14,281.88,33.17,1.0,213.49,0.01,100.36,67.64,94.04
2026-06-02 21:25:00,9,179.14,281.88,31.67,0.0,244.16,0.0,114.78,70.06,93.92
2026-06-02 21:30:00,9,179.14,281.88,32.38,0.0,227.47,0.0,106.94,68.5,93.8
2026-06-02 21:35:00,9,179.14,281.88,32.46,1.0,231.54,0.01,108.85,69.24,93.68
2026-06-02 21:40:00,9,179.14,281.88,32.47,0.0,279.32,0.0,131.31,73.72,93.55
2026-06-02 21:45:00,9,179.14,281.88,31.62,1.0,256.65,0.0,120.66,71.66,93.43
2026-06-02 21:50:00,9,179.14,281.88,32.1,0.0,232.14,0.0,109.13,68.92,93.31
2026-06-02 21:55:00,9,179.14,281.88,32.14,0.0,224.22,0.0,105.41,68.2,93.2
2026-06-02 22:00:00,9,179.14,281.88,32.27,0.0,232.7,0.0,109.4,68.98,93.08
2026-06-02 22:05:00,9,179.14,281.88,31.36,0.0,215.38,0.0,101.25,67.43,92.96
2026-06-02 22:10:00,9,179.14,281.88,31.21,1.0,259.52,0.0,122.0,71.95,92.84
2026-06-02 22:15:00,9,179.14,281.88,32.02,4.0,248.63,0.02,116.89,71.94,92.72
2026-06-02 22:20:00,9,179.14,281.88,32.33,1.0,253.01,0.0,118.95,71.29,92.6
2026-06-02 22:25:00,9,179.14,281.88,31.5,0.0,229.33,0.0,107.81,68.66,92.48
2026-06-02 22:30:00,9,179.14,281.88,30.75,1.0,254.37,0.0,119.59,71.42,92.36
2026-06-02 22:35:00,9,179.14,281.88,32.17,1.0,250.58,0.01,117.8,71.06,92.24
2026-06-02 22:40:00,9,179.14,281.88,31.48,3.0,247.18,0.02,116.21,71.45,92.11
2026-06-02 22:45:00,9,179.14,281.88,31.53,0.0,231.22,0.0,108.7,68.84,92.0
2026-06-02 22:50:00,9,179.14,281.88,31.15,4.0,289.34,0.02,136.02,76.29,91.87
2026-06-02 22:55:00,9,179.14,281.88,30.69,1.0,270.31,0.0,127.08,73.09,91.74
2026-06-02 23:00:00,9,179.14,281.88,30.46,1.0,231.95,0.01,109.04,69.27,91.62
2026-06-02 23:05:00,9,179.14,281.88,30.84,1.0,232.85,0.01,109.47,69.36,91.5
2026-06-02 23:10:00,9,179.14,281.88,30.53,1.0,251.12,0.01,118.05,71.11,91.38
2026-06-02 23:15:00,9,179.14,281.88,30.76,3.0,327.9,0.01,154.15,80.66,91.24
2026-06-02 23:20:00,9,179.14,281.88,30.34,1.0,285.0,0.0,133.99,74.71,91.12
2026-06-02 23:25:00,9,179.14,281.88,31.34,0.0,212.29,0.0,99.8,67.17,91.0
2026-06-02 23:30:00,9,179.14,281.88,31.12,2.0,252.0,0.01,118.47,71.55,90.88
2026-06-02 23:35:00,9,179.14,281.88,31.0,1.0,241.84,0.01,113.69,70.2,90.76
2026-06-02 23:40:00,9,179.14,281.88,30.9,1.0,277.86,0.0,130.62,73.91,90.63
2026-06-02 23:45:00,9,179.14,281.88,30.55,1.0,276.03,0.0,129.77,73.71,90.51
2026-06-02 23:50:00,9,179.14,281.88,30.75,1.0,252.8,0.0,118.84,71.26,90.39
2026-06-02 23:55:00,9,179.14,281.88,30.62,1.0,253.53,0.0,119.19,71.34,90.26
2026-06-03 00:00:00,9,179.14,281.88,31.33,1.0,235.93,0.01,110.91,69.64,90.14
2026-06-03 00:05:00,9,179.14,281.88,30.51,1.0,271.77,0.0,127.76,73.24,90.02
2026-06-03 00:10:00,9,179.14,281.88,30.43,1.0,258.42,0.0,121.49,71.83,89.9
2026-06-03 00:15:00,9,179.14,281.88,31.11,1.0,236.24,0.01,111.06,69.67,89.78
2026-06-03 00:20:00,9,179.14,281.88,31.26,1.0,258.23,0.0,121.4,71.82,89.66
2026-06-03 00:25:00,9,179.14,281.88,31.07,1.0,266.02,0.0,125.06,72.63,89.53
2026-06-03 00:30:00,9,179.14,281.88,31.41,3.0,235.48,0.02,110.7,70.32,89.41
2026-06-03 00:35:00,9,179.14,281.88,31.13,2.0,276.94,0.01,130.19,74.18,89.28
2026-06-03 00:40:00,9,179.14,281.88,30.33,1.0,265.04,0.0,124.6,72.52,89.16
2026-06-03 00:45:00,9,179.14,281.88,31.24,1.0,230.31,0.01,108.27,69.12,89.04
2026-06-03 00:50:00,9,179.14,281.88,31.43,3.0,223.83,0.02,105.23,69.26,88.92
2026-06-03 00:55:00,9,179.14,281.88,31.07,0.0,269.69,0.0,126.79,72.67,88.8
2026-06-03 01:00:00,9,179.14,281.88,32.12,3.0,272.36,0.01,128.04,74.03,88.67
2026-06-03 01:05:00,9,179.14,281.88,31.03,0.0,273.92,0.0,128.78,73.13,88.55
2026-06-03 01:10:00,9,179.14,281.88,30.9,1.0,227.12,0.01,106.77,68.83,88.43
2026-06-03 01:15:00,9,179.14,281.88,32.51,1.0,267.39,0.0,125.7,72.77,88.31
2026-06-03 01:20:00,9,179.14,281.88,31.94,5.0,259.44,0.02,121.97,73.38,88.18
2026-06-03 01:25:00,9,179.14,281.88,32.24,1.0,259.57,0.0,122.03,71.96,88.06
2026-06-03 01:30:00,9,179.14,281.88,30.91,0.0,243.28,0.0,114.37,69.97,87.94
2026-06-03 01:35:00,9,179.14,281.88,31.46,0.0,238.69,0.0,112.21,69.53,87.82
2026-06-03 01:40:00,9,179.14,281.88,31.36,2.0,312.51,0.01,146.92,78.35,87.69
2026-06-03 01:45:00,9,179.14,281.88,31.02,3.0,259.48,0.01,121.98,72.66,87.56
2026-06-03 01:50:00,9,179.14,281.88,31.83,2.0,280.21,0.01,131.73,74.54,87.43
2026-06-03 01:55:00,9,179.14,281.88,31.25,3.0,273.44,0.01,128.55,74.14,87.31
2026-06-03 02:00:00,9,179.14,281.88,31.9,4.0,269.57,0.02,126.73,74.1,87.18
2026-06-03 02:05:00,9,179.14,281.88,32.03,2.0,231.23,0.01,108.71,69.56,87.06
2026-06-03 02:10:00,9,179.14,281.88,32.37,1.0,263.55,0.0,123.9,72.37,86.94
2026-06-03 02:15:00,9,179.14,281.88,32.18,1.0,191.17,0.01,89.87,65.84,86.82
2026-06-03 02:20:00,9,179.14,281.88,32.54,2.0,207.26,0.01,97.44,67.47,86.71
2026-06-03 02:25:00,9,179.14,281.88,32.08,3.0,211.69,0.02,99.52,68.21,86.59
2026-06-03 02:30:00,9,179.14,281.88,32.91,3.0,248.7,0.02,116.92,71.6,86.47
2026-06-03 02:35:00,9,179.14,281.88,32.33,0.0,263.96,0.0,124.09,72.06,86.35
2026-06-03 02:40:00,9,179.14,281.88,31.86,2.0,295.09,0.01,138.73,76.24,86.22
2026-06-03 02:45:00,9,179.14,281.88,32.72,4.0,284.4,0.02,133.7,75.73,86.09
2026-06-03 02:50:00,9,179.14,281.88,33.05,1.0,219.22,0.01,103.06,68.13,85.97
2026-06-03 02:55:00,9,179.14,281.88,32.46,1.0,257.99,0.0,121.29,71.79,85.85
2026-06-03 03:00:00,9,179.14,281.88,33.56,0.0,302.29,0.0,142.11,76.38,85.72
2026-06-03 03:05:00,9,179.14,281.88,32.87,2.0,271.93,0.01,127.84,73.63,85.59
2026-06-03 03:10:00,9,179.14,281.88,33.69,10.0,294.47,0.04,138.44,79.04,85.46
2026-06-03 03:15:00,9,179.14,281.88,34.1,0.0,240.14,0.0,112.89,69.68,85.34
2026-06-03 03:20:00,9,179.14,281.88,34.03,1.0,239.11,0.01,112.41,69.95,85.22
2026-06-03 03:25:00,9,179.14,281.88,33.95,0.0,244.41,0.0,114.9,70.09,85.1
2026-06-03 03:30:00,9,179.14,281.88,33.79,1.0,278.0,0.0,130.69,73.93,84.97
2026-06-03 03:35:00,9,179.14,281.88,34.76,2.0,314.61,0.01,147.9,78.62,84.84
2026-06-03 03:40:00,9,179.14,281.88,34.26,1.0,268.92,0.0,126.42,72.94,84.71
2026-06-03 03:45:00,9,179.14,281.88,33.85,1.0,199.46,0.01,93.77,66.49,84.6
2026-06-03 03:50:00,9,179.14,281.88,34.28,1.0,260.47,0.0,122.45,72.05,84.48
2026-06-03 03:55:00,9,179.14,281.88,34.06,3.0,266.19,0.01,125.14,73.37,84.35
2026-06-03 04:00:00,9,179.14,281.88,35.22,2.0,241.02,0.01,113.31,70.48,84.23
2026-06-03 04:05:00,9,179.14,281.88,34.26,0.0,232.89,0.0,109.49,69.0,84.11
2026-06-03 04:10:00,9,179.14,281.88,34.06,1.0,285.91,0.0,134.41,74.82,83.98
2026-06-03 04:15:00,9,179.14,281.88,34.59,1.0,228.63,0.01,107.48,68.97,83.87
2026-06-03 04:20:00,9,179.14,281.88,34.49,2.0,209.44,0.01,98.46,67.65,83.75
2026-06-03 04:25:00,9,179.14,281.88,35.82,2.0,238.68,0.01,112.21,70.26,83.63
2026-06-03 04:30:00,9,179.14,281.88,35.37,0.0,217.39,0.0,102.2,67.61,83.52
2026-06-03 04:35:00,9,179.14,281.88,35.56,3.0,239.83,0.02,112.75,70.74,83.39
2026-06-03 04:40:00,9,179.14,281.88,35.04,3.0,252.3,0.02,118.61,71.96,83.27
2026-06-03 04:45:00,9,179.14,281.88,35.5,1.0,297.01,0.0,139.63,76.11,83.14
2026-06-03 04:50:00,9,179.14,281.88,35.47,1.0,236.17,0.01,111.03,69.67,83.02
2026-06-03 04:55:00,9,179.14,281.88,36.02,3.0,266.15,0.01,125.12,73.37,82.9
2026-06-03 05:00:00,9,179.14,281.88,36.0,1.0,228.3,0.01,107.33,68.95,82.78
2026-06-03 05:05:00,9,179.14,281.88,35.02,0.0,236.53,0.0,111.19,69.34,82.66
2026-06-03 05:10:00,9,179.14,281.88,36.04,1.0,282.31,0.0,132.72,74.41,82.53
2026-06-03 05:15:00,9,179.14,281.88,37.01,0.0,246.29,0.0,115.78,70.28,82.41
2026-06-03 05:20:00,9,179.14,281.88,36.38,2.0,242.9,0.01,114.19,70.67,82.29
2026-06-03 05:25:00,9,179.14,281.88,37.25,1.0,228.04,0.01,107.2,68.93,82.18
2026-06-03 05:30:00,9,179.14,281.88,37.85,2.0,264.4,0.01,124.3,72.84,82.05
2026-06-03 05:35:00,9,179.14,281.88,37.43,1.0,265.31,0.0,124.73,72.57,81.93
2026-06-03 05:40:00,9,179.14,281.88,37.0,0.0,242.75,0.0,114.12,69.93,81.81
2026-06-03 05:45:00,9,179.14,281.88,37.75,0.0,217.48,0.0,102.24,67.62,81.69
2026-06-03 05:50:00,9,179.14,281.88,37.22,2.0,253.42,0.01,119.14,71.71,81.57
2026-06-03 05:55:00,9,179.14,281.88,37.96,0.0,290.67,0.0,136.65,75.02,81.44
2026-06-03 06:00:00,9,179.14,281.88,37.56,1.0,210.64,0.01,99.03,67.41,81.33
2026-06-03 06:05:00,9,179.14,281.88,38.72,2.0,276.65,0.01,130.06,74.16,81.2
2026-06-03 06:10:00,9,179.14,281.88,38.8,0.0,260.26,0.0,122.35,71.69,81.08
2026-06-03 06:15:00,9,179.14,281.88,38.07,1.0,282.85,0.0,132.97,74.48,80.95
2026-06-03 06:20:00,9,179.14,281.88,39.38,0.0,232.64,0.0,109.37,68.98,80.83
2026-06-03 06:25:00,9,179.14,281.88,38.96,1.0,286.82,0.0,134.84,74.93,80.7
2026-06-03 06:30:00,9,179.14,281.88,38.17,0.0,307.34,0.0,144.49,77.0,80.57
2026-06-03 06:35:00,9,179.14,281.88,39.2,0.0,243.99,0.0,114.7,70.06,80.45
2026-06-03 06:40:00,9,179.14,281.88,38.78,1.0,288.16,0.0,135.47,75.08,80.32
2026-06-03 06:45:00,9,179.14,281.88,39.56,0.0,273.42,0.0,128.54,73.09,80.2
2026-06-03 06:50:00,9,179.14,281.88,38.73,0.0,290.52,0.0,136.58,75.0,80.07
2026-06-03 06:55:00,9,179.14,281.88,39.95,1.0,284.25,0.0,133.63,74.64,79.94
2026-06-03 07:00:00,9,179.14,281.88,39.69,3.0,273.19,0.01,128.43,74.13,79.82
2026-06-03 07:05:00,9,179.14,281.88,40.13,1.0,284.96,0.0,133.96,74.72,79.69
2026-06-03 07:10:00,9,179.14,281.88,40.0,1.0,260.77,0.0,122.59,72.09,79.57
2026-06-03 07:15:00,9,179.14,281.88,39.71,0.0,214.95,0.0,101.05,67.41,79.45
2026-06-03 07:20:00,9,179.14,281.88,41.05,0.0,216.48,0.0,101.77,67.54,79.33
2026-06-03 07:25:00,9,179.14,281.88,40.66,1.0,270.44,0.0,127.14,73.12,79.21
2026-06-03 07:30:00,9,179.14,281.88,41.57,0.0,287.65,0.0,135.23,74.68,79.08
2026-06-03 07:35:00,9,179.14,281.88,40.5,1.0,299.1,0.0,140.61,76.36,78.95
2026-06-03 07:40:00,9,179.14,281.88,40.56,0.0,218.38,0.0,102.66,67.7,78.84
2026-06-03 07:45:00,9,179.14,281.88,41.34,0.0,201.13,0.0,94.55,66.27,78.72
2026-06-03 07:50:00,9,179.14,281.88,41.52,0.0,263.45,0.0,123.85,72.03,78.6
2026-06-03 07:55:00,9,179.14,281.88,41.57,0.0,253.62,0.0,119.23,71.02,78.48
2026-06-03 08:00:00,9,179.14,281.88,41.51,1.0,186.69,0.01,87.76,65.52,78.37
2026-06-03 08:05:00,9,179.14,281.88,41.96,1.0,295.46,0.0,138.9,75.94,78.24
2026-06-03 08:10:00,9,179.14,281.88,41.93,1.0,275.38,0.0,129.46,73.66,78.11
2026-06-03 08:15:00,9,179.14,281.88,41.92,0.0,263.99,0.0,124.11,72.09,77.99
2026-06-03 08:20:00,9,179.14,281.88,41.81,0.0,250.41,0.0,117.72,70.69,77.87
2026-06-03 08:25:00,9,179.14,281.88,42.29,1.0,198.81,0.01,93.46,66.45,77.75
2026-06-03 08:30:00,9,179.14,281.88,42.71,0.0,192.54,0.0,90.52,65.6,77.64
2026-06-03 08:35:00,9,179.14,281.88,41.92,0.0,235.37,0.0,110.65,69.24,77.52
2026-06-03 08:40:00,9,179.14,281.88,42.5,0.0,230.46,0.0,108.34,68.79,77.4
2026-06-03 08:45:00,9,179.14,281.88,41.73,0.0,264.7,0.0,124.44,72.16,77.28
2026-06-03 08:50:00,9,179.14,281.88,42.67,1.0,309.35,0.0,145.43,77.61,77.15
2026-06-03 08:55:00,9,179.14,281.88,43.04,0.0,248.07,0.0,116.62,70.47,77.03
2026-06-03 09:00:00,9,179.14,281.88,43.29,1.0,277.37,0.0,130.39,73.88,76.9
2026-06-03 09:05:00,9,179.14,281.88,42.98,0.0,262.96,0.0,123.62,71.98,76.78
2026-06-03 09:10:00,9,179.14,281.88,43.94,2.0,269.41,0.01,126.65,73.38,76.65
2026-06-03 09:15:00,9,179.14,281.88,43.02,0.0,236.79,0.0,111.32,69.38,76.53
2026-06-03 09:20:00,9,179.14,281.88,42.49,1.0,301.39,0.0,141.69,76.64,76.4
2026-06-03 09:25:00,9,179.14,281.88,43.17,0.0,231.84,0.0,108.99,68.92,76.29
2026-06-03 09:30:00,9,179.14,281.88,44.35,1.0,277.94,0.0,130.67,73.94,76.16
2026-06-03 09:35:00,9,179.14,281.88,44.28,0.0,243.81,0.0,114.62,70.05,76.04
2026-06-03 09:40:00,9,179.14,281.88,43.66,0.0,276.18,0.0,129.83,73.4,75.91
2026-06-03 09:45:00,9,179.14,281.88,43.19,1.0,225.06,0.01,105.8,68.67,75.8
2026-06-03 09:50:00,9,179.14,281.88,43.45,1.0,303.17,0.0,142.53,76.86,75.67
2026-06-03 09:55:00,9,179.14,281.88,43.85,1.0,251.22,0.01,118.1,71.15,75.54
2026-06-03 10:00:00,9,179.14,281.88,44.11,1.0,277.96,0.0,130.68,73.95,75.42
2026-06-03 10:05:00,9,179.14,281.88,45.11,0.0,265.15,0.0,124.65,72.21,75.29
2026-06-03 10:10:00,9,179.14,281.88,44.87,1.0,242.57,0.01,114.04,70.3,75.17
2026-06-03 10:15:00,9,179.14,281.88,44.73,0.0,226.06,0.0,106.28,68.39,75.06
2026-06-03 10:20:00,9,179.14,281.88,44.14,2.0,209.62,0.01,98.54,67.69,74.94
2026-06-03 10:25:00,9,179.14,281.88,43.63,0.0,224.94,0.0,105.75,68.29,74.82
2026-06-03 10:30:00,9,179.14,281.88,45.55,1.0,222.9,0.01,104.79,68.48,74.71
2026-06-03 10:35:00,9,179.14,281.88,44.55,2.0,292.35,0.01,137.44,75.95,74.58
2026-06-03 10:40:00,9,179.14,281.88,44.59,1.0,259.15,0.0,121.83,71.94,74.46
2026-06-03 10:45:00,9,179.14,281.88,44.39,0.0,273.11,0.0,128.39,73.06,74.33
2026-06-03 10:50:00,9,179.14,281.88,44.27,0.0,220.41,0.0,103.62,67.89,74.21
2026-06-03 10:55:00,9,179.14,281.88,44.13,2.0,238.83,0.01,112.28,70.29,74.09
2026-06-03 11:00:00,9,179.14,281.88,44.87,1.0,212.92,0.01,100.1,67.62,73.98
2026-06-03 11:05:00,9,179.14,281.88,44.46,0.0,276.29,0.0,129.89,73.41,73.85
2026-06-03 11:10:00,9,179.14,281.88,44.61,2.0,197.26,0.02,92.73,66.71,73.74
2026-06-03 11:15:00,9,179.14,281.88,44.04,2.0,239.67,0.01,112.67,70.37,73.62
2026-06-03 11:20:00,9,179.14,281.88,45.21,0.0,266.25,0.0,125.17,72.33,73.5
2026-06-03 11:25:00,9,179.14,281.88,44.83,1.0,215.02,0.01,101.09,67.8,73.38
2026-06-03 11:30:00,9,179.14,281.88,44.58,5.0,238.74,0.03,112.23,71.37,73.26
2026-06-03 11:35:00,9,179.14,281.88,44.55,0.0,249.01,0.0,117.06,70.56,73.14
2026-06-03 11:40:00,9,179.14,281.88,45.43,1.0,266.24,0.0,125.16,72.68,73.01
2026-06-03 11:45:00,9,179.14,281.88,45.11,4.0,261.25,0.02,122.82,73.25,72.89
2026-06-03 11:50:00,9,179.14,281.88,44.32,0.0,231.47,0.0,108.82,68.89,72.77
2026-06-03 11:55:00,9,179.14,281.88,45.08,0.0,177.44,0.0,83.42,64.49,72.66
2026-06-03 12:00:00,9,179.14,281.88,45.61,1.0,211.86,0.01,99.6,67.53,72.54
2026-06-03 12:05:00,9,179.14,281.88,44.88,4.0,274.34,0.02,128.97,74.64,72.42
2026-06-03 12:10:00,9,179.14,281.88,45.29,1.0,233.65,0.01,109.84,69.46,72.3
2026-06-03 12:15:00,9,179.14,281.88,46.12,2.0,258.41,0.01,121.48,72.23,72.17
2026-06-03 12:20:00,9,179.14,281.88,44.56,2.0,246.32,0.01,115.8,71.02,72.05
2026-06-03 12:25:00,9,179.14,281.88,44.27,2.0,252.74,0.01,118.82,71.65,71.93
2026-06-03 12:30:00,9,179.14,281.88,45.24,1.0,222.57,0.01,104.64,68.45,71.81
2026-06-03 12:35:00,9,179.14,281.88,44.21,0.0,269.47,0.0,126.68,72.67,71.69
2026-06-03 12:40:00,9,179.14,281.88,44.57,12.0,328.61,0.04,154.49,83.99,71.55
2026-06-03 12:45:00,9,179.14,281.88,44.86,2.0,293.22,0.01,137.85,76.05,71.42
2026-06-03 12:50:00,9,179.14,281.88,45.06,2.0,266.7,0.01,125.38,73.1,71.29
2026-06-03 12:55:00,9,179.14,281.88,45.26,1.0,228.88,0.01,107.6,69.02,71.17
2026-06-03 13:00:00,9,179.14,281.88,45.08,0.0,259.83,0.0,122.15,71.66,71.05
2026-06-03 13:05:00,9,179.14,281.88,44.03,0.0,296.0,0.0,139.15,75.65,70.92
2026-06-03 13:10:00,9,179.14,281.88,44.74,1.0,246.33,0.01,115.8,70.67,70.8
2026-06-03 13:15:00,9,179.14,281.88,44.76,4.0,162.38,0.05,76.34,64.97,70.69
2026-06-03 13:20:00,9,179.14,281.88,44.95,1.0,250.01,0.01,117.54,71.03,70.57
2026-06-03 13:25:00,9,179.14,281.88,45.36,2.0,287.14,0.01,134.99,75.35,70.44
2026-06-03 13:30:00,9,179.14,281.88,44.98,1.0,285.89,0.0,134.4,74.84,70.31
2026-06-03 13:35:00,9,179.14,281.88,44.09,0.0,254.43,0.0,119.61,71.1,70.19
2026-06-03 13:40:00,9,179.14,281.88,44.49,2.0,249.54,0.01,117.31,71.33,70.07
2026-06-03 13:45:00,9,179.14,281.88,44.25,1.0,222.25,0.01,104.49,68.42,69.95
2026-06-03 13:50:00,9,179.14,281.88,43.84,3.0,280.37,0.01,131.81,74.93,69.82
2026-06-03 13:55:00,9,179.14,281.88,43.91,1.0,205.31,0.01,96.52,66.98,69.71
2026-06-03 14:00:00,9,179.14,281.88,44.18,3.0,254.7,0.01,119.74,72.2,69.58
2026-06-03 14:05:00,9,179.14,281.88,44.69,1.0,255.16,0.0,119.95,71.53,69.46
2026-06-03 14:10:00,9,179.14,281.88,43.45,0.0,274.48,0.0,129.04,73.21,69.34
2026-06-03 14:15:00,9,179.14,281.88,44.31,1.0,290.32,0.0,136.49,75.34,69.21
2026-06-03 14:20:00,9,179.14,281.88,43.15,2.0,296.49,0.01,139.39,76.43,69.08
2026-06-03 14:25:00,9,179.14,281.88,44.07,0.0,227.93,0.0,107.15,68.56,68.96
2026-06-03 14:30:00,9,179.14,281.88,43.46,0.0,261.65,0.0,123.01,71.84,68.84
2026-06-03 14:35:00,9,179.14,281.88,43.28,2.0,235.99,0.01,110.94,70.02,68.72
2026-06-03 14:40:00,9,179.14,281.88,43.57,0.0,246.95,0.0,116.1,70.36,68.6
2026-06-03 14:45:00,9,179.14,281.88,43.15,1.0,243.65,0.01,114.55,70.4,68.48
2026-06-03 14:50:00,9,179.14,281.88,43.04,1.0,273.02,0.0,128.35,73.4,68.35
2026-06-03 14:55:00,9,179.14,281.88,43.32,3.0,276.99,0.01,130.22,74.56,68.22
2026-06-03 15:00:00,9,179.14,281.88,43.37,1.0,258.77,0.0,121.65,71.89,68.1
2026-06-03 15:05:00,9,179.14,281.88,42.85,2.0,289.94,0.01,136.3,75.66,67.97
2026-06-03 15:10:00,9,179.14,281.88,42.77,2.0,272.41,0.01,128.06,73.7,67.85
2026-06-03 15:15:00,9,179.14,281.88,42.67,2.0,247.89,0.01,116.54,71.17,67.73
2026-06-03 15:20:00,9,179.14,281.88,43.36,1.0,271.21,0.0,127.5,73.21,67.6
2026-06-03 15:25:00,9,179.14,281.88,42.13,1.0,197.55,0.01,92.87,66.36,67.49
2026-06-03 15:30:00,9,179.14,281.88,41.96,0.0,299.44,0.0,140.77,76.06,67.36
2026-06-03 15:35:00,9,179.14,281.88,41.87,0.0,248.4,0.0,116.78,70.5,67.24
2026-06-03 15:40:00,9,179.14,281.88,41.77,3.0,229.24,0.02,107.77,69.76,67.12
2026-06-03 15:45:00,9,179.14,281.88,41.36,1.0,197.04,0.01,92.63,66.31,67.0
2026-06-03 15:50:00,9,179.14,281.88,41.23,3.0,302.47,0.01,142.19,77.49,66.87
2026-06-03 15:55:00,9,179.14,281.88,42.6,1.0,266.76,0.0,125.41,72.73,66.75
2026-06-03 16:00:00,9,179.14,281.88,41.24,0.0,212.31,0.0,99.81,67.19,66.63
2026-06-03 16:05:00,9,179.14,281.88,40.87,2.0,264.11,0.01,124.16,72.81,66.51
2026-06-03 16:10:00,9,179.14,281.88,41.57,3.0,268.58,0.01,126.26,73.64,66.38
2026-06-03 16:15:00,9,179.14,281.88,41.02,0.0,266.88,0.0,125.47,72.39,66.26
2026-06-03 16:20:00,9,179.14,281.88,41.06,1.0,235.81,0.01,110.86,69.65,66.14
2026-06-03 16:25:00,9,179.14,281.88,40.12,2.0,229.61,0.01,107.94,69.42,66.02
2026-06-03 16:30:00,9,179.14,281.88,39.95,1.0,281.3,0.0,132.24,74.31,65.89
2026-06-03 16:35:00,9,179.14,281.88,40.9,1.0,188.11,0.01,88.43,65.63,65.78
2026-06-03 16:40:00,9,179.14,281.88,40.67,2.0,229.13,0.01,107.72,69.38,65.66
2026-06-03 16:45:00,9,179.14,281.88,41.22,2.0,231.38,0.01,108.78,69.59,65.54
2026-06-03 16:50:00,9,179.14,281.88,40.47,0.0,301.74,0.0,141.85,76.33,65.41
2026-06-03 16:55:00,9,179.14,281.88,40.2,1.0,280.14,0.0,131.7,74.18,65.29
2026-06-03 17:00:00,9,179.14,281.88,39.11,1.0,273.29,0.0,128.48,73.42,65.16
2026-06-03 17:05:00,9,179.14,281.88,39.91,2.0,207.06,0.01,97.34,67.47,65.05
2026-06-03 17:10:00,9,179.14,281.88,39.63,0.0,250.81,0.0,117.91,70.73,64.92
2026-06-03 17:15:00,9,179.14,281.88,39.28,2.0,296.35,0.01,139.32,76.41,64.79
2026-06-03 17:20:00,9,179.14,281.88,39.0,0.0,250.03,0.0,117.54,70.65,64.67
2026-06-03 17:25:00,9,179.14,281.88,39.86,0.0,261.46,0.0,122.92,71.82,64.55
2026-06-03 17:30:00,9,179.14,281.88,38.18,1.0,302.09,0.0,142.02,76.72,64.42
2026-06-03 17:35:00,9,179.14,281.88,39.15,2.0,239.4,0.01,112.55,70.34,64.3
2026-06-03 17:40:00,9,179.14,281.88,38.52,1.0,276.39,0.0,129.94,73.76,64.17
2026-06-03 17:45:00,9,179.14,281.88,39.07,1.0,221.44,0.01,104.1,68.34,64.06
2026-06-03 17:50:00,9,179.14,281.88,38.23,0.0,243.1,0.0,114.28,69.97,63.94
2026-06-03 17:55:00,9,179.14,281.88,37.86,1.0,212.4,0.01,99.85,67.56,63.82
2026-06-03 18:00:00,9,179.14,281.88,37.66,1.0,250.26,0.01,117.65,71.04,63.7
2026-06-03 18:05:00,9,179.14,281.88,37.37,1.0,280.15,0.0,131.7,74.17,63.57
2026-06-03 18:10:00,9,179.14,281.88,37.88,0.0,279.2,0.0,131.25,73.72,63.45
2026-06-03 18:15:00,9,179.14,281.88,37.65,0.0,258.29,0.0,121.43,71.48,63.33
2026-06-03 18:20:00,9,179.14,281.88,37.9,0.0,250.47,0.0,117.75,70.69,63.2
2026-06-03 18:25:00,9,179.14,281.88,37.47,0.0,218.63,0.0,102.78,67.72,63.09
2026-06-03 18:30:00,9,179.14,281.88,37.49,0.0,266.42,0.0,125.25,72.33,62.96
2026-06-03 18:35:00,9,179.14,281.88,37.4,1.0,288.53,0.0,135.64,75.12,62.84
2026-06-03 18:40:00,9,179.14,281.88,36.43,0.0,192.47,0.0,90.48,65.58,62.72
2026-06-03 18:45:00,9,179.14,281.88,36.51,1.0,254.33,0.0,119.56,71.43,62.6
2026-06-03 18:50:00,9,179.14,281.88,35.49,1.0,261.29,0.0,122.84,72.14,62.48
2026-06-03 18:55:00,9,179.14,281.88,36.19,2.0,214.23,0.01,100.71,68.06,62.36
2026-06-03 19:00:00,9,179.14,281.88,37.2,0.0,251.95,0.0,118.45,70.84,62.24
2026-06-03 19:05:00,9,179.14,281.88,37.45,0.0,274.52,0.0,129.06,73.2,62.12
2026-06-03 19:10:00,9,179.14,281.88,35.5,1.0,211.18,0.01,99.28,67.45,62.0
2026-06-03 19:15:00,9,179.14,281.88,35.63,0.0,204.46,0.0,96.12,66.53,61.89
2026-06-03 19:20:00,9,179.14,281.88,35.92,1.0,286.7,0.0,134.78,74.91,61.76
2026-06-03 19:25:00,9,179.14,281.88,34.89,0.0,256.88,0.0,120.77,71.34,61.64
2026-06-03 19:30:00,9,179.14,281.88,35.64,0.0,306.94,0.0,144.3,76.95,61.51
2026-06-03 19:35:00,9,179.14,281.88,34.51,0.0,250.98,0.0,117.99,70.74,61.39
2026-06-03 19:40:00,9,179.14,281.88,35.01,3.0,235.31,0.02,110.62,70.31,61.26
2026-06-03 19:45:00,9,179.14,281.88,35.45,1.0,213.65,0.01,100.44,67.66,61.15
2026-06-03 19:50:00,9,179.14,281.88,35.23,1.0,244.89,0.01,115.13,70.51,61.03
2026-06-03 19:55:00,9,179.14,281.88,34.12,0.0,273.13,0.0,128.4,73.05,60.9
2026-06-03 20:00:00,9,179.14,281.88,35.29,2.0,271.71,0.01,127.74,73.62,60.78
2026-06-03 20:05:00,9,179.14,281.88,34.46,1.0,204.71,0.01,96.24,66.91,60.66
2026-06-03 20:10:00,9,179.14,281.88,34.05,0.0,221.99,0.0,104.36,68.01,60.55
2026-06-03 20:15:00,9,179.14,281.88,33.75,0.0,260.11,0.0,122.28,71.66,60.43
2026-06-03 20:20:00,9,179.14,281.88,34.53,0.0,229.4,0.0,107.84,68.67,60.31
2026-06-03 20:25:00,9,179.14,281.88,32.74,1.0,235.2,0.01,110.57,69.58,60.19
2026-06-03 20:30:00,9,179.14,281.88,33.21,0.0,282.65,0.0,132.88,74.1,60.06
2026-06-03 20:35:00,9,179.14,281.88,33.53,0.0,295.64,0.0,138.98,75.59,59.93
2026-06-03 20:40:00,9,179.14,281.88,32.74,0.0,211.79,0.0,99.57,67.13,59.82
2026-06-03 20:45:00,9,179.14,281.88,33.15,0.0,234.47,0.0,110.23,69.14,59.7
2026-06-03 20:50:00,9,179.14,281.88,32.05,1.0,245.1,0.01,115.22,70.52,59.58
2026-06-03 20:55:00,9,179.14,281.88,33.17,0.0,257.75,0.0,121.17,71.42,59.46
2026-06-03 21:00:00,9,179.14,281.88,32.83,0.0,243.52,0.0,114.48,70.0,59.34
2026-06-03 21:05:00,9,179.14,281.88,33.58,0.0,288.0,0.0,135.39,74.7,59.21
2026-06-03 21:10:00,9,179.14,281.88,32.66,1.0,242.6,0.01,114.05,70.28,59.09
2026-06-03 21:15:00,9,179.14,281.88,33.31,0.0,287.72,0.0,135.26,74.67,58.96
2026-06-03 21:20:00,9,179.14,281.88,33.24,1.0,259.18,0.0,121.85,71.92,58.84
2026-06-03 21:25:00,9,179.14,281.88,31.88,1.0,248.49,0.01,116.82,70.86,58.72
2026-06-03 21:30:00,9,179.14,281.88,32.6,1.0,230.93,0.01,108.56,69.18,58.6
2026-06-03 21:35:00,9,179.14,281.88,32.93,0.0,262.07,0.0,123.2,71.87,58.48
2026-06-03 21:40:00,9,179.14,281.88,32.68,1.0,276.72,0.0,130.09,73.79,58.35
2026-06-03 21:45:00,9,179.14,281.88,32.56,0.0,262.37,0.0,123.34,71.9,58.23
2026-06-03 21:50:00,9,179.14,281.88,32.16,0.0,306.96,0.0,144.31,76.95,58.1
2026-06-03 21:55:00,9,179.14,281.88,32.32,1.0,248.99,0.01,117.06,70.91,57.98
2026-06-03 22:00:00,9,179.14,281.88,30.46,0.0,277.49,0.0,130.45,73.52,57.85
2026-06-03 22:05:00,9,179.14,281.88,32.13,0.0,284.65,0.0,133.82,74.32,57.72
2026-06-03 22:10:00,9,179.14,281.88,32.27,1.0,218.71,0.01,102.82,68.09,57.61
2026-06-03 22:15:00,9,179.14,281.88,31.88,1.0,262.38,0.0,123.35,72.25,57.48
2026-06-03 22:20:00,9,179.14,281.88,32.69,0.0,185.49,0.0,87.2,65.05,57.37
2026-06-03 22:25:00,9,179.14,281.88,31.5,1.0,237.47,0.01,111.64,69.79,57.25
2026-06-03 22:30:00,9,179.14,281.88,31.82,0.0,276.03,0.0,129.77,73.36,57.13
2026-06-03 22:35:00,9,179.14,281.88,31.61,4.0,284.83,0.02,133.9,75.78,57.0
2026-06-03 22:40:00,9,179.14,281.88,31.08,0.0,232.58,0.0,109.34,68.96,56.88
2026-06-03 22:45:00,9,179.14,281.88,31.58,0.0,265.51,0.0,124.82,72.22,56.76
2026-06-03 22:50:00,9,179.14,281.88,32.04,0.0,205.37,0.0,96.55,66.59,56.64
2026-06-03 22:55:00,9,179.14,281.88,30.52,3.0,262.3,0.01,123.31,72.96,56.52
2026-06-03 23:00:00,9,179.14,281.88,31.83,1.0,296.73,0.0,139.5,76.07,56.39
2026-06-03 23:05:00,9,179.14,281.88,30.53,1.0,255.28,0.0,120.01,71.51,56.27
2026-06-03 23:10:00,9,179.14,281.88,30.62,1.0,269.45,0.0,126.67,72.99,56.14
2026-06-03 23:15:00,9,179.14,281.88,30.95,0.0,259.16,0.0,121.83,71.56,56.02
2026-06-03 23:20:00,9,179.14,281.88,30.88,0.0,299.5,0.0,140.8,76.04,55.89
2026-06-03 23:25:00,9,179.14,281.88,31.44,1.0,256.8,0.0,120.72,71.67,55.77
2026-06-03 23:30:00,9,179.14,281.88,30.6,2.0,281.46,0.01,132.32,74.68,55.64
2026-06-03 23:35:00,9,179.14,281.88,31.47,0.0,254.61,0.0,119.7,71.1,55.52
2026-06-03 23:40:00,9,179.14,281.88,32.01,0.0,266.96,0.0,125.5,72.38,55.39
2026-06-03 23:45:00,9,179.14,281.88,31.22,2.0,231.36,0.01,108.76,69.57,55.27
2026-06-03 23:50:00,9,179.14,281.88,32.16,2.0,233.75,0.01,109.89,69.79,55.16
2026-06-03 23:55:00,9,179.14,281.88,30.42,0.0,220.09,0.0,103.47,67.84,55.04
2026-06-04 00:00:00,9,179.14,281.88,29.74,1.0,236.11,0.01,111.0,69.66,54.92
2026-06-04 00:05:00,9,179.14,281.88,31.21,1.0,260.4,0.0,122.42,72.04,54.8
2026-06-04 00:10:00,9,179.14,281.88,30.35,0.0,271.73,0.0,127.75,72.89,54.67
2026-06-04 00:15:00,9,179.14,281.88,30.9,2.0,207.21,0.01,97.41,67.46,54.56
2026-06-04 00:20:00,9,179.14,281.88,30.32,1.0,242.18,0.01,113.85,70.24,54.44
2026-06-04 00:25:00,9,179.14,281.88,31.25,2.0,264.26,0.01,124.23,72.81,54.31
2026-06-04 00:30:00,9,179.14,281.88,30.87,1.0,215.92,0.01,101.51,67.85,54.2
2026-06-04 00:35:00,9,179.14,281.88,31.86,1.0,251.56,0.01,118.26,71.16,54.08
2026-06-04 00:40:00,9,179.14,281.88,31.12,0.0,256.7,0.0,120.68,71.31,53.95
2026-06-04 00:45:00,9,179.14,281.88,30.93,4.0,285.84,0.02,134.38,75.89,53.82
2026-06-04 00:50:00,9,179.14,281.88,31.1,0.0,263.49,0.0,123.87,72.01,53.7
2026-06-04 00:55:00,9,179.14,281.88,30.84,2.0,269.55,0.01,126.72,73.37,53.58
2026-06-04 01:00:00,9,179.14,281.88,30.96,3.0,254.39,0.01,119.59,72.14,53.45
2026-06-04 01:05:00,9,179.14,281.88,31.48,2.0,241.9,0.01,113.72,70.56,53.33
2026-06-04 01:10:00,9,179.14,281.88,30.9,1.0,277.07,0.0,130.25,73.82,53.21
2026-06-04 01:15:00,9,179.14,281.88,31.4,0.0,242.7,0.0,114.1,69.92,53.09
2026-06-04 01:20:00,9,179.14,281.88,31.15,1.0,247.42,0.01,116.32,70.75,52.96
2026-06-04 01:25:00,9,179.14,281.88,32.1,2.0,249.57,0.01,117.33,71.31,52.84
2026-06-04 01:30:00,9,179.14,281.88,32.2,4.0,276.08,0.02,129.79,74.8,52.71
2026-06-04 01:35:00,9,179.14,281.88,32.28,1.0,243.09,0.01,114.28,70.33,52.59
2026-06-04 01:40:00,9,179.14,281.88,30.82,2.0,282.93,0.01,133.01,74.84,52.47
2026-06-04 01:45:00,9,179.14,281.88,31.55,1.0,259.29,0.0,121.9,71.93,52.34
2026-06-04 01:50:00,9,179.14,281.88,31.86,1.0,260.29,0.0,122.37,72.03,52.22
2026-06-04 01:55:00,9,179.14,281.88,31.37,0.0,250.9,0.0,117.95,70.72,52.1
2026-06-04 02:00:00,9,179.14,281.88,31.38,0.0,273.66,0.0,128.65,73.1,51.97
2026-06-04 02:05:00,9,179.14,281.88,31.73,2.0,248.19,0.01,116.68,71.18,51.85
2026-06-04 02:10:00,9,179.14,281.88,32.32,4.0,258.59,0.02,121.57,72.95,51.73
2026-06-04 02:15:00,9,179.14,281.88,31.58,3.0,243.18,0.02,114.32,71.06,51.61
2026-06-04 02:20:00,9,179.14,281.88,32.86,1.0,206.18,0.01,96.93,67.03,51.49
2026-06-04 02:25:00,9,179.14,281.88,31.76,5.0,224.77,0.03,105.67,70.06,51.37
2026-06-04 02:30:00,9,179.14,281.88,32.02,1.0,252.73,0.0,118.81,71.26,51.25
2026-06-04 02:35:00,9,179.14,281.88,31.64,3.0,211.91,0.02,99.62,68.22,51.13
2026-06-04 02:40:00,9,179.14,281.88,32.19,0.0,238.17,0.0,111.97,69.49,51.02
2026-06-04 02:45:00,9,179.14,281.88,31.72,1.0,213.91,0.01,100.56,67.67,50.9
2026-06-04 02:50:00,9,179.14,281.88,33.09,2.0,251.81,0.01,118.38,71.54,50.78
2026-06-04 02:55:00,9,179.14,281.88,33.38,0.0,222.73,0.0,104.71,68.07,50.66
2026-06-04 03:00:00,9,179.14,281.88,33.37,4.0,242.24,0.02,113.88,71.32,50.54
2026-06-04 03:05:00,9,179.14,281.88,33.18,1.0,222.03,0.01,104.38,68.38,50.42
2026-06-04 03:10:00,9,179.14,281.88,32.74,1.0,272.7,0.0,128.2,73.35,50.3
2026-06-04 03:15:00,9,179.14,281.88,34.09,2.0,232.15,0.01,109.14,69.65,50.18
2026-06-04 03:20:00,9,179.14,281.88,34.11,0.0,265.12,0.0,124.64,72.19,50.05
2026-06-04 03:25:00,9,179.14,281.88,33.54,1.0,275.89,0.0,129.7,73.7,49.93
2026-06-04 03:30:00,9,179.14,281.88,33.17,2.0,286.36,0.01,134.62,75.24,49.8
2026-06-04 03:35:00,9,179.14,281.88,33.99,1.0,266.71,0.0,125.38,72.71,49.68
2026-06-04 03:40:00,9,179.14,281.88,32.87,1.0,276.33,0.0,129.91,73.74,49.55
2026-06-04 03:45:00,9,179.14,281.88,32.94,1.0,261.01,0.0,122.7,72.1,49.43
2026-06-04 03:50:00,9,179.14,281.88,34.3,1.0,259.58,0.0,122.03,71.96,49.3
2026-06-04 03:55:00,9,179.14,281.88,34.6,1.0,249.27,0.01,117.19,70.94,49.18
2026-06-04 04:00:00,9,179.14,281.88,35.31,1.0,260.22,0.0,122.33,72.03,49.06
2026-06-04 04:05:00,9,179.14,281.88,34.96,3.0,291.19,0.01,136.89,76.14,48.93
2026-06-04 04:10:00,9,179.14,281.88,35.86,3.0,289.2,0.01,135.96,75.92,48.8
2026-06-04 04:15:00,9,179.14,281.88,35.03,2.0,226.54,0.01,106.5,69.14,48.68
2026-06-04 04:20:00,9,179.14,281.88,34.81,1.0,254.28,0.0,119.54,71.42,48.56
2026-06-04 04:25:00,9,179.14,281.88,35.37,3.0,211.93,0.02,99.63,68.23,48.44
2026-06-04 04:30:00,9,179.14,281.88,35.87,1.0,272.65,0.0,128.18,73.35,48.32
2026-06-04 04:35:00,9,179.14,281.88,35.73,1.0,277.97,0.0,130.68,73.93,48.19
2026-06-04 04:40:00,9,179.14,281.88,35.95,0.0,223.74,0.0,105.18,68.17,48.07
2026-06-04 04:45:00,9,179.14,281.88,35.99,1.0,278.64,0.0,130.99,74.0,47.95
2026-06-04 04:50:00,9,179.14,281.88,36.0,1.0,287.65,0.0,135.23,75.02,47.82
2026-06-04 04:55:00,9,179.14,281.88,35.9,0.0,269.14,0.0,126.53,72.62,47.7
2026-06-04 05:00:00,9,179.14,281.88,35.28,0.0,261.76,0.0,123.06,71.84,47.57
2026-06-04 05:05:00,9,179.14,281.88,37.26,2.0,266.06,0.01,125.08,73.01,47.45
2026-06-04 05:10:00,9,179.14,281.88,36.35,0.0,263.39,0.0,123.82,72.01,47.33
2026-06-04 05:15:00,9,179.14,281.88,36.74,2.0,265.49,0.01,124.81,72.95,47.2
2026-06-04 05:20:00,9,179.14,281.88,37.35,0.0,254.16,0.0,119.48,71.06,47.08
2026-06-04 05:25:00,9,179.14,281.88,36.6,1.0,252.25,0.01,118.59,71.24,46.96
2026-06-04 05:30:00,9,179.14,281.88,37.25,2.0,257.24,0.01,120.93,72.09,46.83
2026-06-04 05:35:00,9,179.14,281.88,36.58,1.0,217.79,0.01,102.39,68.02,46.72
2026-06-04 05:40:00,9,179.14,281.88,37.07,2.0,239.45,0.01,112.57,70.34,46.6
2026-06-04 05:45:00,9,179.14,281.88,38.1,0.0,212.01,0.0,99.67,67.16,46.48
2026-06-04 05:50:00,9,179.14,281.88,37.07,0.0,244.04,0.0,114.73,70.06,46.36
2026-06-04 05:55:00,9,179.14,281.88,38.19,0.0,290.57,0.0,136.6,75.01,46.23
2026-06-04 06:00:00,9,179.14,281.88,37.58,0.0,254.51,0.0,119.65,71.1,46.11
2026-06-04 06:05:00,9,179.14,281.88,37.63,1.0,257.62,0.0,121.11,71.76,45.99
2026-06-04 06:10:00,9,179.14,281.88,38.43,0.0,209.17,0.0,98.33,66.92,45.88
2026-06-04 06:15:00,9,179.14,281.88,39.27,1.0,242.06,0.01,113.8,70.24,45.76
2026-06-04 06:20:00,9,179.14,281.88,38.12,0.0,320.34,0.0,150.6,78.63,45.62
2026-06-04 06:25:00,9,179.14,281.88,38.13,0.0,263.23,0.0,123.75,72.0,45.5
2026-06-04 06:30:00,9,179.14,281.88,38.83,1.0,221.84,0.01,104.29,68.37,45.38
2026-06-04 06:35:00,9,179.14,281.88,38.84,0.0,227.81,0.0,107.1,68.54,45.26
2026-06-04 06:40:00,9,179.14,281.88,39.42,3.0,304.03,0.01,142.93,77.67,45.13
2026-06-04 06:45:00,9,179.14,281.88,38.9,2.0,254.25,0.01,119.53,71.79,45.01
2026-06-04 06:50:00,9,179.14,281.88,40.83,0.0,269.17,0.0,126.54,72.63,44.89
2026-06-04 06:55:00,9,179.14,281.88,39.92,3.0,300.45,0.01,141.24,77.24,44.75
2026-06-04 07:00:00,9,179.14,281.88,39.82,1.0,234.32,0.01,110.16,69.51,44.63
2026-06-04 07:05:00,9,179.14,281.88,40.27,1.0,246.42,0.01,115.85,70.67,44.51
2026-06-04 07:10:00,9,179.14,281.88,40.75,2.0,239.37,0.01,112.53,70.34,44.39
2026-06-04 07:15:00,9,179.14,281.88,39.96,0.0,249.12,0.0,117.12,70.56,44.27
2026-06-04 07:20:00,9,179.14,281.88,39.78,1.0,266.16,0.0,125.13,72.66,44.15
2026-06-04 07:25:00,9,179.14,281.88,40.41,0.0,292.47,0.0,137.5,75.23,44.02
2026-06-04 07:30:00,9,179.14,281.88,40.9,0.0,259.97,0.0,122.22,71.66,43.9
2026-06-04 07:35:00,9,179.14,281.88,40.67,1.0,258.57,0.0,121.56,71.87,43.77
2026-06-04 07:40:00,9,179.14,281.88,40.73,0.0,236.77,0.0,111.31,69.37,43.66
2026-06-04 07:45:00,9,179.14,281.88,41.59,1.0,265.13,0.0,124.64,72.55,43.53
2026-06-04 07:50:00,9,179.14,281.88,41.7,2.0,296.86,0.01,139.56,76.47,43.4
2026-06-04 07:55:00,9,179.14,281.88,41.15,0.0,288.88,0.0,135.81,74.82,43.27
2026-06-04 08:00:00,9,179.14,281.88,41.33,2.0,252.21,0.01,118.57,71.59,43.15
2026-06-04 08:05:00,9,179.14,281.88,41.15,0.0,243.89,0.0,114.66,70.05,43.03
2026-06-04 08:10:00,9,179.14,281.88,41.37,1.0,224.61,0.01,105.59,68.63,42.91
2026-06-04 08:15:00,9,179.14,281.88,41.17,0.0,288.35,0.0,135.56,74.76,42.79
2026-06-04 08:20:00,9,179.14,281.88,41.95,0.0,217.97,0.0,102.47,67.67,42.67
2026-06-04 08:25:00,9,179.14,281.88,42.33,0.0,263.62,0.0,123.93,72.05,42.55
2026-06-04 08:30:00,9,179.14,281.88,41.07,0.0,237.79,0.0,111.79,69.47,42.43
2026-06-04 08:35:00,9,179.14,281.88,42.3,0.0,236.26,0.0,111.07,69.33,42.31
2026-06-04 08:40:00,9,179.14,281.88,43.39,0.0,277.0,0.0,130.22,73.49,42.18
2026-06-04 08:45:00,9,179.14,281.88,43.1,0.0,221.79,0.0,104.27,68.01,42.07
2026-06-04 08:50:00,9,179.14,281.88,41.97,0.0,264.64,0.0,124.41,72.15,41.95
2026-06-04 08:55:00,9,179.14,281.88,42.7,1.0,297.35,0.0,139.79,76.16,41.82
2026-06-04 09:00:00,9,179.14,281.88,42.9,0.0,255.48,0.0,120.1,71.21,41.69
2026-06-04 09:05:00,9,179.14,281.88,43.07,0.0,280.46,0.0,131.85,73.87,41.57
2026-06-04 09:10:00,9,179.14,281.88,43.11,0.0,252.03,0.0,118.49,70.86,41.45
2026-06-04 09:15:00,9,179.14,281.88,43.57,0.0,265.69,0.0,124.91,72.27,41.32
2026-06-04 09:20:00,9,179.14,281.88,43.07,1.0,267.06,0.0,125.55,72.76,41.2
2026-06-04 09:25:00,9,179.14,281.88,43.32,1.0,266.6,0.0,125.33,72.71,41.07
2026-06-04 09:30:00,9,179.14,281.88,42.9,1.0,263.46,0.0,123.86,72.38,40.95
2026-06-04 09:35:00,9,179.14,281.88,44.12,1.0,257.34,0.0,120.98,71.75,40.83
2026-06-04 09:40:00,9,179.14,281.88,43.05,1.0,270.09,0.0,126.98,73.09,40.7
2026-06-04 09:45:00,9,179.14,281.88,43.8,1.0,276.99,0.0,130.22,73.84,40.58
2026-06-04 09:50:00,9,179.14,281.88,44.6,1.0,247.95,0.01,116.56,70.83,40.46
2026-06-04 09:55:00,9,179.14,281.88,43.82,3.0,302.86,0.01,142.38,77.54,40.32
2026-06-04 10:00:00,9,179.14,281.88,43.58,0.0,259.86,0.0,122.16,71.66,40.2
2026-06-04 10:05:00,9,179.14,281.88,44.27,1.0,271.48,0.0,127.63,73.24,40.08
2026-06-04 10:10:00,9,179.14,281.88,44.59,1.0,281.57,0.0,132.37,74.35,39.95
2026-06-04 10:15:00,9,179.14,281.88,43.97,0.0,250.08,0.0,117.57,70.67,39.83
2026-06-04 10:20:00,9,179.14,281.88,43.04,0.0,186.99,0.0,87.91,65.18,39.72
2026-06-04 10:25:00,9,179.14,281.88,45.28,0.0,235.78,0.0,110.85,69.29,39.6
2026-06-04 10:30:00,9,179.14,281.88,44.38,1.0,246.8,0.01,116.03,70.71,39.48
2026-06-04 10:35:00,9,179.14,281.88,45.27,0.0,181.92,0.0,85.52,64.81,39.37
2026-06-04 10:40:00,9,179.14,281.88,44.28,1.0,280.79,0.0,132.01,74.26,39.24
2026-06-04 10:45:00,9,179.14,281.88,43.49,1.0,249.5,0.01,117.3,70.98,39.12
2026-06-04 10:50:00,9,179.14,281.88,43.72,0.0,231.24,0.0,108.71,68.86,39.0
2026-06-04 10:55:00,9,179.14,281.88,44.57,0.0,282.64,0.0,132.88,74.12,38.87
2026-06-04 11:00:00,9,179.14,281.88,44.34,0.0,260.36,0.0,122.4,71.71,38.75
2026-06-04 11:05:00,9,179.14,281.88,45.19,2.0,241.85,0.01,113.7,70.58,38.63
2026-06-04 11:10:00,9,179.14,281.88,44.36,2.0,226.77,0.01,106.61,69.18,38.51
2026-06-04 11:15:00,9,179.14,281.88,44.23,1.0,234.65,0.01,110.31,69.55,38.39
2026-06-04 11:20:00,9,179.14,281.88,44.33,0.0,301.82,0.0,141.89,76.35,38.26
2026-06-04 11:25:00,9,179.14,281.88,44.98,2.0,221.07,0.01,103.93,68.67,38.15
2026-06-04 11:30:00,9,179.14,281.88,44.4,1.0,269.87,0.0,126.87,73.06,38.02
2026-06-04 11:35:00,9,179.14,281.88,45.07,0.0,269.44,0.0,126.67,72.67,37.9
2026-06-04 11:40:00,9,179.14,281.88,45.93,3.0,260.4,0.01,122.42,72.79,37.77
2026-06-04 11:45:00,9,179.14,281.88,44.38,2.0,275.05,0.01,129.31,74.0,37.65
2026-06-04 11:50:00,9,179.14,281.88,45.29,2.0,253.76,0.01,119.3,71.76,37.52
2026-06-04 11:55:00,9,179.14,281.88,45.36,1.0,268.64,0.0,126.29,72.93,37.4
2026-06-04 12:00:00,9,179.14,281.88,45.26,0.0,272.05,0.0,127.89,72.95,37.27
2026-06-04 12:05:00,9,179.14,281.88,44.32,5.0,242.41,0.03,113.96,71.73,37.15
2026-06-04 12:10:00,9,179.14,281.88,44.62,0.0,254.5,0.0,119.64,71.11,37.03
2026-06-04 12:15:00,9,179.14,281.88,44.55,3.0,221.81,0.02,104.28,69.11,36.91
2026-06-04 12:20:00,9,179.14,281.88,45.12,4.0,229.18,0.02,107.74,70.12,36.79
2026-06-04 12:25:00,9,179.14,281.88,45.22,1.0,265.47,0.0,124.8,72.6,36.67
2026-06-04 12:30:00,9,179.14,281.88,45.4,1.0,226.29,0.01,106.38,68.79,36.55
2026-06-04 12:35:00,9,179.14,281.88,44.33,4.0,235.69,0.02,110.8,70.72,36.43
2026-06-04 12:40:00,9,179.14,281.88,44.9,1.0,226.26,0.01,106.37,68.78,36.31
2026-06-04 12:45:00,9,179.14,281.88,44.25,3.0,294.97,0.01,138.67,76.6,36.18
2026-06-04 12:50:00,9,179.14,281.88,44.85,4.0,270.65,0.02,127.24,74.24,36.05
2026-06-04 12:55:00,9,179.14,281.88,45.09,1.0,216.91,0.01,101.97,67.96,35.94
2026-06-04 13:00:00,9,179.14,281.88,44.41,2.0,261.82,0.01,123.08,72.58,35.81
2026-06-04 13:05:00,9,179.14,281.88,44.57,4.0,265.26,0.02,124.7,73.66,35.69
2026-06-04 13:10:00,9,179.14,281.88,44.48,2.0,301.36,0.01,141.68,77.01,35.56
2026-06-04 13:15:00,9,179.14,281.88,45.13,2.0,268.83,0.01,126.38,73.32,35.43
2026-06-04 13:20:00,9,179.14,281.88,45.29,0.0,264.58,0.0,124.38,72.15,35.31
2026-06-04 13:25:00,9,179.14,281.88,44.58,2.0,254.12,0.01,119.47,71.79,35.18
2026-06-04 13:30:00,9,179.14,281.88,44.59,1.0,215.5,0.01,101.31,67.84,35.07
2026-06-04 13:35:00,9,179.14,281.88,44.31,2.0,307.55,0.01,144.58,77.76,34.94
2026-06-04 13:40:00,9,179.14,281.88,43.85,0.0,262.19,0.0,123.26,71.9,34.81
2026-06-04 13:45:00,9,179.14,281.88,44.33,1.0,254.23,0.0,119.52,71.43,34.69
2026-06-04 13:50:00,9,179.14,281.88,43.97,0.0,285.86,0.0,134.39,74.48,34.56
2026-06-04 13:55:00,9,179.14,281.88,44.53,0.0,280.7,0.0,131.96,73.9,34.44
2026-06-04 14:00:00,9,179.14,281.88,44.2,0.0,290.63,0.0,136.63,75.03,34.31
2026-06-04 14:05:00,9,179.14,281.88,44.45,1.0,232.54,0.01,109.32,69.35,34.19
2026-06-04 14:10:00,9,179.14,281.88,43.39,1.0,249.12,0.01,117.12,70.94,34.07
2026-06-04 14:15:00,9,179.14,281.88,43.57,1.0,259.12,0.0,121.82,71.93,33.95
2026-06-04 14:20:00,9,179.14,281.88,43.31,2.0,254.98,0.01,119.87,71.88,33.82
2026-06-04 14:25:00,9,179.14,281.88,43.85,2.0,210.0,0.01,98.72,67.72,33.71
2026-06-04 14:30:00,9,179.14,281.88,43.29,2.0,266.06,0.01,125.08,73.03,33.58
2026-06-04 14:35:00,9,179.14,281.88,43.31,2.0,234.72,0.01,110.35,69.9,33.46
2026-06-04 14:40:00,9,179.14,281.88,44.17,0.0,227.45,0.0,106.93,68.52,33.35
2026-06-04 14:45:00,9,179.14,281.88,42.75,1.0,268.47,0.0,126.21,72.91,33.22
2026-06-04 14:50:00,9,179.14,281.88,43.09,3.0,236.19,0.02,111.04,70.41,33.1
2026-06-04 14:55:00,9,179.14,281.88,41.59,1.0,224.62,0.01,105.6,68.63,32.98
2026-06-04 15:00:00,9,179.14,281.88,42.82,1.0,285.22,0.0,134.08,74.75,32.86
2026-06-04 15:05:00,9,179.14,281.88,42.44,1.0,209.77,0.01,98.62,67.35,32.74
2026-06-04 15:10:00,9,179.14,281.88,43.04,0.0,246.93,0.0,116.09,70.35,32.62
2026-06-04 15:15:00,9,179.14,281.88,42.34,1.0,229.15,0.01,107.73,69.04,32.5
2026-06-04 15:20:00,9,179.14,281.88,42.68,1.0,235.35,0.01,110.64,69.61,32.38
2026-06-04 15:25:00,9,179.14,281.88,42.59,3.0,213.23,0.02,100.24,68.36,32.27
2026-06-04 15:30:00,9,179.14,281.88,42.69,1.0,258.14,0.0,121.36,71.83,32.14
2026-06-04 15:35:00,9,179.14,281.88,41.54,2.0,283.09,0.01,133.09,74.88,32.02
2026-06-04 15:40:00,9,179.14,281.88,42.42,2.0,249.6,0.01,117.34,71.34,31.89
2026-06-04 15:45:00,9,179.14,281.88,41.88,2.0,286.82,0.01,134.84,75.31,31.77
2026-06-04 15:50:00,9,179.14,281.88,41.62,1.0,256.37,0.0,120.52,71.64,31.64
2026-06-04 15:55:00,9,179.14,281.88,40.94,5.0,246.47,0.03,115.87,72.11,31.52
2026-06-04 16:00:00,9,179.14,281.88,41.13,1.0,280.25,0.0,131.75,74.19,31.39
2026-06-04 16:05:00,9,179.14,281.88,41.31,3.0,253.48,0.01,119.16,72.07,31.27
2026-06-04 16:10:00,9,179.14,281.88,41.3,0.0,242.04,0.0,113.79,69.87,31.15
2026-06-04 16:15:00,9,179.14,281.88,41.02,2.0,232.56,0.01,109.33,69.7,31.03
2026-06-04 16:20:00,9,179.14,281.88,41.45,2.0,278.74,0.01,131.04,74.4,30.9
2026-06-04 16:25:00,9,179.14,281.88,40.56,2.0,267.08,0.01,125.56,73.13,30.78
2026-06-04 16:30:00,9,179.14,281.88,40.69,0.0,262.95,0.0,123.62,71.97,30.66
2026-06-04 16:35:00,9,179.14,281.88,40.32,0.0,206.56,0.0,97.11,66.71,30.54
2026-06-04 16:40:00,9,179.14,281.88,40.02,1.0,266.97,0.0,125.51,72.75,30.42
2026-06-04 16:45:00,9,179.14,281.88,40.19,2.0,281.94,0.01,132.54,74.75,30.29
2026-06-04 16:50:00,9,179.14,281.88,41.2,1.0,258.14,0.0,121.35,71.82,30.17
2026-06-04 16:55:00,9,179.14,281.88,39.77,4.0,248.74,0.02,116.94,71.97,30.04
2026-06-04 17:00:00,9,179.14,281.88,40.26,1.0,254.65,0.0,119.72,71.47,29.92
2026-06-04 17:05:00,9,179.14,281.88,39.82,1.0,275.39,0.0,129.46,73.65,29.8
2026-06-04 17:10:00,9,179.14,281.88,39.99,5.0,233.23,0.03,109.65,70.85,29.68
2026-06-04 17:15:00,9,179.14,281.88,39.25,1.0,267.62,0.0,125.81,72.81,29.55
2026-06-04 17:20:00,9,179.14,281.88,40.03,0.0,196.8,0.0,92.52,65.92,29.44
2026-06-04 17:25:00,9,179.14,281.88,38.21,2.0,274.09,0.01,128.86,73.88,29.31
2026-06-04 17:30:00,9,179.14,281.88,39.17,0.0,260.01,0.0,122.24,71.67,29.19
2026-06-04 17:35:00,9,179.14,281.88,39.48,0.0,249.34,0.0,117.22,70.58,29.07
2026-06-04 17:40:00,9,179.14,281.88,38.79,1.0,269.95,0.0,126.91,73.06,28.94
2026-06-04 17:45:00,9,179.14,281.88,38.16,0.0,207.07,0.0,97.35,66.74,28.83
2026-06-04 17:50:00,9,179.14,281.88,37.74,2.0,225.56,0.01,106.04,69.05,28.71
2026-06-04 17:55:00,9,179.14,281.88,38.18,0.0,275.22,0.0,129.39,73.28,28.59
2026-06-04 18:00:00,9,179.14,281.88,38.46,2.0,264.6,0.01,124.39,72.86,28.46
2026-06-04 18:05:00,9,179.14,281.88,37.6,3.0,219.28,0.02,103.09,68.87,28.34
2026-06-04 18:10:00,9,179.14,281.88,37.66,0.0,292.65,0.0,137.58,75.25,28.22
2026-06-04 18:15:00,9,179.14,281.88,36.61,2.0,232.41,0.01,109.26,69.68,28.1
2026-06-04 18:20:00,9,179.14,281.88,36.98,0.0,285.15,0.0,134.05,74.38,27.97
2026-06-04 18:25:00,9,179.14,281.88,37.08,2.0,243.72,0.01,114.58,70.75,27.85
2026-06-04 18:30:00,9,179.14,281.88,37.49,0.0,262.25,0.0,123.29,71.89,27.73
2026-06-04 18:35:00,9,179.14,281.88,36.99,0.0,186.44,0.0,87.65,65.13,27.61
2026-06-04 18:40:00,9,179.14,281.88,37.05,0.0,212.86,0.0,100.07,67.23,27.5
2026-06-04 18:45:00,9,179.14,281.88,37.55,0.0,226.62,0.0,106.54,68.43,27.38
2026-06-04 18:50:00,9,179.14,281.88,35.78,0.0,257.69,0.0,121.14,71.42,27.26
2026-06-04 18:55:00,9,179.14,281.88,36.6,0.0,270.49,0.0,127.16,72.76,27.14
2026-06-04 19:00:00,9,179.14,281.88,36.54,0.0,266.32,0.0,125.2,72.32,27.01
2026-06-04 19:05:00,9,179.14,281.88,36.22,0.0,254.13,0.0,119.47,71.06,26.89
2026-06-04 19:10:00,9,179.14,281.88,36.24,2.0,286.3,0.01,134.59,75.23,26.76
2026-06-04 19:15:00,9,179.14,281.88,35.79,1.0,218.54,0.01,102.74,68.08,26.65
2026-06-04 19:20:00,9,179.14,281.88,35.67,0.0,241.45,0.0,113.51,69.81,26.53
2026-06-04 19:25:00,9,179.14,281.88,35.8,0.0,282.41,0.0,132.76,74.07,26.4
2026-06-04 19:30:00,9,179.14,281.88,35.57,0.0,270.13,0.0,126.99,72.72,26.28
2026-06-04 19:35:00,9,179.14,281.88,35.13,0.0,246.0,0.0,115.65,70.25,26.16
2026-06-04 19:40:00,9,179.14,281.88,34.8,0.0,280.74,0.0,131.98,73.89,26.03
2026-06-04 19:45:00,9,179.14,281.88,34.38,0.0,261.77,0.0,123.06,71.84,25.91
2026-06-04 19:50:00,9,179.14,281.88,34.5,1.0,225.12,0.01,105.83,68.66,25.79
2026-06-04 19:55:00,9,179.14,281.88,34.68,1.0,233.18,0.01,109.62,69.39,25.67
2026-06-04 20:00:00,9,179.14,281.88,35.37,2.0,237.07,0.01,111.45,70.11,25.55
2026-06-04 20:05:00,9,179.14,281.88,34.63,0.0,255.07,0.0,119.91,71.15,25.43
2026-06-04 20:10:00,9,179.14,281.88,34.24,0.0,269.68,0.0,126.78,72.67,25.31
2026-06-04 20:15:00,9,179.14,281.88,33.48,0.0,223.38,0.0,105.01,68.13,25.19
2026-06-04 20:20:00,9,179.14,281.88,33.99,0.0,304.68,0.0,143.24,76.67,25.06
2026-06-04 20:25:00,9,179.14,281.88,34.26,2.0,277.0,0.01,130.22,74.19,24.93
2026-06-04 20:30:00,9,179.14,281.88,33.71,0.0,234.69,0.0,110.33,69.16,24.81
2026-06-04 20:35:00,9,179.14,281.88,34.13,2.0,259.94,0.01,122.2,72.37,24.69
2026-06-04 20:40:00,9,179.14,281.88,33.59,0.0,249.7,0.0,117.39,70.61,24.57
2026-06-04 20:45:00,9,179.14,281.88,33.54,1.0,271.33,0.0,127.56,73.2,24.44
2026-06-04 20:50:00,9,179.14,281.88,33.9,1.0,256.47,0.0,120.57,71.64,24.32
2026-06-04 20:55:00,9,179.14,281.88,33.56,0.0,221.55,0.0,104.16,67.97,24.2
2026-06-04 21:00:00,9,179.14,281.88,33.12,0.0,221.76,0.0,104.25,67.99,24.09
2026-06-04 21:05:00,9,179.14,281.88,33.04,0.0,221.93,0.0,104.33,68.0,23.97
2026-06-04 21:10:00,9,179.14,281.88,32.97,1.0,237.55,0.01,111.68,69.8,23.85
2026-06-04 21:15:00,9,179.14,281.88,32.52,0.0,237.78,0.0,111.78,69.45,23.73
2026-06-04 21:20:00,9,179.14,281.88,31.94,0.0,255.13,0.0,119.94,71.15,23.61
2026-06-04 21:25:00,9,179.14,281.88,32.22,0.0,290.13,0.0,136.39,74.95,23.48
2026-06-04 21:30:00,9,179.14,281.88,32.82,2.0,243.73,0.01,114.58,70.74,23.36
2026-06-04 21:35:00,9,179.14,281.88,31.92,1.0,203.09,0.01,95.48,66.78,23.25
2026-06-04 21:40:00,9,179.14,281.88,32.5,1.0,230.64,0.01,108.43,69.16,23.13
2026-06-04 21:45:00,9,179.14,281.88,31.95,1.0,269.0,0.0,126.46,72.95,23.01
2026-06-04 21:50:00,9,179.14,281.88,31.76,0.0,216.45,0.0,101.76,67.52,22.89
2026-06-04 21:55:00,9,179.14,281.88,31.85,0.0,248.79,0.0,116.96,70.52,22.77
2026-06-04 22:00:00,9,179.14,281.88,31.44,1.0,292.96,0.0,137.72,75.62,22.64
2026-06-04 22:05:00,9,179.14,281.88,31.64,0.0,252.8,0.0,118.85,70.92,22.52
2026-06-04 22:10:00,9,179.14,281.88,31.25,2.0,242.76,0.01,114.13,70.65,22.4
2026-06-04 22:15:00,9,179.14,281.88,31.85,3.0,283.21,0.01,133.14,75.23,22.27
2026-06-04 22:20:00,9,179.14,281.88,31.6,1.0,252.33,0.0,118.62,71.22,22.15
2026-06-04 22:25:00,9,179.14,281.88,32.3,0.0,293.28,0.0,137.88,75.31,22.02
2026-06-04 22:30:00,9,179.14,281.88,31.42,0.0,230.3,0.0,108.27,68.75,21.9
2026-06-04 22:35:00,9,179.14,281.88,31.83,1.0,255.11,0.0,119.93,71.5,21.78
2026-06-04 22:40:00,9,179.14,281.88,31.78,0.0,261.8,0.0,123.08,71.84,21.66
2026-06-04 22:45:00,9,179.14,281.88,31.81,1.0,277.06,0.0,130.25,73.82,21.53
2026-06-04 22:50:00,9,179.14,281.88,30.26,2.0,232.08,0.01,109.1,69.63,21.41
2026-06-04 22:55:00,9,179.14,281.88,30.43,3.0,270.02,0.01,126.94,73.77,21.29
2026-06-04 23:00:00,9,179.14,281.88,31.17,4.0,279.89,0.02,131.58,75.22,21.16
2026-06-04 23:05:00,9,179.14,281.88,31.96,0.0,237.73,0.0,111.76,69.44,21.04
2026-06-04 23:10:00,9,179.14,281.88,31.2,2.0,192.22,0.02,90.37,66.29,20.93
2026-06-04 23:15:00,9,179.14,281.88,32.4,2.0,260.22,0.01,122.33,72.39,20.8
2026-06-04 23:20:00,9,179.14,281.88,30.98,1.0,255.85,0.0,120.28,71.57,20.68
2026-06-04 23:25:00,9,179.14,281.88,30.7,0.0,249.85,0.0,117.46,70.62,20.56
2026-06-04 23:30:00,9,179.14,281.88,31.83,2.0,195.8,0.02,92.05,66.57,20.45
2026-06-04 23:35:00,9,179.14,281.88,30.97,4.0,284.3,0.02,133.65,75.72,20.32
2026-06-04 23:40:00,9,179.14,281.88,30.89,1.0,205.58,0.01,96.64,66.98,20.2
2026-06-04 23:45:00,9,179.14,281.88,31.01,0.0,260.01,0.0,122.23,71.65,20.08
2026-06-04 23:50:00,9,179.14,281.88,30.86,8.0,319.92,0.02,150.4,81.4,19.94
2026-06-04 23:55:00,9,179.14,281.88,31.54,1.0,230.44,0.01,108.33,69.13,19.82
2026-06-05 00:00:00,9,179.14,281.88,30.26,1.0,300.1,0.0,141.08,76.46,19.69
2026-06-05 00:05:00,9,179.14,281.88,31.8,2.0,238.74,0.01,112.23,70.26,19.57
2026-06-05 00:10:00,9,179.14,281.88,30.66,1.0,249.05,0.01,117.08,70.91,19.45
2026-06-05 00:15:00,9,179.14,281.88,31.07,0.0,258.5,0.0,121.53,71.49,19.33
2026-06-05 00:20:00,9,179.14,281.88,30.77,3.0,298.07,0.01,140.13,76.94,19.2
2026-06-05 00:25:00,9,179.14,281.88,30.55,1.0,245.51,0.01,115.42,70.56,19.08
2026-06-05 00:30:00,9,179.14,281.88,31.41,2.0,289.89,0.01,136.28,75.64,18.95
2026-06-05 00:35:00,9,179.14,281.88,31.6,5.0,241.17,0.03,113.38,71.58,18.82
2026-06-05 00:40:00,9,179.14,281.88,31.18,3.0,193.99,0.03,91.2,66.8,18.71
2026-06-05 00:45:00,9,179.14,281.88,30.51,5.0,250.75,0.03,117.88,72.52,18.59
2026-06-05 00:50:00,9,179.14,281.88,30.91,1.0,243.08,0.01,114.28,70.33,18.47
2026-06-05 00:55:00,9,179.14,281.88,30.97,0.0,281.0,0.0,132.1,73.91,18.34
2026-06-05 01:00:00,9,179.14,281.88,30.99,1.0,263.91,0.0,124.07,72.41,18.22
2026-06-05 01:05:00,9,179.14,281.88,30.65,1.0,254.57,0.0,119.68,71.44,18.09
2026-06-05 01:10:00,9,179.14,281.88,31.28,2.0,269.94,0.01,126.9,73.42,17.97
2026-06-05 01:15:00,9,179.14,281.88,31.84,1.0,249.88,0.01,117.47,70.99,17.85
2026-06-05 01:20:00,9,179.14,281.88,31.7,4.0,261.52,0.02,122.94,73.25,17.72
2026-06-05 01:25:00,9,179.14,281.88,31.2,1.0,243.5,0.01,114.47,70.37,17.6
2026-06-05 01:30:00,9,179.14,281.88,31.71,3.0,271.59,0.01,127.68,73.95,17.47
2026-06-05 01:35:00,9,179.14,281.88,31.31,3.0,259.88,0.01,122.17,72.71,17.35
2026-06-05 01:40:00,9,179.14,281.88,31.44,2.0,281.02,0.01,132.11,74.63,17.22
2026-06-05 01:45:00,9,179.14,281.88,31.94,1.0,260.25,0.0,122.35,72.03,17.1
2026-06-05 01:50:00,9,179.14,281.88,31.98,1.0,235.57,0.01,110.74,69.61,16.98
2026-06-05 01:55:00,9,179.14,281.88,32.36,0.0,219.1,0.0,103.0,67.75,16.87
2026-06-05 02:00:00,9,179.14,281.88,32.82,1.0,250.93,0.01,117.97,71.1,16.74
2026-06-05 02:05:00,9,179.14,281.88,32.5,5.0,255.24,0.02,119.99,72.95,16.62
2026-06-05 02:10:00,9,179.14,281.88,32.55,0.0,271.87,0.0,127.81,72.91,16.49
2026-06-05 02:15:00,9,179.14,281.88,32.89,1.0,274.11,0.0,128.86,73.5,16.37
2026-06-05 02:20:00,9,179.14,281.88,31.81,1.0,250.47,0.01,117.75,71.05,16.25
2026-06-05 02:25:00,9,179.14,281.88,31.89,1.0,251.49,0.01,118.23,71.15,16.13
2026-06-05 02:30:00,9,179.14,281.88,33.38,3.0,291.81,0.01,137.18,76.21,16.0
2026-06-05 02:35:00,9,179.14,281.88,32.87,2.0,277.22,0.01,130.32,74.21,15.87
2026-06-05 02:40:00,9,179.14,281.88,32.55,0.0,288.2,0.0,135.49,74.73,15.74
2026-06-05 02:45:00,9,179.14,281.88,33.2,2.0,263.54,0.01,123.89,72.74,15.62
2026-06-05 02:50:00,9,179.14,281.88,32.74,7.0,308.0,0.02,144.8,79.57,15.48
2026-06-05 02:55:00,9,179.14,281.88,31.93,0.0,261.02,0.0,122.71,71.76,15.36
2026-06-05 03:00:00,9,179.14,281.88,32.92,2.0,238.55,0.01,112.15,70.24,15.24
2026-06-05 03:05:00,9,179.14,281.88,32.68,3.0,277.02,0.01,130.23,74.54,15.11
2026-06-05 03:10:00,9,179.14,281.88,33.28,2.0,222.42,0.01,104.56,68.77,14.99
2026-06-05 03:15:00,9,179.14,281.88,33.16,2.0,243.01,0.01,114.24,70.67,14.87
2026-06-05 03:20:00,9,179.14,281.88,32.65,3.0,258.57,0.01,121.56,72.57,14.75
2026-06-05 03:25:00,9,179.14,281.88,34.17,7.0,317.69,0.02,149.35,80.77,14.61
2026-06-05 03:30:00,9,179.14,281.88,34.22,0.0,242.84,0.0,114.16,69.94,14.49
2026-06-05 03:35:00,9,179.14,281.88,33.89,3.0,243.52,0.02,114.48,71.09,14.37
2026-06-05 03:40:00,9,179.14,281.88,33.93,2.0,252.68,0.01,118.79,71.63,14.25
2026-06-05 03:45:00,9,179.14,281.88,34.28,2.0,243.35,0.01,114.4,70.71,14.13
2026-06-05 03:50:00,9,179.14,281.88,34.3,1.0,273.42,0.0,128.54,73.43,14.0
2026-06-05 03:55:00,9,179.14,281.88,33.49,3.0,248.62,0.02,116.88,71.59,13.88
2026-06-05 04:00:00,9,179.14,281.88,35.04,2.0,217.79,0.01,102.39,68.36,13.76
2026-06-05 04:05:00,9,179.14,281.88,34.32,2.0,296.3,0.01,139.29,76.39,13.63
2026-06-05 04:10:00,9,179.14,281.88,34.32,2.0,265.62,0.01,124.87,72.96,13.51
2026-06-05 04:15:00,9,179.14,281.88,34.51,0.0,242.64,0.0,114.07,69.92,13.39
2026-06-05 04:20:00,9,179.14,281.88,35.14,0.0,240.99,0.0,113.29,69.76,13.27
2026-06-05 04:25:00,9,179.14,281.88,36.13,0.0,237.69,0.0,111.74,69.45,13.15
2026-06-05 04:30:00,9,179.14,281.88,35.22,1.0,246.98,0.01,116.11,70.71,13.03
2026-06-05 04:35:00,9,179.14,281.88,36.06,0.0,220.92,0.0,103.86,67.92,12.91
2026-06-05 04:40:00,9,179.14,281.88,36.18,1.0,262.38,0.0,123.35,72.25,12.79
2026-06-05 04:45:00,9,179.14,281.88,35.66,0.0,212.81,0.0,100.04,67.22,12.67
2026-06-05 04:50:00,9,179.14,281.88,36.27,2.0,225.61,0.01,106.06,69.05,12.56
2026-06-05 04:55:00,9,179.14,281.88,36.04,0.0,272.82,0.0,128.26,73.02,12.43
2026-06-05 05:00:00,9,179.14,281.88,35.73,1.0,254.51,0.0,119.65,71.44,12.31
2026-06-05 05:05:00,9,179.14,281.88,37.41,0.0,236.43,0.0,111.15,69.33,12.19
2026-06-05 05:10:00,9,179.14,281.88,37.08,1.0,242.45,0.01,113.98,70.27,12.07
2026-06-05 05:15:00,9,179.14,281.88,36.04,2.0,248.65,0.01,116.9,71.23,11.95
2026-06-05 05:20:00,9,179.14,281.88,35.9,0.0,216.63,0.0,101.84,67.54,11.83
2026-06-05 05:25:00,9,179.14,281.88,37.61,1.0,223.68,0.01,105.16,68.54,11.72
2026-06-05 05:30:00,9,179.14,281.88,36.45,0.0,236.1,0.0,110.99,69.3,11.6
2026-06-05 05:35:00,9,179.14,281.88,37.24,0.0,275.42,0.0,129.48,73.3,11.47
2026-06-05 05:40:00,9,179.14,281.88,37.0,5.0,304.95,0.02,143.36,78.5,11.34
2026-06-05 05:45:00,9,179.14,281.88,37.96,1.0,270.77,0.0,127.29,73.15,11.21
2026-06-05 05:50:00,9,179.14,281.88,37.53,0.0,242.65,0.0,114.07,69.92,11.09
2026-06-05 05:55:00,9,179.14,281.88,37.49,0.0,283.5,0.0,133.28,74.2,10.97
2026-06-05 06:00:00,9,179.14,281.88,38.11,2.0,221.47,0.01,104.12,68.69,10.85
2026-06-05 06:05:00,9,179.14,281.88,38.46,1.0,259.37,0.0,121.93,71.95,10.73
2026-06-05 06:10:00,9,179.14,281.88,38.45,0.0,269.11,0.0,126.51,72.62,10.6
2026-06-05 06:15:00,9,179.14,281.88,39.31,0.0,265.52,0.0,124.83,72.24,10.48
2026-06-05 06:20:00,9,179.14,281.88,39.15,0.0,235.37,0.0,110.65,69.24,10.36
2026-06-05 06:25:00,9,179.14,281.88,38.41,0.0,270.92,0.0,127.37,72.82,10.24
2026-06-05 06:30:00,9,179.14,281.88,39.1,1.0,252.69,0.0,118.79,71.27,10.11
2026-06-05 06:35:00,9,179.14,281.88,39.01,0.0,256.91,0.0,120.78,71.35,9.99
2026-06-05 06:40:00,9,179.14,281.88,38.26,0.0,304.13,0.0,142.98,76.61,9.86
2026-06-05 06:45:00,9,179.14,281.88,39.3,2.0,210.75,0.01,99.08,67.77,9.74
2026-06-05 06:50:00,9,179.14,281.88,40.13,0.0,267.08,0.0,125.56,72.41,9.62
2026-06-05 06:55:00,9,179.14,281.88,38.82,2.0,246.66,0.01,115.96,71.04,9.5
2026-06-05 07:00:00,9,179.14,281.88,39.6,0.0,288.32,0.0,135.54,74.75,9.37
2026-06-05 07:05:00,9,179.14,281.88,39.9,1.0,252.57,0.0,118.74,71.26,9.25
2026-06-05 07:10:00,9,179.14,281.88,40.17,1.0,260.21,0.0,122.33,72.04,9.13
2026-06-05 07:15:00,9,179.14,281.88,40.7,1.0,259.76,0.0,122.12,71.99,9.0
2026-06-05 07:20:00,9,179.14,281.88,39.2,1.0,267.71,0.0,125.85,72.82,8.88
2026-06-05 07:25:00,9,179.14,281.88,40.09,0.0,230.55,0.0,108.39,68.79,8.76
2026-06-05 07:30:00,9,179.14,281.88,39.76,0.0,255.5,0.0,120.11,71.2,8.64
2026-06-05 07:35:00,9,179.14,281.88,40.81,1.0,237.07,0.01,111.45,69.77,8.52
2026-06-05 07:40:00,9,179.14,281.88,40.19,0.0,249.09,0.0,117.1,70.56,8.4
2026-06-05 07:45:00,9,179.14,281.88,41.78,0.0,286.02,0.0,134.46,74.49,8.27
2026-06-05 07:50:00,9,179.14,281.88,41.41,0.0,219.6,0.0,103.24,67.81,8.16
2026-06-05 07:55:00,9,179.14,281.88,40.36,1.0,278.07,0.0,130.72,73.95,8.03
2026-06-05 08:00:00,9,179.14,281.88,41.41,0.0,262.19,0.0,123.26,71.9,7.91
2026-06-05 08:05:00,9,179.14,281.88,41.55,0.0,282.37,0.0,132.75,74.08,7.78
2026-06-05 08:10:00,9,179.14,281.88,41.69,0.0,279.27,0.0,131.29,73.74,7.66
2026-06-05 08:15:00,9,179.14,281.88,42.0,0.0,239.42,0.0,112.55,69.62,7.54
2026-06-05 08:20:00,9,179.14,281.88,42.13,0.0,271.98,0.0,127.86,72.94,7.41
2026-06-05 08:25:00,9,179.14,281.88,41.58,1.0,262.5,0.0,123.41,72.28,7.29
2026-06-05 08:30:00,9,179.14,281.88,42.16,0.0,244.4,0.0,114.9,70.1,7.17
2026-06-05 08:35:00,9,179.14,281.88,42.77,1.0,245.76,0.01,115.54,70.61,7.05
2026-06-05 08:40:00,9,179.14,281.88,42.23,0.0,299.16,0.0,140.64,76.02,6.92
2026-06-05 08:45:00,9,179.14,281.88,42.92,2.0,218.58,0.01,102.76,68.45,6.8
2026-06-05 08:50:00,9,179.14,281.88,42.87,0.0,275.77,0.0,129.65,73.35,6.68
2026-06-05 08:55:00,9,179.14,281.88,42.93,0.0,241.11,0.0,113.35,69.79,6.56
2026-06-05 09:00:00,9,179.14,281.88,42.4,0.0,246.19,0.0,115.74,70.28,6.44
2026-06-05 09:05:00,9,179.14,281.88,43.3,0.0,274.74,0.0,129.16,73.24,6.31
2026-06-05 09:10:00,9,179.14,281.88,44.08,1.0,264.53,0.0,124.36,72.5,6.19
2026-06-05 09:15:00,9,179.14,281.88,43.92,0.0,264.56,0.0,124.38,72.15,6.06
2026-06-05 09:20:00,9,179.14,281.88,43.37,1.0,289.48,0.0,136.09,75.24,5.93
2026-06-05 09:25:00,9,179.14,281.88,43.13,1.0,264.21,0.0,124.21,72.46,5.81
2026-06-05 09:30:00,9,179.14,281.88,43.04,1.0,286.23,0.0,134.56,74.87,5.68
2026-06-05 09:35:00,9,179.14,281.88,44.32,4.0,292.0,0.01,137.27,76.61,5.55
2026-06-05 09:40:00,9,179.14,281.88,43.28,0.0,269.05,0.0,126.48,72.62,5.43
2026-06-05 09:45:00,9,179.14,281.88,44.0,0.0,238.41,0.0,112.08,69.53,5.31
2026-06-05 09:50:00,9,179.14,281.88,43.62,0.0,257.11,0.0,120.87,71.37,5.19
2026-06-05 09:55:00,9,179.14,281.88,43.85,0.0,254.04,0.0,119.43,71.06,5.07
2026-06-05 10:00:00,9,179.14,281.88,44.47,0.0,256.76,0.0,120.71,71.34,4.94
2026-06-05 10:05:00,9,179.14,281.88,44.19,0.0,258.14,0.0,121.36,71.48,4.82
2026-06-05 10:10:00,9,179.14,281.88,44.64,1.0,237.22,0.01,111.52,69.79,4.7
2026-06-05 10:15:00,9,179.14,281.88,44.48,0.0,255.68,0.0,120.2,71.23,4.58
2026-06-05 10:20:00,9,179.14,281.88,44.06,2.0,221.66,0.01,104.21,68.72,4.46
2026-06-05 10:25:00,9,179.14,281.88,44.11,2.0,245.58,0.01,115.45,70.94,4.34
2026-06-05 10:30:00,9,179.14,281.88,43.45,0.0,249.06,0.0,117.09,70.56,4.22
2026-06-05 10:35:00,9,179.14,281.88,44.86,1.0,220.16,0.01,103.5,68.24,4.1
2026-06-05 10:40:00,9,179.14,281.88,44.52,1.0,250.43,0.01,117.73,71.07,3.98
2026-06-05 10:45:00,9,179.14,281.88,43.39,0.0,276.13,0.0,129.81,73.39,3.86
2026-06-05 10:50:00,9,179.14,281.88,45.02,1.0,225.03,0.01,105.79,68.67,3.74
2026-06-05 10:55:00,9,179.14,281.88,44.46,1.0,227.94,0.01,107.16,68.93,3.62
2026-06-05 11:00:00,9,179.14,281.88,44.69,0.0,231.36,0.0,108.77,68.88,3.51
2026-06-05 11:05:00,9,179.14,281.88,44.03,2.0,247.35,0.01,116.28,71.12,3.38
2026-06-05 11:10:00,9,179.14,281.88,44.72,3.0,286.45,0.01,134.67,75.62,3.25
2026-06-05 11:15:00,9,179.14,281.88,43.51,2.0,229.04,0.01,107.68,69.38,3.14
2026-06-05 11:20:00,9,179.14,281.88,45.29,0.0,289.84,0.0,136.26,74.94,3.01
2026-06-05 11:25:00,9,179.14,281.88,44.87,0.0,235.62,0.0,110.77,69.27,2.89
2026-06-05 11:30:00,9,179.14,281.88,45.46,0.0,256.16,0.0,120.43,71.28,2.77
2026-06-05 11:35:00,9,179.14,281.88,45.77,2.0,203.3,0.02,95.58,67.19,2.65
2026-06-05 11:40:00,9,179.14,281.88,45.1,0.0,269.46,0.0,126.68,72.67,2.53
2026-06-05 11:45:00,9,179.14,281.88,45.4,2.0,287.71,0.01,135.26,75.42,2.4
2026-06-05 11:50:00,9,179.14,281.88,44.63,5.0,287.32,0.02,135.08,76.44,2.27
2026-06-05 11:55:00,9,179.14,281.88,44.48,2.0,249.34,0.01,117.22,71.31,2.15
2026-06-05 12:00:00,9,179.14,281.88,45.05,5.0,297.97,0.02,140.08,77.68,2.01
2026-06-05 12:05:00,9,179.14,281.88,45.16,1.0,255.84,0.0,120.27,71.6,1.89
2026-06-05 12:10:00,9,179.14,281.88,45.38,3.0,240.45,0.02,113.04,70.82,1.77
2026-06-05 12:15:00,9,179.14,281.88,45.26,1.0,214.35,0.01,100.77,67.74,1.65
2026-06-05 12:20:00,9,179.14,281.88,44.11,0.0,248.93,0.0,117.03,70.55,1.53
2026-06-05 12:25:00,9,179.14,281.88,45.78,3.0,250.99,0.02,117.99,71.85,1.41
2026-06-05 12:30:00,9,179.14,281.88,44.19,1.0,260.88,0.0,122.64,72.11,1.29
2026-06-05 12:35:00,9,179.14,281.88,45.05,3.0,239.0,0.02,112.36,70.68,1.17
2026-06-05 12:40:00,9,179.14,281.88,45.01,1.0,270.16,0.0,127.01,73.1,1.04
2026-06-05 12:45:00,9,179.14,281.88,44.75,3.0,228.69,0.02,107.51,69.72,0.92
2026-06-05 12:50:00,9,179.14,281.88,45.11,3.0,255.08,0.01,119.92,72.24,0.8
2026-06-05 12:55:00,9,179.14,281.88,44.93,2.0,256.78,0.01,120.72,72.07,0.68
2026-06-05 13:00:00,9,179.14,281.88,45.36,1.0,232.3,0.01,109.21,69.33,0.56
2026-06-05 13:05:00,9,179.14,281.88,44.53,2.0,267.07,0.01,125.55,73.13,0.43
2026-06-05 13:10:00,9,179.14,281.88,44.63,0.0,238.16,0.0,111.96,69.51,0.31
2026-06-05 13:15:00,9,179.14,281.88,44.49,1.0,256.97,0.0,120.81,71.71,0.19
2026-06-05 13:20:00,9,179.14,281.88,43.94,4.0,289.93,0.02,136.3,76.39,0.06
2026-06-05 13:25:00,9,179.14,281.88,44.55,1.0,232.29,0.01,109.2,69.33,0.0
2026-06-05 13:30:00,9,179.14,281.88,43.85,0.0,251.46,0.0,118.22,70.8,0.0
2026-06-05 13:35:00,9,179.14,281.88,43.84,1.0,290.6,0.0,136.62,75.38,0.0
2026-06-05 13:40:00,9,179.14,281.88,44.4,1.0,264.62,0.0,124.4,72.51,0.0
2026-06-05 13:45:00,9,179.14,281.88,43.84,2.0,237.44,0.01,111.62,70.16,0.0
2026-06-05 13:50:00,9,179.14,281.88,44.25,3.0,271.18,0.01,127.48,73.92,0.0
2026-06-05 13:55:00,9,179.14,281.88,43.28,0.0,285.14,0.0,134.05,74.4,0.0
2026-06-05 14:00:00,9,179.14,281.88,43.59,1.0,257.53,0.0,121.07,71.77,0.0
2026-06-05 14:05:00,9,179.14,281.88,43.14,0.0,237.05,0.0,111.44,69.4,0.0
2026-06-05 14:10:00,9,179.14,281.88,44.4,0.0,251.23,0.0,118.11,70.78,0.0
2026-06-05 14:15:00,9,179.14,281.88,42.98,1.0,215.2,0.01,101.17,67.81,0.0
2026-06-05 14:20:00,9,179.14,281.88,43.54,2.0,224.36,0.01,105.48,68.96,0.0
2026-06-05 14:25:00,9,179.14,281.88,43.52,1.0,265.07,0.0,124.61,72.55,0.0
2026-06-05 14:30:00,9,179.14,281.88,43.14,1.0,253.25,0.0,119.06,71.33,0.0
2026-06-05 14:35:00,9,179.14,281.88,44.25,1.0,243.03,0.01,114.25,70.35,0.0
2026-06-05 14:40:00,9,179.14,281.88,43.2,2.0,257.72,0.01,121.16,72.16,0.0
2026-06-05 14:45:00,9,179.14,281.88,44.24,2.0,282.47,0.01,132.8,74.82,0.0
2026-06-05 14:50:00,9,179.14,281.88,43.36,2.0,236.46,0.01,111.16,70.07,0.0
2026-06-05 14:55:00,9,179.14,281.88,42.92,3.0,230.06,0.02,108.15,69.84,0.0
2026-06-05 15:00:00,9,179.14,281.88,42.63,2.0,202.54,0.02,95.22,67.12,0.0
2026-06-05 15:05:00,9,179.14,281.88,43.52,2.0,244.26,0.01,114.83,70.81,0.0
2026-06-05 15:10:00,9,179.14,281.88,42.31,2.0,229.8,0.01,108.03,69.45,0.0
2026-06-05 15:15:00,9,179.14,281.88,42.47,2.0,227.17,0.01,106.8,69.21,0.0
2026-06-05 15:20:00,9,179.14,281.88,42.42,0.0,308.43,0.0,145.0,77.15,0.0
2026-06-05 15:25:00,9,179.14,281.88,41.49,0.0,263.34,0.0,123.8,72.02,0.0
2026-06-05 15:30:00,9,179.14,281.88,43.1,0.0,292.45,0.0,137.48,75.24,0.0
2026-06-05 15:35:00,9,179.14,281.88,41.7,6.0,257.14,0.03,120.88,73.53,0.0
2026-06-05 15:40:00,9,179.14,281.88,41.92,1.0,276.41,0.0,129.95,73.77,0.0
2026-06-05 15:45:00,9,179.14,281.88,41.75,5.0,215.98,0.03,101.53,69.31,0.0
2026-06-05 15:50:00,9,179.14,281.88,41.67,0.0,260.91,0.0,122.66,71.76,0.0
2026-06-05 15:55:00,9,179.14,281.88,41.59,1.0,242.81,0.01,114.15,70.32,0.0
2026-06-05 16:00:00,9,179.14,281.88,41.55,2.0,229.24,0.01,107.77,69.39,0.0
2026-06-05 16:05:00,9,179.14,281.88,41.32,0.0,228.13,0.0,107.25,68.57,0.0
2026-06-05 16:10:00,9,179.14,281.88,41.05,1.0,251.43,0.01,118.2,71.16,0.0
2026-06-05 16:15:00,9,179.14,281.88,41.99,2.0,243.29,0.01,114.38,70.72,0.0
2026-06-05 16:20:00,9,179.14,281.88,41.6,2.0,259.04,0.01,121.78,72.29,0.0
2026-06-05 16:25:00,9,179.14,281.88,42.61,1.0,229.64,0.01,107.96,69.08,0.0
2026-06-05 16:30:00,9,179.14,281.88,40.16,0.0,238.05,0.0,111.91,69.49,0.0
2026-06-05 16:35:00,9,179.14,281.88,39.85,1.0,229.98,0.01,108.12,69.11,0.0
2026-06-05 16:40:00,9,179.14,281.88,40.14,3.0,288.71,0.01,135.73,75.87,0.0
2026-06-05 16:45:00,9,179.14,281.88,40.09,7.0,240.39,0.04,113.01,72.24,0.0
2026-06-05 16:50:00,9,179.14,281.88,39.81,1.0,267.84,0.0,125.91,72.84,0.0
2026-06-05 16:55:00,9,179.14,281.88,41.08,0.0,202.11,0.0,95.01,66.34,0.0
2026-06-05 17:00:00,9,179.14,281.88,39.99,0.0,265.14,0.0,124.65,72.2,0.0
2026-06-05 17:05:00,9,179.14,281.88,39.85,1.0,273.93,0.0,128.78,73.49,0.0
2026-06-05 17:10:00,9,179.14,281.88,39.52,1.0,235.2,0.01,110.57,69.59,0.0
2026-06-05 17:15:00,9,179.14,281.88,39.95,1.0,289.78,0.0,136.23,75.27,0.0
2026-06-05 17:20:00,9,179.14,281.88,39.08,0.0,270.25,0.0,127.05,72.74,0.0
2026-06-05 17:25:00,9,179.14,281.88,39.07,0.0,218.87,0.0,102.9,67.75,0.0
2026-06-05 17:30:00,9,179.14,281.88,39.19,2.0,240.84,0.01,113.22,70.47,0.0
2026-06-05 17:35:00,9,179.14,281.88,39.18,1.0,226.7,0.01,106.57,68.81,0.0
2026-06-05 17:40:00,9,179.14,281.88,38.22,1.0,271.23,0.0,127.51,73.2,0.0
2026-06-05 17:45:00,9,179.14,281.88,39.42,0.0,240.13,0.0,112.89,69.69,0.0
2026-06-05 17:50:00,9,179.14,281.88,37.96,0.0,263.98,0.0,124.1,72.08,0.0
2026-06-05 17:55:00,9,179.14,281.88,39.05,1.0,236.01,0.01,110.95,69.67,0.0
2026-06-05 18:00:00,9,179.14,281.88,37.67,1.0,266.8,0.0,125.43,72.72,0.0
2026-06-05 18:05:00,9,179.14,281.88,37.92,2.0,283.75,0.01,133.39,74.95,0.0
2026-06-05 18:10:00,9,179.14,281.88,37.13,1.0,237.18,0.01,111.5,69.77,0.0
2026-06-05 18:15:00,9,179.14,281.88,37.89,0.0,229.88,0.0,108.07,68.73,0.0
2026-06-05 18:20:00,9,179.14,281.88,37.03,0.0,212.43,0.0,99.87,67.19,0.0
2026-06-05 18:25:00,9,179.14,281.88,37.14,0.0,248.0,0.0,116.59,70.45,0.0
2026-06-05 18:30:00,9,179.14,281.88,36.74,0.0,264.25,0.0,124.23,72.1,0.0
2026-06-05 18:35:00,9,179.14,281.88,36.68,0.0,230.22,0.0,108.23,68.75,0.0
2026-06-05 18:40:00,9,179.14,281.88,35.93,1.0,241.93,0.01,113.73,70.22,0.0
2026-06-05 18:45:00,9,179.14,281.88,36.43,0.0,246.67,0.0,115.96,70.31,0.0
2026-06-05 18:50:00,9,179.14,281.88,36.92,1.0,242.22,0.01,113.87,70.25,0.0
2026-06-05 18:55:00,9,179.14,281.88,36.84,0.0,259.6,0.0,122.04,71.62,0.0
2026-06-05 19:00:00,9,179.14,281.88,35.76,0.0,279.96,0.0,131.62,73.8,0.0
2026-06-05 19:05:00,9,179.14,281.88,35.96,1.0,251.33,0.01,118.15,71.14,0.0
2026-06-05 19:10:00,9,179.14,281.88,36.22,0.0,262.51,0.0,123.41,71.92,0.0
2026-06-05 19:15:00,9,179.14,281.88,35.79,1.0,267.97,0.0,125.98,72.84,0.0
2026-06-05 19:20:00,9,179.14,281.88,35.42,0.0,255.57,0.0,120.15,71.2,0.0
2026-06-05 19:25:00,9,179.14,281.88,35.58,0.0,264.81,0.0,124.49,72.16,0.0
2026-06-05 19:30:00,9,179.14,281.88,34.73,1.0,264.83,0.0,124.5,72.51,0.0
2026-06-05 19:35:00,9,179.14,281.88,35.06,0.0,298.17,0.0,140.18,75.89,0.0
2026-06-05 19:40:00,9,179.14,281.88,34.03,0.0,227.12,0.0,106.77,68.47,0.0
2026-06-05 19:45:00,9,179.14,281.88,35.43,0.0,269.44,0.0,126.67,72.65,0.0
2026-06-05 19:50:00,9,179.14,281.88,34.85,0.0,269.04,0.0,126.48,72.61,0.0
2026-06-05 19:55:00,9,179.14,281.88,34.87,0.0,249.71,0.0,117.39,70.61,0.0
2026-06-05 20:00:00,9,179.14,281.88,34.5,1.0,264.85,0.0,124.51,72.51,0.0
2026-06-05 20:05:00,9,179.14,281.88,34.08,1.0,233.52,0.01,109.78,69.42,0.0
2026-06-05 20:10:00,9,179.14,281.88,33.8,1.0,274.58,0.0,129.09,73.55,0.0
2026-06-05 20:15:00,9,179.14,281.88,33.49,1.0,227.01,0.01,106.72,68.83,0.0
2026-06-05 20:20:00,9,179.14,281.88,33.34,0.0,263.7,0.0,123.97,72.04,0.0
2026-06-05 20:25:00,9,179.14,281.88,34.13,1.0,303.79,0.0,142.82,76.92,0.0
2026-06-05 20:30:00,9,179.14,281.88,32.91,0.0,286.08,0.0,134.49,74.48,0.0
2026-06-05 20:35:00,9,179.14,281.88,33.51,0.0,248.87,0.0,117.0,70.53,0.0
2026-06-05 20:40:00,9,179.14,281.88,33.82,0.0,298.37,0.0,140.27,75.91,0.0
2026-06-05 20:45:00,9,179.14,281.88,34.0,0.0,242.92,0.0,114.2,69.94,0.0
2026-06-05 20:50:00,9,179.14,281.88,33.63,0.0,296.3,0.0,139.3,75.67,0.0
2026-06-05 20:55:00,9,179.14,281.88,32.49,1.0,214.85,0.01,101.01,67.76,0.0
2026-06-05 21:00:00,9,179.14,281.88,33.26,3.0,253.49,0.01,119.17,72.06,0.0
2026-06-05 21:05:00,9,179.14,281.88,33.57,0.0,275.91,0.0,129.71,73.35,0.0
2026-06-05 21:10:00,9,179.14,281.88,32.21,1.0,240.23,0.01,112.94,70.05,0.0
2026-06-05 21:15:00,9,179.14,281.88,32.91,0.0,231.12,0.0,108.65,68.83,0.0
2026-06-05 21:20:00,9,179.14,281.88,32.01,1.0,280.01,0.0,131.64,74.15,0.0
2026-06-05 21:25:00,9,179.14,281.88,32.19,0.0,289.66,0.0,136.17,74.89,0.0
2026-06-05 21:30:00,9,179.14,281.88,32.79,0.0,266.63,0.0,125.35,72.35,0.0
2026-06-05 21:35:00,9,179.14,281.88,31.9,1.0,255.37,0.0,120.06,71.53,0.0
2026-06-05 21:40:00,9,179.14,281.88,32.21,1.0,232.9,0.01,109.49,69.36,0.0
2026-06-05 21:45:00,9,179.14,281.88,32.37,0.0,248.09,0.0,116.63,70.45,0.0
2026-06-05 21:50:00,9,179.14,281.88,32.05,1.0,243.11,0.01,114.29,70.33,0.0
2026-06-05 21:55:00,9,179.14,281.88,31.74,3.0,238.01,0.02,111.89,70.56,0.0
2026-06-05 22:00:00,9,179.14,281.88,32.63,0.0,236.86,0.0,111.35,69.36,0.0
2026-06-05 22:05:00,9,179.14,281.88,33.02,1.0,280.51,0.0,131.87,74.21,0.0
2026-06-05 22:10:00,9,179.14,281.88,32.11,1.0,207.49,0.01,97.55,67.14,0.0
2026-06-05 22:15:00,9,179.14,281.88,31.56,0.0,225.56,0.0,106.04,68.32,0.0
2026-06-05 22:20:00,9,179.14,281.88,31.5,0.0,285.0,0.0,133.98,74.36,0.0
2026-06-05 22:25:00,9,179.14,281.88,32.48,0.0,218.31,0.0,102.63,67.68,0.0
2026-06-05 22:30:00,9,179.14,281.88,31.52,3.0,241.29,0.02,113.43,70.87,0.0
2026-06-05 22:35:00,9,179.14,281.88,30.67,1.0,228.78,0.01,107.55,68.98,0.0
2026-06-05 22:40:00,9,179.14,281.88,31.17,0.0,251.31,0.0,118.15,70.77,0.0
2026-06-05 22:45:00,9,179.14,281.88,31.08,3.0,265.24,0.01,124.69,73.26,0.0
2026-06-05 22:50:00,9,179.14,281.88,32.24,0.0,237.78,0.0,111.79,69.45,0.0
2026-06-05 22:55:00,9,179.14,281.88,31.82,2.0,268.66,0.01,126.3,73.28,0.0
2026-06-05 23:00:00,9,179.14,281.88,30.8,0.0,254.38,0.0,119.59,71.07,0.0
2026-06-05 23:05:00,9,179.14,281.88,31.96,2.0,272.52,0.01,128.12,73.7,100.0
2026-06-05 23:10:00,9,179.14,281.88,31.47,1.0,243.72,0.01,114.58,70.39,99.88
2026-06-05 23:15:00,9,179.14,281.88,31.65,3.0,284.53,0.01,133.76,75.38,99.75
2026-06-05 23:20:00,9,179.14,281.88,31.0,1.0,244.32,0.01,114.86,70.45,99.63
2026-06-05 23:25:00,9,179.14,281.88,31.76,1.0,275.52,0.0,129.53,73.65,99.5
2026-06-05 23:30:00,9,179.14,281.88,30.56,3.0,245.32,0.02,115.33,71.26,99.38
2026-06-05 23:35:00,9,179.14,281.88,31.38,0.0,229.12,0.0,107.71,68.64,99.27
2026-06-05 23:40:00,9,179.14,281.88,30.92,0.0,232.49,0.0,109.3,68.95,99.15
2026-06-05 23:45:00,9,179.14,281.88,31.37,2.0,228.36,0.01,107.35,69.29,99.03
2026-06-05 23:50:00,9,179.14,281.88,30.92,4.0,247.37,0.02,116.29,71.81,98.91
2026-06-05 23:55:00,9,179.14,281.88,31.56,4.0,262.63,0.02,123.47,73.36,98.78
2026-06-06 00:00:00,9,179.14,281.88,30.23,1.0,284.68,0.0,133.84,74.67,98.65
2026-06-06 00:05:00,9,179.14,281.88,31.11,4.0,264.42,0.02,124.31,73.55,98.53
2026-06-06 00:10:00,9,179.14,281.88,31.14,3.0,254.96,0.01,119.86,72.2,98.4
2026-06-06 00:15:00,9,179.14,281.88,30.59,0.0,211.13,0.0,99.26,67.07,98.29
2026-06-06 00:20:00,9,179.14,281.88,31.47,1.0,223.44,0.01,105.04,68.5,98.17
2026-06-06 00:25:00,9,179.14,281.88,30.19,2.0,243.98,0.01,114.7,70.76,98.05
2026-06-06 00:30:00,9,179.14,281.88,30.7,2.0,244.49,0.01,114.94,70.81,97.93
2026-06-06 00:35:00,9,179.14,281.88,31.94,2.0,226.87,0.01,106.66,69.16,97.81
2026-06-06 00:40:00,9,179.14,281.88,30.6,5.0,283.3,0.02,133.18,75.95,97.68
2026-06-06 00:45:00,9,179.14,281.88,31.24,0.0,212.9,0.0,100.09,67.22,97.57
2026-06-06 00:50:00,9,179.14,281.88,31.08,5.0,206.59,0.04,97.12,68.52,97.45
2026-06-06 00:55:00,9,179.14,281.88,29.91,2.0,244.42,0.01,114.91,70.8,97.33
2026-06-06 01:00:00,9,179.14,281.88,30.93,3.0,249.77,0.02,117.42,71.7,97.21
2026-06-06 01:05:00,9,179.14,281.88,31.22,1.0,281.95,0.0,132.55,74.36,97.08
2026-06-06 01:10:00,9,179.14,281.88,30.89,2.0,261.26,0.01,122.82,72.5,96.96
2026-06-06 01:15:00,9,179.14,281.88,31.09,4.0,258.49,0.02,121.52,72.93,96.83
2026-06-06 01:20:00,9,179.14,281.88,31.25,2.0,256.83,0.01,120.74,72.04,96.71
2026-06-06 01:25:00,9,179.14,281.88,31.75,0.0,233.07,0.0,109.57,69.01,96.59
2026-06-06 01:30:00,9,179.14,281.88,31.7,2.0,250.41,0.01,117.72,71.4,96.47
2026-06-06 01:35:00,9,179.14,281.88,31.6,3.0,235.48,0.02,110.7,70.32,96.35
2026-06-06 01:40:00,9,179.14,281.88,31.15,3.0,241.14,0.02,113.36,70.86,96.23
2026-06-06 01:45:00,9,179.14,281.88,31.4,2.0,214.7,0.01,100.94,68.09,96.11
2026-06-06 01:50:00,9,179.14,281.88,31.42,3.0,241.9,0.02,113.72,70.93,95.99
2026-06-06 01:55:00,9,179.14,281.88,32.67,0.0,295.44,0.0,138.89,75.57,95.86
2026-06-06 02:00:00,9,179.14,281.88,31.45,2.0,216.18,0.01,101.63,68.22,95.74
2026-06-06 02:05:00,9,179.14,281.88,32.14,1.0,252.45,0.0,118.68,71.23,95.62
2026-06-06 02:10:00,9,179.14,281.88,32.83,4.0,256.76,0.02,120.71,72.76,95.5
2026-06-06 02:15:00,9,179.14,281.88,33.22,4.0,269.67,0.02,126.78,74.11,95.37
2026-06-06 02:20:00,9,179.14,281.88,32.81,1.0,263.4,0.0,123.83,72.36,95.25
2026-06-06 02:25:00,9,179.14,281.88,32.8,2.0,228.02,0.01,107.2,69.27,95.13
2026-06-06 02:30:00,9,179.14,281.88,33.26,1.0,261.81,0.0,123.08,72.19,95.01
2026-06-06 02:35:00,9,179.14,281.88,32.37,2.0,251.75,0.01,118.35,71.53,94.88
2026-06-06 02:40:00,9,179.14,281.88,33.13,2.0,251.91,0.01,118.43,71.55,94.76
2026-06-06 02:45:00,9,179.14,281.88,33.24,0.0,218.14,0.0,102.55,67.67,94.65
2026-06-06 02:50:00,9,179.14,281.88,33.48,2.0,228.19,0.01,107.28,69.28,94.53
2026-06-06 02:55:00,9,179.14,281.88,33.18,1.0,261.67,0.0,123.02,72.18,94.4
2026-06-06 03:00:00,9,179.14,281.88,32.61,0.0,279.35,0.0,131.33,73.73,94.28
2026-06-06 03:05:00,9,179.14,281.88,33.37,2.0,282.76,0.01,132.93,74.83,94.15
2026-06-06 03:10:00,9,179.14,281.88,33.77,5.0,241.55,0.03,113.56,71.62,94.03
2026-06-06 03:15:00,9,179.14,281.88,33.13,4.0,229.73,0.02,108.0,70.14,93.91
2026-06-06 03:20:00,9,179.14,281.88,34.17,3.0,201.77,0.02,94.85,67.39,93.79
2026-06-06 03:25:00,9,179.14,281.88,33.57,2.0,285.91,0.01,134.41,75.19,93.66
2026-06-06 03:30:00,9,179.14,281.88,33.56,1.0,229.59,0.01,107.93,69.06,93.55
2026-06-06 03:35:00,9,179.14,281.88,33.54,0.0,217.78,0.0,102.38,67.64,93.43
2026-06-06 03:40:00,9,179.14,281.88,33.74,3.0,232.27,0.02,109.19,70.03,93.31
2026-06-06 03:45:00,9,179.14,281.88,33.77,2.0,245.75,0.01,115.53,70.94,93.19
2026-06-06 03:50:00,9,179.14,281.88,33.75,1.0,244.25,0.01,114.83,70.44,93.07
2026-06-06 03:55:00,9,179.14,281.88,34.27,2.0,222.92,0.01,104.8,68.81,92.95
2026-06-06 04:00:00,9,179.14,281.88,34.75,2.0,258.29,0.01,121.43,72.2,92.83
2026-06-06 04:05:00,9,179.14,281.88,34.71,2.0,278.02,0.01,130.7,74.3,92.7
2026-06-06 04:10:00,9,179.14,281.88,34.8,0.0,195.18,0.0,91.76,65.79,92.59
2026-06-06 04:15:00,9,179.14,281.88,35.38,1.0,290.73,0.0,136.68,75.37,92.46
2026-06-06 04:20:00,9,179.14,281.88,34.96,0.0,233.55,0.0,109.79,69.06,92.34
2026-06-06 04:25:00,9,179.14,281.88,34.85,2.0,239.17,0.01,112.44,70.31,92.22
2026-06-06 04:30:00,9,179.14,281.88,35.46,1.0,258.1,0.0,121.34,71.81,92.1
2026-06-06 04:35:00,9,179.14,281.88,34.88,2.0,271.5,0.01,127.64,73.59,91.97
2026-06-06 04:40:00,9,179.14,281.88,35.09,0.0,269.88,0.0,126.87,72.7,91.85
2026-06-06 04:45:00,9,179.14,281.88,35.77,7.0,329.09,0.02,154.71,82.24,91.71
2026-06-06 04:50:00,9,179.14,281.88,36.03,0.0,332.58,0.0,156.35,80.21,91.57
2026-06-06 04:55:00,9,179.14,281.88,35.5,0.0,229.33,0.0,107.81,68.67,91.45
2026-06-06 05:00:00,9,179.14,281.88,36.9,2.0,263.46,0.01,123.85,72.74,91.33
2026-06-06 05:05:00,9,179.14,281.88,36.22,0.0,283.51,0.0,133.28,74.2,91.2
2026-06-06 05:10:00,9,179.14,281.88,35.81,1.0,265.95,0.0,125.03,72.63,91.08
2026-06-06 05:15:00,9,179.14,281.88,36.5,0.0,257.57,0.0,121.09,71.41,90.96
2026-06-06 05:20:00,9,179.14,281.88,36.88,1.0,257.05,0.0,120.84,71.7,90.83
2026-06-06 05:25:00,9,179.14,281.88,35.77,0.0,285.57,0.0,134.25,74.43,90.71
2026-06-06 05:30:00,9,179.14,281.88,37.88,1.0,265.77,0.0,124.94,72.61,90.58
2026-06-06 05:35:00,9,179.14,281.88,36.34,0.0,253.2,0.0,119.03,70.96,90.46
2026-06-06 05:40:00,9,179.14,281.88,37.16,1.0,283.64,0.0,133.35,74.57,90.33
2026-06-06 05:45:00,9,179.14,281.88,37.59,2.0,207.66,0.01,97.62,67.51,90.22
2026-06-06 05:50:00,9,179.14,281.88,37.43,0.0,286.54,0.0,134.71,74.55,90.09
2026-06-06 05:55:00,9,179.14,281.88,38.53,1.0,300.45,0.0,141.25,76.52,89.96
2026-06-06 06:00:00,9,179.14,281.88,37.95,0.0,269.47,0.0,126.68,72.66,89.84
2026-06-06 06:05:00,9,179.14,281.88,37.71,0.0,269.52,0.0,126.71,72.66,89.71
2026-06-06 06:10:00,9,179.14,281.88,38.52,0.0,244.95,0.0,115.15,70.15,89.59
2026-06-06 06:15:00,9,179.14,281.88,38.49,0.0,260.31,0.0,122.38,71.69,89.47
2026-06-06 06:20:00,9,179.14,281.88,39.35,0.0,222.95,0.0,104.81,68.1,89.35
2026-06-06 06:25:00,9,179.14,281.88,37.85,0.0,279.96,0.0,131.61,73.8,89.23
2026-06-06 06:30:00,9,179.14,281.88,38.45,0.0,270.56,0.0,127.19,72.77,89.1
2026-06-06 06:35:00,9,179.14,281.88,39.09,1.0,266.14,0.0,125.12,72.66,88.98
2026-06-06 06:40:00,9,179.14,281.88,38.81,0.0,296.14,0.0,139.22,75.66,88.85
2026-06-06 06:45:00,9,179.14,281.88,39.28,0.0,222.53,0.0,104.62,68.07,88.73
2026-06-06 06:50:00,9,179.14,281.88,39.99,1.0,202.28,0.01,95.1,66.73,88.62
2026-06-06 06:55:00,9,179.14,281.88,39.59,1.0,265.0,0.0,124.58,72.54,88.49
2026-06-06 07:00:00,9,179.14,281.88,40.25,0.0,244.94,0.0,115.15,70.15,88.37
2026-06-06 07:05:00,9,179.14,281.88,39.93,0.0,246.7,0.0,115.98,70.32,88.25
2026-06-06 07:10:00,9,179.14,281.88,39.11,1.0,299.29,0.0,140.7,76.38,88.12
2026-06-06 07:15:00,9,179.14,281.88,40.37,0.0,234.81,0.0,110.39,69.19,88.01
2026-06-06 07:20:00,9,179.14,281.88,40.13,0.0,240.16,0.0,112.9,69.69,87.89
2026-06-06 07:25:00,9,179.14,281.88,40.34,0.0,249.57,0.0,117.33,70.61,87.77
2026-06-06 07:30:00,9,179.14,281.88,41.37,0.0,239.05,0.0,112.38,69.59,87.65
2026-06-06 07:35:00,9,179.14,281.88,40.88,1.0,237.65,0.01,111.72,69.82,87.53
2026-06-06 07:40:00,9,179.14,281.88,41.22,0.0,235.89,0.0,110.9,69.29,87.41
2026-06-06 07:45:00,9,179.14,281.88,41.8,0.0,271.58,0.0,127.68,72.89,87.28
2026-06-06 07:50:00,9,179.14,281.88,41.52,0.0,216.68,0.0,101.87,67.56,87.17
2026-06-06 07:55:00,9,179.14,281.88,40.89,0.0,252.64,0.0,118.77,70.92,87.05
2026-06-06 08:00:00,9,179.14,281.88,41.59,1.0,269.51,0.0,126.7,73.02,86.92
2026-06-06 08:05:00,9,179.14,281.88,41.94,2.0,279.92,0.01,131.6,74.53,86.8
2026-06-06 08:10:00,9,179.14,281.88,41.53,0.0,270.23,0.0,127.04,72.75,86.67
2026-06-06 08:15:00,9,179.14,281.88,41.44,1.0,301.42,0.0,141.7,76.64,86.54
2026-06-06 08:20:00,9,179.14,281.88,42.89,0.0,265.24,0.0,124.69,72.22,86.42
2026-06-06 08:25:00,9,179.14,281.88,42.15,0.0,247.12,0.0,116.18,70.37,86.3
2026-06-06 08:30:00,9,179.14,281.88,41.69,1.0,252.78,0.0,118.84,71.28,86.17
2026-06-06 08:35:00,9,179.14,281.88,42.23,1.0,243.76,0.01,114.6,70.41,86.05
2026-06-06 08:40:00,9,179.14,281.88,42.2,1.0,282.75,0.0,132.92,74.47,85.93
2026-06-06 08:45:00,9,179.14,281.88,43.26,0.0,210.16,0.0,98.8,67.01,85.81
2026-06-06 08:50:00,9,179.14,281.88,42.9,1.0,265.31,0.0,124.73,72.58,85.69
2026-06-06 08:55:00,9,179.14,281.88,42.27,0.0,251.45,0.0,118.21,70.8,85.57
2026-06-06 09:00:00,9,179.14,281.88,44.14,1.0,224.47,0.01,105.53,68.62,85.45
2026-06-06 09:05:00,9,179.14,281.88,43.25,0.0,271.13,0.0,127.46,72.85,85.33
2026-06-06 09:10:00,9,179.14,281.88,44.04,0.0,274.29,0.0,128.95,73.19,85.2
2026-06-06 09:15:00,9,179.14,281.88,43.33,2.0,271.33,0.01,127.56,73.59,85.08
2026-06-06 09:20:00,9,179.14,281.88,43.9,0.0,242.89,0.0,114.19,69.96,84.96
2026-06-06 09:25:00,9,179.14,281.88,43.56,0.0,258.08,0.0,121.33,71.47,84.83
2026-06-06 09:30:00,9,179.14,281.88,43.84,0.0,247.78,0.0,116.48,70.44,84.71
2026-06-06 09:35:00,9,179.14,281.88,44.84,0.0,233.33,0.0,109.69,69.06,84.59
2026-06-06 09:40:00,9,179.14,281.88,43.44,1.0,222.38,0.01,104.54,68.43,84.48
2026-06-06 09:45:00,9,179.14,281.88,43.95,6.0,280.77,0.02,131.99,76.05,84.35
2026-06-06 09:50:00,9,179.14,281.88,44.37,0.0,255.67,0.0,120.2,71.23,84.23
2026-06-06 09:55:00,9,179.14,281.88,44.1,0.0,255.39,0.0,120.06,71.2,84.1
2026-06-06 10:00:00,9,179.14,281.88,44.64,2.0,321.9,0.01,151.33,79.56,83.97
2026-06-06 10:05:00,9,179.14,281.88,43.87,0.0,252.93,0.0,118.91,70.95,83.85
2026-06-06 10:10:00,9,179.14,281.88,44.5,0.0,270.38,0.0,127.11,72.77,83.72
2026-06-06 10:15:00,9,179.14,281.88,44.5,3.0,261.43,0.01,122.9,72.89,83.6
2026-06-06 10:20:00,9,179.14,281.88,44.02,1.0,196.78,0.01,92.51,66.3,83.49
2026-06-06 10:25:00,9,179.14,281.88,44.5,0.0,263.3,0.0,123.78,72.02,83.36
2026-06-06 10:30:00,9,179.14,281.88,43.46,1.0,243.76,0.01,114.59,70.41,83.24
2026-06-06 10:35:00,9,179.14,281.88,45.01,2.0,303.59,0.01,142.72,77.28,83.11
2026-06-06 10:40:00,9,179.14,281.88,44.5,1.0,198.5,0.01,93.32,66.44,83.0
2026-06-06 10:45:00,9,179.14,281.88,43.95,1.0,244.92,0.01,115.14,70.53,82.88
2026-06-06 10:50:00,9,179.14,281.88,45.38,5.0,296.21,0.02,139.25,77.47,82.74
2026-06-06 10:55:00,9,179.14,281.88,45.56,2.0,222.04,0.01,104.38,68.76,82.63
2026-06-06 11:00:00,9,179.14,281.88,45.29,0.0,211.45,0.0,99.41,67.12,82.51
2026-06-06 11:05:00,9,179.14,281.88,45.72,0.0,247.24,0.0,116.23,70.39,82.39
2026-06-06 11:10:00,9,179.14,281.88,44.56,0.0,256.37,0.0,120.52,71.3,82.27
2026-06-06 11:15:00,9,179.14,281.88,44.68,0.0,274.15,0.0,128.88,73.18,82.14
2026-06-06 11:20:00,9,179.14,281.88,44.69,1.0,197.33,0.01,92.77,66.34,82.03
2026-06-06 11:25:00,9,179.14,281.88,44.8,2.0,247.2,0.01,116.21,71.1,81.91
2026-06-06 11:30:00,9,179.14,281.88,44.73,2.0,257.09,0.01,120.86,72.1,81.79
2026-06-06 11:35:00,9,179.14,281.88,45.12,3.0,255.27,0.01,120.01,72.26,81.66
2026-06-06 11:40:00,9,179.14,281.88,45.53,6.0,287.98,0.02,135.38,76.87,81.53
2026-06-06 11:45:00,9,179.14,281.88,45.17,1.0,225.13,0.01,105.84,68.68,81.41
2026-06-06 11:50:00,9,179.14,281.88,44.92,0.0,266.15,0.0,125.12,72.32,81.29
2026-06-06 11:55:00,9,179.14,281.88,46.41,2.0,259.63,0.01,122.06,72.36,81.17
2026-06-06 12:00:00,9,179.14,281.88,45.26,2.0,294.56,0.01,138.48,76.21,81.04
2026-06-06 12:05:00,9,179.14,281.88,45.64,1.0,264.53,0.0,124.36,72.5,80.91
2026-06-06 12:10:00,9,179.14,281.88,45.57,4.0,274.1,0.02,128.86,74.61,80.78
2026-06-06 12:15:00,9,179.14,281.88,44.36,4.0,256.74,0.02,120.7,72.78,80.66
2026-06-06 12:20:00,9,179.14,281.88,45.14,3.0,295.11,0.01,138.74,76.62,80.53
2026-06-06 12:25:00,9,179.14,281.88,45.22,2.0,255.34,0.01,120.04,71.92,80.41
2026-06-06 12:30:00,9,179.14,281.88,44.85,0.0,255.11,0.0,119.93,71.17,80.28
2026-06-06 12:35:00,9,179.14,281.88,44.41,3.0,272.4,0.01,128.06,74.06,80.16
2026-06-06 12:40:00,9,179.14,281.88,44.79,3.0,308.53,0.01,145.04,78.23,80.02
2026-06-06 12:45:00,9,179.14,281.88,45.49,0.0,231.8,0.0,108.97,68.92,79.91
2026-06-06 12:50:00,9,179.14,281.88,44.86,2.0,274.36,0.01,128.98,73.92,79.78
2026-06-06 12:55:00,9,179.14,281.88,45.09,2.0,188.62,0.02,88.67,66.05,79.67
2026-06-06 13:00:00,9,179.14,281.88,45.3,3.0,310.73,0.01,146.08,78.51,79.53
2026-06-06 13:05:00,9,179.14,281.88,44.8,2.0,246.04,0.01,115.67,70.99,79.41
2026-06-06 13:10:00,9,179.14,281.88,45.67,1.0,256.24,0.0,120.46,71.64,79.29
2026-06-06 13:15:00,9,179.14,281.88,45.01,2.0,263.74,0.01,123.99,72.79,79.16
2026-06-06 13:20:00,9,179.14,281.88,44.12,3.0,304.81,0.01,143.3,77.78,79.03
2026-06-06 13:25:00,9,179.14,281.88,45.03,4.0,263.62,0.02,123.93,73.49,78.91
2026-06-06 13:30:00,9,179.14,281.88,44.83,0.0,255.36,0.0,120.05,71.2,78.78
2026-06-06 13:35:00,9,179.14,281.88,44.59,3.0,282.63,0.01,132.87,75.19,78.66
2026-06-06 13:40:00,9,179.14,281.88,44.03,1.0,275.65,0.0,129.59,73.69,78.53
2026-06-06 13:45:00,9,179.14,281.88,43.88,0.0,299.07,0.0,140.6,76.02,78.4
2026-06-06 13:50:00,9,179.14,281.88,43.99,7.0,300.29,0.02,141.17,78.65,78.27
2026-06-06 13:55:00,9,179.14,281.88,44.14,1.0,258.4,0.0,121.48,71.86,78.14
2026-06-06 14:00:00,9,179.14,281.88,44.3,7.0,271.97,0.03,127.86,75.45,78.01
2026-06-06 14:05:00,9,179.14,281.88,44.48,2.0,229.96,0.01,108.11,69.47,77.9
2026-06-06 14:10:00,9,179.14,281.88,43.48,0.0,260.45,0.0,122.44,71.72,77.77
2026-06-06 14:15:00,9,179.14,281.88,43.73,1.0,250.3,0.01,117.67,71.06,77.65
2026-06-06 14:20:00,9,179.14,281.88,43.4,2.0,239.89,0.01,112.78,70.39,77.53
2026-06-06 14:25:00,9,179.14,281.88,43.75,2.0,258.56,0.01,121.55,72.24,77.41
2026-06-06 14:30:00,9,179.14,281.88,44.18,2.0,236.11,0.01,111.0,70.04,77.29
2026-06-06 14:35:00,9,179.14,281.88,42.96,1.0,263.37,0.0,123.81,72.37,77.16
2026-06-06 14:40:00,9,179.14,281.88,43.21,1.0,270.93,0.0,127.37,73.18,77.04
2026-06-06 14:45:00,9,179.14,281.88,44.41,4.0,203.62,0.03,95.73,67.94,76.92
2026-06-06 14:50:00,9,179.14,281.88,43.84,2.0,237.47,0.01,111.64,70.16,76.8
2026-06-06 14:55:00,9,179.14,281.88,43.09,0.0,215.62,0.0,101.37,67.47,76.69
2026-06-06 15:00:00,9,179.14,281.88,43.49,1.0,276.06,0.0,129.78,73.73,76.56
2026-06-06 15:05:00,9,179.14,281.88,42.65,1.0,253.63,0.0,119.24,71.37,76.44
2026-06-06 15:10:00,9,179.14,281.88,42.48,1.0,234.48,0.01,110.23,69.53,76.32
2026-06-06 15:15:00,9,179.14,281.88,42.81,0.0,285.72,0.0,134.32,74.46,76.19
2026-06-06 15:20:00,9,179.14,281.88,42.7,2.0,276.06,0.01,129.78,74.1,76.07
2026-06-06 15:25:00,9,179.14,281.88,41.82,0.0,242.59,0.0,114.05,69.93,75.95
2026-06-06 15:30:00,9,179.14,281.88,42.04,0.0,249.32,0.0,117.21,70.59,75.83
2026-06-06 15:35:00,9,179.14,281.88,42.33,0.0,254.71,0.0,119.74,71.13,75.71
2026-06-06 15:40:00,9,179.14,281.88,41.94,1.0,227.79,0.01,107.09,68.91,75.59
2026-06-06 15:45:00,9,179.14,281.88,41.68,0.0,219.36,0.0,103.12,67.79,75.47
2026-06-06 15:50:00,9,179.14,281.88,41.89,2.0,238.27,0.01,112.01,70.23,75.35
2026-06-06 15:55:00,9,179.14,281.88,41.11,1.0,237.98,0.01,111.88,69.86,75.23
2026-06-06 16:00:00,9,179.14,281.88,41.48,1.0,250.85,0.01,117.93,71.11,75.11
2026-06-06 16:05:00,9,179.14,281.88,41.0,0.0,273.25,0.0,128.46,73.07,74.99
2026-06-06 16:10:00,9,179.14,281.88,41.46,0.0,252.25,0.0,118.59,70.88,74.86
2026-06-06 16:15:00,9,179.14,281.88,41.68,0.0,219.48,0.0,103.18,67.8,74.75
2026-06-06 16:20:00,9,179.14,281.88,39.94,1.0,218.77,0.01,102.85,68.11,74.63
2026-06-06 16:25:00,9,179.14,281.88,40.77,3.0,271.04,0.01,127.42,73.9,74.51
2026-06-06 16:30:00,9,179.14,281.88,40.01,0.0,293.31,0.0,137.89,75.33,74.38
2026-06-06 16:35:00,9,179.14,281.88,41.39,2.0,232.86,0.01,109.47,69.73,74.26
2026-06-06 16:40:00,9,179.14,281.88,39.97,0.0,261.98,0.0,123.16,71.87,74.14
2026-06-06 16:45:00,9,179.14,281.88,40.09,2.0,224.37,0.01,105.48,68.95,74.02
2026-06-06 16:50:00,9,179.14,281.88,40.07,2.0,208.9,0.01,98.21,67.62,73.9
2026-06-06 16:55:00,9,179.14,281.88,39.26,1.0,263.24,0.0,123.76,72.35,73.78
2026-06-06 17:00:00,9,179.14,281.88,39.91,0.0,247.64,0.0,116.42,70.42,73.66
2026-06-06 17:05:00,9,179.14,281.88,39.81,0.0,252.94,0.0,118.91,70.94,73.54
2026-06-06 17:10:00,9,179.14,281.88,40.06,3.0,291.31,0.01,136.95,76.17,73.41
2026-06-06 17:15:00,9,179.14,281.88,39.18,3.0,328.33,0.01,154.35,80.73,73.27
2026-06-06 17:20:00,9,179.14,281.88,38.89,1.0,308.62,0.0,145.09,77.51,73.14
2026-06-06 17:25:00,9,179.14,281.88,39.04,2.0,250.1,0.01,117.58,71.38,73.01
2026-06-06 17:30:00,9,179.14,281.88,38.56,0.0,264.52,0.0,124.36,72.13,72.89
2026-06-06 17:35:00,9,179.14,281.88,38.31,1.0,256.45,0.0,120.56,71.65,72.77
2026-06-06 17:40:00,9,179.14,281.88,37.78,0.0,248.89,0.0,117.01,70.54,72.65
2026-06-06 17:45:00,9,179.14,281.88,38.81,0.0,210.12,0.0,98.78,67.0,72.53
2026-06-06 17:50:00,9,179.14,281.88,38.42,2.0,246.19,0.01,115.74,70.99,72.41
2026-06-06 17:55:00,9,179.14,281.88,37.78,2.0,249.16,0.01,117.14,71.28,72.29
2026-06-06 18:00:00,9,179.14,281.88,37.74,1.0,275.31,0.0,129.43,73.64,72.16
2026-06-06 18:05:00,9,179.14,281.88,37.27,0.0,265.72,0.0,124.92,72.26,72.04
2026-06-06 18:10:00,9,179.14,281.88,36.97,1.0,248.81,0.01,116.97,70.9,71.92
2026-06-06 18:15:00,9,179.14,281.88,38.09,0.0,289.36,0.0,136.03,74.87,71.79
2026-06-06 18:20:00,9,179.14,281.88,37.75,0.0,229.63,0.0,107.95,68.7,71.67
2026-06-06 18:25:00,9,179.14,281.88,37.1,1.0,219.23,0.01,103.06,68.14,71.56
2026-06-06 18:30:00,9,179.14,281.88,37.76,1.0,224.59,0.01,105.58,68.62,71.44
2026-06-06 18:35:00,9,179.14,281.88,37.1,1.0,284.1,0.0,133.56,74.62,71.31
2026-06-06 18:40:00,9,179.14,281.88,36.7,2.0,270.28,0.01,127.06,73.46,71.19
2026-06-06 18:45:00,9,179.14,281.88,36.71,2.0,237.43,0.01,111.62,70.15,71.07
2026-06-06 18:50:00,9,179.14,281.88,35.62,1.0,295.25,0.0,138.8,75.9,70.94
2026-06-06 18:55:00,9,179.14,281.88,36.48,2.0,258.86,0.01,121.7,72.26,70.81
2026-06-06 19:00:00,9,179.14,281.88,36.1,0.0,293.82,0.0,138.13,75.38,70.69
2026-06-06 19:05:00,9,179.14,281.88,35.09,0.0,298.03,0.0,140.11,75.88,70.56
2026-06-06 19:10:00,9,179.14,281.88,36.76,0.0,253.9,0.0,119.36,71.03,70.43
2026-06-06 19:15:00,9,179.14,281.88,35.64,0.0,243.99,0.0,114.71,70.05,70.31
2026-06-06 19:20:00,9,179.14,281.88,34.67,1.0,337.41,0.0,158.62,81.2,70.18
2026-06-06 19:25:00,9,179.14,281.88,34.99,1.0,220.85,0.01,103.83,68.28,70.06
2026-06-06 19:30:00,9,179.14,281.88,35.31,1.0,295.31,0.0,138.83,75.91,69.93
2026-06-06 19:35:00,9,179.14,281.88,35.36,0.0,257.4,0.0,121.01,71.39,69.81
2026-06-06 19:40:00,9,179.14,281.88,34.47,0.0,226.18,0.0,106.33,68.38,69.69
2026-06-06 19:45:00,9,179.14,281.88,34.64,0.0,258.32,0.0,121.44,71.48,69.57
2026-06-06 19:50:00,9,179.14,281.88,34.8,0.0,282.72,0.0,132.91,74.11,69.44
2026-06-06 19:55:00,9,179.14,281.88,35.44,0.0,276.6,0.0,130.04,73.43,69.32
2026-06-06 20:00:00,9,179.14,281.88,33.74,0.0,297.38,0.0,139.8,75.8,69.19
2026-06-06 20:05:00,9,179.14,281.88,34.28,0.0,251.28,0.0,118.13,70.77,69.07
2026-06-06 20:10:00,9,179.14,281.88,34.07,1.0,226.73,0.01,106.59,68.8,68.95
2026-06-06 20:15:00,9,179.14,281.88,34.0,2.0,326.7,0.01,153.59,80.16,68.81
2026-06-06 20:20:00,9,179.14,281.88,34.12,3.0,295.2,0.01,138.78,76.61,68.68
2026-06-06 20:25:00,9,179.14,281.88,34.03,1.0,220.03,0.01,103.44,68.21,68.56
2026-06-06 20:30:00,9,179.14,281.88,33.73,2.0,237.79,0.01,111.79,70.17,68.44
2026-06-06 20:35:00,9,179.14,281.88,34.15,1.0,209.54,0.01,98.51,67.31,68.33
2026-06-06 20:40:00,9,179.14,281.88,33.82,1.0,215.16,0.01,101.15,67.78,68.21
2026-06-06 20:45:00,9,179.14,281.88,33.42,0.0,240.0,0.0,112.83,69.66,68.09
2026-06-06 20:50:00,9,179.14,281.88,33.74,0.0,277.11,0.0,130.27,73.48,67.97
2026-06-06 20:55:00,9,179.14,281.88,33.38,0.0,237.31,0.0,111.56,69.41,67.85
2026-06-06 21:00:00,9,179.14,281.88,33.11,2.0,268.41,0.01,126.19,73.26,67.72
2026-06-06 21:05:00,9,179.14,281.88,33.03,2.0,315.52,0.01,148.33,78.73,67.59
2026-06-06 21:10:00,9,179.14,281.88,32.85,0.0,227.86,0.0,107.12,68.53,67.47
2026-06-06 21:15:00,9,179.14,281.88,32.76,0.0,244.83,0.0,115.1,70.13,67.35
2026-06-06 21:20:00,9,179.14,281.88,32.12,2.0,224.85,0.01,105.71,68.98,67.23
2026-06-06 21:25:00,9,179.14,281.88,31.81,0.0,247.49,0.0,116.35,70.39,67.11
2026-06-06 21:30:00,9,179.14,281.88,32.26,4.0,218.32,0.03,102.63,69.14,67.0
2026-06-06 21:35:00,9,179.14,281.88,32.05,1.0,239.09,0.01,112.4,69.94,66.88
2026-06-06 21:40:00,9,179.14,281.88,31.79,0.0,235.77,0.0,110.84,69.26,66.76
2026-06-06 21:45:00,9,179.14,281.88,31.93,1.0,239.5,0.01,112.59,69.98,66.64
2026-06-06 21:50:00,9,179.14,281.88,32.33,3.0,255.76,0.01,120.24,72.29,66.52
2026-06-06 21:55:00,9,179.14,281.88,32.49,1.0,258.15,0.0,121.36,71.81,66.39
2026-06-06 22:00:00,9,179.14,281.88,32.45,0.0,200.7,0.0,94.35,66.22,66.28
2026-06-06 22:05:00,9,179.14,281.88,31.71,2.0,265.47,0.01,124.8,72.94,66.15
2026-06-06 22:10:00,9,179.14,281.88,31.82,1.0,224.17,0.01,105.39,68.57,66.04
2026-06-06 22:15:00,9,179.14,281.88,31.39,1.0,259.82,0.0,122.14,71.98,65.91
2026-06-06 22:20:00,9,179.14,281.88,32.42,1.0,226.57,0.01,106.51,68.78,65.8
2026-06-06 22:25:00,9,179.14,281.88,32.26,3.0,242.94,0.02,114.21,71.03,65.68
2026-06-06 22:30:00,9,179.14,281.88,31.25,1.0,292.14,0.0,137.34,75.53,65.55
2026-06-06 22:35:00,9,179.14,281.88,30.08,0.0,256.05,0.0,120.37,71.24,65.42
2026-06-06 22:40:00,9,179.14,281.88,31.1,1.0,274.52,0.0,129.05,73.54,65.3
2026-06-06 22:45:00,9,179.14,281.88,32.34,1.0,285.41,0.0,134.17,74.76,65.17
2026-06-06 22:50:00,9,179.14,281.88,31.62,0.0,223.92,0.0,105.27,68.18,65.05
2026-06-06 22:55:00,9,179.14,281.88,31.25,1.0,264.39,0.0,124.29,72.46,64.93
2026-06-06 23:00:00,9,179.14,281.88,31.04,4.0,255.64,0.02,120.18,72.64,64.81
2026-06-06 23:05:00,9,179.14,281.88,31.97,4.0,293.17,0.01,137.82,76.72,64.68
2026-06-06 23:10:00,9,179.14,281.88,30.36,0.0,234.66,0.0,110.32,69.15,64.56
2026-06-06 23:15:00,9,179.14,281.88,31.09,1.0,290.29,0.0,136.47,75.31,64.43
2026-06-06 23:20:00,9,179.14,281.88,30.57,4.0,322.89,0.01,151.8,80.36,64.29
2026-06-06 23:25:00,9,179.14,281.88,30.56,1.0,246.98,0.01,116.11,70.7,64.17
2026-06-06 23:30:00,9,179.14,281.88,30.95,1.0,276.09,0.0,129.79,73.71,64.04
2026-06-06 23:35:00,9,179.14,281.88,30.81,8.0,296.62,0.03,139.44,78.56,63.91
2026-06-06 23:40:00,9,179.14,281.88,31.24,2.0,276.82,0.01,130.14,74.17,63.78
2026-06-06 23:45:00,9,179.14,281.88,31.16,0.0,251.02,0.0,118.01,70.74,63.66
2026-06-06 23:50:00,9,179.14,281.88,31.27,3.0,208.02,0.02,97.79,67.9,63.55
2026-06-06 23:55:00,9,179.14,281.88,31.64,1.0,238.91,0.01,112.32,69.93,63.43
2026-06-07 00:00:00,9,179.14,281.88,31.94,1.0,232.19,0.01,109.16,69.3,63.31
2026-06-07 00:05:00,9,179.14,281.88,31.31,1.0,275.3,0.0,129.42,73.63,63.18
2026-06-07 00:10:00,9,179.14,281.88,31.61,2.0,257.58,0.01,121.09,72.12,63.06
2026-06-07 00:15:00,9,179.14,281.88,30.94,10.0,304.2,0.03,143.01,80.17,62.92
2026-06-07 00:20:00,9,179.14,281.88,31.85,2.0,248.99,0.01,117.06,71.26,62.8
2026-06-07 00:25:00,9,179.14,281.88,30.33,4.0,262.43,0.02,123.37,73.34,62.68
2026-06-07 00:30:00,9,179.14,281.88,30.97,3.0,271.14,0.01,127.47,73.9,62.55
2026-06-07 00:35:00,9,179.14,281.88,31.22,0.0,270.7,0.0,127.26,72.78,62.42
2026-06-07 00:40:00,9,179.14,281.88,31.33,2.0,265.34,0.01,124.74,72.93,62.3
2026-06-07 00:45:00,9,179.14,281.88,31.5,2.0,280.8,0.01,132.01,74.61,62.17
2026-06-07 00:50:00,9,179.14,281.88,31.93,2.0,209.57,0.01,98.52,67.66,62.06
2026-06-07 00:55:00,9,179.14,281.88,30.56,0.0,206.27,0.0,96.97,66.66,61.94
2026-06-07 01:00:00,9,179.14,281.88,30.95,2.0,229.14,0.01,107.72,69.37,61.82
2026-06-07 01:05:00,9,179.14,281.88,30.82,2.0,274.99,0.01,129.28,73.96,61.7
2026-06-07 01:10:00,9,179.14,281.88,30.37,1.0,233.45,0.01,109.75,69.41,61.58
2026-06-07 01:15:00,9,179.14,281.88,31.33,1.0,284.83,0.0,133.9,74.69,61.45
2026-06-07 01:20:00,9,179.14,281.88,31.38,5.0,290.34,0.02,136.5,76.76,61.32
2026-06-07 01:25:00,9,179.14,281.88,31.29,1.0,221.72,0.01,104.24,68.35,61.2
2026-06-07 01:30:00,9,179.14,281.88,32.74,2.0,288.53,0.01,135.64,75.48,61.07
2026-06-07 01:35:00,9,179.14,281.88,31.34,0.0,227.13,0.0,106.78,68.46,60.96
2026-06-07 01:40:00,9,179.14,281.88,31.73,2.0,218.66,0.01,102.79,68.43,60.84
2026-06-07 01:45:00,9,179.14,281.88,31.73,1.0,245.93,0.01,115.61,70.6,60.72
2026-06-07 01:50:00,9,179.14,281.88,31.98,1.0,264.75,0.0,124.46,72.49,60.6
2026-06-07 01:55:00,9,179.14,281.88,31.03,1.0,247.81,0.01,116.5,70.79,60.48
2026-06-07 02:00:00,9,179.14,281.88,31.77,2.0,245.51,0.01,115.42,70.91,60.35
2026-06-07 02:05:00,9,179.14,281.88,32.52,5.0,229.29,0.03,107.79,70.47,60.23
2026-06-07 02:10:00,9,179.14,281.88,31.96,3.0,297.78,0.01,139.99,76.91,60.1
2026-06-07 02:15:00,9,179.14,281.88,31.97,3.0,228.58,0.02,107.46,69.69,59.98
2026-06-07 02:20:00,9,179.14,281.88,32.33,2.0,289.61,0.01,136.15,75.61,59.85
2026-06-07 02:25:00,9,179.14,281.88,31.98,2.0,276.63,0.01,130.05,74.15,59.73
2026-06-07 02:30:00,9,179.14,281.88,32.56,0.0,261.2,0.0,122.8,71.78,59.6
2026-06-07 02:35:00,9,179.14,281.88,32.48,1.0,268.28,0.0,126.12,72.87,59.48
2026-06-07 02:40:00,9,179.14,281.88,32.54,3.0,272.41,0.01,128.06,74.03,59.35
2026-06-07 02:45:00,9,179.14,281.88,33.29,1.0,253.58,0.0,119.21,71.35,59.23
2026-06-07 02:50:00,9,179.14,281.88,32.59,2.0,245.53,0.01,115.43,70.92,59.11
2026-06-07 02:55:00,9,179.14,281.88,33.01,1.0,268.83,0.0,126.38,72.93,58.99
2026-06-07 03:00:00,9,179.14,281.88,32.58,1.0,260.4,0.0,122.42,72.04,58.86
2026-06-07 03:05:00,9,179.14,281.88,32.52,1.0,248.53,0.01,116.84,70.86,58.74
2026-06-07 03:10:00,9,179.14,281.88,33.0,0.0,243.53,0.0,114.49,70.0,58.62
2026-06-07 03:15:00,9,179.14,281.88,33.05,0.0,234.37,0.0,110.18,69.13,58.5
2026-06-07 03:20:00,9,179.14,281.88,32.65,1.0,258.46,0.0,121.51,71.84,58.38
2026-06-07 03:25:00,9,179.14,281.88,33.19,3.0,243.1,0.02,114.29,71.05,58.26
2026-06-07 03:30:00,9,179.14,281.88,34.01,4.0,246.06,0.02,115.68,71.69,58.14
2026-06-07 03:35:00,9,179.14,281.88,33.25,2.0,258.58,0.01,121.56,72.22,58.01
2026-06-07 03:40:00,9,179.14,281.88,34.6,3.0,261.56,0.01,122.96,72.89,57.89
2026-06-07 03:45:00,9,179.14,281.88,34.53,1.0,250.66,0.01,117.84,71.08,57.77
2026-06-07 03:50:00,9,179.14,281.88,34.97,2.0,262.14,0.01,123.23,72.6,57.64
2026-06-07 03:55:00,9,179.14,281.88,34.92,3.0,229.11,0.02,107.71,69.74,57.52
2026-06-07 04:00:00,9,179.14,281.88,34.29,0.0,253.23,0.0,119.05,70.96,57.4
2026-06-07 04:05:00,9,179.14,281.88,35.65,0.0,231.08,0.0,108.64,68.83,57.28
2026-06-07 04:10:00,9,179.14,281.88,34.75,1.0,264.76,0.0,124.47,72.5,57.16
2026-06-07 04:15:00,9,179.14,281.88,35.08,1.0,308.96,0.0,145.25,77.55,57.03
2026-06-07 04:20:00,9,179.14,281.88,35.03,1.0,262.97,0.0,123.63,72.31,56.9
2026-06-07 04:25:00,9,179.14,281.88,34.76,3.0,254.28,0.01,119.54,72.14,56.78
2026-06-07 04:30:00,9,179.14,281.88,35.07,0.0,285.37,0.0,134.16,74.41,56.65
2026-06-07 04:35:00,9,179.14,281.88,35.48,0.0,267.38,0.0,125.7,72.43,56.53
2026-06-07 04:40:00,9,179.14,281.88,35.39,0.0,260.05,0.0,122.25,71.66,56.41
2026-06-07 04:45:00,9,179.14,281.88,35.77,0.0,253.85,0.0,119.34,71.03,56.29
2026-06-07 04:50:00,9,179.14,281.88,35.77,1.0,262.15,0.0,123.24,72.23,56.16
2026-06-07 04:55:00,9,179.14,281.88,36.3,0.0,261.4,0.0,122.89,71.8,56.04
2026-06-07 05:00:00,9,179.14,281.88,36.02,2.0,269.44,0.01,126.67,73.37,55.92
2026-06-07 05:05:00,9,179.14,281.88,36.44,0.0,191.98,0.0,90.25,65.54,55.8
2026-06-07 05:10:00,9,179.14,281.88,36.55,1.0,228.21,0.01,107.29,68.94,55.69
2026-06-07 05:15:00,9,179.14,281.88,36.51,1.0,252.69,0.0,118.79,71.26,55.56
2026-06-07 05:20:00,9,179.14,281.88,37.03,3.0,252.74,0.01,118.82,71.99,55.44
2026-06-07 05:25:00,9,179.14,281.88,37.51,1.0,271.78,0.0,127.77,73.26,55.32
2026-06-07 05:30:00,9,179.14,281.88,37.53,0.0,268.05,0.0,126.02,72.51,55.19
2026-06-07 05:35:00,9,179.14,281.88,36.78,2.0,230.66,0.01,108.44,69.52,55.07
2026-06-07 05:40:00,9,179.14,281.88,37.17,0.0,253.96,0.0,119.39,71.04,54.95
2026-06-07 05:45:00,9,179.14,281.88,37.78,0.0,282.23,0.0,132.68,74.06,54.82
2026-06-07 05:50:00,9,179.14,281.88,38.48,1.0,259.13,0.0,121.82,71.92,54.7
2026-06-07 05:55:00,9,179.14,281.88,37.42,0.0,260.52,0.0,122.47,71.71,54.58
2026-06-07 06:00:00,9,179.14,281.88,38.32,1.0,268.87,0.0,126.4,72.94,54.45
2026-06-07 06:05:00,9,179.14,281.88,38.35,3.0,227.68,0.02,107.03,69.61,54.34
2026-06-07 06:10:00,9,179.14,281.88,38.5,2.0,253.59,0.01,119.22,71.73,54.21
2026-06-07 06:15:00,9,179.14,281.88,37.88,0.0,255.57,0.0,120.15,71.21,54.09
2026-06-07 06:20:00,9,179.14,281.88,37.93,1.0,232.08,0.01,109.11,69.3,53.97
2026-06-07 06:25:00,9,179.14,281.88,39.34,2.0,260.99,0.01,122.69,72.48,53.85
2026-06-07 06:30:00,9,179.14,281.88,38.89,2.0,255.43,0.01,120.08,71.91,53.73
2026-06-07 06:35:00,9,179.14,281.88,38.67,1.0,300.05,0.0,141.06,76.47,53.6
2026-06-07 06:40:00,9,179.14,281.88,38.28,0.0,265.13,0.0,124.64,72.2,53.47
2026-06-07 06:45:00,9,179.14,281.88,39.34,2.0,292.08,0.01,137.31,75.91,53.34
2026-06-07 06:50:00,9,179.14,281.88,39.79,0.0,239.26,0.0,112.48,69.6,53.22
2026-06-07 06:55:00,9,179.14,281.88,38.96,0.0,259.92,0.0,122.19,71.65,53.1
2026-06-07 07:00:00,9,179.14,281.88,38.83,2.0,211.67,0.01,99.51,67.85,52.98
2026-06-07 07:05:00,9,179.14,281.88,38.96,1.0,276.28,0.0,129.88,73.75,52.86
2026-06-07 07:10:00,9,179.14,281.88,39.32,0.0,234.12,0.0,110.06,69.12,52.74
2026-06-07 07:15:00,9,179.14,281.88,39.77,0.0,249.81,0.0,117.44,70.63,52.62
2026-06-07 07:20:00,9,179.14,281.88,40.68,1.0,262.55,0.0,123.43,72.28,52.5
2026-06-07 07:25:00,9,179.14,281.88,40.84,0.0,227.91,0.0,107.15,68.55,52.38
2026-06-07 07:30:00,9,179.14,281.88,40.68,2.0,271.5,0.01,127.63,73.6,52.25
2026-06-07 07:35:00,9,179.14,281.88,41.79,0.0,249.55,0.0,117.32,70.61,52.13
2026-06-07 07:40:00,9,179.14,281.88,40.27,0.0,269.57,0.0,126.73,72.67,52.01
2026-06-07 07:45:00,9,179.14,281.88,40.92,0.0,232.49,0.0,109.3,68.97,51.89
2026-06-07 07:50:00,9,179.14,281.88,41.32,0.0,239.58,0.0,112.63,69.64,51.77
2026-06-07 07:55:00,9,179.14,281.88,41.44,1.0,243.57,0.01,114.51,70.39,51.65
2026-06-07 08:00:00,9,179.14,281.88,41.53,0.0,236.29,0.0,111.08,69.33,51.53
2026-06-07 08:05:00,9,179.14,281.88,41.93,0.0,266.84,0.0,125.45,72.39,51.41
2026-06-07 08:10:00,9,179.14,281.88,42.03,0.0,245.59,0.0,115.46,70.22,51.29
2026-06-07 08:15:00,9,179.14,281.88,42.71,0.0,277.04,0.0,130.24,73.49,51.16
2026-06-07 08:20:00,9,179.14,281.88,41.97,0.0,224.72,0.0,105.64,68.27,51.05
2026-06-07 08:25:00,9,179.14,281.88,42.37,1.0,296.09,0.0,139.2,76.01,50.92
2026-06-07 08:30:00,9,179.14,281.88,41.48,0.0,219.19,0.0,103.04,67.78,50.8
2026-06-07 08:35:00,9,179.14,281.88,41.89,1.0,271.38,0.0,127.58,73.22,50.68
2026-06-07 08:40:00,9,179.14,281.88,42.25,2.0,311.32,0.01,146.36,78.22,50.54
2026-06-07 08:45:00,9,179.14,281.88,42.64,0.0,258.86,0.0,121.69,71.55,50.42
2026-06-07 08:50:00,9,179.14,281.88,42.87,1.0,217.95,0.01,102.46,68.04,50.3
2026-06-07 08:55:00,9,179.14,281.88,42.51,0.0,239.69,0.0,112.68,69.65,50.18
2026-06-07 09:00:00,9,179.14,281.88,43.21,1.0,260.4,0.0,122.42,72.06,50.06
2026-06-07 09:05:00,9,179.14,281.88,43.35,1.0,244.77,0.01,115.07,70.51,49.94
2026-06-07 09:10:00,9,179.14,281.88,43.79,0.0,250.83,0.0,117.92,70.74,49.82
2026-06-07 09:15:00,9,179.14,281.88,43.12,0.0,254.82,0.0,119.79,71.14,49.7
2026-06-07 09:20:00,9,179.14,281.88,43.49,1.0,269.84,0.0,126.85,73.06,49.57
2026-06-07 09:25:00,9,179.14,281.88,44.19,1.0,286.62,0.0,134.74,74.92,49.45
2026-06-07 09:30:00,9,179.14,281.88,42.67,1.0,217.56,0.01,102.28,68.01,49.33
2026-06-07 09:35:00,9,179.14,281.88,43.71,0.0,263.06,0.0,123.67,71.99,49.21
2026-06-07 09:40:00,9,179.14,281.88,44.55,0.0,298.02,0.0,140.11,75.9,49.08
2026-06-07 09:45:00,9,179.14,281.88,44.73,1.0,254.6,0.0,119.69,71.47,48.95
2026-06-07 09:50:00,9,179.14,281.88,44.0,0.0,255.78,0.0,120.25,71.24,48.83
2026-06-07 09:55:00,9,179.14,281.88,44.49,1.0,233.16,0.01,109.61,69.41,48.71
2026-06-07 10:00:00,9,179.14,281.88,44.66,0.0,273.87,0.0,128.75,73.15,48.59
2026-06-07 10:05:00,9,179.14,281.88,43.89,1.0,204.91,0.01,96.33,66.95,48.47
2026-06-07 10:10:00,9,179.14,281.88,44.2,2.0,267.19,0.01,125.61,73.15,48.35
2026-06-07 10:15:00,9,179.14,281.88,45.37,0.0,233.23,0.0,109.65,69.05,48.23
2026-06-07 10:20:00,9,179.14,281.88,43.65,0.0,213.54,0.0,100.39,67.3,48.12
2026-06-07 10:25:00,9,179.14,281.88,44.51,0.0,207.99,0.0,97.78,66.83,48.0
2026-06-07 10:30:00,9,179.14,281.88,44.4,2.0,259.06,0.01,121.79,72.3,47.88
2026-06-07 10:35:00,9,179.14,281.88,44.04,1.0,285.61,0.0,134.27,74.8,47.75
2026-06-07 10:40:00,9,179.14,281.88,44.23,0.0,280.07,0.0,131.67,73.83,47.62
2026-06-07 10:45:00,9,179.14,281.88,44.52,2.0,239.73,0.01,112.7,70.38,47.5
2026-06-07 10:50:00,9,179.14,281.88,44.64,3.0,299.39,0.01,140.75,77.13,47.37
2026-06-07 10:55:00,9,179.14,281.88,44.19,0.0,229.55,0.0,107.91,68.71,47.26
2026-06-07 11:00:00,9,179.14,281.88,44.99,0.0,272.82,0.0,128.26,73.03,47.13
2026-06-07 11:05:00,9,179.14,281.88,44.65,1.0,270.66,0.0,127.24,73.15,47.01
2026-06-07 11:10:00,9,179.14,281.88,45.04,0.0,262.94,0.0,123.61,71.98,46.88
2026-06-07 11:15:00,9,179.14,281.88,44.38,2.0,259.96,0.01,122.21,72.39,46.76
2026-06-07 11:20:00,9,179.14,281.88,44.34,2.0,196.96,0.02,92.6,66.68,46.64
2026-06-07 11:25:00,9,179.14,281.88,45.44,2.0,267.12,0.01,125.58,73.14,46.52
2026-06-07 11:30:00,9,179.14,281.88,44.43,0.0,302.69,0.0,142.3,76.45,46.39
2026-06-07 11:35:00,9,179.14,281.88,44.71,0.0,279.02,0.0,131.17,73.71,46.26
2026-06-07 11:40:00,9,179.14,281.88,45.25,2.0,243.43,0.01,114.44,70.74,46.14
2026-06-07 11:45:00,9,179.14,281.88,45.76,2.0,279.14,0.01,131.23,74.45,46.01
2026-06-07 11:50:00,9,179.14,281.88,45.97,1.0,286.98,0.0,134.91,74.96,45.89
2026-06-07 11:55:00,9,179.14,281.88,44.56,1.0,241.2,0.01,113.39,70.17,45.77
2026-06-07 12:00:00,9,179.14,281.88,44.45,2.0,229.07,0.01,107.69,69.39,45.65
2026-06-07 12:05:00,9,179.14,281.88,45.05,0.0,261.53,0.0,122.95,71.83,45.53
2026-06-07 12:10:00,9,179.14,281.88,43.98,1.0,244.76,0.01,115.06,70.51,45.4
2026-06-07 12:15:00,9,179.14,281.88,44.05,1.0,255.14,0.0,119.94,71.52,45.28
2026-06-07 12:20:00,9,179.14,281.88,44.82,0.0,208.58,0.0,98.06,66.88,45.17
2026-06-07 12:25:00,9,179.14,281.88,45.31,1.0,270.96,0.0,127.38,73.18,45.04
2026-06-07 12:30:00,9,179.14,281.88,46.05,1.0,244.65,0.01,115.01,70.51,44.92
2026-06-07 12:35:00,9,179.14,281.88,45.58,1.0,259.88,0.0,122.17,72.01,44.8
2026-06-07 12:40:00,9,179.14,281.88,45.09,0.0,211.15,0.0,99.26,67.1,44.68
2026-06-07 12:45:00,9,179.14,281.88,45.08,0.0,251.54,0.0,118.25,70.81,44.56
2026-06-07 12:50:00,9,179.14,281.88,44.15,0.0,197.22,0.0,92.71,65.96,44.45
2026-06-07 12:55:00,9,179.14,281.88,44.87,0.0,270.85,0.0,127.33,72.82,44.33
2026-06-07 13:00:00,9,179.14,281.88,44.48,1.0,227.16,0.01,106.79,68.86,44.21
2026-06-07 13:05:00,9,179.14,281.88,44.42,0.0,263.81,0.0,124.02,72.07,44.09
2026-06-07 13:10:00,9,179.14,281.88,44.73,1.0,251.08,0.01,118.04,71.14,43.96
2026-06-07 13:15:00,9,179.14,281.88,45.1,3.0,275.05,0.01,129.3,74.35,43.84
2026-06-07 13:20:00,9,179.14,281.88,44.26,0.0,266.37,0.0,125.22,72.34,43.71
2026-06-07 13:25:00,9,179.14,281.88,44.5,3.0,250.44,0.02,117.74,71.79,43.59
2026-06-07 13:30:00,9,179.14,281.88,44.5,1.0,205.77,0.01,96.74,67.02,43.48
2026-06-07 13:35:00,9,179.14,281.88,43.92,2.0,212.45,0.01,99.88,67.93,43.36
2026-06-07 13:40:00,9,179.14,281.88,44.99,1.0,282.23,0.0,132.68,74.42,43.23
2026-06-07 13:45:00,9,179.14,281.88,44.1,2.0,248.5,0.01,116.82,71.23,43.11
2026-06-07 13:50:00,9,179.14,281.88,43.82,3.0,288.86,0.01,135.8,75.89,42.98
2026-06-07 13:55:00,9,179.14,281.88,43.83,1.0,223.12,0.01,104.89,68.5,42.86
2026-06-07 14:00:00,9,179.14,281.88,44.88,4.0,252.6,0.02,118.75,72.36,42.74
2026-06-07 14:05:00,9,179.14,281.88,44.29,1.0,279.85,0.0,131.56,74.15,42.61
2026-06-07 14:10:00,9,179.14,281.88,44.12,1.0,230.53,0.01,108.37,69.17,42.5
2026-06-07 14:15:00,9,179.14,281.88,44.41,1.0,211.58,0.01,99.47,67.5,42.38
2026-06-07 14:20:00,9,179.14,281.88,43.17,0.0,301.21,0.0,141.6,76.27,42.25
2026-06-07 14:25:00,9,179.14,281.88,43.03,1.0,256.7,0.0,120.68,71.68,42.13
2026-06-07 14:30:00,9,179.14,281.88,43.4,1.0,235.94,0.01,110.92,69.67,42.01
2026-06-07 14:35:00,9,179.14,281.88,44.2,2.0,272.36,0.01,128.04,73.7,41.88
2026-06-07 14:40:00,9,179.14,281.88,43.78,2.0,263.63,0.01,123.94,72.77,41.76
2026-06-07 14:45:00,9,179.14,281.88,43.66,5.0,310.59,0.02,146.01,79.2,41.62
2026-06-07 14:50:00,9,179.14,281.88,43.79,2.0,262.83,0.01,123.56,72.69,41.5
2026-06-07 14:55:00,9,179.14,281.88,42.21,1.0,261.97,0.0,123.16,72.22,41.38
2026-06-07 15:00:00,9,179.14,281.88,43.35,2.0,287.03,0.01,134.94,75.33,41.25
2026-06-07 15:05:00,9,179.14,281.88,43.16,3.0,231.0,0.02,108.6,69.93,41.13
2026-06-07 15:10:00,9,179.14,281.88,43.11,5.0,233.51,0.03,109.78,70.88,41.01
2026-06-07 15:15:00,9,179.14,281.88,43.19,0.0,228.6,0.0,107.47,68.62,40.89
2026-06-07 15:20:00,9,179.14,281.88,43.29,2.0,282.98,0.01,133.03,74.87,40.76
2026-06-07 15:25:00,9,179.14,281.88,42.2,2.0,210.8,0.01,99.1,67.78,40.64
2026-06-07 15:30:00,9,179.14,281.88,42.18,2.0,251.03,0.01,118.01,71.48,40.52
2026-06-07 15:35:00,9,179.14,281.88,41.94,1.0,213.55,0.01,100.39,67.66,40.41
2026-06-07 15:40:00,9,179.14,281.88,42.31,2.0,281.27,0.01,132.23,74.68,40.28
2026-06-07 15:45:00,9,179.14,281.88,42.22,1.0,289.02,0.0,135.87,75.19,40.15
2026-06-07 15:50:00,9,179.14,281.88,41.48,2.0,203.2,0.02,95.53,67.17,40.04
2026-06-07 15:55:00,9,179.14,281.88,41.98,0.0,212.05,0.0,99.69,67.17,39.92
2026-06-07 16:00:00,9,179.14,281.88,41.89,0.0,239.61,0.0,112.65,69.64,39.8
2026-06-07 16:05:00,9,179.14,281.88,41.28,5.0,309.54,0.02,145.52,79.07,39.67
2026-06-07 16:10:00,9,179.14,281.88,41.06,1.0,221.26,0.01,104.02,68.33,39.55
2026-06-07 16:15:00,9,179.14,281.88,40.68,2.0,297.83,0.01,140.02,76.58,39.42
2026-06-07 16:20:00,9,179.14,281.88,40.57,1.0,229.45,0.01,107.87,69.06,39.3
2026-06-07 16:25:00,9,179.14,281.88,40.43,0.0,273.44,0.0,128.55,73.09,39.18
2026-06-07 16:30:00,9,179.14,281.88,41.1,1.0,266.21,0.0,125.15,72.67,39.05
2026-06-07 16:35:00,9,179.14,281.88,40.73,4.0,316.93,0.01,148.99,79.62,38.92
2026-06-07 16:40:00,9,179.14,281.88,41.18,2.0,261.11,0.01,122.75,72.5,38.79
2026-06-07 16:45:00,9,179.14,281.88,40.34,1.0,293.01,0.0,137.75,75.65,38.66
2026-06-07 16:50:00,9,179.14,281.88,39.88,2.0,254.77,0.01,119.77,71.85,38.54
2026-06-07 16:55:00,9,179.14,281.88,40.19,0.0,268.26,0.0,126.11,72.53,38.42
2026-06-07 17:00:00,9,179.14,281.88,40.49,1.0,249.98,0.01,117.52,71.02,38.29
2026-06-07 17:05:00,9,179.14,281.88,39.1,2.0,231.74,0.01,108.95,69.62,38.18
2026-06-07 17:10:00,9,179.14,281.88,38.8,0.0,219.39,0.0,103.14,67.79,38.06
2026-06-07 17:15:00,9,179.14,281.88,38.59,2.0,250.26,0.01,117.65,71.39,37.94
2026-06-07 17:20:00,9,179.14,281.88,39.31,0.0,269.2,0.0,126.56,72.63,37.81
2026-06-07 17:25:00,9,179.14,281.88,39.0,1.0,222.3,0.01,104.51,68.42,37.7
2026-06-07 17:30:00,9,179.14,281.88,38.94,0.0,253.31,0.0,119.08,70.98,37.58
2026-06-07 17:35:00,9,179.14,281.88,37.72,1.0,250.28,0.01,117.66,71.04,37.45
2026-06-07 17:40:00,9,179.14,281.88,38.55,0.0,248.4,0.0,116.78,70.49,37.33
2026-06-07 17:45:00,9,179.14,281.88,38.45,1.0,217.52,0.01,102.26,68.0,37.22
2026-06-07 17:50:00,9,179.14,281.88,38.21,0.0,249.55,0.0,117.32,70.6,37.1
2026-06-07 17:55:00,9,179.14,281.88,38.3,2.0,242.24,0.01,113.88,70.61,36.98
2026-06-07 18:00:00,9,179.14,281.88,38.14,0.0,278.38,0.0,130.87,73.63,36.85
2026-06-07 18:05:00,9,179.14,281.88,37.86,1.0,280.63,0.0,131.93,74.23,36.72
2026-06-07 18:10:00,9,179.14,281.88,37.82,0.0,256.83,0.0,120.74,71.33,36.6
2026-06-07 18:15:00,9,179.14,281.88,38.11,0.0,288.69,0.0,135.72,74.79,36.47
2026-06-07 18:20:00,9,179.14,281.88,37.29,0.0,277.89,0.0,130.64,73.57,36.35
2026-06-07 18:25:00,9,179.14,281.88,37.37,0.0,217.77,0.0,102.38,67.65,36.23
2026-06-07 18:30:00,9,179.14,281.88,37.14,2.0,234.95,0.01,110.45,69.91,36.11
2026-06-07 18:35:00,9,179.14,281.88,36.81,1.0,250.12,0.01,117.59,71.03,35.99
2026-06-07 18:40:00,9,179.14,281.88,36.37,1.0,252.77,0.0,118.83,71.27,35.87
2026-06-07 18:45:00,9,179.14,281.88,36.96,2.0,232.03,0.01,109.08,69.64,35.75
2026-06-07 18:50:00,9,179.14,281.88,37.09,0.0,227.11,0.0,106.77,68.47,35.63
2026-06-07 18:55:00,9,179.14,281.88,36.78,1.0,247.83,0.01,116.51,70.8,35.51
2026-06-07 19:00:00,9,179.14,281.88,36.25,0.0,218.64,0.0,102.79,67.72,35.4
2026-06-07 19:05:00,9,179.14,281.88,36.36,1.0,188.57,0.01,88.65,65.65,35.28
2026-06-07 19:10:00,9,179.14,281.88,35.13,0.0,259.97,0.0,122.22,71.65,35.16
2026-06-07 19:15:00,9,179.14,281.88,35.2,1.0,250.89,0.01,117.95,71.1,35.04
2026-06-07 19:20:00,9,179.14,281.88,35.23,1.0,241.37,0.01,113.47,70.17,34.92
2026-06-07 19:25:00,9,179.14,281.88,35.41,1.0,261.71,0.0,123.04,72.18,34.8
2026-06-07 19:30:00,9,179.14,281.88,36.15,0.0,249.59,0.0,117.34,70.6,34.68
2026-06-07 19:35:00,9,179.14,281.88,35.34,1.0,272.11,0.0,127.92,73.29,34.55
2026-06-07 19:40:00,9,179.14,281.88,35.74,0.0,231.8,0.0,108.97,68.9,34.43
2026-06-07 19:45:00,9,179.14,281.88,34.45,0.0,294.73,0.0,138.56,75.49,34.3
2026-06-07 19:50:00,9,179.14,281.88,34.88,0.0,282.43,0.0,132.78,74.08,34.18
2026-06-07 19:55:00,9,179.14,281.88,35.46,1.0,214.35,0.01,100.77,67.72,34.06
2026-06-07 20:00:00,9,179.14,281.88,34.7,1.0,292.08,0.0,137.31,75.53,33.93
2026-06-07 20:05:00,9,179.14,281.88,34.61,3.0,230.39,0.02,108.31,69.86,33.81
2026-06-07 20:10:00,9,179.14,281.88,34.85,0.0,279.72,0.0,131.5,73.77,33.69
2026-06-07 20:15:00,9,179.14,281.88,33.17,3.0,282.39,0.01,132.76,75.14,33.56
2026-06-07 20:20:00,9,179.14,281.88,34.26,1.0,245.49,0.01,115.41,70.56,33.44
2026-06-07 20:25:00,9,179.14,281.88,33.99,0.0,306.64,0.0,144.16,76.91,33.31
2026-06-07 20:30:00,9,179.14,281.88,33.68,0.0,254.9,0.0,119.83,71.13,33.19
2026-06-07 20:35:00,9,179.14,281.88,32.39,0.0,251.22,0.0,118.1,70.76,33.06
2026-06-07 20:40:00,9,179.14,281.88,34.19,2.0,239.84,0.01,112.76,70.37,32.94
2026-06-07 20:45:00,9,179.14,281.88,33.83,0.0,290.94,0.0,136.78,75.04,32.82
2026-06-07 20:50:00,9,179.14,281.88,33.16,0.0,224.2,0.0,105.4,68.2,32.7
2026-06-07 20:55:00,9,179.14,281.88,32.59,0.0,225.6,0.0,106.06,68.33,32.58
2026-06-07 21:00:00,9,179.14,281.88,33.11,1.0,206.43,0.01,97.05,67.05,32.47
2026-06-07 21:05:00,9,179.14,281.88,32.51,0.0,176.85,0.0,83.14,64.43,32.36
2026-06-07 21:10:00,9,179.14,281.88,32.24,0.0,257.37,0.0,120.99,71.38,32.24
2026-06-07 21:15:00,9,179.14,281.88,31.84,1.0,268.73,0.0,126.34,72.92,32.11
2026-06-07 21:20:00,9,179.14,281.88,32.98,0.0,237.71,0.0,111.75,69.44,31.99
2026-06-07 21:25:00,9,179.14,281.88,32.62,1.0,259.23,0.0,121.87,71.92,31.87
2026-06-07 21:30:00,9,179.14,281.88,31.36,1.0,261.21,0.0,122.8,72.12,31.75
2026-06-07 21:35:00,9,179.14,281.88,32.16,0.0,217.39,0.0,102.2,67.6,31.63
2026-06-07 21:40:00,9,179.14,281.88,31.84,1.0,257.48,0.0,121.05,71.74,31.51
2026-06-07 21:45:00,9,179.14,281.88,32.01,0.0,252.9,0.0,118.89,70.92,31.39
2026-06-07 21:50:00,9,179.14,281.88,31.89,0.0,246.48,0.0,115.87,70.29,31.27
2026-06-07 21:55:00,9,179.14,281.88,32.0,1.0,267.79,0.0,125.89,72.82,31.14
2026-06-07 22:00:00,9,179.14,281.88,31.44,1.0,289.29,0.0,136.0,75.2,31.01
2026-06-07 22:05:00,9,179.14,281.88,31.32,0.0,274.7,0.0,129.14,73.21,30.89
2026-06-07 22:10:00,9,179.14,281.88,32.74,1.0,243.53,0.01,114.49,70.37,30.77
2026-06-07 22:15:00,9,179.14,281.88,31.46,1.0,278.24,0.0,130.8,73.95,30.64
2026-06-07 22:20:00,9,179.14,281.88,31.17,3.0,240.21,0.02,112.92,70.77,30.52
2026-06-07 22:25:00,9,179.14,281.88,31.62,2.0,292.49,0.01,137.51,75.94,30.39
2026-06-07 22:30:00,9,179.14,281.88,31.76,0.0,290.31,0.0,136.48,74.97,30.26
2026-06-07 22:35:00,9,179.14,281.88,30.71,4.0,226.66,0.02,106.55,69.86,30.14
2026-06-07 22:40:00,9,179.14,281.88,30.48,2.0,295.42,0.01,138.88,76.28,30.01
2026-06-07 22:45:00,9,179.14,281.88,31.49,3.0,306.63,0.01,144.15,77.97,29.88
2026-06-07 22:50:00,9,179.14,281.88,31.81,0.0,225.15,0.0,105.85,68.29,29.76
2026-06-07 22:55:00,9,179.14,281.88,31.57,0.0,237.68,0.0,111.74,69.44,29.65
2026-06-07 23:00:00,9,179.14,281.88,31.08,0.0,239.9,0.0,112.78,69.65,29.53
2026-06-07 23:05:00,9,179.14,281.88,31.66,5.0,303.85,0.02,142.84,78.36,29.39
2026-06-07 23:10:00,9,179.14,281.88,32.03,1.0,284.16,0.0,133.59,74.62,29.26
2026-06-07 23:15:00,9,179.14,281.88,30.67,2.0,236.98,0.01,111.41,70.09,29.14
2026-06-07 23:20:00,9,179.14,281.88,31.26,3.0,272.43,0.01,128.07,74.03,29.02
2026-06-07 23:25:00,9,179.14,281.88,31.64,2.0,259.99,0.01,122.23,72.37,28.89
2026-06-07 23:30:00,9,179.14,281.88,30.78,2.0,288.14,0.01,135.46,75.44,28.77
2026-06-07 23:35:00,9,179.14,281.88,31.56,2.0,277.97,0.01,130.68,74.29,28.64
2026-06-07 23:40:00,9,179.14,281.88,31.0,1.0,195.97,0.01,92.13,66.21,28.53
2026-06-07 23:45:00,9,179.14,281.88,30.54,1.0,223.91,0.01,105.27,68.54,28.41
2026-06-07 23:50:00,9,179.14,281.88,30.95,2.0,285.17,0.01,134.06,75.1,28.28
2026-06-07 23:55:00,9,179.14,281.88,30.9,1.0,235.47,0.01,110.7,69.6,28.16
2026-06-08 00:00:00,9,179.14,281.88,30.64,2.0,240.35,0.01,112.99,70.41,28.04
2026-06-08 00:05:00,9,179.14,281.88,30.55,1.0,289.6,0.0,136.15,75.23,27.91
2026-06-08 00:10:00,9,179.14,281.88,32.12,3.0,282.7,0.01,132.9,75.17,27.78
2026-06-08 00:15:00,9,179.14,281.88,30.91,1.0,235.58,0.01,110.75,69.61,27.66
2026-06-08 00:20:00,9,179.14,281.88,30.8,1.0,227.86,0.01,107.12,68.9,27.55
2026-06-08 00:25:00,9,179.14,281.88,31.05,0.0,241.16,0.0,113.37,69.77,27.43
2026-06-08 00:30:00,9,179.14,281.88,30.15,2.0,194.03,0.02,91.22,66.43,27.31
2026-06-08 00:35:00,9,179.14,281.88,31.56,1.0,222.13,0.01,104.43,68.39,27.2
2026-06-08 00:40:00,9,179.14,281.88,32.03,1.0,250.32,0.01,117.68,71.04,27.08
2026-06-08 00:45:00,9,179.14,281.88,31.08,1.0,208.37,0.01,97.96,67.21,26.96
2026-06-08 00:50:00,9,179.14,281.88,30.39,2.0,222.2,0.01,104.46,68.74,26.84
2026-06-08 00:55:00,9,179.14,281.88,32.3,1.0,289.55,0.0,136.12,75.23,26.72
2026-06-08 01:00:00,9,179.14,281.88,31.4,2.0,291.96,0.01,137.25,75.88,26.59
2026-06-08 01:05:00,9,179.14,281.88,31.51,0.0,244.24,0.0,114.82,70.07,26.47
2026-06-08 01:10:00,9,179.14,281.88,30.89,0.0,303.63,0.0,142.74,76.54,26.33
2026-06-08 01:15:00,9,179.14,281.88,31.51,2.0,301.34,0.01,141.67,76.99,26.2
2026-06-08 01:20:00,9,179.14,281.88,31.09,0.0,250.9,0.0,117.95,70.72,26.08
2026-06-08 01:25:00,9,179.14,281.88,31.11,5.0,242.19,0.03,113.86,71.68,25.96
2026-06-08 01:30:00,9,179.14,281.88,32.33,3.0,240.16,0.02,112.9,70.77,25.84
2026-06-08 01:35:00,9,179.14,281.88,30.58,2.0,264.61,0.01,124.4,72.85,25.71
2026-06-08 01:40:00,9,179.14,281.88,31.83,3.0,262.91,0.01,123.6,73.02,25.59
2026-06-08 01:45:00,9,179.14,281.88,31.89,5.0,271.87,0.02,127.81,74.7,25.46
2026-06-08 01:50:00,9,179.14,281.88,31.82,12.0,302.75,0.04,142.33,80.72,25.32
2026-06-08 01:55:00,9,179.14,281.88,32.4,3.0,252.78,0.01,118.83,71.98,25.2
2026-06-08 02:00:00,9,179.14,281.88,30.94,3.0,239.2,0.02,112.45,70.67,25.08
2026-06-08 02:05:00,9,179.14,281.88,31.89,2.0,305.82,0.01,143.77,77.53,24.95
2026-06-08 02:10:00,9,179.14,281.88,31.8,3.0,260.03,0.01,122.25,72.72,24.82
2026-06-08 02:15:00,9,179.14,281.88,32.05,1.0,298.1,0.0,140.14,76.23,24.69
2026-06-08 02:20:00,9,179.14,281.88,31.32,3.0,270.46,0.01,127.15,73.82,24.57
2026-06-08 02:25:00,9,179.14,281.88,32.28,0.0,261.46,0.0,122.91,71.8,24.44
2026-06-08 02:30:00,9,179.14,281.88,32.84,0.0,222.93,0.0,104.8,68.09,24.33
2026-06-08 02:35:00,9,179.14,281.88,32.57,0.0,224.19,0.0,105.39,68.2,24.21
2026-06-08 02:40:00,9,179.14,281.88,32.16,6.0,233.21,0.04,109.64,71.2,24.09
2026-06-08 02:45:00,9,179.14,281.88,32.57,2.0,288.2,0.01,135.49,75.45,23.96
2026-06-08 02:50:00,9,179.14,281.88,33.29,2.0,214.41,0.01,100.8,68.07,23.84
2026-06-08 02:55:00,9,179.14,281.88,32.86,0.0,245.29,0.0,115.32,70.17,23.72
2026-06-08 03:00:00,9,179.14,281.88,32.77,1.0,278.25,0.0,130.81,73.96,23.6
2026-06-08 03:05:00,9,179.14,281.88,32.5,1.0,280.01,0.0,131.64,74.15,23.47
2026-06-08 03:10:00,9,179.14,281.88,33.71,2.0,223.05,0.01,104.86,68.82,23.35
2026-06-08 03:15:00,9,179.14,281.88,33.96,2.0,238.19,0.01,111.98,70.21,23.23
2026-06-08 03:20:00,9,179.14,281.88,33.32,2.0,286.82,0.01,134.84,75.29,23.1
2026-06-08 03:25:00,9,179.14,281.88,33.07,3.0,269.35,0.01,126.63,73.71,22.98
2026-06-08 03:30:00,9,179.14,281.88,32.98,4.0,209.04,0.03,98.27,68.36,22.86
2026-06-08 03:35:00,9,179.14,281.88,33.95,0.0,267.13,0.0,125.58,72.4,22.74
2026-06-08 03:40:00,9,179.14,281.88,33.73,2.0,225.89,0.01,106.19,69.08,22.62
2026-06-08 03:45:00,9,179.14,281.88,34.01,1.0,262.33,0.0,123.33,72.25,22.5
2026-06-08 03:50:00,9,179.14,281.88,33.75,2.0,267.69,0.01,125.85,73.18,22.37
2026-06-08 03:55:00,9,179.14,281.88,34.42,4.0,317.39,0.01,149.21,79.67,22.24
2026-06-08 04:00:00,9,179.14,281.88,34.41,2.0,312.11,0.01,146.73,78.3,22.1
2026-06-08 04:05:00,9,179.14,281.88,34.48,1.0,265.73,0.0,124.92,72.6,21.98
2026-06-08 04:10:00,9,179.14,281.88,34.36,1.0,292.0,0.0,137.27,75.52,21.85
2026-06-08 04:15:00,9,179.14,281.88,34.9,2.0,205.99,0.02,96.84,67.39,21.73
2026-06-08 04:20:00,9,179.14,281.88,35.33,0.0,240.68,0.0,113.15,69.73,21.61
2026-06-08 04:25:00,9,179.14,281.88,34.97,0.0,241.26,0.0,113.42,69.79,21.49
2026-06-08 04:30:00,9,179.14,281.88,35.14,0.0,222.62,0.0,104.66,68.07,21.38
2026-06-08 04:35:00,9,179.14,281.88,35.4,2.0,271.27,0.01,127.53,73.57,21.25
2026-06-08 04:40:00,9,179.14,281.88,36.52,1.0,286.73,0.0,134.8,74.92,21.12
2026-06-08 04:45:00,9,179.14,281.88,36.3,1.0,257.85,0.0,121.22,71.79,21.0
2026-06-08 04:50:00,9,179.14,281.88,36.41,2.0,239.92,0.01,112.79,70.38,20.88
2026-06-08 04:55:00,9,179.14,281.88,37.01,0.0,266.04,0.0,125.07,72.29,20.76
2026-06-08 05:00:00,9,179.14,281.88,36.67,0.0,268.12,0.0,126.05,72.51,20.63
2026-06-08 05:05:00,9,179.14,281.88,36.18,0.0,248.03,0.0,116.6,70.45,20.51
2026-06-08 05:10:00,9,179.14,281.88,36.69,1.0,250.32,0.01,117.68,71.05,20.39
2026-06-08 05:15:00,9,179.14,281.88,36.41,2.0,302.36,0.01,142.14,77.11,20.26
2026-06-08 05:20:00,9,179.14,281.88,37.04,4.0,287.08,0.02,134.96,76.05,20.13
2026-06-08 05:25:00,9,179.14,281.88,37.27,0.0,245.68,0.0,115.5,70.22,20.01
2026-06-08 05:30:00,9,179.14,281.88,36.55,1.0,301.18,0.0,141.59,76.6,19.88
2026-06-08 05:35:00,9,179.14,281.88,37.77,0.0,285.1,0.0,134.03,74.38,19.75
2026-06-08 05:40:00,9,179.14,281.88,37.21,2.0,268.3,0.01,126.13,73.25,19.63
2026-06-08 05:45:00,9,179.14,281.88,37.91,0.0,228.52,0.0,107.43,68.6,19.51
2026-06-08 05:50:00,9,179.14,281.88,37.87,1.0,248.48,0.01,116.81,70.86,19.39
2026-06-08 05:55:00,9,179.14,281.88,37.62,2.0,272.72,0.01,128.21,73.73,19.26
2026-06-08 06:00:00,9,179.14,281.88,38.64,1.0,267.14,0.0,125.59,72.76,19.14
2026-06-08 06:05:00,9,179.14,281.88,38.76,0.0,267.05,0.0,125.55,72.4,19.02
2026-06-08 06:10:00,9,179.14,281.88,38.67,1.0,301.51,0.0,141.74,76.65,18.88
2026-06-08 06:15:00,9,179.14,281.88,39.2,0.0,251.05,0.0,118.02,70.75,18.76
2026-06-08 06:20:00,9,179.14,281.88,38.97,0.0,226.83,0.0,106.63,68.45,18.65
2026-06-08 06:25:00,9,179.14,281.88,39.85,0.0,225.05,0.0,105.8,68.29,18.53
2026-06-08 06:30:00,9,179.14,281.88,38.8,2.0,233.93,0.01,109.98,69.82,18.41
2026-06-08 06:35:00,9,179.14,281.88,39.01,0.0,256.64,0.0,120.65,71.32,18.29
2026-06-08 06:40:00,9,179.14,281.88,39.5,1.0,272.8,0.0,128.25,73.37,18.16
2026-06-08 06:45:00,9,179.14,281.88,40.65,1.0,245.97,0.01,115.64,70.63,18.04
2026-06-08 06:50:00,9,179.14,281.88,40.54,1.0,242.57,0.01,114.03,70.29,17.92
2026-06-08 06:55:00,9,179.14,281.88,40.11,0.0,198.26,0.0,93.21,66.04,17.81
2026-06-08 07:00:00,9,179.14,281.88,40.54,1.0,263.51,0.0,123.88,72.38,17.69
2026-06-08 07:05:00,9,179.14,281.88,39.31,0.0,194.38,0.0,91.38,65.73,17.57
2026-06-08 07:10:00,9,179.14,281.88,40.13,1.0,278.21,0.0,130.79,73.96,17.45
2026-06-08 07:15:00,9,179.14,281.88,40.81,2.0,282.7,0.01,132.9,74.84,17.32
2026-06-08 07:20:00,9,179.14,281.88,40.6,1.0,298.46,0.0,140.31,76.29,17.19
2026-06-08 07:25:00,9,179.14,281.88,40.57,0.0,276.15,0.0,129.82,73.39,17.06
2026-06-08 07:30:00,9,179.14,281.88,40.63,2.0,230.03,0.01,108.14,69.46,16.94
2026-06-08 07:35:00,9,179.14,281.88,41.15,0.0,267.33,0.0,125.68,72.44,16.82
2026-06-08 07:40:00,9,179.14,281.88,41.2,1.0,297.03,0.0,139.64,76.12,16.69
2026-06-08 07:45:00,9,179.14,281.88,41.87,0.0,282.44,0.0,132.78,74.09,16.56
2026-06-08 07:50:00,9,179.14,281.88,41.58,0.0,272.52,0.0,128.11,72.99,16.44
2026-06-08 07:55:00,9,179.14,281.88,41.94,1.0,237.03,0.01,111.43,69.77,16.32
2026-06-08 08:00:00,9,179.14,281.88,40.32,0.0,255.63,0.0,120.18,71.22,16.2
2026-06-08 08:05:00,9,179.14,281.88,41.69,1.0,230.34,0.01,108.29,69.15,16.08
2026-06-08 08:10:00,9,179.14,281.88,41.4,1.0,212.06,0.01,99.69,67.54,15.96
2026-06-08 08:15:00,9,179.14,281.88,41.75,1.0,237.45,0.01,111.63,69.81,15.84
2026-06-08 08:20:00,9,179.14,281.88,42.23,1.0,294.89,0.0,138.63,75.87,15.72
2026-06-08 08:25:00,9,179.14,281.88,42.75,0.0,246.17,0.0,115.73,70.28,15.6
2026-06-08 08:30:00,9,179.14,281.88,42.77,0.0,239.5,0.0,112.59,69.63,15.48
2026-06-08 08:35:00,9,179.14,281.88,41.81,0.0,266.72,0.0,125.39,72.37,15.35
2026-06-08 08:40:00,9,179.14,281.88,42.37,0.0,224.8,0.0,105.68,68.27,15.24
2026-06-08 08:45:00,9,179.14,281.88,41.59,1.0,218.48,0.01,102.71,68.09,15.12
2026-06-08 08:50:00,9,179.14,281.88,42.93,1.0,194.71,0.01,91.54,66.14,15.01
2026-06-08 08:55:00,9,179.14,281.88,42.87,0.0,269.15,0.0,126.53,72.63,14.88
2026-06-08 09:00:00,9,179.14,281.88,42.58,1.0,285.33,0.0,134.14,74.77,14.75
2026-06-08 09:05:00,9,179.14,281.88,42.91,0.0,246.15,0.0,115.72,70.28,14.63
2026-06-08 09:10:00,9,179.14,281.88,42.77,0.0,245.0,0.0,115.18,70.16,14.51
2026-06-08 09:15:00,9,179.14,281.88,42.82,0.0,249.4,0.0,117.24,70.6,14.39
2026-06-08 09:20:00,9,179.14,281.88,42.74,0.0,281.79,0.0,132.47,74.02,14.27
2026-06-08 09:25:00,9,179.14,281.88,43.36,0.0,245.65,0.0,115.49,70.23,14.15
2026-06-08 09:30:00,9,179.14,281.88,43.55,0.0,203.79,0.0,95.81,66.49,14.03
2026-06-08 09:35:00,9,179.14,281.88,43.12,0.0,230.09,0.0,108.17,68.76,13.92
2026-06-08 09:40:00,9,179.14,281.88,43.4,0.0,242.97,0.0,114.22,69.97,13.8
2026-06-08 09:45:00,9,179.14,281.88,43.57,1.0,304.8,0.0,143.29,77.05,13.66
2026-06-08 09:50:00,9,179.14,281.88,44.39,0.0,245.62,0.0,115.47,70.23,13.54
2026-06-08 09:55:00,9,179.14,281.88,44.07,0.0,265.38,0.0,124.76,72.24,13.42
2026-06-08 10:00:00,9,179.14,281.88,43.85,2.0,267.23,0.01,125.63,73.15,13.3
2026-06-08 10:05:00,9,179.14,281.88,43.83,1.0,248.55,0.01,116.85,70.89,13.18
2026-06-08 10:10:00,9,179.14,281.88,44.39,1.0,221.32,0.01,104.05,68.34,13.06
2026-06-08 10:15:00,9,179.14,281.88,44.52,0.0,219.67,0.0,103.27,67.83,12.94
2026-06-08 10:20:00,9,179.14,281.88,44.52,1.0,256.3,0.0,120.49,71.64,12.82
2026-06-08 10:25:00,9,179.14,281.88,43.85,1.0,267.16,0.0,125.59,72.77,12.7
2026-06-08 10:30:00,9,179.14,281.88,44.47,1.0,258.15,0.0,121.36,71.83,12.57
2026-06-08 10:35:00,9,179.14,281.88,44.14,1.0,233.57,0.01,109.8,69.45,12.45
2026-06-08 10:40:00,9,179.14,281.88,44.51,1.0,256.78,0.0,120.72,71.69,12.33
2026-06-08 10:45:00,9,179.14,281.88,43.89,0.0,249.48,0.0,117.29,70.61,12.21
2026-06-08 10:50:00,9,179.14,281.88,44.18,0.0,224.95,0.0,105.75,68.29,12.09
2026-06-08 10:55:00,9,179.14,281.88,44.54,1.0,250.54,0.01,117.78,71.08,11.97
2026-06-08 11:00:00,9,179.14,281.88,45.41,2.0,256.92,0.01,120.78,72.08,11.85
2026-06-08 11:05:00,9,179.14,281.88,44.48,4.0,230.64,0.02,108.43,70.25,11.73
2026-06-08 11:10:00,9,179.14,281.88,45.29,1.0,266.26,0.0,125.17,72.68,11.61
2026-06-08 11:15:00,9,179.14,281.88,44.97,3.0,287.03,0.01,134.94,75.69,11.48
2026-06-08 11:20:00,9,179.14,281.88,44.3,0.0,197.27,0.0,92.74,65.97,11.36
2026-06-08 11:25:00,9,179.14,281.88,45.16,3.0,221.22,0.02,104.0,69.05,11.25
2026-06-08 11:30:00,9,179.14,281.88,44.71,2.0,245.09,0.01,115.22,70.9,11.12
2026-06-08 11:35:00,9,179.14,281.88,44.71,2.0,219.65,0.01,103.26,68.54,11.01
2026-06-08 11:40:00,9,179.14,281.88,44.77,0.0,215.7,0.0,101.41,67.48,10.89
2026-06-08 11:45:00,9,179.14,281.88,45.33,0.0,266.13,0.0,125.11,72.32,10.77
2026-06-08 11:50:00,9,179.14,281.88,45.36,2.0,217.43,0.01,102.22,68.35,10.65
2026-06-08 11:55:00,9,179.14,281.88,45.06,0.0,268.61,0.0,126.28,72.58,10.53
2026-06-08 12:00:00,9,179.14,281.88,45.71,0.0,231.14,0.0,108.66,68.86,10.41
2026-06-08 12:05:00,9,179.14,281.88,44.15,2.0,264.68,0.01,124.43,72.88,10.28
2026-06-08 12:10:00,9,179.14,281.88,44.34,0.0,240.42,0.0,113.03,69.73,10.17
2026-06-08 12:15:00,9,179.14,281.88,45.18,0.0,259.12,0.0,121.82,71.59,10.04
2026-06-08 12:20:00,9,179.14,281.88,46.04,1.0,232.64,0.01,109.37,69.37,9.92
2026-06-08 12:25:00,9,179.14,281.88,45.68,2.0,243.33,0.01,114.4,70.73,9.8
2026-06-08 12:30:00,9,179.14,281.88,43.52,1.0,240.62,0.01,113.12,70.11,9.68
2026-06-08 12:35:00,9,179.14,281.88,44.14,1.0,242.5,0.01,114.0,70.29,9.56
2026-06-08 12:40:00,9,179.14,281.88,45.05,3.0,275.06,0.01,129.31,74.35,9.44
2026-06-08 12:45:00,9,179.14,281.88,45.61,0.0,269.36,0.0,126.63,72.66,9.31
2026-06-08 12:50:00,9,179.14,281.88,45.34,2.0,280.12,0.01,131.69,74.56,9.19
2026-06-08 12:55:00,9,179.14,281.88,44.45,5.0,265.84,0.02,124.97,74.07,9.06
2026-06-08 13:00:00,9,179.14,281.88,45.54,1.0,237.3,0.01,111.56,69.8,8.94
2026-06-08 13:05:00,9,179.14,281.88,45.51,0.0,175.1,0.0,82.32,64.33,8.83
2026-06-08 13:10:00,9,179.14,281.88,44.76,0.0,276.33,0.0,129.91,73.42,8.7
2026-06-08 13:15:00,9,179.14,281.88,45.07,2.0,216.92,0.01,101.98,68.31,8.59
2026-06-08 13:20:00,9,179.14,281.88,43.71,2.0,209.28,0.01,98.39,67.66,8.47
2026-06-08 13:25:00,9,179.14,281.88,44.58,0.0,218.38,0.0,102.67,67.72,8.36
2026-06-08 13:30:00,9,179.14,281.88,44.4,1.0,230.43,0.01,108.33,69.16,8.24
2026-06-08 13:35:00,9,179.14,281.88,44.65,1.0,210.18,0.01,98.81,67.39,8.12
2026-06-08 13:40:00,9,179.14,281.88,44.11,1.0,229.59,0.01,107.93,69.08,8.0
2026-06-08 13:45:00,9,179.14,281.88,44.77,0.0,277.33,0.0,130.38,73.53,7.88
2026-06-08 13:50:00,9,179.14,281.88,44.12,1.0,241.17,0.01,113.38,70.17,7.76
2026-06-08 13:55:00,9,179.14,281.88,43.37,1.0,235.4,0.01,110.66,69.62,7.64
2026-06-08 14:00:00,9,179.14,281.88,43.45,2.0,257.41,0.01,121.01,72.12,7.52
2026-06-08 14:05:00,9,179.14,281.88,44.1,3.0,286.79,0.01,134.82,75.66,7.39
2026-06-08 14:10:00,9,179.14,281.88,43.86,2.0,271.08,0.01,127.44,73.56,7.26
2026-06-08 14:15:00,9,179.14,281.88,43.5,0.0,276.98,0.0,130.21,73.49,7.14
2026-06-08 14:20:00,9,179.14,281.88,43.89,1.0,254.57,0.0,119.68,71.47,7.01
2026-06-08 14:25:00,9,179.14,281.88,43.52,1.0,258.35,0.0,121.45,71.85,6.89
2026-06-08 14:30:00,9,179.14,281.88,43.78,0.0,271.47,0.0,127.62,72.88,6.77
2026-06-08 14:35:00,9,179.14,281.88,42.6,1.0,288.45,0.0,135.61,75.12,6.64
2026-06-08 14:40:00,9,179.14,281.88,43.54,0.0,219.71,0.0,103.29,67.83,6.52
2026-06-08 14:45:00,9,179.14,281.88,42.8,1.0,236.42,0.01,111.15,69.71,6.4
2026-06-08 14:50:00,9,179.14,281.88,42.32,3.0,238.01,0.02,111.89,70.58,6.28
2026-06-08 14:55:00,9,179.14,281.88,43.31,5.0,291.22,0.02,136.91,76.89,6.15
2026-06-08 15:00:00,9,179.14,281.88,43.79,3.0,276.05,0.01,129.78,74.46,6.02
2026-06-08 15:05:00,9,179.14,281.88,42.46,1.0,258.42,0.0,121.49,71.86,5.9
2026-06-08 15:10:00,9,179.14,281.88,42.31,0.0,253.83,0.0,119.33,71.04,5.78
2026-06-08 15:15:00,9,179.14,281.88,42.68,0.0,268.77,0.0,126.35,72.59,5.66
2026-06-08 15:20:00,9,179.14,281.88,43.16,1.0,276.82,0.0,130.14,73.82,5.53
2026-06-08 15:25:00,9,179.14,281.88,41.89,2.0,242.76,0.01,114.13,70.67,5.41
2026-06-08 15:30:00,9,179.14,281.88,42.34,0.0,247.83,0.0,116.51,70.44,5.29
2026-06-08 15:35:00,9,179.14,281.88,42.53,0.0,222.74,0.0,104.71,68.09,5.17
2026-06-08 15:40:00,9,179.14,281.88,41.76,0.0,229.29,0.0,107.79,68.68,5.05
2026-06-08 15:45:00,9,179.14,281.88,42.4,0.0,232.57,0.0,109.33,68.98,4.94
2026-06-08 15:50:00,9,179.14,281.88,40.92,3.0,233.04,0.02,109.56,70.11,4.82
2026-06-08 15:55:00,9,179.14,281.88,41.55,2.0,229.1,0.01,107.7,69.38,4.7
2026-06-08 16:00:00,9,179.14,281.88,40.21,2.0,270.3,0.01,127.07,73.47,4.57
2026-06-08 16:05:00,9,179.14,281.88,41.29,1.0,247.02,0.01,116.13,70.73,4.45
2026-06-08 16:10:00,9,179.14,281.88,41.36,3.0,272.9,0.01,128.29,74.1,4.32
2026-06-08 16:15:00,9,179.14,281.88,40.87,0.0,290.9,0.0,136.76,75.05,4.2
2026-06-08 16:20:00,9,179.14,281.88,40.66,1.0,243.84,0.01,114.63,70.42,4.08
2026-06-08 16:25:00,9,179.14,281.88,40.36,4.0,242.86,0.02,114.17,71.39,3.95
2026-06-08 16:30:00,9,179.14,281.88,40.51,3.0,285.41,0.01,134.17,75.49,3.83
2026-06-08 16:35:00,9,179.14,281.88,40.68,0.0,230.98,0.0,108.59,68.83,3.71
2026-06-08 16:40:00,9,179.14,281.88,40.43,0.0,243.43,0.0,114.44,70.01,3.59
2026-06-08 16:45:00,9,179.14,281.88,40.59,0.0,253.39,0.0,119.12,70.99,3.47
2026-06-08 16:50:00,9,179.14,281.88,39.64,2.0,239.27,0.01,112.49,70.33,3.35
2026-06-08 16:55:00,9,179.14,281.88,40.03,1.0,286.99,0.0,134.92,74.95,3.22
2026-06-08 17:00:00,9,179.14,281.88,39.64,1.0,239.04,0.01,112.38,69.95,3.1
2026-06-08 17:05:00,9,179.14,281.88,39.35,2.0,318.67,0.01,149.81,79.14,2.96
2026-06-08 17:10:00,9,179.14,281.88,40.34,1.0,222.36,0.01,104.53,68.42,2.85
2026-06-08 17:15:00,9,179.14,281.88,39.14,0.0,235.67,0.0,110.79,69.26,2.73
2026-06-08 17:20:00,9,179.14,281.88,38.91,2.0,279.77,0.01,131.53,74.51,2.6
2026-06-08 17:25:00,9,179.14,281.88,39.93,1.0,282.52,0.0,132.82,74.45,2.47
2026-06-08 17:30:00,9,179.14,281.88,38.67,0.0,265.18,0.0,124.67,72.2,2.35
2026-06-08 17:35:00,9,179.14,281.88,38.53,2.0,204.51,0.02,96.14,67.27,2.24
2026-06-08 17:40:00,9,179.14,281.88,39.09,2.0,247.95,0.01,116.57,71.17,2.11
2026-06-08 17:45:00,9,179.14,281.88,38.33,0.0,251.1,0.0,118.05,70.76,1.99
2026-06-08 17:50:00,9,179.14,281.88,37.28,2.0,216.3,0.01,101.68,68.24,1.88
2026-06-08 17:55:00,9,179.14,281.88,38.79,0.0,225.55,0.0,106.04,68.34,1.76
2026-06-08 18:00:00,9,179.14,281.88,38.12,2.0,246.97,0.01,116.11,71.07,1.64
2026-06-08 18:05:00,9,179.14,281.88,37.75,0.0,279.81,0.0,131.54,73.79,1.51
2026-06-08 18:10:00,9,179.14,281.88,38.32,1.0,300.02,0.0,141.05,76.47,1.38
2026-06-08 18:15:00,9,179.14,281.88,38.39,1.0,273.61,0.0,128.63,73.46,1.26
2026-06-08 18:20:00,9,179.14,281.88,37.4,0.0,258.03,0.0,121.31,71.46,1.13
2026-06-08 18:25:00,9,179.14,281.88,37.65,2.0,294.88,0.01,138.63,76.23,1.0
2026-06-08 18:30:00,9,179.14,281.88,36.79,1.0,221.57,0.01,104.16,68.35,0.89
2026-06-08 18:35:00,9,179.14,281.88,37.27,0.0,254.76,0.0,119.77,71.12,0.76
2026-06-08 18:40:00,9,179.14,281.88,36.93,0.0,278.15,0.0,130.76,73.6,0.64
2026-06-08 18:45:00,9,179.14,281.88,36.48,0.0,259.81,0.0,122.14,71.64,0.52
2026-06-08 18:50:00,9,179.14,281.88,36.58,0.0,254.27,0.0,119.54,71.07,0.39
2026-06-08 18:55:00,9,179.14,281.88,35.93,1.0,228.8,0.01,107.56,68.99,0.28
2026-06-08 19:00:00,9,179.14,281.88,36.78,1.0,260.3,0.0,122.37,72.04,0.15
2026-06-08 19:05:00,9,179.14,281.88,36.73,0.0,249.79,0.0,117.43,70.62,0.03
2026-06-08 19:10:00,9,179.14,281.88,35.87,2.0,256.59,0.01,120.63,72.03,0.0
2026-06-08 19:15:00,9,179.14,281.88,35.79,0.0,265.86,0.0,124.98,72.27,0.0
2026-06-08 19:20:00,9,179.14,281.88,34.75,1.0,223.26,0.01,104.96,68.49,0.0
2026-06-08 19:25:00,9,179.14,281.88,35.27,0.0,296.33,0.0,139.31,75.68,0.0
2026-06-08 19:30:00,9,179.14,281.88,34.36,1.0,241.56,0.01,113.56,70.18,0.0
2026-06-08 19:35:00,9,179.14,281.88,35.2,0.0,252.98,0.0,118.93,70.94,0.0
2026-06-08 19:40:00,9,179.14,281.88,35.37,1.0,287.92,0.0,135.36,75.05,0.0
2026-06-08 19:45:00,9,179.14,281.88,35.07,0.0,274.99,0.0,129.28,73.25,0.0
2026-06-08 19:50:00,9,179.14,281.88,34.33,2.0,255.72,0.01,120.22,71.94,0.0
2026-06-08 19:55:00,9,179.14,281.88,33.94,2.0,251.39,0.01,118.18,71.5,0.0
2026-06-08 20:00:00,9,179.14,281.88,35.54,1.0,231.75,0.01,108.95,69.26,0.0
2026-06-08 20:05:00,9,179.14,281.88,34.21,0.0,271.07,0.0,127.44,72.82,0.0
2026-06-08 20:10:00,9,179.14,281.88,34.65,0.0,274.95,0.0,129.26,73.25,0.0
2026-06-08 20:15:00,9,179.14,281.88,33.78,0.0,259.67,0.0,122.08,71.62,0.0
2026-06-08 20:20:00,9,179.14,281.88,34.02,0.0,224.34,0.0,105.47,68.22,0.0
2026-06-08 20:25:00,9,179.14,281.88,33.82,0.0,248.45,0.0,116.8,70.48,0.0
2026-06-08 20:30:00,9,179.14,281.88,33.61,0.0,213.72,0.0,100.47,67.29,0.0
2026-06-08 20:35:00,9,179.14,281.88,34.14,1.0,262.25,0.0,123.29,72.24,0.0
2026-06-08 20:40:00,9,179.14,281.88,34.05,1.0,289.74,0.0,136.21,75.25,0.0
2026-06-08 20:45:00,9,179.14,281.88,33.31,1.0,230.29,0.01,108.26,69.12,0.0
2026-06-08 20:50:00,9,179.14,281.88,33.07,0.0,278.2,0.0,130.79,73.6,0.0
2026-06-08 20:55:00,9,179.14,281.88,33.9,0.0,285.43,0.0,134.18,74.41,0.0
2026-06-08 21:00:00,9,179.14,281.88,32.81,1.0,293.11,0.0,137.8,75.64,0.0
2026-06-08 21:05:00,9,179.14,281.88,33.38,0.0,261.18,0.0,122.79,71.78,0.0
2026-06-08 21:10:00,9,179.14,281.88,33.26,1.0,287.54,0.0,135.18,75.0,0.0
2026-06-08 21:15:00,9,179.14,281.88,32.99,2.0,245.77,0.01,115.54,70.94,0.0
2026-06-08 21:20:00,9,179.14,281.88,32.28,1.0,280.96,0.0,132.09,74.26,0.0
2026-06-08 21:25:00,9,179.14,281.88,32.38,1.0,260.49,0.0,122.46,72.05,0.0
2026-06-08 21:30:00,9,179.14,281.88,32.01,0.0,240.21,0.0,112.93,69.68,0.0
2026-06-08 21:35:00,9,179.14,281.88,32.38,2.0,271.07,0.01,127.44,73.54,0.0
2026-06-08 21:40:00,9,179.14,281.88,32.04,3.0,292.4,0.01,137.46,76.28,0.0
2026-06-08 21:45:00,9,179.14,281.88,32.04,0.0,230.36,0.0,108.3,68.76,0.0
2026-06-08 21:50:00,9,179.14,281.88,31.99,0.0,241.17,0.0,113.38,69.77,0.0
2026-06-08 21:55:00,9,179.14,281.88,31.56,2.0,302.36,0.01,142.15,77.11,0.0
2026-06-08 22:00:00,9,179.14,281.88,31.48,2.0,261.39,0.01,122.89,72.51,0.0
2026-06-08 22:05:00,9,179.14,281.88,32.07,2.0,222.89,0.01,104.78,68.8,0.0
2026-06-08 22:10:00,9,179.14,281.88,31.98,2.0,290.33,0.01,136.49,75.69,0.0
2026-06-08 22:15:00,9,179.14,281.88,32.03,1.0,180.59,0.01,84.9,65.06,0.0
2026-06-08 22:20:00,9,179.14,281.88,31.89,0.0,204.0,0.0,95.91,66.48,0.0
2026-06-08 22:25:00,9,179.14,281.88,31.45,3.0,228.75,0.02,107.54,69.7,0.0
2026-06-08 22:30:00,9,179.14,281.88,31.8,0.0,274.49,0.0,129.04,73.19,0.0
2026-06-08 22:35:00,9,179.14,281.88,30.77,1.0,279.88,0.0,131.58,74.13,0.0
2026-06-08 22:40:00,9,179.14,281.88,31.45,2.0,252.55,0.01,118.73,71.61,0.0
2026-06-08 22:45:00,9,179.14,281.88,30.22,0.0,259.26,0.0,121.88,71.57,0.0
2026-06-08 22:50:00,9,179.14,281.88,31.8,4.0,236.59,0.02,111.23,70.78,0.0
2026-06-08 22:55:00,9,179.14,281.88,32.05,0.0,223.42,0.0,105.03,68.13,0.0
2026-06-08 23:00:00,9,179.14,281.88,30.58,1.0,267.56,0.0,125.78,72.79,0.0
2026-06-08 23:05:00,9,179.14,281.88,31.21,3.0,247.39,0.02,116.3,71.47,0.0
2026-06-08 23:10:00,9,179.14,281.88,31.17,1.0,216.07,0.01,101.58,67.86,0.0
2026-06-08 23:15:00,9,179.14,281.88,31.75,0.0,260.36,0.0,122.4,71.69,0.0
2026-06-08 23:20:00,9,179.14,281.88,30.91,0.0,247.08,0.0,116.16,70.35,0.0
2026-06-08 23:25:00,9,179.14,281.88,31.82,0.0,285.14,0.0,134.05,74.38,0.0
2026-06-08 23:30:00,9,179.14,281.88,31.38,2.0,245.2,0.01,115.27,70.88,0.0
2026-06-08 23:35:00,9,179.14,281.88,30.26,0.0,299.95,0.0,141.01,76.1,0.0
2026-06-08 23:40:00,9,179.14,281.88,31.92,0.0,248.56,0.0,116.85,70.49,0.0
2026-06-08 23:45:00,9,179.14,281.88,31.71,2.0,267.79,0.01,125.89,73.19,0.0
2026-06-08 23:50:00,9,179.14,281.88,31.05,2.0,229.26,0.01,107.78,69.38,0.0
2026-06-08 23:55:00,9,179.14,281.88,30.68,2.0,293.42,0.01,137.94,76.05,0.0
2026-06-09 00:00:00,9,179.14,281.88,30.94,0.0,244.92,0.0,115.14,70.13,0.0
2026-06-09 00:05:00,9,179.14,281.88,30.58,1.0,254.88,0.0,119.83,71.47,0.0
2026-06-09 00:10:00,9,179.14,281.88,30.67,1.0,276.0,0.0,129.75,73.7,0.0
2026-06-09 00:15:00,9,179.14,281.88,31.08,1.0,278.99,0.0,131.16,74.03,0.0
2026-06-09 00:20:00,9,179.14,281.88,31.21,0.0,212.01,0.0,99.67,67.14,0.0
2026-06-09 00:25:00,9,179.14,281.88,31.48,2.0,264.46,0.01,124.33,72.83,0.0
2026-06-09 00:30:00,9,179.14,281.88,31.48,3.0,273.58,0.01,128.62,74.16,0.0
2026-06-09 00:35:00,9,179.14,281.88,31.32,1.0,266.28,0.0,125.18,72.66,0.0
2026-06-09 00:40:00,9,179.14,281.88,30.88,2.0,274.2,0.01,128.91,73.88,0.0
2026-06-09 00:45:00,9,179.14,281.88,31.28,6.0,293.73,0.02,138.09,77.5,0.0
2026-06-09 00:50:00,9,179.14,281.88,31.65,4.0,315.39,0.01,148.27,79.41,0.0
2026-06-09 00:55:00,9,179.14,281.88,30.28,3.0,243.78,0.02,114.61,71.11,0.0
2026-06-09 01:00:00,9,179.14,281.88,31.27,5.0,295.59,0.02,138.96,77.37,0.0
2026-06-09 01:05:00,9,179.14,281.88,30.86,1.0,209.66,0.01,98.56,67.31,0.0
2026-06-09 01:10:00,9,179.14,281.88,30.89,3.0,235.36,0.02,110.65,70.31,0.0
2026-06-09 01:15:00,9,179.14,281.88,32.36,3.0,256.43,0.01,120.55,72.35,0.0
2026-06-09 01:20:00,9,179.14,281.88,31.43,0.0,299.8,0.0,140.94,76.08,0.0
2026-06-09 01:25:00,9,179.14,281.88,31.86,3.0,274.74,0.01,129.16,74.29,0.0
2026-06-09 01:30:00,9,179.14,281.88,31.18,3.0,241.68,0.02,113.62,70.91,0.0
2026-06-09 01:35:00,9,179.14,281.88,31.34,8.0,301.67,0.03,141.82,79.16,0.0
2026-06-09 01:40:00,9,179.14,281.88,31.48,1.0,262.52,0.0,123.42,72.26,0.0
2026-06-09 01:45:00,9,179.14,281.88,31.61,2.0,245.41,0.01,115.37,70.9,0.0
2026-06-09 01:50:00,9,179.14,281.88,31.82,3.0,274.34,0.01,128.97,74.24,0.0
2026-06-09 01:55:00,9,179.14,281.88,31.6,1.0,216.05,0.01,101.57,67.86,0.0
2026-06-09 02:00:00,9,179.14,281.88,32.11,0.0,281.34,0.0,132.26,73.95,0.0
2026-06-09 02:05:00,9,179.14,281.88,32.45,2.0,223.3,0.01,104.98,68.84,100.0
2026-06-09 02:10:00,9,179.14,281.88,32.81,3.0,234.45,0.02,110.22,70.23,99.88
2026-06-09 02:15:00,9,179.14,281.88,32.34,2.0,231.37,0.01,108.77,69.57,99.76
2026-06-09 02:20:00,9,179.14,281.88,32.14,3.0,275.96,0.01,129.73,74.42,99.63
2026-06-09 02:25:00,9,179.14,281.88,31.79,0.0,243.94,0.0,114.68,70.04,99.51
2026-06-09 02:30:00,9,179.14,281.88,31.84,1.0,296.49,0.0,139.39,76.04,99.38
2026-06-09 02:35:00,9,179.14,281.88,32.46,0.0,206.72,0.0,97.18,66.7,99.27
2026-06-09 02:40:00,9,179.14,281.88,33.48,2.0,264.02,0.01,124.12,72.79,99.15
2026-06-09 02:45:00,9,179.14,281.88,32.53,1.0,241.33,0.01,113.45,70.16,99.03
2026-06-09 02:50:00,9,179.14,281.88,32.51,0.0,241.29,0.0,113.44,69.79,98.91
2026-06-09 02:55:00,9,179.14,281.88,32.57,3.0,259.61,0.01,122.05,72.68,98.78
2026-06-09 03:00:00,9,179.14,281.88,32.15,4.0,272.24,0.02,127.99,74.39,98.66
2026-06-09 03:05:00,9,179.14,281.88,34.38,2.0,262.32,0.01,123.32,72.61,98.53
2026-06-09 03:10:00,9,179.14,281.88,33.06,1.0,217.67,0.01,102.33,68.0,98.41
2026-06-09 03:15:00,9,179.14,281.88,34.28,1.0,276.61,0.0,130.04,73.78,98.29
2026-06-09 03:20:00,9,179.14,281.88,33.47,1.0,220.63,0.01,103.72,68.26,98.17
2026-06-09 03:25:00,9,179.14,281.88,33.77,3.0,240.82,0.02,113.21,70.83,98.05
2026-06-09 03:30:00,9,179.14,281.88,32.73,0.0,266.71,0.0,125.39,72.36,97.93
2026-06-09 03:35:00,9,179.14,281.88,33.86,4.0,256.9,0.02,120.77,72.77,97.8
2026-06-09 03:40:00,9,179.14,281.88,34.72,4.0,280.74,0.02,131.98,75.33,97.67
2026-06-09 03:45:00,9,179.14,281.88,33.68,0.0,282.22,0.0,132.68,74.05,97.55
2026-06-09 03:50:00,9,179.14,281.88,34.96,0.0,231.7,0.0,108.93,68.89,97.43
2026-06-09 03:55:00,9,179.14,281.88,34.71,2.0,289.33,0.01,136.02,75.58,97.3
2026-06-09 04:00:00,9,179.14,281.88,34.5,2.0,275.26,0.01,129.4,74.0,97.17
2026-06-09 04:05:00,9,179.14,281.88,35.13,1.0,244.11,0.01,114.76,70.43,97.05
2026-06-09 04:10:00,9,179.14,281.88,34.73,3.0,259.28,0.01,121.89,72.65,96.93
2026-06-09 04:15:00,9,179.14,281.88,34.39,0.0,262.18,0.0,123.25,71.88,96.81
2026-06-09 04:20:00,9,179.14,281.88,35.42,2.0,247.16,0.01,116.19,71.08,96.69
2026-06-09 04:25:00,9,179.14,281.88,34.99,2.0,257.66,0.01,121.13,72.13,96.56
2026-06-09 04:30:00,9,179.14,281.88,36.02,0.0,293.35,0.0,137.91,75.33,96.43
2026-06-09 04:35:00,9,179.14,281.88,34.8,1.0,274.39,0.0,129.0,73.54,96.31
2026-06-09 04:40:00,9,179.14,281.88,35.69,0.0,255.19,0.0,119.97,71.16,96.19
2026-06-09 04:45:00,9,179.14,281.88,36.68,4.0,255.39,0.02,120.06,72.62,96.06
2026-06-09 04:50:00,9,179.14,281.88,35.96,1.0,248.01,0.01,116.59,70.81,95.94
2026-06-09 04:55:00,9,179.14,281.88,36.56,2.0,251.02,0.01,118.01,71.47,95.82
2026-06-09 05:00:00,9,179.14,281.88,36.82,0.0,255.15,0.0,119.95,71.16,95.7
2026-06-09 05:05:00,9,179.14,281.88,36.55,1.0,284.94,0.0,133.95,74.71,95.57
2026-06-09 05:10:00,9,179.14,281.88,36.6,3.0,259.9,0.01,122.18,72.72,95.45
2026-06-09 05:15:00,9,179.14,281.88,36.04,2.0,257.98,0.01,121.28,72.17,95.32
2026-06-09 05:20:00,9,179.14,281.88,36.02,0.0,283.64,0.0,133.34,74.21,95.2
2026-06-09 05:25:00,9,179.14,281.88,37.08,1.0,277.14,0.0,130.29,73.84,95.07
2026-06-09 05:30:00,9,179.14,281.88,37.84,1.0,235.94,0.01,110.92,69.66,94.95
2026-06-09 05:35:00,9,179.14,281.88,36.32,0.0,264.98,0.0,124.57,72.18,94.83
2026-06-09 05:40:00,9,179.14,281.88,37.57,0.0,250.05,0.0,117.55,70.65,94.71
2026-06-09 05:45:00,9,179.14,281.88,37.49,1.0,239.74,0.01,112.71,70.02,94.59
2026-06-09 05:50:00,9,179.14,281.88,37.69,0.0,217.77,0.0,102.38,67.65,94.47
2026-06-09 05:55:00,9,179.14,281.88,37.07,2.0,232.53,0.01,109.31,69.69,94.35
2026-06-09 06:00:00,9,179.14,281.88,37.8,0.0,246.08,0.0,115.68,70.26,94.23
2026-06-09 06:05:00,9,179.14,281.88,38.87,1.0,226.02,0.01,106.26,68.75,94.11
2026-06-09 06:10:00,9,179.14,281.88,37.87,1.0,274.92,0.0,129.24,73.6,93.99
2026-06-09 06:15:00,9,179.14,281.88,38.2,0.0,245.34,0.0,115.34,70.19,93.87
2026-06-09 06:20:00,9,179.14,281.88,39.06,1.0,286.62,0.0,134.75,74.91,93.74
2026-06-09 06:25:00,9,179.14,281.88,37.98,1.0,245.13,0.01,115.24,70.54,93.62
2026-06-09 06:30:00,9,179.14,281.88,39.96,0.0,238.77,0.0,112.25,69.56,93.5
2026-06-09 06:35:00,9,179.14,281.88,39.28,1.0,274.28,0.0,128.94,73.53,93.37
2026-06-09 06:40:00,9,179.14,281.88,39.4,1.0,274.94,0.0,129.25,73.6,93.25
2026-06-09 06:45:00,9,179.14,281.88,40.36,0.0,235.74,0.0,110.82,69.27,93.13
2026-06-09 06:50:00,9,179.14,281.88,40.15,0.0,278.06,0.0,130.72,73.6,93.0
2026-06-09 06:55:00,9,179.14,281.88,40.25,0.0,243.93,0.0,114.68,70.06,92.89
2026-06-09 07:00:00,9,179.14,281.88,40.85,1.0,247.56,0.01,116.38,70.78,92.76
2026-06-09 07:05:00,9,179.14,281.88,40.11,0.0,232.72,0.0,109.4,68.99,92.65
2026-06-09 07:10:00,9,179.14,281.88,40.13,0.0,212.0,0.0,99.67,67.16,92.53
2026-06-09 07:15:00,9,179.14,281.88,40.38,0.0,296.47,0.0,139.38,75.7,92.4
2026-06-09 07:20:00,9,179.14,281.88,40.07,1.0,276.81,0.0,130.13,73.81,92.28
2026-06-09 07:25:00,9,179.14,281.88,39.91,0.0,282.13,0.0,132.64,74.05,92.15
2026-06-09 07:30:00,9,179.14,281.88,40.27,0.0,276.87,0.0,130.16,73.47,92.02
2026-06-09 07:35:00,9,179.14,281.88,40.93,0.0,239.57,0.0,112.62,69.64,91.9
2026-06-09 07:40:00,9,179.14,281.88,41.0,1.0,243.97,0.01,114.7,70.43,91.78
2026-06-09 07:45:00,9,179.14,281.88,41.73,0.0,275.07,0.0,129.32,73.27,91.66
2026-06-09 07:50:00,9,179.14,281.88,40.6,2.0,238.44,0.01,112.1,70.25,91.54
2026-06-09 07:55:00,9,179.14,281.88,41.3,1.0,254.4,0.0,119.6,71.44,91.42
2026-06-09 08:00:00,9,179.14,281.88,40.16,0.0,242.53,0.0,114.02,69.92,91.3
2026-06-09 08:05:00,9,179.14,281.88,40.71,2.0,293.87,0.01,138.15,76.12,91.17
2026-06-09 08:10:00,9,179.14,281.88,41.2,0.0,250.49,0.0,117.76,70.7,91.05
2026-06-09 08:15:00,9,179.14,281.88,41.45,1.0,240.59,0.01,113.1,70.1,90.93
2026-06-09 08:20:00,9,179.14,281.88,42.25,1.0,271.81,0.0,127.78,73.27,90.8
2026-06-09 08:25:00,9,179.14,281.88,41.98,0.0,264.9,0.0,124.53,72.18,90.68
2026-06-09 08:30:00,9,179.14,281.88,42.21,1.0,270.84,0.0,127.33,73.16,90.55
2026-06-09 08:35:00,9,179.14,281.88,42.13,0.0,280.77,0.0,131.99,73.9,90.43
2026-06-09 08:40:00,9,179.14,281.88,42.86,0.0,276.32,0.0,129.9,73.41,90.3
2026-06-09 08:45:00,9,179.14,281.88,42.65,0.0,270.18,0.0,127.02,72.74,90.18
2026-06-09 08:50:00,9,179.14,281.88,42.88,0.0,222.25,0.0,104.48,68.05,90.06
2026-06-09 08:55:00,9,179.14,281.88,42.49,0.0,254.48,0.0,119.64,71.11,89.94
2026-06-09 09:00:00,9,179.14,281.88,43.48,1.0,272.76,0.0,128.23,73.37,89.81
2026-06-09 09:05:00,9,179.14,281.88,43.27,1.0,264.33,0.0,124.27,72.47,89.69
2026-06-09 09:10:00,9,179.14,281.88,42.68,0.0,249.97,0.0,117.51,70.65,89.57
2026-06-09 09:15:00,9,179.14,281.88,43.26,0.0,285.43,0.0,134.19,74.43,89.44
2026-06-09 09:20:00,9,179.14,281.88,43.63,0.0,238.5,0.0,112.12,69.54,89.32
2026-06-09 09:25:00,9,179.14,281.88,44.04,0.0,228.66,0.0,107.5,68.63,89.21
2026-06-09 09:30:00,9,179.14,281.88,42.28,1.0,272.91,0.0,128.3,73.39,89.08
2026-06-09 09:35:00,9,179.14,281.88,44.05,1.0,288.3,0.0,135.54,75.11,88.95
2026-06-09 09:40:00,9,179.14,281.88,43.25,0.0,267.83,0.0,125.91,72.49,88.83
2026-06-09 09:45:00,9,179.14,281.88,44.4,1.0,198.53,0.01,93.33,66.44,88.71
2026-06-09 09:50:00,9,179.14,281.88,44.53,1.0,223.48,0.01,105.06,68.53,88.6
2026-06-09 09:55:00,9,179.14,281.88,43.16,2.0,230.32,0.01,108.28,69.5,88.48
2026-06-09 10:00:00,9,179.14,281.88,44.11,1.0,244.6,0.01,114.99,70.5,88.36
2026-06-09 10:05:00,9,179.14,281.88,44.52,1.0,255.2,0.0,119.97,71.53,88.24
2026-06-09 10:10:00,9,179.14,281.88,43.32,1.0,299.92,0.0,141.0,76.47,88.11
2026-06-09 10:15:00,9,179.14,281.88,44.0,0.0,273.73,0.0,128.68,73.13,87.98
2026-06-09 10:20:00,9,179.14,281.88,44.38,2.0,244.06,0.01,114.74,70.8,87.86
2026-06-09 10:25:00,9,179.14,281.88,45.1,1.0,275.43,0.0,129.49,73.67,87.73
2026-06-09 10:30:00,9,179.14,281.88,44.79,1.0,225.64,0.01,106.08,68.73,87.62
2026-06-09 10:35:00,9,179.14,281.88,45.11,3.0,233.06,0.02,109.56,70.12,87.5
2026-06-09 10:40:00,9,179.14,281.88,44.48,1.0,216.21,0.01,101.65,67.9,87.38
2026-06-09 10:45:00,9,179.14,281.88,44.08,2.0,208.47,0.01,98.01,67.59,87.26
2026-06-09 10:50:00,9,179.14,281.88,45.62,1.0,254.62,0.0,119.7,71.48,87.14
2026-06-09 10:55:00,9,179.14,281.88,44.52,0.0,244.11,0.0,114.76,70.08,87.02
2026-06-09 11:00:00,9,179.14,281.88,44.48,1.0,290.25,0.0,136.45,75.33,86.89
2026-06-09 11:05:00,9,179.14,281.88,44.63,0.0,274.2,0.0,128.91,73.18,86.77
2026-06-09 11:10:00,9,179.14,281.88,44.76,1.0,229.12,0.01,107.71,69.04,86.65
2026-06-09 11:15:00,9,179.14,281.88,44.8,3.0,271.07,0.01,127.43,73.91,86.52
2026-06-09 11:20:00,9,179.14,281.88,44.9,0.0,260.01,0.0,122.23,71.68,86.4
2026-06-09 11:25:00,9,179.14,281.88,45.0,0.0,236.99,0.0,111.41,69.4,86.28
2026-06-09 11:30:00,9,179.14,281.88,45.28,1.0,281.55,0.0,132.36,74.35,86.16
2026-06-09 11:35:00,9,179.14,281.88,45.29,1.0,306.8,0.0,144.23,77.3,86.02
2026-06-09 11:40:00,9,179.14,281.88,45.27,2.0,234.96,0.01,110.46,69.93,85.9
2026-06-09 11:45:00,9,179.14,281.88,45.03,1.0,264.15,0.0,124.18,72.46,85.78
2026-06-09 11:50:00,9,179.14,281.88,45.04,2.0,251.63,0.01,118.29,71.54,85.66
2026-06-09 11:55:00,9,179.14,281.88,44.52,1.0,248.36,0.01,116.76,70.87,85.54
2026-06-09 12:00:00,9,179.14,281.88,45.54,3.0,256.71,0.01,120.68,72.41,85.41
2026-06-09 12:05:00,9,179.14,281.88,44.92,4.0,260.86,0.02,122.63,73.2,85.29
2026-06-09 12:10:00,9,179.14,281.88,44.99,1.0,250.21,0.01,117.63,71.05,85.17
2026-06-09 12:15:00,9,179.14,281.88,45.15,1.0,248.18,0.01,116.68,70.85,85.05
2026-06-09 12:20:00,9,179.14,281.88,45.37,2.0,266.73,0.01,125.4,73.1,84.92
2026-06-09 12:25:00,9,179.14,281.88,44.7,1.0,269.16,0.0,126.54,72.99,84.8
2026-06-09 12:30:00,9,179.14,281.88,45.63,2.0,280.25,0.01,131.75,74.57,84.67
2026-06-09 12:35:00,9,179.14,281.88,44.77,6.0,221.31,0.04,104.04,70.15,84.55
2026-06-09 12:40:00,9,179.14,281.88,44.14,1.0,277.24,0.0,130.34,73.87,84.42
2026-06-09 12:45:00,9,179.14,281.88,44.9,1.0,266.85,0.0,125.45,72.74,84.3
2026-06-09 12:50:00,9,179.14,281.88,45.2,1.0,262.91,0.0,123.6,72.33,84.17
2026-06-09 12:55:00,9,179.14,281.88,44.33,0.0,238.38,0.0,112.06,69.53,84.06
2026-06-09 13:00:00,9,179.14,281.88,44.78,1.0,232.45,0.01,109.28,69.35,83.94
2026-06-09 13:05:00,9,179.14,281.88,44.71,2.0,272.01,0.01,127.88,73.67,83.81
2026-06-09 13:10:00,9,179.14,281.88,44.18,2.0,256.35,0.01,120.52,72.02,83.69
2026-06-09 13:15:00,9,179.14,281.88,44.61,2.0,272.49,0.01,128.1,73.72,83.56
2026-06-09 13:20:00,9,179.14,281.88,44.8,1.0,239.81,0.01,112.74,70.04,83.44
2026-06-09 13:25:00,9,179.14,281.88,43.91,0.0,293.42,0.0,137.94,75.35,83.31
2026-06-09 13:30:00,9,179.14,281.88,45.06,2.0,254.11,0.01,119.46,71.79,83.19
2026-06-09 13:35:00,9,179.14,281.88,44.45,0.0,244.11,0.0,114.76,70.08,83.07
2026-06-09 13:40:00,9,179.14,281.88,44.39,0.0,232.27,0.0,109.2,68.96,82.95
2026-06-09 13:45:00,9,179.14,281.88,44.51,2.0,243.95,0.01,114.69,70.79,82.83
2026-06-09 13:50:00,9,179.14,281.88,44.28,2.0,307.05,0.01,144.35,77.7,82.7
2026-06-09 13:55:00,9,179.14,281.88,44.45,1.0,249.4,0.01,117.25,70.97,82.58
2026-06-09 14:00:00,9,179.14,281.88,44.45,3.0,258.7,0.01,121.62,72.61,82.45
2026-06-09 14:05:00,9,179.14,281.88,43.73,0.0,225.56,0.0,106.04,68.35,82.34
2026-06-09 14:10:00,9,179.14,281.88,44.51,2.0,256.0,0.01,120.35,71.98,82.21
2026-06-09 14:15:00,9,179.14,281.88,44.51,3.0,264.85,0.01,124.51,73.25,82.09
2026-06-09 14:20:00,9,179.14,281.88,44.34,0.0,264.57,0.0,124.38,72.15,81.97
2026-06-09 14:25:00,9,179.14,281.88,43.9,2.0,249.09,0.01,117.1,71.29,81.84
2026-06-09 14:30:00,9,179.14,281.88,43.55,0.0,198.15,0.0,93.15,66.04,81.73
2026-06-09 14:35:00,9,179.14,281.88,42.48,0.0,209.78,0.0,98.62,66.98,81.62
2026-06-09 14:40:00,9,179.14,281.88,42.79,5.0,265.96,0.02,125.03,74.08,81.49
2026-06-09 14:45:00,9,179.14,281.88,42.65,2.0,282.37,0.01,132.75,74.8,81.36
2026-06-09 14:50:00,9,179.14,281.88,42.99,3.0,248.44,0.02,116.8,71.59,81.24
2026-06-09 14:55:00,9,179.14,281.88,43.0,3.0,237.2,0.02,111.51,70.51,81.12
2026-06-09 15:00:00,9,179.14,281.88,42.56,1.0,263.05,0.0,123.66,72.34,81.0
2026-06-09 15:05:00,9,179.14,281.88,43.26,2.0,274.27,0.01,128.94,73.91,80.87
2026-06-09 15:10:00,9,179.14,281.88,43.05,3.0,236.9,0.02,111.37,70.48,80.75
2026-06-09 15:15:00,9,179.14,281.88,42.48,2.0,254.59,0.01,119.69,71.84,80.63
2026-06-09 15:20:00,9,179.14,281.88,43.06,2.0,267.68,0.01,125.84,73.2,80.5
2026-06-09 15:25:00,9,179.14,281.88,42.79,2.0,238.02,0.01,111.9,70.21,80.38
2026-06-09 15:30:00,9,179.14,281.88,42.37,1.0,262.12,0.0,123.23,72.24,80.26
2026-06-09 15:35:00,9,179.14,281.88,42.13,0.0,248.78,0.0,116.95,70.53,80.14
2026-06-09 15:40:00,9,179.14,281.88,42.21,4.0,255.86,0.02,120.28,72.68,80.01
2026-06-09 15:45:00,9,179.14,281.88,41.86,0.0,265.28,0.0,124.71,72.22,79.89
2026-06-09 15:50:00,9,179.14,281.88,41.87,0.0,282.93,0.0,133.01,74.14,79.76
2026-06-09 15:55:00,9,179.14,281.88,42.0,0.0,258.3,0.0,121.43,71.49,79.64
2026-06-09 16:00:00,9,179.14,281.88,42.41,1.0,241.67,0.01,113.61,70.21,79.52
2026-06-09 16:05:00,9,179.14,281.88,41.21,1.0,280.32,0.0,131.78,74.2,79.39
2026-06-09 16:10:00,9,179.14,281.88,40.69,2.0,253.0,0.01,118.94,71.67,79.27
2026-06-09 16:15:00,9,179.14,281.88,41.04,0.0,221.02,0.0,103.9,67.94,79.16
2026-06-09 16:20:00,9,179.14,281.88,41.04,2.0,230.05,0.01,108.15,69.47,79.04
2026-06-09 16:25:00,9,179.14,281.88,40.58,3.0,266.22,0.01,125.15,73.39,78.91
2026-06-09 16:30:00,9,179.14,281.88,41.35,1.0,254.79,0.0,119.78,71.48,78.79
2026-06-09 16:35:00,9,179.14,281.88,40.92,3.0,215.19,0.02,101.16,68.52,78.67
2026-06-09 16:40:00,9,179.14,281.88,40.91,3.0,274.6,0.01,129.09,74.29,78.54
2026-06-09 16:45:00,9,179.14,281.88,40.75,2.0,220.18,0.01,103.51,68.58,78.43
2026-06-09 16:50:00,9,179.14,281.88,40.17,3.0,227.37,0.02,106.89,69.59,78.31
2026-06-09 16:55:00,9,179.14,281.88,39.45,0.0,223.7,0.0,105.17,68.17,78.19
2026-06-09 17:00:00,9,179.14,281.88,39.22,2.0,238.65,0.01,112.19,70.26,78.07
2026-06-09 17:05:00,9,179.14,281.88,39.24,1.0,268.09,0.0,126.04,72.86,77.95
2026-06-09 17:10:00,9,179.14,281.88,40.3,1.0,261.43,0.0,122.9,72.16,77.82
2026-06-09 17:15:00,9,179.14,281.88,38.35,1.0,235.74,0.01,110.82,69.64,77.71
2026-06-09 17:20:00,9,179.14,281.88,39.33,0.0,193.38,0.0,90.91,65.66,77.59
2026-06-09 17:25:00,9,179.14,281.88,38.26,1.0,255.16,0.0,119.96,71.52,77.47
2026-06-09 17:30:00,9,179.14,281.88,38.87,2.0,272.43,0.01,128.08,73.7,77.34
2026-06-09 17:35:00,9,179.14,281.88,38.24,1.0,243.13,0.01,114.3,70.34,77.22
2026-06-09 17:40:00,9,179.14,281.88,38.37,3.0,232.64,0.02,109.37,70.07,77.1
2026-06-09 17:45:00,9,179.14,281.88,39.04,0.0,264.73,0.0,124.46,72.16,76.98
2026-06-09 17:50:00,9,179.14,281.88,38.47,1.0,286.07,0.0,134.48,74.84,76.85
2026-06-09 17:55:00,9,179.14,281.88,38.67,1.0,268.75,0.0,126.34,72.93,76.73
2026-06-09 18:00:00,9,179.14,281.88,37.76,0.0,251.23,0.0,118.11,70.77,76.61
2026-06-09 18:05:00,9,179.14,281.88,37.65,0.0,263.62,0.0,123.93,72.04,76.48
2026-06-09 18:10:00,9,179.14,281.88,37.41,1.0,232.96,0.01,109.52,69.38,76.37
2026-06-09 18:15:00,9,179.14,281.88,38.91,1.0,255.64,0.0,120.18,71.57,76.24
2026-06-09 18:20:00,9,179.14,281.88,37.5,0.0,244.84,0.0,115.1,70.14,76.12
2026-06-09 18:25:00,9,179.14,281.88,37.44,0.0,265.32,0.0,124.73,72.22,76.0
2026-06-09 18:30:00,9,179.14,281.88,37.29,3.0,252.53,0.01,118.72,71.97,75.88
2026-06-09 18:35:00,9,179.14,281.88,36.75,1.0,271.94,0.0,127.84,73.27,75.75
2026-06-09 18:40:00,9,179.14,281.88,37.08,1.0,275.79,0.0,129.65,73.69,75.63
2026-06-09 18:45:00,9,179.14,281.88,37.37,1.0,292.39,0.0,137.46,75.57,75.5
2026-06-09 18:50:00,9,179.14,281.88,36.79,0.0,239.08,0.0,112.39,69.58,75.38
2026-06-09 18:55:00,9,179.14,281.88,34.86,0.0,238.48,0.0,112.11,69.52,75.26
2026-06-09 19:00:00,9,179.14,281.88,37.06,0.0,248.96,0.0,117.04,70.54,75.14
2026-06-09 19:05:00,9,179.14,281.88,35.75,1.0,265.98,0.0,125.04,72.63,75.01
2026-06-09 19:10:00,9,179.14,281.88,35.81,0.0,239.99,0.0,112.83,69.67,74.9
2026-06-09 19:15:00,9,179.14,281.88,35.23,1.0,263.66,0.0,123.95,72.39,74.77
2026-06-09 19:20:00,9,179.14,281.88,36.03,1.0,276.11,0.0,129.8,73.72,74.65
2026-06-09 19:25:00,9,179.14,281.88,36.37,0.0,236.89,0.0,111.37,69.37,74.53
2026-06-09 19:30:00,9,179.14,281.88,35.43,0.0,244.33,0.0,114.87,70.09,74.41
2026-06-09 19:35:00,9,179.14,281.88,35.38,1.0,266.65,0.0,125.36,72.7,74.28
2026-06-09 19:40:00,9,179.14,281.88,33.65,1.0,283.45,0.0,133.25,74.54,74.16
2026-06-09 19:45:00,9,179.14,281.88,34.58,0.0,243.61,0.0,114.53,70.01,74.04
2026-06-09 19:50:00,9,179.14,281.88,34.72,0.0,253.19,0.0,119.03,70.96,73.92
2026-06-09 19:55:00,9,179.14,281.88,33.06,0.0,283.37,0.0,133.22,74.18,73.79
2026-06-09 20:00:00,9,179.14,281.88,34.43,1.0,265.58,0.0,124.85,72.59,73.66
2026-06-09 20:05:00,9,179.14,281.88,34.58,0.0,255.63,0.0,120.17,71.2,73.54
2026-06-09 20:10:00,9,179.14,281.88,34.8,2.0,259.57,0.01,122.03,72.33,73.42
2026-06-09 20:15:00,9,179.14,281.88,33.91,0.0,263.34,0.0,123.8,72.0,73.3
2026-06-09 20:20:00,9,179.14,281.88,34.62,0.0,273.17,0.0,128.42,73.05,73.17
2026-06-09 20:25:00,9,179.14,281.88,33.81,0.0,244.7,0.0,115.04,70.12,73.05
2026-06-09 20:30:00,9,179.14,281.88,33.59,0.0,259.27,0.0,121.89,71.58,72.93
2026-06-09 20:35:00,9,179.14,281.88,33.64,0.0,247.56,0.0,116.38,70.4,72.81
2026-06-09 20:40:00,9,179.14,281.88,34.27,0.0,260.28,0.0,122.36,71.68,72.69
2026-06-09 20:45:00,9,179.14,281.88,32.91,0.0,272.36,0.0,128.04,72.96,72.56
2026-06-09 20:50:00,9,179.14,281.88,33.85,0.0,262.88,0.0,123.59,71.95,72.44
2026-06-09 20:55:00,9,179.14,281.88,33.18,1.0,289.08,0.0,135.9,75.18,72.31
2026-06-09 21:00:00,9,179.14,281.88,32.71,0.0,256.25,0.0,120.47,71.27,72.19
2026-06-09 21:05:00,9,179.14,281.88,32.54,0.0,281.58,0.0,132.38,73.98,72.06
2026-06-09 21:10:00,9,179.14,281.88,31.42,0.0,247.85,0.0,116.52,70.42,71.94
2026-06-09 21:15:00,9,179.14,281.88,33.38,2.0,281.84,0.01,132.5,74.73,71.81
2026-06-09 21:20:00,9,179.14,281.88,32.81,1.0,277.75,0.0,130.58,73.9,71.69
2026-06-09 21:25:00,9,179.14,281.88,31.74,3.0,265.89,0.01,125.0,73.34,71.56
2026-06-09 21:30:00,9,179.14,281.88,32.35,0.0,275.41,0.0,129.48,73.29,71.44
2026-06-09 21:35:00,9,179.14,281.88,32.47,1.0,219.48,0.01,103.18,68.16,71.32
2026-06-09 21:40:00,9,179.14,281.88,31.45,1.0,245.39,0.01,115.36,70.55,71.2
2026-06-09 21:45:00,9,179.14,281.88,32.66,0.0,307.62,0.0,144.62,77.03,71.07
2026-06-09 21:50:00,9,179.14,281.88,32.33,3.0,287.48,0.01,135.15,75.71,70.94
2026-06-09 21:55:00,9,179.14,281.88,32.47,1.0,256.39,0.0,120.53,71.63,70.82
2026-06-09 22:00:00,9,179.14,281.88,32.95,0.0,266.14,0.0,125.11,72.29,70.69
2026-06-09 22:05:00,9,179.14,281.88,31.77,0.0,241.43,0.0,113.5,69.8,70.57
2026-06-09 22:10:00,9,179.14,281.88,31.2,0.0,259.92,0.0,122.19,71.64,70.45
2026-06-09 22:15:00,9,179.14,281.88,32.33,3.0,275.23,0.01,129.39,74.34,70.32
2026-06-09 22:20:00,9,179.14,281.88,32.0,1.0,253.86,0.0,119.34,71.37,70.2
2026-06-09 22:25:00,9,179.14,281.88,31.44,2.0,285.88,0.01,134.4,75.18,70.07
2026-06-09 22:30:00,9,179.14,281.88,31.26,0.0,225.1,0.0,105.82,68.28,69.96
2026-06-09 22:35:00,9,179.14,281.88,30.77,0.0,209.45,0.0,98.47,66.93,69.84
2026-06-09 22:40:00,9,179.14,281.88,30.57,2.0,282.64,0.01,132.88,74.81,69.71
2026-06-09 22:45:00,9,179.14,281.88,31.65,0.0,291.76,0.0,137.16,75.13,69.59
2026-06-09 22:50:00,9,179.14,281.88,30.78,0.0,282.33,0.0,132.73,74.06,69.46
2026-06-09 22:55:00,9,179.14,281.88,31.99,0.0,184.21,0.0,86.6,64.95,69.35
2026-06-09 23:00:00,9,179.14,281.88,30.59,1.0,264.12,0.0,124.17,72.43,69.22
2026-06-09 23:05:00,9,179.14,281.88,31.64,2.0,206.84,0.01,97.24,67.43,69.11
2026-06-09 23:10:00,9,179.14,281.88,31.52,4.0,285.95,0.02,134.43,75.91,68.98
2026-06-09 23:15:00,9,179.14,281.88,31.31,1.0,267.66,0.0,125.83,72.8,68.86
2026-06-09 23:20:00,9,179.14,281.88,30.68,4.0,252.24,0.02,118.58,72.3,68.73
2026-06-09 23:25:00,9,179.14,281.88,31.41,1.0,266.09,0.0,125.09,72.64,68.61
2026-06-09 23:30:00,9,179.14,281.88,31.14,0.0,283.07,0.0,133.08,74.14,68.48
2026-06-09 23:35:00,9,179.14,281.88,31.07,1.0,247.03,0.01,116.13,70.71,68.36
2026-06-09 23:40:00,9,179.14,281.88,31.29,2.0,228.82,0.01,107.57,69.34,68.24
2026-06-09 23:45:00,9,179.14,281.88,30.75,1.0,258.49,0.0,121.52,71.84,68.12
2026-06-09 23:50:00,9,179.14,281.88,31.27,2.0,241.42,0.01,113.5,70.52,68.0
2026-06-09 23:55:00,9,179.14,281.88,30.42,2.0,264.39,0.01,124.29,72.82,67.87
2026-06-10 00:00:00,9,179.14,281.88,30.68,0.0,223.47,0.0,105.06,68.14,67.76
2026-06-10 00:05:00,9,179.14,281.88,31.33,3.0,241.58,0.02,113.57,70.9,67.64
2026-06-10 00:10:00,9,179.14,281.88,31.28,2.0,298.37,0.01,140.27,76.63,67.51
2026-06-10 00:15:00,9,179.14,281.88,30.51,0.0,302.03,0.0,141.99,76.35,67.37
2026-06-10 00:20:00,9,179.14,281.88,31.03,4.0,223.73,0.03,105.18,69.62,67.26
2026-06-10 00:25:00,9,179.14,281.88,30.72,2.0,229.46,0.01,107.87,69.39,67.14
2026-06-10 00:30:00,9,179.14,281.88,31.6,4.0,260.03,0.02,122.24,73.09,67.01
2026-06-10 00:35:00,9,179.14,281.88,31.86,2.0,257.7,0.01,121.15,72.13,66.89
2026-06-10 00:40:00,9,179.14,281.88,31.58,3.0,234.49,0.02,110.24,70.23,66.77
2026-06-10 00:45:00,9,179.14,281.88,30.94,1.0,271.94,0.0,127.84,73.26,66.64
2026-06-10 00:50:00,9,179.14,281.88,31.7,0.0,318.68,0.0,149.82,78.4,66.51
2026-06-10 00:55:00,9,179.14,281.88,31.46,3.0,269.54,0.01,126.72,73.72,66.38
2026-06-10 01:00:00,9,179.14,281.88,31.28,2.0,264.86,0.01,124.52,72.88,66.26
2026-06-10 01:05:00,9,179.14,281.88,31.65,3.0,262.45,0.01,123.38,72.97,66.13
2026-06-10 01:10:00,9,179.14,281.88,30.92,3.0,267.68,0.01,125.84,73.52,66.01
2026-06-10 01:15:00,9,179.14,281.88,31.39,0.0,239.78,0.0,112.72,69.64,65.89
2026-06-10 01:20:00,9,179.14,281.88,30.93,3.0,209.67,0.02,98.57,68.04,65.77
2026-06-10 01:25:00,9,179.14,281.88,31.08,2.0,305.57,0.01,143.66,77.5,65.64
2026-06-10 01:30:00,9,179.14,281.88,30.17,2.0,258.13,0.01,121.35,72.17,65.52
2026-06-10 01:35:00,9,179.14,281.88,31.54,4.0,267.75,0.02,125.87,73.9,65.39
2026-06-10 01:40:00,9,179.14,281.88,31.84,2.0,240.11,0.01,112.88,70.39,65.27
2026-06-10 01:45:00,9,179.14,281.88,31.13,0.0,272.55,0.0,128.13,72.98,65.15
2026-06-10 01:50:00,9,179.14,281.88,31.31,1.0,212.59,0.01,99.94,67.56,65.03
2026-06-10 01:55:00,9,179.14,281.88,32.35,2.0,241.31,0.01,113.44,70.51,64.91
2026-06-10 02:00:00,9,179.14,281.88,32.18,4.0,259.56,0.02,122.02,73.04,64.79
2026-06-10 02:05:00,9,179.14,281.88,32.26,3.0,219.89,0.02,103.38,68.91,64.67
2026-06-10 02:10:00,9,179.14,281.88,32.45,2.0,265.58,0.01,124.85,72.95,64.54
2026-06-10 02:15:00,9,179.14,281.88,32.37,1.0,249.58,0.01,117.33,70.96,64.42
2026-06-10 02:20:00,9,179.14,281.88,32.37,2.0,267.32,0.01,125.67,73.14,64.3
2026-06-10 02:25:00,9,179.14,281.88,32.64,0.0,226.13,0.0,106.31,68.38,64.18
2026-06-10 02:30:00,9,179.14,281.88,32.01,1.0,243.32,0.01,114.39,70.35,64.06
2026-06-10 02:35:00,9,179.14,281.88,31.48,0.0,264.61,0.0,124.4,72.13,63.94
2026-06-10 02:40:00,9,179.14,281.88,32.12,1.0,210.91,0.01,99.15,67.42,63.82
2026-06-10 02:45:00,9,179.14,281.88,33.31,1.0,276.57,0.0,130.02,73.77,63.7
2026-06-10 02:50:00,9,179.14,281.88,33.31,2.0,232.8,0.01,109.44,69.71,63.58
2026-06-10 02:55:00,9,179.14,281.88,31.68,2.0,260.04,0.01,122.25,72.37,63.45
2026-06-10 03:00:00,9,179.14,281.88,33.02,1.0,216.61,0.01,101.83,67.91,63.34
2026-06-10 03:05:00,9,179.14,281.88,33.57,1.0,260.31,0.0,122.38,72.04,63.21
2026-06-10 03:10:00,9,179.14,281.88,32.46,2.0,230.04,0.01,108.15,69.45,63.09
2026-06-10 03:15:00,9,179.14,281.88,33.4,1.0,205.31,0.01,96.52,66.96,62.98
2026-06-10 03:20:00,9,179.14,281.88,33.49,0.0,237.19,0.0,111.51,69.4,62.86
2026-06-10 03:25:00,9,179.14,281.88,33.63,1.0,206.56,0.01,97.11,67.06,62.75
2026-06-10 03:30:00,9,179.14,281.88,32.52,1.0,272.91,0.0,128.3,73.37,62.62
2026-06-10 03:35:00,9,179.14,281.88,33.26,2.0,313.07,0.01,147.18,78.42,62.49
2026-06-10 03:40:00,9,179.14,281.88,32.09,2.0,257.93,0.01,121.26,72.16,62.36
2026-06-10 03:45:00,9,179.14,281.88,33.66,1.0,246.44,0.01,115.86,70.66,62.24
2026-06-10 03:50:00,9,179.14,281.88,34.22,4.0,266.63,0.02,125.35,73.79,62.12
2026-06-10 03:55:00,9,179.14,281.88,34.32,3.0,211.72,0.02,99.53,68.21,62.0
2026-06-10 04:00:00,9,179.14,281.88,33.81,2.0,221.75,0.01,104.25,68.71,61.88
2026-06-10 04:05:00,9,179.14,281.88,35.24,3.0,279.61,0.01,131.45,74.83,61.76
2026-06-10 04:10:00,9,179.14,281.88,34.3,1.0,259.29,0.0,121.9,71.93,61.63
2026-06-10 04:15:00,9,179.14,281.88,35.5,0.0,265.93,0.0,125.02,72.28,61.51
2026-06-10 04:20:00,9,179.14,281.88,34.57,1.0,239.59,0.01,112.63,69.99,61.39
2026-06-10 04:25:00,9,179.14,281.88,35.23,0.0,273.07,0.0,128.38,73.04,61.26
2026-06-10 04:30:00,9,179.14,281.88,35.0,3.0,283.87,0.01,133.45,75.31,61.14
2026-06-10 04:35:00,9,179.14,281.88,35.4,1.0,227.7,0.01,107.05,68.89,61.02
2026-06-10 04:40:00,9,179.14,281.88,36.19,2.0,234.08,0.01,110.05,69.83,60.9
2026-06-10 04:45:00,9,179.14,281.88,35.74,0.0,213.59,0.0,100.41,67.28,60.78
2026-06-10 04:50:00,9,179.14,281.88,35.78,1.0,303.09,0.0,142.49,76.83,60.65
2026-06-10 04:55:00,9,179.14,281.88,35.47,0.0,247.16,0.0,116.2,70.36,60.53
2026-06-10 05:00:00,9,179.14,281.88,36.8,0.0,240.2,0.0,112.92,69.69,60.41
2026-06-10 05:05:00,9,179.14,281.88,36.47,2.0,232.93,0.01,109.5,69.72,60.29
2026-06-10 05:10:00,9,179.14,281.88,36.08,0.0,241.4,0.0,113.48,69.8,60.17
2026-06-10 05:15:00,9,179.14,281.88,36.71,1.0,296.78,0.0,139.52,76.08,60.04
2026-06-10 05:20:00,9,179.14,281.88,36.75,0.0,238.41,0.0,112.08,69.52,59.93
2026-06-10 05:25:00,9,179.14,281.88,36.31,0.0,271.58,0.0,127.68,72.88,59.8
2026-06-10 05:30:00,9,179.14,281.88,36.3,2.0,247.43,0.01,116.32,71.11,59.68
2026-06-10 05:35:00,9,179.14,281.88,37.04,1.0,235.19,0.01,110.57,69.59,59.56
2026-06-10 05:40:00,9,179.14,281.88,37.1,2.0,251.62,0.01,118.29,71.53,59.44
2026-06-10 05:45:00,9,179.14,281.88,36.61,1.0,281.41,0.0,132.3,74.31,59.31
2026-06-10 05:50:00,9,179.14,281.88,38.2,1.0,261.11,0.0,122.75,72.13,59.19
2026-06-10 05:55:00,9,179.14,281.88,37.07,0.0,265.78,0.0,124.95,72.26,59.06
2026-06-10 06:00:00,9,179.14,281.88,38.07,1.0,272.48,0.0,128.1,73.33,58.94
2026-06-10 06:05:00,9,179.14,281.88,38.37,0.0,277.74,0.0,130.57,73.56,58.81
2026-06-10 06:10:00,9,179.14,281.88,38.04,0.0,280.18,0.0,131.72,73.83,58.69
2026-06-10 06:15:00,9,179.14,281.88,38.06,1.0,263.25,0.0,123.76,72.35,58.56
2026-06-10 06:20:00,9,179.14,281.88,38.9,1.0,221.35,0.01,104.06,68.33,58.45
2026-06-10 06:25:00,9,179.14,281.88,37.47,1.0,285.23,0.0,134.09,74.75,58.32
2026-06-10 06:30:00,9,179.14,281.88,38.55,2.0,257.79,0.01,121.19,72.15,58.2
2026-06-10 06:35:00,9,179.14,281.88,39.02,0.0,265.27,0.0,124.71,72.21,58.07
2026-06-10 06:40:00,9,179.14,281.88,38.03,0.0,293.08,0.0,137.78,75.3,57.94
2026-06-10 06:45:00,9,179.14,281.88,39.75,0.0,237.89,0.0,111.83,69.47,57.82
2026-06-10 06:50:00,9,179.14,281.88,39.58,1.0,242.59,0.01,114.05,70.29,57.7
2026-06-10 06:55:00,9,179.14,281.88,38.95,0.0,241.91,0.0,113.72,69.86,57.59
2026-06-10 07:00:00,9,179.14,281.88,39.42,1.0,241.03,0.01,113.31,70.14,57.47
2026-06-10 07:05:00,9,179.14,281.88,39.31,1.0,286.85,0.0,134.85,74.93,57.34
2026-06-10 07:10:00,9,179.14,281.88,38.97,1.0,281.54,0.0,132.36,74.33,57.21
2026-06-10 07:15:00,9,179.14,281.88,39.49,0.0,248.74,0.0,116.94,70.52,57.09
2026-06-10 07:20:00,9,179.14,281.88,40.37,0.0,283.51,0.0,133.28,74.21,56.96
2026-06-10 07:25:00,9,179.14,281.88,40.14,0.0,292.41,0.0,137.47,75.23,56.83
2026-06-10 07:30:00,9,179.14,281.88,39.89,0.0,273.94,0.0,128.79,73.15,56.71
2026-06-10 07:35:00,9,179.14,281.88,39.95,0.0,241.71,0.0,113.63,69.84,56.59
2026-06-10 07:40:00,9,179.14,281.88,40.48,0.0,242.38,0.0,113.95,69.91,56.47
2026-06-10 07:45:00,9,179.14,281.88,40.57,0.0,257.76,0.0,121.18,71.44,56.35
2026-06-10 07:50:00,9,179.14,281.88,41.75,0.0,201.51,0.0,94.73,66.3,56.24
2026-06-10 07:55:00,9,179.14,281.88,42.38,0.0,240.16,0.0,112.91,69.7,56.12
2026-06-10 08:00:00,9,179.14,281.88,41.68,0.0,274.6,0.0,129.09,73.22,55.99
2026-06-10 08:05:00,9,179.14,281.88,41.12,0.0,220.35,0.0,103.59,67.88,55.87
2026-06-10 08:10:00,9,179.14,281.88,41.74,0.0,266.13,0.0,125.11,72.31,55.75
2026-06-10 08:15:00,9,179.14,281.88,42.48,1.0,293.82,0.0,138.13,75.75,55.62
2026-06-10 08:20:00,9,179.14,281.88,41.38,0.0,255.06,0.0,119.91,71.16,55.5
2026-06-10 08:25:00,9,179.14,281.88,41.89,0.0,246.61,0.0,115.93,70.32,55.38
2026-06-10 08:30:00,9,179.14,281.88,41.9,0.0,228.3,0.0,107.33,68.59,55.26
2026-06-10 08:35:00,9,179.14,281.88,43.12,2.0,278.77,0.01,131.05,74.4,55.14
2026-06-10 08:40:00,9,179.14,281.88,41.7,0.0,296.04,0.0,139.17,75.65,55.01
2026-06-10 08:45:00,9,179.14,281.88,43.11,0.0,229.0,0.0,107.66,68.66,54.89
2026-06-10 08:50:00,9,179.14,281.88,43.19,0.0,270.86,0.0,127.34,72.82,54.76
2026-06-10 08:55:00,9,179.14,281.88,41.8,0.0,251.49,0.0,118.23,70.8,54.64
2026-06-10 09:00:00,9,179.14,281.88,42.73,1.0,234.94,0.01,110.45,69.57,54.52
2026-06-10 09:05:00,9,179.14,281.88,43.01,2.0,282.67,0.01,132.89,74.84,54.4
2026-06-10 09:10:00,9,179.14,281.88,43.2,0.0,263.61,0.0,123.93,72.05,54.27
2026-06-10 09:15:00,9,179.14,281.88,43.74,1.0,258.55,0.0,121.55,71.87,54.15
2026-06-10 09:20:00,9,179.14,281.88,42.86,0.0,242.08,0.0,113.81,69.88,54.03
2026-06-10 09:25:00,9,179.14,281.88,44.34,0.0,256.67,0.0,120.67,71.33,53.91
2026-06-10 09:30:00,9,179.14,281.88,43.59,0.0,246.12,0.0,115.71,70.28,53.79
2026-06-10 09:35:00,9,179.14,281.88,43.18,0.0,242.01,0.0,113.78,69.88,53.67
2026-06-10 09:40:00,9,179.14,281.88,43.54,1.0,265.36,0.0,124.75,72.58,53.55
2026-06-10 09:45:00,9,179.14,281.88,43.2,0.0,282.88,0.0,132.99,74.14,53.42
2026-06-10 09:50:00,9,179.14,281.88,43.48,1.0,277.24,0.0,130.34,73.87,53.29
2026-06-10 09:55:00,9,179.14,281.88,44.8,0.0,273.01,0.0,128.35,73.06,53.17
2026-06-10 10:00:00,9,179.14,281.88,44.1,2.0,273.49,0.01,128.57,73.82,53.04
2026-06-10 10:05:00,9,179.14,281.88,43.35,1.0,192.16,0.01,90.34,65.94,52.93
2026-06-10 10:10:00,9,179.14,281.88,43.73,0.0,227.73,0.0,107.06,68.54,52.81
2026-06-10 10:15:00,9,179.14,281.88,43.57,0.0,244.04,0.0,114.73,70.07,52.69
2026-06-10 10:20:00,9,179.14,281.88,43.33,0.0,233.48,0.0,109.76,69.07,52.57
2026-06-10 10:25:00,9,179.14,281.88,44.26,2.0,227.42,0.01,106.92,69.24,52.46
2026-06-10 10:30:00,9,179.14,281.88,44.26,1.0,286.65,0.0,134.76,74.92,52.33
2026-06-10 10:35:00,9,179.14,281.88,45.04,0.0,283.38,0.0,133.22,74.2,52.2
2026-06-10 10:40:00,9,179.14,281.88,44.61,1.0,304.4,0.0,143.11,77.01,52.07
2026-06-10 10:45:00,9,179.14,281.88,44.08,2.0,228.11,0.01,107.24,69.3,51.95
2026-06-10 10:50:00,9,179.14,281.88,45.88,0.0,226.1,0.0,106.29,68.4,51.83
2026-06-10 10:55:00,9,179.14,281.88,44.82,2.0,226.13,0.01,106.31,69.12,51.72
2026-06-10 11:00:00,9,179.14,281.88,45.07,0.0,227.0,0.0,106.71,68.48,51.6
2026-06-10 11:05:00,9,179.14,281.88,45.59,2.0,292.71,0.01,137.61,75.99,51.47
2026-06-10 11:10:00,9,179.14,281.88,43.93,1.0,262.89,0.0,123.59,72.32,51.35
2026-06-10 11:15:00,9,179.14,281.88,44.68,1.0,278.15,0.0,130.76,73.97,51.22
2026-06-10 11:20:00,9,179.14,281.88,44.81,1.0,251.37,0.01,118.18,71.17,51.1
2026-06-10 11:25:00,9,179.14,281.88,44.28,0.0,201.44,0.0,94.7,66.3,50.98
2026-06-10 11:30:00,9,179.14,281.88,44.39,2.0,232.0,0.01,109.06,69.65,50.86
2026-06-10 11:35:00,9,179.14,281.88,45.17,0.0,208.23,0.0,97.89,66.85,50.75
2026-06-10 11:40:00,9,179.14,281.88,44.7,3.0,243.66,0.02,114.55,71.13,50.63
2026-06-10 11:45:00,9,179.14,281.88,44.25,5.0,276.93,0.02,130.19,75.27,50.5
2026-06-10 11:50:00,9,179.14,281.88,44.83,1.0,202.38,0.01,95.14,66.75,50.39
2026-06-10 11:55:00,9,179.14,281.88,45.15,3.0,336.89,0.01,158.38,81.88,50.25
2026-06-10 12:00:00,9,179.14,281.88,45.18,1.0,270.81,0.0,127.31,73.17,50.12
2026-06-10 12:05:00,9,179.14,281.88,44.82,1.0,259.47,0.0,121.98,71.97,50.0
2026-06-10 12:10:00,9,179.14,281.88,45.76,1.0,245.79,0.01,115.55,70.62,49.88
2026-06-10 12:15:00,9,179.14,281.88,45.36,0.0,315.61,0.0,148.37,78.04,49.74
2026-06-10 12:20:00,9,179.14,281.88,45.57,1.0,243.66,0.01,114.55,70.41,49.62
2026-06-10 12:25:00,9,179.14,281.88,44.2,0.0,264.89,0.0,124.53,72.18,49.5
2026-06-10 12:30:00,9,179.14,281.88,44.55,2.0,233.63,0.01,109.83,69.8,49.38
2026-06-10 12:35:00,9,179.14,281.88,45.28,2.0,255.91,0.01,120.31,71.98,49.26
2026-06-10 12:40:00,9,179.14,281.88,45.21,1.0,247.93,0.01,116.56,70.83,49.14
2026-06-10 12:45:00,9,179.14,281.88,43.66,2.0,261.53,0.01,122.95,72.55,49.01
2026-06-10 12:50:00,9,179.14,281.88,45.08,1.0,227.19,0.01,106.81,68.87,48.9
2026-06-10 12:55:00,9,179.14,281.88,44.98,3.0,254.56,0.01,119.67,72.19,48.77
2026-06-10 13:00:00,9,179.14,281.88,45.06,0.0,263.09,0.0,123.68,72.0,48.65
2026-06-10 13:05:00,9,179.14,281.88,45.32,3.0,221.66,0.02,104.21,69.09,48.53
2026-06-10 13:10:00,9,179.14,281.88,44.56,0.0,206.3,0.0,96.99,66.69,48.42
2026-06-10 13:15:00,9,179.14,281.88,44.24,0.0,268.72,0.0,126.33,72.59,48.29
2026-06-10 13:20:00,9,179.14,281.88,45.23,2.0,260.17,0.01,122.31,72.41,48.17
2026-06-10 13:25:00,9,179.14,281.88,44.66,2.0,212.46,0.01,99.88,67.93,48.05
2026-06-10 13:30:00,9,179.14,281.88,44.41,2.0,272.33,0.01,128.03,73.7,47.93
2026-06-10 13:35:00,9,179.14,281.88,45.15,1.0,274.32,0.0,128.96,73.55,47.8
2026-06-10 13:40:00,9,179.14,281.88,44.59,2.0,266.66,0.01,125.36,73.09,47.68
2026-06-10 13:45:00,9,179.14,281.88,43.89,0.0,262.76,0.0,123.53,71.96,47.55
2026-06-10 13:50:00,9,179.14,281.88,43.84,1.0,182.55,0.01,85.82,65.23,47.44
2026-06-10 13:55:00,9,179.14,281.88,44.2,0.0,239.19,0.0,112.45,69.61,47.32
2026-06-10 14:00:00,9,179.14,281.88,44.78,1.0,275.93,0.0,129.72,73.72,47.2
2026-06-10 14:05:00,9,179.14,281.88,43.69,1.0,239.98,0.01,112.82,70.05,47.08
2026-06-10 14:10:00,9,179.14,281.88,44.59,6.0,265.92,0.03,125.01,74.45,46.95
2026-06-10 14:15:00,9,179.14,281.88,43.94,1.0,252.87,0.0,118.88,71.3,46.83
2026-06-10 14:20:00,9,179.14,281.88,43.29,5.0,240.14,0.03,112.9,71.51,46.71
2026-06-10 14:25:00,9,179.14,281.88,44.66,2.0,257.23,0.01,120.93,72.11,46.58
2026-06-10 14:30:00,9,179.14,281.88,43.34,1.0,260.19,0.0,122.32,72.04,46.46
2026-06-10 14:35:00,9,179.14,281.88,45.04,2.0,229.98,0.01,108.12,69.47,46.34
2026-06-10 14:40:00,9,179.14,281.88,42.64,2.0,264.59,0.01,124.39,72.87,46.22
2026-06-10 14:45:00,9,179.14,281.88,43.82,1.0,270.41,0.0,127.12,73.12,46.09
2026-06-10 14:50:00,9,179.14,281.88,43.34,1.0,228.38,0.01,107.36,68.97,45.97
2026-06-10 14:55:00,9,179.14,281.88,43.75,2.0,235.4,0.01,110.67,69.97,45.85
2026-06-10 15:00:00,9,179.14,281.88,42.87,1.0,242.7,0.01,114.1,70.31,45.73
2026-06-10 15:05:00,9,179.14,281.88,43.49,2.0,254.01,0.01,119.41,71.78,45.61
2026-06-10 15:10:00,9,179.14,281.88,42.5,3.0,260.14,0.01,122.3,72.76,45.49
2026-06-10 15:15:00,9,179.14,281.88,42.41,4.0,275.04,0.02,129.3,74.71,45.36
2026-06-10 15:20:00,9,179.14,281.88,42.49,1.0,295.02,0.0,138.69,75.89,45.23
2026-06-10 15:25:00,9,179.14,281.88,42.27,2.0,220.27,0.01,103.55,68.59,45.11
2026-06-10 15:30:00,9,179.14,281.88,42.23,3.0,305.2,0.01,143.48,77.82,44.98
2026-06-10 15:35:00,9,179.14,281.88,42.9,2.0,280.88,0.01,132.05,74.64,44.85
2026-06-10 15:40:00,9,179.14,281.88,41.81,5.0,241.85,0.03,113.7,71.67,44.73
2026-06-10 15:45:00,9,179.14,281.88,41.32,2.0,267.74,0.01,125.87,73.2,44.6
2026-06-10 15:50:00,9,179.14,281.88,41.11,1.0,251.15,0.01,118.07,71.14,44.48
2026-06-10 15:55:00,9,179.14,281.88,41.61,0.0,294.68,0.0,138.53,75.49,44.35
2026-06-10 16:00:00,9,179.14,281.88,41.53,0.0,276.9,0.0,130.17,73.47,44.23
2026-06-10 16:05:00,9,179.14,281.88,41.32,2.0,277.35,0.01,130.39,74.24,44.1
2026-06-10 16:10:00,9,179.14,281.88,41.78,0.0,277.29,0.0,130.36,73.52,43.98
2026-06-10 16:15:00,9,179.14,281.88,41.44,1.0,213.52,0.01,100.38,67.66,43.86
2026-06-10 16:20:00,9,179.14,281.88,40.69,1.0,276.65,0.0,130.06,73.79,43.73
2026-06-10 16:25:00,9,179.14,281.88,40.38,3.0,248.44,0.02,116.8,71.59,43.61
2026-06-10 16:30:00,9,179.14,281.88,41.62,0.0,245.53,0.0,115.43,70.21,43.49
2026-06-10 16:35:00,9,179.14,281.88,39.72,0.0,228.3,0.0,107.33,68.59,43.37
2026-06-10 16:40:00,9,179.14,281.88,39.56,1.0,239.42,0.01,112.56,69.99,43.25
2026-06-10 16:45:00,9,179.14,281.88,39.74,1.0,245.33,0.01,115.33,70.56,43.13
2026-06-10 16:50:00,9,179.14,281.88,40.56,0.0,244.53,0.0,114.96,70.11,43.01
2026-06-10 16:55:00,9,179.14,281.88,40.21,1.0,221.99,0.01,104.36,68.39,42.9
2026-06-10 17:00:00,9,179.14,281.88,40.43,2.0,237.18,0.01,111.5,70.13,42.78
2026-06-10 17:05:00,9,179.14,281.88,40.06,3.0,288.29,0.01,135.53,75.82,42.65
2026-06-10 17:10:00,9,179.14,281.88,38.86,0.0,264.67,0.0,124.42,72.15,42.52
2026-06-10 17:15:00,9,179.14,281.88,39.54,1.0,302.0,0.0,141.98,76.71,42.39
2026-06-10 17:20:00,9,179.14,281.88,38.97,1.0,280.0,0.0,131.63,74.16,42.27
2026-06-10 17:25:00,9,179.14,281.88,38.41,1.0,271.08,0.0,127.44,73.18,42.14
2026-06-10 17:30:00,9,179.14,281.88,39.18,0.0,216.61,0.0,101.83,67.55,42.03
2026-06-10 17:35:00,9,179.14,281.88,38.31,0.0,260.47,0.0,122.45,71.71,41.9
2026-06-10 17:40:00,9,179.14,281.88,38.46,1.0,275.49,0.0,129.51,73.66,41.78
2026-06-10 17:45:00,9,179.14,281.88,38.37,1.0,246.72,0.01,115.99,70.69,41.66
2026-06-10 17:50:00,9,179.14,281.88,38.57,1.0,248.91,0.01,117.02,70.91,41.54
2026-06-10 17:55:00,9,179.14,281.88,38.44,2.0,286.75,0.01,134.81,75.29,41.41
2026-06-10 18:00:00,9,179.14,281.88,38.5,1.0,275.62,0.0,129.57,73.67,41.28
2026-06-10 18:05:00,9,179.14,281.88,37.61,0.0,252.46,0.0,118.68,70.89,41.16
2026-06-10 18:10:00,9,179.14,281.88,37.41,1.0,277.96,0.0,130.67,73.93,41.03
2026-06-10 18:15:00,9,179.14,281.88,37.18,0.0,273.32,0.0,128.49,73.07,40.91
2026-06-10 18:20:00,9,179.14,281.88,36.85,0.0,261.79,0.0,123.07,71.84,40.79
2026-06-10 18:25:00,9,179.14,281.88,36.92,0.0,237.67,0.0,111.73,69.45,40.67
2026-06-10 18:30:00,9,179.14,281.88,37.95,0.0,241.31,0.0,113.44,69.8,40.55
2026-06-10 18:35:00,9,179.14,281.88,37.04,0.0,221.81,0.0,104.28,68.0,40.43
2026-06-10 18:40:00,9,179.14,281.88,36.7,0.0,251.08,0.0,118.04,70.75,40.31
2026-06-10 18:45:00,9,179.14,281.88,35.78,1.0,243.16,0.01,114.32,70.34,40.19
2026-06-10 18:50:00,9,179.14,281.88,36.57,0.0,280.28,0.0,131.76,73.84,40.06
2026-06-10 18:55:00,9,179.14,281.88,36.31,0.0,219.02,0.0,102.96,67.75,39.95
2026-06-10 19:00:00,9,179.14,281.88,36.42,0.0,221.07,0.0,103.93,67.93,39.83
2026-06-10 19:05:00,9,179.14,281.88,36.34,2.0,240.09,0.01,112.87,70.4,39.71
2026-06-10 19:10:00,9,179.14,281.88,36.52,1.0,253.56,0.0,119.2,71.35,39.59
2026-06-10 19:15:00,9,179.14,281.88,36.56,0.0,234.05,0.0,110.03,69.11,39.47
2026-06-10 19:20:00,9,179.14,281.88,35.23,1.0,247.61,0.01,116.41,70.78,39.35
2026-06-10 19:25:00,9,179.14,281.88,34.26,0.0,243.47,0.0,114.46,70.0,39.23
2026-06-10 19:30:00,9,179.14,281.88,36.01,1.0,269.24,0.0,126.57,72.98,39.11
2026-06-10 19:35:00,9,179.14,281.88,34.73,0.0,245.09,0.0,115.22,70.16,38.99
2026-06-10 19:40:00,9,179.14,281.88,35.43,2.0,239.05,0.01,112.38,70.3,38.87
2026-06-10 19:45:00,9,179.14,281.88,34.9,0.0,250.78,0.0,117.9,70.72,38.75
2026-06-10 19:50:00,9,179.14,281.88,34.03,1.0,260.5,0.0,122.47,72.06,38.62
2026-06-10 19:55:00,9,179.14,281.88,34.08,0.0,267.63,0.0,125.82,72.45,38.5
2026-06-10 20:00:00,9,179.14,281.88,34.94,0.0,247.23,0.0,116.23,70.37,38.38
2026-06-10 20:05:00,9,179.14,281.88,34.01,0.0,265.14,0.0,124.65,72.19,38.25
2026-06-10 20:10:00,9,179.14,281.88,34.72,0.0,253.39,0.0,119.12,70.98,38.13
2026-06-10 20:15:00,9,179.14,281.88,34.88,0.0,264.58,0.0,124.38,72.13,38.01
2026-06-10 20:20:00,9,179.14,281.88,34.13,0.0,272.38,0.0,128.05,72.96,37.89
2026-06-10 20:25:00,9,179.14,281.88,34.04,0.0,201.41,0.0,94.68,66.27,37.77
2026-06-10 20:30:00,9,179.14,281.88,33.89,0.0,242.34,0.0,113.93,69.89,37.65
2026-06-10 20:35:00,9,179.14,281.88,32.89,1.0,275.7,0.0,129.61,73.67,37.53
2026-06-10 20:40:00,9,179.14,281.88,32.95,1.0,234.67,0.01,110.32,69.53,37.41
2026-06-10 20:45:00,9,179.14,281.88,33.16,1.0,229.6,0.01,107.94,69.06,37.29
2026-06-10 20:50:00,9,179.14,281.88,32.87,1.0,203.2,0.01,95.53,66.79,37.18
2026-06-10 20:55:00,9,179.14,281.88,33.75,0.0,290.85,0.0,136.73,75.03,37.05
2026-06-10 21:00:00,9,179.14,281.88,32.92,0.0,272.58,0.0,128.14,72.98,36.92
2026-06-10 21:05:00,9,179.14,281.88,33.25,0.0,257.94,0.0,121.26,71.44,36.8
2026-06-10 21:10:00,9,179.14,281.88,33.36,0.0,215.05,0.0,101.1,67.4,36.69
2026-06-10 21:15:00,9,179.14,281.88,32.58,0.0,256.44,0.0,120.56,71.29,36.56
2026-06-10 21:20:00,9,179.14,281.88,33.22,2.0,252.0,0.01,118.47,71.56,36.44
2026-06-10 21:25:00,9,179.14,281.88,32.67,2.0,290.29,0.01,136.47,75.69,36.31
2026-06-10 21:30:00,9,179.14,281.88,32.6,0.0,223.42,0.0,105.03,68.13,36.2
2026-06-10 21:35:00,9,179.14,281.88,32.56,3.0,257.8,0.01,121.2,72.5,36.07
2026-06-10 21:40:00,9,179.14,281.88,32.1,0.0,233.35,0.0,109.7,69.03,35.95
2026-06-10 21:45:00,9,179.14,281.88,32.88,1.0,291.69,0.0,137.13,75.48,35.82
2026-06-10 21:50:00,9,179.14,281.88,32.47,0.0,243.44,0.0,114.44,69.99,35.71
2026-06-10 21:55:00,9,179.14,281.88,32.42,0.0,256.44,0.0,120.56,71.29,35.58
2026-06-10 22:00:00,9,179.14,281.88,30.46,1.0,286.17,0.0,134.53,74.84,35.46
2026-06-10 22:05:00,9,179.14,281.88,32.45,1.0,225.29,0.01,105.91,68.67,35.34
2026-06-10 22:10:00,9,179.14,281.88,31.53,0.0,194.3,0.0,91.35,65.71,35.23
2026-06-10 22:15:00,9,179.14,281.88,31.97,3.0,242.59,0.02,114.05,71.0,35.1
2026-06-10 22:20:00,9,179.14,281.88,31.7,2.0,289.84,0.01,136.26,75.63,34.98
2026-06-10 22:25:00,9,179.14,281.88,32.05,2.0,264.67,0.01,124.43,72.86,34.85
2026-06-10 22:30:00,9,179.14,281.88,31.75,3.0,243.18,0.02,114.33,71.06,34.73
2026-06-10 22:35:00,9,179.14,281.88,30.42,2.0,245.52,0.01,115.43,70.91,34.61
2026-06-10 22:40:00,9,179.14,281.88,30.71,0.0,258.74,0.0,121.64,71.52,34.49
2026-06-10 22:45:00,9,179.14,281.88,31.68,0.0,229.02,0.0,107.66,68.63,34.37
2026-06-10 22:50:00,9,179.14,281.88,31.57,3.0,249.78,0.02,117.43,71.7,34.25
2026-06-10 22:55:00,9,179.14,281.88,30.98,0.0,259.57,0.0,122.03,71.6,34.12
2026-06-10 23:00:00,9,179.14,281.88,31.4,1.0,269.09,0.0,126.51,72.96,34.0
2026-06-10 23:05:00,9,179.14,281.88,31.04,1.0,249.7,0.01,117.39,70.97,33.88
2026-06-10 23:10:00,9,179.14,281.88,31.15,5.0,283.11,0.02,133.09,75.93,33.75
2026-06-10 23:15:00,9,179.14,281.88,31.28,3.0,280.36,0.01,131.8,74.91,33.62
2026-06-10 23:20:00,9,179.14,281.88,30.97,1.0,239.76,0.01,112.72,70.01,33.5
2026-06-10 23:25:00,9,179.14,281.88,30.43,2.0,243.7,0.01,114.57,70.73,33.38
2026-06-10 23:30:00,9,179.14,281.88,30.51,4.0,233.0,0.02,109.54,70.44,33.26
2026-06-10 23:35:00,9,179.14,281.88,30.87,0.0,218.51,0.0,102.73,67.7,33.14
2026-06-10 23:40:00,9,179.14,281.88,30.56,1.0,229.49,0.01,107.89,69.05,33.03
2026-06-10 23:45:00,9,179.14,281.88,30.47,1.0,233.67,0.01,109.85,69.43,32.91
2026-06-10 23:50:00,9,179.14,281.88,30.61,1.0,254.92,0.0,119.84,71.48,32.78
2026-06-10 23:55:00,9,179.14,281.88,31.13,0.0,205.49,0.0,96.6,66.6,32.67
2026-06-11 00:00:00,9,179.14,281.88,31.45,0.0,237.26,0.0,111.54,69.4,32.55
2026-06-11 00:05:00,9,179.14,281.88,30.56,0.0,259.95,0.0,122.2,71.64,32.43
2026-06-11 00:10:00,9,179.14,281.88,30.72,4.0,306.32,0.01,144.01,78.29,32.3
2026-06-11 00:15:00,9,179.14,281.88,31.36,0.0,267.23,0.0,125.63,72.41,32.17
2026-06-11 00:20:00,9,179.14,281.88,31.51,4.0,253.33,0.02,119.09,72.41,32.05
2026-06-11 00:25:00,9,179.14,281.88,31.85,2.0,236.31,0.01,111.1,70.03,31.93
2026-06-11 00:30:00,9,179.14,281.88,31.36,1.0,276.68,0.0,130.07,73.78,31.8
2026-06-11 00:35:00,9,179.14,281.88,30.94,1.0,264.11,0.0,124.16,72.43,31.68
2026-06-11 00:40:00,9,179.14,281.88,31.14,1.0,206.84,0.01,97.24,67.08,31.56
2026-06-11 00:45:00,9,179.14,281.88,31.19,1.0,242.89,0.01,114.18,70.31,31.44
2026-06-11 00:50:00,9,179.14,281.88,31.12,1.0,271.99,0.0,127.87,73.27,31.32
2026-06-11 00:55:00,9,179.14,281.88,30.99,3.0,236.22,0.02,111.05,70.39,31.2
2026-06-11 01:00:00,9,179.14,281.88,31.28,3.0,260.82,0.01,122.62,72.8,31.07
2026-06-11 01:05:00,9,179.14,281.88,31.08,0.0,286.8,0.0,134.83,74.56,30.95
2026-06-11 01:10:00,9,179.14,281.88,30.89,2.0,235.0,0.01,110.48,69.91,30.83
2026-06-11 01:15:00,9,179.14,281.88,30.82,1.0,292.21,0.0,137.37,75.54,30.7
2026-06-11 01:20:00,9,179.14,281.88,31.11,3.0,232.97,0.02,109.52,70.09,30.58
2026-06-11 01:25:00,9,179.14,281.88,31.27,2.0,212.78,0.01,100.03,67.93,30.46
2026-06-11 01:30:00,9,179.14,281.88,31.54,4.0,280.51,0.02,131.87,75.29,30.33
2026-06-11 01:35:00,9,179.14,281.88,31.68,2.0,270.37,0.01,127.1,73.46,30.21
2026-06-11 01:40:00,9,179.14,281.88,31.44,1.0,283.51,0.0,133.28,74.54,30.08
2026-06-11 01:45:00,9,179.14,281.88,30.65,1.0,258.37,0.0,121.46,71.83,29.96
2026-06-11 01:50:00,9,179.14,281.88,31.63,2.0,269.61,0.01,126.75,73.38,29.83
2026-06-11 01:55:00,9,179.14,281.88,31.19,1.0,230.8,0.01,108.5,69.17,29.71
2026-06-11 02:00:00,9,179.14,281.88,31.04,1.0,203.79,0.01,95.81,66.83,29.6
2026-06-11 02:05:00,9,179.14,281.88,32.33,1.0,241.17,0.01,113.38,70.14,29.48
2026-06-11 02:10:00,9,179.14,281.88,32.17,1.0,224.72,0.01,105.65,68.62,29.36
2026-06-11 02:15:00,9,179.14,281.88,31.36,2.0,258.25,0.01,121.41,72.19,29.24
2026-06-11 02:20:00,9,179.14,281.88,32.11,1.0,221.9,0.01,104.32,68.37,29.12
2026-06-11 02:25:00,9,179.14,281.88,32.74,0.0,251.41,0.0,118.19,70.78,29.0
2026-06-11 02:30:00,9,179.14,281.88,32.71,2.0,267.45,0.01,125.73,73.15,28.88
2026-06-11 02:35:00,9,179.14,281.88,31.77,0.0,264.05,0.0,124.13,72.07,28.75
2026-06-11 02:40:00,9,179.14,281.88,31.82,2.0,232.87,0.01,109.48,69.71,28.63
2026-06-11 02:45:00,9,179.14,281.88,32.62,0.0,295.36,0.0,138.85,75.56,28.5
2026-06-11 02:50:00,9,179.14,281.88,33.33,3.0,205.04,0.02,96.39,67.66,28.39
2026-06-11 02:55:00,9,179.14,281.88,33.23,4.0,280.63,0.02,131.93,75.31,28.26
2026-06-11 03:00:00,9,179.14,281.88,32.57,3.0,307.61,0.01,144.61,78.1,28.13
2026-06-11 03:05:00,9,179.14,281.88,33.42,0.0,203.85,0.0,95.83,66.47,28.01
2026-06-11 03:10:00,9,179.14,281.88,32.96,2.0,239.48,0.01,112.59,70.33,27.89
2026-06-11 03:15:00,9,179.14,281.88,32.94,3.0,264.58,0.01,124.39,73.2,27.77
2026-06-11 03:20:00,9,179.14,281.88,33.27,2.0,279.05,0.01,131.19,74.42,27.64
2026-06-11 03:25:00,9,179.14,281.88,33.78,0.0,266.91,0.0,125.48,72.38,27.52
2026-06-11 03:30:00,9,179.14,281.88,34.12,3.0,288.8,0.01,135.77,75.87,27.39
2026-06-11 03:35:00,9,179.14,281.88,33.57,1.0,257.77,0.0,121.18,71.77,27.26
2026-06-11 03:40:00,9,179.14,281.88,34.07,1.0,222.07,0.01,104.4,68.39,27.15
2026-06-11 03:45:00,9,179.14,281.88,33.99,1.0,266.85,0.0,125.45,72.72,27.02
2026-06-11 03:50:00,9,179.14,281.88,33.93,1.0,285.54,0.0,134.24,74.78,26.9
2026-06-11 03:55:00,9,179.14,281.88,34.48,1.0,250.15,0.01,117.6,71.02,26.77
2026-06-11 04:00:00,9,179.14,281.88,34.3,1.0,245.06,0.01,115.21,70.52,26.65
2026-06-11 04:05:00,9,179.14,281.88,34.94,0.0,284.5,0.0,133.75,74.31,26.53
2026-06-11 04:10:00,9,179.14,281.88,35.3,0.0,197.18,0.0,92.7,65.94,26.41
2026-06-11 04:15:00,9,179.14,281.88,35.12,0.0,262.49,0.0,123.4,71.91,26.29
2026-06-11 04:20:00,9,179.14,281.88,35.42,2.0,288.52,0.01,135.64,75.49,26.16
2026-06-11 04:25:00,9,179.14,281.88,34.54,2.0,301.29,0.01,141.64,76.98,26.03
2026-06-11 04:30:00,9,179.14,281.88,34.11,2.0,259.73,0.01,122.1,72.34,25.91
2026-06-11 04:35:00,9,179.14,281.88,35.47,0.0,231.93,0.0,109.04,68.91,25.79
2026-06-11 04:40:00,9,179.14,281.88,35.53,2.0,217.27,0.01,102.14,68.32,25.67
2026-06-11 04:45:00,9,179.14,281.88,35.0,0.0,305.18,0.0,143.47,76.73,25.54
2026-06-11 04:50:00,9,179.14,281.88,36.72,0.0,273.1,0.0,128.39,73.05,25.42
2026-06-11 04:55:00,9,179.14,281.88,35.85,1.0,273.97,0.0,128.8,73.49,25.29
2026-06-11 05:00:00,9,179.14,281.88,36.16,0.0,192.78,0.0,90.63,65.6,25.18
2026-06-11 05:05:00,9,179.14,281.88,35.96,2.0,255.48,0.01,120.1,71.91,25.06
2026-06-11 05:10:00,9,179.14,281.88,36.61,0.0,205.08,0.0,96.41,66.58,24.94
2026-06-11 05:15:00,9,179.14,281.88,36.87,0.0,241.71,0.0,113.63,69.83,24.82
2026-06-11 05:20:00,9,179.14,281.88,36.36,1.0,238.93,0.01,112.32,69.94,24.7
2026-06-11 05:25:00,9,179.14,281.88,36.09,1.0,325.75,0.0,153.14,79.67,24.57
2026-06-11 05:30:00,9,179.14,281.88,37.4,1.0,313.5,0.0,147.38,78.11,24.43
2026-06-11 05:35:00,9,179.14,281.88,37.4,1.0,212.35,0.01,99.83,67.55,24.32
2026-06-11 05:40:00,9,179.14,281.88,37.36,1.0,284.52,0.0,133.76,74.67,24.19
2026-06-11 05:45:00,9,179.14,281.88,37.44,3.0,212.54,0.02,99.92,68.29,24.07
2026-06-11 05:50:00,9,179.14,281.88,38.35,1.0,246.85,0.01,116.05,70.71,23.95
2026-06-11 05:55:00,9,179.14,281.88,38.22,0.0,238.38,0.0,112.06,69.52,23.83
2026-06-11 06:00:00,9,179.14,281.88,37.12,0.0,252.33,0.0,118.62,70.88,23.71
2026-06-11 06:05:00,9,179.14,281.88,38.34,1.0,272.4,0.0,128.06,73.32,23.59
2026-06-11 06:10:00,9,179.14,281.88,38.42,1.0,259.5,0.0,122.0,71.96,23.46
2026-06-11 06:15:00,9,179.14,281.88,38.53,3.0,266.4,0.01,125.24,73.4,23.34
2026-06-11 06:20:00,9,179.14,281.88,38.34,1.0,228.22,0.01,107.29,68.95,23.22
2026-06-11 06:25:00,9,179.14,281.88,38.44,0.0,253.5,0.0,119.17,71.0,23.1
2026-06-11 06:30:00,9,179.14,281.88,39.23,0.0,243.17,0.0,114.32,69.98,22.98
2026-06-11 06:35:00,9,179.14,281.88,38.99,0.0,235.06,0.0,110.5,69.21,22.86
2026-06-11 06:40:00,9,179.14,281.88,39.12,0.0,223.84,0.0,105.23,68.18,22.75
2026-06-11 06:45:00,9,179.14,281.88,38.94,2.0,243.29,0.01,114.38,70.71,22.62
2026-06-11 06:50:00,9,179.14,281.88,39.06,1.0,235.28,0.01,110.61,69.6,22.51
2026-06-11 06:55:00,9,179.14,281.88,38.87,0.0,242.53,0.0,114.02,69.92,22.39
2026-06-11 07:00:00,9,179.14,281.88,39.1,1.0,286.06,0.0,134.48,74.84,22.26
2026-06-11 07:05:00,9,179.14,281.88,39.53,0.0,265.46,0.0,124.8,72.23,22.13
2026-06-11 07:10:00,9,179.14,281.88,40.07,0.0,283.66,0.0,133.35,74.22,22.01
2026-06-11 07:15:00,9,179.14,281.88,40.91,0.0,270.79,0.0,127.3,72.81,21.88
2026-06-11 07:20:00,9,179.14,281.88,40.31,0.0,245.77,0.0,115.54,70.23,21.76
2026-06-11 07:25:00,9,179.14,281.88,40.68,0.0,274.17,0.0,128.89,73.17,21.64
2026-06-11 07:30:00,9,179.14,281.88,40.84,1.0,267.31,0.0,125.67,72.78,21.51
2026-06-11 07:35:00,9,179.14,281.88,40.88,1.0,237.11,0.01,111.47,69.77,21.39
2026-06-11 07:40:00,9,179.14,281.88,41.07,0.0,232.61,0.0,109.35,68.98,21.28
2026-06-11 07:45:00,9,179.14,281.88,41.58,2.0,236.81,0.01,111.33,70.1,21.16
2026-06-11 07:50:00,9,179.14,281.88,41.12,0.0,275.5,0.0,129.52,73.32,21.03
2026-06-11 07:55:00,9,179.14,281.88,41.86,1.0,255.33,0.0,120.04,71.54,20.91
2026-06-11 08:00:00,9,179.14,281.88,41.49,0.0,258.31,0.0,121.43,71.49,20.79
2026-06-11 08:05:00,9,179.14,281.88,42.71,0.0,202.61,0.0,95.25,66.39,20.67
2026-06-11 08:10:00,9,179.14,281.88,41.02,0.0,267.8,0.0,125.9,72.49,20.55
2026-06-11 08:15:00,9,179.14,281.88,41.76,2.0,249.79,0.01,117.43,71.35,20.43
2026-06-11 08:20:00,9,179.14,281.88,42.4,1.0,304.3,0.0,143.06,76.99,20.3
2026-06-11 08:25:00,9,179.14,281.88,42.09,0.0,232.41,0.0,109.26,68.97,20.18
2026-06-11 08:30:00,9,179.14,281.88,41.38,0.0,274.05,0.0,128.84,73.16,20.05
2026-06-11 08:35:00,9,179.14,281.88,43.06,0.0,251.86,0.0,118.4,70.84,19.93
2026-06-11 08:40:00,9,179.14,281.88,42.13,0.0,267.35,0.0,125.69,72.44,19.81
2026-06-11 08:45:00,9,179.14,281.88,42.29,0.0,253.14,0.0,119.01,70.97,19.69
2026-06-11 08:50:00,9,179.14,281.88,42.49,0.0,254.68,0.0,119.73,71.13,19.57
2026-06-11 08:55:00,9,179.14,281.88,43.05,0.0,243.08,0.0,114.28,69.98,19.45
2026-06-11 09:00:00,9,179.14,281.88,43.9,1.0,275.42,0.0,129.48,73.67,19.32
2026-06-11 09:05:00,9,179.14,281.88,43.35,1.0,304.2,0.0,143.01,76.98,19.19
2026-06-11 09:10:00,9,179.14,281.88,43.07,2.0,273.87,0.01,128.75,73.86,19.06
2026-06-11 09:15:00,9,179.14,281.88,42.95,4.0,293.24,0.01,137.86,76.75,18.93
2026-06-11 09:20:00,9,179.14,281.88,43.68,0.0,246.19,0.0,115.74,70.28,18.81
2026-06-11 09:25:00,9,179.14,281.88,43.93,1.0,272.08,0.0,127.91,73.3,18.69
2026-06-11 09:30:00,9,179.14,281.88,43.01,0.0,274.04,0.0,128.83,73.16,18.56
2026-06-11 09:35:00,9,179.14,281.88,42.75,0.0,261.63,0.0,122.99,71.84,18.44
2026-06-11 09:40:00,9,179.14,281.88,43.63,1.0,283.96,0.0,133.49,74.61,18.31
2026-06-11 09:45:00,9,179.14,281.88,44.95,0.0,223.68,0.0,105.16,68.18,18.19
2026-06-11 09:50:00,9,179.14,281.88,43.14,1.0,259.78,0.0,122.13,72.0,18.07
2026-06-11 09:55:00,9,179.14,281.88,43.27,0.0,260.32,0.0,122.38,71.7,17.95
2026-06-11 10:00:00,9,179.14,281.88,44.17,0.0,249.9,0.0,117.48,70.65,17.83
2026-06-11 10:05:00,9,179.14,281.88,44.68,0.0,259.83,0.0,122.15,71.66,17.71
2026-06-11 10:10:00,9,179.14,281.88,43.74,0.0,298.62,0.0,140.39,75.96,17.58
2026-06-11 10:15:00,9,179.14,281.88,43.07,0.0,251.3,0.0,118.14,70.79,17.45
2026-06-11 10:20:00,9,179.14,281.88,44.26,0.0,269.51,0.0,126.7,72.68,17.33
2026-06-11 10:25:00,9,179.14,281.88,45.13,1.0,240.95,0.01,113.28,70.15,17.21
2026-06-11 10:30:00,9,179.14,281.88,43.53,0.0,249.77,0.0,117.42,70.63,17.09
2026-06-11 10:35:00,9,179.14,281.88,44.08,2.0,236.69,0.01,111.27,70.09,16.97
2026-06-11 10:40:00,9,179.14,281.88,44.29,1.0,254.78,0.0,119.78,71.49,16.85
2026-06-11 10:45:00,9,179.14,281.88,44.57,1.0,247.28,0.01,116.25,70.76,16.73
2026-06-11 10:50:00,9,179.14,281.88,44.73,1.0,250.23,0.01,117.64,71.05,16.61
2026-06-11 10:55:00,9,179.14,281.88,43.87,1.0,270.65,0.0,127.24,73.15,16.48
2026-06-11 11:00:00,9,179.14,281.88,45.07,2.0,257.16,0.01,120.89,72.1,16.36
2026-06-11 11:05:00,9,179.14,281.88,45.08,4.0,228.61,0.02,107.47,70.06,16.24
2026-06-11 11:10:00,9,179.14,281.88,44.07,1.0,273.6,0.0,128.62,73.47,16.11
2026-06-11 11:15:00,9,179.14,281.88,44.56,3.0,278.45,0.01,130.9,74.72,15.98
2026-06-11 11:20:00,9,179.14,281.88,44.73,3.0,281.65,0.01,132.41,75.08,15.86
2026-06-11 11:25:00,9,179.14,281.88,44.63,2.0,256.46,0.01,120.56,72.03,15.73
2026-06-11 11:30:00,9,179.14,281.88,45.23,4.0,308.58,0.01,145.07,78.59,15.6
2026-06-11 11:35:00,9,179.14,281.88,45.22,0.0,288.03,0.0,135.41,74.73,15.47
2026-06-11 11:40:00,9,179.14,281.88,45.14,1.0,215.8,0.01,101.45,67.86,15.35
2026-06-11 11:45:00,9,179.14,281.88,44.64,1.0,244.01,0.01,114.71,70.44,15.23
2026-06-11 11:50:00,9,179.14,281.88,45.81,0.0,228.16,0.0,107.26,68.59,15.12
2026-06-11 11:55:00,9,179.14,281.88,44.23,3.0,282.15,0.01,132.64,75.13,14.99
2026-06-11 12:00:00,9,179.14,281.88,45.73,1.0,265.44,0.0,124.79,72.6,14.86
2026-06-11 12:05:00,9,179.14,281.88,44.32,1.0,262.55,0.0,123.43,72.29,14.74
2026-06-11 12:10:00,9,179.14,281.88,44.55,5.0,274.87,0.02,129.22,75.05,14.61
2026-06-11 12:15:00,9,179.14,281.88,44.17,1.0,257.86,0.0,121.23,71.8,14.49
2026-06-11 12:20:00,9,179.14,281.88,44.98,3.0,245.31,0.02,115.32,71.29,14.37
2026-06-11 12:25:00,9,179.14,281.88,44.84,1.0,288.13,0.0,135.45,75.09,14.24
2026-06-11 12:30:00,9,179.14,281.88,44.65,4.0,296.13,0.01,139.22,77.09,14.11
2026-06-11 12:35:00,9,179.14,281.88,45.19,1.0,224.52,0.01,105.55,68.63,13.99
2026-06-11 12:40:00,9,179.14,281.88,43.91,1.0,221.93,0.01,104.33,68.39,13.87
2026-06-11 12:45:00,9,179.14,281.88,45.18,2.0,260.37,0.01,122.41,72.44,13.75
2026-06-11 12:50:00,9,179.14,281.88,45.03,2.0,252.24,0.01,118.58,71.6,13.63
2026-06-11 12:55:00,9,179.14,281.88,44.56,1.0,260.58,0.0,122.5,72.08,13.5
2026-06-11 13:00:00,9,179.14,281.88,44.96,1.0,276.98,0.0,130.21,73.84,13.38
2026-06-11 13:05:00,9,179.14,281.88,44.74,2.0,236.06,0.01,110.97,70.03,13.26
2026-06-11 13:10:00,9,179.14,281.88,44.78,3.0,182.77,0.03,85.92,65.98,13.15
2026-06-11 13:15:00,9,179.14,281.88,45.33,0.0,253.54,0.0,119.19,71.02,13.02
2026-06-11 13:20:00,9,179.14,281.88,44.73,1.0,309.79,0.0,145.64,77.67,12.89
2026-06-11 13:25:00,9,179.14,281.88,43.88,2.0,200.99,0.02,94.49,67.0,12.78
2026-06-11 13:30:00,9,179.14,281.88,45.48,4.0,255.16,0.02,119.96,72.62,12.65
2026-06-11 13:35:00,9,179.14,281.88,43.15,0.0,259.6,0.0,122.04,71.63,12.53
2026-06-11 13:40:00,9,179.14,281.88,45.33,2.0,282.27,0.01,132.7,74.8,12.4
2026-06-11 13:45:00,9,179.14,281.88,44.75,2.0,231.33,0.01,108.75,69.59,12.28
2026-06-11 13:50:00,9,179.14,281.88,43.48,2.0,278.81,0.01,131.07,74.41,12.16
2026-06-11 13:55:00,9,179.14,281.88,43.73,2.0,224.25,0.01,105.42,68.95,12.04
2026-06-11 14:00:00,9,179.14,281.88,44.27,0.0,243.97,0.0,114.69,70.07,11.92
2026-06-11 14:05:00,9,179.14,281.88,43.37,3.0,293.86,0.01,138.15,76.47,11.79
2026-06-11 14:10:00,9,179.14,281.88,44.38,4.0,279.83,0.02,131.55,75.24,11.66
2026-06-11 14:15:00,9,179.14,281.88,42.91,0.0,256.58,0.0,120.62,71.32,11.54
2026-06-11 14:20:00,9,179.14,281.88,43.39,2.0,258.6,0.01,121.57,72.25,11.41
2026-06-11 14:25:00,9,179.14,281.88,44.13,3.0,247.85,0.02,116.52,71.54,11.29
2026-06-11 14:30:00,9,179.14,281.88,43.59,2.0,267.71,0.01,125.85,73.2,11.17
2026-06-11 14:35:00,9,179.14,281.88,43.43,3.0,278.13,0.01,130.75,74.68,11.04
2026-06-11 14:40:00,9,179.14,281.88,42.98,5.0,242.08,0.03,113.81,71.69,10.92
2026-06-11 14:45:00,9,179.14,281.88,42.8,1.0,268.42,0.0,126.19,72.91,10.79
2026-06-11 14:50:00,9,179.14,281.88,43.1,1.0,221.87,0.01,104.3,68.39,10.68
2026-06-11 14:55:00,9,179.14,281.88,43.34,2.0,275.18,0.01,129.37,74.01,10.55
2026-06-11 15:00:00,9,179.14,281.88,43.87,1.0,272.27,0.0,128.0,73.32,10.42
2026-06-11 15:05:00,9,179.14,281.88,42.01,3.0,227.71,0.02,107.05,69.63,10.3
2026-06-11 15:10:00,9,179.14,281.88,42.66,2.0,244.06,0.01,114.74,70.79,10.18
2026-06-11 15:15:00,9,179.14,281.88,42.37,0.0,272.28,0.0,128.0,72.97,10.06
2026-06-11 15:20:00,9,179.14,281.88,41.48,1.0,241.82,0.01,113.68,70.22,9.94
2026-06-11 15:25:00,9,179.14,281.88,42.67,2.0,225.31,0.01,105.92,69.04,9.82
2026-06-11 15:30:00,9,179.14,281.88,42.71,2.0,236.9,0.01,111.37,70.11,9.7
2026-06-11 15:35:00,9,179.14,281.88,42.37,3.0,208.64,0.02,98.09,67.97,9.58
2026-06-11 15:40:00,9,179.14,281.88,42.57,1.0,224.98,0.01,105.77,68.66,9.47
2026-06-11 15:45:00,9,179.14,281.88,41.6,1.0,262.07,0.0,123.2,72.23,9.34
2026-06-11 15:50:00,9,179.14,281.88,42.04,0.0,266.36,0.0,125.22,72.33,9.22
2026-06-11 15:55:00,9,179.14,281.88,41.33,2.0,256.62,0.01,120.64,72.04,9.1
2026-06-11 16:00:00,9,179.14,281.88,41.42,4.0,254.11,0.02,119.46,72.5,8.97
2026-06-11 16:05:00,9,179.14,281.88,41.23,4.0,222.37,0.03,104.54,69.52,8.85
2026-06-11 16:10:00,9,179.14,281.88,40.67,1.0,248.64,0.01,116.89,70.89,8.73
2026-06-11 16:15:00,9,179.14,281.88,41.4,1.0,243.59,0.01,114.51,70.39,8.61
2026-06-11 16:20:00,9,179.14,281.88,41.58,3.0,288.67,0.01,135.71,75.87,8.48
2026-06-11 16:25:00,9,179.14,281.88,42.54,0.0,267.71,0.0,125.85,72.48,8.36
2026-06-11 16:30:00,9,179.14,281.88,40.96,0.0,257.69,0.0,121.14,71.43,8.24
2026-06-11 16:35:00,9,179.14,281.88,40.78,0.0,234.19,0.0,110.1,69.13,8.12
2026-06-11 16:40:00,9,179.14,281.88,41.46,1.0,304.39,0.0,143.1,77.0,7.99
2026-06-11 16:45:00,9,179.14,281.88,41.47,1.0,271.39,0.0,127.58,73.22,7.86
2026-06-11 16:50:00,9,179.14,281.88,40.2,1.0,255.25,0.0,120.0,71.53,7.74
2026-06-11 16:55:00,9,179.14,281.88,39.23,2.0,233.45,0.01,109.75,69.78,7.62
2026-06-11 17:00:00,9,179.14,281.88,39.48,0.0,290.83,0.0,136.73,75.04,7.49
2026-06-11 17:05:00,9,179.14,281.88,39.92,0.0,254.72,0.0,119.75,71.12,7.37
2026-06-11 17:10:00,9,179.14,281.88,40.12,0.0,247.35,0.0,116.28,70.39,7.25
2026-06-11 17:15:00,9,179.14,281.88,38.83,2.0,237.69,0.01,111.74,70.17,7.13
2026-06-11 17:20:00,9,179.14,281.88,38.97,0.0,285.63,0.0,134.28,74.44,7.0
2026-06-11 17:25:00,9,179.14,281.88,38.13,2.0,214.44,0.01,100.81,68.08,6.89
2026-06-11 17:30:00,9,179.14,281.88,39.11,0.0,289.02,0.0,135.87,74.83,6.76
2026-06-11 17:35:00,9,179.14,281.88,38.96,0.0,251.38,0.0,118.18,70.79,6.64
2026-06-11 17:40:00,9,179.14,281.88,39.14,2.0,293.81,0.01,138.12,76.11,6.51
2026-06-11 17:45:00,9,179.14,281.88,38.97,4.0,274.98,0.02,129.27,74.7,6.38
2026-06-11 17:50:00,9,179.14,281.88,38.69,1.0,205.81,0.01,96.76,67.01,6.27
2026-06-11 17:55:00,9,179.14,281.88,37.2,1.0,250.75,0.01,117.88,71.09,6.14
2026-06-11 18:00:00,9,179.14,281.88,37.33,3.0,320.17,0.01,150.52,79.67,6.01
2026-06-11 18:05:00,9,179.14,281.88,37.73,0.0,232.2,0.0,109.16,68.94,5.89
2026-06-11 18:10:00,9,179.14,281.88,37.31,0.0,278.97,0.0,131.15,73.69,5.76
2026-06-11 18:15:00,9,179.14,281.88,37.33,0.0,276.72,0.0,130.09,73.44,5.64
2026-06-11 18:20:00,9,179.14,281.88,36.58,0.0,256.02,0.0,120.36,71.25,5.52
2026-06-11 18:25:00,9,179.14,281.88,36.6,4.0,224.32,0.03,105.46,69.68,5.4
2026-06-11 18:30:00,9,179.14,281.88,37.33,1.0,204.25,0.01,96.02,66.88,5.28
2026-06-11 18:35:00,9,179.14,281.88,37.15,0.0,215.09,0.0,101.12,67.42,5.17
2026-06-11 18:40:00,9,179.14,281.88,37.13,0.0,253.64,0.0,119.24,71.01,5.05
2026-06-11 18:45:00,9,179.14,281.88,37.25,0.0,256.86,0.0,120.75,71.34,4.93
2026-06-11 18:50:00,9,179.14,281.88,36.19,0.0,263.93,0.0,124.08,72.07,4.8
2026-06-11 18:55:00,9,179.14,281.88,35.62,0.0,248.89,0.0,117.01,70.53,4.68
2026-06-11 19:00:00,9,179.14,281.88,35.41,0.0,258.28,0.0,121.42,71.48,4.56
2026-06-11 19:05:00,9,179.14,281.88,35.24,1.0,281.86,0.0,132.51,74.36,4.43
2026-06-11 19:10:00,9,179.14,281.88,36.48,1.0,284.08,0.0,133.55,74.61,4.31
2026-06-11 19:15:00,9,179.14,281.88,35.48,0.0,286.18,0.0,134.54,74.5,4.18
2026-06-11 19:20:00,9,179.14,281.88,35.73,0.0,282.76,0.0,132.93,74.11,4.05
2026-06-11 19:25:00,9,179.14,281.88,35.94,1.0,222.67,0.01,104.68,68.44,3.93
2026-06-11 19:30:00,9,179.14,281.88,35.35,1.0,278.92,0.0,131.12,74.03,3.81
2026-06-11 19:35:00,9,179.14,281.88,35.27,0.0,281.71,0.0,132.44,74.0,3.68
2026-06-11 19:40:00,9,179.14,281.88,34.43,2.0,266.14,0.01,125.12,73.02,3.56
2026-06-11 19:45:00,9,179.14,281.88,35.07,3.0,312.59,0.01,146.96,78.72,3.42
2026-06-11 19:50:00,9,179.14,281.88,35.07,0.0,248.95,0.0,117.03,70.54,3.3
2026-06-11 19:55:00,9,179.14,281.88,34.38,0.0,286.33,0.0,134.61,74.52,3.17
2026-06-11 20:00:00,9,179.14,281.88,34.67,0.0,233.37,0.0,109.71,69.04,3.06
2026-06-11 20:05:00,9,179.14,281.88,34.7,2.0,330.4,0.01,155.33,80.64,2.92
2026-06-11 20:10:00,9,179.14,281.88,33.42,1.0,260.66,0.0,122.54,72.07,2.8
2026-06-11 20:15:00,9,179.14,281.88,34.85,0.0,277.1,0.0,130.27,73.48,2.67
2026-06-11 20:20:00,9,179.14,281.88,34.35,0.0,263.27,0.0,123.77,71.99,2.55
2026-06-11 20:25:00,9,179.14,281.88,33.38,1.0,258.28,0.0,121.42,71.82,2.42
2026-06-11 20:30:00,9,179.14,281.88,34.07,0.0,240.45,0.0,113.04,69.71,2.3
2026-06-11 20:35:00,9,179.14,281.88,33.4,0.0,266.88,0.0,125.47,72.37,2.18
2026-06-11 20:40:00,9,179.14,281.88,33.09,1.0,275.79,0.0,129.65,73.68,2.05
2026-06-11 20:45:00,9,179.14,281.88,33.7,0.0,246.96,0.0,116.1,70.34,1.93
2026-06-11 20:50:00,9,179.14,281.88,33.24,0.0,251.66,0.0,118.31,70.8,1.81
2026-06-11 20:55:00,9,179.14,281.88,33.68,1.0,231.03,0.01,108.61,69.19,1.7
2026-06-11 21:00:00,9,179.14,281.88,33.56,0.0,242.32,0.0,113.92,69.89,1.58
2026-06-11 21:05:00,9,179.14,281.88,32.9,0.0,271.09,0.0,127.44,72.82,1.45
2026-06-11 21:10:00,9,179.14,281.88,32.76,2.0,268.89,0.01,126.41,73.31,1.33
2026-06-11 21:15:00,9,179.14,281.88,32.4,2.0,289.32,0.01,136.01,75.57,1.2
2026-06-11 21:20:00,9,179.14,281.88,32.32,1.0,242.8,0.01,114.15,70.3,1.08
2026-06-11 21:25:00,9,179.14,281.88,32.49,0.0,298.04,0.0,140.11,75.87,0.95
2026-06-11 21:30:00,9,179.14,281.88,32.17,0.0,267.41,0.0,125.71,72.43,0.82
2026-06-11 21:35:00,9,179.14,281.88,32.5,1.0,262.15,0.0,123.24,72.22,0.7
2026-06-11 21:40:00,9,179.14,281.88,32.27,0.0,226.78,0.0,106.61,68.43,0.58
2026-06-11 21:45:00,9,179.14,281.88,31.06,1.0,272.52,0.0,128.12,73.33,0.46
2026-06-11 21:50:00,9,179.14,281.88,31.47,2.0,297.68,0.01,139.95,76.55,0.33
2026-06-11 21:55:00,9,179.14,281.88,31.42,1.0,254.61,0.0,119.7,71.45,0.2
2026-06-11 22:00:00,9,179.14,281.88,31.87,1.0,235.03,0.01,110.49,69.56,0.09
2026-06-11 22:05:00,9,179.14,281.88,33.04,1.0,235.12,0.01,110.53,69.57,0.0
2026-06-11 22:10:00,9,179.14,281.88,31.57,1.0,236.97,0.01,111.4,69.74,0.0
2026-06-11 22:15:00,9,179.14,281.88,31.34,0.0,284.01,0.0,133.52,74.25,0.0
2026-06-11 22:20:00,9,179.14,281.88,31.07,1.0,255.25,0.0,120.0,71.51,0.0
2026-06-11 22:25:00,9,179.14,281.88,32.05,1.0,250.58,0.01,117.8,71.06,0.0
2026-06-11 22:30:00,9,179.14,281.88,32.1,2.0,286.56,0.01,134.72,75.26,0.0
2026-06-11 22:35:00,9,179.14,281.88,31.55,0.0,269.59,0.0,126.74,72.66,0.0
2026-06-11 22:40:00,9,179.14,281.88,31.44,0.0,242.94,0.0,114.21,69.94,0.0
2026-06-11 22:45:00,9,179.14,281.88,30.71,2.0,254.64,0.01,119.71,71.82,0.0
2026-06-11 22:50:00,9,179.14,281.88,31.24,0.0,243.78,0.0,114.61,70.02,0.0
2026-06-11 22:55:00,9,179.14,281.88,30.72,0.0,228.11,0.0,107.24,68.55,0.0
2026-06-11 23:00:00,9,179.14,281.88,31.94,1.0,256.1,0.0,120.4,71.6,0.0
2026-06-11 23:05:00,9,179.14,281.88,31.6,0.0,209.95,0.0,98.7,66.97,0.0
2026-06-11 23:10:00,9,179.14,281.88,31.29,0.0,235.88,0.0,110.89,69.27,0.0
2026-06-11 23:15:00,9,179.14,281.88,31.23,1.0,261.88,0.0,123.11,72.19,0.0
2026-06-11 23:20:00,9,179.14,281.88,31.49,1.0,272.48,0.0,128.1,73.32,0.0
2026-06-11 23:25:00,9,179.14,281.88,30.44,1.0,237.83,0.01,111.81,69.82,0.0
2026-06-11 23:30:00,9,179.14,281.88,31.41,3.0,222.49,0.02,104.6,69.14,0.0
2026-06-11 23:35:00,9,179.14,281.88,31.66,1.0,269.23,0.0,126.57,72.97,0.0
2026-06-11 23:40:00,9,179.14,281.88,31.89,1.0,239.55,0.01,112.62,69.99,0.0
2026-06-11 23:45:00,9,179.14,281.88,30.7,0.0,265.79,0.0,124.95,72.25,0.0
2026-06-11 23:50:00,9,179.14,281.88,31.72,2.0,253.29,0.01,119.08,71.69,0.0
2026-06-11 23:55:00,9,179.14,281.88,31.45,1.0,226.25,0.01,106.36,68.75,0.0
2026-06-12 00:00:00,9,179.14,281.88,31.22,3.0,261.71,0.01,123.04,72.9,0.0
2026-06-12 00:05:00,9,179.14,281.88,30.52,2.0,253.53,0.01,119.19,71.71,0.0
2026-06-12 00:10:00,9,179.14,281.88,30.82,2.0,258.49,0.01,121.52,72.21,0.0
2026-06-12 00:15:00,9,179.14,281.88,31.63,1.0,290.84,0.0,136.73,75.38,0.0
2026-06-12 00:20:00,9,179.14,281.88,31.49,0.0,265.72,0.0,124.92,72.25,0.0
2026-06-12 00:25:00,9,179.14,281.88,31.04,1.0,229.46,0.01,107.88,69.05,0.0
2026-06-12 00:30:00,9,179.14,281.88,30.31,0.0,218.77,0.0,102.85,67.72,0.0
2026-06-12 00:35:00,9,179.14,281.88,30.68,1.0,240.6,0.01,113.11,70.09,0.0
2026-06-12 00:40:00,9,179.14,281.88,31.61,2.0,257.42,0.01,121.02,72.1,0.0
2026-06-12 00:45:00,9,179.14,281.88,31.18,1.0,264.66,0.0,124.42,72.48,0.0
2026-06-12 00:50:00,9,179.14,281.88,30.61,5.0,223.61,0.03,105.12,69.96,0.0
2026-06-12 00:55:00,9,179.14,281.88,31.66,7.0,235.07,0.04,110.51,71.72,0.0
2026-06-12 01:00:00,9,179.14,281.88,31.67,2.0,256.14,0.01,120.42,71.97,0.0
2026-06-12 01:05:00,9,179.14,281.88,32.11,5.0,270.34,0.02,127.09,74.53,0.0
2026-06-12 01:10:00,9,179.14,281.88,32.04,0.0,259.65,0.0,122.07,71.61,0.0
2026-06-12 01:15:00,9,179.14,281.88,31.51,4.0,262.56,0.02,123.43,73.35,0.0
2026-06-12 01:20:00,9,179.14,281.88,30.66,1.0,267.72,0.0,125.86,72.81,0.0
2026-06-12 01:25:00,9,179.14,281.88,31.59,2.0,295.54,0.01,138.94,76.3,0.0
2026-06-12 01:30:00,9,179.14,281.88,31.73,3.0,280.93,0.01,132.07,74.97,0.0
2026-06-12 01:35:00,9,179.14,281.88,32.35,3.0,285.5,0.01,134.22,75.49,0.0
2026-06-12 01:40:00,9,179.14,281.88,31.63,2.0,210.59,0.01,99.0,67.74,0.0
2026-06-12 01:45:00,9,179.14,281.88,31.39,0.0,280.3,0.0,131.78,73.83,0.0
2026-06-12 01:50:00,9,179.14,281.88,32.73,3.0,251.09,0.02,118.04,71.83,0.0
2026-06-12 01:55:00,9,179.14,281.88,31.8,5.0,241.91,0.03,113.73,71.65,0.0
2026-06-12 02:00:00,9,179.14,281.88,32.49,1.0,241.77,0.01,113.66,70.2,0.0
2026-06-12 02:05:00,9,179.14,281.88,31.42,0.0,247.97,0.0,116.57,70.43,0.0
2026-06-12 02:10:00,9,179.14,281.88,31.62,2.0,268.77,0.01,126.35,73.29,0.0
2026-06-12 02:15:00,9,179.14,281.88,32.1,0.0,219.03,0.0,102.97,67.75,0.0
2026-06-12 02:20:00,9,179.14,281.88,32.87,2.0,281.71,0.01,132.44,74.71,0.0
2026-06-12 02:25:00,9,179.14,281.88,32.46,2.0,246.89,0.01,116.07,71.05,0.0
2026-06-12 02:30:00,9,179.14,281.88,32.75,4.0,225.35,0.03,105.94,69.77,0.0
2026-06-12 02:35:00,9,179.14,281.88,32.24,3.0,224.47,0.02,105.53,69.32,0.0
2026-06-12 02:40:00,9,179.14,281.88,32.33,1.0,193.95,0.01,91.18,66.06,0.0
2026-06-12 02:45:00,9,179.14,281.88,32.31,1.0,261.9,0.0,123.12,72.2,0.0
2026-06-12 02:50:00,9,179.14,281.88,33.02,1.0,259.09,0.0,121.8,71.91,0.0
2026-06-12 02:55:00,9,179.14,281.88,33.92,3.0,212.12,0.02,99.72,68.25,0.0
2026-06-12 03:00:00,9,179.14,281.88,32.66,3.0,245.64,0.02,115.48,71.3,0.0
2026-06-12 03:05:00,9,179.14,281.88,32.51,0.0,243.58,0.0,114.51,70.01,0.0
2026-06-12 03:10:00,9,179.14,281.88,33.49,1.0,271.69,0.0,127.73,73.24,0.0
2026-06-12 03:15:00,9,179.14,281.88,33.62,0.0,226.5,0.0,106.48,68.41,0.0
2026-06-12 03:20:00,9,179.14,281.88,33.91,0.0,269.74,0.0,126.81,72.68,0.0
2026-06-12 03:25:00,9,179.14,281.88,33.15,0.0,261.93,0.0,123.14,71.85,0.0
2026-06-12 03:30:00,9,179.14,281.88,32.65,1.0,291.61,0.0,137.09,75.47,0.0
2026-06-12 03:35:00,9,179.14,281.88,34.37,1.0,217.62,0.01,102.31,68.0,0.0
2026-06-12 03:40:00,9,179.14,281.88,34.4,0.0,247.8,0.0,116.49,70.42,0.0
2026-06-12 03:45:00,9,179.14,281.88,34.44,0.0,245.43,0.0,115.38,70.19,0.0
2026-06-12 03:50:00,9,179.14,281.88,34.45,0.0,294.56,0.0,138.48,75.47,0.0
2026-06-12 03:55:00,9,179.14,281.88,34.32,0.0,251.13,0.0,118.06,70.75,0.0
2026-06-12 04:00:00,9,179.14,281.88,34.12,4.0,267.67,0.02,125.83,73.9,0.0
2026-06-12 04:05:00,9,179.14,281.88,35.0,0.0,267.28,0.0,125.65,72.42,0.0
2026-06-12 04:10:00,9,179.14,281.88,35.36,1.0,243.34,0.01,114.4,70.36,0.0
2026-06-12 04:15:00,9,179.14,281.88,34.76,1.0,245.27,0.01,115.3,70.54,0.0
2026-06-12 04:20:00,9,179.14,281.88,34.68,1.0,243.31,0.01,114.38,70.35,0.0
2026-06-12 04:25:00,9,179.14,281.88,34.73,1.0,285.34,0.0,134.14,74.75,0.0
2026-06-12 04:30:00,9,179.14,281.88,35.91,0.0,302.64,0.0,142.28,76.43,0.0
2026-06-12 04:35:00,9,179.14,281.88,35.79,2.0,216.28,0.01,101.68,68.24,0.0
2026-06-12 04:40:00,9,179.14,281.88,34.79,1.0,251.81,0.01,118.38,71.19,0.0
2026-06-12 04:45:00,9,179.14,281.88,35.48,1.0,290.06,0.0,136.36,75.29,0.0
2026-06-12 04:50:00,9,179.14,281.88,36.41,0.0,258.2,0.0,121.39,71.47,0.0
2026-06-12 04:55:00,9,179.14,281.88,36.01,1.0,254.74,0.0,119.76,71.47,0.0
2026-06-12 05:00:00,9,179.14,281.88,36.48,1.0,256.88,0.0,120.77,71.69,0.0
2026-06-12 05:05:00,9,179.14,281.88,35.78,1.0,270.46,0.0,127.15,73.11,0.0
2026-06-12 05:10:00,9,179.14,281.88,36.05,1.0,289.91,0.0,136.29,75.28,0.0
2026-06-12 05:15:00,9,179.14,281.88,36.33,2.0,195.96,0.02,92.12,66.59,0.0
2026-06-12 05:20:00,9,179.14,281.88,37.08,0.0,214.8,0.0,100.98,67.39,0.0
2026-06-12 05:25:00,9,179.14,281.88,36.87,1.0,239.3,0.01,112.5,69.97,0.0
2026-06-12 05:30:00,9,179.14,281.88,36.94,1.0,264.01,0.0,124.12,72.43,0.0
2026-06-12 05:35:00,9,179.14,281.88,37.97,0.0,256.63,0.0,120.65,71.32,0.0
2026-06-12 05:40:00,9,179.14,281.88,36.91,3.0,238.73,0.02,112.23,70.64,0.0
2026-06-12 05:45:00,9,179.14,281.88,37.91,0.0,292.54,0.0,137.53,75.24,0.0
2026-06-12 05:50:00,9,179.14,281.88,37.47,1.0,238.82,0.01,112.27,69.93,0.0
2026-06-12 05:55:00,9,179.14,281.88,37.98,2.0,273.88,0.01,128.76,73.86,0.0
2026-06-12 06:00:00,9,179.14,281.88,37.92,2.0,273.68,0.01,128.66,73.83,0.0
2026-06-12 06:05:00,9,179.14,281.88,38.53,0.0,220.75,0.0,103.78,67.91,0.0
2026-06-12 06:10:00,9,179.14,281.88,37.58,1.0,242.96,0.01,114.22,70.33,0.0
2026-06-12 06:15:00,9,179.14,281.88,38.34,1.0,229.77,0.01,108.02,69.09,0.0
2026-06-12 06:20:00,9,179.14,281.88,39.19,0.0,208.0,0.0,97.78,66.82,0.0
2026-06-12 06:25:00,9,179.14,281.88,39.19,0.0,228.3,0.0,107.33,68.58,0.0
2026-06-12 06:30:00,9,179.14,281.88,39.0,0.0,272.22,0.0,127.97,72.96,0.0
2026-06-12 06:35:00,9,179.14,281.88,38.75,0.0,296.41,0.0,139.35,75.69,0.0
2026-06-12 06:40:00,9,179.14,281.88,40.12,0.0,237.78,0.0,111.78,69.46,0.0
2026-06-12 06:45:00,9,179.14,281.88,40.01,1.0,253.11,0.0,118.99,71.31,0.0
2026-06-12 06:50:00,9,179.14,281.88,39.97,0.0,243.49,0.0,114.47,70.01,0.0
2026-06-12 06:55:00,9,179.14,281.88,39.89,2.0,249.14,0.01,117.12,71.28,0.0
2026-06-12 07:00:00,9,179.14,281.88,40.5,0.0,249.4,0.0,117.25,70.59,0.0
2026-06-12 07:05:00,9,179.14,281.88,40.4,1.0,284.18,0.0,133.6,74.63,100.0
2026-06-12 07:10:00,9,179.14,281.88,39.44,0.0,243.98,0.0,114.7,70.06,99.88
2026-06-12 07:15:00,9,179.14,281.88,40.02,1.0,279.34,0.0,131.32,74.09,99.75
2026-06-12 07:20:00,9,179.14,281.88,40.1,0.0,253.8,0.0,119.32,71.03,99.63
2026-06-12 07:25:00,9,179.14,281.88,40.48,0.0,274.63,0.0,129.11,73.22,99.51
2026-06-12 07:30:00,9,179.14,281.88,41.18,1.0,256.49,0.0,120.58,71.66,99.38
2026-06-12 07:35:00,9,179.14,281.88,40.6,1.0,288.26,0.0,135.51,75.1,99.26
2026-06-12 07:40:00,9,179.14,281.88,41.1,0.0,256.18,0.0,120.44,71.28,99.13
2026-06-12 07:45:00,9,179.14,281.88,40.56,1.0,246.11,0.01,115.7,70.64,99.01
2026-06-12 07:50:00,9,179.14,281.88,41.73,0.0,250.28,0.0,117.66,70.68,98.89
2026-06-12 07:55:00,9,179.14,281.88,40.79,1.0,218.53,0.01,102.73,68.09,98.78
2026-06-12 08:00:00,9,179.14,281.88,42.03,0.0,298.22,0.0,140.2,75.91,98.65
2026-06-12 08:05:00,9,179.14,281.88,41.54,0.0,256.48,0.0,120.58,71.31,98.52
2026-06-12 08:10:00,9,179.14,281.88,42.58,2.0,220.43,0.01,103.63,68.61,98.41
2026-06-12 08:15:00,9,179.14,281.88,41.56,1.0,255.99,0.0,120.35,71.61,98.29
2026-06-12 08:20:00,9,179.14,281.88,40.99,0.0,245.85,0.0,115.58,70.24,98.17
2026-06-12 08:25:00,9,179.14,281.88,41.97,1.0,259.14,0.0,121.83,71.93,98.04
2026-06-12 08:30:00,9,179.14,281.88,42.02,0.0,238.01,0.0,111.89,69.49,97.92
2026-06-12 08:35:00,9,179.14,281.88,42.71,2.0,310.67,0.01,146.05,78.14,97.79
2026-06-12 08:40:00,9,179.14,281.88,42.77,0.0,266.85,0.0,125.45,72.39,97.67
2026-06-12 08:45:00,9,179.14,281.88,43.0,1.0,224.51,0.01,105.55,68.62,97.55
2026-06-12 08:50:00,9,179.14,281.88,42.04,2.0,257.55,0.01,121.08,72.14,97.43
2026-06-12 08:55:00,9,179.14,281.88,42.65,0.0,242.67,0.0,114.08,69.94,97.31
2026-06-12 09:00:00,9,179.14,281.88,43.16,1.0,244.81,0.01,115.09,70.52,97.19
2026-06-12 09:05:00,9,179.14,281.88,42.43,1.0,292.29,0.0,137.41,75.57,97.06
2026-06-12 09:10:00,9,179.14,281.88,43.6,0.0,287.86,0.0,135.33,74.71,96.93
2026-06-12 09:15:00,9,179.14,281.88,42.78,0.0,219.89,0.0,103.38,67.84,96.81
2026-06-12 09:20:00,9,179.14,281.88,43.86,0.0,284.16,0.0,133.59,74.29,96.69
2026-06-12 09:25:00,9,179.14,281.88,43.14,0.0,281.96,0.0,132.55,74.04,96.56
2026-06-12 09:30:00,9,179.14,281.88,43.06,0.0,227.84,0.0,107.11,68.55,96.44
2026-06-12 09:35:00,9,179.14,281.88,43.66,0.0,218.05,0.0,102.51,67.68,96.33
2026-06-12 09:40:00,9,179.14,281.88,43.47,1.0,254.71,0.0,119.75,71.48,96.2
2026-06-12 09:45:00,9,179.14,281.88,43.77,0.0,305.96,0.0,143.84,76.85,96.07
2026-06-12 09:50:00,9,179.14,281.88,43.4,4.0,224.43,0.03,105.51,69.7,95.95
2026-06-12 09:55:00,9,179.14,281.88,44.44,1.0,263.87,0.0,124.05,72.43,95.83
2026-06-12 10:00:00,9,179.14,281.88,44.73,1.0,221.97,0.01,104.35,68.4,95.71
2026-06-12 10:05:00,9,179.14,281.88,43.83,1.0,274.63,0.0,129.11,73.58,95.59
2026-06-12 10:10:00,9,179.14,281.88,44.54,1.0,226.35,0.01,106.41,68.79,95.47
2026-06-12 10:15:00,9,179.14,281.88,44.81,1.0,263.52,0.0,123.89,72.39,95.35
2026-06-12 10:20:00,9,179.14,281.88,44.35,2.0,292.21,0.01,137.37,75.93,95.22
2026-06-12 10:25:00,9,179.14,281.88,44.09,2.0,261.94,0.01,123.14,72.59,95.09
2026-06-12 10:30:00,9,179.14,281.88,44.33,0.0,309.91,0.0,145.69,77.33,94.96
2026-06-12 10:35:00,9,179.14,281.88,44.86,0.0,244.13,0.0,114.77,70.08,94.84
2026-06-12 10:40:00,9,179.14,281.88,45.07,1.0,270.08,0.0,126.97,73.09,94.72
2026-06-12 10:45:00,9,179.14,281.88,45.27,2.0,335.2,0.01,157.58,81.3,94.58
2026-06-12 10:50:00,9,179.14,281.88,44.91,2.0,213.18,0.01,100.22,67.99,94.46
2026-06-12 10:55:00,9,179.14,281.88,44.28,2.0,213.37,0.01,100.31,68.0,94.34
2026-06-12 11:00:00,9,179.14,281.88,45.06,0.0,243.18,0.0,114.32,69.99,94.22
2026-06-12 11:05:00,9,179.14,281.88,45.05,0.0,241.39,0.0,113.48,69.82,94.11
2026-06-12 11:10:00,9,179.14,281.88,44.22,0.0,286.72,0.0,134.79,74.58,93.98
2026-06-12 11:15:00,9,179.14,281.88,45.14,3.0,275.19,0.01,129.37,74.36,93.85
2026-06-12 11:20:00,9,179.14,281.88,45.52,0.0,272.58,0.0,128.14,73.01,93.73
2026-06-12 11:25:00,9,179.14,281.88,44.76,2.0,277.0,0.01,130.22,74.21,93.6
2026-06-12 11:30:00,9,179.14,281.88,44.43,2.0,284.62,0.01,133.81,75.06,93.47
2026-06-12 11:35:00,9,179.14,281.88,44.1,0.0,226.88,0.0,106.66,68.47,93.35
2026-06-12 11:40:00,9,179.14,281.88,44.57,2.0,270.53,0.01,127.18,73.51,93.23
2026-06-12 11:45:00,9,179.14,281.88,45.01,0.0,226.0,0.0,106.25,68.39,93.11
2026-06-12 11:50:00,9,179.14,281.88,45.51,0.0,211.6,0.0,99.48,67.14,93.0
2026-06-12 11:55:00,9,179.14,281.88,45.01,2.0,246.99,0.01,116.11,71.08,92.87
2026-06-12 12:00:00,9,179.14,281.88,44.8,0.0,230.63,0.0,108.42,68.81,92.76
2026-06-12 12:05:00,9,179.14,281.88,45.6,0.0,241.26,0.0,113.42,69.81,92.64
2026-06-12 12:10:00,9,179.14,281.88,44.57,1.0,292.8,0.0,137.65,75.63,92.51
2026-06-12 12:15:00,9,179.14,281.88,44.3,2.0,256.17,0.01,120.43,72.0,92.39
2026-06-12 12:20:00,9,179.14,281.88,45.25,1.0,259.28,0.0,121.89,71.95,92.26
2026-06-12 12:25:00,9,179.14,281.88,45.3,0.0,243.9,0.0,114.66,70.06,92.14
2026-06-12 12:30:00,9,179.14,281.88,45.43,3.0,197.41,0.02,92.8,67.07,92.03
2026-06-12 12:35:00,9,179.14,281.88,44.97,1.0,271.07,0.0,127.43,73.19,91.9
2026-06-12 12:40:00,9,179.14,281.88,44.02,4.0,258.21,0.02,121.39,72.93,91.78
2026-06-12 12:45:00,9,179.14,281.88,45.64,2.0,267.99,0.01,125.98,73.23,91.65
2026-06-12 12:50:00,9,179.14,281.88,44.47,2.0,252.85,0.01,118.87,71.67,91.53
2026-06-12 12:55:00,9,179.14,281.88,45.01,2.0,290.78,0.01,136.7,75.77,91.4
2026-06-12 13:00:00,9,179.14,281.88,44.46,2.0,229.45,0.01,107.87,69.42,91.28
2026-06-12 13:05:00,9,179.14,281.88,44.48,1.0,224.28,0.01,105.44,68.6,91.17
2026-06-12 13:10:00,9,179.14,281.88,46.02,1.0,265.32,0.0,124.73,72.58,91.04
2026-06-12 13:15:00,9,179.14,281.88,43.91,2.0,278.91,0.01,131.12,74.42,90.91
2026-06-12 13:20:00,9,179.14,281.88,45.63,0.0,257.84,0.0,121.22,71.46,90.79
2026-06-12 13:25:00,9,179.14,281.88,44.31,3.0,262.31,0.01,123.32,72.98,90.67
2026-06-12 13:30:00,9,179.14,281.88,44.3,2.0,256.18,0.01,120.43,72.0,90.54
2026-06-12 13:35:00,9,179.14,281.88,44.09,5.0,259.2,0.02,121.86,73.38,90.42
2026-06-12 13:40:00,9,179.14,281.88,44.72,0.0,258.38,0.0,121.47,71.51,90.3
2026-06-12 13:45:00,9,179.14,281.88,43.84,2.0,296.61,0.01,139.44,76.45,90.17
2026-06-12 13:50:00,9,179.14,281.88,44.48,0.0,267.38,0.0,125.7,72.45,90.04
2026-06-12 13:55:00,9,179.14,281.88,43.68,0.0,231.23,0.0,108.7,68.86,89.92
2026-06-12 14:00:00,9,179.14,281.88,43.41,1.0,225.22,0.01,105.88,68.69,89.81
2026-06-12 14:05:00,9,179.14,281.88,44.05,1.0,270.01,0.0,126.94,73.08,89.68
2026-06-12 14:10:00,9,179.14,281.88,43.92,3.0,258.86,0.01,121.69,72.62,89.56
2026-06-12 14:15:00,9,179.14,281.88,43.93,2.0,274.53,0.01,129.06,73.94,89.43
2026-06-12 14:20:00,9,179.14,281.88,43.7,6.0,282.89,0.02,132.99,76.28,89.3
2026-06-12 14:25:00,9,179.14,281.88,43.18,4.0,264.28,0.02,124.24,73.56,89.18
2026-06-12 14:30:00,9,179.14,281.88,43.76,3.0,227.15,0.02,106.79,69.58,89.06
2026-06-12 14:35:00,9,179.14,281.88,43.32,2.0,214.32,0.01,100.75,68.08,88.94
2026-06-12 14:40:00,9,179.14,281.88,44.1,6.0,253.39,0.03,119.12,73.16,88.82
2026-06-12 14:45:00,9,179.14,281.88,42.83,2.0,303.87,0.01,142.85,77.31,88.68
2026-06-12 14:50:00,9,179.14,281.88,42.82,2.0,256.33,0.01,120.51,72.01,88.56
2026-06-12 14:55:00,9,179.14,281.88,43.74,0.0,264.24,0.0,124.22,72.11,88.44
2026-06-12 15:00:00,9,179.14,281.88,42.56,1.0,229.21,0.01,107.76,69.04,88.32
2026-06-12 15:05:00,9,179.14,281.88,42.29,0.0,258.77,0.0,121.65,71.54,88.2
2026-06-12 15:10:00,9,179.14,281.88,43.52,1.0,242.26,0.01,113.89,70.27,88.08
2026-06-12 15:15:00,9,179.14,281.88,42.16,1.0,278.28,0.0,130.82,73.98,87.95
2026-06-12 15:20:00,9,179.14,281.88,42.77,1.0,242.53,0.01,114.02,70.29,87.83
2026-06-12 15:25:00,9,179.14,281.88,42.32,3.0,229.06,0.02,107.69,69.75,87.71
2026-06-12 15:30:00,9,179.14,281.88,42.28,0.0,265.52,0.0,124.83,72.25,87.59
2026-06-12 15:35:00,9,179.14,281.88,41.37,1.0,294.34,0.0,138.38,75.81,87.46
2026-06-12 15:40:00,9,179.14,281.88,41.61,2.0,254.04,0.01,119.43,71.78,87.34
2026-06-12 15:45:00,9,179.14,281.88,41.7,1.0,225.95,0.01,106.22,68.75,87.22
2026-06-12 15:50:00,9,179.14,281.88,41.62,0.0,257.75,0.0,121.17,71.44,87.1
2026-06-12 15:55:00,9,179.14,281.88,41.53,0.0,242.5,0.0,114.0,69.92,86.98
2026-06-12 16:00:00,9,179.14,281.88,40.63,1.0,290.16,0.0,136.41,75.32,86.85
2026-06-12 16:05:00,9,179.14,281.88,41.29,2.0,267.49,0.01,125.75,73.17,86.72
2026-06-12 16:10:00,9,179.14,281.88,41.16,1.0,245.71,0.01,115.51,70.6,86.6
2026-06-12 16:15:00,9,179.14,281.88,40.19,3.0,255.51,0.01,120.12,72.27,86.48
2026-06-12 16:20:00,9,179.14,281.88,41.2,3.0,182.39,0.03,85.74,65.95,86.37
2026-06-12 16:25:00,9,179.14,281.88,40.96,3.0,252.45,0.01,118.68,71.97,86.24
2026-06-12 16:30:00,9,179.14,281.88,41.0,2.0,242.13,0.01,113.83,70.6,86.12
2026-06-12 16:35:00,9,179.14,281.88,40.73,0.0,254.4,0.0,119.6,71.09,86.0
2026-06-12 16:40:00,9,179.14,281.88,40.36,2.0,214.72,0.01,100.94,68.11,85.88
2026-06-12 16:45:00,9,179.14,281.88,40.11,0.0,236.23,0.0,111.06,69.32,85.77
2026-06-12 16:50:00,9,179.14,281.88,40.24,2.0,236.99,0.01,111.41,70.11,85.65
2026-06-12 16:55:00,9,179.14,281.88,40.18,0.0,224.93,0.0,105.74,68.28,85.53
2026-06-12 17:00:00,9,179.14,281.88,39.32,1.0,227.65,0.01,107.02,68.89,85.41
2026-06-12 17:05:00,9,179.14,281.88,39.38,3.0,236.8,0.02,111.32,70.46,85.29
2026-06-12 17:10:00,9,179.14,281.88,39.24,0.0,246.28,0.0,115.78,70.28,85.17
2026-06-12 17:15:00,9,179.14,281.88,39.57,1.0,258.3,0.0,121.43,71.84,85.05
2026-06-12 17:20:00,9,179.14,281.88,39.32,0.0,212.92,0.0,100.1,67.24,84.93
2026-06-12 17:25:00,9,179.14,281.88,38.87,1.0,273.08,0.0,128.38,73.4,84.81
2026-06-12 17:30:00,9,179.14,281.88,38.65,1.0,255.54,0.0,120.14,71.56,84.68
2026-06-12 17:35:00,9,179.14,281.88,38.77,0.0,275.98,0.0,129.74,73.37,84.56
2026-06-12 17:40:00,9,179.14,281.88,38.33,0.0,250.16,0.0,117.6,70.66,84.44
2026-06-12 17:45:00,9,179.14,281.88,38.41,2.0,248.81,0.01,116.97,71.25,84.32
2026-06-12 17:50:00,9,179.14,281.88,39.14,2.0,227.89,0.01,107.13,69.27,84.2
2026-06-12 17:55:00,9,179.14,281.88,37.79,2.0,265.33,0.01,124.74,72.94,84.07
2026-06-12 18:00:00,9,179.14,281.88,38.48,0.0,291.73,0.0,137.15,75.14,83.95
2026-06-12 18:05:00,9,179.14,281.88,38.39,3.0,269.51,0.01,126.7,73.73,83.82
2026-06-12 18:10:00,9,179.14,281.88,37.79,0.0,258.9,0.0,121.71,71.55,83.7
2026-06-12 18:15:00,9,179.14,281.88,38.44,0.0,225.9,0.0,106.2,68.37,83.58
2026-06-12 18:20:00,9,179.14,281.88,37.88,0.0,298.23,0.0,140.21,75.91,83.45
2026-06-12 18:25:00,9,179.14,281.88,37.68,0.0,224.61,0.0,105.6,68.25,83.33
2026-06-12 18:30:00,9,179.14,281.88,36.78,0.0,260.0,0.0,122.23,71.66,83.21
2026-06-12 18:35:00,9,179.14,281.88,37.64,1.0,207.96,0.01,97.77,67.19,83.1
2026-06-12 18:40:00,9,179.14,281.88,37.36,0.0,227.28,0.0,106.85,68.49,82.98
2026-06-12 18:45:00,9,179.14,281.88,35.8,1.0,251.54,0.01,118.25,71.16,82.86
2026-06-12 18:50:00,9,179.14,281.88,36.13,0.0,253.15,0.0,119.01,70.96,82.74
2026-06-12 18:55:00,9,179.14,281.88,36.11,0.0,236.08,0.0,110.98,69.3,82.62
2026-06-12 19:00:00,9,179.14,281.88,36.4,1.0,240.99,0.01,113.29,70.13,82.5
2026-06-12 19:05:00,9,179.14,281.88,36.62,1.0,253.08,0.0,118.98,71.3,82.38
2026-06-12 19:10:00,9,179.14,281.88,35.41,1.0,217.0,0.01,102.02,67.95,82.26
2026-06-12 19:15:00,9,179.14,281.88,36.04,1.0,220.27,0.01,103.55,68.23,82.14
2026-06-12 19:20:00,9,179.14,281.88,35.14,1.0,251.76,0.01,118.36,71.19,82.02
2026-06-12 19:25:00,9,179.14,281.88,34.9,1.0,240.44,0.01,113.04,70.08,81.9
2026-06-12 19:30:00,9,179.14,281.88,34.16,1.0,267.82,0.0,125.91,72.83,81.78
2026-06-12 19:35:00,9,179.14,281.88,34.66,1.0,256.88,0.0,120.76,71.68,81.66
2026-06-12 19:40:00,9,179.14,281.88,35.64,0.0,251.95,0.0,118.44,70.84,81.53
2026-06-12 19:45:00,9,179.14,281.88,34.57,0.0,277.5,0.0,130.46,73.53,81.41
2026-06-12 19:50:00,9,179.14,281.88,34.51,0.0,290.64,0.0,136.64,75.01,81.28
2026-06-12 19:55:00,9,179.14,281.88,34.8,0.0,266.11,0.0,125.1,72.29,81.16
2026-06-12 20:00:00,9,179.14,281.88,34.9,0.0,230.87,0.0,108.54,68.81,81.04
2026-06-12 20:05:00,9,179.14,281.88,34.2,1.0,260.81,0.0,122.61,72.09,80.92
2026-06-12 20:10:00,9,179.14,281.88,34.05,0.0,270.12,0.0,126.99,72.72,80.79
2026-06-12 20:15:00,9,179.14,281.88,33.94,1.0,317.71,0.0,149.36,78.63,80.66
2026-06-12 20:20:00,9,179.14,281.88,34.59,0.0,260.69,0.0,122.55,71.72,80.53
2026-06-12 20:25:00,9,179.14,281.88,33.99,1.0,296.41,0.0,139.35,76.03,80.4
2026-06-12 20:30:00,9,179.14,281.88,33.6,1.0,213.54,0.01,100.39,67.65,80.29
2026-06-12 20:35:00,9,179.14,281.88,33.47,1.0,243.27,0.01,114.37,70.35,80.17
2026-06-12 20:40:00,9,179.14,281.88,33.99,2.0,233.79,0.01,109.91,69.8,80.05
2026-06-12 20:45:00,9,179.14,281.88,34.88,0.0,253.74,0.0,119.29,71.02,79.93
2026-06-12 20:50:00,9,179.14,281.88,33.12,1.0,263.9,0.0,124.06,72.41,79.8
2026-06-12 20:55:00,9,179.14,281.88,32.03,2.0,248.14,0.01,116.65,71.17,79.68
2026-06-12 21:00:00,9,179.14,281.88,33.48,0.0,219.29,0.0,103.09,67.77,79.57
2026-06-12 21:05:00,9,179.14,281.88,33.01,0.0,244.41,0.0,114.9,70.09,79.45
2026-06-12 21:10:00,9,179.14,281.88,32.88,0.0,251.9,0.0,118.42,70.83,79.33
2026-06-12 21:15:00,9,179.14,281.88,32.8,0.0,255.52,0.0,120.13,71.19,79.2
2026-06-12 21:20:00,9,179.14,281.88,32.47,0.0,259.24,0.0,121.87,71.57,79.08
2026-06-12 21:25:00,9,179.14,281.88,32.44,1.0,246.22,0.01,115.75,70.63,78.96
2026-06-12 21:30:00,9,179.14,281.88,31.62,1.0,224.47,0.01,105.52,68.59,78.84
2026-06-12 21:35:00,9,179.14,281.88,32.33,0.0,260.27,0.0,122.36,71.68,78.72
2026-06-12 21:40:00,9,179.14,281.88,32.65,0.0,261.88,0.0,123.11,71.85,78.6
2026-06-12 21:45:00,9,179.14,281.88,33.28,1.0,279.2,0.0,131.26,74.06,78.47
2026-06-12 21:50:00,9,179.14,281.88,31.36,0.0,281.74,0.0,132.45,73.99,78.35
2026-06-12 21:55:00,9,179.14,281.88,32.16,2.0,285.97,0.01,134.44,75.19,78.22
2026-06-12 22:00:00,9,179.14,281.88,31.39,0.0,255.34,0.0,120.04,71.17,78.1
2026-06-12 22:05:00,9,179.14,281.88,31.85,1.0,230.39,0.01,108.31,69.13,77.98
2026-06-12 22:10:00,9,179.14,281.88,31.26,1.0,243.4,0.01,114.42,70.36,77.86
2026-06-12 22:15:00,9,179.14,281.88,31.89,0.0,195.95,0.0,92.12,65.84,77.74
2026-06-12 22:20:00,9,179.14,281.88,31.37,2.0,266.92,0.01,125.48,73.09,77.62
2026-06-12 22:25:00,9,179.14,281.88,30.32,1.0,212.23,0.01,99.77,67.53,77.5
2026-06-12 22:30:00,9,179.14,281.88,31.84,0.0,263.54,0.0,123.89,72.02,77.38
2026-06-12 22:35:00,9,179.14,281.88,31.1,2.0,206.07,0.01,96.88,67.37,77.27
2026-06-12 22:40:00,9,179.14,281.88,30.62,0.0,247.16,0.0,116.2,70.35,77.15
2026-06-12 22:45:00,9,179.14,281.88,31.88,0.0,274.06,0.0,128.84,73.14,77.02
2026-06-12 22:50:00,9,179.14,281.88,31.64,0.0,263.7,0.0,123.97,72.03,76.9
2026-06-12 22:55:00,9,179.14,281.88,31.03,3.0,244.71,0.02,115.04,71.2,76.78
2026-06-12 23:00:00,9,179.14,281.88,31.28,3.0,247.29,0.02,116.26,71.46,76.65
2026-06-12 23:05:00,9,179.14,281.88,32.08,0.0,239.1,0.0,112.41,69.58,76.54
2026-06-12 23:10:00,9,179.14,281.88,31.04,4.0,270.97,0.02,127.39,74.25,76.41
2026-06-12 23:15:00,9,179.14,281.88,31.51,1.0,253.93,0.0,119.38,71.38,76.29
2026-06-12 23:20:00,9,179.14,281.88,31.42,1.0,202.57,0.01,95.23,66.73,76.17
2026-06-12 23:25:00,9,179.14,281.88,30.79,0.0,279.34,0.0,131.32,73.72,76.05
2026-06-12 23:30:00,9,179.14,281.88,31.46,1.0,232.38,0.01,109.24,69.31,75.93
2026-06-12 23:35:00,9,179.14,281.88,31.12,0.0,259.46,0.0,121.97,71.59,75.81
2026-06-12 23:40:00,9,179.14,281.88,31.18,1.0,220.79,0.01,103.8,68.27,75.69
2026-06-12 23:45:00,9,179.14,281.88,32.3,0.0,244.5,0.0,114.94,70.09,75.57
2026-06-12 23:50:00,9,179.14,281.88,30.85,1.0,259.16,0.0,121.84,71.91,75.45
2026-06-12 23:55:00,9,179.14,281.88,30.55,2.0,282.96,0.01,133.02,74.85,75.32
2026-06-13 00:00:00,9,179.14,281.88,31.01,2.0,211.42,0.01,99.39,67.81,75.2
2026-06-13 00:05:00,9,179.14,281.88,31.16,1.0,264.51,0.0,124.35,72.47,75.08
2026-06-13 00:10:00,9,179.14,281.88,31.48,1.0,216.48,0.01,101.77,67.89,74.96
2026-06-13 00:15:00,9,179.14,281.88,31.34,2.0,245.41,0.01,115.37,70.9,74.84
2026-06-13 00:20:00,9,179.14,281.88,30.73,0.0,254.01,0.0,119.42,71.04,74.72
2026-06-13 00:25:00,9,179.14,281.88,30.15,3.0,260.22,0.01,122.33,72.74,74.6
2026-06-13 00:30:00,9,179.14,281.88,31.45,1.0,246.07,0.01,115.68,70.62,74.47
2026-06-13 00:35:00,9,179.14,281.88,30.49,1.0,291.98,0.0,137.27,75.51,74.35
2026-06-13 00:40:00,9,179.14,281.88,31.32,2.0,245.12,0.01,115.23,70.87,74.22
2026-06-13 00:45:00,9,179.14,281.88,31.01,1.0,280.58,0.0,131.91,74.21,74.1
2026-06-13 00:50:00,9,179.14,281.88,30.77,1.0,290.95,0.0,136.78,75.39,73.97
2026-06-13 00:55:00,9,179.14,281.88,31.21,1.0,208.21,0.01,97.89,67.2,73.85
2026-06-13 01:00:00,9,179.14,281.88,31.92,2.0,249.09,0.01,117.1,71.26,73.73
2026-06-13 01:05:00,9,179.14,281.88,31.54,1.0,267.54,0.0,125.78,72.79,73.61
2026-06-13 01:10:00,9,179.14,281.88,30.64,1.0,267.15,0.0,125.59,72.75,73.48
2026-06-13 01:15:00,9,179.14,281.88,31.72,2.0,304.35,0.01,143.08,77.35,73.35
2026-06-13 01:20:00,9,179.14,281.88,31.68,0.0,239.76,0.0,112.72,69.64,73.23
2026-06-13 01:25:00,9,179.14,281.88,31.43,2.0,267.27,0.01,125.65,73.13,73.11
2026-06-13 01:30:00,9,179.14,281.88,31.97,2.0,248.66,0.01,116.9,71.22,72.99
2026-06-13 01:35:00,9,179.14,281.88,31.39,2.0,230.2,0.01,108.22,69.46,72.87
2026-06-13 01:40:00,9,179.14,281.88,31.43,1.0,254.41,0.0,119.6,71.43,72.74
2026-06-13 01:45:00,9,179.14,281.88,32.79,0.0,212.42,0.0,99.86,67.18,72.63
2026-06-13 01:50:00,9,179.14,281.88,31.31,2.0,286.22,0.01,134.56,75.22,72.5
2026-06-13 01:55:00,9,179.14,281.88,31.4,3.0,271.74,0.01,127.75,73.96,72.38
2026-06-13 02:00:00,9,179.14,281.88,31.64,4.0,262.07,0.02,123.21,73.31,72.25
2026-06-13 02:05:00,9,179.14,281.88,31.52,2.0,306.15,0.01,143.93,77.57,72.12
2026-06-13 02:10:00,9,179.14,281.88,33.1,1.0,268.75,0.0,126.35,72.92,71.99
2026-06-13 02:15:00,9,179.14,281.88,31.8,2.0,263.23,0.01,123.75,72.71,71.87
2026-06-13 02:20:00,9,179.14,281.88,31.82,2.0,288.46,0.01,135.61,75.47,71.74
2026-06-13 02:25:00,9,179.14,281.88,31.99,3.0,266.83,0.01,125.44,73.44,71.61
2026-06-13 02:30:00,9,179.14,281.88,32.58,1.0,270.04,0.0,126.95,73.06,71.49
2026-06-13 02:35:00,9,179.14,281.88,33.15,0.0,240.88,0.0,113.24,69.75,71.37
2026-06-13 02:40:00,9,179.14,281.88,32.68,2.0,288.88,0.01,135.81,75.52,71.24
2026-06-13 02:45:00,9,179.14,281.88,33.46,3.0,272.03,0.01,127.89,74.0,71.11
2026-06-13 02:50:00,9,179.14,281.88,32.15,3.0,299.26,0.01,140.69,77.09,70.98
2026-06-13 02:55:00,9,179.14,281.88,33.35,0.0,252.39,0.0,118.65,70.88,70.86
2026-06-13 03:00:00,9,179.14,281.88,32.01,2.0,241.29,0.01,113.44,70.51,70.74
2026-06-13 03:05:00,9,179.14,281.88,33.4,1.0,229.17,0.01,107.74,69.02,70.62
2026-06-13 03:10:00,9,179.14,281.88,32.63,1.0,261.55,0.0,122.96,72.16,70.5
2026-06-13 03:15:00,9,179.14,281.88,32.18,2.0,299.08,0.01,140.6,76.72,70.37
2026-06-13 03:20:00,9,179.14,281.88,33.86,4.0,246.55,0.02,115.91,71.74,70.25
2026-06-13 03:25:00,9,179.14,281.88,34.33,0.0,217.03,0.0,102.03,67.58,70.13
2026-06-13 03:30:00,9,179.14,281.88,34.12,3.0,238.56,0.02,112.15,70.62,70.01
2026-06-13 03:35:00,9,179.14,281.88,33.39,5.0,252.42,0.02,118.67,72.67,69.89
2026-06-13 03:40:00,9,179.14,281.88,34.28,0.0,240.04,0.0,112.85,69.67,69.77
2026-06-13 03:45:00,9,179.14,281.88,33.9,0.0,274.2,0.0,128.91,73.16,69.64
2026-06-13 03:50:00,9,179.14,281.88,32.93,2.0,256.7,0.01,120.68,72.03,69.52
2026-06-13 03:55:00,9,179.14,281.88,34.12,0.0,221.5,0.0,104.13,67.97,69.4
2026-06-13 04:00:00,9,179.14,281.88,34.28,1.0,226.32,0.01,106.4,68.77,69.28
2026-06-13 04:05:00,9,179.14,281.88,34.46,4.0,272.83,0.02,128.26,74.45,69.16
2026-06-13 04:10:00,9,179.14,281.88,34.81,3.0,300.04,0.01,141.06,77.19,69.03
2026-06-13 04:15:00,9,179.14,281.88,35.23,1.0,301.9,0.0,141.93,76.69,68.89
2026-06-13 04:20:00,9,179.14,281.88,35.47,1.0,199.01,0.01,93.56,66.46,68.78
2026-06-13 04:25:00,9,179.14,281.88,35.55,4.0,265.96,0.02,125.03,73.72,68.65
2026-06-13 04:30:00,9,179.14,281.88,35.59,3.0,302.63,0.01,142.27,77.5,68.52
2026-06-13 04:35:00,9,179.14,281.88,34.87,2.0,261.04,0.01,122.72,72.48,68.4
2026-06-13 04:40:00,9,179.14,281.88,35.32,0.0,265.1,0.0,124.63,72.19,68.27
2026-06-13 04:45:00,9,179.14,281.88,35.81,1.0,286.81,0.0,134.84,74.92,68.15
2026-06-13 04:50:00,9,179.14,281.88,35.72,1.0,281.14,0.0,132.17,74.28,68.02
2026-06-13 04:55:00,9,179.14,281.88,35.6,0.0,269.68,0.0,126.78,72.68,67.9
2026-06-13 05:00:00,9,179.14,281.88,37.01,2.0,241.04,0.01,113.32,70.49,67.78
2026-06-13 05:05:00,9,179.14,281.88,35.86,1.0,300.68,0.0,141.36,76.54,67.64
2026-06-13 05:10:00,9,179.14,281.88,36.42,3.0,289.76,0.01,136.22,75.98,67.51
2026-06-13 05:15:00,9,179.14,281.88,37.16,0.0,268.89,0.0,126.41,72.59,67.39
2026-06-13 05:20:00,9,179.14,281.88,37.52,1.0,234.46,0.01,110.22,69.52,67.27
2026-06-13 05:25:00,9,179.14,281.88,36.21,1.0,275.54,0.0,129.54,73.66,67.15
2026-06-13 05:30:00,9,179.14,281.88,36.82,1.0,263.49,0.0,123.87,72.37,67.02
2026-06-13 05:35:00,9,179.14,281.88,37.49,1.0,257.07,0.0,120.86,71.71,66.9
2026-06-13 05:40:00,9,179.14,281.88,37.52,1.0,194.49,0.01,91.43,66.11,66.79
2026-06-13 05:45:00,9,179.14,281.88,37.59,1.0,243.3,0.01,114.38,70.36,66.67
2026-06-13 05:50:00,9,179.14,281.88,37.89,0.0,224.62,0.0,105.6,68.25,66.55
2026-06-13 05:55:00,9,179.14,281.88,37.74,1.0,309.82,0.0,145.65,77.66,66.42
2026-06-13 06:00:00,9,179.14,281.88,38.36,1.0,259.27,0.0,121.89,71.94,66.29
2026-06-13 06:05:00,9,179.14,281.88,38.03,0.0,257.1,0.0,120.87,71.36,66.17
2026-06-13 06:10:00,9,179.14,281.88,38.13,0.0,225.16,0.0,105.85,68.3,66.06
2026-06-13 06:15:00,9,179.14,281.88,37.91,3.0,260.74,0.01,122.58,72.81,65.93
2026-06-13 06:20:00,9,179.14,281.88,38.99,5.0,357.09,0.01,167.87,85.35,65.78
2026-06-13 06:25:00,9,179.14,281.88,39.15,2.0,288.9,0.01,135.81,75.54,65.66
2026-06-13 06:30:00,9,179.14,281.88,39.31,1.0,237.48,0.01,111.64,69.8,65.54
2026-06-13 06:35:00,9,179.14,281.88,39.24,0.0,281.4,0.0,132.29,73.97,65.41
2026-06-13 06:40:00,9,179.14,281.88,39.21,0.0,214.51,0.0,100.85,67.37,65.29
2026-06-13 06:45:00,9,179.14,281.88,39.3,1.0,247.14,0.01,116.19,70.74,65.17
2026-06-13 06:50:00,9,179.14,281.88,39.84,0.0,247.67,0.0,116.44,70.42,65.05
2026-06-13 06:55:00,9,179.14,281.88,39.97,1.0,249.17,0.01,117.14,70.94,64.93
2026-06-13 07:00:00,9,179.14,281.88,40.1,1.0,226.48,0.01,106.47,68.79,64.81
2026-06-13 07:05:00,9,179.14,281.88,39.1,1.0,267.87,0.0,125.93,72.84,64.69
2026-06-13 07:10:00,9,179.14,281.88,40.24,1.0,232.43,0.01,109.27,69.33,64.57
2026-06-13 07:15:00,9,179.14,281.88,40.03,0.0,237.48,0.0,111.64,69.44,64.45
2026-06-13 07:20:00,9,179.14,281.88,40.22,0.0,279.19,0.0,131.25,73.72,64.33
2026-06-13 07:25:00,9,179.14,281.88,40.57,1.0,291.93,0.0,137.24,75.52,64.2
2026-06-13 07:30:00,9,179.14,281.88,40.92,0.0,253.56,0.0,119.2,71.01,64.08
2026-06-13 07:35:00,9,179.14,281.88,40.85,0.0,252.83,0.0,118.86,70.94,63.96
2026-06-13 07:40:00,9,179.14,281.88,41.44,1.0,207.55,0.01,97.57,67.16,63.84
2026-06-13 07:45:00,9,179.14,281.88,41.32,0.0,268.67,0.0,126.31,72.58,63.72
2026-06-13 07:50:00,9,179.14,281.88,41.57,1.0,275.54,0.0,129.54,73.67,63.59
2026-06-13 07:55:00,9,179.14,281.88,41.47,0.0,282.84,0.0,132.97,74.13,63.46
2026-06-13 08:00:00,9,179.14,281.88,41.63,0.0,247.84,0.0,116.52,70.44,63.34
2026-06-13 08:05:00,9,179.14,281.88,41.63,0.0,201.28,0.0,94.62,66.28,63.23
2026-06-13 08:10:00,9,179.14,281.88,40.92,0.0,278.0,0.0,130.69,73.59,63.1
2026-06-13 08:15:00,9,179.14,281.88,41.96,2.0,284.22,0.01,133.62,75.01,62.98
2026-06-13 08:20:00,9,179.14,281.88,41.98,1.0,262.99,0.0,123.64,72.33,62.85
2026-06-13 08:25:00,9,179.14,281.88,41.91,1.0,300.03,0.0,141.05,76.48,62.72
2026-06-13 08:30:00,9,179.14,281.88,42.13,0.0,212.75,0.0,100.02,67.23,62.61
2026-06-13 08:35:00,9,179.14,281.88,42.46,0.0,286.73,0.0,134.79,74.58,62.48
2026-06-13 08:40:00,9,179.14,281.88,43.47,0.0,256.09,0.0,120.39,71.27,62.36
2026-06-13 08:45:00,9,179.14,281.88,42.19,1.0,294.72,0.0,138.55,75.85,62.23
2026-06-13 08:50:00,9,179.14,281.88,42.35,0.0,282.9,0.0,132.99,74.14,62.1
2026-06-13 08:55:00,9,179.14,281.88,43.07,1.0,237.77,0.01,111.78,69.84,61.98
2026-06-13 09:00:00,9,179.14,281.88,43.26,0.0,266.52,0.0,125.3,72.36,61.86
2026-06-13 09:05:00,9,179.14,281.88,43.14,1.0,248.61,0.01,116.88,70.89,61.74
2026-06-13 09:10:00,9,179.14,281.88,43.07,0.0,243.65,0.0,114.55,70.03,61.62
2026-06-13 09:15:00,9,179.14,281.88,43.03,0.0,245.0,0.0,115.18,70.16,61.5
2026-06-13 09:20:00,9,179.14,281.88,43.05,0.0,301.26,0.0,141.63,76.28,61.37
2026-06-13 09:25:00,9,179.14,281.88,43.39,0.0,272.2,0.0,127.97,72.96,61.24
2026-06-13 09:30:00,9,179.14,281.88,43.38,2.0,256.96,0.01,120.8,72.08,61.12
2026-06-13 09:35:00,9,179.14,281.88,43.78,0.0,237.82,0.0,111.8,69.48,61.0
2026-06-13 09:40:00,9,179.14,281.88,44.39,0.0,239.23,0.0,112.47,69.61,60.88
2026-06-13 09:45:00,9,179.14,281.88,43.44,1.0,251.81,0.01,118.38,71.21,60.76
2026-06-13 09:50:00,9,179.14,281.88,43.02,1.0,234.12,0.01,110.07,69.5,60.64
2026-06-13 09:55:00,9,179.14,281.88,43.5,0.0,242.16,0.0,113.84,69.89,60.52
2026-06-13 10:00:00,9,179.14,281.88,43.55,0.0,277.49,0.0,130.45,73.54,60.4
2026-06-13 10:05:00,9,179.14,281.88,44.55,1.0,269.55,0.0,126.72,73.03,60.27
2026-06-13 10:10:00,9,179.14,281.88,44.83,1.0,257.56,0.0,121.08,71.77,60.15
2026-06-13 10:15:00,9,179.14,281.88,44.82,1.0,256.29,0.0,120.49,71.64,60.03
2026-06-13 10:20:00,9,179.14,281.88,44.58,1.0,288.3,0.0,135.54,75.11,59.9
2026-06-13 10:25:00,9,179.14,281.88,43.78,2.0,226.2,0.01,106.34,69.12,59.78
2026-06-13 10:30:00,9,179.14,281.88,44.2,0.0,256.01,0.0,120.35,71.26,59.66
2026-06-13 10:35:00,9,179.14,281.88,43.24,1.0,242.17,0.01,113.85,70.26,59.54
2026-06-13 10:40:00,9,179.14,281.88,44.3,0.0,289.72,0.0,136.2,74.92,59.41
2026-06-13 10:45:00,9,179.14,281.88,45.58,2.0,238.73,0.01,112.23,70.29,59.29
2026-06-13 10:50:00,9,179.14,281.88,44.78,0.0,303.75,0.0,142.8,76.58,59.16
2026-06-13 10:55:00,9,179.14,281.88,44.55,1.0,272.41,0.0,128.07,73.34,59.03
2026-06-13 11:00:00,9,179.14,281.88,44.61,2.0,257.14,0.01,120.88,72.1,58.91
2026-06-13 11:05:00,9,179.14,281.88,44.54,4.0,264.43,0.02,124.31,73.58,58.78
2026-06-13 11:10:00,9,179.14,281.88,44.94,0.0,248.63,0.0,116.89,70.53,58.66
2026-06-13 11:15:00,9,179.14,281.88,44.92,2.0,301.7,0.01,141.83,77.05,58.53
2026-06-13 11:20:00,9,179.14,281.88,44.44,4.0,246.76,0.02,116.0,71.78,58.41
2026-06-13 11:25:00,9,179.14,281.88,45.18,1.0,230.99,0.01,108.59,69.21,58.29
2026-06-13 11:30:00,9,179.14,281.88,44.65,2.0,264.85,0.01,124.51,72.9,58.17
2026-06-13 11:35:00,9,179.14,281.88,44.68,3.0,332.8,0.01,156.46,81.33,58.03
2026-06-13 11:40:00,9,179.14,281.88,44.65,1.0,305.62,0.0,143.68,77.16,57.9
2026-06-13 11:45:00,9,179.14,281.88,45.2,4.0,237.61,0.02,111.71,70.9,57.77
2026-06-13 11:50:00,9,179.14,281.88,43.88,3.0,250.93,0.02,117.97,71.84,57.65
2026-06-13 11:55:00,9,179.14,281.88,44.98,5.0,248.52,0.03,116.83,72.32,57.53
2026-06-13 12:00:00,9,179.14,281.88,45.21,2.0,226.65,0.01,106.55,69.17,57.41
2026-06-13 12:05:00,9,179.14,281.88,45.58,1.0,246.06,0.01,115.68,70.64,57.29
2026-06-13 12:10:00,9,179.14,281.88,45.22,2.0,246.73,0.01,115.99,71.06,57.17
2026-06-13 12:15:00,9,179.14,281.88,44.77,3.0,272.08,0.01,127.91,74.02,57.04
2026-06-13 12:20:00,9,179.14,281.88,44.8,3.0,289.86,0.01,136.27,76.01,56.91
2026-06-13 12:25:00,9,179.14,281.88,45.17,1.0,244.94,0.01,115.15,70.53,56.79
2026-06-13 12:30:00,9,179.14,281.88,44.71,1.0,248.95,0.01,117.04,70.93,56.67
2026-06-13 12:35:00,9,179.14,281.88,44.08,2.0,217.52,0.01,102.26,68.36,56.55
2026-06-13 12:40:00,9,179.14,281.88,44.37,0.0,255.3,0.0,120.02,71.19,56.43
2026-06-13 12:45:00,9,179.14,281.88,44.64,3.0,250.72,0.02,117.87,71.82,56.31
2026-06-13 12:50:00,9,179.14,281.88,45.05,1.0,253.23,0.0,119.05,71.33,56.19
2026-06-13 12:55:00,9,179.14,281.88,45.33,1.0,253.09,0.0,118.98,71.32,56.06
2026-06-13 13:00:00,9,179.14,281.88,45.29,8.0,302.68,0.03,142.3,79.31,55.93
2026-06-13 13:05:00,9,179.14,281.88,45.36,1.0,251.78,0.01,118.37,71.21,55.81
2026-06-13 13:10:00,9,179.14,281.88,44.54,2.0,313.27,0.01,147.27,78.47,55.67
2026-06-13 13:15:00,9,179.14,281.88,45.0,1.0,272.1,0.0,127.92,73.31,55.55
2026-06-13 13:20:00,9,179.14,281.88,44.62,1.0,282.63,0.0,132.87,74.47,55.42
2026-06-13 13:25:00,9,179.14,281.88,43.24,2.0,268.81,0.01,126.37,73.32,55.3
2026-06-13 13:30:00,9,179.14,281.88,43.74,4.0,281.1,0.02,132.15,75.38,55.17
2026-06-13 13:35:00,9,179.14,281.88,44.68,6.0,322.56,0.02,151.64,81.06,55.03
2026-06-13 13:40:00,9,179.14,281.88,44.53,2.0,248.05,0.01,116.61,71.19,54.91
2026-06-13 13:45:00,9,179.14,281.88,43.86,1.0,181.9,0.01,85.52,65.18,54.79
2026-06-13 13:50:00,9,179.14,281.88,43.51,0.0,253.06,0.0,118.97,70.96,54.67
2026-06-13 13:55:00,9,179.14,281.88,44.3,3.0,292.0,0.01,137.27,76.26,54.54
2026-06-13 14:00:00,9,179.14,281.88,43.28,2.0,232.94,0.01,109.51,69.74,54.42
2026-06-13 14:05:00,9,179.14,281.88,43.02,3.0,271.56,0.01,127.66,73.96,54.3
2026-06-13 14:10:00,9,179.14,281.88,43.41,0.0,237.28,0.0,111.55,69.42,54.18
2026-06-13 14:15:00,9,179.14,281.88,44.13,2.0,239.79,0.01,112.73,70.38,54.06
2026-06-13 14:20:00,9,179.14,281.88,43.64,1.0,261.29,0.0,122.83,72.15,53.94
2026-06-13 14:25:00,9,179.14,281.88,43.08,3.0,256.84,0.01,120.75,72.42,53.81
2026-06-13 14:30:00,9,179.14,281.88,43.28,3.0,243.04,0.02,114.26,71.07,53.69
2026-06-13 14:35:00,9,179.14,281.88,42.64,0.0,269.0,0.0,126.46,72.62,53.57
2026-06-13 14:40:00,9,179.14,281.88,43.72,2.0,266.23,0.01,125.16,73.04,53.44
2026-06-13 14:45:00,9,179.14,281.88,42.83,1.0,267.76,0.0,125.88,72.84,53.32
2026-06-13 14:50:00,9,179.14,281.88,43.9,0.0,274.74,0.0,129.16,73.24,53.19
2026-06-13 14:55:00,9,179.14,281.88,42.52,3.0,265.07,0.01,124.61,73.27,53.07
2026-06-13 15:00:00,9,179.14,281.88,43.31,0.0,276.76,0.0,130.11,73.46,52.94
2026-06-13 15:05:00,9,179.14,281.88,42.54,6.0,283.13,0.02,133.11,76.31,52.81
2026-06-13 15:10:00,9,179.14,281.88,42.74,4.0,266.06,0.02,125.08,73.74,52.68
2026-06-13 15:15:00,9,179.14,281.88,42.53,0.0,265.69,0.0,124.9,72.26,52.56
2026-06-13 15:20:00,9,179.14,281.88,42.77,2.0,303.42,0.01,142.64,77.26,52.43
2026-06-13 15:25:00,9,179.14,281.88,42.73,1.0,239.57,0.01,112.63,70.01,52.31
2026-06-13 15:30:00,9,179.14,281.88,42.34,2.0,267.45,0.01,125.73,73.17,52.18
2026-06-13 15:35:00,9,179.14,281.88,42.07,1.0,242.93,0.01,114.2,70.33,52.06
2026-06-13 15:40:00,9,179.14,281.88,42.31,1.0,273.44,0.0,128.55,73.45,51.94
2026-06-13 15:45:00,9,179.14,281.88,42.14,2.0,267.29,0.01,125.66,73.15,51.81
2026-06-13 15:50:00,9,179.14,281.88,41.84,0.0,274.32,0.0,128.96,73.19,51.69
2026-06-13 15:55:00,9,179.14,281.88,41.84,1.0,262.16,0.0,123.25,72.24,51.56
2026-06-13 16:00:00,9,179.14,281.88,41.3,0.0,223.0,0.0,104.84,68.11,51.45
2026-06-13 16:05:00,9,179.14,281.88,41.61,2.0,292.02,0.01,137.28,75.9,51.32
2026-06-13 16:10:00,9,179.14,281.88,41.86,1.0,202.73,0.01,95.3,66.77,51.2
2026-06-13 16:15:00,9,179.14,281.88,40.68,0.0,220.01,0.0,103.43,67.85,51.09
2026-06-13 16:20:00,9,179.14,281.88,40.77,1.0,266.78,0.0,125.42,72.73,50.96
2026-06-13 16:25:00,9,179.14,281.88,41.29,2.0,260.3,0.01,122.37,72.42,50.84
2026-06-13 16:30:00,9,179.14,281.88,41.37,1.0,243.94,0.01,114.68,70.43,50.72
2026-06-13 16:35:00,9,179.14,281.88,39.58,0.0,245.06,0.0,115.21,70.16,50.6
2026-06-13 16:40:00,9,179.14,281.88,39.69,0.0,284.7,0.0,133.84,74.34,50.47
2026-06-13 16:45:00,9,179.14,281.88,40.19,0.0,237.44,0.0,111.63,69.43,50.35
2026-06-13 16:50:00,9,179.14,281.88,39.85,2.0,244.97,0.01,115.16,70.87,50.23
2026-06-13 16:55:00,9,179.14,281.88,39.41,2.0,255.95,0.01,120.33,71.97,50.11
2026-06-13 17:00:00,9,179.14,281.88,39.69,0.0,255.09,0.0,119.92,71.16,49.99
2026-06-13 17:05:00,9,179.14,281.88,39.24,0.0,257.27,0.0,120.95,71.38,49.87
2026-06-13 17:10:00,9,179.14,281.88,39.52,3.0,292.59,0.01,137.55,76.32,49.74
2026-06-13 17:15:00,9,179.14,281.88,39.31,1.0,273.02,0.0,128.35,73.39,49.61
2026-06-13 17:20:00,9,179.14,281.88,39.41,0.0,238.1,0.0,111.93,69.49,49.49
2026-06-13 17:25:00,9,179.14,281.88,39.66,0.0,249.56,0.0,117.32,70.61,49.37
2026-06-13 17:30:00,9,179.14,281.88,38.3,1.0,207.25,0.01,97.43,67.13,49.26
2026-06-13 17:35:00,9,179.14,281.88,38.04,1.0,297.44,0.0,139.83,76.16,49.13
2026-06-13 17:40:00,9,179.14,281.88,38.22,0.0,239.92,0.0,112.79,69.66,49.01
2026-06-13 17:45:00,9,179.14,281.88,38.49,0.0,247.8,0.0,116.5,70.43,48.89
2026-06-13 17:50:00,9,179.14,281.88,38.98,0.0,243.36,0.0,114.41,70.0,48.77
2026-06-13 17:55:00,9,179.14,281.88,38.39,1.0,273.29,0.0,128.48,73.42,48.64
2026-06-13 18:00:00,9,179.14,281.88,38.0,0.0,282.76,0.0,132.93,74.12,48.52
2026-06-13 18:05:00,9,179.14,281.88,38.04,0.0,294.97,0.0,138.67,75.52,48.39
2026-06-13 18:10:00,9,179.14,281.88,38.28,0.0,249.7,0.0,117.39,70.62,48.27
2026-06-13 18:15:00,9,179.14,281.88,37.11,0.0,261.96,0.0,123.15,71.86,48.14
2026-06-13 18:20:00,9,179.14,281.88,37.97,0.0,298.23,0.0,140.2,75.9,48.01
2026-06-13 18:25:00,9,179.14,281.88,37.79,0.0,288.87,0.0,135.8,74.81,47.89
2026-06-13 18:30:00,9,179.14,281.88,36.0,0.0,264.37,0.0,124.29,72.11,47.76
2026-06-13 18:35:00,9,179.14,281.88,36.69,1.0,266.1,0.0,125.1,72.65,47.64
2026-06-13 18:40:00,9,179.14,281.88,37.01,3.0,257.16,0.01,120.89,72.44,47.51
2026-06-13 18:45:00,9,179.14,281.88,36.59,0.0,231.07,0.0,108.63,68.83,47.4
2026-06-13 18:50:00,9,179.14,281.88,36.25,0.0,238.66,0.0,112.2,69.54,47.28
2026-06-13 18:55:00,9,179.14,281.88,36.87,0.0,251.29,0.0,118.13,70.77,47.16
2026-06-13 19:00:00,9,179.14,281.88,37.26,0.0,222.66,0.0,104.68,68.08,47.04
2026-06-13 19:05:00,9,179.14,281.88,37.07,2.0,279.83,0.01,131.55,74.51,46.91
2026-06-13 19:10:00,9,179.14,281.88,36.63,0.0,293.89,0.0,138.16,75.39,46.78
2026-06-13 19:15:00,9,179.14,281.88,35.75,0.0,271.74,0.0,127.75,72.9,46.66
2026-06-13 19:20:00,9,179.14,281.88,36.02,1.0,237.72,0.01,111.76,69.82,46.54
2026-06-13 19:25:00,9,179.14,281.88,34.06,0.0,275.56,0.0,129.55,73.31,46.41
2026-06-13 19:30:00,9,179.14,281.88,35.65,0.0,212.88,0.0,100.08,67.22,46.3
2026-06-13 19:35:00,9,179.14,281.88,35.47,0.0,219.33,0.0,103.11,67.78,46.18
2026-06-13 19:40:00,9,179.14,281.88,34.79,0.0,247.16,0.0,116.19,70.36,46.06
2026-06-13 19:45:00,9,179.14,281.88,34.99,1.0,252.58,0.0,118.74,71.25,45.94
2026-06-13 19:50:00,9,179.14,281.88,35.12,1.0,259.69,0.0,122.09,71.97,45.82
2026-06-13 19:55:00,9,179.14,281.88,34.68,0.0,266.8,0.0,125.43,72.37,45.7
2026-06-13 20:00:00,9,179.14,281.88,34.1,1.0,292.52,0.0,137.52,75.58,45.57
2026-06-13 20:05:00,9,179.14,281.88,34.91,0.0,228.45,0.0,107.4,68.59,45.45
2026-06-13 20:10:00,9,179.14,281.88,34.2,1.0,226.75,0.01,106.6,68.8,45.33
2026-06-13 20:15:00,9,179.14,281.88,34.04,0.0,239.86,0.0,112.76,69.65,45.21
2026-06-13 20:20:00,9,179.14,281.88,33.95,0.0,204.55,0.0,96.16,66.53,45.1
2026-06-13 20:25:00,9,179.14,281.88,33.53,1.0,250.19,0.01,117.62,71.03,44.98
2026-06-13 20:30:00,9,179.14,281.88,33.63,0.0,288.84,0.0,135.79,74.8,44.85
2026-06-13 20:35:00,9,179.14,281.88,34.18,2.0,227.42,0.01,106.91,69.21,44.73
2026-06-13 20:40:00,9,179.14,281.88,33.55,0.0,282.17,0.0,132.65,74.04,44.6
2026-06-13 20:45:00,9,179.14,281.88,33.21,0.0,237.44,0.0,111.63,69.42,44.49
2026-06-13 20:50:00,9,179.14,281.88,33.21,0.0,261.3,0.0,122.84,71.79,44.36
2026-06-13 20:55:00,9,179.14,281.88,32.83,0.0,274.79,0.0,129.18,73.22,44.24
2026-06-13 21:00:00,9,179.14,281.88,33.17,1.0,268.62,0.0,126.28,72.91,44.11
2026-06-13 21:05:00,9,179.14,281.88,33.13,0.0,283.8,0.0,133.42,74.23,43.99
2026-06-13 21:10:00,9,179.14,281.88,32.81,0.0,250.99,0.0,118.0,70.74,43.87
2026-06-13 21:15:00,9,179.14,281.88,32.71,0.0,282.9,0.0,133.0,74.12,43.74
2026-06-13 21:20:00,9,179.14,281.88,31.98,1.0,227.31,0.01,106.86,68.85,43.62
2026-06-13 21:25:00,9,179.14,281.88,32.51,1.0,296.07,0.0,139.19,75.99,43.49
2026-06-13 21:30:00,9,179.14,281.88,31.5,2.0,224.44,0.01,105.52,68.94,43.37
2026-06-13 21:35:00,9,179.14,281.88,33.39,0.0,190.68,0.0,89.64,65.44,43.26
2026-06-13 21:40:00,9,179.14,281.88,32.4,2.0,233.53,0.01,109.79,69.77,43.14
2026-06-13 21:45:00,9,179.14,281.88,31.27,1.0,297.24,0.0,139.74,76.13,43.01
2026-06-13 21:50:00,9,179.14,281.88,31.72,0.0,211.17,0.0,99.27,67.07,42.9
2026-06-13 21:55:00,9,179.14,281.88,32.22,2.0,271.46,0.01,127.62,73.58,42.77
2026-06-13 22:00:00,9,179.14,281.88,32.25,0.0,260.12,0.0,122.28,71.66,42.65
2026-06-13 22:05:00,9,179.14,281.88,32.23,1.0,282.25,0.0,132.69,74.4,42.52
2026-06-13 22:10:00,9,179.14,281.88,31.25,0.0,260.41,0.0,122.42,71.69,42.4
2026-06-13 22:15:00,9,179.14,281.88,31.3,1.0,251.54,0.01,118.25,71.16,42.28
2026-06-13 22:20:00,9,179.14,281.88,32.78,1.0,279.7,0.0,131.49,74.12,42.15
2026-06-13 22:25:00,9,179.14,281.88,31.92,1.0,257.98,0.0,121.28,71.79,42.03
2026-06-13 22:30:00,9,179.14,281.88,31.71,1.0,264.76,0.0,124.47,72.5,41.9
2026-06-13 22:35:00,9,179.14,281.88,31.28,3.0,299.94,0.01,141.01,77.17,41.77
2026-06-13 22:40:00,9,179.14,281.88,30.95,1.0,235.63,0.01,110.77,69.61,41.65
2026-06-13 22:45:00,9,179.14,281.88,31.8,1.0,260.14,0.0,122.3,72.01,41.53
2026-06-13 22:50:00,9,179.14,281.88,31.38,1.0,243.7,0.01,114.57,70.39,41.41
2026-06-13 22:55:00,9,179.14,281.88,31.57,1.0,262.04,0.0,123.19,72.21,41.29
2026-06-13 23:00:00,9,179.14,281.88,31.46,0.0,267.59,0.0,125.8,72.45,41.16
2026-06-13 23:05:00,9,179.14,281.88,31.62,2.0,201.25,0.02,94.61,67.0,41.05
2026-06-13 23:10:00,9,179.14,281.88,31.24,0.0,239.38,0.0,112.54,69.6,40.93
2026-06-13 23:15:00,9,179.14,281.88,32.22,0.0,237.2,0.0,111.51,69.39,40.81
2026-06-13 23:20:00,9,179.14,281.88,30.89,2.0,236.03,0.01,110.96,70.0,40.69
2026-06-13 23:25:00,9,179.14,281.88,31.31,0.0,247.54,0.0,116.37,70.39,40.57
2026-06-13 23:30:00,9,179.14,281.88,30.98,0.0,272.92,0.0,128.3,73.02,40.45
2026-06-13 23:35:00,9,179.14,281.88,30.78,1.0,287.2,0.0,135.02,74.96,40.32
2026-06-13 23:40:00,9,179.14,281.88,31.76,1.0,217.73,0.01,102.36,68.0,40.2
2026-06-13 23:45:00,9,179.14,281.88,31.44,1.0,280.25,0.0,131.75,74.17,40.08
2026-06-13 23:50:00,9,179.14,281.88,30.52,1.0,251.55,0.01,118.26,71.16,39.95
2026-06-13 23:55:00,9,179.14,281.88,30.42,1.0,285.13,0.0,134.04,74.72,39.83
